ts,gpu,cpu1,cpu2,cpu3,cpu4,ram,temp_gpu,temp_cpu,power
1765479507.3970747,0,31,15,6,7,3.6283035278320312,69.0,67.0,2.694
1765479507.5980864,0,31,15,6,7,3.6283035278320312,69.0,67.0,2.694
1765479507.7990506,0,31,15,6,7,3.6283035278320312,69.0,67.0,2.694
1765479508.00065,99,50,44,50,48,3.6643905639648438,54.0,55.5,7.404
1765479508.2016497,99,50,44,50,48,3.6643905639648438,54.0,55.5,7.404
1765479508.4029772,99,50,44,50,48,3.6643905639648438,54.0,55.5,7.404
1765479508.6130078,99,83,81,68,76,3.6502609252929688,55.0,56.0,8.909
1765479508.8140533,99,83,81,68,76,3.6502609252929688,55.0,56.0,8.909
1765479509.0152884,99,73,68,51,60,3.6438865661621094,54.5,56.0,6.4
1765479509.2164898,99,73,68,51,60,3.6438865661621094,54.5,56.0,6.4
1765479509.4194355,99,73,68,51,60,3.6438865661621094,54.5,56.0,6.4
1765479509.6206164,99,28,28,72,31,3.637317657470703,55.0,56.0,8.345
1765479509.8216476,99,28,28,72,31,3.637317657470703,55.0,56.0,8.345
1765479510.0226026,99,21,21,20,14,3.627216339111328,54.5,55.0,5.193
1765479510.2237818,99,21,21,20,14,3.627216339111328,54.5,55.0,5.193
1765479510.4261308,99,21,21,20,14,3.627216339111328,54.5,55.0,5.193
1765479510.627486,99,41,58,37,32,3.6274185180664062,55.0,55.0,7.63
1765479510.8285713,99,41,58,37,32,3.6274185180664062,55.0,55.0,7.63
1765479511.0295663,99,16,13,18,16,3.6280593872070312,55.0,55.5,6.857
1765479511.2307522,99,16,13,18,16,3.6280593872070312,55.0,55.5,6.857
1765479511.43179,99,16,13,18,16,3.6280593872070312,55.0,55.5,6.857
1765479511.6327064,99,28,23,64,23,3.628711700439453,54.5,56.0,7.936
1765479511.8337288,99,28,23,64,23,3.628711700439453,54.5,56.0,7.936
1765479512.034804,99,17,14,17,16,3.628742218017578,54.5,55.0,7.364
1765479512.2357218,99,17,14,17,16,3.628742218017578,54.5,55.0,7.364
1765479512.4366388,99,17,14,17,16,3.628742218017578,54.5,55.0,7.364
1765479512.6376286,99,28,50,35,21,3.628498077392578,54.5,55.5,7.511
1765479512.8387918,99,28,50,35,21,3.628498077392578,54.5,55.5,7.511
1765479513.0400562,99,22,21,34,14,3.6297264099121094,54.5,55.5,7.737
1765479513.2410183,99,22,21,34,14,3.6297264099121094,54.5,55.5,7.737
1765479513.4422967,99,22,21,34,14,3.6297264099121094,54.5,55.5,7.737
1765479513.6492403,99,23,35,20,22,3.6290016174316406,54.5,55.5,7.216
1765479513.8502731,99,23,35,20,22,3.6290016174316406,54.5,55.5,7.216
1765479514.0512524,98,26,33,25,18,3.6291656494140625,54.5,56.0,7.511
1765479514.2523413,98,26,33,25,18,3.6291656494140625,54.5,56.0,7.511
1765479514.4534907,98,26,33,25,18,3.6291656494140625,54.5,56.0,7.511
1765479514.654651,99,22,18,23,20,3.6294937133789062,55.0,55.0,5.969
1765479514.855548,99,22,18,23,20,3.6294937133789062,55.0,55.0,5.969
1765479515.056663,99,52,14,31,20,3.629863739013672,55.0,55.5,7.404
1765479515.257788,99,52,14,31,20,3.629863739013672,55.0,55.5,7.404
1765479515.4587305,99,52,14,31,20,3.629863739013672,55.0,55.5,7.404
1765479515.6638753,95,16,26,19,14,3.6239395141601562,54.5,55.5,5.898
1765479515.870159,95,16,26,19,14,3.6239395141601562,54.5,55.5,5.898
1765479516.0712116,99,63,58,58,50,3.627227783203125,55.0,55.5,7.551
1765479516.2724245,99,63,58,58,50,3.627227783203125,55.0,55.5,7.551
1765479516.4734342,99,63,58,58,50,3.627227783203125,55.0,55.5,7.551
1765479516.6743755,99,38,37,34,38,3.627979278564453,55.0,56.5,6.868
1765479516.8755474,99,38,37,34,38,3.627979278564453,55.0,56.5,6.868
1765479517.0765994,99,39,64,25,20,3.627552032470703,55.0,56.5,8.042
1765479517.2776365,99,39,64,25,20,3.627552032470703,55.0,56.5,8.042
1765479517.4787855,99,39,64,25,20,3.627552032470703,55.0,56.5,8.042
1765479517.6798656,99,14,19,8,17,3.6275062561035156,55.0,55.5,6.937
1765479517.9035294,99,14,19,8,17,3.6275062561035156,55.0,55.5,6.937
1765479518.104601,99,56,39,31,25,3.6273040771484375,54.5,56.5,7.71
1765479518.3055668,99,56,39,31,25,3.6273040771484375,54.5,56.5,7.71
1765479518.5065994,99,56,39,31,25,3.6273040771484375,54.5,56.5,7.71
1765479518.7075667,99,18,18,17,10,3.6283645629882812,55.0,55.5,7.444
1765479518.9085057,99,18,18,17,10,3.6283645629882812,55.0,55.5,7.444
1765479519.109399,99,20,52,19,24,3.6278457641601562,54.5,56.0,7.75
1765479519.3108952,99,20,52,19,24,3.6278457641601562,54.5,56.0,7.75
1765479519.5121722,99,20,52,19,24,3.6278457641601562,54.5,56.0,7.75
1765479519.7133076,99,25,26,10,21,3.628345489501953,55.0,55.5,7.324
1765479519.9144127,99,25,26,10,21,3.628345489501953,55.0,55.5,7.324
1765479520.115497,99,38,24,24,29,3.6282882690429688,54.5,56.0,7.245
1765479520.3167655,99,38,24,24,29,3.6282882690429688,54.5,56.0,7.245
1765479520.5177922,99,38,24,24,29,3.6282882690429688,54.5,56.0,7.245
1765479520.7189322,99,14,17,41,15,3.6288070678710938,55.5,55.5,7.789
1765479520.9198442,99,14,17,41,15,3.6288070678710938,55.5,55.5,7.789
1765479521.1211455,99,15,10,21,22,3.6277236938476562,55.0,55.5,5.858
1765479521.3222928,99,15,10,21,22,3.6277236938476562,55.0,55.5,5.858
1765479521.5232286,99,15,10,21,22,3.6277236938476562,55.0,55.5,5.858
1765479521.724339,99,23,28,32,59,3.627819061279297,55.0,55.5,6.897
1765479521.925246,99,23,28,32,59,3.627819061279297,55.0,55.5,6.897
1765479522.1270077,99,23,28,32,59,3.627819061279297,55.0,55.5,6.897
1765479522.3285716,75,26,27,18,19,3.6296119689941406,54.5,57.0,5.738
1765479522.5297432,75,26,27,18,19,3.6296119689941406,54.5,57.0,5.738
1765479522.7306833,99,32,20,23,41,3.6279563903808594,55.5,56.0,7.057
1765479522.9317317,99,32,20,23,41,3.6279563903808594,55.5,56.0,7.057
1765479523.1325054,99,32,20,23,41,3.6279563903808594,55.5,56.0,7.057
1765479523.333516,99,22,20,18,18,3.628368377685547,55.0,55.5,6.52
1765479523.5347269,99,22,20,18,18,3.628368377685547,55.0,55.5,6.52
1765479523.7357788,99,36,29,43,52,3.6284332275390625,55.0,56.0,7.856
1765479523.9368465,99,36,29,43,52,3.6284332275390625,55.0,56.0,7.856
1765479524.1379347,99,36,29,43,52,3.6284332275390625,55.0,56.0,7.856
1765479524.338867,99,13,22,12,13,3.6294479370117188,55.5,56.0,7.856
1765479524.5401766,99,13,22,12,13,3.6294479370117188,55.5,56.0,7.856
1765479524.7412405,99,27,55,22,16,3.6286048889160156,55.5,56.0,7.471
1765479524.94214,99,27,55,22,16,3.6286048889160156,55.5,56.0,7.471
1765479525.143274,99,27,55,22,16,3.6286048889160156,55.5,56.0,7.471
1765479525.3442938,98,21,23,19,16,3.6292076110839844,55.5,56.0,6.977
1765479525.54523,98,21,23,19,16,3.6292076110839844,55.5,56.0,6.977
1765479525.7462995,99,38,28,22,38,3.6287460327148438,55.0,56.5,8.015
1765479525.9476962,99,38,28,22,38,3.6287460327148438,55.0,56.5,8.015
1765479526.1487205,99,38,28,22,38,3.6287460327148438,55.0,56.5,8.015
1765479526.349795,99,30,10,13,4,3.6288490295410156,55.5,56.0,7.551
1765479526.5508382,99,30,10,13,4,3.6288490295410156,55.5,56.0,7.551
1765479526.7521868,65,33,22,32,23,3.628948211669922,55.0,56.5,6.44
1765479526.9533045,65,33,22,32,23,3.628948211669922,55.0,56.5,6.44
1765479527.1544394,65,33,22,32,23,3.628948211669922,55.0,56.5,6.44
1765479527.3554487,99,52,25,22,24,3.629405975341797,55.5,56.0,7.324
1765479527.556631,99,52,25,22,24,3.629405975341797,55.5,56.0,7.324
1765479527.7576032,99,19,18,23,25,3.630157470703125,55.5,56.5,6.249
1765479527.9585195,99,19,18,23,25,3.630157470703125,55.5,56.5,6.249
1765479528.1595485,99,19,18,23,25,3.630157470703125,55.5,56.5,6.249
1765479528.3608205,99,18,23,55,25,3.6289291381835938,55.0,56.0,6.829
1765479528.5619378,99,18,23,55,25,3.6289291381835938,55.0,56.0,6.829
1765479528.7629113,34,21,16,21,25,3.629405975341797,55.0,56.0,5.08
1765479528.9642036,34,21,16,21,25,3.629405975341797,55.0,56.0,5.08
1765479529.1654124,34,21,16,21,25,3.629405975341797,55.0,56.0,5.08
1765479529.3663716,99,35,35,54,20,3.6292152404785156,55.5,56.0,7.404
1765479529.567542,99,35,35,54,20,3.6292152404785156,55.5,56.0,7.404
1765479529.7685635,99,16,10,11,14,3.6300811767578125,55.5,56.0,7.205
1765479529.9695158,99,16,10,11,14,3.6300811767578125,55.5,56.0,7.205
1765479530.1704197,99,16,10,11,14,3.6300811767578125,55.5,56.0,7.205
1765479530.3714397,98,31,61,27,21,3.628894805908203,55.5,56.5,7.777
1765479530.572588,98,31,61,27,21,3.628894805908203,55.5,56.5,7.777
1765479530.773622,99,19,16,22,18,3.6292190551757812,55.5,56.0,7.444
1765479530.9745924,99,19,16,22,18,3.6292190551757812,55.5,56.0,7.444
1765479531.1757722,99,19,16,22,18,3.6292190551757812,55.5,56.0,7.444
1765479531.3769183,99,46,32,22,30,3.6301803588867188,55.5,56.5,7.856
1765479531.5781643,99,46,32,22,30,3.6301803588867188,55.5,56.5,7.856
1765479531.7791307,99,21,16,13,14,3.629688262939453,55.5,56.0,7.097
1765479531.9801543,99,21,16,13,14,3.629688262939453,55.5,56.0,7.097
1765479532.182137,99,21,16,13,14,3.629688262939453,55.5,56.0,7.097
1765479532.383202,99,34,26,31,32,3.6297760009765625,55.5,56.5,7.205
1765479532.5845888,99,34,26,31,32,3.6297760009765625,55.5,56.5,7.205
1765479532.785548,99,23,44,20,21,3.629863739013672,56.0,56.5,7.75
1765479532.986528,99,23,44,20,21,3.629863739013672,56.0,56.5,7.75
1765479533.1875124,99,23,44,20,21,3.629863739013672,56.0,56.5,7.75
1765479533.3888748,99,38,34,28,36,3.6265106201171875,55.5,58.5,8.015
1765479533.5899994,99,38,34,28,36,3.6265106201171875,55.5,58.5,8.015
1765479533.790912,99,38,34,28,36,3.6265106201171875,55.5,58.5,8.015
1765479533.991786,99,46,58,48,48,3.6263885498046875,55.5,57.5,8.2
1765479534.1927097,99,46,58,48,48,3.6263885498046875,55.5,57.5,8.2
1765479534.393688,97,30,17,16,20,3.626514434814453,54.5,57.0,5.515
1765479534.59472,97,30,17,16,20,3.626514434814453,54.5,57.0,5.515
1765479534.7956889,97,30,17,16,20,3.626514434814453,54.5,57.0,5.515
1765479534.9968212,99,58,25,34,29,3.628467559814453,56.0,56.0,7.444
1765479535.1980407,99,58,25,34,29,3.628467559814453,56.0,56.0,7.444
1765479535.3990796,99,10,8,8,9,3.628894805908203,55.5,56.0,6.68
1765479535.6002822,99,10,8,8,9,3.628894805908203,55.5,56.0,6.68
1765479535.8012455,99,10,8,8,9,3.628894805908203,55.5,56.0,6.68
1765479536.0021439,99,29,26,74,26,3.628345489501953,55.5,57.5,7.67
1765479536.2033558,99,29,26,74,26,3.628345489501953,55.5,57.5,7.67
1765479536.4045174,99,24,19,15,18,3.628582000732422,56.0,56.0,7.017
1765479536.605441,99,24,19,15,18,3.628582000732422,56.0,56.0,7.017
1765479536.8070028,99,24,19,15,18,3.628582000732422,56.0,56.0,7.017
1765479537.008272,99,60,29,29,30,3.628570556640625,55.5,56.5,8.121
1765479537.2093906,99,60,29,29,30,3.628570556640625,55.5,56.5,8.121
1765479537.4104643,99,16,13,15,8,3.6281051635742188,56.0,56.5,7.097
1765479537.61143,99,16,13,15,8,3.6281051635742188,56.0,56.5,7.097
1765479537.812428,99,16,13,15,8,3.6281051635742188,56.0,56.5,7.097
1765479538.013415,99,29,22,49,31,3.62982177734375,55.5,57.0,7.404
1765479538.2145302,99,29,22,49,31,3.62982177734375,55.5,57.0,7.404
1765479538.4155436,99,20,16,37,23,3.6300010681152344,56.0,56.0,7.017
1765479538.6164603,99,20,16,37,23,3.6300010681152344,56.0,56.0,7.017
1765479538.817798,99,20,16,37,23,3.6300010681152344,56.0,56.0,7.017
1765479539.0311623,99,25,22,22,28,3.630687713623047,55.5,57.5,7.324
1765479539.2322655,99,25,22,22,28,3.630687713623047,55.5,57.5,7.324
1765479539.4333735,98,20,35,28,16,3.6301231384277344,56.0,56.0,7.137
1765479539.6342816,98,20,35,28,16,3.6301231384277344,56.0,56.0,7.137
1765479539.8353815,98,20,35,28,16,3.6301231384277344,56.0,56.0,7.137
1765479540.0368087,99,24,18,25,20,3.6300315856933594,56.0,56.0,5.938
1765479540.2396986,99,24,18,25,20,3.6300315856933594,56.0,56.0,5.938
1765479540.4409413,99,34,53,44,32,3.620311737060547,56.0,56.5,7.324
1765479540.6421273,99,34,53,44,32,3.620311737060547,56.0,56.5,7.324
1765479540.843065,99,34,53,44,32,3.620311737060547,56.0,56.5,7.324
1765479541.0442584,80,14,22,13,12,3.6205177307128906,55.0,56.5,5.787
1765479541.24535,80,14,22,13,12,3.6205177307128906,55.0,56.5,5.787
1765479541.4462495,99,26,23,32,55,3.6207427978515625,56.5,56.5,7.097
1765479541.6472754,99,26,23,32,55,3.6207427978515625,56.5,56.5,7.097
1765479541.8483603,99,26,23,32,55,3.6207427978515625,56.5,56.5,7.097
1765479542.0493097,99,14,12,14,26,3.621112823486328,56.0,56.0,5.394
1765479542.250285,99,14,12,14,26,3.621112823486328,56.0,56.0,5.394
1765479542.4511921,99,28,32,37,62,3.623394012451172,56.5,57.0,8.24
1765479542.652275,99,28,32,37,62,3.623394012451172,56.5,57.0,8.24
1765479542.8532221,99,28,32,37,62,3.623394012451172,56.5,57.0,8.24
1765479543.0541937,99,11,13,12,8,3.6226463317871094,56.0,56.5,6.937
1765479543.2553372,99,11,13,12,8,3.6226463317871094,56.0,56.5,6.937
1765479543.45645,99,27,62,20,36,3.622692108154297,56.0,56.5,7.63
1765479543.6574411,99,27,62,20,36,3.622692108154297,56.0,56.5,7.63
1765479543.8583536,99,27,62,20,36,3.622692108154297,56.0,56.5,7.63
1765479544.059312,99,18,16,18,23,3.622974395751953,56.0,56.5,7.097
1765479544.2603981,99,18,16,18,23,3.622974395751953,56.0,56.5,7.097
1765479544.4628515,99,31,18,35,44,3.6231231689453125,56.0,58.0,8.464
1765479544.6638908,99,31,18,35,44,3.6231231689453125,56.0,58.0,8.464
1765479544.8650222,99,31,18,35,44,3.6231231689453125,56.0,58.0,8.464
1765479545.0661335,99,26,28,26,26,3.623046875,56.0,56.0,7.245
1765479545.2671723,99,26,28,26,26,3.623046875,56.0,56.0,7.245
1765479545.4683166,99,30,25,40,25,3.6231231689453125,56.0,57.5,7.057
1765479545.6693878,99,30,25,40,25,3.6231231689453125,56.0,57.5,7.057
1765479545.870341,99,30,25,40,25,3.6231231689453125,56.0,57.5,7.057
1765479546.0712202,99,24,20,52,19,3.6232757568359375,56.0,57.0,8.081
1765479546.2722228,99,24,20,52,19,3.6232757568359375,56.0,57.0,8.081
1765479546.4752119,99,24,20,52,19,3.6232757568359375,56.0,57.0,8.081
1765479546.6763637,99,11,6,6,14,3.622943878173828,56.0,56.5,5.979
1765479546.8774025,99,11,6,6,14,3.622943878173828,56.0,56.5,5.979
1765479547.0786855,99,31,33,36,41,3.6223831176757812,56.0,56.5,6.868
1765479547.279849,99,31,33,36,41,3.6223831176757812,56.0,56.5,6.868
1765479547.4808095,99,31,33,36,41,3.6223831176757812,56.0,56.5,6.868
1765479547.6818042,73,18,18,23,28,3.622966766357422,55.5,57.0,5.778
1765479547.8828506,73,18,18,23,28,3.622966766357422,55.5,57.0,5.778
1765479548.0838706,99,25,17,58,24,3.6230850219726562,56.0,57.0,7.71
1765479548.28498,99,25,17,58,24,3.6230850219726562,56.0,57.0,7.71
1765479548.4861429,99,25,17,58,24,3.6230850219726562,56.0,57.0,7.71
1765479548.687309,99,10,14,8,8,3.6226654052734375,55.5,56.0,5.313
1765479548.8885207,99,10,14,8,8,3.6226654052734375,55.5,56.0,5.313
1765479549.0895088,99,59,34,44,29,3.6227645874023438,56.0,56.5,7.551
1765479549.2905834,99,59,34,44,29,3.6227645874023438,56.0,56.5,7.551
1765479549.4916997,99,59,34,44,29,3.6227645874023438,56.0,56.5,7.551
1765479549.6925986,98,20,10,21,19,3.622344970703125,56.0,57.0,7.205
1765479549.8938215,98,20,10,21,19,3.622344970703125,56.0,57.0,7.205
1765479550.0950713,98,20,10,21,19,3.622344970703125,56.0,57.0,7.205
1765479550.2962813,99,35,64,49,49,3.6262588500976562,56.0,57.0,8.081
1765479550.4974768,99,35,64,49,49,3.6262588500976562,56.0,57.0,8.081
1765479550.6987746,99,31,25,22,30,3.62457275390625,56.5,56.5,7.63
1765479550.8997846,99,31,25,22,30,3.62457275390625,56.5,56.5,7.63
1765479551.1009698,41,30,30,26,34,3.624317169189453,55.5,57.0,6.37
1765479551.302283,41,30,30,26,34,3.624317169189453,55.5,57.0,6.37
1765479551.5044196,41,30,30,26,34,3.624317169189453,55.5,57.0,6.37
1765479551.7053823,99,43,47,67,47,3.61566162109375,56.5,57.5,8.319
1765479551.908651,99,43,47,67,47,3.61566162109375,56.5,57.5,8.319
1765479552.1098928,99,40,25,28,48,3.5979270935058594,56.5,57.5,6.549
1765479552.31142,99,40,25,28,48,3.5979270935058594,56.5,57.5,6.549
1765479552.5131216,99,40,25,28,48,3.5979270935058594,56.5,57.5,6.549
1765479552.7143486,99,83,80,83,82,3.6114425659179688,56.5,58.0,8.884
1765479552.9155319,99,83,80,83,82,3.6114425659179688,56.5,58.0,8.884
1765479553.1166759,0,26,100,37,43,3.6128501892089844,56.0,58.0,6.059
1765479553.3176944,0,26,100,37,43,3.6128501892089844,56.0,58.0,6.059
1765479553.518875,0,26,100,37,43,3.6128501892089844,56.0,58.0,6.059
1765479553.72001,99,30,34,39,84,3.5996055603027344,56.5,57.5,8.687
1765479553.9213142,99,30,34,39,84,3.5996055603027344,56.5,57.5,8.687
1765479554.1222415,99,23,18,20,15,3.6006851196289062,56.5,57.0,7.591
1765479554.3231661,99,23,18,20,15,3.6006851196289062,56.5,57.0,7.591
1765479554.524344,99,23,18,20,15,3.6006851196289062,56.5,57.0,7.591
1765479554.7254279,99,33,40,41,68,3.5998573303222656,56.5,57.0,7.591
1765479554.9265354,99,33,40,41,68,3.5998573303222656,56.5,57.0,7.591
1765479555.1277015,99,23,16,23,28,3.5996971130371094,56.5,57.0,7.591
1765479555.3287127,99,23,16,23,28,3.5996971130371094,56.5,57.0,7.591
1765479555.529906,99,23,16,23,28,3.5996971130371094,56.5,57.0,7.591
1765479555.7309396,99,34,18,16,28,3.59954833984375,56.5,58.0,7.284
1765479555.9321017,99,34,18,16,28,3.59954833984375,56.5,58.0,7.284
1765479556.1329896,99,21,22,28,35,3.5995750427246094,56.5,57.0,7.551
1765479556.334136,99,21,22,28,35,3.5995750427246094,56.5,57.0,7.551
1765479556.5350764,99,21,22,28,35,3.5995750427246094,56.5,57.0,7.551
1765479556.7361739,69,34,20,18,20,3.599212646484375,56.5,57.0,5.474
1765479556.9371703,69,34,20,18,20,3.599212646484375,56.5,57.0,5.474
1765479557.1383765,99,26,57,26,26,3.5999412536621094,56.5,57.5,7.511
1765479557.3401272,99,26,57,26,26,3.5999412536621094,56.5,57.5,7.511
1765479557.5410779,99,26,57,26,26,3.5999412536621094,56.5,57.5,7.511
1765479557.7444336,99,13,14,12,18,3.5991668701171875,56.0,57.5,6.089
1765479557.9455266,99,13,14,12,18,3.5991668701171875,56.0,57.5,6.089
1765479558.1465511,99,13,14,12,18,3.5991668701171875,56.0,57.5,6.089
1765479558.3476543,99,54,34,22,37,3.5998153686523438,56.5,57.0,6.789
1765479558.5487409,99,54,34,22,37,3.5998153686523438,56.5,57.0,6.789
1765479558.7496808,99,19,24,22,17,3.5995330810546875,56.0,56.5,5.16
1765479558.9507837,99,19,24,22,17,3.5995330810546875,56.0,56.5,5.16
1765479559.1516492,99,19,24,22,17,3.5995330810546875,56.0,56.5,5.16
1765479559.3526828,99,27,20,69,22,3.6001548767089844,57.0,57.5,8.015
1765479559.5538857,99,27,20,69,22,3.6001548767089844,57.0,57.5,8.015
1765479559.7550647,99,16,10,8,10,3.5995101928710938,56.5,57.0,6.709
1765479559.9577477,99,16,10,8,10,3.5995101928710938,56.5,57.0,6.709
1765479560.1591678,99,16,10,8,10,3.5995101928710938,56.5,57.0,6.709
1765479560.3602798,99,50,30,50,32,3.599273681640625,56.5,57.5,7.829
1765479560.5616515,99,50,30,50,32,3.599273681640625,56.5,57.5,7.829
1765479560.762918,99,26,14,20,21,3.5999069213867188,56.5,57.5,8.2
1765479560.9638767,99,26,14,20,21,3.5999069213867188,56.5,57.5,8.2
1765479561.1648433,99,26,14,20,21,3.5999069213867188,56.5,57.5,8.2
1765479561.365937,99,18,47,26,14,3.5997047424316406,57.0,57.5,7.324
1765479561.5670063,99,18,47,26,14,3.5997047424316406,57.0,57.5,7.324
1765479561.768161,99,17,25,26,18,3.6000099182128906,57.0,57.5,7.256
1765479561.969192,99,17,25,26,18,3.6000099182128906,57.0,57.5,7.256
1765479562.1703339,99,17,25,26,18,3.6000099182128906,57.0,57.5,7.256
1765479562.3715062,99,34,46,28,26,3.6000099182128906,57.0,58.5,7.176
1765479562.5725195,99,34,46,28,26,3.6000099182128906,57.0,58.5,7.176
1765479562.7734694,99,46,24,10,11,3.6003952026367188,57.0,58.0,7.816
1765479562.9745975,99,46,24,10,11,3.6003952026367188,57.0,58.0,7.816
1765479563.1756024,99,46,24,10,11,3.6003952026367188,57.0,58.0,7.816
1765479563.3766866,85,18,18,24,11,3.5998878479003906,56.5,57.5,5.747
1765479563.577807,85,18,18,24,11,3.5998878479003906,56.5,57.5,5.747
1765479563.7788815,99,40,34,31,46,3.6003875732421875,56.5,57.5,7.017
1765479563.9800746,99,40,34,31,46,3.6003875732421875,56.5,57.5,7.017
1765479564.1810787,99,40,34,31,46,3.6003875732421875,56.5,57.5,7.017
1765479564.382119,13,28,13,23,25,3.600566864013672,56.5,58.0,5.787
1765479564.5831568,13,28,13,23,25,3.600566864013672,56.5,58.0,5.787
1765479564.7843204,99,26,62,17,21,3.60137939453125,57.0,58.0,8.015
1765479564.9853935,99,26,62,17,21,3.60137939453125,57.0,58.0,8.015
1765479565.186405,99,26,62,17,21,3.60137939453125,57.0,58.0,8.015
1765479565.3873997,99,20,10,12,10,3.6009521484375,56.5,57.0,6.749
1765479565.5887117,99,20,10,12,10,3.6009521484375,56.5,57.0,6.749
1765479565.7897794,99,32,35,71,20,3.6012611389160156,57.0,58.5,7.869
1765479565.9906943,99,32,35,71,20,3.6012611389160156,57.0,58.5,7.869
1765479566.191679,99,32,35,71,20,3.6012611389160156,57.0,58.5,7.869
1765479566.3925662,99,18,14,19,16,3.6019248962402344,57.0,57.5,8.094
1765479566.593752,99,18,14,19,16,3.6019248962402344,57.0,57.5,8.094
1765479566.7949789,99,20,17,56,22,3.6013717651367188,57.0,58.5,7.404
1765479566.9959056,99,20,17,56,22,3.6013717651367188,57.0,58.5,7.404
1765479567.1971192,99,20,17,56,22,3.6013717651367188,57.0,58.5,7.404
1765479567.398098,99,23,21,24,25,3.6020851135253906,57.0,57.5,7.324
1765479567.5990615,99,23,21,24,25,3.6020851135253906,57.0,57.5,7.324
1765479567.8005345,99,26,29,31,31,3.60205078125,56.5,57.5,7.176
1765479568.0015967,99,26,29,31,31,3.60205078125,56.5,57.5,7.176
1765479568.2024832,99,26,29,31,31,3.60205078125,56.5,57.5,7.176
1765479568.4040365,99,20,52,21,20,3.6025161743164062,57.0,57.5,8.042
1765479568.604893,99,20,52,21,20,3.6025161743164062,57.0,57.5,8.042
1765479568.8058164,99,20,52,21,20,3.6025161743164062,57.0,57.5,8.042
1765479569.0067632,99,24,17,6,13,3.6018943786621094,57.0,57.0,6.249
1765479569.2079637,99,24,17,6,13,3.6018943786621094,57.0,57.0,6.249
1765479569.4091551,99,58,28,26,30,3.601856231689453,57.0,57.5,6.937
1765479569.6117332,99,58,28,26,30,3.601856231689453,57.0,57.5,6.937
1765479569.8125181,99,58,28,26,30,3.601856231689453,57.0,57.5,6.937
1765479570.01369,66,21,22,32,18,3.601696014404297,56.0,58.5,5.818
1765479570.2147758,66,21,22,32,18,3.601696014404297,56.0,58.5,5.818
1765479570.4157104,99,24,20,26,51,3.6041183471679688,57.0,57.5,7.324
1765479570.6169531,99,24,20,26,51,3.6041183471679688,57.0,57.5,7.324
1765479570.8179092,99,24,20,26,51,3.6041183471679688,57.0,57.5,7.324
1765479571.019366,99,19,10,20,14,3.6040992736816406,56.5,57.5,5.938
1765479571.2207222,99,19,10,20,14,3.6040992736816406,56.5,57.5,5.938
1765479571.4217954,99,29,33,50,37,3.603687286376953,57.0,58.0,7.483
1765479571.62292,99,29,33,50,37,3.603687286376953,57.0,58.0,7.483
1765479571.8240342,99,29,33,50,37,3.603687286376953,57.0,58.0,7.483
1765479572.0249732,99,20,20,16,22,3.6047515869140625,57.0,58.0,7.551
1765479572.225972,99,20,20,16,22,3.6047515869140625,57.0,58.0,7.551
1765479572.4269414,99,18,60,23,21,3.6043968200683594,57.0,58.5,7.71
1765479572.628158,99,18,60,23,21,3.6043968200683594,57.0,58.5,7.71
1765479572.8292344,99,18,60,23,21,3.6043968200683594,57.0,58.5,7.71
1765479573.030207,99,23,17,14,25,3.6045989990234375,57.0,57.5,7.483
1765479573.2312565,99,23,17,14,25,3.6045989990234375,57.0,57.5,7.483
1765479573.4324613,99,34,50,37,27,3.6036834716796875,57.0,58.0,7.63
1765479573.6333516,99,34,50,37,27,3.6036834716796875,57.0,58.0,7.63
1765479573.8343496,99,34,50,37,27,3.6036834716796875,57.0,58.0,7.63
1765479574.0354023,99,19,9,14,19,3.60516357421875,57.0,58.0,7.63
1765479574.23642,99,19,9,14,19,3.60516357421875,57.0,58.0,7.63
1765479574.437484,99,26,23,29,45,3.604827880859375,57.0,57.5,7.551
1765479574.6385357,99,26,23,29,45,3.604827880859375,57.0,57.5,7.551
1765479574.8395755,99,26,23,29,45,3.604827880859375,57.0,57.5,7.551
1765479575.0407412,98,22,19,18,36,3.6056861877441406,57.5,57.5,7.245
1765479575.2417855,98,22,19,18,36,3.6056861877441406,57.5,57.5,7.245
1765479575.4429207,99,30,28,20,34,3.607311248779297,57.5,59.0,6.937
1765479575.6440272,99,30,28,20,34,3.607311248779297,57.5,59.0,6.937
1765479575.8449042,99,30,28,20,34,3.607311248779297,57.5,59.0,6.937
1765479576.046086,99,16,17,18,43,3.6082839965820312,57.0,57.5,7.63
1765479576.247053,99,16,17,18,43,3.6082839965820312,57.0,57.5,7.63
1765479576.4485154,99,20,18,14,17,3.6073989868164062,57.5,58.0,5.938
1765479576.6509247,99,20,18,14,17,3.6073989868164062,57.5,58.0,5.938
1765479576.8521254,99,20,18,14,17,3.6073989868164062,57.5,58.0,5.938
1765479577.0532298,99,37,23,66,31,3.6323890686035156,57.0,58.0,7.097
1765479577.2542408,99,37,23,66,31,3.6323890686035156,57.0,58.0,7.097
1765479577.4553607,99,37,23,66,31,3.6323890686035156,57.0,58.0,7.097
1765479577.65659,99,14,18,37,18,3.6330909729003906,57.5,58.5,8.279
1765479577.8575149,99,14,18,37,18,3.6330909729003906,57.5,58.5,8.279
1765479578.0589771,0,52,16,12,34,3.5883102416992188,56.5,57.5,5.193
1765479578.2603147,0,52,16,12,34,3.5883102416992188,56.5,57.5,5.193
1765479578.4616516,0,52,16,12,34,3.5883102416992188,56.5,57.5,5.193
1765479578.6627624,99,34,51,30,25,3.5892562866210938,57.5,57.5,6.749
1765479578.8636873,99,34,51,30,25,3.5892562866210938,57.5,57.5,6.749
1765479579.0647151,99,27,26,22,26,3.5899696350097656,57.0,57.5,5.747
1765479579.2710295,99,27,26,22,26,3.5899696350097656,57.0,57.5,5.747
1765479579.4721103,99,27,26,22,26,3.5899696350097656,57.0,57.5,5.747
1765479579.6731358,99,58,22,23,21,3.5938377380371094,57.0,58.0,7.63
1765479579.8741133,99,58,22,23,21,3.5938377380371094,57.0,58.0,7.63
1765479580.0750153,99,12,14,17,13,3.592639923095703,57.0,57.5,5.394
1765479580.276187,99,12,14,17,13,3.592639923095703,57.0,57.5,5.394
1765479580.4774008,99,12,14,17,13,3.592639923095703,57.0,57.5,5.394
1765479580.6784763,99,58,35,41,32,3.5927085876464844,57.5,58.0,7.551
1765479580.8796585,99,58,35,41,32,3.5927085876464844,57.5,58.0,7.551
1765479581.0805125,98,20,16,15,16,3.592815399169922,57.0,58.0,7.324
1765479581.28176,98,20,16,15,16,3.592815399169922,57.0,58.0,7.324
1765479581.482865,98,20,16,15,16,3.592815399169922,57.0,58.0,7.324
1765479581.6838894,99,17,18,18,65,3.5927352905273438,57.5,58.0,7.829
1765479581.8851867,99,17,18,18,65,3.5927352905273438,57.5,58.0,7.829
1765479582.086129,99,20,16,14,21,3.5933761596679688,57.5,58.0,7.444
1765479582.2870955,99,20,16,14,21,3.5933761596679688,57.5,58.0,7.444
1765479582.488202,99,20,16,14,21,3.5933761596679688,57.5,58.0,7.444
1765479582.689101,99,33,22,40,52,3.592803955078125,57.0,58.0,7.71
1765479582.8900177,99,33,22,40,52,3.592803955078125,57.0,58.0,7.71
1765479583.0914617,99,23,14,16,32,3.594268798828125,57.5,58.5,8.015
1765479583.292581,99,23,14,16,32,3.594268798828125,57.5,58.5,8.015
1765479583.4936645,99,23,14,16,32,3.594268798828125,57.5,58.5,8.015
1765479583.6946523,99,20,32,21,33,3.5933990478515625,57.0,58.5,7.444
1765479583.8956578,99,20,32,21,33,3.5933990478515625,57.0,58.5,7.444
1765479584.0966194,99,42,21,28,21,3.5931854248046875,57.5,58.5,7.71
1765479584.297667,99,42,21,28,21,3.5931854248046875,57.5,58.5,7.71
1765479584.498683,99,42,21,28,21,3.5931854248046875,57.5,58.5,7.71
1765479584.6998014,99,31,25,14,21,3.5931549072265625,57.0,57.5,5.938
1765479584.9008238,99,31,25,14,21,3.5931549072265625,57.0,57.5,5.938
1765479585.101973,99,19,16,16,52,3.593902587890625,57.5,58.5,7.284
1765479585.303117,99,19,16,16,52,3.593902587890625,57.5,58.5,7.284
1765479585.5042477,99,19,16,16,52,3.593902587890625,57.5,58.5,7.284
1765479585.705461,99,18,24,12,25,3.5931434631347656,57.0,58.0,5.778
1765479585.9063904,99,18,24,12,25,3.5931434631347656,57.0,58.0,5.778
1765479586.107279,99,32,57,36,32,3.5932464599609375,57.5,58.5,7.137
1765479586.308293,99,32,57,36,32,3.5932464599609375,57.5,58.5,7.137
1765479586.5092864,99,32,57,36,32,3.5932464599609375,57.5,58.5,7.137
1765479586.7102282,16,20,13,22,23,3.593231201171875,56.5,59.5,5.787
1765479586.9113264,16,20,13,22,23,3.593231201171875,56.5,59.5,5.787
1765479587.1124678,99,20,26,66,14,3.593036651611328,58.0,58.5,7.71
1765479587.3135786,99,20,26,66,14,3.593036651611328,58.0,58.5,7.71
1765479587.5145397,99,20,26,66,14,3.593036651611328,58.0,58.5,7.71
1765479587.7154987,99,18,15,14,17,3.5933189392089844,57.5,58.0,7.097
1765479587.9167385,99,18,15,14,17,3.5933189392089844,57.5,58.0,7.097
1765479588.1178002,99,27,34,29,62,3.5929641723632812,57.5,58.5,7.71
1765479588.3187943,99,27,34,29,62,3.5929641723632812,57.5,58.5,7.71
1765479588.5198257,99,27,34,29,62,3.5929641723632812,57.5,58.5,7.71
1765479588.7208831,99,14,12,19,17,3.593585968017578,57.5,58.5,7.936
1765479588.921775,99,14,12,19,17,3.593585968017578,57.5,58.5,7.936
1765479589.1230667,99,32,26,57,16,3.59307861328125,58.0,58.5,7.483
1765479589.324418,99,32,26,57,16,3.59307861328125,58.0,58.5,7.483
1765479589.5255754,99,32,26,57,16,3.59307861328125,58.0,58.5,7.483
1765479589.7266514,99,15,22,30,16,3.5930747985839844,57.5,58.0,7.324
1765479589.9274714,99,15,22,30,16,3.5930747985839844,57.5,58.0,7.324
1765479590.1292098,99,15,22,30,16,3.5930747985839844,57.5,58.0,7.324
1765479590.3303518,99,29,29,36,32,3.593048095703125,57.5,59.0,7.63
1765479590.5313346,99,29,29,36,32,3.593048095703125,57.5,59.0,7.63
1765479590.7323453,99,41,10,13,8,3.593341827392578,57.5,58.0,7.816
1765479590.9332516,99,41,10,13,8,3.593341827392578,57.5,58.0,7.816
1765479591.143674,99,41,10,13,8,3.593341827392578,57.5,58.0,7.816
1765479591.3445714,17,21,20,25,27,3.5932655334472656,57.0,58.0,5.466
1765479591.54554,17,21,20,25,27,3.5932655334472656,57.0,58.0,5.466
1765479591.7466688,99,31,52,22,19,3.5929527282714844,57.5,58.0,6.977
1765479591.9477248,99,31,52,22,19,3.5929527282714844,57.5,58.0,6.977
1765479592.1494052,99,31,52,22,19,3.5929527282714844,57.5,58.0,6.977
1765479592.3505907,90,32,26,18,12,3.5938873291015625,57.0,59.0,6.019
1765479592.55163,90,32,26,18,12,3.5938873291015625,57.0,59.0,6.019
1765479592.7526014,99,18,56,22,20,3.5929908752441406,57.5,58.5,7.057
1765479592.9535255,99,18,56,22,20,3.5929908752441406,57.5,58.5,7.057
1765479593.1544092,99,18,56,22,20,3.5929908752441406,57.5,58.5,7.057
1765479593.3556569,99,14,20,14,15,3.5928421020507812,57.5,58.5,5.394
1765479593.556661,99,14,20,14,15,3.5928421020507812,57.5,58.5,5.394
1765479593.7575765,99,48,34,35,60,3.5929336547851562,58.0,59.0,8.424
1765479593.958741,99,48,34,35,60,3.5929336547851562,58.0,59.0,8.424
1765479594.1600912,99,48,34,35,60,3.5929336547851562,58.0,59.0,8.424
1765479594.3611486,99,11,13,8,8,3.594146728515625,58.0,58.0,7.936
1765479594.5621462,99,11,13,8,8,3.594146728515625,58.0,58.0,7.936
1765479594.7634645,99,58,29,24,22,3.5933761596679688,57.5,59.0,7.284
1765479594.964636,99,58,29,24,22,3.5933761596679688,57.5,59.0,7.284
1765479595.1658256,99,58,29,24,22,3.5933761596679688,57.5,59.0,7.284
1765479595.3670185,99,31,24,16,20,3.594562530517578,58.0,58.5,7.284
1765479595.5679686,99,31,24,16,20,3.594562530517578,58.0,58.5,7.284
1765479595.7690995,99,30,27,28,43,3.5946121215820312,57.5,59.0,7.71
1765479595.9700477,99,30,27,28,43,3.5946121215820312,57.5,59.0,7.71
1765479596.1710465,99,30,27,28,43,3.5946121215820312,57.5,59.0,7.71
1765479596.3724835,99,11,8,8,33,3.5940208435058594,58.0,58.5,7.551
1765479596.573479,99,11,8,8,33,3.5940208435058594,58.0,58.5,7.551
1765479596.7746983,22,23,24,22,25,3.5943450927734375,57.0,58.5,5.425
1765479596.9757218,22,23,24,22,25,3.5943450927734375,57.0,58.5,5.425
1765479597.176702,22,23,24,22,25,3.5943450927734375,57.0,58.5,5.425
1765479597.3777413,99,31,26,56,29,3.5943450927734375,58.0,58.5,7.057
1765479597.578749,99,31,26,56,29,3.5943450927734375,58.0,58.5,7.057
1765479597.7797108,44,24,22,18,20,3.594837188720703,57.5,59.0,5.898
1765479597.9806252,44,24,22,18,20,3.594837188720703,57.5,59.0,5.898
1765479598.1816823,44,24,22,18,20,3.594837188720703,57.5,59.0,5.898
1765479598.3827808,99,23,21,28,54,3.594226837158203,58.0,58.5,7.017
1765479598.5838833,99,23,21,28,54,3.594226837158203,58.0,58.5,7.017
1765479598.7849014,99,21,21,15,17,3.5945816040039062,58.0,58.0,5.434
1765479598.9860077,99,21,21,15,17,3.5945816040039062,58.0,58.0,5.434
1765479599.187082,99,21,21,15,17,3.5945816040039062,58.0,58.0,5.434
1765479599.388198,99,33,34,68,34,3.5943870544433594,58.0,59.0,8.319
1765479599.589265,99,33,34,68,34,3.5943870544433594,58.0,59.0,8.319
1765479599.7903132,98,6,12,9,11,3.5950164794921875,58.0,59.0,7.216
1765479599.9912632,98,6,12,9,11,3.5950164794921875,58.0,59.0,7.216
1765479600.1924367,98,6,12,9,11,3.5950164794921875,58.0,59.0,7.216
1765479600.3934457,99,38,30,28,70,3.594219207763672,58.0,58.5,7.789
1765479600.594421,99,38,30,28,70,3.594219207763672,58.0,58.5,7.789
1765479600.7957325,99,38,30,28,70,3.594219207763672,58.0,58.5,7.789
1765479600.9975677,99,19,21,23,14,3.5947532653808594,58.0,58.5,7.137
1765479601.1993415,99,19,21,23,14,3.5947532653808594,58.0,58.5,7.137
1765479601.400431,99,45,25,37,26,3.5952110290527344,58.0,59.0,8.24
1765479601.6013086,99,45,25,37,26,3.5952110290527344,58.0,59.0,8.24
1765479601.8022285,99,45,25,37,26,3.5952110290527344,58.0,59.0,8.24
1765479602.0032213,99,12,24,10,10,3.5939788818359375,58.0,58.5,7.404
1765479602.2044191,99,12,24,10,10,3.5939788818359375,58.0,58.5,7.404
1765479602.4055061,99,42,30,26,25,3.594390869140625,58.0,59.5,7.017
1765479602.606557,99,42,30,26,25,3.594390869140625,58.0,59.5,7.017
1765479602.8076568,99,42,30,26,25,3.594390869140625,58.0,59.5,7.017
1765479603.0088353,99,50,14,12,17,3.594409942626953,58.0,58.5,7.284
1765479603.209788,99,50,14,12,17,3.594409942626953,58.0,58.5,7.284
1765479603.4108984,74,24,19,22,19,3.595439910888672,57.5,59.0,6.169
1765479603.6118655,74,24,19,22,19,3.595439910888672,57.5,59.0,6.169
1765479603.8130462,74,24,19,22,19,3.595439910888672,57.5,59.0,6.169
1765479604.0141776,99,47,20,18,29,3.5948028564453125,58.5,58.5,6.829
1765479604.215129,99,47,20,18,29,3.5948028564453125,58.5,58.5,6.829
1765479604.416468,99,24,20,26,22,3.5948028564453125,57.5,58.5,5.707
1765479604.617527,99,24,20,26,22,3.5948028564453125,57.5,58.5,5.707
1765479604.818843,99,24,20,26,22,3.5948028564453125,57.5,58.5,5.707
1765479605.019985,99,57,34,40,32,3.5957183837890625,58.0,59.0,7.284
1765479605.2209575,99,57,34,40,32,3.5957183837890625,58.0,59.0,7.284
1765479605.4219887,66,15,6,8,8,3.595684051513672,58.0,58.5,5.394
1765479605.6229959,66,15,6,8,8,3.595684051513672,58.0,58.5,5.394
1765479605.8242657,66,15,6,8,8,3.595684051513672,58.0,58.5,5.394
1765479606.0252655,99,37,27,66,32,3.595855712890625,58.0,58.5,8.094
1765479606.2262897,99,37,27,66,32,3.595855712890625,58.0,58.5,8.094
1765479606.4273448,99,10,19,21,16,3.5963287353515625,58.0,58.5,6.789
1765479606.6283221,99,10,19,21,16,3.5963287353515625,58.0,58.5,6.789
1765479606.8294945,99,10,19,21,16,3.5963287353515625,58.0,58.5,6.789
1765479607.0305252,99,39,28,32,55,3.5967140197753906,58.0,59.5,8.318
1765479607.231646,99,39,28,32,55,3.5967140197753906,58.0,59.5,8.318
1765479607.432636,99,19,6,9,10,3.596210479736328,58.0,58.5,7.006
1765479607.6336343,99,19,6,9,10,3.596210479736328,58.0,58.5,7.006
1765479607.834603,99,19,6,9,10,3.596210479736328,58.0,58.5,7.006
1765479608.0357504,99,28,30,40,39,3.596446990966797,58.0,59.0,7.591
1765479608.236777,99,28,30,40,39,3.596446990966797,58.0,59.0,7.591
1765479608.4377463,98,25,13,37,12,3.597320556640625,58.5,58.5,7.352
1765479608.638699,98,25,13,37,12,3.597320556640625,58.5,58.5,7.352
1765479608.8396769,98,25,13,37,12,3.597320556640625,58.5,58.5,7.352
1765479609.0408394,0,18,24,30,18,3.599822998046875,57.5,60.5,5.193
1765479609.2417796,0,18,24,30,18,3.599822998046875,57.5,60.5,5.193
1765479609.4428363,0,18,24,30,18,3.599822998046875,57.5,60.5,5.193
1765479609.644444,99,18,48,16,24,3.599456787109375,58.0,58.5,6.977
1765479609.845476,99,18,48,16,24,3.599456787109375,58.0,58.5,6.977
1765479610.0467966,99,25,24,28,23,3.5997657775878906,58.0,58.5,5.969
1765479610.24808,99,25,24,28,23,3.5997657775878906,58.0,58.5,5.969
1765479610.455168,99,25,24,28,23,3.5997657775878906,58.0,58.5,5.969
1765479610.6563327,99,28,34,28,64,3.6005706787109375,58.5,59.0,7.404
1765479610.8576918,99,28,34,28,64,3.6005706787109375,58.5,59.0,7.404
1765479611.0586915,0,15,8,10,12,3.6009559631347656,57.0,58.5,5.12
1765479611.2599037,0,15,8,10,12,3.6009559631347656,57.0,58.5,5.12
1765479611.4628406,0,15,8,10,12,3.6009559631347656,57.0,58.5,5.12
1765479611.6642163,99,32,60,34,20,3.6013412475585938,58.0,58.5,7.63
1765479611.8654704,99,32,60,34,20,3.6013412475585938,58.0,58.5,7.63
1765479612.0664444,98,28,28,35,33,3.6010398864746094,58.5,59.0,7.896
1765479612.2674887,98,28,28,35,33,3.6010398864746094,58.5,59.0,7.896
1765479612.4687738,98,28,28,35,33,3.6010398864746094,58.5,59.0,7.896
1765479612.6699545,98,39,45,32,49,3.6022109985351562,58.0,59.5,8.266
1765479612.8710291,98,39,45,32,49,3.6022109985351562,58.0,59.5,8.266
1765479613.0721805,99,21,17,13,18,3.6017684936523438,58.0,58.5,7.483
1765479613.2731354,99,21,17,13,18,3.6017684936523438,58.0,58.5,7.483
1765479613.4742908,99,21,17,13,18,3.6017684936523438,58.0,58.5,7.483
1765479613.6753662,99,27,22,56,31,3.601634979248047,58.0,59.5,7.63
1765479613.8768313,99,27,22,56,31,3.601634979248047,58.0,59.5,7.63
1765479614.0780623,99,12,25,36,21,3.60198974609375,58.5,59.0,7.551
1765479614.27912,99,12,25,36,21,3.60198974609375,58.5,59.0,7.551
1765479614.4843647,99,12,25,36,21,3.60198974609375,58.5,59.0,7.551
1765479614.6854236,99,16,23,33,22,3.6022491455078125,58.5,60.0,7.432
1765479614.8864055,99,16,23,33,22,3.6022491455078125,58.5,60.0,7.432
1765479615.0877953,99,29,25,22,28,3.6016578674316406,58.5,58.5,7.511
1765479615.2890422,99,29,25,22,28,3.6016578674316406,58.5,58.5,7.511
1765479615.490055,99,29,25,22,28,3.6016578674316406,58.5,58.5,7.511
1765479615.6911507,9,30,24,40,24,3.6019668579101562,58.0,58.5,5.394
1765479615.8921902,9,30,24,40,24,3.6019668579101562,58.0,58.5,5.394
1765479616.0932717,99,29,32,62,20,3.6021995544433594,58.5,59.0,7.404
1765479616.2944407,99,29,32,62,20,3.6021995544433594,58.5,59.0,7.404
1765479616.4954386,99,29,32,62,20,3.6021995544433594,58.5,59.0,7.404
1765479616.696559,99,12,12,14,12,3.602142333984375,58.5,59.0,6.169
1765479616.8976173,99,12,12,14,12,3.602142333984375,58.5,59.0,6.169
1765479617.0986583,99,24,32,51,27,3.6018409729003906,58.5,59.0,6.937
1765479617.299629,99,24,32,51,27,3.6018409729003906,58.5,59.0,6.937
1765479617.5008318,99,24,32,51,27,3.6018409729003906,58.5,59.0,6.937
1765479617.7019174,99,18,19,14,14,3.602325439453125,58.0,59.0,5.626
1765479617.903031,99,18,19,14,14,3.602325439453125,58.0,59.0,5.626
1765479618.104015,99,52,34,25,47,3.6030197143554688,58.5,59.5,8.582
1765479618.3049772,99,52,34,25,47,3.6030197143554688,58.5,59.5,8.582
1765479618.5061386,99,52,34,25,47,3.6030197143554688,58.5,59.5,8.582
1765479618.707116,99,10,6,8,8,3.6019821166992188,58.0,59.0,6.789
1765479618.9082797,99,10,6,8,8,3.6019821166992188,58.0,59.0,6.789
1765479619.109848,99,30,28,31,68,3.602191925048828,58.5,59.0,7.896
1765479619.311036,99,30,28,31,68,3.602191925048828,58.5,59.0,7.896
1765479619.512268,99,30,28,31,68,3.602191925048828,58.5,59.0,7.896
1765479619.7132747,99,18,25,21,25,3.6025428771972656,58.5,59.0,7.256
1765479619.9141974,99,18,25,21,25,3.6025428771972656,58.5,59.0,7.256
1765479620.115366,99,18,25,21,25,3.6025428771972656,58.5,59.0,7.256
1765479620.3163707,99,20,23,22,49,3.603199005126953,58.5,59.5,8.055
1765479620.5175407,99,20,23,22,49,3.603199005126953,58.5,59.5,8.055
1765479620.7186687,99,21,21,17,27,3.602336883544922,58.5,59.0,7.404
1765479620.9195852,99,21,21,17,27,3.602336883544922,58.5,59.0,7.404
1765479621.1214604,99,21,21,17,27,3.602336883544922,58.5,59.0,7.404
1765479621.3225334,99,26,47,27,23,3.6021766662597656,58.0,59.5,7.284
1765479621.523686,99,26,47,27,23,3.6021766662597656,58.0,59.5,7.284
1765479621.7246785,99,22,20,54,22,3.6023330688476562,58.5,59.5,8.121
1765479621.9256642,99,22,20,54,22,3.6023330688476562,58.5,59.5,8.121
1765479622.1266406,99,22,20,54,22,3.6023330688476562,58.5,59.5,8.121
1765479622.3275752,99,16,11,6,9,3.601654052734375,58.5,59.0,6.019
1765479622.5285065,99,16,11,6,9,3.601654052734375,58.5,59.0,6.019
1765479622.7294579,99,30,36,29,54,3.6018028259277344,59.0,59.0,7.137
1765479622.9307637,99,30,36,29,54,3.6018028259277344,59.0,59.0,7.137
1765479623.1317766,99,30,36,29,54,3.6018028259277344,59.0,59.0,7.137
1765479623.332838,64,23,20,20,22,3.6017532348632812,58.5,59.0,5.778
1765479623.5338266,64,23,20,20,22,3.6017532348632812,58.5,59.0,5.778
1765479623.734749,99,22,26,28,63,3.602642059326172,59.0,59.5,7.856
1765479623.9360807,99,22,26,28,63,3.602642059326172,59.0,59.5,7.856
1765479624.1369874,99,22,26,28,63,3.602642059326172,59.0,59.5,7.856
1765479624.33797,99,9,8,13,9,3.6019744873046875,58.0,59.0,5.474
1765479624.5390723,99,9,8,13,9,3.6019744873046875,58.0,59.0,5.474
1765479624.7401793,99,34,28,59,29,3.6022109985351562,59.0,59.0,7.896
1765479624.9413154,99,34,28,59,29,3.6022109985351562,59.0,59.0,7.896
1765479625.1425297,99,34,28,59,29,3.6022109985351562,59.0,59.0,7.896
1765479625.343601,98,22,12,19,15,3.6025657653808594,58.5,59.0,7.057
1765479625.5447285,98,22,12,19,15,3.6025657653808594,58.5,59.0,7.057
1765479625.7538524,99,56,24,33,29,3.6031341552734375,58.5,60.0,8.121
1765479625.955678,99,56,24,33,29,3.6031341552734375,58.5,60.0,8.121
1765479626.1570437,99,56,24,33,29,3.6031341552734375,58.5,60.0,8.121
1765479626.358092,99,18,16,17,17,3.60186767578125,58.5,59.0,7.75
1765479626.559252,99,18,16,17,17,3.60186767578125,58.5,59.0,7.75
1765479626.7605894,99,30,27,48,31,3.602466583251953,58.5,60.0,7.63
1765479626.9615464,99,30,27,48,31,3.602466583251953,58.5,60.0,7.63
1765479627.1627586,99,30,27,48,31,3.602466583251953,58.5,60.0,7.63
1765479627.3641355,99,24,22,34,20,3.6024627685546875,58.5,60.0,8.134
1765479627.5650952,99,24,22,34,20,3.6024627685546875,58.5,60.0,8.134
1765479627.7661295,99,19,27,26,14,3.601573944091797,58.5,59.5,7.216
1765479627.9672997,99,19,27,26,14,3.601573944091797,58.5,59.5,7.216
1765479628.1683228,99,19,27,26,14,3.601573944091797,58.5,59.5,7.216
1765479628.369388,99,20,46,23,26,3.601959228515625,59.0,59.0,7.205
1765479628.5703688,99,20,46,23,26,3.601959228515625,59.0,59.0,7.205
1765479628.7713208,99,24,27,21,27,3.602458953857422,58.5,59.0,6.089
1765479628.9723563,99,24,27,21,27,3.602458953857422,58.5,59.0,6.089
1765479629.1734002,99,24,27,21,27,3.602458953857422,58.5,59.0,6.089
1765479629.3810225,99,59,17,20,20,3.6030807495117188,58.5,59.5,7.591
1765479629.5819652,99,59,17,20,20,3.6030807495117188,58.5,59.5,7.591
1765479629.782838,73,14,15,12,23,3.602458953857422,58.0,59.0,5.778
1765479629.9877415,73,14,15,12,23,3.602458953857422,58.0,59.0,5.778
1765479630.1890898,73,14,15,12,23,3.602458953857422,58.0,59.0,5.778
1765479630.3901346,99,36,43,40,36,3.6023101806640625,58.5,59.5,7.404
1765479630.591285,99,36,43,40,36,3.6023101806640625,58.5,59.5,7.404
1765479630.7924871,90,18,12,16,18,3.602214813232422,58.5,59.0,6.209
1765479630.9954238,90,18,12,16,18,3.602214813232422,58.5,59.0,6.209
1765479631.1965888,90,18,12,16,18,3.602214813232422,58.5,59.0,6.209
1765479631.397792,99,27,25,24,64,3.60302734375,58.5,59.5,7.909
1765479631.5988538,99,27,25,24,64,3.60302734375,58.5,59.5,7.909
1765479631.799852,99,18,12,16,12,3.6026878356933594,59.0,59.0,6.908
1765479632.0009735,99,18,12,16,12,3.6026878356933594,59.0,59.0,6.908
1765479632.2021112,99,18,12,16,12,3.6026878356933594,59.0,59.0,6.908
1765479632.4030318,98,38,32,32,58,3.602508544921875,58.5,59.5,7.67
1765479632.6041343,98,38,32,32,58,3.602508544921875,58.5,59.5,7.67
1765479632.8053374,98,38,32,32,58,3.602508544921875,58.5,59.5,7.67
1765479633.006272,99,21,18,20,15,3.60357666015625,59.0,59.5,7.789
1765479633.2073998,99,21,18,20,15,3.60357666015625,59.0,59.5,7.789
1765479633.4085822,99,18,44,28,19,3.6024169921875,58.5,59.5,7.63
1765479633.609665,99,18,44,28,19,3.6024169921875,58.5,59.5,7.63
1765479633.8105807,99,18,44,28,19,3.6024169921875,58.5,59.5,7.63
1765479634.011584,99,33,18,23,18,3.602771759033203,58.5,59.0,7.324
1765479634.212643,99,33,18,23,18,3.602771759033203,58.5,59.0,7.324
1765479634.4137638,99,28,34,20,29,3.602386474609375,58.0,60.0,7.057
1765479634.6148036,99,28,34,20,29,3.602386474609375,58.0,60.0,7.057
1765479634.8158739,99,28,34,20,29,3.602386474609375,58.0,60.0,7.057
1765479635.0171156,99,14,15,18,50,3.603607177734375,59.0,60.0,8.24
1765479635.2181306,99,14,15,18,50,3.603607177734375,59.0,60.0,8.24
1765479635.4191911,99,25,14,18,18,3.6027679443359375,58.5,59.0,5.938
1765479635.6204665,99,25,14,18,18,3.6027679443359375,58.5,59.0,5.938
1765479635.8215017,99,25,14,18,18,3.6027679443359375,58.5,59.0,5.938
1765479636.0226212,99,56,23,28,26,3.602649688720703,59.0,59.5,7.068
1765479636.223771,99,56,23,28,26,3.602649688720703,59.0,59.5,7.068
1765479636.4247272,91,14,24,25,20,3.603015899658203,58.0,61.0,5.898
1765479636.625659,91,14,24,25,20,3.603015899658203,58.0,61.0,5.898
1765479636.8265512,91,14,24,25,20,3.603015899658203,58.0,61.0,5.898
1765479637.0275443,99,17,23,54,19,3.6024932861328125,59.0,59.5,7.137
1765479637.228711,99,17,23,54,19,3.6024932861328125,59.0,59.5,7.137
1765479637.4298952,98,12,16,18,15,3.6029052734375,59.0,59.0,6.139
1765479637.6315384,98,12,16,18,15,3.6029052734375,59.0,59.0,6.139
1765479637.8326495,98,12,16,18,15,3.6029052734375,59.0,59.0,6.139
1765479638.0337427,99,48,33,59,32,3.6027565002441406,59.0,59.5,7.697
1765479638.2347975,99,48,33,59,32,3.6027565002441406,59.0,59.5,7.697
1765479638.435742,99,12,18,15,8,3.603912353515625,59.0,60.0,7.75
1765479638.6366107,99,12,18,15,8,3.603912353515625,59.0,60.0,7.75
1765479638.8375463,99,12,18,15,8,3.603912353515625,59.0,60.0,7.75
1765479639.0385807,99,23,18,66,20,3.6026992797851562,59.0,61.0,7.63
1765479639.2397087,99,23,18,66,20,3.6026992797851562,59.0,61.0,7.63
1765479639.4408033,99,29,20,16,15,3.6029586791992188,59.0,59.5,7.216
1765479639.6417325,99,29,20,16,15,3.6029586791992188,59.0,59.5,7.216
1765479639.8428793,99,29,20,16,15,3.6029586791992188,59.0,59.5,7.216
1765479640.0441124,99,32,29,53,31,3.6025733947753906,59.0,60.0,8.015
1765479640.24525,99,32,29,53,31,3.6025733947753906,59.0,60.0,8.015
1765479640.44631,99,16,12,24,10,3.603595733642578,59.0,59.5,8.081
1765479640.6472445,99,16,12,24,10,3.603595733642578,59.0,59.5,8.081
1765479640.849293,99,16,12,24,10,3.603595733642578,59.0,59.5,8.081
1765479641.0503125,99,30,42,25,23,3.6029434204101562,58.5,60.0,7.216
1765479641.2513266,99,30,42,25,23,3.6029434204101562,58.5,60.0,7.216
1765479641.4524972,99,25,44,19,20,3.602741241455078,59.0,59.5,7.324
1765479641.6536076,99,25,44,19,20,3.602741241455078,59.0,59.5,7.324
1765479641.8545525,99,25,44,19,20,3.602741241455078,59.0,59.5,7.324
1765479642.055538,99,22,14,27,20,3.6031265258789062,59.0,60.0,6.868
1765479642.2566187,99,22,14,27,20,3.6031265258789062,59.0,60.0,6.868
1765479642.457752,99,20,53,20,18,3.6025924682617188,59.0,59.5,6.908
1765479642.658946,99,20,53,20,18,3.6025924682617188,59.0,59.5,6.908
1765479642.8598793,99,20,53,20,18,3.6025924682617188,59.0,59.5,6.908
1765479643.0612664,36,30,29,35,22,3.602741241455078,58.0,59.5,5.707
1765479643.262403,36,30,29,35,22,3.602741241455078,58.0,59.5,5.707
1765479643.4632928,99,32,40,54,22,3.602794647216797,59.0,59.5,7.256
1765479643.664493,99,32,40,54,22,3.602794647216797,59.0,59.5,7.256
1765479643.8655624,99,32,40,54,22,3.602794647216797,59.0,59.5,7.256
1765479644.066468,99,14,11,15,20,3.6033477783203125,59.0,59.5,6.37
1765479644.2674336,99,14,11,15,20,3.6033477783203125,59.0,59.5,6.37
1765479644.4684753,99,14,11,15,20,3.6033477783203125,59.0,59.5,6.37
1765479644.669527,99,26,50,32,22,3.6027488708496094,59.0,59.5,7.364
1765479644.8707361,99,26,50,32,22,3.6027488708496094,59.0,59.5,7.364
1765479645.07169,98,23,14,21,20,3.6030845642089844,59.0,59.5,6.829
1765479645.2727141,98,23,14,21,20,3.6030845642089844,59.0,59.5,6.829
1765479645.4738383,98,23,14,21,20,3.6030845642089844,59.0,59.5,6.829
1765479645.674872,98,37,27,56,46,3.602985382080078,59.0,60.0,8.358
1765479645.8760266,98,37,27,56,46,3.602985382080078,59.0,60.0,8.358
1765479646.0772297,99,10,13,10,13,3.6039772033691406,59.0,60.5,7.856
1765479646.278141,99,10,13,10,13,3.6039772033691406,59.0,60.5,7.856
1765479646.4792416,99,10,13,10,13,3.6039772033691406,59.0,60.5,7.856
1765479646.6813564,99,36,21,52,32,3.6033058166503906,59.0,60.5,7.523
1765479646.882443,99,36,21,52,32,3.6033058166503906,59.0,60.5,7.523
1765479647.08357,98,30,26,14,16,3.6033935546875,59.5,60.0,7.256
1765479647.284646,98,30,26,14,16,3.6033935546875,59.5,60.0,7.256
1765479647.4858255,98,30,26,14,16,3.6033935546875,59.5,60.0,7.256
1765479647.686762,99,26,38,33,26,3.60382080078125,59.5,60.5,8.134
1765479647.887705,99,26,38,33,26,3.60382080078125,59.5,60.5,8.134
1765479648.088777,99,18,13,30,15,3.603363037109375,59.5,60.0,7.364
1765479648.2896686,99,18,13,30,15,3.603363037109375,59.5,60.0,7.364
1765479648.4905639,99,18,13,30,15,3.603363037109375,59.5,60.0,7.364
1765479648.6915662,99,27,31,24,32,3.603240966796875,59.0,60.0,6.72
1765479648.89264,99,27,31,24,32,3.603240966796875,59.0,60.0,6.72
1765479649.0938294,99,22,23,23,55,3.6034507751464844,59.5,60.0,7.404
1765479649.2949615,99,22,23,23,55,3.6034507751464844,59.5,60.0,7.404
1765479649.4960313,99,22,23,23,55,3.6034507751464844,59.5,60.0,7.404
1765479649.697113,99,21,14,25,20,3.6043243408203125,59.0,60.0,6.68
1765479649.8981469,99,21,14,25,20,3.6043243408203125,59.0,60.0,6.68
1765479650.0991387,99,22,23,58,24,3.603565216064453,59.5,60.0,7.137
1765479650.3003426,99,22,23,58,24,3.603565216064453,59.5,60.0,7.137
1765479650.5012164,99,22,23,58,24,3.603565216064453,59.5,60.0,7.137
1765479650.702231,73,22,23,22,22,3.603435516357422,58.5,60.0,5.626
1765479650.9034219,73,22,23,22,22,3.603435516357422,58.5,60.0,5.626
1765479651.1044421,99,22,62,28,31,3.6034469604492188,59.5,60.0,7.483
1765479651.305701,99,22,62,28,31,3.6034469604492188,59.5,60.0,7.483
1765479651.506755,99,22,62,28,31,3.6034469604492188,59.5,60.0,7.483
1765479651.7077403,97,10,6,12,9,3.603656768798828,59.5,59.5,6.829
1765479651.9090612,97,10,6,12,9,3.603656768798828,59.5,59.5,6.829
1765479652.110218,97,10,6,12,9,3.603656768798828,59.5,59.5,6.829
1765479652.3117898,99,30,28,25,72,3.6035804748535156,59.5,60.0,7.936
1765479652.5128098,99,30,28,25,72,3.6035804748535156,59.5,60.0,7.936
1765479652.7136862,99,24,25,14,24,3.6034469604492188,59.5,60.0,7.404
1765479652.9146142,99,24,25,14,24,3.6034469604492188,59.5,60.0,7.404
1765479653.1161127,99,24,25,14,24,3.6034469604492188,59.5,60.0,7.404
1765479653.3170614,99,31,26,38,50,3.6040267944335938,59.5,60.5,8.2
1765479653.5182939,99,31,26,38,50,3.6040267944335938,59.5,60.5,8.2
1765479653.7193341,99,17,13,13,16,3.6028671264648438,59.5,60.0,6.988
1765479653.920405,99,17,13,13,16,3.6028671264648438,59.5,60.0,6.988
1765479654.121313,99,17,13,13,16,3.6028671264648438,59.5,60.0,6.988
1765479654.3225436,99,46,36,25,30,3.6031532287597656,59.0,61.0,7.483
1765479654.5235965,99,46,36,25,30,3.6031532287597656,59.0,61.0,7.483
1765479654.7244854,98,40,22,22,12,3.603565216064453,59.5,60.0,7.563
1765479654.9255137,98,40,22,22,12,3.603565216064453,59.5,60.0,7.563
1765479655.126648,98,40,22,22,12,3.603565216064453,59.5,60.0,7.563
1765479655.3277402,99,21,29,16,20,3.6037750244140625,59.0,61.5,7.137
1765479655.5286539,99,21,29,16,20,3.6037750244140625,59.0,61.5,7.137
1765479655.7297158,99,26,16,43,18,3.6028709411621094,59.5,59.5,7.404
1765479655.9307368,99,26,16,43,18,3.6028709411621094,59.5,59.5,7.404
1765479656.1316495,99,26,16,43,18,3.6028709411621094,59.5,59.5,7.404
1765479656.3328047,99,26,20,18,31,3.6034622192382812,59.5,60.0,6.099
1765479656.5338585,99,26,20,18,31,3.6034622192382812,59.5,60.0,6.099
1765479656.7349315,99,56,28,28,22,3.6034812927246094,59.5,60.5,7.563
1765479656.936102,99,56,28,28,22,3.6034812927246094,59.5,60.5,7.563
1765479657.1371067,99,56,28,28,22,3.6034812927246094,59.5,60.5,7.563
1765479657.3382478,77,17,12,18,8,3.6030540466308594,58.5,61.0,5.506
1765479657.5393496,77,17,12,18,8,3.6030540466308594,58.5,61.0,5.506
1765479657.7404225,99,22,20,30,60,3.6032142639160156,59.5,60.0,7.296
1765479657.9415145,99,22,20,30,60,3.6032142639160156,59.5,60.0,7.296
1765479658.1426241,99,22,20,30,60,3.6032142639160156,59.5,60.0,7.296
1765479658.3435717,98,17,23,17,12,3.6030426025390625,59.5,59.5,6.48
1765479658.5447342,98,17,23,17,12,3.6030426025390625,59.5,59.5,6.48
1765479658.7458048,99,23,71,19,30,3.6043319702148438,59.5,60.0,8.24
1765479658.946766,99,23,71,19,30,3.6043319702148438,59.5,60.0,8.24
1765479659.1478775,99,23,71,19,30,3.6043319702148438,59.5,60.0,8.24
1765479659.3489192,99,14,12,11,10,3.6030197143554688,59.5,60.0,7.017
1765479659.549863,99,14,12,11,10,3.6030197143554688,59.5,60.0,7.017
1765479659.750894,99,59,28,28,27,3.6033668518066406,59.5,60.5,7.591
1765479659.9518516,99,59,28,28,27,3.6033668518066406,59.5,60.5,7.591
1765479660.15294,99,59,28,28,27,3.6033668518066406,59.5,60.5,7.591
1765479660.354014,99,36,30,16,26,3.6035728454589844,59.5,60.0,7.67
1765479660.5549765,99,36,30,16,26,3.6035728454589844,59.5,60.0,7.67
1765479660.7562456,99,22,32,33,18,3.605396270751953,59.0,61.0,7.324
1765479660.9573524,99,22,32,33,18,3.605396270751953,59.0,61.0,7.324
1765479661.1584344,99,22,32,33,18,3.605396270751953,59.0,61.0,7.324
1765479661.3593738,99,23,22,31,29,3.604503631591797,59.5,60.0,7.364
1765479661.5603673,99,23,22,31,29,3.604503631591797,59.5,60.0,7.364
1765479661.7612808,99,23,22,31,29,3.604503631591797,59.5,60.0,7.364
1765479661.962636,96,19,21,14,21,3.6043434143066406,59.0,60.0,5.787
1765479662.163772,96,19,21,14,21,3.6043434143066406,59.0,60.0,5.787
1765479662.36508,99,32,54,30,25,3.6051902770996094,59.5,60.5,7.603
1765479662.5662317,99,32,54,30,25,3.6051902770996094,59.5,60.5,7.603
1765479662.7671537,99,32,54,30,25,3.6051902770996094,59.5,60.5,7.603
1765479662.9690444,67,18,6,10,11,3.6047744750976562,59.0,60.0,5.595
1765479663.1703248,67,18,6,10,11,3.6047744750976562,59.0,60.0,5.595
1765479663.3716223,99,30,33,31,54,3.60455322265625,59.5,60.5,7.483
1765479663.5727518,99,30,33,31,54,3.60455322265625,59.5,60.5,7.483
1765479663.7739263,99,30,33,31,54,3.60455322265625,59.5,60.5,7.483
1765479663.9749053,94,14,19,20,16,3.604248046875,59.5,60.0,5.586
1765479664.1767015,94,14,19,20,16,3.604248046875,59.5,60.0,5.586
1765479664.377819,98,29,29,42,54,3.6053466796875,59.5,61.0,8.438
1765479664.5789275,98,29,29,42,54,3.6053466796875,59.5,61.0,8.438
1765479664.7801588,98,29,29,42,54,3.6053466796875,59.5,61.0,8.438
1765479664.9812372,99,25,10,18,15,3.6051063537597656,59.5,60.0,7.444
1765479665.1823335,99,25,10,18,15,3.6051063537597656,59.5,60.0,7.444
1765479665.3833816,99,40,28,54,40,3.604839324951172,59.5,60.5,7.75
1765479665.584361,99,40,28,54,40,3.604839324951172,59.5,60.5,7.75
1765479665.7854362,99,40,28,54,40,3.604839324951172,59.5,60.5,7.75
1765479665.9865487,99,27,20,35,20,3.6057662963867188,60.0,60.5,7.416
1765479666.1875439,99,27,20,35,20,3.6057662963867188,60.0,60.5,7.416
1765479666.3885453,99,27,17,30,19,3.606658935546875,59.0,60.5,7.284
1765479666.589453,99,27,17,30,19,3.606658935546875,59.0,60.5,7.284
1765479666.790417,99,27,17,30,19,3.606658935546875,59.0,60.5,7.284
1765479666.9915686,99,32,29,24,18,3.6065025329589844,60.0,60.5,7.364
1765479667.192764,99,32,29,24,18,3.6065025329589844,60.0,60.5,7.364
1765479667.393993,95,24,22,30,16,3.6066131591796875,59.5,60.0,5.313
1765479667.5950022,95,24,22,30,16,3.6066131591796875,59.5,60.0,5.313
1765479667.796256,95,24,22,30,16,3.6066131591796875,59.5,60.0,5.313
1765479667.9973483,99,60,29,23,26,3.6078872680664062,60.0,60.5,7.975
1765479668.1985772,99,60,29,23,26,3.6078872680664062,60.0,60.5,7.975
1765479668.3995643,83,10,9,19,8,3.6070556640625,59.0,60.0,5.787
1765479668.6005404,83,10,9,19,8,3.6070556640625,59.0,60.0,5.787
1765479668.801432,83,10,9,19,8,3.6070556640625,59.0,60.0,5.787
1765479669.002444,99,33,54,34,32,3.606891632080078,59.5,60.5,7.256
1765479669.2035723,99,33,54,34,32,3.606891632080078,59.5,60.5,7.256
1765479669.4044933,99,16,18,18,19,3.607227325439453,59.5,60.0,5.555
1765479669.6055298,99,16,18,18,19,3.607227325439453,59.5,60.0,5.555
1765479669.8066344,99,16,18,18,19,3.607227325439453,59.5,60.0,5.555
1765479670.0075655,99,28,26,22,62,3.6083526611328125,60.0,60.5,8.174
1765479670.2087114,99,28,26,22,62,3.6083526611328125,60.0,60.5,8.174
1765479670.40964,98,12,15,16,17,3.6069908142089844,59.5,60.0,6.709
1765479670.6106257,98,12,15,16,17,3.6069908142089844,59.5,60.0,6.709
1765479670.8116922,98,12,15,16,17,3.6069908142089844,59.5,60.0,6.709
1765479671.0127547,99,34,36,63,24,3.607105255126953,60.0,61.5,7.75
1765479671.2139902,99,34,36,63,24,3.607105255126953,60.0,61.5,7.75
1765479671.4149332,99,25,20,12,24,3.607196807861328,60.0,60.5,7.789
1765479671.615877,99,25,20,12,24,3.607196807861328,60.0,60.5,7.789
1765479671.817085,99,25,20,12,24,3.607196807861328,60.0,60.5,7.789
1765479672.0182226,99,18,56,14,18,3.6073455810546875,60.0,60.0,7.71
1765479672.219198,99,18,56,14,18,3.6073455810546875,60.0,60.0,7.71
1765479672.4202378,99,20,30,16,21,3.607196807861328,60.0,60.5,7.523
1765479672.6212726,99,20,30,16,21,3.607196807861328,60.0,60.5,7.523
1765479672.8222115,99,20,30,16,21,3.607196807861328,60.0,60.5,7.523
1765479673.0232408,99,39,27,32,26,3.607196807861328,59.5,61.0,7.336
1765479673.2246077,99,39,27,32,26,3.607196807861328,59.5,61.0,7.336
1765479673.4256074,99,39,27,32,26,3.607196807861328,59.5,61.0,7.336
1765479673.6265898,99,18,24,48,25,3.607707977294922,60.0,61.0,8.015
1765479673.8274877,99,18,24,48,25,3.607707977294922,60.0,61.0,8.015
1765479674.0287724,99,8,11,12,23,3.6074256896972656,60.0,60.5,5.868
1765479674.2298462,99,8,11,12,23,3.6074256896972656,60.0,60.5,5.868
1765479674.4307222,99,8,11,12,23,3.6074256896972656,60.0,60.5,5.868
1765479674.6316092,99,34,42,43,29,3.6070709228515625,60.0,60.5,7.057
1765479674.8326309,99,34,42,43,29,3.6070709228515625,60.0,60.5,7.057
1765479675.03375,99,30,16,16,28,3.6070213317871094,59.5,60.5,6.179
1765479675.2348278,99,30,16,16,28,3.6070213317871094,59.5,60.5,6.179
1765479675.4363873,99,30,16,16,28,3.6070213317871094,59.5,60.5,6.179
1765479675.637378,99,23,18,25,58,3.607940673828125,60.0,61.0,7.483
1765479675.8383648,99,23,18,25,58,3.607940673828125,60.0,61.0,7.483
1765479676.039266,99,10,17,14,19,3.6075401306152344,59.5,60.0,5.201
1765479676.240411,99,10,17,14,19,3.6075401306152344,59.5,60.0,5.201
1765479676.4416528,99,10,17,14,19,3.6075401306152344,59.5,60.0,5.201
1765479676.6427703,99,53,32,36,32,3.6073341369628906,60.0,61.0,7.896
1765479676.844012,99,53,32,36,32,3.6073341369628906,60.0,61.0,7.896
1765479677.0449476,98,21,12,19,18,3.6072463989257812,60.0,60.5,7.444
1765479677.2459457,98,21,12,19,18,3.6072463989257812,60.0,60.5,7.444
1765479677.4470317,98,21,12,19,18,3.6072463989257812,60.0,60.5,7.444
1765479677.6482837,98,26,23,27,56,3.60980224609375,60.0,60.5,7.67
1765479677.8507152,98,26,23,27,56,3.60980224609375,60.0,60.5,7.67
1765479678.051766,99,27,18,22,18,3.6101303100585938,60.0,61.5,7.63
1765479678.2527874,99,27,18,22,18,3.6101303100585938,60.0,61.5,7.63
1765479678.4539092,99,27,18,22,18,3.6101303100585938,60.0,61.5,7.63
1765479678.6552064,99,41,30,52,41,3.609893798828125,60.0,61.5,7.896
1765479678.856383,99,41,30,52,41,3.609893798828125,60.0,61.5,7.896
1765479679.0573404,99,25,12,35,17,3.6112709045410156,60.0,61.5,7.936
1765479679.258351,99,25,12,35,17,3.6112709045410156,60.0,61.5,7.936
1765479679.4595222,99,25,12,35,17,3.6112709045410156,60.0,61.5,7.936
1765479679.6607087,99,24,14,39,21,3.6105117797851562,60.0,62.0,7.483
1765479679.8619168,99,24,14,39,21,3.6105117797851562,60.0,62.0,7.483
1765479680.0628786,99,42,25,18,17,3.6100082397460938,60.0,60.5,7.256
1765479680.2640882,99,42,25,18,17,3.6100082397460938,60.0,60.5,7.256
1765479680.4650004,99,42,25,18,17,3.6100082397460938,60.0,60.5,7.256
1765479680.6662385,99,29,21,24,22,3.610759735107422,60.0,60.5,6.249
1765479680.8672447,99,29,21,24,22,3.610759735107422,60.0,60.5,6.249
1765479681.0683746,99,24,16,16,54,3.6112709045410156,60.0,60.5,7.404
1765479681.269813,99,24,16,16,54,3.6112709045410156,60.0,60.5,7.404
1765479681.4708064,99,24,16,16,54,3.6112709045410156,60.0,60.5,7.404
1765479681.6717727,60,19,19,20,20,3.6111068725585938,59.5,60.5,5.747
1765479681.8729718,60,19,19,20,20,3.6111068725585938,59.5,60.5,5.747
1765479682.0739505,99,34,41,52,27,3.610942840576172,60.0,60.5,7.376
1765479682.2750955,99,34,41,52,27,3.610942840576172,60.0,60.5,7.376
1765479682.4763913,99,34,41,52,27,3.610942840576172,60.0,60.5,7.376
1765479682.6773267,99,20,18,20,13,3.611949920654297,60.0,61.0,6.53
1765479682.8784807,99,20,18,20,13,3.611949920654297,60.0,61.0,6.53
1765479683.080224,99,59,26,18,18,3.6107215881347656,60.0,60.5,7.483
1765479683.281275,99,59,26,18,18,3.6107215881347656,60.0,60.5,7.483
1765479683.482478,99,59,26,18,18,3.6107215881347656,60.0,60.5,7.483
1765479683.6834538,98,48,42,38,34,3.611103057861328,60.0,62.0,7.909
1765479683.8848066,98,48,42,38,34,3.611103057861328,60.0,62.0,7.909
1765479684.0857449,99,44,62,38,54,3.6116790771484375,60.0,61.0,7.789
1765479684.2866778,99,44,62,38,54,3.6116790771484375,60.0,61.0,7.789
1765479684.4879768,99,44,62,38,54,3.6116790771484375,60.0,61.0,7.789
1765479684.6889334,98,16,19,14,20,3.6120643615722656,60.0,61.0,7.643
1765479684.8898504,98,16,19,14,20,3.6120643615722656,60.0,61.0,7.643
1765479685.090972,98,16,19,14,20,3.6120643615722656,60.0,61.0,7.643
1765479685.292017,99,25,42,31,20,3.611309051513672,60.0,60.5,7.75
1765479685.4931126,99,25,42,31,20,3.611309051513672,60.0,60.5,7.75
1765479685.694301,98,16,37,27,15,3.61163330078125,60.0,60.5,7.296
1765479685.8991096,98,16,37,27,15,3.61163330078125,60.0,60.5,7.296
1765479686.1005547,98,16,37,27,15,3.61163330078125,60.0,60.5,7.296
1765479686.301711,99,30,30,21,29,3.6117210388183594,59.5,61.5,6.868
1765479686.5027792,99,30,30,21,29,3.6117210388183594,59.5,61.5,6.868
1765479686.7038715,99,17,15,16,44,3.611572265625,60.5,60.5,7.551
1765479686.9051056,99,17,15,16,44,3.611572265625,60.5,60.5,7.551
1765479687.1060684,99,17,15,16,44,3.611572265625,60.5,60.5,7.551
1765479687.307558,99,25,12,27,21,3.6116600036621094,60.0,60.5,6.019
1765479687.5085309,99,25,12,27,21,3.6116600036621094,60.0,60.5,6.019
1765479687.709559,99,34,60,28,27,3.6118621826171875,60.0,61.0,7.137
1765479687.910757,99,34,60,28,27,3.6118621826171875,60.0,61.0,7.137
1765479688.1128561,99,34,60,28,27,3.6118621826171875,60.0,61.0,7.137
1765479688.3140624,0,14,20,17,22,3.6130027770996094,59.5,62.0,5.474
1765479688.515089,0,14,20,17,22,3.6130027770996094,59.5,62.0,5.474
1765479688.7164304,99,22,59,16,24,3.612110137939453,60.5,60.5,7.256
1765479688.9173734,99,22,59,16,24,3.612110137939453,60.5,60.5,7.256
1765479689.1184754,99,22,59,16,24,3.612110137939453,60.5,60.5,7.256
1765479689.3194456,99,26,23,21,14,3.6121597290039062,60.0,61.0,6.829
1765479689.5205953,99,26,23,21,14,3.6121597290039062,60.0,61.0,6.829
1765479689.7223275,99,46,45,34,38,3.6119651794433594,60.5,61.0,8.213
1765479689.9232972,99,46,45,34,38,3.6119651794433594,60.5,61.0,8.213
1765479690.1269865,99,46,45,34,38,3.6119651794433594,60.5,61.0,8.213
1765479690.3282337,99,15,16,17,11,3.612895965576172,60.0,61.0,8.094
1765479690.530682,99,15,16,17,11,3.612895965576172,60.0,61.0,8.094
1765479690.7317176,99,21,54,37,20,3.612438201904297,60.0,60.5,7.591
1765479690.9326284,99,21,54,37,20,3.612438201904297,60.0,60.5,7.591
1765479691.1336067,99,21,54,37,20,3.612438201904297,60.0,60.5,7.591
1765479691.3346317,99,31,17,12,17,3.6120567321777344,60.5,61.0,7.137
1765479691.5357647,99,31,17,12,17,3.6120567321777344,60.5,61.0,7.137
1765479691.7365985,99,36,35,35,34,3.6130638122558594,60.5,61.5,8.055
1765479691.9378781,99,36,35,35,34,3.6130638122558594,60.5,61.5,8.055
1765479692.1390107,99,36,35,35,34,3.6130638122558594,60.5,61.5,8.055
1765479692.3402836,98,16,27,10,10,3.6123809814453125,60.0,61.0,7.336
1765479692.5412219,98,16,27,10,10,3.6123809814453125,60.0,61.0,7.336
1765479692.7423184,99,26,39,28,30,3.612316131591797,60.0,62.0,7.137
1765479692.9434798,99,26,39,28,30,3.612316131591797,60.0,62.0,7.137
1765479693.1444821,99,26,39,28,30,3.612316131591797,60.0,62.0,7.137
1765479693.345424,99,25,21,52,18,3.6127586364746094,60.5,61.5,7.63
1765479693.54631,99,25,21,52,18,3.6127586364746094,60.5,61.5,7.63
1765479693.7473001,99,19,12,24,21,3.6132240295410156,60.5,61.5,6.908
1765479693.9484682,99,19,12,24,21,3.6132240295410156,60.5,61.5,6.908
1765479694.1493814,99,19,12,24,21,3.6132240295410156,60.5,61.5,6.908
1765479694.350555,99,33,21,55,23,3.612255096435547,60.5,61.0,7.097
1765479694.551573,99,33,21,55,23,3.612255096435547,60.5,61.0,7.097
1765479694.7524567,60,23,20,20,25,3.6114959716796875,60.0,61.5,5.698
1765479694.953633,60,23,20,20,25,3.6114959716796875,60.0,61.5,5.698
1765479695.154749,60,23,20,20,25,3.6114959716796875,60.0,61.5,5.698
1765479695.3557866,99,30,34,58,27,3.6112289428710938,60.5,61.0,7.478
1765479695.556797,99,30,34,58,27,3.6112289428710938,60.5,61.0,7.478
1765479695.7577188,99,30,34,58,27,3.6112289428710938,60.5,61.0,7.478
1765479695.958736,92,6,9,6,11,3.6124267578125,60.5,61.0,6.853
1765479696.1598465,92,6,9,6,11,3.6124267578125,60.5,61.0,6.853
1765479696.3611965,99,34,29,29,64,3.6116409301757812,60.5,61.5,8.173
1765479696.5622666,99,34,29,29,64,3.6116409301757812,60.5,61.5,8.173
1765479696.7634156,99,34,29,29,64,3.6116409301757812,60.5,61.5,8.173
1765479696.9644327,99,18,14,12,19,3.6120147705078125,60.5,61.0,7.475
1765479697.1656315,99,18,14,12,19,3.6120147705078125,60.5,61.0,7.475
1765479697.366733,99,30,30,50,35,3.61187744140625,60.5,61.5,8.226
1765479697.5676496,99,30,30,50,35,3.61187744140625,60.5,61.5,8.226
1765479697.7688577,99,30,30,50,35,3.61187744140625,60.5,61.5,8.226
1765479697.9699502,98,16,10,10,12,3.61175537109375,60.5,61.0,7.063
1765479698.1709042,98,16,10,10,12,3.61175537109375,60.5,61.0,7.063
1765479698.3721201,99,50,44,24,28,3.6116409301757812,60.5,62.0,7.514
1765479698.5732594,99,50,44,24,28,3.6116409301757812,60.5,62.0,7.514
1765479698.7743645,99,50,44,24,28,3.6116409301757812,60.5,62.0,7.514
1765479698.9754882,98,25,36,24,17,3.6119003295898438,61.0,61.5,7.593
1765479699.1763675,98,25,36,24,17,3.6119003295898438,61.0,61.5,7.593
1765479699.377691,99,23,23,37,18,3.6125564575195312,60.5,62.0,7.514
1765479699.578653,99,23,23,37,18,3.6125564575195312,60.5,62.0,7.514
1765479699.779683,99,23,23,37,18,3.6125564575195312,60.5,62.0,7.514
1765479699.9808984,99,29,16,20,28,3.6121559143066406,60.5,61.0,7.447
1765479700.181826,99,29,16,20,28,3.6121559143066406,60.5,61.0,7.447
1765479700.383589,99,25,28,16,22,3.612274169921875,60.5,61.5,6.339
1765479700.584983,99,25,28,16,22,3.612274169921875,60.5,61.5,6.339
1765479700.7860317,99,25,28,16,22,3.612274169921875,60.5,61.5,6.339
1765479700.9871554,99,25,63,24,22,3.6120223999023438,60.5,61.0,7.328
1765479701.1882384,99,25,63,24,22,3.6120223999023438,60.5,61.0,7.328
1765479701.389205,65,12,20,14,11,3.612346649169922,60.5,61.5,6.03
1765479701.590217,65,12,20,14,11,3.612346649169922,60.5,61.5,6.03
1765479701.7912567,65,12,20,14,11,3.612346649169922,60.5,61.5,6.03
1765479701.9922473,99,26,60,26,17,3.6122703552246094,60.5,61.0,7.142
1765479702.1933422,99,26,60,26,17,3.6122703552246094,60.5,61.0,7.142
1765479702.3942673,99,20,20,24,12,3.6122665405273438,60.5,61.0,5.76
1765479702.595226,99,20,20,24,12,3.6122665405273438,60.5,61.0,5.76
1765479702.7964003,99,20,20,24,12,3.6122665405273438,60.5,61.0,5.76
1765479702.9973104,99,60,39,30,27,3.6132583618164062,61.0,62.0,8.619
1765479703.1983635,99,60,39,30,27,3.6132583618164062,61.0,62.0,8.619
1765479703.3994184,98,19,16,11,12,3.612030029296875,61.0,61.0,6.875
1765479703.6021664,98,19,16,11,12,3.612030029296875,61.0,61.0,6.875
1765479703.8031182,98,19,16,11,12,3.612030029296875,61.0,61.0,6.875
1765479704.0042186,99,28,30,64,33,3.6126251220703125,61.0,62.0,7.87
1765479704.2054312,99,28,30,64,33,3.6126251220703125,61.0,62.0,7.87
1765479704.4066842,99,21,22,18,19,3.6126136779785156,60.5,61.0,7.328
1765479704.6076841,99,21,22,18,19,3.6126136779785156,60.5,61.0,7.328
1765479704.808849,99,21,22,18,19,3.6126136779785156,60.5,61.0,7.328
1765479705.0099087,99,28,47,32,24,3.612895965576172,61.0,61.5,8.213
1765479705.2108495,99,28,47,32,24,3.612895965576172,61.0,61.5,8.213
1765479705.4127343,99,28,47,32,24,3.612895965576172,61.0,61.5,8.213
1765479705.6136842,99,18,26,19,17,3.6121978759765625,61.0,61.0,7.487
1765479705.8145938,99,18,26,19,17,3.6121978759765625,61.0,61.0,7.487
1765479706.0156975,99,30,24,26,38,3.611888885498047,60.5,62.0,7.221
1765479706.2167742,99,30,24,26,38,3.611888885498047,60.5,62.0,7.221
1765479706.417762,99,30,24,26,38,3.611888885498047,60.5,62.0,7.221
1765479706.6187284,99,48,21,16,15,3.6125259399414062,61.0,61.5,7.712
1765479706.8195865,99,48,21,16,15,3.6125259399414062,61.0,61.5,7.712
1765479707.0207927,99,14,25,12,11,3.6125869750976562,60.5,61.0,5.769
1765479707.221812,99,14,25,12,11,3.6125869750976562,60.5,61.0,5.769
1765479707.4227726,99,14,25,12,11,3.6125869750976562,60.5,61.0,5.769
1765479707.624079,99,44,30,33,34,3.6119346618652344,61.0,61.5,6.955
1765479707.8249776,99,44,30,33,34,3.6119346618652344,61.0,61.5,6.955
1765479708.0258136,99,19,19,26,16,3.6123085021972656,60.5,61.5,5.84
1765479708.2269027,99,19,19,26,16,3.6123085021972656,60.5,61.5,5.84
1765479708.4281065,99,19,19,26,16,3.6123085021972656,60.5,61.5,5.84
1765479708.6293058,99,22,30,34,55,3.612926483154297,61.0,62.0,7.791
1765479708.8302946,99,22,30,34,55,3.612926483154297,61.0,62.0,7.791
1765479709.031274,91,17,10,13,10,3.6120529174804688,60.5,61.0,5.305
1765479709.2331262,91,17,10,13,10,3.6120529174804688,60.5,61.0,5.305
1765479709.43426,91,17,10,13,10,3.6120529174804688,60.5,61.0,5.305
1765479709.6352427,99,60,32,28,25,3.6122207641601562,61.0,61.0,7.752
1765479709.836439,99,60,32,28,25,3.6122207641601562,61.0,61.0,7.752
1765479710.0373147,98,8,8,20,18,3.612415313720703,61.0,61.5,6.926
1765479710.2382429,98,8,8,20,18,3.612415313720703,61.0,61.5,6.926
1765479710.4393008,98,8,8,20,18,3.612415313720703,61.0,61.5,6.926
1765479710.6403124,98,57,29,27,23,3.6130332946777344,61.0,62.5,8.279
1765479710.8412411,98,57,29,27,23,3.6130332946777344,61.0,62.5,8.279
1765479711.0421274,99,21,15,22,15,3.6124839782714844,60.5,61.5,7.34
1765479711.2430286,99,21,15,22,15,3.6124839782714844,60.5,61.5,7.34
1765479711.4441264,99,21,15,22,15,3.6124839782714844,60.5,61.5,7.34
1765479711.6455088,99,44,26,35,31,3.6121139526367188,61.0,62.0,6.886
1765479711.846763,99,44,26,35,31,3.6121139526367188,61.0,62.0,6.886
1765479712.0479653,99,34,17,12,38,3.612781524658203,61.0,61.5,8.357
1765479712.2491097,99,34,17,12,38,3.612781524658203,61.0,61.5,8.357
1765479712.4505224,99,34,17,12,38,3.612781524658203,61.0,61.5,8.357
1765479712.6526523,0,13,20,12,12,3.612567901611328,60.5,61.5,4.951
1765479712.8537016,0,13,20,12,12,3.612567901611328,60.5,61.5,4.951
1765479713.0603373,99,39,40,38,16,3.613506317138672,61.0,61.5,7.034
1765479713.2623878,99,39,40,38,16,3.613506317138672,61.0,61.5,7.034
1765479713.4633706,99,39,40,38,16,3.613506317138672,61.0,61.5,7.034
1765479713.6647587,80,24,21,24,23,3.613544464111328,60.5,61.5,5.96
1765479713.8657403,80,24,21,24,23,3.613544464111328,60.5,61.5,5.96
1765479714.0670147,99,22,25,27,62,3.6149215698242188,61.0,62.0,7.91
1765479714.2721338,99,22,25,27,62,3.6149215698242188,61.0,62.0,7.91
1765479714.4733608,99,22,25,27,62,3.6149215698242188,61.0,62.0,7.91
1765479714.6743097,98,13,4,13,8,3.613636016845703,61.0,61.0,6.04
1765479714.8754141,98,13,4,13,8,3.613636016845703,61.0,61.0,6.04
1765479715.0765183,99,66,30,44,29,3.6146583557128906,61.0,61.5,7.937
1765479715.2776334,99,66,30,44,29,3.6146583557128906,61.0,61.5,7.937
1765479715.4789095,99,66,30,44,29,3.6146583557128906,61.0,61.5,7.937
1765479715.6798384,99,24,15,20,20,3.614330291748047,61.0,61.5,7.606
1765479715.881259,99,24,15,20,20,3.614330291748047,61.0,61.5,7.606
1765479716.082672,99,48,16,20,28,3.6152191162109375,61.0,62.0,7.91
1765479716.284193,99,48,16,20,28,3.6152191162109375,61.0,62.0,7.91
1765479716.4851704,99,48,16,20,28,3.6152191162109375,61.0,62.0,7.91
1765479716.686362,99,18,19,25,18,3.615100860595703,61.0,61.0,7.114
1765479716.8872955,99,18,19,25,18,3.615100860595703,61.0,61.0,7.114
1765479717.0882702,99,29,22,34,42,3.614887237548828,61.0,61.5,7.193
1765479717.289337,99,29,22,34,42,3.614887237548828,61.0,61.5,7.193
1765479717.4903371,99,29,22,34,42,3.614887237548828,61.0,61.5,7.193
1765479717.6914356,99,17,41,20,20,3.6159095764160156,61.5,62.0,8.476
1765479717.8924332,99,17,41,20,20,3.6159095764160156,61.5,62.0,8.476
1765479718.093425,99,17,41,20,20,3.6159095764160156,61.5,62.0,8.476
1765479718.2945597,28,19,12,24,15,3.6155662536621094,60.5,61.0,5.649
1765479718.49568,28,19,12,24,15,3.6155662536621094,60.5,61.0,5.649
1765479718.6968043,99,54,26,26,27,3.615833282470703,61.0,61.5,6.994
1765479718.8978772,99,54,26,26,27,3.615833282470703,61.0,61.5,6.994
1765479719.0988097,99,54,26,26,27,3.615833282470703,61.0,61.5,6.994
1765479719.2997224,99,14,20,22,26,3.6162109375,60.5,61.5,6.349
1765479719.500726,99,14,20,22,26,3.6162109375,60.5,61.5,6.349
1765479719.7017274,99,25,27,54,22,3.616535186767578,61.0,61.5,7.989
1765479719.90283,99,25,27,54,22,3.616535186767578,61.0,61.5,7.989
1765479720.103779,99,25,27,54,22,3.616535186767578,61.0,61.5,7.989
1765479720.3048398,74,12,14,18,20,3.616161346435547,60.0,62.5,5.809
1765479720.5060437,74,12,14,18,20,3.616161346435547,60.0,62.5,5.809
1765479720.7070165,99,33,54,35,29,3.616241455078125,61.5,62.0,7.578
1765479720.9080794,99,33,54,35,29,3.616241455078125,61.5,62.0,7.578
1765479721.1090422,99,33,54,35,29,3.616241455078125,61.5,62.0,7.578
1765479721.3099349,99,18,19,18,15,3.616180419921875,61.0,61.5,6.698
1765479721.5108151,99,18,19,18,15,3.616180419921875,61.0,61.5,6.698
1765479721.7117317,99,60,25,16,26,3.6162872314453125,61.5,61.5,7.725
1765479721.912745,99,60,25,16,26,3.6162872314453125,61.5,61.5,7.725
1765479722.1138537,99,60,25,16,26,3.6162872314453125,61.5,61.5,7.725
1765479722.3148365,99,19,24,14,16,3.6160507202148438,61.0,61.0,7.193
1765479722.516087,99,19,24,14,16,3.6160507202148438,61.0,61.0,7.193
1765479722.7171855,99,28,31,60,32,3.6160926818847656,61.5,62.5,8.134
1765479722.9181926,99,28,31,60,32,3.6160926818847656,61.5,62.5,8.134
1765479723.1192174,99,28,31,60,32,3.6160926818847656,61.5,62.5,8.134
1765479723.3201945,99,23,21,16,6,3.616954803466797,61.0,61.5,7.606
1765479723.5211053,99,23,21,16,6,3.616954803466797,61.0,61.5,7.606
1765479723.7220488,99,23,41,22,30,3.6162071228027344,61.0,62.0,7.831
1765479723.9230735,99,23,41,22,30,3.6162071228027344,61.0,62.0,7.831
1765479724.1241913,99,23,41,22,30,3.6162071228027344,61.0,62.0,7.831
1765479724.3252869,99,21,30,17,25,3.615985870361328,61.0,62.0,7.42
1765479724.5262716,99,21,30,17,25,3.615985870361328,61.0,62.0,7.42
1765479724.7274225,99,39,23,29,30,3.615947723388672,60.5,62.0,7.233
1765479724.92953,99,39,23,29,30,3.615947723388672,60.5,62.0,7.233
1765479725.13052,99,39,23,29,30,3.615947723388672,60.5,62.0,7.233
1765479725.3316507,99,16,46,14,21,3.6168861389160156,61.0,61.5,8.095
1765479725.5325286,99,16,46,14,21,3.6168861389160156,61.0,61.5,8.095
1765479725.7335382,99,28,14,25,17,3.6158790588378906,60.5,62.0,6.349
1765479725.934631,99,28,14,25,17,3.6158790588378906,60.5,62.0,6.349
1765479726.1357064,99,28,14,25,17,3.6158790588378906,60.5,62.0,6.349
1765479726.3367755,99,42,22,35,49,3.615703582763672,60.5,61.5,7.085
1765479726.537896,99,42,22,35,49,3.615703582763672,60.5,61.5,7.085
1765479726.738776,56,27,20,23,18,3.6163864135742188,60.0,62.5,5.84
1765479726.9397898,56,27,20,23,18,3.6163864135742188,60.0,62.5,5.84
1765479727.1407766,56,27,20,23,18,3.6163864135742188,60.0,62.5,5.84
1765479727.3418427,99,26,14,56,17,3.6162071228027344,61.5,61.5,7.539
1765479727.5427203,99,26,14,56,17,3.6162071228027344,61.5,61.5,7.539
1765479727.7437856,99,26,14,56,17,3.6162071228027344,61.5,61.5,7.539
1765479727.9450688,99,18,12,15,18,3.616260528564453,61.0,61.5,6.698
1765479728.1461868,99,18,12,15,18,3.616260528564453,61.0,61.5,6.698
1765479728.347302,99,37,40,51,35,3.616016387939453,61.0,62.0,8.029
1765479728.5483897,99,37,40,51,35,3.616016387939453,61.0,62.0,8.029
1765479728.7497857,99,37,40,51,35,3.616016387939453,61.0,62.0,8.029
1765479728.9508238,99,15,15,15,18,3.6165428161621094,61.0,62.5,8.292
1765479729.1521285,99,15,15,15,18,3.6165428161621094,61.0,62.5,8.292
1765479729.3532972,99,24,18,33,50,3.6159934997558594,61.5,62.0,7.804
1765479729.5542307,99,24,18,33,50,3.6159934997558594,61.5,62.0,7.804
1765479729.755195,99,24,18,33,50,3.6159934997558594,61.5,62.0,7.804
1765479729.9561634,98,16,24,18,15,3.615856170654297,61.5,61.5,7.153
1765479730.1572235,98,16,24,18,15,3.615856170654297,61.5,61.5,7.153
1765479730.358335,99,30,42,38,24,3.6161651611328125,61.0,63.0,7.87
1765479730.5593128,99,30,42,38,24,3.6161651611328125,61.0,63.0,7.87
1765479730.7604437,99,30,42,38,24,3.6161651611328125,61.0,63.0,7.87
1765479730.9614453,99,16,35,10,13,3.616962432861328,61.0,62.0,7.831
1765479731.1623962,99,16,35,10,13,3.616962432861328,61.0,62.0,7.831
1765479731.3635085,99,26,21,32,26,3.615955352783203,61.0,62.5,7.301
1765479731.5645988,99,26,21,32,26,3.615955352783203,61.0,62.5,7.301
1765479731.7657094,99,26,21,32,26,3.615955352783203,61.0,62.5,7.301
1765479731.9668674,99,20,21,21,48,3.616046905517578,61.0,62.0,7.499
1765479732.1677904,99,20,21,21,48,3.616046905517578,61.0,62.0,7.499
1765479732.3687468,78,28,18,18,16,3.6170616149902344,60.5,62.0,6.04
1765479732.569716,78,28,18,18,16,3.6170616149902344,60.5,62.0,6.04
1765479732.7712626,78,28,18,18,16,3.6170616149902344,60.5,62.0,6.04
1765479732.9727242,99,29,18,24,54,3.616069793701172,61.5,62.0,7.352
1765479733.1739006,99,29,18,24,54,3.616069793701172,61.5,62.0,7.352
1765479733.3749099,99,22,25,22,18,3.6165428161621094,60.5,61.0,5.184
1765479733.576191,99,22,25,22,18,3.6165428161621094,60.5,61.0,5.184
1765479733.7775035,99,22,25,22,18,3.6165428161621094,60.5,61.0,5.184
1765479733.9786434,99,37,39,56,36,3.6156387329101562,62.0,62.5,7.831
1765479734.1796088,99,37,39,56,36,3.6156387329101562,62.0,62.5,7.831
1765479734.3805287,99,10,16,6,13,3.6172523498535156,61.5,62.0,7.645
1765479734.5838382,99,10,16,6,13,3.6172523498535156,61.5,62.0,7.645
1765479734.7851274,99,10,16,6,13,3.6172523498535156,61.5,62.0,7.645
1765479734.9863317,99,56,26,28,16,3.6163597106933594,61.5,62.0,7.791
1765479735.1874588,99,56,26,28,16,3.6163597106933594,61.5,62.0,7.791
1765479735.3886056,99,19,13,17,22,3.6164283752441406,61.5,62.0,7.273
1765479735.5895555,99,19,13,17,22,3.6164283752441406,61.5,62.0,7.273
1765479735.7911627,99,19,13,17,22,3.6164283752441406,61.5,62.0,7.273
1765479735.9922025,99,32,34,50,43,3.6172752380371094,61.5,63.0,8.476
1765479736.19311,99,32,34,50,43,3.6172752380371094,61.5,63.0,8.476
1765479736.394249,99,12,8,11,11,3.6168289184570312,61.0,62.0,7.273
1765479736.5951972,99,12,8,11,11,3.6168289184570312,61.0,62.0,7.273
1765479736.7962143,99,12,8,11,11,3.6168289184570312,61.0,62.0,7.273
1765479736.9972692,99,29,30,38,48,3.616455078125,61.0,62.5,7.764
1765479737.1982307,99,29,30,38,48,3.616455078125,61.0,62.5,7.764
1765479737.3993626,99,20,18,18,37,3.6161880493164062,61.5,62.0,7.42
1765479737.6005168,99,20,18,18,37,3.6161880493164062,61.5,62.0,7.42
1765479737.801548,99,20,18,18,37,3.6161880493164062,61.5,62.0,7.42
1765479738.0029292,99,30,26,30,23,3.616931915283203,61.5,63.0,7.764
1765479738.2041004,99,30,26,30,23,3.616931915283203,61.5,63.0,7.764
1765479738.4051409,99,30,26,30,23,3.616931915283203,61.5,63.0,7.764
1765479738.6062398,99,40,14,17,14,3.6163978576660156,62.0,62.0,7.312
1765479738.8071978,99,40,14,17,14,3.6163978576660156,62.0,62.0,7.312
1765479739.0083208,65,22,23,32,25,3.616546630859375,61.0,61.5,5.385
1765479739.2096112,65,22,23,32,25,3.616546630859375,61.0,61.5,5.385
1765479739.4106534,65,22,23,32,25,3.616546630859375,61.0,61.5,5.385
1765479739.6117876,99,24,64,23,22,3.6164703369140625,61.5,62.0,7.006
1765479739.812733,99,24,64,23,22,3.6164703369140625,61.5,62.0,7.006
1765479740.0200517,99,24,29,28,20,3.6172142028808594,61.0,62.5,6.309
1765479740.2210295,99,24,29,28,20,3.6172142028808594,61.0,62.5,6.309
1765479740.4220533,99,24,29,28,20,3.6172142028808594,61.0,62.5,6.309
1765479740.6233025,99,25,57,26,23,3.616710662841797,61.0,61.5,6.966
1765479740.824427,99,25,57,26,23,3.616710662841797,61.0,61.5,6.966
1765479741.0253468,74,22,20,22,23,3.61663818359375,60.5,61.5,5.184
1765479741.2264035,74,22,20,22,23,3.61663818359375,60.5,61.5,5.184
1765479741.427424,74,22,20,22,23,3.61663818359375,60.5,61.5,5.184
1765479741.6291678,99,45,68,38,25,3.6170616149902344,62.0,62.5,8.673
1765479741.830362,99,45,68,38,25,3.6170616149902344,62.0,62.5,8.673
1765479742.0313318,98,16,15,9,8,3.6168670654296875,61.0,62.0,7.193
1765479742.2323096,98,16,15,9,8,3.6168670654296875,61.0,62.0,7.193
1765479742.4333067,98,16,15,9,8,3.6168670654296875,61.0,62.0,7.193
1765479742.6344194,99,70,25,24,27,3.6164093017578125,61.5,62.5,7.831
1765479742.8355482,99,70,25,24,27,3.6164093017578125,61.5,62.5,7.831
1765479743.036669,99,21,18,18,22,3.6170120239257812,61.5,61.5,6.886
1765479743.2375784,99,21,18,18,22,3.6170120239257812,61.5,61.5,6.886
1765479743.438708,99,21,18,18,22,3.6170120239257812,61.5,61.5,6.886
1765479743.639749,99,31,38,38,17,3.617534637451172,61.5,63.0,8.252
1765479743.8408227,99,31,38,38,17,3.617534637451172,61.5,63.0,8.252
1765479744.0419674,99,18,17,21,18,3.6169662475585938,62.0,61.5,7.233
1765479744.2429254,99,18,17,21,18,3.6169662475585938,62.0,61.5,7.233
1765479744.444402,99,18,17,21,18,3.6169662475585938,62.0,61.5,7.233
1765479744.645498,99,36,26,22,38,3.6171417236328125,61.0,62.5,7.153
1765479744.846621,99,36,26,22,38,3.6171417236328125,61.0,62.5,7.153
1765479745.0475652,99,50,24,24,18,3.61669921875,61.5,62.0,7.658
1765479745.2486582,99,50,24,24,18,3.61669921875,61.5,62.0,7.658
1765479745.4496748,99,50,24,24,18,3.61669921875,61.5,62.0,7.658
1765479745.6508453,99,10,6,20,12,3.6173667907714844,61.0,62.5,6.12
1765479745.8517697,99,10,6,20,12,3.6173667907714844,61.0,62.5,6.12
1765479746.052717,99,26,46,27,25,3.6171112060546875,61.5,62.0,6.926
1765479746.2538655,99,26,46,27,25,3.6171112060546875,61.5,62.0,6.926
1765479746.4549716,99,26,46,27,25,3.6171112060546875,61.5,62.0,6.926
1765479746.6561232,99,24,20,20,26,3.6168136596679688,61.0,62.0,5.849
1765479746.8572805,99,24,20,20,26,3.6168136596679688,61.0,62.0,5.849
1765479747.0582044,99,27,26,62,30,3.6172523498535156,62.0,62.5,7.725
1765479747.2592785,99,27,26,62,30,3.6172523498535156,62.0,62.5,7.725
1765479747.4607503,99,27,26,62,30,3.6172523498535156,62.0,62.5,7.725
1765479747.6617286,94,11,8,6,6,3.616924285888672,60.5,61.5,5.184
1765479747.8628058,94,11,8,6,6,3.616924285888672,60.5,61.5,5.184
1765479748.0638106,99,33,37,32,66,3.6168975830078125,61.5,62.5,7.87
1765479748.264905,99,33,37,32,66,3.6168975830078125,61.5,62.5,7.87
1765479748.4660735,99,33,37,32,66,3.6168975830078125,61.5,62.5,7.87
1765479748.667001,99,22,16,14,13,3.6171913146972656,61.5,62.5,7.42
1765479748.868223,99,22,16,14,13,3.6171913146972656,61.5,62.5,7.42
1765479749.0693681,99,22,16,14,13,3.6171913146972656,61.5,62.5,7.42
1765479749.2703977,99,45,24,43,24,3.6179122924804688,61.5,63.5,8.41
1765479749.4714787,99,45,24,43,24,3.6179122924804688,61.5,63.5,8.41
1765479749.6726213,99,20,12,14,17,3.6170082092285156,61.5,62.0,7.153
1765479749.8735778,99,20,12,14,17,3.6170082092285156,61.5,62.0,7.153
1765479750.0746596,99,20,12,14,17,3.6170082092285156,61.5,62.0,7.153
1765479750.2758114,99,24,32,39,31,3.6167335510253906,61.5,63.0,7.539
1765479750.4770708,99,24,32,39,31,3.6167335510253906,61.5,63.0,7.539
1765479750.678271,98,25,19,35,20,3.6172103881835938,62.0,62.5,7.962
1765479750.8795674,98,25,19,35,20,3.6172103881835938,62.0,62.5,7.962
1765479751.0824592,98,25,19,35,20,3.6172103881835938,62.0,62.5,7.962
1765479751.2835107,1,23,26,20,18,3.6174468994140625,60.5,63.5,5.96
1765479751.4845107,1,23,26,20,18,3.6174468994140625,60.5,63.5,5.96
1765479751.6854894,99,24,20,26,40,3.6169052124023438,61.0,62.0,7.085
1765479751.8863802,99,24,20,26,40,3.6169052124023438,61.0,62.0,7.085
1765479752.0873947,99,24,20,26,40,3.6169052124023438,61.0,62.0,7.085
1765479752.2883801,99,23,18,18,22,3.617053985595703,61.0,62.0,6.009
1765479752.489475,99,23,18,18,22,3.617053985595703,61.0,62.0,6.009
1765479752.6904678,99,29,64,22,26,3.6172447204589844,61.5,63.0,7.989
1765479752.8915987,99,29,64,22,26,3.6172447204589844,61.5,63.0,7.989
1765479753.0925446,99,29,64,22,26,3.6172447204589844,61.5,63.0,7.989
1765479753.2977982,0,15,10,11,10,3.6167526245117188,61.0,63.0,5.617
1765479753.4987855,0,15,10,11,10,3.6167526245117188,61.0,63.0,5.617
1765479753.6998093,99,34,28,64,29,3.6170196533203125,62.0,62.5,7.645
1765479753.900999,99,34,28,64,29,3.6170196533203125,62.0,62.5,7.645
1765479754.1019957,99,34,28,64,29,3.6170196533203125,62.0,62.5,7.645
1765479754.302999,99,20,17,12,16,3.6167831420898438,61.5,62.0,6.778
1765479754.5039878,99,20,17,12,16,3.6167831420898438,61.5,62.0,6.778
1765479754.7048948,99,26,24,26,68,3.617870330810547,62.0,63.5,8.331
1765479754.905945,99,26,24,26,68,3.617870330810547,62.0,63.5,8.331
1765479755.107027,99,26,24,26,68,3.617870330810547,62.0,63.5,8.331
1765479755.3082318,99,18,10,12,11,3.6170196533203125,61.5,62.5,7.193
1765479755.5104218,99,18,10,12,11,3.6170196533203125,61.5,62.5,7.193
1765479755.7114217,99,32,35,60,33,3.6160659790039062,62.0,63.5,8.029
1765479755.9124951,99,32,35,60,33,3.6160659790039062,62.0,63.5,8.029
1765479756.1135561,99,32,35,60,33,3.6160659790039062,62.0,63.5,8.029
1765479756.314615,99,28,22,18,10,3.6160964965820312,62.0,62.5,7.459
1765479756.515532,99,28,22,18,10,3.6160964965820312,62.0,62.5,7.459
1765479756.7165353,99,24,19,41,23,3.6170997619628906,61.5,63.0,7.764
1765479756.917466,99,24,19,41,23,3.6170997619628906,61.5,63.0,7.764
1765479757.1185324,99,24,19,41,23,3.6170997619628906,61.5,63.0,7.764
1765479757.3196435,98,31,18,27,21,3.6166305541992188,62.0,62.5,7.725
1765479757.5206082,98,31,18,27,21,3.6166305541992188,62.0,62.5,7.725
1765479757.7218444,26,35,18,18,26,3.616718292236328,61.0,62.0,5.929
1765479757.9231155,26,35,18,18,26,3.616718292236328,61.0,62.0,5.929
1765479758.124227,26,35,18,18,26,3.616718292236328,61.0,62.0,5.929
1765479758.3252752,99,26,22,20,57,3.6177978515625,62.0,62.5,7.645
1765479758.526714,99,26,22,20,57,3.6177978515625,62.0,62.5,7.645
1765479758.7276416,99,14,16,15,11,3.6165542602539062,61.5,62.5,6.16
1765479758.9285798,99,14,16,15,11,3.6165542602539062,61.5,62.5,6.16
1765479759.1294656,99,14,16,15,11,3.6165542602539062,61.5,62.5,6.16
1765479759.330521,99,36,33,50,27,3.6164627075195312,61.5,62.5,7.193
1765479759.5315888,99,36,33,50,27,3.6164627075195312,61.5,62.5,7.193
1765479759.7327056,99,36,33,50,27,3.6164627075195312,61.5,62.5,7.193
1765479759.93405,96,22,20,24,23,3.6170120239257812,61.0,62.5,5.929
1765479760.1352603,96,22,20,24,23,3.6170120239257812,61.0,62.5,5.929
1765479760.3361716,99,28,18,59,32,3.6175270080566406,61.5,63.0,8.213
1765479760.5372856,99,28,18,59,32,3.6175270080566406,61.5,63.0,8.213
1765479760.73817,99,28,18,59,32,3.6175270080566406,61.5,63.0,8.213
1765479760.9393158,99,10,12,8,13,3.617279052734375,61.5,62.5,6.549
1765479761.1407433,99,10,12,8,13,3.617279052734375,61.5,62.5,6.549
1765479761.3419032,99,30,64,38,31,3.617076873779297,61.5,62.5,7.578
1765479761.5433798,99,30,64,38,31,3.617076873779297,61.5,62.5,7.578
1765479761.7446072,99,30,64,38,31,3.617076873779297,61.5,62.5,7.578
1765479761.9455624,99,20,17,21,16,3.6171798706054688,62.0,62.5,7.804
1765479762.1467881,99,20,17,21,16,3.6171798706054688,62.0,62.5,7.804
1765479762.3480344,99,26,26,19,42,3.61761474609375,62.0,63.0,8.068
1765479762.54906,99,26,26,19,42,3.61761474609375,62.0,63.0,8.068
1765479762.7502842,99,26,26,19,42,3.61761474609375,62.0,63.0,8.068
1765479762.9520583,99,23,10,20,24,3.6171722412109375,61.5,62.0,7.261
1765479763.1539922,99,23,10,20,24,3.6171722412109375,61.5,62.0,7.261
1765479763.3551874,99,30,48,35,36,3.6171188354492188,62.0,62.5,7.949
1765479763.5561829,99,30,48,35,36,3.6171188354492188,62.0,62.5,7.949
1765479763.75741,99,30,48,35,36,3.6171188354492188,62.0,62.5,7.949
1765479763.958559,99,25,39,17,19,3.6180381774902344,62.0,63.5,8.187
1765479764.1595,99,25,39,17,19,3.6180381774902344,62.0,63.5,8.187
1765479764.3604848,78,20,24,14,20,3.6170005798339844,61.5,62.5,6.618
1765479764.5620418,78,20,24,14,20,3.6170005798339844,61.5,62.5,6.618
1765479764.7632134,78,20,24,14,20,3.6170005798339844,61.5,62.5,6.618
1765479764.9643462,99,47,20,29,28,3.6171188354492188,62.0,62.5,7.312
1765479765.1652632,99,47,20,29,28,3.6171188354492188,62.0,62.5,7.312
1765479765.366255,99,24,19,18,28,3.6167640686035156,61.5,62.0,5.889
1765479765.5673122,99,24,19,18,28,3.6167640686035156,61.5,62.0,5.889
1765479765.7683985,99,24,19,18,28,3.6167640686035156,61.5,62.0,5.889
1765479765.9692724,99,54,23,21,23,3.617542266845703,62.0,62.5,7.645
1765479766.1702156,99,54,23,21,23,3.617542266845703,62.0,62.5,7.645
1765479766.3711221,6,12,21,12,12,3.616992950439453,61.5,62.5,5.417
1765479766.5722876,6,12,21,12,12,3.616992950439453,61.5,62.5,5.417
1765479766.7733195,6,12,21,12,12,3.616992950439453,61.5,62.5,5.417
1765479766.9743183,99,47,39,37,32,3.6168174743652344,62.0,62.5,7.233
1765479767.175461,99,47,39,37,32,3.6168174743652344,62.0,62.5,7.233
1765479767.3765604,99,22,20,19,19,3.617229461669922,62.0,62.5,7.618
1765479767.5777285,99,22,20,19,19,3.617229461669922,62.0,62.5,7.618
1765479767.7788444,99,22,20,19,19,3.617229461669922,62.0,62.5,7.618
1765479767.9800966,99,16,16,54,24,3.6166458129882812,62.0,63.0,8.029
1765479768.18112,99,16,16,54,24,3.6166458129882812,62.0,63.0,8.029
1765479768.3821151,99,19,17,16,15,3.6170005798339844,62.0,62.5,7.193
1765479768.5830698,99,19,17,16,15,3.6170005798339844,62.0,62.5,7.193
1765479768.7842283,99,19,17,16,15,3.6170005798339844,62.0,62.5,7.193
1765479768.9852352,99,46,34,45,32,3.617046356201172,62.0,63.5,7.725
1765479769.1863375,99,46,34,45,32,3.617046356201172,62.0,63.5,7.725
1765479769.3873863,99,19,26,9,8,3.618419647216797,62.0,62.5,7.645
1765479769.5892596,99,19,26,9,8,3.618419647216797,62.0,62.5,7.645
1765479769.790752,99,19,26,9,8,3.618419647216797,62.0,62.5,7.645
1765479769.9919767,99,29,33,31,24,3.617877960205078,62.0,62.5,7.233
1765479770.1930408,99,29,33,31,24,3.617877960205078,62.0,62.5,7.233
1765479770.3940022,99,28,22,19,42,3.6183815002441406,62.0,62.5,7.578
1765479770.595058,99,28,22,19,42,3.6183815002441406,62.0,62.5,7.578
1765479770.7960925,99,28,22,19,42,3.6183815002441406,62.0,62.5,7.578
1765479770.9972203,99,20,30,17,22,3.617950439453125,62.0,62.5,6.618
1765479771.1985517,99,20,30,17,22,3.617950439453125,62.0,62.5,6.618
1765479771.3995776,99,20,30,17,22,3.617950439453125,62.0,62.5,6.618
1765479771.600626,99,20,21,59,18,3.618621826171875,62.0,62.5,7.273
1765479771.8015208,99,20,21,59,18,3.618621826171875,62.0,62.5,7.273
1765479772.0026052,99,17,30,16,17,3.6182212829589844,61.5,62.5,5.929
1765479772.2038822,99,17,30,16,17,3.6182212829589844,61.5,62.5,5.929
1765479772.404959,99,17,30,16,17,3.6182212829589844,61.5,62.5,5.929
1765479772.6062083,99,29,48,29,42,3.618824005126953,62.5,62.5,7.114
1765479772.8072588,99,29,48,29,42,3.618824005126953,62.5,62.5,7.114
1765479773.0083015,99,20,16,17,16,3.6196823120117188,62.0,63.0,6.469
1765479773.2098267,99,20,16,17,16,3.6196823120117188,62.0,63.0,6.469
1765479773.4111898,99,20,16,17,16,3.6196823120117188,62.0,63.0,6.469
1765479773.6123707,99,25,61,31,20,3.618927001953125,62.0,62.5,7.883
1765479773.8133337,99,25,61,31,20,3.618927001953125,62.0,62.5,7.883
1765479774.0142987,99,14,17,14,16,3.6191749572753906,62.0,63.0,6.897
1765479774.2153382,99,14,17,14,16,3.6191749572753906,62.0,63.0,6.897
1765479774.4166565,99,14,17,14,16,3.6191749572753906,62.0,63.0,6.897
1765479774.6175792,99,47,42,39,33,3.6189002990722656,62.0,63.5,8.371
1765479774.8185716,99,47,42,39,33,3.6189002990722656,62.0,63.5,8.371
1765479775.019502,99,18,10,15,17,3.6195945739746094,62.0,63.5,7.539
1765479775.2204878,99,18,10,15,17,3.6195945739746094,62.0,63.5,7.539
1765479775.4214756,99,18,10,15,17,3.6195945739746094,62.0,63.5,7.539
1765479775.6225162,99,27,55,23,23,3.6189842224121094,62.0,63.0,7.578
1765479775.8235686,99,27,55,23,23,3.6189842224121094,62.0,63.0,7.578
1765479776.0246027,99,18,25,31,16,3.618999481201172,62.5,63.0,7.312
1765479776.2255857,99,18,25,31,16,3.618999481201172,62.5,63.0,7.312
1765479776.426805,99,18,25,31,16,3.618999481201172,62.5,63.0,7.312
1765479776.6277912,99,33,25,30,26,3.6191558837890625,61.5,63.5,7.618
1765479776.8288379,99,33,25,30,26,3.6191558837890625,61.5,63.5,7.618
1765479777.0299633,99,19,4,15,39,3.6189918518066406,62.0,63.0,7.392
1765479777.231154,99,19,4,15,39,3.6189918518066406,62.0,63.0,7.392
1765479777.4321964,99,19,4,15,39,3.6189918518066406,62.0,63.0,7.392
1765479777.633354,99,20,32,20,12,3.619335174560547,62.0,63.0,6.28
1765479777.8343616,99,20,32,20,12,3.619335174560547,62.0,63.0,6.28
1765479778.0354788,99,28,25,29,60,3.6189498901367188,62.0,62.5,7.085
1765479778.23665,99,28,25,29,60,3.6189498901367188,62.0,62.5,7.085
1765479778.4376976,99,28,25,29,60,3.6189498901367188,62.0,62.5,7.085
1765479778.6389527,54,16,22,17,25,3.6195411682128906,61.5,64.0,5.738
1765479778.8401308,54,16,22,17,25,3.6195411682128906,61.5,64.0,5.738
1765479779.041203,99,23,62,21,23,3.618621826171875,62.0,62.5,7.499
1765479779.2421765,99,23,62,21,23,3.618621826171875,62.0,62.5,7.499
1765479779.4431815,99,23,62,21,23,3.618621826171875,62.0,62.5,7.499
1765479779.6442087,99,14,15,16,14,3.6189804077148438,62.0,62.5,6.549
1765479779.845328,99,14,15,16,14,3.6189804077148438,62.0,62.5,6.549
1765479780.0464253,99,51,49,39,33,3.619213104248047,62.5,63.5,8.068
1765479780.247482,99,51,49,39,33,3.619213104248047,62.5,63.5,8.068
1765479780.4487479,99,51,49,39,33,3.619213104248047,62.5,63.5,8.068
1765479780.649677,99,16,16,16,13,3.619464874267578,62.5,63.5,7.725
1765479780.8508792,99,16,16,16,13,3.619464874267578,62.5,63.5,7.725
1765479781.0520039,99,26,26,26,68,3.618885040283203,62.5,63.0,8.331
1765479781.2530315,99,26,26,26,68,3.618885040283203,62.5,63.0,8.331
1765479781.4540856,99,26,26,26,68,3.618885040283203,62.5,63.0,8.331
1765479781.6550832,99,23,19,17,20,3.618968963623047,62.5,62.5,6.886
1765479781.8560584,99,23,19,17,20,3.618968963623047,62.5,62.5,6.886
1765479782.057267,99,23,19,17,20,3.618968963623047,62.5,62.5,6.886
1765479782.2582912,99,28,42,34,30,3.619873046875,62.5,63.5,8.187
1765479782.459371,99,28,42,34,30,3.619873046875,62.5,63.5,8.187
1765479782.6606057,98,19,14,16,28,3.619037628173828,62.5,63.5,7.432
1765479782.8616037,98,19,14,16,28,3.619037628173828,62.5,63.5,7.432
1765479783.0638385,98,19,14,16,28,3.619037628173828,62.5,63.5,7.432
1765479783.2648365,99,29,28,39,19,3.619171142578125,62.0,63.5,7.193
1765479783.4657135,99,29,28,39,19,3.619171142578125,62.0,63.5,7.193
1765479783.666792,99,20,17,32,36,3.6191749572753906,62.0,63.0,7.459
1765479783.8678656,99,20,17,32,36,3.6191749572753906,62.0,63.0,7.459
1765479784.068854,99,20,17,32,36,3.6191749572753906,62.0,63.0,7.459
1765479784.2698154,99,15,23,19,25,3.619884490966797,62.0,63.5,6.886
1765479784.4708688,99,15,23,19,25,3.619884490966797,62.0,63.5,6.886
1765479784.6718507,99,54,23,28,25,3.61865234375,62.0,62.5,7.193
1765479784.873093,99,54,23,28,25,3.61865234375,62.0,62.5,7.193
1765479785.0740097,99,54,23,28,25,3.61865234375,62.0,62.5,7.193
1765479785.2750132,93,29,21,19,20,3.619457244873047,61.5,63.5,5.698
1765479785.4762228,93,29,21,19,20,3.619457244873047,61.5,63.5,5.698
1765479785.677142,99,30,64,32,33,3.619365692138672,62.5,63.0,7.962
1765479785.8780677,99,30,64,32,33,3.619365692138672,62.5,63.0,7.962
1765479786.0790417,99,30,64,32,33,3.619365692138672,62.5,63.0,7.962
1765479786.280074,92,9,8,8,6,3.6193580627441406,62.0,62.5,6.698
1765479786.4811394,92,9,8,8,6,3.6193580627441406,62.0,62.5,6.698
1765479786.6820843,98,30,37,22,66,3.6190872192382812,62.5,63.0,7.764
1765479786.883174,98,30,37,22,66,3.6190872192382812,62.5,63.0,7.764
1765479787.08443,98,30,37,22,66,3.6190872192382812,62.5,63.0,7.764
1765479787.2855494,99,20,22,22,14,3.6195335388183594,62.0,63.0,7.658
1765479787.4866798,99,20,22,22,14,3.6195335388183594,62.0,63.0,7.658
1765479787.6878903,99,47,33,27,33,3.6201438903808594,62.0,63.0,8.147
1765479787.8891077,99,47,33,27,33,3.6201438903808594,62.0,63.0,8.147
1765479788.0910342,99,47,33,27,33,3.6201438903808594,62.0,63.0,8.147
1765479788.292291,99,22,19,8,12,3.620014190673828,62.5,63.0,7.578
1765479788.4932468,99,22,19,8,12,3.620014190673828,62.5,63.0,7.578
1765479788.6946743,99,22,24,34,37,3.6196975708007812,62.5,63.5,7.273
1765479788.8956244,99,22,24,34,37,3.6196975708007812,62.5,63.5,7.273
1765479789.0966961,99,22,24,34,37,3.6196975708007812,62.5,63.5,7.273
1765479789.2978206,99,17,23,45,22,3.620147705078125,62.5,63.0,7.764
1765479789.498752,99,17,23,45,22,3.620147705078125,62.5,63.0,7.764
1765479789.6999,0,22,17,23,16,3.621204376220703,61.5,63.0,5.617
1765479789.901109,0,22,17,23,16,3.621204376220703,61.5,63.0,5.617
1765479790.1021895,0,22,17,23,16,3.621204376220703,61.5,63.0,5.617
1765479790.3033214,99,23,21,17,50,3.6206207275390625,62.5,63.0,6.818
1765479790.5044184,99,23,21,17,50,3.6206207275390625,62.5,63.0,6.818
1765479790.7052526,99,20,19,23,29,3.6207504272460938,62.0,63.0,5.889
1765479790.9063165,99,20,19,23,29,3.6207504272460938,62.0,63.0,5.889
1765479791.1072388,99,20,19,23,29,3.6207504272460938,62.0,63.0,5.889
1765479791.3084388,99,66,32,25,22,3.6209564208984375,62.5,63.0,7.697
1765479791.5096812,99,66,32,25,22,3.6209564208984375,62.5,63.0,7.697
1765479791.710588,99,66,32,25,22,3.6209564208984375,62.5,63.0,7.697
1765479791.9114943,64,11,6,8,8,3.6207618713378906,62.0,63.0,5.466
1765479792.1125782,64,11,6,8,8,3.6207618713378906,62.0,63.0,5.466
1765479792.3135185,99,35,48,32,42,3.6210403442382812,62.5,63.0,7.578
1765479792.5145965,99,35,48,32,42,3.6210403442382812,62.5,63.0,7.578
1765479792.7155383,99,35,48,32,42,3.6210403442382812,62.5,63.0,7.578
1765479792.9164772,99,20,18,22,18,3.621204376220703,62.5,63.0,7.312
1765479793.1174765,99,20,18,22,18,3.621204376220703,62.5,63.0,7.312
1765479793.318649,99,31,38,45,22,3.6233062744140625,62.5,63.5,8.068
1765479793.5198815,99,31,38,45,22,3.6233062744140625,62.5,63.5,8.068
1765479793.7212446,99,31,38,45,22,3.6233062744140625,62.5,63.5,8.068
1765479793.9223804,99,26,16,21,18,3.6231689453125,62.0,63.0,7.658
1765479794.1233463,99,26,16,21,18,3.6231689453125,62.0,63.0,7.658
1765479794.3243876,99,32,21,40,32,3.6227188110351562,62.5,63.5,7.125
1765479794.525295,99,32,21,40,32,3.6227188110351562,62.5,63.5,7.125
1765479794.7263138,99,32,21,40,32,3.6227188110351562,62.5,63.5,7.125
1765479794.9273977,99,16,42,18,22,3.623218536376953,62.5,63.0,7.578
1765479795.1283922,99,16,42,18,22,3.623218536376953,62.5,63.0,7.578
1765479795.3295512,25,20,19,18,17,3.6237716674804688,62.5,63.0,6.049
1765479795.5304937,25,20,19,18,17,3.6237716674804688,62.5,63.0,6.049
1765479795.7313535,25,20,19,18,17,3.6237716674804688,62.5,63.0,6.049
1765479795.932302,99,50,26,26,25,3.623065948486328,62.5,63.0,7.046
1765479796.1331058,99,50,26,26,25,3.623065948486328,62.5,63.0,7.046
1765479796.334007,99,29,24,21,21,3.6234169006347656,62.0,63.0,6.12
1765479796.534924,99,29,24,21,21,3.6234169006347656,62.0,63.0,6.12
1765479796.7361758,99,29,24,21,21,3.6234169006347656,62.0,63.0,6.12
1765479796.9374146,99,32,64,26,25,3.622692108154297,62.5,63.5,7.764
1765479797.1384575,99,32,64,26,25,3.622692108154297,62.5,63.5,7.764
1765479797.3394616,99,10,6,11,8,3.6224594116210938,61.5,62.5,5.112
1765479797.5404751,99,10,6,11,8,3.6224594116210938,61.5,62.5,5.112
1765479797.7416344,99,10,6,11,8,3.6224594116210938,61.5,62.5,5.112
1765479797.9427004,98,32,28,38,64,3.6232872009277344,62.5,63.5,8.305
1765479798.1438646,98,32,28,38,64,3.6232872009277344,62.5,63.5,8.305
1765479798.3451705,99,19,17,19,16,3.6239356994628906,62.5,63.0,7.205
1765479798.546079,99,19,17,19,16,3.6239356994628906,62.5,63.0,7.205
1765479798.7472272,99,19,17,19,16,3.6239356994628906,62.5,63.0,7.205
1765479798.948253,99,32,26,32,52,3.6245765686035156,62.5,64.0,8.489
1765479799.1492765,99,32,26,32,52,3.6245765686035156,62.5,64.0,8.489
1765479799.3503368,99,18,15,16,12,3.6236419677734375,62.5,63.0,7.046
1765479799.5514374,99,18,15,16,12,3.6236419677734375,62.5,63.0,7.046
1765479799.7525616,99,18,15,16,12,3.6236419677734375,62.5,63.0,7.046
1765479799.9535367,99,44,29,33,26,3.6234359741210938,62.0,63.5,7.697
1765479800.1545405,99,44,29,33,26,3.6234359741210938,62.0,63.5,7.697
1765479800.3556035,99,19,25,17,39,3.623760223388672,63.0,63.5,7.777
1765479800.5566945,99,19,25,17,39,3.623760223388672,63.0,63.5,7.777
1765479800.7576525,99,19,25,17,39,3.623760223388672,63.0,63.5,7.777
1765479800.9590602,90,24,16,18,22,3.624164581298828,62.0,63.5,7.114
1765479801.1599886,90,24,16,18,22,3.624164581298828,62.0,63.5,7.114
1765479801.3608754,90,24,16,18,22,3.624164581298828,62.0,63.5,7.114
1765479801.5622008,99,21,22,18,37,3.6232261657714844,63.0,63.0,7.499
1765479801.7631443,99,21,22,18,37,3.6232261657714844,63.0,63.0,7.499
1765479801.96426,99,28,28,17,14,3.6235809326171875,62.5,63.0,6.12
1765479802.1651864,99,28,28,17,14,3.6235809326171875,62.5,63.0,6.12
1765479802.366075,99,28,28,17,14,3.6235809326171875,62.5,63.0,6.12
1765479802.5670323,99,32,67,27,26,3.6250839233398438,63.0,63.5,7.883
1765479802.7680788,99,32,67,27,26,3.6250839233398438,63.0,63.5,7.883
1765479802.9690962,62,10,18,8,7,3.623279571533203,62.0,63.5,5.809
1765479803.170214,62,10,18,8,7,3.623279571533203,62.0,63.5,5.809
1765479803.3769794,62,10,18,8,7,3.623279571533203,62.0,63.5,5.809
1765479803.5782695,99,29,31,22,55,3.6235694885253906,63.0,63.0,7.125
1765479803.7795005,99,29,31,22,55,3.6235694885253906,63.0,63.0,7.125
1765479803.9804945,95,24,25,24,18,3.6239395141601562,62.5,63.0,6.28
1765479804.181407,95,24,25,24,18,3.6239395141601562,62.5,63.0,6.28
1765479804.3824372,95,24,25,24,18,3.6239395141601562,62.5,63.0,6.28
1765479804.5835214,99,63,32,32,28,3.6244430541992188,62.5,64.0,8.712
1765479804.7847154,99,63,32,32,28,3.6244430541992188,62.5,64.0,8.712
1765479804.985938,98,16,18,14,12,3.6239547729492188,62.5,63.0,6.818
1765479805.1868963,98,16,18,14,12,3.6239547729492188,62.5,63.0,6.818
1765479805.3883398,98,16,18,14,12,3.6239547729492188,62.5,63.0,6.818
1765479805.58967,99,40,27,69,30,3.623687744140625,62.5,64.5,7.883
1765479805.7908077,99,40,27,69,30,3.623687744140625,62.5,64.5,7.883
1765479805.9917467,99,14,20,20,16,3.6240882873535156,63.0,63.5,7.38
1765479806.1924937,99,14,20,20,16,3.6240882873535156,63.0,63.5,7.38
1765479806.393576,99,14,20,20,16,3.6240882873535156,63.0,63.5,7.38
1765479806.594593,99,22,47,12,16,3.6241912841796875,62.5,64.5,8.226
1765479806.795588,99,22,47,12,16,3.6241912841796875,62.5,64.5,8.226
1765479806.9968233,99,30,23,15,16,3.6240234375,62.5,63.5,7.499
1765479807.197755,99,30,23,15,16,3.6240234375,62.5,63.5,7.499
1765479807.3988578,99,30,23,15,16,3.6240234375,62.5,63.5,7.499
1765479807.600361,99,26,28,28,41,3.623981475830078,62.5,63.5,7.312
1765479807.80148,99,26,28,28,41,3.623981475830078,62.5,63.5,7.312
1765479808.0025754,99,22,21,48,14,3.625030517578125,63.0,63.5,8.371
1765479808.2038653,99,22,21,48,14,3.625030517578125,63.0,63.5,8.371
1765479808.405069,99,22,21,48,14,3.625030517578125,63.0,63.5,8.371
1765479808.6062744,99,12,10,21,6,3.6242599487304688,63.0,63.5,5.929
1765479808.8073373,99,12,10,21,6,3.6242599487304688,63.0,63.5,5.929
1765479809.0084915,99,31,50,32,34,3.6241989135742188,63.0,63.5,7.085
1765479809.209623,99,31,50,32,34,3.6241989135742188,63.0,63.5,7.085
1765479809.410605,99,31,50,32,34,3.6241989135742188,63.0,63.5,7.085
1765479809.6129208,69,18,33,23,21,3.624114990234375,62.5,63.0,5.969
1765479809.8139043,69,18,33,23,21,3.624114990234375,62.5,63.0,5.969
1765479810.015126,99,29,24,57,19,3.625030517578125,63.0,64.0,7.737
1765479810.2163098,99,29,24,57,19,3.625030517578125,63.0,64.0,7.737
1765479810.41733,99,29,24,57,19,3.625030517578125,63.0,64.0,7.737
1765479810.6183503,99,16,14,15,17,3.6243743896484375,62.5,63.0,5.537
1765479810.8195639,99,16,14,15,17,3.6243743896484375,62.5,63.0,5.537
1765479811.0204577,99,32,36,31,68,3.623889923095703,62.5,63.5,7.949
1765479811.221591,99,32,36,31,68,3.623889923095703,62.5,63.5,7.949
1765479811.422814,99,32,36,31,68,3.623889923095703,62.5,63.5,7.949
1765479811.6237662,98,17,18,19,15,3.624378204345703,62.5,63.0,7.273
1765479811.8248527,98,17,18,19,15,3.624378204345703,62.5,63.0,7.273
1765479812.0258293,98,23,58,27,17,3.6251182556152344,62.5,63.0,7.843
1765479812.226709,98,23,58,27,17,3.6251182556152344,62.5,63.0,7.843
1765479812.4278133,98,23,58,27,17,3.6251182556152344,62.5,63.0,7.843
1765479812.628888,99,19,19,24,14,3.624370574951172,62.5,63.5,7.471
1765479812.8298168,99,19,19,24,14,3.624370574951172,62.5,63.5,7.471
1765479813.0308337,99,19,19,24,14,3.624370574951172,62.5,63.5,7.471
1765479813.2317839,99,28,53,25,31,3.6241493225097656,62.5,63.5,7.883
1765479813.4327104,99,28,53,25,31,3.6241493225097656,62.5,63.5,7.883
1765479813.6340415,99,20,28,17,16,3.6248931884765625,62.5,64.0,8.187
1765479813.835139,99,20,28,17,16,3.6248931884765625,62.5,64.0,8.187
1765479814.0363538,99,20,28,17,16,3.6248931884765625,62.5,64.0,8.187
1765479814.2388997,99,27,30,18,19,3.624279022216797,62.5,64.0,7.312
1765479814.4398406,99,27,30,18,19,3.624279022216797,62.5,64.0,7.312
1765479814.6409805,99,39,26,26,27,3.624462127685547,63.0,63.5,7.432
1765479814.8418672,99,39,26,26,27,3.624462127685547,63.0,63.5,7.432
1765479815.0428226,99,39,26,26,27,3.624462127685547,63.0,63.5,7.432
1765479815.2438343,99,22,25,19,25,3.62432861328125,62.5,63.5,6.389
1765479815.44491,99,22,25,19,25,3.62432861328125,62.5,63.5,6.389
1765479815.6460552,99,26,51,18,14,3.6248016357421875,62.5,63.5,7.578
1765479815.8470457,99,26,51,18,14,3.6248016357421875,62.5,63.5,7.578
1765479816.0480535,99,26,51,18,14,3.6248016357421875,62.5,63.5,7.578
1765479816.2489903,35,21,18,18,24,3.6242523193359375,62.0,63.5,5.849
1765479816.4507365,35,21,18,18,24,3.6242523193359375,62.0,63.5,5.849
1765479816.6517122,99,31,36,30,45,3.624370574951172,63.0,63.5,7.165
1765479816.8526516,99,31,36,30,45,3.624370574951172,63.0,63.5,7.165
1765479817.0535448,99,31,36,30,45,3.624370574951172,63.0,63.5,7.165
1765479817.2545571,98,21,12,12,12,3.6244659423828125,62.5,63.5,6.738
1765479817.4557006,98,21,12,12,12,3.6244659423828125,62.5,63.5,6.738
1765479817.656715,99,18,18,19,66,3.6238327026367188,62.5,63.5,7.551
1765479817.857789,99,18,18,19,66,3.6238327026367188,62.5,63.5,7.551
1765479818.0589156,99,18,18,19,66,3.6238327026367188,62.5,63.5,7.551
1765479818.2599034,99,16,16,21,12,3.6240921020507812,63.0,63.5,7.046
1765479818.461092,99,16,16,21,12,3.6240921020507812,63.0,63.5,7.046
1765479818.6621501,99,32,36,40,51,3.6239280700683594,63.0,64.5,8.226
1765479818.8631692,99,32,36,40,51,3.6239280700683594,63.0,64.5,8.226
1765479819.0646048,99,32,36,40,51,3.6239280700683594,63.0,64.5,8.226
1765479819.265546,99,24,10,15,12,3.624889373779297,63.0,63.5,7.737
1765479819.466414,99,24,10,15,12,3.624889373779297,63.0,63.5,7.737
1765479819.6674604,99,24,28,42,18,3.6245384216308594,62.5,64.0,7.432
1765479819.8688254,99,24,28,42,18,3.6245384216308594,62.5,64.0,7.432
1765479820.0698557,99,24,28,42,18,3.6245384216308594,62.5,64.0,7.432
1765479820.2707691,98,26,20,34,18,3.6250381469726562,62.5,63.5,7.459
1765479820.4720016,98,26,20,34,18,3.6250381469726562,62.5,63.5,7.459
1765479820.6732965,0,23,24,27,18,3.6249160766601562,62.0,63.0,5.385
1765479820.8744886,0,23,24,27,18,3.6249160766601562,62.0,63.0,5.385
1765479821.0755017,0,23,24,27,18,3.6249160766601562,62.0,63.0,5.385
1765479821.2765062,99,19,16,58,19,3.6258316040039062,63.0,63.5,7.392
1765479821.4775083,99,19,16,58,19,3.6258316040039062,63.0,63.5,7.392
1765479821.6785135,59,18,23,19,25,3.6256790161132812,62.5,63.5,5.849
1765479821.8796673,59,18,23,19,25,3.6256790161132812,62.5,63.5,5.849
1765479822.0809257,59,18,23,19,25,3.6256790161132812,62.5,63.5,5.849
1765479822.28193,99,34,43,43,28,3.625885009765625,63.0,64.0,7.432
1765479822.4829967,99,34,43,43,28,3.625885009765625,63.0,64.0,7.432
1765479822.6850457,92,16,17,14,16,3.6273841857910156,63.0,63.5,7.046
1765479822.8867164,92,16,17,14,16,3.6273841857910156,63.0,63.5,7.046
1765479823.0884395,92,16,17,14,16,3.6273841857910156,63.0,63.5,7.046
1765479823.289515,99,18,24,23,60,3.6259002685546875,62.5,63.5,7.697
1765479823.4906993,99,18,24,23,60,3.6259002685546875,62.5,63.5,7.697
1765479823.691758,99,20,27,20,24,3.626758575439453,63.0,63.5,7.392
1765479823.892657,99,20,27,20,24,3.626758575439453,63.0,63.5,7.392
1765479824.093825,99,20,27,20,24,3.626758575439453,63.0,63.5,7.392
1765479824.2948124,99,44,43,39,29,3.6265792846679688,63.0,64.5,8.266
1765479824.4960861,99,44,43,39,29,3.6265792846679688,63.0,64.5,8.266
1765479824.6978753,99,44,43,39,29,3.6265792846679688,63.0,64.5,8.266
1765479824.898829,99,8,14,23,13,3.6270713806152344,62.5,64.0,7.737
1765479825.1002514,99,8,14,23,13,3.6270713806152344,62.5,64.0,7.737
1765479825.3014832,99,24,34,23,37,3.6266517639160156,63.0,63.5,7.578
1765479825.5025427,99,24,34,23,37,3.6266517639160156,63.0,63.5,7.578
1765479825.7037244,99,24,34,23,37,3.6266517639160156,63.0,63.5,7.578
1765479825.904685,98,17,18,36,20,3.6267127990722656,62.5,63.5,7.392
1765479826.1056342,98,17,18,36,20,3.6267127990722656,62.5,63.5,7.392
1765479826.306624,99,36,27,26,22,3.6265945434570312,62.5,64.0,7.499
1765479826.5077693,99,36,27,26,22,3.6265945434570312,62.5,64.0,7.499
1765479826.708699,99,36,27,26,22,3.6265945434570312,62.5,64.0,7.499
1765479826.9099197,99,49,12,12,12,3.626445770263672,63.0,64.5,7.883
1765479827.1110058,99,49,12,12,12,3.626445770263672,63.0,64.5,7.883
1765479827.3147738,99,27,22,16,19,3.6266403198242188,62.5,64.0,6.129
1765479827.5166342,99,27,22,16,19,3.6266403198242188,62.5,64.0,6.129
1765479827.717582,99,27,22,16,19,3.6266403198242188,62.5,64.0,6.129
1765479827.9185476,99,22,32,31,54,3.6266822814941406,63.0,63.5,7.233
1765479828.119638,99,22,32,31,54,3.6266822814941406,63.0,63.5,7.233
1765479828.3205593,72,27,16,19,18,3.627452850341797,62.5,64.5,5.929
1765479828.521548,72,27,16,19,18,3.627452850341797,62.5,64.5,5.929
1765479828.7225091,72,27,16,19,18,3.627452850341797,62.5,64.5,5.929
1765479828.92356,99,24,21,24,55,3.6264381408691406,63.5,63.5,7.352
1765479829.1247685,99,24,21,24,55,3.6264381408691406,63.5,63.5,7.352
1765479829.3258245,99,21,20,14,14,3.6269569396972656,63.0,63.5,6.738
1765479829.5269964,99,21,20,14,14,3.6269569396972656,63.0,63.5,6.738
1765479829.7282236,99,21,20,14,14,3.6269569396972656,63.0,63.5,6.738
1765479829.9291954,99,40,36,51,40,3.626708984375,63.0,64.0,8.331
1765479830.1302228,99,40,36,51,40,3.626708984375,63.0,64.0,8.331
1765479830.3312678,99,13,12,11,7,3.6268959045410156,63.0,63.5,7.618
1765479830.532342,99,13,12,11,7,3.6268959045410156,63.0,63.5,7.618
1765479830.7334583,99,13,12,11,7,3.6268959045410156,63.0,63.5,7.618
1765479830.9345424,99,27,29,58,32,3.626049041748047,63.0,64.5,8.002
1765479831.1355705,99,27,29,58,32,3.626049041748047,63.0,64.5,8.002
1765479831.336568,99,18,19,20,24,3.626819610595703,63.0,63.5,7.006
1765479831.5374694,99,18,19,20,24,3.626819610595703,63.0,63.5,7.006
1765479831.7386558,99,18,19,20,24,3.626819610595703,63.0,63.5,7.006
1765479831.939706,99,42,28,27,28,3.6273269653320312,63.0,64.0,8.081
1765479832.1404757,99,42,28,27,28,3.6273269653320312,63.0,64.0,8.081
1765479832.352903,99,17,13,15,26,3.6262588500976562,63.0,63.5,7.392
1765479832.5537896,99,17,13,15,26,3.6262588500976562,63.0,63.5,7.392
1765479832.7548997,99,17,13,15,26,3.6262588500976562,63.0,63.5,7.392
1765479832.9560783,99,32,40,29,28,3.626811981201172,63.0,64.0,7.471
1765479833.157131,99,32,40,29,28,3.626811981201172,63.0,64.0,7.471
1765479833.3582442,99,23,41,19,12,3.6271324157714844,63.5,64.0,7.725
1765479833.5593338,99,23,41,19,12,3.6271324157714844,63.5,64.0,7.725
1765479833.7604055,99,23,41,19,12,3.6271324157714844,63.5,64.0,7.725
1765479833.961427,5,14,18,26,10,3.6274452209472656,63.0,64.0,6.28
1765479834.1623344,5,14,18,26,10,3.6274452209472656,63.0,64.0,6.28
1765479834.3632772,99,48,23,26,19,3.626495361328125,63.0,64.0,7.046
1765479834.5645444,99,48,23,26,19,3.626495361328125,63.0,64.0,7.046
1765479834.7655704,99,48,23,26,19,3.626495361328125,63.0,64.0,7.046
1765479834.9689004,99,23,32,21,26,3.6270523071289062,62.5,63.5,5.849
1765479835.1700065,99,23,32,21,26,3.6270523071289062,62.5,63.5,5.849
1765479835.3711317,99,30,61,23,22,3.6265525817871094,63.0,64.0,7.273
1765479835.5723426,99,30,61,23,22,3.6265525817871094,63.0,64.0,7.273
1765479835.7733576,99,30,61,23,22,3.6265525817871094,63.0,64.0,7.273
1765479835.9742713,12,11,10,15,17,3.6273193359375,62.5,63.5,5.193
1765479836.1755621,12,11,10,15,17,3.6273193359375,62.5,63.5,5.193
1765479836.376551,12,11,10,15,17,3.6273193359375,62.5,63.5,5.193
1765479836.5790508,99,29,26,30,70,3.6264610290527344,63.0,64.0,8.002
1765479836.7803812,99,29,26,30,70,3.6264610290527344,63.0,64.0,8.002
1765479836.9813597,98,18,15,18,15,3.6265792846679688,63.0,63.5,6.937
1765479837.1827645,98,18,15,18,15,3.6265792846679688,63.0,63.5,6.937
1765479837.3883805,98,18,15,18,15,3.6265792846679688,63.0,63.5,6.937
1765479837.5895286,99,35,37,60,24,3.6282691955566406,63.5,64.5,8.568
1765479837.7907922,99,35,37,60,24,3.6282691955566406,63.5,64.5,8.568
1765479837.9918494,99,16,6,15,12,3.627277374267578,63.0,63.5,7.125
1765479838.192845,99,16,6,15,12,3.627277374267578,63.0,63.5,7.125
1765479838.3939533,99,16,6,15,12,3.627277374267578,63.0,63.5,7.125
1765479838.5950596,99,27,37,49,28,3.6270713806152344,63.0,64.5,7.499
1765479838.7962496,99,27,37,49,28,3.6270713806152344,63.0,64.5,7.499
1765479838.9973676,98,20,19,40,17,3.627544403076172,63.5,64.0,7.737
1765479839.1982925,98,20,19,40,17,3.627544403076172,63.5,64.0,7.737
1765479839.3997557,98,20,19,40,17,3.627544403076172,63.5,64.0,7.737
1765479839.6011558,99,23,29,21,26,3.6280479431152344,63.0,64.5,7.578
1765479839.8022404,99,23,29,21,26,3.6280479431152344,63.0,64.5,7.578
1765479840.0037136,99,21,32,22,23,3.6265640258789062,63.0,64.0,7.432
1765479840.2046084,99,21,32,22,23,3.6265640258789062,63.0,64.0,7.432
1765479840.405524,99,21,32,22,23,3.6265640258789062,63.0,64.0,7.432
1765479840.6066558,99,28,31,27,20,3.627544403076172,63.0,64.0,6.349
1765479840.8075652,99,28,31,27,20,3.627544403076172,63.0,64.0,6.349
1765479841.008592,99,26,33,30,57,3.6274147033691406,63.0,64.0,7.392
1765479841.2096193,99,26,33,30,57,3.6274147033691406,63.0,64.0,7.392
1765479841.4105403,99,26,33,30,57,3.6274147033691406,63.0,64.0,7.392
1765479841.6117496,99,16,13,14,11,3.6277084350585938,62.5,64.0,6.16
1765479841.8129478,99,16,13,14,11,3.6277084350585938,62.5,64.0,6.16
1765479842.013945,99,33,64,23,30,3.627422332763672,63.0,64.0,7.352
1765479842.215033,99,33,64,23,30,3.627422332763672,63.0,64.0,7.352
1765479842.4160268,99,33,64,23,30,3.627422332763672,63.0,64.0,7.352
1765479842.6169958,99,20,19,15,22,3.6272964477539062,62.5,63.5,5.305
1765479842.8181026,99,20,19,15,22,3.6272964477539062,62.5,63.5,5.305
1765479843.0195193,99,32,64,25,24,3.628631591796875,63.5,64.0,8.45
1765479843.2205615,99,32,64,25,24,3.628631591796875,63.5,64.0,8.45
1765479843.4215014,99,32,64,25,24,3.628631591796875,63.5,64.0,8.45
1765479843.6225908,98,13,9,13,6,3.6275901794433594,63.0,63.5,6.937
1765479843.8235207,98,13,9,13,6,3.6275901794433594,63.0,63.5,6.937
1765479844.0247865,99,34,17,56,37,3.62762451171875,63.0,65.0,7.551
1765479844.2257037,99,34,17,56,37,3.62762451171875,63.0,65.0,7.551
1765479844.426694,99,34,17,56,37,3.62762451171875,63.0,65.0,7.551
1765479844.6276686,99,29,32,17,32,3.6280479431152344,63.5,64.0,7.883
1765479844.8285875,99,29,32,17,32,3.6280479431152344,63.5,64.0,7.883
1765479845.0297856,99,19,33,22,28,3.628936767578125,63.0,64.5,7.578
1765479845.23114,99,19,33,22,28,3.628936767578125,63.0,64.5,7.578
1765479845.4323597,99,19,33,22,28,3.628936767578125,63.0,64.5,7.578
1765479845.63344,99,20,14,29,38,3.6286849975585938,63.5,64.5,7.697
1765479845.8344917,99,20,14,29,38,3.6286849975585938,63.5,64.5,7.697
1765479846.0400138,59,25,23,24,28,3.628742218017578,63.0,63.5,5.224
1765479846.2411397,59,25,23,24,28,3.628742218017578,63.0,63.5,5.224
1765479846.4421442,59,25,23,24,28,3.628742218017578,63.0,63.5,5.224
1765479846.6433,99,28,60,30,22,3.6292343139648438,63.0,64.0,7.618
1765479846.844296,99,28,60,30,22,3.6292343139648438,63.0,64.0,7.618
1765479847.045203,99,28,60,30,22,3.6292343139648438,63.0,64.0,7.618
1765479847.2463942,98,12,8,16,8,3.6296615600585938,63.0,63.5,5.969
1765479847.4474041,98,12,8,16,8,3.6296615600585938,63.0,63.5,5.969
1765479847.6485593,99,37,44,36,28,3.629627227783203,63.5,64.0,7.312
1765479847.849661,99,37,44,36,28,3.629627227783203,63.5,64.0,7.312
1765479848.0507376,99,37,44,36,28,3.629627227783203,63.5,64.0,7.312
1765479848.2519803,99,11,22,14,20,3.629680633544922,63.0,63.5,5.969
1765479848.4531682,99,11,22,14,20,3.629680633544922,63.0,63.5,5.969
1765479848.6541183,99,26,36,31,62,3.6310157775878906,64.0,64.5,8.555
1765479848.8551786,99,26,36,31,62,3.6310157775878906,64.0,64.5,8.555
1765479849.0562527,99,26,36,31,62,3.6310157775878906,64.0,64.5,8.555
1765479849.2572725,99,17,10,13,6,3.6303367614746094,63.0,64.0,7.006
1765479849.4582253,99,17,10,13,6,3.6303367614746094,63.0,64.0,7.006
1765479849.659729,99,28,32,34,60,3.6303329467773438,63.0,64.0,7.618
1765479849.8610275,99,28,32,34,60,3.6303329467773438,63.0,64.0,7.618
1765479850.0619237,99,28,32,34,60,3.6303329467773438,63.0,64.0,7.618
1765479850.2628598,99,16,21,20,29,3.6309242248535156,63.5,64.0,7.539
1765479850.464325,99,16,21,20,29,3.6309242248535156,63.5,64.0,7.539
1765479850.6655324,99,28,25,22,18,3.6321258544921875,62.5,64.5,7.046
1765479850.8665285,99,28,25,22,18,3.6321258544921875,62.5,64.5,7.046
1765479851.0675418,99,28,25,22,18,3.6321258544921875,62.5,64.5,7.046
1765479851.2687602,99,30,16,34,17,3.6318588256835938,63.0,64.0,7.312
1765479851.469886,99,30,16,34,17,3.6318588256835938,63.0,64.0,7.312
1765479851.6713195,99,24,20,21,28,3.631641387939453,63.0,63.5,5.889
1765479851.872511,99,24,20,21,28,3.631641387939453,63.0,63.5,5.889
1765479852.0735524,99,24,20,21,28,3.631641387939453,63.0,63.5,5.889
1765479852.2746508,99,28,61,33,26,3.6324691772460938,63.5,64.5,8.002
1765479852.4761949,99,28,61,33,26,3.6324691772460938,63.5,64.5,8.002
1765479852.6772695,92,13,14,10,10,3.632110595703125,62.5,63.5,5.889
1765479852.8783731,92,13,14,10,10,3.632110595703125,62.5,63.5,5.889
1765479853.0793464,92,13,14,10,10,3.632110595703125,62.5,63.5,5.889
1765479853.2805104,99,30,63,28,28,3.632537841796875,63.5,63.5,7.245
1765479853.481765,99,30,63,28,28,3.632537841796875,63.5,63.5,7.245
1765479853.6830792,96,18,21,23,27,3.6323165893554688,63.0,63.5,6.349
1765479853.8845556,96,18,21,23,27,3.6323165893554688,63.0,63.5,6.349
1765479854.0857084,96,18,21,23,27,3.6323165893554688,63.0,63.5,6.349
1765479854.286604,99,26,61,24,30,3.6333541870117188,63.5,64.5,8.331
1765479854.4877872,99,26,61,24,30,3.6333541870117188,63.5,64.5,8.331
1765479854.6888487,99,18,12,12,13,3.63262939453125,63.5,64.0,6.857
1765479854.8898513,99,18,12,12,13,3.63262939453125,63.5,64.0,6.857
1765479855.0908053,99,18,12,12,13,3.63262939453125,63.5,64.0,6.857
1765479855.2920625,99,30,27,31,66,3.6327476501464844,63.0,64.0,7.725
1765479855.493179,99,30,27,31,66,3.6327476501464844,63.0,64.0,7.725
1765479855.6942205,99,21,23,21,26,3.6331520080566406,63.0,64.5,7.618
1765479855.8951745,99,21,23,21,26,3.6331520080566406,63.0,64.5,7.618
1765479856.0965626,99,21,23,21,26,3.6331520080566406,63.0,64.5,7.618
1765479856.2976243,99,24,18,27,25,3.6342430114746094,63.0,64.0,7.312
1765479856.498624,99,24,18,27,25,3.6342430114746094,63.0,64.0,7.312
1765479856.6996355,99,27,25,32,23,3.6337661743164062,63.0,64.5,7.578
1765479856.9005716,99,27,25,32,23,3.6337661743164062,63.0,64.5,7.578
1765479857.10155,99,27,25,32,23,3.6337661743164062,63.0,64.5,7.578
1765479857.3027477,0,23,20,21,26,3.634082794189453,63.0,64.5,5.193
1765479857.5038502,0,23,20,21,26,3.634082794189453,63.0,64.5,5.193
1765479857.7048392,99,63,21,19,28,3.6355209350585938,63.5,64.5,7.883
1765479857.9057968,99,63,21,19,28,3.6355209350585938,63.5,64.5,7.883
1765479858.106837,99,63,21,19,28,3.6355209350585938,63.5,64.5,7.883
1765479858.3078387,63,20,12,8,8,3.6347618103027344,62.5,64.0,5.809
1765479858.508988,63,20,12,8,8,3.6347618103027344,62.5,64.0,5.809
1765479858.70992,63,20,12,8,8,3.6347618103027344,62.5,64.0,5.809
1765479858.9108844,99,32,31,55,30,3.6348304748535156,63.0,64.5,7.471
1765479859.1121027,99,32,31,55,30,3.6348304748535156,63.0,64.5,7.471
1765479859.3130815,95,20,14,19,14,3.634937286376953,63.0,64.0,6.24
1765479859.514192,95,20,14,19,14,3.634937286376953,63.0,64.0,6.24
1765479859.7152777,95,20,14,19,14,3.634937286376953,63.0,64.0,6.24
1765479859.9163322,99,32,59,20,28,3.636341094970703,63.5,65.0,8.41
1765479860.1173139,99,32,59,20,28,3.636341094970703,63.5,65.0,8.41
1765479860.3182378,99,16,12,15,15,3.6356430053710938,63.5,64.5,7.432
1765479860.5191672,99,16,12,15,15,3.6356430053710938,63.5,64.5,7.432
1765479860.7203364,99,16,12,15,15,3.6356430053710938,63.5,64.5,7.432
1765479860.9212675,99,37,27,56,22,3.635791778564453,63.5,65.0,7.539
1765479861.1224296,99,37,27,56,22,3.635791778564453,63.5,65.0,7.539
1765479861.3235204,99,19,17,29,14,3.6359100341796875,63.5,65.0,8.226
1765479861.5245593,99,19,17,29,14,3.6359100341796875,63.5,65.0,8.226
1765479861.7255814,99,19,17,29,14,3.6359100341796875,63.5,65.0,8.226
1765479861.927081,99,16,20,33,14,3.6375961303710938,63.0,65.0,7.273
1765479862.1281967,99,16,20,33,14,3.6375961303710938,63.0,65.0,7.273
1765479862.329383,99,26,34,24,21,3.636810302734375,63.5,64.0,7.352
1765479862.53047,99,26,34,24,21,3.636810302734375,63.5,64.0,7.352
1765479862.7314088,99,26,34,24,21,3.636810302734375,63.5,64.0,7.352
1765479862.936361,99,25,21,18,25,3.6368408203125,63.5,64.0,6.089
1765479863.1373987,99,25,21,18,25,3.6368408203125,63.5,64.0,6.089
1765479863.3383453,99,23,26,22,66,3.6380462646484375,63.5,65.0,8.108
1765479863.5394056,99,23,26,22,66,3.6380462646484375,63.5,65.0,8.108
1765479863.7406259,99,23,26,22,66,3.6380462646484375,63.5,65.0,8.108
1765479863.9419382,45,15,14,13,15,3.637054443359375,62.5,64.5,5.729
1765479864.1430364,45,15,14,13,15,3.637054443359375,62.5,64.5,5.729
1765479864.3440802,99,30,28,60,35,3.6377944946289062,63.5,64.5,7.777
1765479864.545003,99,30,28,60,35,3.6377944946289062,63.5,64.5,7.777
1765479864.7460473,99,30,28,60,35,3.6377944946289062,63.5,64.5,7.777
1765479864.9469614,99,16,23,20,15,3.6382408142089844,63.5,64.5,7.392
1765479865.1482124,99,16,23,20,15,3.6382408142089844,63.5,64.5,7.392
1765479865.3491795,98,19,21,65,22,3.638225555419922,63.5,65.5,8.371
1765479865.550143,98,19,21,65,22,3.638225555419922,63.5,65.5,8.371
1765479865.751116,98,19,21,65,22,3.638225555419922,63.5,65.5,8.371
1765479865.9522462,99,12,14,12,20,3.6385040283203125,63.5,64.0,7.459
1765479866.153168,99,12,14,12,20,3.6385040283203125,63.5,64.0,7.459
1765479866.3542292,99,46,31,28,34,3.6383819580078125,63.0,64.5,7.764
1765479866.5553215,99,46,31,28,34,3.6383819580078125,63.0,64.5,7.764
1765479866.7565987,99,46,31,28,34,3.6383819580078125,63.0,64.5,7.764
1765479866.957744,98,40,20,20,24,3.6390037536621094,63.5,65.0,8.266
1765479867.1587994,98,40,20,20,24,3.6390037536621094,63.5,65.0,8.266
1765479867.360103,99,31,20,24,24,3.6379661560058594,63.0,64.5,7.245
1765479867.5611115,99,31,20,24,24,3.6379661560058594,63.0,64.5,7.245
1765479867.7620857,99,31,20,24,24,3.6379661560058594,63.0,64.5,7.245
1765479867.9630337,99,24,34,27,45,3.6384124755859375,63.5,64.5,7.697
1765479868.164698,99,24,34,27,45,3.6384124755859375,63.5,64.5,7.697
1765479868.3655536,99,23,23,20,19,3.63836669921875,63.5,64.0,6.349
1765479868.5664983,99,23,23,20,19,3.63836669921875,63.5,64.0,6.349
1765479868.7678003,99,23,23,20,19,3.63836669921875,63.5,64.0,6.349
1765479868.9691615,99,23,21,61,19,3.639514923095703,63.0,65.0,7.804
1765479869.170223,99,23,21,61,19,3.639514923095703,63.0,65.0,7.804
1765479869.3711653,99,23,21,61,19,3.639514923095703,63.0,65.0,7.804
1765479869.5726044,67,13,12,15,26,3.638103485107422,63.0,64.5,5.818
1765479869.773698,67,13,12,15,26,3.638103485107422,63.0,64.5,5.818
1765479869.974889,99,33,30,30,52,3.6385459899902344,63.5,65.0,7.539
1765479870.176148,99,33,30,30,52,3.6385459899902344,63.5,65.0,7.539
1765479870.3771634,99,33,30,30,52,3.6385459899902344,63.5,65.0,7.539
1765479870.5784867,96,18,12,18,17,3.6384506225585938,63.0,64.0,6.818
1765479870.7795439,96,18,12,18,17,3.6384506225585938,63.0,64.0,6.818
1765479870.9806638,98,23,60,25,29,3.639324188232422,63.5,65.0,8.45
1765479871.1818032,98,23,60,25,29,3.639324188232422,63.5,65.0,8.45
1765479871.3827496,98,23,60,25,29,3.639324188232422,63.5,65.0,8.45
1765479871.5836594,99,18,16,12,15,3.6386871337890625,63.5,64.0,7.273
1765479871.784626,99,18,16,12,15,3.6386871337890625,63.5,64.0,7.273
1765479871.9856658,99,30,30,38,58,3.638347625732422,63.5,64.5,8.108
1765479872.1868355,99,30,30,38,58,3.638347625732422,63.5,64.5,8.108
1765479872.388104,99,30,30,38,58,3.638347625732422,63.5,64.5,8.108
1765479872.5891976,99,23,22,19,13,3.6394996643066406,63.5,65.0,7.962
1765479872.790601,99,23,22,19,13,3.6394996643066406,63.5,65.0,7.962
1765479872.9916465,99,22,18,45,20,3.638622283935547,63.5,65.0,8.029
1765479873.1926286,99,22,18,45,20,3.638622283935547,63.5,65.0,8.029
1765479873.3937485,99,22,18,45,20,3.638622283935547,63.5,65.0,8.029
1765479873.5948117,99,26,24,23,21,3.638408660888672,63.5,64.0,7.392
1765479873.7969027,99,26,24,23,21,3.638408660888672,63.5,64.0,7.392
1765479873.9983454,99,33,33,34,23,3.6382064819335938,63.5,64.5,7.273
1765479874.1996224,99,33,33,34,23,3.6382064819335938,63.5,64.5,7.273
1765479874.4007936,99,33,33,34,23,3.6382064819335938,63.5,64.5,7.273
1765479874.6019955,99,20,44,16,14,3.639446258544922,63.5,64.5,8.147
1765479874.8029892,99,20,44,16,14,3.639446258544922,63.5,64.5,8.147
1765479875.004159,99,20,10,18,18,3.6387481689453125,63.5,64.5,6.12
1765479875.2053204,99,20,10,18,18,3.6387481689453125,63.5,64.5,6.12
1765479875.4063609,99,20,10,18,18,3.6387481689453125,63.5,64.5,6.12
1765479875.607523,99,33,30,36,52,3.6383209228515625,63.5,64.0,7.205
1765479875.8086617,99,33,30,36,52,3.6383209228515625,63.5,64.0,7.205
1765479876.0095565,88,27,27,21,10,3.638378143310547,63.0,65.0,6.009
1765479876.210651,88,27,27,21,10,3.638378143310547,63.0,65.0,6.009
1765479876.4116752,88,27,27,21,10,3.638378143310547,63.0,65.0,6.009
1765479876.6127145,99,12,53,14,20,3.638172149658203,63.5,64.5,7.432
1765479876.8138509,99,12,53,14,20,3.638172149658203,63.5,64.5,7.432
1765479877.0149345,96,22,14,16,12,3.6381454467773438,63.0,64.0,6.049
1765479877.2167413,96,22,14,16,12,3.6381454467773438,63.0,64.0,6.049
1765479877.4176552,96,22,14,16,12,3.6381454467773438,63.0,64.0,6.049
1765479877.6186836,99,52,39,37,36,3.638233184814453,63.5,64.5,7.816
1765479877.819849,99,52,39,37,36,3.638233184814453,63.5,64.5,7.816
1765479878.021019,99,12,14,14,18,3.63922119140625,63.5,64.5,7.883
1765479878.2267735,99,12,14,14,18,3.63922119140625,63.5,64.5,7.883
1765479878.4278424,99,12,14,14,18,3.63922119140625,63.5,64.5,7.883
1765479878.6290326,99,19,24,61,15,3.638397216796875,63.5,65.5,8.042
1765479878.8301492,99,19,24,61,15,3.638397216796875,63.5,65.5,8.042
1765479879.0311847,99,19,18,17,18,3.6385765075683594,63.5,64.5,7.273
1765479879.232327,99,19,18,17,18,3.6385765075683594,63.5,64.5,7.273
1765479879.4342008,99,19,18,17,18,3.6385765075683594,63.5,64.5,7.273
1765479879.6352937,99,27,38,38,36,3.638561248779297,63.5,65.0,8.345
1765479879.8363848,99,27,38,38,36,3.638561248779297,63.5,65.0,8.345
1765479880.037258,99,30,10,13,11,3.6393165588378906,63.5,65.0,8.029
1765479880.2381902,99,30,10,13,11,3.6393165588378906,63.5,65.0,8.029
1765479880.4391186,99,30,10,13,11,3.6393165588378906,63.5,65.0,8.029
1765479880.640248,99,26,21,40,32,3.638427734375,63.0,65.0,6.897
1765479880.841357,99,26,21,40,32,3.638427734375,63.0,65.0,6.897
1765479881.0424829,99,26,21,40,32,3.638427734375,63.0,65.0,6.897
1765479881.2435625,98,23,42,21,21,3.639080047607422,63.5,65.0,7.658
1765479881.4445767,98,23,42,21,21,3.639080047607422,63.5,65.0,7.658
1765479881.6456506,99,30,25,17,20,3.6389198303222656,63.5,64.5,6.669
1765479881.8466964,99,30,25,17,20,3.6389198303222656,63.5,64.5,6.669
1765479882.0476263,99,30,25,17,20,3.6389198303222656,63.5,64.5,6.669
1765479882.2487345,99,18,20,55,10,3.6385154724121094,63.5,64.5,7.284
1765479882.4497638,99,18,20,55,10,3.6385154724121094,63.5,64.5,7.284
1765479882.6507921,76,25,28,27,12,3.6391372680664062,62.5,64.5,5.938
1765479882.8520257,76,25,28,27,12,3.6391372680664062,62.5,64.5,5.938
1765479883.0529284,76,25,28,27,12,3.6391372680664062,62.5,64.5,5.938
1765479883.2539823,99,29,30,57,34,3.640308380126953,63.5,64.5,7.578
1765479883.4553182,99,29,30,57,34,3.640308380126953,63.5,64.5,7.578
1765479883.656394,99,22,16,12,13,3.6409645080566406,63.5,64.5,8.002
1765479883.857649,99,22,16,12,13,3.6409645080566406,63.5,64.5,8.002
1765479884.0588288,99,22,16,12,13,3.6409645080566406,63.5,64.5,8.002
1765479884.2599056,98,21,31,20,60,3.6399879455566406,63.5,65.0,8.042
1765479884.4612377,98,21,31,20,60,3.6399879455566406,63.5,65.0,8.042
1765479884.6623125,99,20,16,19,18,3.640918731689453,63.5,64.5,7.578
1765479884.86324,99,20,16,19,18,3.640918731689453,63.5,64.5,7.578
1765479885.064494,99,20,16,19,18,3.640918731689453,63.5,64.5,7.578
1765479885.2655458,99,35,32,43,31,3.64154052734375,63.5,65.0,8.266
1765479885.4665866,99,35,32,43,31,3.64154052734375,63.5,65.0,8.266
1765479885.6677938,99,15,20,11,12,3.6418685913085938,63.5,64.5,7.883
1765479885.8689625,99,15,20,11,12,3.6418685913085938,63.5,64.5,7.883
1765479886.0700355,99,15,20,11,12,3.6418685913085938,63.5,64.5,7.883
1765479886.2712955,99,25,40,33,24,3.6409950256347656,63.5,65.0,7.432
1765479886.4724379,99,25,40,33,24,3.6409950256347656,63.5,65.0,7.432
1765479886.6734557,98,26,20,23,41,3.6408233642578125,64.0,64.5,7.499
1765479886.8746147,98,26,20,23,41,3.6408233642578125,64.0,64.5,7.499
1765479887.0755928,98,26,20,23,41,3.6408233642578125,64.0,64.5,7.499
1765479887.2767644,99,22,23,14,23,3.6419296264648438,63.5,64.5,6.897
1765479887.4779108,99,22,23,14,23,3.6419296264648438,63.5,64.5,6.897
1765479887.6790948,99,16,23,20,53,3.6414413452148438,64.0,64.5,7.085
1765479887.8802674,99,16,23,20,53,3.6414413452148438,64.0,64.5,7.085
1765479888.0812974,99,16,23,20,53,3.6414413452148438,64.0,64.5,7.085
1765479888.282461,44,14,30,18,20,3.641246795654297,63.0,64.0,5.929
1765479888.5051434,44,14,30,18,20,3.641246795654297,63.0,64.0,5.929
1765479888.7061036,99,33,58,25,30,3.6414260864257812,63.5,64.5,7.578
1765479888.9072018,99,33,58,25,30,3.6414260864257812,63.5,64.5,7.578
1765479889.1084065,99,33,58,25,30,3.6414260864257812,63.5,64.5,7.578
1765479889.3093235,99,14,13,13,6,3.6419143676757812,63.5,64.5,6.389
1765479889.510407,99,14,13,13,6,3.6419143676757812,63.5,64.5,6.389
1765479889.711313,99,23,36,27,64,3.641254425048828,63.5,64.5,7.883
1765479889.9124353,99,23,36,27,64,3.641254425048828,63.5,64.5,7.883
1765479890.1135347,99,23,36,27,64,3.641254425048828,63.5,64.5,7.883
1765479890.3145306,99,24,14,20,17,3.6415634155273438,63.5,64.5,7.658
1765479890.5160563,99,24,14,20,17,3.6415634155273438,63.5,64.5,7.658
1765479890.7173488,99,28,45,28,50,3.6417236328125,63.5,65.0,8.305
1765479890.9185176,99,28,45,28,50,3.6417236328125,63.5,65.0,8.305
1765479891.1196513,99,28,45,28,50,3.6417236328125,63.5,65.0,8.305
1765479891.3206244,99,17,9,9,15,3.6412811279296875,63.5,64.5,7.245
1765479891.5218062,99,17,9,9,15,3.6412811279296875,63.5,64.5,7.245
1765479891.7228546,99,26,40,24,48,3.641277313232422,63.5,65.0,7.618
1765479891.9243982,99,26,40,24,48,3.641277313232422,63.5,65.0,7.618
1765479892.1253624,99,26,40,24,48,3.641277313232422,63.5,65.0,7.618
1765479892.326345,99,27,23,29,23,3.6417465209960938,64.0,64.5,7.392
1765479892.5274508,99,27,23,29,23,3.6417465209960938,64.0,64.5,7.392
1765479892.7291389,99,27,23,29,23,3.6417465209960938,64.0,64.5,7.392
1765479892.9301333,99,30,34,25,24,3.6421051025390625,63.5,65.0,7.658
1765479893.131111,99,30,34,25,24,3.6421051025390625,63.5,65.0,7.658
1765479893.3322535,99,44,16,15,14,3.6409759521484375,64.0,64.5,7.539
1765479893.53321,99,44,16,15,14,3.6409759521484375,64.0,64.5,7.539
1765479893.7343938,99,44,16,15,14,3.6409759521484375,64.0,64.5,7.539
1765479893.9355688,99,22,21,20,25,3.6415557861328125,63.5,64.5,6.089
1765479894.1366684,99,22,21,20,25,3.6415557861328125,63.5,64.5,6.089
1765479894.3381464,99,31,28,61,20,3.6412010192871094,64.0,64.5,7.273
1765479894.5391855,99,31,28,61,20,3.6412010192871094,64.0,64.5,7.273
1765479894.7401965,99,31,28,61,20,3.6412010192871094,64.0,64.5,7.273
1765479894.9417033,56,12,20,15,12,3.6427230834960938,63.0,64.5,6.12
1765479895.1429467,56,12,20,15,12,3.6427230834960938,63.0,64.5,6.12
1765479895.3441265,99,26,43,46,15,3.6417465209960938,63.5,64.5,7.245
1765479895.545215,99,26,43,46,15,3.6417465209960938,63.5,64.5,7.245
1765479895.7462852,99,26,43,46,15,3.6417465209960938,63.5,64.5,7.245
1765479895.9472308,99,22,16,16,15,3.641284942626953,63.5,64.5,5.586
1765479896.149536,99,22,16,16,15,3.641284942626953,63.5,64.5,5.586
1765479896.3505335,99,30,45,65,32,3.6416244506835938,64.0,66.0,8.83
1765479896.551487,99,30,45,65,32,3.6416244506835938,64.0,66.0,8.83
1765479896.752573,99,30,45,65,32,3.6416244506835938,64.0,66.0,8.83
1765479896.9535534,98,11,6,9,2,3.6411666870117188,63.5,65.0,7.273
1765479897.154762,98,11,6,9,2,3.6411666870117188,63.5,65.0,7.273
1765479897.3561153,99,36,56,33,26,3.641254425048828,63.5,64.5,7.962
1765479897.557321,99,36,56,33,26,3.641254425048828,63.5,64.5,7.962
1765479897.7583601,99,36,56,33,26,3.641254425048828,63.5,64.5,7.962
1765479897.959273,99,20,30,14,18,3.6415672302246094,63.5,64.5,7.165
1765479898.1604197,99,20,30,14,18,3.6415672302246094,63.5,64.5,7.165
1765479898.361676,99,30,38,31,28,3.641651153564453,64.0,65.0,8.371
1765479898.5628867,99,30,38,31,28,3.641651153564453,64.0,65.0,8.371
1765479898.7645168,99,30,38,31,28,3.641651153564453,64.0,65.0,8.371
1765479898.9659622,99,19,16,20,27,3.641315460205078,63.5,64.5,7.777
1765479899.166947,99,19,16,20,27,3.641315460205078,63.5,64.5,7.777
1765479899.3681984,99,26,43,18,28,3.64141845703125,63.5,65.0,7.312
1765479899.5693908,99,26,43,18,28,3.64141845703125,63.5,65.0,7.312
1765479899.770513,99,26,43,18,28,3.64141845703125,63.5,65.0,7.312
1765479899.971649,99,25,18,20,45,3.641387939453125,63.5,64.5,7.843
1765479900.1729386,99,25,18,20,45,3.641387939453125,63.5,64.5,7.843
1765479900.3747158,88,14,14,10,26,3.6420249938964844,63.5,64.5,6.4
1765479900.5756872,88,14,14,10,26,3.6420249938964844,63.5,64.5,6.4
1765479900.7768288,88,14,14,10,26,3.6420249938964844,63.5,64.5,6.4
1765479900.9778934,99,31,24,50,35,3.641590118408203,63.5,65.0,7.165
1765479901.179101,99,31,24,50,35,3.641590118408203,63.5,65.0,7.165
1765479901.3801475,72,26,22,27,22,3.6417083740234375,63.5,64.5,5.929
1765479901.5813224,72,26,22,27,22,3.6417083740234375,63.5,64.5,5.929
1765479901.7822945,72,26,22,27,22,3.6417083740234375,63.5,64.5,5.929
1765479901.983385,99,25,30,62,29,3.6420021057128906,64.0,65.0,8.187
1765479902.184598,99,25,30,62,29,3.6420021057128906,64.0,65.0,8.187
1765479902.3877687,99,10,5,4,6,3.6415252685546875,63.5,64.0,5.577
1765479902.5889523,99,10,5,4,6,3.6415252685546875,63.5,64.0,5.577
1765479902.7900727,99,10,5,4,6,3.6415252685546875,63.5,64.0,5.577
1765479902.991044,99,33,25,79,28,3.6421356201171875,64.0,65.0,8.029
1765479903.192158,99,33,25,79,28,3.6421356201171875,64.0,65.0,8.029
1765479903.3935342,99,23,20,15,16,3.64208984375,64.0,65.0,7.697
1765479903.5944927,99,23,20,15,16,3.64208984375,64.0,65.0,7.697
1765479903.795437,99,23,20,15,16,3.64208984375,64.0,65.0,7.697
1765479903.9964795,99,26,22,19,54,3.643360137939453,64.0,65.0,8.187
1765479904.197484,99,26,22,19,54,3.643360137939453,64.0,65.0,8.187
1765479904.3987467,99,26,22,19,54,3.643360137939453,64.0,65.0,8.187
1765479904.5997446,99,25,25,18,16,3.642578125,63.5,64.5,7.193
1765479904.800614,99,25,25,18,16,3.642578125,63.5,64.5,7.193
1765479905.0015714,99,40,36,32,37,3.6427993774414062,63.5,65.0,7.392
1765479905.2031932,99,40,36,32,37,3.6427993774414062,63.5,65.0,7.392
1765479905.4046156,99,40,36,32,37,3.6427993774414062,63.5,65.0,7.392
1765479905.6056714,98,50,20,22,20,3.643230438232422,64.0,65.0,7.923
1765479905.8065708,98,50,20,22,20,3.643230438232422,64.0,65.0,7.923
1765479906.0081291,0,13,21,15,12,3.6438827514648438,64.0,64.5,5.537
1765479906.2094047,0,13,21,15,12,3.6438827514648438,64.0,64.5,5.537
1765479906.410736,0,13,21,15,12,3.6438827514648438,64.0,64.5,5.537
1765479906.6118188,99,46,25,32,37,3.6437034606933594,64.0,64.5,7.006
1765479906.812877,99,46,25,32,37,3.6437034606933594,64.0,64.5,7.006
1765479907.0139081,99,19,20,32,22,3.6434364318847656,63.5,64.5,5.929
1765479907.21498,99,19,20,32,22,3.6434364318847656,63.5,64.5,5.929
1765479907.4161751,99,19,20,32,22,3.6434364318847656,63.5,64.5,5.929
1765479907.6174042,99,25,62,18,33,3.6440887451171875,64.0,65.0,7.883
1765479907.8184543,99,25,62,18,33,3.6440887451171875,64.0,65.0,7.883
1765479908.0194907,12,12,8,6,10,3.6434669494628906,63.5,64.0,5.265
1765479908.220531,12,12,8,6,10,3.6434669494628906,63.5,64.0,5.265
1765479908.4217293,12,12,8,6,10,3.6434669494628906,63.5,64.0,5.265
1765479908.6228604,99,28,36,26,70,3.6433448791503906,64.0,64.5,7.816
1765479908.824049,99,28,36,26,70,3.6433448791503906,64.0,64.5,7.816
1765479909.0260866,98,15,24,16,12,3.6435813903808594,63.5,64.5,7.085
1765479909.2272532,98,15,24,16,12,3.6435813903808594,63.5,64.5,7.085
1765479909.4291077,98,15,24,16,12,3.6435813903808594,63.5,64.5,7.085
1765479909.630165,99,22,60,20,32,3.6445846557617188,64.0,65.0,8.529
1765479909.8312113,99,22,60,20,32,3.6445846557617188,64.0,65.0,8.529
1765479910.032375,99,16,15,10,16,3.6433181762695312,64.0,64.5,7.658
1765479910.2334795,99,16,15,10,16,3.6433181762695312,64.0,64.5,7.658
1765479910.4349282,99,16,15,10,16,3.6433181762695312,64.0,64.5,7.658
1765479910.6363213,99,30,33,51,29,3.6436538696289062,64.0,65.5,7.883
1765479910.8374383,99,30,33,51,29,3.6436538696289062,64.0,65.5,7.883
1765479911.0384896,99,25,14,29,20,3.643524169921875,64.0,64.5,8.147
1765479911.239527,99,25,14,29,20,3.643524169921875,64.0,64.5,8.147
1765479911.4407163,99,25,14,29,20,3.643524169921875,64.0,64.5,8.147
1765479911.64179,99,10,24,23,22,3.64404296875,63.5,65.0,7.432
1765479911.8429685,99,10,24,23,22,3.64404296875,63.5,65.0,7.432
1765479912.0439994,99,20,16,34,21,3.6436729431152344,64.0,64.5,7.312
1765479912.245036,99,20,16,34,21,3.6436729431152344,64.0,64.5,7.312
1765479912.4459567,99,20,16,34,21,3.6436729431152344,64.0,64.5,7.312
1765479912.6471074,99,21,33,21,19,3.6434898376464844,64.0,64.5,5.929
1765479912.84814,99,21,33,21,19,3.6434898376464844,64.0,64.5,5.929
1765479913.0495462,99,30,21,28,55,3.6441001892089844,64.0,65.0,8.002
1765479913.250805,99,30,21,28,55,3.6441001892089844,64.0,65.0,8.002
1765479913.4521933,99,30,21,28,55,3.6441001892089844,64.0,65.0,8.002
1765479913.6531422,90,19,12,10,20,3.6434478759765625,63.5,64.0,5.889
1765479913.854405,90,19,12,10,20,3.6434478759765625,63.5,64.0,5.889
1765479914.0555143,99,40,42,48,32,3.6434898376464844,64.0,64.0,7.165
1765479914.258417,99,40,42,48,32,3.6434898376464844,64.0,64.0,7.165
1765479914.4594216,99,40,42,48,32,3.6434898376464844,64.0,64.0,7.165
1765479914.6604009,99,24,20,19,15,3.643230438232422,63.5,64.0,5.969
1765479914.8614066,99,24,20,19,15,3.643230438232422,63.5,64.0,5.969
1765479915.062381,99,26,69,18,20,3.6439552307128906,64.0,65.5,8.41
1765479915.263448,99,26,69,18,20,3.6439552307128906,64.0,65.5,8.41
1765479915.464637,99,26,69,18,20,3.6439552307128906,64.0,65.5,8.41
1765479915.6656024,98,17,17,15,15,3.6434669494628906,64.0,64.5,6.857
1765479915.8668702,98,17,17,15,15,3.6434669494628906,64.0,64.5,6.857
1765479916.0678437,98,17,17,15,15,3.6434669494628906,64.0,64.5,6.857
1765479916.2690501,98,34,32,64,28,3.6435089111328125,64.5,65.5,7.962
1765479916.4702184,98,34,32,64,28,3.6435089111328125,64.5,65.5,7.962
1765479916.6712806,99,17,16,17,20,3.6441879272460938,64.0,64.5,8.108
1765479916.8723354,99,17,16,17,20,3.6441879272460938,64.0,64.5,8.108
1765479917.073392,99,17,16,17,20,3.6441879272460938,64.0,64.5,8.108
1765479917.274625,99,20,18,53,19,3.6434326171875,64.0,65.5,7.843
1765479917.4756567,99,20,18,53,19,3.6434326171875,64.0,65.5,7.843
1765479917.6767757,99,17,22,19,23,3.6436386108398438,64.0,64.5,7.471
1765479917.8776937,99,17,22,19,23,3.6436386108398438,64.0,64.5,7.471
1765479918.0806384,99,17,22,19,23,3.6436386108398438,64.0,64.5,7.471
1765479918.2817254,99,41,37,30,29,3.6434783935546875,64.0,65.5,7.392
1765479918.4826858,99,41,37,30,29,3.6434783935546875,64.0,65.5,7.392
1765479918.6836395,99,18,46,14,19,3.6440353393554688,64.5,65.0,8.002
1765479918.884661,99,18,46,14,19,3.6440353393554688,64.5,65.0,8.002
1765479919.0857122,99,18,46,14,19,3.6440353393554688,64.5,65.0,8.002
1765479919.292837,75,14,19,21,12,3.6431007385253906,63.5,64.5,5.778
1765479919.4939177,75,14,19,21,12,3.6431007385253906,63.5,64.5,5.778
1765479919.6950552,99,35,46,31,38,3.643207550048828,64.0,64.5,7.085
1765479919.896245,99,35,46,31,38,3.643207550048828,64.0,64.5,7.085
1765479920.0972123,99,35,46,31,38,3.643207550048828,64.0,64.5,7.085
1765479920.2982237,76,26,18,18,24,3.643402099609375,63.5,64.5,6.08
1765479920.499158,76,26,18,18,24,3.643402099609375,63.5,64.5,6.08
1765479920.7002792,99,20,18,20,56,3.643688201904297,64.0,64.5,7.471
1765479920.9012208,99,20,18,20,56,3.643688201904297,64.0,64.5,7.471
1765479921.1021466,99,20,18,20,56,3.643688201904297,64.0,64.5,7.471
1765479921.3031597,97,19,18,16,20,3.6431350708007812,63.5,64.0,5.617
1765479921.5044947,97,19,18,16,20,3.6431350708007812,63.5,64.0,5.617
1765479921.705482,99,42,56,42,34,3.6430625915527344,64.0,65.0,8.029
1765479921.9066427,99,42,56,42,34,3.6430625915527344,64.0,65.0,8.029
1765479922.1077745,99,42,56,42,34,3.6430625915527344,64.0,65.0,8.029
1765479922.3087559,98,24,13,12,19,3.644275665283203,64.0,65.0,7.764
1765479922.510418,98,24,13,12,19,3.644275665283203,64.0,65.0,7.764
1765479922.7116024,99,26,18,16,64,3.643505096435547,64.0,65.0,8.081
1765479922.9127755,99,26,18,16,64,3.643505096435547,64.0,65.0,8.081
1765479923.1138859,99,26,18,16,64,3.643505096435547,64.0,65.0,8.081
1765479923.31488,99,18,22,6,16,3.6433868408203125,63.5,64.5,7.511
1765479923.5165431,99,18,22,6,16,3.6433868408203125,63.5,64.5,7.511
1765479923.717821,99,36,32,34,44,3.6432228088378906,64.0,65.0,8.226
1765479923.9190395,99,36,32,34,44,3.6432228088378906,64.0,65.0,8.226
1765479924.1203527,99,36,32,34,44,3.6432228088378906,64.0,65.0,8.226
1765479924.3213239,99,13,13,10,28,3.6439743041992188,64.0,65.0,8.068
1765479924.5222356,99,13,13,10,28,3.6439743041992188,64.0,65.0,8.068
1765479924.7233126,99,26,38,24,26,3.643585205078125,63.0,64.0,6.658
1765479924.924466,99,26,38,24,26,3.643585205078125,63.0,64.0,6.658
1765479925.1254508,99,26,38,24,26,3.643585205078125,63.0,64.0,6.658
1765479925.32642,99,24,47,18,18,3.6438217163085938,64.0,65.0,7.539
1765479925.5274,99,24,47,18,18,3.6438217163085938,64.0,65.0,7.539
1765479925.728539,99,23,14,22,25,3.64373779296875,63.5,65.5,6.509
1765479925.9296076,99,23,14,22,25,3.64373779296875,63.5,65.5,6.509
1765479926.1306283,99,23,14,22,25,3.64373779296875,63.5,65.5,6.509
1765479926.3317761,99,20,18,55,14,3.644031524658203,64.0,65.0,7.273
1765479926.5328922,99,20,18,55,14,3.644031524658203,64.0,65.0,7.273
1765479926.7337117,86,21,25,20,20,3.6436996459960938,63.5,64.5,5.849
1765479926.934935,86,21,25,20,20,3.6436996459960938,63.5,64.5,5.849
1765479927.1360724,86,21,25,20,20,3.6436996459960938,63.5,64.5,5.849
1765479927.3369927,99,33,28,38,51,3.6435813903808594,63.5,65.0,7.539
1765479927.5379868,99,33,28,38,51,3.6435813903808594,63.5,65.0,7.539
1765479927.7389183,99,33,28,38,51,3.6435813903808594,63.5,65.0,7.539
1765479927.9398727,94,20,10,11,10,3.645221710205078,64.0,65.0,7.352
1765479928.1410942,94,20,10,11,10,3.645221710205078,64.0,65.0,7.352
1765479928.3421428,99,61,22,31,23,3.6440353393554688,64.0,65.0,7.737
1765479928.5431175,99,61,22,31,23,3.6440353393554688,64.0,65.0,7.737
1765479928.7441525,99,61,22,31,23,3.6440353393554688,64.0,65.0,7.737
1765479928.9451082,99,19,16,14,21,3.6435813903808594,63.5,64.5,7.205
1765479929.1465752,99,19,16,14,21,3.6435813903808594,63.5,64.5,7.205
1765479929.3476653,99,32,37,32,51,3.6439247131347656,64.0,65.0,8.41
1765479929.5487266,99,32,37,32,51,3.6439247131347656,64.0,65.0,8.41
1765479929.749987,99,32,37,32,51,3.6439247131347656,64.0,65.0,8.41
1765479929.9509132,99,17,14,13,13,3.644977569580078,64.0,64.5,7.658
1765479930.1521013,99,17,14,13,13,3.644977569580078,64.0,64.5,7.658
1765479930.3532743,99,31,31,60,28,3.644336700439453,63.5,65.5,7.962
1765479930.554329,99,31,31,60,28,3.644336700439453,63.5,65.5,7.962
1765479930.7553797,99,31,31,60,28,3.644336700439453,63.5,65.5,7.962
1765479930.9564254,99,26,16,37,25,3.644664764404297,64.0,65.0,7.618
1765479931.158999,99,26,16,37,25,3.644664764404297,64.0,65.0,7.618
1765479931.36026,99,29,24,29,30,3.6447792053222656,63.5,65.5,7.737
1765479931.561236,99,29,24,29,30,3.6447792053222656,63.5,65.5,7.737
1765479931.7623115,99,29,24,29,30,3.6447792053222656,63.5,65.5,7.737
1765479931.9635427,99,20,40,12,17,3.643840789794922,64.0,65.0,7.551
1765479932.1646245,99,20,40,12,17,3.643840789794922,64.0,65.0,7.551
1765479932.3655837,99,18,28,21,20,3.644123077392578,64.0,65.0,6.469
1765479932.5667021,99,18,28,21,20,3.644123077392578,64.0,65.0,6.469
1765479932.7681358,99,18,28,21,20,3.644123077392578,64.0,65.0,6.469
1765479932.9693072,99,24,61,32,22,3.64434814453125,64.0,65.0,7.245
1765479933.1703131,99,24,61,32,22,3.64434814453125,64.0,65.0,7.245
1765479933.3718123,60,21,16,19,16,3.6447906494140625,63.5,65.0,5.809
1765479933.5729878,60,21,16,19,16,3.6447906494140625,63.5,65.0,5.809
1765479933.7738721,60,21,16,19,16,3.6447906494140625,63.5,65.0,5.809
1765479933.9750254,99,19,57,25,21,3.644329071044922,64.0,65.0,7.273
1765479934.1763148,99,19,57,25,21,3.644329071044922,64.0,65.0,7.273
1765479934.3773975,94,21,24,14,14,3.644214630126953,64.0,64.5,6.4
1765479934.5789714,94,21,24,14,14,3.644214630126953,64.0,64.5,6.4
1765479934.7801266,94,21,24,14,14,3.644214630126953,64.0,64.5,6.4
1765479934.981101,98,34,64,34,38,3.644275665283203,64.0,65.5,8.687
1765479935.1829798,98,34,64,34,38,3.644275665283203,64.0,65.5,8.687
1765479935.3843677,99,15,15,7,2,3.644084930419922,64.0,65.0,7.618
1765479935.5853374,99,15,15,7,2,3.644084930419922,64.0,65.0,7.618
1765479935.7862337,99,15,15,7,2,3.644084930419922,64.0,65.0,7.618
1765479935.9873796,99,32,22,23,70,3.6441421508789062,63.5,65.0,8.002
1765479936.188431,99,32,22,23,70,3.6441421508789062,63.5,65.0,8.002
1765479936.389465,99,20,14,22,23,3.6440505981445312,64.0,65.0,7.085
1765479936.5903742,99,20,14,22,23,3.6440505981445312,64.0,65.0,7.085
1765479936.791482,99,20,14,22,23,3.6440505981445312,64.0,65.0,7.085
1765479936.992533,99,37,25,30,30,3.6457138061523438,63.5,65.5,8.147
1765479937.193483,99,37,25,30,30,3.6457138061523438,63.5,65.5,8.147
1765479937.394411,99,20,17,17,31,3.6447677612304688,64.0,65.0,7.471
1765479937.5953352,99,20,17,17,31,3.6447677612304688,64.0,65.0,7.471
1765479937.79633,99,20,17,17,31,3.6447677612304688,64.0,65.0,7.471
1765479937.9973972,99,28,27,22,36,3.645282745361328,63.0,64.5,7.165
1765479938.1985638,99,28,27,22,36,3.645282745361328,63.0,64.5,7.165
1765479938.3995242,99,46,20,16,26,3.6453399658203125,64.0,65.0,7.737
1765479938.6005378,99,46,20,16,26,3.6453399658203125,64.0,65.0,7.737
1765479938.8015745,99,46,20,16,26,3.6453399658203125,64.0,65.0,7.737
1765479939.0027552,99,17,25,18,12,3.6461524963378906,64.0,64.5,6.778
1765479939.2037842,99,17,25,18,12,3.6461524963378906,64.0,64.5,6.778
1765479939.404508,99,17,25,18,12,3.6461524963378906,64.0,64.5,6.778
1765479939.6055465,99,27,32,27,46,3.6450271606445312,64.0,65.0,7.352
1765479939.8064637,99,27,32,27,46,3.6450271606445312,64.0,65.0,7.352
1765479940.007377,41,22,22,27,20,3.6452484130859375,63.5,65.0,5.738
1765479940.2084324,41,22,22,27,20,3.6452484130859375,63.5,65.0,5.738
1765479940.4093091,41,22,22,27,20,3.6452484130859375,63.5,65.0,5.738
1765479940.6103854,99,61,26,26,32,3.6460838317871094,64.0,65.5,8.068
1765479940.8114216,99,61,26,26,32,3.6460838317871094,64.0,65.5,8.068
1765479941.0124815,99,12,7,9,2,3.6458587646484375,63.5,64.5,6.897
1765479941.2135754,99,12,7,9,2,3.6458587646484375,63.5,64.5,6.897
1765479941.4149103,99,12,7,9,2,3.6458587646484375,63.5,64.5,6.897
1765479941.6166344,98,28,30,67,30,3.6463050842285156,64.0,65.5,8.081
1765479941.817699,98,28,30,67,30,3.6463050842285156,64.0,65.5,8.081
1765479942.0186765,99,21,21,23,17,3.647075653076172,64.0,65.0,7.578
1765479942.2196085,99,21,21,23,17,3.647075653076172,64.0,65.0,7.578
1765479942.420663,99,21,21,23,17,3.647075653076172,64.0,65.0,7.578
1765479942.6219416,99,30,48,27,22,3.6478500366210938,64.0,65.5,8.108
1765479942.8231075,99,30,48,27,22,3.6478500366210938,64.0,65.5,8.108
1765479943.0244684,99,24,21,14,12,3.6471214294433594,64.0,65.0,7.273
1765479943.225387,99,24,21,14,12,3.6471214294433594,64.0,65.0,7.273
1765479943.4263158,99,24,21,14,12,3.6471214294433594,64.0,65.0,7.273
1765479943.6276631,99,32,34,24,28,3.6469688415527344,63.0,66.0,6.28
1765479943.82857,99,32,34,24,28,3.6469688415527344,63.0,66.0,6.28
1765479944.0295544,99,29,52,36,25,3.647815704345703,64.0,65.5,7.578
1765479944.2308972,99,29,52,36,25,3.647815704345703,64.0,65.5,7.578
1765479944.432056,99,29,52,36,25,3.647815704345703,64.0,65.5,7.578
1765479944.6330082,99,18,23,15,10,3.64849853515625,64.0,65.5,6.966
1765479944.8340902,99,18,23,15,10,3.64849853515625,64.0,65.5,6.966
1765479945.035504,99,29,24,22,56,3.6475486755371094,64.0,65.0,7.205
1765479945.2373416,99,29,24,22,56,3.6475486755371094,64.0,65.0,7.205
1765479945.4384153,99,29,24,22,56,3.6475486755371094,64.0,65.0,7.205
1765479945.6395924,30,20,19,30,19,3.6477317810058594,63.5,65.5,5.849
1765479945.8407054,30,20,19,30,19,3.6477317810058594,63.5,65.5,5.849
1765479946.0419464,99,29,28,64,24,3.6485328674316406,64.0,65.5,8.187
1765479946.2430432,99,29,28,64,24,3.6485328674316406,64.0,65.5,8.187
1765479946.4441445,99,29,28,64,24,3.6485328674316406,64.0,65.5,8.187
1765479946.645136,99,12,4,5,6,3.6477928161621094,64.0,65.0,6.549
1765479946.8466072,99,12,4,5,6,3.6477928161621094,64.0,65.0,6.549
1765479947.0480793,98,51,36,35,43,3.6476898193359375,64.0,65.5,7.962
1765479947.2491472,98,51,36,35,43,3.6476898193359375,64.0,65.5,7.962
1765479947.4504108,98,51,36,35,43,3.6476898193359375,64.0,65.5,7.962
1765479947.651409,99,18,19,17,18,3.6481666564941406,64.0,65.0,7.923
1765479947.8527646,99,18,19,17,18,3.6481666564941406,64.0,65.0,7.923
1765479948.0540595,99,24,27,44,22,3.6487274169921875,64.0,65.5,8.187
1765479948.2550404,99,24,27,44,22,3.6487274169921875,64.0,65.5,8.187
1765479948.4561772,99,24,27,44,22,3.6487274169921875,64.0,65.5,8.187
1765479948.6573148,98,24,18,20,17,3.6478233337402344,64.0,65.0,7.245
1765479948.8582377,98,24,18,20,17,3.6478233337402344,64.0,65.0,7.245
1765479949.0591514,99,24,31,36,42,3.6480026245117188,63.5,65.5,7.499
1765479949.2610316,99,24,31,36,42,3.6480026245117188,63.5,65.5,7.499
1765479949.4621587,99,24,31,36,42,3.6480026245117188,63.5,65.5,7.499
1765479949.6632857,99,19,18,36,18,3.6481285095214844,64.0,65.0,8.042
1765479949.8643415,99,19,18,36,18,3.6481285095214844,64.0,65.0,8.042
1765479950.1123006,56,14,20,12,24,3.648235321044922,63.0,65.0,6.0
1765479950.3133707,56,14,20,12,24,3.648235321044922,63.0,65.0,6.0
1765479950.5142848,56,14,20,12,24,3.648235321044922,63.0,65.0,6.0
1765479950.7151818,99,47,24,26,35,3.647693634033203,64.0,65.0,7.085
1765479950.916084,99,47,24,26,35,3.647693634033203,64.0,65.0,7.085
1765479951.117055,99,26,19,28,14,3.6478118896484375,63.5,64.5,5.889
1765479951.3181083,99,26,19,28,14,3.6478118896484375,63.5,64.5,5.889
1765479951.5192327,99,26,19,28,14,3.6478118896484375,63.5,64.5,5.889
1765479951.7204342,99,30,25,24,64,3.6486282348632812,64.0,65.5,7.777
1765479951.921476,99,30,25,24,64,3.6486282348632812,64.0,65.5,7.777
1765479952.1223598,0,10,14,8,7,3.6481361389160156,63.0,64.5,5.466
1765479952.323537,0,10,14,8,7,3.6481361389160156,63.0,64.5,5.466
1765479952.5247025,0,10,14,8,7,3.6481361389160156,63.0,64.5,5.466
1765479952.725578,99,30,35,60,28,3.6478118896484375,64.0,65.0,7.883
1765479952.926715,99,30,35,60,28,3.6478118896484375,64.0,65.0,7.883
1765479953.1275682,99,16,17,18,8,3.6479263305664062,63.5,65.0,6.977
1765479953.3285592,99,16,17,18,8,3.6479263305664062,63.5,65.0,6.977
1765479953.529547,99,16,17,18,8,3.6479263305664062,63.5,65.0,6.977
1765479953.7305274,99,28,16,69,32,3.648784637451172,64.0,66.0,8.608
1765479953.9317057,99,28,16,69,32,3.648784637451172,64.0,66.0,8.608
1765479954.132676,99,16,21,13,12,3.648223876953125,64.0,65.0,7.962
1765479954.333621,99,16,21,13,12,3.648223876953125,64.0,65.0,7.962
1765479954.534563,99,16,21,13,12,3.648223876953125,64.0,65.0,7.962
1765479954.7355266,99,28,30,37,54,3.6478309631347656,64.0,65.0,7.883
1765479954.9365358,99,28,30,37,54,3.6478309631347656,64.0,65.0,7.883
1765479955.1376202,99,28,30,37,54,3.6478309631347656,64.0,65.0,7.883
1765479955.3385506,99,20,18,27,18,3.6479949951171875,64.0,65.0,8.108
1765479955.5394948,99,20,18,27,18,3.6479949951171875,64.0,65.0,8.108
1765479955.7405536,99,14,14,34,20,3.648181915283203,64.0,65.5,7.392
1765479955.9416275,99,14,14,34,20,3.648181915283203,64.0,65.5,7.392
1765479956.1428425,99,14,14,34,20,3.648181915283203,64.0,65.5,7.392
1765479956.34399,99,32,22,30,17,3.6479415893554688,64.0,65.0,7.471
1765479956.5449998,99,32,22,30,17,3.6479415893554688,64.0,65.0,7.471
1765479956.7461228,99,24,18,18,26,3.648090362548828,64.5,65.0,5.858
1765479956.947092,99,24,18,18,26,3.648090362548828,64.5,65.0,5.858
1765479957.1481378,99,24,18,18,26,3.648090362548828,64.5,65.0,5.858
1765479957.3490899,99,28,26,60,27,3.6487159729003906,64.5,65.5,7.804
1765479957.550028,99,28,26,60,27,3.6487159729003906,64.5,65.5,7.804
1765479957.750942,97,17,12,16,10,3.6479148864746094,63.5,65.0,5.889
1765479957.9518592,97,17,12,16,10,3.6479148864746094,63.5,65.0,5.889
1765479958.153251,97,17,12,16,10,3.6479148864746094,63.5,65.0,5.889
1765479958.35446,99,48,28,29,36,3.6478424072265625,64.0,65.0,7.432
1765479958.5557985,99,48,28,29,36,3.6478424072265625,64.0,65.0,7.432
1765479958.7568898,99,25,16,14,10,3.6480941772460938,63.5,64.5,5.929
1765479958.958048,99,25,16,14,10,3.6480941772460938,63.5,64.5,5.929
1765479959.1594424,99,25,16,14,10,3.6480941772460938,63.5,64.5,5.929
1765479959.3604488,99,25,62,25,25,3.648731231689453,64.0,65.0,8.712
1765479959.5614054,99,25,62,25,25,3.648731231689453,64.0,65.0,8.712
1765479959.7624757,98,16,7,16,10,3.648090362548828,64.0,65.0,6.818
1765479959.9635196,98,16,7,16,10,3.648090362548828,64.0,65.0,6.818
1765479960.164568,98,16,7,16,10,3.648090362548828,64.0,65.0,6.818
1765479960.365596,98,62,29,35,40,3.647613525390625,64.0,65.5,8.147
1765479960.568797,98,62,29,35,40,3.647613525390625,64.0,65.5,8.147
1765479960.769879,99,21,18,21,12,3.6485443115234375,64.0,65.5,8.187
1765479960.9707847,99,21,18,21,12,3.6485443115234375,64.0,65.5,8.187
1765479961.1717598,99,21,18,21,12,3.6485443115234375,64.0,65.5,8.187
1765479961.372685,99,21,14,39,26,3.6480255126953125,64.0,65.5,7.923
1765479961.573747,99,21,14,39,26,3.6480255126953125,64.0,65.5,7.923
1765479961.7748725,99,18,20,29,20,3.6481552124023438,64.0,65.0,7.578
1765479961.9757962,99,18,20,29,20,3.6481552124023438,64.0,65.0,7.578
1765479962.1766522,99,18,20,29,20,3.6481552124023438,64.0,65.0,7.578
1765479962.377738,99,30,30,41,24,3.6481399536132812,64.0,65.0,7.432
1765479962.5787947,99,30,30,41,24,3.6481399536132812,64.0,65.0,7.432
1765479962.780047,99,16,18,14,45,3.6488075256347656,64.0,65.0,8.187
1765479962.9811327,99,16,18,14,45,3.6488075256347656,64.0,65.0,8.187
1765479963.1820498,99,16,18,14,45,3.6488075256347656,64.0,65.0,8.187
1765479963.3831198,99,15,12,23,10,3.6478233337402344,63.5,65.0,5.938
1765479963.584249,99,15,12,23,10,3.6478233337402344,63.5,65.0,5.938
1765479963.7852826,99,36,33,49,32,3.6481704711914062,64.0,65.0,7.046
1765479963.986429,99,36,33,49,32,3.6481704711914062,64.0,65.0,7.046
1765479964.187347,99,36,33,49,32,3.6481704711914062,64.0,65.0,7.046
1765479964.3889594,56,25,23,26,22,3.6478118896484375,63.5,65.0,6.089
1765479964.5900378,56,25,23,26,22,3.6478118896484375,63.5,65.0,6.089
1765479964.7909522,56,25,23,26,22,3.6478118896484375,63.5,65.0,6.089
1765479964.9923031,99,27,59,17,25,3.64849853515625,64.5,65.0,7.697
1765479965.1933641,99,27,59,17,25,3.64849853515625,64.5,65.0,7.697
1765479965.3943129,99,17,8,28,10,3.6481399536132812,64.0,65.0,6.089
1765479965.595491,99,17,8,28,10,3.6481399536132812,64.0,65.0,6.089
1765479965.7964606,99,17,8,28,10,3.6481399536132812,64.0,65.0,6.089
1765479965.9976563,99,43,39,43,46,3.6484451293945312,64.5,65.5,7.856
1765479966.1988618,99,43,39,43,46,3.6484451293945312,64.5,65.5,7.856
1765479966.400186,98,20,14,17,14,3.6491241455078125,64.5,65.5,7.843
1765479966.6012282,98,20,14,17,14,3.6491241455078125,64.5,65.5,7.843
1765479966.8023758,98,20,14,17,14,3.6491241455078125,64.5,65.5,7.843
1765479967.0033944,99,23,62,16,10,3.6482505798339844,64.0,65.0,8.042
1765479967.2045383,99,23,62,16,10,3.6482505798339844,64.0,65.0,8.042
1765479967.4059482,99,16,18,16,22,3.648517608642578,64.0,65.5,7.618
1765479967.6069617,99,16,18,16,22,3.648517608642578,64.0,65.5,7.618
1765479967.8081293,99,16,18,16,22,3.648517608642578,64.0,65.5,7.618
1765479968.009063,99,50,28,35,29,3.648273468017578,64.0,66.0,7.962
1765479968.2101803,99,50,28,35,29,3.648273468017578,64.0,66.0,7.962
1765479968.4113903,99,29,10,11,13,3.6488189697265625,64.0,65.5,8.147
1765479968.6125064,99,29,10,11,13,3.6488189697265625,64.0,65.5,8.147
1765479968.8135989,99,29,10,11,13,3.6488189697265625,64.0,65.5,8.147
1765479969.0148726,99,29,42,24,28,3.6485748291015625,64.0,65.5,7.551
1765479969.216207,99,29,42,24,28,3.6485748291015625,64.0,65.5,7.551
1765479969.417247,99,24,43,16,18,3.6486053466796875,64.0,65.0,7.883
1765479969.618317,99,24,43,16,18,3.6486053466796875,64.0,65.0,7.883
1765479969.819196,99,24,43,16,18,3.6486053466796875,64.0,65.0,7.883
1765479970.0201907,99,25,22,27,16,3.6488304138183594,63.5,65.0,6.28
1765479970.2211392,99,25,22,27,16,3.6488304138183594,63.5,65.0,6.28
1765479970.422209,99,56,19,19,19,3.6487998962402344,64.0,65.5,7.245
1765479970.6233213,99,56,19,19,19,3.6487998962402344,64.0,65.5,7.245
1765479970.8243504,99,56,19,19,19,3.6487998962402344,64.0,65.5,7.245
1765479971.0252614,81,26,26,22,20,3.648487091064453,64.0,65.0,5.778
1765479971.2261987,81,26,26,22,20,3.648487091064453,64.0,65.0,5.778
1765479971.4270842,99,31,52,28,24,3.6483612060546875,64.5,65.0,7.312
1765479971.6280594,99,31,52,28,24,3.6483612060546875,64.5,65.0,7.312
1765479971.8290892,99,31,52,28,24,3.6483612060546875,64.5,65.0,7.312
1765479972.0300388,99,18,17,16,15,3.649028778076172,64.0,65.5,6.52
1765479972.2311966,99,18,17,16,15,3.649028778076172,64.0,65.5,6.52
1765479972.4321058,99,25,24,57,21,3.6484756469726562,64.5,65.0,7.658
1765479972.6331346,99,25,24,57,21,3.6484756469726562,64.5,65.0,7.658
1765479972.8342633,99,25,24,57,21,3.6484756469726562,64.5,65.0,7.658
1765479973.0352843,98,19,15,21,14,3.6487693786621094,64.0,65.0,6.937
1765479973.236562,98,19,15,21,14,3.6487693786621094,64.0,65.0,6.937
1765479973.437633,99,58,28,44,32,3.64801025390625,64.5,66.0,8.371
1765479973.6386986,99,58,28,44,32,3.64801025390625,64.5,66.0,8.371
1765479973.8397586,99,58,28,44,32,3.64801025390625,64.5,66.0,8.371
1765479974.0405493,99,23,14,4,12,3.6491355895996094,64.0,65.0,8.226
1765479974.2415962,99,23,14,4,12,3.6491355895996094,64.0,65.0,8.226
1765479974.442792,99,26,62,25,25,3.6481704711914062,64.5,65.5,7.737
1765479974.6437638,99,26,62,25,25,3.6481704711914062,64.5,65.5,7.737
1765479974.8449063,99,26,62,25,25,3.6481704711914062,64.5,65.5,7.737
1765479975.045959,98,23,29,15,18,3.6482200622558594,64.5,65.0,7.284
1765479975.246894,98,23,29,15,18,3.6482200622558594,64.5,65.0,7.284
1765479975.4482296,98,23,29,15,18,3.6482200622558594,64.5,65.0,7.284
1765479975.6492634,99,28,31,43,27,3.649341583251953,64.5,66.0,8.226
1765479975.8502681,99,28,31,43,27,3.649341583251953,64.5,66.0,8.226
1765479976.0514922,99,17,13,17,25,3.6482315063476562,64.5,65.5,7.658
1765479976.2528038,99,17,13,17,25,3.6482315063476562,64.5,65.5,7.658
1765479976.4570007,99,17,13,17,25,3.6482315063476562,64.5,65.5,7.658
1765479976.6581898,85,28,28,28,23,3.6486663818359375,64.0,65.5,6.429
1765479976.8592522,85,28,28,28,23,3.6486663818359375,64.0,65.5,6.429
1765479977.060379,99,28,16,54,23,3.6483001708984375,64.5,65.5,7.551
1765479977.261482,99,28,16,54,23,3.6483001708984375,64.5,65.5,7.551
1765479977.463319,99,28,16,54,23,3.6483001708984375,64.5,65.5,7.551
1765479977.6643527,99,26,16,16,21,3.649036407470703,64.0,65.0,6.429
1765479977.8653805,99,26,16,16,21,3.649036407470703,64.0,65.0,6.429
1765479978.0664854,99,56,21,14,19,3.648235321044922,64.5,65.5,6.857
1765479978.2676764,99,56,21,14,19,3.648235321044922,64.5,65.5,6.857
1765479978.4754987,99,56,21,14,19,3.648235321044922,64.5,65.5,6.857
1765479978.6769118,10,19,22,16,22,3.648548126220703,64.0,65.0,5.265
1765479978.878096,10,19,22,16,22,3.648548126220703,64.0,65.0,5.265
1765479979.0791576,99,35,63,32,28,3.6483688354492188,64.5,65.5,8.042
1765479979.2801702,99,35,63,32,28,3.6483688354492188,64.5,65.5,8.042
1765479979.481292,99,35,63,32,28,3.6483688354492188,64.5,65.5,8.042
1765479979.682343,99,10,10,8,8,3.648700714111328,64.0,65.5,7.511
1765479979.8832586,99,10,10,8,8,3.648700714111328,64.0,65.5,7.511
1765479980.0843225,99,40,26,64,26,3.6485633850097656,64.5,66.0,8.226
1765479980.2854083,99,40,26,64,26,3.6485633850097656,64.5,66.0,8.226
1765479980.4865925,99,40,26,64,26,3.6485633850097656,64.5,66.0,8.226
1765479980.6876526,99,18,18,8,17,3.6480789184570312,64.5,65.0,7.233
1765479980.8889112,99,18,18,8,17,3.6480789184570312,64.5,65.0,7.233
1765479981.0899692,99,33,41,37,31,3.6488037109375,64.5,65.5,8.331
1765479981.2911503,99,33,41,37,31,3.6488037109375,64.5,65.5,8.331
1765479981.4924266,99,33,41,37,31,3.6488037109375,64.5,65.5,8.331
1765479981.6935656,99,14,16,23,16,3.6484413146972656,64.0,65.0,7.618
1765479981.8945067,99,14,16,23,16,3.6484413146972656,64.0,65.0,7.618
1765479982.0956428,99,28,44,28,29,3.648540496826172,64.0,66.0,7.432
1765479982.2976866,99,28,44,28,29,3.648540496826172,64.0,66.0,7.432
1765479982.4989328,99,28,44,28,29,3.648540496826172,64.0,66.0,7.432
1765479982.700135,99,20,47,19,10,3.648731231689453,64.5,65.0,7.551
1765479982.901158,99,20,47,19,10,3.648731231689453,64.5,65.0,7.551
1765479983.1027305,55,16,26,14,12,3.6496658325195312,64.5,66.0,6.469
1765479983.3038783,55,16,26,14,12,3.6496658325195312,64.5,66.0,6.469
1765479983.5050063,55,16,26,14,12,3.6496658325195312,64.5,66.0,6.469
1765479983.7061405,99,50,27,22,31,3.6485862731933594,64.5,65.0,7.205
1765479983.907135,99,50,27,22,31,3.6485862731933594,64.5,65.0,7.205
1765479984.1080625,66,22,27,22,19,3.6484718322753906,63.5,65.0,6.089
1765479984.3092096,66,22,27,22,19,3.6484718322753906,63.5,65.0,6.089
1765479984.5101438,66,22,27,22,19,3.6484718322753906,63.5,65.0,6.089
1765479984.7111447,99,26,25,64,26,3.6484107971191406,64.5,65.5,7.697
1765479984.9123514,99,26,25,64,26,3.6484107971191406,64.5,65.5,7.697
1765479985.1135452,99,12,9,8,11,3.6487197875976562,64.0,64.5,5.738
1765479985.3145263,99,12,9,8,11,3.6487197875976562,64.0,64.5,5.738
1765479985.5156243,99,12,9,8,11,3.6487197875976562,64.0,64.5,5.738
1765479985.716669,99,30,73,32,26,3.6482391357421875,64.5,65.0,8.345
1765479985.9178252,99,30,73,32,26,3.6482391357421875,64.5,65.0,8.345
1765479986.1188848,99,21,14,19,19,3.6485977172851562,64.5,65.0,7.125
1765479986.3198388,99,21,14,19,19,3.6485977172851562,64.5,65.0,7.125
1765479986.5212603,99,21,14,19,19,3.6485977172851562,64.5,65.0,7.125
1765479986.7222266,99,36,41,39,29,3.6492691040039062,64.0,66.0,8.608
1765479986.923345,99,36,41,39,29,3.6492691040039062,64.0,66.0,8.608
1765479987.1244395,99,16,8,14,15,3.6486129760742188,64.0,65.5,7.432
1765479987.3262203,99,16,8,14,15,3.6486129760742188,64.0,65.5,7.432
1765479987.5274253,99,16,8,14,15,3.6486129760742188,64.0,65.5,7.432
1765479987.7285872,99,28,30,28,52,3.648082733154297,64.0,65.0,7.737
1765479987.9299138,99,28,30,28,52,3.648082733154297,64.0,65.0,7.737
1765479988.1310172,99,28,30,28,52,3.648082733154297,64.0,65.0,7.737
1765479988.332119,99,22,14,22,36,3.648731231689453,64.5,65.5,7.471
1765479988.5330114,99,22,14,22,36,3.648731231689453,64.5,65.5,7.471
1765479988.734145,99,22,19,25,28,3.6489410400390625,64.5,66.0,7.737
1765479988.9440987,99,22,19,25,28,3.6489410400390625,64.5,66.0,7.737
1765479989.1460366,99,22,19,25,28,3.6489410400390625,64.5,66.0,7.737
1765479989.3473094,99,29,26,26,14,3.6479034423828125,64.5,65.0,7.352
1765479989.54825,99,29,26,26,14,3.6479034423828125,64.5,65.0,7.352
1765479989.7494407,92,20,20,21,34,3.648540496826172,64.0,65.0,5.658
1765479989.9505262,92,20,20,21,34,3.648540496826172,64.0,65.0,5.658
1765479990.1514893,92,20,20,21,34,3.648540496826172,64.0,65.0,5.658
1765479990.3524892,99,29,60,31,22,3.6487350463867188,64.5,65.0,7.658
1765479990.553315,99,29,60,31,22,3.6487350463867188,64.5,65.0,7.658
1765479990.7543178,99,14,8,10,16,3.648509979248047,64.0,65.0,5.969
1765479990.9555023,99,14,8,10,16,3.648509979248047,64.0,65.0,5.969
1765479991.1564698,99,14,8,10,16,3.648509979248047,64.0,65.0,5.969
1765479991.3575253,99,36,52,31,32,3.6480331420898438,64.0,65.5,7.245
1765479991.5584812,99,36,52,31,32,3.6480331420898438,64.0,65.5,7.245
1765479991.759469,83,22,10,20,17,3.6486282348632812,63.5,65.0,5.466
1765479991.9607582,83,22,10,20,17,3.6486282348632812,63.5,65.0,5.466
1765479992.1617901,83,22,10,20,17,3.6486282348632812,63.5,65.0,5.466
1765479992.3629785,99,33,22,55,29,3.649383544921875,64.5,65.5,8.489
1765479992.5638924,99,33,22,55,29,3.649383544921875,64.5,65.5,8.489
1765479992.7649944,99,18,18,11,8,3.6483497619628906,64.5,65.0,7.046
1765479992.9659712,99,18,18,11,8,3.6483497619628906,64.5,65.0,7.046
1765479993.1670265,99,18,18,11,8,3.6483497619628906,64.5,65.0,7.046
1765479993.368131,99,33,42,40,58,3.6484642028808594,64.0,66.0,8.147
1765479993.5693262,99,33,42,40,58,3.6484642028808594,64.0,66.0,8.147
1765479993.7703977,99,31,25,16,18,3.6486549377441406,64.5,65.0,7.392
1765479993.9713283,99,31,25,16,18,3.6486549377441406,64.5,65.0,7.392
1765479994.1726973,99,31,25,16,18,3.6486549377441406,64.5,65.0,7.392
1765479994.3739655,99,26,44,21,23,3.6492042541503906,64.0,65.5,8.226
1765479994.5749598,99,26,44,21,23,3.6492042541503906,64.0,65.5,8.226
1765479994.7759032,99,17,25,12,26,3.6488609313964844,64.0,65.0,7.233
1765479994.9768233,99,17,25,12,26,3.6488609313964844,64.0,65.0,7.233
1765479995.1778276,99,17,25,12,26,3.6488609313964844,64.0,65.0,7.233
1765479995.3790145,99,28,28,37,25,3.648517608642578,64.0,65.0,6.857
1765479995.580065,99,28,28,37,25,3.648517608642578,64.0,65.0,6.857
1765479995.7812011,99,16,20,54,34,3.6487808227539062,65.0,65.5,8.489
1765479995.9823275,99,16,20,54,34,3.6487808227539062,65.0,65.5,8.489
1765479996.1832967,99,16,20,54,34,3.6487808227539062,65.0,65.5,8.489
1765479996.3844986,99,10,8,14,6,3.648540496826172,64.0,65.0,6.12
1765479996.5857387,99,10,8,14,6,3.648540496826172,64.0,65.0,6.12
1765479996.786681,99,56,28,32,32,3.6481475830078125,64.5,65.0,7.205
1765479996.9877205,99,56,28,32,32,3.6481475830078125,64.5,65.0,7.205
1765479997.188668,99,56,28,32,32,3.6481475830078125,64.5,65.0,7.205
1765479997.3896325,78,20,26,19,25,3.6489486694335938,64.0,65.0,6.009
1765479997.590748,78,20,26,19,25,3.6489486694335938,64.0,65.0,6.009
1765479997.79175,99,25,62,20,23,3.6493186950683594,65.0,65.5,7.962
1765479997.9930522,99,25,62,20,23,3.6493186950683594,65.0,65.5,7.962
1765479998.1940148,99,25,62,20,23,3.6493186950683594,65.0,65.5,7.962
1765479998.395098,98,10,16,8,12,3.648590087890625,64.0,65.0,6.48
1765479998.5962882,98,10,16,8,12,3.648590087890625,64.0,65.0,6.48
1765479998.7973251,98,10,16,8,12,3.648590087890625,64.0,65.0,6.48
1765479998.9985366,99,30,69,33,37,3.6484375,64.5,65.5,7.883
1765479999.1999006,99,30,69,33,37,3.6484375,64.5,65.5,7.883
1765479999.4017222,99,26,14,21,14,3.648876190185547,64.5,65.5,7.205
1765479999.6037173,99,26,14,21,14,3.648876190185547,64.5,65.5,7.205
1765479999.804874,99,26,14,21,14,3.648876190185547,64.5,65.5,7.205
1765480000.0061338,99,24,65,20,20,3.6490707397460938,64.5,65.5,8.187
1765480000.2073545,99,24,65,20,20,3.6490707397460938,64.5,65.5,8.187
1765480000.4085228,99,21,19,16,18,3.648906707763672,64.5,65.0,7.284
1765480000.6094725,99,21,19,16,18,3.648906707763672,64.5,65.0,7.284
1765480000.810707,99,21,19,16,18,3.648906707763672,64.5,65.0,7.284
1765480001.0116925,99,38,30,44,28,3.6488418579101562,64.5,66.0,7.923
1765480001.2125812,99,38,30,44,28,3.6488418579101562,64.5,66.0,7.923
1765480001.4136825,99,39,18,23,17,3.6490745544433594,65.0,65.5,8.226
1765480001.6146162,99,39,18,23,17,3.6490745544433594,65.0,65.5,8.226
1765480001.81636,99,39,18,23,17,3.6490745544433594,65.0,65.5,8.226
1765480002.017865,99,16,23,14,18,3.6484527587890625,63.5,65.0,7.125
1765480002.2189996,99,16,23,14,18,3.6484527587890625,63.5,65.0,7.125
1765480002.4201534,99,26,32,22,46,3.6487960815429688,64.5,65.5,7.618
1765480002.6213937,99,26,32,22,46,3.6487960815429688,64.5,65.5,7.618
1765480002.8223991,99,26,32,22,46,3.6487960815429688,64.5,65.5,7.618
1765480003.023336,99,23,26,24,22,3.648944854736328,64.0,64.5,6.009
1765480003.2246466,99,23,26,24,22,3.648944854736328,64.0,64.5,6.009
1765480003.4257329,99,21,24,59,20,3.6501502990722656,64.5,65.5,7.843
1765480003.626823,99,21,24,59,20,3.6501502990722656,64.5,65.5,7.843
1765480003.8277674,99,21,24,59,20,3.6501502990722656,64.5,65.5,7.843
1765480004.0288286,85,23,14,21,20,3.6490402221679688,63.5,66.0,6.2
1765480004.2303317,85,23,14,21,20,3.6490402221679688,63.5,66.0,6.2
1765480004.431572,99,41,32,41,36,3.6489181518554688,64.5,65.5,7.352
1765480004.6325655,99,41,32,41,36,3.6489181518554688,64.5,65.5,7.352
1765480004.8336852,99,41,32,41,36,3.6489181518554688,64.5,65.5,7.352
1765480005.034618,92,15,22,12,10,3.6490402221679688,64.5,65.0,7.165
1765480005.2355368,92,15,22,12,10,3.6490402221679688,64.5,65.0,7.165
1765480005.436478,99,21,26,24,56,3.6488609313964844,65.0,65.5,7.843
1765480005.639576,99,21,26,24,56,3.6488609313964844,65.0,65.5,7.843
1765480005.8407893,99,21,26,24,56,3.6488609313964844,65.0,65.5,7.843
1765480006.041804,99,18,15,14,21,3.6489181518554688,64.5,65.5,7.245
1765480006.2429614,99,18,15,14,21,3.6489181518554688,64.5,65.5,7.245
1765480006.4440632,99,25,34,32,60,3.649017333984375,64.5,65.5,8.187
1765480006.6450064,99,25,34,32,60,3.649017333984375,64.5,65.5,8.187
1765480006.8461573,99,25,34,32,60,3.649017333984375,64.5,65.5,8.187
1765480007.0472975,99,22,17,20,14,3.6499977111816406,64.5,65.5,7.843
1765480007.2483964,99,22,17,20,14,3.6499977111816406,64.5,65.5,7.843
1765480007.4494593,99,24,42,29,20,3.6491622924804688,64.5,65.5,7.804
1765480007.6505084,99,24,42,29,20,3.6491622924804688,64.5,65.5,7.804
1765480007.8515396,99,24,42,29,20,3.6491622924804688,64.5,65.5,7.804
1765480008.0530005,99,30,26,16,15,3.6491622924804688,64.0,65.5,7.618
1765480008.2539935,99,30,26,16,15,3.6491622924804688,64.0,65.5,7.618
1765480008.4552925,99,30,26,16,15,3.6491622924804688,64.0,65.5,7.618
1765480008.6564004,99,28,22,41,31,3.6487503051757812,64.0,66.0,7.312
1765480008.8574097,99,28,22,41,31,3.6487503051757812,64.0,66.0,7.312
1765480009.058465,99,17,23,47,17,3.6495323181152344,65.0,65.5,8.266
1765480009.2596238,99,17,23,47,17,3.6495323181152344,65.0,65.5,8.266
1765480009.4605327,99,17,23,47,17,3.6495323181152344,65.0,65.5,8.266
1765480009.661971,99,17,16,14,25,3.6488494873046875,64.0,65.0,6.469
1765480009.8631577,99,17,16,14,25,3.6488494873046875,64.0,65.0,6.469
1765480010.0643554,99,34,32,50,28,3.649028778076172,64.5,66.0,7.165
1765480010.265587,99,34,32,50,28,3.649028778076172,64.5,66.0,7.165
1765480010.4665945,99,34,32,50,28,3.649028778076172,64.5,66.0,7.165
1765480010.6675262,49,20,22,18,31,3.6489944458007812,64.0,65.5,6.009
1765480010.8688216,49,20,22,18,31,3.6489944458007812,64.0,65.5,6.009
1765480011.069832,99,21,14,52,17,3.6494102478027344,64.5,65.5,7.273
1765480011.270733,99,21,14,52,17,3.6494102478027344,64.5,65.5,7.273
1765480011.4716406,99,21,14,52,17,3.6494102478027344,64.5,65.5,7.273
1765480011.6725342,99,21,14,19,17,3.6485519409179688,64.0,65.5,6.44
1765480011.8734934,99,21,14,19,17,3.6485519409179688,64.0,65.5,6.44
1765480012.0744727,99,43,42,40,44,3.648670196533203,64.5,65.5,7.883
1765480012.2756577,99,43,42,40,44,3.648670196533203,64.5,65.5,7.883
1765480012.4768252,99,43,42,40,44,3.648670196533203,64.5,65.5,7.883
1765480012.6777256,99,20,17,14,18,3.6498260498046875,64.5,66.5,7.883
1765480012.8785434,99,20,17,14,18,3.6498260498046875,64.5,66.5,7.883
1765480013.079519,98,25,19,59,22,3.6487274169921875,64.5,66.0,7.883
1765480013.280589,98,25,19,59,22,3.6487274169921875,64.5,66.0,7.883
1765480013.4816673,98,25,19,59,22,3.6487274169921875,64.5,66.0,7.883
1765480013.6825948,99,21,21,23,19,3.648540496826172,65.0,65.5,7.432
1765480013.884059,99,21,21,23,19,3.648540496826172,65.0,65.5,7.432
1765480014.0852034,99,39,33,41,31,3.6492576599121094,64.5,66.0,8.226
1765480014.2863698,99,39,33,41,31,3.6492576599121094,64.5,66.0,8.226
1765480014.4874299,99,39,33,41,31,3.6492576599121094,64.5,66.0,8.226
1765480014.6885886,99,24,10,7,13,3.6494178771972656,64.5,65.5,8.081
1765480014.8895254,99,24,10,7,13,3.6494178771972656,64.5,65.5,8.081
1765480015.0908022,99,37,24,23,30,3.649017333984375,64.5,66.5,7.352
1765480015.2917898,99,37,24,23,30,3.649017333984375,64.5,66.5,7.352
1765480015.4927099,99,37,24,23,30,3.649017333984375,64.5,66.5,7.352
1765480015.6938822,99,28,31,18,17,3.6487960815429688,64.5,65.0,7.499
1765480015.8949213,99,28,31,18,17,3.6487960815429688,64.5,65.0,7.499
1765480016.09738,99,22,18,20,30,3.6488876342773438,64.0,65.5,6.857
1765480016.2985952,99,22,18,20,30,3.6488876342773438,64.0,65.5,6.857
1765480016.4996417,99,22,18,20,30,3.6488876342773438,64.0,65.5,6.857
1765480016.7008185,99,18,23,48,16,3.648426055908203,64.5,65.5,7.085
1765480016.9017947,99,18,23,48,16,3.648426055908203,64.5,65.5,7.085
1765480017.1027474,99,16,21,25,26,3.648426055908203,64.0,65.5,6.24
1765480017.3038044,99,16,21,25,26,3.648426055908203,64.0,65.5,6.24
1765480017.5096414,99,16,21,25,26,3.648426055908203,64.0,65.5,6.24
1765480017.710704,99,26,22,25,64,3.648773193359375,64.5,65.5,7.312
1765480017.9117098,99,26,22,25,64,3.648773193359375,64.5,65.5,7.312
1765480018.1125684,0,17,18,15,13,3.6496620178222656,64.0,65.5,5.738
1765480018.3136044,0,17,18,15,13,3.6496620178222656,64.0,65.5,5.738
1765480018.5146651,0,17,18,15,13,3.6496620178222656,64.0,65.5,5.738
1765480018.7158833,99,64,22,19,32,3.649005889892578,64.5,66.0,8.147
1765480018.9171927,99,64,22,19,32,3.649005889892578,64.5,66.0,8.147
1765480019.118135,99,15,20,19,11,3.648876190185547,65.0,65.5,6.926
1765480019.3190415,99,15,20,19,11,3.648876190185547,65.0,65.5,6.926
1765480019.5201206,99,15,20,19,11,3.648876190185547,65.0,65.5,6.926
1765480019.7210653,98,51,54,32,30,3.6490402221679688,65.0,66.0,8.41
1765480019.9221883,98,51,54,32,30,3.6490402221679688,65.0,66.0,8.41
1765480020.124702,98,51,54,32,30,3.6490402221679688,65.0,66.0,8.41
1765480020.3259192,99,15,15,12,6,3.6489524841308594,64.5,66.0,7.764
1765480020.5270872,99,15,15,12,6,3.6489524841308594,64.5,66.0,7.764
1765480020.7282338,99,40,25,49,32,3.649066925048828,64.5,66.0,7.816
1765480020.9292598,99,40,25,49,32,3.649066925048828,64.5,66.0,7.816
1765480021.1302843,99,40,25,49,32,3.649066925048828,64.5,66.0,7.816
1765480021.331328,99,32,31,18,16,3.649494171142578,64.5,65.5,7.539
1765480021.5326056,99,32,31,18,16,3.649494171142578,64.5,65.5,7.539
1765480021.733617,99,36,26,12,27,3.6504592895507812,64.0,66.0,7.618
1765480021.934546,99,36,26,12,27,3.6504592895507812,64.0,66.0,7.618
1765480022.1355898,99,36,26,12,27,3.6504592895507812,64.0,66.0,7.618
1765480022.3367603,99,36,19,11,8,3.6498451232910156,64.5,65.5,7.432
1765480022.537712,99,36,19,11,8,3.6498451232910156,64.5,65.5,7.432
1765480022.738797,99,27,23,14,30,3.6500625610351562,64.5,65.0,6.24
1765480022.939749,99,27,23,14,30,3.6500625610351562,64.5,65.0,6.24
1765480023.1406813,99,27,23,14,30,3.6500625610351562,64.5,65.0,6.24
1765480023.3416524,99,28,26,29,64,3.6498260498046875,64.5,65.5,7.392
1765480023.5425775,99,28,26,29,64,3.6498260498046875,64.5,65.5,7.392
1765480023.7436082,86,15,17,21,14,3.6501388549804688,63.0,66.0,5.738
1765480023.944728,86,15,17,21,14,3.6501388549804688,63.0,66.0,5.738
1765480024.1456378,86,15,17,21,14,3.6501388549804688,63.0,66.0,5.738
1765480024.3467286,99,24,25,23,60,3.6497344970703125,64.5,65.5,7.551
1765480024.5478594,99,24,25,23,60,3.6497344970703125,64.5,65.5,7.551
1765480024.748954,99,25,20,21,16,3.650196075439453,64.5,65.5,6.937
1765480024.9499614,99,25,20,21,16,3.650196075439453,64.5,65.5,6.937
1765480025.151056,99,25,20,21,16,3.650196075439453,64.5,65.5,6.937
1765480025.3522305,99,54,36,30,36,3.650035858154297,64.5,66.0,8.712
1765480025.5534568,99,54,36,30,36,3.650035858154297,64.5,66.0,8.712
1765480025.7546353,99,9,13,6,12,3.649738311767578,64.5,65.5,7.205
1765480025.9556262,99,9,13,6,12,3.649738311767578,64.5,65.5,7.205
1765480026.156662,99,9,13,6,12,3.649738311767578,64.5,65.5,7.205
1765480026.3576596,99,32,19,33,63,3.64996337890625,64.5,66.0,7.883
1765480026.5587583,99,32,19,33,63,3.64996337890625,64.5,66.0,7.883
1765480026.76007,98,27,16,22,23,3.6499595642089844,64.5,65.5,7.432
1765480026.9611552,98,27,16,22,23,3.6499595642089844,64.5,65.5,7.432
1765480027.172661,98,27,16,22,23,3.6499595642089844,64.5,65.5,7.432
1765480027.3736892,99,38,27,24,29,3.650360107421875,64.5,66.0,8.41
1765480027.5747428,99,38,27,24,29,3.650360107421875,64.5,66.0,8.41
1765480027.7757242,99,8,31,19,14,3.6499290466308594,64.5,65.5,7.42
1765480027.9766521,99,8,31,19,14,3.6499290466308594,64.5,65.5,7.42
1765480028.177586,99,8,31,19,14,3.6499290466308594,64.5,65.5,7.42
1765480028.3786848,99,28,27,34,23,3.6497421264648438,64.0,66.0,6.589
1765480028.5797453,99,28,27,34,23,3.6497421264648438,64.0,66.0,6.589
1765480028.7809484,99,58,22,27,15,3.6500511169433594,65.0,65.5,7.658
1765480028.9817603,99,58,22,27,15,3.6500511169433594,65.0,65.5,7.658
1765480029.1826918,99,58,22,27,15,3.6500511169433594,65.0,65.5,7.658
1765480029.3838322,99,15,15,24,17,3.6506004333496094,65.0,65.5,7.046
1765480029.585039,99,15,15,24,17,3.6506004333496094,65.0,65.5,7.046
1765480029.7859707,99,25,21,55,29,3.6495323181152344,65.0,65.5,7.392
1765480029.9871807,99,25,21,55,29,3.6495323181152344,65.0,65.5,7.392
1765480030.1881652,99,25,21,55,29,3.6495323181152344,65.0,65.5,7.392
1765480030.3897443,67,23,18,18,29,3.6495285034179688,64.0,66.0,5.506
1765480030.5908024,67,23,18,18,29,3.6495285034179688,64.0,66.0,5.506
1765480030.7922325,99,27,26,29,58,3.6504783630371094,65.0,66.5,8.226
1765480030.9936306,99,27,26,29,58,3.6504783630371094,65.0,66.5,8.226
1765480031.1948028,99,27,26,29,58,3.6504783630371094,65.0,66.5,8.226
1765480031.395755,99,9,2,6,8,3.6501197814941406,64.5,65.5,6.738
1765480031.5967453,99,9,2,6,8,3.6501197814941406,64.5,65.5,6.738
1765480031.797917,99,9,2,6,8,3.6501197814941406,64.5,65.5,6.738
1765480031.9988656,99,36,30,26,72,3.649913787841797,64.5,66.5,8.002
1765480032.2000802,99,36,30,26,72,3.649913787841797,64.5,66.5,8.002
1765480032.400976,99,18,20,21,16,3.6496429443359375,65.0,65.5,7.737
1765480032.6018713,99,18,20,21,16,3.6496429443359375,65.0,65.5,7.737
1765480032.802889,99,18,20,21,16,3.6496429443359375,65.0,65.5,7.737
1765480033.0092032,99,31,38,30,29,3.6502838134765625,65.0,66.0,8.305
1765480033.2102926,99,31,38,30,29,3.6502838134765625,65.0,66.0,8.305
1765480033.4112263,98,16,17,13,17,3.6499290466308594,65.0,65.5,7.233
1765480033.6122048,98,16,17,13,17,3.6499290466308594,65.0,65.5,7.233
1765480033.8135705,98,16,17,13,17,3.6499290466308594,65.0,65.5,7.233
1765480034.0148275,99,29,31,42,32,3.6498680114746094,64.5,66.5,7.923
1765480034.21578,99,29,31,42,32,3.6498680114746094,64.5,66.5,7.923
1765480034.416776,99,48,27,20,18,3.64935302734375,65.0,65.5,7.777
1765480034.6177003,99,48,27,20,18,3.64935302734375,65.0,65.5,7.777
1765480034.8187292,99,48,27,20,18,3.64935302734375,65.0,65.5,7.777
1765480035.0198534,8,14,19,14,24,3.6500320434570312,64.0,66.0,6.16
1765480035.221032,8,14,19,14,24,3.6500320434570312,64.0,66.0,6.16
1765480035.4221578,99,30,50,29,32,3.6496009826660156,65.0,65.5,7.312
1765480035.6234968,99,30,50,29,32,3.6496009826660156,65.0,65.5,7.312
1765480035.82453,99,30,50,29,32,3.6496009826660156,65.0,65.5,7.312
1765480036.0255938,99,15,33,16,14,3.649944305419922,64.5,65.0,6.009
1765480036.2269804,99,15,33,16,14,3.649944305419922,64.5,65.0,6.009
1765480036.4281385,99,31,71,25,24,3.6504669189453125,65.0,66.0,8.042
1765480036.6291625,99,31,71,25,24,3.6504669189453125,65.0,66.0,8.042
1765480036.8302443,99,31,71,25,24,3.6504669189453125,65.0,66.0,8.042
1765480037.0312226,37,12,13,8,15,3.6498146057128906,64.0,65.5,5.658
1765480037.2324479,37,12,13,8,15,3.6498146057128906,64.0,65.5,5.658
1765480037.4334123,99,30,27,19,64,3.6494827270507812,65.0,66.0,7.273
1765480037.6347277,99,30,27,19,64,3.6494827270507812,65.0,66.0,7.273
1765480037.8357158,99,30,27,19,64,3.6494827270507812,65.0,66.0,7.273
1765480038.0366538,99,21,14,20,17,3.6500892639160156,64.5,65.5,7.017
1765480038.2379382,99,21,14,20,17,3.6500892639160156,64.5,65.5,7.017
1765480038.4390693,99,26,30,36,62,3.650585174560547,65.0,67.0,8.934
1765480038.6403189,99,26,30,36,62,3.650585174560547,65.0,67.0,8.934
1765480038.8416226,99,26,30,36,62,3.650585174560547,65.0,67.0,8.934
1765480039.0426228,99,12,8,15,11,3.6499481201171875,65.0,65.5,7.471
1765480039.243564,99,12,8,15,11,3.6499481201171875,65.0,65.5,7.471
1765480039.4447486,99,37,47,33,28,3.6498870849609375,64.5,65.5,7.658
1765480039.6457648,99,37,47,33,28,3.6498870849609375,64.5,65.5,7.658
1765480039.8467927,99,37,47,33,28,3.6498870849609375,64.5,65.5,7.658
1765480040.047771,99,18,23,18,22,3.650421142578125,64.5,66.0,7.578
1765480040.2485666,99,18,23,18,22,3.650421142578125,64.5,66.0,7.578
1765480040.4501479,99,23,30,32,19,3.6503219604492188,64.5,66.5,7.962
1765480040.6511083,99,23,30,32,19,3.6503219604492188,64.5,66.5,7.962
1765480040.852259,99,23,30,32,19,3.6503219604492188,64.5,66.5,7.962
1765480041.0534377,99,32,24,23,22,3.6502761840820312,65.0,66.0,7.843
1765480041.254355,99,32,24,23,22,3.6502761840820312,65.0,66.0,7.843
1765480041.4554832,99,32,24,23,22,3.6502761840820312,65.0,66.0,7.843
1765480041.6565783,36,25,21,26,28,3.6499481201171875,64.0,65.5,5.738
1765480041.8578603,36,25,21,26,28,3.6499481201171875,64.0,65.5,5.738
1765480042.0588808,99,58,24,27,25,3.6507034301757812,65.0,66.0,7.856
1765480042.2599053,99,58,24,27,25,3.6507034301757812,65.0,66.0,7.856
1765480042.4608822,99,58,24,27,25,3.6507034301757812,65.0,66.0,7.856
1765480042.6620731,99,17,16,16,13,3.6499481201171875,64.5,66.0,6.429
1765480042.863007,99,17,16,16,13,3.6499481201171875,64.5,66.0,6.429
1765480043.0641863,99,30,35,43,35,3.649932861328125,64.5,65.5,7.046
1765480043.2653985,99,30,35,43,35,3.649932861328125,64.5,65.5,7.046
1765480043.4663997,99,30,35,43,35,3.649932861328125,64.5,65.5,7.046
1765480043.6741097,7,21,22,26,17,3.650249481201172,64.5,65.5,5.537
1765480043.8752313,7,21,22,26,17,3.650249481201172,64.5,65.5,5.537
1765480044.0763385,99,20,55,24,18,3.6509132385253906,65.0,67.0,8.305
1765480044.2773886,99,20,55,24,18,3.6509132385253906,65.0,67.0,8.305
1765480044.4784944,99,20,55,24,18,3.6509132385253906,65.0,67.0,8.305
1765480044.6793861,99,12,16,10,15,3.6501731872558594,64.5,65.5,7.284
1765480044.8803735,99,12,16,10,15,3.6501731872558594,64.5,65.5,7.284
1765480045.0813363,98,32,33,60,34,3.6506423950195312,65.0,66.5,7.962
1765480045.282345,98,32,33,60,34,3.6506423950195312,65.0,66.5,7.962
1765480045.4835007,98,32,33,60,34,3.6506423950195312,65.0,66.5,7.962
1765480045.684501,99,19,18,18,24,3.651458740234375,64.5,67.0,8.529
1765480045.885568,99,19,18,18,24,3.651458740234375,64.5,67.0,8.529
1765480046.0865905,99,23,44,25,17,3.650615692138672,64.5,65.5,7.658
1765480046.2876823,99,23,44,25,17,3.650615692138672,64.5,65.5,7.658
1765480046.488584,99,23,44,25,17,3.650615692138672,64.5,65.5,7.658
1765480046.6895626,99,18,25,20,20,3.6507835388183594,65.0,65.5,7.578
1765480046.8904514,99,18,25,20,20,3.6507835388183594,65.0,65.5,7.578
1765480047.0914383,99,27,44,33,28,3.650737762451172,65.0,66.5,7.737
1765480047.2925413,99,27,44,33,28,3.650737762451172,65.0,66.5,7.737
1765480047.493677,99,27,44,33,28,3.650737762451172,65.0,66.5,7.737
1765480047.6947231,99,19,44,18,12,3.6514205932617188,65.0,67.0,8.385
1765480047.8956802,99,19,44,18,12,3.6514205932617188,65.0,67.0,8.385
1765480048.0967329,70,22,10,19,10,3.6509323120117188,65.0,65.5,5.778
1765480048.2980268,70,22,10,19,10,3.6509323120117188,65.0,65.5,5.778
1765480048.4990277,70,22,10,19,10,3.6509323120117188,65.0,65.5,5.778
1765480048.7001317,99,30,26,38,50,3.6509780883789062,65.0,66.0,7.085
1765480048.9014754,99,30,26,38,50,3.6509780883789062,65.0,66.0,7.085
1765480049.1023908,88,19,27,26,16,3.6508026123046875,64.5,65.5,6.129
1765480049.303504,88,19,27,26,16,3.6508026123046875,64.5,65.5,6.129
1765480049.5044322,88,19,27,26,16,3.6508026123046875,64.5,65.5,6.129
1765480049.7053955,99,18,56,20,21,3.6512184143066406,65.0,66.5,7.816
1765480049.9065578,99,18,56,20,21,3.6512184143066406,65.0,66.5,7.816
1765480050.1076362,99,17,16,8,10,3.6509780883789062,64.5,65.5,5.577
1765480050.3087032,99,17,16,8,10,3.6509780883789062,64.5,65.5,5.577
1765480050.509644,99,17,16,8,10,3.6509780883789062,64.5,65.5,5.577
1765480050.7106574,99,34,60,39,39,3.6511878967285156,64.5,65.5,7.737
1765480050.9117877,99,34,60,39,39,3.6511878967285156,64.5,65.5,7.737
1765480051.112779,99,21,17,18,18,3.651630401611328,65.0,65.5,8.16
1765480051.3137145,99,21,17,18,18,3.651630401611328,65.0,65.5,8.16
1765480051.5147424,99,21,17,18,18,3.651630401611328,65.0,65.5,8.16
1765480051.7158012,98,26,19,14,59,3.650737762451172,65.0,66.0,7.843
1765480051.9169106,98,26,19,14,59,3.650737762451172,65.0,66.0,7.843
1765480052.1179047,99,23,22,16,21,3.650737762451172,64.5,66.0,7.312
1765480052.3189213,99,23,22,16,21,3.650737762451172,64.5,66.0,7.312
1765480052.5201135,99,23,22,16,21,3.650737762451172,64.5,66.0,7.312
1765480052.7210736,99,32,38,26,49,3.6506500244140625,65.0,66.5,8.108
1765480052.9220414,99,32,38,26,49,3.6506500244140625,65.0,66.5,8.108
1765480053.1230125,99,32,38,26,49,3.6506500244140625,65.0,66.5,8.108
1765480053.3239756,99,10,18,14,24,3.651966094970703,65.5,66.0,8.226
1765480053.524903,99,10,18,14,24,3.651966094970703,65.5,66.0,8.226
1765480053.7270708,99,26,39,26,18,3.6509933471679688,64.5,66.5,7.459
1765480053.928162,99,26,39,26,18,3.6509933471679688,64.5,66.5,7.459
1765480054.1300755,99,26,39,26,18,3.6509933471679688,64.5,66.5,7.459
1765480054.3310783,99,24,24,45,14,3.650959014892578,65.0,66.0,7.737
1765480054.5321627,99,24,24,45,14,3.650959014892578,65.0,66.0,7.737
1765480054.7331996,99,23,26,22,21,3.6510009765625,64.5,66.0,6.509
1765480054.9341676,99,23,26,22,21,3.6510009765625,64.5,66.0,6.509
1765480055.1350725,99,23,26,22,21,3.6510009765625,64.5,66.0,6.509
1765480055.336219,99,17,19,52,14,3.6517868041992188,65.0,66.0,7.432
1765480055.5372427,99,17,19,52,14,3.6517868041992188,65.0,66.0,7.432
1765480055.738142,70,25,30,21,20,3.651691436767578,64.5,65.5,6.009
1765480055.9390988,70,25,30,21,20,3.651691436767578,64.5,65.5,6.009
1765480056.1402225,70,25,30,21,20,3.651691436767578,64.5,65.5,6.009
1765480056.3413796,99,59,44,25,31,3.6515426635742188,65.0,66.5,7.352
1765480056.5424888,99,59,44,25,31,3.6515426635742188,65.0,66.5,7.352
1765480056.7434762,48,23,24,17,19,3.6521835327148438,64.5,66.0,6.009
1765480056.945168,48,23,24,17,19,3.6521835327148438,64.5,66.0,6.009
1765480057.146125,48,23,24,17,19,3.6521835327148438,64.5,66.0,6.009
1765480057.3471491,99,32,22,20,57,3.6513214111328125,65.0,66.0,8.029
1765480057.5482008,99,32,22,20,57,3.6513214111328125,65.0,66.0,8.029
1765480057.7490594,98,20,13,12,21,3.65167236328125,65.0,66.5,7.273
1765480057.95008,98,20,13,12,21,3.65167236328125,65.0,66.5,7.273
1765480058.1510887,98,20,13,12,21,3.65167236328125,65.0,66.5,7.273
1765480058.352146,98,38,38,32,54,3.6514358520507812,65.0,66.5,8.266
1765480058.5532894,98,38,38,32,54,3.6514358520507812,65.0,66.5,8.266
1765480058.7543607,99,16,15,21,10,3.6525344848632812,65.0,66.0,8.266
1765480058.9553165,99,16,15,21,10,3.6525344848632812,65.0,66.0,8.266
1765480059.1567261,99,16,15,21,10,3.6525344848632812,65.0,66.0,8.266
1765480059.3578162,99,28,47,32,25,3.6516265869140625,64.5,66.0,7.856
1765480059.5589063,99,28,47,32,25,3.6516265869140625,64.5,66.0,7.856
1765480059.7600741,99,24,32,12,17,3.652027130126953,65.0,66.0,7.737
1765480059.9610522,99,24,32,12,17,3.652027130126953,65.0,66.0,7.737
1765480060.162382,99,24,32,12,17,3.652027130126953,65.0,66.0,7.737
1765480060.3635206,99,33,22,30,36,3.6518516540527344,64.5,66.0,7.777
1765480060.5645616,99,33,22,30,36,3.6518516540527344,64.5,66.0,7.777
1765480060.7656438,99,34,13,10,12,3.6515045166015625,65.0,66.0,7.843
1765480060.9667222,99,34,13,10,12,3.6515045166015625,65.0,66.0,7.843
1765480061.1677659,99,34,13,10,12,3.6515045166015625,65.0,66.0,7.843
1765480061.368819,0,22,27,20,32,3.65203857421875,65.0,65.0,5.112
1765480061.5698864,0,22,27,20,32,3.65203857421875,65.0,65.0,5.112
1765480061.770793,0,22,27,20,32,3.65203857421875,65.0,65.0,5.112
1765480061.9718766,99,30,60,28,21,3.652557373046875,65.0,66.0,7.312
1765480062.1728957,99,30,60,28,21,3.652557373046875,65.0,66.0,7.312
1765480062.3738704,45,23,21,17,23,3.6529388427734375,64.0,66.5,5.969
1765480062.5749512,45,23,21,17,23,3.6529388427734375,64.0,66.5,5.969
1765480062.7758415,45,23,21,17,23,3.6529388427734375,64.0,66.5,5.969
1765480062.977085,99,24,19,55,21,3.6523895263671875,65.0,65.5,7.432
1765480063.1780844,99,24,19,55,21,3.6523895263671875,65.0,65.5,7.432
1765480063.3790467,99,17,18,14,14,3.6527328491210938,64.5,66.0,6.36
1765480063.5803537,99,17,18,14,14,3.6527328491210938,64.5,66.0,6.36
1765480063.7817395,99,17,18,14,14,3.6527328491210938,64.5,66.0,6.36
1765480063.9827425,99,42,40,26,54,3.6530723571777344,65.0,65.5,8.108
1765480064.183726,99,42,40,26,54,3.6530723571777344,65.0,65.5,8.108
1765480064.3845954,99,18,19,16,13,3.6539382934570312,65.0,66.5,7.737
1765480064.5857825,99,18,19,16,13,3.6539382934570312,65.0,66.5,7.737
1765480064.7869055,99,18,19,16,13,3.6539382934570312,65.0,66.5,7.737
1765480064.9880857,99,38,52,20,30,3.652904510498047,65.0,67.0,8.187
1765480065.1891613,99,38,52,20,30,3.652904510498047,65.0,67.0,8.187
1765480065.390235,99,18,21,15,16,3.6529617309570312,65.0,66.0,7.245
1765480065.5913444,99,18,21,15,16,3.6529617309570312,65.0,66.0,7.245
1765480065.792645,99,18,21,15,16,3.6529617309570312,65.0,66.0,7.245
1765480065.9935834,99,43,28,30,35,3.653644561767578,65.0,66.5,8.371
1765480066.1946328,99,43,28,30,35,3.653644561767578,65.0,66.5,8.371
1765480066.3961623,99,26,11,8,12,3.6527328491210938,65.0,66.0,7.883
1765480066.5971348,99,26,11,8,12,3.6527328491210938,65.0,66.0,7.883
1765480066.7980602,99,26,11,8,12,3.6527328491210938,65.0,66.0,7.883
1765480066.9991908,99,28,38,27,22,3.6528701782226562,65.0,67.0,7.471
1765480067.200199,99,28,38,27,22,3.6528701782226562,65.0,67.0,7.471
1765480067.4022512,99,22,21,52,19,3.653095245361328,65.0,66.0,7.618
1765480067.603378,99,22,21,52,19,3.653095245361328,65.0,66.0,7.618
1765480067.804525,99,22,21,52,19,3.653095245361328,65.0,66.0,7.618
1765480068.0054204,69,16,30,25,21,3.653900146484375,65.0,66.0,6.129
1765480068.2063692,69,16,30,25,21,3.653900146484375,65.0,66.0,6.129
1765480068.4073882,99,50,21,18,18,3.6532974243164062,65.0,66.0,7.006
1765480068.6086547,99,50,21,18,18,3.6532974243164062,65.0,66.0,7.006
1765480068.8096232,99,50,21,18,18,3.6532974243164062,65.0,66.0,7.006
1765480069.0107598,99,24,22,19,16,3.6532249450683594,64.5,65.5,6.009
1765480069.211741,99,24,22,19,16,3.6532249450683594,64.5,65.5,6.009
1765480069.4126346,99,32,32,61,22,3.653209686279297,65.0,66.0,7.392
1765480069.6135573,99,32,32,61,22,3.653209686279297,65.0,66.0,7.392
1765480069.814492,99,32,32,61,22,3.653209686279297,65.0,66.0,7.392
1765480070.0154023,3,10,11,10,8,3.653636932373047,64.0,66.5,5.385
1765480070.2166193,3,10,11,10,8,3.653636932373047,64.0,66.5,5.385
1765480070.4176817,99,36,62,18,26,3.6527442932128906,65.0,66.5,7.737
1765480070.618738,99,36,62,18,26,3.6527442932128906,65.0,66.5,7.737
1765480070.82012,99,36,62,18,26,3.6527442932128906,65.0,66.5,7.737
1765480071.0211854,99,21,19,18,20,3.6530838012695312,65.0,66.0,7.046
1765480071.2273161,99,21,19,18,20,3.6530838012695312,65.0,66.0,7.046
1765480071.4284875,99,38,32,41,44,3.6540565490722656,65.0,66.5,8.41
1765480071.6295354,99,38,32,41,44,3.6540565490722656,65.0,66.5,8.41
1765480071.8305905,99,38,32,41,44,3.6540565490722656,65.0,66.5,8.41
1765480072.031701,99,18,13,16,13,3.653064727783203,65.5,66.5,7.777
1765480072.2325895,99,18,13,16,13,3.653064727783203,65.5,66.5,7.777
1765480072.4337668,99,28,29,48,39,3.653057098388672,65.0,67.0,7.658
1765480072.6346679,99,28,29,48,39,3.653057098388672,65.0,67.0,7.658
1765480072.8358011,99,28,29,48,39,3.653057098388672,65.0,67.0,7.658
1765480073.037102,99,23,18,40,18,3.653106689453125,65.0,66.5,7.539
1765480073.2382114,99,23,18,40,18,3.653106689453125,65.0,66.5,7.539
1765480073.4394717,99,23,18,40,18,3.653106689453125,65.0,66.5,7.539
1765480073.640613,99,22,30,23,16,3.6533432006835938,64.5,66.5,7.618
1765480073.8416092,99,22,30,23,16,3.6533432006835938,64.5,66.5,7.618
1765480074.0428321,99,30,21,23,26,3.6533279418945312,65.0,66.0,7.392
1765480074.2438748,99,30,21,23,26,3.6533279418945312,65.0,66.0,7.392
1765480074.4452214,99,30,21,23,26,3.6533279418945312,65.0,66.0,7.392
1765480074.6464593,99,24,21,24,22,3.6531410217285156,65.0,66.0,6.16
1765480074.8474348,99,24,21,24,22,3.6531410217285156,65.0,66.0,6.16
1765480075.0485265,99,27,31,63,28,3.65386962890625,65.0,66.5,7.816
1765480075.2495832,99,27,31,63,28,3.65386962890625,65.0,66.5,7.816
1765480075.4506092,99,27,31,63,28,3.65386962890625,65.0,66.5,7.816
1765480075.6517673,55,10,9,14,9,3.6538772583007812,65.0,66.0,6.16
1765480075.8528152,55,10,9,14,9,3.6538772583007812,65.0,66.0,6.16
1765480076.0536835,99,26,61,30,23,3.6536102294921875,65.0,66.0,7.471
1765480076.2547355,99,26,61,30,23,3.6536102294921875,65.0,66.0,7.471
1765480076.4557188,99,26,61,30,23,3.6536102294921875,65.0,66.0,7.471
1765480076.656555,99,20,16,18,18,3.653759002685547,64.5,65.5,5.738
1765480076.8574877,99,20,16,18,18,3.653759002685547,64.5,65.5,5.738
1765480077.0588078,99,32,29,62,22,3.6544036865234375,65.0,66.5,8.41
1765480077.260098,99,32,29,62,22,3.6544036865234375,65.0,66.5,8.41
1765480077.4611516,99,32,29,62,22,3.6544036865234375,65.0,66.5,8.41
1765480077.6621,98,15,11,4,9,3.653705596923828,64.5,65.5,6.937
1765480077.8632233,98,15,11,4,9,3.653705596923828,64.5,65.5,6.937
1765480078.064298,99,64,37,33,23,3.6534385681152344,65.0,66.5,8.108
1765480078.2653244,99,64,37,33,23,3.6534385681152344,65.0,66.5,8.108
1765480078.4664688,99,64,37,33,23,3.6534385681152344,65.0,66.5,8.108
1765480078.6674194,99,16,24,16,28,3.653766632080078,65.0,66.0,7.539
1765480078.8684688,99,16,24,16,28,3.653766632080078,65.0,66.0,7.539
1765480079.0696406,99,18,26,24,36,3.6543617248535156,65.0,66.5,8.266
1765480079.2706442,99,18,26,24,36,3.6543617248535156,65.0,66.5,8.266
1765480079.47178,99,18,26,24,36,3.6543617248535156,65.0,66.5,8.266
1765480079.6728275,99,29,16,22,14,3.6534996032714844,65.0,65.5,7.578
1765480079.8738291,99,29,16,22,14,3.6534996032714844,65.0,65.5,7.578
1765480080.0747926,99,36,28,32,35,3.6536788940429688,64.5,67.0,7.645
1765480080.2758095,99,36,28,32,35,3.6536788940429688,64.5,67.0,7.645
1765480080.4770083,99,36,28,32,35,3.6536788940429688,64.5,67.0,7.645
1765480080.6781332,99,46,20,18,23,3.6535377502441406,65.0,66.0,7.923
1765480080.8791525,99,46,20,18,23,3.6535377502441406,65.0,66.0,7.923
1765480081.0802062,99,13,10,16,8,3.653106689453125,65.0,65.5,6.2
1765480081.281301,99,13,10,16,8,3.653106689453125,65.0,65.5,6.2
1765480081.4822595,99,13,10,16,8,3.653106689453125,65.0,65.5,6.2
1765480081.683638,99,32,36,44,38,3.6532936096191406,65.0,66.0,7.205
1765480081.8849657,99,32,36,44,38,3.6532936096191406,65.0,66.0,7.205
1765480082.0858219,81,24,20,31,18,3.6534576416015625,64.5,66.0,6.049
1765480082.289623,81,24,20,31,18,3.6534576416015625,64.5,66.0,6.049
1765480082.490987,81,24,20,31,18,3.6534576416015625,64.5,66.0,6.049
1765480082.6924427,99,60,24,22,30,3.654521942138672,65.5,66.5,8.108
1765480082.8935914,99,60,24,22,30,3.654521942138672,65.5,66.5,8.108
1765480083.09465,99,60,24,22,30,3.654521942138672,65.5,66.5,8.108
1765480083.296216,99,8,8,14,6,3.6534423828125,64.5,65.5,5.537
1765480083.4973454,99,8,8,14,6,3.6534423828125,64.5,65.5,5.537
1765480083.6986983,98,34,31,39,67,3.653606414794922,65.5,66.5,8.187
1765480083.8997262,98,34,31,39,67,3.653606414794922,65.5,66.5,8.187
1765480084.1008677,98,34,31,39,67,3.653606414794922,65.5,66.5,8.187
1765480084.3018196,99,18,14,17,19,3.6537437438964844,65.0,66.0,7.658
1765480084.5030158,99,18,14,17,19,3.6537437438964844,65.0,66.0,7.658
1765480084.704039,99,34,26,25,54,3.6540565490722656,65.5,67.0,8.45
1765480084.9050918,99,34,26,25,54,3.6540565490722656,65.5,67.0,8.45
1765480085.1062942,99,34,26,25,54,3.6540565490722656,65.5,67.0,8.45
1765480085.3072283,99,18,14,16,16,3.6535377502441406,65.0,66.0,7.392
1765480085.508401,99,18,14,16,16,3.6535377502441406,65.0,66.0,7.392
1765480085.7094855,99,50,31,45,26,3.6537742614746094,65.0,66.5,7.764
1765480085.9108467,99,50,31,45,26,3.6537742614746094,65.0,66.5,7.764
1765480086.1119974,99,50,31,45,26,3.6537742614746094,65.0,66.5,7.764
1765480086.3130822,99,40,23,10,21,3.6541748046875,65.5,66.5,8.187
1765480086.5140595,99,40,23,10,21,3.6541748046875,65.5,66.5,8.187
1765480086.7154229,99,21,18,23,20,3.6535072326660156,65.0,67.0,7.165
1765480086.9165876,99,21,18,23,20,3.6535072326660156,65.0,67.0,7.165
1765480087.117652,99,21,18,23,20,3.6535072326660156,65.0,67.0,7.165
1765480087.3187692,99,34,27,36,22,3.653583526611328,65.5,66.5,7.843
1765480087.5196762,99,34,27,36,22,3.653583526611328,65.5,66.5,7.843
1765480087.720815,99,20,24,16,26,3.6534805297851562,64.5,66.0,6.24
1765480087.9219165,99,20,24,16,26,3.6534805297851562,64.5,66.0,6.24
1765480088.1229653,99,20,24,16,26,3.6534805297851562,64.5,66.0,6.24
1765480088.3241186,99,21,18,16,59,3.654560089111328,65.0,66.5,7.923
1765480088.5250413,99,21,18,16,59,3.654560089111328,65.0,66.5,7.923
1765480088.725968,70,18,15,23,14,3.653301239013672,64.5,66.0,6.089
1765480088.9271715,70,18,15,23,14,3.653301239013672,64.5,66.0,6.089
1765480089.1290824,70,18,15,23,14,3.653301239013672,64.5,66.0,6.089
1765480089.3346899,99,38,30,42,37,3.653270721435547,65.5,66.0,7.499
1765480089.5358603,99,38,30,42,37,3.653270721435547,65.5,66.0,7.499
1765480089.737111,99,19,16,15,18,3.6535377502441406,65.0,66.0,6.36
1765480089.938316,99,19,16,15,18,3.6535377502441406,65.0,66.0,6.36
1765480090.1393535,99,19,16,15,18,3.6535377502441406,65.0,66.0,6.36
1765480090.340334,99,18,58,30,22,3.654033660888672,65.5,66.5,8.147
1765480090.5414207,99,18,58,30,22,3.654033660888672,65.5,66.5,8.147
1765480090.7423384,98,19,19,12,15,3.6539154052734375,65.0,66.0,6.966
1765480090.9433148,98,19,19,12,15,3.6539154052734375,65.0,66.0,6.966
1765480091.1443825,98,19,19,12,15,3.6539154052734375,65.0,66.0,6.966
1765480091.345462,98,58,30,37,30,3.653606414794922,65.0,66.5,8.108
1765480091.5465634,98,58,30,37,30,3.653606414794922,65.0,66.5,8.108
1765480091.74748,99,21,18,18,16,3.654804229736328,65.0,66.5,8.371
1765480091.9484186,99,21,18,18,16,3.654804229736328,65.0,66.5,8.371
1765480092.1513867,99,21,18,18,16,3.654804229736328,65.0,66.5,8.371
1765480092.352658,99,30,29,23,35,3.6537322998046875,65.0,66.0,8.042
1765480092.553653,99,30,29,23,35,3.6537322998046875,65.0,66.0,8.042
1765480092.7546215,99,14,20,20,30,3.6539154052734375,65.0,66.5,7.816
1765480092.9556298,99,14,20,20,30,3.6539154052734375,65.0,66.5,7.816
1765480093.1566787,99,14,20,20,30,3.6539154052734375,65.0,66.5,7.816
1765480093.3577857,99,28,34,27,31,3.6534690856933594,65.0,67.5,7.539
1765480093.558823,99,28,34,27,31,3.6534690856933594,65.0,67.5,7.539
1765480093.760084,99,40,18,10,17,3.6549758911132812,65.5,67.0,8.187
1765480093.9611154,99,40,18,10,17,3.6549758911132812,65.5,67.0,8.187
1765480094.1620324,99,40,18,10,17,3.6549758911132812,65.5,67.0,8.187
1765480094.363291,84,20,14,31,25,3.653656005859375,64.5,66.0,6.009
1765480094.5645707,84,20,14,31,25,3.653656005859375,64.5,66.0,6.009
1765480094.7661133,99,27,32,58,28,3.6533203125,65.5,66.5,7.205
1765480094.9671528,99,27,32,58,28,3.6533203125,65.5,66.5,7.205
1765480095.1681662,99,27,32,58,28,3.6533203125,65.5,66.5,7.205
1765480095.369086,80,24,24,28,24,3.6550064086914062,64.5,67.0,6.08
1765480095.5700316,80,24,24,28,24,3.6550064086914062,64.5,67.0,6.08
1765480095.7710397,80,24,24,28,24,3.6550064086914062,64.5,67.0,6.08
1765480095.9726753,99,22,14,54,21,3.654510498046875,65.0,66.5,7.499
1765480096.1738505,99,22,14,54,21,3.654510498046875,65.0,66.5,7.499
1765480096.3747728,95,14,17,18,18,3.655071258544922,65.0,66.5,6.778
1765480096.576015,95,14,17,18,18,3.655071258544922,65.0,66.5,6.778
1765480096.777022,95,14,17,18,18,3.655071258544922,65.0,66.5,6.778
1765480096.9784312,98,40,36,52,38,3.655029296875,65.5,66.5,7.883
1765480097.1794763,98,40,36,52,38,3.655029296875,65.5,66.5,7.883
1765480097.3805158,99,16,21,12,16,3.655517578125,65.0,66.5,7.883
1765480097.5817912,99,16,21,12,16,3.655517578125,65.0,66.5,7.883
1765480097.7828019,99,16,21,12,16,3.655517578125,65.0,66.5,7.883
1765480097.983762,99,55,20,16,30,3.654926300048828,65.5,67.0,8.081
1765480098.1848874,99,55,20,16,30,3.654926300048828,65.5,67.0,8.081
1765480098.385958,99,23,16,18,18,3.6549530029296875,65.0,66.5,7.312
1765480098.5869176,99,23,16,18,18,3.6549530029296875,65.0,66.5,7.312
1765480098.788146,99,23,16,18,18,3.6549530029296875,65.0,66.5,7.312
1765480098.9891098,99,44,26,39,32,3.654956817626953,65.5,66.5,7.989
1765480099.1901844,99,44,26,39,32,3.654956817626953,65.5,66.5,7.989
1765480099.3917346,99,28,15,12,8,3.6555557250976562,65.5,67.0,8.489
1765480099.592798,99,28,15,12,8,3.6555557250976562,65.5,67.0,8.489
1765480099.7939358,99,28,15,12,8,3.6555557250976562,65.5,67.0,8.489
1765480099.9950154,99,24,19,38,14,3.655010223388672,65.0,66.5,7.578
1765480100.1960328,99,24,19,38,14,3.655010223388672,65.0,66.5,7.578
1765480100.3971248,99,20,21,45,22,3.654918670654297,65.0,66.5,7.432
1765480100.598495,99,20,21,45,22,3.654918670654297,65.0,66.5,7.432
1765480100.7994921,99,20,21,45,22,3.654918670654297,65.0,66.5,7.432
1765480101.0006542,99,25,18,18,28,3.6551361083984375,65.0,67.0,7.153
1765480101.2015579,99,25,18,18,28,3.6551361083984375,65.0,67.0,7.153
1765480101.4026144,99,19,58,19,16,3.654407501220703,65.5,66.5,7.312
1765480101.603762,99,19,58,19,16,3.654407501220703,65.5,66.5,7.312
1765480101.8047845,99,19,58,19,16,3.654407501220703,65.5,66.5,7.312
1765480102.0071912,58,30,14,14,21,3.655029296875,64.5,66.0,5.889
1765480102.2083602,58,30,14,14,21,3.655029296875,64.5,66.0,5.889
1765480102.4096582,99,28,29,58,22,3.6547622680664062,65.5,66.5,7.499
1765480102.6108403,99,28,29,58,22,3.6547622680664062,65.5,66.5,7.499
1765480102.811997,99,28,29,58,22,3.6547622680664062,65.5,66.5,7.499
1765480103.0129642,99,10,9,15,12,3.6552810668945312,65.5,66.5,6.549
1765480103.214131,99,10,9,15,12,3.6552810668945312,65.5,66.5,6.549
1765480103.415011,99,61,23,25,33,3.6545257568359375,65.5,67.0,8.147
1765480103.6162803,99,61,23,25,33,3.6545257568359375,65.5,67.0,8.147
1765480103.8173556,99,61,23,25,33,3.6545257568359375,65.5,67.0,8.147
1765480104.018357,99,17,14,18,13,3.6549072265625,65.5,66.0,7.273
1765480104.2202246,99,17,14,18,13,3.6549072265625,65.5,66.0,7.273
1765480104.4214077,99,38,51,27,36,3.6551780700683594,65.5,67.0,8.45
1765480104.622401,99,38,51,27,36,3.6551780700683594,65.5,67.0,8.45
1765480104.8234587,99,38,51,27,36,3.6551780700683594,65.5,67.0,8.45
1765480105.0244923,99,10,19,10,11,3.654937744140625,65.0,66.0,7.697
1765480105.2253819,99,10,19,10,11,3.654937744140625,65.0,66.0,7.697
1765480105.4263678,99,26,30,32,42,3.6548194885253906,65.0,66.5,7.697
1765480105.6272967,99,26,30,32,42,3.6548194885253906,65.0,66.5,7.697
1765480105.8283322,99,26,30,32,42,3.6548194885253906,65.0,66.5,7.697
1765480106.0294101,99,34,23,22,20,3.6549148559570312,65.0,66.5,7.432
1765480106.2303789,99,34,23,22,20,3.6549148559570312,65.0,66.5,7.432
1765480106.4315648,99,34,23,22,20,3.6549148559570312,65.0,66.5,7.432
1765480106.632695,99,24,35,23,28,3.6554908752441406,65.0,66.5,7.764
1765480106.833613,99,24,35,23,28,3.6554908752441406,65.0,66.5,7.764
1765480107.034622,99,14,42,12,15,3.6548233032226562,65.0,66.5,7.725
1765480107.235664,99,14,42,12,15,3.6548233032226562,65.0,66.5,7.725
1765480107.4366064,99,14,42,12,15,3.6548233032226562,65.0,66.5,7.725
1765480107.6376548,99,21,21,27,20,3.6547508239746094,65.5,66.5,6.28
1765480107.8385062,99,21,21,27,20,3.6547508239746094,65.5,66.5,6.28
1765480108.039551,99,32,30,60,28,3.6552696228027344,65.5,66.5,7.471
1765480108.2406728,99,32,30,60,28,3.6552696228027344,65.5,66.5,7.471
1765480108.441707,99,32,30,60,28,3.6552696228027344,65.5,66.5,7.471
1765480108.6430082,76,20,8,14,16,3.6558685302734375,64.0,66.5,5.769
1765480108.8441472,76,20,8,14,16,3.6558685302734375,64.0,66.5,5.769
1765480109.0452611,99,32,22,60,21,3.6546630859375,65.5,66.5,7.352
1765480109.2463365,99,32,22,60,21,3.6546630859375,65.5,66.5,7.352
1765480109.4474878,99,32,22,60,21,3.6546630859375,65.5,66.5,7.352
1765480109.6485088,99,16,17,19,14,3.654632568359375,65.5,66.0,6.709
1765480109.8496816,99,16,17,19,14,3.654632568359375,65.5,66.0,6.709
1765480110.0506387,99,38,39,36,52,3.6559371948242188,65.5,67.0,8.752
1765480110.2517805,99,38,39,36,52,3.6559371948242188,65.5,67.0,8.752
1765480110.4530258,99,38,39,36,52,3.6559371948242188,65.5,67.0,8.752
1765480110.6539662,99,11,6,9,6,3.6559066772460938,65.5,66.5,7.989
1765480110.855039,99,11,6,9,6,3.6559066772460938,65.5,66.5,7.989
1765480111.0560102,99,40,25,54,30,3.6553421020507812,65.0,67.0,7.804
1765480111.2570326,99,40,25,54,30,3.6553421020507812,65.0,67.0,7.804
1765480111.458125,99,40,25,54,30,3.6553421020507812,65.0,67.0,7.804
1765480111.6592565,98,19,16,25,19,3.656047821044922,65.5,66.5,7.459
1765480111.86018,98,19,16,25,19,3.656047821044922,65.5,66.5,7.459
1765480112.0612423,99,42,24,27,22,3.6558685302734375,65.0,67.0,8.252
1765480112.2622168,99,42,24,27,22,3.6558685302734375,65.0,67.0,8.252
1765480112.463336,99,42,24,27,22,3.6558685302734375,65.0,67.0,8.252
1765480112.6646013,99,34,10,14,19,3.6555099487304688,65.5,66.5,7.685
1765480112.8655677,99,34,10,14,19,3.6555099487304688,65.5,66.5,7.685
1765480113.066654,51,22,36,26,18,3.655719757080078,64.5,66.5,6.24
1765480113.2678027,51,22,36,26,18,3.655719757080078,64.5,66.5,6.24
1765480113.468805,51,22,36,26,18,3.655719757080078,64.5,66.5,6.24
1765480113.66974,99,20,18,52,24,3.6559677124023438,65.5,66.5,7.38
1765480113.8706112,99,20,18,52,24,3.6559677124023438,65.5,66.5,7.38
1765480114.0716205,99,16,17,16,11,3.65673828125,65.0,66.5,6.857
1765480114.2727592,99,16,17,16,11,3.65673828125,65.0,66.5,6.857
1765480114.4739428,99,16,17,16,11,3.65673828125,65.0,66.5,6.857
1765480114.6752923,99,56,24,23,24,3.655536651611328,65.5,66.5,7.233
1765480114.8764815,99,56,24,23,24,3.655536651611328,65.5,66.5,7.233
1765480115.0775814,76,20,18,18,28,3.6556358337402344,64.5,66.5,5.929
1765480115.2787628,76,20,18,18,28,3.6556358337402344,64.5,66.5,5.929
1765480115.480015,76,20,18,18,28,3.6556358337402344,64.5,66.5,5.929
1765480115.68104,99,30,60,25,26,3.6557159423828125,65.5,67.0,7.989
1765480115.882067,99,30,60,25,26,3.6557159423828125,65.5,67.0,7.989
1765480116.0831032,99,10,6,6,6,3.655567169189453,65.0,66.5,6.589
1765480116.2842073,99,10,6,6,6,3.655567169189453,65.0,66.5,6.589
1765480116.4852984,99,10,6,6,6,3.655567169189453,65.0,66.5,6.589
1765480116.6863365,99,28,72,34,34,3.6557960510253906,65.5,66.5,8.252
1765480116.8874931,99,28,72,34,34,3.6557960510253906,65.5,66.5,8.252
1765480117.088667,99,28,72,34,34,3.6557960510253906,65.5,66.5,8.252
1765480117.2897422,99,21,15,14,14,3.6555709838867188,65.5,66.5,7.725
1765480117.4908867,99,21,15,14,14,3.6555709838867188,65.5,66.5,7.725
1765480117.6924706,99,24,38,28,43,3.655853271484375,65.5,67.0,8.213
1765480117.8935242,99,24,38,28,43,3.655853271484375,65.5,67.0,8.213
1765480118.0945776,99,24,38,28,43,3.655853271484375,65.5,67.0,8.213
1765480118.2957616,99,14,26,12,17,3.655101776123047,65.5,66.5,7.392
1765480118.4965482,99,14,26,12,17,3.655101776123047,65.5,66.5,7.392
1765480118.697586,99,31,30,25,51,3.655792236328125,65.5,66.5,7.804
1765480118.8989055,99,31,30,25,51,3.655792236328125,65.5,66.5,7.804
1765480119.1000693,99,31,30,25,51,3.655792236328125,65.5,66.5,7.804
1765480119.3012342,99,34,18,19,45,3.6556930541992188,65.5,67.0,8.029
1765480119.5069234,99,34,18,19,45,3.6556930541992188,65.5,67.0,8.029
1765480119.708297,99,23,15,20,22,3.6560325622558594,65.5,67.0,6.36
1765480119.9092338,99,23,15,20,22,3.6560325622558594,65.5,67.0,6.36
1765480120.1102846,99,23,15,20,22,3.6560325622558594,65.5,67.0,6.36
1765480120.3112483,99,51,26,30,34,3.6554641723632812,65.5,66.5,7.539
1765480120.5122206,99,51,26,30,34,3.6554641723632812,65.5,66.5,7.539
1765480120.7132125,78,34,16,8,17,3.6560745239257812,65.0,66.0,5.92
1765480120.914253,78,34,16,8,17,3.6560745239257812,65.0,66.0,5.92
1765480121.1152866,78,34,16,8,17,3.6560745239257812,65.0,66.0,5.92
1765480121.3168805,99,62,20,29,25,3.6564903259277344,65.5,67.0,7.949
1765480121.5180335,99,62,20,29,25,3.6564903259277344,65.5,67.0,7.949
1765480121.7189593,99,11,6,7,11,3.6560440063476562,65.0,66.0,5.738
1765480121.9202352,99,11,6,7,11,3.6560440063476562,65.0,66.0,5.738
1765480122.1215355,99,11,6,7,11,3.6560440063476562,65.0,66.0,5.738
1765480122.3224936,99,72,28,34,28,3.6561203002929688,65.5,66.5,8.147
1765480122.523599,99,72,28,34,28,3.6561203002929688,65.5,66.5,8.147
1765480122.7246566,99,17,16,14,16,3.655925750732422,65.5,66.5,7.312
1765480122.9255834,99,17,16,14,16,3.655925750732422,65.5,66.5,7.312
1765480123.1267862,99,17,16,14,16,3.655925750732422,65.5,66.5,7.312
1765480123.3283348,99,34,22,20,58,3.6565933227539062,65.5,67.0,8.712
1765480123.529304,99,34,22,20,58,3.6565933227539062,65.5,67.0,8.712
1765480123.7303002,99,20,11,17,15,3.655834197998047,65.0,66.5,7.006
1765480123.9312453,99,20,11,17,15,3.655834197998047,65.0,66.5,7.006
1765480124.1323543,99,20,11,17,15,3.655834197998047,65.0,66.5,7.006
1765480124.3334134,99,34,37,32,50,3.6557044982910156,65.5,67.0,8.029
1765480124.5344853,99,34,37,32,50,3.6557044982910156,65.5,67.0,8.029
1765480124.735444,99,20,45,23,21,3.6556015014648438,66.0,67.0,8.108
1765480124.9365642,99,20,45,23,21,3.6556015014648438,66.0,67.0,8.108
1765480125.1375034,99,20,45,23,21,3.6556015014648438,66.0,67.0,8.108
1765480125.3386831,99,18,19,14,24,3.655925750732422,65.0,67.0,7.312
1765480125.5397162,99,18,19,14,24,3.655925750732422,65.0,67.0,7.312
1765480125.7407167,99,24,20,21,45,3.655498504638672,65.5,67.0,7.658
1765480125.9417472,99,24,20,21,45,3.655498504638672,65.5,67.0,7.658
1765480126.1427498,99,24,20,21,45,3.655498504638672,65.5,67.0,7.658
1765480126.3438919,99,20,19,30,25,3.6558799743652344,65.5,67.0,6.28
1765480126.545091,99,20,19,30,25,3.6558799743652344,65.5,67.0,6.28
1765480126.7459946,99,60,26,16,30,3.6569862365722656,65.5,67.0,8.002
1765480126.9470701,99,60,26,16,30,3.6569862365722656,65.5,67.0,8.002
1765480127.1481047,99,60,26,16,30,3.6569862365722656,65.5,67.0,8.002
1765480127.349256,63,12,16,8,18,3.655902862548828,65.0,66.5,6.0
1765480127.5503573,63,12,16,8,18,3.655902862548828,65.0,66.5,6.0
1765480127.7513456,63,12,16,8,18,3.655902862548828,65.0,66.5,6.0
1765480127.9525187,99,36,47,28,40,3.6557235717773438,65.5,66.5,7.459
1765480128.1534665,99,36,47,28,40,3.6557235717773438,65.5,66.5,7.459
1765480128.3543673,99,19,17,21,22,3.6560020446777344,65.5,66.5,6.32
1765480128.5552914,99,19,17,21,22,3.6560020446777344,65.5,66.5,6.32
1765480128.7564383,99,19,17,21,22,3.6560020446777344,65.5,66.5,6.32
1765480128.9574358,99,57,33,20,21,3.6564712524414062,65.5,67.5,8.292
1765480129.15852,99,57,33,20,21,3.6564712524414062,65.5,67.5,8.292
1765480129.3595088,99,14,19,15,19,3.655872344970703,65.5,67.0,7.046
1765480129.5606692,99,14,19,15,19,3.655872344970703,65.5,67.0,7.046
1765480129.7617636,99,14,19,15,19,3.655872344970703,65.5,67.0,7.046
1765480129.9627314,99,35,41,54,30,3.656055450439453,65.5,67.5,8.108
1765480130.1638608,99,35,41,54,30,3.656055450439453,65.5,67.5,8.108
1765480130.3650508,99,21,20,22,23,3.656055450439453,65.5,67.0,7.804
1765480130.5661964,99,21,20,22,23,3.656055450439453,65.5,67.0,7.804
1765480130.7676184,99,21,20,22,23,3.656055450439453,65.5,67.0,7.804
1765480130.968767,99,42,21,14,17,3.65557861328125,65.5,67.0,7.697
1765480131.1701844,99,42,21,14,17,3.65557861328125,65.5,67.0,7.697
1765480131.3713577,98,25,27,26,20,3.6557884216308594,66.0,67.0,7.539
1765480131.572926,98,25,27,26,20,3.6557884216308594,66.0,67.0,7.539
1765480131.7739344,98,25,27,26,20,3.6557884216308594,66.0,67.0,7.539
1765480131.975111,7,32,18,24,32,3.6556358337402344,65.0,66.5,6.12
1765480132.176313,7,32,18,24,32,3.6556358337402344,65.0,66.5,6.12
1765480132.3776095,99,25,20,19,49,3.6566238403320312,65.5,67.0,8.147
1765480132.5786736,99,25,20,19,49,3.6566238403320312,65.5,67.0,8.147
1765480132.7795727,99,25,20,19,49,3.6566238403320312,65.5,67.0,8.147
1765480132.982228,99,12,12,21,16,3.656017303466797,65.0,66.5,6.16
1765480133.1834116,99,12,12,21,16,3.656017303466797,65.0,66.5,6.16
1765480133.3847892,99,38,34,32,52,3.655426025390625,65.5,66.5,7.459
1765480133.5861745,99,38,34,32,52,3.655426025390625,65.5,66.5,7.459
1765480133.7871292,99,38,34,32,52,3.655426025390625,65.5,66.5,7.459
1765480133.9883146,82,26,24,18,22,3.655963897705078,65.0,67.5,6.0
1765480134.1894598,82,26,24,18,22,3.655963897705078,65.0,67.5,6.0
1765480134.390704,99,20,20,25,57,3.656566619873047,66.0,67.0,7.764
1765480134.5916703,99,20,20,25,57,3.656566619873047,66.0,67.0,7.764
1765480134.7927268,99,20,20,25,57,3.656566619873047,66.0,67.0,7.764
1765480134.9937296,99,16,22,13,17,3.6559295654296875,65.5,66.5,6.778
1765480135.194845,99,16,22,13,17,3.6559295654296875,65.5,66.5,6.778
1765480135.3957877,99,36,60,28,39,3.6558685302734375,66.0,67.0,8.029
1765480135.596776,99,36,60,28,39,3.6558685302734375,66.0,67.0,8.029
1765480135.7978628,99,36,60,28,39,3.6558685302734375,66.0,67.0,8.029
1765480135.9988039,99,16,18,16,10,3.6565399169921875,66.0,67.0,8.029
1765480136.2001061,99,16,18,16,10,3.6565399169921875,66.0,67.0,8.029
1765480136.4012682,99,30,20,49,14,3.655841827392578,65.5,67.5,7.962
1765480136.6022658,99,30,20,49,14,3.655841827392578,65.5,67.5,7.962
1765480136.803418,99,30,20,49,14,3.655841827392578,65.5,67.5,7.962
1765480137.004527,99,20,20,18,16,3.6556015014648438,65.5,66.5,7.273
1765480137.2056103,99,20,20,18,16,3.6556015014648438,65.5,66.5,7.273
1765480137.4066806,99,29,32,50,31,3.656352996826172,65.5,67.0,8.108
1765480137.6076658,99,29,32,50,31,3.656352996826172,65.5,67.0,8.108
1765480137.8086762,99,29,32,50,31,3.656352996826172,65.5,67.0,8.108
1765480138.0097945,99,40,13,8,14,3.656665802001953,66.0,67.0,8.252
1765480138.2109642,99,40,13,8,14,3.656665802001953,66.0,67.0,8.252
1765480138.4122217,99,40,13,8,14,3.656665802001953,66.0,67.0,8.252
1765480138.6136491,99,23,16,26,27,3.65606689453125,65.0,66.5,7.046
1765480138.8146627,99,23,16,26,27,3.65606689453125,65.0,66.5,7.046
1765480139.0157542,99,19,27,47,24,3.6557579040527344,65.5,66.5,7.618
1765480139.2170508,99,19,27,47,24,3.6557579040527344,65.5,66.5,7.618
1765480139.4179902,99,19,27,47,24,3.6557579040527344,65.5,66.5,7.618
1765480139.6193314,99,20,26,21,25,3.6561508178710938,65.5,66.5,6.2
1765480139.8202984,99,20,26,21,25,3.6561508178710938,65.5,66.5,6.2
1765480140.0214863,99,54,18,16,20,3.656299591064453,65.5,66.5,7.618
1765480140.2226763,99,54,18,16,20,3.656299591064453,65.5,66.5,7.618
1765480140.4236627,99,54,18,16,20,3.656299591064453,65.5,66.5,7.618
1765480140.6400645,29,30,22,16,26,3.6560020446777344,65.0,67.0,5.889
1765480140.8420858,29,30,22,16,26,3.6560020446777344,65.0,67.0,5.889
1765480141.04311,99,32,34,28,54,3.655628204345703,65.5,66.5,7.499
1765480141.2442977,99,32,34,28,54,3.655628204345703,65.5,66.5,7.499
1765480141.4452975,99,32,34,28,54,3.655628204345703,65.5,66.5,7.499
1765480141.6463828,99,19,11,18,18,3.6565895080566406,65.5,66.5,7.459
1765480141.8492947,99,19,11,18,18,3.6565895080566406,65.5,66.5,7.459
1765480142.0503886,99,22,17,26,61,3.6556434631347656,65.5,67.0,8.002
1765480142.2514749,99,22,17,26,61,3.6556434631347656,65.5,67.0,8.002
1765480142.452592,99,22,17,26,61,3.6556434631347656,65.5,67.0,8.002
1765480142.653524,99,25,15,20,12,3.6557464599609375,66.0,66.5,7.312
1765480142.8547132,99,25,15,20,12,3.6557464599609375,66.0,66.5,7.312
1765480143.0557957,99,48,41,19,35,3.655872344970703,65.5,67.0,8.029
1765480143.2568283,99,48,41,19,35,3.655872344970703,65.5,67.0,8.029
1765480143.4579225,99,48,41,19,35,3.655872344970703,65.5,67.0,8.029
1765480143.659037,99,16,8,10,14,3.6565322875976562,66.0,67.0,7.962
1765480143.8604937,99,16,8,10,14,3.6565322875976562,66.0,67.0,7.962
1765480144.0615692,99,49,20,20,30,3.6555404663085938,65.5,66.5,7.804
1765480144.2624726,99,49,20,20,30,3.6555404663085938,65.5,66.5,7.804
1765480144.4636135,99,49,20,20,30,3.6555404663085938,65.5,66.5,7.804
1765480144.6645992,99,38,33,25,19,3.6558799743652344,66.0,66.5,7.658
1765480144.8655221,99,38,33,25,19,3.6558799743652344,66.0,66.5,7.658
1765480145.0667236,39,20,22,27,26,3.6558074951171875,65.0,67.0,6.509
1765480145.2678697,39,20,22,27,26,3.6558074951171875,65.0,67.0,6.509
1765480145.4689572,39,20,22,27,26,3.6558074951171875,65.0,67.0,6.509
1765480145.6700432,99,31,51,21,13,3.655689239501953,66.0,66.5,7.38
1765480145.871008,99,31,51,21,13,3.655689239501953,66.0,66.5,7.38
1765480146.0720067,99,21,12,32,16,3.6558380126953125,66.0,66.5,6.049
1765480146.2732272,99,21,12,32,16,3.6558380126953125,66.0,66.5,6.049
1765480146.4743474,99,21,12,32,16,3.6558380126953125,66.0,66.5,6.049
1765480146.6754186,99,35,23,26,58,3.6555099487304688,66.0,66.5,7.312
1765480146.8764954,99,35,23,26,58,3.6555099487304688,66.0,66.5,7.312
1765480147.0775545,0,20,17,20,12,3.6566162109375,65.0,67.0,5.506
1765480147.2831283,0,20,17,20,12,3.6566162109375,65.0,67.0,5.506
1765480147.4841864,0,20,17,20,12,3.6566162109375,65.0,67.0,5.506
1765480147.6850884,99,21,59,27,14,3.6557693481445312,66.0,67.0,7.697
1765480147.8860319,99,21,59,27,14,3.6557693481445312,66.0,67.0,7.697
1765480148.0868914,99,20,16,12,16,3.6556472778320312,65.5,66.5,6.966
1765480148.2877946,99,20,16,12,16,3.6556472778320312,65.5,66.5,6.966
1765480148.4889708,99,20,16,12,16,3.6556472778320312,65.5,66.5,6.966
1765480148.6899376,99,48,31,39,50,3.6561813354492188,66.0,67.0,8.292
1765480148.8911207,99,48,31,39,50,3.6561813354492188,66.0,67.0,8.292
1765480149.0923095,99,14,6,11,8,3.6562538146972656,65.5,67.5,8.371
1765480149.293219,99,14,6,11,8,3.6562538146972656,65.5,67.5,8.371
1765480149.4943514,99,14,6,11,8,3.6562538146972656,65.5,67.5,8.371
1765480149.695579,99,22,59,24,12,3.6561203002929688,65.5,67.0,7.658
1765480149.8966467,99,22,59,24,12,3.6561203002929688,65.5,67.0,7.658
1765480150.097527,99,28,21,19,16,3.6562461853027344,66.0,67.0,7.312
1765480150.2985573,99,28,21,19,16,3.6562461853027344,66.0,67.0,7.312
1765480150.499586,99,28,21,19,16,3.6562461853027344,66.0,67.0,7.312
1765480150.7006917,99,28,34,30,32,3.6570091247558594,65.5,67.5,7.618
1765480150.9017022,99,28,34,30,32,3.6570091247558594,65.5,67.5,7.618
1765480151.1029084,99,28,34,30,32,3.6570091247558594,65.5,67.5,7.618
1765480151.3039865,99,12,10,37,13,3.6561203002929688,66.0,67.0,7.618
1765480151.5048904,99,12,10,37,13,3.6561203002929688,66.0,67.0,7.618
1765480151.7059004,0,19,24,18,15,3.656169891357422,64.5,66.0,5.265
1765480151.9069822,0,19,24,18,15,3.656169891357422,64.5,66.0,5.265
1765480152.1078882,0,19,24,18,15,3.656169891357422,64.5,66.0,5.265
1765480152.3090322,99,64,26,32,28,3.6567306518554688,65.5,67.0,7.352
1765480152.5101771,99,64,26,32,28,3.6567306518554688,65.5,67.0,7.352
1765480152.7111883,82,24,16,20,17,3.6571426391601562,65.0,67.0,5.889
1765480152.9123397,82,24,16,20,17,3.6571426391601562,65.0,67.0,5.889
1765480153.1132758,82,24,16,20,17,3.6571426391601562,65.0,67.0,5.889
1765480153.3144195,99,22,16,22,60,3.6566314697265625,65.5,67.0,7.658
1765480153.5154927,99,22,16,22,60,3.6566314697265625,65.5,67.0,7.658
1765480153.716543,99,22,18,14,12,3.657489776611328,65.5,66.5,6.738
1765480153.9178061,99,22,18,14,12,3.657489776611328,65.5,66.5,6.738
1765480154.118913,99,22,18,14,12,3.657489776611328,65.5,66.5,6.738
1765480154.320061,99,38,37,44,52,3.6575698852539062,66.0,67.5,8.752
1765480154.5211756,99,38,37,44,52,3.6575698852539062,66.0,67.5,8.752
1765480154.7222137,99,12,12,11,13,3.6580238342285156,65.5,67.0,7.962
1765480154.9231966,99,12,12,11,13,3.6580238342285156,65.5,67.0,7.962
1765480155.1241698,99,12,12,11,13,3.6580238342285156,65.5,67.0,7.962
1765480155.3250952,99,29,25,22,63,3.6576805114746094,65.5,67.0,7.843
1765480155.5261757,99,29,25,22,63,3.6576805114746094,65.5,67.0,7.843
1765480155.7272105,98,20,28,21,14,3.6580276489257812,65.5,67.0,7.539
1765480155.9285355,98,20,28,21,14,3.6580276489257812,65.5,67.0,7.539
1765480156.1296563,98,20,28,21,14,3.6580276489257812,65.5,67.0,7.539
1765480156.3307927,99,31,41,20,26,3.659076690673828,66.0,67.0,8.068
1765480156.5316782,99,31,41,20,26,3.659076690673828,66.0,67.0,8.068
1765480156.732849,99,18,31,14,12,3.658172607421875,66.0,66.5,7.764
1765480156.9341986,99,18,31,14,12,3.658172607421875,66.0,66.5,7.764
1765480157.1352072,99,18,31,14,12,3.658172607421875,66.0,66.5,7.764
1765480157.3362837,0,26,35,28,21,3.658672332763672,65.5,66.5,5.577
1765480157.5371969,0,26,35,28,21,3.658672332763672,65.5,66.5,5.577
1765480157.7382205,99,31,18,30,56,3.6589088439941406,65.5,67.0,7.618
1765480157.9392955,99,31,18,30,56,3.6589088439941406,65.5,67.0,7.618
1765480158.1403363,99,31,18,30,56,3.6589088439941406,65.5,67.0,7.618
1765480158.3412359,99,19,13,25,16,3.660064697265625,65.0,67.0,6.589
1765480158.5425103,99,19,13,25,16,3.660064697265625,65.0,67.0,6.589
1765480158.743657,99,23,16,56,22,3.6590538024902344,65.5,66.5,7.085
1765480158.9448133,99,23,16,56,22,3.6590538024902344,65.5,66.5,7.085
1765480159.145856,99,23,16,56,22,3.6590538024902344,65.5,66.5,7.085
1765480159.3467681,99,23,20,18,16,3.6594390869140625,65.5,67.0,5.738
1765480159.5481603,99,23,20,18,16,3.6594390869140625,65.5,67.0,5.738
1765480159.7491024,99,28,28,38,59,3.659931182861328,65.5,67.0,8.213
1765480159.9500604,99,28,28,38,59,3.659931182861328,65.5,67.0,8.213
1765480160.1511335,99,28,28,38,59,3.659931182861328,65.5,67.0,8.213
1765480160.3522022,98,11,6,8,9,3.6593055725097656,65.5,66.5,7.006
1765480160.5537715,98,11,6,8,9,3.6593055725097656,65.5,66.5,7.006
1765480160.7547302,99,33,58,34,26,3.660236358642578,65.5,67.0,8.042
1765480160.955707,99,33,58,34,26,3.660236358642578,65.5,67.0,8.042
1765480161.1567981,99,33,58,34,26,3.660236358642578,65.5,67.0,8.042
1765480161.3577669,98,20,23,17,16,3.6605758666992188,65.5,67.0,7.193
1765480161.5586796,98,20,23,17,16,3.6605758666992188,65.5,67.0,7.193
1765480161.7596657,98,20,23,17,16,3.6605758666992188,65.5,67.0,7.193
1765480161.9606721,99,34,25,40,28,3.661243438720703,65.5,67.5,8.029
1765480162.1616704,99,34,25,40,28,3.661243438720703,65.5,67.5,8.029
1765480162.3627875,99,34,12,14,15,3.660236358642578,65.5,67.0,7.777
1765480162.5638633,99,34,12,14,15,3.660236358642578,65.5,67.0,7.777
1765480162.765052,99,34,12,14,15,3.660236358642578,65.5,67.0,7.777
1765480162.9660294,18,24,24,28,27,3.6609420776367188,65.0,66.5,5.689
1765480163.1670558,18,24,24,28,27,3.6609420776367188,65.0,66.5,5.689
1765480163.3681386,99,19,28,25,58,3.6614112854003906,65.5,66.5,7.273
1765480163.569057,99,19,28,25,58,3.6614112854003906,65.5,66.5,7.273
1765480163.7701151,99,19,28,25,58,3.6614112854003906,65.5,66.5,7.273
1765480163.9716518,99,23,19,13,15,3.6617584228515625,65.0,66.5,6.349
1765480164.1726642,99,23,19,13,15,3.6617584228515625,65.0,66.5,6.349
1765480164.3735383,99,26,63,16,20,3.6613235473632812,65.5,66.5,7.312
1765480164.5746899,99,26,63,16,20,3.6613235473632812,65.5,66.5,7.312
1765480164.7756424,99,26,63,16,20,3.6613235473632812,65.5,66.5,7.312
1765480164.9766715,99,21,18,13,17,3.661792755126953,65.5,66.5,5.658
1765480165.1777325,99,21,18,13,17,3.661792755126953,65.5,66.5,5.658
1765480165.3789256,99,34,35,34,68,3.6623382568359375,65.5,68.0,8.816
1765480165.580174,99,34,35,34,68,3.6623382568359375,65.5,68.0,8.816
1765480165.781235,99,34,35,34,68,3.6623382568359375,65.5,68.0,8.816
1765480165.9822605,98,8,7,9,6,3.661762237548828,65.5,67.0,7.085
1765480166.183297,98,8,7,9,6,3.661762237548828,65.5,67.0,7.085
1765480166.3844316,99,67,28,28,31,3.661907196044922,65.5,67.0,7.697
1765480166.585377,99,67,28,28,31,3.661907196044922,65.5,67.0,7.697
1765480166.7865777,99,67,28,28,31,3.661907196044922,65.5,67.0,7.697
1765480166.9876287,98,26,12,12,21,3.6625137329101562,65.5,67.0,7.273
1765480167.1886587,98,26,12,12,21,3.6625137329101562,65.5,67.0,7.273
1765480167.3898153,99,25,28,28,32,3.6628875732421875,65.5,67.5,8.371
1765480167.5909042,99,25,28,28,32,3.6628875732421875,65.5,67.5,8.371
1765480167.7920804,99,25,28,28,32,3.6628875732421875,65.5,67.5,8.371
1765480167.993242,99,22,30,15,12,3.6623001098632812,66.0,67.0,7.459
1765480168.1941986,99,22,30,15,12,3.6623001098632812,66.0,67.0,7.459
1765480168.3952785,99,31,27,33,26,3.6626014709472656,65.0,67.0,7.273
1765480168.5964417,99,31,27,33,26,3.6626014709472656,65.0,67.0,7.273
1765480168.7973375,99,31,27,33,26,3.6626014709472656,65.0,67.0,7.273
1765480168.9982588,99,24,23,20,50,3.6625022888183594,66.0,67.0,7.962
1765480169.1991515,99,24,23,20,50,3.6625022888183594,66.0,67.0,7.962
1765480169.4003973,99,10,14,10,18,3.663238525390625,65.5,66.5,6.738
1765480169.6014545,99,10,14,10,18,3.663238525390625,65.5,66.5,6.738
1765480169.8025205,99,10,14,10,18,3.663238525390625,65.5,66.5,6.738
1765480170.0036242,99,27,46,32,27,3.6623497009277344,65.5,67.0,7.205
1765480170.2046003,99,27,46,32,27,3.6623497009277344,65.5,67.0,7.205
1765480170.405521,72,18,18,30,19,3.6625709533691406,65.0,66.5,6.12
1765480170.6067266,72,18,18,30,19,3.6625709533691406,65.0,66.5,6.12
1765480170.8077471,72,18,18,30,19,3.6625709533691406,65.0,66.5,6.12
1765480171.008784,99,27,27,43,45,3.6636581420898438,66.0,68.0,8.147
1765480171.2101235,99,27,27,43,45,3.6636581420898438,66.0,68.0,8.147
1765480171.411137,99,11,8,8,11,3.6624794006347656,65.5,66.5,5.617
1765480171.6124322,99,11,8,8,11,3.6624794006347656,65.5,66.5,5.617
1765480171.8134987,99,11,8,8,11,3.6624794006347656,65.5,66.5,5.617
1765480172.0144582,99,59,34,34,26,3.662830352783203,65.5,67.0,7.737
1765480172.2154331,99,59,34,34,26,3.662830352783203,65.5,67.0,7.737
1765480172.4165485,99,59,34,34,26,3.662830352783203,65.5,67.0,7.737
1765480172.6174667,98,20,16,20,20,3.6627120971679688,65.5,67.0,7.193
1765480172.8184636,98,20,16,20,20,3.6627120971679688,65.5,67.0,7.193
1765480173.019405,99,30,26,53,25,3.6632232666015625,66.0,68.0,8.489
1765480173.2206373,99,30,26,53,25,3.6632232666015625,66.0,68.0,8.489
1765480173.4216847,99,30,26,53,25,3.6632232666015625,66.0,68.0,8.489
1765480173.6230526,99,10,10,19,15,3.6622581481933594,65.5,67.0,7.392
1765480173.824047,99,10,10,19,15,3.6622581481933594,65.5,67.0,7.392
1765480174.0252163,99,42,38,34,26,3.6623153686523438,65.5,67.0,7.962
1765480174.2261567,99,42,38,34,26,3.6623153686523438,65.5,67.0,7.962
1765480174.4273274,99,42,38,34,26,3.6623153686523438,65.5,67.0,7.962
1765480174.628273,99,21,39,19,21,3.662933349609375,66.0,67.5,8.371
1765480174.829224,99,21,39,19,21,3.662933349609375,66.0,67.5,8.371
1765480175.0303903,99,16,10,14,28,3.6629486083984375,65.5,66.5,7.153
1765480175.231717,99,16,10,14,28,3.6629486083984375,65.5,66.5,7.153
1765480175.4328053,99,16,10,14,28,3.6629486083984375,65.5,66.5,7.153
1765480175.63411,99,27,30,25,44,3.6624603271484375,66.0,67.0,7.923
1765480175.8350828,99,27,30,25,44,3.6624603271484375,66.0,67.0,7.923
1765480176.0363522,99,23,21,25,16,3.662811279296875,66.0,67.0,6.2
1765480176.237397,99,23,21,25,16,3.662811279296875,66.0,67.0,6.2
1765480176.4384565,99,23,21,25,16,3.662811279296875,66.0,67.0,6.2
1765480176.639637,99,26,57,22,15,3.6634788513183594,65.5,67.5,7.962
1765480176.8408105,99,26,57,22,15,3.6634788513183594,65.5,67.5,7.962
1765480177.0417364,68,14,12,8,23,3.6625747680664062,65.5,67.0,6.049
1765480177.2427814,68,14,12,8,23,3.6625747680664062,65.5,67.0,6.049
1765480177.4437346,68,14,12,8,23,3.6625747680664062,65.5,67.0,6.049
1765480177.6448257,99,34,37,54,25,3.6625747680664062,65.5,67.0,7.352
1765480177.8460157,99,34,37,54,25,3.6625747680664062,65.5,67.0,7.352
1765480178.04698,99,18,14,17,18,3.662311553955078,65.5,66.5,6.24
1765480178.2481287,99,18,14,17,18,3.662311553955078,65.5,66.5,6.24
1765480178.4491448,99,18,14,17,18,3.662311553955078,65.5,66.5,6.24
1765480178.6500905,99,29,62,32,20,3.6630821228027344,65.5,67.5,8.633
1765480178.8512049,99,29,62,32,20,3.6630821228027344,65.5,67.5,8.633
1765480179.0522692,99,12,9,12,8,3.662609100341797,65.5,66.5,7.006
1765480179.2532198,99,12,9,12,8,3.662609100341797,65.5,66.5,7.006
1765480179.4541938,99,12,9,12,8,3.662609100341797,65.5,66.5,7.006
1765480179.6551108,99,39,21,59,36,3.6624832153320312,66.0,68.5,8.108
1765480179.8563166,99,39,21,59,36,3.6624832153320312,66.0,68.5,8.108
1765480180.0573776,99,14,28,23,16,3.6626014709472656,66.0,67.0,7.816
1765480180.2585382,99,14,28,23,16,3.6626014709472656,66.0,67.0,7.816
1765480180.4594793,99,14,28,23,16,3.6626014709472656,66.0,67.0,7.816
1765480180.6610177,99,23,32,28,19,3.6623764038085938,65.5,67.0,7.658
1765480180.861957,99,23,32,28,19,3.6623764038085938,65.5,67.0,7.658
1765480181.0628557,98,14,34,16,22,3.6621856689453125,66.0,67.0,7.697
1765480181.2640681,98,14,34,16,22,3.6621856689453125,66.0,67.0,7.697
1765480181.4649673,98,14,34,16,22,3.6621856689453125,66.0,67.0,7.697
1765480181.6662717,1,28,30,18,30,3.6629562377929688,65.0,67.0,6.089
1765480181.8677754,1,28,30,18,30,3.6629562377929688,65.0,67.0,6.089
1765480182.0687075,99,25,57,26,21,3.6634445190429688,66.0,67.5,8.108
1765480182.2699003,99,25,57,26,21,3.6634445190429688,66.0,67.5,8.108
1765480182.4709623,99,25,57,26,21,3.6634445190429688,66.0,67.5,8.108
1765480182.672128,99,22,14,16,28,3.662761688232422,65.5,67.0,6.28
1765480182.8731668,99,22,14,16,28,3.662761688232422,65.5,67.0,6.28
1765480183.0740936,99,22,14,16,28,3.662761688232422,65.5,67.0,6.28
1765480183.2751317,99,47,34,31,35,3.662677764892578,66.0,67.0,7.352
1765480183.4764302,99,47,34,31,35,3.662677764892578,66.0,67.0,7.352
1765480183.6773658,34,18,23,27,14,3.6627464294433594,65.5,67.5,6.16
1765480183.8783767,34,18,23,27,14,3.6627464294433594,65.5,67.5,6.16
1765480184.0793746,34,18,23,27,14,3.6627464294433594,65.5,67.5,6.16
1765480184.2805626,99,22,65,18,18,3.6640968322753906,65.5,67.5,8.594
1765480184.481708,99,22,65,18,18,3.6640968322753906,65.5,67.5,8.594
1765480184.6825793,98,18,13,15,18,3.6637191772460938,66.0,66.5,6.886
1765480184.889506,98,18,13,15,18,3.6637191772460938,66.0,66.5,6.886
1765480185.0905335,98,18,13,15,18,3.6637191772460938,66.0,66.5,6.886
1765480185.29171,99,31,26,38,61,3.6643218994140625,66.0,67.0,8.147
1765480185.4927297,99,31,26,38,61,3.6643218994140625,66.0,67.0,8.147
1765480185.6937008,99,22,12,17,19,3.6644859313964844,66.0,67.0,8.068
1765480185.8946185,99,22,12,17,19,3.6644859313964844,66.0,67.0,8.068
1765480186.0957174,99,22,12,17,19,3.6644859313964844,66.0,67.0,8.068
1765480186.2966328,99,14,22,26,38,3.6640243530273438,66.0,67.5,8.068
1765480186.4977124,99,14,22,26,38,3.6640243530273438,66.0,67.5,8.068
1765480186.6987634,99,23,21,24,23,3.6640663146972656,65.5,67.0,7.578
1765480186.8996897,99,23,21,24,23,3.6640663146972656,65.5,67.0,7.578
1765480187.100724,99,23,21,24,23,3.6640663146972656,65.5,67.0,7.578
1765480187.301922,99,25,28,35,32,3.6640968322753906,65.5,67.5,6.549
1765480187.5028813,99,25,28,35,32,3.6640968322753906,65.5,67.5,6.549
1765480187.7038517,99,18,25,46,14,3.6651763916015625,66.0,67.5,8.331
1765480187.905183,99,18,25,46,14,3.6651763916015625,66.0,67.5,8.331
1765480188.1061633,99,18,25,46,14,3.6651763916015625,66.0,67.5,8.331
1765480188.3072867,99,10,22,13,12,3.66473388671875,65.5,66.5,6.12
1765480188.5160515,99,10,22,13,12,3.66473388671875,65.5,66.5,6.12
1765480188.717045,99,28,53,35,32,3.664794921875,65.5,66.5,7.233
1765480188.9181192,99,28,53,35,32,3.664794921875,65.5,66.5,7.233
1765480189.1190746,99,28,53,35,32,3.664794921875,65.5,66.5,7.233
1765480189.3201041,0,20,23,25,19,3.665149688720703,65.0,67.5,5.577
1765480189.5212958,0,20,23,25,19,3.665149688720703,65.0,67.5,5.577
1765480189.7223163,99,26,55,22,16,3.6661415100097656,66.0,67.0,7.923
1765480189.923456,99,26,55,22,16,3.6661415100097656,66.0,67.0,7.923
1765480190.124496,99,26,55,22,16,3.6661415100097656,66.0,67.0,7.923
1765480190.3255062,99,21,17,13,15,3.665149688720703,66.0,66.5,7.046
1765480190.526633,99,21,17,13,15,3.665149688720703,66.0,66.5,7.046
1765480190.7277372,99,30,23,36,67,3.6658935546875,66.0,67.0,8.187
1765480190.928648,99,30,23,36,67,3.6658935546875,66.0,67.0,8.187
1765480191.1296403,99,30,23,36,67,3.6658935546875,66.0,67.0,8.187
1765480191.330576,99,16,16,14,14,3.667034149169922,66.0,67.0,8.147
1765480191.531619,99,16,16,14,14,3.667034149169922,66.0,67.0,8.147
1765480191.7325842,99,17,18,27,45,3.6662445068359375,65.5,67.0,7.764
1765480191.9339097,99,17,18,27,45,3.6662445068359375,65.5,67.0,7.764
1765480192.135148,99,17,18,27,45,3.6662445068359375,65.5,67.0,7.764
1765480192.3363492,99,18,23,19,29,3.6664810180664062,66.0,67.0,7.804
1765480192.5373688,99,18,23,19,29,3.6664810180664062,66.0,67.0,7.804
1765480192.7384868,99,28,26,33,27,3.6665802001953125,65.5,67.5,7.046
1765480192.9397383,99,28,26,33,27,3.6665802001953125,65.5,67.5,7.046
1765480193.1407962,99,28,26,33,27,3.6665802001953125,65.5,67.5,7.046
1765480193.3417692,99,50,17,14,21,3.667724609375,66.0,67.0,8.226
1765480193.5427163,99,50,17,14,21,3.667724609375,66.0,67.0,8.226
1765480193.7436013,99,19,12,22,18,3.6668663024902344,65.5,66.5,6.24
1765480193.946385,99,19,12,22,18,3.6668663024902344,65.5,66.5,6.24
1765480194.1477733,99,19,12,22,18,3.6668663024902344,65.5,66.5,6.24
1765480194.3487184,99,36,31,55,24,3.6675758361816406,66.0,66.5,7.312
1765480194.5497308,99,36,31,55,24,3.6675758361816406,66.0,66.5,7.312
1765480194.7505858,48,25,18,21,22,3.667713165283203,65.5,68.0,5.849
1765480194.951651,48,25,18,21,22,3.667713165283203,65.5,68.0,5.849
1765480195.1526248,48,25,18,21,22,3.667713165283203,65.5,68.0,5.849
1765480195.3535945,99,21,23,53,22,3.6674728393554688,66.0,67.0,7.843
1765480195.554552,99,21,23,53,22,3.6674728393554688,66.0,67.0,7.843
1765480195.7555745,99,21,23,53,22,3.6674728393554688,66.0,67.0,7.843
1765480195.9565773,99,16,12,19,19,3.668079376220703,65.5,66.5,7.205
1765480196.157494,99,16,12,19,19,3.668079376220703,65.5,66.5,7.205
1765480196.3583694,99,54,35,30,42,3.66864013671875,66.0,67.0,8.068
1765480196.5594757,99,54,35,30,42,3.66864013671875,66.0,67.0,8.068
1765480196.7607067,99,54,35,30,42,3.66864013671875,66.0,67.0,8.068
1765480196.9618015,99,16,16,12,16,3.669147491455078,66.0,67.5,8.45
1765480197.1628315,99,16,16,12,16,3.669147491455078,66.0,67.5,8.45
1765480197.3640256,99,45,22,31,20,3.6685829162597656,66.0,67.0,7.737
1765480197.5649464,99,45,22,31,20,3.6685829162597656,66.0,67.0,7.737
1765480197.7660375,99,45,22,31,20,3.6685829162597656,66.0,67.0,7.737
1765480197.9671066,99,25,16,16,16,3.6687583923339844,66.0,66.5,7.539
1765480198.1680834,99,25,16,16,16,3.6687583923339844,66.0,66.5,7.539
1765480198.3691497,99,31,30,38,26,3.6692581176757812,65.5,68.0,7.233
1765480198.570083,99,31,30,38,26,3.6692581176757812,65.5,68.0,7.233
1765480198.7711744,99,31,30,38,26,3.6692581176757812,65.5,68.0,7.233
1765480198.972394,99,16,40,10,10,3.6699867248535156,66.0,67.5,8.226
1765480199.1734667,99,16,40,10,10,3.6699867248535156,66.0,67.5,8.226
1765480199.3746636,99,18,24,25,17,3.669342041015625,65.5,66.5,5.858
1765480199.5757775,99,18,24,25,17,3.669342041015625,65.5,66.5,5.858
1765480199.7767673,99,18,24,25,17,3.669342041015625,65.5,66.5,5.858
1765480199.9777296,99,34,53,26,27,3.6692237854003906,65.5,66.5,7.006
1765480200.178643,99,34,53,26,27,3.6692237854003906,65.5,66.5,7.006
1765480200.3795931,43,25,17,28,22,3.670330047607422,65.5,67.0,6.28
1765480200.580566,43,25,17,28,22,3.670330047607422,65.5,67.0,6.28
1765480200.781513,43,25,17,28,22,3.670330047607422,65.5,67.0,6.28
1765480200.982498,99,18,20,56,22,3.6692466735839844,66.0,67.0,7.471
1765480201.1838005,99,18,20,56,22,3.6692466735839844,66.0,67.0,7.471
1765480201.384934,99,18,17,22,14,3.669605255126953,65.5,66.5,5.658
1765480201.5859902,99,18,17,22,14,3.669605255126953,65.5,66.5,5.658
1765480201.7869616,99,18,17,22,14,3.669605255126953,65.5,66.5,5.658
1765480201.9879026,99,53,38,43,35,3.669963836669922,66.0,67.0,7.923
1765480202.188966,99,53,38,43,35,3.669963836669922,66.0,67.0,7.923
1765480202.390035,98,19,17,10,19,3.670124053955078,66.0,67.0,7.618
1765480202.5910347,98,19,17,10,19,3.670124053955078,66.0,67.0,7.618
1765480202.7920349,98,19,17,10,19,3.670124053955078,66.0,67.0,7.618
1765480202.9930649,99,25,21,25,65,3.6696319580078125,66.0,67.0,7.843
1765480203.1940148,99,25,21,25,65,3.6696319580078125,66.0,67.0,7.843
1765480203.395093,99,18,16,22,19,3.6708755493164062,66.0,67.0,7.205
1765480203.5960877,99,18,16,22,19,3.6708755493164062,66.0,67.0,7.205
1765480203.797142,99,18,16,22,19,3.6708755493164062,66.0,67.0,7.205
1765480203.9981587,99,32,32,38,36,3.6712379455566406,66.0,67.5,8.41
1765480204.1992223,99,32,32,38,36,3.6712379455566406,66.0,67.5,8.41
1765480204.4004786,99,8,13,8,29,3.6716384887695312,66.0,67.0,7.658
1765480204.6018915,99,8,13,8,29,3.6716384887695312,66.0,67.0,7.658
1765480204.8028545,99,8,13,8,29,3.6716384887695312,66.0,67.0,7.658
1765480205.0038233,47,28,28,41,31,3.6713104248046875,65.5,66.5,6.049
1765480205.204911,47,28,28,41,31,3.6713104248046875,65.5,66.5,6.049
1765480205.4058661,99,34,19,55,28,3.6719017028808594,66.0,67.0,7.193
1765480205.6070082,99,34,19,55,28,3.6719017028808594,66.0,67.0,7.193
1765480205.8081806,99,34,19,55,28,3.6719017028808594,66.0,67.0,7.193
1765480206.0092301,99,24,27,19,19,3.672260284423828,65.5,67.0,6.2
1765480206.2103877,99,24,27,19,19,3.672260284423828,65.5,67.0,6.2
1765480206.4113276,99,24,27,19,19,3.672260284423828,65.5,67.0,6.2
1765480206.6122909,99,62,23,16,21,3.6717262268066406,66.0,67.0,7.432
1765480206.8135064,99,62,23,16,21,3.6717262268066406,66.0,67.0,7.432
1765480207.014623,99,13,17,10,19,3.6725845336914062,65.5,67.0,6.2
1765480207.2157454,99,13,17,10,19,3.6725845336914062,65.5,67.0,6.2
1765480207.4179885,99,13,17,10,19,3.6725845336914062,65.5,67.0,6.2
1765480207.618913,99,44,28,58,34,3.672760009765625,66.0,67.0,7.962
1765480207.819856,99,44,28,58,34,3.672760009765625,66.0,67.0,7.962
1765480208.0209744,99,11,12,6,8,3.6733970642089844,66.0,67.5,7.843
1765480208.2219186,99,11,12,6,8,3.6733970642089844,66.0,67.5,7.843
1765480208.422955,99,11,12,6,8,3.6733970642089844,66.0,67.5,7.843
1765480208.6242676,99,22,36,55,28,3.67279052734375,66.0,68.5,7.883
1765480208.8255017,99,22,36,55,28,3.67279052734375,66.0,68.5,7.883
1765480209.0265749,98,21,23,21,21,3.673114776611328,66.0,67.0,7.312
1765480209.2344418,98,21,23,21,21,3.673114776611328,66.0,67.0,7.312
1765480209.4357064,98,21,23,21,21,3.673114776611328,66.0,67.0,7.312
1765480209.6368246,99,25,39,31,36,3.6746902465820312,65.5,67.5,7.923
1765480209.8378668,99,25,39,31,36,3.6746902465820312,65.5,67.5,7.923
1765480210.0390275,99,28,12,25,6,3.6739349365234375,66.0,67.0,7.883
1765480210.2400253,99,28,12,25,6,3.6739349365234375,66.0,67.0,7.883
1765480210.4410594,99,28,12,25,6,3.6739349365234375,66.0,67.0,7.883
1765480210.6421301,0,33,17,22,25,3.673542022705078,65.5,67.0,5.273
1765480210.8430634,0,33,17,22,25,3.673542022705078,65.5,67.0,5.273
1765480211.044061,99,21,20,58,20,3.674640655517578,66.0,67.5,7.205
1765480211.2451966,99,21,20,58,20,3.674640655517578,66.0,67.5,7.205
1765480211.4463058,99,21,20,58,20,3.674640655517578,66.0,67.5,7.205
1765480211.6475632,47,22,16,27,19,3.6745681762695312,65.5,67.0,5.929
1765480211.8487644,47,22,16,27,19,3.6745681762695312,65.5,67.0,5.929
1765480212.0497677,99,59,22,21,18,3.6744651794433594,66.0,67.0,7.392
1765480212.25073,99,59,22,21,18,3.6744651794433594,66.0,67.0,7.392
1765480212.4517853,99,59,22,21,18,3.6744651794433594,66.0,67.0,7.392
1765480212.6527715,99,19,18,21,19,3.674846649169922,65.5,67.5,7.017
1765480212.8539426,99,19,18,21,19,3.674846649169922,65.5,67.5,7.017
1765480213.054875,99,56,33,36,36,3.6756515502929688,66.0,67.5,8.41
1765480213.2561023,99,56,33,36,36,3.6756515502929688,66.0,67.5,8.41
1765480213.4573138,99,56,33,36,36,3.6756515502929688,66.0,67.5,8.41
1765480213.6583645,99,13,14,10,6,3.6762237548828125,66.0,67.5,8.187
1765480213.859538,99,13,14,10,6,3.6762237548828125,66.0,67.5,8.187
1765480214.0607328,99,50,30,33,20,3.6757354736328125,65.5,67.0,7.697
1765480214.2620122,99,50,30,33,20,3.6757354736328125,65.5,67.0,7.697
1765480214.4630218,99,50,30,33,20,3.6757354736328125,65.5,67.0,7.697
1765480214.664248,99,28,27,20,22,3.6761703491210938,66.0,67.5,7.432
1765480214.865326,99,28,27,20,22,3.6761703491210938,66.0,67.5,7.432
1765480215.0664947,99,28,27,20,22,3.6761703491210938,66.0,67.5,7.432
1765480215.2675607,99,33,30,28,30,3.6771392822265625,65.5,67.5,7.312
1765480215.4688985,99,33,30,28,30,3.6771392822265625,65.5,67.5,7.312
1765480215.6699307,99,41,10,10,11,3.6762771606445312,65.5,67.0,7.499
1765480215.8709161,99,41,10,10,11,3.6762771606445312,65.5,67.0,7.499
1765480216.071833,99,41,10,10,11,3.6762771606445312,65.5,67.0,7.499
1765480216.2731454,84,14,28,26,21,3.6768722534179688,65.5,67.0,5.546
1765480216.4741807,84,14,28,26,21,3.6768722534179688,65.5,67.0,5.546
1765480216.6753469,99,29,26,30,62,3.6773147583007812,66.0,67.0,7.312
1765480216.8765476,99,29,26,30,62,3.6773147583007812,66.0,67.0,7.312
1765480217.0775054,99,29,26,30,62,3.6773147583007812,66.0,67.0,7.312
1765480217.2784717,56,20,17,17,23,3.67803955078125,65.0,67.5,5.929
1765480217.4798682,56,20,17,17,23,3.67803955078125,65.0,67.5,5.929
1765480217.680984,99,62,18,22,20,3.6769866943359375,66.0,67.5,7.352
1765480217.881889,99,62,18,22,20,3.6769866943359375,66.0,67.5,7.352
1765480218.0829518,99,62,18,22,20,3.6769866943359375,66.0,67.5,7.352
1765480218.2842429,99,21,21,16,16,3.677722930908203,66.0,67.0,6.857
1765480218.4854007,99,21,21,16,16,3.677722930908203,66.0,67.0,6.857
1765480218.686329,99,34,36,34,56,3.6776351928710938,66.0,67.5,8.673
1765480218.8875782,99,34,36,34,56,3.6776351928710938,66.0,67.5,8.673
1765480219.088842,99,34,36,34,56,3.6776351928710938,66.0,67.5,8.673
1765480219.2897892,99,11,7,12,8,3.6783409118652344,66.0,67.5,8.147
1765480219.49087,99,11,7,12,8,3.6783409118652344,66.0,67.5,8.147
1765480219.691758,99,26,24,35,50,3.677715301513672,66.0,67.5,7.883
1765480219.8927426,99,26,24,35,50,3.677715301513672,66.0,67.5,7.883
1765480220.093907,99,26,24,35,50,3.677715301513672,66.0,67.5,7.883
1765480220.2950025,99,36,20,22,14,3.6783523559570312,66.0,67.5,7.923
1765480220.4959812,99,36,20,22,14,3.6783523559570312,66.0,67.5,7.923
1765480220.6971073,99,36,24,22,28,3.6794471740722656,66.0,67.0,7.165
1765480220.8981378,99,36,24,22,28,3.6794471740722656,66.0,67.0,7.165
1765480221.0992563,99,36,24,22,28,3.6794471740722656,66.0,67.0,7.165
1765480221.3008702,99,34,24,14,9,3.6785430908203125,66.0,67.5,7.804
1765480221.50368,99,34,24,14,9,3.6785430908203125,66.0,67.5,7.804
1765480221.705003,99,30,19,18,18,3.679187774658203,66.5,67.0,6.389
1765480221.907081,99,30,19,18,18,3.679187774658203,66.5,67.0,6.389
1765480222.1081495,99,30,19,18,18,3.679187774658203,66.5,67.0,6.389
1765480222.3092961,99,26,28,59,26,3.679607391357422,66.5,67.0,7.392
1765480222.5104494,99,26,28,59,26,3.679607391357422,66.5,67.0,7.392
1765480222.7114651,67,13,20,19,17,3.680004119873047,65.5,67.5,5.969
1765480222.9127364,67,13,20,19,17,3.680004119873047,65.5,67.5,5.969
1765480223.1136985,67,13,20,19,17,3.680004119873047,65.5,67.5,5.969
1765480223.3147612,99,58,22,20,25,3.6793594360351562,66.5,67.5,7.804
1765480223.5157886,99,58,22,20,25,3.6793594360351562,66.5,67.5,7.804
1765480223.716923,99,15,14,21,16,3.6798057556152344,66.0,67.0,6.857
1765480223.9180133,99,15,14,21,16,3.6798057556152344,66.0,67.0,6.857
1765480224.1192164,99,15,14,21,16,3.6798057556152344,66.0,67.0,6.857
1765480224.3205733,99,40,34,54,31,3.680511474609375,66.5,67.5,8.712
1765480224.5268922,99,40,34,54,31,3.680511474609375,66.5,67.5,8.712
1765480224.727858,99,13,8,12,11,3.6806869506835938,66.5,67.0,8.147
1765480224.9289782,99,13,8,12,11,3.6806869506835938,66.5,67.0,8.147
1765480225.1298888,99,13,8,12,11,3.6806869506835938,66.5,67.0,8.147
1765480225.330907,99,34,27,30,54,3.6799774169921875,66.0,67.5,7.764
1765480225.5319886,99,34,27,30,54,3.6799774169921875,66.0,67.5,7.764
1765480225.733044,99,16,26,10,26,3.680095672607422,66.5,67.0,7.432
1765480225.9339595,99,16,26,10,26,3.680095672607422,66.5,67.0,7.432
1765480226.135259,99,16,26,10,26,3.680095672607422,66.5,67.0,7.432
1765480226.3363853,99,24,24,26,36,3.681049346923828,66.0,68.0,7.804
1765480226.5374591,99,24,24,26,36,3.681049346923828,66.0,68.0,7.804
1765480226.7383487,99,25,35,14,12,3.6805267333984375,66.0,67.0,7.764
1765480226.9394064,99,25,35,14,12,3.6805267333984375,66.0,67.0,7.764
1765480227.1403978,99,25,35,14,12,3.6805267333984375,66.0,67.0,7.764
1765480227.3415644,54,18,22,22,38,3.680328369140625,66.0,67.0,6.049
1765480227.5425534,54,18,22,22,38,3.680328369140625,66.0,67.0,6.049
1765480227.7436419,54,18,22,22,38,3.680328369140625,66.0,67.0,6.049
1765480227.9447062,99,26,21,54,28,3.6812171936035156,66.0,67.0,7.392
1765480228.1458056,99,26,21,54,28,3.6812171936035156,66.0,67.0,7.392
1765480228.3470564,99,17,18,17,20,3.6815185546875,66.0,67.0,6.857
1765480228.5483131,99,17,18,17,20,3.6815185546875,66.0,67.0,6.857
1765480228.7494311,99,17,18,17,20,3.6815185546875,66.0,67.0,6.857
1765480228.9504735,99,23,26,23,57,3.681427001953125,66.5,67.0,7.125
1765480229.151437,99,23,26,23,57,3.681427001953125,66.5,67.0,7.125
1765480229.3523927,84,24,23,17,12,3.6809539794921875,66.0,67.0,5.577
1765480229.5533218,84,24,23,17,12,3.6809539794921875,66.0,67.0,5.577
1765480229.754312,84,24,23,17,12,3.6809539794921875,66.0,67.0,5.577
1765480229.9553115,99,32,67,27,31,3.6820411682128906,66.5,67.5,8.791
1765480230.1564467,99,32,67,27,31,3.6820411682128906,66.5,67.5,8.791
1765480230.3573835,98,8,6,10,9,3.6818161010742188,66.0,67.0,6.966
1765480230.558427,98,8,6,10,9,3.6818161010742188,66.0,67.0,6.966
1765480230.7594166,98,8,6,10,9,3.6818161010742188,66.0,67.0,6.966
1765480230.960445,99,31,32,35,59,3.681964874267578,66.0,67.5,7.923
1765480231.1615405,99,31,32,35,59,3.681964874267578,66.0,67.5,7.923
1765480231.3625875,99,23,20,16,23,3.682392120361328,66.0,67.0,7.273
1765480231.5635874,99,23,20,16,23,3.682392120361328,66.0,67.0,7.273
1765480231.7648323,99,23,20,16,23,3.682392120361328,66.0,67.0,7.273
1765480231.9659257,99,34,33,20,30,3.6837844848632812,66.0,67.0,8.305
1765480232.166809,99,34,33,20,30,3.6837844848632812,66.0,67.0,8.305
1765480232.36781,98,16,18,16,31,3.6826553344726562,66.5,67.0,7.697
1765480232.5687766,98,16,18,16,31,3.6826553344726562,66.5,67.0,7.697
1765480232.7697413,98,16,18,16,31,3.6826553344726562,66.5,67.0,7.697
1765480232.9706929,70,25,28,24,34,3.6827659606933594,65.5,67.5,6.28
1765480233.171738,70,25,28,24,34,3.6827659606933594,65.5,67.5,6.28
1765480233.3729653,99,20,22,22,54,3.683338165283203,66.0,67.0,7.471
1765480233.5740352,99,20,22,22,54,3.683338165283203,66.0,67.0,7.471
1765480233.774951,99,20,22,22,54,3.683338165283203,66.0,67.0,7.471
1765480233.9762902,99,25,14,11,10,3.6839447021484375,66.0,66.5,6.629
1765480234.1776407,99,25,14,11,10,3.6839447021484375,66.0,66.5,6.629
1765480234.3787181,99,57,35,29,22,3.6833038330078125,66.0,67.0,7.233
1765480234.579846,99,57,35,29,22,3.6833038330078125,66.0,67.0,7.233
1765480234.780863,99,57,35,29,22,3.6833038330078125,66.0,67.0,7.233
1765480234.9817858,1,20,23,19,21,3.6832237243652344,65.5,66.5,5.305
1765480235.1829495,1,20,23,19,21,3.6832237243652344,65.5,66.5,5.305
1765480235.384071,99,30,39,66,24,3.6850242614746094,66.5,68.0,8.712
1765480235.5852349,99,30,39,66,24,3.6850242614746094,66.5,68.0,8.712
1765480235.7863247,99,30,39,66,24,3.6850242614746094,66.5,68.0,8.712
1765480235.9873002,98,12,8,4,8,3.6839447021484375,66.0,67.0,7.352
1765480236.18832,98,12,8,4,8,3.6839447021484375,66.0,67.0,7.352
1765480236.3893337,99,29,62,21,37,3.6838340759277344,66.0,67.0,8.029
1765480236.5903995,99,29,62,21,37,3.6838340759277344,66.0,67.0,8.029
1765480236.7914348,99,29,62,21,37,3.6838340759277344,66.0,67.0,8.029
1765480236.9925258,99,23,18,18,19,3.6843605041503906,66.5,67.0,7.233
1765480237.1934485,99,23,18,18,19,3.6843605041503906,66.5,67.0,7.233
1765480237.3944747,99,28,18,39,34,3.685131072998047,66.0,67.5,8.187
1765480237.5954766,99,28,18,39,34,3.685131072998047,66.0,67.5,8.187
1765480237.7966843,99,28,18,39,34,3.685131072998047,66.0,67.5,8.187
1765480237.9977927,98,22,14,25,12,3.684864044189453,66.5,67.0,7.42
1765480238.1988842,98,22,14,25,12,3.684864044189453,66.5,67.0,7.42
1765480238.400547,84,30,29,28,33,3.6845054626464844,65.5,67.5,6.818
1765480238.6015944,84,30,29,28,33,3.6845054626464844,65.5,67.5,6.818
1765480238.8026779,84,30,29,28,33,3.6845054626464844,65.5,67.5,6.818
1765480239.0037632,99,56,21,21,24,3.6851730346679688,66.5,67.5,8.147
1765480239.204833,99,56,21,21,24,3.6851730346679688,66.5,67.5,8.147
1765480239.4059317,99,56,21,21,24,3.6851730346679688,66.5,67.5,8.147
1765480239.6071014,99,16,12,8,19,3.6851768493652344,66.0,67.0,6.28
1765480239.8081076,99,16,12,8,19,3.6851768493652344,66.0,67.0,6.28
1765480240.009063,99,35,29,57,26,3.6856918334960938,66.0,66.5,7.312
1765480240.2101579,99,35,29,57,26,3.6856918334960938,66.0,66.5,7.312
1765480240.4112194,99,35,29,57,26,3.6856918334960938,66.0,66.5,7.312
1765480240.6123033,38,20,30,22,12,3.685924530029297,65.5,67.0,5.969
1765480240.8135757,38,20,30,22,12,3.685924530029297,65.5,67.0,5.969
1765480241.0146918,99,28,24,27,60,3.6873626708984375,66.5,68.0,8.45
1765480241.2157428,99,28,24,27,60,3.6873626708984375,66.5,68.0,8.45
1765480241.4172451,99,28,24,27,60,3.6873626708984375,66.5,68.0,8.45
1765480241.6183915,99,8,8,8,9,3.6863937377929688,66.0,67.0,6.937
1765480241.8203022,99,8,8,8,9,3.6863937377929688,66.0,67.0,6.937
1765480242.0216522,99,35,30,22,73,3.686321258544922,66.0,67.0,8.002
1765480242.2229533,99,35,30,22,73,3.686321258544922,66.0,67.0,8.002
1765480242.4243972,99,35,30,22,73,3.686321258544922,66.0,67.0,8.002
1765480242.625364,99,16,23,26,20,3.6869125366210938,66.5,67.0,7.618
1765480242.8285203,99,16,23,26,20,3.6869125366210938,66.5,67.0,7.618
1765480243.029777,99,20,24,20,42,3.6876373291015625,66.0,67.5,8.266
1765480243.2308588,99,20,24,20,42,3.6876373291015625,66.0,67.5,8.266
1765480243.4321842,99,20,24,20,42,3.6876373291015625,66.0,67.5,8.266
1765480243.636398,99,28,16,27,14,3.6871109008789062,66.0,67.0,7.539
1765480243.8378942,99,28,16,27,14,3.6871109008789062,66.0,67.0,7.539
1765480244.0388446,99,30,23,20,34,3.687255859375,66.0,68.5,7.205
1765480244.239983,99,30,23,20,34,3.687255859375,66.0,68.5,7.205
1765480244.4410691,99,30,23,20,34,3.687255859375,66.0,68.5,7.205
1765480244.6421964,99,24,26,56,21,3.6873855590820312,66.5,68.0,8.568
1765480244.8493266,99,24,26,56,21,3.6873855590820312,66.5,68.0,8.568
1765480245.052692,99,17,14,6,22,3.68707275390625,66.0,67.0,6.36
1765480245.2538285,99,17,14,6,22,3.68707275390625,66.0,67.0,6.36
1765480245.4548163,99,17,14,6,22,3.68707275390625,66.0,67.0,6.36
1765480245.6558096,99,50,49,39,34,3.6876869201660156,66.0,67.0,7.539
1765480245.856931,99,50,49,39,34,3.6876869201660156,66.0,67.0,7.539
1765480246.0579357,5,25,17,16,23,3.6876869201660156,65.5,67.5,5.698
1765480246.2589548,5,25,17,16,23,3.6876869201660156,65.5,67.5,5.698
1765480246.460206,5,25,17,16,23,3.6876869201660156,65.5,67.5,5.698
1765480246.6613605,99,26,22,33,62,3.6885108947753906,66.5,68.0,8.555
1765480246.8625047,99,26,22,33,62,3.6885108947753906,66.5,68.0,8.555
1765480247.064582,99,13,8,11,8,3.687641143798828,66.5,66.5,6.977
1765480247.2673159,99,13,8,11,8,3.687641143798828,66.5,66.5,6.977
1765480247.4683661,99,13,8,11,8,3.687641143798828,66.5,66.5,6.977
1765480247.669536,99,29,29,64,38,3.6875953674316406,66.5,67.0,8.081
1765480247.8706067,99,29,29,64,38,3.6875953674316406,66.5,67.0,8.081
1765480248.0716438,99,18,18,12,22,3.687713623046875,66.5,67.0,7.962
1765480248.2726557,99,18,18,12,22,3.687713623046875,66.5,67.0,7.962
1765480248.4737186,99,18,18,12,22,3.687713623046875,66.5,67.0,7.962
1765480248.6744597,99,26,21,32,52,3.6883926391601562,66.5,68.0,8.266
1765480248.8754718,99,26,21,32,52,3.6883926391601562,66.5,68.0,8.266
1765480249.076599,98,17,14,18,19,3.687946319580078,66.5,67.0,7.352
1765480249.2775211,98,17,14,18,19,3.687946319580078,66.5,67.0,7.352
1765480249.478908,98,17,14,18,19,3.687946319580078,66.5,67.0,7.352
1765480249.6801994,99,32,30,42,33,3.6877098083496094,66.0,68.0,7.511
1765480249.8812604,99,32,30,42,33,3.6877098083496094,66.0,68.0,7.511
1765480250.0822113,99,23,46,21,18,3.6884384155273438,66.5,67.5,8.252
1765480250.283179,99,23,46,21,18,3.6884384155273438,66.5,67.5,8.252
1765480250.4841835,99,23,46,21,18,3.6884384155273438,66.5,67.5,8.252
1765480250.6853395,0,26,15,15,12,3.6873207092285156,66.0,67.0,5.617
1765480250.8863115,0,26,15,15,12,3.6873207092285156,66.0,67.0,5.617
1765480251.0872278,99,30,40,39,39,3.6878814697265625,66.5,67.0,7.046
1765480251.2885342,99,30,40,39,39,3.6878814697265625,66.5,67.0,7.046
1765480251.4894722,99,30,40,39,39,3.6878814697265625,66.5,67.0,7.046
1765480251.6907988,99,28,18,24,16,3.6877593994140625,66.0,67.0,6.16
1765480251.8918767,99,28,18,24,16,3.6877593994140625,66.0,67.0,6.16
1765480252.0930586,99,28,18,24,16,3.6877593994140625,66.0,67.0,6.16
1765480252.2941663,99,58,22,24,23,3.6881866455078125,66.5,67.5,7.962
1765480252.4951398,99,58,22,24,23,3.6881866455078125,66.5,67.5,7.962
1765480252.6961672,5,17,16,13,11,3.6879310607910156,66.0,66.5,5.497
1765480252.904555,5,17,16,13,11,3.6879310607910156,66.0,66.5,5.497
1765480253.1054652,5,17,16,13,11,3.6879310607910156,66.0,66.5,5.497
1765480253.3065941,99,53,30,39,34,3.687755584716797,66.5,67.0,7.471
1765480253.5077844,99,53,30,39,34,3.687755584716797,66.5,67.0,7.471
1765480253.7089324,99,16,18,20,26,3.6878585815429688,66.5,67.0,7.499
1765480253.9099555,99,16,18,20,26,3.6878585815429688,66.5,67.0,7.499
1765480254.1110618,99,16,18,20,26,3.6878585815429688,66.5,67.0,7.499
1765480254.3119822,99,23,20,20,57,3.6881103515625,66.5,67.5,8.489
1765480254.5128877,99,23,20,20,57,3.6881103515625,66.5,67.5,8.489
1765480254.7139049,99,19,12,14,15,3.6882095336914062,66.0,67.0,7.392
1765480254.9150321,99,19,12,14,15,3.6882095336914062,66.0,67.0,7.392
1765480255.1161942,99,19,12,14,15,3.6882095336914062,66.0,67.0,7.392
1765480255.3172586,99,41,42,40,22,3.6879234313964844,66.0,67.5,8.002
1765480255.518417,99,41,42,40,22,3.6879234313964844,66.0,67.5,8.002
1765480255.7197373,98,10,16,22,19,3.6885604858398438,66.5,67.5,8.002
1765480255.9206483,98,10,16,22,19,3.6885604858398438,66.5,67.5,8.002
1765480256.1216555,98,10,16,22,19,3.6885604858398438,66.5,67.5,8.002
1765480256.3227003,99,32,23,16,31,3.6878890991210938,66.0,67.0,7.459
1765480256.5236018,99,32,23,16,31,3.6878890991210938,66.0,67.0,7.459
1765480256.7245069,99,20,17,28,40,3.687999725341797,66.5,67.5,7.962
1765480256.9254375,99,20,17,28,40,3.687999725341797,66.5,67.5,7.962
1765480257.126394,99,20,17,28,40,3.687999725341797,66.5,67.5,7.962
1765480257.3275547,99,16,31,28,21,3.6886062622070312,66.5,67.0,6.469
1765480257.5287595,99,16,31,28,21,3.6886062622070312,66.5,67.0,6.469
1765480257.7298925,99,26,23,56,22,3.6898155212402344,66.5,67.5,7.843
1765480257.9310503,99,26,23,56,22,3.6898155212402344,66.5,67.5,7.843
1765480258.1320665,99,26,23,56,22,3.6898155212402344,66.5,67.5,7.843
1765480258.3331037,73,14,12,19,15,3.6891212463378906,66.0,68.0,6.049
1765480258.5341835,73,14,12,19,15,3.6891212463378906,66.0,68.0,6.049
1765480258.7351809,99,36,34,28,45,3.688915252685547,66.5,67.5,7.499
1765480258.9363167,99,36,34,28,45,3.688915252685547,66.5,67.5,7.499
1765480259.1373734,99,36,34,28,45,3.688915252685547,66.5,67.5,7.499
1765480259.3382568,94,18,15,23,17,3.6889991760253906,66.5,67.5,6.818
1765480259.539337,94,18,15,23,17,3.6889991760253906,66.5,67.5,6.818
1765480259.740387,99,18,26,55,23,3.689678192138672,66.0,67.0,7.697
1765480259.9414408,99,18,26,55,23,3.689678192138672,66.0,67.0,7.697
1765480260.142593,99,18,26,55,23,3.689678192138672,66.0,67.0,7.697
1765480260.3436506,98,24,20,20,17,3.6890640258789062,66.5,67.5,7.165
1765480260.5447795,98,24,20,20,17,3.6890640258789062,66.5,67.5,7.165
1765480260.7457547,99,38,34,57,36,3.6890792846679688,66.5,69.0,8.41
1765480260.9466357,99,38,34,57,36,3.6890792846679688,66.5,69.0,8.41
1765480261.1477127,99,38,34,57,36,3.6890792846679688,66.5,69.0,8.41
1765480261.3487024,99,10,14,16,18,3.69036865234375,66.5,68.0,8.187
1765480261.5497284,99,10,14,16,18,3.69036865234375,66.5,68.0,8.187
1765480261.7507055,99,27,22,30,40,3.689300537109375,66.5,67.5,7.843
1765480261.9517205,99,27,22,30,40,3.689300537109375,66.5,67.5,7.843
1765480262.1528554,99,27,22,30,40,3.689300537109375,66.5,67.5,7.843
1765480262.3538053,99,18,20,16,28,3.6895523071289062,66.5,67.0,7.658
1765480262.55488,99,18,20,16,28,3.6895523071289062,66.5,67.0,7.658
1765480262.7562234,99,18,20,16,28,3.6895523071289062,66.5,67.0,7.658
1765480262.9572518,7,26,26,22,33,3.6899795532226562,65.5,67.0,6.049
1765480263.158483,7,26,26,22,33,3.6899795532226562,65.5,67.0,6.049
1765480263.359514,99,19,54,17,19,3.690746307373047,66.5,67.5,7.658
1765480263.5606186,99,19,54,17,19,3.690746307373047,66.5,67.5,7.658
1765480263.761509,99,19,54,17,19,3.690746307373047,66.5,67.5,7.658
1765480263.9625337,99,26,14,14,16,3.6900062561035156,66.0,67.0,6.12
1765480264.1635463,99,26,14,14,16,3.6900062561035156,66.0,67.0,6.12
1765480264.3646386,99,28,31,32,58,3.690479278564453,66.5,67.5,7.165
1765480264.5658278,99,28,31,32,58,3.690479278564453,66.5,67.5,7.165
1765480264.766746,99,28,31,32,58,3.690479278564453,66.5,67.5,7.165
1765480264.9677267,13,19,22,16,20,3.6903457641601562,66.0,67.5,5.889
1765480265.1689405,13,19,22,16,20,3.6903457641601562,66.0,67.5,5.889
1765480265.369997,99,30,16,33,60,3.6906776428222656,66.5,67.5,8.331
1765480265.5709949,99,30,16,33,60,3.6906776428222656,66.5,67.5,8.331
1765480265.7720537,99,30,16,33,60,3.6906776428222656,66.5,67.5,8.331
1765480265.9730756,99,19,16,14,12,3.691181182861328,66.5,67.0,7.085
1765480266.1741366,99,19,16,14,12,3.691181182861328,66.5,67.0,7.085
1765480266.3752124,98,34,39,30,64,3.6915283203125,66.5,67.5,8.226
1765480266.5763807,98,34,39,30,64,3.6915283203125,66.5,67.5,8.226
1765480266.7774882,98,34,39,30,64,3.6915283203125,66.5,67.5,8.226
1765480266.9784923,99,15,10,12,14,3.692108154296875,66.0,67.5,8.331
1765480267.1794596,99,15,10,12,14,3.692108154296875,66.0,67.5,8.331
1765480267.3804777,99,22,24,27,46,3.691883087158203,66.0,68.0,7.962
1765480267.5812986,99,22,24,27,46,3.691883087158203,66.0,68.0,7.962
1765480267.7824104,99,22,24,27,46,3.691883087158203,66.0,68.0,7.962
1765480267.9834294,99,17,31,16,22,3.691791534423828,66.5,67.5,7.618
1765480268.1843975,99,17,31,16,22,3.691791534423828,66.5,67.5,7.618
1765480268.385564,99,44,28,27,28,3.6922950744628906,66.0,68.5,7.432
1765480268.5866306,99,44,28,27,28,3.6922950744628906,66.0,68.5,7.432
1765480268.7875974,99,44,28,27,28,3.6922950744628906,66.0,68.5,7.432
1765480268.9886239,99,8,11,45,19,3.6929664611816406,66.5,67.5,8.187
1765480269.1895642,99,8,11,45,19,3.6929664611816406,66.5,67.5,8.187
1765480269.3905392,99,24,12,23,16,3.6925888061523438,66.0,67.0,6.2
1765480269.5916646,99,24,12,23,16,3.6925888061523438,66.0,67.0,6.2
1765480269.79259,99,24,12,23,16,3.6925888061523438,66.0,67.0,6.2
1765480269.9938908,99,27,59,19,31,3.6925048828125,66.0,67.5,7.352
1765480270.19487,99,27,59,19,31,3.6925048828125,66.0,67.5,7.352
1765480270.3957765,64,14,26,23,24,3.6939849853515625,66.0,67.5,6.089
1765480270.5969994,64,14,26,23,24,3.6939849853515625,66.0,67.5,6.089
1765480270.79796,64,14,26,23,24,3.6939849853515625,66.0,67.5,6.089
1765480270.9988413,99,25,20,56,19,3.6930999755859375,66.5,68.0,8.081
1765480271.20028,99,25,20,56,19,3.6930999755859375,66.5,68.0,8.081
1765480271.4012296,98,16,13,23,16,3.693561553955078,66.5,67.5,7.046
1765480271.6021743,98,16,13,23,16,3.693561553955078,66.5,67.5,7.046
1765480271.8031616,98,16,13,23,16,3.693561553955078,66.5,67.5,7.046
1765480272.0041368,98,37,44,30,53,3.693653106689453,66.5,68.0,8.385
1765480272.2052147,98,37,44,30,53,3.693653106689453,66.5,68.0,8.385
1765480272.4070477,98,37,44,30,53,3.693653106689453,66.5,68.0,8.385
1765480272.6081672,99,16,17,12,6,3.6945152282714844,66.5,67.5,8.226
1765480272.8090715,99,16,17,12,6,3.6945152282714844,66.5,67.5,8.226
1765480273.0101995,99,32,22,25,45,3.6942138671875,66.5,67.5,7.923
1765480273.211142,99,32,22,25,45,3.6942138671875,66.5,67.5,7.923
1765480273.412333,99,32,22,25,45,3.6942138671875,66.5,67.5,7.923
1765480273.613292,99,20,20,37,16,3.6941757202148438,66.0,67.5,7.737
1765480273.8141994,99,20,20,37,16,3.6941757202148438,66.0,67.5,7.737
1765480274.0153086,99,22,34,36,28,3.6943397521972656,66.0,68.0,8.002
1765480274.2163968,99,22,34,36,28,3.6943397521972656,66.0,68.0,8.002
1765480274.4177685,99,22,34,36,28,3.6943397521972656,66.0,68.0,8.002
1765480274.6188867,99,21,36,14,20,3.6959075927734375,66.5,68.5,8.568
1765480274.819993,99,21,36,14,20,3.6959075927734375,66.5,68.5,8.568
1765480275.0211952,84,33,18,26,32,3.693927764892578,65.5,67.5,6.509
1765480275.2222755,84,33,18,26,32,3.693927764892578,65.5,67.5,6.509
1765480275.423364,84,33,18,26,32,3.693927764892578,65.5,67.5,6.509
1765480275.6243427,99,54,22,22,22,3.694324493408203,66.5,67.5,7.618
1765480275.8252904,99,54,22,22,22,3.694324493408203,66.5,67.5,7.618
1765480276.0261648,99,25,19,21,21,3.6949081420898438,66.0,67.5,6.698
1765480276.22719,99,25,19,21,21,3.6949081420898438,66.0,67.5,6.698
1765480276.4285128,99,25,19,21,21,3.6949081420898438,66.0,67.5,6.698
1765480276.6294692,99,25,20,19,56,3.6940536499023438,66.5,68.0,7.233
1765480276.830597,99,25,20,19,56,3.6940536499023438,66.5,68.0,7.233
1765480277.0318577,42,27,20,10,15,3.6944961547851562,66.0,67.0,5.345
1765480277.2337537,42,27,20,10,15,3.6944961547851562,66.0,67.0,5.345
1765480277.434854,42,27,20,10,15,3.6944961547851562,66.0,67.0,5.345
1765480277.635776,99,33,39,46,45,3.694965362548828,66.5,68.0,8.292
1765480277.8365917,99,33,39,46,45,3.694965362548828,66.5,68.0,8.292
1765480278.037626,99,12,10,10,10,3.6961936950683594,66.0,68.0,7.618
1765480278.2386506,99,12,10,10,10,3.6961936950683594,66.0,68.0,7.618
1765480278.4404294,99,12,10,10,10,3.6961936950683594,66.0,68.0,7.618
1765480278.6415267,99,22,28,58,34,3.6951370239257812,66.5,68.5,8.226
1765480278.8425884,99,22,28,58,34,3.6951370239257812,66.5,68.5,8.226
1765480279.0435512,99,21,18,20,17,3.6955528259277344,66.5,67.0,7.38
1765480279.2447064,99,21,18,20,17,3.6955528259277344,66.5,67.0,7.38
1765480279.4458392,99,21,18,20,17,3.6955528259277344,66.5,67.0,7.38
1765480279.6469417,99,39,43,28,26,3.6959381103515625,66.5,68.5,8.292
1765480279.8480992,99,39,43,28,26,3.6959381103515625,66.5,68.5,8.292
1765480280.0491612,99,39,43,28,26,3.6959381103515625,66.5,68.5,8.292
1765480280.250097,99,15,30,12,10,3.6958084106445312,66.5,67.5,7.618
1765480280.4513156,99,15,30,12,10,3.6958084106445312,66.5,67.5,7.618
1765480280.6526158,99,36,22,33,22,3.6959190368652344,66.0,68.5,7.193
1765480280.8536842,99,36,22,33,22,3.6959190368652344,66.0,68.5,7.193
1765480281.0547452,99,36,22,33,22,3.6959190368652344,66.0,68.5,7.193
1765480281.2559054,99,16,20,48,13,3.696422576904297,66.5,67.5,7.658
1765480281.4571412,99,16,20,48,13,3.696422576904297,66.5,67.5,7.658
1765480281.6587849,99,25,28,21,23,3.6973800659179688,66.0,67.5,6.857
1765480281.8601313,99,25,28,21,23,3.6973800659179688,66.0,67.5,6.857
1765480282.062118,99,25,28,21,23,3.6973800659179688,66.0,67.5,6.857
1765480282.263294,99,58,16,14,15,3.6968002319335938,66.5,67.5,7.165
1765480282.464503,99,58,16,14,15,3.6968002319335938,66.5,67.5,7.165
1765480282.6654918,0,18,22,16,20,3.697296142578125,66.0,68.0,5.385
1765480282.8664756,0,18,22,16,20,3.697296142578125,66.0,68.0,5.385
1765480283.0675535,0,18,22,16,20,3.697296142578125,66.0,68.0,5.385
1765480283.2685664,99,27,49,51,28,3.697589874267578,66.5,67.5,8.345
1765480283.4696121,99,27,49,51,28,3.697589874267578,66.5,67.5,8.345
1765480283.6708908,98,10,14,13,8,3.6984481811523438,66.5,67.5,7.578
1765480283.8720527,98,10,14,13,8,3.6984481811523438,66.5,67.5,7.578
1765480284.0731707,98,10,14,13,8,3.6984481811523438,66.5,67.5,7.578
1765480284.274393,99,29,25,60,31,3.6977500915527344,66.5,68.5,8.187
1765480284.4755177,99,29,25,60,31,3.6977500915527344,66.5,68.5,8.187
1765480284.6765463,99,19,24,20,17,3.6984024047851562,66.5,67.5,7.046
1765480284.877526,99,19,24,20,17,3.6984024047851562,66.5,67.5,7.046
1765480285.0786867,99,19,24,20,17,3.6984024047851562,66.5,67.5,7.046
1765480285.2797394,99,42,28,28,35,3.6994247436523438,66.5,68.0,8.266
1765480285.4807098,99,42,28,28,35,3.6994247436523438,66.5,68.0,8.266
1765480285.6818056,99,17,12,11,30,3.6983261108398438,66.5,67.5,7.578
1765480285.8827047,99,17,12,11,30,3.6983261108398438,66.5,67.5,7.578
1765480286.0837088,99,17,12,11,30,3.6983261108398438,66.5,67.5,7.578
1765480286.2846894,74,30,32,19,23,3.6987991333007812,65.5,69.0,6.12
1765480286.4857924,74,30,32,19,23,3.6987991333007812,65.5,69.0,6.12
1765480286.6868567,99,20,30,56,22,3.6990127563476562,66.5,67.5,7.193
1765480286.8880806,99,20,30,56,22,3.6990127563476562,66.5,67.5,7.193
1765480287.0891905,99,20,30,56,22,3.6990127563476562,66.5,67.5,7.193
1765480287.2901704,99,18,12,14,26,3.6999664306640625,66.5,67.5,6.669
1765480287.4915595,99,18,12,14,26,3.6999664306640625,66.5,67.5,6.669
1765480287.6931274,99,63,19,22,18,3.6996803283691406,66.5,67.5,7.352
1765480287.89431,99,63,19,22,18,3.6996803283691406,66.5,67.5,7.352
1765480288.09526,99,63,19,22,18,3.6996803283691406,66.5,67.5,7.352
1765480288.2965028,99,10,15,20,16,3.700153350830078,66.0,67.0,6.857
1765480288.4974897,99,10,15,20,16,3.700153350830078,66.0,67.0,6.857
1765480288.6987987,99,32,41,41,51,3.7004661560058594,66.5,67.5,8.489
1765480288.900059,99,32,41,41,51,3.7004661560058594,66.5,67.5,8.489
1765480289.1012459,99,32,41,41,51,3.7004661560058594,66.5,67.5,8.489
1765480289.3023567,99,15,12,10,12,3.700702667236328,66.5,67.0,8.305
1765480289.5034764,99,15,12,10,12,3.700702667236328,66.5,67.0,8.305
1765480289.7044556,99,53,24,22,22,3.7007179260253906,66.5,68.0,7.618
1765480289.9053957,99,53,24,22,22,3.7007179260253906,66.5,68.0,7.618
1765480290.1064017,99,53,24,22,22,3.7007179260253906,66.5,68.0,7.618
1765480290.3073742,99,27,23,21,16,3.7008628845214844,66.5,67.5,7.499
1765480290.5083337,99,27,23,21,16,3.7008628845214844,66.5,67.5,7.499
1765480290.7095115,99,27,23,21,16,3.7008628845214844,66.5,67.5,7.499
1765480290.910642,99,40,32,22,31,3.7023582458496094,66.5,68.5,7.618
1765480291.1116002,99,40,32,22,31,3.7023582458496094,66.5,68.5,7.618
1765480291.3126273,99,14,14,14,38,3.7012481689453125,66.5,67.5,7.459
1765480291.5135462,99,14,14,14,38,3.7012481689453125,66.5,67.5,7.459
1765480291.7144604,99,14,14,14,38,3.7012481689453125,66.5,67.5,7.459
1765480291.9154618,81,27,25,16,22,3.701801300048828,66.5,67.5,5.738
1765480292.116582,81,27,25,16,22,3.701801300048828,66.5,67.5,5.738
1765480292.3179462,99,28,60,23,25,3.7015647888183594,66.5,67.5,7.312
1765480292.5190227,99,28,60,23,25,3.7015647888183594,66.5,67.5,7.312
1765480292.7200255,99,28,60,23,25,3.7015647888183594,66.5,67.5,7.312
1765480292.9211397,31,18,22,16,15,3.7027664184570312,66.0,68.0,5.778
1765480293.12219,31,18,22,16,15,3.7027664184570312,66.0,68.0,5.778
1765480293.322931,99,25,26,18,58,3.7022171020507812,66.5,68.0,7.392
1765480293.5240312,99,25,26,18,58,3.7022171020507812,66.5,68.0,7.392
1765480293.7249973,99,25,26,18,58,3.7022171020507812,66.5,68.0,7.392
1765480293.9258635,93,17,21,14,12,3.7022743225097656,66.5,67.0,6.589
1765480294.1271324,93,17,21,14,12,3.7022743225097656,66.5,67.0,6.589
1765480294.328304,99,51,37,32,40,3.7026290893554688,66.5,68.0,8.647
1765480294.529482,99,51,37,32,40,3.7026290893554688,66.5,68.0,8.647
1765480294.730651,99,51,37,32,40,3.7026290893554688,66.5,68.0,8.647
1765480294.931562,99,17,8,6,13,3.7027015686035156,66.5,68.0,7.843
1765480295.1326041,99,17,8,6,13,3.7027015686035156,66.5,68.0,7.843
1765480295.333789,99,26,35,26,54,3.702911376953125,66.5,67.5,7.697
1765480295.534864,99,26,35,26,54,3.702911376953125,66.5,67.5,7.697
1765480295.7360291,99,26,35,26,54,3.702911376953125,66.5,67.5,7.697
1765480295.9371412,99,22,19,24,26,3.703155517578125,66.5,67.5,7.511
1765480296.138243,99,22,19,24,26,3.703155517578125,66.5,67.5,7.511
1765480296.3395135,99,32,26,29,22,3.7041893005371094,66.0,68.0,7.843
1765480296.5405037,99,32,26,29,22,3.7041893005371094,66.0,68.0,7.843
1765480296.7416408,99,32,26,29,22,3.7041893005371094,66.0,68.0,7.843
1765480296.9428327,99,18,16,34,17,3.7035446166992188,66.5,68.0,7.685
1765480297.1438425,99,18,16,34,17,3.7035446166992188,66.5,68.0,7.685
1765480297.3451054,99,37,26,16,16,3.7041053771972656,66.0,67.0,5.778
1765480297.546276,99,37,26,16,16,3.7041053771972656,66.0,67.0,5.778
1765480297.7473543,99,37,26,16,16,3.7041053771972656,66.0,67.0,5.778
1765480297.9484966,99,30,60,23,27,3.704113006591797,66.5,68.0,7.539
1765480298.1495771,99,30,60,23,27,3.704113006591797,66.5,68.0,7.539
1765480298.350503,38,10,14,14,18,3.7054824829101562,66.0,68.0,6.16
1765480298.5515018,38,10,14,14,18,3.7054824829101562,66.0,68.0,6.16
1765480298.7524276,38,10,14,14,18,3.7054824829101562,66.0,68.0,6.16
1765480298.9534712,99,22,25,62,23,3.704254150390625,67.0,67.5,7.312
1765480299.1553743,99,22,25,62,23,3.704254150390625,67.0,67.5,7.312
1765480299.3564262,93,23,19,10,18,3.7044105529785156,66.0,67.5,6.2
1765480299.5575218,93,23,19,10,18,3.7044105529785156,66.0,67.5,6.2
1765480299.7586424,93,23,19,10,18,3.7044105529785156,66.0,67.5,6.2
1765480299.9597363,99,37,60,27,36,3.7038497924804688,67.0,68.5,8.791
1765480300.1607184,99,37,60,27,36,3.7038497924804688,67.0,68.5,8.791
1765480300.3618937,99,11,6,8,7,3.703784942626953,67.0,67.5,7.046
1765480300.5628808,99,11,6,8,7,3.703784942626953,67.0,67.5,7.046
1765480300.7640977,99,11,6,8,7,3.703784942626953,67.0,67.5,7.046
1765480300.9650197,99,33,30,62,27,3.7042160034179688,66.5,68.5,7.923
1765480301.1661143,99,33,30,62,27,3.7042160034179688,66.5,68.5,7.923
1765480301.367266,99,18,17,22,19,3.7041702270507812,66.5,68.0,7.539
1765480301.5683045,99,18,17,22,19,3.7041702270507812,66.5,68.0,7.539
1765480301.7763295,99,18,17,22,19,3.7041702270507812,66.5,68.0,7.539
1765480301.9773314,99,27,20,28,28,3.7049102783203125,66.5,68.0,8.266
1765480302.1783326,99,27,20,28,28,3.7049102783203125,66.5,68.0,8.266
1765480302.379318,99,22,36,16,17,3.7039260864257812,66.5,68.0,7.539
1765480302.580554,99,22,36,16,17,3.7039260864257812,66.5,68.0,7.539
1765480302.7814739,99,22,36,16,17,3.7039260864257812,66.5,68.0,7.539
1765480302.9825487,87,18,26,25,39,3.7039947509765625,66.0,67.5,6.578
1765480303.1835258,87,18,26,25,39,3.7039947509765625,66.0,67.5,6.578
1765480303.3846073,87,18,26,25,39,3.7039947509765625,66.0,67.5,6.578
1765480303.585723,99,23,14,20,50,3.704601287841797,67.0,67.5,7.764
1765480303.7866755,99,23,14,20,50,3.704601287841797,67.0,67.5,7.764
1765480303.9878647,99,14,22,12,10,3.7049331665039062,66.5,67.0,6.549
1765480304.1890545,99,14,22,12,10,3.7049331665039062,66.5,67.0,6.549
1765480304.390007,99,14,22,12,10,3.7049331665039062,66.5,67.0,6.549
1765480304.5910587,99,27,26,55,37,3.703777313232422,66.5,67.5,7.471
1765480304.7922776,99,27,26,55,37,3.703777313232422,66.5,67.5,7.471
1765480304.9932501,20,30,24,22,25,3.704456329345703,66.0,68.0,5.849
1765480305.1943243,20,30,24,22,25,3.704456329345703,66.0,68.0,5.849
1765480305.3952434,20,30,24,22,25,3.704456329345703,66.0,68.0,5.849
1765480305.59634,99,28,30,28,60,3.7052574157714844,66.5,68.5,8.489
1765480305.7974627,99,28,30,28,60,3.7052574157714844,66.5,68.5,8.489
1765480306.001122,99,10,4,6,9,3.7041778564453125,66.5,67.5,6.937
1765480306.2022922,99,10,4,6,9,3.7041778564453125,66.5,67.5,6.937
1765480306.4034076,99,10,4,6,9,3.7041778564453125,66.5,67.5,6.937
1765480306.6044874,98,33,26,67,27,3.7042808532714844,67.0,68.5,8.226
1765480306.8057163,98,33,26,67,27,3.7042808532714844,67.0,68.5,8.226
1765480307.006794,99,25,17,23,16,3.704090118408203,67.0,68.0,7.658
1765480307.2077386,99,25,17,23,16,3.704090118408203,67.0,68.0,7.658
1765480307.4085789,99,25,17,23,16,3.704090118408203,67.0,68.0,7.658
1765480307.609491,99,38,22,32,32,3.704906463623047,66.5,68.5,8.45
1765480307.8105237,99,38,22,32,32,3.704906463623047,66.5,68.5,8.45
1765480308.0116184,99,27,21,18,22,3.704193115234375,66.5,68.0,8.081
1765480308.2125533,99,27,21,18,22,3.704193115234375,66.5,68.0,8.081
1765480308.41394,99,27,21,18,22,3.704193115234375,66.5,68.0,8.081
1765480308.615035,99,38,29,30,43,3.7047691345214844,66.0,68.0,7.312
1765480308.81628,99,38,29,30,43,3.7047691345214844,66.0,68.0,7.312
1765480309.0174203,99,54,20,16,22,3.7053909301757812,67.0,68.0,8.187
1765480309.21848,99,54,20,16,22,3.7053909301757812,67.0,68.0,8.187
1765480309.4193969,99,54,20,16,22,3.7053909301757812,67.0,68.0,8.187
1765480309.6207263,99,11,19,16,13,3.705005645751953,66.5,67.5,6.818
1765480309.8218462,99,11,19,16,13,3.705005645751953,66.5,67.5,6.818
1765480310.0228157,99,28,26,56,28,3.704975128173828,66.5,68.0,7.273
1765480310.2237968,99,28,26,56,28,3.704975128173828,66.5,68.0,7.273
1765480310.424875,99,28,26,56,28,3.704975128173828,66.5,68.0,7.273
1765480310.6259725,99,12,16,20,30,3.7058067321777344,66.0,68.0,5.889
1765480310.8270407,99,12,16,20,30,3.7058067321777344,66.0,68.0,5.889
1765480311.028245,99,30,60,32,28,3.70672607421875,67.0,68.0,8.331
1765480311.2293625,99,30,60,32,28,3.70672607421875,67.0,68.0,8.331
1765480311.4304082,99,30,60,32,28,3.70672607421875,67.0,68.0,8.331
1765480311.6313508,99,10,8,9,8,3.7061004638671875,66.5,67.5,6.818
1765480311.8327024,99,10,8,9,8,3.7061004638671875,66.5,67.5,6.818
1765480312.0336888,98,69,30,25,36,3.7066612243652344,66.5,68.5,8.068
1765480312.2346923,98,69,30,25,36,3.7066612243652344,66.5,68.5,8.068
1765480312.4356043,98,69,30,25,36,3.7066612243652344,66.5,68.5,8.068
1765480312.6365564,99,23,16,23,20,3.706684112548828,66.5,67.5,7.843
1765480312.8374815,99,23,16,23,20,3.706684112548828,66.5,67.5,7.843
1765480313.0386825,99,23,16,23,20,3.706684112548828,66.5,67.5,7.843
1765480313.239881,99,18,50,20,18,3.7077102661132812,66.5,68.0,8.187
1765480313.441004,99,18,50,20,18,3.7077102661132812,66.5,68.0,8.187
1765480313.642179,98,30,14,14,21,3.7073631286621094,67.0,67.5,7.392
1765480313.8430886,98,30,14,14,21,3.7073631286621094,67.0,67.5,7.392
1765480314.0441873,98,30,14,14,21,3.7073631286621094,67.0,67.5,7.392
1765480314.2451649,99,38,32,28,22,3.7074851989746094,66.5,68.0,6.698
1765480314.446264,99,38,32,28,22,3.7074851989746094,66.5,68.0,6.698
1765480314.647367,99,21,22,12,57,3.707763671875,67.0,68.0,8.147
1765480314.8487656,99,21,22,12,57,3.707763671875,67.0,68.0,8.147
1765480315.0497272,99,21,22,12,57,3.707763671875,67.0,68.0,8.147
1765480315.2507658,99,20,10,8,6,3.707538604736328,66.5,68.0,6.2
1765480315.4518542,99,20,10,8,6,3.707538604736328,66.5,68.0,6.2
1765480315.6528926,99,56,29,32,31,3.707836151123047,66.5,67.5,7.312
1765480315.8540766,99,56,29,32,31,3.707836151123047,66.5,67.5,7.312
1765480316.0551004,99,56,29,32,31,3.707836151123047,66.5,67.5,7.312
1765480316.2563198,93,20,17,29,14,3.707836151123047,66.0,68.0,5.969
1765480316.457533,93,20,17,29,14,3.707836151123047,66.0,68.0,5.969
1765480316.6585112,99,28,28,23,58,3.7087059020996094,66.5,69.0,8.305
1765480316.8595588,99,28,28,23,58,3.7087059020996094,66.5,69.0,8.305
1765480317.0605881,99,28,28,23,58,3.7087059020996094,66.5,69.0,8.305
1765480317.261671,99,10,10,6,13,3.7077369689941406,66.5,67.0,5.929
1765480317.462625,99,10,10,6,13,3.7077369689941406,66.5,67.0,5.929
1765480317.6635957,99,32,63,40,22,3.7085189819335938,66.5,67.5,7.658
1765480317.8646863,99,32,63,40,22,3.7085189819335938,66.5,67.5,7.658
1765480318.0657425,99,32,63,40,22,3.7085189819335938,66.5,67.5,7.658
1765480318.2666605,99,28,18,14,19,3.708251953125,66.5,67.5,7.312
1765480318.4678416,99,28,18,14,19,3.708251953125,66.5,67.5,7.312
1765480318.6690798,99,55,24,25,26,3.7091903686523438,67.0,68.5,8.489
1765480318.8699203,99,55,24,25,26,3.7091903686523438,67.0,68.5,8.489
1765480319.0709999,99,55,24,25,26,3.7091903686523438,67.0,68.5,8.489
1765480319.272053,99,32,28,30,27,3.7110633850097656,67.0,68.5,8.108
1765480319.4731345,99,32,28,30,27,3.7110633850097656,67.0,68.5,8.108
1765480319.675149,0,46,39,46,34,3.697845458984375,65.5,67.5,4.401
1765480319.8764622,0,46,39,46,34,3.697845458984375,65.5,67.5,4.401
1765480320.077551,0,46,39,46,34,3.697845458984375,65.5,67.5,4.401
1765480320.2788925,99,59,44,45,78,3.6998825073242188,67.0,68.5,9.092
1765480320.4800327,99,59,44,45,78,3.6998825073242188,67.0,68.5,9.092
1765480320.6809835,99,14,18,21,96,3.6858291625976562,66.5,68.0,8.147
1765480320.8829303,99,14,18,21,96,3.6858291625976562,66.5,68.0,8.147
1765480321.084194,99,14,18,21,96,3.6858291625976562,66.5,68.0,8.147
1765480321.2851841,99,74,44,48,48,3.6850852966308594,66.5,68.0,7.804
1765480321.4862323,99,74,44,48,48,3.6850852966308594,66.5,68.0,7.804
1765480321.687289,99,28,19,18,25,3.685302734375,66.5,67.5,7.392
1765480321.8882852,99,28,19,18,25,3.685302734375,66.5,67.5,7.392
1765480322.08929,99,28,19,18,25,3.685302734375,66.5,67.5,7.392
1765480322.2905624,99,27,44,20,24,3.6863555908203125,66.5,68.0,8.187
1765480322.4915812,99,27,44,20,24,3.6863555908203125,66.5,68.0,8.187
1765480322.6926053,98,21,16,32,10,3.6855621337890625,66.5,67.5,7.511
1765480322.893677,98,21,16,32,10,3.6855621337890625,66.5,67.5,7.511
1765480323.09464,98,21,16,32,10,3.6855621337890625,66.5,67.5,7.511
1765480323.2966304,99,25,24,24,33,3.6857681274414062,66.0,68.0,6.618
1765480323.497741,99,25,24,24,33,3.6857681274414062,66.0,68.0,6.618
1765480323.6988807,99,26,23,24,56,3.6857681274414062,67.0,68.0,7.989
1765480323.89983,99,26,23,24,56,3.6857681274414062,67.0,68.0,7.989
1765480324.1008165,99,26,23,24,56,3.6857681274414062,67.0,68.0,7.989
1765480324.302064,99,6,12,15,15,3.6857261657714844,66.5,67.5,6.309
1765480324.5036101,99,6,12,15,15,3.6857261657714844,66.5,67.5,6.309
1765480324.704566,99,40,26,39,43,3.6857948303222656,67.0,67.5,7.205
1765480324.9055774,99,40,26,39,43,3.6857948303222656,67.0,67.5,7.205
1765480325.106463,99,40,26,39,43,3.6857948303222656,67.0,67.5,7.205
1765480325.3074484,78,17,26,29,14,3.6857643127441406,66.5,68.0,6.16
1765480325.508435,78,17,26,29,14,3.6857643127441406,66.5,68.0,6.16
1765480325.709377,78,17,26,29,14,3.6857643127441406,66.5,68.0,6.16
1765480325.9107296,99,61,36,20,18,3.6870079040527344,66.5,68.0,8.108
1765480326.1119769,99,61,36,20,18,3.6870079040527344,66.5,68.0,8.108
1765480326.3129451,99,14,9,6,8,3.6860580444335938,66.5,67.5,6.778
1765480326.514568,99,14,9,6,8,3.6860580444335938,66.5,67.5,6.778
1765480326.7157652,99,14,9,6,8,3.6860580444335938,66.5,67.5,6.778
1765480326.916874,98,33,34,64,34,3.6859779357910156,67.0,68.0,8.187
1765480327.1180122,98,33,34,64,34,3.6859779357910156,67.0,68.0,8.187
1765480327.3189063,99,25,14,22,17,3.686328887939453,66.5,67.5,7.658
1765480327.5198114,99,25,14,22,17,3.686328887939453,66.5,67.5,7.658
1765480327.7225704,99,25,14,22,17,3.686328887939453,66.5,67.5,7.658
1765480327.923769,99,24,50,16,28,3.6872177124023438,66.5,68.5,8.45
1765480328.125042,99,24,50,16,28,3.6872177124023438,66.5,68.5,8.45
1765480328.326133,98,25,12,14,19,3.686695098876953,66.5,67.5,7.352
1765480328.5272381,98,25,12,14,19,3.686695098876953,66.5,67.5,7.352
1765480328.728519,98,25,12,14,19,3.686695098876953,66.5,67.5,7.352
1765480328.9295514,99,27,30,28,46,3.6870765686035156,66.0,68.0,7.312
1765480329.130452,99,27,30,28,46,3.6870765686035156,66.0,68.0,7.312
1765480329.331466,99,25,40,20,23,3.6869659423828125,67.0,68.0,8.489
1765480329.5324488,99,25,40,20,23,3.6869659423828125,67.0,68.0,8.489
1765480329.7334466,99,25,40,20,23,3.6869659423828125,67.0,68.0,8.489
1765480329.9345498,12,14,23,13,15,3.6864013671875,66.5,67.5,5.466
1765480330.1354835,12,14,23,13,15,3.6864013671875,66.5,67.5,5.466
1765480330.3364356,99,38,28,56,26,3.6870803833007812,66.5,67.5,7.273
1765480330.5376341,99,38,28,56,26,3.6870803833007812,66.5,67.5,7.273
1765480330.7386162,99,38,28,56,26,3.6870803833007812,66.5,67.5,7.273
1765480330.9398177,71,24,20,26,24,3.68731689453125,66.5,68.0,5.969
1765480331.1410403,71,24,20,26,24,3.68731689453125,66.5,68.0,5.969
1765480331.3420098,99,23,30,60,16,3.691131591796875,66.5,68.0,8.002
1765480331.5431058,99,23,30,60,16,3.691131591796875,66.5,68.0,8.002
1765480331.7445388,99,23,30,60,16,3.691131591796875,66.5,68.0,8.002
1765480331.9455526,94,9,12,16,12,3.6903762817382812,66.5,67.5,6.589
1765480332.1467826,94,9,12,16,12,3.6903762817382812,66.5,67.5,6.589
1765480332.3477578,99,36,32,40,66,3.6905059814453125,66.5,68.5,8.529
1765480332.548786,99,36,32,40,66,3.6905059814453125,66.5,68.5,8.529
1765480332.749885,99,36,32,40,66,3.6905059814453125,66.5,68.5,8.529
1765480332.950944,99,14,12,16,14,3.6907310485839844,66.5,67.5,7.816
1765480333.152316,99,14,12,16,14,3.6907310485839844,66.5,67.5,7.816
1765480333.3534482,99,25,21,18,46,3.6904525756835938,66.5,68.5,8.147
1765480333.554602,99,25,21,18,46,3.6904525756835938,66.5,68.5,8.147
1765480333.7556856,99,25,21,18,46,3.6904525756835938,66.5,68.5,8.147
1765480333.9567382,98,25,14,19,20,3.6908950805664062,66.5,67.5,7.352
1765480334.1576946,98,25,14,19,20,3.6908950805664062,66.5,67.5,7.352
1765480334.3587909,99,42,27,37,28,3.6909255981445312,66.5,68.5,7.697
1765480334.5597205,99,42,27,37,28,3.6909255981445312,66.5,68.5,7.697
1765480334.7607782,99,42,27,37,28,3.6909255981445312,66.5,68.5,7.697
1765480334.9619944,99,18,46,31,21,3.6915969848632812,67.0,68.5,8.45
1765480335.1630037,99,18,46,31,21,3.6915969848632812,67.0,68.5,8.45
1765480335.3649771,43,10,14,12,23,3.691131591796875,66.0,67.0,5.193
1765480335.5660462,43,10,14,12,23,3.691131591796875,66.0,67.0,5.193
1765480335.7672145,43,10,14,12,23,3.691131591796875,66.0,67.0,5.193
1765480335.9682379,99,40,39,27,38,3.6910438537597656,66.5,67.5,7.312
1765480336.1693583,99,40,39,27,38,3.6910438537597656,66.5,67.5,7.312
1765480336.370564,99,18,19,21,27,3.6912803649902344,66.0,67.5,6.16
1765480336.5717182,99,18,19,21,27,3.6912803649902344,66.0,67.5,6.16
1765480336.7727535,99,18,19,21,27,3.6912803649902344,66.0,67.5,6.16
1765480336.9739091,99,17,24,19,63,3.69256591796875,66.5,67.5,7.804
1765480337.1750746,99,17,24,19,63,3.69256591796875,66.5,67.5,7.804
1765480337.3760288,99,15,10,18,10,3.6919898986816406,66.0,67.0,6.009
1765480337.5772505,99,15,10,18,10,3.6919898986816406,66.0,67.0,6.009
1765480337.7783287,99,15,10,18,10,3.6919898986816406,66.0,67.0,6.009
1765480337.97939,99,37,35,26,64,3.6921730041503906,67.0,68.0,7.777
1765480338.1805222,99,37,35,26,64,3.6921730041503906,67.0,68.0,7.777
1765480338.381462,99,37,35,26,64,3.6921730041503906,67.0,68.0,7.777
1765480338.5824182,99,23,18,17,19,3.6921310424804688,66.5,68.0,7.856
1765480338.7835872,99,23,18,17,19,3.6921310424804688,66.5,68.0,7.856
1765480338.984634,99,17,57,16,22,3.69189453125,66.5,68.5,8.45
1765480339.1856866,99,17,57,16,22,3.69189453125,66.5,68.5,8.45
1765480339.386899,99,17,57,16,22,3.69189453125,66.5,68.5,8.45
1765480339.5877001,99,14,22,21,22,3.692218780517578,66.5,67.5,7.233
1765480339.7885911,99,14,22,21,22,3.692218780517578,66.5,67.5,7.233
1765480339.9895542,99,51,26,34,30,3.6920394897460938,66.5,68.5,7.459
1765480340.1906557,99,51,26,34,30,3.6920394897460938,66.5,68.5,7.459
1765480340.3918238,99,51,26,34,30,3.6920394897460938,66.5,68.5,7.459
1765480340.59293,99,46,12,16,16,3.6936378479003906,67.0,68.5,8.752
1765480340.7938836,99,46,12,16,16,3.6936378479003906,67.0,68.5,8.752
1765480340.9950762,0,17,16,22,15,3.6928367614746094,66.0,67.5,5.617
1765480341.1960547,0,17,16,22,15,3.6928367614746094,66.0,67.5,5.617
1765480341.397155,0,17,16,22,15,3.6928367614746094,66.0,67.5,5.617
1765480341.5981998,99,44,41,28,26,3.6930465698242188,66.5,67.5,7.205
1765480341.7993758,99,44,41,28,26,3.6930465698242188,66.5,67.5,7.205
1765480342.0004249,99,22,24,24,17,3.6931800842285156,66.5,67.5,6.169
1765480342.2015138,99,22,24,24,17,3.6931800842285156,66.5,67.5,6.169
1765480342.402848,99,22,24,24,17,3.6931800842285156,66.5,67.5,6.169
1765480342.6042292,99,27,20,56,15,3.6940689086914062,67.0,68.0,7.804
1765480342.8053722,99,27,20,56,15,3.6940689086914062,67.0,68.0,7.804
1765480343.0063083,82,18,17,17,12,3.6937828063964844,66.5,67.5,5.466
1765480343.2072973,82,18,17,17,12,3.6937828063964844,66.5,67.5,5.466
1765480343.4084015,82,18,17,17,12,3.6937828063964844,66.5,67.5,5.466
1765480343.609305,99,37,30,34,64,3.693866729736328,67.0,68.0,8.002
1765480343.8101993,99,37,30,34,64,3.693866729736328,67.0,68.0,8.002
1765480344.011072,99,22,12,14,21,3.6944541931152344,66.5,68.0,7.923
1765480344.2120552,99,22,12,14,21,3.6944541931152344,66.5,68.0,7.923
1765480344.413057,99,22,12,14,21,3.6944541931152344,66.5,68.0,7.923
1765480344.614176,99,32,55,18,12,3.6940994262695312,66.5,67.5,8.147
1765480344.8152874,99,32,55,18,12,3.6940994262695312,66.5,67.5,8.147
1765480345.016368,99,15,25,19,15,3.694171905517578,66.5,67.5,7.233
1765480345.2173467,99,15,25,19,15,3.694171905517578,66.5,67.5,7.233
1765480345.4184942,99,15,25,19,15,3.694171905517578,66.5,67.5,7.233
1765480345.6195436,99,28,33,34,44,3.694732666015625,66.5,67.5,8.121
1765480345.8204734,99,28,33,34,44,3.694732666015625,66.5,67.5,8.121
1765480346.0216131,99,10,17,16,38,3.6953086853027344,67.0,68.5,8.187
1765480346.2226326,99,10,17,16,38,3.6953086853027344,67.0,68.5,8.187
1765480346.4235873,99,10,17,16,38,3.6953086853027344,67.0,68.5,8.187
1765480346.6248496,99,29,28,22,14,3.6944351196289062,66.0,68.5,6.618
1765480346.8258874,99,29,28,22,14,3.6944351196289062,66.0,68.5,6.618
1765480347.026932,99,24,27,40,34,3.6952972412109375,67.0,68.0,7.658
1765480347.228067,99,24,27,40,34,3.6952972412109375,67.0,68.0,7.658
1765480347.429702,99,24,27,40,34,3.6952972412109375,67.0,68.0,7.658
1765480347.630629,99,22,19,20,28,3.6949806213378906,66.5,67.5,6.049
1765480347.83154,99,22,19,20,28,3.6949806213378906,66.5,67.5,6.049
1765480348.0331664,99,18,22,62,18,3.7074928283691406,67.0,68.0,8.226
1765480348.2341664,99,18,22,62,18,3.7074928283691406,67.0,68.0,8.226
1765480348.4356012,99,18,22,62,18,3.7074928283691406,67.0,68.0,8.226
1765480348.6365798,99,16,21,14,15,3.7071990966796875,66.5,68.0,7.312
1765480348.838111,99,16,21,14,15,3.7071990966796875,66.5,68.0,7.312
1765480349.0392714,99,16,21,14,15,3.7071990966796875,66.5,68.0,7.312
1765480349.2404966,99,34,25,54,26,3.7126693725585938,66.0,68.0,7.085
1765480349.4416463,99,34,25,54,26,3.7126693725585938,66.0,68.0,7.085
1765480349.6427722,99,21,24,42,21,3.7144927978515625,67.0,69.0,8.673
1765480349.8437448,99,21,24,42,21,3.7144927978515625,67.0,69.0,8.673
1765480350.0445383,99,21,24,42,21,3.7144927978515625,67.0,69.0,8.673
1765480350.2457016,33,26,13,10,10,3.7136497497558594,66.5,67.5,5.658
1765480350.4468825,33,26,13,10,10,3.7136497497558594,66.5,67.5,5.658
1765480350.6481273,99,48,25,33,30,3.713409423828125,67.0,68.0,7.205
1765480350.8494275,99,48,25,33,30,3.713409423828125,67.0,68.0,7.205
1765480351.0513124,99,48,25,33,30,3.713409423828125,67.0,68.0,7.205
1765480351.252564,56,20,19,35,16,3.714000701904297,66.5,67.5,6.16
1765480351.4535496,56,20,19,35,16,3.714000701904297,66.5,67.5,6.16
1765480351.6545196,99,22,66,18,20,3.715290069580078,67.0,68.5,8.147
1765480351.855532,99,22,66,18,20,3.715290069580078,67.0,68.5,8.147
1765480352.0565395,99,22,66,18,20,3.715290069580078,67.0,68.5,8.147
1765480352.2574646,96,12,17,8,13,3.715038299560547,66.5,67.5,6.28
1765480352.4585595,96,12,17,8,13,3.715038299560547,66.5,67.5,6.28
1765480352.659529,99,30,36,66,30,3.7150650024414062,67.0,68.0,7.843
1765480352.8610048,99,30,36,66,30,3.7150650024414062,67.0,68.0,7.843
1765480353.0620716,99,30,36,66,30,3.7150650024414062,67.0,68.0,7.843
1765480353.263041,99,21,17,22,21,3.715301513671875,67.0,68.0,7.962
1765480353.4640844,99,21,17,22,21,3.715301513671875,67.0,68.0,7.962
1765480353.6653113,99,16,26,20,48,3.71563720703125,67.0,68.0,7.923
1765480353.866223,99,16,26,20,48,3.71563720703125,67.0,68.0,7.923
1765480354.0671957,99,16,26,20,48,3.71563720703125,67.0,68.0,7.923
1765480354.268174,99,23,23,20,18,3.7159042358398438,67.0,68.0,7.273
1765480354.4690626,99,23,23,20,18,3.7159042358398438,67.0,68.0,7.273
1765480354.6702595,99,30,24,34,41,3.7157669067382812,66.5,68.0,7.312
1765480354.8713515,99,30,24,34,41,3.7157669067382812,66.5,68.0,7.312
1765480355.0725045,99,30,24,34,41,3.7157669067382812,66.5,68.0,7.312
1765480355.2736192,99,14,42,23,18,3.7172470092773438,67.0,68.0,8.568
1765480355.474605,99,14,42,23,18,3.7172470092773438,67.0,68.0,8.568
1765480355.67585,19,17,13,23,11,3.7163467407226562,66.0,67.5,5.193
1765480355.8770978,19,17,13,23,11,3.7163467407226562,66.0,67.5,5.193
1765480356.0781875,19,17,13,23,11,3.7163467407226562,66.0,67.5,5.193
1765480356.2792683,99,44,42,26,33,3.7165069580078125,67.0,68.0,7.085
1765480356.4807913,99,44,42,26,33,3.7165069580078125,67.0,68.0,7.085
1765480356.6817405,68,26,20,24,22,3.7169418334960938,66.0,68.0,6.16
1765480356.8828585,68,26,20,24,22,3.7169418334960938,66.0,68.0,6.16
1765480357.0837388,68,26,20,24,22,3.7169418334960938,66.0,68.0,6.16
1765480357.2847009,99,56,20,21,12,3.717090606689453,66.5,68.5,8.002
1765480357.485739,99,56,20,21,12,3.717090606689453,66.5,68.5,8.002
1765480357.686685,99,14,13,12,14,3.7166748046875,66.5,67.5,6.009
1765480357.8881176,99,14,13,12,14,3.7166748046875,66.5,67.5,6.009
1765480358.0902815,99,14,13,12,14,3.7166748046875,66.5,67.5,6.009
1765480358.2913387,99,32,30,56,44,3.716705322265625,67.0,68.0,8.002
1765480358.4926233,99,32,30,56,44,3.716705322265625,67.0,68.0,8.002
1765480358.69364,99,17,17,12,28,3.717681884765625,67.0,68.5,8.042
1765480358.8945296,99,17,17,12,28,3.717681884765625,67.0,68.5,8.042
1765480359.0955677,99,17,17,12,28,3.717681884765625,67.0,68.5,8.042
1765480359.2965827,99,20,16,16,55,3.7172813415527344,67.0,67.5,8.108
1765480359.4976568,99,20,16,16,55,3.7172813415527344,67.0,67.5,8.108
1765480359.6986408,99,22,18,19,18,3.7180824279785156,66.5,67.5,7.205
1765480359.8997173,99,22,18,19,18,3.7180824279785156,66.5,67.5,7.205
1765480360.1006396,99,22,18,19,18,3.7180824279785156,66.5,67.5,7.205
1765480360.3016872,99,29,39,39,26,3.7178688049316406,66.5,68.5,7.816
1765480360.5026102,99,29,39,39,26,3.7178688049316406,66.5,68.5,7.816
1765480360.7037222,99,29,39,39,26,3.7178688049316406,66.5,68.5,7.816
1765480360.90472,99,19,15,14,35,3.7188148498535156,67.0,68.0,8.45
1765480361.1056569,99,19,15,14,35,3.7188148498535156,67.0,68.0,8.45
1765480361.3067465,62,18,18,21,24,3.7186050415039062,66.5,67.5,6.08
1765480361.508903,62,18,18,21,24,3.7186050415039062,66.5,67.5,6.08
1765480361.710029,62,18,18,21,24,3.7186050415039062,66.5,67.5,6.08
1765480361.911114,99,32,30,41,26,3.718212127685547,67.0,67.5,7.432
1765480362.113108,99,32,30,41,26,3.718212127685547,67.0,67.5,7.432
1765480362.3144853,99,26,23,24,25,3.7179489135742188,66.5,67.0,6.089
1765480362.5155914,99,26,23,24,25,3.7179489135742188,66.5,67.0,6.089
1765480362.716663,99,26,23,24,25,3.7179489135742188,66.5,67.0,6.089
1765480362.9177794,99,54,26,14,16,3.718597412109375,67.0,67.5,7.432
1765480363.1188002,99,54,26,14,16,3.718597412109375,67.0,67.5,7.432
1765480363.3197184,0,16,16,16,19,3.717945098876953,66.0,67.5,5.425
1765480363.5213091,0,16,16,16,19,3.717945098876953,66.0,67.5,5.425
1765480363.727201,0,16,16,16,19,3.717945098876953,66.0,67.5,5.425
1765480363.9283655,99,34,54,41,25,3.718353271484375,67.0,67.5,7.804
1765480364.12972,99,34,54,41,25,3.718353271484375,67.0,67.5,7.804
1765480364.3306692,99,14,12,18,18,3.7189903259277344,67.0,68.0,7.658
1765480364.531772,99,14,12,18,18,3.7189903259277344,67.0,68.0,7.658
1765480364.7328482,99,14,12,18,18,3.7189903259277344,67.0,68.0,7.658
1765480364.9339073,98,46,27,53,26,3.718738555908203,67.0,68.5,8.385
1765480365.135013,98,46,27,53,26,3.718738555908203,67.0,68.5,8.385
1765480365.3361251,99,25,10,20,21,3.7191810607910156,67.0,67.5,7.764
1765480365.5371494,99,25,10,20,21,3.7191810607910156,67.0,67.5,7.764
1765480365.7382631,99,25,10,20,21,3.7191810607910156,67.0,67.5,7.764
1765480365.939124,99,41,41,31,30,3.719196319580078,67.0,68.5,8.081
1765480366.1402838,99,41,41,31,30,3.719196319580078,67.0,68.5,8.081
1765480366.3414972,99,35,17,15,8,3.7200050354003906,67.0,68.5,8.489
1765480366.5424778,99,35,17,15,8,3.7200050354003906,67.0,68.5,8.489
1765480366.7447522,99,35,17,15,8,3.7200050354003906,67.0,68.5,8.489
1765480366.9459507,99,22,27,27,36,3.7193984985351562,66.5,68.0,7.578
1765480367.1469693,99,22,27,27,36,3.7193984985351562,66.5,68.0,7.578
1765480367.348211,98,18,15,17,48,3.7196502685546875,66.5,68.0,7.551
1765480367.5493302,98,18,15,17,48,3.7196502685546875,66.5,68.0,7.551
1765480367.7503703,98,18,15,17,48,3.7196502685546875,66.5,68.0,7.551
1765480367.95144,99,29,24,19,22,3.7197341918945312,66.5,68.5,6.966
1765480368.152882,99,29,24,19,22,3.7197341918945312,66.5,68.5,6.966
1765480368.354228,99,22,18,56,21,3.71990966796875,67.0,68.0,7.511
1765480368.555273,99,22,18,56,21,3.71990966796875,67.0,68.0,7.511
1765480368.7563283,99,22,18,56,21,3.71990966796875,67.0,68.0,7.511
1765480368.957538,80,22,23,18,16,3.7199974060058594,65.5,68.5,5.778
1765480369.1587965,80,22,23,18,16,3.7199974060058594,65.5,68.5,5.778
1765480369.359737,99,42,48,32,32,3.7204627990722656,67.0,68.0,7.471
1765480369.5607104,99,42,48,32,32,3.7204627990722656,67.0,68.0,7.471
1765480369.7617643,99,42,48,32,32,3.7204627990722656,67.0,68.0,7.471
1765480369.9628475,99,12,12,12,14,3.721813201904297,67.5,68.0,7.658
1765480370.164102,99,12,12,12,14,3.721813201904297,67.5,68.0,7.658
1765480370.3652055,99,22,43,29,42,3.720806121826172,67.0,68.0,8.345
1765480370.5662866,99,22,43,29,42,3.720806121826172,67.0,68.0,8.345
1765480370.76734,99,22,43,29,42,3.720806121826172,67.0,68.0,8.345
1765480370.9684951,99,26,21,15,14,3.721160888671875,67.0,67.5,7.618
1765480371.1694782,99,26,21,15,14,3.721160888671875,67.0,67.5,7.618
1765480371.3709023,99,34,39,53,41,3.721813201904297,67.0,68.5,8.147
1765480371.5720682,99,34,39,53,41,3.721813201904297,67.0,68.5,8.147
1765480371.7732482,99,34,39,53,41,3.721813201904297,67.0,68.5,8.147
1765480371.974247,99,10,14,24,4,3.7221946716308594,67.0,68.0,8.226
1765480372.1756315,99,10,14,24,4,3.7221946716308594,67.0,68.0,8.226
1765480372.3768907,99,10,14,24,4,3.7221946716308594,67.0,68.0,8.226
1765480372.578096,99,28,38,25,25,3.721851348876953,66.5,68.0,7.245
1765480372.779021,99,28,38,25,25,3.721851348876953,66.5,68.0,7.245
1765480372.9799764,98,18,42,20,23,3.7224464416503906,67.0,68.0,7.459
1765480373.1808627,98,18,42,20,23,3.7224464416503906,67.0,68.0,7.459
1765480373.381763,98,18,42,20,23,3.7224464416503906,67.0,68.0,7.459
1765480373.5827446,99,26,25,24,25,3.7223548889160156,66.5,68.0,7.233
1765480373.7836833,99,26,25,24,25,3.7223548889160156,66.5,68.0,7.233
1765480373.984804,99,54,16,12,15,3.722370147705078,67.0,68.0,7.511
1765480374.1858947,99,54,16,12,15,3.722370147705078,67.0,68.0,7.511
1765480374.386894,99,54,16,12,15,3.722370147705078,67.0,68.0,7.511
1765480374.587834,69,14,19,8,24,3.7230072021484375,66.5,67.5,6.049
1765480374.7890484,69,14,19,8,24,3.7230072021484375,66.5,67.5,6.049
1765480374.9899762,99,30,64,13,16,3.712718963623047,67.0,68.0,7.432
1765480375.1908786,99,30,64,13,16,3.712718963623047,67.0,68.0,7.432
1765480375.3918972,99,30,64,13,16,3.712718963623047,67.0,68.0,7.432
1765480375.5928984,99,12,11,6,6,3.7137527465820312,67.0,67.5,7.165
1765480375.7938643,99,12,11,6,6,3.7137527465820312,67.0,67.5,7.165
1765480375.9948246,99,62,14,22,20,3.7132492065429688,67.0,67.5,7.777
1765480376.1958654,99,62,14,22,20,3.7132492065429688,67.0,67.5,7.777
1765480376.3969605,99,62,14,22,20,3.7132492065429688,67.0,67.5,7.777
1765480376.5979354,99,16,14,8,12,3.713306427001953,67.0,67.5,7.233
1765480376.7989151,99,16,14,8,12,3.713306427001953,67.0,67.5,7.233
1765480377.0000134,99,24,46,28,27,3.713836669921875,67.0,68.5,8.226
1765480377.2009218,99,24,46,28,27,3.713836669921875,67.0,68.5,8.226
1765480377.4018793,99,24,46,28,27,3.713836669921875,67.0,68.5,8.226
1765480377.6027555,99,4,12,4,5,3.714679718017578,66.5,68.0,7.511
1765480377.8037019,99,4,12,4,5,3.714679718017578,66.5,68.0,7.511
1765480378.0046968,99,30,40,22,12,3.71380615234375,66.5,67.5,7.618
1765480378.2057037,99,30,40,22,12,3.71380615234375,66.5,67.5,7.618
1765480378.4067783,99,30,40,22,12,3.71380615234375,66.5,67.5,7.618
1765480378.6077898,98,19,32,12,13,3.7136802673339844,67.0,67.5,7.42
1765480378.808847,98,19,32,12,13,3.7136802673339844,67.0,67.5,7.42
1765480379.009817,99,18,25,27,22,3.71405029296875,67.0,69.0,7.697
1765480379.2108998,99,18,25,27,22,3.71405029296875,67.0,69.0,7.697
1765480379.4117885,99,18,25,27,22,3.71405029296875,67.0,69.0,7.697
1765480379.6129498,98,31,8,6,13,3.713176727294922,66.5,68.0,7.392
1765480379.8138766,98,31,8,6,13,3.713176727294922,66.5,68.0,7.392
1765480380.0148408,78,16,15,25,15,3.71380615234375,67.0,67.5,5.738
1765480380.2160506,78,16,15,25,15,3.71380615234375,67.0,67.5,5.738
1765480380.4169948,78,16,15,25,15,3.71380615234375,67.0,67.5,5.738
1765480380.618012,99,23,22,61,16,3.714954376220703,67.0,68.0,7.312
1765480380.818892,99,23,22,61,16,3.714954376220703,67.0,68.0,7.312
1765480381.0200894,25,12,13,15,13,3.7162551879882812,66.0,68.5,5.577
1765480381.2211604,25,12,13,15,13,3.7162551879882812,66.0,68.5,5.577
1765480381.4222486,25,12,13,15,13,3.7162551879882812,66.0,68.5,5.577
1765480381.6231983,99,17,16,60,18,3.715648651123047,67.0,67.5,7.578
1765480381.8242202,99,17,16,60,18,3.715648651123047,67.0,67.5,7.578
1765480382.0250876,99,10,16,10,6,3.715740203857422,67.0,67.5,7.006
1765480382.2259953,99,10,16,10,6,3.715740203857422,67.0,67.5,7.006
1765480382.4271517,99,10,16,10,6,3.715740203857422,67.0,67.5,7.006
1765480382.628328,99,43,60,26,20,3.716064453125,67.0,68.5,8.608
1765480382.8293135,99,43,60,26,20,3.716064453125,67.0,68.5,8.608
1765480383.030406,99,43,60,26,20,3.716064453125,67.0,68.5,8.608
1765480383.2313085,99,5,0,5,4,3.7167396545410156,67.0,68.0,7.658
1765480383.4325516,99,5,0,5,4,3.7167396545410156,67.0,68.0,7.658
1765480383.6336575,99,20,52,33,21,3.71575927734375,67.0,68.0,7.804
1765480383.8347127,99,20,52,33,21,3.71575927734375,67.0,68.0,7.804
1765480384.0357351,99,20,52,33,21,3.71575927734375,67.0,68.0,7.804
1765480384.2368758,98,18,18,12,10,3.716014862060547,67.0,67.5,7.273
1765480384.4380279,98,18,18,12,10,3.716014862060547,67.0,67.5,7.273
1765480384.6392102,0,30,28,16,14,3.720928192138672,66.0,69.0,4.482
1765480384.8401659,0,30,28,16,14,3.720928192138672,66.0,69.0,4.482
1765480385.0411532,0,30,28,16,14,3.720928192138672,66.0,69.0,4.482
1765480385.2421536,99,52,8,6,6,3.7201576232910156,67.0,67.5,7.006
1765480385.4430528,99,52,8,6,6,3.7201576232910156,67.0,67.5,7.006
1765480385.6442122,73,28,26,26,28,3.7090911865234375,66.0,68.0,5.778
1765480385.8452826,73,28,26,26,28,3.7090911865234375,66.0,68.0,5.778
1765480386.0463486,73,28,26,26,28,3.7090911865234375,66.0,68.0,5.778
1765480386.2476332,99,41,46,40,69,3.7166595458984375,67.0,68.0,8.791
1765480386.4529073,99,41,46,40,69,3.7166595458984375,67.0,68.0,8.791
1765480386.6539779,99,23,26,24,22,3.7171096801757812,67.0,68.5,7.883
1765480386.8551288,99,23,26,24,22,3.7171096801757812,67.0,68.5,7.883
1765480387.056393,99,23,26,24,22,3.7171096801757812,67.0,68.5,7.883
1765480387.257338,99,68,20,26,21,3.717144012451172,66.5,69.0,8.385
1765480387.4582934,99,68,20,26,21,3.717144012451172,66.5,69.0,8.385
1765480387.659211,99,19,12,15,6,3.7173805236816406,66.5,68.0,7.165
1765480387.860189,99,19,12,15,6,3.7173805236816406,66.5,68.0,7.165
1765480388.061332,99,19,12,15,6,3.7173805236816406,66.5,68.0,7.165
1765480388.2622514,99,40,22,29,25,3.7172775268554688,66.5,68.0,8.41
1765480388.463396,99,40,22,29,25,3.7172775268554688,66.5,68.0,8.41
1765480388.6646671,99,20,10,6,9,3.7170257568359375,66.5,68.0,7.737
1765480388.8658278,99,20,10,6,9,3.7170257568359375,66.5,68.0,7.737
1765480389.0668511,99,20,10,6,9,3.7170257568359375,66.5,68.0,7.737
1765480389.2678668,99,32,19,36,18,3.7172508239746094,66.5,68.5,7.245
1765480389.4691792,99,32,19,36,18,3.7172508239746094,66.5,68.5,7.245
1765480389.6761768,99,23,24,58,27,3.7176132202148438,67.0,67.5,8.187
1765480389.8773594,99,23,24,58,27,3.7176132202148438,67.0,67.5,8.187
1765480390.078316,99,23,24,58,27,3.7176132202148438,67.0,67.5,8.187
1765480390.2795818,99,32,34,29,39,3.717864990234375,67.0,68.5,7.205
1765480390.4805315,99,32,34,29,39,3.717864990234375,67.0,68.5,7.205
1765480390.6816165,99,38,47,47,60,3.7169265747070312,66.5,67.5,7.737
1765480390.8827937,99,38,47,47,60,3.7169265747070312,66.5,67.5,7.737
1765480391.083898,99,38,47,47,60,3.7169265747070312,66.5,67.5,7.737
1765480391.285177,68,33,29,33,19,3.7169570922851562,66.0,68.0,6.24
1765480391.486382,68,33,29,33,19,3.7169570922851562,66.0,68.0,6.24
1765480391.6874182,99,27,67,29,28,3.717151641845703,67.0,68.0,7.962
1765480391.8885355,99,27,67,29,28,3.717151641845703,67.0,68.0,7.962
1765480392.0896459,99,27,67,29,28,3.717151641845703,67.0,68.0,7.962
1765480392.291011,99,12,11,6,15,3.708446502685547,66.5,67.5,6.009
1765480392.4922829,99,12,11,6,15,3.708446502685547,66.5,67.5,6.009
1765480392.6933327,99,49,42,45,69,3.7153778076171875,67.0,68.0,8.147
1765480392.894911,99,49,42,45,69,3.7153778076171875,67.0,68.0,8.147
1765480393.0962467,99,49,42,45,69,3.7153778076171875,67.0,68.0,8.147
1765480393.2972267,99,38,29,32,30,3.715850830078125,67.0,68.5,7.804
1765480393.4983218,99,38,29,32,30,3.715850830078125,67.0,68.5,7.804
1765480393.699421,99,48,50,55,47,3.716663360595703,67.0,69.0,8.712
1765480393.9007134,99,48,50,55,47,3.716663360595703,67.0,69.0,8.712
1765480394.1019177,99,48,50,55,47,3.716663360595703,67.0,69.0,8.712
1765480394.3029842,99,34,28,23,26,3.7158279418945312,67.0,68.5,7.962
1765480394.5039682,99,34,28,23,26,3.7158279418945312,67.0,68.5,7.962
1765480394.7049012,99,34,28,23,26,3.7158279418945312,67.0,68.5,7.962
1765480394.905917,99,50,42,49,43,3.71575927734375,67.0,68.5,7.962
1765480395.1069057,99,50,42,49,43,3.71575927734375,67.0,68.5,7.962
1765480395.3080964,99,43,44,48,40,3.7159461975097656,67.0,68.5,8.45
1765480395.5090456,99,43,44,48,40,3.7159461975097656,67.0,68.5,8.45
1765480395.7099938,99,43,44,48,40,3.7159461975097656,67.0,68.5,8.45
1765480395.9111714,83,30,38,32,31,3.7167587280273438,67.0,69.0,6.897
1765480396.1124141,83,30,38,32,31,3.7167587280273438,67.0,69.0,6.897
1765480396.3137975,99,46,47,57,46,3.715534210205078,67.0,68.5,8.002
1765480396.5152626,99,46,47,57,46,3.715534210205078,67.0,68.5,8.002
1765480396.7163315,99,46,47,57,46,3.715534210205078,67.0,68.5,8.002
1765480396.9174209,41,36,32,33,44,3.715923309326172,66.5,68.0,6.389
1765480397.1191304,41,36,32,33,44,3.715923309326172,66.5,68.0,6.389
1765480397.3203049,99,44,66,48,46,3.7173728942871094,67.5,69.0,8.83
1765480397.5213947,99,44,66,48,46,3.7173728942871094,67.5,69.0,8.83
1765480397.722396,99,44,66,48,46,3.7173728942871094,67.5,69.0,8.83
1765480397.9234796,99,24,22,23,21,3.71734619140625,67.0,68.5,7.471
1765480398.1294372,99,24,22,23,21,3.71734619140625,67.0,68.5,7.471
1765480398.3308241,99,50,48,75,39,3.717327117919922,67.0,69.0,8.529
1765480398.5318134,99,50,48,75,39,3.717327117919922,67.0,69.0,8.529
1765480398.7329428,99,50,48,75,39,3.717327117919922,67.0,69.0,8.529
1765480398.9373195,99,38,37,30,33,3.717845916748047,67.0,68.5,7.923
1765480399.1383412,99,38,37,30,33,3.717845916748047,67.0,68.5,7.923
1765480399.3396785,99,44,41,39,52,3.7186012268066406,66.5,69.0,8.226
1765480399.5409858,99,44,41,39,52,3.7186012268066406,66.5,69.0,8.226
1765480399.7420971,99,44,41,39,52,3.7186012268066406,66.5,69.0,8.226
1765480399.94341,99,32,39,34,45,3.717609405517578,67.0,68.5,8.068
1765480400.1518338,99,32,39,34,45,3.717609405517578,67.0,68.5,8.068
1765480400.3558435,62,36,36,41,37,3.7178382873535156,67.5,68.0,6.549
1765480400.5570784,62,36,36,41,37,3.7178382873535156,67.5,68.0,6.549
1765480400.7580998,62,36,36,41,37,3.7178382873535156,67.5,68.0,6.549
1765480400.9592223,99,66,36,38,39,3.7185211181640625,67.0,68.0,7.618
1765480401.1602705,99,66,36,38,39,3.7185211181640625,67.0,68.0,7.618
1765480401.3612022,68,14,8,13,17,3.7185211181640625,66.5,68.0,5.658
1765480401.5623014,68,14,8,13,17,3.7185211181640625,66.5,68.0,5.658
1765480401.7633004,68,14,8,13,17,3.7185211181640625,66.5,68.0,5.658
1765480401.964422,99,64,30,24,28,3.708526611328125,67.5,68.0,7.777
1765480402.16555,99,64,30,24,28,3.708526611328125,67.5,68.0,7.777
1765480402.3665452,99,36,35,33,37,3.7187232971191406,67.5,68.0,7.551
1765480402.5677547,99,36,35,33,37,3.7187232971191406,67.5,68.0,7.551
1765480402.7690663,99,36,35,33,37,3.7187232971191406,67.5,68.0,7.551
1765480402.97022,99,52,47,56,44,3.7198638916015625,67.5,69.0,8.83
1765480403.1717832,99,52,47,56,44,3.7198638916015625,67.5,69.0,8.83
1765480403.3730836,99,24,23,21,28,3.71978759765625,67.5,68.5,8.371
1765480403.5740337,99,24,23,21,28,3.71978759765625,67.5,68.5,8.371
1765480403.7754092,99,24,23,21,28,3.71978759765625,67.5,68.5,8.371
1765480403.9767582,99,46,40,44,63,3.7192230224609375,67.0,68.5,8.226
1765480404.1778405,99,46,40,44,63,3.7192230224609375,67.0,68.5,8.226
1765480404.3789325,99,37,40,36,38,3.7193946838378906,67.5,69.0,8.226
1765480404.5801153,99,37,40,36,38,3.7193946838378906,67.5,69.0,8.226
1765480404.7810304,99,37,40,36,38,3.7193946838378906,67.5,69.0,8.226
1765480404.9829235,63,39,38,38,44,3.7201499938964844,67.5,69.0,7.499
1765480405.1838286,63,39,38,38,44,3.7201499938964844,67.5,69.0,7.499
1765480405.3884985,63,39,38,38,44,3.7201499938964844,67.5,69.0,7.499
1765480405.5903106,99,34,47,28,32,3.719776153564453,67.5,68.5,8.226
1765480405.7914126,99,34,47,28,32,3.719776153564453,67.5,68.5,8.226
1765480405.9925814,99,28,36,28,27,3.72003173828125,67.0,68.0,6.28
1765480406.1940267,99,28,36,28,27,3.72003173828125,67.0,68.0,6.28
1765480406.3952339,99,28,36,28,27,3.72003173828125,67.0,68.0,6.28
1765480406.59658,99,27,36,69,34,3.719799041748047,67.0,68.5,8.042
1765480406.7976584,99,27,36,69,34,3.719799041748047,67.0,68.5,8.042
1765480406.9986367,12,21,25,20,18,3.720653533935547,66.5,68.5,6.089
1765480407.199552,12,21,25,20,18,3.720653533935547,66.5,68.5,6.089
1765480407.4006517,12,21,25,20,18,3.720653533935547,66.5,68.5,6.089
1765480407.6016748,99,22,26,28,66,3.720428466796875,67.0,68.0,8.187
1765480407.802803,99,22,26,28,66,3.720428466796875,67.0,68.0,8.187
1765480408.0038035,99,25,24,20,26,3.7209739685058594,67.5,68.0,7.352
1765480408.2050014,99,25,24,20,26,3.7209739685058594,67.5,68.0,7.352
1765480408.4059954,99,25,24,20,26,3.7209739685058594,67.5,68.0,7.352
1765480408.6070278,98,32,34,29,68,3.721363067626953,67.0,69.0,8.594
1765480408.8080697,98,32,34,29,68,3.721363067626953,67.0,69.0,8.594
1765480409.0091991,99,12,10,9,11,3.721466064453125,67.0,68.5,7.737
1765480409.2101736,99,12,10,9,11,3.721466064453125,67.0,68.5,7.737
1765480409.4113398,99,12,10,9,11,3.721466064453125,67.0,68.5,7.737
1765480409.6122558,99,31,37,32,55,3.721435546875,67.0,68.5,8.305
1765480409.813277,99,31,37,32,55,3.721435546875,67.0,68.5,8.305
1765480410.0144143,99,20,21,19,24,3.7212905883789062,67.0,68.0,7.697
1765480410.2154498,99,20,21,19,24,3.7212905883789062,67.0,68.0,7.697
1765480410.4167967,99,20,21,19,24,3.7212905883789062,67.0,68.0,7.697
1765480410.618057,99,28,34,27,22,3.7217483520507812,67.0,69.0,8.042
1765480410.8190684,99,28,34,27,22,3.7217483520507812,67.0,69.0,8.042
1765480411.0201287,99,21,16,16,35,3.7212142944335938,67.0,68.0,7.804
1765480411.221052,99,21,16,16,35,3.7212142944335938,67.0,68.0,7.804
1765480411.4219258,99,21,16,16,35,3.7212142944335938,67.0,68.0,7.804
1765480411.622936,0,12,20,19,34,3.721324920654297,66.5,68.0,5.617
1765480411.8240304,0,12,20,19,34,3.721324920654297,66.5,68.0,5.617
1765480412.0249896,99,37,36,33,56,3.721630096435547,67.5,68.5,7.843
1765480412.226094,99,37,36,33,56,3.721630096435547,67.5,68.5,7.843
1765480412.4273562,99,37,36,33,56,3.721630096435547,67.5,68.5,7.843
1765480412.6288755,99,37,32,38,29,3.722278594970703,67.0,69.0,6.897
1765480412.8298197,99,37,32,38,29,3.722278594970703,67.0,69.0,6.897
1765480413.030813,99,64,45,40,40,3.7215652465820312,67.5,68.0,7.618
1765480413.232003,99,64,45,40,40,3.7215652465820312,67.5,68.0,7.618
1765480413.4330513,99,64,45,40,40,3.7215652465820312,67.5,68.0,7.618
1765480413.6339645,97,40,29,31,29,3.721820831298828,67.0,68.5,6.937
1765480413.8351765,97,40,29,31,29,3.721820831298828,67.0,68.5,6.937
1765480414.0362508,97,40,29,31,29,3.721820831298828,67.0,68.5,6.937
1765480414.2375968,99,40,35,28,70,3.7228431701660156,67.5,69.0,8.909
1765480414.4385796,99,40,35,28,70,3.7228431701660156,67.5,69.0,8.909
1765480414.6397133,99,13,13,15,17,3.7218017578125,67.0,68.5,7.697
1765480414.8413072,99,13,13,15,17,3.7218017578125,67.0,68.5,7.697
1765480415.0424528,99,13,13,15,17,3.7218017578125,67.0,68.5,7.697
1765480415.2436895,99,34,33,32,57,3.7159996032714844,67.0,68.5,8.068
1765480415.4453735,99,34,33,32,57,3.7159996032714844,67.0,68.5,8.068
1765480415.6464686,99,19,17,14,26,3.7166481018066406,67.0,68.5,7.432
1765480415.8472311,99,19,17,14,26,3.7166481018066406,67.0,68.5,7.432
1765480416.0484993,99,19,17,14,26,3.7166481018066406,67.0,68.5,7.432
1765480416.2496138,99,24,32,30,23,3.7168807983398438,67.0,69.0,8.305
1765480416.4508255,99,24,32,30,23,3.7168807983398438,67.0,69.0,8.305
1765480416.65225,98,22,12,22,15,3.716419219970703,67.0,68.5,7.471
1765480416.861205,98,22,12,22,15,3.716419219970703,67.0,68.5,7.471
1765480417.0623505,98,22,12,22,15,3.716419219970703,67.0,68.5,7.471
1765480417.26368,99,24,40,32,18,3.7163314819335938,67.0,68.5,7.432
1765480417.4646196,99,24,40,32,18,3.7163314819335938,67.0,68.5,7.432
1765480417.6657517,99,20,23,23,50,3.716320037841797,67.0,68.0,7.777
1765480417.86697,99,20,23,23,50,3.716320037841797,67.0,68.0,7.777
1765480418.0679514,99,20,23,23,50,3.716320037841797,67.0,68.0,7.777
1765480418.2691016,99,15,16,11,21,3.7165985107421875,67.0,68.5,6.44
1765480418.4699755,99,15,16,11,21,3.7165985107421875,67.0,68.5,6.44
1765480418.6708548,99,26,22,30,53,3.716480255126953,67.0,68.5,7.245
1765480418.87216,99,26,22,30,53,3.716480255126953,67.0,68.5,7.245
1765480419.0732198,99,26,22,30,53,3.716480255126953,67.0,68.5,7.245
1765480419.2741964,68,22,16,17,32,3.7159767150878906,66.5,68.0,6.129
1765480419.4753008,68,22,16,17,32,3.7159767150878906,66.5,68.0,6.129
1765480419.6762486,99,25,30,19,63,3.716094970703125,67.5,69.0,8.266
1765480419.877211,99,25,30,19,63,3.716094970703125,67.5,69.0,8.266
1765480420.078131,99,25,30,19,63,3.716094970703125,67.5,69.0,8.266
1765480420.2790196,99,10,4,7,5,3.7155799865722656,66.5,67.5,5.698
1765480420.4801483,99,10,4,7,5,3.7155799865722656,66.5,67.5,5.698
1765480420.6811018,99,31,35,65,27,3.7158164978027344,67.0,68.0,7.923
1765480420.8819983,99,31,35,65,27,3.7158164978027344,67.0,68.0,7.923
1765480421.083161,99,31,35,65,27,3.7158164978027344,67.0,68.0,7.923
1765480421.2842891,99,19,20,21,20,3.7164382934570312,67.5,68.5,7.658
1765480421.4852254,99,19,20,21,20,3.7164382934570312,67.5,68.5,7.658
1765480421.686362,99,34,23,50,22,3.7170333862304688,67.5,69.5,8.791
1765480421.8873272,99,34,23,50,22,3.7170333862304688,67.5,69.5,8.791
1765480422.0883815,99,34,23,50,22,3.7170333862304688,67.5,69.5,8.791
1765480422.289377,99,27,26,22,26,3.7140121459960938,67.5,68.0,7.471
1765480422.4903374,99,27,26,22,26,3.7140121459960938,67.5,68.0,7.471
1765480422.6915503,99,47,40,40,48,3.7155799865722656,67.0,68.5,7.962
1765480422.8924696,99,47,40,40,48,3.7155799865722656,67.0,68.5,7.962
1765480423.0935445,99,47,40,40,48,3.7155799865722656,67.0,68.5,7.962
1765480423.2946851,99,43,32,48,31,3.715343475341797,68.0,68.5,8.988
1765480423.4958282,99,43,32,48,31,3.715343475341797,68.0,68.5,8.988
1765480423.6971047,99,43,32,48,31,3.715343475341797,68.0,68.5,8.988
1765480423.898332,7,33,20,18,20,3.7159461975097656,67.0,68.5,6.469
1765480424.09936,7,33,20,18,20,3.7159461975097656,67.0,68.5,6.469
1765480424.3004668,99,24,49,32,25,3.715545654296875,67.0,68.5,7.697
1765480424.501478,99,24,49,32,25,3.715545654296875,67.0,68.5,7.697
1765480424.7024105,99,24,49,32,25,3.715545654296875,67.0,68.5,7.697
1765480424.9033551,99,26,18,19,26,3.7161636352539062,67.0,68.5,6.28
1765480425.1044848,99,26,18,19,26,3.7161636352539062,67.0,68.5,6.28
1765480425.3056395,99,38,32,51,42,3.7164039611816406,67.5,69.5,8.266
1765480425.5068238,99,38,32,51,42,3.7164039611816406,67.5,69.5,8.266
1765480425.70775,99,38,32,51,42,3.7164039611816406,67.5,69.5,8.266
1765480425.9088275,74,15,16,8,10,3.7158432006835938,66.5,68.0,5.698
1765480426.1099305,74,15,16,8,10,3.7158432006835938,66.5,68.0,5.698
1765480426.3111928,99,32,56,27,32,3.7154541015625,67.5,68.5,7.471
1765480426.5123622,99,32,56,27,32,3.7154541015625,67.5,68.5,7.471
1765480426.7137055,99,32,56,27,32,3.7154541015625,67.5,68.5,7.471
1765480426.9146812,99,21,12,18,15,3.7161903381347656,67.5,68.5,6.926
1765480427.115763,99,21,12,18,15,3.7161903381347656,67.5,68.5,6.926
1765480427.316738,99,24,29,65,20,3.717113494873047,67.5,69.0,8.489
1765480427.517899,99,24,29,65,20,3.717113494873047,67.5,69.0,8.489
1765480427.7189515,99,24,29,65,20,3.717113494873047,67.5,69.0,8.489
1765480427.9199796,99,16,16,10,12,3.715770721435547,67.5,68.5,7.432
1765480428.1211739,99,16,16,10,12,3.715770721435547,67.5,68.5,7.432
1765480428.322264,99,37,27,54,24,3.7160072326660156,68.0,69.5,8.002
1765480428.5232935,99,37,27,54,24,3.7160072326660156,68.0,69.5,8.002
1765480428.7245045,99,37,27,54,24,3.7160072326660156,68.0,69.5,8.002
1765480428.9255173,98,22,16,23,20,3.7163047790527344,67.5,68.5,7.697
1765480429.126495,98,22,16,23,20,3.7163047790527344,67.5,68.5,7.697
1765480429.3275957,99,28,20,28,25,3.7160377502441406,67.5,69.0,8.147
1765480429.5287993,99,28,20,28,25,3.7160377502441406,67.5,69.0,8.147
1765480429.729779,99,28,20,28,25,3.7160377502441406,67.5,69.0,8.147
1765480429.93072,99,32,20,33,14,3.7158737182617188,67.5,69.0,7.816
1765480430.1317081,99,32,20,33,14,3.7158737182617188,67.5,69.0,7.816
1765480430.3328018,0,22,25,28,22,3.715770721435547,66.5,68.0,6.08
1765480430.533879,0,22,25,28,22,3.715770721435547,66.5,68.0,6.08
1765480430.734927,0,22,25,28,22,3.715770721435547,66.5,68.0,6.08
1765480430.935962,99,43,41,20,25,3.7171554565429688,67.5,68.5,7.883
1765480431.1368597,99,43,41,20,25,3.7171554565429688,67.5,68.5,7.883
1765480431.3378396,99,13,11,19,13,3.7162399291992188,67.5,68.0,6.509
1765480431.5394397,99,13,11,19,13,3.7162399291992188,67.5,68.0,6.509
1765480431.740574,99,13,11,19,13,3.7162399291992188,67.5,68.0,6.509
1765480431.9417331,99,30,36,51,22,3.7161483764648438,68.0,68.5,7.312
1765480432.1428692,99,30,36,51,22,3.7161483764648438,68.0,68.5,7.312
1765480432.3438008,68,22,23,38,32,3.7198448181152344,67.5,69.0,6.509
1765480432.5449915,68,22,23,38,32,3.7198448181152344,67.5,69.0,6.509
1765480432.7463744,68,22,23,38,32,3.7198448181152344,67.5,69.0,6.509
1765480432.947341,99,33,57,43,30,3.7205734252929688,68.0,69.5,8.305
1765480433.1484935,99,33,57,43,30,3.7205734252929688,68.0,69.5,8.305
1765480433.3493545,99,33,57,43,30,3.7205734252929688,68.0,69.5,8.305
1765480433.5502799,99,32,30,32,30,3.720317840576172,67.5,68.5,7.165
1765480433.751527,99,32,30,32,30,3.720317840576172,67.5,68.5,7.165
1765480433.952544,99,64,52,74,52,3.720428466796875,68.0,68.5,8.371
1765480434.1536322,99,64,52,74,52,3.720428466796875,68.0,68.5,8.371
1765480434.3547254,99,64,52,74,52,3.720428466796875,68.0,68.5,8.371
1765480434.5557084,99,23,19,12,27,3.7204208374023438,68.0,68.5,8.608
1765480434.7568839,99,23,19,12,27,3.7204208374023438,68.0,68.5,8.608
1765480434.9581716,99,25,16,58,16,3.720287322998047,68.0,69.0,7.843
1765480435.1593506,99,25,16,58,16,3.720287322998047,68.0,69.0,7.843
1765480435.3604844,99,25,16,58,16,3.720287322998047,68.0,69.0,7.843
1765480435.5614536,98,18,18,26,22,3.7210006713867188,67.5,68.5,7.273
1765480435.7625048,98,18,18,26,22,3.7210006713867188,67.5,68.5,7.273
1765480435.9634993,99,28,36,37,28,3.7208938598632812,67.5,68.5,7.233
1765480436.1644738,99,28,36,37,28,3.7208938598632812,67.5,68.5,7.233
1765480436.3655882,99,28,36,37,28,3.7208938598632812,67.5,68.5,7.233
1765480436.5665972,99,19,21,46,18,3.7220687866210938,68.0,69.0,8.568
1765480436.7675397,99,19,21,46,18,3.7220687866210938,68.0,69.0,8.568
1765480436.9686959,25,15,13,15,14,3.72119140625,67.5,68.0,5.425
1765480437.169747,25,15,13,15,14,3.72119140625,67.5,68.0,5.425
1765480437.3706677,25,15,13,15,14,3.72119140625,67.5,68.0,5.425
1765480437.5716193,99,39,24,42,32,3.7215805053710938,67.5,68.5,7.165
1765480437.7725952,99,39,24,42,32,3.7215805053710938,67.5,68.5,7.165
1765480437.9735074,99,16,20,16,32,3.7217025756835938,67.0,68.0,6.28
1765480438.1745734,99,16,20,16,32,3.7217025756835938,67.0,68.0,6.28
1765480438.3756447,99,16,20,16,32,3.7217025756835938,67.0,68.0,6.28
1765480438.576608,99,14,24,58,30,3.72271728515625,68.0,69.0,7.883
1765480438.7779248,99,14,24,58,30,3.72271728515625,68.0,69.0,7.883
1765480438.9789374,99,17,11,14,8,3.722198486328125,67.0,67.5,5.617
1765480439.1799893,99,17,11,14,8,3.722198486328125,67.0,67.5,5.617
1765480439.3811083,99,17,11,14,8,3.722198486328125,67.0,67.5,5.617
1765480439.5822346,99,58,54,31,27,3.7227020263671875,67.5,69.0,7.962
1765480439.7833602,99,58,54,31,27,3.7227020263671875,67.5,69.0,7.962
1765480439.9843967,99,25,20,16,20,3.723644256591797,67.5,69.0,8.345
1765480440.1853282,99,25,20,16,20,3.723644256591797,67.5,69.0,8.345
1765480440.3863711,99,25,20,16,20,3.723644256591797,67.5,69.0,8.345
1765480440.5873096,99,24,51,19,28,3.7230072021484375,67.5,68.5,8.068
1765480440.7884817,99,24,51,19,28,3.7230072021484375,67.5,68.5,8.068
1765480440.9895532,99,16,26,16,20,3.7230377197265625,67.5,68.0,7.165
1765480441.1904824,99,16,26,16,20,3.7230377197265625,67.5,68.0,7.165
1765480441.3915014,99,16,26,16,20,3.7230377197265625,67.5,68.0,7.165
1765480441.5925772,99,28,33,31,42,3.7231292724609375,67.5,68.5,7.618
1765480441.793583,99,28,33,31,42,3.7231292724609375,67.5,68.5,7.618
1765480441.9946642,99,17,34,17,14,3.7239761352539062,68.0,68.5,8.45
1765480442.1956801,99,17,34,17,14,3.7239761352539062,68.0,68.5,8.45
1765480442.3965795,99,17,34,17,14,3.7239761352539062,68.0,68.5,8.45
1765480442.597709,0,18,14,20,24,3.723377227783203,67.0,68.0,5.617
1765480442.7986984,0,18,14,20,24,3.723377227783203,67.0,68.0,5.617
1765480442.9996688,99,23,50,42,18,3.723865509033203,67.5,68.5,7.352
1765480443.200918,99,23,50,42,18,3.723865509033203,67.5,68.5,7.352
1765480443.4018927,99,23,50,42,18,3.723865509033203,67.5,68.5,7.352
1765480443.6030164,89,19,18,27,20,3.7237586975097656,67.0,68.0,6.089
1765480443.8043687,89,19,18,27,20,3.7237586975097656,67.0,68.0,6.089
1765480444.0052547,99,18,21,46,23,3.724395751953125,67.5,68.5,7.578
1765480444.2063684,99,18,21,46,23,3.724395751953125,67.5,68.5,7.578
1765480444.407681,99,18,21,46,23,3.724395751953125,67.5,68.5,7.578
1765480444.6086352,92,24,26,14,15,3.7188186645507812,67.5,68.0,6.778
1765480444.8097775,92,24,26,14,15,3.7188186645507812,67.5,68.0,6.778
1765480445.010946,99,36,56,25,33,3.719085693359375,68.0,69.0,7.896
1765480445.2121618,99,36,56,25,33,3.719085693359375,68.0,69.0,7.896
1765480445.4131947,99,36,56,25,33,3.719085693359375,68.0,69.0,7.896
1765480445.614138,99,19,14,16,6,3.7198944091796875,68.0,69.0,8.081
1765480445.8154542,99,19,14,16,6,3.7198944091796875,68.0,69.0,8.081
1765480446.0166357,99,19,14,16,6,3.7198944091796875,68.0,69.0,8.081
1765480446.2176492,99,51,22,22,26,3.7193145751953125,68.0,69.0,7.923
1765480446.4187174,99,51,22,22,26,3.7193145751953125,68.0,69.0,7.923
1765480446.6197217,99,30,12,21,18,3.7200469970703125,68.0,69.0,7.737
1765480446.8205304,99,30,12,21,18,3.7200469970703125,68.0,69.0,7.737
1765480447.0214841,99,30,12,21,18,3.7200469970703125,68.0,69.0,7.737
1765480447.22261,99,25,35,20,39,3.720134735107422,67.5,68.5,6.966
1765480447.4235013,99,25,35,20,39,3.720134735107422,67.5,68.5,6.966
1765480447.6247196,99,15,16,10,40,3.7214698791503906,68.0,68.5,8.081
1765480447.8257194,99,15,16,10,40,3.7214698791503906,68.0,68.5,8.081
1765480448.0266504,99,15,16,10,40,3.7214698791503906,68.0,68.5,8.081
1765480448.2278128,99,19,20,17,22,3.7207260131835938,67.5,68.0,6.2
1765480448.4288476,99,19,20,17,22,3.7207260131835938,67.5,68.0,6.2
1765480448.6297731,99,30,24,24,56,3.720600128173828,68.0,68.5,7.312
1765480448.8309703,99,30,24,24,56,3.720600128173828,68.0,68.5,7.312
1765480449.0321975,99,30,24,24,56,3.720600128173828,68.0,68.5,7.312
1765480449.2336345,15,16,25,14,21,3.721527099609375,67.0,69.0,6.129
1765480449.4347653,15,16,25,14,21,3.721527099609375,67.0,69.0,6.129
1765480449.6361313,99,14,19,54,17,3.7216148376464844,68.0,68.5,7.432
1765480449.8371458,99,14,19,54,17,3.7216148376464844,68.0,68.5,7.432
1765480450.0381722,99,14,19,54,17,3.7216148376464844,68.0,68.5,7.432
1765480450.2392032,99,23,19,19,12,3.721881866455078,67.5,68.0,6.937
1765480450.4403303,99,23,19,19,12,3.721881866455078,67.5,68.0,6.937
1765480450.6412334,99,76,35,33,37,3.7216758728027344,68.0,68.5,8.266
1765480450.8422558,99,76,35,33,37,3.7216758728027344,68.0,68.5,8.266
1765480451.0434744,99,76,35,33,37,3.7216758728027344,68.0,68.5,8.266
1765480451.2448063,99,16,17,19,8,3.7223434448242188,68.5,69.0,8.673
1765480451.445967,99,16,17,19,8,3.7223434448242188,68.5,69.0,8.673
1765480451.6472716,99,25,18,59,19,3.721881866455078,68.0,69.5,7.883
1765480451.8483984,99,25,18,59,19,3.721881866455078,68.0,69.5,7.883
1765480452.0494816,99,25,18,59,19,3.721881866455078,68.0,69.5,7.883
1765480452.2508507,98,21,22,18,17,3.7220802307128906,68.0,68.5,7.432
1765480452.4518564,98,21,22,18,17,3.7220802307128906,68.0,68.5,7.432
1765480452.6531255,99,42,32,28,25,3.7225379943847656,67.5,69.0,7.843
1765480452.8540423,99,42,32,28,25,3.7225379943847656,67.5,69.0,7.843
1765480453.0550654,99,42,32,28,25,3.7225379943847656,67.5,69.0,7.843
1765480453.256236,99,36,12,12,9,3.7231292724609375,67.5,68.5,8.266
1765480453.4572732,99,36,12,12,9,3.7231292724609375,67.5,68.5,8.266
1765480453.658349,0,23,18,32,20,3.7228164672851562,67.0,68.0,5.233
1765480453.8594081,0,23,18,32,20,3.7228164672851562,67.0,68.0,5.233
1765480454.0608106,0,23,18,32,20,3.7228164672851562,67.0,68.0,5.233
1765480454.2620366,99,56,25,25,27,3.7228164672851562,67.5,68.5,7.392
1765480454.4631784,99,56,25,25,27,3.7228164672851562,67.5,68.5,7.392
1765480454.6643245,99,18,28,16,23,3.723705291748047,67.0,68.5,6.509
1765480454.8654077,99,18,28,16,23,3.723705291748047,67.0,68.5,6.509
1765480455.0663333,99,18,28,16,23,3.723705291748047,67.0,68.5,6.509
1765480455.2690527,99,29,46,20,24,3.72314453125,67.5,68.5,7.165
1765480455.4702208,99,29,46,20,24,3.72314453125,67.5,68.5,7.165
1765480455.6711602,34,20,19,21,16,3.723163604736328,67.5,68.0,5.506
1765480455.8723693,34,20,19,21,16,3.723163604736328,67.5,68.0,5.506
1765480456.0734448,34,20,19,21,16,3.723163604736328,67.5,68.0,5.506
1765480456.2743745,99,32,31,62,30,3.7226905822753906,68.0,68.5,7.816
1765480456.4756396,99,32,31,62,30,3.7226905822753906,68.0,68.5,7.816
1765480456.6766622,99,18,13,6,14,3.7230148315429688,68.0,69.0,7.843
1765480456.8778071,99,18,13,6,14,3.7230148315429688,68.0,69.0,7.843
1765480457.078863,99,18,13,6,14,3.7230148315429688,68.0,69.0,7.843
1765480457.2800674,99,64,24,28,20,3.7227516174316406,67.5,69.0,8.226
1765480457.4810722,99,64,24,28,20,3.7227516174316406,67.5,69.0,8.226
1765480457.6820521,99,64,24,28,20,3.7227516174316406,67.5,69.0,8.226
1765480457.882964,99,19,14,18,14,3.723125457763672,68.0,69.0,7.777
1765480458.084273,99,19,14,18,14,3.723125457763672,68.0,69.0,7.777
1765480458.2855775,99,34,31,36,43,3.724132537841797,68.0,69.5,8.41
1765480458.4865148,99,34,31,36,43,3.724132537841797,68.0,69.5,8.41
1765480458.6875935,99,34,31,36,43,3.724132537841797,68.0,69.5,8.41
1765480458.8885427,99,12,15,17,17,3.723541259765625,68.0,69.0,7.471
1765480459.0894868,99,12,15,17,17,3.723541259765625,68.0,69.0,7.471
1765480459.2905405,99,41,35,28,25,3.7233963012695312,67.5,68.5,7.816
1765480459.4915767,99,41,35,28,25,3.7233963012695312,67.5,68.5,7.816
1765480459.6927967,99,41,35,28,25,3.7233963012695312,67.5,68.5,7.816
1765480459.8938513,99,44,18,21,16,3.723705291748047,68.0,69.0,8.002
1765480460.094819,99,44,18,21,16,3.723705291748047,68.0,69.0,8.002
1765480460.296143,0,18,27,20,16,3.7253761291503906,67.5,68.5,5.738
1765480460.4973993,0,18,27,20,16,3.7253761291503906,67.5,68.5,5.738
1765480460.698493,0,18,27,20,16,3.7253761291503906,67.5,68.5,5.738
1765480460.8996158,99,16,23,56,18,3.725433349609375,68.0,68.5,7.165
1765480461.1005852,99,16,23,56,18,3.725433349609375,68.0,68.5,7.165
1765480461.3014846,45,19,23,6,24,3.7256088256835938,67.0,68.5,5.152
1765480461.5028594,45,19,23,6,24,3.7256088256835938,67.0,68.5,5.152
1765480461.709448,45,19,23,6,24,3.7256088256835938,67.0,68.5,5.152
1765480461.9104478,99,44,34,35,46,3.7254257202148438,68.0,69.0,8.002
1765480462.1115525,99,44,34,35,46,3.7254257202148438,68.0,69.0,8.002
1765480462.3127918,98,17,10,14,9,3.726093292236328,67.5,69.0,7.578
1765480462.5138562,98,17,10,14,9,3.726093292236328,67.5,69.0,7.578
1765480462.7151272,98,17,10,14,9,3.726093292236328,67.5,69.0,7.578
1765480462.9162338,99,25,22,70,32,3.7252273559570312,67.5,70.0,8.305
1765480463.117343,99,25,22,70,32,3.7252273559570312,67.5,70.0,8.305
1765480463.3185248,99,16,21,16,10,3.7258148193359375,68.0,68.5,7.432
1765480463.5194542,99,16,21,16,10,3.7258148193359375,68.0,68.5,7.432
1765480463.7206323,99,16,21,16,10,3.7258148193359375,68.0,68.5,7.432
1765480463.9216604,99,38,37,22,38,3.7265892028808594,67.5,69.0,8.489
1765480464.122603,99,38,37,22,38,3.7265892028808594,67.5,69.0,8.489
1765480464.3240864,99,15,16,12,20,3.7257347106933594,68.0,69.0,7.883
1765480464.5258975,99,15,16,12,20,3.7257347106933594,68.0,69.0,7.883
1765480464.7271402,99,15,16,12,20,3.7257347106933594,68.0,69.0,7.883
1765480464.928126,99,32,32,30,43,3.7257766723632812,67.5,69.0,7.578
1765480465.1292267,99,32,32,30,43,3.7257766723632812,67.5,69.0,7.578
1765480465.33033,99,19,18,20,46,3.726085662841797,68.0,69.0,7.737
1765480465.5313685,99,19,18,20,46,3.726085662841797,68.0,69.0,7.737
1765480465.7324126,99,19,18,20,46,3.726085662841797,68.0,69.0,7.737
1765480465.933504,85,19,18,16,21,3.726604461669922,68.0,69.0,6.789
1765480466.134432,85,19,18,16,21,3.726604461669922,68.0,69.0,6.789
1765480466.3354669,99,21,20,22,50,3.7257308959960938,68.0,68.5,7.205
1765480466.5367255,99,21,20,22,50,3.7257308959960938,68.0,68.5,7.205
1765480466.7378213,99,21,20,22,50,3.7257308959960938,68.0,68.5,7.205
1765480466.955314,99,28,13,25,21,3.726062774658203,67.0,68.5,6.009
1765480467.1565056,99,28,13,25,21,3.726062774658203,67.0,68.5,6.009
1765480467.3573992,99,26,26,24,62,3.7258377075195312,68.0,68.5,7.618
1765480467.558507,99,26,26,24,62,3.7258377075195312,68.0,68.5,7.618
1765480467.7596698,99,26,26,24,62,3.7258377075195312,68.0,68.5,7.618
1765480467.9605374,99,9,16,9,13,3.7267417907714844,67.0,68.5,6.049
1765480468.1614897,99,9,16,9,13,3.7267417907714844,67.0,68.5,6.049
1765480468.3625417,99,44,44,29,42,3.7425575256347656,67.0,69.0,6.778
1765480468.5635266,99,44,44,29,42,3.7425575256347656,67.0,69.0,6.778
1765480468.7648418,99,44,44,29,42,3.7425575256347656,67.0,69.0,6.778
1765480468.965858,99,28,20,20,38,3.74365234375,67.5,69.0,7.71
1765480469.166863,99,28,20,20,38,3.74365234375,67.5,69.0,7.71
1765480469.3676906,99,24,18,23,30,3.744140625,67.5,69.0,7.006
1765480469.5687523,99,24,18,23,30,3.744140625,67.5,69.0,7.006
1765480469.76981,99,24,18,23,30,3.744140625,67.5,69.0,7.006
1765480469.9709954,99,14,21,18,54,3.7115707397460938,68.0,68.5,7.352
1765480470.1720643,99,14,21,18,54,3.7115707397460938,68.0,68.5,7.352
1765480470.373027,99,14,21,18,54,3.7115707397460938,68.0,68.5,7.352
1765480470.574021,85,25,26,19,19,3.711292266845703,67.0,69.0,5.889
1765480470.7749612,85,25,26,19,19,3.711292266845703,67.0,69.0,5.889
1765480470.9760559,99,23,48,22,50,3.711322784423828,68.0,69.0,7.777
1765480471.1771257,99,23,48,22,50,3.711322784423828,68.0,69.0,7.777
1765480471.3780434,99,23,48,22,50,3.711322784423828,68.0,69.0,7.777
1765480471.5792532,99,15,6,12,4,3.7119979858398438,68.0,69.0,7.432
1765480471.7805173,99,15,6,12,4,3.7119979858398438,68.0,69.0,7.432
1765480471.9816089,99,28,23,60,33,3.711273193359375,68.0,68.5,8.042
1765480472.1826131,99,28,23,60,33,3.711273193359375,68.0,68.5,8.042
1765480472.3836439,99,28,23,60,33,3.711273193359375,68.0,68.5,8.042
1765480472.5846345,99,18,26,15,16,3.7112503051757812,68.0,68.5,7.737
1765480472.785799,99,18,26,15,16,3.7112503051757812,68.0,68.5,7.737
1765480472.9870374,99,27,31,42,37,3.7120590209960938,67.5,69.5,8.45
1765480473.1880746,99,27,31,42,37,3.7120590209960938,67.5,69.5,8.45
1765480473.3892202,99,27,31,42,37,3.7120590209960938,67.5,69.5,8.45
1765480473.5901172,98,15,11,17,14,3.71142578125,68.0,68.5,7.432
1765480473.7912426,98,15,11,17,14,3.71142578125,68.0,68.5,7.432
1765480473.9927237,99,23,36,44,23,3.7112770080566406,68.0,69.0,7.816
1765480474.1937456,99,23,36,44,23,3.7112770080566406,68.0,69.0,7.816
1765480474.3949144,99,23,36,44,23,3.7112770080566406,68.0,69.0,7.816
1765480474.5959573,99,21,21,42,18,3.711261749267578,68.0,69.0,7.618
1765480474.796889,99,21,21,42,18,3.711261749267578,68.0,69.0,7.618
1765480474.998079,99,22,26,30,29,3.7117919921875,67.0,69.0,7.432
1765480475.1993067,99,22,26,30,29,3.7117919921875,67.0,69.0,7.432
1765480475.4004264,99,22,26,30,29,3.7117919921875,67.0,69.0,7.432
1765480475.601438,99,19,48,14,22,3.711505889892578,68.0,68.5,7.618
1765480475.802335,99,19,48,14,22,3.711505889892578,68.0,68.5,7.618
1765480476.0078793,99,21,25,28,18,3.7115325927734375,68.0,68.5,6.629
1765480476.2090697,99,21,25,28,18,3.7115325927734375,68.0,68.5,6.629
1765480476.4100683,99,21,25,28,18,3.7115325927734375,68.0,68.5,6.629
1765480476.6111953,99,30,24,28,57,3.7126007080078125,68.0,68.5,7.432
1765480476.8122563,99,30,24,28,57,3.7126007080078125,68.0,68.5,7.432
1765480477.0132291,0,18,15,15,16,3.712860107421875,67.0,69.0,5.466
1765480477.214376,0,18,15,15,16,3.712860107421875,67.0,69.0,5.466
1765480477.4154367,0,18,15,15,16,3.712860107421875,67.0,69.0,5.466
1765480477.6165726,99,24,21,63,27,3.7119979858398438,68.0,68.5,7.658
1765480477.8177223,99,24,21,63,27,3.7119979858398438,68.0,68.5,7.658
1765480478.0187879,99,18,16,15,20,3.7125930786132812,68.0,68.5,7.085
1765480478.219867,99,18,16,15,20,3.7125930786132812,68.0,68.5,7.085
1765480478.4208686,99,18,16,15,20,3.7125930786132812,68.0,68.5,7.085
1765480478.6220074,0,42,34,32,32,3.7611618041992188,66.5,68.5,4.563
1765480478.823102,0,42,34,32,32,3.7611618041992188,66.5,68.5,4.563
1765480479.024093,99,56,24,10,26,3.7560882568359375,68.0,68.5,7.312
1765480479.2252362,99,56,24,10,26,3.7560882568359375,68.0,68.5,7.312
1765480479.4261477,99,56,24,10,26,3.7560882568359375,68.0,68.5,7.312
1765480479.6270988,0,18,18,8,14,3.7561874389648438,67.0,68.5,4.919
1765480479.8284328,0,18,18,8,14,3.7561874389648438,67.0,68.5,4.919
1765480480.0294743,99,35,62,33,40,3.7044944763183594,68.0,69.0,8.687
1765480480.2304301,99,35,62,33,40,3.7044944763183594,68.0,69.0,8.687
1765480480.4313593,99,35,62,33,40,3.7044944763183594,68.0,69.0,8.687
1765480480.632452,99,23,10,15,15,3.705394744873047,68.0,69.0,8.371
1765480480.8337836,99,23,10,15,15,3.705394744873047,68.0,69.0,8.371
1765480481.0349054,99,20,30,23,54,3.7045860290527344,67.5,69.0,8.16
1765480481.235929,99,20,30,23,54,3.7045860290527344,67.5,69.0,8.16
1765480481.4370995,99,20,30,23,54,3.7045860290527344,67.5,69.0,8.16
1765480481.63816,98,25,24,17,14,3.70526123046875,68.0,68.5,7.352
1765480481.8391027,98,25,24,17,14,3.70526123046875,68.0,68.5,7.352
1765480482.0406227,98,25,24,17,14,3.70526123046875,68.0,68.5,7.352
1765480482.2417836,99,32,29,38,23,3.705047607421875,68.0,69.5,8.081
1765480482.442844,99,32,29,38,23,3.705047607421875,68.0,69.5,8.081
1765480482.6441362,99,13,15,33,11,3.705310821533203,68.0,68.5,8.187
1765480482.8450952,99,13,15,33,11,3.705310821533203,68.0,68.5,8.187
1765480483.0461574,99,13,15,33,11,3.705310821533203,68.0,68.5,8.187
1765480483.2472434,99,24,19,38,22,3.7050399780273438,67.5,68.5,7.471
1765480483.4488468,99,24,19,38,22,3.7050399780273438,67.5,68.5,7.471
1765480483.6499085,99,50,18,26,20,3.7049293518066406,68.0,69.0,7.697
1765480483.8511395,99,50,18,26,20,3.7049293518066406,68.0,69.0,7.697
1765480484.052239,99,50,18,26,20,3.7049293518066406,68.0,69.0,7.697
1765480484.2532735,99,20,22,28,22,3.705963134765625,67.5,69.5,7.205
1765480484.454199,99,20,22,28,22,3.705963134765625,67.5,69.5,7.205
1765480484.6554124,99,24,14,54,21,3.7051124572753906,67.5,68.5,7.432
1765480484.8566911,99,24,14,54,21,3.7051124572753906,67.5,68.5,7.432
1765480485.057621,99,24,14,54,21,3.7051124572753906,67.5,68.5,7.432
1765480485.258566,95,27,32,19,23,3.7052154541015625,67.5,68.5,6.089
1765480485.4596682,95,27,32,19,23,3.7052154541015625,67.5,68.5,6.089
1765480485.6607025,99,31,28,31,58,3.7048187255859375,68.0,69.0,7.658
1765480485.861727,99,31,28,31,58,3.7048187255859375,68.0,69.0,7.658
1765480486.0627072,99,31,28,31,58,3.7048187255859375,68.0,69.0,7.658
1765480486.2636185,97,6,14,7,15,3.705768585205078,68.0,69.0,7.392
1765480486.4646926,97,6,14,7,15,3.705768585205078,68.0,69.0,7.392
1765480486.6657157,99,62,22,32,24,3.705394744873047,67.5,69.0,8.002
1765480486.866777,99,62,22,32,24,3.705394744873047,67.5,69.0,8.002
1765480487.0681393,99,62,22,32,24,3.705394744873047,67.5,69.0,8.002
1765480487.2692223,99,28,18,17,21,3.70587158203125,68.0,68.5,7.923
1765480487.4704423,99,28,18,17,21,3.70587158203125,68.0,68.5,7.923
1765480487.6714392,99,40,35,27,42,3.709320068359375,68.0,69.5,8.41
1765480487.8727298,99,40,35,27,42,3.709320068359375,68.0,69.5,8.41
1765480488.0737534,99,40,35,27,42,3.709320068359375,68.0,69.5,8.41
1765480488.2748754,99,20,8,13,13,3.708831787109375,68.0,69.0,7.777
1765480488.4758039,99,20,8,13,13,3.708831787109375,68.0,69.0,7.777
1765480488.6769605,99,39,27,37,31,3.7091407775878906,67.5,69.0,7.499
1765480488.8779144,99,39,27,37,31,3.7091407775878906,67.5,69.0,7.499
1765480489.0790207,99,39,27,37,31,3.7091407775878906,67.5,69.0,7.499
1765480489.2802458,99,18,46,10,16,3.710338592529297,68.0,69.0,7.737
1765480489.4812737,99,18,46,10,16,3.710338592529297,68.0,69.0,7.737
1765480489.6826334,32,23,19,26,21,3.711345672607422,67.5,69.0,6.089
1765480489.8836043,32,23,19,26,21,3.711345672607422,67.5,69.0,6.089
1765480490.0847232,32,23,19,26,21,3.711345672607422,67.5,69.0,6.089
1765480490.2858708,99,53,18,18,19,3.710529327392578,68.0,69.0,7.284
1765480490.486962,99,53,18,18,19,3.710529327392578,68.0,69.0,7.284
1765480490.6878436,88,30,18,16,16,3.710491180419922,67.0,68.5,6.049
1765480490.8890014,88,30,18,16,16,3.710491180419922,67.0,68.5,6.049
1765480491.0898974,88,30,18,16,16,3.710491180419922,67.0,68.5,6.049
1765480491.2909324,99,31,25,59,30,3.7102317810058594,68.0,69.0,7.499
1765480491.492198,99,31,25,59,30,3.7102317810058594,68.0,69.0,7.499
1765480491.6939542,99,31,25,59,30,3.7102317810058594,68.0,69.0,7.499
1765480491.8949041,99,10,14,13,10,3.7108421325683594,67.5,69.0,6.36
1765480492.09605,99,10,14,13,10,3.7108421325683594,67.5,69.0,6.36
1765480492.2970665,99,66,27,33,28,3.7101821899414062,67.5,69.0,8.081
1765480492.498029,99,66,27,33,28,3.7101821899414062,67.5,69.0,8.081
1765480492.699014,99,66,27,33,28,3.7101821899414062,67.5,69.0,8.081
1765480492.8999677,99,20,16,19,14,3.7110824584960938,68.0,69.0,7.352
1765480493.1009865,99,20,16,19,14,3.7110824584960938,68.0,69.0,7.352
1765480493.3021407,99,48,30,32,52,3.711376190185547,68.0,69.5,8.633
1765480493.503166,99,48,30,32,52,3.711376190185547,68.0,69.5,8.633
1765480493.7043467,99,48,30,32,52,3.711376190185547,68.0,69.5,8.633
1765480493.9051507,99,13,8,11,10,3.7105941772460938,68.0,69.0,7.165
1765480494.1062615,99,13,8,11,10,3.7105941772460938,68.0,69.0,7.165
1765480494.3072467,99,32,30,27,51,3.7110252380371094,68.0,69.5,8.002
1765480494.5085573,99,32,30,27,51,3.7110252380371094,68.0,69.5,8.002
1765480494.7095568,99,32,30,27,51,3.7110252380371094,68.0,69.5,8.002
1765480494.9106555,98,38,17,14,16,3.7109222412109375,68.0,69.0,7.578
1765480495.111667,98,38,17,14,16,3.7109222412109375,68.0,69.0,7.578
1765480495.3127148,99,28,30,28,31,3.711883544921875,67.0,70.0,7.578
1765480495.513623,99,28,30,28,31,3.711883544921875,67.0,70.0,7.578
1765480495.7146816,99,28,30,28,31,3.711883544921875,67.0,70.0,7.578
1765480495.915858,99,20,10,34,24,3.710418701171875,68.0,69.0,7.777
1765480496.1171107,99,20,10,34,24,3.710418701171875,68.0,69.0,7.777
1765480496.3183455,99,18,28,21,20,3.7109146118164062,68.0,69.0,6.32
1765480496.5194483,99,18,28,21,20,3.7109146118164062,68.0,69.0,6.32
1765480496.7206984,99,18,28,21,20,3.7109146118164062,68.0,69.0,6.32
1765480496.9216743,99,27,22,69,34,3.7120819091796875,67.5,69.0,7.697
1765480497.1226935,99,27,22,69,34,3.7120819091796875,67.5,69.0,7.697
1765480497.323641,76,26,20,20,12,3.712615966796875,67.0,69.0,6.049
1765480497.524846,76,26,20,20,12,3.712615966796875,67.0,69.0,6.049
1765480497.726078,76,26,20,20,12,3.712615966796875,67.0,69.0,6.049
1765480497.927054,99,24,30,64,19,3.71240234375,68.0,69.0,7.658
1765480498.1280377,99,24,30,64,19,3.71240234375,68.0,69.0,7.658
1765480498.3289135,99,22,17,21,14,3.712451934814453,67.5,68.0,7.006
1765480498.5298612,99,22,17,21,14,3.712451934814453,67.5,68.0,7.006
1765480498.731052,99,22,17,21,14,3.712451934814453,67.5,68.0,7.006
1765480498.9321043,98,36,61,26,30,3.7137413024902344,68.0,69.5,8.752
1765480499.1330209,98,36,61,26,30,3.7137413024902344,68.0,69.5,8.752
1765480499.3341491,99,10,10,11,6,3.7132797241210938,68.0,69.0,7.539
1765480499.5351052,99,10,10,11,6,3.7132797241210938,68.0,69.0,7.539
1765480499.7362857,99,10,10,11,6,3.7132797241210938,68.0,69.0,7.539
1765480499.937381,99,29,36,24,56,3.7141036987304688,67.5,69.0,7.923
1765480500.1382651,99,29,36,24,56,3.7141036987304688,67.5,69.0,7.923
1765480500.3391552,99,18,23,30,31,3.7145462036132812,68.0,69.0,7.804
1765480500.5401511,99,18,23,30,31,3.7145462036132812,68.0,69.0,7.804
1765480500.741063,99,18,23,30,31,3.7145462036132812,68.0,69.0,7.804
1765480500.9422464,99,24,28,24,25,3.716350555419922,67.0,69.5,7.658
1765480501.1432462,99,24,28,24,25,3.716350555419922,67.0,69.5,7.658
1765480501.3443432,99,18,14,18,36,3.7155227661132812,68.0,69.0,7.539
1765480501.5456333,99,18,14,18,36,3.7155227661132812,68.0,69.0,7.539
1765480501.746614,99,18,14,18,36,3.7155227661132812,68.0,69.0,7.539
1765480501.947599,99,25,18,26,21,3.7159957885742188,67.5,69.0,6.36
1765480502.1486893,99,25,18,26,21,3.7159957885742188,67.5,69.0,6.36
1765480502.3498006,99,25,18,26,21,3.7159957885742188,67.5,69.0,6.36
1765480502.5509458,99,32,26,24,69,3.7180862426757812,67.5,69.5,7.777
1765480502.7522333,99,32,26,24,69,3.7180862426757812,67.5,69.5,7.777
1765480502.9531763,0,11,8,15,15,3.7183609008789062,66.5,68.5,5.273
1765480503.1543336,0,11,8,15,15,3.7183609008789062,66.5,68.5,5.273
1765480503.358245,0,11,8,15,15,3.7183609008789062,66.5,68.5,5.273
1765480503.5593717,98,26,36,20,68,3.7185935974121094,68.0,69.5,8.108
1765480503.7603884,98,26,36,20,68,3.7185935974121094,68.0,69.5,8.108
1765480503.9615552,99,14,16,18,23,3.7191505432128906,67.5,69.0,7.511
1765480504.1627011,99,14,16,18,23,3.7191505432128906,67.5,69.0,7.511
1765480504.3639796,99,14,16,18,23,3.7191505432128906,67.5,69.0,7.511
1765480504.5649908,99,31,26,50,35,3.720569610595703,68.0,70.0,8.568
1765480504.7660913,99,31,26,50,35,3.720569610595703,68.0,70.0,8.568
1765480504.9670694,99,22,16,19,14,3.7198562622070312,67.5,69.0,7.233
1765480505.1680603,99,22,16,19,14,3.7198562622070312,67.5,69.0,7.233
1765480505.369231,99,22,16,19,14,3.7198562622070312,67.5,69.0,7.233
1765480505.5703127,99,34,34,35,46,3.72027587890625,67.5,69.5,8.226
1765480505.7712908,99,34,34,35,46,3.72027587890625,67.5,69.5,8.226
1765480505.972367,99,42,15,20,10,3.720367431640625,68.0,69.5,7.816
1765480506.1732392,99,42,15,20,10,3.720367431640625,68.0,69.5,7.816
1765480506.377862,99,42,15,20,10,3.720367431640625,68.0,69.5,7.816
1765480506.5790434,98,17,32,16,20,3.721385955810547,67.0,70.0,6.618
1765480506.779998,98,17,32,16,20,3.721385955810547,67.0,70.0,6.618
1765480506.9808855,99,20,26,25,42,3.7203636169433594,68.0,69.0,7.658
1765480507.1819906,99,20,26,25,42,3.7203636169433594,68.0,69.0,7.658
1765480507.382907,99,20,26,25,42,3.7203636169433594,68.0,69.0,7.658
1765480507.5843947,99,28,16,20,28,3.720539093017578,68.0,69.0,6.589
1765480507.7854505,99,28,16,20,28,3.720539093017578,68.0,69.0,6.589
1765480507.986622,99,26,33,59,28,3.7210693359375,68.0,69.0,7.883
1765480508.1877706,99,26,33,59,28,3.7210693359375,68.0,69.0,7.883
1765480508.3925018,99,26,33,59,28,3.7210693359375,68.0,69.0,7.883
1765480508.5984216,58,10,15,15,19,3.721160888671875,67.5,69.0,6.089
1765480508.7995415,58,10,15,15,19,3.721160888671875,67.5,69.0,6.089
1765480509.000562,99,26,23,26,62,3.7213287353515625,68.0,69.0,7.618
1765480509.2015643,99,26,23,26,62,3.7213287353515625,68.0,69.0,7.618
1765480509.40264,99,26,23,26,62,3.7213287353515625,68.0,69.0,7.618
1765480509.6035478,99,21,16,14,12,3.7212677001953125,68.0,68.5,7.046
1765480509.806586,99,21,16,14,12,3.7212677001953125,68.0,68.5,7.046
1765480510.007712,99,24,58,33,32,3.7226715087890625,67.5,69.5,8.752
1765480510.2086596,99,24,58,33,32,3.7226715087890625,67.5,69.5,8.752
1765480510.4096503,99,24,58,33,32,3.7226715087890625,67.5,69.5,8.752
1765480510.6106114,99,10,16,14,16,3.7219161987304688,67.5,69.0,7.432
1765480510.8115747,99,10,16,14,16,3.7219161987304688,67.5,69.0,7.432
1765480511.0126512,99,41,24,26,32,3.7219161987304688,67.0,69.0,6.937
1765480511.2137055,99,41,24,26,32,3.7219161987304688,67.0,69.0,6.937
1765480511.4155016,99,41,24,26,32,3.7219161987304688,67.0,69.0,6.937
1765480511.616733,99,28,20,38,16,3.7224998474121094,68.0,69.0,7.962
1765480511.8178,99,28,20,38,16,3.7224998474121094,68.0,69.0,7.962
1765480512.0188518,29,22,14,15,23,3.7230796813964844,67.0,69.0,6.129
1765480512.2201622,29,22,14,15,23,3.7230796813964844,67.0,69.0,6.129
1765480512.4211266,29,22,14,15,23,3.7230796813964844,67.0,69.0,6.129
1765480512.6221702,99,25,27,48,20,3.7225265502929688,68.0,68.5,7.245
1765480512.8230371,99,25,27,48,20,3.7225265502929688,68.0,68.5,7.245
1765480513.0238729,59,23,23,27,22,3.7227134704589844,67.5,68.5,6.209
1765480513.2250142,59,23,23,27,22,3.7227134704589844,67.5,68.5,6.209
1765480513.4261177,59,23,23,27,22,3.7227134704589844,67.5,68.5,6.209
1765480513.6271207,99,26,34,24,60,3.7236099243164062,68.0,69.5,8.226
1765480513.8282483,99,26,34,24,60,3.7236099243164062,68.0,69.5,8.226
1765480514.0291703,99,26,34,24,60,3.7236099243164062,68.0,69.5,8.226
1765480514.2302122,94,11,6,9,6,3.72332763671875,67.5,68.5,6.169
1765480514.4312043,94,11,6,9,6,3.72332763671875,67.5,68.5,6.169
1765480514.6322567,98,41,28,27,71,3.723499298095703,68.0,69.0,8.068
1765480514.8332012,98,41,28,27,71,3.723499298095703,68.0,69.0,8.068
1765480515.0342927,98,41,28,27,71,3.723499298095703,68.0,69.0,8.068
1765480515.2353315,99,15,23,20,19,3.7237205505371094,68.0,69.0,7.923
1765480515.4367027,99,15,23,20,19,3.7237205505371094,68.0,69.0,7.923
1765480515.63787,99,33,40,40,28,3.7262535095214844,68.0,69.0,8.41
1765480515.8387573,99,33,40,40,28,3.7262535095214844,68.0,69.0,8.41
1765480516.0397503,99,33,40,40,28,3.7262535095214844,68.0,69.0,8.41
1765480516.240857,99,18,19,17,18,3.7248001098632812,68.0,69.0,7.856
1765480516.4419596,99,18,19,17,18,3.7248001098632812,68.0,69.0,7.856
1765480516.6429417,99,24,42,28,27,3.724742889404297,67.5,69.0,7.165
1765480516.8439035,99,24,42,28,27,3.724742889404297,67.5,69.0,7.165
1765480517.0450058,99,24,42,28,27,3.724742889404297,67.5,69.0,7.165
1765480517.246109,99,23,21,47,19,3.7252769470214844,68.0,69.0,7.856
1765480517.4474106,99,23,21,47,19,3.7252769470214844,68.0,69.0,7.856
1765480517.6485374,99,19,12,15,16,3.7257308959960938,67.5,68.5,6.589
1765480517.8497164,99,19,12,15,16,3.7257308959960938,67.5,68.5,6.589
1765480518.0506887,99,19,12,15,16,3.7257308959960938,67.5,68.5,6.589
1765480518.2516425,99,29,28,50,25,3.7248573303222656,67.5,69.0,7.165
1765480518.4525678,99,29,28,50,25,3.7248573303222656,67.5,69.0,7.165
1765480518.6535168,99,26,22,29,19,3.7256546020507812,67.5,68.5,6.129
1765480518.8545573,99,26,22,29,19,3.7256546020507812,67.5,68.5,6.129
1765480519.0557184,99,26,22,29,19,3.7256546020507812,67.5,68.5,6.129
1765480519.2566,99,32,63,20,24,3.726634979248047,68.0,69.0,8.226
1765480519.4576666,99,32,63,20,24,3.726634979248047,68.0,69.0,8.226
1765480519.6586492,99,10,9,8,9,3.726146697998047,67.5,68.5,6.089
1765480519.8597507,99,10,9,8,9,3.726146697998047,67.5,68.5,6.089
1765480520.0608304,99,10,9,8,9,3.726146697998047,67.5,68.5,6.089
1765480520.2617917,99,32,26,64,35,3.725696563720703,68.0,69.0,8.042
1765480520.4629066,99,32,26,64,35,3.725696563720703,68.0,69.0,8.042
1765480520.6638894,99,18,21,10,17,3.725433349609375,68.0,68.5,7.165
1765480520.8649802,99,18,21,10,17,3.725433349609375,68.0,68.5,7.165
1765480521.0661428,99,18,21,10,17,3.725433349609375,68.0,68.5,7.165
1765480521.2672093,99,24,52,22,38,3.7276992797851562,68.0,69.5,8.673
1765480521.4684803,99,24,52,22,38,3.7276992797851562,68.0,69.5,8.673
1765480521.6699123,99,22,11,16,14,3.726348876953125,68.0,69.0,7.352
1765480521.8710632,99,22,11,16,14,3.726348876953125,68.0,69.0,7.352
1765480522.0720217,99,22,11,16,14,3.726348876953125,68.0,69.0,7.352
1765480522.2730992,99,42,26,37,37,3.726154327392578,67.5,69.5,7.777
1765480522.4742424,99,42,26,37,37,3.726154327392578,67.5,69.5,7.777
1765480522.6753829,99,22,43,16,16,3.726970672607422,68.0,69.5,8.266
1765480522.8764188,99,22,43,16,16,3.726970672607422,68.0,69.5,8.266
1765480523.0775666,99,22,43,16,16,3.726970672607422,68.0,69.5,8.266
1765480523.2786658,35,17,17,28,15,3.7270278930664062,67.5,70.5,6.389
1765480523.479791,35,17,17,28,15,3.7270278930664062,67.5,70.5,6.389
1765480523.6809928,35,17,17,28,15,3.7270278930664062,67.5,70.5,6.389
1765480523.882231,99,44,25,26,19,3.7273178100585938,68.0,69.0,7.697
1765480524.083356,99,44,25,26,19,3.7273178100585938,68.0,69.0,7.697
1765480524.2846892,99,25,13,29,19,3.7269554138183594,68.0,69.0,6.4
1765480524.485959,99,25,13,29,19,3.7269554138183594,68.0,69.0,6.4
1765480524.687147,99,25,13,29,19,3.7269554138183594,68.0,69.0,6.4
1765480524.8883104,99,30,18,64,32,3.7298583984375,68.0,70.0,8.147
1765480525.089291,99,30,18,64,32,3.7298583984375,68.0,70.0,8.147
1765480525.2904575,0,8,12,8,10,3.7286224365234375,67.0,68.5,5.152
1765480525.4915683,0,8,12,8,10,3.7286224365234375,67.0,68.5,5.152
1765480525.6925545,0,8,12,8,10,3.7286224365234375,67.0,68.5,5.152
1765480525.8937094,99,28,61,35,27,3.728374481201172,68.0,69.0,7.618
1765480526.094856,99,28,61,35,27,3.728374481201172,68.0,69.0,7.618
1765480526.295793,99,22,17,17,21,3.7286109924316406,68.0,69.0,7.658
1765480526.4970055,99,22,17,17,21,3.7286109924316406,68.0,69.0,7.658
1765480526.6981661,99,22,17,17,21,3.7286109924316406,68.0,69.0,7.658
1765480526.8992918,99,58,18,23,34,3.7295303344726562,68.0,70.0,8.633
1765480527.1004639,99,58,18,23,34,3.7295303344726562,68.0,70.0,8.633
1765480527.3018134,99,15,10,6,14,3.7288169860839844,68.0,69.0,7.843
1765480527.5028327,99,15,10,6,14,3.7288169860839844,68.0,69.0,7.843
1765480527.7041976,99,15,10,6,14,3.7288169860839844,68.0,69.0,7.843
1765480527.9052143,99,28,47,36,30,3.729084014892578,68.0,69.0,7.962
1765480528.106278,99,28,47,36,30,3.729084014892578,68.0,69.0,7.962
1765480528.3073897,99,18,32,12,17,3.729320526123047,68.5,69.0,8.226
1765480528.5085332,99,18,32,12,17,3.729320526123047,68.5,69.0,8.226
1765480528.7098897,99,18,32,12,17,3.729320526123047,68.5,69.0,8.226
1765480528.9111829,99,24,17,25,27,3.7294960021972656,67.5,69.0,7.193
1765480529.1123798,99,24,17,25,27,3.7294960021972656,67.5,69.0,7.193
1765480529.3134503,99,31,26,26,33,3.729480743408203,68.0,69.0,7.618
1765480529.51475,99,31,26,26,33,3.729480743408203,68.0,69.0,7.618
1765480529.7158172,99,31,26,26,33,3.729480743408203,68.0,69.0,7.618
1765480529.9171576,99,20,16,32,23,3.729694366455078,68.0,69.0,6.509
1765480530.1180892,99,20,16,32,23,3.729694366455078,68.0,69.0,6.509
1765480530.3191516,99,64,27,18,14,3.7309799194335938,68.5,70.0,8.147
1765480530.520533,99,64,27,18,14,3.7309799194335938,68.5,70.0,8.147
1765480530.721708,99,64,27,18,14,3.7309799194335938,68.5,70.0,8.147
1765480530.9229465,72,19,12,22,13,3.7305030822753906,67.5,69.0,6.129
1765480531.123987,72,19,12,22,13,3.7305030822753906,67.5,69.0,6.129
1765480531.3249364,99,31,60,31,28,3.7305068969726562,68.0,69.0,7.697
1765480531.5260417,99,31,60,31,28,3.7305068969726562,68.0,69.0,7.697
1765480531.7284431,99,31,60,31,28,3.7305068969726562,68.0,69.0,7.697
1765480531.929527,94,19,16,15,13,3.7309608459472656,68.0,69.0,6.818
1765480532.1308537,94,19,16,15,13,3.7309608459472656,68.0,69.0,6.818
1765480532.3319764,99,22,64,18,28,3.7323074340820312,68.0,69.5,8.568
1765480532.5331922,99,22,64,18,28,3.7323074340820312,68.0,69.5,8.568
1765480532.7345097,99,22,64,18,28,3.7323074340820312,68.0,69.5,8.568
1765480532.9355724,99,16,6,17,16,3.7308082580566406,68.0,69.0,7.471
1765480533.1364803,99,16,6,17,16,3.7308082580566406,68.0,69.0,7.471
1765480533.3390534,99,35,50,25,26,3.731311798095703,68.0,69.0,7.511
1765480533.540116,99,35,50,25,26,3.731311798095703,68.0,69.0,7.511
1765480533.741345,99,35,50,25,26,3.731311798095703,68.0,69.0,7.511
1765480533.942549,98,20,38,21,19,3.732227325439453,68.5,69.5,8.345
1765480534.1435604,98,20,38,21,19,3.732227325439453,68.5,69.5,8.345
1765480534.3447225,0,16,27,21,19,3.7317733764648438,67.0,70.0,5.032
1765480534.553478,0,16,27,21,19,3.7317733764648438,67.0,70.0,5.032
1765480534.7545948,0,16,27,21,19,3.7317733764648438,67.0,70.0,5.032
1765480534.955798,99,25,39,26,26,3.732128143310547,68.0,69.0,7.046
1765480535.1571357,99,25,39,26,26,3.732128143310547,68.0,69.0,7.046
1765480535.3580704,99,23,33,18,23,3.7322120666503906,68.0,68.5,6.2
1765480535.5593762,99,23,33,18,23,3.7322120666503906,68.0,68.5,6.2
1765480535.7604625,99,23,33,18,23,3.7322120666503906,68.0,68.5,6.2
1765480535.9616458,99,26,25,63,16,3.733470916748047,68.5,69.5,7.883
1765480536.1629057,99,26,25,63,16,3.733470916748047,68.5,69.5,7.883
1765480536.3637736,99,26,25,63,16,3.733470916748047,68.5,69.5,7.883
1765480536.5650945,99,8,6,13,6,3.732830047607422,67.5,69.0,5.425
1765480536.7662354,99,8,6,13,6,3.732830047607422,67.5,69.0,5.425
1765480536.9672549,99,30,70,27,29,3.7329483032226562,68.0,69.0,7.804
1765480537.1682956,99,30,70,27,29,3.7329483032226562,68.0,69.0,7.804
1765480537.369253,99,30,70,27,29,3.7329483032226562,68.0,69.0,7.804
1765480537.5702434,99,18,19,14,21,3.733531951904297,68.5,69.0,7.697
1765480537.7716167,99,18,19,14,21,3.733531951904297,68.5,69.0,7.697
1765480537.9727194,99,21,25,18,52,3.733837127685547,68.0,69.5,8.41
1765480538.1737163,99,21,25,18,52,3.733837127685547,68.0,69.5,8.41
1765480538.3748016,99,21,25,18,52,3.733837127685547,68.0,69.5,8.41
1765480538.5757554,99,23,21,14,20,3.7333908081054688,68.0,69.0,7.125
1765480538.7769897,99,23,21,14,20,3.7333908081054688,68.0,69.0,7.125
1765480538.978179,99,21,29,30,44,3.733806610107422,68.0,69.5,8.226
1765480539.1790173,99,21,29,30,44,3.733806610107422,68.0,69.5,8.226
1765480539.3800924,99,21,29,30,44,3.733806610107422,68.0,69.5,8.226
1765480539.581112,99,14,19,37,19,3.7349853515625,68.5,69.0,8.424
1765480539.7821674,99,14,19,37,19,3.7349853515625,68.5,69.0,8.424
1765480539.9842842,79,21,24,16,24,3.734363555908203,67.5,69.5,6.629
1765480540.1854599,79,21,24,16,24,3.734363555908203,67.5,69.5,6.629
1765480540.3865268,79,21,24,16,24,3.734363555908203,67.5,69.5,6.629
1765480540.5876684,99,22,34,27,49,3.7344741821289062,68.0,69.0,7.352
1765480540.7886102,99,22,34,27,49,3.7344741821289062,68.0,69.0,7.352
1765480540.993374,99,25,24,20,14,3.7343406677246094,68.0,68.5,6.2
1765480541.1944818,99,25,24,20,14,3.7343406677246094,68.0,68.5,6.2
1765480541.395462,99,25,24,20,14,3.7343406677246094,68.0,68.5,6.2
1765480541.5965974,99,60,22,25,21,3.7351531982421875,68.0,69.5,7.777
1765480541.7976246,99,60,22,25,21,3.7351531982421875,68.0,69.5,7.777
1765480541.9986145,8,15,8,19,15,3.7350616455078125,68.0,69.0,5.425
1765480542.1998343,8,15,8,19,15,3.7350616455078125,68.0,69.0,5.425
1765480542.4010036,8,15,8,19,15,3.7350616455078125,68.0,69.0,5.425
1765480542.6019394,99,55,36,31,32,3.7350006103515625,68.0,69.0,7.804
1765480542.8029819,99,55,36,31,32,3.7350006103515625,68.0,69.0,7.804
1765480543.003902,98,19,25,16,16,3.735492706298828,68.0,69.0,7.618
1765480543.205474,98,19,25,16,16,3.735492706298828,68.0,69.0,7.618
1765480543.4065373,98,19,25,16,16,3.735492706298828,68.0,69.0,7.618
1765480543.608048,99,23,56,30,18,3.7353973388671875,68.0,69.0,8.002
1765480543.8093429,99,23,56,30,18,3.7353973388671875,68.0,69.0,8.002
1765480544.0104911,99,18,25,16,16,3.7357101440429688,68.0,68.5,7.273
1765480544.2114396,99,18,25,16,16,3.7357101440429688,68.0,68.5,7.273
1765480544.412666,99,18,25,16,16,3.7357101440429688,68.0,68.5,7.273
1765480544.6137576,99,26,53,34,28,3.735870361328125,68.0,69.0,7.883
1765480544.815041,99,26,53,34,28,3.735870361328125,68.0,69.0,7.883
1765480545.0162826,99,18,35,15,19,3.7363548278808594,68.0,69.5,8.41
1765480545.2171695,99,18,35,15,19,3.7363548278808594,68.0,69.5,8.41
1765480545.4181256,99,18,35,15,19,3.7363548278808594,68.0,69.5,8.41
1765480545.6193483,99,22,36,26,28,3.735973358154297,67.5,69.5,7.551
1765480545.8205178,99,22,36,26,28,3.735973358154297,67.5,69.5,7.551
1765480546.021538,99,21,22,20,40,3.73583984375,68.5,69.0,7.511
1765480546.222468,99,21,22,20,40,3.73583984375,68.5,69.0,7.511
1765480546.4234252,99,21,22,20,40,3.73583984375,68.5,69.0,7.511
1765480546.6243892,99,28,20,24,22,3.73602294921875,68.0,68.5,6.089
1765480546.8253858,99,28,20,24,22,3.73602294921875,68.0,68.5,6.089
1765480547.026627,0,26,24,20,35,3.751453399658203,66.5,68.5,4.004
1765480547.227813,0,26,24,20,35,3.751453399658203,66.5,68.5,4.004
1765480547.428969,0,26,24,20,35,3.751453399658203,66.5,68.5,4.004
1765480547.6300044,99,22,48,14,20,3.7510528564453125,68.0,68.5,7.165
1765480547.8310776,99,22,48,14,20,3.7510528564453125,68.0,68.5,7.165
1765480548.0320182,99,20,33,24,12,3.751171112060547,67.5,69.0,6.009
1765480548.23304,99,20,33,24,12,3.751171112060547,67.5,69.0,6.009
1765480548.434117,99,20,33,24,12,3.751171112060547,67.5,69.0,6.009
1765480548.6351037,99,31,27,67,29,3.7526321411132812,68.5,69.5,8.45
1765480548.836401,99,31,27,67,29,3.7526321411132812,68.5,69.5,8.45
1765480549.037457,99,31,27,67,29,3.7526321411132812,68.5,69.5,8.45
1765480549.2386012,99,8,2,5,4,3.7516860961914062,67.5,68.5,5.698
1765480549.4397297,99,8,2,5,4,3.7516860961914062,67.5,68.5,5.698
1765480549.6407204,99,28,28,71,28,3.7520980834960938,68.0,69.0,8.187
1765480549.8418617,99,28,28,71,28,3.7520980834960938,68.0,69.0,8.187
1765480550.0430434,99,28,28,71,28,3.7520980834960938,68.0,69.0,8.187
1765480550.2441118,99,16,19,12,15,3.7524986267089844,68.5,69.5,7.392
1765480550.4455338,99,16,19,12,15,3.7524986267089844,68.5,69.5,7.392
1765480550.6466658,99,29,30,54,22,3.7531661987304688,68.5,70.5,8.752
1765480550.8482656,99,29,30,54,22,3.7531661987304688,68.5,70.5,8.752
1765480551.049535,99,29,30,54,22,3.7531661987304688,68.5,70.5,8.752
1765480551.2505531,99,17,17,17,15,3.7525596618652344,68.0,69.0,7.697
1765480551.4515314,99,17,17,17,15,3.7525596618652344,68.0,69.0,7.697
1765480551.652668,99,38,32,52,25,3.7525291442871094,68.5,69.5,7.777
1765480551.8536441,99,38,32,52,25,3.7525291442871094,68.5,69.5,7.777
1765480552.0545995,99,38,32,52,25,3.7525291442871094,68.5,69.5,7.777
1765480552.2556262,98,20,16,38,18,3.7528076171875,68.5,69.5,7.962
1765480552.4565885,98,20,16,38,18,3.7528076171875,68.5,69.5,7.962
1765480552.6577022,99,16,34,16,14,3.752674102783203,68.5,69.0,7.618
1765480552.8587537,99,16,34,16,14,3.752674102783203,68.5,69.0,7.618
1765480553.060018,99,16,34,16,14,3.752674102783203,68.5,69.0,7.618
1765480553.2612562,99,41,29,24,23,3.7525672912597656,68.5,69.0,7.658
1765480553.4622757,99,41,29,24,23,3.7525672912597656,68.5,69.0,7.658
1765480553.6636493,98,18,31,13,18,3.7526588439941406,68.0,69.0,6.169
1765480553.8650036,98,18,31,13,18,3.7526588439941406,68.0,69.0,6.169
1765480554.0661738,98,18,31,13,18,3.7526588439941406,68.0,69.0,6.169
1765480554.267239,99,26,61,26,26,3.7543907165527344,68.5,69.5,8.305
1765480554.4684267,99,26,61,26,26,3.7543907165527344,68.5,69.5,8.305
1765480554.6693447,59,10,8,17,11,3.7532501220703125,68.0,69.0,6.049
1765480554.8705447,59,10,8,17,11,3.7532501220703125,68.0,69.0,6.049
1765480555.0715501,59,10,8,17,11,3.7532501220703125,68.0,69.0,6.049
1765480555.2727518,99,34,25,55,34,3.753662109375,68.5,69.0,7.471
1765480555.4752815,99,34,25,55,34,3.753662109375,68.5,69.0,7.471
1765480555.6764867,94,18,17,17,19,3.754077911376953,68.0,69.0,6.709
1765480555.8777359,94,18,17,17,19,3.754077911376953,68.0,69.0,6.709
1765480556.0790055,94,18,17,17,19,3.754077911376953,68.0,69.0,6.709
1765480556.2801518,99,59,23,20,28,3.754688262939453,68.5,70.5,8.608
1765480556.481316,99,59,23,20,28,3.754688262939453,68.5,70.5,8.608
1765480556.6823921,99,16,8,15,13,3.7541961669921875,68.5,69.0,7.273
1765480556.8834112,99,16,8,15,13,3.7541961669921875,68.5,69.0,7.273
1765480557.0845947,99,16,8,15,13,3.7541961669921875,68.5,69.0,7.273
1765480557.28572,99,31,63,24,33,3.7542572021484375,68.0,69.5,7.883
1765480557.4873283,99,31,63,24,33,3.7542572021484375,68.0,69.5,7.883
1765480557.6884165,99,18,30,16,16,3.754833221435547,68.5,69.0,8.187
1765480557.8895159,99,18,30,16,16,3.754833221435547,68.5,69.0,8.187
1765480558.0953379,99,18,30,16,16,3.754833221435547,68.5,69.0,8.187
1765480558.2966413,99,21,25,18,25,3.7551727294921875,68.0,69.0,7.432
1765480558.497658,99,21,25,18,25,3.7551727294921875,68.0,69.0,7.432
1765480558.698605,99,25,18,22,33,3.7554168701171875,68.5,69.5,7.737
1765480558.8996944,99,25,18,22,33,3.7554168701171875,68.5,69.5,7.737
1765480559.100678,99,25,18,22,33,3.7554168701171875,68.5,69.5,7.737
1765480559.3020003,99,20,24,30,24,3.7556190490722656,68.0,69.0,5.738
1765480559.503068,99,20,24,30,24,3.7556190490722656,68.0,69.0,5.738
1765480559.7041602,99,20,24,30,24,3.7556190490722656,68.0,69.0,5.738
1765480559.905159,99,56,25,25,31,3.7565269470214844,68.5,69.5,8.331
1765480560.1061773,99,56,25,25,31,3.7565269470214844,68.5,69.5,8.331
1765480560.307202,72,21,26,20,17,3.7558250427246094,68.0,69.0,6.12
1765480560.5081933,72,21,26,20,17,3.7558250427246094,68.0,69.0,6.12
1765480560.709298,72,21,26,20,17,3.7558250427246094,68.0,69.0,6.12
1765480560.9106815,99,37,28,31,58,3.756366729736328,68.5,69.0,7.511
1765480561.1121495,99,37,28,31,58,3.756366729736328,68.5,69.0,7.511
1765480561.3131359,97,16,25,18,14,3.7561302185058594,68.0,69.5,6.749
1765480561.5164344,97,16,25,18,14,3.7561302185058594,68.0,69.5,6.749
1765480561.7177062,97,16,25,18,14,3.7561302185058594,68.0,69.5,6.749
1765480561.9187777,99,26,64,16,24,3.756725311279297,68.5,69.5,8.266
1765480562.1202312,99,26,64,16,24,3.756725311279297,68.5,69.5,8.266
1765480562.3213108,98,19,13,14,16,3.7562637329101562,68.5,69.0,7.085
1765480562.5225074,98,19,13,14,16,3.7562637329101562,68.5,69.0,7.085
1765480562.7238796,98,19,13,14,16,3.7562637329101562,68.5,69.0,7.085
1765480562.9251256,99,36,26,34,60,3.7561874389648438,68.5,70.0,8.305
1765480563.1263413,99,36,26,34,60,3.7561874389648438,68.5,70.0,8.305
1765480563.3274448,99,19,16,20,18,3.756694793701172,68.5,69.5,8.226
1765480563.528455,99,19,16,20,18,3.756694793701172,68.5,69.5,8.226
1765480563.7294164,99,19,16,20,18,3.756694793701172,68.5,69.5,8.226
1765480563.9305246,99,22,25,42,22,3.756359100341797,68.5,69.5,7.962
1765480564.1317248,99,22,25,42,22,3.756359100341797,68.5,69.5,7.962
1765480564.3329492,99,33,21,16,19,3.756427764892578,68.5,69.5,7.843
1765480564.5338943,99,33,21,16,19,3.756427764892578,68.5,69.5,7.843
1765480564.7350183,99,33,21,16,19,3.756427764892578,68.5,69.5,7.843
1765480564.9361014,99,34,26,40,26,3.7569046020507812,68.0,70.0,7.165
1765480565.1370983,99,34,26,40,26,3.7569046020507812,68.0,70.0,7.165
1765480565.3380907,99,56,21,25,14,3.757366180419922,68.5,69.5,8.791
1765480565.538988,99,56,21,25,14,3.757366180419922,68.5,69.5,8.791
1765480565.7398877,99,56,21,25,14,3.757366180419922,68.5,69.5,8.791
1765480565.9409647,99,20,15,28,9,3.7564430236816406,68.0,69.0,6.44
1765480566.1420426,99,20,15,28,9,3.7564430236816406,68.0,69.0,6.44
1765480566.3432004,99,32,29,50,39,3.7568511962890625,68.5,69.0,7.352
1765480566.5443637,99,32,29,50,39,3.7568511962890625,68.5,69.0,7.352
1765480566.7452817,99,32,29,50,39,3.7568511962890625,68.5,69.0,7.352
1765480566.9466798,79,17,23,23,24,3.757190704345703,68.0,69.0,6.24
1765480567.1480355,79,17,23,23,24,3.757190704345703,68.0,69.0,6.24
1765480567.349174,99,18,17,54,18,3.7580947875976562,68.5,69.0,7.962
1765480567.5505905,99,18,17,54,18,3.7580947875976562,68.5,69.0,7.962
1765480567.7516577,99,18,17,54,18,3.7580947875976562,68.5,69.0,7.962
1765480567.9525752,99,19,17,12,10,3.757518768310547,68.0,69.0,6.629
1765480568.1537933,99,19,17,12,10,3.757518768310547,68.0,69.0,6.629
1765480568.3551145,99,36,60,35,41,3.7580718994140625,68.5,69.5,8.371
1765480568.5563595,99,36,60,35,41,3.7580718994140625,68.5,69.5,8.371
1765480568.7574818,99,36,60,35,41,3.7580718994140625,68.5,69.5,8.371
1765480568.9584098,99,20,18,20,23,3.7592849731445312,69.0,70.0,8.41
1765480569.1600537,99,20,18,20,23,3.7592849731445312,69.0,70.0,8.41
1765480569.3611252,99,25,28,56,22,3.7586326599121094,68.5,70.5,8.226
1765480569.5629675,99,25,28,56,22,3.7586326599121094,68.5,70.5,8.226
1765480569.7641366,99,25,28,56,22,3.7586326599121094,68.5,70.5,8.226
1765480569.965214,98,20,20,23,16,3.7592544555664062,68.5,69.5,7.352
1765480570.1662402,98,20,20,23,16,3.7592544555664062,68.5,69.5,7.352
1765480570.367227,99,28,33,27,40,3.7592849731445312,68.5,69.5,7.539
1765480570.568397,99,28,33,27,40,3.7592849731445312,68.5,69.5,7.539
1765480570.7694626,99,28,33,27,40,3.7592849731445312,68.5,69.5,7.539
1765480570.9705472,99,14,18,15,40,3.7600021362304688,68.5,69.5,8.489
1765480571.1716723,99,14,18,15,40,3.7600021362304688,68.5,69.5,8.489
1765480571.3730042,99,14,18,15,40,3.7600021362304688,68.5,69.5,8.489
1765480571.5741768,2,24,30,21,14,3.759479522705078,68.5,68.5,5.313
1765480571.775254,2,24,30,21,14,3.759479522705078,68.5,68.5,5.313
1765480571.9761753,99,20,50,38,25,3.760040283203125,68.5,69.0,7.125
1765480572.1774435,99,20,50,38,25,3.760040283203125,68.5,69.0,7.125
1765480572.378366,99,20,50,38,25,3.760040283203125,68.5,69.0,7.125
1765480572.5795226,65,26,22,25,24,3.760143280029297,68.0,69.5,6.24
1765480572.780626,65,26,22,25,24,3.760143280029297,68.0,69.5,6.24
1765480572.981906,99,16,15,57,16,3.760211944580078,68.0,69.0,7.471
1765480573.1828997,99,16,15,57,16,3.760211944580078,68.0,69.0,7.471
1765480573.3839025,99,16,15,57,16,3.760211944580078,68.0,69.0,7.471
1765480573.5888422,99,16,19,15,10,3.760387420654297,68.0,68.5,5.738
1765480573.7900558,99,16,19,15,10,3.760387420654297,68.0,68.5,5.738
1765480573.9913666,99,32,36,49,48,3.7602577209472656,68.5,69.5,7.923
1765480574.192557,99,32,36,49,48,3.7602577209472656,68.5,69.5,7.923
1765480574.3936028,99,32,36,49,48,3.7602577209472656,68.5,69.5,7.923
1765480574.5946155,98,21,15,18,12,3.7611732482910156,68.5,69.5,8.042
1765480574.7956216,98,21,15,18,12,3.7611732482910156,68.5,69.5,8.042
1765480574.9967918,98,25,34,54,16,3.7600631713867188,68.0,70.0,8.042
1765480575.1980472,98,25,34,54,16,3.7600631713867188,68.0,70.0,8.042
1765480575.3992279,98,25,34,54,16,3.7600631713867188,68.0,70.0,8.042
1765480575.600345,99,19,22,26,25,3.760181427001953,68.0,69.0,7.737
1765480575.801874,99,19,22,26,25,3.760181427001953,68.0,69.0,7.737
1765480576.0029223,99,30,46,28,43,3.7607345581054688,68.0,69.5,8.266
1765480576.204133,99,30,46,28,43,3.7607345581054688,68.0,69.5,8.266
1765480576.4052632,99,30,46,28,43,3.7607345581054688,68.0,69.5,8.266
1765480576.606509,99,23,12,13,14,3.7612991333007812,68.0,69.5,8.331
1765480576.8074918,99,23,12,13,14,3.7612991333007812,68.0,69.5,8.331
1765480577.0084915,99,23,28,18,32,3.761028289794922,68.0,69.5,7.551
1765480577.2094734,99,23,28,18,32,3.761028289794922,68.0,69.5,7.551
1765480577.4106126,99,23,28,18,32,3.761028289794922,68.0,69.5,7.551
1765480577.6123416,98,23,44,26,23,3.760478973388672,68.5,69.0,7.737
1765480577.813367,98,23,44,26,23,3.760478973388672,68.5,69.0,7.737
1765480578.014413,99,25,22,17,19,3.7609710693359375,68.0,69.5,6.818
1765480578.2154174,99,25,22,17,19,3.7609710693359375,68.0,69.5,6.818
1765480578.41652,99,25,22,17,19,3.7609710693359375,68.0,69.5,6.818
1765480578.6189084,99,21,56,14,16,3.7606201171875,68.0,69.0,7.352
1765480578.8200593,99,21,56,14,16,3.7606201171875,68.0,69.0,7.352
1765480579.0209856,88,16,16,18,27,3.7612457275390625,68.0,70.0,5.969
1765480579.2222276,88,16,16,18,27,3.7612457275390625,68.0,70.0,5.969
1765480579.4232478,88,16,16,18,27,3.7612457275390625,68.0,70.0,5.969
1765480579.62445,99,50,38,22,34,3.7611122131347656,68.5,70.0,7.843
1765480579.8256574,99,50,38,22,34,3.7611122131347656,68.5,70.0,7.843
1765480580.0270908,90,17,12,11,11,3.762104034423828,68.0,69.0,7.017
1765480580.2288215,90,17,12,11,11,3.762104034423828,68.0,69.0,7.017
1765480580.4299934,90,17,12,11,11,3.762104034423828,68.0,69.0,7.017
1765480580.6330092,99,24,25,26,68,3.7607994079589844,68.5,69.5,8.45
1765480580.834167,99,24,25,26,68,3.7607994079589844,68.5,69.5,8.45
1765480581.0352287,99,35,50,31,28,3.7490234375,68.5,70.5,8.974
1765480581.2362432,99,35,50,31,28,3.7490234375,68.5,70.5,8.974
1765480581.437466,99,35,50,31,28,3.7490234375,68.5,70.5,8.974
1765480581.6389997,99,37,33,28,49,3.7502479553222656,68.5,69.5,8.45
1765480581.840148,99,37,33,28,49,3.7502479553222656,68.5,69.5,8.45
1765480582.041259,99,24,10,11,10,3.749908447265625,68.0,69.0,7.618
1765480582.2558084,99,24,10,11,10,3.749908447265625,68.0,69.0,7.618
1765480582.4586632,99,24,10,11,10,3.749908447265625,68.0,69.0,7.618
1765480582.6596758,99,32,46,29,31,3.749774932861328,68.0,69.0,7.658
1765480582.8607492,99,32,46,29,31,3.749774932861328,68.0,69.0,7.658
1765480583.0617962,99,14,40,14,26,3.7501602172851562,68.5,70.0,8.266
1765480583.2636368,99,14,40,14,26,3.7501602172851562,68.5,70.0,8.266
1765480583.464548,99,14,40,14,26,3.7501602172851562,68.5,70.0,8.266
1765480583.6657424,56,26,20,32,23,3.750934600830078,67.5,70.0,6.857
1765480583.8666387,56,26,20,32,23,3.750934600830078,67.5,70.0,6.857
1765480584.067821,99,18,14,14,47,3.749706268310547,68.5,69.5,7.578
1765480584.2692099,99,18,14,14,47,3.749706268310547,68.5,69.5,7.578
1765480584.470261,99,18,14,14,47,3.749706268310547,68.5,69.5,7.578
1765480584.6712396,99,34,22,17,31,3.7500572204589844,67.5,69.0,6.2
1765480584.8723752,99,34,22,17,31,3.7500572204589844,67.5,69.0,6.2
1765480585.0735545,99,34,22,17,31,3.7500572204589844,67.5,69.0,6.2
1765480585.2747462,99,32,63,24,30,3.7508392333984375,68.0,69.0,7.511
1765480585.4760487,99,32,63,24,30,3.7508392333984375,68.0,69.0,7.511
1765480585.6770372,0,19,13,16,20,3.7514381408691406,67.5,69.5,5.658
1765480585.8780582,0,19,13,16,20,3.7514381408691406,67.5,69.5,5.658
1765480586.0791662,0,19,13,16,20,3.7514381408691406,67.5,69.5,5.658
1765480586.2803373,99,37,18,69,22,3.7506561279296875,68.5,69.5,8.121
1765480586.4815798,99,37,18,69,22,3.7506561279296875,68.5,69.5,8.121
1765480586.6895134,98,16,19,13,18,3.7516021728515625,68.5,69.0,7.006
1765480586.8967798,98,16,19,13,18,3.7516021728515625,68.5,69.0,7.006
1765480587.0978818,98,16,19,13,18,3.7516021728515625,68.5,69.0,7.006
1765480587.2991521,99,23,42,54,32,3.7519454956054688,68.5,70.5,8.712
1765480587.5003982,99,23,42,54,32,3.7519454956054688,68.5,70.5,8.712
1765480587.7016172,99,12,8,10,15,3.7519683837890625,68.0,69.0,7.392
1765480587.9026055,99,12,8,10,15,3.7519683837890625,68.0,69.0,7.392
1765480588.1035821,99,12,8,10,15,3.7519683837890625,68.0,69.0,7.392
1765480588.3046677,99,35,42,25,38,3.7520408630371094,68.0,69.5,7.843
1765480588.5059793,99,35,42,25,38,3.7520408630371094,68.0,69.5,7.843
1765480588.7071912,98,28,36,14,14,3.7526588439941406,68.0,69.0,7.618
1765480588.9081898,98,28,36,14,14,3.7526588439941406,68.0,69.0,7.618
1765480589.1122918,98,28,36,14,14,3.7526588439941406,68.0,69.0,7.618
1765480589.313312,92,26,28,30,25,3.7533416748046875,67.5,70.5,7.165
1765480589.5144036,92,26,28,30,25,3.7533416748046875,67.5,70.5,7.165
1765480589.71564,99,17,45,24,19,3.7528953552246094,68.0,69.0,7.764
1765480589.9166465,99,17,45,24,19,3.7528953552246094,68.0,69.0,7.764
1765480590.1176484,99,17,45,24,19,3.7528953552246094,68.0,69.0,7.764
1765480590.3186474,99,17,19,16,24,3.753082275390625,68.0,69.5,6.36
1765480590.519772,99,17,19,16,24,3.753082275390625,68.0,69.5,6.36
1765480590.7210026,99,28,26,26,62,3.753459930419922,68.5,69.5,7.511
1765480590.9221532,99,28,26,26,62,3.753459930419922,68.5,69.5,7.511
1765480591.1231844,99,28,26,26,62,3.753459930419922,68.5,69.5,7.511
1765480591.3243115,0,12,12,10,15,3.7542190551757812,67.5,69.5,5.305
1765480591.5255778,0,12,12,10,15,3.7542190551757812,67.5,69.5,5.305
1765480591.7268867,99,28,65,18,28,3.7534523010253906,68.5,69.5,7.764
1765480591.9283648,99,28,65,18,28,3.7534523010253906,68.5,69.5,7.764
1765480592.1294026,99,28,65,18,28,3.7534523010253906,68.5,69.5,7.764
1765480592.330401,99,24,14,16,16,3.75360107421875,68.5,69.0,7.165
1765480592.5318995,99,24,14,16,16,3.75360107421875,68.5,69.0,7.165
1765480592.7331786,98,30,31,67,33,3.7550582885742188,68.5,70.5,8.752
1765480592.9341965,98,30,31,67,33,3.7550582885742188,68.5,70.5,8.752
1765480593.1352491,98,30,31,67,33,3.7550582885742188,68.5,70.5,8.752
1765480593.336293,99,22,4,6,6,3.753856658935547,68.5,69.5,7.697
1765480593.5372653,99,22,4,6,6,3.753856658935547,68.5,69.5,7.697
1765480593.7383692,99,51,34,26,27,3.753978729248047,68.5,69.5,7.804
1765480593.9393182,99,51,34,26,27,3.753978729248047,68.5,69.5,7.804
1765480594.141447,99,51,34,26,27,3.753978729248047,68.5,69.5,7.804
1765480594.3425722,99,36,18,17,16,3.7547454833984375,68.5,69.5,8.002
1765480594.5435846,99,36,18,17,16,3.7547454833984375,68.5,69.5,8.002
1765480594.745639,99,26,20,27,25,3.755512237548828,68.0,70.5,7.511
1765480594.9468212,99,26,20,27,25,3.755512237548828,68.0,70.5,7.511
1765480595.1477504,99,26,20,27,25,3.755512237548828,68.0,70.5,7.511
1765480595.349217,99,17,39,15,21,3.7545509338378906,68.5,69.5,7.63
1765480595.550164,99,17,39,15,21,3.7545509338378906,68.5,69.5,7.63
1765480595.7511559,99,23,24,21,31,3.7551612854003906,68.0,69.5,6.24
1765480595.952555,99,23,24,21,31,3.7551612854003906,68.0,69.5,6.24
1765480596.1535816,99,23,24,21,31,3.7551612854003906,68.0,69.5,6.24
1765480596.3547611,99,30,29,60,32,3.7556533813476562,68.5,69.5,7.962
1765480596.5560656,99,30,29,60,32,3.7556533813476562,68.5,69.5,7.962
1765480596.7570887,99,30,29,60,32,3.7556533813476562,68.5,69.5,7.962
1765480596.958279,54,12,17,10,17,3.7559890747070312,67.5,69.0,5.979
1765480597.1592412,54,12,17,10,17,3.7559890747070312,67.5,69.0,5.979
1765480597.3601925,99,30,31,65,26,3.7558059692382812,68.5,69.5,7.816
1765480597.561381,99,30,31,65,26,3.7558059692382812,68.5,69.5,7.816
1765480597.762641,99,30,31,65,26,3.7558059692382812,68.5,69.5,7.816
1765480597.9638877,99,19,18,25,25,3.7540359497070312,68.5,69.5,7.658
1765480598.164995,99,19,18,25,25,3.7540359497070312,68.5,69.5,7.658
1765480598.366319,99,36,30,20,64,3.7555618286132812,68.5,69.5,8.791
1765480598.5674703,99,36,30,20,64,3.7555618286132812,68.5,69.5,8.791
1765480598.7687078,99,36,30,20,64,3.7555618286132812,68.5,69.5,8.791
1765480598.9697306,99,14,12,16,10,3.7545394897460938,68.0,69.5,7.205
1765480599.1709034,99,14,12,16,10,3.7545394897460938,68.0,69.5,7.205
1765480599.3721948,99,32,30,39,38,3.7547607421875,68.5,69.5,8.002
1765480599.5733101,99,32,30,39,38,3.7547607421875,68.5,69.5,8.002
1765480599.7745736,99,32,30,39,38,3.7547607421875,68.5,69.5,8.002
1765480599.975789,98,20,22,15,32,3.7548675537109375,68.5,69.0,7.697
1765480600.177322,98,20,22,15,32,3.7548675537109375,68.5,69.0,7.697
1765480600.378319,99,24,18,34,19,3.7563438415527344,68.0,70.0,7.193
1765480600.5794377,99,24,18,34,19,3.7563438415527344,68.0,70.0,7.193
1765480600.780648,99,24,18,34,19,3.7563438415527344,68.0,70.0,7.193
1765480600.982051,99,24,36,32,22,3.7559432983398438,68.5,69.5,7.923
1765480601.1829991,99,24,36,32,22,3.7559432983398438,68.5,69.5,7.923
1765480601.38432,99,27,15,20,26,3.7553787231445312,68.0,69.5,6.24
1765480601.5855346,99,27,15,20,26,3.7553787231445312,68.0,69.5,6.24
1765480601.7867634,99,27,15,20,26,3.7553787231445312,68.0,69.5,6.24
1765480601.9878495,99,22,25,20,62,3.7561187744140625,68.5,69.5,7.816
1765480602.1893303,99,22,25,20,62,3.7561187744140625,68.5,69.5,7.816
1765480602.3903453,60,8,19,13,13,3.7559967041015625,67.5,69.5,5.929
1765480602.5917807,60,8,19,13,13,3.7559967041015625,67.5,69.5,5.929
1765480602.7932124,60,8,19,13,13,3.7559967041015625,67.5,69.5,5.929
1765480602.994398,99,28,25,60,27,3.7561721801757812,68.5,69.5,7.511
1765480603.1955514,99,28,25,60,27,3.7561721801757812,68.5,69.5,7.511
1765480603.3968935,99,19,19,12,20,3.7566452026367188,68.0,69.0,7.006
1765480603.5980253,99,19,19,12,20,3.7566452026367188,68.0,69.0,7.006
1765480603.7992349,99,19,19,12,20,3.7566452026367188,68.0,69.0,7.006
1765480604.0002596,98,24,41,55,29,3.757579803466797,68.5,69.5,8.83
1765480604.2014282,98,24,41,55,29,3.757579803466797,68.5,69.5,8.83
1765480604.402477,99,13,15,7,15,3.7568817138671875,68.5,69.5,7.697
1765480604.6034868,99,13,15,7,15,3.7568817138671875,68.5,69.5,7.697
1765480604.8045514,99,13,15,7,15,3.7568817138671875,68.5,69.5,7.697
1765480605.0056453,99,35,50,28,28,3.7571182250976562,68.0,69.0,7.618
1765480605.206675,99,35,50,28,28,3.7571182250976562,68.0,69.0,7.618
1765480605.4078093,98,23,42,18,28,3.758281707763672,68.5,69.5,8.305
1765480605.6089234,98,23,42,18,28,3.758281707763672,68.5,69.5,8.305
1765480605.8099952,98,23,42,18,28,3.758281707763672,68.5,69.5,8.305
1765480606.0110958,78,21,18,24,17,3.7588539123535156,67.5,69.5,6.698
1765480606.2121558,78,21,18,24,17,3.7588539123535156,67.5,69.5,6.698
1765480606.4133217,99,44,24,20,26,3.7583351135253906,68.5,69.5,7.539
1765480606.619745,99,44,24,20,26,3.7583351135253906,68.5,69.5,7.539
1765480606.820897,99,44,24,20,26,3.7583351135253906,68.5,69.5,7.539
1765480607.0221553,99,20,25,23,18,3.758197784423828,68.0,69.0,6.16
1765480607.2232845,99,20,25,23,18,3.758197784423828,68.0,69.0,6.16
1765480607.424256,99,35,26,25,60,3.7586669921875,68.5,69.5,7.962
1765480607.625285,99,35,26,25,60,3.7586669921875,68.5,69.5,7.962
1765480607.8262494,99,35,26,25,60,3.7586669921875,68.5,69.5,7.962
1765480608.0273206,88,13,13,9,8,3.7582969665527344,68.0,70.0,6.009
1765480608.22846,88,13,13,9,8,3.7582969665527344,68.0,70.0,6.009
1765480608.4293933,99,32,62,30,28,3.758380889892578,68.0,69.5,7.618
1765480608.630689,99,32,62,30,28,3.758380889892578,68.0,69.5,7.618
1765480608.8317814,99,32,62,30,28,3.758380889892578,68.0,69.5,7.618
1765480609.0329294,99,20,16,13,10,3.759113311767578,68.0,69.5,7.006
1765480609.2341096,99,20,16,13,10,3.759113311767578,68.0,69.5,7.006
1765480609.4395545,99,20,16,13,10,3.759113311767578,68.0,69.5,7.006
1765480609.6405063,99,58,31,21,34,3.7604217529296875,68.5,70.5,9.092
1765480609.8417122,99,58,31,21,34,3.7604217529296875,68.5,70.5,9.092
1765480610.0427656,99,14,8,10,10,3.7598190307617188,68.5,69.5,7.658
1765480610.2436872,99,14,8,10,10,3.7598190307617188,68.5,69.5,7.658
1765480610.4445457,99,14,8,10,10,3.7598190307617188,68.5,69.5,7.658
1765480610.6455264,99,32,33,57,26,3.7598609924316406,68.0,70.0,8.002
1765480610.846698,99,32,33,57,26,3.7598609924316406,68.0,70.0,8.002
1765480611.0478694,99,23,28,22,21,3.759979248046875,68.5,69.5,7.843
1765480611.2489126,99,23,28,22,21,3.759979248046875,68.5,69.5,7.843
1765480611.4498494,99,23,28,22,21,3.759979248046875,68.5,69.5,7.843
1765480611.6509244,99,26,23,19,28,3.7605972290039062,68.0,70.5,7.578
1765480611.8520951,99,26,23,19,28,3.7605972290039062,68.0,70.5,7.578
1765480612.0532026,99,36,22,20,33,3.760589599609375,68.5,69.0,7.923
1765480612.2543406,99,36,22,20,33,3.760589599609375,68.5,69.0,7.923
1765480612.4553313,99,36,22,20,33,3.760589599609375,68.5,69.0,7.923
1765480612.6564631,99,18,25,22,20,3.7607803344726562,68.0,69.0,6.36
1765480612.8574827,99,18,25,22,20,3.7607803344726562,68.0,69.0,6.36
1765480613.0585034,99,26,63,22,34,3.7564430236816406,68.5,69.5,8.489
1765480613.2596347,99,26,63,22,34,3.7564430236816406,68.5,69.5,8.489
1765480613.4604886,99,26,63,22,34,3.7564430236816406,68.5,69.5,8.489
1765480613.6621568,82,17,10,18,11,3.7561912536621094,68.0,69.5,6.129
1765480613.863204,82,17,10,18,11,3.7561912536621094,68.0,69.5,6.129
1765480614.0643895,99,58,26,20,30,3.7556838989257812,68.5,69.5,7.618
1765480614.2655103,99,58,26,20,30,3.7556838989257812,68.5,69.5,7.618
1765480614.4668767,99,58,26,20,30,3.7556838989257812,68.5,69.5,7.618
1765480614.6678576,99,21,22,12,18,3.7560958862304688,68.5,69.5,6.937
1765480614.8691273,99,21,22,12,18,3.7560958862304688,68.5,69.5,6.937
1765480615.0703385,99,27,73,18,20,3.7572669982910156,68.5,69.5,8.87
1765480615.2714279,99,27,73,18,20,3.7572669982910156,68.5,69.5,8.87
1765480615.4725914,99,27,73,18,20,3.7572669982910156,68.5,69.5,8.87
1765480615.6737168,99,18,13,12,12,3.75665283203125,68.5,69.5,7.591
