ts,gpu,cpu1,cpu2,cpu3,cpu4,ram,temp_gpu,temp_cpu,power
1765478391.2923353,99,32,25,67,32,3.6499900817871094,34.5,35.0,9.106
1765478391.4937103,99,32,25,67,32,3.6499900817871094,34.5,35.0,9.106
1765478391.694744,99,32,25,67,32,3.6499900817871094,34.5,35.0,9.106
1765478391.895799,99,41,64,43,62,3.6585044860839844,34.0,35.5,8.582
1765478392.0969472,99,41,64,43,62,3.6585044860839844,34.0,35.5,8.582
1765478392.297889,99,68,42,54,30,3.6384849548339844,35.0,34.5,8.055
1765478392.4992766,99,68,42,54,30,3.6384849548339844,35.0,34.5,8.055
1765478392.7004764,99,68,42,54,30,3.6384849548339844,35.0,34.5,8.055
1765478392.9016836,99,38,50,37,27,3.6524314880371094,34.5,35.0,8.279
1765478393.1686158,99,38,50,37,27,3.6524314880371094,34.5,35.0,8.279
1765478393.3697689,89,32,32,27,30,3.6567726135253906,33.5,35.0,6.019
1765478393.5709574,89,32,32,27,30,3.6567726135253906,33.5,35.0,6.019
1765478393.7718942,99,52,44,58,50,3.6393966674804688,34.5,35.0,7.551
1765478393.972998,99,52,44,58,50,3.6393966674804688,34.5,35.0,7.551
1765478394.174214,99,52,44,58,50,3.6393966674804688,34.5,35.0,7.551
1765478394.3752165,99,52,44,58,50,3.6393966674804688,34.5,35.0,7.551
1765478394.5763915,28,26,17,28,18,3.6319351196289062,34.0,35.0,5.787
1765478394.7775292,99,23,19,16,34,3.6327972412109375,35.0,35.0,8.2
1765478394.9787228,99,23,19,16,34,3.6327972412109375,35.0,35.0,8.2
1765478395.1798089,99,23,19,16,34,3.6327972412109375,35.0,35.0,8.2
1765478395.3807793,99,34,40,36,53,3.631366729736328,34.5,35.5,7.909
1765478395.581889,99,34,40,36,53,3.631366729736328,34.5,35.5,7.909
1765478395.782944,99,34,40,36,53,3.631366729736328,34.5,35.5,7.909
1765478395.9844198,99,27,19,20,20,3.63214111328125,35.0,35.0,7.444
1765478396.1855595,99,27,19,20,20,3.63214111328125,35.0,35.0,7.444
1765478396.3867123,99,33,29,58,26,3.6316871643066406,34.5,36.0,8.424
1765478396.587793,99,33,29,58,26,3.6316871643066406,34.5,36.0,8.424
1765478396.7886763,99,33,29,58,26,3.6316871643066406,34.5,36.0,8.424
1765478396.9898696,99,18,14,24,12,3.630096435546875,34.5,35.0,6.48
1765478397.1908681,99,18,14,24,12,3.630096435546875,34.5,35.0,6.48
1765478397.3920166,99,38,48,40,34,3.6306495666503906,35.0,35.0,8.055
1765478397.592961,99,38,48,40,34,3.6306495666503906,35.0,35.0,8.055
1765478397.7974725,99,38,48,40,34,3.6306495666503906,35.0,35.0,8.055
1765478397.998591,99,30,34,27,40,3.630859375,35.0,36.0,8.24
1765478398.2127771,99,30,34,27,40,3.630859375,35.0,36.0,8.24
1765478398.4138067,99,34,10,13,9,3.631145477294922,35.0,35.5,8.134
1765478398.614859,99,34,10,13,9,3.631145477294922,35.0,35.5,8.134
1765478398.8161025,99,34,10,13,9,3.631145477294922,35.0,35.5,8.134
1765478399.017217,99,54,31,29,30,3.6302490234375,35.0,35.5,7.789
1765478399.2183156,99,54,31,29,30,3.6302490234375,35.0,35.5,7.789
1765478399.4200568,66,34,42,35,34,3.631855010986328,34.5,35.5,5.747
1765478399.6221194,66,34,42,35,34,3.631855010986328,34.5,35.5,5.747
1765478399.8267171,66,34,42,35,34,3.631855010986328,34.5,35.5,5.747
1765478400.0328565,99,50,51,62,66,3.633056640625,35.5,36.0,8.398
1765478400.2340894,99,50,51,62,66,3.633056640625,35.5,36.0,8.398
1765478400.4353118,99,40,36,42,36,3.6247940063476562,35.5,35.5,6.948
1765478400.6387737,99,40,36,42,36,3.6247940063476562,35.5,35.5,6.948
1765478400.8409781,99,40,36,42,36,3.6247940063476562,35.5,35.5,6.948
1765478401.042088,99,54,58,58,51,3.6256370544433594,35.5,35.5,8.16
1765478401.243127,99,54,58,58,51,3.6256370544433594,35.5,35.5,8.16
1765478401.4445078,99,28,34,32,26,3.6262893676757812,35.5,36.0,7.829
1765478401.6453872,99,28,34,32,26,3.6262893676757812,35.5,36.0,7.829
1765478401.846453,99,28,34,32,26,3.6262893676757812,35.5,36.0,7.829
1765478402.047374,99,27,14,19,14,3.627086639404297,36.0,36.0,8.319
1765478402.2486553,99,27,14,19,14,3.627086639404297,36.0,36.0,8.319
1765478402.4496846,99,27,59,28,22,3.626262664794922,35.5,35.5,7.896
1765478402.6508396,99,27,59,28,22,3.626262664794922,35.5,35.5,7.896
1765478402.8518414,99,27,59,28,22,3.626262664794922,35.5,35.5,7.896
1765478403.0540574,0,24,25,19,22,3.626422882080078,34.5,36.5,5.707
1765478403.2606394,0,24,25,19,22,3.626422882080078,34.5,36.5,5.707
1765478403.4617565,99,34,48,30,26,3.6264266967773438,36.0,36.0,7.829
1765478403.662827,99,34,48,30,26,3.6264266967773438,36.0,36.0,7.829
1765478403.8653655,99,34,48,30,26,3.6264266967773438,36.0,36.0,7.829
1765478404.0665731,99,16,12,17,27,3.6260833740234375,35.5,37.5,7.017
1765478404.2676444,99,16,12,17,27,3.6260833740234375,35.5,37.5,7.017
1765478404.4687076,99,33,40,47,35,3.626178741455078,35.5,36.0,7.603
1765478404.669676,99,33,40,47,35,3.626178741455078,35.5,36.0,7.603
1765478404.870895,99,33,40,47,35,3.626178741455078,35.5,36.0,7.603
1765478405.0723443,99,52,36,43,27,3.626720428466797,35.5,36.5,8.174
1765478405.2734895,99,52,36,43,27,3.626720428466797,35.5,36.5,8.174
1765478405.475042,99,12,20,10,10,3.627666473388672,35.5,36.0,7.67
1765478405.6765711,99,12,20,10,10,3.627666473388672,35.5,36.0,7.67
1765478405.877902,99,12,20,10,10,3.627666473388672,35.5,36.0,7.67
1765478406.0811548,99,33,27,49,26,3.6268653869628906,35.5,36.0,7.364
1765478406.2821922,99,33,27,49,26,3.6268653869628906,35.5,36.0,7.364
1765478406.4831893,99,25,21,28,16,3.626953125,35.5,36.0,6.52
1765478406.6844847,99,25,21,28,16,3.626953125,35.5,36.0,6.52
1765478406.8855362,99,25,21,28,16,3.626953125,35.5,36.0,6.52
1765478407.0867362,99,27,33,36,41,3.627147674560547,36.0,36.0,8.213
1765478407.291508,99,27,33,36,41,3.627147674560547,36.0,36.0,8.213
1765478407.4927738,99,31,26,41,26,3.621501922607422,35.5,37.5,8.055
1765478407.6937828,99,31,26,41,26,3.621501922607422,35.5,37.5,8.055
1765478407.8953032,99,31,26,41,26,3.621501922607422,35.5,37.5,8.055
1765478408.0966125,99,30,25,26,20,3.5981483459472656,36.0,36.5,7.75
1765478408.2981904,99,30,25,26,20,3.5981483459472656,36.0,36.5,7.75
1765478408.499373,99,40,49,30,34,3.5979270935058594,36.0,36.5,7.909
1765478408.7005007,99,40,49,30,34,3.5979270935058594,36.0,36.5,7.909
1765478408.9015865,99,40,49,30,34,3.5979270935058594,36.0,36.5,7.909
1765478409.1027412,0,27,26,30,20,3.5984115600585938,35.5,36.5,5.626
1765478409.303904,0,27,26,30,20,3.5984115600585938,35.5,36.5,5.626
1765478409.5051603,0,27,26,30,20,3.5984115600585938,35.5,36.5,5.626
1765478409.7064252,99,26,27,50,24,3.5964698791503906,36.0,36.5,7.591
1765478409.9073577,99,26,27,50,24,3.5964698791503906,36.0,36.5,7.591
1765478410.1086876,3,40,42,47,46,3.598743438720703,36.0,37.0,5.818
1765478410.3100777,3,40,42,47,46,3.598743438720703,36.0,37.0,5.818
1765478410.5118032,3,40,42,47,46,3.598743438720703,36.0,37.0,5.818
1765478410.71282,99,52,68,45,50,3.5992584228515625,36.0,37.0,8.661
1765478410.9367595,99,52,68,45,50,3.5992584228515625,36.0,37.0,8.661
1765478411.1377382,99,42,34,44,42,3.6000137329101562,36.0,37.0,8.279
1765478411.3388214,99,42,34,44,42,3.6000137329101562,36.0,37.0,8.279
1765478411.539713,99,18,17,22,25,3.5995407104492188,36.0,37.0,7.63
1765478411.7405655,99,18,17,22,25,3.5995407104492188,36.0,37.0,7.63
1765478411.9416595,99,18,17,22,25,3.5995407104492188,36.0,37.0,7.63
1765478412.1425807,99,56,35,45,32,3.600444793701172,36.5,36.5,7.975
1765478412.3436718,99,56,35,45,32,3.600444793701172,36.5,36.5,7.975
1765478412.5446026,99,56,35,45,32,3.600444793701172,36.5,36.5,7.975
1765478412.7456303,99,19,26,23,25,3.6008377075195312,36.0,38.0,6.169
1765478412.946571,99,19,26,23,25,3.6008377075195312,36.0,38.0,6.169
1765478413.1476455,99,22,14,44,16,3.6018714904785156,36.5,37.0,7.856
1765478413.3486,99,22,14,44,16,3.6018714904785156,36.5,37.0,7.856
1765478413.5496402,99,22,14,44,16,3.6018714904785156,36.5,37.0,7.856
1765478413.7506914,99,37,25,29,26,3.60205078125,36.5,38.5,7.523
1765478413.9517548,99,37,25,29,26,3.60205078125,36.5,38.5,7.523
1765478414.1528013,99,24,20,36,19,3.6025619506835938,36.5,37.0,7.324
1765478414.3538263,99,24,20,36,19,3.6025619506835938,36.5,37.0,7.324
1765478414.5549843,99,24,20,36,19,3.6025619506835938,36.5,37.0,7.324
1765478414.755879,99,28,52,30,40,3.6036148071289062,36.5,37.0,8.622
1765478414.9569838,99,28,52,30,40,3.6036148071289062,36.5,37.0,8.622
1765478415.1579833,99,10,8,8,9,3.6025047302246094,36.0,37.0,6.49
1765478415.3591013,99,10,8,8,9,3.6025047302246094,36.0,37.0,6.49
1765478415.5605576,99,10,8,8,9,3.6025047302246094,36.0,37.0,6.49
1765478415.761648,99,35,55,33,29,3.6028976440429688,37.0,37.0,7.483
1765478415.9625688,99,35,55,33,29,3.6028976440429688,37.0,37.0,7.483
1765478416.1637914,99,26,18,31,34,3.60223388671875,36.5,37.5,6.829
1765478416.364958,99,26,18,31,34,3.60223388671875,36.5,37.5,6.829
1765478416.565994,99,26,18,31,34,3.60223388671875,36.5,37.5,6.829
1765478416.7669063,99,32,42,27,28,3.60491943359375,37.0,37.5,8.924
1765478416.9678352,99,32,42,27,28,3.60491943359375,37.0,37.5,8.924
1765478417.168952,99,32,27,20,51,3.6052284240722656,36.5,37.0,7.563
1765478417.3697994,99,32,27,20,51,3.6052284240722656,36.5,37.0,7.563
1765478417.5708742,99,32,27,20,51,3.6052284240722656,36.5,37.0,7.563
1765478417.7718003,99,34,27,20,25,3.6061630249023438,37.0,37.0,8.24
1765478417.9729028,99,34,27,20,25,3.6061630249023438,37.0,37.0,8.24
1765478418.1739123,99,44,31,36,55,3.608722686767578,37.5,37.5,8.701
1765478418.374916,99,44,31,36,55,3.608722686767578,37.5,37.5,8.701
1765478418.5764313,99,44,31,36,55,3.608722686767578,37.5,37.5,8.701
1765478418.7774837,80,17,13,14,13,3.608264923095703,36.0,38.0,5.787
1765478418.9787495,80,17,13,14,13,3.608264923095703,36.0,38.0,5.787
1765478419.1800303,99,46,42,34,43,3.6009483337402344,37.0,38.5,8.24
1765478419.3811743,99,46,42,34,43,3.6009483337402344,37.0,38.5,8.24
1765478419.5821464,99,46,42,34,43,3.6009483337402344,37.0,38.5,8.24
1765478419.7833035,51,44,44,41,45,3.6018447875976562,36.5,37.5,5.858
1765478419.984555,51,44,44,41,45,3.6018447875976562,36.5,37.5,5.858
1765478420.185684,99,69,50,44,51,3.603618621826172,37.5,38.0,8.909
1765478420.3909328,99,69,50,44,51,3.603618621826172,37.5,38.0,8.909
1765478420.5951226,99,69,50,44,51,3.603618621826172,37.5,38.0,8.909
1765478420.7965436,99,54,45,48,51,3.60198974609375,37.0,38.5,8.2
1765478420.997789,99,54,45,48,51,3.60198974609375,37.0,38.5,8.2
1765478421.1988022,99,25,25,34,27,3.602741241455078,37.0,37.5,7.483
1765478421.3999982,99,25,25,34,27,3.602741241455078,37.0,37.5,7.483
1765478421.6012027,99,25,25,34,27,3.602741241455078,37.0,37.5,7.483
1765478421.802154,99,42,40,36,48,3.6029014587402344,37.5,37.5,8.701
1765478422.0032847,99,42,40,36,48,3.6029014587402344,37.5,37.5,8.701
1765478422.2045481,58,18,14,16,15,3.603649139404297,36.5,38.5,5.546
1765478422.4057193,58,18,14,16,15,3.603649139404297,36.5,38.5,5.546
1765478422.6069207,58,18,14,16,15,3.603649139404297,36.5,38.5,5.546
1765478422.808059,99,33,29,47,28,3.602874755859375,37.0,37.5,7.483
1765478423.009251,99,33,29,47,28,3.602874755859375,37.0,37.5,7.483
1765478423.210409,99,33,29,47,28,3.602874755859375,37.0,37.5,7.483
1765478423.4113984,99,32,22,30,43,3.6028175354003906,36.5,38.5,7.137
1765478423.6125998,99,32,22,30,43,3.6028175354003906,36.5,38.5,7.137
1765478423.8136537,99,33,24,24,28,3.602123260498047,37.5,37.5,8.174
1765478424.014771,99,33,24,24,28,3.602123260498047,37.5,37.5,8.174
1765478424.2164533,99,33,24,24,28,3.602123260498047,37.5,37.5,8.174
1765478424.4176862,99,43,17,22,15,3.6089439392089844,37.5,37.5,7.483
1765478424.6192737,99,43,17,22,15,3.6089439392089844,37.5,37.5,7.483
1765478424.8202639,99,18,20,19,18,3.6087303161621094,37.5,37.5,7.176
1765478425.0213482,99,18,20,19,18,3.6087303161621094,37.5,37.5,7.176
1765478425.222333,99,18,20,19,18,3.6087303161621094,37.5,37.5,7.176
1765478425.4235616,99,50,33,40,36,3.6089820861816406,37.5,37.5,7.816
1765478425.6246808,99,50,33,40,36,3.6089820861816406,37.5,37.5,7.816
1765478425.8257287,72,26,20,23,18,3.6094207763671875,37.0,38.0,5.707
1765478426.026806,72,26,20,23,18,3.6094207763671875,37.0,38.0,5.707
1765478426.2280054,72,26,20,23,18,3.6094207763671875,37.0,38.0,5.707
1765478426.4293237,99,38,21,15,17,3.60882568359375,37.5,38.0,7.67
1765478426.63029,99,38,21,15,17,3.60882568359375,37.5,38.0,7.67
1765478426.8313513,99,48,36,60,33,3.6059036254882812,37.0,38.5,7.404
1765478427.0324936,99,48,36,60,33,3.6059036254882812,37.0,38.5,7.404
1765478427.2335823,99,48,36,60,33,3.6059036254882812,37.0,38.5,7.404
1765478427.4345953,99,30,37,26,41,3.604400634765625,38.0,38.5,7.563
1765478427.635873,99,30,37,26,41,3.604400634765625,38.0,38.5,7.563
1765478427.837311,99,26,20,46,28,3.605712890625,37.5,38.5,8.358
1765478428.0383968,99,26,20,46,28,3.605712890625,37.5,38.5,8.358
1765478428.2396169,99,26,20,46,28,3.605712890625,37.5,38.5,8.358
1765478428.4406433,99,16,12,13,14,3.6049575805664062,37.5,38.0,6.49
1765478428.6417072,99,16,12,13,14,3.6049575805664062,37.5,38.0,6.49
1765478428.8427818,99,46,40,36,42,3.6054000854492188,38.0,38.0,7.63
1765478429.0437458,99,46,40,36,42,3.6054000854492188,38.0,38.0,7.63
1765478429.244616,99,46,40,36,42,3.6054000854492188,38.0,38.0,7.63
1765478429.4456563,99,24,23,23,22,3.605571746826172,37.5,38.5,6.72
1765478429.6469278,99,24,23,23,22,3.605571746826172,37.5,38.5,6.72
1765478429.8481684,99,46,22,15,25,3.6054229736328125,38.5,38.0,8.094
1765478430.0492167,99,46,22,15,25,3.6054229736328125,38.5,38.0,8.094
1765478430.2504764,99,46,22,15,25,3.6054229736328125,38.5,38.0,8.094
1765478430.4518492,99,40,35,28,39,3.60577392578125,37.5,38.5,7.71
1765478430.6531868,99,40,35,28,39,3.60577392578125,37.5,38.5,7.71
1765478430.8541374,99,30,14,17,19,3.6053199768066406,38.0,38.0,7.789
1765478431.0551383,99,30,14,17,19,3.6053199768066406,38.0,38.0,7.789
1765478431.2563117,99,30,14,17,19,3.6053199768066406,38.0,38.0,7.789
1765478431.4573197,99,38,34,24,46,3.6061782836914062,38.0,39.0,8.726
1765478431.658481,99,38,34,24,46,3.6061782836914062,38.0,39.0,8.726
1765478431.8593647,99,13,12,11,18,3.6047134399414062,37.0,38.5,5.818
1765478432.0610373,99,13,12,11,18,3.6047134399414062,37.0,38.5,5.818
1765478432.262257,99,13,12,11,18,3.6047134399414062,37.0,38.5,5.818
1765478432.4634502,99,44,35,40,35,3.604949951171875,38.0,38.5,7.563
1765478432.6643798,99,44,35,40,35,3.604949951171875,38.0,38.5,7.563
1765478432.865621,99,44,35,40,35,3.604949951171875,38.0,38.5,7.563
1765478433.0667067,99,31,20,32,34,3.6049957275390625,37.0,39.5,7.176
1765478433.2677264,99,31,20,32,34,3.6049957275390625,37.0,39.5,7.176
1765478433.468744,99,32,17,22,23,3.606456756591797,38.0,38.5,8.16
1765478433.6696875,99,32,17,22,23,3.606456756591797,38.0,38.5,8.16
1765478433.8710303,99,32,17,22,23,3.606456756591797,38.0,38.5,8.16
1765478434.0721927,99,29,30,43,31,3.606128692626953,38.0,39.0,7.67
1765478434.273341,99,29,30,43,31,3.606128692626953,38.0,39.0,7.67
1765478434.474269,99,16,14,16,22,3.6050949096679688,38.0,38.5,6.64
1765478434.6753814,99,16,14,16,22,3.6050949096679688,38.0,38.5,6.64
1765478434.8765426,99,16,14,16,22,3.6050949096679688,38.0,38.5,6.64
1765478435.0776896,99,28,53,33,42,3.606220245361328,38.5,39.0,8.503
1765478435.2786644,99,28,53,33,42,3.606220245361328,38.5,39.0,8.503
1765478435.4807942,41,8,20,13,8,3.605335235595703,38.0,38.0,5.515
1765478435.6817122,41,8,20,13,8,3.605335235595703,38.0,38.0,5.515
1765478435.8827858,41,8,20,13,8,3.605335235595703,38.0,38.0,5.515
1765478436.0843806,99,27,35,28,44,3.6057205200195312,39.0,38.5,7.869
1765478436.28543,99,27,35,28,44,3.6057205200195312,39.0,38.5,7.869
1765478436.4864755,99,33,34,46,32,3.605762481689453,38.5,39.0,8.015
1765478436.6874762,99,33,34,46,32,3.605762481689453,38.5,39.0,8.015
1765478436.8888743,99,33,34,46,32,3.605762481689453,38.5,39.0,8.015
1765478437.0898445,99,14,20,19,18,3.6065330505371094,38.5,39.0,8.094
1765478437.2908928,99,14,20,19,18,3.6065330505371094,38.5,39.0,8.094
1765478437.4918983,99,50,22,30,30,3.6058197021484375,39.0,39.5,8.094
1765478437.6928778,99,50,22,30,30,3.6058197021484375,39.0,39.5,8.094
1765478437.8940063,99,50,22,30,30,3.6058197021484375,39.0,39.5,8.094
1765478438.0954287,99,18,17,29,22,3.605640411376953,38.5,39.0,6.37
1765478438.296923,99,18,17,29,22,3.605640411376953,38.5,39.0,6.37
1765478438.4979331,99,53,26,26,31,3.6059532165527344,39.0,39.5,8.582
1765478438.6987984,99,53,26,26,31,3.6059532165527344,39.0,39.5,8.582
1765478438.9004817,99,53,26,26,31,3.6059532165527344,39.0,39.5,8.582
1765478439.1016707,99,27,27,32,23,3.6061744689941406,38.5,41.0,8.134
1765478439.3029625,99,27,27,32,23,3.6061744689941406,38.5,41.0,8.134
1765478439.5040586,99,27,25,32,22,3.6059341430664062,39.0,39.0,7.63
1765478439.7049644,99,27,25,32,22,3.6059341430664062,39.0,39.0,7.63
1765478439.9061549,99,27,25,32,22,3.6059341430664062,39.0,39.0,7.63
1765478440.108567,99,33,38,36,52,3.6062469482421875,38.5,39.0,7.975
1765478440.309663,99,33,38,36,52,3.6062469482421875,38.5,39.0,7.975
1765478440.51073,94,23,17,23,15,3.6072654724121094,39.0,39.0,6.49
1765478440.7118888,94,23,17,23,15,3.6072654724121094,39.0,39.0,6.49
1765478440.9128878,94,23,17,23,15,3.6072654724121094,39.0,39.0,6.49
1765478441.1145227,99,24,35,40,22,3.606616973876953,38.5,39.5,7.591
1765478441.315495,99,24,35,40,22,3.606616973876953,38.5,39.5,7.591
1765478441.516524,26,18,28,29,23,3.6063499450683594,38.5,39.0,5.938
1765478441.717771,26,18,28,29,23,3.6063499450683594,38.5,39.0,5.938
1765478441.9189143,26,18,28,29,23,3.6063499450683594,38.5,39.0,5.938
1765478442.1198468,99,54,34,28,39,3.5993804931640625,39.0,39.5,8.503
1765478442.3208644,99,54,34,28,39,3.5993804931640625,39.0,39.5,8.503
1765478442.5221007,99,54,34,28,39,3.5993804931640625,39.0,39.5,8.503
1765478442.7242568,99,30,32,28,44,3.6000213623046875,39.0,39.5,8.2
1765478442.9252965,99,30,32,28,44,3.6000213623046875,39.0,39.5,8.2
1765478443.1262748,99,14,19,12,22,3.599781036376953,39.0,39.0,7.097
1765478443.32742,99,14,19,12,22,3.599781036376953,39.0,39.0,7.097
1765478443.5331016,99,14,19,12,22,3.599781036376953,39.0,39.0,7.097
1765478443.7341774,99,34,36,50,40,3.599639892578125,39.0,39.0,7.404
1765478443.9354746,99,34,36,50,40,3.599639892578125,39.0,39.0,7.404
1765478444.1365952,73,28,24,19,24,3.6001319885253906,38.5,39.5,6.049
1765478444.3377087,73,28,24,19,24,3.6001319885253906,38.5,39.5,6.049
1765478444.5387225,73,28,24,19,24,3.6001319885253906,38.5,39.5,6.049
1765478444.7396183,99,24,23,26,32,3.601207733154297,39.0,39.5,7.896
1765478444.9406307,99,24,23,26,32,3.601207733154297,39.0,39.5,7.896
1765478445.1415591,0,40,34,28,36,3.602558135986328,38.0,40.0,4.489
1765478445.3436522,0,40,34,28,36,3.602558135986328,38.0,40.0,4.489
1765478445.5448442,0,40,34,28,36,3.602558135986328,38.0,40.0,4.489
1765478445.7458816,99,50,35,72,41,3.6126251220703125,39.0,39.5,8.279
1765478445.946949,99,50,35,72,41,3.6126251220703125,39.0,39.5,8.279
1765478446.1479418,99,14,16,8,17,3.6125411987304688,39.0,39.5,6.37
1765478446.3488972,99,14,16,8,17,3.6125411987304688,39.0,39.5,6.37
1765478446.5497572,99,14,16,8,17,3.6125411987304688,39.0,39.5,6.37
1765478446.7508283,99,28,31,55,33,3.5690078735351562,39.0,39.5,7.364
1765478446.9518225,99,28,31,55,33,3.5690078735351562,39.0,39.5,7.364
1765478447.1535704,99,34,12,26,17,3.568775177001953,39.0,39.5,6.48
1765478447.3547792,99,34,12,26,17,3.568775177001953,39.0,39.5,6.48
1765478447.5558877,99,34,12,26,17,3.568775177001953,39.0,39.5,6.48
1765478447.7571769,99,28,37,24,52,3.5720672607421875,39.5,39.5,8.134
1765478447.9580991,99,28,37,24,52,3.5720672607421875,39.5,39.5,8.134
1765478448.1592147,99,23,21,29,24,3.572154998779297,39.5,41.5,7.936
1765478448.360553,99,23,21,29,24,3.572154998779297,39.5,41.5,7.936
1765478448.5616076,99,23,21,29,24,3.572154998779297,39.5,41.5,7.936
1765478448.7625425,99,30,28,18,26,3.5717201232910156,39.5,40.0,7.63
1765478448.9637249,99,30,28,18,26,3.5717201232910156,39.5,40.0,7.63
1765478449.1647227,99,36,34,27,57,3.571674346923828,39.5,40.0,7.816
1765478449.365745,99,36,34,27,57,3.571674346923828,39.5,40.0,7.816
1765478449.5668685,99,36,34,27,57,3.571674346923828,39.5,40.0,7.816
1765478449.768048,99,20,16,23,19,3.5725860595703125,40.0,40.0,7.404
1765478449.968994,99,20,16,23,19,3.5725860595703125,40.0,40.0,7.404
1765478450.1704714,99,24,23,23,48,3.5718727111816406,39.5,40.0,7.909
1765478450.371501,99,24,23,23,48,3.5718727111816406,39.5,40.0,7.909
1765478450.5724761,99,24,23,23,48,3.5718727111816406,39.5,40.0,7.909
1765478450.7736597,99,30,18,17,22,3.5717506408691406,39.5,39.5,5.667
1765478450.9748828,99,30,18,17,22,3.5717506408691406,39.5,39.5,5.667
1765478451.176876,99,44,37,26,39,3.571868896484375,40.0,40.5,8.094
1765478451.377909,99,44,37,26,39,3.571868896484375,40.0,40.5,8.094
1765478451.5806763,99,44,37,26,39,3.571868896484375,40.0,40.5,8.094
1765478451.7815495,99,25,48,31,22,3.572174072265625,40.0,40.5,8.2
1765478451.982513,99,25,48,31,22,3.572174072265625,40.0,40.5,8.2
1765478452.1835074,99,22,23,14,25,3.5716629028320312,40.0,40.5,7.176
1765478452.3850555,99,22,23,14,25,3.5716629028320312,40.0,40.5,7.176
1765478452.586322,99,22,23,14,25,3.5716629028320312,40.0,40.5,7.176
1765478452.7873766,99,38,36,45,37,3.5716934204101562,39.5,40.5,7.71
1765478452.988451,99,38,36,45,37,3.5716934204101562,39.5,40.5,7.71
1765478453.1894073,69,27,21,25,30,3.5718154907226562,39.5,41.0,6.059
1765478453.390406,69,27,21,25,30,3.5718154907226562,39.5,41.0,6.059
1765478453.5915408,69,27,21,25,30,3.5718154907226562,39.5,41.0,6.059
1765478453.7929196,99,39,34,37,46,3.5740699768066406,40.5,41.0,9.146
1765478453.9939814,99,39,34,37,46,3.5740699768066406,40.5,41.0,9.146
1765478454.1950653,99,36,40,40,42,3.5769615173339844,39.5,41.0,7.404
1765478454.396161,99,36,40,40,42,3.5769615173339844,39.5,41.0,7.404
1765478454.5971804,99,36,40,40,42,3.5769615173339844,39.5,41.0,7.404
1765478454.7981694,99,32,14,14,19,3.5781097412109375,40.0,40.5,7.523
1765478454.9993227,99,32,14,14,19,3.5781097412109375,40.0,40.5,7.523
1765478455.200599,99,32,14,14,19,3.5781097412109375,40.0,40.5,7.523
1765478455.4017625,99,24,26,56,31,3.5790061950683594,40.0,41.0,8.503
1765478455.6027172,99,24,26,56,31,3.5790061950683594,40.0,41.0,8.503
1765478455.803668,99,8,12,6,4,3.5776290893554688,40.0,40.0,5.474
1765478456.0050724,99,8,12,6,4,3.5776290893554688,40.0,40.0,5.474
1765478456.2059681,99,8,12,6,4,3.5776290893554688,40.0,40.0,5.474
1765478456.40709,99,24,32,47,28,3.579853057861328,40.0,40.0,7.71
1765478456.608586,99,24,32,47,28,3.579853057861328,40.0,40.0,7.71
1765478456.8098419,99,33,18,29,21,3.5814285278320312,39.5,40.0,6.059
1765478457.010725,99,33,18,29,21,3.5814285278320312,39.5,40.0,6.059
1765478457.2129092,99,33,18,29,21,3.5814285278320312,39.5,40.0,6.059
1765478457.4139962,99,39,30,25,16,3.582744598388672,40.5,41.0,8.517
1765478457.6151078,99,39,30,25,16,3.582744598388672,40.5,41.0,8.517
1765478457.81612,99,30,30,42,37,3.5829391479492188,40.0,40.5,8.015
1765478458.0170746,99,30,30,42,37,3.5829391479492188,40.0,40.5,8.015
1765478458.2181487,99,30,30,42,37,3.5829391479492188,40.0,40.5,8.015
1765478458.419028,99,23,19,23,10,3.584148406982422,40.5,41.0,7.216
1765478458.6201882,99,23,19,23,10,3.584148406982422,40.5,41.0,7.216
1765478458.8212283,99,32,29,30,50,3.5850257873535156,40.5,41.0,7.909
1765478459.0222285,99,32,29,30,50,3.5850257873535156,40.5,41.0,7.909
1765478459.2232032,99,32,29,30,50,3.5850257873535156,40.5,41.0,7.909
1765478459.424779,90,8,21,11,10,3.5850982666015625,40.0,41.0,6.249
1765478459.6260977,90,8,21,11,10,3.5850982666015625,40.0,41.0,6.249
1765478459.8270864,99,48,29,31,44,3.581401824951172,40.5,41.0,8.134
1765478460.0282466,99,48,29,31,44,3.581401824951172,40.5,41.0,8.134
1765478460.2291942,99,48,29,31,44,3.581401824951172,40.5,41.0,8.134
1765478460.4303877,99,48,42,51,46,3.5826683044433594,40.0,42.0,7.057
1765478460.631395,99,48,42,51,46,3.5826683044433594,40.0,42.0,7.057
1765478460.83255,99,49,41,56,42,3.584369659423828,41.0,41.5,8.74
1765478461.0335972,99,49,41,56,42,3.584369659423828,41.0,41.5,8.74
1765478461.2357128,99,49,41,56,42,3.584369659423828,41.0,41.5,8.74
1765478461.436632,99,51,31,49,50,3.583526611328125,40.5,41.0,8.094
1765478461.6376364,99,51,31,49,50,3.583526611328125,40.5,41.0,8.094
1765478461.8388448,99,41,35,33,34,3.583587646484375,40.5,41.0,7.523
1765478462.0403528,99,41,35,33,34,3.583587646484375,40.5,41.0,7.523
1765478462.241454,99,41,35,33,34,3.583587646484375,40.5,41.0,7.523
1765478462.4426382,99,53,36,54,54,3.583393096923828,40.5,41.5,8.16
1765478462.6437051,99,53,36,54,54,3.583393096923828,40.5,41.5,8.16
1765478462.8446436,56,18,23,19,21,3.5841331481933594,39.5,41.5,5.698
1765478463.0459921,56,18,23,19,21,3.5841331481933594,39.5,41.5,5.698
1765478463.2470593,56,18,23,19,21,3.5841331481933594,39.5,41.5,5.698
1765478463.4484937,99,32,28,45,28,3.583385467529297,40.5,41.0,7.364
1765478463.6493964,99,32,28,45,28,3.583385467529297,40.5,41.0,7.364
1765478463.8527036,99,32,28,45,28,3.583385467529297,40.5,41.0,7.364
1765478464.0536714,99,40,33,27,28,3.583660125732422,40.5,43.0,6.829
1765478464.254819,99,40,33,27,28,3.583660125732422,40.5,43.0,6.829
1765478464.4560173,99,32,38,30,39,3.5843849182128906,40.5,41.5,8.358
1765478464.6569955,99,32,38,30,39,3.5843849182128906,40.5,41.5,8.358
1765478464.8579245,99,32,38,30,39,3.5843849182128906,40.5,41.5,8.358
1765478465.0589702,99,17,42,26,28,3.584247589111328,40.5,41.0,7.869
1765478465.2602072,99,17,42,26,28,3.584247589111328,40.5,41.0,7.869
1765478465.4612596,99,16,14,17,18,3.5842514038085938,40.5,41.0,6.64
1765478465.6624367,99,16,14,17,18,3.5842514038085938,40.5,41.0,6.64
1765478465.8633196,99,16,14,17,18,3.5842514038085938,40.5,41.0,6.64
1765478466.0643935,99,53,40,46,37,3.584796905517578,41.0,41.0,7.483
1765478466.2653115,99,53,40,46,37,3.584796905517578,41.0,41.0,7.483
1765478466.4663873,99,19,21,25,19,3.5859451293945312,40.5,41.5,6.469
1765478466.6675286,99,19,21,25,19,3.5859451293945312,40.5,41.5,6.469
1765478466.868618,99,19,21,25,19,3.5859451293945312,40.5,41.5,6.469
1765478467.0697637,99,26,20,25,38,3.5847854614257812,41.0,41.5,7.829
1765478467.270773,99,26,20,25,38,3.5847854614257812,41.0,41.5,7.829
1765478467.4719903,99,30,38,36,29,3.5851821899414062,40.5,42.5,7.591
1765478467.6729586,99,30,38,36,29,3.5851821899414062,40.5,42.5,7.591
1765478467.8740664,99,30,38,36,29,3.5851821899414062,40.5,42.5,7.591
1765478468.0749815,99,26,24,26,20,3.5852890014648438,41.0,41.0,7.909
1765478468.276102,99,26,24,26,20,3.5852890014648438,41.0,41.0,7.909
1765478468.4772518,99,18,44,21,28,3.586292266845703,41.0,41.0,8.2
1765478468.6783738,99,18,44,21,28,3.586292266845703,41.0,41.0,8.2
1765478468.8793201,99,18,44,21,28,3.586292266845703,41.0,41.0,8.2
1765478469.0807765,0,24,19,10,15,3.5861282348632812,41.0,42.5,5.322
1765478469.2818077,0,24,19,10,15,3.5861282348632812,41.0,42.5,5.322
1765478469.4828258,99,34,39,34,38,3.586933135986328,41.0,41.5,7.444
1765478469.6843302,99,34,39,34,38,3.586933135986328,41.0,41.5,7.444
1765478469.885377,99,34,39,34,38,3.586933135986328,41.0,41.5,7.444
1765478470.0865803,99,48,40,44,38,3.586162567138672,41.0,42.0,7.137
1765478470.2876225,99,48,40,44,38,3.586162567138672,41.0,42.0,7.137
1765478470.488521,99,57,38,39,39,3.5850906372070312,41.0,41.5,8.438
1765478470.6893935,99,57,38,39,39,3.5850906372070312,41.0,41.5,8.438
1765478470.8904781,99,57,38,39,39,3.5850906372070312,41.0,41.5,8.438
1765478471.0914657,99,51,46,49,46,3.5861053466796875,41.0,42.5,7.869
1765478471.292762,99,51,46,49,46,3.5861053466796875,41.0,42.5,7.869
1765478471.4938507,99,42,24,25,21,3.5864486694335938,41.0,41.5,7.975
1765478471.6948483,99,42,24,25,21,3.5864486694335938,41.0,41.5,7.975
1765478471.8960245,99,42,24,25,21,3.5864486694335938,41.0,41.5,7.975
1765478472.0969229,99,29,47,36,32,3.5881500244140625,41.5,42.0,8.582
1765478472.2979524,99,29,47,36,32,3.5881500244140625,41.5,42.0,8.582
1765478472.4989269,27,19,10,19,16,3.5873641967773438,40.5,43.0,5.747
1765478472.7001436,27,19,10,19,16,3.5873641967773438,40.5,43.0,5.747
1765478472.9010062,27,19,10,19,16,3.5873641967773438,40.5,43.0,5.747
1765478473.1020246,99,33,32,44,40,3.587749481201172,41.5,41.5,7.097
1765478473.302972,99,33,32,44,40,3.587749481201172,41.5,41.5,7.097
1765478473.5042226,99,33,32,44,40,3.587749481201172,41.5,41.5,7.097
1765478473.7084763,99,30,21,28,34,3.587738037109375,41.0,43.5,6.829
1765478473.9095402,99,30,21,28,34,3.587738037109375,41.0,43.5,6.829
1765478474.110594,99,24,35,20,19,3.588489532470703,41.5,42.0,8.134
1765478474.3122838,99,24,35,20,19,3.588489532470703,41.5,42.0,8.134
1765478474.5133872,99,24,35,20,19,3.588489532470703,41.5,42.0,8.134
1765478474.7144418,99,21,47,29,34,3.5878067016601562,41.5,42.5,7.909
1765478474.9155362,99,21,47,29,34,3.5878067016601562,41.5,42.5,7.909
1765478475.1165085,99,19,18,19,8,3.5881004333496094,41.5,42.0,6.72
1765478475.3176653,99,19,18,19,8,3.5881004333496094,41.5,42.0,6.72
1765478475.5185559,99,19,18,19,8,3.5881004333496094,41.5,42.0,6.72
1765478475.7198832,99,34,30,51,41,3.5887527465820312,41.5,42.0,8.398
1765478475.9209166,99,34,30,51,41,3.5887527465820312,41.5,42.0,8.398
1765478476.1223323,99,14,21,11,9,3.5881309509277344,41.0,42.0,6.48
1765478476.323395,99,14,21,11,9,3.5881309509277344,41.0,42.0,6.48
1765478476.524644,99,14,21,11,9,3.5881309509277344,41.0,42.0,6.48
1765478476.7259643,99,45,38,46,42,3.5879173278808594,42.0,41.5,8.094
1765478476.9268491,99,45,38,46,42,3.5879173278808594,42.0,41.5,8.094
1765478477.1278467,99,38,37,23,28,3.588214874267578,41.5,43.0,7.896
1765478477.328901,99,38,37,23,28,3.588214874267578,41.5,43.0,7.896
1765478477.5299757,99,38,37,23,28,3.588214874267578,41.5,43.0,7.896
1765478477.7310152,99,20,17,10,22,3.5892982482910156,41.5,42.5,8.24
1765478477.9326386,99,20,17,10,22,3.5892982482910156,41.5,42.5,8.24
1765478478.1336808,99,30,49,17,26,3.5882492065429688,42.0,42.5,7.75
1765478478.3346534,99,30,49,17,26,3.5882492065429688,42.0,42.5,7.75
1765478478.5356956,99,30,49,17,26,3.5882492065429688,42.0,42.5,7.75
1765478478.7396579,99,16,15,18,18,3.5883102416992188,41.5,42.0,5.787
1765478478.940865,99,16,15,18,18,3.5883102416992188,41.5,42.0,5.787
1765478479.1418872,99,53,32,31,26,3.5888442993164062,42.0,42.0,7.975
1765478479.3429606,99,53,32,31,26,3.5888442993164062,42.0,42.0,7.975
1765478479.5439847,99,53,32,31,26,3.5888442993164062,42.0,42.0,7.975
1765478479.7466943,86,15,13,13,14,3.588665008544922,41.5,42.0,5.938
1765478479.9477305,86,15,13,13,14,3.588665008544922,41.5,42.0,5.938
1765478480.148805,99,55,52,50,60,3.5923690795898438,42.0,42.5,8.319
1765478480.3585188,99,55,52,50,60,3.5923690795898438,42.0,42.5,8.319
1765478480.559772,99,55,52,50,60,3.5923690795898438,42.0,42.5,8.319
1765478480.7612467,99,61,57,55,50,3.5935630798339844,41.5,43.0,7.869
1765478480.962287,99,61,57,55,50,3.5935630798339844,41.5,43.0,7.869
1765478481.1646519,99,40,39,50,40,3.5938072204589844,42.0,42.5,8.622
1765478481.36563,99,40,39,50,40,3.5938072204589844,42.0,42.5,8.622
1765478481.5670435,99,40,39,50,40,3.5938072204589844,42.0,42.5,8.622
1765478481.7681253,99,44,45,46,32,3.592945098876953,42.0,42.5,7.71
1765478481.9692252,99,44,45,46,32,3.592945098876953,42.0,42.5,7.71
1765478482.17012,99,22,24,26,18,3.593402862548828,42.0,42.5,6.72
1765478482.3711505,99,22,24,26,18,3.593402862548828,42.0,42.5,6.72
1765478482.5721936,99,22,24,26,18,3.593402862548828,42.0,42.5,6.72
1765478482.7733483,99,41,46,51,28,3.5932464599609375,42.0,42.5,7.975
1765478482.974304,99,41,46,51,28,3.5932464599609375,42.0,42.5,7.975
1765478483.177526,99,41,46,51,28,3.5932464599609375,42.0,42.5,7.975
1765478483.3785467,66,24,23,25,25,3.5940933227539062,42.0,44.5,7.216
1765478483.579692,66,24,23,25,25,3.5940933227539062,42.0,44.5,7.216
1765478483.7807846,99,63,55,72,64,3.5797882080078125,42.5,44.0,9.264
1765478483.981685,99,63,55,72,64,3.5797882080078125,42.5,44.0,9.264
1765478484.1827652,99,63,55,72,64,3.5797882080078125,42.5,44.0,9.264
1765478484.383821,99,44,56,46,52,3.5807762145996094,42.0,43.5,7.975
1765478484.585187,99,44,56,46,52,3.5807762145996094,42.0,43.5,7.975
1765478484.7860863,99,28,26,52,18,3.5783538818359375,42.5,43.0,8.279
1765478484.9875371,99,28,26,52,18,3.5783538818359375,42.5,43.0,8.279
1765478485.1886613,99,28,26,52,18,3.5783538818359375,42.5,43.0,8.279
1765478485.3896904,99,24,44,31,22,3.5774612426757812,42.5,42.5,8.174
1765478485.591169,99,24,44,31,22,3.5774612426757812,42.5,42.5,8.174
1765478485.7925527,82,26,21,23,26,3.5781211853027344,41.5,43.5,5.898
1765478485.9936533,82,26,21,23,26,3.5781211853027344,41.5,43.5,5.898
1765478486.1947756,82,26,21,23,26,3.5781211853027344,41.5,43.5,5.898
1765478486.3960216,99,50,27,26,32,3.5776138305664062,42.5,42.5,7.523
1765478486.5970016,99,50,27,26,32,3.5776138305664062,42.5,42.5,7.523
1765478486.798129,99,26,20,28,30,3.578624725341797,42.0,44.0,7.483
1765478486.9991844,99,26,20,28,30,3.578624725341797,42.0,44.0,7.483
1765478487.2002428,99,26,20,28,30,3.578624725341797,42.0,44.0,7.483
1765478487.401128,99,22,22,21,32,3.5777740478515625,42.5,43.0,7.603
1765478487.6076453,99,22,22,21,32,3.5777740478515625,42.5,43.0,7.603
1765478487.80879,99,50,24,32,30,3.5780715942382812,42.0,43.0,7.563
1765478488.0098803,99,50,24,32,30,3.5780715942382812,42.0,43.0,7.563
1765478488.2108448,99,50,24,32,30,3.5780715942382812,42.0,43.0,7.563
1765478488.4117815,99,23,18,21,18,3.5782394409179688,42.5,43.0,7.176
1765478488.6129038,99,23,18,21,18,3.5782394409179688,42.5,43.0,7.176
1765478488.8168712,99,24,31,48,30,3.578685760498047,42.5,43.5,7.936
1765478489.0180094,99,24,31,48,30,3.578685760498047,42.5,43.5,7.936
1765478489.2189422,99,24,31,48,30,3.578685760498047,42.5,43.5,7.936
1765478489.420191,99,19,14,21,23,3.578125,42.0,43.5,6.32
1765478489.6211536,99,19,14,21,23,3.578125,42.0,43.5,6.32
1765478489.8222067,99,30,32,48,28,3.5783042907714844,42.5,43.5,7.789
1765478490.0231879,99,30,32,48,28,3.5783042907714844,42.5,43.5,7.789
1765478490.2250981,99,30,32,48,28,3.5783042907714844,42.5,43.5,7.789
1765478490.4261477,99,30,34,32,33,3.578624725341797,42.5,44.0,8.055
1765478490.6271353,99,30,34,32,33,3.578624725341797,42.5,44.0,8.055
1765478490.8282564,99,15,14,10,25,3.5781784057617188,43.0,43.0,7.829
1765478491.0291657,99,15,14,10,25,3.5781784057617188,43.0,43.0,7.829
1765478491.2305083,99,15,14,10,25,3.5781784057617188,43.0,43.0,7.829
1765478491.4314592,99,37,48,35,32,3.5785598754882812,42.5,43.5,7.67
1765478491.6327503,99,37,48,35,32,3.5785598754882812,42.5,43.5,7.67
1765478491.8337302,99,16,16,16,20,3.5785980224609375,42.5,43.0,6.64
1765478492.0351818,99,16,16,16,20,3.5785980224609375,42.5,43.0,6.64
1765478492.236452,99,16,16,16,20,3.5785980224609375,42.5,43.0,6.64
1765478492.4375706,99,35,22,46,16,3.578968048095703,43.0,43.0,8.213
1765478492.6385565,99,35,22,46,16,3.578968048095703,43.0,43.0,8.213
1765478492.839773,29,16,15,22,10,3.5782699584960938,42.5,43.0,5.868
1765478493.0409675,29,16,15,22,10,3.5782699584960938,42.5,43.0,5.868
1765478493.2419734,29,16,15,22,10,3.5782699584960938,42.5,43.0,5.868
1765478493.4428778,99,33,28,49,29,3.5781593322753906,43.0,43.5,7.71
1765478493.6438093,99,33,28,49,29,3.5781593322753906,43.0,43.5,7.71
1765478493.8447528,99,42,31,45,27,3.5779953002929688,42.5,43.5,8.094
1765478494.0456905,99,42,31,45,27,3.5779953002929688,42.5,43.5,8.094
1765478494.2467635,99,42,31,45,27,3.5779953002929688,42.5,43.5,8.094
1765478494.4477127,99,9,11,16,15,3.5789566040039062,42.5,43.0,7.483
1765478494.6487508,99,9,11,16,15,3.5789566040039062,42.5,43.0,7.483
1765478494.8502586,99,28,32,54,25,3.5783767700195312,43.0,43.5,7.603
1765478495.051386,99,28,32,54,25,3.5783767700195312,43.0,43.5,7.603
1765478495.2523892,99,28,32,54,25,3.5783767700195312,43.0,43.5,7.603
1765478495.4536798,89,25,21,24,24,3.5785560607910156,42.0,43.5,6.33
1765478495.6548378,89,25,21,24,24,3.5785560607910156,42.0,43.5,6.33
1765478495.8557675,99,28,46,30,27,3.5791358947753906,43.0,44.0,8.74
1765478496.0568295,99,28,46,30,27,3.5791358947753906,43.0,44.0,8.74
1765478496.2578304,99,28,46,30,27,3.5791358947753906,43.0,44.0,8.74
1765478496.4589171,99,14,19,33,16,3.5782928466796875,42.5,44.0,7.523
1765478496.6597998,99,14,19,33,16,3.5782928466796875,42.5,44.0,7.523
1765478496.8609092,99,14,19,33,16,3.5782928466796875,42.5,44.0,7.523
1765478497.0618167,99,23,24,33,28,3.5782241821289062,43.5,43.5,7.483
1765478497.2629673,99,23,24,33,28,3.5782241821289062,43.5,43.5,7.483
1765478497.464638,99,44,39,29,44,3.5785675048828125,43.0,43.5,8.358
1765478497.6658697,99,44,39,29,44,3.5785675048828125,43.0,43.5,8.358
1765478497.8667622,99,44,39,29,44,3.5785675048828125,43.0,43.5,8.358
1765478498.0678415,99,10,10,18,10,3.5794944763183594,43.0,43.5,6.829
1765478498.2689886,99,10,10,18,10,3.5794944763183594,43.0,43.5,6.829
1765478498.4702199,99,51,20,24,25,3.578723907470703,43.0,43.5,7.324
1765478498.6715975,99,51,20,24,25,3.578723907470703,43.0,43.5,7.324
1765478498.872574,99,51,20,24,25,3.578723907470703,43.0,43.5,7.324
1765478499.0740335,99,27,25,24,22,3.5784454345703125,43.0,43.5,6.64
1765478499.275034,99,27,25,24,22,3.5784454345703125,43.0,43.5,6.64
1765478499.4762084,99,26,27,48,31,3.5790176391601562,43.5,44.0,8.557
1765478499.6771133,99,26,27,48,31,3.5790176391601562,43.5,44.0,8.557
1765478499.8785458,99,26,27,48,31,3.5790176391601562,43.5,44.0,8.557
1765478500.0795763,99,29,33,18,12,3.57879638671875,42.5,43.5,7.63
1765478500.280667,99,29,33,18,12,3.57879638671875,42.5,43.5,7.63
1765478500.4815378,99,20,26,20,18,3.578807830810547,43.5,44.0,7.71
1765478500.6824455,99,20,26,20,18,3.578807830810547,43.5,44.0,7.71
1765478500.883434,99,20,26,20,18,3.578807830810547,43.5,44.0,7.71
1765478501.0845397,99,29,30,47,42,3.5790328979492188,43.5,44.0,7.936
1765478501.2856617,99,29,30,47,42,3.5790328979492188,43.5,44.0,7.936
1765478501.486561,23,14,23,18,30,3.5797157287597656,42.5,45.0,5.979
1765478501.687768,23,14,23,18,30,3.5797157287597656,42.5,45.0,5.979
1765478501.8886309,23,14,23,18,30,3.5797157287597656,42.5,45.0,5.979
1765478502.0897164,99,43,21,20,24,3.5789794921875,43.5,44.0,7.364
1765478502.290769,99,43,21,20,24,3.5789794921875,43.5,44.0,7.364
1765478502.4922702,99,40,26,18,20,3.578765869140625,43.0,44.0,6.829
1765478502.693686,99,40,26,18,20,3.578765869140625,43.0,44.0,6.829
1765478502.8946397,99,40,26,18,20,3.578765869140625,43.0,44.0,6.829
1765478503.0956047,99,16,40,20,23,3.5793609619140625,44.0,44.0,7.909
1765478503.296841,99,16,40,20,23,3.5793609619140625,44.0,44.0,7.909
1765478503.4979033,99,19,18,23,49,3.579936981201172,43.5,44.0,8.134
1765478503.6989038,99,19,18,23,49,3.579936981201172,43.5,44.0,8.134
1765478503.9005654,99,19,18,23,49,3.579936981201172,43.5,44.0,8.134
1765478504.1015637,99,12,15,18,15,3.5790786743164062,44.0,43.5,6.76
1765478504.3028853,99,12,15,18,15,3.5790786743164062,44.0,43.5,6.76
1765478504.5037935,99,41,50,42,39,3.57928466796875,44.0,44.0,7.75
1765478504.70487,99,41,50,42,39,3.57928466796875,44.0,44.0,7.75
1765478504.905835,99,41,50,42,39,3.57928466796875,44.0,44.0,7.75
1765478505.1086693,99,25,18,23,27,3.5795364379882812,43.5,44.0,6.908
1765478505.3096323,99,25,18,23,27,3.5795364379882812,43.5,44.0,6.908
1765478505.5107028,99,22,12,28,24,3.579029083251953,44.0,44.0,7.856
1765478505.7116818,99,22,12,28,24,3.579029083251953,44.0,44.0,7.856
1765478505.9131618,99,22,12,28,24,3.579029083251953,44.0,44.0,7.856
1765478506.1141906,99,35,38,46,24,3.5791168212890625,44.0,44.5,7.67
1765478506.3153,99,35,38,46,24,3.5791168212890625,44.0,44.5,7.67
1765478506.516241,99,20,31,29,14,3.5791473388671875,44.0,44.0,7.948
1765478506.7172468,99,20,31,29,14,3.5791473388671875,44.0,44.0,7.948
1765478506.9182084,99,20,31,29,14,3.5791473388671875,44.0,44.0,7.948
1765478507.1190207,99,25,32,25,51,3.5800514221191406,44.0,45.0,8.477
1765478507.3202956,99,25,32,25,51,3.5800514221191406,44.0,45.0,8.477
1765478507.5215209,0,21,14,10,17,3.579082489013672,43.0,45.5,5.506
1765478507.7231247,0,21,14,10,17,3.579082489013672,43.0,45.5,5.506
1765478507.9242687,0,21,14,10,17,3.579082489013672,43.0,45.5,5.506
1765478508.1253064,99,40,30,36,38,3.579242706298828,44.0,44.0,7.296
1765478508.3263483,99,40,30,36,38,3.579242706298828,44.0,44.0,7.296
1765478508.5288498,99,40,30,36,38,3.579242706298828,44.0,44.0,7.296
1765478508.7299495,68,29,24,18,29,3.579265594482422,44.0,44.0,5.626
1765478508.9309897,68,29,24,18,29,3.579265594482422,44.0,44.0,5.626
1765478509.1321318,99,22,42,26,19,3.5798988342285156,44.0,44.0,8.319
1765478509.333119,99,22,42,26,19,3.5798988342285156,44.0,44.0,8.319
1765478509.5341382,99,22,42,26,19,3.5798988342285156,44.0,44.0,8.319
1765478509.7352412,99,30,24,52,26,3.579082489013672,44.0,44.5,7.75
1765478509.9364388,99,30,24,52,26,3.579082489013672,44.0,44.5,7.75
1765478510.137581,99,24,18,14,20,3.578948974609375,44.5,44.5,7.216
1765478510.3387396,99,24,18,14,20,3.578948974609375,44.5,44.5,7.216
1765478510.5399647,99,24,18,14,20,3.578948974609375,44.5,44.5,7.216
1765478510.7410703,99,32,46,26,35,3.580516815185547,44.5,45.0,8.319
1765478510.9420164,99,32,46,26,35,3.580516815185547,44.5,45.0,8.319
1765478511.1445577,81,18,10,13,9,3.5789031982421875,44.0,44.0,6.37
1765478511.3457375,81,18,10,13,9,3.5789031982421875,44.0,44.0,6.37
1765478511.5467901,81,18,10,13,9,3.5789031982421875,44.0,44.0,6.37
1765478511.747888,99,34,52,36,37,3.578662872314453,44.5,44.5,7.75
1765478511.9491048,99,34,52,36,37,3.578662872314453,44.5,44.5,7.75
1765478512.1500936,99,34,38,36,22,3.5791282653808594,44.0,45.5,7.483
1765478512.3511996,99,34,38,36,22,3.5791282653808594,44.0,45.5,7.483
1765478512.5523696,99,34,38,36,22,3.5791282653808594,44.0,45.5,7.483
1765478512.7533696,99,14,24,20,12,3.58001708984375,44.0,44.5,7.896
1765478512.954463,99,14,24,20,12,3.58001708984375,44.0,44.5,7.896
1765478513.1554282,99,23,20,20,52,3.578624725341797,44.0,44.5,7.63
1765478513.3565032,99,23,20,20,52,3.578624725341797,44.0,44.5,7.63
1765478513.557546,99,23,20,20,52,3.578624725341797,44.0,44.5,7.63
1765478513.7586846,99,23,21,20,14,3.579082489013672,44.0,44.0,5.979
1765478513.9597402,99,23,21,20,14,3.579082489013672,44.0,44.0,5.979
1765478514.1607542,99,38,33,27,55,3.579082489013672,44.5,45.0,8.358
1765478514.3621514,99,38,33,27,55,3.579082489013672,44.5,45.0,8.358
1765478514.5630796,99,38,33,27,55,3.579082489013672,44.5,45.0,8.358
1765478514.7647357,39,19,10,10,12,3.579242706298828,44.0,44.5,5.938
1765478514.965727,39,19,10,10,12,3.579242706298828,44.0,44.5,5.938
1765478515.1667442,99,20,42,28,30,3.579132080078125,44.5,44.5,7.975
1765478515.367758,99,20,42,28,30,3.579132080078125,44.5,44.5,7.975
1765478515.568899,99,20,42,28,30,3.579132080078125,44.5,44.5,7.975
1765478515.7697701,99,46,28,38,26,3.5792312622070312,44.5,45.5,7.829
1765478515.9707916,99,46,28,38,26,3.5792312622070312,44.5,45.5,7.829
1765478516.1717474,99,18,23,17,20,3.5801734924316406,44.5,45.0,8.094
1765478516.3727639,99,18,23,17,20,3.5801734924316406,44.5,45.0,8.094
1765478516.573825,99,18,23,17,20,3.5801734924316406,44.5,45.0,8.094
1765478516.7750132,99,22,22,20,50,3.579090118408203,44.5,44.5,7.404
1765478516.97621,99,22,22,20,50,3.579090118408203,44.5,44.5,7.404
1765478517.177158,99,20,26,16,21,3.5792999267578125,44.5,45.0,6.52
1765478517.3781836,99,20,26,16,21,3.5792999267578125,44.5,45.0,6.52
1765478517.579142,99,20,26,16,21,3.5792999267578125,44.5,45.0,6.52
1765478517.803168,99,28,23,54,22,3.5794029235839844,44.5,45.0,8.213
1765478518.0041673,99,28,23,54,22,3.5794029235839844,44.5,45.0,8.213
1765478518.205492,99,25,26,26,16,3.579784393310547,44.5,45.0,8.213
1765478518.4076924,99,25,26,26,16,3.579784393310547,44.5,45.0,8.213
1765478518.608715,99,25,26,26,16,3.579784393310547,44.5,45.0,8.213
1765478518.8098092,99,28,18,21,20,3.57891845703125,45.0,44.5,7.71
1765478519.0115108,99,28,18,21,20,3.57891845703125,45.0,44.5,7.71
1765478519.2125282,99,31,28,27,59,3.5788650512695312,44.5,45.0,7.829
1765478519.4137805,99,31,28,27,59,3.5788650512695312,44.5,45.0,7.829
1765478519.6151216,99,31,28,27,59,3.5788650512695312,44.5,45.0,7.829
1765478519.816117,99,18,29,18,16,3.5794601440429688,45.0,45.5,7.523
1765478520.0172908,99,18,29,18,16,3.5794601440429688,45.0,45.5,7.523
1765478520.218221,99,28,29,41,22,3.5794906616210938,45.0,45.0,7.63
1765478520.4192936,99,28,29,41,22,3.5794906616210938,45.0,45.0,7.63
1765478520.6203842,99,28,29,41,22,3.5794906616210938,45.0,45.0,7.63
1765478520.8214943,99,21,25,17,30,3.5794830322265625,44.5,44.5,6.179
1765478521.0225787,99,21,25,17,30,3.5794830322265625,44.5,44.5,6.179
1765478521.2254026,99,21,25,17,30,3.5794830322265625,44.5,44.5,6.179
1765478521.426318,99,25,26,25,47,3.5790977478027344,45.0,45.5,8.055
1765478521.6277454,99,25,26,25,47,3.5790977478027344,45.0,45.5,8.055
1765478521.8289165,99,24,28,37,29,3.580169677734375,44.5,45.5,8.213
1765478522.030107,99,24,28,37,29,3.580169677734375,44.5,45.5,8.213
1765478522.2311678,99,24,28,37,29,3.580169677734375,44.5,45.5,8.213
1765478522.4325497,99,22,26,18,16,3.5791587829589844,45.0,45.5,7.296
1765478522.6336389,99,22,26,18,16,3.5791587829589844,45.0,45.5,7.296
1765478522.83453,99,36,34,48,38,3.5793991088867188,45.0,45.5,8.055
1765478523.0356338,99,36,34,48,38,3.5793991088867188,45.0,45.5,8.055
1765478523.2365046,99,36,34,48,38,3.5793991088867188,45.0,45.5,8.055
1765478523.4374392,99,21,32,18,21,3.579315185546875,44.5,45.5,6.4
1765478523.63864,99,21,32,18,21,3.579315185546875,44.5,45.5,6.4
1765478523.8397372,99,27,18,19,40,3.5801925659179688,45.0,45.5,8.279
1765478524.0405793,99,27,18,19,40,3.5801925659179688,45.0,45.5,8.279
1765478524.2418208,99,27,18,19,40,3.5801925659179688,45.0,45.5,8.279
1765478524.443088,99,24,44,20,27,3.5792884826660156,45.0,45.5,7.71
1765478524.6441922,99,24,44,20,27,3.5792884826660156,45.0,45.5,7.71
1765478524.8451614,99,35,23,34,24,3.5796051025390625,45.0,45.5,7.563
1765478525.0461683,99,35,23,34,24,3.5796051025390625,45.0,45.5,7.563
1765478525.2473466,99,35,23,34,24,3.5796051025390625,45.0,45.5,7.563
1765478525.448415,99,38,52,33,40,3.5830764770507812,45.0,45.5,8.582
1765478525.6498077,99,38,52,33,40,3.5830764770507812,45.0,45.5,8.582
1765478525.8509562,99,12,14,13,6,3.5819778442382812,45.0,45.0,6.139
1765478526.0521271,99,12,14,13,6,3.5819778442382812,45.0,45.0,6.139
1765478526.2530367,99,12,14,13,6,3.5819778442382812,45.0,45.0,6.139
1765478526.454269,99,28,26,54,26,3.5818023681640625,45.0,45.0,7.364
1765478526.6552348,99,28,26,54,26,3.5818023681640625,45.0,45.0,7.364
1765478526.8565686,99,27,29,29,18,3.5820999145507812,45.0,45.5,6.37
1765478527.0577407,99,27,29,29,18,3.5820999145507812,45.0,45.5,6.37
1765478527.2589562,99,27,29,29,18,3.5820999145507812,45.0,45.5,6.37
1765478527.4600377,99,25,18,40,29,3.5829849243164062,45.5,45.5,8.543
1765478527.661259,99,25,18,40,29,3.5829849243164062,45.5,45.5,8.543
1765478527.8625119,99,22,50,23,28,3.5822830200195312,45.0,45.5,7.75
1765478528.0634973,99,22,50,23,28,3.5822830200195312,45.0,45.5,7.75
1765478528.2647324,99,22,50,23,28,3.5822830200195312,45.0,45.5,7.75
1765478528.4658794,99,20,16,23,15,3.582244873046875,45.5,45.5,7.296
1765478528.6668231,99,20,16,23,15,3.582244873046875,45.5,45.5,7.296
1765478528.8678455,99,51,50,36,33,3.5826339721679688,45.5,45.5,8.319
1765478529.068931,99,51,50,36,33,3.5826339721679688,45.5,45.5,8.319
1765478529.2697997,99,51,50,36,33,3.5826339721679688,45.5,45.5,8.319
1765478529.4729233,99,17,13,21,8,3.582439422607422,44.5,46.0,5.787
1765478529.6743383,99,17,13,21,8,3.582439422607422,44.5,46.0,5.787
1765478529.8754225,99,27,27,48,28,3.5820693969726562,45.5,45.5,7.71
1765478530.0765407,99,27,27,48,28,3.5820693969726562,45.5,45.5,7.71
1765478530.2774842,99,27,27,48,28,3.5820693969726562,45.5,45.5,7.71
1765478530.478594,99,22,37,22,25,3.582305908203125,45.0,46.5,6.709
1765478530.6795347,99,22,37,22,25,3.582305908203125,45.0,46.5,6.709
1765478530.8806858,99,22,29,33,24,3.5830917358398438,45.5,46.0,8.503
1765478531.0816004,99,22,29,33,24,3.5830917358398438,45.5,46.0,8.503
1765478531.2827353,99,22,29,33,24,3.5830917358398438,45.5,46.0,8.503
1765478531.4836903,99,22,52,19,12,3.5823822021484375,45.0,45.5,7.829
1765478531.6849928,99,22,52,19,12,3.5823822021484375,45.0,45.5,7.829
1765478531.8859484,99,23,13,19,16,3.5824203491210938,45.5,45.5,6.72
1765478532.0892715,99,23,13,19,16,3.5824203491210938,45.5,45.5,6.72
1765478532.2903314,99,23,13,19,16,3.5824203491210938,45.5,45.5,6.72
1765478532.4914393,99,54,33,31,52,3.582202911376953,45.5,46.0,7.829
1765478532.6926098,99,54,33,31,52,3.582202911376953,45.5,46.0,7.829
1765478532.8947816,99,16,17,16,17,3.5828018188476562,45.0,46.0,7.176
1765478533.0959835,99,16,17,16,17,3.5828018188476562,45.0,46.0,7.176
1765478533.2970319,99,16,17,16,17,3.5828018188476562,45.0,46.0,7.176
1765478533.4981852,99,35,41,26,26,3.5821380615234375,46.0,46.0,7.896
1765478533.6990728,99,35,41,26,26,3.5821380615234375,46.0,46.0,7.896
1765478533.9003758,99,35,41,26,26,3.5821380615234375,46.0,46.0,7.896
1765478534.101352,99,29,54,30,30,3.5819091796875,45.5,46.0,7.682
1765478534.3026385,99,29,54,30,30,3.5819091796875,45.5,46.0,7.682
1765478534.5041893,99,20,23,18,20,3.5824012756347656,45.5,46.5,8.701
1765478534.7076058,99,20,23,18,20,3.5824012756347656,45.5,46.5,8.701
1765478534.9087484,99,20,23,18,20,3.5824012756347656,45.5,46.5,8.701
1765478535.1098628,99,21,34,22,14,3.5824317932128906,45.5,45.5,7.869
1765478535.3108816,99,21,34,22,14,3.5824317932128906,45.5,45.5,7.869
1765478535.5120187,4,23,26,19,26,3.582489013671875,45.0,46.0,5.858
1765478535.7131357,4,23,26,19,26,3.582489013671875,45.0,46.0,5.858
1765478535.9144714,4,23,26,19,26,3.582489013671875,45.0,46.0,5.858
1765478536.1155903,99,32,56,35,27,3.58245849609375,45.5,46.0,7.603
1765478536.31657,99,32,56,35,27,3.58245849609375,45.5,46.0,7.603
1765478536.5177746,99,29,25,33,25,3.583477020263672,45.5,47.5,7.603
1765478536.7189977,99,29,25,33,25,3.583477020263672,45.5,47.5,7.603
1765478536.9201558,99,29,25,33,25,3.583477020263672,45.5,47.5,7.603
1765478537.1210556,99,34,14,16,20,3.582366943359375,45.5,46.0,7.483
1765478537.3223214,99,34,14,16,20,3.582366943359375,45.5,46.0,7.483
1765478537.5233614,99,35,52,26,23,3.581867218017578,45.5,46.0,7.404
1765478537.72444,99,35,52,26,23,3.581867218017578,45.5,46.0,7.404
1765478537.92539,99,35,52,26,23,3.581867218017578,45.5,46.0,7.404
1765478538.126483,99,20,20,17,16,3.582305908203125,45.5,46.0,7.444
1765478538.3275197,99,20,20,17,16,3.582305908203125,45.5,46.0,7.444
1765478538.528557,99,25,19,21,50,3.583057403564453,46.0,46.0,7.829
1765478538.7298825,99,25,19,21,50,3.583057403564453,46.0,46.0,7.829
1765478538.9310255,99,25,19,21,50,3.583057403564453,46.0,46.0,7.829
1765478539.1323464,99,16,22,19,25,3.5826568603515625,45.5,46.0,6.52
1765478539.333352,99,16,22,19,25,3.5826568603515625,45.5,46.0,6.52
1765478539.5345955,99,30,38,45,44,3.5822105407714844,46.5,46.5,7.975
1765478539.7355492,99,30,38,45,44,3.5822105407714844,46.5,46.5,7.975
1765478539.9372613,99,30,38,45,44,3.5822105407714844,46.5,46.5,7.975
1765478540.1383042,99,34,32,34,26,3.5834732055664062,46.0,46.5,8.015
1765478540.33939,99,34,32,34,26,3.5834732055664062,46.0,46.5,8.015
1765478540.5407925,99,14,16,23,12,3.5824813842773438,46.0,46.5,7.75
1765478540.7417042,99,14,16,23,12,3.5824813842773438,46.0,46.5,7.75
1765478540.9426744,99,14,16,23,12,3.5824813842773438,46.0,46.5,7.75
1765478541.1435466,99,34,31,23,50,3.5822715759277344,46.0,46.0,7.909
1765478541.3447444,99,34,31,23,50,3.5822715759277344,46.0,46.0,7.909
1765478541.5457792,79,23,19,23,20,3.5821685791015625,45.5,46.0,5.747
1765478541.7469018,79,23,19,23,20,3.5821685791015625,45.5,46.0,5.747
1765478541.9480379,79,23,19,23,20,3.5821685791015625,45.5,46.0,5.747
1765478542.1490629,99,30,26,18,52,3.583087921142578,46.5,46.5,8.477
1765478542.3500643,99,30,26,18,52,3.583087921142578,46.5,46.5,8.477
1765478542.5512385,99,30,26,18,52,3.583087921142578,46.5,46.5,8.477
1765478542.7524173,3,14,12,25,30,3.5817108154296875,45.5,46.0,6.099
1765478542.9535048,3,14,12,25,30,3.5817108154296875,45.5,46.0,6.099
1765478543.154841,99,42,32,52,30,3.581634521484375,46.5,46.5,8.213
1765478543.3557537,99,42,32,52,30,3.581634521484375,46.5,46.5,8.213
1765478543.5570464,99,42,32,52,30,3.581634521484375,46.5,46.5,8.213
1765478543.7580724,99,41,45,46,41,3.5823402404785156,46.5,47.5,8.543
1765478543.9590034,99,41,45,46,41,3.5823402404785156,46.5,47.5,8.543
1765478544.1601079,99,8,15,14,12,3.5829620361328125,46.5,46.0,7.483
1765478544.3612509,99,8,15,14,12,3.5829620361328125,46.5,46.0,7.483
1765478544.562216,99,8,15,14,12,3.5829620361328125,46.5,46.0,7.483
1765478544.7633514,99,31,19,32,51,3.5820960998535156,46.0,46.5,7.936
1765478544.964469,99,31,19,32,51,3.5820960998535156,46.0,46.5,7.936
1765478545.1659222,99,17,16,25,27,3.582080841064453,45.5,46.5,6.019
1765478545.3669693,99,17,16,25,27,3.582080841064453,45.5,46.5,6.019
1765478545.5681262,99,17,16,25,27,3.582080841064453,45.5,46.5,6.019
1765478545.7694628,99,45,18,31,26,3.5839767456054688,46.5,47.0,8.438
1765478545.9706228,99,45,18,31,26,3.5839767456054688,46.5,47.0,8.438
1765478546.1717598,99,20,16,26,26,3.5824508666992188,46.0,47.0,7.404
1765478546.3727705,99,20,16,26,26,3.5824508666992188,46.0,47.0,7.404
1765478546.5740056,99,20,16,26,26,3.5824508666992188,46.0,47.0,7.404
1765478546.7750268,99,22,21,33,26,3.582183837890625,46.0,46.5,7.603
1765478546.9765048,99,22,21,33,26,3.582183837890625,46.0,46.5,7.603
1765478547.1774504,99,33,43,37,54,3.5824813842773438,46.5,47.0,8.477
1765478547.37849,99,33,43,37,54,3.5824813842773438,46.5,47.0,8.477
1765478547.5794842,99,33,43,37,54,3.5824813842773438,46.5,47.0,8.477
1765478547.7807677,99,12,10,15,11,3.5832290649414062,46.0,46.5,7.097
1765478547.9817913,99,12,10,15,11,3.5832290649414062,46.0,46.5,7.097
1765478548.1828735,99,48,29,30,25,3.5824127197265625,46.5,46.5,7.643
1765478548.3841472,99,48,29,30,25,3.5824127197265625,46.5,46.5,7.643
1765478548.5850956,99,48,29,30,25,3.5824127197265625,46.5,46.5,7.643
1765478548.7861423,99,24,26,21,30,3.582244873046875,46.5,47.0,6.41
1765478548.9889474,99,24,26,21,30,3.582244873046875,46.5,47.0,6.41
1765478549.189985,99,26,44,24,21,3.582855224609375,47.0,47.0,8.438
1765478549.3911567,99,26,44,24,21,3.582855224609375,47.0,47.0,8.438
1765478549.5922039,99,26,44,24,21,3.582855224609375,47.0,47.0,8.438
1765478549.7931511,99,22,38,16,27,3.582317352294922,46.5,47.0,7.936
1765478549.9941876,99,22,38,16,27,3.582317352294922,46.5,47.0,7.936
1765478550.195265,99,18,19,16,19,3.582122802734375,46.5,47.0,7.523
1765478550.3963776,99,18,19,16,19,3.582122802734375,46.5,47.0,7.523
1765478550.5974503,99,18,19,16,19,3.582122802734375,46.5,47.0,7.523
1765478550.79852,99,30,32,58,39,3.582538604736328,47.0,46.5,8.015
1765478550.9995508,99,30,32,58,39,3.582538604736328,47.0,46.5,8.015
1765478551.2005293,24,21,20,15,25,3.5830116271972656,46.0,47.0,5.979
1765478551.4016569,24,21,20,15,25,3.5830116271972656,46.0,47.0,5.979
1765478551.6029139,24,21,20,15,25,3.5830116271972656,46.0,47.0,5.979
1765478551.8040516,99,48,21,24,19,3.582592010498047,46.5,46.5,7.603
1765478552.004936,99,48,21,24,19,3.582592010498047,46.5,46.5,7.603
1765478552.2060215,99,22,34,29,19,3.5824012756347656,46.5,47.0,6.829
1765478552.4070878,99,22,34,29,19,3.5824012756347656,46.5,47.0,6.829
1765478552.6082153,99,22,34,29,19,3.5824012756347656,46.5,47.0,6.829
1765478552.8092375,99,42,30,21,24,3.5819740295410156,47.0,47.0,8.028
1765478553.0103972,99,42,30,21,24,3.5819740295410156,47.0,47.0,8.028
1765478553.2117922,99,25,31,47,18,3.5827369689941406,47.0,47.5,8.358
1765478553.4130242,99,25,31,47,18,3.5827369689941406,47.0,47.5,8.358
1765478553.6139941,99,25,31,47,18,3.5827369689941406,47.0,47.5,8.358
1765478553.8149312,99,18,12,17,10,3.5822601318359375,47.0,47.0,6.789
1765478554.0160952,99,18,12,17,10,3.5822601318359375,47.0,47.0,6.789
1765478554.217169,99,48,43,35,37,3.5818748474121094,47.0,46.5,7.789
1765478554.4184732,99,48,43,35,37,3.5818748474121094,47.0,46.5,7.789
1765478554.6194332,99,48,43,35,37,3.5818748474121094,47.0,46.5,7.789
1765478554.8206365,96,27,26,16,25,3.5826187133789062,46.5,47.5,6.868
1765478555.0217113,96,27,26,16,25,3.5826187133789062,46.5,47.5,6.868
1765478555.2228637,96,27,26,16,25,3.5826187133789062,46.5,47.5,6.868
1765478555.4239826,99,23,19,38,16,3.5819358825683594,47.0,47.0,7.75
1765478555.62489,99,23,19,38,16,3.5819358825683594,47.0,47.0,7.75
1765478555.8259225,99,26,36,35,36,3.582439422607422,46.5,47.5,7.829
1765478556.0270424,99,26,36,35,36,3.582439422607422,46.5,47.5,7.829
1765478556.228249,99,26,36,35,36,3.582439422607422,46.5,47.5,7.829
1765478556.4291778,99,33,21,23,22,3.5827369689941406,47.0,47.0,8.055
1765478556.630485,99,33,21,23,22,3.5827369689941406,47.0,47.0,8.055
1765478556.8314955,99,23,54,23,23,3.5831947326660156,47.5,48.0,8.74
1765478557.0326302,99,23,54,23,23,3.5831947326660156,47.5,48.0,8.74
1765478557.2334912,99,23,54,23,23,3.5831947326660156,47.5,48.0,8.74
1765478557.4346814,46,22,10,14,15,3.5825576782226562,46.5,48.0,5.394
1765478557.6357222,46,22,10,14,15,3.5825576782226562,46.5,48.0,5.394
1765478557.8367877,99,32,38,42,38,3.582469940185547,47.0,47.5,7.523
1765478558.0377877,99,32,38,42,38,3.582469940185547,47.0,47.5,7.523
1765478558.2388196,99,32,38,42,38,3.582469940185547,47.0,47.5,7.523
1765478558.4398816,83,25,21,26,21,3.5824317932128906,47.0,47.0,5.787
1765478558.640855,83,25,21,26,21,3.5824317932128906,47.0,47.0,5.787
1765478558.8419852,99,18,18,19,31,3.583148956298828,47.5,48.0,8.319
1765478559.0429227,99,18,18,19,31,3.583148956298828,47.5,48.0,8.319
1765478559.2442296,99,18,18,19,31,3.583148956298828,47.5,48.0,8.319
1765478559.4452803,99,57,30,30,30,3.582408905029297,47.5,48.0,7.948
1765478559.6465983,99,57,30,30,30,3.582408905029297,47.5,48.0,7.948
1765478559.8476,99,23,24,24,16,3.5825843811035156,47.0,47.5,7.296
1765478560.0487056,99,23,24,24,16,3.5825843811035156,47.0,47.5,7.296
1765478560.2499483,99,23,24,24,16,3.5825843811035156,47.0,47.5,7.296
1765478560.4509373,99,31,43,33,24,3.5830764770507812,47.5,48.0,8.477
1765478560.6519985,99,31,43,33,24,3.5830764770507812,47.5,48.0,8.477
1765478560.853177,99,16,20,10,6,3.5818748474121094,47.0,47.5,6.48
1765478561.0544724,99,16,20,10,6,3.5818748474121094,47.0,47.5,6.48
1765478561.2555184,99,16,20,10,6,3.5818748474121094,47.0,47.5,6.48
1765478561.4568243,99,37,41,36,32,3.582172393798828,47.5,48.0,7.909
1765478561.6577804,99,37,41,36,32,3.582172393798828,47.5,48.0,7.909
1765478561.8592813,99,28,32,34,37,3.5830421447753906,47.0,48.0,7.975
1765478562.0602772,99,28,32,34,37,3.5830421447753906,47.0,48.0,7.975
1765478562.2614787,99,28,32,34,37,3.5830421447753906,47.0,48.0,7.975
1765478562.462524,99,24,10,15,11,3.5837669372558594,47.5,47.5,8.319
1765478562.6636994,99,24,10,15,11,3.5837669372558594,47.5,47.5,8.319
1765478562.8646424,99,23,20,44,28,3.5830459594726562,47.0,47.5,7.829
1765478563.065769,99,23,20,44,28,3.5830459594726562,47.0,47.5,7.829
1765478563.2667534,99,23,20,44,28,3.5830459594726562,47.0,47.5,7.829
1765478563.4677641,99,21,22,16,22,3.5828819274902344,47.0,47.5,5.707
1765478563.6687777,99,21,22,16,22,3.5828819274902344,47.0,47.5,5.707
1765478563.8777392,99,29,30,31,55,3.582355499267578,47.5,48.0,8.015
1765478564.0787902,99,29,30,31,55,3.582355499267578,47.5,48.0,8.015
1765478564.2797253,99,29,30,31,55,3.582355499267578,47.5,48.0,8.015
1765478564.4808836,75,20,15,10,15,3.582550048828125,47.0,47.5,5.626
1765478564.6821105,75,20,15,10,15,3.582550048828125,47.0,47.5,5.626
1765478564.8831935,99,36,36,35,22,3.582965850830078,47.5,47.5,8.055
1765478565.084355,99,36,36,35,22,3.582965850830078,47.5,47.5,8.055
1765478565.285544,99,36,36,35,22,3.582965850830078,47.5,47.5,8.055
1765478565.4868855,99,51,26,20,28,3.5823097229003906,47.0,48.5,7.789
1765478565.6881716,99,51,26,20,28,3.5823097229003906,47.0,48.5,7.789
1765478565.8892078,99,20,17,19,21,3.583568572998047,47.5,48.0,8.174
1765478566.0902665,99,20,17,19,21,3.583568572998047,47.5,48.0,8.174
1765478566.2912767,99,20,17,19,21,3.583568572998047,47.5,48.0,8.174
1765478566.4922903,99,52,21,14,17,3.583282470703125,47.5,47.5,7.975
1765478566.693339,99,52,21,14,17,3.583282470703125,47.5,47.5,7.975
1765478566.8942802,99,52,21,14,17,3.583282470703125,47.5,47.5,7.975
1765478567.0952659,77,29,26,28,23,3.583057403564453,47.0,48.0,5.938
1765478567.2963123,77,29,26,28,23,3.583057403564453,47.0,48.0,5.938
1765478567.4972763,99,26,20,30,46,3.5826644897460938,47.5,48.0,7.829
1765478567.6982012,99,26,20,30,46,3.5826644897460938,47.5,48.0,7.829
1765478567.8992662,99,26,20,30,46,3.5826644897460938,47.5,48.0,7.829
1765478568.1003003,99,33,28,22,16,3.583538055419922,47.0,48.5,7.697
1765478568.3013294,99,33,28,22,16,3.583538055419922,47.0,48.5,7.697
1765478568.502456,99,29,32,20,18,3.5828094482421875,47.5,48.0,7.975
1765478568.703361,99,29,32,20,18,3.5828094482421875,47.5,48.0,7.975
1765478568.9046016,99,29,32,20,18,3.5828094482421875,47.5,48.0,7.975
1765478569.1055613,99,25,36,48,34,3.582530975341797,47.5,48.0,7.789
1765478569.3067472,99,25,36,48,34,3.582530975341797,47.5,48.0,7.789
1765478569.507718,99,23,22,24,16,3.582958221435547,47.5,48.0,7.444
1765478569.7086797,99,23,22,24,16,3.582958221435547,47.5,48.0,7.444
1765478569.909941,99,23,22,24,16,3.582958221435547,47.5,48.0,7.444
1765478570.1109915,99,36,19,12,21,3.582752227783203,47.5,48.0,7.364
1765478570.3118875,99,36,19,12,21,3.582752227783203,47.5,48.0,7.364
1765478570.5132184,99,27,21,22,28,3.5828475952148438,47.0,48.0,6.29
1765478570.714419,99,27,21,22,28,3.5828475952148438,47.0,48.0,6.29
1765478570.9154458,99,27,21,22,28,3.5828475952148438,47.0,48.0,6.29
1765478571.1165137,99,27,28,48,25,3.5828323364257812,48.0,48.0,8.134
1765478571.3174703,99,27,28,48,25,3.5828323364257812,48.0,48.0,8.134
1765478571.5185065,99,28,28,33,37,3.582927703857422,47.5,48.5,8.174
1765478571.7196352,99,28,28,33,37,3.582927703857422,47.5,48.5,8.174
1765478571.920794,99,28,28,33,37,3.582927703857422,47.5,48.5,8.174
1765478572.1218662,99,20,14,16,22,3.582988739013672,48.0,48.0,7.909
1765478572.3233395,99,20,14,16,22,3.582988739013672,48.0,48.0,7.909
1765478572.5244083,99,29,25,55,32,3.5821571350097656,48.0,48.0,7.909
1765478572.7255054,99,29,25,55,32,3.5821571350097656,48.0,48.0,7.909
1765478572.9265966,99,29,25,55,32,3.5821571350097656,48.0,48.0,7.909
1765478573.1282334,20,20,24,22,20,3.583118438720703,47.0,48.0,5.938
1765478573.329312,20,20,24,22,20,3.583118438720703,47.0,48.0,5.938
1765478573.53029,99,49,21,19,14,3.583385467529297,48.0,48.5,7.869
1765478573.7314045,99,49,21,19,14,3.583385467529297,48.0,48.5,7.869
1765478573.9324157,99,49,21,19,14,3.583385467529297,48.0,48.5,7.869
1765478574.1335354,99,28,21,34,26,3.5828018188476562,47.0,48.5,7.256
1765478574.3346105,99,28,21,34,26,3.5828018188476562,47.0,48.5,7.256
1765478574.535861,99,26,29,37,19,3.5829391479492188,48.0,48.0,7.523
1765478574.736939,99,26,29,37,19,3.5829391479492188,48.0,48.0,7.523
1765478574.9382732,99,26,29,37,19,3.5829391479492188,48.0,48.0,7.523
1765478575.1393542,99,45,41,36,29,3.5837020874023438,48.0,48.5,8.701
1765478575.3404493,99,45,41,36,29,3.5837020874023438,48.0,48.5,8.701
1765478575.5420191,99,45,41,36,29,3.5837020874023438,48.0,48.5,8.701
1765478575.743027,99,8,11,8,8,3.5829124450683594,47.5,48.0,6.8
1765478575.9442396,99,8,11,8,8,3.5829124450683594,47.5,48.0,6.8
1765478576.1454313,99,60,32,28,26,3.5825881958007812,48.0,48.5,7.444
1765478576.3466547,99,60,32,28,26,3.5825881958007812,48.0,48.5,7.444
1765478576.5475626,99,60,32,28,26,3.5825881958007812,48.0,48.5,7.444
1765478576.7489705,99,33,18,22,22,3.5826034545898438,48.0,48.5,6.64
1765478576.9500225,99,33,18,22,22,3.5826034545898438,48.0,48.5,6.64
1765478577.1510355,99,30,21,47,26,3.5836410522460938,48.5,49.0,8.74
1765478577.3520267,99,30,21,47,26,3.5836410522460938,48.5,49.0,8.74
1765478577.5531142,99,30,21,47,26,3.5836410522460938,48.5,49.0,8.74
1765478577.7541723,99,22,27,20,26,3.582733154296875,47.5,49.0,7.603
1765478577.955388,99,22,27,20,26,3.582733154296875,47.5,49.0,7.603
1765478578.1565206,99,26,32,25,19,3.581928253173828,48.0,48.0,7.682
1765478578.3584354,99,26,32,25,19,3.581928253173828,48.0,48.0,7.682
1765478578.5597408,99,26,32,25,19,3.581928253173828,48.0,48.0,7.682
1765478578.7656436,99,37,37,53,42,3.583271026611328,48.0,49.0,8.924
1765478578.9668775,99,37,37,53,42,3.583271026611328,48.0,49.0,8.924
1765478579.1679895,99,13,8,10,10,3.583240509033203,47.5,48.5,6.41
1765478579.3694038,99,13,8,10,10,3.583240509033203,47.5,48.5,6.41
1765478579.5703764,99,13,8,10,10,3.583240509033203,47.5,48.5,6.41
1765478579.7714386,99,30,32,50,37,3.582958221435547,48.0,48.5,7.71
1765478579.9724023,99,30,32,50,37,3.582958221435547,48.0,48.5,7.71
1765478580.1735709,99,32,28,20,23,3.5830955505371094,48.0,48.5,6.52
1765478580.3747041,99,32,28,20,23,3.5830955505371094,48.0,48.5,6.52
1765478580.575826,99,32,28,20,23,3.5830955505371094,48.0,48.5,6.52
1765478580.7774398,99,33,25,46,28,3.5840682983398438,48.5,48.5,8.438
1765478580.9785397,99,33,25,46,28,3.5840682983398438,48.5,48.5,8.438
1765478581.1796649,99,24,20,21,30,3.5830039978027344,48.0,49.0,7.829
1765478581.3806267,99,24,20,21,30,3.5830039978027344,48.0,49.0,7.829
1765478581.5816345,99,24,20,21,30,3.5830039978027344,48.0,49.0,7.829
1765478581.7826314,99,18,30,26,22,3.5830039978027344,48.5,48.5,7.936
1765478581.9837449,99,18,30,26,22,3.5830039978027344,48.5,48.5,7.936
1765478582.1846378,99,27,35,48,38,3.5823974609375,48.5,48.5,8.2
1765478582.385708,99,27,35,48,38,3.5823974609375,48.5,48.5,8.2
1765478582.5868983,99,27,35,48,38,3.5823974609375,48.5,48.5,8.2
1765478582.7879891,39,12,17,16,14,3.5831756591796875,48.0,49.0,5.868
1765478582.989114,39,12,17,16,14,3.5831756591796875,48.0,49.0,5.868
1765478583.190075,99,54,23,22,22,3.5826568603515625,48.0,48.5,7.67
1765478583.391285,99,54,23,22,22,3.5826568603515625,48.0,48.5,7.67
1765478583.5924952,99,54,23,22,22,3.5826568603515625,48.0,48.5,7.67
1765478583.7936804,96,26,20,26,19,3.583026885986328,48.0,48.0,6.059
1765478583.9947922,96,26,20,26,19,3.583026885986328,48.0,48.0,6.059
1765478584.1958597,99,22,27,30,42,3.583240509033203,48.5,48.5,8.557
1765478584.3968673,99,22,27,30,42,3.583240509033203,48.5,48.5,8.557
1765478584.5980043,99,22,27,30,42,3.583240509033203,48.5,48.5,8.557
1765478584.7993948,99,30,27,34,44,3.5832557678222656,48.0,50.0,8.174
1765478585.0004811,99,30,27,34,44,3.5832557678222656,48.0,50.0,8.174
1765478585.2019975,99,30,27,34,44,3.5832557678222656,48.0,50.0,8.174
1765478585.403051,99,20,28,13,24,3.5821876525878906,48.5,49.0,7.789
1765478585.604322,99,20,28,13,24,3.5821876525878906,48.5,49.0,7.789
1765478585.8053353,99,58,31,33,29,3.5823402404785156,48.5,48.5,7.975
1765478586.0063503,99,58,31,33,29,3.5823402404785156,48.5,48.5,7.975
1765478586.2073011,99,58,31,33,29,3.5823402404785156,48.5,48.5,7.975
1765478586.4087417,0,21,26,22,20,3.5840835571289062,47.5,50.0,5.827
1765478586.609671,0,21,26,22,20,3.5840835571289062,47.5,50.0,5.827
1765478586.810948,99,24,30,37,16,3.583179473876953,48.0,49.0,7.483
1765478587.0124757,99,24,30,37,16,3.583179473876953,48.0,49.0,7.483
1765478587.2137287,99,24,30,37,16,3.583179473876953,48.0,49.0,7.483
1765478587.4148047,62,27,21,28,29,3.5826683044433594,48.0,49.5,6.44
1765478587.6213975,62,27,21,28,29,3.5826683044433594,48.0,49.5,6.44
1765478587.82257,99,27,25,27,41,3.5830039978027344,48.5,48.5,8.134
1765478588.023426,99,27,25,27,41,3.5830039978027344,48.5,48.5,8.134
1765478588.2272406,99,27,25,27,41,3.5830039978027344,48.5,48.5,8.134
1765478588.4283907,99,24,34,20,45,3.583698272705078,48.5,49.5,8.358
1765478588.629499,99,24,34,20,45,3.583698272705078,48.5,49.5,8.358
1765478588.8304784,99,14,19,10,8,3.5828208923339844,48.5,48.5,7.216
1765478589.0317414,99,14,19,10,8,3.5828208923339844,48.5,48.5,7.216
1765478589.232476,99,14,19,10,8,3.5828208923339844,48.5,48.5,7.216
1765478589.4334784,99,42,27,41,46,3.5829620361328125,48.5,48.5,7.483
1765478589.6345456,99,42,27,41,46,3.5829620361328125,48.5,48.5,7.483
1765478589.8374052,92,25,22,30,26,3.5835304260253906,48.0,49.5,6.6
1765478590.0385625,92,25,22,30,26,3.5835304260253906,48.0,49.5,6.6
1765478590.2396758,92,25,22,30,26,3.5835304260253906,48.0,49.5,6.6
1765478590.4406047,99,27,24,12,33,3.5830116271972656,49.0,49.0,8.24
1765478590.6415896,99,27,24,12,33,3.5830116271972656,49.0,49.0,8.24
1765478590.8426414,99,36,27,28,38,3.5827102661132812,48.5,50.0,8.134
1765478591.0436947,99,36,27,28,38,3.5827102661132812,48.5,50.0,8.134
1765478591.2446866,99,36,27,28,38,3.5827102661132812,48.5,50.0,8.134
1765478591.445743,99,27,18,18,24,3.5827865600585938,49.0,49.0,8.015
1765478591.6467292,99,27,18,18,24,3.5827865600585938,49.0,49.0,8.015
1765478591.847634,99,35,22,20,50,3.5832901000976562,49.0,49.5,8.661
1765478592.0486686,99,35,22,20,50,3.5832901000976562,49.0,49.5,8.661
1765478592.2496994,99,35,22,20,50,3.5832901000976562,49.0,49.5,8.661
1765478592.4509008,24,18,21,12,11,3.5828895568847656,48.0,48.5,5.474
1765478592.6521733,24,18,21,12,11,3.5828895568847656,48.0,48.5,5.474
1765478592.8532076,99,51,38,35,30,3.58245849609375,48.5,49.5,7.869
1765478593.0542185,99,51,38,35,30,3.58245849609375,48.5,49.5,7.869
1765478593.2552238,99,51,38,35,30,3.58245849609375,48.5,49.5,7.869
1765478593.4562812,57,20,17,22,34,3.5831260681152344,48.0,49.0,6.019
1765478593.6572685,57,20,17,22,34,3.5831260681152344,48.0,49.0,6.019
1765478593.85928,99,23,41,10,17,3.5835189819335938,49.0,49.5,8.358
1765478594.060356,99,23,41,10,17,3.5835189819335938,49.0,49.5,8.358
1765478594.2614796,99,23,41,10,17,3.5835189819335938,49.0,49.5,8.358
1765478594.462454,99,25,22,30,43,3.5826492309570312,48.5,49.5,7.789
1765478594.6638436,99,25,22,30,43,3.5826492309570312,48.5,49.5,7.789
1765478594.8648517,99,18,18,14,17,3.5830459594726562,48.5,49.5,7.376
1765478595.0661013,99,18,18,14,17,3.5830459594726562,48.5,49.5,7.376
1765478595.2671688,99,18,18,14,17,3.5830459594726562,48.5,49.5,7.376
1765478595.468272,99,50,25,30,34,3.5828819274902344,49.0,50.0,8.134
1765478595.6693292,99,50,25,30,34,3.5828819274902344,49.0,50.0,8.134
1765478595.8702285,99,10,12,16,13,3.5830001831054688,48.5,49.5,6.6
1765478596.071721,99,10,12,16,13,3.5830001831054688,48.5,49.5,6.6
1765478596.2727573,99,10,12,16,13,3.5830001831054688,48.5,49.5,6.6
1765478596.473867,99,27,42,43,34,3.582622528076172,49.0,49.5,7.948
1765478596.6750135,99,27,42,43,34,3.582622528076172,49.0,49.5,7.948
1765478596.8764107,99,27,42,43,34,3.582622528076172,49.0,49.5,7.948
1765478597.0773375,99,35,48,32,35,3.5822906494140625,49.0,51.0,7.869
1765478597.2785072,99,35,48,32,35,3.5822906494140625,49.0,51.0,7.869
1765478597.4795296,99,18,30,20,18,3.5835227966308594,49.0,50.0,8.174
1765478597.6811361,99,18,30,20,18,3.5835227966308594,49.0,50.0,8.174
1765478597.8822901,99,18,30,20,18,3.5835227966308594,49.0,50.0,8.174
1765478598.08358,99,25,26,51,18,3.5830001831054688,49.0,49.5,7.869
1765478598.2848167,99,25,26,51,18,3.5830001831054688,49.0,49.5,7.869
1765478598.4858086,99,19,25,12,20,3.583026885986328,49.0,49.5,6.209
1765478598.6869407,99,19,25,12,20,3.583026885986328,49.0,49.5,6.209
1765478598.8880715,99,19,25,12,20,3.583026885986328,49.0,49.5,6.209
1765478599.089178,99,34,28,62,32,3.5823936462402344,49.5,50.0,8.134
1765478599.2900808,99,34,28,62,32,3.5823936462402344,49.5,50.0,8.134
1765478599.4912171,99,18,15,15,19,3.5831527709960938,49.0,50.0,6.45
1765478599.692187,99,18,15,15,19,3.5831527709960938,49.0,50.0,6.45
1765478599.8932831,99,18,15,15,19,3.5831527709960938,49.0,50.0,6.45
1765478600.0947626,99,34,30,31,32,3.5829010009765625,49.5,50.0,8.134
1765478600.295851,99,34,30,31,32,3.5829010009765625,49.5,50.0,8.134
1765478600.4970586,99,29,26,40,37,3.5834007263183594,49.5,50.0,7.75
1765478600.6979952,99,29,26,40,37,3.5834007263183594,49.5,50.0,7.75
1765478600.8991995,99,29,26,40,37,3.5834007263183594,49.5,50.0,7.75
1765478601.1002023,99,18,21,24,20,3.5841903686523438,50.0,50.0,8.582
1765478601.3012545,99,18,21,24,20,3.5841903686523438,50.0,50.0,8.582
1765478601.502761,99,46,18,25,19,3.5834579467773438,49.5,50.0,8.174
1765478601.704025,99,46,18,25,19,3.5834579467773438,49.5,50.0,8.174
1765478601.9049063,99,46,18,25,19,3.5834579467773438,49.5,50.0,8.174
1765478602.1061647,7,18,18,20,20,3.583251953125,49.0,49.5,5.394
1765478602.3072798,7,18,18,20,20,3.583251953125,49.0,49.5,5.394
1765478602.5082803,99,48,28,37,32,3.5823097229003906,49.5,49.5,7.603
1765478602.7092166,99,48,28,37,32,3.5823097229003906,49.5,49.5,7.603
1765478602.910152,99,48,28,37,32,3.5823097229003906,49.5,49.5,7.603
1765478603.1113067,89,18,20,18,28,3.5831642150878906,49.0,50.5,6.908
1765478603.312311,89,18,20,18,28,3.5831642150878906,49.0,50.5,6.908
1765478603.5133939,99,46,20,24,29,3.582275390625,49.5,50.0,8.134
1765478603.7143474,99,46,20,24,29,3.582275390625,49.5,50.0,8.134
1765478603.9153838,99,46,20,24,29,3.582275390625,49.5,50.0,8.134
1765478604.1165948,99,41,36,40,29,3.5823631286621094,49.5,50.0,7.829
1765478604.317667,99,41,36,40,29,3.5823631286621094,49.5,50.0,7.829
1765478604.5186653,99,23,14,16,18,3.5830459594726562,49.5,50.0,7.829
1765478604.7214336,99,23,14,16,18,3.5830459594726562,49.5,50.0,7.829
1765478604.9226012,99,23,14,16,18,3.5830459594726562,49.5,50.0,7.829
1765478605.1236129,99,44,15,18,24,3.5831146240234375,49.5,50.0,7.936
1765478605.3246357,99,44,15,18,24,3.5831146240234375,49.5,50.0,7.936
1765478605.5258567,99,30,21,20,19,3.5830078125,49.0,50.0,6.6
1765478605.7270472,99,30,21,20,19,3.5830078125,49.0,50.0,6.6
1765478605.928047,99,30,21,20,19,3.5830078125,49.0,50.0,6.6
1765478606.1291447,99,27,27,51,29,3.583362579345703,50.0,50.0,8.055
1765478606.3300598,99,27,27,51,29,3.583362579345703,50.0,50.0,8.055
1765478606.5311975,99,27,27,51,29,3.583362579345703,50.0,50.0,8.055
1765478606.7326572,99,44,30,32,32,3.5840301513671875,49.5,51.0,8.557
1765478606.9337194,99,44,30,32,32,3.5840301513671875,49.5,51.0,8.557
1765478607.13471,99,18,16,23,28,3.5831527709960938,49.5,49.5,7.948
1765478607.3357124,99,18,16,23,28,3.5831527709960938,49.5,49.5,7.948
1765478607.5367405,99,18,16,23,28,3.5831527709960938,49.5,49.5,7.948
1765478607.7380478,99,30,32,58,28,3.5831069946289062,49.5,50.0,7.869
1765478607.9390798,99,30,32,58,28,3.5831069946289062,49.5,50.0,7.869
1765478608.1402905,99,22,19,15,16,3.5831336975097656,49.5,50.0,6.209
1765478608.341368,99,22,19,15,16,3.5831336975097656,49.5,50.0,6.209
1765478608.542385,99,22,19,15,16,3.5831336975097656,49.5,50.0,6.209
1765478608.7434585,99,35,30,22,32,3.583698272705078,49.5,50.5,8.319
1765478608.9444768,99,35,30,22,32,3.583698272705078,49.5,50.5,8.319
1765478609.1454892,99,17,21,16,18,3.5831947326660156,49.0,49.5,5.787
1765478609.3464391,99,17,21,16,18,3.5831947326660156,49.0,49.5,5.787
1765478609.5534053,99,17,21,16,18,3.5831947326660156,49.0,49.5,5.787
1765478609.7545345,99,28,26,33,45,3.5837974548339844,50.0,50.5,7.936
1765478609.9557142,99,28,26,33,45,3.5837974548339844,50.0,50.5,7.936
1765478610.1567678,99,27,44,30,32,3.5841636657714844,50.0,50.5,8.094
1765478610.3582144,99,27,44,30,32,3.5841636657714844,50.0,50.5,8.094
1765478610.5594738,99,27,44,30,32,3.5841636657714844,50.0,50.5,8.094
1765478610.7604754,99,18,8,12,20,3.5836715698242188,50.5,50.0,7.563
1765478610.9624395,99,18,8,12,20,3.5836715698242188,50.5,50.0,7.563
1765478611.1634645,99,61,30,26,28,3.58349609375,50.0,50.5,7.975
1765478611.364889,99,61,30,26,28,3.58349609375,50.0,50.5,7.975
1765478611.5660317,99,61,30,26,28,3.58349609375,50.0,50.5,7.975
1765478611.7672288,45,25,24,18,20,3.5835227966308594,49.5,50.0,5.546
1765478611.968373,45,25,24,18,20,3.5835227966308594,49.5,50.0,5.546
1765478612.1695893,99,25,53,25,20,3.58392333984375,50.0,50.5,8.582
1765478612.3705442,99,25,53,25,20,3.58392333984375,50.0,50.5,8.582
1765478612.571513,99,25,53,25,20,3.58392333984375,50.0,50.5,8.582
1765478612.7733583,2,22,15,10,15,3.5837554931640625,49.0,50.0,5.898
1765478612.9742436,2,22,15,10,15,3.5837554931640625,49.0,50.0,5.898
1765478613.1755884,99,27,27,34,46,3.583507537841797,50.0,50.5,8.134
1765478613.3767538,99,27,27,34,46,3.583507537841797,50.0,50.5,8.134
1765478613.577891,99,27,27,34,46,3.583507537841797,50.0,50.5,8.134
1765478613.779026,99,35,46,27,30,3.5836410522460938,50.5,50.5,8.094
1765478613.9802868,99,35,46,27,30,3.5836410522460938,50.5,50.5,8.094
1765478614.1812122,99,21,12,13,15,3.5838050842285156,50.5,50.0,7.75
1765478614.3822267,99,21,12,13,15,3.5838050842285156,50.5,50.0,7.75
1765478614.5888302,99,21,12,13,15,3.5838050842285156,50.5,50.0,7.75
1765478614.7900639,99,51,25,28,27,3.5830459594726562,50.5,50.5,7.829
1765478614.9911668,99,51,25,28,27,3.5830459594726562,50.5,50.5,7.829
1765478615.1922278,82,22,20,21,24,3.5835609436035156,49.5,50.5,6.41
1765478615.39321,82,22,20,21,24,3.5835609436035156,49.5,50.5,6.41
1765478615.5940611,82,22,20,21,24,3.5835609436035156,49.5,50.5,6.41
1765478615.7951796,99,22,34,26,42,3.583629608154297,50.5,51.0,8.622
1765478615.996147,99,22,34,26,42,3.583629608154297,50.5,51.0,8.622
1765478616.1972322,99,24,16,31,18,3.5830612182617188,50.0,51.0,7.869
1765478616.3982394,99,24,16,31,18,3.5830612182617188,50.0,51.0,7.869
1765478616.5993245,99,24,16,31,18,3.5830612182617188,50.0,51.0,7.869
1765478616.8004084,99,24,23,34,23,3.583393096923828,50.0,51.0,7.869
1765478617.0017014,99,24,23,34,23,3.583393096923828,50.0,51.0,7.869
1765478617.2027233,99,44,35,40,34,3.5835533142089844,50.5,51.0,8.213
1765478617.4040282,99,44,35,40,34,3.5835533142089844,50.5,51.0,8.213
1765478617.6052234,99,44,35,40,34,3.5835533142089844,50.5,51.0,8.213
1765478617.8063328,99,22,17,8,18,3.5840072631835938,50.0,50.5,6.948
1765478618.007379,99,22,17,8,18,3.5840072631835938,50.0,50.5,6.948
1765478618.2084866,99,24,33,27,44,3.5836410522460938,50.5,50.5,8.015
1765478618.4094949,99,24,33,27,44,3.5836410522460938,50.5,50.5,8.015
1765478618.6106193,99,24,33,27,44,3.5836410522460938,50.5,50.5,8.015
1765478618.8118865,99,24,18,29,18,3.5835800170898438,50.0,50.5,6.56
1765478619.0129955,99,24,18,29,18,3.5835800170898438,50.0,50.5,6.56
1765478619.2140524,99,24,18,29,18,3.5835800170898438,50.0,50.5,6.56
1765478619.415318,99,22,30,43,30,3.583415985107422,50.5,51.0,8.438
1765478619.6165972,99,22,30,43,30,3.583415985107422,50.5,51.0,8.438
1765478619.8176792,99,32,23,30,21,3.5832061767578125,50.5,52.0,7.936
1765478620.01872,99,32,23,30,21,3.5832061767578125,50.5,52.0,7.936
1765478620.2196612,99,32,23,30,21,3.5832061767578125,50.5,52.0,7.936
1765478620.4206564,99,16,26,24,20,3.583141326904297,50.5,51.0,8.174
1765478620.6216528,99,16,26,24,20,3.583141326904297,50.5,51.0,8.174
1765478620.8227034,99,43,30,43,40,3.5835342407226562,50.5,51.0,8.134
1765478621.0237443,99,43,30,43,40,3.5835342407226562,50.5,51.0,8.134
1765478621.2245998,99,43,30,43,40,3.5835342407226562,50.5,51.0,8.134
1765478621.4258523,5,25,20,25,22,3.584423065185547,50.0,51.5,5.667
1765478621.6268723,5,25,20,25,22,3.584423065185547,50.0,51.5,5.667
1765478621.8281198,99,16,22,26,36,3.583728790283203,50.5,51.0,7.67
1765478622.0294049,99,16,22,26,36,3.583728790283203,50.5,51.0,7.67
1765478622.2305608,99,16,22,26,36,3.583728790283203,50.5,51.0,7.67
1765478622.4315858,29,27,22,30,17,3.5835037231445312,50.5,50.5,5.979
1765478622.632806,29,27,22,30,17,3.5835037231445312,50.5,50.5,5.979
1765478622.8338864,99,26,26,45,28,3.5836219787597656,50.5,51.0,8.319
1765478623.034819,99,26,26,45,28,3.5836219787597656,50.5,51.0,8.319
1765478623.236293,99,26,26,45,28,3.5836219787597656,50.5,51.0,8.319
1765478623.4376223,99,32,38,22,25,3.584186553955078,50.5,51.5,8.398
1765478623.6387203,99,32,38,22,25,3.584186553955078,50.5,51.5,8.398
1765478623.84056,99,20,14,19,12,3.5838279724121094,50.0,51.0,7.256
1765478624.0428429,99,20,14,19,12,3.5838279724121094,50.0,51.0,7.256
1765478624.2439818,99,20,14,19,12,3.5838279724121094,50.0,51.0,7.256
1765478624.4450517,99,35,32,54,32,3.583770751953125,51.0,51.0,7.563
1765478624.646045,99,35,32,54,32,3.583770751953125,51.0,51.0,7.563
1765478624.8470216,59,26,27,24,29,3.5831031799316406,50.0,51.5,6.57
1765478625.0483363,59,26,27,24,29,3.5831031799316406,50.0,51.5,6.57
1765478625.2492142,59,26,27,24,29,3.5831031799316406,50.0,51.5,6.57
1765478625.4503176,99,20,12,20,36,3.5830230712890625,51.0,51.0,7.869
1765478625.6512306,99,20,12,20,36,3.5830230712890625,51.0,51.0,7.869
1765478625.852393,99,35,35,27,30,3.583141326904297,50.5,51.5,7.603
1765478626.053323,99,35,35,27,30,3.583141326904297,50.5,51.5,7.603
1765478626.2543304,99,35,35,27,30,3.583141326904297,50.5,51.5,7.603
1765478626.455261,99,32,22,19,21,3.583465576171875,50.5,51.0,7.948
1765478626.6598094,99,32,22,19,21,3.583465576171875,50.5,51.0,7.948
1765478626.8610055,99,29,32,57,36,3.584503173828125,51.0,51.5,8.701
1765478627.062074,99,29,32,57,36,3.584503173828125,51.0,51.5,8.701
1765478627.2631547,99,29,32,57,36,3.584503173828125,51.0,51.5,8.701
1765478627.464223,99,15,16,12,10,3.5835227966308594,50.5,50.5,5.747
1765478627.6653602,99,15,16,12,10,3.5835227966308594,50.5,50.5,5.747
1765478627.8662188,99,34,27,42,41,3.5836563110351562,51.0,51.5,7.975
1765478628.0672119,99,34,27,42,41,3.5836563110351562,51.0,51.5,7.975
1765478628.2683933,99,34,27,42,41,3.5836563110351562,51.0,51.5,7.975
1765478628.4695618,99,27,27,14,29,3.583881378173828,50.5,51.0,6.45
1765478628.6708405,99,27,27,14,29,3.583881378173828,50.5,51.0,6.45
1765478628.8718815,99,20,14,36,18,3.5839271545410156,51.0,51.5,8.582
1765478629.0728614,99,20,14,36,18,3.5839271545410156,51.0,51.5,8.582
1765478629.2741547,99,20,14,36,18,3.5839271545410156,51.0,51.5,8.582
1765478629.47534,99,29,32,44,24,3.5837326049804688,50.5,52.0,7.869
1765478629.6764874,99,29,32,44,24,3.5837326049804688,50.5,52.0,7.869
1765478629.8775604,99,29,32,44,24,3.5837326049804688,50.5,52.0,7.869
1765478630.0788999,99,22,24,16,22,3.5838470458984375,51.0,51.5,7.682
1765478630.2801445,99,22,24,16,22,3.5838470458984375,51.0,51.5,7.682
1765478630.481169,99,54,22,34,30,3.583759307861328,51.0,52.0,8.517
1765478630.6822977,99,54,22,34,30,3.583759307861328,51.0,52.0,8.517
1765478630.8831532,99,54,22,34,30,3.583759307861328,51.0,52.0,8.517
1765478631.0844467,83,12,23,13,11,3.583404541015625,50.5,51.5,6.52
1765478631.2856743,83,12,23,13,11,3.583404541015625,50.5,51.5,6.52
1765478631.486772,99,35,51,28,32,3.583759307861328,51.0,51.0,8.24
1765478631.687674,99,35,51,28,32,3.583759307861328,51.0,51.0,8.24
1765478631.8890412,99,35,51,28,32,3.583759307861328,51.0,51.0,8.24
1765478632.0901742,99,32,22,24,29,3.58416748046875,50.0,51.5,7.176
1765478632.2912693,99,32,22,24,29,3.58416748046875,50.0,51.5,7.176
1765478632.492341,99,37,20,23,21,3.5845260620117188,51.0,51.5,8.24
1765478632.69329,99,37,20,23,21,3.5845260620117188,51.0,51.5,8.24
1765478632.8945265,99,37,20,23,21,3.5845260620117188,51.0,51.5,8.24
1765478633.095539,99,28,52,24,22,3.583637237548828,51.0,51.0,8.094
1765478633.29665,99,28,52,24,22,3.583637237548828,51.0,51.0,8.094
1765478633.497931,99,25,17,14,14,3.5834922790527344,51.0,51.0,6.829
1765478633.6990218,99,25,17,14,14,3.5834922790527344,51.0,51.0,6.829
1765478633.9002059,99,25,17,14,14,3.5834922790527344,51.0,51.0,6.829
1765478634.1013873,99,48,35,35,42,3.583271026611328,51.5,51.5,8.213
1765478634.3022704,99,48,35,35,42,3.583271026611328,51.5,51.5,8.213
1765478634.5033708,99,10,19,8,13,3.5840797424316406,51.0,52.0,7.176
1765478634.704483,99,10,19,8,13,3.5840797424316406,51.0,52.0,7.176
1765478634.9054718,99,10,19,8,13,3.5840797424316406,51.0,52.0,7.176
1765478635.1064734,99,30,45,30,20,3.5827598571777344,51.5,51.5,8.134
1765478635.3074918,99,30,45,30,20,3.5827598571777344,51.5,51.5,8.134
1765478635.5088146,99,37,30,30,37,3.583648681640625,51.0,52.5,8.015
1765478635.7101066,99,37,30,30,37,3.583648681640625,51.0,52.5,8.015
1765478635.911215,99,37,30,30,37,3.583648681640625,51.0,52.5,8.015
1765478636.1122684,99,18,21,26,23,3.584461212158203,51.0,51.5,8.582
1765478636.313276,99,18,21,26,23,3.584461212158203,51.0,51.5,8.582
1765478636.514166,99,28,44,16,15,3.5838546752929688,51.5,51.5,7.896
1765478636.7151954,99,28,44,16,15,3.5838546752929688,51.5,51.5,7.896
1765478636.916317,99,28,44,16,15,3.5838546752929688,51.5,51.5,7.896
1765478637.1173182,16,24,21,18,20,3.584259033203125,50.5,52.5,5.586
1765478637.3184545,16,24,21,18,20,3.584259033203125,50.5,52.5,5.586
1765478637.519529,99,31,29,55,25,3.5837059020996094,51.5,52.0,7.869
1765478637.7206507,99,31,29,55,25,3.5837059020996094,51.5,52.0,7.869
1765478637.9221783,99,31,29,55,25,3.5837059020996094,51.5,52.0,7.869
1765478638.123409,99,20,25,25,16,3.5841064453125,51.0,52.5,7.444
1765478638.3243985,99,20,25,25,16,3.5841064453125,51.0,52.5,7.444
1765478638.5254617,99,28,22,34,14,3.583820343017578,51.5,51.5,7.75
1765478638.7265582,99,28,22,34,14,3.583820343017578,51.5,51.5,7.75
1765478638.927638,99,28,22,34,14,3.583820343017578,51.5,51.5,7.75
1765478639.1285207,99,33,42,24,40,3.5837936401367188,51.0,52.0,7.909
1765478639.3295965,99,33,42,24,40,3.5837936401367188,51.0,52.0,7.909
1765478639.530566,99,33,42,24,40,3.5837936401367188,51.0,52.0,7.909
1765478639.7318738,99,25,21,22,19,3.583587646484375,51.5,52.0,7.75
1765478639.9331467,99,25,21,22,19,3.583587646484375,51.5,52.0,7.75
1765478640.134206,99,14,19,50,17,3.5843429565429688,51.5,51.5,7.975
1765478640.3352685,99,14,19,50,17,3.5843429565429688,51.5,51.5,7.975
1765478640.5362775,99,14,19,50,17,3.5843429565429688,51.5,51.5,7.975
1765478640.7373908,99,25,21,22,28,3.5835189819335938,51.0,52.0,6.56
1765478640.938301,99,25,21,22,28,3.5835189819335938,51.0,52.0,6.56
1765478641.1394033,99,28,48,24,26,3.583965301513672,51.5,52.0,8.24
1765478641.3404143,99,28,48,24,26,3.583965301513672,51.5,52.0,8.24
1765478641.5416114,99,28,48,24,26,3.583965301513672,51.5,52.0,8.24
1765478641.7426696,99,38,41,28,32,3.5846939086914062,51.5,53.0,8.582
1765478641.943791,99,38,41,28,32,3.5846939086914062,51.5,53.0,8.582
1765478642.1448224,99,21,23,10,19,3.584026336669922,51.5,52.0,7.67
1765478642.3496068,99,21,23,10,19,3.584026336669922,51.5,52.0,7.67
1765478642.550637,99,21,23,10,19,3.584026336669922,51.5,52.0,7.67
1765478642.7516704,99,29,33,32,50,3.5834274291992188,51.5,51.5,7.988
1765478642.9527242,99,29,33,32,50,3.5834274291992188,51.5,51.5,7.988
1765478643.15366,24,28,25,21,20,3.5840225219726562,51.0,52.5,5.667
1765478643.354583,24,28,25,21,20,3.5840225219726562,51.0,52.5,5.667
1765478643.5561533,24,28,25,21,20,3.5840225219726562,51.0,52.5,5.667
1765478643.7572446,99,40,23,30,23,3.5848731994628906,51.5,52.0,8.174
1765478643.9583213,99,40,23,30,23,3.5848731994628906,51.5,52.0,8.174
1765478644.1594584,88,18,16,17,30,3.584087371826172,51.0,52.0,6.44
1765478644.3604276,88,18,16,17,30,3.584087371826172,51.0,52.0,6.44
1765478644.5614114,88,18,16,17,30,3.584087371826172,51.0,52.0,6.44
1765478644.7623813,99,35,26,53,38,3.5838699340820312,51.5,52.0,8.213
1765478644.963618,99,35,26,53,38,3.5838699340820312,51.5,52.0,8.213
1765478645.164585,99,35,39,37,28,3.5850677490234375,51.5,52.5,8.438
1765478645.3658097,99,35,39,37,28,3.5850677490234375,51.5,52.5,8.438
1765478645.566863,99,35,39,37,28,3.5850677490234375,51.5,52.5,8.438
1765478645.7678175,99,17,14,17,12,3.5842208862304688,51.5,51.5,7.336
1765478645.9689877,99,17,14,17,12,3.5842208862304688,51.5,51.5,7.336
1765478646.170203,99,55,29,30,23,3.583812713623047,51.5,52.0,7.829
1765478646.3713295,99,55,29,30,23,3.583812713623047,51.5,52.0,7.829
1765478646.5723636,99,55,29,30,23,3.583812713623047,51.5,52.0,7.829
1765478646.7734308,83,25,28,18,22,3.583637237548828,51.0,52.5,6.44
1765478646.9746125,83,25,28,18,22,3.583637237548828,51.0,52.5,6.44
1765478647.1762898,99,30,23,22,45,3.5845413208007812,51.5,52.5,8.543
1765478647.3772595,99,30,23,22,45,3.5845413208007812,51.5,52.5,8.543
1765478647.578595,99,30,23,22,45,3.5845413208007812,51.5,52.5,8.543
1765478647.779726,99,18,22,18,39,3.583709716796875,51.5,53.5,7.909
1765478647.980813,99,18,22,18,39,3.583709716796875,51.5,53.5,7.909
1765478648.18182,99,28,18,18,21,3.583972930908203,51.5,52.5,8.055
1765478648.3827848,99,28,18,18,21,3.583972930908203,51.5,52.5,8.055
1765478648.584148,99,28,18,18,21,3.583972930908203,51.5,52.5,8.055
1765478648.7851899,99,36,34,38,46,3.5839614868164062,51.5,52.5,8.74
1765478648.9862702,99,36,34,38,46,3.5839614868164062,51.5,52.5,8.74
1765478649.1877832,99,13,10,16,12,3.5849227905273438,51.5,52.0,6.37
1765478649.3886654,99,13,10,16,12,3.5849227905273438,51.5,52.0,6.37
1765478649.5898547,99,13,10,16,12,3.5849227905273438,51.5,52.0,6.37
1765478649.7909997,99,28,47,24,18,3.5832366943359375,51.5,52.0,7.563
1765478649.9922123,99,28,47,24,18,3.5832366943359375,51.5,52.0,7.563
1765478650.193399,99,28,47,24,18,3.5832366943359375,51.5,52.0,7.563
1765478650.3948195,99,18,26,22,21,3.5836219787597656,51.5,52.5,6.48
1765478650.5958161,99,18,26,22,21,3.5836219787597656,51.5,52.5,6.48
1765478650.7971745,99,26,25,25,48,3.584064483642578,52.0,52.5,8.805
1765478650.9980955,99,26,25,25,48,3.584064483642578,52.0,52.5,8.805
1765478651.1991003,99,26,25,25,48,3.584064483642578,52.0,52.5,8.805
1765478651.4003193,99,14,45,15,19,3.5835304260253906,51.5,52.5,8.055
1765478651.6013873,99,14,45,15,19,3.5835304260253906,51.5,52.5,8.055
1765478651.80228,99,23,25,16,17,3.583690643310547,52.0,52.5,7.909
1765478652.0044808,99,23,25,16,17,3.583690643310547,52.0,52.5,7.909
1765478652.205636,99,23,25,16,17,3.583690643310547,52.0,52.5,7.909
1765478652.4068162,99,32,43,52,33,3.5839271545410156,52.0,52.0,8.358
1765478652.6078598,99,32,43,52,33,3.5839271545410156,52.0,52.0,8.358
1765478652.80878,26,28,16,14,17,3.5850982666015625,51.5,53.0,5.938
1765478653.0098615,26,28,16,14,17,3.5850982666015625,51.5,53.0,5.938
1765478653.2107942,26,28,16,14,17,3.5850982666015625,51.5,53.0,5.938
1765478653.4121382,99,25,18,43,24,3.583984375,52.0,52.5,7.71
1765478653.613192,99,25,18,43,24,3.583984375,52.0,52.5,7.71
1765478653.814169,73,22,34,25,21,3.5842819213867188,51.5,53.0,6.209
1765478654.0152595,73,22,34,25,21,3.5842819213867188,51.5,53.0,6.209
1765478654.2163866,73,22,34,25,21,3.5842819213867188,51.5,53.0,6.209
1765478654.4174314,99,30,43,19,26,3.5844688415527344,52.0,52.5,8.279
1765478654.6185374,99,30,43,19,26,3.5844688415527344,52.0,52.5,8.279
1765478654.819618,99,18,30,16,50,3.5844383239746094,52.0,52.5,8.319
1765478655.0206683,99,18,30,16,50,3.5844383239746094,52.0,52.5,8.319
1765478655.2216341,99,18,30,16,50,3.5844383239746094,52.0,52.5,8.319
1765478655.422538,99,20,10,15,8,3.5843467712402344,52.0,52.5,7.097
1765478655.6236188,99,20,10,15,8,3.5843467712402344,52.0,52.5,7.097
1765478655.8245625,99,31,50,38,38,3.5840225219726562,52.0,52.5,7.643
1765478656.025695,99,31,50,38,38,3.5840225219726562,52.0,52.5,7.643
1765478656.2267327,99,31,50,38,38,3.5840225219726562,52.0,52.5,7.643
1765478656.4280493,86,24,25,28,16,3.5848121643066406,51.5,53.5,6.948
1765478656.6289332,86,24,25,28,16,3.5848121643066406,51.5,53.5,6.948
1765478656.8299413,99,28,24,14,44,3.5838966369628906,52.5,53.0,8.582
1765478657.030903,99,28,24,14,44,3.5838966369628906,52.5,53.0,8.582
1765478657.2322,99,28,24,14,44,3.5838966369628906,52.5,53.0,8.582
1765478657.4334836,99,20,51,28,28,3.584392547607422,52.0,53.0,7.829
1765478657.634537,99,20,51,28,28,3.584392547607422,52.0,53.0,7.829
1765478657.835526,99,18,26,30,19,3.5846405029296875,52.5,52.5,7.936
1765478658.0364544,99,18,26,30,19,3.5846405029296875,52.5,52.5,7.936
1765478658.237417,99,18,26,30,19,3.5846405029296875,52.5,52.5,7.936
1765478658.4384706,99,48,25,23,29,3.5849838256835938,52.5,53.5,8.845
1765478658.6394758,99,48,25,23,29,3.5849838256835938,52.5,53.5,8.845
1765478658.8409388,85,15,13,12,17,3.5848731994628906,51.5,52.5,5.586
1765478659.042101,85,15,13,12,17,3.5848731994628906,51.5,52.5,5.586
1765478659.2430875,85,15,13,12,17,3.5848731994628906,51.5,52.5,5.586
1765478659.4442184,99,56,43,43,54,3.5845184326171875,52.5,52.5,8.213
1765478659.645724,99,56,43,43,54,3.5845184326171875,52.5,52.5,8.213
1765478659.846717,99,56,43,43,54,3.5845184326171875,52.5,52.5,8.213
1765478660.0480316,99,31,32,33,40,3.5846214294433594,52.0,53.5,7.444
1765478660.2490196,99,31,32,33,40,3.5846214294433594,52.0,53.5,7.444
1765478660.4501026,99,39,53,35,39,3.5849075317382812,52.5,53.0,9.225
1765478660.6510398,99,39,53,35,39,3.5849075317382812,52.5,53.0,9.225
1765478660.8521948,99,39,53,35,39,3.5849075317382812,52.5,53.0,9.225
1765478661.0535414,99,36,48,30,38,3.5860671997070312,52.5,53.0,7.936
1765478661.2600307,99,36,48,30,38,3.5860671997070312,52.5,53.0,7.936
1765478661.4609802,99,40,37,34,39,3.586589813232422,52.5,52.5,8.134
1765478661.6623135,99,40,37,34,39,3.586589813232422,52.5,52.5,8.134
1765478661.8636017,99,40,37,34,39,3.586589813232422,52.5,52.5,8.134
1765478662.0647502,99,20,26,29,53,3.587444305419922,52.5,53.0,8.622
1765478662.2658236,99,20,26,29,53,3.587444305419922,52.5,53.0,8.622
1765478662.4678073,98,14,18,13,16,3.586650848388672,52.0,53.5,6.169
1765478662.6686912,98,14,18,13,16,3.586650848388672,52.0,53.5,6.169
1765478662.8697183,98,14,18,13,16,3.586650848388672,52.0,53.5,6.169
1765478663.0710618,99,40,30,25,33,3.586414337158203,52.5,52.5,7.483
1765478663.2723925,99,40,30,25,33,3.586414337158203,52.5,52.5,7.483
1765478663.4737234,42,26,20,28,34,3.5863800048828125,51.5,53.0,6.56
1765478663.675503,42,26,20,28,34,3.5863800048828125,51.5,53.0,6.56
1765478663.8767598,42,26,20,28,34,3.5863800048828125,51.5,53.0,6.56
1765478664.0776305,99,22,14,21,28,3.5874786376953125,52.5,53.5,8.622
1765478664.2802503,99,22,14,21,28,3.5874786376953125,52.5,53.5,8.622
1765478664.481336,99,32,55,20,21,3.5867652893066406,52.5,53.0,7.75
1765478664.6824965,99,32,55,20,21,3.5867652893066406,52.5,53.0,7.75
1765478664.8851175,99,32,55,20,21,3.5867652893066406,52.5,53.0,7.75
1765478665.0861576,99,16,21,14,20,3.5865020751953125,52.5,53.0,7.483
1765478665.2872818,99,16,21,14,20,3.5865020751953125,52.5,53.0,7.483
1765478665.4885612,99,31,31,48,27,3.586944580078125,52.5,53.0,8.279
1765478665.6896098,99,31,31,48,27,3.586944580078125,52.5,53.0,8.279
1765478665.8905938,99,31,31,48,27,3.586944580078125,52.5,53.0,8.279
1765478666.091876,99,11,16,12,19,3.5868682861328125,52.0,52.5,6.72
1765478666.3023758,99,11,16,12,19,3.5868682861328125,52.0,52.5,6.72
1765478666.5034544,99,41,32,36,40,3.5863380432128906,53.0,53.0,8.174
1765478666.704434,99,41,32,36,40,3.5863380432128906,53.0,53.0,8.174
1765478666.9073691,99,41,32,36,40,3.5863380432128906,53.0,53.0,8.174
1765478667.1086206,99,32,25,21,46,3.5865402221679688,53.0,53.5,7.909
1765478667.3096576,99,32,25,21,46,3.5865402221679688,53.0,53.5,7.909
1765478667.510703,99,18,32,17,22,3.5875244140625,53.0,53.0,8.358
1765478667.7116535,99,18,32,17,22,3.5875244140625,53.0,53.0,8.358
1765478667.912765,99,18,32,17,22,3.5875244140625,53.0,53.0,8.358
1765478668.1137178,99,22,26,47,16,3.5862503051757812,53.0,53.0,8.094
1765478668.3147504,99,22,26,47,16,3.5862503051757812,53.0,53.0,8.094
1765478668.5159688,99,21,20,10,22,3.5866355895996094,52.5,52.5,5.868
1765478668.7189054,99,21,20,10,22,3.5866355895996094,52.5,52.5,5.868
1765478668.9198158,99,21,20,10,22,3.5866355895996094,52.5,52.5,5.868
1765478669.1208248,99,54,31,44,40,3.5861282348632812,53.0,53.0,8.398
1765478669.3218002,99,54,31,44,40,3.5861282348632812,53.0,53.0,8.398
1765478669.522833,36,23,25,26,14,3.587078094482422,52.5,54.0,6.68
1765478669.723903,36,23,25,26,14,3.587078094482422,52.5,54.0,6.68
1765478669.9250546,36,23,25,26,14,3.587078094482422,52.5,54.0,6.68
1765478670.1262696,99,46,34,25,30,3.5861244201660156,52.5,53.0,8.094
1765478670.327235,99,46,34,25,30,3.5861244201660156,52.5,53.0,8.094
1765478670.5287979,99,32,26,48,24,3.5866966247558594,52.5,53.5,7.789
1765478670.7298262,99,32,26,48,24,3.5866966247558594,52.5,53.5,7.789
1765478670.930912,99,32,26,48,24,3.5866966247558594,52.5,53.5,7.789
1765478671.131892,99,25,18,21,22,3.586841583251953,53.0,53.5,8.557
1765478671.3337972,99,25,18,21,22,3.586841583251953,53.0,53.5,8.557
1765478671.5348802,99,25,18,21,22,3.586841583251953,53.0,53.5,8.557
1765478671.7361004,99,22,21,49,23,3.587432861328125,53.0,53.5,8.319
1765478671.9371195,99,22,21,49,23,3.587432861328125,53.0,53.5,8.319
1765478672.1381533,0,20,19,18,24,3.587116241455078,52.0,53.5,5.586
1765478672.3393009,0,20,19,18,24,3.587116241455078,52.0,53.5,5.586
1765478672.5402646,0,20,19,18,24,3.587116241455078,52.0,53.5,5.586
1765478672.7413456,99,26,35,53,35,3.5869407653808594,53.0,53.0,7.483
1765478672.94231,99,26,35,53,35,3.5869407653808594,53.0,53.0,7.483
1765478673.143274,93,18,31,23,21,3.5875930786132812,53.0,54.0,7.057
1765478673.3442807,93,18,31,23,21,3.5875930786132812,53.0,54.0,7.057
1765478673.54553,93,18,31,23,21,3.5875930786132812,53.0,54.0,7.057
1765478673.7465382,99,33,22,19,22,3.5870323181152344,53.0,53.0,8.2
1765478673.948257,99,33,22,19,22,3.5870323181152344,53.0,53.0,8.2
1765478674.1492908,99,24,46,32,26,3.5866928100585938,53.0,53.0,7.829
1765478674.3506045,99,24,46,32,26,3.5866928100585938,53.0,53.0,7.829
1765478674.551665,99,24,46,32,26,3.5866928100585938,53.0,53.0,7.829
1765478674.752673,99,18,20,17,14,3.5871925354003906,53.0,53.0,7.603
1765478674.9537804,99,18,20,17,14,3.5871925354003906,53.0,53.0,7.603
1765478675.154725,99,20,19,48,22,3.587207794189453,53.0,54.0,8.24
1765478675.3558507,99,20,19,48,22,3.587207794189453,53.0,54.0,8.24
1765478675.5568864,99,20,19,48,22,3.587207794189453,53.0,54.0,8.24
1765478675.7580996,99,23,15,26,17,3.5867042541503906,53.0,53.0,6.8
1765478675.9591813,99,23,15,26,17,3.5867042541503906,53.0,53.0,6.8
1765478676.1602838,99,32,27,52,28,3.586437225341797,53.0,53.5,8.094
1765478676.361252,99,32,27,52,28,3.586437225341797,53.0,53.5,8.094
1765478676.5638356,99,32,27,52,28,3.586437225341797,53.0,53.5,8.094
1765478676.7652526,99,30,32,34,28,3.5871124267578125,53.0,54.5,8.622
1765478676.966395,99,30,32,34,28,3.5871124267578125,53.0,54.5,8.622
1765478677.167499,99,26,14,10,13,3.586933135986328,53.0,53.0,7.896
1765478677.3684213,99,26,14,10,13,3.586933135986328,53.0,53.0,7.896
1765478677.56945,99,26,14,10,13,3.586933135986328,53.0,53.0,7.896
1765478677.77048,99,37,36,30,52,3.5870513916015625,53.0,53.5,8.015
1765478677.9715796,99,37,36,30,52,3.5870513916015625,53.0,53.5,8.015
1765478678.1728377,99,20,16,23,12,3.5875587463378906,53.0,53.0,6.908
1765478678.373985,99,20,16,23,12,3.5875587463378906,53.0,53.0,6.908
1765478678.5748959,99,20,16,23,12,3.5875587463378906,53.0,53.0,6.908
1765478678.7760382,99,26,28,48,22,3.587890625,53.0,54.0,8.398
1765478678.9770625,99,26,28,48,22,3.587890625,53.0,54.0,8.398
1765478679.1780546,99,19,28,15,15,3.586883544921875,53.0,53.0,6.019
1765478679.3791513,99,19,28,15,15,3.586883544921875,53.0,53.0,6.019
1765478679.580378,99,19,28,15,15,3.586883544921875,53.0,53.0,6.019
1765478679.7814448,99,32,31,29,47,3.5859947204589844,53.5,54.0,8.015
1765478679.98238,99,32,31,29,47,3.5859947204589844,53.5,54.0,8.015
1765478680.1834095,99,28,35,39,30,3.587108612060547,53.0,54.0,8.279
1765478680.3846757,99,28,35,39,30,3.587108612060547,53.0,54.0,8.279
1765478680.585642,99,28,35,39,30,3.587108612060547,53.0,54.0,8.279
1765478680.7867973,99,12,10,19,14,3.5874481201171875,53.5,53.5,7.896
1765478680.9880593,99,12,10,19,14,3.5874481201171875,53.5,53.5,7.896
1765478681.1912918,99,12,10,19,14,3.5874481201171875,53.5,53.5,7.896
1765478681.3926368,99,32,55,32,22,3.5870590209960938,53.0,53.5,8.213
1765478681.593666,99,32,55,32,22,3.5870590209960938,53.0,53.5,8.213
1765478681.7948244,70,23,17,24,20,3.587543487548828,52.5,53.5,5.938
1765478681.9961011,70,23,17,24,20,3.587543487548828,52.5,53.5,5.938
1765478682.1973238,70,23,17,24,20,3.587543487548828,52.5,53.5,5.938
1765478682.3984294,99,46,26,28,30,3.58807373046875,53.5,54.0,8.134
1765478682.5994864,99,46,26,28,30,3.58807373046875,53.5,54.0,8.134
1765478682.800782,99,23,28,24,17,3.5866851806640625,53.0,55.0,7.563
1765478683.0017602,99,23,28,24,17,3.5866851806640625,53.0,55.0,7.563
1765478683.202844,99,23,28,24,17,3.5866851806640625,53.0,55.0,7.563
1765478683.4038522,99,24,22,32,39,3.586681365966797,53.5,54.0,7.948
1765478683.6069448,99,24,22,32,39,3.586681365966797,53.5,54.0,7.948
1765478683.8080094,99,30,33,35,43,3.586376190185547,53.0,54.0,8.279
1765478684.009043,99,30,33,35,43,3.586376190185547,53.0,54.0,8.279
1765478684.2100148,99,30,33,35,43,3.586376190185547,53.0,54.0,8.279
1765478684.4110692,99,12,18,14,11,3.587085723876953,53.0,54.0,7.523
1765478684.612242,99,12,18,14,11,3.587085723876953,53.0,54.0,7.523
1765478684.8132865,99,26,52,30,25,3.587188720703125,53.5,53.5,8.015
1765478685.0143673,99,26,52,30,25,3.587188720703125,53.5,53.5,8.015
1765478685.215324,99,26,52,30,25,3.587188720703125,53.5,53.5,8.015
1765478685.4167447,99,23,33,18,14,3.5870399475097656,53.0,53.5,6.789
1765478685.6179013,99,23,33,18,14,3.5870399475097656,53.0,53.5,6.789
1765478685.8189263,99,22,50,23,21,3.5875587463378906,53.5,54.0,8.517
1765478686.0202713,99,22,50,23,21,3.5875587463378906,53.5,54.0,8.517
1765478686.2215796,99,22,50,23,21,3.5875587463378906,53.5,54.0,8.517
1765478686.4225016,99,20,19,34,26,3.5874252319335938,53.0,54.5,7.948
1765478686.6235979,99,20,19,34,26,3.5874252319335938,53.0,54.5,7.948
1765478686.8248434,99,22,27,23,20,3.5868759155273438,53.5,54.0,8.134
1765478687.0260458,99,22,27,23,20,3.5868759155273438,53.5,54.0,8.134
1765478687.2274334,99,22,27,23,20,3.5868759155273438,53.5,54.0,8.134
1765478687.4286861,99,40,51,37,40,3.5871658325195312,54.0,53.5,8.24
1765478687.6296883,99,40,51,37,40,3.5871658325195312,54.0,53.5,8.24
1765478687.8306394,0,22,22,15,14,3.5876846313476562,53.0,55.0,5.938
1765478688.0316164,0,22,22,15,14,3.5876846313476562,53.0,55.0,5.938
1765478688.232717,0,22,22,15,14,3.5876846313476562,53.0,55.0,5.938
1765478688.4339259,99,25,44,14,21,3.587249755859375,53.5,54.0,7.789
1765478688.6347888,99,25,44,14,21,3.587249755859375,53.5,54.0,7.789
1765478688.8366346,82,25,30,18,28,3.5873565673828125,53.5,53.5,6.179
1765478689.0377195,82,25,30,18,28,3.5873565673828125,53.5,53.5,6.179
1765478689.2387593,82,25,30,18,28,3.5873565673828125,53.5,53.5,6.179
1765478689.440035,99,31,24,47,30,3.5874862670898438,53.5,54.0,8.319
1765478689.6410546,99,31,24,47,30,3.5874862670898438,53.5,54.0,8.319
1765478689.842299,99,25,39,21,26,3.5880775451660156,53.5,55.0,8.319
1765478690.0432582,99,25,39,21,26,3.5880775451660156,53.5,55.0,8.319
1765478690.2444754,99,25,39,21,26,3.5880775451660156,53.5,55.0,8.319
1765478690.4455783,99,18,20,16,21,3.5870437622070312,53.5,54.0,7.483
1765478690.6466737,99,18,20,16,21,3.5870437622070312,53.5,54.0,7.483
1765478690.8476238,99,38,26,52,34,3.5872459411621094,54.0,54.0,7.829
1765478691.0486743,99,38,26,52,34,3.5872459411621094,54.0,54.0,7.829
1765478691.2495914,99,38,26,52,34,3.5872459411621094,54.0,54.0,7.829
1765478691.4508872,46,26,26,14,26,3.5878982543945312,52.5,54.5,5.938
1765478691.6521952,46,26,26,14,26,3.5878982543945312,52.5,54.5,5.938
1765478691.8544974,99,20,17,14,40,3.5872459411621094,53.5,55.0,7.563
1765478692.0555315,99,20,17,14,40,3.5872459411621094,53.5,55.0,7.563
1765478692.2565298,99,20,17,14,40,3.5872459411621094,53.5,55.0,7.563
1765478692.4576159,23,26,24,33,26,3.58685302734375,53.0,54.5,6.37
1765478692.6586797,23,26,24,33,26,3.58685302734375,53.0,54.5,6.37
1765478692.8596113,23,26,24,33,26,3.58685302734375,53.0,54.5,6.37
1765478693.060625,99,20,26,46,27,3.586872100830078,53.5,54.5,8.24
1765478693.2617147,99,20,26,46,27,3.586872100830078,53.5,54.5,8.24
1765478693.4625936,99,35,32,38,25,3.5872268676757812,53.5,54.5,8.464
1765478693.6636217,99,35,32,38,25,3.5872268676757812,53.5,54.5,8.464
1765478693.8645258,99,35,32,38,25,3.5872268676757812,53.5,54.5,8.464
1765478694.0660703,99,17,15,14,14,3.5862884521484375,54.0,54.0,7.256
1765478694.267193,99,17,15,14,14,3.5862884521484375,54.0,54.0,7.256
1765478694.4683838,99,34,31,41,46,3.5862884521484375,53.5,54.0,7.71
1765478694.6694312,99,34,31,41,46,3.5862884521484375,53.5,54.0,7.71
1765478694.8705647,99,34,31,41,46,3.5862884521484375,53.5,54.0,7.71
1765478695.0714762,99,21,24,29,23,3.587146759033203,53.5,54.0,6.72
1765478695.272557,99,21,24,29,23,3.587146759033203,53.5,54.0,6.72
1765478695.4735584,99,19,40,16,22,3.5872764587402344,54.0,54.5,8.398
1765478695.6744487,99,19,40,16,22,3.5872764587402344,54.0,54.5,8.398
1765478695.8755066,99,19,40,16,22,3.5872764587402344,54.0,54.5,8.398
1765478696.0765524,99,28,39,25,39,3.587005615234375,54.0,55.0,7.975
1765478696.2778666,99,28,39,25,39,3.587005615234375,54.0,55.0,7.975
1765478696.4790177,99,24,28,24,14,3.5871124267578125,54.0,54.5,8.134
1765478696.681338,99,24,28,24,14,3.5871124267578125,54.0,54.5,8.134
1765478696.8824503,99,24,28,24,14,3.5871124267578125,54.0,54.5,8.134
1765478697.083494,99,34,50,29,25,3.5872459411621094,54.0,55.0,8.963
1765478697.2849576,99,34,50,29,25,3.5872459411621094,54.0,55.0,8.963
1765478697.486111,0,17,12,12,10,3.58648681640625,53.0,54.0,5.474
1765478697.6871696,0,17,12,12,10,3.58648681640625,53.0,54.0,5.474
1765478697.889415,0,17,12,12,10,3.58648681640625,53.0,54.0,5.474
1765478698.090524,99,30,37,50,30,3.5865936279296875,54.0,54.0,8.055
1765478698.2914598,99,30,37,50,30,3.5865936279296875,54.0,54.0,8.055
1765478698.4927032,3,18,30,20,23,3.5866012573242188,53.5,54.0,5.787
1765478698.6935914,3,18,30,20,23,3.5866012573242188,53.5,54.0,5.787
1765478698.8948035,3,18,30,20,23,3.5866012573242188,53.5,54.0,5.787
1765478699.0957868,99,25,12,23,38,3.587116241455078,54.0,55.0,8.701
1765478699.2973027,99,25,12,23,38,3.587116241455078,54.0,55.0,8.701
1765478699.4983573,99,30,24,52,25,3.586864471435547,53.5,55.0,8.174
1765478699.6994135,99,30,24,52,25,3.586864471435547,53.5,55.0,8.174
1765478699.9005022,99,30,24,52,25,3.586864471435547,53.5,55.0,8.174
1765478700.1015034,99,20,22,21,18,3.5862998962402344,53.5,54.5,7.364
1765478700.302672,99,20,22,21,18,3.5862998962402344,53.5,54.5,7.364
1765478700.5037282,99,38,46,32,51,3.586505889892578,54.0,54.5,8.398
1765478700.7049084,99,38,46,32,51,3.586505889892578,54.0,54.5,8.398
1765478700.9061368,99,38,46,32,51,3.586505889892578,54.0,54.5,8.398
1765478701.1072676,99,8,18,14,17,3.5862693786621094,53.5,54.5,6.789
1765478701.3082144,99,8,18,14,17,3.5862693786621094,53.5,54.5,6.789
1765478701.5091445,99,31,32,32,40,3.5868301391601562,54.0,54.5,8.015
1765478701.710466,99,31,32,32,40,3.5868301391601562,54.0,54.5,8.015
1765478701.911477,99,31,32,32,40,3.5868301391601562,54.0,54.5,8.015
1765478702.113008,99,27,40,27,22,3.5865211486816406,53.5,54.5,7.364
1765478702.313947,99,27,40,27,22,3.5865211486816406,53.5,54.5,7.364
1765478702.5150537,99,21,23,16,38,3.587604522705078,54.0,54.5,8.438
1765478702.716171,99,21,23,16,38,3.587604522705078,54.0,54.5,8.438
1765478702.9172335,99,21,23,16,38,3.587604522705078,54.0,54.5,8.438
1765478703.1183205,99,20,24,46,14,3.5865707397460938,54.0,54.5,7.869
1765478703.3193727,99,20,24,46,14,3.5865707397460938,54.0,54.5,7.869
1765478703.5202565,99,26,21,22,19,3.586395263671875,54.0,54.5,6.829
1765478703.7213461,99,26,21,22,19,3.586395263671875,54.0,54.5,6.829
1765478703.9224553,99,26,21,22,19,3.586395263671875,54.0,54.5,6.829
1765478704.1234841,99,36,56,35,32,3.587005615234375,54.5,55.0,8.319
1765478704.3244627,99,36,56,35,32,3.587005615234375,54.5,55.0,8.319
1765478704.5253725,99,36,56,35,32,3.587005615234375,54.5,55.0,8.319
1765478704.7273295,99,21,27,19,25,3.587390899658203,54.0,55.0,7.483
1765478704.9285626,99,21,27,19,25,3.587390899658203,54.0,55.0,7.483
1765478705.1296313,99,28,29,25,38,3.5865745544433594,54.0,54.5,8.015
1765478705.3308928,99,28,29,25,38,3.5865745544433594,54.0,54.5,8.015
1765478705.5320396,99,28,29,25,38,3.5865745544433594,54.0,54.5,8.015
1765478705.733057,99,34,37,38,25,3.5867385864257812,54.0,55.5,8.015
1765478705.9341443,99,34,37,38,25,3.5867385864257812,54.0,55.5,8.015
1765478706.1351619,99,18,22,29,20,3.5865440368652344,54.0,55.0,8.74
1765478706.3362613,99,18,22,29,20,3.5865440368652344,54.0,55.0,8.74
1765478706.5373313,99,18,22,29,20,3.5865440368652344,54.0,55.0,8.74
1765478706.738435,99,16,14,14,44,3.5866050720214844,54.0,54.5,8.015
1765478706.9395163,99,16,14,14,44,3.5866050720214844,54.0,54.5,8.015
1765478707.1404943,14,19,16,25,20,3.5868988037109375,53.5,54.0,5.626
1765478707.3419886,14,19,16,25,20,3.5868988037109375,53.5,54.0,5.626
1765478707.5430434,14,19,16,25,20,3.5868988037109375,53.5,54.0,5.626
1765478707.7442548,99,41,35,31,58,3.5867080688476562,54.5,54.5,7.869
1765478707.945199,99,41,35,31,58,3.5867080688476562,54.5,54.5,7.869
1765478708.146572,98,21,19,24,16,3.5871620178222656,54.0,55.0,6.829
1765478708.3478048,98,21,19,24,16,3.5871620178222656,54.0,55.0,6.829
1765478708.5489855,98,21,19,24,16,3.5871620178222656,54.0,55.0,6.829
1765478708.7500274,99,26,16,30,20,3.5868911743164062,54.5,54.5,7.975
1765478708.9513097,99,26,16,30,20,3.5868911743164062,54.5,54.5,7.975
1765478709.1524167,99,29,24,56,36,3.5867156982421875,54.0,55.0,7.869
1765478709.3535655,99,29,24,56,36,3.5867156982421875,54.0,55.0,7.869
1765478709.5545323,99,29,24,56,36,3.5867156982421875,54.0,55.0,7.869
1765478709.7556896,99,17,23,16,22,3.586700439453125,54.5,55.0,7.71
1765478709.956823,99,17,23,16,22,3.586700439453125,54.5,55.0,7.71
1765478710.157935,99,22,19,46,19,3.5869369506835938,54.0,55.0,8.055
1765478710.3589454,99,22,19,46,19,3.5869369506835938,54.0,55.0,8.055
1765478710.5601215,99,22,19,46,19,3.5869369506835938,54.0,55.0,8.055
1765478710.7612872,83,23,14,29,12,3.586475372314453,54.0,54.5,6.52
1765478710.9621933,83,23,14,29,12,3.586475372314453,54.0,54.5,6.52
1765478711.1631923,99,53,26,30,23,3.586578369140625,54.5,55.0,8.213
1765478711.3642666,99,53,26,30,23,3.586578369140625,54.5,55.0,8.213
1765478711.5709443,99,53,26,30,23,3.586578369140625,54.5,55.0,8.213
1765478711.7720406,99,27,36,27,20,3.5878219604492188,54.0,55.5,8.438
1765478711.9730873,99,27,36,27,20,3.5878219604492188,54.0,55.5,8.438
1765478712.1743674,99,14,16,20,15,3.5871810913085938,54.0,55.0,7.869
1765478712.3753076,99,14,16,20,15,3.5871810913085938,54.0,55.0,7.869
1765478712.5763333,99,14,16,20,15,3.5871810913085938,54.0,55.0,7.869
1765478712.7773325,99,33,53,28,28,3.5867652893066406,54.5,54.5,7.869
1765478712.978774,99,33,53,28,28,3.5867652893066406,54.5,54.5,7.869
1765478713.1801517,99,18,22,16,12,3.586925506591797,54.0,55.0,7.256
1765478713.381328,99,18,22,16,12,3.586925506591797,54.0,55.0,7.256
1765478713.5822875,99,18,22,16,12,3.586925506591797,54.0,55.0,7.256
1765478713.7834804,99,25,24,38,26,3.5878067016601562,54.5,55.0,8.279
1765478713.9849741,99,25,24,38,26,3.5878067016601562,54.5,55.0,8.279
1765478714.1861966,99,19,26,21,18,3.5865478515625,54.0,54.5,6.41
1765478714.388365,99,19,26,21,18,3.5865478515625,54.0,54.5,6.41
1765478714.589359,99,19,26,21,18,3.5865478515625,54.0,54.5,6.41
1765478714.7904015,99,35,26,28,50,3.5866661071777344,54.5,55.0,8.438
1765478714.9915473,99,35,26,28,50,3.5866661071777344,54.5,55.0,8.438
1765478715.1926117,99,35,26,28,50,3.5866661071777344,54.5,55.0,8.438
1765478715.393631,99,41,24,38,27,3.5863113403320312,54.0,55.5,8.279
1765478715.5947113,99,41,24,38,27,3.5863113403320312,54.0,55.5,8.279
1765478715.7979379,99,10,14,13,16,3.586620330810547,54.5,55.0,7.909
1765478715.998925,99,10,14,13,16,3.586620330810547,54.5,55.0,7.909
1765478716.1998577,99,10,14,13,16,3.586620330810547,54.5,55.0,7.909
1765478716.4011927,99,31,28,28,48,3.586750030517578,54.5,55.0,8.279
1765478716.6022758,99,31,28,28,48,3.586750030517578,54.5,55.0,8.279
1765478716.8032258,0,25,21,18,20,3.5870361328125,54.0,54.5,5.626
1765478717.0045373,0,25,21,18,20,3.5870361328125,54.0,54.5,5.626
1765478717.2054858,0,25,21,18,20,3.5870361328125,54.0,54.5,5.626
1765478717.4066112,99,39,32,53,35,3.5878639221191406,55.0,56.0,8.503
1765478717.6075249,99,39,32,53,35,3.5878639221191406,55.0,56.0,8.503
1765478717.8087478,34,22,15,16,16,3.5870437622070312,54.0,55.0,6.33
1765478718.0098114,34,22,15,16,16,3.5870437622070312,54.0,55.0,6.33
1765478718.210838,34,22,15,16,16,3.5870437622070312,54.0,55.0,6.33
1765478718.4117565,99,33,41,20,26,3.5863265991210938,55.0,55.5,8.279
1765478718.6127672,99,33,41,20,26,3.5863265991210938,55.0,55.5,8.279
1765478718.8138218,99,31,34,48,28,3.5867652893066406,54.5,55.5,8.319
1765478719.014877,99,31,34,48,28,3.5867652893066406,54.5,55.5,8.319
1765478719.2161162,99,31,34,48,28,3.5867652893066406,54.5,55.5,8.319
1765478719.417025,99,15,12,12,21,3.5873794555664062,55.0,55.0,7.975
1765478719.6184313,99,15,12,12,21,3.5873794555664062,55.0,55.0,7.975
1765478719.8194404,99,28,24,51,20,3.5873031616210938,54.5,55.0,7.75
1765478720.0206082,99,28,24,51,20,3.5873031616210938,54.5,55.0,7.75
1765478720.2215786,99,28,24,51,20,3.5873031616210938,54.5,55.0,7.75
1765478720.4229476,77,28,20,22,24,3.5870628356933594,54.0,55.0,6.49
1765478720.6243765,77,28,20,22,24,3.5870628356933594,54.0,55.0,6.49
1765478720.825514,99,32,24,50,22,3.5872726440429688,55.0,56.0,8.924
1765478721.0265036,99,32,24,50,22,3.5872726440429688,55.0,56.0,8.924
1765478721.245111,99,32,24,50,22,3.5872726440429688,55.0,56.0,8.924
1765478721.4462454,99,22,30,21,24,3.5871810913085938,54.5,56.0,8.055
1765478721.6474113,99,22,30,21,24,3.5871810913085938,54.5,56.0,8.055
1765478721.8484783,99,27,16,22,33,3.5867385864257812,55.0,55.0,7.75
1765478722.049418,99,27,16,22,33,3.5867385864257812,55.0,55.0,7.75
1765478722.2505639,99,27,16,22,33,3.5867385864257812,55.0,55.0,7.75
1765478722.451501,99,34,44,27,48,3.5868568420410156,55.0,55.5,8.134
1765478722.652652,99,34,44,27,48,3.5868568420410156,55.0,55.5,8.134
1765478722.853735,99,14,15,17,20,3.5880165100097656,54.5,55.0,6.988
1765478723.0549028,99,14,15,17,20,3.5880165100097656,54.5,55.0,6.988
1765478723.2559848,99,14,15,17,20,3.5880165100097656,54.5,55.0,6.988
1765478723.4570189,99,22,34,44,22,3.5869522094726562,55.0,55.0,7.829
1765478723.6580946,99,22,34,44,22,3.5869522094726562,55.0,55.0,7.829
1765478723.859587,99,22,29,15,14,3.5871200561523438,54.5,55.5,6.68
1765478724.0606687,99,22,29,15,14,3.5871200561523438,54.5,55.5,6.68
1765478724.2617602,99,22,29,15,14,3.5871200561523438,54.5,55.5,6.68
1765478724.4630084,99,30,52,28,22,3.5870933532714844,55.0,55.5,8.661
1765478724.6640956,99,30,52,28,22,3.5870933532714844,55.0,55.5,8.661
1765478724.8659456,99,18,21,23,40,3.58795166015625,55.0,56.0,8.015
1765478725.0670085,99,18,21,23,40,3.58795166015625,55.0,56.0,8.015
1765478725.2681446,99,18,21,23,40,3.58795166015625,55.0,56.0,8.015
1765478725.4703705,99,20,21,23,26,3.5875091552734375,55.0,55.5,8.094
1765478725.6715312,99,20,21,23,26,3.5875091552734375,55.0,55.5,8.094
1765478725.8730159,99,28,56,28,35,3.5871238708496094,55.0,55.5,8.24
1765478726.0744894,99,28,56,28,35,3.5871238708496094,55.0,55.5,8.24
1765478726.2754962,99,28,56,28,35,3.5871238708496094,55.0,55.5,8.24
1765478726.4767687,0,24,16,23,16,3.587787628173828,54.0,56.5,5.938
1765478726.678141,0,24,16,23,16,3.587787628173828,54.0,56.5,5.938
1765478726.8796065,99,22,18,17,37,3.586944580078125,55.0,55.5,7.643
1765478727.0808036,99,22,18,17,37,3.586944580078125,55.0,55.5,7.643
1765478727.2818706,99,22,18,17,37,3.586944580078125,55.0,55.5,7.643
1765478727.4829345,21,22,38,18,26,3.586944580078125,54.5,55.0,6.179
1765478727.6839933,21,22,38,18,26,3.586944580078125,54.5,55.0,6.179
1765478727.885366,21,22,38,18,26,3.586944580078125,54.5,55.0,6.179
1765478728.0864313,99,24,40,25,24,3.5869293212890625,55.0,55.5,8.319
1765478728.287595,99,24,40,25,24,3.5869293212890625,55.0,55.5,8.319
1765478728.4887915,99,27,30,39,29,3.5876731872558594,55.0,56.5,8.503
1765478728.6898398,99,27,30,39,29,3.5876731872558594,55.0,56.5,8.503
1765478728.8911836,99,27,30,39,29,3.5876731872558594,55.0,56.5,8.503
1765478729.0928307,99,23,14,14,15,3.58746337890625,55.0,55.5,7.483
1765478729.293916,99,23,14,14,15,3.58746337890625,55.0,55.5,7.483
1765478729.4949794,99,35,37,31,42,3.5873031616210938,55.0,56.0,7.909
1765478729.6961234,99,35,37,31,42,3.5873031616210938,55.0,56.0,7.909
1765478729.8976943,99,35,37,31,42,3.5873031616210938,55.0,56.0,7.909
1765478730.0989842,83,22,29,17,16,3.5871849060058594,54.5,55.5,6.6
1765478730.3034124,83,22,29,17,16,3.5871849060058594,54.5,55.5,6.6
1765478730.504643,99,20,36,20,18,3.5868606567382812,55.0,55.5,8.358
1765478730.7057252,99,20,36,20,18,3.5868606567382812,55.0,55.5,8.358
1765478730.9068158,99,20,36,20,18,3.5868606567382812,55.0,55.5,8.358
1765478731.1078384,99,29,45,24,24,3.5867538452148438,54.5,57.0,7.948
1765478731.3090537,99,29,45,24,24,3.5867538452148438,54.5,57.0,7.948
1765478731.510062,99,20,24,24,6,3.586711883544922,55.0,56.0,7.975
1765478731.7112339,99,20,24,24,6,3.586711883544922,55.0,56.0,7.975
1765478731.9123769,99,20,24,24,6,3.586711883544922,55.0,56.0,7.975
1765478732.1134286,99,30,32,53,39,3.588043212890625,55.0,56.5,9.003
1765478732.3144982,99,30,32,53,39,3.588043212890625,55.0,56.5,9.003
1765478732.5157075,79,22,16,14,14,3.5868568420410156,54.5,55.5,5.667
1765478732.7169688,79,22,16,14,14,3.5868568420410156,54.5,55.5,5.667
1765478732.917939,79,22,16,14,14,3.5868568420410156,54.5,55.5,5.667
1765478733.1190345,99,38,30,32,53,3.587108612060547,55.0,56.0,8.028
1765478733.320005,99,38,30,32,53,3.587108612060547,55.0,56.0,8.028
1765478733.5211833,99,24,17,20,28,3.5866165161132812,55.0,55.5,6.56
1765478733.7221746,99,24,17,20,28,3.5866165161132812,55.0,55.5,6.56
1765478733.9232986,99,24,17,20,28,3.5866165161132812,55.0,55.5,6.56
1765478734.1244657,99,23,24,22,44,3.586750030517578,55.5,56.0,8.82
1765478734.3254478,99,23,24,22,44,3.586750030517578,55.5,56.0,8.82
1765478734.526497,99,32,49,25,22,3.5864715576171875,55.0,56.0,8.279
1765478734.7285452,99,32,49,25,22,3.5864715576171875,55.0,56.0,8.279
1765478734.929593,99,32,49,25,22,3.5864715576171875,55.0,56.0,8.279
1765478735.1304967,99,18,18,24,10,3.586963653564453,55.5,55.5,7.71
1765478735.3316224,99,18,18,24,10,3.586963653564453,55.5,55.5,7.71
1765478735.5325937,99,32,61,29,30,3.586711883544922,56.0,56.5,8.963
1765478735.7335048,99,32,61,29,30,3.586711883544922,56.0,56.5,8.963
1765478735.9345944,99,32,61,29,30,3.586711883544922,56.0,56.5,8.963
1765478736.1369348,99,19,10,16,12,3.5870933532714844,55.0,56.5,6.129
1765478736.3379953,99,19,10,16,12,3.5870933532714844,55.0,56.5,6.129
1765478736.5390227,99,27,32,45,36,3.5864334106445312,55.5,56.0,7.936
1765478736.7402444,99,27,32,45,36,3.5864334106445312,55.5,56.0,7.936
1765478736.9411335,99,27,32,45,36,3.5864334106445312,55.5,56.0,7.936
1765478737.1423445,99,26,24,35,29,3.587207794189453,55.0,57.0,7.216
1765478737.3433,99,26,24,35,29,3.587207794189453,55.0,57.0,7.216
1765478737.544453,99,20,28,38,22,3.587799072265625,55.5,56.5,8.845
1765478737.7454553,99,20,28,38,22,3.587799072265625,55.5,56.5,8.845
1765478737.946603,99,20,28,38,22,3.587799072265625,55.5,56.5,8.845
1765478738.1475732,99,46,18,18,25,3.587322235107422,55.5,56.0,7.909
1765478738.3486872,99,46,18,18,25,3.587322235107422,55.5,56.0,7.909
1765478738.549738,99,25,16,21,18,3.5870208740234375,55.5,55.5,7.057
1765478738.7510974,99,25,16,21,18,3.5870208740234375,55.5,55.5,7.057
1765478738.9542973,99,25,16,21,18,3.5870208740234375,55.5,55.5,7.057
1765478739.1553838,99,45,36,38,44,3.587108612060547,55.5,56.0,8.279
1765478739.3564792,99,45,36,38,44,3.587108612060547,55.5,56.0,8.279
1765478739.55771,99,17,10,18,11,3.5877723693847656,55.5,56.5,7.176
1765478739.7587225,99,17,10,18,11,3.5877723693847656,55.5,56.5,7.176
1765478739.9597359,99,17,10,18,11,3.5877723693847656,55.5,56.5,7.176
1765478740.1607604,99,32,26,39,26,3.5865554809570312,55.5,56.5,8.279
1765478740.3616912,99,32,26,39,26,3.5865554809570312,55.5,56.5,8.279
1765478740.5627701,99,32,26,39,26,3.5865554809570312,55.5,56.5,8.279
1765478740.7637715,99,45,28,28,31,3.586803436279297,55.5,56.5,8.055
1765478740.9647927,99,45,28,28,31,3.586803436279297,55.5,56.5,8.055
1765478741.1657643,99,16,18,30,18,3.5875320434570312,55.5,56.5,8.845
1765478741.3669465,99,16,18,30,18,3.5875320434570312,55.5,56.5,8.845
1765478741.5682487,99,16,18,30,18,3.5875320434570312,55.5,56.5,8.845
1765478741.7693245,99,28,19,41,10,3.5869522094726562,55.5,56.0,8.094
1765478741.9704103,99,28,19,41,10,3.5869522094726562,55.5,56.0,8.094
1765478742.1713212,99,20,20,22,18,3.5872650146484375,55.0,55.5,5.595
1765478742.372632,99,20,20,22,18,3.5872650146484375,55.0,55.5,5.595
1765478742.573978,99,20,20,22,18,3.5872650146484375,55.0,55.5,5.595
1765478742.774996,99,33,34,27,53,3.5875396728515625,55.5,56.0,7.975
1765478742.976053,99,33,34,27,53,3.5875396728515625,55.5,56.0,7.975
1765478743.1771858,90,24,20,12,12,3.587535858154297,55.0,56.5,6.49
1765478743.3781211,90,24,20,12,12,3.587535858154297,55.0,56.5,6.49
1765478743.5791488,90,24,20,12,12,3.587535858154297,55.0,56.5,6.49
1765478743.781238,99,25,38,18,24,3.5870895385742188,56.0,56.5,8.015
1765478743.982258,99,25,38,18,24,3.5870895385742188,56.0,56.5,8.015
1765478744.1833444,99,50,32,35,27,3.587158203125,55.5,57.0,8.134
1765478744.3846571,99,50,32,35,27,3.587158203125,55.5,57.0,8.134
1765478744.5858867,99,50,32,35,27,3.587158203125,55.5,57.0,8.134
1765478744.7869005,99,20,14,19,16,3.5875625610351562,56.0,56.5,8.055
1765478744.9883919,99,20,14,19,16,3.5875625610351562,56.0,56.5,8.055
1765478745.190399,99,47,18,30,20,3.58709716796875,55.5,56.5,8.358
1765478745.391361,99,47,18,30,20,3.58709716796875,55.5,56.5,8.358
1765478745.5924942,99,47,18,30,20,3.58709716796875,55.5,56.5,8.358
1765478745.7936893,82,16,18,28,16,3.587066650390625,55.5,56.5,6.249
1765478745.994585,82,16,18,28,16,3.587066650390625,55.5,56.5,6.249
1765478746.195734,99,43,30,24,42,3.5865936279296875,56.0,56.5,7.789
1765478746.3968492,99,43,30,24,42,3.5865936279296875,56.0,56.5,7.789
1765478746.5979095,99,43,30,24,42,3.5865936279296875,56.0,56.5,7.789
1765478746.7989392,99,31,19,25,30,3.5874290466308594,55.5,58.5,7.869
1765478747.0001202,99,31,19,25,30,3.5874290466308594,55.5,58.5,7.869
1765478747.2012508,99,20,32,21,22,3.5870323181152344,56.0,56.5,7.829
1765478747.4021912,99,20,32,21,22,3.5870323181152344,56.0,56.5,7.829
1765478747.6032083,99,20,32,21,22,3.5870323181152344,56.0,56.5,7.829
1765478747.804294,99,26,29,58,28,3.5870819091796875,55.5,56.5,8.134
1765478748.0053582,99,26,29,58,28,3.5870819091796875,55.5,56.5,8.134
1765478748.2062805,99,22,21,15,15,3.5871963500976562,56.0,56.5,7.296
1765478748.407384,99,22,21,15,15,3.5871963500976562,56.0,56.5,7.296
1765478748.608807,99,22,21,15,15,3.5871963500976562,56.0,56.5,7.296
1765478748.8098772,99,40,21,24,33,3.5871658325195312,55.5,56.5,8.174
1765478749.0109072,99,40,21,24,33,3.5871658325195312,55.5,56.5,8.174
1765478749.2118506,99,29,21,19,16,3.5870208740234375,55.5,56.0,6.789
1765478749.4131248,99,29,21,19,16,3.5870208740234375,55.5,56.0,6.789
1765478749.61403,99,29,21,19,16,3.5870208740234375,55.5,56.0,6.789
1765478749.8151913,99,50,32,31,26,3.5873069763183594,56.0,56.5,8.24
1765478750.0162644,99,50,32,31,26,3.5873069763183594,56.0,56.5,8.24
1765478750.21727,99,50,32,31,26,3.5873069763183594,56.0,56.5,8.24
1765478750.4186149,99,30,29,39,33,3.587421417236328,56.0,57.0,8.582
1765478750.6197486,99,30,29,39,33,3.587421417236328,56.0,57.0,8.582
1765478750.8206713,99,16,12,21,15,3.5871238708496094,56.0,56.5,8.134
1765478751.0245397,99,16,12,21,15,3.5871238708496094,56.0,56.5,8.134
1765478751.2255628,99,16,12,21,15,3.5871238708496094,56.0,56.5,8.134
1765478751.4267566,99,48,27,29,27,3.5867385864257812,56.0,56.5,7.909
1765478751.6278408,99,48,27,29,27,3.5867385864257812,56.0,56.5,7.909
1765478751.8292234,99,21,20,19,23,3.5873031616210938,56.0,56.5,6.37
1765478752.030376,99,21,20,19,23,3.5873031616210938,56.0,56.5,6.37
1765478752.232108,99,21,20,19,23,3.5873031616210938,56.0,56.5,6.37
1765478752.43356,99,52,23,28,26,3.5881919860839844,56.0,57.0,8.661
1765478752.6345437,99,52,23,28,26,3.5881919860839844,56.0,57.0,8.661
1765478752.8356657,99,19,12,13,13,3.58734130859375,56.0,56.5,6.37
1765478753.036912,99,19,12,13,13,3.58734130859375,56.0,56.5,6.37
1765478753.2380216,99,19,12,13,13,3.58734130859375,56.0,56.5,6.37
1765478753.4392662,99,35,29,51,36,3.587299346923828,56.5,56.5,8.24
1765478753.6410272,99,35,29,51,36,3.587299346923828,56.5,56.5,8.24
1765478753.8421967,99,36,22,39,27,3.5871353149414062,55.5,57.0,8.015
1765478754.0434427,99,36,22,39,27,3.5871353149414062,55.5,57.0,8.015
1765478754.244755,99,36,22,39,27,3.5871353149414062,55.5,57.0,8.015
1765478754.445758,99,24,13,10,14,3.5879669189453125,56.0,56.5,8.701
1765478754.646916,99,24,13,10,14,3.5879669189453125,56.0,56.5,8.701
1765478754.8482769,99,26,18,46,30,3.5877952575683594,56.0,56.5,8.134
1765478755.049433,99,26,18,46,30,3.5877952575683594,56.0,56.5,8.134
1765478755.2503302,99,26,18,46,30,3.5877952575683594,56.0,56.5,8.134
1765478755.451702,45,32,24,19,18,3.587646484375,55.5,57.5,5.747
1765478755.654125,45,32,24,19,18,3.587646484375,55.5,57.5,5.747
1765478755.8552132,99,26,52,30,25,3.5876922607421875,56.0,57.5,8.477
1765478756.0589607,99,26,52,30,25,3.5876922607421875,56.0,57.5,8.477
1765478756.260455,99,26,52,30,25,3.5876922607421875,56.0,57.5,8.477
1765478756.4618018,98,14,18,18,12,3.587646484375,55.5,57.0,7.137
1765478756.6628578,98,14,18,18,12,3.587646484375,55.5,57.0,7.137
1765478756.8642206,99,36,24,32,27,3.5874099731445312,56.0,57.0,8.055
1765478757.0654523,99,36,24,32,27,3.5874099731445312,56.0,57.0,8.055
1765478757.268825,99,36,24,32,27,3.5874099731445312,56.0,57.0,8.055
1765478757.4697866,99,44,40,31,30,3.5876426696777344,56.0,57.0,8.319
1765478757.670804,99,44,40,31,30,3.5876426696777344,56.0,57.0,8.319
1765478757.8717048,99,19,10,10,15,3.5881919860839844,56.0,57.0,7.975
1765478758.0727425,99,19,10,10,15,3.5881919860839844,56.0,57.0,7.975
1765478758.2738848,99,19,10,10,15,3.5881919860839844,56.0,57.0,7.975
1765478758.4750614,99,25,28,45,20,3.5877914428710938,56.0,56.5,7.682
1765478758.676236,99,25,28,45,20,3.5877914428710938,56.0,56.5,7.682
1765478758.8771732,78,22,17,33,18,3.5875205993652344,55.5,57.0,6.68
1765478759.0782533,78,22,17,33,18,3.5875205993652344,55.5,57.0,6.68
1765478759.2792552,78,22,17,33,18,3.5875205993652344,55.5,57.0,6.68
1765478759.4804342,99,48,30,22,21,3.58740234375,56.5,57.0,8.398
1765478759.6814005,99,48,30,22,21,3.58740234375,56.5,57.0,8.398
1765478759.882815,99,22,23,26,30,3.588024139404297,56.0,57.5,8.253
1765478760.0844336,99,22,23,26,30,3.588024139404297,56.0,57.5,8.253
1765478760.285398,99,22,23,26,30,3.588024139404297,56.0,57.5,8.253
1765478760.4864953,99,28,28,22,32,3.5878677368164062,56.5,57.0,8.094
1765478760.7099674,99,28,28,22,32,3.5878677368164062,56.5,57.0,8.094
1765478760.9108584,99,32,43,30,39,3.5876312255859375,56.0,57.0,8.015
1765478761.1120982,99,32,43,30,39,3.5876312255859375,56.0,57.0,8.015
1765478761.3138072,99,32,43,30,39,3.5876312255859375,56.0,57.0,8.015
1765478761.515097,93,22,20,22,20,3.5886688232421875,56.0,57.5,6.57
1765478761.716386,93,22,20,22,20,3.5886688232421875,56.0,57.5,6.57
1765478761.9177,99,18,23,19,38,3.5877151489257812,56.0,57.0,7.789
1765478762.1188455,99,18,23,19,38,3.5877151489257812,56.0,57.0,7.789
1765478762.3200681,99,18,23,19,38,3.5877151489257812,56.0,57.0,7.789
1765478762.521118,7,28,28,22,18,3.5876808166503906,56.0,57.0,6.129
1765478762.7220635,7,28,28,22,18,3.5876808166503906,56.0,57.0,6.129
1765478762.9230676,99,26,44,26,22,3.5878868103027344,57.0,57.0,8.358
1765478763.1243148,99,26,44,26,22,3.5878868103027344,57.0,57.0,8.358
1765478763.3253777,99,26,44,26,22,3.5878868103027344,57.0,57.0,8.358
1765478763.5262976,99,28,30,27,40,3.5887794494628906,56.5,57.5,8.661
1765478763.7272806,99,28,30,27,40,3.5887794494628906,56.5,57.5,8.661
1765478763.9282084,99,17,18,15,23,3.5876197814941406,56.5,57.0,7.67
1765478764.1293435,99,17,18,15,23,3.5876197814941406,56.5,57.0,7.67
1765478764.3304157,99,17,18,15,23,3.5876197814941406,56.5,57.0,7.67
1765478764.5314379,99,37,38,47,48,3.587207794189453,56.0,57.0,7.948
1765478764.732585,99,37,38,47,48,3.587207794189453,56.0,57.0,7.948
1765478764.9341938,98,29,16,29,16,3.587127685546875,56.0,57.0,6.72
1765478765.1352892,98,29,16,29,16,3.587127685546875,56.0,57.0,6.72
1765478765.3365526,98,29,16,29,16,3.587127685546875,56.0,57.0,6.72
1765478765.5376537,99,14,21,35,13,3.5874786376953125,56.5,57.0,8.253
1765478765.7385802,99,14,21,35,13,3.5874786376953125,56.5,57.0,8.253
1765478765.9401093,99,14,21,35,13,3.5874786376953125,56.5,57.0,8.253
1765478766.1412795,99,25,44,27,18,3.587554931640625,56.5,57.0,8.094
1765478766.342298,99,25,44,27,18,3.587554931640625,56.5,57.0,8.094
1765478766.5432265,99,26,22,16,24,3.58758544921875,56.5,57.5,8.358
1765478766.7457216,99,26,22,16,24,3.58758544921875,56.5,57.5,8.358
1765478766.9468608,99,26,22,16,24,3.58758544921875,56.5,57.5,8.358
1765478767.1487265,99,30,37,48,25,3.5880889892578125,56.5,57.5,9.003
1765478767.3497493,99,30,37,48,25,3.5880889892578125,56.5,57.5,9.003
1765478767.5506592,0,12,18,17,13,3.58648681640625,56.0,57.5,5.667
1765478767.7516856,0,12,18,17,13,3.58648681640625,56.0,57.5,5.667
1765478767.9526324,0,12,18,17,13,3.58648681640625,56.0,57.5,5.667
1765478768.1535425,99,39,42,34,23,3.586811065673828,56.5,57.0,7.483
1765478768.3544722,99,39,42,34,23,3.586811065673828,56.5,57.0,7.483
1765478768.5555341,76,30,24,20,24,3.587554931640625,56.5,56.5,5.938
1765478768.7564907,76,30,24,20,24,3.587554931640625,56.5,56.5,5.938
1765478768.9575129,76,30,24,20,24,3.587554931640625,56.5,56.5,5.938
1765478769.1589282,99,36,19,25,20,3.5883560180664062,57.0,57.5,8.582
1765478769.3608096,99,36,19,25,20,3.5883560180664062,57.0,57.5,8.582
1765478769.5618863,99,22,20,23,52,3.5866661071777344,56.0,57.5,8.094
1765478769.7629242,99,22,20,23,52,3.5866661071777344,56.0,57.5,8.094
1765478769.9641929,99,22,20,23,52,3.5866661071777344,56.0,57.5,8.094
1765478770.1651437,99,21,27,20,17,3.587554931640625,56.5,57.5,7.563
1765478770.3662674,99,21,27,20,17,3.587554931640625,56.5,57.5,7.563
1765478770.56761,99,31,33,56,34,3.5888328552246094,57.0,58.0,8.845
1765478770.7687056,99,31,33,56,34,3.5888328552246094,57.0,58.0,8.845
1765478770.9698365,99,31,33,56,34,3.5888328552246094,57.0,58.0,8.845
1765478771.1710541,65,10,15,8,13,3.5895004272460938,56.0,57.5,6.789
1765478771.3723028,65,10,15,8,13,3.5895004272460938,56.0,57.5,6.789
1765478771.5735033,99,33,35,37,41,3.588581085205078,57.0,57.5,8.055
1765478771.7745218,99,33,35,37,41,3.588581085205078,57.0,57.5,8.055
1765478771.9754627,99,33,35,37,41,3.588581085205078,57.0,57.5,8.055
1765478772.1767924,99,31,31,25,28,3.588642120361328,56.0,57.5,7.444
1765478772.3778412,99,31,31,25,28,3.588642120361328,56.0,57.5,7.444
1765478772.578912,99,19,27,19,32,3.5892868041992188,56.5,57.5,8.582
1765478772.7800853,99,19,27,19,32,3.5892868041992188,56.5,57.5,8.582
1765478772.9812112,99,19,27,19,32,3.5892868041992188,56.5,57.5,8.582
1765478773.182369,99,22,24,46,14,3.5886077880859375,56.5,58.0,7.909
1765478773.383518,99,22,24,46,14,3.5886077880859375,56.5,58.0,7.909
1765478773.5845015,99,22,17,16,14,3.5883407592773438,56.5,57.0,6.948
1765478773.7856672,99,22,17,16,14,3.5883407592773438,56.5,57.0,6.948
1765478773.9868124,99,22,17,16,14,3.5883407592773438,56.5,57.0,6.948
1765478774.1880617,99,32,49,33,40,3.588451385498047,56.5,57.5,8.477
1765478774.3894043,99,32,49,33,40,3.588451385498047,56.5,57.5,8.477
1765478774.5907292,99,10,16,11,13,3.5888519287109375,56.5,57.5,6.52
1765478774.7922134,99,10,16,11,13,3.5888519287109375,56.5,57.5,6.52
1765478774.993353,99,10,16,11,13,3.5888519287109375,56.5,57.5,6.52
1765478775.1943815,99,27,29,26,42,3.588092803955078,56.5,57.5,8.213
1765478775.3952897,99,27,29,26,42,3.588092803955078,56.5,57.5,8.213
1765478775.5964563,99,27,29,26,42,3.588092803955078,56.5,57.5,8.213
1765478775.797549,99,37,24,43,33,3.58856201171875,56.0,58.0,8.24
1765478775.9985871,99,37,24,43,33,3.58856201171875,56.0,58.0,8.24
1765478776.199446,99,22,21,24,23,3.5893478393554688,56.5,58.0,9.042
1765478776.4006793,99,22,21,24,23,3.5893478393554688,56.5,58.0,9.042
1765478776.6023822,99,22,21,24,23,3.5893478393554688,56.5,58.0,9.042
1765478776.8035207,99,41,20,17,13,3.5879669189453125,56.5,57.5,8.055
1765478777.0046723,99,41,20,17,13,3.5879669189453125,56.5,57.5,8.055
1765478777.2055447,13,34,33,28,28,3.5898475646972656,56.0,57.5,6.169
1765478777.4067323,13,34,33,28,28,3.5898475646972656,56.0,57.5,6.169
1765478777.6077814,13,34,33,28,28,3.5898475646972656,56.0,57.5,6.169
1765478777.8091776,99,57,54,41,36,3.584186553955078,56.5,58.0,8.622
1765478778.010154,99,57,54,41,36,3.584186553955078,56.5,58.0,8.622
1765478778.2131834,65,10,10,23,16,3.5855331420898438,56.0,58.0,6.53
1765478778.4141612,65,10,10,23,16,3.5855331420898438,56.0,58.0,6.53
1765478778.615292,65,10,10,23,16,3.5855331420898438,56.0,58.0,6.53
1765478778.8165007,99,22,20,24,39,3.5839767456054688,57.0,57.5,8.094
1765478779.0175967,99,22,20,24,39,3.5839767456054688,57.0,57.5,8.094
1765478779.218644,99,29,27,50,40,3.58477783203125,57.0,58.0,7.829
1765478779.4196525,99,29,27,50,40,3.58477783203125,57.0,58.0,7.829
1765478779.6207063,99,29,27,50,40,3.58477783203125,57.0,58.0,7.829
1765478779.8219385,99,22,19,22,24,3.584552764892578,57.5,57.5,8.213
1765478780.0230045,99,22,19,22,24,3.584552764892578,57.5,57.5,8.213
1765478780.2242053,99,18,19,32,32,3.585113525390625,57.0,57.5,8.398
1765478780.4253914,99,18,19,32,32,3.585113525390625,57.0,57.5,8.398
1765478780.626464,99,18,19,32,32,3.585113525390625,57.0,57.5,8.398
1765478780.8276925,96,20,16,27,21,3.584308624267578,56.5,57.5,6.37
1765478781.028592,96,20,16,27,21,3.584308624267578,56.5,57.5,6.37
1765478781.2295957,99,36,32,32,47,3.5838470458984375,57.0,57.5,7.71
1765478781.4305978,99,36,32,32,47,3.5838470458984375,57.0,57.5,7.71
1765478781.6315124,99,36,32,32,47,3.5838470458984375,57.0,57.5,7.71
1765478781.8325784,88,26,26,18,33,3.58526611328125,56.5,58.5,7.483
1765478782.0335817,88,26,26,18,33,3.58526611328125,56.5,58.5,7.483
1765478782.2347276,99,20,18,16,32,3.5843887329101562,57.0,57.5,8.015
1765478782.4356444,99,20,18,16,32,3.5843887329101562,57.0,57.5,8.015
1765478782.6369634,99,20,18,16,32,3.5843887329101562,57.0,57.5,8.015
1765478782.8381844,99,28,38,50,35,3.5846214294433594,57.0,57.5,8.094
1765478783.0393083,99,28,38,50,35,3.5846214294433594,57.0,57.5,8.094
1765478783.2404284,99,18,19,14,21,3.584362030029297,57.0,57.5,7.483
1765478783.4414775,99,18,19,14,21,3.584362030029297,57.0,57.5,7.483
1765478783.642613,99,18,19,14,21,3.584362030029297,57.0,57.5,7.483
1765478783.8435245,99,29,55,20,24,3.585338592529297,57.0,58.5,8.517
1765478784.044591,99,29,55,20,24,3.585338592529297,57.0,58.5,8.517
1765478784.2454054,72,17,21,18,19,3.5849533081054688,56.5,58.0,6.6
1765478784.4465868,72,17,21,18,19,3.5849533081054688,56.5,58.0,6.6
1765478784.6476564,72,17,21,18,19,3.5849533081054688,56.5,58.0,6.6
1765478784.8486266,99,33,48,25,27,3.584747314453125,57.5,57.5,8.094
1765478785.049685,99,33,48,25,27,3.584747314453125,57.5,57.5,8.094
1765478785.2509801,99,33,48,25,27,3.584747314453125,57.5,57.5,8.094
1765478785.4518933,99,30,35,30,28,3.584197998046875,56.5,59.0,7.975
1765478785.6530519,99,30,35,30,28,3.584197998046875,56.5,59.0,7.975
1765478785.8542361,99,30,14,14,11,3.5844955444335938,57.0,57.5,8.055
1765478786.0557182,99,30,14,14,11,3.5844955444335938,57.0,57.5,8.055
1765478786.2565963,99,30,14,14,11,3.5844955444335938,57.0,57.5,8.055
1765478786.4576352,99,28,46,32,28,3.584583282470703,57.0,58.0,8.213
1765478786.6586647,99,28,46,32,28,3.584583282470703,57.0,58.0,8.213
1765478786.8595726,99,18,19,14,19,3.5840835571289062,57.0,57.5,6.64
1765478787.0606668,99,18,19,14,19,3.5840835571289062,57.0,57.5,6.64
1765478787.261665,99,18,19,14,19,3.5840835571289062,57.0,57.5,6.64
1765478787.4627771,99,50,30,25,28,3.585102081298828,57.0,58.0,8.845
1765478787.664316,99,50,30,25,28,3.585102081298828,57.0,58.0,8.845
1765478787.8656945,99,15,22,10,13,3.5843734741210938,56.0,57.5,5.979
1765478788.0667632,99,15,22,10,13,3.5843734741210938,56.0,57.5,5.979
1765478788.268268,99,15,22,10,13,3.5843734741210938,56.0,57.5,5.979
1765478788.469251,99,29,35,38,23,3.584259033203125,57.0,57.5,8.015
1765478788.6704056,99,29,35,38,23,3.584259033203125,57.0,57.5,8.015
1765478788.8714266,99,32,34,31,51,3.584247589111328,57.0,57.5,8.319
1765478789.0725458,99,32,34,31,51,3.584247589111328,57.0,57.5,8.319
1765478789.2740483,99,32,34,31,51,3.584247589111328,57.0,57.5,8.319
1765478789.4750614,99,14,14,15,25,3.5848541259765625,57.0,58.0,8.253
1765478789.6762264,99,14,14,15,25,3.5848541259765625,57.0,58.0,8.253
1765478789.8771992,99,22,36,24,32,3.584064483642578,57.5,57.5,8.134
1765478790.078181,99,22,36,24,32,3.584064483642578,57.5,57.5,8.134
1765478790.2793975,99,22,36,24,32,3.584064483642578,57.5,57.5,8.134
1765478790.4805522,99,27,18,20,28,3.5843467712402344,56.5,58.0,6.4
1765478790.6815364,99,27,18,20,28,3.5843467712402344,56.5,58.0,6.4
1765478790.8828626,99,54,24,28,22,3.584362030029297,57.5,58.5,9.003
1765478791.0838504,99,54,24,28,22,3.584362030029297,57.5,58.5,9.003
1765478791.2849197,99,54,24,28,22,3.584362030029297,57.5,58.5,9.003
1765478791.4860592,99,20,26,23,16,3.5840110778808594,57.0,60.0,8.174
1765478791.6870456,99,20,26,23,16,3.5840110778808594,57.0,60.0,8.174
1765478791.8881223,99,27,28,34,29,3.5839691162109375,57.5,57.5,7.71
1765478792.0891106,99,27,28,34,29,3.5839691162109375,57.5,57.5,7.71
1765478792.290261,99,27,28,34,29,3.5839691162109375,57.5,57.5,7.71
1765478792.4912558,99,36,34,48,28,3.5842514038085938,57.5,58.0,8.358
1765478792.692339,99,36,34,48,28,3.5842514038085938,57.5,58.0,8.358
1765478792.8932154,99,12,18,15,19,3.5850067138671875,57.0,58.5,7.75
1765478793.0949981,99,12,18,15,19,3.5850067138671875,57.0,58.5,7.75
1765478793.2961292,99,12,18,15,19,3.5850067138671875,57.0,58.5,7.75
1765478793.4977338,99,25,44,28,23,3.584636688232422,57.0,58.0,7.63
1765478793.6986945,99,25,44,28,23,3.584636688232422,57.0,58.0,7.63
1765478793.8998907,99,26,18,30,23,3.584259033203125,57.0,57.5,6.749
1765478794.1011243,99,26,18,30,23,3.584259033203125,57.0,57.5,6.749
1765478794.302134,99,26,18,30,23,3.584259033203125,57.0,57.5,6.749
1765478794.5032532,99,35,43,22,20,3.5846023559570312,57.5,58.0,8.464
1765478794.7043817,99,35,43,22,20,3.5846023559570312,57.5,58.0,8.464
1765478794.9054563,99,28,40,25,32,3.585357666015625,57.5,58.5,8.358
1765478795.106712,99,28,40,25,32,3.585357666015625,57.5,58.5,8.358
1765478795.3078778,99,28,40,25,32,3.585357666015625,57.5,58.5,8.358
1765478795.5088117,99,34,28,22,15,3.5845680236816406,57.5,58.0,8.213
1765478795.710042,99,34,28,22,15,3.5845680236816406,57.5,58.0,8.213
1765478795.911168,99,34,28,22,15,3.5845680236816406,57.5,58.0,8.213
1765478796.112146,99,29,52,30,35,3.5841522216796875,57.5,58.0,8.121
1765478796.313303,99,29,52,30,35,3.5841522216796875,57.5,58.0,8.121
1765478796.514346,69,27,17,21,25,3.5847702026367188,57.0,58.5,6.52
1765478796.7154438,69,27,17,21,25,3.5847702026367188,57.0,58.5,6.52
1765478796.9165125,69,27,17,21,25,3.5847702026367188,57.0,58.5,6.52
1765478797.1175203,99,24,40,22,19,3.584087371826172,57.5,58.0,7.75
1765478797.3184533,99,24,40,22,19,3.584087371826172,57.5,58.0,7.75
1765478797.5195425,94,27,32,22,23,3.5841712951660156,57.0,58.5,7.137
1765478797.7206879,94,27,32,22,23,3.5841712951660156,57.0,58.5,7.137
1765478797.9216096,94,27,32,22,23,3.5841712951660156,57.0,58.5,7.137
1765478798.1228056,99,40,14,26,16,3.58447265625,57.5,58.0,8.174
1765478798.3240507,99,40,14,26,16,3.58447265625,57.5,58.0,8.174
1765478798.525086,99,27,33,22,44,3.584869384765625,57.5,58.5,8.74
1765478798.7260623,99,27,33,22,44,3.584869384765625,57.5,58.5,8.74
1765478798.9274895,99,27,33,22,44,3.584869384765625,57.5,58.5,8.74
1765478799.12874,99,20,14,14,16,3.5849342346191406,57.0,58.5,7.108
1765478799.3297734,99,20,14,14,16,3.5849342346191406,57.0,58.5,7.108
1765478799.5307865,99,42,47,19,26,3.5846099853515625,57.5,58.0,7.643
1765478799.7323759,99,42,47,19,26,3.5846099853515625,57.5,58.0,7.643
1765478799.933373,99,42,47,19,26,3.5846099853515625,57.5,58.0,7.643
1765478800.134429,99,18,23,26,16,3.584625244140625,57.0,58.5,6.72
1765478800.3355427,99,18,23,26,16,3.584625244140625,57.0,58.5,6.72
1765478800.5366974,99,11,31,8,10,3.5848617553710938,57.5,58.0,8.24
1765478800.7376006,99,11,31,8,10,3.5848617553710938,57.5,58.0,8.24
1765478800.9387057,99,11,31,8,10,3.5848617553710938,57.5,58.0,8.24
1765478801.1397765,99,18,46,22,16,3.5849685668945312,57.5,58.0,7.67
1765478801.3405473,99,18,46,22,16,3.5849685668945312,57.5,58.0,7.67
1765478801.5420167,99,17,14,11,16,3.585163116455078,57.5,58.5,8.015
1765478801.7431526,99,17,14,11,16,3.585163116455078,57.5,58.5,8.015
1765478801.944462,99,17,14,11,16,3.585163116455078,57.5,58.5,8.015
1765478802.1455307,99,21,29,26,35,3.5855674743652344,57.5,59.0,8.766
1765478802.3464906,99,21,29,26,35,3.5855674743652344,57.5,59.0,8.766
1765478802.547474,90,11,4,7,14,3.5849571228027344,57.0,58.0,6.56
1765478802.7490926,90,11,4,7,14,3.5849571228027344,57.0,58.0,6.56
1765478802.9499393,90,11,4,7,14,3.5849571228027344,57.0,58.0,6.56
1765478803.1510494,99,25,21,26,43,3.584514617919922,57.5,58.5,8.015
1765478803.352079,99,25,21,26,43,3.584514617919922,57.5,58.5,8.015
1765478803.5533664,99,25,16,30,27,3.5846939086914062,57.0,58.5,7.523
1765478803.754429,99,25,16,30,27,3.5846939086914062,57.0,58.5,7.523
1765478803.9554572,99,25,16,30,27,3.5846939086914062,57.0,58.5,7.523
1765478804.1563406,99,8,13,23,6,3.5854530334472656,57.5,58.5,8.279
1765478804.357412,99,8,13,23,6,3.5854530334472656,57.5,58.5,8.279
1765478804.5583637,99,18,14,45,16,3.5847206115722656,57.5,58.0,8.015
1765478804.7595093,99,18,14,45,16,3.5847206115722656,57.5,58.0,8.015
1765478804.9605885,99,18,14,45,16,3.5847206115722656,57.5,58.0,8.015
1765478805.1614673,99,18,11,17,12,3.584930419921875,57.0,58.0,5.979
1765478805.3627546,99,18,11,17,12,3.584930419921875,57.0,58.0,5.979
1765478805.563669,99,22,22,46,16,3.5848236083984375,57.5,58.5,8.213
1765478805.764807,99,22,22,46,16,3.5848236083984375,57.5,58.5,8.213
1765478805.9657385,99,22,22,46,16,3.5848236083984375,57.5,58.5,8.213
1765478806.16722,78,10,7,19,11,3.5847511291503906,57.0,58.5,6.209
1765478806.3683443,78,10,7,19,11,3.5847511291503906,57.0,58.5,6.209
1765478806.569254,78,10,7,19,11,3.5847511291503906,57.0,58.5,6.209
1765478806.7702034,99,23,21,36,18,3.5847015380859375,57.5,58.5,8.213
1765478806.9715497,99,23,21,36,18,3.5847015380859375,57.5,58.5,8.213
1765478807.1725578,99,26,24,42,26,3.5849647521972656,57.5,58.5,7.909
1765478807.3735867,99,26,24,42,26,3.5849647521972656,57.5,58.5,7.909
1765478807.5745401,99,26,24,42,26,3.5849647521972656,57.5,58.5,7.909
1765478807.7755256,99,18,19,11,10,3.5850486755371094,57.5,58.5,8.055
1765478807.9768515,99,18,19,11,10,3.5850486755371094,57.5,58.5,8.055
1765478808.178019,99,21,20,15,30,3.5843505859375,58.0,58.5,7.523
1765478808.3789303,99,21,20,15,30,3.5843505859375,58.0,58.5,7.523
1765478808.5798385,99,21,20,15,30,3.5843505859375,58.0,58.5,7.523
1765478808.7813504,99,26,23,21,22,3.5726165771484375,57.5,58.5,6.749
1765478808.982559,99,26,23,21,22,3.5726165771484375,57.5,58.5,6.749
1765478809.183627,99,42,46,63,38,3.58123779296875,58.0,59.5,8.963
1765478809.384622,99,42,46,63,38,3.58123779296875,58.0,59.5,8.963
1765478809.5857556,99,42,46,63,38,3.58123779296875,58.0,59.5,8.963
1765478809.7870946,99,36,32,34,26,3.5814285278320312,58.0,59.0,7.975
1765478809.988222,99,36,32,34,26,3.5814285278320312,58.0,59.0,7.975
1765478810.1891568,99,21,19,19,27,3.580432891845703,58.0,58.5,7.896
1765478810.3900476,99,21,19,19,27,3.580432891845703,58.0,58.5,7.896
1765478810.5912163,99,21,19,19,27,3.580432891845703,58.0,58.5,7.896
1765478810.79243,99,25,40,26,18,3.5808486938476562,57.5,58.5,8.015
1765478810.9935842,99,25,40,26,18,3.5808486938476562,57.5,58.5,8.015
1765478811.1945434,99,16,11,15,12,3.5815773010253906,57.5,58.5,7.137
1765478811.3961055,99,16,11,15,12,3.5815773010253906,57.5,58.5,7.137
1765478811.5971038,99,16,11,15,12,3.5815773010253906,57.5,58.5,7.137
1765478811.798217,99,36,48,30,36,3.5807952880859375,58.0,59.0,8.622
1765478811.9991827,99,36,48,30,36,3.5807952880859375,58.0,59.0,8.622
1765478812.2006416,99,40,34,36,38,3.5809249877929688,57.5,58.5,6.977
1765478812.4022987,99,40,34,36,38,3.5809249877929688,57.5,58.5,6.977
1765478812.603363,99,40,34,36,38,3.5809249877929688,57.5,58.5,6.977
1765478812.8045747,99,52,66,44,42,3.580902099609375,58.0,59.0,9.106
1765478813.00554,99,52,66,44,42,3.580902099609375,58.0,59.0,9.106
1765478813.206789,99,31,44,26,32,3.581462860107422,58.0,59.5,8.74
1765478813.4078658,99,31,44,26,32,3.581462860107422,58.0,59.5,8.74
1765478813.609131,99,31,44,26,32,3.581462860107422,58.0,59.5,8.74
1765478813.8101432,99,21,26,27,20,3.580902099609375,58.0,59.0,7.869
1765478814.011548,99,21,26,27,20,3.580902099609375,58.0,59.0,7.869
1765478814.2124822,99,28,28,51,32,3.5806961059570312,58.0,58.5,8.134
1765478814.413543,99,28,28,51,32,3.5806961059570312,58.0,58.5,8.134
1765478814.6146193,99,28,28,51,32,3.5806961059570312,58.0,58.5,8.134
1765478814.8163276,0,27,28,18,25,3.571361541748047,58.0,60.0,6.41
1765478815.0174088,0,27,28,18,25,3.571361541748047,58.0,60.0,6.41
1765478815.21873,99,34,46,22,23,3.5797767639160156,58.0,59.0,8.398
1765478815.4206226,99,34,46,22,23,3.5797767639160156,58.0,59.0,8.398
1765478815.6215537,99,34,46,22,23,3.5797767639160156,58.0,59.0,8.398
1765478815.8232718,8,40,40,38,33,3.579448699951172,58.0,59.0,6.41
1765478816.024404,8,40,40,38,33,3.579448699951172,58.0,59.0,6.41
1765478816.2253952,99,51,31,40,55,3.579681396484375,58.5,59.0,8.661
1765478816.426404,99,51,31,40,55,3.579681396484375,58.5,59.0,8.661
1765478816.6275282,99,51,31,40,55,3.579681396484375,58.5,59.0,8.661
1765478816.828824,99,45,49,49,50,3.580646514892578,58.0,59.5,8.845
1765478817.0300727,99,45,49,49,50,3.580646514892578,58.0,59.5,8.845
1765478817.2310913,99,45,49,49,50,3.580646514892578,58.0,59.5,8.845
1765478817.4321718,99,39,38,32,35,3.5793838500976562,58.0,59.0,8.213
1765478817.6334064,99,39,38,32,35,3.5793838500976562,58.0,59.0,8.213
1765478817.8343763,99,55,44,72,58,3.579792022705078,58.5,59.5,8.963
1765478818.0357492,99,55,44,72,58,3.579792022705078,58.5,59.5,8.963
1765478818.2372646,99,55,44,72,58,3.579792022705078,58.5,59.5,8.963
1765478818.438362,99,30,32,31,26,3.579822540283203,58.0,59.0,6.68
1765478818.639457,99,30,32,31,26,3.579822540283203,58.0,59.0,6.68
1765478818.8409467,99,41,47,40,57,3.5807723999023438,58.0,59.5,8.924
1765478819.042135,99,41,47,40,57,3.5807723999023438,58.0,59.5,8.924
1765478819.2431076,99,41,47,40,57,3.5807723999023438,58.0,59.5,8.924
1765478819.4455569,96,31,31,40,37,3.5799789428710938,57.5,59.0,6.868
1765478819.6465456,96,31,31,40,37,3.5799789428710938,57.5,59.0,6.868
1765478819.8476532,99,62,53,52,48,3.579700469970703,58.5,60.0,8.845
1765478820.0485358,99,62,53,52,48,3.579700469970703,58.5,60.0,8.845
1765478820.2497318,99,62,53,52,48,3.579700469970703,58.5,60.0,8.845
1765478820.4507532,99,48,46,49,42,3.580486297607422,58.0,59.5,8.582
1765478820.6547267,99,48,46,49,42,3.580486297607422,58.0,59.5,8.582
1765478820.855767,99,35,40,34,28,3.5805282592773438,58.5,59.0,8.622
1765478821.0566535,99,35,40,34,28,3.5805282592773438,58.5,59.0,8.622
1765478821.2581916,99,35,40,34,28,3.5805282592773438,58.5,59.0,8.622
1765478821.4615943,99,54,72,48,49,3.580291748046875,58.5,59.5,9.146
1765478821.6629026,99,54,72,48,49,3.580291748046875,58.5,59.5,9.146
1765478821.863998,99,33,31,27,32,3.5801734924316406,58.5,59.0,7.722
1765478822.0650487,99,33,31,27,32,3.5801734924316406,58.5,59.0,7.722
1765478822.2659912,99,33,31,27,32,3.5801734924316406,58.5,59.0,7.722
1765478822.467008,99,28,62,30,33,3.5810470581054688,58.5,59.5,8.477
1765478822.668136,99,28,62,30,33,3.5810470581054688,58.5,59.5,8.477
1765478822.8693414,99,16,15,34,12,3.580036163330078,58.0,59.0,6.56
1765478823.0703917,99,16,15,34,12,3.580036163330078,58.0,59.0,6.56
1765478823.2725961,99,16,15,34,12,3.580036163330078,58.0,59.0,6.56
1765478823.473707,99,28,40,44,38,3.5802459716796875,58.5,59.5,8.701
1765478823.6746352,99,28,40,44,38,3.5802459716796875,58.5,59.5,8.701
1765478823.8757017,99,52,37,39,34,3.580188751220703,58.0,59.5,8.24
1765478824.0766883,99,52,37,39,34,3.580188751220703,58.0,59.5,8.24
1765478824.2778223,99,52,37,39,34,3.580188751220703,58.0,59.5,8.24
1765478824.478785,99,33,18,18,28,3.580677032470703,59.0,60.0,9.485
1765478824.6801233,99,33,18,18,28,3.580677032470703,59.0,60.0,9.485
1765478824.8809555,99,36,41,34,55,3.5779991149902344,58.5,59.5,8.701
1765478825.0819697,99,36,41,34,55,3.5779991149902344,58.5,59.5,8.701
1765478825.2829807,99,36,41,34,55,3.5779991149902344,58.5,59.5,8.701
1765478825.484063,0,42,32,30,36,3.5793838500976562,58.0,59.0,5.827
1765478825.6852825,0,42,32,30,36,3.5793838500976562,58.0,59.0,5.827
1765478825.887356,0,42,32,30,36,3.5793838500976562,58.0,59.0,5.827
1765478826.0885184,99,42,55,36,37,3.579486846923828,58.5,59.5,8.517
1765478826.2894645,99,42,55,36,37,3.579486846923828,58.5,59.5,8.517
1765478826.4907517,99,24,35,26,35,3.5796966552734375,58.0,59.0,7.296
1765478826.692334,99,24,35,26,35,3.5796966552734375,58.0,59.0,7.296
1765478826.893535,99,24,35,26,35,3.5796966552734375,58.0,59.0,7.296
1765478827.0946057,99,46,54,50,56,3.578968048095703,59.0,59.5,8.74
1765478827.2957568,99,46,54,50,56,3.578968048095703,59.0,59.5,8.74
1765478827.496875,99,41,45,47,47,3.5794677734375,58.5,59.5,7.829
1765478827.6978052,99,41,45,47,47,3.5794677734375,58.5,59.5,7.829
1765478827.9002326,99,41,45,47,47,3.5794677734375,58.5,59.5,7.829
1765478828.1013296,99,26,26,39,26,3.5799636840820312,59.0,60.0,9.003
1765478828.3024647,99,26,26,39,26,3.5799636840820312,59.0,60.0,9.003
1765478828.503421,99,41,38,66,39,3.5794296264648438,58.5,59.5,8.582
1765478828.7050045,99,41,38,66,39,3.5794296264648438,58.5,59.5,8.582
1765478828.9063742,99,41,38,66,39,3.5794296264648438,58.5,59.5,8.582
1765478829.1137795,99,30,41,28,37,3.579387664794922,58.5,59.5,7.71
1765478829.3150811,99,30,41,28,37,3.579387664794922,58.5,59.5,7.71
1765478829.5162165,99,53,54,55,42,3.5791854858398438,58.5,59.5,8.16
1765478829.717294,99,53,54,55,42,3.5791854858398438,58.5,59.5,8.16
1765478829.9182303,99,53,54,55,42,3.5791854858398438,58.5,59.5,8.16
1765478830.119358,99,14,22,17,12,3.5797805786132812,58.5,59.5,7.324
1765478830.3206723,99,14,22,17,12,3.5797805786132812,58.5,59.5,7.324
1765478830.5217555,99,48,28,32,28,3.579082489013672,59.0,59.5,8.319
1765478830.7227032,99,48,28,32,28,3.579082489013672,59.0,59.5,8.319
1765478830.9238913,99,48,28,32,28,3.579082489013672,59.0,59.5,8.319
1765478831.1250916,99,27,29,38,24,3.5792770385742188,58.5,60.0,8.055
1765478831.326172,99,27,29,38,24,3.5792770385742188,58.5,60.0,8.055
1765478831.5272074,99,16,22,29,20,3.579395294189453,59.0,59.5,8.661
1765478831.7281756,99,16,22,29,20,3.579395294189453,59.0,59.5,8.661
1765478831.9292612,99,16,22,29,20,3.579395294189453,59.0,59.5,8.661
1765478832.1302643,99,20,18,20,46,3.5801353454589844,58.5,59.5,8.424
1765478832.3314211,99,20,18,20,46,3.5801353454589844,58.5,59.5,8.424
1765478832.5324898,89,25,20,17,18,3.579608917236328,58.0,58.5,5.747
1765478832.733616,89,25,20,17,18,3.579608917236328,58.0,58.5,5.747
1765478832.9349773,89,25,20,17,18,3.579608917236328,58.0,58.5,5.747
1765478833.1361806,99,30,52,36,30,3.5794334411621094,59.0,59.5,8.174
1765478833.3370967,99,30,52,36,30,3.5794334411621094,59.0,59.5,8.174
1765478833.5385382,90,16,23,18,15,3.5806617736816406,58.5,59.0,6.84
1765478833.7396514,90,16,23,18,15,3.5806617736816406,58.5,59.0,6.84
1765478833.9409354,90,16,23,18,15,3.5806617736816406,58.5,59.0,6.84
1765478834.142015,99,22,40,16,20,3.5796585083007812,59.0,59.5,8.293
1765478834.3428974,99,22,40,16,20,3.5796585083007812,59.0,59.5,8.293
1765478834.5439684,99,29,38,44,31,3.579833984375,59.0,60.0,8.253
1765478834.7451267,99,29,38,44,31,3.579833984375,59.0,60.0,8.253
1765478834.9462407,99,29,38,44,31,3.579833984375,59.0,60.0,8.253
1765478835.1469731,99,36,28,25,22,3.5811843872070312,59.0,59.5,8.622
1765478835.3480923,99,36,28,25,22,3.5811843872070312,59.0,59.5,8.622
1765478835.548995,99,41,55,51,42,3.5817718505859375,59.0,60.0,9.264
1765478835.7500184,99,41,55,51,42,3.5817718505859375,59.0,60.0,9.264
1765478835.9532683,99,41,55,51,42,3.5817718505859375,59.0,60.0,9.264
1765478836.1550303,12,37,34,34,34,3.5813865661621094,58.5,60.0,6.33
1765478836.3684072,12,37,34,34,34,3.5813865661621094,58.5,60.0,6.33
1765478836.5694654,99,53,57,58,56,3.581195831298828,59.0,59.5,8.358
1765478836.7707295,99,53,57,58,56,3.581195831298828,59.0,59.5,8.358
1765478836.9716961,99,53,57,58,56,3.581195831298828,59.0,59.5,8.358
1765478837.1728935,68,18,30,19,20,3.581787109375,59.0,60.0,6.988
1765478837.3737774,68,18,30,19,20,3.581787109375,59.0,60.0,6.988
1765478837.5752583,99,26,37,34,30,3.5811386108398438,59.5,59.5,8.213
1765478837.7764359,99,26,37,34,30,3.5811386108398438,59.5,59.5,8.213
1765478837.9775608,99,26,37,34,30,3.5811386108398438,59.5,59.5,8.213
1765478838.1788752,99,33,24,52,32,3.5813865661621094,59.0,60.5,8.438
1765478838.3800335,99,33,24,52,32,3.5813865661621094,59.0,60.5,8.438
1765478838.5809364,99,26,16,19,18,3.5814971923828125,59.0,59.5,7.643
1765478838.781985,99,26,16,19,18,3.5814971923828125,59.0,59.5,7.643
1765478838.9830747,99,26,16,19,18,3.5814971923828125,59.0,59.5,7.643
1765478839.1844778,99,26,30,20,46,3.581958770751953,59.0,60.0,8.622
1765478839.385591,99,26,30,20,46,3.581958770751953,59.0,60.0,8.622
1765478839.5865312,99,26,30,20,46,3.581958770751953,59.0,60.0,8.622
1765478839.787901,85,27,21,16,12,3.5810699462890625,58.5,59.5,6.37
1765478839.9888976,85,27,21,16,12,3.5810699462890625,58.5,59.5,6.37
1765478840.1899045,99,33,37,43,26,3.581146240234375,59.5,59.5,7.829
1765478840.3907735,99,33,37,43,26,3.581146240234375,59.5,59.5,7.829
1765478840.5955918,99,33,37,43,26,3.581146240234375,59.5,59.5,7.829
1765478840.796705,70,22,32,28,18,3.5811004638671875,58.5,60.0,7.284
1765478840.9976873,70,22,32,28,18,3.5811004638671875,58.5,60.0,7.284
1765478841.1989977,99,23,12,27,14,3.581188201904297,59.0,60.0,8.398
1765478841.400154,99,23,12,27,14,3.581188201904297,59.0,60.0,8.398
1765478841.6012418,99,23,12,27,14,3.581188201904297,59.0,60.0,8.398
1765478841.8022394,99,30,52,28,24,3.5808639526367188,58.5,60.0,8.094
1765478842.0031874,99,30,52,28,24,3.5808639526367188,58.5,60.0,8.094
1765478842.2052774,99,21,20,20,15,3.581268310546875,59.0,59.5,7.444
1765478842.4066417,99,21,20,20,15,3.581268310546875,59.0,59.5,7.444
1765478842.6078136,99,21,20,20,15,3.581268310546875,59.0,59.5,7.444
1765478842.8090527,99,30,52,27,22,3.5817642211914062,59.0,60.0,8.503
1765478843.0100198,99,30,52,27,22,3.5817642211914062,59.0,60.0,8.503
1765478843.2110722,99,24,16,13,17,3.5806236267089844,58.5,59.5,6.908
1765478843.4121728,99,24,16,13,17,3.5806236267089844,58.5,59.5,6.908
1765478843.613169,99,24,16,13,17,3.5806236267089844,58.5,59.5,6.908
1765478843.814218,99,32,37,32,45,3.5811805725097656,59.5,59.5,8.055
1765478844.0153785,99,32,37,32,45,3.5811805725097656,59.5,59.5,8.055
1765478844.2164097,99,28,28,31,36,3.580707550048828,59.0,60.5,8.279
1765478844.4173443,99,28,28,31,36,3.580707550048828,59.0,60.5,8.279
1765478844.6184072,99,28,28,31,36,3.580707550048828,59.0,60.5,8.279
1765478844.819339,99,13,22,17,14,3.5818138122558594,59.5,60.5,8.543
1765478845.0205736,99,13,22,17,14,3.5818138122558594,59.5,60.5,8.543
1765478845.22163,99,19,44,24,28,3.5723304748535156,59.0,60.0,8.24
1765478845.4228587,99,19,44,24,28,3.5723304748535156,59.0,60.0,8.24
1765478845.624035,99,19,44,24,28,3.5723304748535156,59.0,60.0,8.24
1765478845.8252928,18,41,30,40,29,3.5798683166503906,59.0,59.5,6.37
1765478846.026537,18,41,30,40,29,3.5798683166503906,59.0,59.5,6.37
1765478846.2275636,99,50,71,50,53,3.5810089111328125,59.5,61.0,9.304
1765478846.4287603,99,50,71,50,53,3.5810089111328125,59.5,61.0,9.304
1765478846.629668,99,50,71,50,53,3.5810089111328125,59.5,61.0,9.304
1765478846.833565,4,32,28,26,38,3.580158233642578,58.5,60.5,6.209
1765478847.0345829,4,32,28,26,38,3.580158233642578,58.5,60.5,6.209
1765478847.23608,99,43,46,46,50,3.580047607421875,59.5,60.0,8.134
1765478847.4370184,99,43,46,46,50,3.580047607421875,59.5,60.0,8.134
1765478847.6381583,99,43,46,46,50,3.580047607421875,59.5,60.0,8.134
1765478847.8396573,99,32,37,48,35,3.5806846618652344,59.0,60.5,8.438
1765478848.04078,99,32,37,48,35,3.5806846618652344,59.0,60.5,8.438
1765478848.241875,99,32,37,48,35,3.5806846618652344,59.0,60.5,8.438
1765478848.4429421,99,20,16,23,23,3.581401824951172,59.0,60.0,8.134
1765478848.6441107,99,20,16,23,23,3.581401824951172,59.0,60.0,8.134
1765478848.8455703,99,22,30,38,20,3.5804977416992188,59.0,60.0,7.936
1765478849.0467608,99,22,30,38,20,3.5804977416992188,59.0,60.0,7.936
1765478849.247649,99,22,30,38,20,3.5804977416992188,59.0,60.0,7.936
1765478849.4485817,99,18,25,18,14,3.5804824829101562,59.0,60.0,6.8
1765478849.649651,99,18,25,18,14,3.5804824829101562,59.0,60.0,6.8
1765478849.8508008,99,28,34,21,46,3.580799102783203,59.5,60.0,8.398
1765478850.0517964,99,28,34,21,46,3.580799102783203,59.5,60.0,8.398
1765478850.2528565,99,28,34,21,46,3.580799102783203,59.5,60.0,8.398
1765478850.4538352,99,32,16,24,20,3.5808258056640625,58.5,60.5,8.134
1765478850.655287,99,32,16,24,20,3.5808258056640625,58.5,60.5,8.134
1765478850.8564339,99,24,30,22,21,3.5803070068359375,59.0,59.5,7.869
1765478851.0573351,99,24,30,22,21,3.5803070068359375,59.0,59.5,7.869
1765478851.2584503,99,24,30,22,21,3.5803070068359375,59.0,59.5,7.869
1765478851.4593592,99,32,30,26,53,3.580677032470703,59.5,59.5,8.24
1765478851.6606193,99,32,30,26,53,3.580677032470703,59.5,59.5,8.24
1765478851.8619988,99,19,19,22,10,3.580280303955078,59.0,59.5,7.603
1765478852.063443,99,19,19,22,10,3.580280303955078,59.0,59.5,7.603
1765478852.2647626,99,19,19,22,10,3.580280303955078,59.0,59.5,7.603
1765478852.4657805,99,23,16,17,48,3.580352783203125,59.5,59.5,7.829
1765478852.6666968,99,23,16,17,48,3.580352783203125,59.5,59.5,7.829
1765478852.868223,99,22,17,20,14,3.5807037353515625,59.0,59.5,6.948
1765478853.0693438,99,22,17,20,14,3.5807037353515625,59.0,59.5,6.948
1765478853.270419,99,22,17,20,14,3.5807037353515625,59.0,59.5,6.948
1765478853.4713485,99,46,27,24,21,3.5806655883789062,59.5,60.0,8.398
1765478853.6728911,99,46,27,24,21,3.5806655883789062,59.5,60.0,8.398
1765478853.8740637,99,30,20,36,33,3.5809555053710938,59.0,60.5,8.622
1765478854.0750115,99,30,20,36,33,3.5809555053710938,59.0,60.5,8.622
1765478854.2834644,99,30,20,36,33,3.5809555053710938,59.0,60.5,8.622
1765478854.4846005,99,14,16,24,20,3.5802993774414062,59.5,59.5,7.948
1765478854.6859698,99,14,16,24,20,3.5802993774414062,59.5,59.5,7.948
1765478854.8873932,99,32,28,32,44,3.5803298950195312,59.5,60.0,8.174
1765478855.0896215,99,32,28,32,44,3.5803298950195312,59.5,60.0,8.174
1765478855.2906468,99,32,28,32,44,3.5803298950195312,59.5,60.0,8.174
1765478855.4917936,0,36,38,49,34,3.5835113525390625,58.5,60.0,6.45
1765478855.693274,0,36,38,49,34,3.5835113525390625,58.5,60.0,6.45
1765478855.8944044,99,50,38,44,63,3.5844688415527344,59.5,60.5,9.082
1765478856.096912,99,50,38,44,63,3.5844688415527344,59.5,60.5,9.082
1765478856.2978716,99,50,38,44,63,3.5844688415527344,59.5,60.5,9.082
1765478856.498961,15,24,41,24,35,3.5833168029785156,58.5,59.5,5.787
1765478856.700337,15,24,41,24,35,3.5833168029785156,58.5,59.5,5.787
1765478856.9013872,99,28,22,31,48,3.5833473205566406,60.0,60.0,8.464
1765478857.1022825,99,28,22,31,48,3.5833473205566406,60.0,60.0,8.464
1765478857.3034985,99,28,22,31,48,3.5833473205566406,60.0,60.0,8.464
1765478857.5044892,99,26,44,24,39,3.584331512451172,59.5,60.5,8.78
1765478857.705519,99,26,44,24,39,3.584331512451172,59.5,60.5,8.78
1765478857.9067116,99,22,23,13,17,3.584033966064453,59.0,60.0,7.948
1765478858.107616,99,22,23,13,17,3.584033966064453,59.0,60.0,7.948
1765478858.3087819,99,22,23,13,17,3.584033966064453,59.0,60.0,7.948
1765478858.5101073,99,33,34,53,32,3.5841217041015625,59.5,60.0,8.279
1765478858.711273,99,33,34,53,32,3.5841217041015625,59.5,60.0,8.279
1765478858.912192,94,22,30,20,18,3.5839195251464844,59.0,60.5,6.45
1765478859.1132941,94,22,30,20,18,3.5839195251464844,59.0,60.5,6.45
1765478859.3143802,94,22,30,20,18,3.5839195251464844,59.0,60.5,6.45
1765478859.5153487,99,28,22,45,25,3.5841445922851562,59.5,60.5,8.805
1765478859.7163167,99,28,22,45,25,3.5841445922851562,59.5,60.5,8.805
1765478859.9174623,99,28,22,45,25,3.5841445922851562,59.5,60.5,8.805
1765478860.1187415,99,16,16,19,36,3.5840072631835938,59.0,60.5,7.71
1765478860.3198516,99,16,16,19,36,3.5840072631835938,59.0,60.5,7.71
1765478860.5209377,99,26,21,22,32,3.5837135314941406,60.0,60.0,7.71
1765478860.7220066,99,26,21,22,32,3.5837135314941406,60.0,60.0,7.71
1765478860.9253786,99,26,21,22,32,3.5837135314941406,60.0,60.0,7.71
1765478861.1264782,99,36,41,32,48,3.5841140747070312,59.5,61.0,9.304
1765478861.327502,99,36,41,32,48,3.5841140747070312,59.5,61.0,9.304
1765478861.528544,99,13,10,8,13,3.5844154357910156,59.5,60.0,7.376
1765478861.7297664,99,13,10,8,13,3.5844154357910156,59.5,60.0,7.376
1765478861.931169,99,13,10,8,13,3.5844154357910156,59.5,60.0,7.376
1765478862.1323357,99,34,25,25,48,3.5842819213867188,59.5,59.5,8.015
1765478862.3332365,99,34,25,25,48,3.5842819213867188,59.5,59.5,8.015
1765478862.5344594,99,23,23,19,32,3.583789825439453,59.5,60.0,6.789
1765478862.7354896,99,23,23,19,32,3.583789825439453,59.5,60.0,6.789
1765478862.9367537,99,23,23,19,32,3.583789825439453,59.5,60.0,6.789
1765478863.1378205,99,27,18,22,44,3.584796905517578,60.0,61.0,9.407
1765478863.33885,99,27,18,22,44,3.584796905517578,60.0,61.0,9.407
1765478863.5401301,99,17,37,24,20,3.5840415954589844,59.5,60.0,8.134
1765478863.7412567,99,17,37,24,20,3.5840415954589844,59.5,60.0,8.134
1765478863.942424,99,17,37,24,20,3.5840415954589844,59.5,60.0,8.134
1765478864.1434011,99,23,19,21,20,3.5841026306152344,60.0,60.5,8.094
1765478864.3445528,99,23,19,21,20,3.5841026306152344,60.0,60.5,8.094
1765478864.5457256,99,31,46,51,32,3.584136962890625,59.5,60.5,8.74
1765478864.7468112,99,31,46,51,32,3.584136962890625,59.5,60.5,8.74
1765478864.9477398,99,31,46,51,32,3.584136962890625,59.5,60.5,8.74
1765478865.148839,77,15,15,19,19,3.584796905517578,59.0,60.0,6.29
1765478865.349872,77,15,15,19,19,3.584796905517578,59.0,60.0,6.29
1765478865.5509305,99,24,24,16,42,3.5843238830566406,59.5,60.0,7.643
1765478865.7523136,99,24,24,16,42,3.5843238830566406,59.5,60.0,7.643
1765478865.9533844,99,24,24,16,42,3.5843238830566406,59.5,60.0,7.643
1765478866.1544685,99,28,37,20,28,3.583820343017578,59.0,60.0,7.444
1765478866.3563497,99,28,37,20,28,3.583820343017578,59.0,60.0,7.444
1765478866.5574172,99,19,23,37,21,3.583965301513672,60.0,60.5,8.319
1765478866.7583473,99,19,23,37,21,3.583965301513672,60.0,60.5,8.319
1765478866.9594173,99,19,23,37,21,3.583965301513672,60.0,60.5,8.319
1765478867.1606402,99,16,28,41,19,3.5837020874023438,59.5,60.5,8.2
1765478867.3616729,99,16,28,41,19,3.5837020874023438,59.5,60.5,8.2
1765478867.5629284,99,28,18,20,21,3.5845298767089844,59.5,60.0,7.108
1765478867.7642534,99,28,18,20,21,3.5845298767089844,59.5,60.0,7.108
1765478867.965225,99,28,18,20,21,3.5845298767089844,59.5,60.0,7.108
1765478868.1662695,99,44,33,37,26,3.5840988159179688,60.0,60.0,7.909
1765478868.3672342,99,44,33,37,26,3.5840988159179688,60.0,60.0,7.909
1765478868.5682826,99,22,15,18,25,3.5847625732421875,59.5,60.5,7.364
1765478868.769409,99,22,15,18,25,3.5847625732421875,59.5,60.5,7.364
1765478868.9705179,99,22,15,18,25,3.5847625732421875,59.5,60.5,7.364
1765478869.1717465,99,39,20,18,16,3.584033966064453,60.0,60.0,8.477
1765478869.372733,99,39,20,18,16,3.584033966064453,60.0,60.0,8.477
1765478869.5738134,99,36,39,35,28,3.5843582153320312,59.5,60.0,8.055
1765478869.7750056,99,36,39,35,28,3.5843582153320312,59.5,60.0,8.055
1765478869.976246,99,36,39,35,28,3.5843582153320312,59.5,60.0,8.055
1765478870.177154,99,14,17,24,13,3.5839614868164062,60.0,60.5,8.319
1765478870.37929,99,14,17,24,13,3.5839614868164062,60.0,60.5,8.319
1765478870.580662,99,23,31,30,32,3.5846519470214844,59.5,60.5,8.661
1765478870.7817326,99,23,31,30,32,3.5846519470214844,59.5,60.5,8.661
1765478870.9832182,99,23,31,30,32,3.5846519470214844,59.5,60.5,8.661
1765478871.1849916,63,21,20,20,16,3.584339141845703,59.0,61.0,6.33
1765478871.386126,63,21,20,20,16,3.584339141845703,59.0,61.0,6.33
1765478871.5875032,63,21,20,20,16,3.584339141845703,59.0,61.0,6.33
1765478871.7885568,99,26,50,34,29,3.5841026306152344,59.5,60.5,7.67
1765478871.9896224,99,26,50,34,29,3.5841026306152344,59.5,60.5,7.67
1765478872.1906343,58,26,28,27,22,3.584339141845703,59.5,60.5,6.868
1765478872.391531,58,26,28,27,22,3.584339141845703,59.5,60.5,6.868
1765478872.5926483,58,26,28,27,22,3.584339141845703,59.5,60.5,6.868
1765478872.7936049,99,30,16,16,14,3.5840110778808594,60.0,60.5,8.332
1765478872.9947844,99,30,16,16,14,3.5840110778808594,60.0,60.5,8.332
1765478873.1957927,99,28,39,24,50,3.5843505859375,59.5,60.5,8.319
1765478873.39904,99,28,39,24,50,3.5843505859375,59.5,60.5,8.319
1765478873.6001284,99,28,39,24,50,3.5843505859375,59.5,60.5,8.319
1765478873.8010952,99,23,10,19,18,3.584178924560547,59.5,60.0,7.563
1765478874.0023897,99,23,10,19,18,3.584178924560547,59.5,60.0,7.563
1765478874.2033117,99,31,43,26,24,3.585357666015625,60.0,60.5,8.924
1765478874.4045095,99,31,43,26,24,3.585357666015625,60.0,60.5,8.924
1765478874.6057625,99,31,43,26,24,3.585357666015625,60.0,60.5,8.924
1765478874.8067808,98,21,15,20,16,3.584300994873047,59.5,61.5,6.259
1765478875.0078864,98,21,15,20,16,3.584300994873047,59.5,61.5,6.259
1765478875.2090263,99,33,40,31,50,3.5843276977539062,59.5,61.5,8.094
1765478875.4100995,99,33,40,31,50,3.5843276977539062,59.5,61.5,8.094
1765478875.611087,99,33,40,31,50,3.5843276977539062,59.5,61.5,8.094
1765478875.8122563,62,25,20,33,20,3.584209442138672,59.5,61.0,6.6
1765478876.0132172,62,25,20,33,20,3.584209442138672,59.5,61.0,6.6
1765478876.2143424,99,39,19,14,17,3.5848464965820312,60.0,61.0,8.963
1765478876.4152684,99,39,19,14,17,3.5848464965820312,60.0,61.0,8.963
1765478876.6164465,99,39,19,14,17,3.5848464965820312,60.0,61.0,8.963
1765478876.8176498,99,25,18,26,46,3.584430694580078,60.0,60.5,7.789
1765478877.0186725,99,25,18,26,46,3.584430694580078,60.0,60.5,7.789
1765478877.219565,99,17,17,23,15,3.584064483642578,60.0,60.5,7.483
1765478877.4207115,99,17,17,23,15,3.584064483642578,60.0,60.5,7.483
1765478877.6217346,99,17,17,23,15,3.584064483642578,60.0,60.5,7.483
1765478877.8227265,99,49,24,27,36,3.584819793701172,60.0,61.0,8.701
1765478878.0240226,99,49,24,27,36,3.584819793701172,60.0,61.0,8.701
1765478878.225035,99,12,22,4,14,3.5840606689453125,60.0,60.5,7.028
1765478878.4264407,99,12,22,4,14,3.5840606689453125,60.0,60.5,7.028
1765478878.627642,99,12,22,4,14,3.5840606689453125,60.0,60.5,7.028
1765478878.8286583,99,25,32,29,44,3.5840911865234375,60.5,61.0,8.398
1765478879.0295975,99,25,32,29,44,3.5840911865234375,60.5,61.0,8.398
1765478879.230749,99,29,35,38,25,3.5842018127441406,60.0,61.0,8.358
1765478879.4320967,99,29,35,38,25,3.5842018127441406,60.0,61.0,8.358
1765478879.6332772,99,29,35,38,25,3.5842018127441406,60.0,61.0,8.358
1765478879.8379197,99,22,13,11,18,3.5849876403808594,60.0,61.5,8.805
1765478880.0392227,99,22,13,11,18,3.5849876403808594,60.0,61.5,8.805
1765478880.240209,99,26,23,54,22,3.5844383239746094,60.0,60.5,8.2
1765478880.4414835,99,26,23,54,22,3.5844383239746094,60.0,60.5,8.2
1765478880.6430624,99,26,23,54,22,3.5844383239746094,60.0,60.5,8.2
1765478880.844738,12,18,20,24,20,3.5845108032226562,59.5,60.0,5.898
1765478881.0457604,12,18,20,24,20,3.5845108032226562,59.5,60.0,5.898
1765478881.2466705,99,28,51,28,25,3.5843353271484375,60.0,60.5,7.948
1765478881.4478517,99,28,51,28,25,3.5843353271484375,60.0,60.5,7.948
1765478881.6488447,99,28,51,28,25,3.5843353271484375,60.0,60.5,7.948
1765478881.8499653,99,18,26,18,17,3.5840492248535156,59.5,61.0,7.284
1765478882.0511303,99,18,26,18,17,3.5840492248535156,59.5,61.0,7.284
1765478882.2522697,99,18,26,18,17,3.5840492248535156,59.5,61.0,7.284
1765478882.4532783,99,41,28,29,28,3.5840797424316406,60.0,61.0,8.174
1765478882.6544154,99,41,28,29,28,3.5840797424316406,60.0,61.0,8.174
1765478882.855667,99,27,24,32,54,3.5846900939941406,60.0,61.0,8.438
1765478883.0567975,99,27,24,32,54,3.5846900939941406,60.0,61.0,8.438
1765478883.2577577,99,27,24,32,54,3.5846900939941406,60.0,61.0,8.438
1765478883.4587882,99,19,19,15,10,3.585235595703125,60.0,61.0,8.174
1765478883.659861,99,19,19,15,10,3.585235595703125,60.0,61.0,8.174
1765478883.8609624,99,25,18,22,49,3.5842247009277344,60.0,61.0,7.67
1765478884.062083,99,25,18,22,49,3.5842247009277344,60.0,61.0,7.67
1765478884.2631557,99,25,18,22,49,3.5842247009277344,60.0,61.0,7.67
1765478884.464308,99,29,18,40,21,3.583984375,59.5,61.0,7.216
1765478884.6655548,99,29,18,40,21,3.583984375,59.5,61.0,7.216
1765478884.866531,99,42,30,54,24,3.584056854248047,60.5,61.0,8.319
1765478885.0674622,99,42,30,54,24,3.584056854248047,60.5,61.0,8.319
1765478885.2686934,99,42,30,54,24,3.584056854248047,60.5,61.0,8.319
1765478885.4697046,99,24,21,36,20,3.5847091674804688,60.0,61.5,8.582
1765478885.6707006,99,24,21,36,20,3.5847091674804688,60.0,61.5,8.582
1765478885.871789,99,20,28,26,18,3.5844879150390625,60.5,61.0,8.24
1765478886.0728931,99,20,28,26,18,3.5844879150390625,60.5,61.0,8.24
1765478886.2739341,99,20,28,26,18,3.5844879150390625,60.5,61.0,8.24
1765478886.4748418,99,29,18,34,50,3.5844268798828125,60.0,61.0,8.134
1765478886.6760027,99,29,18,34,50,3.5844268798828125,60.0,61.0,8.134
1765478886.8769379,99,21,26,18,12,3.5844650268554688,60.0,61.0,7.71
1765478887.0780385,99,21,26,18,12,3.5844650268554688,60.0,61.0,7.71
1765478887.2792761,99,21,26,18,12,3.5844650268554688,60.0,61.0,7.71
1765478887.48057,99,18,12,26,38,3.5841331481933594,60.5,61.0,8.015
1765478887.6815462,99,18,12,26,38,3.5841331481933594,60.5,61.0,8.015
1765478887.8838065,99,21,30,18,18,3.584575653076172,60.0,61.0,6.249
1765478888.0849345,99,21,30,18,18,3.584575653076172,60.0,61.0,6.249
1765478888.2860837,99,21,30,18,18,3.584575653076172,60.0,61.0,6.249
1765478888.4871051,99,26,28,44,22,3.5845718383789062,60.5,61.0,8.319
1765478888.68832,99,26,28,44,22,3.5845718383789062,60.5,61.0,8.319
1765478888.8893945,99,25,30,29,30,3.5851058959960938,60.0,61.5,8.661
1765478889.090434,99,25,30,29,30,3.5851058959960938,60.0,61.5,8.661
1765478889.291549,99,25,30,29,30,3.5851058959960938,60.0,61.5,8.661
1765478889.4925582,99,29,16,6,21,3.584686279296875,60.0,61.5,7.948
1765478889.6939113,99,29,16,6,21,3.584686279296875,60.0,61.5,7.948
1765478889.8951316,99,33,18,32,46,3.5842056274414062,60.5,61.0,8.24
1765478890.0962274,99,33,18,32,46,3.5842056274414062,60.5,61.0,8.24
1765478890.29708,99,33,18,32,46,3.5842056274414062,60.5,61.0,8.24
1765478890.4991527,48,22,22,26,25,3.5840415954589844,60.0,61.5,6.6
1765478890.700675,48,22,22,26,25,3.5840415954589844,60.0,61.5,6.6
1765478890.901728,99,19,40,15,14,3.585216522216797,60.0,61.0,8.517
1765478891.1027913,99,19,40,15,14,3.585216522216797,60.0,61.0,8.517
1765478891.3037899,99,19,40,15,14,3.585216522216797,60.0,61.0,8.517
1765478891.5048544,99,30,34,26,20,3.584442138671875,60.0,61.5,7.829
1765478891.7058403,99,30,34,26,20,3.584442138671875,60.0,61.5,7.829
1765478891.9117289,99,18,26,15,30,3.5842056274414062,60.5,61.0,7.829
1765478892.11266,99,18,26,15,30,3.5842056274414062,60.5,61.0,7.829
1765478892.3138373,99,18,26,15,30,3.5842056274414062,60.5,61.0,7.829
1765478892.5148835,99,37,34,44,34,3.5850257873535156,60.0,61.5,9.082
1765478892.716158,99,37,34,44,34,3.5850257873535156,60.0,61.5,9.082
1765478892.9170187,99,14,13,13,9,3.5843238830566406,60.0,61.0,6.88
1765478893.11836,99,14,13,13,9,3.5843238830566406,60.0,61.0,6.88
1765478893.3193638,99,14,13,13,9,3.5843238830566406,60.0,61.0,6.88
1765478893.5205193,99,36,32,32,55,3.5844879150390625,60.5,61.0,7.75
1765478893.7216146,99,36,32,32,55,3.5844879150390625,60.5,61.0,7.75
1765478893.9225404,99,36,32,32,55,3.5844879150390625,60.5,61.0,7.75
1765478894.1234288,99,24,24,22,24,3.5846710205078125,60.0,60.5,6.76
1765478894.3245165,99,24,24,22,24,3.5846710205078125,60.0,60.5,6.76
1765478894.525623,99,22,20,29,40,3.585460662841797,60.5,61.5,9.042
1765478894.7265987,99,22,20,29,40,3.585460662841797,60.5,61.5,9.042
1765478894.9276512,99,22,20,29,40,3.585460662841797,60.5,61.5,9.042
1765478895.1285381,99,24,24,42,22,3.584197998046875,60.5,61.5,8.015
1765478895.3296647,99,24,24,42,22,3.584197998046875,60.5,61.5,8.015
1765478895.5306132,99,20,26,20,21,3.584545135498047,60.5,61.0,8.055
1765478895.7318192,99,20,26,20,21,3.584545135498047,60.5,61.0,8.055
1765478895.932943,99,20,26,20,21,3.584545135498047,60.5,61.0,8.055
1765478896.1341305,99,25,27,51,46,3.5843048095703125,61.0,61.5,9.185
1765478896.3352299,99,25,27,51,46,3.5843048095703125,61.0,61.5,9.185
1765478896.5363019,58,18,8,9,15,3.584514617919922,59.5,61.5,6.059
1765478896.7373848,58,18,8,9,15,3.584514617919922,59.5,61.5,6.059
1765478896.9383023,58,18,8,9,15,3.584514617919922,59.5,61.5,6.059
1765478897.1394238,99,30,30,41,28,3.584331512451172,60.0,61.0,7.75
1765478897.3404386,99,30,30,41,28,3.584331512451172,60.0,61.0,7.75
1765478897.5415118,92,26,31,22,32,3.5848960876464844,60.0,61.0,5.868
1765478897.7427084,92,26,31,22,32,3.5848960876464844,60.0,61.0,5.868
1765478897.943766,92,26,31,22,32,3.5848960876464844,60.0,61.0,5.868
1765478898.1448884,99,30,20,26,41,3.58575439453125,60.5,62.0,9.264
1765478898.3464313,99,30,20,26,41,3.58575439453125,60.5,62.0,9.264
1765478898.5474393,99,18,41,24,18,3.5846023559570312,60.5,61.0,8.094
1765478898.748504,99,18,41,24,18,3.5846023559570312,60.5,61.0,8.094
1765478898.9495745,99,18,41,24,18,3.5846023559570312,60.5,61.0,8.094
1765478899.1505718,99,18,21,21,18,3.5850067138671875,60.5,61.0,7.523
1765478899.352117,99,18,21,21,18,3.5850067138671875,60.5,61.0,7.523
1765478899.5530813,99,54,38,33,34,3.584827423095703,60.5,61.5,8.661
1765478899.7542114,99,54,38,33,34,3.584827423095703,60.5,61.5,8.661
1765478899.9551427,99,54,38,33,34,3.584827423095703,60.5,61.5,8.661
1765478900.1561196,99,6,22,9,8,3.5852890014648438,60.0,61.5,7.216
1765478900.356976,99,6,22,9,8,3.5852890014648438,60.0,61.5,7.216
1765478900.5579183,99,23,26,19,37,3.584667205810547,60.5,61.5,8.319
1765478900.7589035,99,23,26,19,37,3.584667205810547,60.5,61.5,8.319
1765478900.9603932,99,23,26,19,37,3.584667205810547,60.5,61.5,8.319
1765478901.1615734,99,44,28,33,24,3.5846519470214844,60.5,61.5,8.24
1765478901.362684,99,44,28,33,24,3.5846519470214844,60.5,61.5,8.24
1765478901.5637631,99,33,18,23,25,3.5849037170410156,60.5,61.5,8.845
1765478901.7647064,99,33,18,23,25,3.5849037170410156,60.5,61.5,8.845
1765478901.965834,99,33,18,23,25,3.5849037170410156,60.5,61.5,8.845
1765478902.1668262,99,15,44,16,18,3.5846099853515625,60.5,61.5,8.279
1765478902.368051,99,15,44,16,18,3.5846099853515625,60.5,61.5,8.279
1765478902.56895,15,18,22,20,18,3.5848388671875,60.0,61.0,5.667
1765478902.7699676,15,18,22,20,18,3.5848388671875,60.0,61.0,5.667
1765478902.9708414,15,18,22,20,18,3.5848388671875,60.0,61.0,5.667
1765478903.171787,99,38,53,30,37,3.58447265625,60.0,62.0,8.557
1765478903.3728118,99,38,53,30,37,3.58447265625,60.0,62.0,8.557
1765478903.5759706,99,38,53,30,37,3.58447265625,60.0,62.0,8.557
1765478903.7771661,13,16,16,12,29,3.58544921875,60.0,61.5,6.6
1765478903.9782786,13,16,16,12,29,3.58544921875,60.0,61.5,6.6
1765478904.1793864,99,37,23,21,21,3.584575653076172,60.5,61.5,8.398
1765478904.3803742,99,37,23,21,21,3.584575653076172,60.5,61.5,8.398
1765478904.5813274,99,37,23,21,21,3.584575653076172,60.5,61.5,8.398
1765478904.7832692,99,36,32,34,45,3.5847930908203125,60.5,62.0,8.213
1765478904.9843712,99,36,32,34,45,3.5847930908203125,60.5,62.0,8.213
1765478905.1855311,99,18,19,14,22,3.5849952697753906,60.5,61.5,7.71
1765478905.3865323,99,18,19,14,22,3.5849952697753906,60.5,61.5,7.71
1765478905.5874786,99,18,19,14,22,3.5849952697753906,60.5,61.5,7.71
1765478905.7885711,99,23,22,34,40,3.5857276916503906,60.5,62.5,8.438
1765478905.9896052,99,23,22,34,40,3.5857276916503906,60.5,62.5,8.438
1765478906.1907845,88,17,15,13,18,3.5846786499023438,60.5,61.0,6.709
1765478906.392232,88,17,15,13,18,3.5846786499023438,60.5,61.0,6.709
1765478906.593278,88,17,15,13,18,3.5846786499023438,60.5,61.0,6.709
1765478906.7942986,99,50,25,32,30,3.5844955444335938,60.5,62.0,8.293
1765478906.995257,99,50,25,32,30,3.5844955444335938,60.5,62.0,8.293
1765478907.1964464,99,30,34,30,32,3.585559844970703,60.5,62.5,8.661
1765478907.3974712,99,30,34,30,32,3.585559844970703,60.5,62.5,8.661
1765478907.5986724,99,30,34,30,32,3.585559844970703,60.5,62.5,8.661
1765478907.799784,99,22,22,11,13,3.5841941833496094,60.5,61.5,8.213
1765478908.0008676,99,22,22,11,13,3.5841941833496094,60.5,61.5,8.213
1765478908.2017405,99,30,30,32,56,3.584552764892578,60.5,61.5,8.094
1765478908.4027996,99,30,30,32,56,3.584552764892578,60.5,61.5,8.094
1765478908.603811,99,30,30,32,56,3.584552764892578,60.5,61.5,8.094
1765478908.8050144,99,22,18,16,15,3.584827423095703,60.5,61.5,6.53
1765478909.0061467,99,22,18,16,15,3.584827423095703,60.5,61.5,6.53
1765478909.207219,99,26,54,28,23,3.5853042602539062,60.5,62.0,8.622
1765478909.4086137,99,26,54,28,23,3.5853042602539062,60.5,62.0,8.622
1765478909.6097057,99,26,54,28,23,3.5853042602539062,60.5,62.0,8.622
1765478909.8107748,58,16,16,10,22,3.5847396850585938,60.0,61.5,6.169
1765478910.0122938,58,16,16,10,22,3.5847396850585938,60.0,61.5,6.169
1765478910.2135744,99,28,28,43,29,3.584796905517578,60.5,61.5,8.2
1765478910.4148304,99,28,28,43,29,3.584796905517578,60.5,61.5,8.2
1765478910.6158693,99,28,28,43,29,3.584796905517578,60.5,61.5,8.2
1765478910.8170466,99,36,34,34,38,3.5844459533691406,60.5,62.0,8.503
1765478911.0181005,99,36,34,34,38,3.5844459533691406,60.5,62.0,8.503
1765478911.2191508,99,13,13,13,18,3.5849952697753906,61.0,61.5,8.015
1765478911.4203289,99,13,13,13,18,3.5849952697753906,61.0,61.5,8.015
1765478911.6213543,99,13,13,13,18,3.5849952697753906,61.0,61.5,8.015
1765478911.822366,99,26,18,27,50,3.5843734741210938,61.0,61.5,8.134
1765478912.0250788,99,26,18,27,50,3.5843734741210938,61.0,61.5,8.134
1765478912.225975,88,24,36,25,14,3.584583282470703,60.0,62.0,6.45
1765478912.427114,88,24,36,25,14,3.584583282470703,60.0,62.0,6.45
1765478912.628324,88,24,36,25,14,3.584583282470703,60.0,62.0,6.45
1765478912.8294058,99,25,26,20,50,3.585437774658203,61.0,62.0,8.805
1765478913.0303493,99,25,26,20,50,3.585437774658203,61.0,62.0,8.805
1765478913.2316318,99,16,32,15,15,3.5848159790039062,60.5,61.5,7.75
1765478913.432587,99,16,32,15,15,3.5848159790039062,60.5,61.5,7.75
1765478913.6335888,99,16,32,15,15,3.5848159790039062,60.5,61.5,7.75
1765478913.8349812,99,21,20,20,31,3.584369659423828,61.0,61.5,7.75
1765478914.0369053,99,21,20,20,31,3.584369659423828,61.0,61.5,7.75
1765478914.238073,99,21,20,20,31,3.584369659423828,61.0,61.5,7.75
1765478914.4391158,99,35,38,36,44,3.584667205810547,61.0,62.0,8.622
1765478914.6402595,99,35,38,36,44,3.584667205810547,61.0,62.0,8.622
1765478914.8411455,99,17,15,15,12,3.5856895446777344,61.0,61.5,7.682
1765478915.0423057,99,17,15,15,12,3.5856895446777344,61.0,61.5,7.682
1765478915.2434723,99,17,15,15,12,3.5856895446777344,61.0,61.5,7.682
1765478915.4446385,99,31,20,48,28,3.5845489501953125,61.0,62.0,8.134
1765478915.6455429,99,31,20,48,28,3.5845489501953125,61.0,62.0,8.134
1765478915.8466182,99,23,18,28,19,3.58465576171875,60.5,61.5,6.868
1765478916.047687,99,23,18,28,19,3.58465576171875,60.5,61.5,6.868
1765478916.2486963,99,23,18,28,19,3.58465576171875,60.5,61.5,6.868
1765478916.4497077,99,32,20,39,32,3.584819793701172,61.0,62.0,9.106
1765478916.6509058,99,32,20,39,32,3.584819793701172,61.0,62.0,9.106
1765478916.8522542,99,36,16,16,24,3.5848617553710938,60.5,62.0,8.055
1765478917.0533297,99,36,16,16,24,3.5848617553710938,60.5,62.0,8.055
1765478917.2543006,99,36,16,16,24,3.5848617553710938,60.5,62.0,8.055
1765478917.4552886,99,23,19,27,16,3.5847129821777344,61.0,61.5,7.909
1765478917.656549,99,23,19,27,16,3.5847129821777344,61.0,61.5,7.909
1765478917.857637,99,48,42,29,37,3.5844345092773438,61.0,61.5,8.438
1765478918.058695,99,48,42,29,37,3.5844345092773438,61.0,61.5,8.438
1765478918.2605488,99,48,42,29,37,3.5844345092773438,61.0,61.5,8.438
1765478918.4616842,32,20,24,23,20,3.5855979919433594,60.0,62.0,6.019
1765478918.6627474,32,20,24,23,20,3.5855979919433594,60.0,62.0,6.019
1765478918.8638842,99,28,41,18,19,3.5845298767089844,61.0,61.5,7.71
1765478919.0650856,99,28,41,18,19,3.5845298767089844,61.0,61.5,7.71
1765478919.2660544,99,28,41,18,19,3.5845298767089844,61.0,61.5,7.71
1765478919.4673538,40,26,30,17,25,3.585063934326172,60.0,61.5,6.169
1765478919.6684349,40,26,30,17,25,3.585063934326172,60.0,61.5,6.169
1765478919.869541,99,27,38,28,28,3.585063934326172,61.0,62.5,8.74
1765478920.0704582,99,27,38,28,28,3.585063934326172,61.0,62.5,8.74
1765478920.2716165,99,27,38,28,28,3.585063934326172,61.0,62.5,8.74
1765478920.4726155,99,26,44,24,21,3.5856056213378906,61.0,62.5,8.74
1765478920.6736896,99,26,44,24,21,3.5856056213378906,61.0,62.5,8.74
1765478920.8746166,99,25,8,23,14,3.584503173828125,60.5,62.0,7.643
1765478921.0758116,99,25,8,23,14,3.584503173828125,60.5,62.0,7.643
1765478921.2775843,99,25,8,23,14,3.584503173828125,60.5,62.0,7.643
1765478921.4786832,99,40,43,54,31,3.5848617553710938,61.0,61.5,7.909
1765478921.6797235,99,40,43,54,31,3.5848617553710938,61.0,61.5,7.909
1765478921.880641,61,24,26,24,26,3.585041046142578,60.5,62.0,6.8
1765478922.0817723,61,24,26,24,26,3.585041046142578,60.5,62.0,6.8
1765478922.2826867,61,24,26,24,26,3.585041046142578,60.5,62.0,6.8
1765478922.4860497,99,19,14,20,33,3.5852012634277344,61.0,61.5,8.2
1765478922.6869576,99,19,14,20,33,3.5852012634277344,61.0,61.5,8.2
1765478922.8882203,99,26,45,25,34,3.5845184326171875,60.5,62.5,8.015
1765478923.0893006,99,26,45,25,34,3.5845184326171875,60.5,62.5,8.015
1765478923.2903163,99,26,45,25,34,3.5845184326171875,60.5,62.5,8.015
1765478923.4911838,99,18,23,26,19,3.584918975830078,61.0,61.5,8.015
1765478923.6925156,99,18,23,26,19,3.584918975830078,61.0,61.5,8.015
1765478923.8940136,99,30,56,23,25,3.585956573486328,61.0,62.0,8.924
1765478924.095209,99,30,56,23,25,3.585956573486328,61.0,62.0,8.924
1765478924.2966309,99,30,56,23,25,3.585956573486328,61.0,62.0,8.924
1765478924.4974947,99,14,15,13,15,3.5847129821777344,60.5,61.5,6.64
1765478924.6985407,99,14,15,13,15,3.5847129821777344,60.5,61.5,6.64
1765478924.8995066,99,32,30,46,33,3.5845565795898438,61.0,62.0,8.279
1765478925.1006405,99,32,30,46,33,3.5845565795898438,61.0,62.0,8.279
1765478925.3018067,99,32,30,46,33,3.5845565795898438,61.0,62.0,8.279
1765478925.5028954,99,18,24,22,20,3.5851211547851562,60.5,62.0,6.829
1765478925.7037075,99,18,24,22,20,3.5851211547851562,60.5,62.0,6.829
1765478925.9046893,99,18,24,22,20,3.5851211547851562,60.5,62.0,6.829
1765478926.1058486,99,23,24,38,16,3.5854873657226562,61.0,62.0,8.805
1765478926.3072793,99,23,24,38,16,3.5854873657226562,61.0,62.0,8.805
1765478926.5084035,99,33,47,15,21,3.584636688232422,61.0,62.0,8.094
1765478926.7094684,99,33,47,15,21,3.584636688232422,61.0,62.0,8.094
1765478926.9104574,99,33,47,15,21,3.584636688232422,61.0,62.0,8.094
1765478927.1117797,99,22,18,16,21,3.5846214294433594,61.0,62.0,8.253
1765478927.312847,99,22,18,16,21,3.5846214294433594,61.0,62.0,8.253
1765478927.5137768,99,38,32,43,59,3.5863265991210938,61.5,63.0,9.603
1765478927.7147698,99,38,32,43,59,3.5863265991210938,61.5,63.0,9.603
1765478927.915898,99,38,32,43,59,3.5863265991210938,61.5,63.0,9.603
1765478928.1170568,71,12,15,19,14,3.584949493408203,60.0,62.5,6.129
1765478928.3180575,71,12,15,19,14,3.584949493408203,60.0,62.5,6.129
1765478928.5192373,99,46,30,36,32,3.584850311279297,61.0,62.0,7.75
1765478928.7203922,99,46,30,36,32,3.584850311279297,61.0,62.0,7.75
1765478928.9213073,99,46,30,36,32,3.584850311279297,61.0,62.0,7.75
1765478929.122314,31,29,26,22,25,3.584728240966797,60.5,61.5,6.209
1765478929.323562,31,29,26,22,25,3.584728240966797,60.5,61.5,6.209
1765478929.524846,99,25,27,19,37,3.5856781005859375,61.5,62.0,9.225
1765478929.7257736,99,25,27,19,37,3.5856781005859375,61.5,62.0,9.225
1765478929.9270759,99,25,27,19,37,3.5856781005859375,61.5,62.0,9.225
1765478930.1281953,99,25,32,14,42,3.5850563049316406,61.0,62.0,8.358
1765478930.3291197,99,25,32,14,42,3.5850563049316406,61.0,62.0,8.358
1765478930.5299847,99,21,16,16,11,3.5849990844726562,61.0,62.0,7.523
1765478930.7310874,99,21,16,16,11,3.5849990844726562,61.0,62.0,7.523
1765478930.9325254,99,21,16,16,11,3.5849990844726562,61.0,62.0,7.523
1765478931.1337507,99,35,30,33,57,3.5846710205078125,61.0,62.5,8.398
1765478931.334854,99,35,30,33,57,3.5846710205078125,61.0,62.5,8.398
1765478931.5357506,96,17,14,17,13,3.585094451904297,61.0,62.5,7.296
1765478931.736831,96,17,14,17,13,3.585094451904297,61.0,62.5,7.296
1765478931.9377046,96,17,14,17,13,3.585094451904297,61.0,62.5,7.296
1765478932.1387997,99,29,24,30,45,3.584369659423828,61.5,62.5,8.517
1765478932.3404891,99,29,24,30,45,3.584369659423828,61.5,62.5,8.517
1765478932.5421054,99,28,44,30,22,3.585033416748047,60.5,63.0,7.909
1765478932.7431672,99,28,44,30,22,3.585033416748047,60.5,63.0,7.909
1765478932.9446557,99,28,44,30,22,3.585033416748047,60.5,63.0,7.909
1765478933.1456785,99,14,28,14,30,3.5851402282714844,61.0,63.0,8.82
1765478933.349472,99,14,28,14,30,3.5851402282714844,61.0,63.0,8.82
1765478933.5506318,99,26,40,18,19,3.58477783203125,61.5,62.0,8.055
1765478933.7516909,99,26,40,18,19,3.58477783203125,61.5,62.0,8.055
1765478933.952644,99,26,40,18,19,3.58477783203125,61.5,62.0,8.055
1765478934.1536345,99,23,23,22,20,3.5850601196289062,61.0,61.5,6.45
1765478934.356047,99,23,23,22,20,3.5850601196289062,61.0,61.5,6.45
1765478934.5570135,99,59,26,34,30,3.584888458251953,61.0,62.0,8.213
1765478934.7582982,99,59,26,34,30,3.584888458251953,61.0,62.0,8.213
1765478934.959302,99,59,26,34,30,3.584888458251953,61.0,62.0,8.213
1765478935.1605332,99,14,25,20,19,3.5853614807128906,60.5,62.5,6.88
1765478935.3619356,99,14,25,20,19,3.5853614807128906,60.5,62.5,6.88
1765478935.5632,99,14,25,20,19,3.5853614807128906,60.5,62.5,6.88
1765478935.7644742,99,34,20,28,18,3.584453582763672,61.5,62.5,8.293
1765478935.9656646,99,34,20,28,18,3.584453582763672,61.5,62.5,8.293
1765478936.1670287,99,26,30,26,50,3.5846900939941406,61.0,62.5,8.279
1765478936.3682745,99,26,30,26,50,3.5846900939941406,61.0,62.5,8.279
1765478936.5692582,99,26,30,26,50,3.5846900939941406,61.0,62.5,8.279
1765478936.7702255,99,20,22,18,17,3.5845565795898438,61.5,62.5,8.78
1765478936.971335,99,20,22,18,17,3.5845565795898438,61.5,62.5,8.78
1765478937.1724775,99,23,17,46,16,3.5849685668945312,61.0,62.0,8.2
1765478937.373553,99,23,17,46,16,3.5849685668945312,61.0,62.0,8.2
1765478937.5745437,99,23,17,46,16,3.5849685668945312,61.0,62.0,8.2
1765478937.7755203,87,14,30,16,25,3.5847740173339844,61.0,62.5,6.789
1765478937.976469,87,14,30,16,25,3.5847740173339844,61.0,62.5,6.789
1765478938.177549,99,34,44,34,28,3.584686279296875,61.5,62.5,8.517
1765478938.3784935,99,34,44,34,28,3.584686279296875,61.5,62.5,8.517
1765478938.5797448,99,34,44,34,28,3.584686279296875,61.5,62.5,8.517
1765478938.7807403,99,24,33,34,23,3.585205078125,61.0,63.5,8.74
1765478938.9818394,99,24,33,34,23,3.585205078125,61.0,63.5,8.74
1765478939.1829457,99,19,24,19,13,3.5848960876464844,61.5,62.0,8.213
1765478939.3838587,99,19,24,19,13,3.5848960876464844,61.5,62.0,8.213
1765478939.5853362,99,19,24,19,13,3.5848960876464844,61.5,62.0,8.213
1765478939.7865818,99,26,35,33,50,3.584686279296875,61.5,62.0,8.2
1765478939.9876914,99,26,35,33,50,3.584686279296875,61.5,62.0,8.2
1765478940.188646,99,20,21,17,19,3.585041046142578,61.5,62.5,6.709
1765478940.3897347,99,20,21,17,19,3.585041046142578,61.5,62.5,6.709
1765478940.590786,99,20,21,17,19,3.585041046142578,61.5,62.5,6.709
1765478940.7919986,99,28,28,43,28,3.5856361389160156,61.5,62.5,8.701
1765478940.993021,99,28,28,43,28,3.5856361389160156,61.5,62.5,8.701
1765478941.1941433,30,18,26,20,19,3.5847015380859375,61.5,62.0,6.059
1765478941.395355,30,18,26,20,19,3.5847015380859375,61.5,62.0,6.059
1765478941.5965421,30,18,26,20,19,3.5847015380859375,61.5,62.0,6.059
1765478941.7985501,99,29,42,29,29,3.5847930908203125,61.5,62.5,8.543
1765478941.9995806,99,29,42,29,29,3.5847930908203125,61.5,62.5,8.543
1765478942.2008526,99,30,32,36,40,3.5854759216308594,61.5,62.5,8.74
1765478942.4019258,99,30,32,36,40,3.5854759216308594,61.5,62.5,8.74
1765478942.6030798,99,30,32,36,40,3.5854759216308594,61.5,62.5,8.74
1765478942.804122,99,21,10,14,13,3.585620880126953,61.5,62.0,7.563
1765478943.0053742,99,21,10,14,13,3.585620880126953,61.5,62.0,7.563
1765478943.2063615,99,50,34,36,28,3.584949493408203,62.0,62.5,8.582
1765478943.4073918,99,50,34,36,28,3.584949493408203,62.0,62.5,8.582
1765478943.6083577,99,50,34,36,28,3.584949493408203,62.0,62.5,8.582
1765478943.8093457,83,26,16,26,12,3.584911346435547,61.5,62.0,6.72
1765478944.0103998,83,26,16,26,12,3.584911346435547,61.5,62.0,6.72
1765478944.2114785,99,22,42,23,16,3.585662841796875,62.0,63.0,9.003
1765478944.4127831,99,22,42,23,16,3.585662841796875,62.0,63.0,9.003
1765478944.6138923,99,22,42,23,16,3.585662841796875,62.0,63.0,9.003
1765478944.815057,99,23,18,36,28,3.5850868225097656,61.0,63.0,8.174
1765478945.0162022,99,23,18,36,28,3.5850868225097656,61.0,63.0,8.174
1765478945.218016,99,23,18,36,28,3.5850868225097656,61.0,63.0,8.174
1765478945.4190123,99,20,17,31,21,3.5852317810058594,61.5,62.5,8.094
1765478945.6202874,99,20,17,31,21,3.5852317810058594,61.5,62.5,8.094
1765478945.8212948,99,39,47,30,45,3.5852203369140625,62.0,63.0,9.304
1765478946.0223777,99,39,47,30,45,3.5852203369140625,62.0,63.0,9.304
1765478946.2287338,99,39,47,30,45,3.5852203369140625,62.0,63.0,9.304
1765478946.4333344,99,14,13,10,8,3.5855369567871094,61.0,62.5,6.56
1765478946.6344323,99,14,13,10,8,3.5855369567871094,61.0,62.5,6.56
1765478946.8355753,99,28,24,29,46,3.5847206115722656,61.5,62.5,7.975
1765478947.0367398,99,28,24,29,46,3.5847206115722656,61.5,62.5,7.975
1765478947.2377481,99,28,24,29,46,3.5847206115722656,61.5,62.5,7.975
1765478947.4389327,99,23,20,28,21,3.5848388671875,61.5,62.5,6.6
1765478947.6401327,99,23,20,28,21,3.5848388671875,61.5,62.5,6.6
1765478947.8413043,99,30,20,49,18,3.5852508544921875,62.0,63.0,9.003
1765478948.0422575,99,30,20,49,18,3.5852508544921875,62.0,63.0,9.003
1765478948.2432194,99,30,20,49,18,3.5852508544921875,62.0,63.0,9.003
1765478948.4452581,99,20,28,16,38,3.5846328735351562,62.0,63.0,8.319
1765478948.6463363,99,20,28,16,38,3.5846328735351562,62.0,63.0,8.319
1765478948.8472202,99,23,20,14,24,3.5848045349121094,62.0,62.5,7.948
1765478949.050842,99,23,20,14,24,3.5848045349121094,62.0,62.5,7.948
1765478949.2518795,99,23,20,14,24,3.5848045349121094,62.0,62.5,7.948
1765478949.452983,99,37,44,46,35,3.5845870971679688,62.0,62.5,8.622
1765478949.6540442,99,37,44,46,35,3.5845870971679688,62.0,62.5,8.622
1765478949.8550408,38,24,15,21,12,3.585491180419922,60.5,62.5,6.249
1765478950.0562394,38,24,15,21,12,3.585491180419922,60.5,62.5,6.249
1765478950.2572083,38,24,15,21,12,3.585491180419922,60.5,62.5,6.249
1765478950.458303,99,30,18,25,44,3.585041046142578,62.0,63.5,8.319
1765478950.6592329,99,30,18,25,44,3.585041046142578,62.0,63.5,8.319
1765478950.8606617,99,30,28,29,14,3.5850753784179688,61.0,62.5,7.324
1765478951.0620067,99,30,28,29,14,3.5850753784179688,61.0,62.5,7.324
1765478951.2631354,99,30,28,29,14,3.5850753784179688,61.0,62.5,7.324
1765478951.464146,99,45,18,25,25,3.5853042602539062,62.0,63.0,8.543
1765478951.6652322,99,45,18,25,25,3.5853042602539062,62.0,63.0,8.543
1765478951.866278,99,23,46,21,16,3.5852622985839844,62.0,63.0,8.503
1765478952.0675457,99,23,46,21,16,3.5852622985839844,62.0,63.0,8.503
1765478952.2686958,99,23,46,21,16,3.5852622985839844,62.0,63.0,8.503
1765478952.4696372,99,16,17,17,17,3.585308074951172,62.0,62.5,7.256
1765478952.6707017,99,16,17,17,17,3.585308074951172,62.0,62.5,7.256
1765478952.8716493,99,38,35,50,18,3.5855789184570312,62.0,62.5,7.869
1765478953.072649,99,38,35,50,18,3.5855789184570312,62.0,62.5,7.869
1765478953.273612,99,38,35,50,18,3.5855789184570312,62.0,62.5,7.869
1765478953.4747384,99,21,16,19,14,3.5863037109375,61.5,63.0,7.563
1765478953.67578,99,21,16,19,14,3.5863037109375,61.5,63.0,7.563
1765478953.8779068,99,12,8,13,27,3.5854759216308594,62.0,63.0,8.398
1765478954.0789335,99,12,8,13,27,3.5854759216308594,62.0,63.0,8.398
1765478954.2800086,99,12,8,13,27,3.5854759216308594,62.0,63.0,8.398
1765478954.4811301,99,29,30,40,21,3.5855331420898438,62.0,63.5,7.829
1765478954.6822681,99,29,30,40,21,3.5855331420898438,62.0,63.5,7.829
1765478954.883216,99,12,17,16,10,3.5851783752441406,62.0,63.0,8.134
1765478955.0842633,99,12,17,16,10,3.5851783752441406,62.0,63.0,8.134
1765478955.2852945,99,12,17,16,10,3.5851783752441406,62.0,63.0,8.134
1765478955.4864948,99,14,25,36,14,3.585620880126953,62.0,63.0,8.701
1765478955.687636,99,14,25,36,14,3.585620880126953,62.0,63.0,8.701
1765478955.8884892,94,17,8,14,11,3.5853233337402344,61.0,63.0,6.29
1765478956.0895495,94,17,8,14,11,3.5853233337402344,61.0,63.0,6.29
1765478956.2904286,94,17,8,14,11,3.5853233337402344,61.0,63.0,6.29
1765478956.4914243,99,25,17,36,30,3.585174560546875,62.0,62.5,7.936
1765478956.6924276,99,25,17,36,30,3.585174560546875,62.0,62.5,7.936
1765478956.8936732,99,25,27,20,20,3.5855026245117188,61.5,63.5,7.909
1765478957.0948517,99,25,27,20,20,3.5855026245117188,61.5,63.5,7.909
1765478957.2958684,99,25,27,20,20,3.5855026245117188,61.5,63.5,7.909
1765478957.497044,99,29,6,8,11,3.5848350524902344,62.5,62.5,8.015
1765478957.6980813,99,29,6,8,11,3.5848350524902344,62.5,62.5,8.015
1765478957.8994863,99,29,6,8,11,3.5848350524902344,62.5,62.5,8.015
1765478958.1006331,99,43,47,38,61,3.581256866455078,62.0,63.0,8.78
1765478958.301596,99,43,47,38,61,3.581256866455078,62.0,63.0,8.78
1765478958.502503,99,28,22,24,24,3.5824546813964844,62.0,63.0,7.563
1765478958.708454,99,28,22,24,24,3.5824546813964844,62.0,63.0,7.563
1765478958.9094617,99,28,22,24,24,3.5824546813964844,62.0,63.0,7.563
1765478959.1105561,99,50,20,24,16,3.583301544189453,62.0,63.0,8.503
1765478959.3115153,99,50,20,24,16,3.583301544189453,62.0,63.0,8.503
1765478959.513272,99,16,15,12,21,3.582439422607422,62.0,63.0,7.137
1765478959.714603,99,16,15,12,21,3.582439422607422,62.0,63.0,7.137
1765478959.91563,99,16,15,12,21,3.582439422607422,62.0,63.0,7.137
1765478960.1169946,99,68,55,50,48,3.5820846557617188,62.5,63.5,8.805
1765478960.3181112,99,68,55,50,48,3.5820846557617188,62.5,63.5,8.805
1765478960.5193868,79,52,42,42,41,3.5822486877441406,61.5,63.5,7.245
1765478960.7206392,79,52,42,42,41,3.5822486877441406,61.5,63.5,7.245
1765478960.9218605,79,52,42,42,41,3.5822486877441406,61.5,63.5,7.245
1765478961.1228342,99,36,37,42,31,3.582630157470703,62.5,63.5,9.525
1765478961.323838,99,36,37,42,31,3.582630157470703,62.5,63.5,9.525
1765478961.5250483,99,46,42,50,57,3.582019805908203,62.0,63.0,8.503
1765478961.726102,99,46,42,50,57,3.582019805908203,62.0,63.0,8.503
1765478961.9271374,99,46,42,50,57,3.582019805908203,62.0,63.0,8.503
1765478962.1281078,99,22,22,25,20,3.5823287963867188,62.0,63.0,7.71
1765478962.3291786,99,22,22,25,20,3.5823287963867188,62.0,63.0,7.71
1765478962.530158,99,28,53,23,28,3.5831336975097656,62.0,63.0,8.517
1765478962.731264,99,28,53,23,28,3.5831336975097656,62.0,63.0,8.517
1765478962.9322364,99,28,53,23,28,3.5831336975097656,62.0,63.0,8.517
1765478963.1368577,99,16,19,13,13,3.582408905029297,62.0,63.0,6.988
1765478963.3378243,99,16,19,13,13,3.582408905029297,62.0,63.0,6.988
1765478963.538782,99,44,50,45,34,3.572978973388672,62.5,63.5,8.74
1765478963.7403762,99,44,50,45,34,3.572978973388672,62.5,63.5,8.74
1765478963.9431562,99,44,50,45,34,3.572978973388672,62.5,63.5,8.74
1765478964.1443841,99,30,36,45,32,3.581348419189453,62.0,63.5,8.015
1765478964.3454325,99,30,36,45,32,3.581348419189453,62.0,63.5,8.015
1765478964.546391,99,28,38,25,25,3.5821304321289062,62.5,63.5,9.003
1765478964.747317,99,28,38,25,25,3.5821304321289062,62.5,63.5,9.003
1765478964.9483964,99,28,38,25,25,3.5821304321289062,62.5,63.5,9.003
1765478965.1496162,99,46,56,50,40,3.5813751220703125,62.5,63.5,8.78
1765478965.3508084,99,46,56,50,40,3.5813751220703125,62.5,63.5,8.78
1765478965.5517764,99,36,30,30,36,3.581653594970703,62.0,63.0,7.67
1765478965.752842,99,36,30,30,36,3.581653594970703,62.0,63.0,7.67
1765478965.9560754,99,36,30,30,36,3.581653594970703,62.0,63.0,7.67
1765478966.1572032,99,59,62,46,53,3.5814895629882812,62.5,63.5,9.003
1765478966.358252,99,59,62,46,53,3.5814895629882812,62.5,63.5,9.003
1765478966.5592327,98,27,31,28,36,3.5815505981445312,62.0,63.5,7.523
1765478966.7654364,98,27,31,28,36,3.5815505981445312,62.0,63.5,7.523
1765478966.96995,98,27,31,28,36,3.5815505981445312,62.0,63.5,7.523
1765478967.171155,99,52,44,52,55,3.5815353393554688,62.5,63.5,8.766
1765478967.3722749,99,52,44,52,55,3.5815353393554688,62.5,63.5,8.766
1765478967.5763924,99,52,44,52,55,3.5815353393554688,62.5,63.5,8.766
1765478967.777616,99,49,47,34,44,3.581512451171875,62.0,63.5,7.829
1765478967.9789438,99,49,47,34,44,3.581512451171875,62.0,63.5,7.829
1765478968.1807723,99,40,48,40,40,3.581676483154297,62.5,63.5,9.422
1765478968.381803,99,40,48,40,40,3.581676483154297,62.5,63.5,9.422
1765478968.5828588,99,40,48,40,40,3.581676483154297,62.5,63.5,9.422
1765478968.7837396,99,36,57,43,36,3.5810699462890625,62.0,63.5,8.766
1765478968.98496,99,36,57,43,36,3.5810699462890625,62.0,63.5,8.766
1765478969.1862037,99,36,28,32,34,3.5812416076660156,62.5,63.5,8.279
1765478969.3878062,99,36,28,32,34,3.5812416076660156,62.5,63.5,8.279
1765478969.5889323,99,36,28,32,34,3.5812416076660156,62.5,63.5,8.279
1765478969.7902324,99,64,61,60,65,3.5813941955566406,62.5,63.5,9.003
1765478969.9930158,99,64,61,60,65,3.5813941955566406,62.5,63.5,9.003
1765478970.19401,39,30,33,28,32,3.5816612243652344,61.0,63.5,6.179
1765478970.3951497,39,30,33,28,32,3.5816612243652344,61.0,63.5,6.179
1765478970.5982795,39,30,33,28,32,3.5816612243652344,61.0,63.5,6.179
1765478970.799478,99,45,36,40,58,3.581745147705078,62.5,63.5,8.213
1765478971.0004823,99,45,36,40,58,3.581745147705078,62.5,63.5,8.213
1765478971.2066483,19,42,39,42,40,3.5818824768066406,62.0,63.0,6.44
1765478971.4082396,19,42,39,42,40,3.5818824768066406,62.0,63.0,6.44
1765478971.6093698,19,42,39,42,40,3.5818824768066406,62.0,63.0,6.44
1765478971.814199,99,44,49,42,58,3.5816307067871094,63.0,64.0,9.367
1765478972.0153916,99,44,49,42,58,3.5816307067871094,63.0,64.0,9.367
1765478972.2165446,99,34,48,32,30,3.5818939208984375,62.5,63.5,8.582
1765478972.4175615,99,34,48,32,30,3.5818939208984375,62.5,63.5,8.582
1765478972.6188161,99,34,48,32,30,3.5818939208984375,62.5,63.5,8.582
1765478972.8197494,99,27,26,29,17,3.5815048217773438,62.5,64.0,8.398
1765478973.0207133,99,27,26,29,17,3.5815048217773438,62.5,64.0,8.398
1765478973.2222366,99,47,47,42,33,3.581756591796875,62.5,63.5,8.78
1765478973.4233046,99,47,47,42,33,3.581756591796875,62.5,63.5,8.78
1765478973.6303823,99,47,47,42,33,3.581756591796875,62.5,63.5,8.78
1765478973.8314757,38,37,27,18,25,3.5816421508789062,62.0,64.0,6.6
1765478974.0325649,38,37,27,18,25,3.5816421508789062,62.0,64.0,6.6
1765478974.2335832,99,46,24,27,28,3.5813255310058594,62.5,63.0,7.71
1765478974.434644,99,46,24,27,28,3.5813255310058594,62.5,63.0,7.71
1765478974.6355822,99,46,24,27,28,3.5813255310058594,62.5,63.0,7.71
1765478974.837049,49,39,46,42,36,3.5815353393554688,62.0,63.0,6.33
1765478975.038263,49,39,46,42,36,3.5815353393554688,62.0,63.0,6.33
1765478975.2393732,99,50,45,64,42,3.5816116333007812,63.0,63.5,8.74
1765478975.440695,99,50,45,64,42,3.5816116333007812,63.0,63.5,8.74
1765478975.6419792,99,50,45,64,42,3.5816116333007812,63.0,63.5,8.74
1765478975.8429508,99,46,43,40,53,3.5822715759277344,62.5,64.5,8.884
1765478976.0444515,99,46,43,40,53,3.5822715759277344,62.5,64.5,8.884
1765478976.2455027,99,28,38,25,28,3.5817031860351562,63.0,63.5,8.74
1765478976.446407,99,28,38,25,28,3.5817031860351562,63.0,63.5,8.74
1765478976.6473637,99,28,38,25,28,3.5817031860351562,63.0,63.5,8.74
1765478976.848411,99,54,67,57,45,3.5813827514648438,62.5,64.0,8.845
1765478977.0497067,99,54,67,57,45,3.5813827514648438,62.5,64.0,8.845
1765478977.25095,99,36,34,32,37,3.581653594970703,62.5,63.5,8.068
1765478977.4524326,99,36,34,32,37,3.581653594970703,62.5,63.5,8.068
1765478977.6534543,99,36,34,32,37,3.581653594970703,62.5,63.5,8.068
1765478977.8545856,99,46,30,25,26,3.5815353393554688,62.5,63.5,8.2
1765478978.0557165,99,46,30,25,26,3.5815353393554688,62.5,63.5,8.2
1765478978.2570174,99,28,21,32,26,3.581268310546875,62.5,63.0,6.6
1765478978.4585652,99,28,21,32,26,3.581268310546875,62.5,63.0,6.6
1765478978.65969,99,28,21,32,26,3.581268310546875,62.5,63.0,6.6
1765478978.8606277,99,45,34,34,35,3.581817626953125,63.0,63.5,8.582
1765478979.061592,99,45,34,34,35,3.581817626953125,63.0,63.5,8.582
1765478979.2627542,99,45,34,34,35,3.581817626953125,63.0,63.5,8.582
1765478979.464204,99,40,34,25,28,3.581714630126953,62.5,63.5,8.924
1765478979.6652067,99,40,34,25,28,3.581714630126953,62.5,63.5,8.924
1765478979.8660574,99,26,14,16,21,3.5811309814453125,62.5,63.0,7.75
1765478980.0672927,99,26,14,16,21,3.5811309814453125,62.5,63.0,7.75
1765478980.2684512,99,26,14,16,21,3.5811309814453125,62.5,63.0,7.75
1765478980.469607,99,31,37,30,54,3.58160400390625,63.0,63.5,8.582
1765478980.6705945,99,31,37,30,54,3.58160400390625,63.0,63.5,8.582
1765478980.871477,10,24,19,23,22,3.581787109375,62.0,63.5,6.169
1765478981.0727615,10,24,19,23,22,3.581787109375,62.0,63.5,6.169
1765478981.2743495,10,24,19,23,22,3.581787109375,62.0,63.5,6.169
1765478981.4755008,99,18,20,44,21,3.582378387451172,63.0,64.0,8.477
1765478981.6766305,99,18,20,44,21,3.582378387451172,63.0,64.0,8.477
1765478981.8777254,99,24,18,15,28,3.5816116333007812,62.5,63.5,7.563
1765478982.0827081,99,24,18,15,28,3.5816116333007812,62.5,63.5,7.563
1765478982.2838182,99,24,18,15,28,3.5816116333007812,62.5,63.5,7.563
1765478982.4848251,99,34,17,21,14,3.58148193359375,62.5,63.5,8.015
1765478982.686028,99,34,17,21,14,3.58148193359375,62.5,63.5,8.015
1765478982.8869903,99,48,35,40,29,3.5820083618164062,63.0,64.0,9.082
1765478983.08811,99,48,35,40,29,3.5820083618164062,63.0,64.0,9.082
1765478983.2895892,99,48,35,40,29,3.5820083618164062,63.0,64.0,9.082
1765478983.4904885,99,16,12,11,16,3.5813522338867188,62.5,64.0,7.67
1765478983.6915374,99,16,12,11,16,3.5813522338867188,62.5,64.0,7.67
1765478983.892606,99,38,32,45,50,3.580810546875,63.0,63.5,7.896
1765478984.0940838,99,38,32,45,50,3.580810546875,63.0,63.5,7.896
1765478984.295055,99,38,32,45,50,3.580810546875,63.0,63.5,7.896
1765478984.4966261,80,42,43,42,40,3.582225799560547,62.5,64.0,7.483
1765478984.6975782,80,42,43,42,40,3.582225799560547,62.5,64.0,7.483
1765478984.8986022,99,48,46,62,51,3.582866668701172,63.0,65.5,9.666
1765478985.0996392,99,48,46,62,51,3.582866668701172,63.0,65.5,9.666
1765478985.3009508,99,48,46,62,51,3.582866668701172,63.0,65.5,9.666
1765478985.5022497,99,49,37,40,37,3.5819931030273438,62.0,64.0,7.936
1765478985.7033293,99,49,37,40,37,3.5819931030273438,62.0,64.0,7.936
1765478985.9045248,99,46,46,37,34,3.582286834716797,62.5,64.5,8.661
1765478986.1054838,99,46,46,37,34,3.582286834716797,62.5,64.5,8.661
1765478986.306679,99,46,46,37,34,3.582286834716797,62.5,64.5,8.661
1765478986.5080924,99,56,54,54,52,3.5823936462402344,63.0,64.5,9.343
1765478986.7091246,99,56,54,54,52,3.5823936462402344,63.0,64.5,9.343
1765478986.9100378,99,22,18,17,15,3.5826873779296875,62.5,64.0,8.094
1765478987.1111495,99,22,18,17,15,3.5826873779296875,62.5,64.0,8.094
1765478987.318718,99,22,18,17,15,3.5826873779296875,62.5,64.0,8.094
1765478987.5197904,99,30,34,49,22,3.5823440551757812,63.0,64.0,8.094
1765478987.720866,99,30,34,49,22,3.5823440551757812,63.0,64.0,8.094
1765478987.9217467,81,29,24,38,24,3.5821456909179688,62.5,63.5,6.948
1765478988.122904,81,29,24,38,24,3.5821456909179688,62.5,63.5,6.948
1765478988.3238263,81,29,24,38,24,3.5821456909179688,62.5,63.5,6.948
1765478988.5249424,99,30,28,49,29,3.582386016845703,63.0,64.5,9.407
1765478988.7258265,99,30,28,49,29,3.582386016845703,63.0,64.5,9.407
1765478988.9270992,99,33,14,16,13,3.5822525024414062,63.0,64.5,8.174
1765478989.1281762,99,33,14,16,13,3.5822525024414062,63.0,64.5,8.174
1765478989.3293157,99,33,14,16,13,3.5822525024414062,63.0,64.5,8.174
1765478989.5302765,99,31,22,20,33,3.581920623779297,62.5,64.0,8.134
1765478989.7317061,99,31,22,20,33,3.581920623779297,62.5,64.0,8.134
1765478989.9327676,99,31,22,20,33,3.581920623779297,62.5,64.0,8.134
1765478990.13387,99,56,31,37,28,3.581371307373047,63.0,64.5,8.845
1765478990.3349743,99,56,31,37,28,3.581371307373047,63.0,64.5,8.845
1765478990.5360167,99,18,12,11,20,3.583251953125,62.5,64.0,7.256
1765478990.7370493,99,18,12,11,20,3.583251953125,62.5,64.0,7.256
1765478990.9380057,99,18,12,11,20,3.583251953125,62.5,64.0,7.256
1765478991.1391156,99,21,24,29,43,3.58209228515625,62.5,64.0,7.75
1765478991.3408465,99,21,24,29,43,3.58209228515625,62.5,64.0,7.75
1765478991.5418935,99,26,20,33,16,3.5821533203125,62.5,64.0,6.988
1765478991.743184,99,26,20,33,16,3.5821533203125,62.5,64.0,6.988
1765478991.9444084,99,26,20,33,16,3.5821533203125,62.5,64.0,6.988
1765478992.145509,99,25,42,25,25,3.582111358642578,63.0,64.5,8.661
1765478992.3468113,99,25,42,25,25,3.582111358642578,63.0,64.5,8.661
1765478992.548085,99,23,25,40,18,3.5829010009765625,63.0,64.5,8.438
1765478992.7491126,99,23,25,40,18,3.5829010009765625,63.0,64.5,8.438
1765478992.9502587,99,23,25,40,18,3.5829010009765625,63.0,64.5,8.438
1765478993.1512148,99,20,21,24,22,3.581939697265625,62.5,63.5,8.503
1765478993.352739,99,20,21,24,22,3.581939697265625,62.5,63.5,8.503
1765478993.5537713,99,39,26,33,34,3.58184814453125,63.0,64.5,8.438
1765478993.7550895,99,39,26,33,34,3.58184814453125,63.0,64.5,8.438
1765478993.9561672,99,39,26,33,34,3.58184814453125,63.0,64.5,8.438
1765478994.1573734,4,35,32,34,26,3.5807952880859375,62.5,64.5,6.52
1765478994.3584056,4,35,32,34,26,3.5807952880859375,62.5,64.5,6.52
1765478994.5594754,99,40,38,55,48,3.5802764892578125,63.0,64.0,9.003
1765478994.7606041,99,40,38,55,48,3.5802764892578125,63.0,64.0,9.003
1765478994.9615536,99,40,38,55,48,3.5802764892578125,63.0,64.0,9.003
1765478995.1626172,99,41,39,31,45,3.580883026123047,63.0,64.0,7.137
1765478995.36362,99,41,39,31,45,3.580883026123047,63.0,64.0,7.137
1765478995.5646296,99,36,56,31,38,3.5808944702148438,63.0,64.5,9.042
1765478995.76565,99,36,56,31,38,3.5808944702148438,63.0,64.5,9.042
1765478995.966752,99,36,56,31,38,3.5808944702148438,63.0,64.5,9.042
1765478996.1676114,99,35,22,38,34,3.5809249877929688,63.0,64.5,8.963
1765478996.3687363,99,35,22,38,34,3.5809249877929688,63.0,64.5,8.963
1765478996.5697145,99,21,22,25,22,3.5805435180664062,63.0,64.0,7.789
1765478996.7714972,99,21,22,25,22,3.5805435180664062,63.0,64.0,7.789
1765478996.9726586,99,21,22,25,22,3.5805435180664062,63.0,64.0,7.789
1765478997.174089,99,49,31,34,30,3.581043243408203,63.0,64.0,8.438
1765478997.3752658,99,49,31,34,30,3.581043243408203,63.0,64.0,8.438
1765478997.5761805,88,26,25,22,24,3.5807266235351562,62.5,64.5,6.789
1765478997.7772408,88,26,25,22,24,3.5807266235351562,62.5,64.5,6.789
1765478997.9782853,88,26,25,22,24,3.5807266235351562,62.5,64.5,6.789
1765478998.179313,99,42,16,22,16,3.5809173583984375,63.0,65.0,8.543
1765478998.380469,99,42,16,22,16,3.5809173583984375,63.0,65.0,8.543
1765478998.5816455,99,20,20,37,22,3.580829620361328,62.5,64.5,7.67
1765478998.7827384,99,20,20,37,22,3.580829620361328,62.5,64.5,7.67
1765478998.983818,99,20,20,37,22,3.580829620361328,62.5,64.5,7.67
1765478999.1848693,99,24,16,39,28,3.581127166748047,63.0,64.0,8.015
1765478999.3858604,99,24,16,39,28,3.581127166748047,63.0,64.0,8.015
1765478999.5869277,99,24,16,39,28,3.581127166748047,63.0,64.0,8.015
1765478999.7880404,99,34,31,38,46,3.5829620361328125,63.0,64.5,8.805
1765478999.989169,99,34,31,38,46,3.5829620361328125,63.0,64.5,8.805
1765479000.1901548,99,10,20,17,19,3.5823822021484375,63.0,64.0,7.789
1765479000.3911016,99,10,20,17,19,3.5823822021484375,63.0,64.0,7.789
1765479000.5920172,99,10,20,17,19,3.5823822021484375,63.0,64.0,7.789
1765479000.793019,99,43,36,52,30,3.5819244384765625,63.5,64.0,8.24
1765479000.9939632,99,43,36,52,30,3.5819244384765625,63.5,64.0,8.24
1765479001.1951644,99,22,23,28,18,3.5824241638183594,62.5,64.5,6.57
1765479001.3962724,99,22,23,28,18,3.5824241638183594,62.5,64.5,6.57
1765479001.5972826,99,22,23,28,18,3.5824241638183594,62.5,64.5,6.57
1765479001.7982328,99,40,19,17,18,3.5836219787597656,63.0,65.0,8.884
1765479001.9992924,99,40,19,17,18,3.5836219787597656,63.0,65.0,8.884
1765479002.2005317,99,36,22,27,18,3.582733154296875,62.5,64.0,7.71
1765479002.4016657,99,36,22,27,18,3.582733154296875,62.5,64.0,7.71
1765479002.6027513,99,36,22,27,18,3.582733154296875,62.5,64.0,7.71
1765479002.803826,99,30,37,17,18,3.5826873779296875,63.0,64.0,8.015
1765479003.0048535,99,30,37,17,18,3.5826873779296875,63.0,64.0,8.015
1765479003.2058237,99,43,36,34,38,3.5836029052734375,63.5,65.0,9.304
1765479003.4068453,99,43,36,34,38,3.5836029052734375,63.5,65.0,9.304
1765479003.6078146,99,43,36,34,38,3.5836029052734375,63.5,65.0,9.304
1765479003.809068,99,11,13,6,8,3.5824241638183594,63.0,63.5,6.868
1765479004.010283,99,11,13,6,8,3.5824241638183594,63.0,63.5,6.868
1765479004.211312,99,50,52,48,66,3.5864181518554688,63.0,64.5,8.74
1765479004.4126372,99,50,52,48,66,3.5864181518554688,63.0,64.5,8.74
1765479004.6136212,99,50,52,48,66,3.5864181518554688,63.0,64.5,8.74
1765479004.8148057,99,45,43,47,46,3.586711883544922,63.0,64.5,7.523
1765479005.0161939,99,45,43,47,46,3.586711883544922,63.0,64.5,7.523
1765479005.217275,99,50,47,64,46,3.5872116088867188,63.5,65.5,9.706
1765479005.4182236,99,50,47,64,46,3.5872116088867188,63.5,65.5,9.706
1765479005.6195185,99,50,47,64,46,3.5872116088867188,63.5,65.5,9.706
1765479005.820744,99,48,39,44,34,3.581146240234375,63.0,65.0,8.24
1765479006.0217574,99,48,39,44,34,3.581146240234375,63.0,65.0,8.24
1765479006.2266457,99,20,23,27,23,3.5808639526367188,63.0,64.5,8.174
1765479006.4276743,99,20,23,27,23,3.5808639526367188,63.0,64.5,8.174
1765479006.6293113,99,20,23,27,23,3.5808639526367188,63.0,64.5,8.174
1765479006.8302505,99,36,44,42,36,3.5811195373535156,63.0,65.0,9.264
1765479007.0313609,99,36,44,42,36,3.5811195373535156,63.0,65.0,9.264
1765479007.232572,99,17,10,11,11,3.581279754638672,63.0,64.5,6.789
1765479007.4337275,99,17,10,11,11,3.581279754638672,63.0,64.5,6.789
1765479007.6346288,99,17,10,11,11,3.581279754638672,63.0,64.5,6.789
1765479007.8355894,99,47,28,30,25,3.5810317993164062,63.0,64.5,7.948
1765479008.0365229,99,47,28,30,25,3.5810317993164062,63.0,64.5,7.948
1765479008.2376173,99,19,26,21,25,3.58111572265625,63.0,64.0,6.8
1765479008.4385574,99,19,26,21,25,3.58111572265625,63.0,64.0,6.8
1765479008.6396127,99,19,26,21,25,3.58111572265625,63.0,64.0,6.8
1765479008.8407233,99,24,27,28,45,3.5813941955566406,63.5,65.0,9.146
1765479009.04166,99,24,27,28,45,3.5813941955566406,63.5,65.0,9.146
1765479009.24263,99,20,26,14,34,3.5810813903808594,63.0,64.5,8.2
1765479009.443576,99,20,26,14,34,3.5810813903808594,63.0,64.5,8.2
1765479009.6445832,99,20,26,14,34,3.5810813903808594,63.0,64.5,8.2
1765479009.8458254,99,18,18,29,12,3.580860137939453,63.0,64.5,7.909
1765479010.0469594,99,18,18,29,12,3.580860137939453,63.0,64.5,7.909
1765479010.2478523,99,36,36,40,43,3.5806541442871094,63.5,64.5,8.661
1765479010.4489365,99,36,36,40,43,3.5806541442871094,63.5,64.5,8.661
1765479010.6503747,99,36,36,40,43,3.5806541442871094,63.5,64.5,8.661
1765479010.8514986,0,19,21,14,19,3.581409454345703,62.5,64.5,5.979
1765479011.052535,0,19,21,14,19,3.581409454345703,62.5,64.5,5.979
1765479011.2534509,0,19,21,14,19,3.581409454345703,62.5,64.5,5.979
1765479011.454543,99,22,43,24,20,3.5806007385253906,63.5,65.0,8.134
1765479011.655451,99,22,43,24,20,3.5806007385253906,63.5,65.0,8.134
1765479011.8566055,14,17,23,34,18,3.5807647705078125,63.0,64.5,6.29
1765479012.0577433,14,17,23,34,18,3.5807647705078125,63.0,64.5,6.29
1765479012.258836,14,17,23,34,18,3.5807647705078125,63.0,64.5,6.29
1765479012.459775,99,33,37,20,28,3.5806045532226562,63.5,64.5,8.845
1765479012.6609519,99,33,37,20,28,3.5806045532226562,63.5,64.5,8.845
1765479012.8621182,99,29,42,18,16,3.581195831298828,63.5,64.5,8.622
1765479013.0631506,99,29,42,18,16,3.581195831298828,63.5,64.5,8.622
1765479013.269746,99,29,42,18,16,3.581195831298828,63.5,64.5,8.622
1765479013.470642,99,19,15,16,12,3.580486297607422,64.0,64.0,7.523
1765479013.67174,99,19,15,16,12,3.580486297607422,64.0,64.0,7.523
1765479013.872558,99,34,41,44,32,3.5806045532226562,63.5,64.5,8.213
1765479014.0736473,99,34,41,44,32,3.5806045532226562,63.5,64.5,8.213
1765479014.2745852,99,34,41,44,32,3.5806045532226562,63.5,64.5,8.213
1765479014.4756236,42,18,28,21,21,3.580974578857422,63.0,64.5,6.64
1765479014.6768475,42,18,28,21,21,3.580974578857422,63.0,64.5,6.64
1765479014.8780065,99,16,34,16,22,3.5807228088378906,63.5,64.5,8.174
1765479015.079139,99,16,34,16,22,3.5807228088378906,63.5,64.5,8.174
1765479015.2806408,99,16,34,16,22,3.5807228088378906,63.5,64.5,8.174
1765479015.481621,99,33,28,38,23,3.5809173583984375,63.0,65.0,8.015
1765479015.6848266,99,33,28,38,23,3.5809173583984375,63.0,65.0,8.015
1765479015.8857834,99,35,15,22,15,3.580615997314453,63.5,64.5,7.975
1765479016.0866954,99,35,15,22,15,3.580615997314453,63.5,64.5,7.975
1765479016.2878926,99,35,15,22,15,3.580615997314453,63.5,64.5,7.975
1765479016.4891822,99,19,32,28,35,3.58135986328125,63.5,65.0,8.845
1765479016.6903088,99,19,32,28,35,3.58135986328125,63.5,65.0,8.845
1765479016.891233,99,8,10,15,15,3.580738067626953,63.5,64.0,6.56
1765479017.0924933,99,8,10,15,15,3.580738067626953,63.5,64.0,6.56
1765479017.2934952,99,8,10,15,15,3.580738067626953,63.5,64.0,6.56
1765479017.494564,99,38,34,44,46,3.5801734924316406,63.5,64.5,8.477
1765479017.6954908,99,38,34,44,46,3.5801734924316406,63.5,64.5,8.477
1765479017.8966413,99,27,16,25,26,3.580535888671875,63.0,64.0,7.256
1765479018.0979345,99,27,16,25,26,3.580535888671875,63.0,64.0,7.256
1765479018.2989573,99,27,16,25,26,3.580535888671875,63.0,64.0,7.256
1765479018.500125,99,18,19,28,24,3.5802955627441406,63.5,64.5,8.503
1765479018.7009985,99,18,19,28,24,3.5802955627441406,63.5,64.5,8.503
1765479018.902055,99,26,24,24,50,3.580028533935547,63.5,64.5,8.174
1765479019.1034968,99,26,24,24,50,3.580028533935547,63.5,64.5,8.174
1765479019.3046825,99,26,24,24,50,3.580028533935547,63.5,64.5,8.174
1765479019.5056658,99,20,22,16,19,3.5804710388183594,63.5,64.5,7.975
1765479019.7069967,99,20,22,16,19,3.5804710388183594,63.5,64.5,7.975
1765479019.907992,99,19,25,38,45,3.5814781188964844,63.5,65.0,9.225
1765479020.1089897,99,19,25,38,45,3.5814781188964844,63.5,65.0,9.225
1765479020.3101904,99,19,25,38,45,3.5814781188964844,63.5,65.0,9.225
1765479020.5118003,95,16,14,21,12,3.5806503295898438,63.0,65.0,6.56
1765479020.714001,95,16,14,21,12,3.5806503295898438,63.0,65.0,6.56
1765479020.9154792,99,32,28,37,46,3.5799102783203125,63.5,65.0,7.975
1765479021.1165676,99,32,28,37,46,3.5799102783203125,63.5,65.0,7.975
1765479021.3174522,99,32,28,37,46,3.5799102783203125,63.5,65.0,7.975
1765479021.5186393,73,30,25,21,30,3.5808181762695312,63.0,64.5,6.56
1765479021.7195945,73,30,25,21,30,3.5808181762695312,63.0,64.5,6.56
1765479021.920653,99,21,33,23,21,3.5813751220703125,63.5,65.5,9.121
1765479022.1217945,99,21,33,23,21,3.5813751220703125,63.5,65.5,9.121
1765479022.3228953,99,21,33,23,21,3.5813751220703125,63.5,65.5,9.121
1765479022.523805,99,25,50,25,16,3.5803184509277344,63.5,65.0,8.477
1765479022.7248707,99,25,50,25,16,3.5803184509277344,63.5,65.0,8.477
1765479022.9263926,99,25,50,25,16,3.5803184509277344,63.5,65.0,8.477
1765479023.127639,99,23,8,17,19,3.5806884765625,63.5,64.5,7.643
1765479023.3287833,99,23,8,17,19,3.5806884765625,63.5,64.5,7.643
1765479023.529807,99,50,26,26,36,3.5802268981933594,63.5,65.0,8.701
1765479023.7308156,99,50,26,26,36,3.5802268981933594,63.5,65.0,8.701
1765479023.93227,99,50,26,26,36,3.5802268981933594,63.5,65.0,8.701
1765479024.1340942,99,8,8,21,12,3.5799026489257812,63.5,64.5,7.097
1765479024.3350194,99,8,8,21,12,3.5799026489257812,63.5,64.5,7.097
1765479024.5361981,99,41,40,36,26,3.5809326171875,64.0,64.5,8.358
1765479024.7371128,99,41,40,36,26,3.5809326171875,64.0,64.5,8.358
1765479024.9381025,99,41,40,36,26,3.5809326171875,64.0,64.5,8.358
1765479025.1390445,99,44,30,35,27,3.5810203552246094,63.5,65.5,8.438
1765479025.340227,99,44,30,35,27,3.5810203552246094,63.5,65.5,8.438
1765479025.541197,99,18,13,22,16,3.5817298889160156,64.0,65.0,9.082
1765479025.742391,99,18,13,22,16,3.5817298889160156,64.0,65.0,9.082
1765479025.9433858,99,18,13,22,16,3.5817298889160156,64.0,65.0,9.082
1765479026.1446161,99,18,47,18,17,3.5805625915527344,63.5,64.5,8.279
1765479026.3456743,99,18,47,18,17,3.5805625915527344,63.5,64.5,8.279
1765479026.5466223,0,17,23,21,18,3.5809860229492188,63.0,64.5,5.898
1765479026.7476804,0,17,23,21,18,3.5809860229492188,63.0,64.5,5.898
1765479026.948697,0,17,23,21,18,3.5809860229492188,63.0,64.5,5.898
1765479027.1497378,99,27,50,30,30,3.5809326171875,63.5,65.0,8.582
1765479027.3506668,99,27,50,30,30,3.5809326171875,63.5,65.0,8.582
1765479027.5517888,99,13,23,17,17,3.581035614013672,63.5,65.0,7.296
1765479027.7553606,99,13,23,17,17,3.581035614013672,63.5,65.0,7.296
1765479027.956536,99,13,23,17,17,3.581035614013672,63.5,65.0,7.296
1765479028.1574428,99,27,20,23,34,3.58074951171875,64.0,65.0,8.24
1765479028.3588226,99,27,20,23,34,3.58074951171875,64.0,65.0,8.24
1765479028.5602095,99,54,29,27,31,3.5804214477539062,63.5,65.5,8.358
1765479028.7612278,99,54,29,27,31,3.5804214477539062,63.5,65.5,8.358
1765479028.9622815,99,54,29,27,31,3.5804214477539062,63.5,65.5,8.358
1765479029.1631982,99,16,22,19,19,3.581897735595703,64.0,65.5,8.358
1765479029.3641887,99,16,22,19,19,3.581897735595703,64.0,65.5,8.358
1765479029.565292,99,25,22,39,18,3.580913543701172,64.0,64.5,7.829
1765479029.7663648,99,25,22,39,18,3.580913543701172,64.0,64.5,7.829
1765479029.9673014,99,25,22,39,18,3.580913543701172,64.0,64.5,7.829
1765479030.1687927,99,20,27,17,20,3.5807723999023438,63.5,64.5,7.028
1765479030.3703988,99,20,27,17,20,3.5807723999023438,63.5,64.5,7.028
1765479030.5715303,99,46,30,20,30,3.580707550048828,64.0,65.0,8.582
1765479030.7726011,99,46,30,20,30,3.580707550048828,64.0,65.0,8.582
1765479030.975654,99,46,30,20,30,3.580707550048828,64.0,65.0,8.582
1765479031.1766815,99,30,28,17,25,3.58135986328125,63.5,65.5,8.701
1765479031.3777106,99,30,28,17,25,3.58135986328125,63.5,65.5,8.701
1765479031.5787241,99,22,26,22,20,3.5801429748535156,63.5,65.0,8.358
1765479031.7798455,99,22,26,22,20,3.5801429748535156,63.5,65.0,8.358
1765479031.9809332,99,22,26,22,20,3.5801429748535156,63.5,65.0,8.358
1765479032.1818793,99,28,25,30,57,3.5800743103027344,63.5,65.0,8.398
1765479032.382959,99,28,25,30,57,3.5800743103027344,63.5,65.0,8.398
1765479032.5844722,99,25,27,12,12,3.580486297607422,63.5,64.5,6.49
1765479032.7855515,99,25,27,12,12,3.580486297607422,63.5,64.5,6.49
1765479032.986653,99,25,27,12,12,3.580486297607422,63.5,64.5,6.49
1765479033.1878011,99,24,18,42,24,3.5807952880859375,64.0,65.0,8.253
1765479033.3892496,99,24,18,42,24,3.5807952880859375,64.0,65.0,8.253
1765479033.590365,99,16,28,20,23,3.5815086364746094,63.5,64.5,6.72
1765479033.791833,99,16,28,20,23,3.5815086364746094,63.5,64.5,6.72
1765479033.993037,99,16,28,20,23,3.5815086364746094,63.5,64.5,6.72
1765479034.1940708,99,49,26,24,25,3.5807266235351562,64.0,65.0,8.74
1765479034.395151,99,49,26,24,25,3.5807266235351562,64.0,65.0,8.74
1765479034.5964375,99,49,26,24,25,3.5807266235351562,64.0,65.0,8.74
1765479034.7974596,99,27,30,29,35,3.5812301635742188,63.5,65.5,8.74
1765479034.9985406,99,27,30,29,35,3.5812301635742188,63.5,65.5,8.74
1765479035.1994872,99,22,24,19,18,3.5807723999023438,64.0,65.0,7.896
1765479035.400675,99,22,24,19,18,3.5807723999023438,64.0,65.0,7.896
1765479035.6016362,99,22,24,19,18,3.5807723999023438,64.0,65.0,7.896
1765479035.8027267,99,34,28,34,48,3.580760955810547,64.0,65.0,8.622
1765479036.0038323,99,34,28,34,48,3.580760955810547,64.0,65.0,8.622
1765479036.2048929,64,26,25,18,19,3.5811691284179688,63.5,64.5,6.64
1765479036.4059525,64,26,25,18,19,3.5811691284179688,63.5,64.5,6.64
1765479036.6070473,64,26,25,18,19,3.5811691284179688,63.5,64.5,6.64
1765479036.808254,99,22,44,20,16,3.5819664001464844,64.0,65.5,8.622
1765479037.0092583,99,22,44,20,16,3.5819664001464844,64.0,65.5,8.622
1765479037.21043,99,26,33,21,20,3.581401824951172,63.5,65.5,7.869
1765479037.4114754,99,26,33,21,20,3.581401824951172,63.5,65.5,7.869
1765479037.612611,99,26,33,21,20,3.581401824951172,63.5,65.5,7.869
1765479037.813584,99,24,34,14,12,3.58062744140625,64.0,65.0,7.896
1765479038.0148942,99,24,34,14,12,3.58062744140625,64.0,65.0,7.896
1765479038.21588,99,40,41,28,42,3.581707000732422,64.0,65.5,9.146
1765479038.4169667,99,40,41,28,42,3.581707000732422,64.0,65.5,9.146
1765479038.6179874,99,40,41,28,42,3.581707000732422,64.0,65.5,9.146
1765479038.818909,99,12,11,18,8,3.581005096435547,63.5,64.5,6.56
1765479039.0200543,99,12,11,18,8,3.581005096435547,63.5,64.5,6.56
1765479039.2210653,99,56,34,22,30,3.5809059143066406,64.0,65.0,8.174
1765479039.4221988,99,56,34,22,30,3.5809059143066406,64.0,65.0,8.174
1765479039.6231163,99,56,34,22,30,3.5809059143066406,64.0,65.0,8.174
1765479039.8243322,99,20,23,20,24,3.5809097290039062,64.0,65.0,7.097
1765479040.02604,99,20,23,20,24,3.5809097290039062,64.0,65.0,7.097
1765479040.2272117,99,30,24,24,42,3.5819015502929688,64.0,65.5,9.343
1765479040.4282,99,30,24,24,42,3.5819015502929688,64.0,65.5,9.343
1765479040.6336918,99,30,24,24,42,3.5819015502929688,64.0,65.5,9.343
1765479040.8347666,99,31,24,42,16,3.580791473388672,63.5,66.0,8.24
1765479041.0357957,99,31,24,42,16,3.580791473388672,63.5,66.0,8.24
1765479041.2373989,99,16,20,26,15,3.5815467834472656,64.0,65.0,8.253
1765479041.4386826,99,16,20,26,15,3.5815467834472656,64.0,65.0,8.253
1765479041.6397297,99,16,20,26,15,3.5815467834472656,64.0,65.0,8.253
1765479041.8411195,99,32,47,46,29,3.5815200805664062,64.0,65.5,9.225
1765479042.0425305,99,32,47,46,29,3.5815200805664062,64.0,65.5,9.225
1765479042.2436602,0,16,17,15,24,3.581634521484375,63.0,65.5,6.019
1765479042.4521768,0,16,17,15,24,3.581634521484375,63.0,65.5,6.019
1765479042.653507,0,16,17,15,24,3.581634521484375,63.0,65.5,6.019
1765479042.854741,99,24,20,34,46,3.5816307067871094,64.0,65.5,7.869
1765479043.0557373,99,24,20,34,46,3.5816307067871094,64.0,65.5,7.869
1765479043.2568243,0,32,23,16,29,3.583415985107422,63.0,65.0,5.474
1765479043.4578383,0,32,23,16,29,3.583415985107422,63.0,65.0,5.474
1765479043.6589377,0,32,23,16,29,3.583415985107422,63.0,65.0,5.474
1765479043.8600311,99,32,25,22,44,3.5847511291503906,64.0,66.0,9.185
1765479044.0610518,99,32,25,22,44,3.5847511291503906,64.0,66.0,9.185
1765479044.2621536,99,40,20,20,16,3.584186553955078,64.0,65.0,8.319
1765479044.4630306,99,40,20,20,16,3.584186553955078,64.0,65.0,8.319
1765479044.6642847,99,40,20,20,16,3.584186553955078,64.0,65.0,8.319
1765479044.8652022,99,23,18,26,16,3.5838546752929688,64.0,65.5,7.789
1765479045.0666084,99,23,18,26,16,3.5838546752929688,64.0,65.5,7.789
1765479045.2676744,99,26,32,46,50,3.5840492248535156,64.0,65.0,8.859
1765479045.468848,99,26,32,46,50,3.5840492248535156,64.0,65.0,8.859
1765479045.6700368,99,26,32,46,50,3.5840492248535156,64.0,65.0,8.859
1765479045.8713472,24,19,21,20,15,3.5852012634277344,63.0,65.5,6.45
1765479046.07243,24,19,21,20,15,3.5852012634277344,63.0,65.5,6.45
1765479046.273342,99,24,22,22,39,3.5841712951660156,64.0,65.5,7.909
1765479046.4745111,99,24,22,22,39,3.5841712951660156,64.0,65.5,7.909
1765479046.6754072,99,24,22,22,39,3.5841712951660156,64.0,65.5,7.909
1765479046.8790946,99,21,33,31,20,3.5843849182128906,63.5,65.0,7.216
1765479047.0804532,99,21,33,31,20,3.5843849182128906,63.5,65.0,7.216
1765479047.281445,99,21,33,31,20,3.5843849182128906,63.5,65.0,7.216
1765479047.4826102,99,38,38,23,30,3.5841636657714844,64.5,66.0,9.264
1765479047.683866,99,38,38,23,30,3.5841636657714844,64.5,66.0,9.264
1765479047.8848646,99,33,41,22,31,3.5841026306152344,64.5,66.0,8.805
1765479048.0858843,99,33,41,22,31,3.5841026306152344,64.5,66.0,8.805
1765479048.2869194,99,33,41,22,31,3.5841026306152344,64.5,66.0,8.805
1765479048.4881465,99,23,16,18,18,3.584056854248047,64.0,65.0,7.523
1765479048.6891491,99,23,16,18,18,3.584056854248047,64.0,65.0,7.523
1765479048.890151,99,30,34,43,42,3.5838356018066406,64.0,65.0,8.134
1765479049.0912163,99,30,34,43,42,3.5838356018066406,64.0,65.0,8.134
1765479049.2922962,99,30,34,43,42,3.5838356018066406,64.0,65.0,8.134
1765479049.493365,99,20,25,23,18,3.5848922729492188,63.5,65.0,7.444
1765479049.6943166,99,20,25,23,18,3.5848922729492188,63.5,65.0,7.444
1765479049.8955095,99,44,20,14,16,3.5841331481933594,64.0,65.5,8.319
1765479050.0967102,99,44,20,14,16,3.5841331481933594,64.0,65.5,8.319
1765479050.2978575,99,44,20,14,16,3.5841331481933594,64.0,65.5,8.319
1765479050.4987562,99,27,41,32,28,3.5841903686523438,64.0,65.5,8.398
1765479050.6997845,99,27,41,32,28,3.5841903686523438,64.0,65.5,8.398
1765479050.9011796,99,26,23,13,20,3.5838775634765625,64.0,65.5,8.477
1765479051.1027067,99,26,23,13,20,3.5838775634765625,64.0,65.5,8.477
1765479051.3037317,99,26,23,13,20,3.5838775634765625,64.0,65.5,8.477
1765479051.5048268,99,22,52,24,22,3.5843238830566406,64.0,65.0,8.963
1765479051.7057893,99,22,52,24,22,3.5843238830566406,64.0,65.0,8.963
1765479051.9066677,11,18,18,12,16,3.5837173461914062,63.5,65.5,5.938
1765479052.1077626,11,18,18,12,16,3.5837173461914062,63.5,65.5,5.938
1765479052.308824,11,18,18,12,16,3.5837173461914062,63.5,65.5,5.938
1765479052.5099795,99,34,46,28,42,3.5838584899902344,64.0,65.5,7.869
1765479052.710874,99,34,46,28,42,3.5838584899902344,64.0,65.5,7.869
1765479052.9139779,61,24,23,30,20,3.5836257934570312,63.5,65.5,6.53
1765479053.1149783,61,24,23,30,20,3.5836257934570312,63.5,65.5,6.53
1765479053.3162427,61,24,23,30,20,3.5836257934570312,63.5,65.5,6.53
1765479053.5173407,99,36,18,14,19,3.5843353271484375,64.0,65.0,8.438
1765479053.7184298,99,36,18,14,19,3.5843353271484375,64.0,65.0,8.438
1765479053.9194489,99,30,58,21,32,3.583831787109375,64.0,65.5,8.557
1765479054.1208844,99,30,58,21,32,3.583831787109375,64.0,65.5,8.557
1765479054.3220692,99,30,58,21,32,3.583831787109375,64.0,65.5,8.557
1765479054.5230293,99,19,16,22,19,3.5834121704101562,64.0,65.5,7.71
1765479054.724199,99,19,16,22,19,3.5834121704101562,64.0,65.5,7.71
1765479054.925204,99,24,32,50,20,3.584320068359375,64.0,66.0,8.78
1765479055.126598,99,24,32,50,20,3.584320068359375,64.0,66.0,8.78
1765479055.327566,99,24,32,50,20,3.584320068359375,64.0,66.0,8.78
1765479055.5290053,85,19,12,15,19,3.583728790283203,64.0,65.0,6.829
1765479055.7299538,85,19,12,15,19,3.583728790283203,64.0,65.0,6.829
1765479055.9309618,99,29,40,37,38,3.583568572998047,64.5,66.0,8.582
1765479056.1323059,99,29,40,37,38,3.583568572998047,64.5,66.0,8.582
1765479056.3333418,99,29,40,37,38,3.583568572998047,64.5,66.0,8.582
1765479056.534806,0,40,22,30,22,3.5903549194335938,63.5,65.5,6.209
1765479056.7358146,0,40,22,30,22,3.5903549194335938,63.5,65.5,6.209
1765479056.9371295,99,38,12,11,17,3.5911827087402344,64.5,66.0,9.082
1765479057.1381629,99,38,12,11,17,3.5911827087402344,64.5,66.0,9.082
1765479057.3391974,99,38,12,11,17,3.5911827087402344,64.5,66.0,9.082
1765479057.5402792,99,28,26,40,46,3.5871315002441406,64.0,65.0,7.75
1765479057.7413554,99,28,26,40,46,3.5871315002441406,64.0,65.0,7.75
1765479057.9427202,99,28,26,40,46,3.5871315002441406,64.0,65.0,7.75
1765479058.1436975,99,24,18,21,21,3.5875930786132812,64.5,65.5,8.398
1765479058.3447266,99,24,18,21,21,3.5875930786132812,64.5,65.5,8.398
1765479058.5457597,99,37,58,26,35,3.588153839111328,64.0,66.0,9.343
1765479058.7470815,99,37,58,26,35,3.588153839111328,64.0,66.0,9.343
1765479058.948089,99,37,58,26,35,3.588153839111328,64.0,66.0,9.343
1765479059.14927,0,14,8,10,11,3.586925506591797,63.5,65.0,5.707
1765479059.3503692,0,14,8,10,11,3.586925506591797,63.5,65.0,5.707
1765479059.5513477,99,55,29,26,30,3.5870437622070312,64.5,65.0,8.015
1765479059.7525344,99,55,29,26,30,3.5870437622070312,64.5,65.0,8.015
1765479059.9534674,99,55,29,26,30,3.5870437622070312,64.5,65.0,8.015
1765479060.1545138,99,22,27,24,14,3.5877304077148438,64.0,65.0,6.908
1765479060.355542,99,22,27,24,14,3.5877304077148438,64.0,65.0,6.908
1765479060.556647,99,33,27,28,47,3.5881309509277344,64.5,66.5,9.485
1765479060.7575712,99,33,27,28,47,3.5881309509277344,64.5,66.5,9.485
1765479060.9586349,99,33,27,28,47,3.5881309509277344,64.5,66.5,9.485
1765479061.1596797,99,38,24,22,22,3.587444305419922,64.0,65.5,8.24
1765479061.3606937,99,38,24,22,22,3.587444305419922,64.0,65.5,8.24
1765479061.5615468,99,22,22,22,14,3.58782958984375,65.0,65.0,7.975
1765479061.7627392,99,22,22,22,14,3.58782958984375,65.0,65.0,7.975
1765479061.9636738,99,22,22,22,14,3.58782958984375,65.0,65.0,7.975
1765479062.164632,99,44,31,38,26,3.586811065673828,64.5,66.0,8.963
1765479062.3656912,99,44,31,38,26,3.586811065673828,64.5,66.0,8.963
1765479062.5666308,85,17,10,12,16,3.5871810913085938,64.0,65.5,6.48
1765479062.7676718,85,17,10,12,16,3.5871810913085938,64.0,65.5,6.48
1765479062.9685366,85,17,10,12,16,3.5871810913085938,64.0,65.5,6.48
1765479063.1696677,99,43,26,21,24,3.586517333984375,64.5,66.0,8.319
1765479063.3705988,99,43,26,21,24,3.586517333984375,64.5,66.0,8.319
1765479063.5718708,99,39,25,28,26,3.587352752685547,64.0,65.5,7.643
1765479063.7730427,99,39,25,28,26,3.587352752685547,64.0,65.5,7.643
1765479063.974181,99,39,25,28,26,3.587352752685547,64.0,65.5,7.643
1765479064.1750617,99,16,21,32,23,3.5878067016601562,64.5,65.5,8.622
1765479064.3765728,99,16,21,32,23,3.5878067016601562,64.5,65.5,8.622
1765479064.5776846,99,25,20,51,29,3.5868759155273438,64.5,65.5,8.477
1765479064.7790287,99,25,20,51,29,3.5868759155273438,64.5,65.5,8.477
1765479064.9800968,99,25,20,51,29,3.5868759155273438,64.5,65.5,8.477
1765479065.181017,99,18,23,12,23,3.586986541748047,64.0,65.5,7.336
1765479065.3821824,99,18,23,12,23,3.586986541748047,64.0,65.5,7.336
1765479065.58304,99,36,46,55,33,3.5871009826660156,64.5,66.5,8.622
1765479065.7842185,99,36,46,55,33,3.5871009826660156,64.5,66.5,8.622
1765479065.9851482,99,36,46,55,33,3.5871009826660156,64.5,66.5,8.622
1765479066.1868818,99,19,17,12,26,3.587841033935547,64.0,66.0,7.523
1765479066.388015,99,19,17,12,26,3.587841033935547,64.0,66.0,7.523
1765479066.588967,99,31,20,22,42,3.586833953857422,64.5,66.0,8.78
1765479066.7899969,99,31,20,22,42,3.586833953857422,64.5,66.0,8.78
1765479066.9910688,99,31,20,22,42,3.586833953857422,64.5,66.0,8.78
1765479067.1922145,99,27,36,37,30,3.5869102478027344,64.5,66.5,8.319
1765479067.3932483,99,27,36,37,30,3.5869102478027344,64.5,66.5,8.319
1765479067.5946116,99,27,36,37,30,3.5869102478027344,64.5,66.5,8.319
1765479067.79565,99,30,25,12,19,3.586864471435547,65.0,66.5,8.859
1765479067.9966414,99,30,25,12,19,3.586864471435547,65.0,66.5,8.859
1765479068.1977055,99,24,27,43,23,3.5868072509765625,64.5,66.0,8.661
1765479068.3988187,99,24,27,43,23,3.5868072509765625,64.5,66.0,8.661
1765479068.5997446,99,24,27,43,23,3.5868072509765625,64.5,66.0,8.661
1765479068.800881,49,22,20,19,21,3.5870704650878906,64.5,65.0,5.979
1765479069.002176,49,22,20,19,21,3.5870704650878906,64.5,65.0,5.979
1765479069.2034688,99,39,26,39,47,3.587177276611328,64.5,65.5,8.174
1765479069.4045527,99,39,26,39,47,3.587177276611328,64.5,65.5,8.174
1765479069.6055224,99,39,26,39,47,3.587177276611328,64.5,65.5,8.174
1765479069.8065598,41,22,27,20,24,3.587677001953125,64.0,66.0,6.829
1765479070.0076644,41,22,27,20,24,3.587677001953125,64.0,66.0,6.829
1765479070.2089498,99,24,34,19,18,3.58721923828125,64.5,66.0,8.398
1765479070.4138763,99,24,34,19,18,3.58721923828125,64.5,66.0,8.398
1765479070.6151416,99,24,34,19,18,3.58721923828125,64.5,66.0,8.398
1765479070.8163102,99,26,27,32,51,3.5870323181152344,64.0,66.5,8.358
1765479071.0174618,99,26,27,32,51,3.5870323181152344,64.0,66.5,8.358
1765479071.2184772,99,23,20,17,18,3.5872268676757812,65.0,66.0,7.789
1765479071.4195614,99,23,20,17,18,3.5872268676757812,65.0,66.0,7.789
1765479071.6207023,99,23,20,17,18,3.5872268676757812,65.0,66.0,7.789
1765479071.8218033,99,18,22,42,27,3.5880966186523438,64.0,66.5,8.701
1765479072.023271,99,18,22,42,27,3.5880966186523438,64.0,66.5,8.701
1765479072.2247326,99,22,11,16,16,3.5871620178222656,64.0,65.5,6.988
1765479072.4258015,99,22,11,16,16,3.5871620178222656,64.0,65.5,6.988
1765479072.6268322,99,22,11,16,16,3.5871620178222656,64.0,65.5,6.988
1765479072.8278618,99,38,27,29,46,3.587017059326172,65.0,66.0,8.543
1765479073.028877,99,38,27,29,46,3.587017059326172,65.0,66.0,8.543
1765479073.2302783,99,25,39,29,23,3.587963104248047,64.5,66.5,8.884
1765479073.4313185,99,25,39,29,23,3.587963104248047,64.5,66.5,8.884
1765479073.632427,99,25,39,29,23,3.587963104248047,64.5,66.5,8.884
1765479073.8336945,99,10,9,21,13,3.587200164794922,65.0,66.0,8.477
1765479074.0347598,99,10,9,21,13,3.587200164794922,65.0,66.0,8.477
1765479074.2358444,99,28,58,32,24,3.5873184204101562,64.5,65.5,8.319
1765479074.4370332,99,28,58,32,24,3.5873184204101562,64.5,65.5,8.319
1765479074.6380925,99,28,58,32,24,3.5873184204101562,64.5,65.5,8.319
1765479074.8392975,99,25,20,21,18,3.5874671936035156,64.0,65.5,6.139
1765479075.040441,99,25,20,21,18,3.5874671936035156,64.0,65.5,6.139
1765479075.2414865,99,46,25,19,33,3.58819580078125,64.5,66.0,8.845
1765479075.4425173,99,46,25,19,33,3.58819580078125,64.5,66.0,8.845
1765479075.6434252,99,46,25,19,33,3.58819580078125,64.5,66.0,8.845
1765479075.8446753,15,12,25,17,8,3.5871047973632812,64.0,65.5,6.56
1765479076.0456836,15,12,25,17,8,3.5871047973632812,64.0,65.5,6.56
1765479076.246706,99,38,34,32,24,3.5871925354003906,65.0,66.0,8.582
1765479076.4479842,99,38,34,32,24,3.5871925354003906,65.0,66.0,8.582
1765479076.6491368,99,38,34,32,24,3.5871925354003906,65.0,66.0,8.582
1765479076.850028,99,48,38,28,35,3.5871124267578125,65.0,66.5,9.042
1765479077.0510805,99,48,38,28,35,3.5871124267578125,65.0,66.5,9.042
1765479077.2521238,99,17,15,11,12,3.5878143310546875,65.0,65.5,8.094
1765479077.4531653,99,17,15,11,12,3.5878143310546875,65.0,65.5,8.094
1765479077.6542683,99,17,15,11,12,3.5878143310546875,65.0,65.5,8.094
1765479077.855256,99,52,31,22,32,3.587310791015625,65.0,66.0,8.319
1765479078.0565007,99,52,31,22,32,3.587310791015625,65.0,66.0,8.319
1765479078.2573462,99,25,27,32,28,3.5874671936035156,64.0,65.5,6.908
1765479078.4583938,99,25,27,32,28,3.5874671936035156,64.0,65.5,6.908
1765479078.6594224,99,25,27,32,28,3.5874671936035156,64.0,65.5,6.908
1765479078.8605506,99,22,45,26,25,3.587932586669922,65.0,67.0,9.304
1765479079.06152,99,22,45,26,25,3.587932586669922,65.0,67.0,9.304
1765479079.2627003,99,22,45,26,25,3.587932586669922,65.0,67.0,9.304
1765479079.4641616,99,26,26,28,18,3.5874595642089844,64.5,66.5,8.015
1765479079.6653142,99,26,26,28,18,3.5874595642089844,64.5,66.5,8.015
1765479079.8662632,99,36,23,28,22,3.5875816345214844,65.0,65.5,8.134
1765479080.0678349,99,36,23,28,22,3.5875816345214844,65.0,65.5,8.134
1765479080.2690732,99,36,23,28,22,3.5875816345214844,65.0,65.5,8.134
1765479080.4701889,99,32,32,28,50,3.587482452392578,64.5,66.5,8.74
1765479080.6712055,99,32,32,28,50,3.587482452392578,64.5,66.5,8.74
1765479080.8722231,99,14,15,15,15,3.5885772705078125,65.0,66.0,7.376
1765479081.0733016,99,14,15,15,15,3.5885772705078125,65.0,66.0,7.376
1765479081.2744694,99,14,15,15,15,3.5885772705078125,65.0,66.0,7.376
1765479081.475675,99,24,45,22,31,3.5876007080078125,65.0,66.0,8.094
1765479081.6828513,99,24,45,22,31,3.5876007080078125,65.0,66.0,8.094
1765479081.8841379,99,20,33,17,22,3.5877761840820312,64.5,66.0,6.749
1765479082.0852506,99,20,33,17,22,3.5877761840820312,64.5,66.0,6.749
1765479082.2862802,99,20,33,17,22,3.5877761840820312,64.5,66.0,6.749
1765479082.4872642,99,32,23,27,44,3.5875587463378906,65.0,66.0,8.924
1765479082.6883116,99,32,23,27,44,3.5875587463378906,65.0,66.0,8.924
1765479082.8894804,99,25,41,17,14,3.5880165100097656,64.5,65.5,8.319
1765479083.090629,99,25,41,17,14,3.5880165100097656,64.5,65.5,8.319
1765479083.291837,99,25,41,17,14,3.5880165100097656,64.5,65.5,8.319
1765479083.4929657,99,22,20,18,19,3.587718963623047,65.0,66.5,8.358
1765479083.6948469,99,22,20,18,19,3.587718963623047,65.0,66.5,8.358
1765479083.8961802,99,41,41,26,36,3.587688446044922,65.0,66.0,8.503
1765479084.0974154,99,41,41,26,36,3.587688446044922,65.0,66.0,8.503
1765479084.299778,99,41,41,26,36,3.587688446044922,65.0,66.0,8.503
1765479084.5008657,3,19,20,24,19,3.5883865356445312,64.0,66.0,6.57
1765479084.7019176,3,19,20,24,19,3.5883865356445312,64.0,66.0,6.57
1765479084.9029877,99,18,15,38,23,3.587646484375,64.5,66.0,7.75
1765479085.1040754,99,18,15,38,23,3.587646484375,64.5,66.0,7.75
1765479085.305136,99,18,15,38,23,3.587646484375,64.5,66.0,7.75
1765479085.5060797,0,27,37,25,30,3.5892066955566406,64.0,66.0,5.555
1765479085.7070634,0,27,37,25,30,3.5892066955566406,64.0,66.0,5.555
1765479085.9080882,99,18,48,20,19,3.5896453857421875,65.0,66.0,8.557
1765479086.109021,99,18,48,20,19,3.5896453857421875,65.0,66.0,8.557
1765479086.3101113,99,18,48,20,19,3.5896453857421875,65.0,66.0,8.557
1765479086.511075,99,21,47,22,18,3.5904998779296875,65.0,66.5,8.503
1765479086.7122574,99,21,47,22,18,3.5904998779296875,65.0,66.5,8.503
1765479086.9132626,99,21,18,14,20,3.58966064453125,65.0,66.0,8.24
1765479087.114218,99,21,18,14,20,3.58966064453125,65.0,66.0,8.24
1765479087.315316,99,21,18,14,20,3.58966064453125,65.0,66.0,8.24
1765479087.5164795,99,28,31,51,32,3.5888710021972656,65.0,66.5,8.477
1765479087.7177417,99,28,31,51,32,3.5888710021972656,65.0,66.5,8.477
1765479087.9186928,0,18,24,25,24,3.5894927978515625,64.0,66.5,6.099
1765479088.119732,0,18,24,25,24,3.5894927978515625,64.0,66.5,6.099
1765479088.3206055,0,18,24,25,24,3.5894927978515625,64.0,66.5,6.099
1765479088.5216184,99,44,15,19,20,3.5899658203125,65.0,66.0,8.015
1765479088.7224987,99,44,15,19,20,3.5899658203125,65.0,66.0,8.015
1765479088.9234693,94,25,34,21,31,3.5896530151367188,64.5,66.5,7.296
1765479089.1245813,94,25,34,21,31,3.5896530151367188,64.5,66.5,7.296
1765479089.325635,94,25,34,21,31,3.5896530151367188,64.5,66.5,7.296
1765479089.5268574,99,22,22,26,37,3.58990478515625,65.5,66.5,8.398
1765479089.727861,99,22,22,26,37,3.58990478515625,65.5,66.5,8.398
1765479089.929063,99,22,22,26,37,3.58990478515625,65.5,66.5,8.398
1765479090.1301033,99,44,24,26,35,3.5899505615234375,65.5,66.5,9.106
1765479090.3312762,99,44,24,26,35,3.5899505615234375,65.5,66.5,9.106
1765479090.5324407,99,15,11,12,15,3.58984375,65.0,66.0,7.256
1765479090.7336407,99,15,11,12,15,3.58984375,65.0,66.0,7.256
1765479090.9346817,99,15,11,12,15,3.58984375,65.0,66.0,7.256
1765479091.1357322,99,39,38,30,38,3.5892181396484375,65.5,66.5,7.829
1765479091.3365333,99,39,38,30,38,3.5892181396484375,65.5,66.5,7.829
1765479091.5378346,99,25,26,21,30,3.5896835327148438,65.0,66.0,7.176
1765479091.7389634,99,25,26,21,30,3.5896835327148438,65.0,66.0,7.176
1765479091.940126,99,25,26,21,30,3.5896835327148438,65.0,66.0,7.176
1765479092.1413445,99,22,21,41,20,3.590320587158203,65.5,67.0,9.042
1765479092.342713,99,22,21,41,20,3.590320587158203,65.5,67.0,9.042
1765479092.5437462,99,20,28,35,30,3.5901260375976562,65.0,67.0,8.24
1765479092.7445316,99,20,28,35,30,3.5901260375976562,65.0,67.0,8.24
1765479092.9456453,99,20,28,35,30,3.5901260375976562,65.0,67.0,8.24
1765479093.1465192,99,22,31,16,18,3.590099334716797,65.5,66.0,8.319
1765479093.347523,99,22,31,16,18,3.590099334716797,65.5,66.0,8.319
1765479093.5484598,99,31,51,34,30,3.590351104736328,65.5,67.0,9.185
1765479093.7493553,99,31,51,34,30,3.590351104736328,65.5,67.0,9.185
1765479093.9503212,99,31,51,34,30,3.590351104736328,65.5,67.0,9.185
1765479094.1516266,99,10,10,8,13,3.5893402099609375,65.0,65.5,6.29
1765479094.3527784,99,10,10,8,13,3.5893402099609375,65.0,65.5,6.29
1765479094.5540292,99,32,50,38,31,3.5897789001464844,65.0,66.0,8.121
1765479094.7551801,99,32,50,38,31,3.5897789001464844,65.0,66.0,8.121
1765479094.9560955,99,32,50,38,31,3.5897789001464844,65.0,66.0,8.121
1765479095.157214,99,25,23,16,28,3.5897178649902344,65.0,65.5,6.868
1765479095.3584225,99,25,23,16,28,3.5897178649902344,65.0,65.5,6.868
1765479095.5595984,99,28,42,22,22,3.5905990600585938,65.5,66.5,9.264
1765479095.7605033,99,28,42,22,22,3.5905990600585938,65.5,66.5,9.264
1765479095.9615943,99,28,42,22,22,3.5905990600585938,65.5,66.5,9.264
1765479096.1626925,99,20,45,26,20,3.589679718017578,65.0,66.5,8.24
1765479096.3637471,99,20,45,26,20,3.589679718017578,65.0,66.5,8.24
1765479096.5646284,99,21,17,18,22,3.5896568298339844,65.5,66.5,8.398
1765479096.765609,99,21,17,18,22,3.5896568298339844,65.5,66.5,8.398
1765479096.9669428,99,21,17,18,22,3.5896568298339844,65.5,66.5,8.398
1765479097.1681087,99,29,30,42,48,3.589832305908203,65.5,66.5,9.003
1765479097.3691828,99,29,30,42,48,3.589832305908203,65.5,66.5,9.003
1765479097.5702105,84,16,12,20,15,3.589885711669922,64.5,66.5,6.49
1765479097.77146,84,16,12,20,15,3.589885711669922,64.5,66.5,6.49
1765479097.972466,84,16,12,20,15,3.589885711669922,64.5,66.5,6.49
1765479098.1734154,99,26,30,42,32,3.5895004272460938,65.5,66.5,8.081
1765479098.3743975,99,26,30,42,32,3.5895004272460938,65.5,66.5,8.081
1765479098.575581,99,26,30,42,32,3.5895004272460938,65.5,66.5,8.081
1765479098.7765937,99,30,33,34,21,3.589771270751953,65.0,66.0,7.789
1765479098.977798,99,30,33,34,21,3.589771270751953,65.0,66.0,7.789
1765479099.1788561,99,25,25,36,21,3.590648651123047,65.5,67.5,8.963
1765479099.3798237,99,25,25,36,21,3.590648651123047,65.5,67.5,8.963
1765479099.58094,99,25,25,36,21,3.590648651123047,65.5,67.5,8.963
1765479099.7822053,99,24,51,18,20,3.5894927978515625,65.0,66.5,8.424
1765479099.9833374,99,24,51,18,20,3.5894927978515625,65.0,66.5,8.424
1765479100.1843057,99,16,22,19,14,3.5896682739257812,65.0,66.0,7.176
1765479100.3852737,99,16,22,19,14,3.5896682739257812,65.0,66.0,7.176
1765479100.586251,99,16,22,19,14,3.5896682739257812,65.0,66.0,7.176
1765479100.7872758,99,45,37,32,46,3.589702606201172,65.5,66.5,8.464
1765479100.9894643,99,45,37,32,46,3.589702606201172,65.5,66.5,8.464
1765479101.1916451,99,14,16,20,21,3.5905685424804688,65.0,66.5,7.71
1765479101.392997,99,14,16,20,21,3.5905685424804688,65.0,66.5,7.71
1765479101.594195,99,14,16,20,21,3.5905685424804688,65.0,66.5,7.71
1765479101.7954292,99,37,24,18,24,3.5898399353027344,65.5,66.0,8.464
1765479101.9964325,99,37,24,18,24,3.5898399353027344,65.5,66.0,8.464
1765479102.1975293,99,28,28,31,46,3.5898361206054688,65.0,67.0,8.319
1765479102.3984222,99,28,28,31,46,3.5898361206054688,65.0,67.0,8.319
1765479102.5995226,99,28,28,31,46,3.5898361206054688,65.0,67.0,8.319
1765479102.8004913,99,25,24,18,32,3.589702606201172,65.5,66.5,8.845
1765479103.001641,99,25,24,18,32,3.589702606201172,65.5,66.5,8.845
1765479103.2026503,99,20,39,26,24,3.589923858642578,65.5,66.5,8.543
1765479103.403733,99,20,39,26,24,3.589923858642578,65.5,66.5,8.543
1765479103.6046507,99,20,39,26,24,3.589923858642578,65.5,66.5,8.543
1765479103.817154,0,23,19,14,20,3.5896835327148438,65.0,66.5,5.979
1765479104.0181308,0,23,19,14,20,3.5896835327148438,65.0,66.5,5.979
1765479104.2191887,99,35,46,27,48,3.589385986328125,65.5,66.5,8.015
1765479104.4203274,99,35,46,27,48,3.589385986328125,65.5,66.5,8.015
1765479104.6212137,99,35,46,27,48,3.589385986328125,65.5,66.5,8.015
1765479104.8223941,41,28,30,25,23,3.590320587158203,65.0,67.0,7.301
1765479105.0232623,41,28,30,25,23,3.590320587158203,65.0,67.0,7.301
1765479105.2244897,99,19,29,12,17,3.58990478515625,65.5,66.5,8.279
1765479105.4254138,99,19,29,12,17,3.58990478515625,65.5,66.5,8.279
1765479105.6265826,99,19,29,12,17,3.58990478515625,65.5,66.5,8.279
1765479105.827572,99,28,54,28,25,3.5897979736328125,65.5,66.5,8.279
1765479106.028733,99,28,54,28,25,3.5897979736328125,65.5,66.5,8.279
1765479106.229616,99,21,18,16,17,3.5896263122558594,65.5,66.5,7.603
1765479106.4376295,99,21,18,16,17,3.5896263122558594,65.5,66.5,7.603
1765479106.6386743,99,21,18,16,17,3.5896263122558594,65.5,66.5,7.603
1765479106.839804,99,20,30,24,45,3.5904273986816406,66.0,66.5,8.503
1765479107.041124,99,20,30,24,45,3.5904273986816406,66.0,66.5,8.503
1765479107.2421415,99,25,25,17,10,3.5898513793945312,65.0,66.5,6.908
1765479107.443393,99,25,25,17,10,3.5898513793945312,65.0,66.5,6.908
1765479107.644547,99,25,25,17,10,3.5898513793945312,65.0,66.5,6.908
1765479107.845774,99,28,32,48,22,3.5899085998535156,65.5,67.0,8.701
1765479108.0468204,99,28,32,48,22,3.5899085998535156,65.5,67.0,8.701
1765479108.248517,99,28,32,48,22,3.5899085998535156,65.5,67.0,8.701
1765479108.4498606,99,40,48,31,36,3.589752197265625,65.5,67.0,8.661
1765479108.650971,99,40,48,31,36,3.589752197265625,65.5,67.0,8.661
1765479108.8518817,99,20,13,10,8,3.5897254943847656,66.0,66.5,8.622
1765479109.0532908,99,20,13,10,8,3.5897254943847656,66.0,66.5,8.622
1765479109.2543736,99,20,13,10,8,3.5897254943847656,66.0,66.5,8.622
1765479109.4579692,99,29,57,21,25,3.5895614624023438,65.5,66.5,8.424
1765479109.6591635,99,29,57,21,25,3.5895614624023438,65.5,66.5,8.424
1765479109.8603268,75,26,20,26,19,3.5898284912109375,65.0,66.5,5.979
1765479110.0613909,75,26,20,26,19,3.5898284912109375,65.0,66.5,5.979
1765479110.2623434,75,26,20,26,19,3.5898284912109375,65.0,66.5,5.979
1765479110.4636426,99,28,26,39,52,3.5906219482421875,65.5,67.5,9.146
1765479110.664618,99,28,26,39,52,3.5906219482421875,65.5,67.5,9.146
1765479110.8660815,99,20,26,15,18,3.5894927978515625,65.0,66.5,7.284
1765479111.067177,99,20,26,15,18,3.5894927978515625,65.0,66.5,7.284
1765479111.2682168,99,20,26,15,18,3.5894927978515625,65.0,66.5,7.284
1765479111.469605,99,27,38,23,30,3.5897483825683594,66.0,66.5,8.266
1765479111.6707273,99,27,38,23,30,3.5897483825683594,66.0,66.5,8.266
1765479111.8717735,99,37,28,48,35,3.589405059814453,66.0,67.5,8.949
1765479112.0728502,99,37,28,48,35,3.589405059814453,66.0,67.5,8.949
1765479112.2739506,99,37,28,48,35,3.589405059814453,66.0,67.5,8.949
1765479112.4749656,99,6,14,20,16,3.5900039672851562,65.5,67.0,8.16
1765479112.6762035,99,6,14,20,16,3.5900039672851562,65.5,67.0,8.16
1765479112.8775227,99,20,26,27,44,3.589618682861328,65.5,67.0,7.896
1765479113.078768,99,20,26,27,44,3.589618682861328,65.5,67.0,7.896
1765479113.2796984,99,20,26,27,44,3.589618682861328,65.5,67.0,7.896
1765479113.480826,99,27,37,22,21,3.589618682861328,65.0,66.5,7.097
1765479113.68197,99,27,37,22,21,3.589618682861328,65.0,66.5,7.097
1765479113.882931,99,28,49,26,18,3.5898971557617188,65.5,67.0,8.87
1765479114.0838459,99,28,49,26,18,3.5898971557617188,65.5,67.0,8.87
1765479114.288356,99,28,49,26,18,3.5898971557617188,65.5,67.0,8.87
1765479114.4896648,99,19,42,22,19,3.5895423889160156,65.5,67.0,8.385
1765479114.6908648,99,19,42,22,19,3.5895423889160156,65.5,67.0,8.385
1765479114.8918834,99,22,18,31,19,3.589679718017578,65.5,66.5,8.464
1765479115.0935366,99,22,18,31,19,3.589679718017578,65.5,66.5,8.464
1765479115.2945313,99,22,18,31,19,3.589679718017578,65.5,66.5,8.464
1765479115.4955957,99,40,42,28,40,3.5897674560546875,66.0,67.0,8.766
1765479115.6967437,99,40,42,28,40,3.5897674560546875,66.0,67.0,8.766
1765479115.8976705,26,19,17,16,16,3.590343475341797,65.0,67.0,6.52
1765479116.099081,26,19,17,16,16,3.590343475341797,65.0,67.0,6.52
1765479116.3002088,26,19,17,16,16,3.590343475341797,65.0,67.0,6.52
1765479116.5035222,99,24,26,40,21,3.5897674560546875,66.0,67.0,8.174
1765479116.7044864,99,24,26,40,21,3.5897674560546875,66.0,67.0,8.174
1765479116.905573,5,18,20,30,16,3.5901947021484375,65.0,66.0,6.32
1765479117.106625,5,18,20,30,16,3.5901947021484375,65.0,66.0,6.32
1765479117.3075907,5,18,20,30,16,3.5901947021484375,65.0,66.0,6.32
1765479117.5085933,99,20,34,22,26,3.5896987915039062,66.0,67.0,8.726
1765479117.7095532,99,20,34,22,26,3.5896987915039062,66.0,67.0,8.726
1765479117.9105763,99,27,52,22,22,3.5897560119628906,65.5,67.0,8.884
1765479118.1114967,99,27,52,22,22,3.5897560119628906,65.5,67.0,8.884
1765479118.3126144,99,27,52,22,22,3.5897560119628906,65.5,67.0,8.884
1765479118.5135937,99,19,14,20,16,3.5896682739257812,65.5,67.0,7.856
1765479118.7146974,99,19,14,20,16,3.5896682739257812,65.5,67.0,7.856
1765479118.9183624,99,19,14,20,16,3.5896682739257812,65.5,67.0,7.856
1765479119.1193922,99,28,52,31,28,3.589801788330078,66.0,67.0,8.015
1765479119.3204465,99,28,52,31,28,3.589801788330078,66.0,67.0,8.015
1765479119.5215125,92,20,29,27,12,3.589702606201172,65.5,66.5,7.137
1765479119.7224765,92,20,29,27,12,3.589702606201172,65.5,66.5,7.137
1765479119.9234812,92,20,29,27,12,3.589702606201172,65.5,66.5,7.137
1765479120.1248763,99,12,15,20,36,3.5902175903320312,65.5,67.0,8.385
1765479120.3262935,99,12,15,20,36,3.5902175903320312,65.5,67.0,8.385
1765479120.5273778,99,34,36,46,33,3.5896682739257812,66.0,67.5,8.582
1765479120.7283227,99,34,36,46,33,3.5896682739257812,66.0,67.5,8.582
1765479120.9293926,99,34,36,46,33,3.5896682739257812,66.0,67.5,8.582
1765479121.1303244,99,34,14,16,15,3.5898818969726562,65.5,67.0,8.358
1765479121.3314614,99,34,14,16,15,3.5898818969726562,65.5,67.0,8.358
1765479121.5326002,99,30,36,47,29,3.5907669067382812,66.0,67.0,9.288
1765479121.7337372,99,30,36,47,29,3.5907669067382812,66.0,67.0,9.288
1765479121.9347475,99,30,36,47,29,3.5907669067382812,66.0,67.0,9.288
1765479122.136102,51,14,17,15,14,3.589385986328125,65.5,66.5,5.979
1765479122.3374343,51,14,17,15,14,3.589385986328125,65.5,66.5,5.979
1765479122.5385323,99,50,32,38,31,3.58966064453125,65.5,66.5,8.121
1765479122.7395756,99,50,32,38,31,3.58966064453125,65.5,66.5,8.121
1765479122.9405763,99,50,32,38,31,3.58966064453125,65.5,66.5,8.121
1765479123.1415992,99,24,22,16,18,3.5898361206054688,65.5,67.0,6.829
1765479123.3426342,99,24,22,16,18,3.5898361206054688,65.5,67.0,6.829
1765479123.5437183,99,22,38,19,16,3.590576171875,66.0,67.5,9.146
1765479123.7448936,99,22,38,19,16,3.590576171875,66.0,67.5,9.146
1765479123.9458547,99,22,38,19,16,3.590576171875,66.0,67.5,9.146
1765479124.1469178,99,27,42,34,25,3.5897903442382812,65.5,66.5,8.398
1765479124.3480756,99,27,42,34,25,3.5897903442382812,65.5,66.5,8.398
1765479124.549042,99,27,20,18,29,3.589893341064453,66.0,67.0,8.24
1765479124.7502506,99,27,20,18,29,3.589893341064453,66.0,67.0,8.24
1765479124.9512942,99,27,20,18,29,3.589893341064453,66.0,67.0,8.24
1765479125.1523995,99,30,43,50,22,3.590679168701172,66.0,67.5,9.328
1765479125.3533916,99,30,43,50,22,3.590679168701172,66.0,67.5,9.328
1765479125.5543332,99,14,11,19,20,3.5894813537597656,65.0,67.0,6.68
1765479125.7556984,99,14,11,19,20,3.5894813537597656,65.0,67.0,6.68
1765479125.9566379,99,14,11,19,20,3.5894813537597656,65.0,67.0,6.68
1765479126.1577122,99,32,45,29,24,3.589611053466797,66.0,67.0,8.134
1765479126.3590536,99,32,45,29,24,3.589611053466797,66.0,67.0,8.134
1765479126.5603652,99,25,36,24,26,3.5899696350097656,65.0,67.0,7.057
1765479126.7612915,99,25,36,24,26,3.5899696350097656,65.0,67.0,7.057
1765479126.962691,99,25,36,24,26,3.5899696350097656,65.0,67.0,7.057
1765479127.1640737,99,18,35,20,16,3.59063720703125,66.0,67.5,9.264
1765479127.3655517,99,18,35,20,16,3.59063720703125,66.0,67.5,9.264
1765479127.5665784,99,28,14,50,21,3.5892372131347656,66.0,67.0,8.2
1765479127.7677648,99,28,14,50,21,3.5892372131347656,66.0,67.0,8.2
1765479127.968922,99,28,14,50,21,3.5892372131347656,66.0,67.0,8.2
1765479128.1698759,99,23,20,10,21,3.5897254943847656,66.0,67.0,7.444
1765479128.3708441,99,23,20,10,21,3.5897254943847656,66.0,67.0,7.444
1765479128.5717726,99,28,48,33,19,3.589740753173828,66.0,67.0,8.543
1765479128.7727792,99,28,48,33,19,3.589740753173828,66.0,67.0,8.543
1765479128.9737298,99,28,48,33,19,3.589740753173828,66.0,67.0,8.543
1765479129.174972,99,6,18,12,15,3.589855194091797,65.5,67.0,7.444
1765479129.376038,99,6,18,12,15,3.589855194091797,65.5,67.0,7.444
1765479129.5770206,99,6,18,12,15,3.589855194091797,65.5,67.0,7.444
1765479129.778157,99,32,29,39,38,3.589588165283203,66.0,67.0,8.661
1765479129.9795144,99,32,29,39,38,3.589588165283203,66.0,67.0,8.661
1765479130.1809068,99,26,25,31,45,3.5892601013183594,65.5,67.5,8.358
1765479130.3818603,99,26,25,31,45,3.5892601013183594,65.5,67.5,8.358
1765479130.5829482,99,26,25,31,45,3.5892601013183594,65.5,67.5,8.358
1765479130.7838705,99,14,16,13,22,3.589984893798828,66.0,67.5,9.185
1765479130.9850445,99,14,16,13,22,3.589984893798828,66.0,67.5,9.185
1765479131.1862087,99,20,26,40,18,3.5898666381835938,66.0,67.0,8.477
1765479131.3872726,99,20,26,40,18,3.5898666381835938,66.0,67.0,8.477
1765479131.58841,99,20,26,40,18,3.5898666381835938,66.0,67.0,8.477
1765479131.789692,55,27,20,18,20,3.589885711669922,65.0,67.0,6.48
1765479131.9906323,55,27,20,18,20,3.589885711669922,65.0,67.0,6.48
1765479132.1916661,99,34,28,32,46,3.5896987915039062,66.0,67.5,8.279
1765479132.3926656,99,34,28,32,46,3.5896987915039062,66.0,67.5,8.279
1765479132.5937731,99,34,28,32,46,3.5896987915039062,66.0,67.5,8.279
1765479132.7948806,99,18,19,25,19,3.5903396606445312,65.5,67.5,7.71
1765479132.9958887,99,18,19,25,19,3.5903396606445312,65.5,67.5,7.71
1765479133.197409,99,22,24,26,34,3.589550018310547,66.0,67.0,8.16
1765479133.3983572,99,22,24,26,34,3.589550018310547,66.0,67.0,8.16
1765479133.5993073,99,22,24,26,34,3.589550018310547,66.0,67.0,8.16
1765479133.8003979,99,28,54,34,36,3.5896377563476562,66.0,67.5,8.582
1765479134.001562,99,28,54,34,36,3.5896377563476562,66.0,67.5,8.582
1765479134.202543,99,20,12,21,12,3.5896530151367188,66.0,67.0,8.121
1765479134.4035408,99,20,12,21,12,3.5896530151367188,66.0,67.0,8.121
1765479134.6048446,99,20,12,21,12,3.5896530151367188,66.0,67.0,8.121
1765479134.805962,99,30,32,18,22,3.5899009704589844,66.0,67.0,7.975
1765479135.007008,99,30,32,18,22,3.5899009704589844,66.0,67.0,7.975
1765479135.2082279,79,23,23,21,32,3.58990478515625,65.5,66.5,7.017
1765479135.4093106,79,23,23,21,32,3.58990478515625,65.5,66.5,7.017
1765479135.6103427,79,23,23,21,32,3.58990478515625,65.5,66.5,7.017
1765479135.8113256,99,26,30,25,48,3.5894813537597656,66.0,67.0,8.438
1765479136.01229,99,26,30,25,48,3.5894813537597656,66.0,67.0,8.438
1765479136.213419,99,36,29,22,27,3.590118408203125,65.5,68.0,8.661
1765479136.4145095,99,36,29,22,27,3.590118408203125,65.5,68.0,8.661
1765479136.6156156,99,36,29,22,27,3.590118408203125,65.5,68.0,8.661
1765479136.8170435,99,18,27,25,12,3.5891876220703125,66.0,67.0,8.24
1765479137.0183122,99,18,27,25,12,3.5891876220703125,66.0,67.0,8.24
1765479137.21935,99,22,24,37,50,3.589855194091797,66.0,67.0,8.438
1765479137.4205158,99,22,24,37,50,3.589855194091797,66.0,67.0,8.438
1765479137.6214156,99,22,24,37,50,3.589855194091797,66.0,67.0,8.438
1765479137.822264,99,24,22,16,15,3.5897560119628906,66.0,66.5,7.256
1765479138.0233643,99,24,22,16,15,3.5897560119628906,66.0,66.5,7.256
1765479138.2244394,99,42,26,30,44,3.590198516845703,66.0,67.0,8.726
1765479138.425522,99,42,26,30,44,3.590198516845703,66.0,67.0,8.726
1765479138.6264544,99,42,26,30,44,3.590198516845703,66.0,67.0,8.726
1765479138.8274477,99,30,20,19,19,3.589935302734375,65.5,66.5,6.6
1765479139.028765,99,30,20,19,19,3.589935302734375,65.5,66.5,6.6
1765479139.2302883,99,32,24,47,25,3.589996337890625,66.0,67.5,8.477
1765479139.4311965,99,32,24,47,25,3.589996337890625,66.0,67.5,8.477
1765479139.6328678,99,32,24,47,25,3.589996337890625,66.0,67.5,8.477
1765479139.8338401,99,32,39,26,25,3.5900115966796875,65.5,67.5,8.766
1765479140.0349019,99,32,39,26,25,3.5900115966796875,65.5,67.5,8.766
1765479140.235977,99,32,39,26,25,3.5900115966796875,65.5,67.5,8.766
1765479140.4368637,99,26,8,10,15,3.5895919799804688,66.0,67.5,8.24
1765479140.637995,99,26,8,10,15,3.5895919799804688,66.0,67.5,8.24
1765479140.8392463,99,29,39,44,20,3.5893096923828125,66.0,67.5,8.438
1765479141.040529,99,29,39,44,20,3.5893096923828125,66.0,67.5,8.438
1765479141.2439914,99,29,39,44,20,3.5893096923828125,66.0,67.5,8.438
1765479141.445412,19,33,23,16,20,3.5896224975585938,65.5,67.5,6.52
1765479141.6468954,19,33,23,16,20,3.5896224975585938,65.5,67.5,6.52
1765479141.8480418,99,45,19,23,20,3.590259552001953,66.0,68.5,8.766
1765479142.0489845,99,45,19,23,20,3.590259552001953,66.0,68.5,8.766
1765479142.2499616,99,45,19,23,20,3.590259552001953,66.0,68.5,8.766
1765479142.4510417,99,18,18,21,20,3.5895919799804688,65.5,67.5,7.829
1765479142.652231,99,18,18,21,20,3.5895919799804688,65.5,67.5,7.829
1765479142.8531954,99,25,20,36,20,3.589935302734375,66.0,67.0,8.094
1765479143.054181,99,25,20,36,20,3.589935302734375,66.0,67.0,8.094
1765479143.2552607,99,25,20,36,20,3.589935302734375,66.0,67.0,8.094
1765479143.4562612,99,50,37,39,31,3.590118408203125,66.0,68.0,9.264
1765479143.6573548,99,50,37,39,31,3.590118408203125,66.0,68.0,9.264
1765479143.8583093,99,12,12,6,12,3.5897483825683594,66.0,67.0,7.975
1765479144.0594015,99,12,12,6,12,3.5897483825683594,66.0,67.0,7.975
1765479144.2603657,99,12,12,6,12,3.5897483825683594,66.0,67.0,7.975
1765479144.461499,99,36,39,30,30,3.5898208618164062,66.5,67.5,7.936
1765479144.6629238,99,36,39,30,30,3.5898208618164062,66.5,67.5,7.936
1765479144.864006,99,28,22,25,22,3.5897750854492188,66.0,67.5,7.176
1765479145.065071,99,28,22,25,22,3.5897750854492188,66.0,67.5,7.176
1765479145.2660413,99,28,22,25,22,3.5897750854492188,66.0,67.5,7.176
1765479145.4671795,99,28,28,20,50,3.5906333923339844,66.0,67.5,9.328
1765479145.6682615,99,28,28,20,50,3.5906333923339844,66.0,67.5,9.328
1765479145.8696957,99,14,19,32,18,3.5897903442382812,66.0,67.5,7.856
1765479146.07081,99,14,19,32,18,3.5897903442382812,66.0,67.5,7.856
1765479146.2718563,99,14,19,32,18,3.5897903442382812,66.0,67.5,7.856
1765479146.4730248,99,26,29,25,35,3.58990478515625,66.0,67.5,8.094
1765479146.6740878,99,26,29,25,35,3.58990478515625,66.0,67.5,8.094
1765479146.8751407,99,32,46,41,36,3.589397430419922,66.0,67.5,8.963
1765479147.076446,99,32,46,41,36,3.589397430419922,66.0,67.5,8.963
1765479147.2775652,99,32,46,41,36,3.589397430419922,66.0,67.5,8.963
1765479147.478486,99,17,14,13,10,3.5902481079101562,66.0,67.0,7.869
1765479147.6796503,99,17,14,13,10,3.5902481079101562,66.0,67.0,7.869
1765479147.880621,99,51,25,21,25,3.5896987915039062,66.5,67.5,8.2
1765479148.081754,99,51,25,21,25,3.5896987915039062,66.5,67.5,8.2
1765479148.282885,99,51,25,21,25,3.5896987915039062,66.5,67.5,8.2
1765479148.4838507,99,21,22,20,20,3.590076446533203,66.0,67.5,7.284
1765479148.6848307,99,21,22,20,20,3.590076446533203,66.0,67.5,7.284
1765479148.8859508,99,52,28,29,19,3.5900306701660156,66.5,67.5,9.146
1765479149.0870302,99,52,28,29,19,3.5900306701660156,66.5,67.5,9.146
1765479149.2882538,99,52,28,29,19,3.5900306701660156,66.5,67.5,9.146
1765479149.4896135,99,31,12,26,19,3.589977264404297,66.0,67.0,8.319
1765479149.6907814,99,31,12,26,19,3.589977264404297,66.0,67.0,8.319
1765479149.8918455,99,31,12,26,19,3.589977264404297,66.0,67.0,8.319
1765479150.092884,99,26,23,21,22,3.5896072387695312,66.0,67.5,8.464
1765479150.2939544,99,26,23,21,22,3.5896072387695312,66.0,67.5,8.464
1765479150.4952872,99,38,30,46,32,3.589519500732422,66.5,67.5,8.963
1765479150.6964383,99,38,30,46,32,3.589519500732422,66.5,67.5,8.963
1765479150.8976119,99,38,30,46,32,3.589519500732422,66.5,67.5,8.963
1765479151.0986962,0,21,19,12,14,3.5900230407714844,65.5,67.5,6.45
1765479151.299882,0,21,19,12,14,3.5900230407714844,65.5,67.5,6.45
1765479151.501239,99,52,21,27,36,3.5967254638671875,66.5,67.0,8.094
1765479151.7023668,99,52,21,27,36,3.5967254638671875,66.5,67.0,8.094
1765479151.9033449,99,52,21,27,36,3.5967254638671875,66.5,67.0,8.094
1765479152.1044915,99,23,20,38,16,3.5972518920898438,65.5,67.0,5.938
1765479152.305515,99,23,20,38,16,3.5972518920898438,65.5,67.0,5.938
1765479152.506916,99,48,35,25,23,3.5617446899414062,66.5,67.5,8.24
1765479152.7078338,99,48,35,25,23,3.5617446899414062,66.5,67.5,8.24
1765479152.9096675,99,48,35,25,23,3.5617446899414062,66.5,67.5,8.24
1765479153.1106899,99,16,20,27,14,3.561817169189453,66.0,67.5,8.2
1765479153.311665,99,16,20,27,14,3.561817169189453,66.0,67.5,8.2
1765479153.5126698,99,34,22,16,16,3.5620079040527344,66.5,67.0,8.015
1765479153.7143247,99,34,22,16,16,3.5620079040527344,66.5,67.0,8.015
1765479153.9153655,99,34,22,16,16,3.5620079040527344,66.5,67.0,8.015
1765479154.1165118,99,34,29,26,53,3.5615463256835938,66.0,67.0,8.24
1765479154.3176448,99,34,29,26,53,3.5615463256835938,66.0,67.0,8.24
1765479154.5186112,99,21,21,19,17,3.5619430541992188,66.5,67.5,8.279
1765479154.7200825,99,21,21,19,17,3.5619430541992188,66.5,67.5,8.279
1765479154.9211025,99,21,21,19,17,3.5619430541992188,66.5,67.5,8.279
1765479155.122277,99,20,41,15,31,3.56170654296875,66.0,67.5,8.134
1765479155.3231623,99,20,41,15,31,3.56170654296875,66.0,67.5,8.134
1765479155.5243886,99,20,24,22,20,3.5621490478515625,66.5,67.0,6.988
1765479155.7255085,99,20,24,22,20,3.5621490478515625,66.5,67.0,6.988
1765479155.926525,99,20,24,22,20,3.5621490478515625,66.5,67.0,6.988
1765479156.1275997,99,51,24,24,22,3.5616455078125,66.5,67.5,8.805
1765479156.3284912,99,51,24,24,22,3.5616455078125,66.5,67.5,8.805
1765479156.5297112,99,22,22,41,22,3.5624618530273438,66.5,68.0,8.845
1765479156.7307162,99,22,22,41,22,3.5624618530273438,66.5,68.0,8.845
1765479156.9318004,99,22,22,41,22,3.5624618530273438,66.5,68.0,8.845
1765479157.1329823,99,18,25,12,18,3.562175750732422,66.5,67.0,7.975
1765479157.3340523,99,18,25,12,18,3.562175750732422,66.5,67.0,7.975
1765479157.5350916,99,32,30,48,38,3.562000274658203,66.5,67.5,8.503
1765479157.7362921,99,32,30,48,38,3.562000274658203,66.5,67.5,8.503
1765479157.937672,99,32,30,48,38,3.562000274658203,66.5,67.5,8.503
1765479158.139407,21,20,24,22,21,3.561878204345703,66.5,67.0,6.209
1765479158.340576,21,20,24,22,21,3.561878204345703,66.5,67.0,6.209
1765479158.541622,99,30,25,41,23,3.5623703002929688,66.5,68.0,8.661
1765479158.7426386,99,30,25,41,23,3.5623703002929688,66.5,68.0,8.661
1765479158.9435687,99,30,25,41,23,3.5623703002929688,66.5,68.0,8.661
1765479159.1446276,44,24,19,32,24,3.5691184997558594,66.0,67.0,6.179
1765479159.3457193,44,24,19,32,24,3.5691184997558594,66.0,67.0,6.179
1765479159.5467167,99,31,32,58,41,3.6085548400878906,66.5,68.0,8.319
1765479159.7478192,99,31,32,58,41,3.6085548400878906,66.5,68.0,8.319
1765479159.9488163,99,31,32,58,41,3.6085548400878906,66.5,68.0,8.319
1765479160.149896,99,24,18,26,21,3.610034942626953,66.0,68.0,6.908
1765479160.3509064,99,24,18,26,21,3.610034942626953,66.0,68.0,6.908
1765479160.552614,99,18,39,17,18,3.5569114685058594,66.5,67.5,8.424
1765479160.753615,99,18,39,17,18,3.5569114685058594,66.5,67.5,8.424
1765479160.9545856,99,18,39,17,18,3.5569114685058594,66.5,67.5,8.424
1765479161.1556103,99,42,32,26,26,3.5567893981933594,66.5,68.0,8.279
1765479161.3565276,99,42,32,26,26,3.5567893981933594,66.5,68.0,8.279
1765479161.5576503,99,42,32,26,26,3.5567893981933594,66.5,68.0,8.279
1765479161.7586155,99,38,20,24,19,3.557544708251953,66.5,67.5,8.503
1765479161.9596932,99,38,20,24,19,3.557544708251953,66.5,67.5,8.503
1765479162.160806,99,20,20,53,26,3.5580482482910156,66.5,68.5,9.225
1765479162.3618782,99,20,20,53,26,3.5580482482910156,66.5,68.5,9.225
1765479162.5627482,99,20,20,53,26,3.5580482482910156,66.5,68.5,9.225
1765479162.764267,59,15,14,12,11,3.5569915771484375,66.0,67.0,6.169
1765479162.9653957,59,15,14,12,11,3.5569915771484375,66.0,67.0,6.169
1765479163.1664884,99,28,37,51,36,3.5570907592773438,66.5,67.5,8.319
1765479163.3676102,99,28,37,51,36,3.5570907592773438,66.5,67.5,8.319
1765479163.568485,99,28,37,51,36,3.5570907592773438,66.5,67.5,8.319
1765479163.769549,90,30,22,20,20,3.5575180053710938,66.0,67.0,6.48
1765479163.9704945,90,30,22,20,20,3.5575180053710938,66.0,67.0,6.48
1765479164.171653,99,28,40,19,18,3.55731201171875,66.5,67.5,8.884
1765479164.3725884,99,28,40,19,18,3.55731201171875,66.5,67.5,8.884
1765479164.5736966,99,28,40,19,18,3.55731201171875,66.5,67.5,8.884
1765479164.7749245,99,47,25,30,20,3.5571022033691406,66.0,67.5,8.358
1765479164.976177,99,47,25,30,20,3.5571022033691406,66.0,67.5,8.358
1765479165.1768732,99,21,19,21,18,3.557483673095703,66.5,67.5,8.094
1765479165.3778536,99,21,19,21,18,3.557483673095703,66.5,67.5,8.094
1765479165.5789113,99,21,19,21,18,3.557483673095703,66.5,67.5,8.094
1765479165.7800653,99,28,48,35,17,3.558238983154297,66.5,68.0,8.884
1765479165.9815905,99,28,48,35,17,3.558238983154297,66.5,68.0,8.884
1765479166.1826136,88,12,8,20,19,3.5568695068359375,66.0,67.5,7.028
1765479166.3836322,88,12,8,20,19,3.5568695068359375,66.0,67.5,7.028
1765479166.584667,88,12,8,20,19,3.5568695068359375,66.0,67.5,7.028
1765479166.7858014,99,45,37,30,32,3.5593719482421875,66.5,67.5,8.358
1765479166.9868069,99,45,37,30,32,3.5593719482421875,66.5,67.5,8.358
1765479167.1883912,99,25,34,33,24,3.560791015625,65.5,67.5,7.523
1765479167.3895109,99,25,34,33,24,3.560791015625,65.5,67.5,7.523
1765479167.5908709,99,25,34,33,24,3.560791015625,65.5,67.5,7.523
1765479167.7918959,99,15,36,20,16,3.561809539794922,66.5,68.0,8.845
1765479167.9932942,99,15,36,20,16,3.561809539794922,66.5,68.0,8.845
1765479168.1943502,99,33,27,58,32,3.5609283447265625,66.5,68.0,8.74
1765479168.3954694,99,33,27,58,32,3.5609283447265625,66.5,68.0,8.74
1765479168.596484,99,33,27,58,32,3.5609283447265625,66.5,68.0,8.74
1765479168.7974653,99,14,14,15,21,3.5613632202148438,66.5,67.5,7.444
1765479168.9989622,99,14,14,15,21,3.5613632202148438,66.5,67.5,7.444
1765479169.1998854,99,28,37,34,52,3.5614776611328125,66.5,68.5,8.726
1765479169.400957,99,28,37,34,52,3.5614776611328125,66.5,68.5,8.726
1765479169.6021464,99,28,37,34,52,3.5614776611328125,66.5,68.5,8.726
1765479169.8031988,99,18,12,14,8,3.5612716674804688,66.0,67.5,6.988
1765479170.0042627,99,18,12,14,8,3.5612716674804688,66.0,67.5,6.988
1765479170.2052557,99,30,37,39,42,3.5607757568359375,67.0,68.0,8.766
1765479170.406368,99,30,37,39,42,3.5607757568359375,67.0,68.0,8.766
1765479170.6081777,99,30,37,39,42,3.5607757568359375,67.0,68.0,8.766
1765479170.8093126,99,41,30,35,22,3.56097412109375,66.0,68.0,8.24
1765479171.0103667,99,41,30,35,22,3.56097412109375,66.0,68.0,8.24
1765479171.2115097,99,41,30,35,22,3.56097412109375,66.0,68.0,8.24
1765479171.4125257,99,25,16,14,20,3.561992645263672,66.5,68.5,9.042
1765479171.6135466,99,25,16,14,20,3.561992645263672,66.5,68.5,9.042
1765479171.8145893,99,18,43,32,20,3.5610313415527344,66.5,68.0,8.766
1765479172.0157588,99,18,43,32,20,3.5610313415527344,66.5,68.0,8.766
1765479172.2164273,99,18,43,32,20,3.5610313415527344,66.5,68.0,8.766
1765479172.4177923,99,22,22,19,16,3.561431884765625,66.0,67.0,6.139
1765479172.618902,99,22,22,19,16,3.561431884765625,66.0,67.0,6.139
1765479172.8198504,99,36,56,31,30,3.561279296875,66.5,68.0,8.884
1765479173.0209684,99,36,56,31,30,3.561279296875,66.5,68.0,8.884
1765479173.2220464,99,36,56,31,30,3.561279296875,66.5,68.0,8.884
1765479173.423158,15,20,20,19,19,3.5630264282226562,66.0,68.0,6.709
1765479173.6242843,15,20,20,19,19,3.5630264282226562,66.0,68.0,6.709
1765479173.8254578,99,36,30,33,31,3.5627098083496094,67.0,68.0,8.517
1765479174.026429,99,36,30,33,31,3.5627098083496094,67.0,68.0,8.517
1765479174.2276864,99,36,30,33,31,3.5627098083496094,67.0,68.0,8.517
1765479174.4286687,99,26,35,53,25,3.5628509521484375,66.5,68.5,8.398
1765479174.6297576,99,26,35,53,25,3.5628509521484375,66.5,68.5,8.398
1765479174.8306313,99,22,19,20,20,3.563720703125,66.5,68.5,9.003
1765479175.0327644,99,22,19,20,20,3.563720703125,66.5,68.5,9.003
1765479175.2338192,99,22,19,20,20,3.563720703125,66.5,68.5,9.003
1765479175.4348688,99,14,38,26,17,3.5634994506835938,66.5,68.0,8.438
1765479175.635805,99,14,38,26,17,3.5634994506835938,66.5,68.0,8.438
1765479175.836917,98,20,17,31,21,3.5636863708496094,65.5,68.0,6.53
1765479176.037985,98,20,17,31,21,3.5636863708496094,65.5,68.0,6.53
1765479176.2388756,98,20,17,31,21,3.5636863708496094,65.5,68.0,6.53
1765479176.4401152,99,26,46,13,29,3.5640640258789062,66.5,68.0,8.094
1765479176.6410868,99,26,46,13,29,3.5640640258789062,66.5,68.0,8.094
1765479176.8422031,99,26,22,32,14,3.5648155212402344,66.0,68.5,8.279
1765479177.0431714,99,26,22,32,14,3.5648155212402344,66.0,68.5,8.279
1765479177.2442825,99,26,22,32,14,3.5648155212402344,66.0,68.5,8.279
1765479177.4452825,99,21,18,28,31,3.564422607421875,66.5,67.5,8.055
1765479177.6465893,99,21,18,28,31,3.564422607421875,66.5,67.5,8.055
1765479177.8478477,99,30,50,43,24,3.566608428955078,66.5,67.5,8.2
1765479178.0489454,99,30,50,43,24,3.566608428955078,66.5,67.5,8.2
1765479178.2499554,99,30,50,43,24,3.566608428955078,66.5,67.5,8.2
1765479178.450905,99,23,14,19,19,3.5667800903320312,66.5,67.5,8.174
1765479178.6525123,99,23,14,19,19,3.5667800903320312,66.5,67.5,8.174
1765479178.8535552,99,27,18,30,36,3.5670547485351562,66.5,68.0,8.622
1765479179.054708,99,27,18,30,36,3.5670547485351562,66.5,68.0,8.622
1765479179.2556891,99,27,18,30,36,3.5670547485351562,66.5,68.0,8.622
1765479179.456954,99,22,21,25,16,3.5668907165527344,66.5,67.5,7.097
1765479179.6582017,99,22,21,25,16,3.5668907165527344,66.5,67.5,7.097
1765479179.85922,99,32,26,31,41,3.5664329528808594,67.0,68.0,8.766
1765479180.0605206,99,32,26,31,41,3.5664329528808594,67.0,68.0,8.766
1765479180.2634993,99,32,26,31,41,3.5664329528808594,67.0,68.0,8.766
1765479180.4646344,99,32,36,29,40,3.567646026611328,67.0,69.0,8.805
1765479180.6660533,99,32,36,29,40,3.567646026611328,67.0,69.0,8.805
1765479180.8670366,99,16,25,11,18,3.5667724609375,66.5,68.0,8.2
1765479181.068091,99,16,25,11,18,3.5667724609375,66.5,68.0,8.2
1765479181.269294,99,16,25,11,18,3.5667724609375,66.5,68.0,8.2
1765479181.4703658,99,56,28,30,35,3.5663223266601562,66.5,68.0,8.582
1765479181.6714473,99,56,28,30,35,3.5663223266601562,66.5,68.0,8.582
1765479181.8729324,99,56,28,30,35,3.5663223266601562,66.5,68.0,8.582
1765479182.074045,99,18,16,15,16,3.567150115966797,66.5,67.5,6.209
1765479182.275371,99,18,16,15,16,3.567150115966797,66.5,67.5,6.209
1765479182.4768305,99,22,25,31,42,3.5678253173828125,66.5,68.5,8.78
1765479182.6778946,99,22,25,31,42,3.5678253173828125,66.5,68.5,8.78
1765479182.8790457,99,22,25,31,42,3.5678253173828125,66.5,68.5,8.78
1765479183.0808835,73,23,16,23,16,3.5669174194335938,66.5,67.5,6.169
1765479183.281976,73,23,16,23,16,3.5669174194335938,66.5,67.5,6.169
1765479183.483014,99,28,30,32,44,3.5667686462402344,67.0,68.0,8.701
1765479183.6841393,99,28,30,32,44,3.5667686462402344,67.0,68.0,8.701
1765479183.8853447,99,28,30,32,44,3.5667686462402344,67.0,68.0,8.701
1765479184.0864213,99,41,28,47,26,3.567760467529297,67.0,68.5,9.003
1765479184.287628,99,41,28,47,26,3.567760467529297,67.0,68.5,9.003
1765479184.488579,99,19,12,16,16,3.567279815673828,66.5,67.5,8.094
1765479184.6897054,99,19,12,16,16,3.567279815673828,66.5,67.5,8.094
1765479184.8908143,99,19,12,16,16,3.567279815673828,66.5,67.5,8.094
1765479185.0924134,99,32,27,38,46,3.5670242309570312,67.0,68.5,8.503
1765479185.293463,99,32,27,38,46,3.5670242309570312,67.0,68.5,8.503
1765479185.4947538,69,32,20,22,23,3.5665245056152344,66.5,67.5,6.789
1765479185.6959012,69,32,20,22,23,3.5665245056152344,66.5,67.5,6.789
1765479185.8970199,69,32,20,22,23,3.5665245056152344,66.5,67.5,6.789
1765479186.0981643,99,46,22,29,21,3.5676193237304688,67.0,68.5,9.367
1765479186.2992318,99,46,22,29,21,3.5676193237304688,67.0,68.5,9.367
1765479186.5003812,99,36,24,20,18,3.566394805908203,66.5,68.5,8.358
1765479186.7013757,99,36,24,20,18,3.566394805908203,66.5,68.5,8.358
1765479186.902447,99,36,24,20,18,3.566394805908203,66.5,68.5,8.358
1765479187.103336,99,32,21,21,25,3.567066192626953,67.0,68.0,8.2
1765479187.304721,99,32,21,21,25,3.567066192626953,67.0,68.0,8.2
1765479187.5056195,99,38,28,36,44,3.5666961669921875,67.0,68.5,8.884
1765479187.706745,99,38,28,36,44,3.5666961669921875,67.0,68.5,8.884
1765479187.907734,99,38,28,36,44,3.5666961669921875,67.0,68.5,8.884
1765479188.1086783,99,16,11,16,13,3.5672874450683594,66.5,68.0,7.376
1765479188.3098557,99,16,11,16,13,3.5672874450683594,66.5,68.0,7.376
1765479188.51079,99,30,16,35,42,3.5666351318359375,67.0,68.0,8.16
1765479188.7120514,99,30,16,35,42,3.5666351318359375,67.0,68.0,8.16
1765479188.9129772,99,30,16,35,42,3.5666351318359375,67.0,68.0,8.16
1765479189.1141016,99,24,20,18,26,3.5671234130859375,66.5,67.5,6.868
1765479189.3152776,99,24,20,18,26,3.5671234130859375,66.5,67.5,6.868
1765479189.516387,99,27,27,46,31,3.56689453125,67.0,68.5,9.225
1765479189.717433,99,27,27,46,31,3.56689453125,67.0,68.5,9.225
1765479189.918691,99,27,27,46,31,3.56689453125,67.0,68.5,9.225
1765479190.1197584,99,45,16,12,15,3.5671043395996094,66.5,68.0,8.279
1765479190.320832,99,45,16,12,15,3.5671043395996094,66.5,68.0,8.279
1765479190.5217834,99,25,16,22,14,3.56689453125,67.0,68.5,8.015
1765479190.7227867,99,25,16,22,14,3.56689453125,67.0,68.5,8.015
1765479190.9238803,99,25,16,22,14,3.56689453125,67.0,68.5,8.015
1765479191.1253874,99,52,30,39,45,3.5665969848632812,67.0,68.0,8.661
1765479191.3265493,99,52,30,39,45,3.5665969848632812,67.0,68.0,8.661
1765479191.5276337,99,52,30,39,45,3.5665969848632812,67.0,68.0,8.661
1765479191.728713,54,19,18,14,21,3.5675926208496094,66.0,68.0,6.49
1765479191.9299006,54,19,18,14,21,3.5675926208496094,66.0,68.0,6.49
1765479192.1310322,99,16,16,26,42,3.5667457580566406,67.0,68.0,8.094
1765479192.3320084,99,16,16,26,42,3.5667457580566406,67.0,68.0,8.094
1765479192.5331342,99,16,16,26,42,3.5667457580566406,67.0,68.0,8.094
1765479192.734292,99,30,35,24,30,3.5670127868652344,66.5,68.5,7.71
1765479192.9365768,99,30,35,24,30,3.5670127868652344,66.5,68.5,7.71
1765479193.137662,99,24,28,24,32,3.5668907165527344,67.0,68.5,8.582
1765479193.338613,99,24,28,24,32,3.5668907165527344,67.0,68.5,8.582
1765479193.5397565,99,24,28,24,32,3.5668907165527344,67.0,68.5,8.582
1765479193.740649,99,26,21,25,47,3.567676544189453,67.0,68.5,9.042
1765479193.9416618,99,26,21,25,47,3.567676544189453,67.0,68.5,9.042
1765479194.1428409,99,12,12,18,10,3.566875457763672,66.5,68.0,7.364
1765479194.3486485,99,12,12,18,10,3.566875457763672,66.5,68.0,7.364
1765479194.5499823,99,12,12,18,10,3.566875457763672,66.5,68.0,7.364
1765479194.7510872,99,50,42,28,38,3.5663299560546875,67.0,68.0,8.174
1765479194.952895,99,50,42,28,38,3.5663299560546875,67.0,68.0,8.174
1765479195.1540122,99,24,23,33,18,3.567493438720703,67.0,68.5,7.869
1765479195.3551266,99,24,23,33,18,3.567493438720703,67.0,68.5,7.869
1765479195.5562565,99,24,23,33,18,3.567493438720703,67.0,68.5,7.869
1765479195.7573524,99,12,21,32,24,3.566791534423828,67.0,68.0,8.398
1765479195.9581993,99,12,21,32,24,3.566791534423828,67.0,68.0,8.398
1765479196.1592214,99,34,19,47,20,3.567089080810547,67.0,69.0,8.503
1765479196.36029,99,34,19,47,20,3.567089080810547,67.0,69.0,8.503
1765479196.5614226,99,34,19,47,20,3.567089080810547,67.0,69.0,8.503
1765479196.762445,99,18,22,18,32,3.567119598388672,67.0,68.0,8.464
1765479196.9635506,99,18,22,18,32,3.567119598388672,67.0,68.0,8.464
1765479197.1645305,99,48,20,22,19,3.5678329467773438,67.0,68.5,9.225
1765479197.3656003,99,48,20,22,19,3.5678329467773438,67.0,68.5,9.225
1765479197.5664787,99,48,20,22,19,3.5678329467773438,67.0,68.5,9.225
1765479197.7675948,29,19,15,10,10,3.566974639892578,66.0,67.0,5.858
1765479197.9686558,29,19,15,10,10,3.566974639892578,66.0,67.0,5.858
1765479198.1696272,99,38,48,46,35,3.567432403564453,67.0,69.0,8.74
1765479198.370765,99,38,48,46,35,3.567432403564453,67.0,69.0,8.74
1765479198.571667,99,38,48,46,35,3.567432403564453,67.0,69.0,8.74
1765479198.7728002,48,28,28,18,20,3.5664100646972656,66.5,68.0,6.4
1765479198.973674,48,28,28,18,20,3.5664100646972656,66.5,68.0,6.4
1765479199.1747491,99,18,37,11,18,3.5673141479492188,67.0,68.5,8.924
1765479199.3757877,99,18,37,11,18,3.5673141479492188,67.0,68.5,8.924
1765479199.5774126,99,18,37,11,18,3.5673141479492188,67.0,68.5,8.924
1765479199.7788053,99,59,24,31,18,3.5669937133789062,66.5,68.5,8.438
1765479199.980065,99,59,24,31,18,3.5669937133789062,66.5,68.5,8.438
1765479200.1810472,99,26,18,18,21,3.5667877197265625,67.0,68.0,7.909
1765479200.382535,99,26,18,18,21,3.5667877197265625,67.0,68.0,7.909
1765479200.583752,99,26,18,18,21,3.5667877197265625,67.0,68.0,7.909
1765479200.7848566,99,37,28,26,42,3.567607879638672,67.0,69.0,9.028
1765479200.9857917,99,37,28,26,42,3.567607879638672,67.0,69.0,9.028
1765479201.1868215,99,10,17,21,15,3.5666961669921875,66.5,68.0,7.216
1765479201.3884244,99,10,17,21,15,3.5666961669921875,66.5,68.0,7.216
1765479201.5893745,99,10,17,21,15,3.5666961669921875,66.5,68.0,7.216
1765479201.790466,99,36,44,32,40,3.566875457763672,67.0,68.5,8.701
1765479201.9916403,99,36,44,32,40,3.566875457763672,67.0,68.5,8.701
1765479202.1927474,99,26,28,36,25,3.5667877197265625,66.5,68.5,8.16
1765479202.393819,99,26,28,36,25,3.5667877197265625,66.5,68.5,8.16
1765479202.5949786,99,26,28,36,25,3.5667877197265625,66.5,68.5,8.16
1765479202.7961047,99,12,15,30,10,3.5677947998046875,66.5,69.0,8.661
1765479202.9972444,99,12,15,30,10,3.5677947998046875,66.5,69.0,8.661
1765479203.1986134,99,22,22,50,30,3.5668182373046875,67.0,68.0,8.622
1765479203.4001236,99,22,22,50,30,3.5668182373046875,67.0,68.0,8.622
1765479203.6012347,99,22,22,50,30,3.5668182373046875,67.0,68.0,8.622
1765479203.8021924,99,21,16,21,15,3.5668907165527344,66.5,67.5,6.988
1765479204.0034187,99,21,16,21,15,3.5668907165527344,66.5,67.5,6.988
1765479204.2045093,99,21,16,21,15,3.5668907165527344,66.5,67.5,6.988
1765479204.4055138,99,25,29,60,28,3.566619873046875,67.0,68.5,8.859
1765479204.6121686,99,25,29,60,28,3.566619873046875,67.0,68.5,8.859
1765479204.8133154,99,19,15,14,11,3.5662078857421875,66.5,67.5,6.988
1765479205.0142202,99,19,15,14,11,3.5662078857421875,66.5,67.5,6.988
1765479205.2153242,99,19,15,14,11,3.5662078857421875,66.5,67.5,6.988
1765479205.4167488,99,32,26,46,38,3.566905975341797,67.0,68.5,8.78
1765479205.6177049,99,32,26,46,38,3.566905975341797,67.0,68.5,8.78
1765479205.8188214,99,42,27,34,30,3.566333770751953,66.5,68.5,8.477
1765479206.0199006,99,42,27,34,30,3.566333770751953,66.5,68.5,8.477
1765479206.2212512,99,42,27,34,30,3.566333770751953,66.5,68.5,8.477
1765479206.4224284,99,16,19,26,14,3.5676841735839844,67.0,69.0,9.146
1765479206.6235006,99,16,19,26,14,3.5676841735839844,67.0,69.0,9.146
1765479206.8247204,99,20,19,22,48,3.5668678283691406,67.0,68.5,8.582
1765479207.0259385,99,20,19,22,48,3.5668678283691406,67.0,68.5,8.582
1765479207.22746,99,20,19,22,48,3.5668678283691406,67.0,68.5,8.582
1765479207.4286346,6,26,26,13,16,3.566661834716797,66.5,68.0,5.979
1765479207.6298122,6,26,26,13,16,3.566661834716797,66.5,68.0,5.979
1765479207.830914,99,28,19,48,36,3.5673294067382812,67.0,68.0,8.213
1765479208.0321548,99,28,19,48,36,3.5673294067382812,67.0,68.0,8.213
1765479208.2351618,99,28,19,48,36,3.5673294067382812,67.0,68.0,8.213
1765479208.4364355,99,17,19,25,12,3.5672645568847656,66.5,68.0,7.471
1765479208.6375248,99,17,19,25,12,3.5672645568847656,66.5,68.0,7.471
1765479208.8404014,99,33,22,32,22,3.5666580200195312,67.0,68.0,8.358
1765479209.0414617,99,33,22,32,22,3.5666580200195312,67.0,68.0,8.358
1765479209.2426076,99,33,22,32,22,3.5666580200195312,67.0,68.0,8.358
1765479209.444396,99,55,29,30,28,3.5666847229003906,67.0,68.5,8.358
1765479209.6456041,99,55,29,30,28,3.5666847229003906,67.0,68.5,8.358
1765479209.8466134,99,20,21,17,19,3.5673980712890625,67.0,68.5,8.661
1765479210.0477529,99,20,21,17,19,3.5673980712890625,67.0,68.5,8.661
1765479210.2486541,99,20,21,17,19,3.5673980712890625,67.0,68.5,8.661
1765479210.4497628,99,21,16,22,36,3.5668869018554688,67.0,68.0,8.319
1765479210.650816,99,21,16,22,36,3.5668869018554688,67.0,68.0,8.319
1765479210.852813,99,18,18,22,20,3.567035675048828,66.5,68.0,7.216
1765479211.0539358,99,18,18,22,20,3.567035675048828,66.5,68.0,7.216
1765479211.2550218,99,18,18,22,20,3.567035675048828,66.5,68.0,7.216
1765479211.4566207,99,27,22,44,31,3.5667381286621094,67.0,68.5,8.74
1765479211.65766,99,27,22,44,31,3.5667381286621094,67.0,68.5,8.74
1765479211.8587496,99,28,26,37,28,3.5669174194335938,67.0,69.5,8.82
1765479212.0597835,99,28,26,37,28,3.5669174194335938,67.0,69.5,8.82
1765479212.2608447,99,28,26,37,28,3.5669174194335938,67.0,69.5,8.82
1765479212.46175,99,20,24,18,19,3.5668563842773438,67.0,68.5,8.477
1765479212.662757,99,20,24,18,19,3.5668563842773438,67.0,68.5,8.477
1765479212.863717,99,32,50,40,29,3.5771217346191406,67.0,68.0,8.24
1765479213.0647433,99,32,50,40,29,3.5771217346191406,67.0,68.0,8.24
1765479213.2660868,99,32,50,40,29,3.5771217346191406,67.0,68.0,8.24
1765479213.4673188,99,25,20,21,19,3.5773887634277344,66.5,68.0,7.71
1765479213.6684086,99,25,20,21,19,3.5773887634277344,66.5,68.0,7.71
1765479213.8693929,99,58,19,21,16,3.577728271484375,67.0,68.0,8.622
1765479214.0704606,99,58,19,21,16,3.577728271484375,67.0,68.0,8.622
1765479214.2713556,99,58,19,21,16,3.577728271484375,67.0,68.0,8.622
1765479214.4725568,99,21,24,26,19,3.5776824951171875,66.5,68.0,7.097
1765479214.6736188,99,21,24,26,19,3.5776824951171875,66.5,68.0,7.097
1765479214.8747442,99,26,37,50,25,3.5776901245117188,67.0,68.0,8.582
1765479215.0759833,99,26,37,50,25,3.5776901245117188,67.0,68.0,8.582
1765479215.2777686,99,26,37,50,25,3.5776901245117188,67.0,68.0,8.582
1765479215.4788926,99,26,26,35,25,3.5782241821289062,67.0,69.0,8.884
1765479215.680248,99,26,26,35,25,3.5782241821289062,67.0,69.0,8.884
1765479215.881411,99,26,26,35,25,3.5782241821289062,67.0,69.0,8.884
1765479216.0824022,99,27,20,15,17,3.5772018432617188,67.0,68.5,8.358
1765479216.2834408,99,27,20,15,17,3.5772018432617188,67.0,68.5,8.358
1765479216.4847317,99,33,28,60,21,3.577259063720703,67.0,68.5,8.438
1765479216.6858144,99,33,28,60,21,3.577259063720703,67.0,68.5,8.438
1765479216.8867908,99,33,28,60,21,3.577259063720703,67.0,68.5,8.438
1765479217.0912595,99,19,20,14,18,3.5772743225097656,67.0,68.0,7.336
1765479217.2925825,99,19,20,14,18,3.5772743225097656,67.0,68.0,7.336
1765479217.4936807,99,44,28,20,33,3.578266143798828,67.0,69.0,8.845
1765479217.694749,99,44,28,20,33,3.578266143798828,67.0,69.0,8.845
1765479217.895725,99,44,28,20,33,3.578266143798828,67.0,69.0,8.845
1765479218.0969353,99,15,20,26,18,3.5772171020507812,66.5,67.5,6.56
1765479218.2979033,99,15,20,26,18,3.5772171020507812,66.5,67.5,6.56
1765479218.4990604,99,45,32,31,30,3.577587127685547,68.0,68.5,9.042
1765479218.699997,99,45,32,31,30,3.577587127685547,68.0,68.5,9.042
1765479218.9011164,99,45,32,31,30,3.577587127685547,68.0,68.5,9.042
1765479219.102202,99,39,28,25,32,3.5784454345703125,67.0,68.5,8.924
1765479219.3033485,99,39,28,25,32,3.5784454345703125,67.0,68.5,8.924
1765479219.504352,99,17,19,13,12,3.577320098876953,67.0,68.5,8.094
1765479219.7054367,99,17,19,13,12,3.577320098876953,67.0,68.5,8.094
1765479219.9064555,99,17,19,13,12,3.577320098876953,67.0,68.5,8.094
1765479220.1075456,99,51,29,33,30,3.5772018432617188,67.0,68.5,8.884
1765479220.3085678,99,51,29,33,30,3.5772018432617188,67.0,68.5,8.884
1765479220.5095348,12,23,22,14,22,3.577190399169922,66.5,68.0,6.209
1765479220.7106123,12,23,22,14,22,3.577190399169922,66.5,68.0,6.209
1765479220.9116135,12,23,22,14,22,3.577190399169922,66.5,68.0,6.209
1765479221.1127014,99,24,17,47,29,3.57806396484375,67.5,69.0,8.82
1765479221.3138585,99,24,17,47,29,3.57806396484375,67.5,69.0,8.82
1765479221.5149286,98,18,18,18,16,3.5775375366210938,66.5,68.0,7.444
1765479221.715883,98,18,18,18,16,3.5775375366210938,66.5,68.0,7.444
1765479221.916939,98,18,18,18,16,3.5775375366210938,66.5,68.0,7.444
1765479222.1179948,99,55,30,35,22,3.579761505126953,67.5,69.0,9.042
1765479222.3192263,99,55,30,35,22,3.579761505126953,67.5,69.0,9.042
1765479222.5214007,99,71,57,66,60,3.5894088745117188,67.0,69.0,9.343
1765479222.7227395,99,71,57,66,60,3.5894088745117188,67.0,69.0,9.343
1765479222.923849,99,71,57,66,60,3.5894088745117188,67.0,69.0,9.343
1765479223.1248307,99,82,81,88,84,3.5963058471679688,68.0,70.0,10.301
1765479223.326097,99,82,81,88,84,3.5963058471679688,68.0,70.0,10.301
1765479223.527228,99,58,56,78,51,3.595855712890625,67.5,69.0,9.028
1765479223.7285688,99,58,56,78,51,3.595855712890625,67.5,69.0,9.028
1765479223.9296668,99,58,56,78,51,3.595855712890625,67.5,69.0,9.028
1765479224.1311047,99,74,70,56,70,3.596294403076172,68.0,69.5,9.564
1765479224.3323097,99,74,70,56,70,3.596294403076172,68.0,69.5,9.564
1765479224.5339625,99,74,70,56,70,3.596294403076172,68.0,69.5,9.564
1765479224.7373881,99,86,86,82,88,3.592670440673828,68.0,69.0,9.564
1765479224.9384072,99,86,86,82,88,3.592670440673828,68.0,69.0,9.564
1765479225.1397407,99,38,37,30,35,3.592906951904297,67.5,68.0,8.358
1765479225.3464632,99,38,37,30,35,3.592906951904297,67.5,68.0,8.358
1765479225.564324,99,38,37,30,35,3.592906951904297,67.5,68.0,8.358
1765479225.7659183,99,94,92,94,96,3.5931434631347656,67.5,69.5,9.588
1765479225.967627,99,94,92,94,96,3.5931434631347656,67.5,69.5,9.588
1765479226.169819,99,88,85,96,84,3.592700958251953,68.0,70.0,10.082
1765479226.3712451,99,88,85,96,84,3.592700958251953,68.0,70.0,10.082
1765479226.5726159,99,65,59,53,60,3.593902587890625,67.5,69.5,9.784
1765479226.773791,99,65,59,53,60,3.593902587890625,67.5,69.5,9.784
1765479226.974909,99,65,59,53,60,3.593902587890625,67.5,69.5,9.784
1765479227.176645,99,28,32,25,23,3.5931739807128906,67.0,68.5,7.137
1765479227.3838863,99,28,32,25,23,3.5931739807128906,67.0,68.5,7.137
1765479227.5860083,99,90,94,93,89,3.5940780639648438,68.0,70.0,10.262
1765479227.7870197,99,90,94,93,89,3.5940780639648438,68.0,70.0,10.262
1765479227.9900846,99,90,94,93,89,3.5940780639648438,68.0,70.0,10.262
1765479228.1912222,99,48,48,54,49,3.5957679748535156,68.0,69.0,8.884
1765479228.39287,99,48,48,54,49,3.5957679748535156,68.0,69.0,8.884
1765479228.5974898,99,47,55,65,52,3.5973052978515625,68.0,69.0,9.407
1765479228.7987487,99,47,55,65,52,3.5973052978515625,68.0,69.0,9.407
1765479228.9996223,99,47,55,65,52,3.5973052978515625,68.0,69.0,9.407
1765479229.201041,62,57,42,47,54,3.597820281982422,67.5,69.0,7.456
1765479229.4023862,62,57,42,47,54,3.597820281982422,67.5,69.0,7.456
1765479229.6040463,62,57,42,47,54,3.597820281982422,67.5,69.0,7.456
1765479229.80516,99,80,56,57,47,3.6019859313964844,68.0,69.5,9.548
1765479230.00622,99,80,56,57,47,3.6019859313964844,68.0,69.5,9.548
1765479230.207283,99,72,62,38,49,3.6057510375976562,67.0,70.5,8.963
1765479230.408411,99,72,62,38,49,3.6057510375976562,67.0,70.5,8.963
1765479230.6094828,99,72,62,38,49,3.6057510375976562,67.0,70.5,8.963
1765479230.8141189,99,43,25,29,100,3.6058197021484375,68.0,70.0,9.485
1765479231.0162692,99,43,25,29,100,3.6058197021484375,68.0,70.0,9.485
1765479231.2174027,99,62,58,85,78,3.6111907958984375,67.5,70.0,9.407
1765479231.4223454,99,62,58,85,78,3.6111907958984375,67.5,70.0,9.407
1765479231.6237507,99,62,58,85,78,3.6111907958984375,67.5,70.0,9.407
1765479231.8250513,99,78,66,75,76,3.617839813232422,68.0,70.0,9.964
1765479232.033026,99,78,66,75,76,3.617839813232422,68.0,70.0,9.964
1765479232.2351878,99,78,66,75,76,3.617839813232422,68.0,70.0,9.964
1765479232.4364967,99,71,80,78,84,3.62652587890625,67.5,70.0,10.121
1765479232.6381676,99,71,80,78,84,3.62652587890625,67.5,70.0,10.121
1765479232.8391802,99,82,78,76,84,3.6242637634277344,68.0,70.5,9.525
1765479233.040607,99,82,78,76,84,3.6242637634277344,68.0,70.5,9.525
1765479233.2415788,99,67,47,46,60,3.6246185302734375,68.0,69.0,8.963
1765479233.44294,99,67,47,46,60,3.6246185302734375,68.0,69.0,8.963
1765479233.6448174,99,67,47,46,60,3.6246185302734375,68.0,69.0,8.963
1765479233.8458729,72,57,54,61,51,3.6248512268066406,67.0,69.0,6.749
1765479234.0475967,72,57,54,61,51,3.6248512268066406,67.0,69.0,6.749
1765479234.2498136,99,50,25,25,35,3.6258010864257812,68.0,69.0,9.185
1765479234.451276,99,50,25,25,35,3.6258010864257812,68.0,69.0,9.185
1765479234.654062,99,50,25,25,35,3.6258010864257812,68.0,69.0,9.185
1765479234.8552938,99,63,45,40,54,3.6244544982910156,67.5,69.5,8.213
1765479235.0563254,99,63,45,40,54,3.6244544982910156,67.5,69.5,8.213
1765479235.2572954,99,37,53,32,45,3.6237945556640625,68.0,69.0,8.661
1765479235.458371,99,37,53,32,45,3.6237945556640625,68.0,69.0,8.661
1765479235.6597617,99,37,53,32,45,3.6237945556640625,68.0,69.0,8.661
1765479235.8634908,99,33,36,41,37,3.6230735778808594,67.5,69.0,8.845
1765479236.064654,99,33,36,41,37,3.6230735778808594,67.5,69.0,8.845
1765479236.2660487,99,34,10,13,18,3.622730255126953,67.5,69.0,8.543
1765479236.4678092,99,34,10,13,18,3.622730255126953,67.5,69.0,8.543
1765479236.6689687,99,34,10,13,18,3.622730255126953,67.5,69.0,8.543
1765479236.8698437,99,63,29,32,33,3.623210906982422,67.5,68.5,8.319
1765479237.0711033,99,63,29,32,33,3.623210906982422,67.5,68.5,8.319
1765479237.2722733,99,18,14,14,10,3.6241455078125,67.5,68.0,6.789
1765479237.4736161,99,18,14,14,10,3.6241455078125,67.5,68.0,6.789
1765479237.6746964,99,18,14,14,10,3.6241455078125,67.5,68.0,6.789
1765479237.8757532,99,29,20,45,27,3.624927520751953,68.0,69.5,9.225
1765479238.0766127,99,29,20,45,27,3.624927520751953,68.0,69.5,9.225
1765479238.2782106,66,15,18,20,22,3.6239700317382812,67.5,69.0,6.64
1765479238.4796858,66,15,18,20,22,3.6239700317382812,67.5,69.0,6.64
1765479238.6806405,66,15,18,20,22,3.6239700317382812,67.5,69.0,6.64
1765479238.8817973,99,29,39,29,22,3.6242218017578125,67.5,69.0,8.543
1765479239.0827696,99,29,39,29,22,3.6242218017578125,67.5,69.0,8.543
1765479239.284029,99,40,38,44,39,3.6242828369140625,67.5,69.5,9.146
1765479239.4849842,99,40,38,44,39,3.6242828369140625,67.5,69.5,9.146
1765479239.686033,99,40,38,44,39,3.6242828369140625,67.5,69.5,9.146
1765479239.8870897,99,8,10,4,14,3.624340057373047,67.5,69.0,8.094
1765479240.0885053,99,8,10,4,14,3.624340057373047,67.5,69.0,8.094
1765479240.2894032,99,30,28,33,50,3.6236953735351562,67.5,69.0,8.477
1765479240.4906418,99,30,28,33,50,3.6236953735351562,67.5,69.0,8.477
1765479240.6916268,99,30,28,33,50,3.6236953735351562,67.5,69.0,8.477
1765479240.892789,80,27,19,30,28,3.6243934631347656,67.5,69.0,6.948
1765479241.093817,80,27,19,30,28,3.6243934631347656,67.5,69.0,6.948
1765479241.2949052,80,27,19,30,28,3.6243934631347656,67.5,69.0,6.948
1765479241.495983,99,23,22,21,44,3.6249542236328125,68.0,69.5,9.264
1765479241.6970072,99,23,22,21,44,3.6249542236328125,68.0,69.5,9.264
1765479241.8979175,99,23,29,19,14,3.6239280700683594,67.5,69.0,8.094
1765479242.0987928,99,23,29,19,14,3.6239280700683594,67.5,69.0,8.094
1765479242.2998486,99,23,29,19,14,3.6239280700683594,67.5,69.0,8.094
1765479242.5008845,99,25,17,29,16,3.623790740966797,67.5,69.0,8.174
1765479242.7019858,99,25,17,29,16,3.623790740966797,67.5,69.0,8.174
1765479242.9033074,99,26,56,26,29,3.6236000061035156,67.5,69.0,8.845
1765479243.1043174,99,26,56,26,29,3.6236000061035156,67.5,69.0,8.845
1765479243.3052838,99,26,56,26,29,3.6236000061035156,67.5,69.0,8.845
1765479243.506367,99,15,13,11,10,3.6240615844726562,67.5,69.0,7.097
1765479243.7074227,99,15,13,11,10,3.6240615844726562,67.5,69.0,7.097
1765479243.9085383,99,20,20,50,23,3.6235427856445312,67.5,69.0,8.213
1765479244.1096342,99,20,20,50,23,3.6235427856445312,67.5,69.0,8.213
1765479244.3109426,99,20,20,50,23,3.6235427856445312,67.5,69.0,8.213
1765479244.5121691,99,38,27,25,26,3.62371826171875,67.5,69.0,7.028
1765479244.7132657,99,38,27,25,26,3.62371826171875,67.5,69.0,7.028
1765479244.9142663,99,36,29,39,57,3.6239395141601562,68.0,69.5,9.407
1765479245.1154845,99,36,29,39,57,3.6239395141601562,68.0,69.5,9.407
1765479245.316523,99,36,29,39,57,3.6239395141601562,68.0,69.5,9.407
1765479245.51748,99,30,21,32,16,3.6245956420898438,68.0,69.5,8.279
1765479245.7184997,99,30,21,32,16,3.6245956420898438,68.0,69.5,8.279
1765479245.9195178,99,33,33,26,26,3.623821258544922,68.0,69.0,8.582
1765479246.1208937,99,33,33,26,26,3.623821258544922,68.0,69.0,8.582
1765479246.321982,99,33,33,26,26,3.623821258544922,68.0,69.0,8.582
1765479246.5230134,99,23,37,46,48,3.6232261657714844,68.0,69.5,9.146
1765479246.7242227,99,23,37,46,48,3.6232261657714844,68.0,69.5,9.146
1765479246.925165,0,28,22,19,26,3.6245155334472656,67.0,69.0,6.099
1765479247.1262014,0,28,22,19,26,3.6245155334472656,67.0,69.0,6.099
1765479247.327221,0,28,22,19,26,3.6245155334472656,67.0,69.0,6.099
1765479247.5285096,99,35,48,26,21,3.623767852783203,68.0,69.0,8.543
1765479247.7294002,99,35,48,26,21,3.623767852783203,68.0,69.0,8.543
1765479247.932389,99,26,29,30,34,3.6237411499023438,67.5,70.0,8.398
1765479248.1336875,99,26,29,30,34,3.6237411499023438,67.5,70.0,8.398
1765479248.334809,99,26,29,30,34,3.6237411499023438,67.5,70.0,8.398
1765479248.536423,99,74,54,73,58,3.623676300048828,68.0,70.0,9.666
1765479248.7374556,99,74,54,73,58,3.623676300048828,68.0,70.0,9.666
1765479248.9392898,99,47,37,61,50,3.624034881591797,67.5,70.0,9.003
1765479249.1409042,99,47,37,61,50,3.624034881591797,67.5,70.0,9.003
1765479249.3422623,99,47,37,61,50,3.624034881591797,67.5,70.0,9.003
1765479249.5440748,99,54,45,38,46,3.623706817626953,68.0,69.5,8.701
1765479249.7453027,99,54,45,38,46,3.623706817626953,68.0,69.5,8.701
1765479249.9463863,99,37,40,64,50,3.6240806579589844,68.0,69.0,8.884
1765479250.1475663,99,37,40,64,50,3.6240806579589844,68.0,69.0,8.884
1765479250.3487527,99,37,40,64,50,3.6240806579589844,68.0,69.0,8.884
1765479250.549733,99,34,23,36,26,3.623870849609375,68.0,69.5,8.582
1765479250.751127,99,34,23,36,26,3.623870849609375,68.0,69.5,8.582
1765479250.9524572,99,34,23,36,26,3.623870849609375,68.0,69.5,8.582
1765479251.1534767,99,48,51,66,51,3.6234359741210938,68.5,69.5,8.438
1765479251.3601956,99,48,51,66,51,3.6234359741210938,68.5,69.5,8.438
1765479251.5614157,99,42,33,25,25,3.6235198974609375,67.5,69.5,7.643
1765479251.7628148,99,42,33,25,25,3.6235198974609375,67.5,69.5,7.643
1765479251.9644222,99,42,33,25,25,3.6235198974609375,67.5,69.5,7.643
1765479252.1655695,99,38,48,59,44,3.6235084533691406,68.0,69.5,8.924
1765479252.366738,99,38,48,59,44,3.6235084533691406,68.0,69.5,8.924
1765479252.570702,99,38,28,36,40,3.6241188049316406,67.5,70.0,8.726
1765479252.7720206,99,38,28,36,40,3.6241188049316406,67.5,70.0,8.726
1765479252.973023,99,38,28,36,40,3.6241188049316406,67.5,70.0,8.726
1765479253.1740737,99,33,37,28,28,3.623523712158203,67.5,69.0,8.358
1765479253.375099,99,33,37,28,28,3.623523712158203,67.5,69.0,8.358
1765479253.5762277,99,57,36,29,39,3.623607635498047,68.0,69.5,9.082
1765479253.7773523,99,57,36,29,39,3.623607635498047,68.0,69.5,9.082
1765479253.9800217,99,57,36,29,39,3.623607635498047,68.0,69.5,9.082
1765479254.1855562,99,40,41,41,44,3.6238441467285156,68.0,69.0,8.213
1765479254.3869221,99,40,41,41,44,3.6238441467285156,68.0,69.0,8.213
1765479254.5881765,99,54,28,45,21,3.6244964599609375,68.0,69.5,8.884
1765479254.7892165,99,54,28,45,21,3.6244964599609375,68.0,69.5,8.884
1765479254.9901712,99,54,28,45,21,3.6244964599609375,68.0,69.5,8.884
1765479255.1913445,99,21,20,28,33,3.6235084533691406,67.5,69.0,7.948
1765479255.3927658,99,21,20,28,33,3.6235084533691406,67.5,69.0,7.948
1765479255.5939488,99,64,62,90,41,3.6238670349121094,68.5,71.5,10.675
1765479255.7949593,99,64,62,90,41,3.6238670349121094,68.5,71.5,10.675
1765479255.9994652,99,64,62,90,41,3.6238670349121094,68.5,71.5,10.675
1765479256.2030594,99,70,67,85,76,3.6220359802246094,67.5,70.5,8.464
1765479256.414617,99,70,67,85,76,3.6220359802246094,67.5,70.5,8.464
1765479256.6156669,99,87,88,88,90,3.6214141845703125,68.5,70.5,10.161
1765479256.8166168,99,87,88,88,90,3.6214141845703125,68.5,70.5,10.161
1765479257.0176842,99,87,88,88,90,3.6214141845703125,68.5,70.5,10.161
1765479257.2186992,99,66,46,54,60,3.6215896606445312,67.5,69.5,9.067
1765479257.427515,99,66,46,54,60,3.6215896606445312,67.5,69.5,9.067
1765479257.628506,99,76,76,66,64,3.6219940185546875,68.0,71.0,10.183
1765479257.8297298,99,76,76,66,64,3.6219940185546875,68.0,71.0,10.183
1765479258.0311062,99,76,76,66,64,3.6219940185546875,68.0,71.0,10.183
1765479258.2449355,99,80,72,86,94,3.6230430603027344,68.5,71.0,10.457
1765479258.4461455,99,80,72,86,94,3.6230430603027344,68.5,71.0,10.457
1765479258.6471212,84,58,66,64,90,3.6217918395996094,68.0,70.0,7.256
1765479258.8484998,84,58,66,64,90,3.6217918395996094,68.0,70.0,7.256
1765479259.0497038,84,58,66,64,90,3.6217918395996094,68.0,70.0,7.256
1765479259.2508264,99,90,94,96,96,3.6216201782226562,68.5,71.0,10.636
1765479259.4523811,99,90,94,96,96,3.6216201782226562,68.5,71.0,10.636
1765479259.6534991,99,54,47,46,45,3.6220932006835938,67.5,70.0,7.364
1765479259.8554635,99,54,47,46,45,3.6220932006835938,67.5,70.0,7.364
1765479260.0564861,99,54,47,46,45,3.6220932006835938,67.5,70.0,7.364
1765479260.2575467,99,50,57,42,44,3.6222152709960938,68.5,70.0,9.367
1765479260.4584954,99,50,57,42,44,3.6222152709960938,68.5,70.0,9.367
1765479260.6595335,99,40,36,40,38,3.6214866638183594,68.0,70.0,8.24
1765479260.8606648,99,40,36,40,38,3.6214866638183594,68.0,70.0,8.24
1765479261.0627308,99,40,36,40,38,3.6214866638183594,68.0,70.0,8.24
1765479261.2640254,99,74,51,47,69,3.62310791015625,68.0,71.0,10.183
1765479261.46518,99,74,51,47,69,3.62310791015625,68.0,71.0,10.183
1765479261.6664107,99,76,82,84,81,3.6230125427246094,68.0,70.5,9.264
1765479261.867349,99,76,82,84,81,3.6230125427246094,68.0,70.5,9.264
1765479262.0685115,99,76,82,84,81,3.6230125427246094,68.0,70.5,9.264
1765479262.269411,99,22,16,15,18,3.6226844787597656,68.5,69.5,8.134
1765479262.470448,99,22,16,15,18,3.6226844787597656,68.5,69.5,8.134
1765479262.6714756,99,37,45,36,60,3.6234130859375,68.5,69.5,9.003
1765479262.8730562,99,37,45,36,60,3.6234130859375,68.5,69.5,9.003
1765479263.0744798,99,37,45,36,60,3.6234130859375,68.5,69.5,9.003
1765479263.2770424,16,32,26,30,31,3.623382568359375,67.5,69.5,6.6
1765479263.4782174,16,32,26,30,31,3.623382568359375,67.5,69.5,6.6
1765479263.6792653,99,37,25,52,34,3.624164581298828,68.0,70.5,9.042
1765479263.8802936,99,37,25,52,34,3.624164581298828,68.0,70.5,9.042
1765479264.0814812,99,37,25,52,34,3.624164581298828,68.0,70.5,9.042
1765479264.283234,99,36,18,18,16,3.6235275268554688,67.5,70.0,6.988
1765479264.4844096,99,36,18,18,16,3.6235275268554688,67.5,70.0,6.988
1765479264.685797,99,78,60,61,58,3.6234169006347656,68.5,70.5,9.824
1765479264.8869646,99,78,60,61,58,3.6234169006347656,68.5,70.5,9.824
1765479265.088358,99,78,60,61,58,3.6234169006347656,68.5,70.5,9.824
1765479265.2894537,99,50,45,46,57,3.6230430603027344,68.0,70.0,9.343
1765479265.493086,99,50,45,46,57,3.6230430603027344,68.0,70.0,9.343
1765479265.694232,99,50,45,46,57,3.6230430603027344,68.0,70.0,9.343
1765479265.895197,99,33,19,26,22,3.623455047607422,68.5,69.5,8.24
1765479266.0964074,99,33,19,26,22,3.623455047607422,68.5,69.5,8.24
1765479266.2973847,99,33,41,24,26,3.6230316162109375,68.0,69.5,8.543
1765479266.4986248,99,33,41,24,26,3.6230316162109375,68.0,69.5,8.543
1765479266.6995869,99,33,41,24,26,3.6230316162109375,68.0,69.5,8.543
1765479266.9007661,90,20,22,27,16,3.6237106323242188,67.5,69.5,6.749
1765479267.1022806,90,20,22,27,16,3.6237106323242188,67.5,69.5,6.749
1765479267.303335,99,18,26,30,35,3.6244354248046875,68.0,70.0,9.106
1765479267.504444,99,18,26,30,35,3.6244354248046875,68.0,70.0,9.106
1765479267.705758,99,18,26,30,35,3.6244354248046875,68.0,70.0,9.106
1765479267.9071448,99,16,20,14,20,3.623455047607422,67.5,69.5,8.094
1765479268.1083665,99,16,20,14,20,3.623455047607422,67.5,69.5,8.094
1765479268.3094711,99,19,32,16,23,3.6235008239746094,68.0,69.0,8.094
