ts,gpu,cpu1,cpu2,cpu3,cpu4,ram,temp_gpu,temp_cpu,power
1765485811.4196923,0,24,23,38,26,3.6804161071777344,62.0,64.5,2.457
1765485811.6208217,0,24,23,38,26,3.6804161071777344,62.0,64.5,2.457
1765485811.82496,0,24,23,38,26,3.6804161071777344,62.0,64.5,2.457
1765485812.0264485,99,69,57,63,63,3.6876144409179688,48.0,49.0,8.346
1765485812.2277737,99,69,57,63,63,3.6876144409179688,48.0,49.0,8.346
1765485812.4290276,99,55,57,53,50,3.6948471069335938,48.0,48.5,7.894
1765485812.6304343,99,55,57,53,50,3.6948471069335938,48.0,48.5,7.894
1765485812.8350472,99,55,57,53,50,3.6948471069335938,48.0,48.5,7.894
1765485813.0363207,0,55,49,61,44,3.6840248107910156,48.0,50.5,5.532
1765485813.2377398,0,55,49,61,44,3.6840248107910156,48.0,50.5,5.532
1765485813.4401927,99,55,37,36,34,3.6869430541992188,48.0,49.5,7.587
1765485813.6413808,99,55,37,36,34,3.6869430541992188,48.0,49.5,7.587
1765485813.8429477,99,55,37,36,34,3.6869430541992188,48.0,49.5,7.587
1765485814.0440395,0,38,26,43,33,3.6845169067382812,47.5,49.0,5.564
1765485814.2450054,0,38,26,43,33,3.6845169067382812,47.5,49.0,5.564
1765485814.4465349,99,28,26,56,30,3.6847801208496094,48.0,48.0,7.28
1765485814.6487525,99,28,26,56,30,3.6847801208496094,48.0,48.0,7.28
1765485814.849909,99,28,26,56,30,3.6847801208496094,48.0,48.0,7.28
1765485815.0510635,99,22,34,25,28,3.685192108154297,48.0,49.0,5.613
1765485815.252129,99,22,34,25,28,3.685192108154297,48.0,49.0,5.613
1765485815.4532201,99,20,22,21,56,3.6853065490722656,48.0,48.0,6.58
1765485815.6547983,99,20,22,21,56,3.6853065490722656,48.0,48.0,6.58
1765485815.8558228,99,20,22,21,56,3.6853065490722656,48.0,48.0,6.58
1765485816.0568075,99,30,27,32,28,3.6541404724121094,47.5,48.0,4.739
1765485816.258124,99,30,27,32,28,3.6541404724121094,47.5,48.0,4.739
1765485816.4596777,99,27,37,33,65,3.65484619140625,48.5,48.0,7.091
1765485816.6628764,99,27,37,33,65,3.65484619140625,48.5,48.0,7.091
1765485816.864267,99,27,37,33,65,3.65484619140625,48.5,48.0,7.091
1765485817.0654778,16,22,30,33,16,3.658580780029297,47.5,49.0,4.699
1765485817.266593,16,22,30,33,16,3.658580780029297,47.5,49.0,4.699
1765485817.4678614,99,20,56,22,24,3.6586990356445312,48.0,48.0,6.77
1765485817.6691341,99,20,56,22,24,3.6586990356445312,48.0,48.0,6.77
1765485817.8707333,99,20,56,22,24,3.6586990356445312,48.0,48.0,6.77
1765485818.0719573,25,34,22,26,23,3.658466339111328,47.5,49.5,4.463
1765485818.2730725,25,34,22,26,23,3.658466339111328,47.5,49.5,4.463
1765485818.4740753,99,32,33,29,60,3.6585960388183594,48.5,48.5,7.2
1765485818.6762524,99,32,33,29,60,3.6585960388183594,48.5,48.5,7.2
1765485818.8781407,99,32,33,29,60,3.6585960388183594,48.5,48.5,7.2
1765485819.0796037,12,21,16,26,18,3.661022186279297,47.5,48.5,4.658
1765485819.2807174,12,21,16,26,18,3.661022186279297,47.5,48.5,4.658
1765485819.4819868,12,21,16,26,18,3.661022186279297,47.5,48.5,4.658
1765485819.6829474,99,37,33,57,29,3.6601486206054688,48.5,48.0,6.701
1765485819.8848097,99,37,33,57,29,3.6601486206054688,48.5,48.0,6.701
1765485820.0860803,88,26,28,20,18,3.6607666015625,48.0,48.0,4.934
1765485820.2871125,88,26,28,20,18,3.6607666015625,48.0,48.0,4.934
1765485820.48842,88,26,28,20,18,3.6607666015625,48.0,48.0,4.934
1765485820.69086,99,55,43,50,39,3.664020538330078,48.5,48.5,7.667
1765485820.8930178,99,55,43,50,39,3.664020538330078,48.5,48.5,7.667
1765485821.0943182,90,21,17,13,19,3.663768768310547,48.0,48.5,5.339
1765485821.2953002,90,21,17,13,19,3.663768768310547,48.0,48.5,5.339
1765485821.496286,90,21,17,13,19,3.663768768310547,48.0,48.5,5.339
1765485821.69832,99,38,64,37,30,3.664043426513672,48.5,48.5,7.12
1765485821.8996985,99,38,64,37,30,3.664043426513672,48.5,48.5,7.12
1765485822.1006422,99,26,18,23,20,3.6642189025878906,48.5,48.5,6.31
1765485822.3017967,99,26,18,23,20,3.6642189025878906,48.5,48.5,6.31
1765485822.5027337,99,26,18,23,20,3.6642189025878906,48.5,48.5,6.31
1765485822.7040312,99,60,32,33,30,3.6657257080078125,48.5,49.0,7.735
1765485822.9073312,99,60,32,33,30,3.6657257080078125,48.5,49.0,7.735
1765485823.1086874,99,24,17,14,19,3.6643142700195312,48.5,48.5,6.511
1765485823.3100119,99,24,17,14,19,3.6643142700195312,48.5,48.5,6.511
1765485823.5121462,99,24,17,14,19,3.6643142700195312,48.5,48.5,6.511
1765485823.7146637,99,34,42,32,56,3.6641464233398438,48.5,48.5,7.051
1765485823.9160013,99,34,42,32,56,3.6641464233398438,48.5,48.5,7.051
1765485824.117874,99,31,30,16,22,3.6647109985351562,48.5,48.5,6.931
1765485824.319173,99,31,30,16,22,3.6647109985351562,48.5,48.5,6.931
1765485824.5201237,99,31,30,16,22,3.6647109985351562,48.5,48.5,6.931
1765485824.7213237,99,20,70,29,18,3.664661407470703,48.5,48.5,7.747
1765485824.9233813,99,20,70,29,18,3.664661407470703,48.5,48.5,7.747
1765485825.1247609,98,26,20,18,19,3.6646156311035156,49.0,48.5,6.39
1765485825.3259568,98,26,20,18,19,3.6646156311035156,49.0,48.5,6.39
1765485825.5270243,98,26,20,18,19,3.6646156311035156,49.0,48.5,6.39
1765485825.7286885,99,40,36,42,58,3.666217803955078,49.0,48.5,7.12
1765485825.9308426,99,40,36,42,58,3.666217803955078,49.0,48.5,7.12
1765485826.1321726,99,28,24,20,21,3.6677207946777344,49.0,48.5,7.28
1765485826.3333497,99,28,24,20,21,3.6677207946777344,49.0,48.5,7.28
1765485826.5344594,99,28,24,20,21,3.6677207946777344,49.0,48.5,7.28
1765485826.7357268,99,20,32,23,58,3.6665306091308594,49.0,48.5,7.131
1765485826.9392302,99,20,32,23,58,3.6665306091308594,49.0,48.5,7.131
1765485827.1404662,99,20,32,23,58,3.6665306091308594,49.0,48.5,7.131
1765485827.3414176,99,27,24,26,16,3.666767120361328,48.5,48.5,6.701
1765485827.5424652,99,27,24,26,16,3.666767120361328,48.5,48.5,6.701
1765485827.7441728,99,58,39,32,46,3.6661643981933594,49.0,49.0,7.695
1765485827.9465632,99,58,39,32,46,3.6661643981933594,49.0,49.0,7.695
1765485828.1478908,99,58,39,32,46,3.6661643981933594,49.0,49.0,7.695
1765485828.3488002,99,20,25,26,16,3.6674957275390625,49.5,49.0,7.667
1765485828.5498807,99,20,25,26,16,3.6674957275390625,49.5,49.0,7.667
1765485828.7510245,99,28,55,24,25,3.666858673095703,48.5,49.5,7.507
1765485828.952321,99,28,55,24,25,3.666858673095703,48.5,49.5,7.507
1765485829.1542287,99,28,55,24,25,3.666858673095703,48.5,49.5,7.507
1765485829.3553646,99,26,25,21,18,3.6666526794433594,49.0,49.0,7.091
1765485829.557866,99,26,25,21,18,3.6666526794433594,49.0,49.0,7.091
1765485829.759101,98,39,52,44,46,3.6665496826171875,49.5,49.5,7.934
1765485829.9612615,98,39,52,44,46,3.6665496826171875,49.5,49.5,7.934
1765485830.162814,98,39,52,44,46,3.6665496826171875,49.5,49.5,7.934
1765485830.3637352,99,22,10,18,19,3.6666221618652344,48.5,49.0,7.36
1765485830.5647123,99,22,10,18,19,3.6666221618652344,48.5,49.0,7.36
1765485830.7658556,99,35,30,58,27,3.6667404174804688,49.0,50.0,7.32
1765485830.9669797,99,35,30,58,27,3.6667404174804688,49.0,50.0,7.32
1765485831.169438,99,35,30,58,27,3.6667404174804688,49.0,50.0,7.32
1765485831.3710444,99,23,23,28,22,3.6670455932617188,49.0,49.0,6.821
1765485831.5723307,99,23,23,28,22,3.6670455932617188,49.0,49.0,6.821
1765485831.7734666,99,41,36,53,29,3.6691741943359375,49.0,50.0,7.775
1765485831.9754636,99,41,36,53,29,3.6691741943359375,49.0,50.0,7.775
1765485832.1787872,99,41,36,53,29,3.6691741943359375,49.0,50.0,7.775
1765485832.3802001,98,22,16,25,21,3.6689224243164062,48.5,49.0,6.58
1765485832.5815194,98,22,16,25,21,3.6689224243164062,48.5,49.0,6.58
1765485832.7826288,99,43,50,62,52,3.6660308837890625,49.0,50.5,8.24
1765485832.9839191,99,43,50,62,52,3.6660308837890625,49.0,50.5,8.24
1765485833.1850708,99,43,50,62,52,3.6660308837890625,49.0,50.5,8.24
1765485833.3876238,99,30,22,25,28,3.6688003540039062,49.5,50.0,7.814
1765485833.5889525,99,30,22,25,28,3.6688003540039062,49.5,50.0,7.814
1765485833.7900093,99,28,28,38,35,3.6727371215820312,48.5,49.5,7.16
1765485833.9917321,99,28,28,38,35,3.6727371215820312,48.5,49.5,7.16
1765485834.195134,99,28,28,38,35,3.6727371215820312,48.5,49.5,7.16
1765485834.3966625,99,30,18,26,35,3.6717300415039062,49.5,49.0,7.28
1765485834.5978212,99,30,18,26,35,3.6717300415039062,49.5,49.0,7.28
1765485834.7988732,99,30,38,32,42,3.6716995239257812,49.0,49.5,6.741
1765485835.0009787,99,30,38,32,42,3.6716995239257812,49.0,49.5,6.741
1765485835.2025056,99,30,38,32,42,3.6716995239257812,49.0,49.5,6.741
1765485835.4059198,99,24,24,25,43,3.6722373962402344,49.0,49.0,7.32
1765485835.6071088,99,24,24,25,43,3.6722373962402344,49.0,49.0,7.32
1765485835.8098078,99,24,24,25,43,3.6722373962402344,49.0,49.0,7.32
1765485836.0160987,99,28,36,25,26,3.6730575561523438,48.5,51.0,6.781
1765485836.2173524,99,28,36,25,26,3.6730575561523438,48.5,51.0,6.781
1765485836.4197195,99,38,41,23,28,3.6731224060058594,49.5,49.0,7.2
1765485836.6220875,99,38,41,23,28,3.6731224060058594,49.5,49.0,7.2
1765485836.8231223,99,38,41,23,28,3.6731224060058594,49.5,49.0,7.2
1765485837.024183,99,32,21,44,28,3.6732177734375,49.0,50.0,6.5
1765485837.2253776,99,32,21,44,28,3.6732177734375,49.0,50.0,6.5
1765485837.4267359,99,27,27,58,21,3.6743431091308594,49.5,49.5,7.627
1765485837.629999,99,27,27,58,21,3.6743431091308594,49.5,49.5,7.627
1765485837.8378363,99,27,27,58,21,3.6743431091308594,49.5,49.5,7.627
1765485838.0389445,0,24,24,23,14,3.6739730834960938,48.5,49.0,5.015
1765485838.2411366,0,24,24,23,14,3.6739730834960938,48.5,49.0,5.015
1765485838.4439554,99,38,43,48,28,3.6743125915527344,49.5,49.0,6.701
1765485838.6454298,99,38,43,48,28,3.6743125915527344,49.5,49.0,6.701
1765485838.850033,99,38,43,48,28,3.6743125915527344,49.5,49.0,6.701
1765485839.0510666,26,27,21,30,34,3.6748580932617188,48.5,49.5,4.853
1765485839.252133,26,27,21,30,34,3.6748580932617188,48.5,49.5,4.853
1765485839.4532347,99,26,32,34,56,3.6748504638671875,49.5,50.5,8.054
1765485839.6562088,99,26,32,34,56,3.6748504638671875,49.5,50.5,8.054
1765485839.8574896,99,26,32,34,56,3.6748504638671875,49.5,50.5,8.054
1765485840.0585048,19,28,26,27,28,3.6681976318359375,49.0,49.0,4.901
1765485840.2601988,19,28,26,27,28,3.6681976318359375,49.0,49.0,4.901
1765485840.4620178,99,44,27,35,52,3.671092987060547,50.0,49.5,6.85
1765485840.6633086,99,44,27,35,52,3.671092987060547,50.0,49.5,6.85
1765485840.8642511,99,44,27,35,52,3.671092987060547,50.0,49.5,6.85
1765485841.0655499,99,34,30,28,33,3.67181396484375,49.0,50.0,5.492
1765485841.2685642,99,34,30,28,33,3.67181396484375,49.0,50.0,5.492
1765485841.4697576,99,41,28,27,50,3.672107696533203,50.0,50.0,7.32
1765485841.6718485,99,41,28,27,50,3.672107696533203,50.0,50.0,7.32
1765485841.87298,99,41,28,27,50,3.672107696533203,50.0,50.0,7.32
1765485842.0740774,16,21,18,32,21,3.6721878051757812,48.5,49.5,4.544
1765485842.275799,16,21,18,32,21,3.6721878051757812,48.5,49.5,4.544
1765485842.477534,99,36,41,27,50,3.67236328125,49.5,49.5,6.77
1765485842.6804256,99,36,41,27,50,3.67236328125,49.5,49.5,6.77
1765485842.8818758,99,36,41,27,50,3.67236328125,49.5,49.5,6.77
1765485843.0829935,11,26,30,25,23,3.6732101440429688,48.5,50.0,4.853
1765485843.2852557,11,26,30,25,23,3.6732101440429688,48.5,50.0,4.853
1765485843.4862173,99,28,27,24,51,3.6721229553222656,50.0,49.0,6.47
1765485843.6880205,99,28,27,24,51,3.6721229553222656,50.0,49.0,6.47
1765485843.8910682,99,28,27,24,51,3.6721229553222656,50.0,49.0,6.47
1765485844.0927114,0,32,22,22,25,3.6722869873046875,49.5,49.0,4.267
1765485844.293999,0,32,22,22,25,3.6722869873046875,49.5,49.0,4.267
1765485844.4953716,99,36,34,31,55,3.672260284423828,49.5,49.5,7.12
1765485844.6968205,99,36,34,31,55,3.672260284423828,49.5,49.5,7.12
1765485844.8982456,99,36,34,31,55,3.672260284423828,49.5,49.5,7.12
1765485845.0997322,99,26,20,20,17,3.672985076904297,49.5,50.0,6.078
1765485845.3008177,99,26,20,20,17,3.672985076904297,49.5,50.0,6.078
1765485845.502465,99,28,64,37,22,3.672260284423828,49.5,49.5,7.011
1765485845.7036808,99,28,64,37,22,3.672260284423828,49.5,49.5,7.011
1765485845.9049203,99,28,64,37,22,3.672260284423828,49.5,49.5,7.011
1765485846.1067822,99,28,22,18,23,3.671802520751953,49.5,49.5,6.43
1765485846.3101096,99,28,22,18,23,3.671802520751953,49.5,49.5,6.43
1765485846.5185862,99,28,22,18,23,3.671802520751953,49.5,49.5,6.43
1765485846.7197108,0,37,26,24,44,3.663013458251953,48.0,49.5,3.062
1765485846.9209466,0,37,26,24,44,3.663013458251953,48.0,49.5,3.062
1765485847.1221938,99,69,24,21,32,3.677867889404297,49.5,49.5,6.971
1765485847.324032,99,69,24,21,32,3.677867889404297,49.5,49.5,6.971
1765485847.5251074,99,18,26,22,20,3.6770401000976562,49.0,49.0,4.739
1765485847.726834,99,18,26,22,20,3.6770401000976562,49.0,49.0,4.739
1765485847.928162,99,18,26,22,20,3.6770401000976562,49.0,49.0,4.739
1765485848.1304386,99,34,30,46,64,3.677204132080078,49.5,49.0,6.891
1765485848.332024,99,34,30,46,64,3.677204132080078,49.5,49.0,6.891
1765485848.533566,99,34,30,46,64,3.677204132080078,49.5,49.0,6.891
1765485848.7348254,99,23,29,25,23,3.6783676147460938,49.5,50.5,6.81
1765485848.9357677,99,23,29,25,23,3.6783676147460938,49.5,50.5,6.81
1765485849.136751,99,28,60,30,24,3.6778488159179688,49.5,49.5,6.971
1765485849.3384142,99,28,60,30,24,3.6778488159179688,49.5,49.5,6.971
1765485849.5396419,99,28,60,30,24,3.6778488159179688,49.5,49.5,6.971
1765485849.74101,99,29,20,24,26,3.6776123046875,49.5,49.5,6.54
1765485849.9423919,99,29,20,24,26,3.6776123046875,49.5,49.5,6.54
1765485850.143507,99,34,40,30,53,3.677227020263672,49.5,50.0,6.971
1765485850.3458834,99,34,40,30,53,3.677227020263672,49.5,50.0,6.971
1765485850.5470397,99,34,40,30,53,3.677227020263672,49.5,50.0,6.971
1765485850.7482128,99,32,28,17,34,3.6806640625,49.5,50.5,7.36
1765485850.9492483,99,32,28,17,34,3.6806640625,49.5,50.5,7.36
1765485851.1511931,99,35,60,24,24,3.6796722412109375,50.0,50.5,7.468
1765485851.3523397,99,35,60,24,24,3.6796722412109375,50.0,50.5,7.468
1765485851.5555341,99,35,60,24,24,3.6796722412109375,50.0,50.5,7.468
1765485851.7568932,99,25,16,30,23,3.6795501708984375,50.0,49.5,6.43
1765485851.9579265,99,25,16,30,23,3.6795501708984375,50.0,49.5,6.43
1765485852.1594114,99,66,39,42,26,3.6799964904785156,50.0,50.5,7.854
1765485852.3615353,99,66,39,42,26,3.6799964904785156,50.0,50.5,7.854
1765485852.563096,99,66,39,42,26,3.6799964904785156,50.0,50.5,7.854
1765485852.7642484,98,28,20,8,16,3.679950714111328,50.0,50.0,6.81
1765485852.9652784,98,28,20,8,16,3.679950714111328,50.0,50.0,6.81
1765485853.1666908,99,64,23,28,35,3.679668426513672,50.0,50.0,7.16
1765485853.3678439,99,64,23,28,35,3.679668426513672,50.0,50.0,7.16
1765485853.5701246,99,64,23,28,35,3.679668426513672,50.0,50.0,7.16
1765485853.771275,99,23,28,26,28,3.6797447204589844,49.5,49.5,6.621
1765485853.9725604,99,23,28,26,28,3.6797447204589844,49.5,49.5,6.621
1765485854.173815,99,31,45,62,29,3.6802024841308594,50.5,50.5,8.16
1765485854.375347,99,31,45,62,29,3.6802024841308594,50.5,50.5,8.16
1765485854.577483,99,31,45,62,29,3.6802024841308594,50.5,50.5,8.16
1765485854.7787256,99,22,10,17,20,3.679668426513672,50.0,50.0,6.81
1765485854.9797404,99,22,10,17,20,3.679668426513672,50.0,50.0,6.81
1765485855.1809437,99,31,30,68,31,3.6797447204589844,50.5,50.0,7.547
1765485855.3821845,99,31,30,68,31,3.6797447204589844,50.5,50.0,7.547
1765485855.5833642,99,31,30,68,31,3.6797447204589844,50.5,50.0,7.547
1765485855.7851286,99,27,26,20,26,3.6798057556152344,50.5,50.0,7.32
1765485855.9863572,99,27,26,20,26,3.6798057556152344,50.5,50.0,7.32
1765485856.1873891,98,27,42,58,20,3.68060302734375,50.0,50.5,8.2
1765485856.3892515,98,27,42,58,20,3.68060302734375,50.0,50.5,8.2
1765485856.5922785,98,27,42,58,20,3.68060302734375,50.0,50.5,8.2
1765485856.7940953,99,16,18,20,24,3.679840087890625,50.0,50.0,7.08
1765485856.9953268,99,16,18,20,24,3.679840087890625,50.0,50.0,7.08
1765485857.1963668,99,16,18,20,24,3.679840087890625,50.0,50.0,7.08
1765485857.397781,99,40,72,40,40,3.679950714111328,50.5,50.0,7.667
1765485857.5991209,99,40,72,40,40,3.679950714111328,50.5,50.0,7.667
1765485857.801092,99,30,30,24,20,3.673198699951172,50.0,50.5,7.36
1765485858.0026681,99,30,30,24,20,3.673198699951172,50.0,50.5,7.36
1765485858.203753,99,30,30,24,20,3.673198699951172,50.0,50.5,7.36
1765485858.4050379,99,25,27,30,56,3.6738052368164062,50.5,50.0,7.921
1765485858.6070375,99,25,27,30,56,3.6738052368164062,50.5,50.0,7.921
1765485858.8094833,99,26,23,20,22,3.6727333068847656,50.0,49.5,6.621
1765485859.0108514,99,26,23,20,22,3.6727333068847656,50.0,49.5,6.621
1765485859.2118845,99,26,23,20,22,3.6727333068847656,50.0,49.5,6.621
1765485859.4132202,99,30,39,59,31,3.6728515625,50.5,51.0,7.468
1765485859.6146865,99,30,39,59,31,3.6728515625,50.5,51.0,7.468
1765485859.8159385,98,26,22,30,16,3.6735496520996094,50.0,50.0,7.28
1765485860.016985,98,26,22,30,16,3.6735496520996094,50.0,50.0,7.28
1765485860.2181463,98,26,22,30,16,3.6735496520996094,50.0,50.0,7.28
1765485860.4190736,99,44,31,34,19,3.6728248596191406,50.0,51.0,7.32
1765485860.622027,99,44,31,34,19,3.6728248596191406,50.0,51.0,7.32
1765485860.8239775,98,37,22,24,20,3.6727638244628906,50.0,50.0,6.741
1765485861.0251362,98,37,22,24,20,3.6727638244628906,50.0,50.0,6.741
1765485861.2263856,98,37,22,24,20,3.6727638244628906,50.0,50.0,6.741
1765485861.427572,99,54,34,36,41,3.6726036071777344,50.5,51.0,7.627
1765485861.6300125,99,54,34,36,41,3.6726036071777344,50.5,51.0,7.627
1765485861.8375318,99,26,16,20,32,3.673076629638672,50.5,50.5,7.547
1765485862.0387213,99,26,16,20,32,3.673076629638672,50.5,50.5,7.547
1765485862.2397122,99,26,16,20,32,3.673076629638672,50.5,50.5,7.547
1765485862.440763,99,56,25,27,24,3.672985076904297,50.0,51.0,7.36
1765485862.6430967,99,56,25,27,24,3.672985076904297,50.0,51.0,7.36
1765485862.8455782,99,40,24,21,18,3.6727828979492188,50.5,50.5,7.24
1765485863.0470834,99,40,24,21,18,3.6727828979492188,50.5,50.5,7.24
1765485863.2483363,99,40,24,21,18,3.6727828979492188,50.5,50.5,7.24
1765485863.4495296,99,30,42,38,40,3.6728172302246094,50.5,50.5,7.627
1765485863.6514359,99,30,42,38,40,3.6728172302246094,50.5,50.5,7.627
1765485863.8527744,99,22,22,21,30,3.67303466796875,50.5,50.0,7.04
1765485864.0545487,99,22,22,21,30,3.67303466796875,50.5,50.0,7.04
1765485864.2560384,99,22,22,21,30,3.67303466796875,50.5,50.0,7.04
1765485864.457445,99,29,36,35,34,3.672637939453125,50.5,51.0,7.011
1765485864.658444,99,29,36,35,34,3.672637939453125,50.5,51.0,7.011
1765485864.860235,99,23,24,16,51,3.6728439331054688,50.5,50.5,7.08
1765485865.0633616,99,23,24,16,51,3.6728439331054688,50.5,50.5,7.08
1765485865.2645586,99,23,24,16,51,3.6728439331054688,50.5,50.5,7.08
1765485865.4659176,99,31,27,38,35,3.6735000610351562,50.0,50.5,6.891
1765485865.6669207,99,31,27,38,35,3.6735000610351562,50.0,50.5,6.891
1765485865.86833,99,25,16,46,19,3.6726531982421875,50.5,50.5,7.051
1765485866.0695372,99,25,16,46,19,3.6726531982421875,50.5,50.5,7.051
1765485866.2707026,99,25,16,46,19,3.6726531982421875,50.5,50.5,7.051
1765485866.471718,99,19,32,32,41,3.672771453857422,49.5,50.5,6.621
1765485866.6728716,99,19,32,32,41,3.672771453857422,49.5,50.5,6.621
1765485866.8740854,99,19,32,32,41,3.672771453857422,49.5,50.5,6.621
1765485867.0772347,99,30,23,51,21,3.6727828979492188,50.0,50.5,7.011
1765485867.2787094,99,30,23,51,21,3.6727828979492188,50.0,50.5,7.011
1765485867.4797456,99,27,32,26,35,3.672626495361328,50.0,52.0,6.741
1765485867.6818185,99,27,32,26,35,3.672626495361328,50.0,52.0,6.741
1765485867.8850205,99,27,32,26,35,3.672626495361328,50.0,52.0,6.741
1765485868.0865393,99,25,25,43,28,3.6726417541503906,50.5,50.5,7.091
1765485868.2873926,99,25,25,43,28,3.6726417541503906,50.5,50.5,7.091
1765485868.488464,99,32,30,39,23,3.672168731689453,50.0,51.0,6.46
1765485868.6897893,99,32,30,39,23,3.672168731689453,50.0,51.0,6.46
1765485868.89124,99,32,30,39,23,3.672168731689453,50.0,51.0,6.46
1765485869.093343,99,60,26,25,19,3.6729164123535156,50.5,50.5,7.24
1765485869.2951646,99,60,26,25,19,3.6729164123535156,50.5,50.5,7.24
1765485869.4968727,0,23,24,20,28,3.67327880859375,49.5,51.0,5.056
1765485869.6984231,0,23,24,20,28,3.67327880859375,49.5,51.0,5.056
1765485869.9005363,0,23,24,20,28,3.67327880859375,49.5,51.0,5.056
1765485870.1018243,99,35,37,32,39,3.672168731689453,50.5,50.0,6.47
1765485870.302976,99,35,37,32,39,3.672168731689453,50.5,50.0,6.47
1765485870.5041301,99,22,28,16,26,3.6726417541503906,50.0,50.5,4.861
1765485870.705267,99,22,28,16,26,3.6726417541503906,50.0,50.5,4.861
1765485870.906316,99,22,28,16,26,3.6726417541503906,50.0,50.5,4.861
1765485871.1084173,99,25,32,65,33,3.672985076904297,50.5,50.5,7.44
1765485871.311799,99,25,32,65,33,3.672985076904297,50.5,50.5,7.44
1765485871.513323,77,16,18,30,19,3.6725196838378906,50.0,51.0,4.78
1765485871.7144294,77,16,18,30,19,3.6725196838378906,50.0,51.0,4.78
1765485871.915555,77,16,18,30,19,3.6725196838378906,50.0,51.0,4.78
1765485872.1185086,99,34,40,70,34,3.676952362060547,50.5,50.5,6.85
1765485872.3200827,99,34,40,70,34,3.676952362060547,50.5,50.5,6.85
1765485872.521113,93,28,18,21,29,3.6767539978027344,50.5,50.5,6.007
1765485872.7222762,93,28,18,21,29,3.6767539978027344,50.5,50.5,6.007
1765485872.9232717,93,28,18,21,29,3.6767539978027344,50.5,50.5,6.007
1765485873.1245546,99,63,26,40,24,3.641876220703125,51.0,51.5,8.12
1765485873.3267264,99,63,26,40,24,3.641876220703125,51.0,51.5,8.12
1765485873.5284922,99,23,14,23,16,3.6405715942382812,50.5,50.5,6.35
1765485873.729723,99,23,14,23,16,3.6405715942382812,50.5,50.5,6.35
1765485873.9307919,99,23,14,23,16,3.6405715942382812,50.5,50.5,6.35
1765485874.1331196,99,64,37,31,28,3.646678924560547,50.5,50.5,7.468
1765485874.334309,99,64,37,31,28,3.646678924560547,50.5,50.5,7.468
1765485874.5353463,99,64,37,31,28,3.646678924560547,50.5,50.5,7.468
1765485874.736351,99,20,30,25,20,3.646923065185547,51.0,50.5,7.211
1765485874.9373431,99,20,30,25,20,3.646923065185547,51.0,50.5,7.211
1765485875.139958,99,22,27,66,26,3.6483802795410156,51.5,51.0,7.894
1765485875.3423324,99,22,27,66,26,3.6483802795410156,51.5,51.0,7.894
1765485875.5439405,99,22,27,66,26,3.6483802795410156,51.5,51.0,7.894
1765485875.745036,99,22,28,20,20,3.647319793701172,51.0,50.5,7.091
1765485875.9462616,99,22,28,20,20,3.647319793701172,51.0,50.5,7.091
1765485876.1472836,98,67,32,32,34,3.647113800048828,51.0,52.0,7.547
1765485876.349478,98,67,32,32,34,3.647113800048828,51.0,52.0,7.547
1765485876.551059,98,67,32,32,34,3.647113800048828,51.0,52.0,7.547
1765485876.7521646,99,22,22,31,18,3.6474075317382812,51.0,51.0,7.747
1765485876.9536004,99,22,22,31,18,3.6474075317382812,51.0,51.0,7.747
1765485877.1548471,99,23,24,31,58,3.647045135498047,51.0,51.0,7.547
1765485877.3563259,99,23,24,31,58,3.647045135498047,51.0,51.0,7.547
1765485877.5598676,99,23,24,31,58,3.647045135498047,51.0,51.0,7.547
1765485877.7614398,99,20,24,26,21,3.6473388671875,50.5,51.0,6.891
1765485877.9627297,99,20,24,26,21,3.6473388671875,50.5,51.0,6.891
1765485878.1641634,99,53,38,32,31,3.6473846435546875,50.5,52.0,7.32
1765485878.3664935,99,53,38,32,31,3.6473846435546875,50.5,52.0,7.32
1765485878.5677576,99,53,38,32,31,3.6473846435546875,50.5,52.0,7.32
1765485878.7690544,98,26,20,30,16,3.6480064392089844,50.5,51.5,7.507
1765485878.9702213,98,26,20,30,16,3.6480064392089844,50.5,51.5,7.507
1765485879.1712353,99,29,29,46,25,3.6477394104003906,51.0,51.5,7.32
1765485879.3723443,99,29,29,46,25,3.6477394104003906,51.0,51.5,7.32
1765485879.5752695,99,29,29,46,25,3.6477394104003906,51.0,51.5,7.32
1765485879.7773688,99,23,26,30,24,3.6474571228027344,51.0,51.0,6.701
1765485879.980472,99,23,26,30,24,3.6474571228027344,51.0,51.0,6.701
1765485880.1815133,99,45,39,36,42,3.6467514038085938,50.5,52.0,7.587
1765485880.3830009,99,45,39,36,42,3.6467514038085938,50.5,52.0,7.587
1765485880.584483,99,45,39,36,42,3.6467514038085938,50.5,52.0,7.587
1765485880.7857382,99,34,22,23,22,3.6486778259277344,51.0,51.5,8.12
1765485880.987147,99,34,22,23,22,3.6486778259277344,51.0,51.5,8.12
1765485881.1883268,99,30,27,42,28,3.6475257873535156,50.5,51.5,6.31
1765485881.3894963,99,30,27,42,28,3.6475257873535156,50.5,51.5,6.31
1765485881.591572,99,30,27,42,28,3.6475257873535156,50.5,51.5,6.31
1765485881.793943,99,26,26,23,47,3.647674560546875,51.5,51.0,7.011
1765485881.9951406,99,26,26,23,47,3.647674560546875,51.5,51.0,7.011
1765485882.196275,99,26,26,23,47,3.647674560546875,51.5,51.0,7.011
1765485882.4004588,99,29,34,35,33,3.6489219665527344,50.5,52.0,6.971
1765485882.6014185,99,29,34,35,33,3.6489219665527344,50.5,52.0,6.971
1765485882.8025334,99,34,38,50,34,3.6494674682617188,51.5,51.5,7.2
1765485883.0041397,99,34,38,50,34,3.6494674682617188,51.5,51.5,7.2
1765485883.2054167,0,30,35,24,23,3.6511306762695312,50.5,52.0,4.023
1765485883.4065042,0,30,35,24,23,3.6511306762695312,50.5,52.0,4.023
1765485883.607473,0,30,35,24,23,3.6511306762695312,50.5,52.0,4.023
1765485883.80992,99,26,55,37,26,3.650920867919922,51.0,51.0,6.741
1765485884.0122612,99,26,55,37,26,3.650920867919922,51.0,51.0,6.741
1765485884.2137206,99,26,55,37,26,3.650920867919922,51.0,51.0,6.741
1765485884.4146898,28,32,32,18,16,3.65179443359375,50.5,51.5,4.78
1765485884.6159203,28,32,32,18,16,3.65179443359375,50.5,51.5,4.78
1765485884.817226,99,18,66,19,22,3.6519851684570312,51.0,51.0,6.741
1765485885.0189214,99,18,66,19,22,3.6519851684570312,51.0,51.0,6.741
1765485885.2210703,99,18,66,19,22,3.6519851684570312,51.0,51.0,6.741
1765485885.4222605,94,21,27,27,23,3.652271270751953,50.5,50.5,4.901
1765485885.623328,94,21,27,27,23,3.652271270751953,50.5,50.5,4.901
1765485885.825507,99,28,27,60,42,3.652576446533203,51.0,51.5,7.16
1765485886.027496,99,28,27,60,42,3.652576446533203,51.0,51.5,7.16
1765485886.2286668,99,28,27,60,42,3.652576446533203,51.0,51.5,7.16
1765485886.4324195,94,25,20,18,14,3.6529769897460938,51.0,51.0,6.741
1765485886.6335554,94,25,20,18,14,3.6529769897460938,51.0,51.0,6.741
1765485886.8349593,99,27,62,36,28,3.652812957763672,51.0,51.0,7.2
1765485887.0361981,99,27,62,36,28,3.652812957763672,51.0,51.0,7.2
1765485887.2381644,99,27,62,36,28,3.652812957763672,51.0,51.0,7.2
1765485887.4394517,99,25,20,26,21,3.653614044189453,51.0,51.0,6.621
1765485887.6405144,99,25,20,26,21,3.653614044189453,51.0,51.0,6.621
1765485887.841539,99,44,42,47,29,3.654254913330078,51.5,52.0,8.385
1765485888.043812,99,44,42,47,29,3.654254913330078,51.5,52.0,8.385
1765485888.2471778,99,44,42,47,29,3.654254913330078,51.5,52.0,8.385
1765485888.448642,99,17,18,20,18,3.654254913330078,51.0,51.0,6.741
1765485888.6498795,99,17,18,20,18,3.654254913330078,51.0,51.0,6.741
1765485888.8520048,99,74,37,27,30,3.6543426513671875,51.0,52.5,7.348
1765485889.0537026,99,74,37,27,30,3.6543426513671875,51.0,52.5,7.348
1765485889.2552502,99,74,37,27,30,3.6543426513671875,51.0,52.5,7.348
1765485889.457177,99,29,21,29,18,3.655170440673828,51.0,51.0,6.741
1765485889.6586533,99,29,21,29,18,3.655170440673828,51.0,51.0,6.741
1765485889.8597414,99,36,32,55,25,3.6559791564941406,51.0,52.0,7.747
1765485890.0620542,99,36,32,55,25,3.6559791564941406,51.0,52.0,7.747
1765485890.2643206,99,36,32,55,25,3.6559791564941406,51.0,52.0,7.747
1765485890.4657526,99,18,28,20,23,3.655628204345703,51.5,51.5,7.011
1765485890.6669266,99,18,28,20,23,3.655628204345703,51.5,51.5,7.011
1765485890.8678536,99,32,56,34,20,3.6554031372070312,51.5,51.5,7.36
1765485891.0690968,99,32,56,34,20,3.6554031372070312,51.5,51.5,7.36
1765485891.2706285,99,32,56,34,20,3.6554031372070312,51.5,51.5,7.36
1765485891.4726295,99,24,32,19,21,3.656085968017578,51.5,51.5,7.388
1765485891.6738815,99,24,32,19,21,3.656085968017578,51.5,51.5,7.388
1765485891.8765092,99,52,28,28,26,3.6568870544433594,51.0,52.5,7.775
1765485892.077981,99,52,28,28,26,3.6568870544433594,51.0,52.5,7.775
1765485892.279891,99,52,28,28,26,3.6568870544433594,51.0,52.5,7.775
1765485892.4832706,99,33,22,29,24,3.6563148498535156,51.5,51.5,7.12
1765485892.6847603,99,33,22,29,24,3.6563148498535156,51.5,51.5,7.12
1765485892.8860888,99,33,22,29,24,3.6563148498535156,51.5,51.5,7.12
1765485893.0871925,99,33,39,41,44,3.6561737060546875,51.5,51.5,7.428
1765485893.2885923,99,33,39,41,44,3.6561737060546875,51.5,51.5,7.428
1765485893.4905114,98,22,26,25,40,3.657073974609375,51.5,51.5,7.507
1765485893.6917338,98,22,26,25,40,3.657073974609375,51.5,51.5,7.507
1765485893.8927045,98,22,26,25,40,3.657073974609375,51.5,51.5,7.507
1765485894.0939233,99,49,23,28,28,3.6560821533203125,51.0,52.5,7.36
1765485894.295874,99,49,23,28,28,3.6560821533203125,51.0,52.5,7.36
1765485894.4982963,99,44,30,30,20,3.6564369201660156,51.5,52.0,7.547
1765485894.69982,99,44,30,30,20,3.6564369201660156,51.5,52.0,7.547
1765485894.9008863,99,44,30,30,20,3.6564369201660156,51.5,52.0,7.547
1765485895.1022701,99,34,37,46,28,3.6567344665527344,51.5,53.5,6.971
1765485895.303839,99,34,37,46,28,3.6567344665527344,51.5,53.5,6.971
1765485895.5052454,99,20,16,21,49,3.6568603515625,51.5,51.5,7.44
1765485895.7072797,99,20,16,21,49,3.6568603515625,51.5,51.5,7.44
1765485895.90861,99,20,16,21,49,3.6568603515625,51.5,51.5,7.44
1765485896.1099231,99,28,27,27,35,3.6565589904785156,50.5,52.0,6.269
1765485896.311883,99,28,27,27,35,3.6565589904785156,50.5,52.0,6.269
1765485896.5135634,99,53,26,26,26,3.656543731689453,51.0,51.0,7.011
1765485896.7150354,99,53,26,26,26,3.656543731689453,51.0,51.0,7.011
1765485896.9160523,99,53,26,26,26,3.656543731689453,51.0,51.0,7.011
1765485897.1170375,24,28,36,24,25,3.656574249267578,51.0,51.5,4.934
1765485897.3182766,24,28,36,24,25,3.656574249267578,51.0,51.5,4.934
1765485897.5195758,99,25,52,14,21,3.6568031311035156,51.5,51.5,6.971
1765485897.7217884,99,25,52,14,21,3.6568031311035156,51.5,51.5,6.971
1765485897.92363,99,25,52,14,21,3.6568031311035156,51.5,51.5,6.971
1765485898.125132,53,23,22,24,28,3.656566619873047,51.0,51.0,4.658
1765485898.3264158,53,23,22,24,28,3.656566619873047,51.0,51.0,4.658
1765485898.5282414,99,33,32,30,52,3.6565284729003906,51.5,51.5,6.58
1765485898.7319953,99,33,32,30,52,3.6565284729003906,51.5,51.5,6.58
1765485898.9332874,99,33,32,30,52,3.6565284729003906,51.5,51.5,6.58
1765485899.134266,99,30,29,37,17,3.657451629638672,51.5,52.0,5.523
1765485899.3355956,99,30,29,37,17,3.657451629638672,51.5,52.0,5.523
1765485899.5365958,99,22,18,20,58,3.657001495361328,51.5,51.0,6.58
1765485899.7383149,99,22,18,20,58,3.657001495361328,51.5,51.0,6.58
1765485899.9464746,99,22,18,20,58,3.657001495361328,51.5,51.0,6.58
1765485900.1474795,29,25,24,21,34,3.657012939453125,51.0,51.5,4.699
1765485900.3506207,29,25,24,21,34,3.657012939453125,51.0,51.5,4.699
1765485900.5522337,99,53,48,40,39,3.657703399658203,51.5,51.5,7.24
1765485900.754526,99,53,48,40,39,3.657703399658203,51.5,51.5,7.24
1765485900.9556715,99,53,48,40,39,3.657703399658203,51.5,51.5,7.24
1765485901.1565537,99,24,16,27,19,3.658458709716797,51.5,51.5,7.011
1765485901.3576703,99,24,16,27,19,3.658458709716797,51.5,51.5,7.011
1765485901.5586288,99,20,24,20,68,3.6597671508789062,52.0,51.5,7.24
1765485901.759823,99,20,24,20,68,3.6597671508789062,52.0,51.5,7.24
1765485901.962448,99,20,24,20,68,3.6597671508789062,52.0,51.5,7.24
1765485902.163697,99,27,21,23,29,3.6601295471191406,51.5,51.5,6.741
1765485902.3650904,99,27,21,23,29,3.6601295471191406,51.5,51.5,6.741
1765485902.566146,99,39,34,65,37,3.6605987548828125,52.0,52.0,8.12
1765485902.7679365,99,39,34,65,37,3.6605987548828125,52.0,52.0,8.12
1765485902.9691243,99,39,34,65,37,3.6605987548828125,52.0,52.0,8.12
1765485903.1702874,99,17,22,19,8,3.661487579345703,52.0,52.0,7.627
1765485903.3713026,99,17,22,19,8,3.661487579345703,52.0,52.0,7.627
1765485903.5722919,99,17,22,19,8,3.661487579345703,52.0,52.0,7.627
1765485903.7734272,99,26,32,64,24,3.660930633544922,51.5,52.5,7.587
1765485903.9751334,99,26,32,64,24,3.660930633544922,51.5,52.5,7.587
1765485904.1765058,98,20,28,26,20,3.661731719970703,51.5,52.0,6.741
1765485904.377465,98,20,28,26,20,3.661731719970703,51.5,52.0,6.741
1765485904.5783908,98,20,28,26,20,3.661731719970703,51.5,52.0,6.741
1765485904.779669,99,38,34,30,50,3.6626358032226562,51.5,52.5,7.814
1765485904.9822242,99,38,34,30,50,3.6626358032226562,51.5,52.5,7.814
1765485905.1837249,99,18,17,20,35,3.661937713623047,52.0,52.0,7.28
1765485905.3847234,99,18,17,20,35,3.661937713623047,52.0,52.0,7.28
1765485905.5857775,99,18,17,20,35,3.661937713623047,52.0,52.0,7.28
1765485905.7871318,99,37,23,30,56,3.6621437072753906,51.5,52.0,7.36
1765485905.9882247,99,37,23,30,56,3.6621437072753906,51.5,52.0,7.36
1765485906.1905723,99,23,29,18,36,3.6621017456054688,52.0,52.0,7.051
1765485906.3919349,99,23,29,18,36,3.6621017456054688,52.0,52.0,7.051
1765485906.5930576,99,23,29,18,36,3.6621017456054688,52.0,52.0,7.051
1765485906.7942607,99,29,37,28,43,3.6631622314453125,51.5,53.0,7.775
1765485906.9961808,99,29,37,28,43,3.6631622314453125,51.5,53.0,7.775
1765485907.1978872,98,34,25,29,27,3.6630096435546875,52.0,51.5,6.931
1765485907.3990295,98,34,25,29,27,3.6630096435546875,52.0,51.5,6.931
1765485907.6000717,98,34,25,29,27,3.6630096435546875,52.0,51.5,6.931
1765485907.8012815,99,31,44,37,32,3.6629981994628906,52.0,52.5,6.931
1765485908.0025232,99,31,44,37,32,3.6629981994628906,52.0,52.5,6.931
1765485908.2042167,99,19,46,25,25,3.663707733154297,52.0,52.0,7.747
1765485908.406834,99,19,46,25,25,3.663707733154297,52.0,52.0,7.747
1765485908.6080916,99,19,46,25,25,3.663707733154297,52.0,52.0,7.747
1765485908.8093038,99,33,26,29,31,3.6633834838867188,51.5,53.0,7.28
1765485909.01147,99,33,26,29,31,3.6633834838867188,51.5,53.0,7.28
1765485909.212697,98,26,23,34,37,3.6634178161621094,52.0,52.0,6.971
1765485909.4140856,98,26,23,34,37,3.6634178161621094,52.0,52.0,6.971
1765485909.6151402,98,26,23,34,37,3.6634178161621094,52.0,52.0,6.971
1765485909.8161569,99,28,39,41,32,3.6633834838867188,51.5,53.0,7.12
1765485910.020899,99,28,39,41,32,3.6633834838867188,51.5,53.0,7.12
1765485910.2222075,98,40,40,16,16,3.6638565063476562,52.5,52.5,7.747
1765485910.423295,98,40,40,16,16,3.6638565063476562,52.5,52.5,7.747
1765485910.6245193,98,40,40,16,16,3.6638565063476562,52.5,52.5,7.747
1765485910.8258572,99,24,27,26,33,3.6644210815429688,51.5,52.5,6.971
1765485911.0270793,99,24,27,26,33,3.6644210815429688,51.5,52.5,6.971
1765485911.2281694,99,24,51,32,28,3.6640968322753906,52.0,52.0,7.12
1765485911.4297998,99,24,51,32,28,3.6640968322753906,52.0,52.0,7.12
1765485911.6308167,99,24,51,32,28,3.6640968322753906,52.0,52.0,7.12
1765485911.831792,0,29,29,32,22,3.6636314392089844,50.5,52.0,4.382
1765485912.036254,0,29,29,32,22,3.6636314392089844,50.5,52.0,4.382
1765485912.237849,99,24,24,18,61,3.66473388671875,52.0,53.0,7.388
1765485912.4401445,99,24,24,18,61,3.66473388671875,52.0,53.0,7.388
1765485912.6414573,99,24,24,18,61,3.66473388671875,52.0,53.0,7.388
1765485912.8425126,99,18,16,27,17,3.6644515991210938,51.5,52.0,4.975
1765485913.04392,99,18,16,27,17,3.6644515991210938,51.5,52.0,4.975
1765485913.2452712,99,18,16,27,17,3.6644515991210938,51.5,52.0,4.975
1765485913.4467113,99,36,33,44,40,3.664134979248047,52.0,51.5,6.58
1765485913.648003,99,36,33,44,40,3.664134979248047,52.0,51.5,6.58
1765485913.8492103,19,22,32,30,33,3.664215087890625,51.5,52.5,5.015
1765485914.0502112,19,22,32,30,33,3.664215087890625,51.5,52.5,5.015
1765485914.2515368,19,22,32,30,33,3.664215087890625,51.5,52.5,5.015
1765485914.4530392,99,26,24,51,30,3.6646156311035156,51.5,52.0,7.468
1765485914.6549633,99,26,24,51,30,3.6646156311035156,51.5,52.0,7.468
1765485914.8565578,24,29,20,18,26,3.664306640625,51.5,52.0,4.422
1765485915.0578952,24,29,20,18,26,3.664306640625,51.5,52.0,4.422
1765485915.2589211,24,29,20,18,26,3.664306640625,51.5,52.0,4.422
1765485915.4607503,99,48,36,47,34,3.665019989013672,52.0,52.0,7.28
1765485915.6619377,99,48,36,47,34,3.665019989013672,52.0,52.0,7.28
1765485915.863719,99,20,16,26,24,3.6654891967773438,52.0,52.5,6.781
1765485916.0647447,99,20,16,26,24,3.6654891967773438,52.0,52.5,6.781
1765485916.2663636,99,20,16,26,24,3.6654891967773438,52.0,52.5,6.781
1765485916.4676101,99,27,32,29,55,3.664836883544922,52.0,52.0,7.051
1765485916.6692634,99,27,32,29,55,3.664836883544922,52.0,52.0,7.051
1765485916.870767,99,20,23,28,24,3.6649398803710938,52.0,52.0,6.39
1765485917.0719728,99,20,23,28,24,3.6649398803710938,52.0,52.0,6.39
1765485917.2730043,99,20,23,28,24,3.6649398803710938,52.0,52.0,6.39
1765485917.4751818,99,46,35,54,40,3.6652679443359375,52.0,52.0,7.735
1765485917.6773376,99,46,35,54,40,3.6652679443359375,52.0,52.0,7.735
1765485917.8782554,98,18,18,21,20,3.6657638549804688,52.0,52.5,7.011
1765485918.07972,98,18,18,21,20,3.6657638549804688,52.0,52.5,7.011
1765485918.2808363,98,18,18,21,20,3.6657638549804688,52.0,52.5,7.011
1765485918.4820304,99,72,20,18,27,3.6649627685546875,52.5,52.5,7.4
1765485918.683715,99,72,20,18,27,3.6649627685546875,52.5,52.5,7.4
1765485918.8855455,99,28,25,24,16,3.6657752990722656,52.0,53.0,7.36
1765485919.0874608,99,28,25,24,16,3.6657752990722656,52.0,53.0,7.36
1765485919.288789,99,28,25,24,16,3.6657752990722656,52.0,53.0,7.36
1765485919.490329,98,40,42,31,56,3.6659011840820312,52.5,53.0,7.974
1765485919.6928227,98,40,42,31,56,3.6659011840820312,52.5,53.0,7.974
1765485919.894175,99,14,24,22,8,3.665904998779297,52.5,52.0,7.2
1765485920.0955987,99,14,24,22,8,3.665904998779297,52.5,52.0,7.2
1765485920.2966897,99,14,24,22,8,3.665904998779297,52.5,52.0,7.2
1765485920.4979758,99,20,32,22,62,3.666339874267578,52.0,52.5,7.547
1765485920.6993415,99,20,32,22,62,3.666339874267578,52.0,52.5,7.547
1765485920.900965,99,26,28,20,22,3.6664505004882812,52.0,52.0,6.741
1765485921.1021783,99,26,28,20,22,3.6664505004882812,52.0,52.0,6.741
1765485921.3033178,99,26,28,20,22,3.6664505004882812,52.0,52.0,6.741
1765485921.5046186,99,33,42,40,36,3.6678123474121094,52.5,53.0,7.735
1765485921.7072783,99,33,42,40,36,3.6678123474121094,52.5,53.0,7.735
1765485921.9084985,99,26,26,13,14,3.667072296142578,52.5,52.0,6.781
1765485922.1098473,99,26,26,13,14,3.667072296142578,52.5,52.0,6.781
1765485922.31093,99,26,26,13,14,3.667072296142578,52.5,52.0,6.781
1765485922.5122364,99,26,50,29,42,3.6677589416503906,52.0,52.0,6.971
1765485922.7133296,99,26,50,29,42,3.6677589416503906,52.0,52.0,6.971
1765485922.9144638,99,26,50,29,42,3.6677589416503906,52.0,52.0,6.971
1765485923.1180253,99,16,23,42,21,3.668590545654297,52.5,52.0,7.171
1765485923.3192773,99,16,23,42,21,3.668590545654297,52.5,52.0,7.171
1765485923.5204477,99,30,32,37,38,3.6698455810546875,52.5,53.0,7.615
1765485923.7220597,99,30,32,37,38,3.6698455810546875,52.5,53.0,7.615
1765485923.9292917,99,30,32,37,38,3.6698455810546875,52.5,53.0,7.615
1765485924.1305337,99,25,18,29,34,3.6688385009765625,52.5,52.0,6.971
1765485924.3327725,99,25,18,29,34,3.6688385009765625,52.5,52.0,6.971
1765485924.5338,99,38,28,36,40,3.6690902709960938,52.0,52.5,7.28
1765485924.7348516,99,38,28,36,40,3.6690902709960938,52.0,52.5,7.28
1765485924.9362793,99,38,28,36,40,3.6690902709960938,52.0,52.5,7.28
1765485925.1386282,99,51,23,25,14,3.6692428588867188,52.5,53.0,8.12
1765485925.3402648,99,51,23,25,14,3.6692428588867188,52.5,53.0,8.12
1765485925.541927,99,38,28,20,25,3.6697425842285156,52.0,53.0,6.85
1765485925.7432282,99,38,28,20,25,3.6697425842285156,52.0,53.0,6.85
1765485925.946079,99,38,28,20,25,3.6697425842285156,52.0,53.0,6.85
1765485926.150841,99,32,21,38,39,3.6696243286132812,52.5,52.5,7.011
1765485926.351853,99,32,21,38,39,3.6696243286132812,52.5,52.5,7.011
1765485926.5528996,99,26,40,35,36,3.6690902709960938,52.5,54.5,6.741
1765485926.753894,99,26,40,35,36,3.6690902709960938,52.5,54.5,6.741
1765485926.9551058,99,26,40,35,36,3.6690902709960938,52.5,54.5,6.741
1765485927.157209,99,21,57,18,16,3.6704673767089844,52.5,52.5,7.667
1765485927.3582094,99,21,57,18,16,3.6704673767089844,52.5,52.5,7.667
1765485927.559546,83,32,24,28,31,3.6700286865234375,51.5,54.5,5.957
1765485927.7607772,83,32,24,28,31,3.6700286865234375,51.5,54.5,5.957
1765485927.9622173,83,32,24,28,31,3.6700286865234375,51.5,54.5,5.957
1765485928.1651502,99,49,36,17,32,3.6706199645996094,52.5,52.5,7.051
1765485928.366814,99,49,36,17,32,3.6706199645996094,52.5,52.5,7.051
1765485928.570567,46,32,27,37,25,3.670429229736328,52.0,52.5,5.564
1765485928.7715702,46,32,27,37,25,3.670429229736328,52.0,52.5,5.564
1765485928.9723353,46,32,27,37,25,3.670429229736328,52.0,52.5,5.564
1765485929.1733747,99,24,18,51,26,3.6712417602539062,53.0,52.5,7.36
1765485929.375483,99,24,18,51,26,3.6712417602539062,53.0,52.5,7.36
1765485929.5766892,29,27,20,32,21,3.6707382202148438,51.5,52.0,4.658
1765485929.7778075,29,27,20,32,21,3.6707382202148438,51.5,52.0,4.658
1765485929.9806628,29,27,20,32,21,3.6707382202148438,51.5,52.0,4.658
1765485930.184351,99,36,40,32,46,3.6705169677734375,52.5,52.5,6.661
1765485930.38609,99,36,40,32,46,3.6705169677734375,52.5,52.5,6.661
1765485930.5874345,99,32,25,32,23,3.670269012451172,52.0,53.0,5.532
1765485930.7886107,99,32,25,32,23,3.670269012451172,52.0,53.0,5.532
1765485930.990404,99,32,25,32,23,3.670269012451172,52.0,53.0,5.532
1765485931.1917434,99,22,20,23,56,3.6702232360839844,52.5,52.5,6.781
1765485931.39499,99,22,20,23,56,3.6702232360839844,52.5,52.5,6.781
1765485931.5964992,99,21,25,20,26,3.6706161499023438,51.5,52.5,4.82
1765485931.7977848,99,21,25,20,26,3.6706161499023438,51.5,52.5,4.82
1765485931.9990737,99,21,25,20,26,3.6706161499023438,51.5,52.5,4.82
1765485932.2013988,99,28,22,56,34,3.670360565185547,53.0,52.5,6.701
1765485932.4045022,99,28,22,56,34,3.670360565185547,53.0,52.5,6.701
1765485932.6113465,10,32,30,21,28,3.6715240478515625,52.0,53.0,4.732
1765485932.813541,10,32,30,21,28,3.6715240478515625,52.0,53.0,4.732
1765485933.0155363,10,32,30,21,28,3.6715240478515625,52.0,53.0,4.732
1765485933.2173166,99,25,29,21,55,3.6707382202148438,52.5,52.5,6.58
1765485933.4194295,99,25,29,21,55,3.6707382202148438,52.5,52.5,6.58
1765485933.6204224,14,33,24,26,19,3.671062469482422,52.0,52.0,4.544
1765485933.8217604,14,33,24,26,19,3.671062469482422,52.0,52.0,4.544
1765485934.0230205,14,33,24,26,19,3.671062469482422,52.0,52.0,4.544
1765485934.2251747,99,36,37,65,26,3.6707077026367188,52.5,52.5,6.85
1765485934.4302735,99,36,37,65,26,3.6707077026367188,52.5,52.5,6.85
1765485934.6317043,99,36,37,65,26,3.6707077026367188,52.5,52.5,6.85
1765485934.8329053,99,29,10,18,20,3.670917510986328,52.0,53.0,5.846
1765485935.0352108,99,29,10,18,20,3.670917510986328,52.0,53.0,5.846
1765485935.2367928,99,32,25,28,68,3.6710662841796875,53.0,52.5,7.011
1765485935.4384048,99,32,25,28,68,3.6710662841796875,53.0,52.5,7.011
1765485935.6395655,99,32,25,28,68,3.6710662841796875,53.0,52.5,7.011
1765485935.8405929,94,25,25,26,22,3.6711387634277344,52.5,52.5,5.886
1765485936.041835,94,25,25,26,22,3.6711387634277344,52.5,52.5,5.886
1765485936.243414,99,33,36,35,60,3.6709747314453125,53.0,52.5,7.28
1765485936.4447567,99,33,36,35,60,3.6709747314453125,53.0,52.5,7.28
1765485936.6467872,99,33,36,35,60,3.6709747314453125,53.0,52.5,7.28
1765485936.8484929,99,24,18,17,21,3.6706199645996094,52.5,52.5,6.31
1765485937.04981,99,24,18,17,21,3.6706199645996094,52.5,52.5,6.31
1765485937.2514808,99,32,31,34,69,3.6703720092773438,53.0,52.5,7.28
1765485937.4529538,99,32,31,34,69,3.6703720092773438,53.0,52.5,7.28
1765485937.6544905,99,32,31,34,69,3.6703720092773438,53.0,52.5,7.28
1765485937.8556724,98,25,24,30,18,3.6708221435546875,53.0,52.5,6.81
1765485938.0567544,98,25,24,30,18,3.6708221435546875,53.0,52.5,6.81
1765485938.2579355,99,33,61,36,24,3.6719741821289062,53.0,54.0,8.306
1765485938.4606106,99,33,61,36,24,3.6719741821289062,53.0,54.0,8.306
1765485938.6662085,99,33,61,36,24,3.6719741821289062,53.0,54.0,8.306
1765485938.8677082,98,18,16,20,18,3.670848846435547,52.5,52.5,6.5
1765485939.0687716,98,18,16,20,18,3.670848846435547,52.5,52.5,6.5
1765485939.2698205,99,32,47,34,56,3.6706619262695312,53.0,53.0,7.507
1765485939.4709196,99,32,47,34,56,3.6706619262695312,53.0,53.0,7.507
1765485939.6721704,99,32,47,34,56,3.6706619262695312,53.0,53.0,7.507
1765485939.8732486,99,28,26,26,16,3.671234130859375,53.0,53.0,7.12
1765485940.0742207,99,28,26,26,16,3.671234130859375,53.0,53.0,7.12
1765485940.2752736,99,32,28,56,26,3.6724166870117188,53.0,53.5,7.974
1765485940.477331,99,32,28,56,26,3.6724166870117188,53.0,53.5,7.974
1765485940.6794255,99,32,28,56,26,3.6724166870117188,53.0,53.5,7.974
1765485940.8805628,99,22,16,14,28,3.671527862548828,53.0,53.0,7.428
1765485941.0815146,99,22,16,14,28,3.671527862548828,53.0,53.0,7.428
1765485941.2828047,99,42,36,36,61,3.6713714599609375,52.5,53.0,7.894
1765485941.4850717,99,42,36,36,61,3.6713714599609375,52.5,53.0,7.894
1765485941.6863413,99,42,36,36,61,3.6713714599609375,52.5,53.0,7.894
1765485941.8894503,99,24,28,24,27,3.6718673706054688,53.0,53.0,7.131
1765485942.0906343,99,24,28,24,27,3.6718673706054688,53.0,53.0,7.131
1765485942.291755,99,46,20,31,24,3.671794891357422,52.5,54.0,7.28
1765485942.4930286,99,46,20,31,24,3.671794891357422,52.5,54.0,7.28
1765485942.6950302,99,46,20,31,24,3.671794891357422,52.5,54.0,7.28
1765485942.9035425,99,41,44,32,26,3.663982391357422,53.0,53.5,7.814
1765485943.105379,99,41,44,32,26,3.663982391357422,53.0,53.5,7.814
1765485943.3064427,99,25,31,42,40,3.6646080017089844,53.0,53.5,6.931
1765485943.5077286,99,25,31,42,40,3.6646080017089844,53.0,53.5,6.931
1765485943.70892,99,25,31,42,40,3.6646080017089844,53.0,53.5,6.931
1765485943.9105787,99,20,46,24,21,3.6658287048339844,53.0,53.5,8.385
1765485944.1116123,99,20,46,24,21,3.6658287048339844,53.0,53.5,8.385
1765485944.3127623,99,26,26,20,41,3.665294647216797,52.5,53.5,6.701
1765485944.513967,99,26,26,20,41,3.665294647216797,52.5,53.5,6.701
1765485944.7154763,99,26,26,20,41,3.665294647216797,52.5,53.5,6.701
1765485944.9179525,99,28,26,44,26,3.6653060913085938,53.0,53.0,7.011
1765485945.1194282,99,28,26,44,26,3.6653060913085938,53.0,53.0,7.011
1765485945.3204544,99,28,26,44,26,3.6653060913085938,53.0,53.0,7.011
1765485945.5221786,0,36,35,32,32,3.665882110595703,52.0,54.5,4.658
1765485945.724287,0,36,35,32,32,3.665882110595703,52.0,54.5,4.658
1765485945.9256902,99,18,18,58,23,3.6672897338867188,53.0,53.0,7.011
1765485946.1294208,99,18,18,58,23,3.6672897338867188,53.0,53.0,7.011
1765485946.3311872,99,18,18,58,23,3.6672897338867188,53.0,53.0,7.011
1765485946.5321631,66,27,18,25,22,3.666637420654297,52.5,53.0,4.82
1765485946.733203,66,27,18,25,22,3.666637420654297,52.5,53.0,4.82
1765485946.9352686,99,32,53,42,34,3.667461395263672,53.0,53.0,7.131
1765485947.1375754,99,32,53,42,34,3.667461395263672,53.0,53.0,7.131
1765485947.3388464,99,32,53,42,34,3.667461395263672,53.0,53.0,7.131
1765485947.5403416,12,29,28,24,22,3.6681785583496094,52.5,54.0,4.934
1765485947.7415514,12,29,28,24,22,3.6681785583496094,52.5,54.0,4.934
1765485947.9428287,99,20,56,17,20,3.6685333251953125,53.0,52.5,6.58
1765485948.1448824,99,20,56,17,20,3.6685333251953125,53.0,52.5,6.58
1765485948.3460622,99,20,56,17,20,3.6685333251953125,53.0,52.5,6.58
1765485948.5471404,0,26,26,26,22,3.6677093505859375,52.5,53.0,4.699
1765485948.7482893,0,26,26,26,22,3.6677093505859375,52.5,53.0,4.699
1765485948.9503005,99,54,31,43,44,3.6681900024414062,53.0,53.0,7.091
1765485949.1531193,99,54,31,43,44,3.6681900024414062,53.0,53.0,7.091
1765485949.3543682,99,54,31,43,44,3.6681900024414062,53.0,53.0,7.091
1765485949.5555449,94,18,20,19,22,3.6690444946289062,52.5,53.5,6.931
1765485949.7565303,94,18,20,19,22,3.6690444946289062,52.5,53.5,6.931
1765485949.9578705,99,28,34,66,18,3.6685562133789062,53.0,53.0,7.211
1765485950.1591258,99,28,34,66,18,3.6685562133789062,53.0,53.0,7.211
1765485950.362301,99,28,34,66,18,3.6685562133789062,53.0,53.0,7.211
1765485950.5635679,99,18,24,22,18,3.6686439514160156,53.0,53.0,6.741
1765485950.7647307,99,18,24,22,18,3.6686439514160156,53.0,53.0,6.741
1765485950.966734,99,31,48,55,34,3.669445037841797,53.5,54.0,7.934
1765485951.1713965,99,31,48,55,34,3.669445037841797,53.5,54.0,7.934
1765485951.3729184,99,31,48,55,34,3.669445037841797,53.5,54.0,7.934
1765485951.574265,99,16,19,16,19,3.669281005859375,53.0,53.0,6.861
1765485951.775305,99,16,19,16,19,3.669281005859375,53.0,53.0,6.861
1765485951.9762063,99,28,27,71,24,3.6692352294921875,53.5,53.5,7.707
1765485952.1775813,99,28,27,71,24,3.6692352294921875,53.5,53.5,7.707
1765485952.379872,99,28,27,71,24,3.6692352294921875,53.5,53.5,7.707
1765485952.581045,99,30,25,25,20,3.670055389404297,53.5,53.5,7.36
1765485952.782333,99,30,25,25,20,3.670055389404297,53.5,53.5,7.36
1765485952.9835925,99,40,30,57,45,3.67010498046875,53.0,54.5,8.319
1765485953.1861768,99,40,30,57,45,3.67010498046875,53.0,54.5,8.319
1765485953.3906686,99,40,30,57,45,3.67010498046875,53.0,54.5,8.319
1765485953.5916858,99,20,25,18,20,3.6689414978027344,53.0,53.5,7.44
1765485953.7927973,99,20,25,18,20,3.6689414978027344,53.0,53.5,7.44
1765485953.993978,99,66,22,38,32,3.6683998107910156,53.0,54.5,7.468
1765485954.194899,99,66,22,38,32,3.6683998107910156,53.0,54.5,7.468
1765485954.3963478,99,66,22,38,32,3.6683998107910156,53.0,54.5,7.468
1765485954.5984166,99,29,23,22,16,3.6689300537109375,53.5,53.0,7.011
1765485954.7998633,99,29,23,22,16,3.6689300537109375,53.5,53.0,7.011
1765485955.0010912,99,52,31,34,21,3.6693763732910156,53.0,54.5,7.814
1765485955.2032435,99,52,31,34,21,3.6693763732910156,53.0,54.5,7.814
1765485955.4051883,99,52,31,34,21,3.6693763732910156,53.0,54.5,7.814
1765485955.606591,99,20,23,23,21,3.669158935546875,53.5,53.0,6.741
1765485955.8077166,99,20,23,23,21,3.669158935546875,53.5,53.0,6.741
1765485956.0087435,99,33,32,32,59,3.669055938720703,53.5,53.5,7.507
1765485956.2099946,99,33,32,32,59,3.669055938720703,53.5,53.5,7.507
1765485956.4114478,99,33,32,32,59,3.669055938720703,53.5,53.5,7.507
1765485956.6128495,99,22,20,36,26,3.6693077087402344,53.5,54.0,7.468
1765485956.8140674,99,22,20,36,26,3.6693077087402344,53.5,54.0,7.468
1765485957.0151722,99,22,20,36,26,3.6693077087402344,53.5,54.0,7.468
1765485957.2162783,99,26,44,22,32,3.670032501220703,53.0,53.5,6.701
1765485957.4183693,99,26,44,22,32,3.670032501220703,53.0,53.5,6.701
1765485957.6211295,98,21,34,25,39,3.6698684692382812,53.5,53.5,7.16
1765485957.8222964,98,21,34,25,39,3.6698684692382812,53.5,53.5,7.16
1765485958.0232291,98,21,34,25,39,3.6698684692382812,53.5,53.5,7.16
1765485958.2253695,99,28,28,39,32,3.6702423095703125,52.5,55.0,6.58
1765485958.427073,99,28,28,39,32,3.6702423095703125,52.5,55.0,6.58
1765485958.6287851,99,53,21,25,28,3.6714935302734375,53.5,53.5,7.814
1765485958.8317657,99,53,21,25,28,3.6714935302734375,53.5,53.5,7.814
1765485959.0331368,99,53,21,25,28,3.6714935302734375,53.5,53.5,7.814
1765485959.234521,21,30,16,28,19,3.6702651977539062,53.0,54.0,4.934
1765485959.436693,21,30,16,28,19,3.6702651977539062,53.0,54.0,4.934
1765485959.6388047,99,36,50,30,27,3.670806884765625,53.5,53.5,6.621
1765485959.8402379,99,36,50,30,27,3.670806884765625,53.5,53.5,6.621
1765485960.0412633,99,36,50,30,27,3.670806884765625,53.5,53.5,6.621
1765485960.2423942,34,25,32,26,38,3.671428680419922,53.0,54.0,5.136
1765485960.4437885,34,25,32,26,38,3.671428680419922,53.0,54.0,5.136
1765485960.6448824,99,28,26,31,53,3.6725425720214844,53.5,54.0,7.16
1765485960.8469687,99,28,26,31,53,3.6725425720214844,53.5,54.0,7.16
1765485961.0485733,99,28,26,31,53,3.6725425720214844,53.5,54.0,7.16
1765485961.2498846,92,20,25,22,28,3.671844482421875,52.5,53.5,4.901
1765485961.4510503,92,20,25,22,28,3.671844482421875,52.5,53.5,4.901
1765485961.6531496,99,42,32,47,34,3.672107696533203,53.5,53.5,6.891
1765485961.8562477,99,42,32,47,34,3.672107696533203,53.5,53.5,6.891
1765485962.0575686,99,42,32,47,34,3.672107696533203,53.5,53.5,6.891
1765485962.2587183,21,27,28,20,26,3.672504425048828,53.0,54.0,5.015
1765485962.4599895,21,27,28,20,26,3.672504425048828,53.0,54.0,5.015
1765485962.661177,99,23,62,26,24,3.6730804443359375,53.5,53.5,7.2
1765485962.8629673,99,23,62,26,24,3.6730804443359375,53.5,53.5,7.2
1765485963.0650287,99,23,62,26,24,3.6730804443359375,53.5,53.5,7.2
1765485963.266484,20,21,22,25,14,3.6728439331054688,53.0,53.0,4.503
1765485963.467556,20,21,22,25,14,3.6728439331054688,53.0,53.0,4.503
1765485963.6692426,99,62,34,32,38,3.6728363037109375,53.5,53.5,7.011
1765485963.871492,99,62,34,32,38,3.6728363037109375,53.5,53.5,7.011
1765485964.0728762,99,62,34,32,38,3.6728363037109375,53.5,53.5,7.011
1765485964.2742798,99,17,28,20,20,3.673755645751953,53.0,53.5,6.038
1765485964.4753666,99,17,28,20,20,3.673755645751953,53.0,53.5,6.038
1765485964.6766732,99,25,22,31,61,3.672687530517578,53.5,53.5,6.85
1765485964.8781362,99,25,22,31,61,3.672687530517578,53.5,53.5,6.85
1765485965.0809247,99,25,22,31,61,3.672687530517578,53.5,53.5,6.85
1765485965.2825902,96,19,24,23,18,3.672954559326172,53.5,53.5,5.967
1765485965.483767,96,19,24,23,18,3.672954559326172,53.5,53.5,5.967
1765485965.6850488,99,65,40,39,35,3.673236846923828,54.0,54.0,7.507
1765485965.8870628,99,65,40,39,35,3.673236846923828,54.0,54.0,7.507
1765485966.0885797,99,65,40,39,35,3.673236846923828,54.0,54.0,7.507
1765485966.2895868,99,18,25,12,15,3.673961639404297,53.5,54.0,7.12
1765485966.4910135,99,18,25,12,15,3.673961639404297,53.5,54.0,7.12
1765485966.6926825,99,24,61,17,24,3.6737518310546875,53.5,53.5,7.24
1765485966.894441,99,24,61,17,24,3.6737518310546875,53.5,53.5,7.24
1765485967.0971506,99,24,61,17,24,3.6737518310546875,53.5,53.5,7.24
1765485967.298945,98,28,20,32,19,3.673442840576172,53.5,53.5,6.47
1765485967.4999032,98,28,20,32,19,3.673442840576172,53.5,53.5,6.47
1765485967.7009244,98,28,20,32,19,3.673442840576172,53.5,53.5,6.47
1765485967.9028714,99,52,43,56,33,3.6746902465820312,53.5,55.0,8.319
1765485968.1054616,99,52,43,56,33,3.6746902465820312,53.5,55.0,8.319
1765485968.3067522,99,20,16,10,15,3.674854278564453,53.5,54.5,7.32
1765485968.5079997,99,20,16,10,15,3.674854278564453,53.5,54.5,7.32
1765485968.7090383,99,20,16,10,15,3.674854278564453,53.5,54.5,7.32
1765485968.910256,99,18,61,38,34,3.6745643615722656,54.0,54.5,7.627
1765485969.1118972,99,18,61,38,34,3.6745643615722656,54.0,54.5,7.627
1765485969.3160322,99,27,12,26,23,3.6744041442871094,53.5,54.0,7.24
1765485969.5180602,99,27,12,26,23,3.6744041442871094,53.5,54.0,7.24
1765485969.7192228,99,27,12,26,23,3.6744041442871094,53.5,54.0,7.24
1765485969.921041,99,36,53,39,34,3.675037384033203,54.0,54.5,8.014
1765485970.1237135,99,36,53,39,34,3.675037384033203,54.0,54.5,8.014
1765485970.3250363,99,20,18,10,20,3.674518585205078,53.5,54.0,7.24
1765485970.5269423,99,20,18,10,20,3.674518585205078,53.5,54.0,7.24
1765485970.7280295,99,20,18,10,20,3.674518585205078,53.5,54.0,7.24
1765485970.9300933,99,32,30,34,65,3.6748046875,53.5,54.0,7.707
1765485971.131455,99,32,30,34,65,3.6748046875,53.5,54.0,7.707
1765485971.3335056,99,25,26,31,25,3.6745376586914062,53.5,54.0,7.0
1765485971.534753,99,25,26,31,25,3.6745376586914062,53.5,54.0,7.0
1765485971.7357953,99,25,26,31,25,3.6745376586914062,53.5,54.0,7.0
1765485971.936936,99,32,48,40,26,3.6729049682617188,53.5,55.0,7.894
1765485972.1386502,99,32,48,40,26,3.6729049682617188,53.5,55.0,7.894
1765485972.3408592,99,22,30,21,21,3.668445587158203,54.0,54.0,6.781
1765485972.5422363,99,22,30,21,21,3.668445587158203,54.0,54.0,6.781
1765485972.743256,99,22,30,21,21,3.668445587158203,54.0,54.0,6.781
1765485972.9452114,99,52,27,30,43,3.6684341430664062,54.0,55.0,7.428
1765485973.1463199,99,52,27,30,43,3.6684341430664062,54.0,55.0,7.428
1765485973.3476872,99,25,38,23,21,3.6686973571777344,54.0,54.0,7.894
1765485973.5493243,99,25,38,23,21,3.6686973571777344,54.0,54.0,7.894
1765485973.750431,99,25,38,23,21,3.6686973571777344,54.0,54.0,7.894
1765485973.951506,99,32,35,29,26,3.6692161560058594,53.5,54.0,7.428
1765485974.1533084,99,32,35,29,26,3.6692161560058594,53.5,54.0,7.428
1765485974.3551564,98,27,35,29,31,3.6696319580078125,54.0,54.0,6.971
1765485974.5563638,98,27,35,29,31,3.6696319580078125,54.0,54.0,6.971
1765485974.7574005,98,27,35,29,31,3.6696319580078125,54.0,54.0,6.971
1765485974.9586232,99,46,36,31,34,3.6688499450683594,53.5,54.5,7.24
1765485975.16042,99,46,36,31,34,3.6688499450683594,53.5,54.5,7.24
1765485975.362076,99,47,15,14,19,3.6701736450195312,53.5,54.0,7.587
1765485975.5649695,99,47,15,14,19,3.6701736450195312,53.5,54.0,7.587
1765485975.766749,99,47,15,14,19,3.6701736450195312,53.5,54.0,7.587
1765485975.9692838,99,32,39,25,26,3.6698989868164062,53.5,56.0,6.821
1765485976.1711562,99,32,39,25,26,3.6698989868164062,53.5,56.0,6.821
1765485976.3723714,99,24,46,26,33,3.6703262329101562,54.0,54.0,7.091
1765485976.5740414,99,24,46,26,33,3.6703262329101562,54.0,54.0,7.091
1765485976.7749,99,24,46,26,33,3.6703262329101562,54.0,54.0,7.091
1765485976.975817,25,38,32,26,28,3.669872283935547,53.5,55.0,5.725
1765485977.1768966,25,38,32,26,28,3.669872283935547,53.5,55.0,5.725
1765485977.37798,25,38,32,26,28,3.669872283935547,53.5,55.0,5.725
1765485977.5797894,99,28,54,25,25,3.670520782470703,53.5,54.0,7.28
1765485977.780852,99,28,54,25,25,3.670520782470703,53.5,54.0,7.28
1765485977.9820366,0,22,25,31,24,3.6698379516601562,53.0,55.0,5.177
1765485978.1831326,0,22,25,31,24,3.6698379516601562,53.0,55.0,5.177
1765485978.3845258,0,22,25,31,24,3.6698379516601562,53.0,55.0,5.177
1765485978.5876627,99,26,24,28,52,3.670337677001953,53.5,54.0,6.621
1765485978.788984,99,26,24,28,52,3.670337677001953,53.5,54.0,6.621
1765485978.9903364,92,35,37,24,32,3.6712875366210938,53.0,54.5,5.371
1765485979.1916022,92,35,37,24,32,3.6712875366210938,53.0,54.5,5.371
1765485979.3932514,92,35,37,24,32,3.6712875366210938,53.0,54.5,5.371
1765485979.59469,99,54,24,21,23,3.6716651916503906,54.0,53.5,6.741
1765485979.7981815,99,54,24,21,23,3.6716651916503906,54.0,53.5,6.741
1765485979.9993238,99,21,35,22,23,3.670948028564453,53.0,54.0,4.739
1765485980.2004998,99,21,35,22,23,3.670948028564453,53.0,54.0,4.739
1765485980.4027982,99,21,35,22,23,3.670948028564453,53.0,54.0,4.739
1765485980.6044502,99,29,30,31,59,3.6719818115234375,54.0,54.0,6.781
1765485980.80551,99,29,30,31,59,3.6719818115234375,54.0,54.0,6.781
1765485981.0065403,13,34,18,22,25,3.6726646423339844,53.0,55.0,4.699
1765485981.2076197,13,34,18,22,25,3.6726646423339844,53.0,55.0,4.699
1765485981.40998,13,34,18,22,25,3.6726646423339844,53.0,55.0,4.699
1765485981.6115317,99,24,25,58,18,3.6720123291015625,53.5,54.0,6.821
1765485981.813333,99,24,25,58,18,3.6720123291015625,53.5,54.0,6.821
1765485982.0145752,24,28,16,29,22,3.6720962524414062,53.5,54.5,4.503
1765485982.2156281,24,28,16,29,22,3.6720962524414062,53.5,54.5,4.503
1765485982.4168246,24,28,16,29,22,3.6720962524414062,53.5,54.5,4.503
1765485982.6200297,99,32,30,61,34,3.6722450256347656,54.0,54.5,6.891
1765485982.822543,99,32,30,61,34,3.6722450256347656,54.0,54.5,6.891
1765485983.024127,39,15,22,20,28,3.672405242919922,53.5,55.0,5.572
1765485983.2252994,39,15,22,20,28,3.672405242919922,53.5,55.0,5.572
1765485983.4263413,39,15,22,20,28,3.672405242919922,53.5,55.0,5.572
1765485983.6279347,99,38,66,24,24,3.671398162841797,54.0,54.0,6.931
1765485983.8294923,99,38,66,24,24,3.671398162841797,54.0,54.0,6.931
1765485984.030651,98,30,16,22,18,3.6722145080566406,53.5,54.0,6.038
1765485984.2317219,98,30,16,22,18,3.6722145080566406,53.5,54.0,6.038
1765485984.4328253,98,30,16,22,18,3.6722145080566406,53.5,54.0,6.038
1765485984.6350229,99,27,60,34,39,3.672100067138672,54.0,54.5,7.587
1765485984.8382928,99,27,60,34,39,3.672100067138672,54.0,54.5,7.587
1765485985.039608,93,20,19,13,16,3.6716575622558594,53.5,54.0,6.078
1765485985.2405853,93,20,19,13,16,3.6716575622558594,53.5,54.0,6.078
1765485985.4420967,93,20,19,13,16,3.6716575622558594,53.5,54.0,6.078
1765485985.6448035,99,28,37,70,32,3.6715087890625,54.0,54.0,7.24
1765485985.846164,99,28,37,70,32,3.6715087890625,54.0,54.0,7.24
1765485986.0470285,99,30,20,29,20,3.671966552734375,53.5,54.5,6.85
1765485986.2482865,99,30,20,29,20,3.671966552734375,53.5,54.5,6.85
1765485986.4493089,99,30,20,29,20,3.671966552734375,53.5,54.5,6.85
1765485986.6507819,99,36,59,28,25,3.6726646423339844,54.0,55.0,8.094
1765485986.852832,99,36,59,28,25,3.6726646423339844,54.0,55.0,8.094
1765485987.0546412,99,36,59,28,25,3.6726646423339844,54.0,55.0,8.094
1765485987.2557418,98,24,25,16,20,3.6717910766601562,54.0,54.0,6.54
1765485987.4568381,98,24,25,16,20,3.6717910766601562,54.0,54.0,6.54
1765485987.6586194,99,26,39,64,45,3.6711082458496094,54.0,54.5,7.667
1765485987.859752,99,26,39,64,45,3.6711082458496094,54.0,54.5,7.667
1765485988.0614426,99,26,39,64,45,3.6711082458496094,54.0,54.5,7.667
1765485988.262661,99,30,39,22,21,3.6651382446289062,54.5,54.0,7.428
1765485988.4637017,99,30,39,22,21,3.6651382446289062,54.5,54.0,7.428
1765485988.6647863,99,68,28,26,25,3.6649208068847656,54.0,55.0,8.24
1765485988.867959,99,68,28,26,25,3.6649208068847656,54.0,55.0,8.24
1765485989.0709822,99,68,28,26,25,3.6649208068847656,54.0,55.0,8.24
1765485989.272272,99,23,28,22,24,3.6634254455566406,54.0,54.0,7.24
1765485989.473304,99,23,28,22,24,3.6634254455566406,54.0,54.0,7.24
1765485989.6747146,99,62,36,27,33,3.6636695861816406,54.0,54.5,7.667
1765485989.8769379,99,62,36,27,33,3.6636695861816406,54.0,54.5,7.667
1765485990.0783792,99,62,36,27,33,3.6636695861816406,54.0,54.5,7.667
1765485990.2794695,99,25,23,28,22,3.6635665893554688,54.0,54.5,7.934
1765485990.480416,99,25,23,28,22,3.6635665893554688,54.0,54.5,7.934
1765485990.6817386,98,28,24,30,56,3.663684844970703,54.0,54.5,7.854
1765485990.8835275,98,28,24,30,56,3.663684844970703,54.0,54.5,7.854
1765485991.0848231,98,28,24,30,56,3.663684844970703,54.0,54.5,7.854
1765485991.2858744,99,34,30,30,25,3.6626243591308594,54.0,54.5,8.12
1765485991.4869497,99,34,30,30,25,3.6626243591308594,54.0,54.5,8.12
1765485991.6880481,99,72,52,72,59,3.6476211547851562,54.0,56.5,8.346
1765485991.8901026,99,72,52,72,59,3.6476211547851562,54.0,56.5,8.346
1765485992.0915036,99,72,52,72,59,3.6476211547851562,54.0,56.5,8.346
1765485992.2934546,99,18,19,24,30,3.649730682373047,54.5,54.5,7.44
1765485992.4952042,99,18,19,24,30,3.649730682373047,54.5,54.5,7.44
1765485992.696634,99,51,26,29,29,3.6488571166992188,54.0,55.5,7.36
1765485992.8979666,99,51,26,29,29,3.6488571166992188,54.0,55.5,7.36
1765485993.1008012,99,51,26,29,29,3.6488571166992188,54.0,55.5,7.36
1765485993.303395,98,26,17,30,22,3.6490402221679688,54.0,54.0,6.85
1765485993.5061016,98,26,17,30,22,3.6490402221679688,54.0,54.0,6.85
1765485993.7071404,99,39,53,34,35,3.648235321044922,54.0,54.5,7.667
1765485993.909386,99,39,53,34,35,3.648235321044922,54.0,54.5,7.667
1765485994.1111593,99,39,53,34,35,3.648235321044922,54.0,54.5,7.667
1765485994.3123827,99,17,30,22,18,3.6494598388671875,54.5,55.0,7.894
1765485994.51376,99,17,30,22,18,3.6494598388671875,54.5,55.0,7.894
1765485994.7149262,99,52,29,22,25,3.6489410400390625,54.0,55.0,7.44
1765485994.9157984,99,52,29,22,25,3.6489410400390625,54.0,55.0,7.44
1765485995.1179173,99,52,29,22,25,3.6489410400390625,54.0,55.0,7.44
1765485995.3208754,99,40,17,26,20,3.648326873779297,54.5,54.5,7.2
1765485995.522218,99,40,17,26,20,3.648326873779297,54.5,54.5,7.2
1765485995.723272,99,50,38,34,38,3.650043487548828,54.5,55.0,8.054
1765485995.9243064,99,50,38,34,38,3.650043487548828,54.5,55.0,8.054
1765485996.1265166,99,50,38,34,38,3.650043487548828,54.5,55.0,8.054
1765485996.3278408,99,36,14,14,15,3.6493186950683594,54.5,54.5,7.2
1765485996.5292313,99,36,14,14,15,3.6493186950683594,54.5,54.5,7.2
1765485996.7302434,99,31,20,48,46,3.6489944458007812,54.5,55.0,7.388
1765485996.9312642,99,31,20,48,46,3.6489944458007812,54.5,55.0,7.388
1765485997.132766,99,31,20,48,46,3.6489944458007812,54.5,55.0,7.388
1765485997.3350842,99,23,24,42,24,3.649219512939453,54.5,54.0,7.051
1765485997.5362344,99,23,24,42,24,3.649219512939453,54.5,54.0,7.051
1765485997.7375472,99,23,24,42,24,3.649219512939453,54.5,54.0,7.051
1765485997.9388564,99,33,36,30,34,3.6492156982421875,54.5,55.0,7.854
1765485998.140243,99,33,36,30,34,3.6492156982421875,54.5,55.0,7.854
1765485998.342546,99,24,23,40,24,3.6485633850097656,54.5,54.5,7.011
1765485998.544133,99,24,23,40,24,3.6485633850097656,54.5,54.5,7.011
1765485998.7452784,99,24,23,40,24,3.6485633850097656,54.5,54.5,7.011
1765485998.9465911,99,33,33,35,52,3.6491851806640625,54.5,54.5,7.468
1765485999.1483269,99,33,33,35,52,3.6491851806640625,54.5,54.5,7.468
1765485999.350096,99,26,20,21,46,3.64923095703125,54.5,54.5,7.547
1765485999.553487,99,26,20,21,46,3.64923095703125,54.5,54.5,7.547
1765485999.754864,99,26,20,21,46,3.64923095703125,54.5,54.5,7.547
1765485999.956088,99,32,28,28,33,3.6496353149414062,54.5,55.5,7.507
1765486000.1615849,99,32,28,28,33,3.6496353149414062,54.5,55.5,7.507
1765486000.36488,99,22,36,28,20,3.6490440368652344,54.0,54.5,7.24
1765486000.5664694,99,22,36,28,20,3.6490440368652344,54.0,54.5,7.24
1765486000.7677114,99,22,36,28,20,3.6490440368652344,54.0,54.5,7.24
1765486000.9687521,99,36,33,31,42,3.649139404296875,54.0,55.5,7.12
1765486001.1698964,99,36,33,31,42,3.649139404296875,54.0,55.5,7.12
1765486001.3710039,98,24,30,32,40,3.6494522094726562,54.5,54.5,7.547
1765486001.5725415,98,24,30,32,40,3.6494522094726562,54.5,54.5,7.547
1765486001.773931,98,24,30,32,40,3.6494522094726562,54.5,54.5,7.547
1765486001.9750252,99,32,25,26,22,3.64886474609375,54.0,55.0,6.85
1765486002.1763203,99,32,25,26,22,3.64886474609375,54.0,55.0,6.85
1765486002.3787847,99,37,37,30,30,3.6486778259277344,54.5,54.5,7.24
1765486002.5802474,99,37,37,30,30,3.6486778259277344,54.5,54.5,7.24
1765486002.781295,99,37,37,30,30,3.6486778259277344,54.5,54.5,7.24
1765486002.982294,99,30,36,25,34,3.6488914489746094,54.0,55.5,6.038
1765486003.1838021,99,30,36,25,34,3.6488914489746094,54.0,55.5,6.038
1765486003.3852959,99,54,19,21,23,3.6500587463378906,54.5,55.0,7.587
1765486003.5875916,99,54,19,21,23,3.6500587463378906,54.5,55.0,7.587
1765486003.7887769,99,54,19,21,23,3.6500587463378906,54.5,55.0,7.587
1765486003.9900048,23,20,34,26,16,3.649036407470703,53.5,54.5,4.82
1765486004.1913595,23,20,34,26,16,3.649036407470703,53.5,54.5,4.82
1765486004.3928237,99,42,44,35,34,3.6486968994140625,54.5,54.5,7.011
1765486004.595158,99,42,44,35,34,3.6486968994140625,54.5,54.5,7.011
1765486004.796338,99,42,44,35,34,3.6486968994140625,54.5,54.5,7.011
1765486004.9978812,99,20,26,25,31,3.6489830017089844,53.5,54.5,5.29
1765486005.1997342,99,20,26,25,31,3.6489830017089844,53.5,54.5,5.29
1765486005.4012213,99,21,24,27,57,3.6497955322265625,54.5,54.5,7.091
1765486005.6030998,99,21,24,27,57,3.6497955322265625,54.5,54.5,7.091
1765486005.8042574,99,21,24,27,57,3.6497955322265625,54.5,54.5,7.091
1765486006.005382,64,22,32,20,28,3.648834228515625,53.5,54.5,4.82
1765486006.2062838,64,22,32,20,28,3.648834228515625,53.5,54.5,4.82
1765486006.407344,99,35,36,45,44,3.6492919921875,54.5,54.5,7.04
1765486006.6097405,99,35,36,45,44,3.6492919921875,54.5,54.5,7.04
1765486006.8108625,99,35,36,45,44,3.6492919921875,54.5,54.5,7.04
1765486007.0121193,25,24,24,33,22,3.6509666442871094,54.0,55.0,5.29
1765486007.2132556,25,24,24,33,22,3.6509666442871094,54.0,55.0,5.29
1765486007.4143655,25,24,24,33,22,3.6509666442871094,54.0,55.0,5.29
1765486007.615577,99,26,27,61,27,3.64984130859375,54.5,55.0,7.011
1765486007.817493,99,26,27,61,27,3.64984130859375,54.5,55.0,7.011
1765486008.0188463,30,30,24,16,18,3.6503067016601562,54.0,54.0,4.618
1765486008.2199926,30,30,24,16,18,3.6503067016601562,54.0,54.0,4.618
1765486008.4214258,30,30,24,16,18,3.6503067016601562,54.0,54.0,4.618
1765486008.6237462,99,36,68,37,32,3.650188446044922,55.0,54.5,7.131
1765486008.8252316,99,36,68,37,32,3.650188446044922,55.0,54.5,7.131
1765486009.0261717,98,28,22,23,12,3.6510963439941406,54.5,54.5,6.39
1765486009.2272604,98,28,22,23,12,3.6510963439941406,54.5,54.5,6.39
1765486009.4281585,98,28,22,23,12,3.6510963439941406,54.5,54.5,6.39
1765486009.6292958,99,32,32,26,60,3.65057373046875,54.5,54.5,7.32
1765486009.8314545,99,32,32,26,60,3.65057373046875,54.5,54.5,7.32
1765486010.0327227,99,26,24,22,19,3.650218963623047,54.5,54.5,6.39
1765486010.2340078,99,26,24,22,19,3.650218963623047,54.5,54.5,6.39
1765486010.4349303,99,26,24,22,19,3.650218963623047,54.5,54.5,6.39
1765486010.6359587,99,41,34,62,42,3.6499099731445312,55.0,55.0,7.747
1765486010.8382099,99,41,34,62,42,3.6499099731445312,55.0,55.0,7.747
1765486011.039273,99,22,16,21,20,3.650653839111328,54.5,55.0,7.091
1765486011.2404382,99,22,16,21,20,3.650653839111328,54.5,55.0,7.091
1765486011.4419067,99,22,16,21,20,3.650653839111328,54.5,55.0,7.091
1765486011.6429996,99,30,31,27,66,3.6501731872558594,55.0,54.5,7.32
1765486011.8441505,99,30,31,27,66,3.6501731872558594,55.0,54.5,7.32
1765486012.0460026,98,24,25,21,28,3.650066375732422,54.5,54.5,6.621
1765486012.2472968,98,24,25,21,28,3.650066375732422,54.5,54.5,6.621
1765486012.4485793,98,24,25,21,28,3.650066375732422,54.5,54.5,6.621
1765486012.650682,99,37,32,28,61,3.6511802673339844,54.5,55.0,8.266
1765486012.852778,99,37,32,28,61,3.6511802673339844,54.5,55.0,8.266
1765486013.0540807,99,22,20,22,14,3.649494171142578,54.5,54.5,6.58
1765486013.2551892,99,22,20,22,14,3.649494171142578,54.5,54.5,6.58
1765486013.4563453,99,22,20,22,14,3.649494171142578,54.5,54.5,6.58
1765486013.6578207,99,37,70,32,35,3.6499366760253906,55.0,55.0,7.667
1765486013.859005,99,37,70,32,35,3.6499366760253906,55.0,55.0,7.667
1765486014.0607107,99,24,26,26,16,3.6498489379882812,54.5,55.0,7.747
1765486014.2629335,99,24,26,26,16,3.6498489379882812,54.5,55.0,7.747
1765486014.4640481,99,24,26,26,16,3.6498489379882812,54.5,55.0,7.747
1765486014.6655405,99,23,30,55,36,3.6508865356445312,55.0,56.0,8.081
1765486014.8669956,99,23,30,55,36,3.6508865356445312,55.0,56.0,8.081
1765486015.0692081,99,20,26,14,26,3.6498374938964844,55.0,54.5,7.32
1765486015.270232,99,20,26,14,26,3.6498374938964844,55.0,54.5,7.32
1765486015.4711344,99,20,26,14,26,3.6498374938964844,55.0,54.5,7.32
1765486015.672434,99,36,26,34,71,3.6501197814941406,54.5,55.5,7.695
1765486015.8737378,99,36,26,34,71,3.6501197814941406,54.5,55.5,7.695
1765486016.075101,99,26,24,28,26,3.6498985290527344,55.0,55.0,7.24
1765486016.2760792,99,26,24,28,26,3.6498985290527344,55.0,55.0,7.24
1765486016.4772418,99,26,24,28,26,3.6498985290527344,55.0,55.0,7.24
1765486016.678397,99,28,35,46,24,3.6503028869628906,55.0,56.0,7.627
1765486016.8806465,99,28,35,46,24,3.6503028869628906,55.0,56.0,7.627
1765486017.0823345,99,26,26,31,21,3.650390625,55.0,55.0,6.931
1765486017.28331,99,26,26,31,21,3.650390625,55.0,55.0,6.931
1765486017.4843957,99,26,26,31,21,3.650390625,55.0,55.0,6.931
1765486017.6857572,99,34,56,31,30,3.6504783630371094,55.0,55.0,7.28
1765486017.8899717,99,34,56,31,30,3.6504783630371094,55.0,55.0,7.28
1765486018.0918825,99,26,29,20,26,3.6513519287109375,55.0,54.5,7.787
1765486018.2948415,99,26,29,20,26,3.6513519287109375,55.0,54.5,7.787
1765486018.4961507,99,26,29,20,26,3.6513519287109375,55.0,54.5,7.787
1765486018.6973336,99,28,27,22,41,3.649871826171875,55.0,55.0,7.547
1765486018.898958,99,28,27,22,41,3.649871826171875,55.0,55.0,7.547
1765486019.1038327,99,28,27,22,41,3.649871826171875,55.0,55.0,7.547
1765486019.305475,99,32,26,25,31,3.650066375732422,55.0,54.5,6.971
1765486019.5066626,99,32,26,25,31,3.650066375732422,55.0,54.5,6.971
1765486019.7077658,99,30,40,46,33,3.650432586669922,54.5,55.5,7.091
1765486019.9093332,99,30,40,46,33,3.650432586669922,54.5,55.5,7.091
1765486020.1107252,99,30,40,46,33,3.650432586669922,54.5,55.5,7.091
1765486020.312083,99,48,20,27,17,3.6518325805664062,55.5,55.5,8.28
1765486020.5138507,99,48,20,27,17,3.6518325805664062,55.5,55.5,8.28
1765486020.714969,99,27,24,30,39,3.6511459350585938,55.0,56.0,7.12
1765486020.9161844,99,27,24,30,39,3.6511459350585938,55.0,56.0,7.12
1765486021.117788,99,27,24,30,39,3.6511459350585938,55.0,56.0,7.12
1765486021.319854,98,25,22,28,46,3.6512680053710938,55.0,55.0,7.091
1765486021.521094,98,25,22,28,46,3.6512680053710938,55.0,55.0,7.091
1765486021.7222672,99,33,38,34,30,3.651042938232422,54.5,56.5,7.12
1765486021.9234302,99,33,38,34,30,3.651042938232422,54.5,56.5,7.12
1765486022.12451,99,33,38,34,30,3.651042938232422,54.5,56.5,7.12
1765486022.3258421,99,19,24,46,21,3.6515426635742188,55.0,55.5,7.547
1765486022.526809,99,19,24,46,21,3.6515426635742188,55.0,55.5,7.547
1765486022.7278316,99,28,33,25,32,3.6506690979003906,54.5,56.0,6.38
1765486022.9289124,99,28,33,25,32,3.6506690979003906,54.5,56.0,6.38
1765486023.1311388,99,28,33,25,32,3.6506690979003906,54.5,56.0,6.38
1765486023.3329794,99,27,32,24,52,3.6511802673339844,55.0,55.5,7.32
1765486023.534314,99,27,32,24,52,3.6511802673339844,55.0,55.5,7.32
1765486023.7353654,24,29,30,24,35,3.651439666748047,54.5,56.0,5.685
1765486023.9371285,24,29,30,24,35,3.651439666748047,54.5,56.0,5.685
1765486024.1388755,24,29,30,24,35,3.651439666748047,54.5,56.0,5.685
1765486024.3401055,99,54,17,25,22,3.6511917114257812,55.0,55.0,6.741
1765486024.5428314,99,54,17,25,22,3.6511917114257812,55.0,55.0,6.741
1765486024.7444482,0,37,30,17,24,3.6513099670410156,54.5,55.0,4.78
1765486024.9455626,0,37,30,17,24,3.6513099670410156,54.5,55.0,4.78
1765486025.146824,0,37,30,17,24,3.6513099670410156,54.5,55.0,4.78
1765486025.349016,99,28,30,60,26,3.6508712768554688,55.0,55.5,6.81
1765486025.5516133,99,28,30,60,26,3.6508712768554688,55.0,55.5,6.81
1765486025.7543948,99,28,24,16,18,3.6518287658691406,54.0,56.0,5.33
1765486025.9554932,99,28,24,16,18,3.6518287658691406,54.0,56.0,5.33
1765486026.1567922,99,28,24,16,18,3.6518287658691406,54.0,56.0,5.33
1765486026.3601658,99,32,31,24,55,3.6507492065429688,55.0,55.5,6.81
1765486026.56159,99,32,31,24,55,3.6507492065429688,55.0,55.5,6.81
1765486026.7627046,12,26,30,37,24,3.650867462158203,54.5,55.5,4.544
1765486026.963829,12,26,30,37,24,3.650867462158203,54.5,55.5,4.544
1765486027.1648462,12,26,30,37,24,3.650867462158203,54.5,55.5,4.544
1765486027.3671408,99,34,58,26,26,3.650646209716797,55.0,55.5,6.971
1765486027.5703585,99,34,58,26,26,3.650646209716797,55.0,55.5,6.971
1765486027.7717938,99,34,58,26,26,3.650646209716797,55.0,55.5,6.971
1765486027.9727223,0,23,16,22,21,3.6509666442871094,54.5,54.5,4.658
1765486028.1755068,0,23,16,22,21,3.6509666442871094,54.5,54.5,4.658
1765486028.378143,99,36,30,57,35,3.6509971618652344,55.5,55.0,7.011
1765486028.5798523,99,36,30,57,35,3.6509971618652344,55.5,55.0,7.011
1765486028.7809408,99,36,30,57,35,3.6509971618652344,55.5,55.0,7.011
1765486028.9822497,99,27,18,29,21,3.6509628295898438,55.0,54.5,5.451
1765486029.1833904,99,27,18,29,21,3.6509628295898438,55.0,54.5,5.451
1765486029.3847692,99,40,66,27,35,3.6517677307128906,55.5,56.0,7.854
1765486029.586947,99,40,66,27,35,3.6517677307128906,55.5,56.0,7.854
1765486029.7891243,99,40,66,27,35,3.6517677307128906,55.5,56.0,7.854
1765486029.9914126,94,22,17,12,14,3.6509628295898438,55.0,55.0,6.078
1765486030.1924026,94,22,17,12,14,3.6509628295898438,55.0,55.0,6.078
1765486030.393972,99,38,61,32,41,3.651409149169922,55.0,55.0,7.4
1765486030.5952437,99,38,61,32,41,3.651409149169922,55.0,55.0,7.4
1765486030.7973976,99,38,61,32,41,3.651409149169922,55.0,55.0,7.4
1765486031.001417,99,26,23,16,22,3.6509857177734375,55.0,55.0,6.54
1765486031.202563,99,26,23,16,22,3.6509857177734375,55.0,55.0,6.54
1765486031.4041123,99,64,33,40,39,3.6518592834472656,55.5,56.0,8.24
1765486031.6063483,99,64,33,40,39,3.6518592834472656,55.5,56.0,8.24
1765486031.8084311,99,64,33,40,39,3.6518592834472656,55.5,56.0,8.24
1765486032.0095599,98,22,16,14,14,3.6510887145996094,55.5,55.5,6.661
1765486032.2107558,98,22,16,14,14,3.6510887145996094,55.5,55.5,6.661
1765486032.4121459,99,33,33,58,49,3.650615692138672,55.5,55.5,7.28
1765486032.614384,99,33,33,58,49,3.650615692138672,55.5,55.5,7.28
1765486032.8157074,99,33,33,58,49,3.650615692138672,55.5,55.5,7.28
1765486033.016638,99,26,24,27,19,3.6506881713867188,55.5,55.5,7.16
1765486033.217534,99,26,24,27,19,3.6506881713867188,55.5,55.5,7.16
1765486033.4185238,99,25,16,23,66,3.6507644653320312,55.0,56.0,7.735
1765486033.6202564,99,25,16,23,66,3.6507644653320312,55.0,56.0,7.735
1765486033.8226025,99,25,16,23,66,3.6507644653320312,55.0,56.0,7.735
1765486034.0237257,99,27,25,16,18,3.6507186889648438,55.5,55.5,6.85
1765486034.224822,99,27,25,16,18,3.6507186889648438,55.5,55.5,6.85
1765486034.4265788,99,56,29,46,38,3.6506881713867188,55.0,56.0,7.667
1765486034.628622,99,56,29,46,38,3.6506881713867188,55.0,56.0,7.667
1765486034.8299162,99,56,29,46,38,3.6506881713867188,55.0,56.0,7.667
1765486035.0319276,99,31,32,18,23,3.652111053466797,55.5,56.0,8.014
1765486035.2333229,99,31,32,18,23,3.652111053466797,55.5,56.0,8.014
1765486035.4342403,98,69,16,21,18,3.6515159606933594,55.5,56.5,7.547
1765486035.6353145,98,69,16,21,18,3.6515159606933594,55.5,56.5,7.547
1765486035.8375022,98,69,16,21,18,3.6515159606933594,55.5,56.5,7.547
1765486036.0411327,99,22,23,20,16,3.6510391235351562,55.5,55.0,7.051
1765486036.2449195,99,22,23,20,16,3.6510391235351562,55.5,55.0,7.051
1765486036.4460237,99,40,34,41,54,3.6509132385253906,55.5,56.0,7.468
1765486036.6475596,99,40,34,41,54,3.6509132385253906,55.5,56.0,7.468
1765486036.8493323,99,40,34,41,54,3.6509132385253906,55.5,56.0,7.468
1765486037.0503025,99,12,27,24,24,3.652008056640625,55.0,56.0,7.36
1765486037.2512102,99,12,27,24,24,3.652008056640625,55.0,56.0,7.36
1765486037.452109,99,50,27,38,23,3.6546363830566406,55.0,56.0,7.24
1765486037.6530101,99,50,27,38,23,3.6546363830566406,55.0,56.0,7.24
1765486037.855211,99,50,27,38,23,3.6546363830566406,55.0,56.0,7.24
1765486038.0582013,98,36,23,18,24,3.6552391052246094,55.5,56.0,6.861
1765486038.2594407,98,36,23,18,24,3.6552391052246094,55.5,56.0,6.861
1765486038.4608243,98,36,23,18,24,3.6552391052246094,55.5,56.0,6.861
1765486038.6699426,99,36,39,34,44,3.6553001403808594,55.0,56.0,8.2
1765486038.8724463,99,36,39,34,44,3.6553001403808594,55.0,56.0,8.2
1765486039.0741045,98,16,35,15,19,3.6553001403808594,55.5,55.5,7.171
1765486039.2751544,98,16,35,15,19,3.6553001403808594,55.5,55.5,7.171
1765486039.4763286,98,16,35,15,19,3.6553001403808594,55.5,55.5,7.171
1765486039.677362,99,46,24,37,26,3.6550979614257812,55.0,56.5,7.28
1765486039.8789754,99,46,24,37,26,3.6550979614257812,55.0,56.5,7.28
1765486040.081308,99,25,22,47,16,3.655010223388672,55.5,55.5,7.428
1765486040.2834117,99,25,22,47,16,3.655010223388672,55.5,55.5,7.428
1765486040.4845376,99,25,22,47,16,3.655010223388672,55.5,55.5,7.428
1765486040.6857605,99,36,32,35,30,3.6566810607910156,55.5,56.5,7.24
1765486040.8872817,99,36,32,35,30,3.6566810607910156,55.5,56.5,7.24
1765486041.088495,99,41,25,21,17,3.6554527282714844,55.5,55.5,6.931
1765486041.2898266,99,41,25,21,17,3.6554527282714844,55.5,55.5,6.931
1765486041.4909885,99,41,25,21,17,3.6554527282714844,55.5,55.5,6.931
1765486041.692051,99,32,32,32,42,3.6559181213378906,54.5,57.5,6.701
1765486041.89327,99,32,32,32,42,3.6559181213378906,54.5,57.5,6.701
1765486042.0944624,99,19,25,22,50,3.6564674377441406,55.5,56.0,7.2
1765486042.2973325,99,19,25,22,50,3.6564674377441406,55.5,56.0,7.2
1765486042.502021,99,19,25,22,50,3.6564674377441406,55.5,56.0,7.2
1765486042.7032096,99,33,24,35,26,3.6571006774902344,55.5,56.5,6.81
1765486042.9048522,99,33,24,35,26,3.6571006774902344,55.5,56.5,6.81
1765486043.1067681,99,31,41,33,20,3.656238555908203,55.5,56.0,7.4
1765486043.307984,99,31,41,33,20,3.656238555908203,55.5,56.0,7.4
1765486043.5090222,99,31,41,33,20,3.656238555908203,55.5,56.0,7.4
1765486043.7102466,55,27,35,25,26,3.6563568115234375,54.5,56.0,5.483
1765486043.91143,55,27,35,25,26,3.6563568115234375,54.5,56.0,5.483
1765486044.1129224,99,56,30,20,21,3.6563491821289062,55.5,56.0,7.507
1765486044.3152623,99,56,30,20,21,3.6563491821289062,55.5,56.0,7.507
1765486044.516778,99,56,30,20,21,3.6563491821289062,55.5,56.0,7.507
1765486044.718079,0,26,19,24,35,3.6566543579101562,55.0,56.0,5.604
1765486044.9191852,0,26,19,24,35,3.6566543579101562,55.0,56.0,5.604
1765486045.1202896,0,26,19,24,35,3.6566543579101562,55.0,56.0,5.604
1765486045.3217533,99,40,28,44,27,3.656238555908203,55.5,56.0,7.08
1765486045.5227587,99,40,28,44,27,3.656238555908203,55.5,56.0,7.08
1765486045.7237744,99,33,30,35,30,3.656566619873047,55.0,56.5,6.54
1765486045.9250524,99,33,30,35,30,3.656566619873047,55.0,56.5,6.54
1765486046.1262689,99,33,30,35,30,3.656566619873047,55.0,56.5,6.54
1765486046.3281934,99,24,27,55,23,3.6571731567382812,55.5,56.0,7.894
1765486046.5291986,99,24,27,55,23,3.6571731567382812,55.5,56.0,7.894
1765486046.7302828,99,14,38,16,15,3.656585693359375,54.5,56.0,6.068
1765486046.9315352,99,14,38,16,15,3.656585693359375,54.5,56.0,6.068
1765486047.1340747,99,14,38,16,15,3.656585693359375,54.5,56.0,6.068
1765486047.3363392,99,47,32,26,29,3.6564903259277344,55.5,56.0,7.16
1765486047.5375228,99,47,32,26,29,3.6564903259277344,55.5,56.0,7.16
1765486047.7386484,2,26,34,25,32,3.6564674377441406,55.0,56.5,5.209
1765486047.93991,2,26,34,25,32,3.6564674377441406,55.0,56.5,5.209
1765486048.1409154,2,26,34,25,32,3.6564674377441406,55.0,56.5,5.209
1765486048.343132,99,28,28,27,56,3.657562255859375,55.5,56.0,7.547
1765486048.545235,99,28,28,27,56,3.657562255859375,55.5,56.0,7.547
1765486048.7463925,51,20,27,16,22,3.6570587158203125,55.5,55.5,4.618
1765486048.9473708,51,20,27,16,22,3.6570587158203125,55.5,55.5,4.618
1765486049.1494176,51,20,27,16,22,3.6570587158203125,55.5,55.5,4.618
1765486049.35097,99,46,41,32,35,3.656780242919922,55.5,55.5,6.621
1765486049.5518868,99,46,41,32,35,3.656780242919922,55.5,55.5,6.621
1765486049.7530096,54,32,34,25,18,3.6566162109375,54.5,55.5,4.861
1765486049.9540946,54,32,34,25,18,3.6566162109375,54.5,55.5,4.861
1765486050.155518,54,32,34,25,18,3.6566162109375,54.5,55.5,4.861
1765486050.3569143,99,26,18,43,42,3.657257080078125,55.5,56.0,7.24
1765486050.5587466,99,26,18,43,42,3.657257080078125,55.5,56.0,7.24
1765486050.759932,20,23,21,25,22,3.656940460205078,55.0,56.5,4.537
1765486050.9609237,20,23,21,25,22,3.656940460205078,55.0,56.5,4.537
1765486051.1631947,20,23,21,25,22,3.656940460205078,55.0,56.5,4.537
1765486051.370739,99,37,34,33,54,3.656543731689453,55.5,56.5,6.891
1765486051.5719485,99,37,34,33,54,3.656543731689453,55.5,56.5,6.891
1765486051.772916,12,27,27,28,20,3.6574783325195312,54.5,57.0,5.217
1765486051.974172,12,27,27,28,20,3.6574783325195312,54.5,57.0,5.217
1765486052.1753178,12,27,27,28,20,3.6574783325195312,54.5,57.0,5.217
1765486052.3765125,99,53,24,29,17,3.6566505432128906,56.0,56.0,6.861
1765486052.5794759,99,53,24,29,17,3.6566505432128906,56.0,56.0,6.861
1765486052.7807662,99,32,20,23,25,3.6567535400390625,55.5,55.5,5.217
1765486052.9819827,99,32,20,23,25,3.6567535400390625,55.5,55.5,5.217
1765486053.1830466,99,32,20,23,25,3.6567535400390625,55.5,55.5,5.217
1765486053.3853936,99,38,38,55,41,3.6569595336914062,55.5,56.5,7.36
1765486053.5869067,99,38,38,55,41,3.6569595336914062,55.5,56.5,7.36
1765486053.7878969,99,19,16,24,20,3.6578521728515625,55.5,56.0,6.701
1765486053.9891088,99,19,16,24,20,3.6578521728515625,55.5,56.0,6.701
1765486054.1903968,99,19,16,24,20,3.6578521728515625,55.5,56.0,6.701
1765486054.3914335,99,24,30,72,28,3.657184600830078,55.5,56.0,7.36
1765486054.593152,99,24,30,72,28,3.657184600830078,55.5,56.0,7.36
1765486054.7946417,99,24,30,72,28,3.657184600830078,55.5,56.0,7.36
1765486054.9959252,99,26,20,22,21,3.6572113037109375,56.0,55.5,6.511
1765486055.1970491,99,26,20,22,21,3.6572113037109375,56.0,55.5,6.511
1765486055.39877,99,40,33,57,33,3.6574478149414062,56.0,56.0,7.4
1765486055.6014497,99,40,33,57,33,3.6574478149414062,56.0,56.0,7.4
1765486055.8030372,99,40,33,57,33,3.6574478149414062,56.0,56.0,7.4
1765486056.0041063,99,27,17,19,14,3.6575241088867188,55.5,56.0,6.931
1765486056.2051663,99,27,17,19,14,3.6575241088867188,55.5,56.0,6.931
1765486056.4061792,99,37,25,60,30,3.657306671142578,55.5,56.0,7.44
1765486056.6072652,99,37,25,60,30,3.657306671142578,55.5,56.0,7.44
1765486056.8091536,99,37,25,60,30,3.657306671142578,55.5,56.0,7.44
1765486057.0103831,99,25,18,26,20,3.6572494506835938,55.5,56.0,6.54
1765486057.2114172,99,25,18,26,20,3.6572494506835938,55.5,56.0,6.54
1765486057.4130306,99,37,54,47,36,3.657543182373047,56.0,57.0,8.24
1765486057.615152,99,37,54,47,36,3.657543182373047,56.0,57.0,8.24
1765486057.8186076,99,37,54,47,36,3.657543182373047,56.0,57.0,8.24
1765486058.019921,98,16,21,16,10,3.6570358276367188,56.0,56.0,6.621
1765486058.2209215,98,16,21,16,10,3.6570358276367188,56.0,56.0,6.621
1765486058.4228325,99,28,65,24,37,3.656993865966797,56.0,56.0,7.44
1765486058.624368,99,28,65,24,37,3.656993865966797,56.0,56.0,7.44
1765486058.8263357,99,28,65,24,37,3.656993865966797,56.0,56.0,7.44
1765486059.0275936,99,26,19,20,22,3.6564254760742188,56.0,56.0,7.051
1765486059.2288125,99,26,19,20,22,3.6564254760742188,56.0,56.0,7.051
1765486059.4299061,99,38,61,26,30,3.6573028564453125,56.5,57.0,8.24
1765486059.6327643,99,38,61,26,30,3.6573028564453125,56.5,57.0,8.24
1765486059.8362708,99,38,61,26,30,3.6573028564453125,56.5,57.0,8.24
1765486060.0377085,99,22,28,16,23,3.656352996826172,56.0,56.5,7.091
1765486060.2388864,99,22,28,16,23,3.656352996826172,56.0,56.5,7.091
1765486060.4399216,98,71,31,33,27,3.6565589904785156,55.5,56.5,7.627
1765486060.6423275,98,71,31,33,27,3.6565589904785156,55.5,56.5,7.627
1765486060.8438225,98,71,31,33,27,3.6565589904785156,55.5,56.5,7.627
1765486061.0462782,99,30,17,23,20,3.6570816040039062,56.0,56.0,7.627
1765486061.2473204,99,30,17,23,20,3.6570816040039062,56.0,56.0,7.627
1765486061.4483874,99,60,32,39,26,3.6575469970703125,55.5,57.5,8.28
1765486061.6503327,99,60,32,39,26,3.6575469970703125,55.5,57.5,8.28
1765486061.8523774,99,60,32,39,26,3.6575469970703125,55.5,57.5,8.28
1765486062.0546734,99,26,21,17,21,3.6567840576171875,55.5,56.0,6.931
1765486062.256527,99,26,21,17,21,3.6567840576171875,55.5,56.0,6.931
1765486062.457691,99,62,40,36,32,3.6564292907714844,55.5,57.0,7.507
1765486062.6596367,99,62,40,36,32,3.6564292907714844,55.5,57.0,7.507
1765486062.861341,99,62,40,36,32,3.6564292907714844,55.5,57.0,7.507
1765486063.0633278,99,28,19,20,22,3.656757354736328,56.0,56.5,7.627
1765486063.264573,99,28,19,20,22,3.656757354736328,56.0,56.5,7.627
1765486063.465563,99,27,14,61,24,3.6564292907714844,55.5,57.0,7.4
1765486063.6668046,99,27,14,61,24,3.6564292907714844,55.5,57.0,7.4
1765486063.868887,99,27,14,61,24,3.6564292907714844,55.5,57.0,7.4
1765486064.0726364,99,25,28,26,22,3.6565208435058594,55.5,56.0,6.741
1765486064.2742598,99,25,28,26,22,3.6565208435058594,55.5,56.0,6.741
1765486064.4753115,99,25,28,26,22,3.6565208435058594,55.5,56.0,6.741
1765486064.6771348,99,31,38,53,34,3.656543731689453,56.0,57.0,7.627
1765486064.878954,99,31,38,53,34,3.656543731689453,56.0,57.0,7.627
1765486065.0801184,99,18,25,22,30,3.6567535400390625,56.0,56.5,7.894
1765486065.2810814,99,18,25,22,30,3.6567535400390625,56.0,56.5,7.894
1765486065.4819798,99,18,25,22,30,3.6567535400390625,56.0,56.5,7.894
1765486065.6829026,99,29,26,40,30,3.6564254760742188,56.0,57.0,7.468
1765486065.8853016,99,29,26,40,30,3.6564254760742188,56.0,57.0,7.468
1765486066.0892818,99,22,30,33,15,3.656543731689453,56.0,56.5,7.28
1765486066.2909386,99,22,30,33,15,3.656543731689453,56.0,56.5,7.28
1765486066.4924698,99,22,30,33,15,3.656543731689453,56.0,56.5,7.28
1765486066.6939385,99,38,43,46,33,3.6565704345703125,56.0,56.5,8.014
1765486066.8958213,99,38,43,46,33,3.6565704345703125,56.0,56.5,8.014
1765486067.103541,98,15,14,38,10,3.6569480895996094,56.0,56.0,7.28
1765486067.3045921,98,15,14,38,10,3.6569480895996094,56.0,56.0,7.28
1765486067.5058248,98,15,14,38,10,3.6569480895996094,56.0,56.0,7.28
1765486067.708311,99,35,25,53,28,3.6569175720214844,56.0,56.5,7.388
1765486067.909719,99,35,25,53,28,3.6569175720214844,56.0,56.5,7.388
1765486068.1118157,99,26,16,45,21,3.657318115234375,56.0,56.5,7.627
1765486068.3130128,99,26,16,45,21,3.657318115234375,56.0,56.5,7.627
1765486068.5146663,99,26,16,45,21,3.657318115234375,56.0,56.5,7.627
1765486068.7159286,99,37,38,27,32,3.6573410034179688,55.5,57.0,7.707
1765486068.9168448,99,37,38,27,32,3.6573410034179688,55.5,57.0,7.707
1765486069.1179602,99,40,20,25,13,3.6567916870117188,56.0,56.0,7.2
1765486069.3192883,99,40,20,25,13,3.6567916870117188,56.0,56.0,7.2
1765486069.5204778,99,40,20,25,13,3.6567916870117188,56.0,56.0,7.2
1765486069.7215269,99,33,35,39,35,3.6569061279296875,55.5,57.5,7.171
1765486069.9226632,99,33,35,39,35,3.6569061279296875,55.5,57.5,7.171
1765486070.1241508,98,22,15,51,14,3.6569252014160156,56.0,56.0,7.08
1765486070.3266597,98,22,15,51,14,3.6569252014160156,56.0,56.0,7.08
1765486070.5280247,98,22,15,51,14,3.6569252014160156,56.0,56.0,7.08
1765486070.7292202,99,31,27,32,31,3.6575851440429688,55.5,58.5,7.091
1765486070.9307969,99,31,27,32,31,3.6575851440429688,55.5,58.5,7.091
1765486071.134023,99,33,42,23,26,3.656635284423828,56.0,56.0,7.24
1765486071.3354082,99,33,42,23,26,3.656635284423828,56.0,56.0,7.24
1765486071.5364466,99,33,42,23,26,3.656635284423828,56.0,56.0,7.24
1765486071.7374928,99,28,32,26,37,3.6571044921875,55.0,57.0,6.269
1765486071.9387236,99,28,32,26,37,3.6571044921875,55.0,57.0,6.269
1765486072.140185,99,21,56,32,20,3.6572113037109375,56.5,56.5,7.468
1765486072.3427963,99,21,56,32,20,3.6572113037109375,56.5,56.5,7.468
1765486072.5440464,99,21,56,32,20,3.6572113037109375,56.5,56.5,7.468
1765486072.7455678,5,24,26,20,22,3.6572914123535156,55.5,56.0,5.056
1765486072.94671,5,24,26,20,22,3.6572914123535156,55.5,56.0,5.056
1765486073.147689,99,36,50,34,31,3.6571311950683594,56.0,56.0,7.091
1765486073.3489263,99,36,50,34,31,3.6571311950683594,56.0,56.0,7.091
1765486073.5501072,99,36,50,34,31,3.6571311950683594,56.0,56.0,7.091
1765486073.7511947,84,20,26,24,26,3.65740966796875,55.5,56.0,4.78
1765486073.95239,84,20,26,24,26,3.65740966796875,55.5,56.0,4.78
1765486074.153896,84,20,26,24,26,3.65740966796875,55.5,56.0,4.78
1765486074.35569,99,30,32,59,28,3.6578369140625,56.0,57.0,7.32
1765486074.5574496,99,30,32,59,28,3.6578369140625,56.0,57.0,7.32
1765486074.7590137,87,20,22,18,19,3.6570968627929688,55.0,56.5,4.699
1765486074.9605784,87,20,22,18,19,3.6570968627929688,55.0,56.5,4.699
1765486075.1618302,87,20,22,18,19,3.6570968627929688,55.0,56.5,4.699
1765486075.3686392,99,39,39,37,52,3.6567420959472656,56.0,56.0,6.891
1765486075.5698466,99,39,39,37,52,3.6567420959472656,56.0,56.0,6.891
1765486075.7709744,21,28,33,27,25,3.6575241088867188,55.0,56.5,4.82
1765486075.9720085,21,28,33,27,25,3.6575241088867188,55.0,56.5,4.82
1765486076.173059,21,28,33,27,25,3.6575241088867188,55.0,56.5,4.82
1765486076.3750308,99,25,25,29,62,3.6584396362304688,55.5,56.5,7.428
1765486076.578472,99,25,25,29,62,3.6584396362304688,55.5,56.5,7.428
1765486076.7889175,18,25,12,22,14,3.657562255859375,55.5,56.5,4.463
1765486076.9901924,18,25,12,22,14,3.657562255859375,55.5,56.5,4.463
1765486077.1913595,18,25,12,22,14,3.657562255859375,55.5,56.5,4.463
1765486077.394245,99,52,28,36,50,3.657299041748047,56.0,56.5,7.091
1765486077.5954711,99,52,28,36,50,3.657299041748047,56.0,56.5,7.091
1765486077.7965107,99,25,22,24,28,3.6575698852539062,56.0,56.0,5.886
1765486077.9975915,99,25,22,24,28,3.6575698852539062,56.0,56.0,5.886
1765486078.1988556,99,25,22,24,28,3.6575698852539062,56.0,56.0,5.886
1765486078.4015899,99,27,58,24,22,3.65771484375,56.0,56.5,7.091
1765486078.6044595,99,27,58,24,22,3.65771484375,56.0,56.5,7.091
1765486078.8057902,94,26,26,18,20,3.6574478149414062,56.0,56.0,5.217
1765486079.006791,94,26,26,18,20,3.6574478149414062,56.0,56.0,5.217
1765486079.2077906,94,26,26,18,20,3.6574478149414062,56.0,56.0,5.217
1765486079.411422,99,34,50,52,33,3.6573753356933594,56.0,56.5,7.28
1765486079.6126997,99,34,50,52,33,3.6573753356933594,56.0,56.5,7.28
1765486079.8137622,96,23,24,28,21,3.6582183837890625,56.0,56.5,7.011
1765486080.0151985,96,23,24,28,21,3.6582183837890625,56.0,56.5,7.011
1765486080.2162914,96,23,24,28,21,3.6582183837890625,56.0,56.5,7.011
1765486080.4174607,99,31,66,37,26,3.657390594482422,56.0,56.5,7.28
1765486080.6205194,99,31,66,37,26,3.657390594482422,56.0,56.5,7.28
1765486080.8218286,99,27,12,23,25,3.657581329345703,56.0,57.5,6.43
1765486081.0229511,99,27,12,23,25,3.657581329345703,56.0,57.5,6.43
1765486081.2240458,99,27,12,23,25,3.657581329345703,56.0,57.5,6.43
1765486081.426741,99,40,36,52,28,3.6573448181152344,56.0,56.5,7.24
1765486081.6300275,99,40,36,52,28,3.6573448181152344,56.0,56.5,7.24
1765486081.8313124,99,26,18,20,20,3.6580429077148438,56.0,57.0,7.011
1765486082.0324156,99,26,18,20,20,3.6580429077148438,56.0,57.0,7.011
1765486082.2335382,99,26,18,20,20,3.6580429077148438,56.0,57.0,7.011
1765486082.434648,99,36,30,65,32,3.657482147216797,56.0,57.5,7.707
1765486082.636338,99,36,30,65,32,3.657482147216797,56.0,57.5,7.707
1765486082.8383608,99,27,25,20,19,3.6573219299316406,56.0,56.5,6.81
1765486083.0395923,99,27,25,20,19,3.6573219299316406,56.0,56.5,6.81
1765486083.2406812,99,27,25,20,19,3.6573219299316406,56.0,56.5,6.81
1765486083.4425468,99,32,27,40,58,3.6571006774902344,56.0,57.0,7.934
1765486083.6451318,99,32,27,40,58,3.6571006774902344,56.0,57.0,7.934
1765486083.846835,99,23,17,26,10,3.6573829650878906,56.0,56.5,6.891
1765486084.0478394,99,23,17,26,10,3.6573829650878906,56.0,56.5,6.891
1765486084.2489464,99,23,17,26,10,3.6573829650878906,56.0,56.5,6.891
1765486084.4513535,99,24,70,39,22,3.6575469970703125,56.0,56.5,7.707
1765486084.6528234,99,24,70,39,22,3.6575469970703125,56.0,56.5,7.707
1765486084.8544748,99,22,25,22,24,3.6572494506835938,56.0,56.5,7.507
1765486085.0555615,99,22,25,22,24,3.6572494506835938,56.0,56.5,7.507
1765486085.2566361,99,22,25,22,24,3.6572494506835938,56.0,56.5,7.507
1765486085.4577155,98,50,34,47,28,3.6583595275878906,56.0,57.5,8.16
1765486085.6593306,98,50,34,47,28,3.6583595275878906,56.0,57.5,8.16
1765486085.86071,98,50,34,47,28,3.6583595275878906,56.0,57.5,8.16
1765486086.061994,99,23,17,20,12,3.6573524475097656,56.0,56.5,7.32
1765486086.2631516,99,23,17,20,12,3.6573524475097656,56.0,56.5,7.32
1765486086.4643445,99,34,36,38,64,3.6572494506835938,56.0,57.0,7.894
1765486086.6655033,99,34,36,38,64,3.6572494506835938,56.0,57.0,7.894
1765486086.8668592,99,34,36,38,64,3.6572494506835938,56.0,57.0,7.894
1765486087.0677757,99,20,21,28,19,3.6578369140625,56.0,56.5,7.2
1765486087.2687726,99,20,21,28,19,3.6578369140625,56.0,56.5,7.2
1765486087.469883,99,29,32,43,50,3.6584205627441406,56.0,57.5,8.2
1765486087.6718087,99,29,32,43,50,3.6584205627441406,56.0,57.5,8.2
1765486087.8750825,99,29,32,43,50,3.6584205627441406,56.0,57.5,8.2
1765486088.0778284,99,30,24,19,19,3.6572647094726562,56.0,56.5,6.661
1765486088.2788744,99,30,24,19,19,3.6572647094726562,56.0,56.5,6.661
1765486088.4800835,99,40,64,22,26,3.657306671142578,56.0,57.0,7.24
1765486088.6827233,99,40,64,22,26,3.657306671142578,56.0,57.0,7.24
1765486088.8840091,99,40,64,22,26,3.657306671142578,56.0,57.0,7.24
1765486089.0873015,99,30,20,42,25,3.6578025817871094,56.5,56.5,7.48
1765486089.2884562,99,30,20,42,25,3.6578025817871094,56.5,56.5,7.48
1765486089.4898446,99,29,56,23,26,3.6574859619140625,56.0,56.5,7.747
1765486089.6916428,99,29,56,23,26,3.6574859619140625,56.0,56.5,7.747
1765486089.89408,99,29,56,23,26,3.6574859619140625,56.0,56.5,7.747
1765486090.0964496,99,30,26,19,20,3.6574249267578125,56.0,56.0,7.2
1765486090.2978354,99,30,26,19,20,3.6574249267578125,56.0,56.0,7.2
1765486090.4989293,99,29,35,56,34,3.6571884155273438,56.0,57.5,7.507
1765486090.700891,99,29,35,56,34,3.6571884155273438,56.0,57.5,7.507
1765486090.9023077,99,29,35,56,34,3.6571884155273438,56.0,57.5,7.507
1765486091.1041324,99,25,26,34,20,3.6579322814941406,56.5,57.0,7.667
1765486091.3053713,99,25,26,34,20,3.6579322814941406,56.5,57.0,7.667
1765486091.5063174,99,20,30,50,29,3.657306671142578,56.0,57.0,7.428
1765486091.707459,99,20,30,50,29,3.657306671142578,56.0,57.0,7.428
1765486091.9093885,99,20,30,50,29,3.657306671142578,56.0,57.0,7.428
1765486092.1117907,99,22,32,24,23,3.6577796936035156,56.5,56.5,6.891
1765486092.313022,99,22,32,24,23,3.6577796936035156,56.5,56.5,6.891
1765486092.5139933,99,29,35,38,42,3.6571006774902344,56.0,57.0,7.627
1765486092.715371,99,29,35,38,42,3.6571006774902344,56.0,57.0,7.627
1765486092.916796,99,29,35,38,42,3.6571006774902344,56.0,57.0,7.627
1765486093.11838,99,20,16,37,21,3.6582260131835938,56.5,57.5,7.735
1765486093.319441,99,20,16,37,21,3.6582260131835938,56.5,57.5,7.735
1765486093.5204685,99,26,37,34,24,3.6575660705566406,56.0,57.0,7.428
1765486093.721471,99,26,37,34,24,3.6575660705566406,56.0,57.0,7.428
1765486093.9231343,99,26,37,34,24,3.6575660705566406,56.0,57.0,7.428
1765486094.125438,99,31,38,22,23,3.657268524169922,56.5,56.5,7.12
1765486094.3266015,99,31,38,22,23,3.657268524169922,56.5,56.5,7.12
1765486094.52763,99,31,38,22,23,3.657268524169922,56.5,56.5,7.12
1765486094.728923,99,40,40,34,32,3.6577301025390625,56.0,57.5,7.547
1765486094.931172,99,40,40,34,32,3.6577301025390625,56.0,57.5,7.547
1765486095.132344,98,48,14,15,10,3.6575241088867188,56.5,56.5,7.12
1765486095.3351703,98,48,14,15,10,3.6575241088867188,56.5,56.5,7.12
1765486095.5365772,98,48,14,15,10,3.6575241088867188,56.5,56.5,7.12
1765486095.7379894,99,28,43,28,35,3.657684326171875,55.5,56.5,6.73
1765486095.9395154,99,28,43,28,35,3.657684326171875,55.5,56.5,6.73
1765486096.1411967,99,23,50,26,27,3.6575241088867188,56.5,56.5,7.28
1765486096.3446996,99,23,50,26,27,3.6575241088867188,56.5,56.5,7.28
1765486096.5464377,99,23,50,26,27,3.6575241088867188,56.5,56.5,7.28
1765486096.747979,20,30,30,36,20,3.658397674560547,56.0,58.0,6.038
1765486096.9497707,20,30,30,36,20,3.658397674560547,56.0,58.0,6.038
1765486097.151122,99,28,16,20,45,3.657745361328125,56.5,56.5,6.971
1765486097.3526194,99,28,16,20,45,3.657745361328125,56.5,56.5,6.971
1765486097.553941,99,28,16,20,45,3.657745361328125,56.5,56.5,6.971
1765486097.7549982,5,27,26,33,28,3.6578025817871094,55.5,57.5,5.564
1765486097.9559224,5,27,26,33,28,3.6578025817871094,55.5,57.5,5.564
1765486098.1578727,99,26,27,30,50,3.657520294189453,56.5,56.5,7.011
1765486098.360426,99,26,27,30,50,3.657520294189453,56.5,56.5,7.011
1765486098.5616746,99,26,27,30,50,3.657520294189453,56.5,56.5,7.011
1765486098.7626536,58,32,28,26,26,3.6580772399902344,55.5,57.5,5.877
1765486098.9642882,58,32,28,26,26,3.6580772399902344,55.5,57.5,5.877
1765486099.1666133,99,33,44,20,22,3.65704345703125,56.0,56.5,7.051
1765486099.3679998,99,33,44,20,22,3.65704345703125,56.0,56.5,7.051
1765486099.5691957,99,33,44,20,22,3.65704345703125,56.0,56.5,7.051
1765486099.7702572,0,21,34,29,32,3.6577606201171875,56.0,57.0,5.604
1765486099.9712636,0,21,34,29,32,3.6577606201171875,56.0,57.0,5.604
1765486100.1728265,99,32,26,28,54,3.65716552734375,56.5,57.0,7.011
1765486100.375423,99,32,26,28,54,3.65716552734375,56.5,57.0,7.011
1765486100.5772145,99,32,26,28,54,3.65716552734375,56.5,57.0,7.011
1765486100.778517,19,26,37,18,16,3.6574783325195312,55.5,58.0,5.249
1765486100.9796386,19,26,37,18,16,3.6574783325195312,55.5,58.0,5.249
1765486101.1811514,19,26,37,18,16,3.6574783325195312,55.5,58.0,5.249
1765486101.3825316,99,34,42,42,29,3.657093048095703,56.5,57.0,7.011
1765486101.5834851,99,34,42,42,29,3.657093048095703,56.5,57.0,7.011
1765486101.7847853,39,32,21,42,22,3.6570472717285156,56.0,56.5,5.33
1765486101.9860237,39,32,21,42,22,3.6570472717285156,56.0,56.5,5.33
1765486102.1871917,39,32,21,42,22,3.6570472717285156,56.0,56.5,5.33
1765486102.3904629,99,57,28,31,25,3.6576385498046875,56.5,57.5,7.36
1765486102.5917318,99,57,28,31,25,3.6576385498046875,56.5,57.5,7.36
1765486102.7985601,57,20,20,24,20,3.6576385498046875,56.0,56.5,4.618
1765486102.9996243,57,20,20,24,20,3.6576385498046875,56.0,56.5,4.618
1765486103.2009614,57,20,20,24,20,3.6576385498046875,56.0,56.5,4.618
1765486103.4032865,99,47,52,30,30,3.6580429077148438,56.0,57.0,7.051
1765486103.604612,99,47,52,30,30,3.6580429077148438,56.0,57.0,7.051
1765486103.8055933,9,28,19,21,22,3.658458709716797,55.5,56.5,4.739
1765486104.006741,9,28,19,21,22,3.658458709716797,55.5,56.5,4.739
1765486104.2077136,9,28,19,21,22,3.658458709716797,55.5,56.5,4.739
1765486104.4099147,99,20,68,24,27,3.659332275390625,56.5,57.5,7.747
1765486104.6128445,99,20,68,24,27,3.659332275390625,56.5,57.5,7.747
1765486104.8142042,85,24,20,23,14,3.6586952209472656,56.0,56.5,4.861
1765486105.0155306,85,24,20,23,14,3.6586952209472656,56.0,56.5,4.861
1765486105.2167861,85,24,20,23,14,3.6586952209472656,56.0,56.5,4.861
1765486105.4200094,99,37,32,36,60,3.659351348876953,56.5,56.5,7.131
1765486105.6218324,99,37,32,36,60,3.659351348876953,56.5,56.5,7.131
1765486105.822808,99,29,22,27,22,3.659404754638672,56.5,57.0,6.85
1765486106.0241282,99,29,22,27,22,3.659404754638672,56.5,57.0,6.85
1765486106.226713,99,29,22,27,22,3.659404754638672,56.5,57.0,6.85
1765486106.428373,99,60,27,22,25,3.6598052978515625,56.5,58.0,8.16
1765486106.6315308,99,60,27,22,25,3.6598052978515625,56.5,58.0,8.16
1765486106.8328173,99,23,20,20,21,3.659198760986328,56.5,56.5,6.43
1765486107.03409,99,23,20,20,21,3.659198760986328,56.5,56.5,6.43
1765486107.2353878,99,23,20,20,21,3.659198760986328,56.5,56.5,6.43
1765486107.436542,99,38,36,33,62,3.6590347290039062,56.5,57.0,7.507
1765486107.6375015,99,38,36,33,62,3.6590347290039062,56.5,57.0,7.507
1765486107.838652,99,25,23,32,20,3.6602745056152344,56.5,56.5,7.28
1765486108.0410047,99,25,23,32,20,3.6602745056152344,56.5,56.5,7.28
1765486108.2420754,99,25,23,32,20,3.6602745056152344,56.5,56.5,7.28
1765486108.4430444,99,25,24,52,28,3.6594314575195312,56.5,57.0,7.36
1765486108.6440663,99,25,24,52,28,3.6594314575195312,56.5,57.0,7.36
1765486108.8452816,98,22,24,26,18,3.659587860107422,56.5,56.5,6.661
1765486109.0507364,98,22,24,26,18,3.659587860107422,56.5,56.5,6.661
1765486109.2519498,98,22,24,26,18,3.659587860107422,56.5,56.5,6.661
1765486109.4533417,99,50,36,37,58,3.6592483520507812,56.5,57.0,7.854
1765486109.6561997,99,50,36,37,58,3.6592483520507812,56.5,57.0,7.854
1765486109.8575783,98,28,26,21,21,3.6530799865722656,56.5,57.0,7.388
1765486110.0607672,98,28,26,21,21,3.6530799865722656,56.5,57.0,7.388
1765486110.2619584,98,28,26,21,21,3.6530799865722656,56.5,57.0,7.388
1765486110.4630153,99,60,27,46,22,3.653717041015625,57.0,57.0,7.547
1765486110.665005,99,60,27,46,22,3.653717041015625,57.0,57.0,7.547
1765486110.8663683,99,60,27,46,22,3.653717041015625,57.0,57.0,7.547
1765486111.0692852,98,24,20,22,20,3.6543731689453125,56.5,57.0,6.58
1765486111.270353,98,24,20,22,20,3.6543731689453125,56.5,57.0,6.58
1765486111.4725924,99,56,34,25,51,3.6547317504882812,56.5,57.0,7.894
1765486111.6738935,99,56,34,25,51,3.6547317504882812,56.5,57.0,7.894
1765486111.8752718,99,56,34,25,51,3.6547317504882812,56.5,57.0,7.894
1765486112.076409,98,18,22,17,16,3.6548423767089844,56.5,57.0,7.08
1765486112.2773786,98,18,22,17,16,3.6548423767089844,56.5,57.0,7.08
1765486112.4793591,99,26,30,32,61,3.6544265747070312,56.5,57.0,7.36
1765486112.6807134,99,26,30,32,61,3.6544265747070312,56.5,57.0,7.36
1765486112.8825767,99,26,30,32,61,3.6544265747070312,56.5,57.0,7.36
1765486113.0837498,99,24,26,25,26,3.654399871826172,56.5,57.0,6.781
1765486113.2849212,99,24,26,25,26,3.654399871826172,56.5,57.0,6.781
1765486113.4862087,98,45,33,54,56,3.648235321044922,56.5,57.5,8.505
1765486113.6882126,98,45,33,54,56,3.648235321044922,56.5,57.5,8.505
1765486113.8914196,98,45,33,54,56,3.648235321044922,56.5,57.5,8.505
1765486114.0930536,99,12,16,16,15,3.6480140686035156,56.5,57.0,6.58
1765486114.2942648,99,12,16,16,15,3.6480140686035156,56.5,57.0,6.58
1765486114.495323,99,28,72,32,27,3.648296356201172,56.5,57.5,7.507
1765486114.6965373,99,28,72,32,27,3.648296356201172,56.5,57.5,7.507
1765486114.898586,99,28,72,32,27,3.648296356201172,56.5,57.5,7.507
1765486115.0998054,99,26,21,22,22,3.6485939025878906,57.0,57.0,7.24
1765486115.300726,99,26,21,22,22,3.6485939025878906,57.0,57.0,7.24
1765486115.5018568,99,28,20,29,68,3.649169921875,56.5,57.5,8.24
1765486115.7039986,99,28,20,29,68,3.649169921875,56.5,57.5,8.24
1765486115.907296,99,28,20,29,68,3.649169921875,56.5,57.5,8.24
1765486116.1088073,99,23,18,26,16,3.6478233337402344,57.0,57.0,7.32
1765486116.3098595,99,23,18,26,16,3.6478233337402344,57.0,57.0,7.32
1765486116.5109298,99,42,60,38,20,3.648651123046875,56.5,57.0,7.814
1765486116.7124665,99,42,60,38,20,3.648651123046875,56.5,57.0,7.814
1765486116.9138823,99,42,60,38,20,3.648651123046875,56.5,57.0,7.814
1765486117.1159027,99,25,26,20,24,3.648876190185547,57.0,57.0,6.821
1765486117.317545,99,25,26,20,24,3.648876190185547,57.0,57.0,6.821
1765486117.5187068,99,43,28,25,50,3.649066925048828,56.5,58.0,7.934
1765486117.7202473,99,43,28,25,50,3.649066925048828,56.5,58.0,7.934
1765486117.9222603,99,43,28,25,50,3.649066925048828,56.5,58.0,7.934
1765486118.1244707,98,25,14,18,25,3.648090362548828,57.0,57.0,6.821
1765486118.3272452,98,25,14,18,25,3.648090362548828,57.0,57.0,6.821
1765486118.5281951,99,53,32,27,43,3.6481704711914062,56.5,57.5,7.814
1765486118.729193,99,53,32,27,43,3.6481704711914062,56.5,57.5,7.814
1765486118.9305315,99,53,32,27,43,3.6481704711914062,56.5,57.5,7.814
1765486119.1341054,99,36,20,27,20,3.648761749267578,56.5,57.5,7.974
1765486119.3359156,99,36,20,27,20,3.648761749267578,56.5,57.5,7.974
1765486119.537233,99,36,20,27,20,3.648761749267578,56.5,57.5,7.974
1765486119.7382913,99,36,23,29,28,3.6487770080566406,56.5,57.5,7.507
1765486119.941172,99,36,23,29,28,3.6487770080566406,56.5,57.5,7.507
1765486120.14412,99,34,28,26,32,3.6482315063476562,57.0,57.5,7.2
1765486120.3453279,99,34,28,26,32,3.6482315063476562,57.0,57.5,7.2
1765486120.5464058,99,34,28,26,32,3.6482315063476562,57.0,57.5,7.2
1765486120.7498207,99,39,42,25,38,3.6482315063476562,57.0,58.0,7.468
1765486120.9510033,99,39,42,25,38,3.6482315063476562,57.0,58.0,7.468
1765486121.152354,99,19,42,20,23,3.6493988037109375,57.0,57.5,7.814
1765486121.3542526,99,19,42,20,23,3.6493988037109375,57.0,57.5,7.814
1765486121.5553288,99,19,42,20,23,3.6493988037109375,57.0,57.5,7.814
1765486121.756455,99,28,26,40,30,3.6483230590820312,56.5,58.5,7.16
1765486121.9579701,99,28,26,40,30,3.6483230590820312,56.5,58.5,7.16
1765486122.1615753,99,25,28,25,42,3.648712158203125,57.0,57.0,7.32
1765486122.3635113,99,25,28,25,42,3.648712158203125,57.0,57.0,7.32
1765486122.566776,99,25,28,25,42,3.648712158203125,57.0,57.0,7.32
1765486122.7677894,34,30,27,32,34,3.6487045288085938,56.0,57.5,5.604
1765486122.969335,34,30,27,32,34,3.6487045288085938,56.0,57.5,5.604
1765486123.1709335,99,26,22,20,54,3.6493682861328125,57.0,57.5,7.36
1765486123.3781755,99,26,22,20,54,3.6493682861328125,57.0,57.5,7.36
1765486123.57924,99,26,22,20,54,3.6493682861328125,57.0,57.5,7.36
1765486123.7803802,12,18,20,24,29,3.6488990783691406,56.0,56.5,4.739
1765486123.9820297,12,18,20,24,29,3.6488990783691406,56.0,56.5,4.739
1765486124.1842043,99,50,30,36,32,3.648174285888672,57.0,57.0,6.661
1765486124.3876429,99,50,30,36,32,3.648174285888672,57.0,57.0,6.661
1765486124.588943,99,50,30,36,32,3.648174285888672,57.0,57.0,6.661
1765486124.7902715,99,33,19,27,31,3.648723602294922,56.0,57.5,5.725
1765486124.9914434,99,33,19,27,31,3.648723602294922,56.0,57.5,5.725
1765486125.19258,99,57,30,21,21,3.6485748291015625,57.0,57.5,7.051
1765486125.3949552,99,57,30,21,21,3.6485748291015625,57.0,57.5,7.051
1765486125.5960953,99,57,30,21,21,3.6485748291015625,57.0,57.5,7.051
1765486125.797128,16,25,31,18,20,3.6481971740722656,56.0,57.0,4.382
1765486125.9981134,16,25,31,18,20,3.6481971740722656,56.0,57.0,4.382
1765486126.1999383,99,25,29,26,62,3.6490135192871094,57.0,57.0,7.12
1765486126.4024518,99,25,29,26,62,3.6490135192871094,57.0,57.0,7.12
1765486126.6037529,99,25,29,26,62,3.6490135192871094,57.0,57.0,7.12
1765486126.8048902,23,27,22,27,23,3.648693084716797,56.0,57.5,5.096
1765486127.0061886,23,27,22,27,23,3.648693084716797,56.0,57.5,5.096
1765486127.207723,99,25,28,23,59,3.648529052734375,56.5,57.0,6.661
1765486127.4089196,99,25,28,23,59,3.648529052734375,56.5,57.0,6.661
1765486127.610852,99,25,28,23,59,3.648529052734375,56.5,57.0,6.661
1765486127.8122709,3,35,20,22,26,3.6485595703125,56.5,57.0,4.739
1765486128.013348,3,35,20,22,26,3.6485595703125,56.5,57.0,4.739
1765486128.2143219,99,37,22,62,32,3.6490135192871094,57.0,57.5,7.16
1765486128.4163678,99,37,22,62,32,3.6490135192871094,57.0,57.5,7.16
1765486128.6185284,99,37,22,62,32,3.6490135192871094,57.0,57.5,7.16
1765486128.8203902,76,18,26,14,18,3.6494216918945312,56.5,57.5,5.33
1765486129.0213764,76,18,26,14,18,3.6494216918945312,56.5,57.5,5.33
1765486129.222596,99,29,37,64,33,3.6488914489746094,57.0,58.0,7.547
1765486129.4267716,99,29,37,64,33,3.6488914489746094,57.0,58.0,7.547
1765486129.6287441,99,29,37,64,33,3.6488914489746094,57.0,58.0,7.547
1765486129.8301003,99,24,16,21,23,3.649036407470703,57.0,57.0,6.31
1765486130.031214,99,24,16,21,23,3.649036407470703,57.0,57.0,6.31
1765486130.2325861,99,68,29,37,33,3.649951934814453,57.5,58.0,8.2
1765486130.4353526,99,68,29,37,33,3.649951934814453,57.5,58.0,8.2
1765486130.6373534,99,68,29,37,33,3.649951934814453,57.5,58.0,8.2
1765486130.8387463,99,19,16,8,16,3.6494789123535156,57.0,57.0,6.47
1765486131.039723,99,19,16,8,16,3.6494789123535156,57.0,57.0,6.47
1765486131.2406046,99,19,16,8,16,3.6494789123535156,57.0,57.0,6.47
1765486131.4418902,99,27,41,60,39,3.6493492126464844,57.0,57.5,7.2
1765486131.6430311,99,27,41,60,39,3.6493492126464844,57.0,57.5,7.2
1765486131.8439827,99,25,26,21,16,3.649555206298828,57.0,57.0,6.781
1765486132.0455158,99,25,26,21,16,3.649555206298828,57.0,57.0,6.781
1765486132.2482104,99,25,26,21,16,3.649555206298828,57.0,57.0,6.781
1765486132.4513934,99,37,32,62,30,3.6499404907226562,57.0,58.0,8.24
1765486132.654117,99,37,32,62,30,3.6499404907226562,57.0,58.0,8.24
1765486132.8564355,98,18,22,12,14,3.6487655639648438,57.0,57.5,7.011
1765486133.0579455,98,18,22,12,14,3.6487655639648438,57.0,57.5,7.011
1765486133.2600722,98,18,22,12,14,3.6487655639648438,57.0,57.5,7.011
1765486133.4653459,99,36,29,38,56,3.6490936279296875,57.5,57.5,7.28
1765486133.6669097,99,36,29,38,56,3.6490936279296875,57.5,57.5,7.28
1765486133.868734,99,26,24,27,17,3.649158477783203,57.0,57.5,7.2
1765486134.0751061,99,26,24,27,17,3.649158477783203,57.0,57.5,7.2
1765486134.276122,99,26,24,27,17,3.649158477783203,57.0,57.5,7.2
1765486134.4778597,99,28,24,68,23,3.6499595642089844,57.0,58.0,8.24
1765486134.6815653,99,28,24,68,23,3.6499595642089844,57.0,58.0,8.24
1765486134.8841774,99,19,20,18,25,3.649005889892578,57.0,57.0,7.131
1765486135.0862896,99,19,20,18,25,3.649005889892578,57.0,57.0,7.131
1765486135.287503,99,19,20,18,25,3.649005889892578,57.0,57.0,7.131
1765486135.4899251,98,62,38,32,38,3.6494064331054688,57.0,58.5,7.587
1765486135.691448,98,62,38,32,38,3.6494064331054688,57.0,58.5,7.587
1765486135.892711,99,27,25,20,24,3.6507644653320312,57.5,57.5,7.667
1765486136.093827,99,27,25,20,24,3.6507644653320312,57.5,57.5,7.667
1765486136.2949731,99,27,25,20,24,3.6507644653320312,57.5,57.5,7.667
1765486136.49603,99,28,52,25,18,3.64947509765625,57.0,57.5,7.587
1765486136.6979036,99,28,52,25,18,3.64947509765625,57.0,57.5,7.587
1765486136.9003253,99,31,22,22,26,3.649066925048828,57.0,57.0,6.781
1765486137.1017025,99,31,22,22,26,3.649066925048828,57.0,57.0,6.781
1765486137.3027596,99,31,22,22,26,3.649066925048828,57.0,57.0,6.781
1765486137.5049756,99,35,36,42,52,3.6493911743164062,57.0,57.5,7.747
1765486137.7075095,99,35,36,42,52,3.6493911743164062,57.0,57.5,7.747
1765486137.9089708,99,22,22,22,35,3.650054931640625,57.0,57.5,8.014
1765486138.1099803,99,22,22,22,35,3.650054931640625,57.0,57.5,8.014
1765486138.3111176,99,22,22,22,35,3.650054931640625,57.0,57.5,8.014
1765486138.5122063,99,21,42,31,22,3.6494369506835938,57.0,57.5,7.547
1765486138.7144518,99,21,42,31,22,3.6494369506835938,57.0,57.5,7.547
1765486138.9160173,99,34,29,19,20,3.6496810913085938,57.0,57.5,7.32
1765486139.1193535,99,34,29,19,20,3.6496810913085938,57.0,57.5,7.32
1765486139.3208942,99,34,29,19,20,3.6496810913085938,57.0,57.5,7.32
1765486139.522103,99,44,26,42,31,3.649383544921875,56.5,58.5,7.468
1765486139.7236147,99,44,26,42,31,3.649383544921875,56.5,58.5,7.468
1765486139.924866,99,25,19,20,33,3.6496047973632812,57.0,57.5,7.4
1765486140.12631,99,25,19,20,33,3.6496047973632812,57.0,57.5,7.4
1765486140.327417,99,25,19,20,33,3.6496047973632812,57.0,57.5,7.4
1765486140.528463,99,32,31,38,42,3.6492156982421875,57.0,59.0,7.011
1765486140.7293913,99,32,31,38,42,3.6492156982421875,57.0,59.0,7.011
1765486140.930389,99,20,26,50,18,3.6497154235839844,57.0,57.5,7.131
1765486141.1324558,99,20,26,50,18,3.6497154235839844,57.0,57.5,7.131
1765486141.3336887,99,20,26,50,18,3.6497154235839844,57.0,57.5,7.131
1765486141.5349112,79,33,35,26,31,3.6504898071289062,56.5,58.5,6.149
1765486141.7363482,79,33,35,26,31,3.6504898071289062,56.5,58.5,6.149
1765486141.938915,79,33,35,26,31,3.6504898071289062,56.5,58.5,6.149
1765486142.1401343,99,18,16,18,50,3.6500015258789062,57.0,57.5,7.131
1765486142.3411627,99,18,16,18,50,3.6500015258789062,57.0,57.5,7.131
1765486142.5421348,0,17,32,34,22,3.6501693725585938,56.5,58.0,5.015
1765486142.7432265,0,17,32,34,22,3.6501693725585938,56.5,58.0,5.015
1765486142.9446173,0,17,32,34,22,3.6501693725585938,56.5,58.0,5.015
1765486143.1470256,99,28,28,22,52,3.6500816345214844,57.0,57.5,6.77
1765486143.3482165,99,28,28,22,52,3.6500816345214844,57.0,57.5,6.77
1765486143.549193,99,27,24,17,26,3.650676727294922,56.5,58.0,5.765
1765486143.7503626,99,27,24,17,26,3.650676727294922,56.5,58.0,5.765
1765486143.9517324,99,27,24,17,26,3.650676727294922,56.5,58.0,5.765
1765486144.15277,99,26,58,26,26,3.6501693725585938,57.0,57.5,7.051
1765486144.3543546,99,26,58,26,26,3.6501693725585938,57.0,57.5,7.051
1765486144.5577962,99,20,26,33,23,3.650074005126953,56.5,57.5,5.33
1765486144.7589037,99,20,26,33,23,3.650074005126953,56.5,57.5,5.33
1765486144.9601607,99,20,26,33,23,3.650074005126953,56.5,57.5,5.33
1765486145.1621132,99,22,60,29,31,3.650177001953125,57.0,57.5,7.171
1765486145.3642657,99,22,60,29,31,3.650177001953125,57.0,57.5,7.171
1765486145.5660117,13,26,26,21,22,3.6509361267089844,56.5,57.5,4.894
1765486145.7670302,13,26,26,21,22,3.6509361267089844,56.5,57.5,4.894
1765486145.9689164,13,26,26,21,22,3.6509361267089844,56.5,57.5,4.894
1765486146.1703458,99,26,24,56,28,3.6497764587402344,57.0,57.5,6.971
1765486146.3715096,99,26,24,56,28,3.6497764587402344,57.0,57.5,6.971
1765486146.5724642,23,31,30,28,24,3.6503067016601562,56.0,57.5,4.422
1765486146.7734213,23,31,30,28,24,3.6503067016601562,56.0,57.5,4.422
1765486146.976208,23,31,30,28,24,3.6503067016601562,56.0,57.5,4.422
1765486147.1784003,99,57,33,28,30,3.6510009765625,57.0,58.0,7.667
1765486147.3810177,99,57,33,28,30,3.6510009765625,57.0,58.0,7.667
1765486147.5823693,15,21,19,20,22,3.6502456665039062,56.0,57.0,4.658
1765486147.7834773,15,21,19,20,22,3.6502456665039062,56.0,57.0,4.658
1765486147.9845626,15,21,19,20,22,3.6502456665039062,56.0,57.0,4.658
1765486148.1868453,99,39,67,32,30,3.6499176025390625,57.0,57.5,7.091
1765486148.3882225,99,39,67,32,30,3.6499176025390625,57.0,57.5,7.091
1765486148.588993,90,26,23,18,31,3.6501121520996094,57.0,57.5,6.35
1765486148.790091,90,26,23,18,31,3.6501121520996094,57.0,57.5,6.35
1765486148.9910767,90,26,23,18,31,3.6501121520996094,57.0,57.5,6.35
1765486149.192498,99,31,22,36,58,3.6504592895507812,57.0,57.5,7.775
1765486149.3957322,99,31,22,36,58,3.6504592895507812,57.0,57.5,7.775
1765486149.597081,96,17,21,16,12,3.6498794555664062,57.0,57.0,5.371
1765486149.7983325,96,17,21,16,12,3.6498794555664062,57.0,57.0,5.371
1765486149.9994888,96,17,21,16,12,3.6498794555664062,57.0,57.0,5.371
1765486150.2026393,99,36,34,58,27,3.6498947143554688,57.0,57.5,7.08
1765486150.404106,99,36,34,58,27,3.6498947143554688,57.0,57.5,7.08
1765486150.6050413,94,24,32,24,22,3.6499862670898438,57.0,57.5,6.781
1765486150.8062294,94,24,32,24,22,3.6499862670898438,57.0,57.5,6.781
1765486151.007188,94,24,32,24,22,3.6499862670898438,57.0,57.5,6.781
1765486151.2082078,99,23,34,59,23,3.650310516357422,57.0,58.0,7.36
1765486151.409247,99,23,34,59,23,3.650310516357422,57.0,58.0,7.36
1765486151.6104007,99,23,34,59,23,3.650310516357422,57.0,58.0,7.36
1765486151.811567,99,30,26,18,20,3.6502342224121094,57.0,57.5,6.43
1765486152.0127335,99,30,26,18,20,3.6502342224121094,57.0,57.5,6.43
1765486152.2142112,99,58,38,38,38,3.649921417236328,57.5,58.5,7.854
1765486152.4154477,99,58,38,38,38,3.649921417236328,57.5,58.5,7.854
1765486152.6166635,99,58,38,38,38,3.649921417236328,57.5,58.5,7.854
1765486152.8184087,99,26,19,21,18,3.6510162353515625,57.5,57.5,7.12
1765486153.0193908,99,26,19,21,18,3.6510162353515625,57.5,57.5,7.12
1765486153.2204006,99,64,23,32,23,3.6503868103027344,57.0,58.0,7.32
1765486153.4226925,99,64,23,32,23,3.6503868103027344,57.0,58.0,7.32
1765486153.6241024,99,64,23,32,23,3.6503868103027344,57.0,58.0,7.32
1765486153.8251173,98,24,25,25,18,3.6502342224121094,57.0,57.5,6.821
1765486154.026162,98,24,25,25,18,3.6502342224121094,57.0,57.5,6.821
1765486154.2278671,99,41,36,43,45,3.6504135131835938,57.5,57.5,7.655
1765486154.4309914,99,41,36,43,45,3.6504135131835938,57.5,57.5,7.655
1765486154.6322591,99,41,36,43,45,3.6504135131835938,57.5,57.5,7.655
1765486154.8332636,99,21,28,14,16,3.6508865356445312,57.5,58.0,7.2
1765486155.034355,99,21,28,14,16,3.6508865356445312,57.5,58.0,7.2
1765486155.2353969,99,24,72,13,24,3.6501922607421875,57.5,58.0,7.547
1765486155.4363565,99,24,72,13,24,3.6501922607421875,57.5,58.0,7.547
1765486155.6392944,99,24,72,13,24,3.6501922607421875,57.5,58.0,7.547
1765486155.8406162,99,29,20,24,18,3.650104522705078,57.0,57.5,6.971
1765486156.0417182,99,29,20,24,18,3.650104522705078,57.0,57.5,6.971
1765486156.2429287,99,39,45,55,35,3.650341033935547,57.5,58.0,8.054
1765486156.444716,99,39,45,55,35,3.650341033935547,57.5,58.0,8.054
1765486156.6471672,99,39,45,55,35,3.650341033935547,57.5,58.0,8.054
1765486156.8482943,99,22,18,20,8,3.6503868103027344,57.5,58.5,7.587
1765486157.0493557,99,22,18,20,8,3.6503868103027344,57.5,58.5,7.587
1765486157.250406,99,28,36,34,63,3.6500320434570312,57.0,57.5,8.12
1765486157.4513972,99,28,36,34,63,3.6500320434570312,57.0,57.5,8.12
1765486157.653232,99,28,36,34,63,3.6500320434570312,57.0,57.5,8.12
1765486157.8552933,99,22,20,22,18,3.650836944580078,57.0,57.5,6.81
1765486158.0566323,99,22,20,22,18,3.650836944580078,57.0,57.5,6.81
1765486158.2580302,99,36,44,48,32,3.6513595581054688,57.5,58.5,8.054
1765486158.4593306,99,36,44,48,32,3.6513595581054688,57.5,58.5,8.054
1765486158.6624029,99,36,44,48,32,3.6513595581054688,57.5,58.5,8.054
1765486158.8639517,98,26,22,16,27,3.6507225036621094,57.5,57.5,7.011
1765486159.0649395,98,26,22,16,27,3.6507225036621094,57.5,57.5,7.011
1765486159.2662125,99,36,56,24,26,3.6509475708007812,57.0,57.5,7.32
1765486159.4673471,99,36,56,24,26,3.6509475708007812,57.0,57.5,7.32
1765486159.6683927,99,36,56,24,26,3.6509475708007812,57.0,57.5,7.32
1765486159.8702586,99,26,34,23,22,3.6503562927246094,57.5,57.5,7.32
1765486160.071867,99,26,34,23,22,3.6503562927246094,57.5,57.5,7.32
1765486160.2731442,99,26,34,23,22,3.6503562927246094,57.5,57.5,7.32
1765486160.4745605,99,26,28,37,50,3.650859832763672,57.5,58.0,8.12
1765486160.677843,99,26,28,37,50,3.650859832763672,57.5,58.0,8.12
1765486160.8790948,99,24,24,18,29,3.650592803955078,57.5,58.0,7.547
1765486161.0800958,99,24,24,18,29,3.650592803955078,57.5,58.0,7.547
1765486161.2812378,99,24,24,18,29,3.650592803955078,57.5,58.0,7.547
1765486161.4826605,99,26,34,55,28,3.6508636474609375,57.5,58.5,7.28
1765486161.6839051,99,26,34,55,28,3.6508636474609375,57.5,58.5,7.28
1765486161.8880472,98,43,22,23,15,3.6507415771484375,57.5,58.0,7.747
1765486162.0891142,98,43,22,23,15,3.6507415771484375,57.5,58.0,7.747
1765486162.290645,98,43,22,23,15,3.6507415771484375,57.5,58.0,7.747
1765486162.4919596,99,30,26,26,36,3.6505050659179688,57.5,58.0,7.747
1765486162.6944354,99,30,26,26,36,3.6505050659179688,57.5,58.0,7.747
1765486162.8973742,98,32,25,34,28,3.6510963439941406,57.5,57.5,7.051
1765486163.0990186,98,32,25,34,28,3.6510963439941406,57.5,57.5,7.051
1765486163.3002844,98,32,25,34,28,3.6510963439941406,57.5,57.5,7.051
1765486163.5014136,99,35,36,47,35,3.650665283203125,57.5,58.5,7.707
1765486163.7026086,99,35,36,47,35,3.650665283203125,57.5,58.5,7.707
1765486163.9037578,99,23,24,46,12,3.6518630981445312,57.5,58.5,8.16
1765486164.106529,99,23,24,46,12,3.6518630981445312,57.5,58.5,8.16
1765486164.3078914,99,23,24,46,12,3.6518630981445312,57.5,58.5,8.16
1765486164.5088966,99,28,22,24,38,3.651214599609375,57.0,57.5,7.28
1765486164.7110412,99,28,22,24,38,3.651214599609375,57.0,57.5,7.28
1765486164.9134665,99,22,33,26,31,3.650951385498047,57.5,58.0,7.507
1765486165.114718,99,22,33,26,31,3.650951385498047,57.5,58.0,7.507
1765486165.3156643,99,22,33,26,31,3.650951385498047,57.5,58.0,7.507
1765486165.5167606,99,33,38,44,33,3.6508941650390625,57.0,58.5,7.24
1765486165.7190006,99,33,38,44,33,3.6508941650390625,57.0,58.5,7.24
1765486165.9204416,99,21,20,45,16,3.6515159606933594,57.5,57.5,7.627
1765486166.122406,99,21,20,45,16,3.6515159606933594,57.5,57.5,7.627
1765486166.3236518,99,21,20,45,16,3.6515159606933594,57.5,57.5,7.627
1765486166.5247517,99,30,30,27,34,3.65081787109375,57.5,58.0,6.931
1765486166.7263234,99,30,30,27,34,3.65081787109375,57.5,58.0,6.931
1765486166.927936,99,26,52,23,28,3.6506996154785156,57.5,57.5,7.24
1765486167.1299915,99,26,52,23,28,3.6506996154785156,57.5,57.5,7.24
1765486167.3311155,99,26,52,23,28,3.6506996154785156,57.5,57.5,7.24
1765486167.5322993,98,39,28,35,30,3.6509246826171875,57.0,59.0,6.46
1765486167.7343001,98,39,28,35,30,3.6509246826171875,57.0,59.0,6.46
1765486167.9357383,99,50,21,13,21,3.650981903076172,57.5,58.0,7.428
1765486168.1372085,99,50,21,13,21,3.650981903076172,57.5,58.0,7.428
1765486168.3386343,99,50,21,13,21,3.650981903076172,57.5,58.0,7.428
1765486168.5398326,0,27,25,18,34,3.6509361267089844,56.5,59.0,5.685
1765486168.7407296,0,27,25,18,34,3.6509361267089844,56.5,59.0,5.685
1765486168.9419248,0,27,25,18,34,3.6509361267089844,56.5,59.0,5.685
1765486169.143891,99,24,32,29,53,3.65130615234375,57.5,58.0,6.85
1765486169.3450325,99,24,32,29,53,3.65130615234375,57.5,58.0,6.85
1765486169.5462651,95,38,29,26,20,3.651897430419922,57.0,58.5,5.765
1765486169.747688,95,38,29,26,20,3.651897430419922,57.0,58.5,5.765
1765486169.9488416,95,38,29,26,20,3.651897430419922,57.0,58.5,5.765
1765486170.1501532,99,23,52,20,21,3.650493621826172,57.5,57.5,6.821
1765486170.3521202,99,23,52,20,21,3.650493621826172,57.5,57.5,6.821
1765486170.5535722,99,28,27,18,32,3.651165008544922,56.5,58.0,4.934
1765486170.7550557,99,28,27,18,32,3.651165008544922,56.5,58.0,4.934
1765486170.9569938,99,28,27,18,32,3.651165008544922,56.5,58.0,4.934
1765486171.1601136,99,32,32,65,28,3.6509017944335938,57.5,58.0,7.011
1765486171.3638291,99,32,32,65,28,3.6509017944335938,57.5,58.0,7.011
1765486171.5663304,14,29,21,27,20,3.6514434814453125,57.0,58.5,4.894
1765486171.7674131,14,29,21,27,20,3.6514434814453125,57.0,58.5,4.894
1765486171.9718845,14,29,21,27,20,3.6514434814453125,57.0,58.5,4.894
1765486172.173046,99,27,22,62,28,3.6506881713867188,57.5,57.5,6.85
1765486172.3752332,99,27,22,62,28,3.6506881713867188,57.5,57.5,6.85
1765486172.5764408,0,24,26,21,25,3.6509246826171875,57.0,57.5,4.618
1765486172.7776825,0,24,26,21,25,3.6509246826171875,57.0,57.5,4.618
1765486172.978877,0,24,26,21,25,3.6509246826171875,57.0,57.5,4.618
1765486173.182055,99,26,37,59,24,3.651416778564453,58.0,57.5,7.24
1765486173.3850436,99,26,37,59,24,3.651416778564453,58.0,57.5,7.24
1765486173.586223,95,16,25,18,16,3.651561737060547,57.0,57.5,5.644
1765486173.7874727,95,16,25,18,16,3.651561737060547,57.0,57.5,5.644
1765486173.9888651,95,16,25,18,16,3.651561737060547,57.0,57.5,5.644
1765486174.1903908,99,33,26,62,34,3.6511611938476562,58.0,58.5,7.468
1765486174.3918083,99,33,26,62,34,3.6511611938476562,58.0,58.5,7.468
1765486174.5942526,99,20,21,25,26,3.6514434814453125,57.5,57.5,6.621
1765486174.7954233,99,20,21,25,26,3.6514434814453125,57.5,57.5,6.621
1765486174.9967809,99,20,21,25,26,3.6514434814453125,57.5,57.5,6.621
1765486175.1988056,99,66,44,31,30,3.6532859802246094,58.0,59.0,8.505
1765486175.4014888,99,66,44,31,30,3.6532859802246094,58.0,59.0,8.505
1765486175.6028707,99,16,17,13,14,3.6522178649902344,57.5,57.5,6.621
1765486175.803843,99,16,17,13,14,3.6522178649902344,57.5,57.5,6.621
1765486176.0054815,99,16,17,13,14,3.6522178649902344,57.5,57.5,6.621
1765486176.2069223,99,68,28,28,38,3.6523818969726562,57.5,58.5,7.507
1765486176.4081635,99,68,28,28,38,3.6523818969726562,57.5,58.5,7.507
1765486176.6097739,99,22,20,21,24,3.651996612548828,57.5,58.0,7.131
1765486176.8109972,99,22,20,21,24,3.651996612548828,57.5,58.0,7.131
1765486177.0121272,99,22,20,21,24,3.651996612548828,57.5,58.0,7.131
1765486177.2133446,99,30,63,22,22,3.653106689453125,57.5,58.5,8.041
1765486177.414782,99,30,63,22,22,3.653106689453125,57.5,58.5,8.041
1765486177.6158545,99,32,18,17,16,3.6522178649902344,57.5,58.0,6.931
1765486177.8169708,99,32,18,17,16,3.6522178649902344,57.5,58.0,6.931
1765486178.0184155,99,32,18,17,16,3.6522178649902344,57.5,58.0,6.931
1765486178.2201614,99,35,68,34,36,3.6517791748046875,57.5,58.0,7.854
1765486178.4219618,99,35,68,34,36,3.6517791748046875,57.5,58.0,7.854
1765486178.6228878,99,28,26,19,31,3.6524391174316406,57.5,58.5,8.014
1765486178.8247387,99,28,26,19,31,3.6524391174316406,57.5,58.5,8.014
1765486179.0261202,99,28,26,19,31,3.6524391174316406,57.5,58.5,8.014
1765486179.2278562,99,25,18,26,65,3.652782440185547,58.0,58.0,7.894
1765486179.4313314,99,25,18,26,65,3.652782440185547,58.0,58.0,7.894
1765486179.6331975,99,25,18,26,65,3.652782440185547,58.0,58.0,7.894
1765486179.8343236,99,22,25,27,21,3.6523361206054688,57.5,58.0,7.36
1765486180.0358286,99,22,25,27,21,3.6523361206054688,57.5,58.0,7.36
1765486180.2372546,99,37,58,43,34,3.6519241333007812,57.5,58.5,7.934
1765486180.4389844,99,37,58,43,34,3.6519241333007812,57.5,58.5,7.934
1765486180.6404374,99,37,58,43,34,3.6519241333007812,57.5,58.5,7.934
1765486180.8418918,99,25,25,20,18,3.652698516845703,57.5,58.0,7.2
1765486181.0430849,99,25,25,20,18,3.652698516845703,57.5,58.0,7.2
1765486181.2442067,99,28,51,34,23,3.651988983154297,57.5,58.0,7.547
1765486181.4451146,99,28,51,34,23,3.651988983154297,57.5,58.0,7.547
1765486181.646659,99,28,51,34,23,3.651988983154297,57.5,58.0,7.547
1765486181.8485084,98,25,26,30,25,3.6521377563476562,57.5,58.0,7.091
1765486182.049883,98,25,26,30,25,3.6521377563476562,57.5,58.0,7.091
1765486182.2508042,99,37,39,36,48,3.6521530151367188,58.0,58.5,7.547
1765486182.453534,99,37,39,36,48,3.6521530151367188,58.0,58.5,7.547
1765486182.655405,99,37,39,36,48,3.6521530151367188,58.0,58.5,7.547
1765486182.858509,99,30,16,26,20,3.6525230407714844,58.0,58.5,7.587
1765486183.0596566,99,30,16,26,20,3.6525230407714844,58.0,58.5,7.587
1765486183.2608206,99,26,30,43,36,3.6522865295410156,57.5,59.0,7.587
1765486183.4619513,99,26,30,43,36,3.6522865295410156,57.5,59.0,7.587
1765486183.6648166,99,26,30,43,36,3.6522865295410156,57.5,59.0,7.587
1765486183.867291,99,40,24,26,18,3.652324676513672,58.0,58.0,7.32
1765486184.0683248,99,40,24,26,18,3.652324676513672,58.0,58.0,7.32
1765486184.269546,99,42,43,27,30,3.6523399353027344,57.5,59.5,7.854
1765486184.4715397,99,42,43,27,30,3.6523399353027344,57.5,59.5,7.854
1765486184.6746235,99,42,43,27,30,3.6523399353027344,57.5,59.5,7.854
1765486184.875929,98,14,40,21,18,3.652252197265625,57.5,58.5,7.587
1765486185.076922,98,14,40,21,18,3.652252197265625,57.5,58.5,7.587
1765486185.2787786,99,33,27,19,41,3.6521339416503906,57.5,58.0,7.507
1765486185.4801748,99,33,27,19,41,3.6521339416503906,57.5,58.0,7.507
1765486185.682568,99,33,27,19,41,3.6521339416503906,57.5,58.0,7.507
1765486185.8844757,99,22,26,22,41,3.6523170471191406,57.5,58.0,7.28
1765486186.0854437,99,22,26,22,41,3.6523170471191406,57.5,58.0,7.28
1765486186.2865708,99,37,34,29,32,3.6528358459472656,57.5,59.5,7.627
1765486186.4875002,99,37,34,29,32,3.6528358459472656,57.5,59.5,7.627
1765486186.6903846,99,37,34,29,32,3.6528358459472656,57.5,59.5,7.627
1765486186.8917646,99,27,18,25,33,3.6519546508789062,57.5,58.5,7.2
1765486187.0926688,99,27,18,25,33,3.6519546508789062,57.5,58.5,7.2
1765486187.2938998,99,33,36,30,33,3.652118682861328,57.5,59.0,7.011
1765486187.4955363,99,33,36,30,33,3.652118682861328,57.5,59.0,7.011
1765486187.6969607,99,33,36,30,33,3.652118682861328,57.5,59.0,7.011
1765486187.898975,99,50,28,16,18,3.6524429321289062,58.0,58.5,7.28
1765486188.1021163,99,50,28,16,18,3.6524429321289062,58.0,58.5,7.28
1765486188.303838,99,27,25,28,32,3.6523399353027344,57.5,59.0,7.12
1765486188.5048513,99,27,25,28,32,3.6523399353027344,57.5,59.0,7.12
1765486188.706789,99,27,25,28,32,3.6523399353027344,57.5,59.0,7.12
1765486188.907987,99,23,30,34,33,3.6517181396484375,58.0,58.0,7.28
1765486189.1091156,99,23,30,34,33,3.6517181396484375,58.0,58.0,7.28
1765486189.3101373,99,23,30,34,33,3.6517181396484375,58.0,58.0,7.28
1765486189.511247,0,26,28,42,29,3.6522216796875,57.0,58.0,5.217
1765486189.7124553,0,26,28,42,29,3.6522216796875,57.0,58.0,5.217
1765486189.9150798,99,24,24,60,28,3.6522789001464844,58.0,58.5,7.507
1765486190.1166599,99,24,24,60,28,3.6522789001464844,58.0,58.5,7.507
1765486190.3179173,99,24,24,60,28,3.6522789001464844,58.0,58.5,7.507
1765486190.518931,12,22,22,26,23,3.652050018310547,57.5,57.5,5.056
1765486190.7205458,12,22,22,26,23,3.652050018310547,57.5,57.5,5.056
1765486190.9232333,99,28,34,52,28,3.6517295837402344,57.5,58.0,6.741
1765486191.1247718,99,28,34,52,28,3.6517295837402344,57.5,58.0,6.741
1765486191.3260546,99,28,34,52,28,3.6517295837402344,57.5,58.0,6.741
1765486191.527219,4,32,26,35,28,3.652435302734375,57.5,58.5,5.169
1765486191.728257,4,32,26,35,28,3.652435302734375,57.5,58.5,5.169
1765486191.929777,99,34,21,26,52,3.6524505615234375,58.0,59.0,7.735
1765486192.1308188,99,34,21,26,52,3.6524505615234375,58.0,59.0,7.735
1765486192.3325794,99,34,21,26,52,3.6524505615234375,58.0,59.0,7.735
1765486192.5338264,99,22,12,18,31,3.6523475646972656,57.0,57.5,4.901
1765486192.735082,99,22,12,18,31,3.6523475646972656,57.0,57.5,4.901
1765486192.9369075,99,32,45,42,41,3.651836395263672,58.0,58.0,6.741
1765486193.1383138,99,32,45,42,41,3.651836395263672,58.0,58.0,6.741
1765486193.3392878,99,32,45,42,41,3.651836395263672,58.0,58.0,6.741
1765486193.5404801,99,27,30,20,25,3.651947021484375,57.5,58.0,5.29
1765486193.7414503,99,27,30,20,25,3.651947021484375,57.5,58.0,5.29
1765486193.9426658,99,25,63,28,28,3.6530609130859375,58.0,58.5,7.32
1765486194.1446812,99,25,63,28,28,3.6530609130859375,58.0,58.5,7.32
1765486194.3458896,99,25,63,28,28,3.6530609130859375,58.0,58.5,7.32
1765486194.5469236,99,26,23,21,27,3.652179718017578,57.5,58.0,5.298
1765486194.7479544,99,26,23,21,27,3.652179718017578,57.5,58.0,5.298
1765486194.9493756,99,37,44,32,53,3.6522140502929688,58.0,58.0,7.011
1765486195.1512048,99,37,44,32,53,3.6522140502929688,58.0,58.0,7.011
1765486195.3527617,99,37,44,32,53,3.6522140502929688,58.0,58.0,7.011
1765486195.5539367,20,23,22,30,28,3.6525192260742188,57.0,59.0,5.177
1765486195.756951,20,23,22,30,28,3.6525192260742188,57.0,59.0,5.177
1765486195.95816,99,24,22,26,55,3.6534042358398438,58.0,58.0,6.931
1765486196.1596498,99,24,22,26,55,3.6534042358398438,58.0,58.0,6.931
1765486196.3607962,99,24,22,26,55,3.6534042358398438,58.0,58.0,6.931
1765486196.561918,6,23,27,20,26,3.6526336669921875,57.5,58.5,4.666
1765486196.763266,6,23,27,20,26,3.6526336669921875,57.5,58.5,4.666
1765486196.9642038,99,37,35,34,51,3.652904510498047,58.0,58.0,6.971
1765486197.1670592,99,37,35,34,51,3.652904510498047,58.0,58.0,6.971
1765486197.3687441,99,37,35,34,51,3.652904510498047,58.0,58.0,6.971
1765486197.5698552,67,31,18,22,27,3.653461456298828,57.5,58.0,5.613
1765486197.7709153,67,31,18,22,27,3.653461456298828,57.5,58.0,5.613
1765486197.9720497,67,31,18,22,27,3.653461456298828,57.5,58.0,5.613
1765486198.1731334,99,25,21,30,56,3.6523513793945312,57.5,58.0,7.12
1765486198.3753235,99,25,21,30,56,3.6523513793945312,57.5,58.0,7.12
1765486198.5765986,99,28,27,21,14,3.6531639099121094,57.5,58.0,5.298
1765486198.7779534,99,28,27,21,14,3.6531639099121094,57.5,58.0,5.298
1765486198.979209,99,28,27,21,14,3.6531639099121094,57.5,58.0,5.298
1765486199.1815677,99,42,34,34,60,3.6532440185546875,58.0,58.5,7.32
1765486199.3843582,99,42,34,34,60,3.6532440185546875,58.0,58.5,7.32
1765486199.5854905,97,25,20,22,23,3.6533470153808594,58.0,58.5,6.701
1765486199.7865746,97,25,20,22,23,3.6533470153808594,58.0,58.5,6.701
1765486199.9876797,97,25,20,22,23,3.6533470153808594,58.0,58.5,6.701
1765486200.188965,99,40,60,30,24,3.652973175048828,58.0,58.5,7.36
1765486200.3906662,99,40,60,30,24,3.652973175048828,58.0,58.5,7.36
1765486200.5918322,99,26,22,32,22,3.6524505615234375,58.0,58.0,6.58
1765486200.7960904,99,26,22,32,22,3.6524505615234375,58.0,58.0,6.58
1765486200.997404,99,26,22,32,22,3.6524505615234375,58.0,58.0,6.58
1765486201.1992042,99,34,57,27,42,3.6529006958007812,58.0,58.5,7.854
1765486201.4024339,99,34,57,27,42,3.6529006958007812,58.0,58.5,7.854
1765486201.6037598,99,22,21,23,16,3.6530113220214844,57.5,58.5,7.131
1765486201.8048084,99,22,21,23,16,3.6530113220214844,57.5,58.5,7.131
1765486202.0058172,99,22,21,23,16,3.6530113220214844,57.5,58.5,7.131
1765486202.2074041,99,66,26,26,35,3.6523895263671875,58.0,58.5,7.735
1765486202.4084678,99,66,26,26,35,3.6523895263671875,58.0,58.5,7.735
1765486202.610427,99,26,22,23,16,3.6530990600585938,58.5,58.0,6.931
1765486202.8117754,99,26,22,23,16,3.6530990600585938,58.5,58.0,6.931
1765486203.0131044,99,26,22,23,16,3.6530990600585938,58.5,58.0,6.931
1765486203.214931,99,25,48,60,30,3.6539878845214844,58.0,59.5,8.465
1765486203.4173744,99,25,48,60,30,3.6539878845214844,58.0,59.5,8.465
1765486203.6189501,99,20,15,21,22,3.6530380249023438,58.0,58.5,7.32
1765486203.8198485,99,20,15,21,22,3.6530380249023438,58.0,58.5,7.32
1765486204.0208893,99,20,15,21,22,3.6530380249023438,58.0,58.5,7.32
1765486204.2223535,99,36,37,64,30,3.6534385681152344,58.5,59.5,7.854
1765486204.4236047,99,36,37,64,30,3.6534385681152344,58.5,59.5,7.854
1765486204.6247451,99,22,17,30,18,3.653217315673828,58.0,58.5,7.091
1765486204.826059,99,22,17,30,18,3.653217315673828,58.0,58.5,7.091
1765486205.0271132,99,22,17,30,18,3.653217315673828,58.0,58.5,7.091
1765486205.2280624,99,33,53,33,29,3.6540451049804688,58.5,59.0,8.28
1765486205.4334128,99,33,53,33,29,3.6540451049804688,58.5,59.0,8.28
1765486205.6342971,99,33,53,33,29,3.6540451049804688,58.5,59.0,8.28
1765486205.8354924,99,28,21,19,16,3.6533889770507812,57.5,58.0,6.81
1765486206.0366259,99,28,21,19,16,3.6533889770507812,57.5,58.0,6.81
1765486206.2380037,99,31,32,34,58,3.6532859802246094,58.0,58.5,7.587
1765486206.439398,99,31,32,34,58,3.6532859802246094,58.0,58.5,7.587
1765486206.6404712,99,31,32,34,58,3.6532859802246094,58.0,58.5,7.587
1765486206.8428144,98,26,30,19,27,3.6538848876953125,58.5,59.0,7.775
1765486207.0441628,98,26,30,19,27,3.6538848876953125,58.5,59.0,7.775
1765486207.245228,99,23,45,15,32,3.6536407470703125,58.0,59.0,7.627
1765486207.4471893,99,23,45,15,32,3.6536407470703125,58.0,59.0,7.627
1765486207.6491501,99,23,45,15,32,3.6536407470703125,58.0,59.0,7.627
1765486207.8504336,99,30,28,16,18,3.653400421142578,58.0,58.5,7.091
1765486208.0517244,99,30,28,16,18,3.653400421142578,58.0,58.5,7.091
1765486208.2528539,99,40,28,27,60,3.6534652709960938,58.0,58.5,7.627
1765486208.4544368,99,40,28,27,60,3.6534652709960938,58.0,58.5,7.627
1765486208.6559644,99,40,28,27,60,3.6534652709960938,58.0,58.5,7.627
1765486208.8574986,99,26,28,30,34,3.6541709899902344,58.5,59.0,8.12
1765486209.0588846,99,26,28,30,34,3.6541709899902344,58.5,59.0,8.12
1765486209.2600496,99,40,25,24,37,3.6531219482421875,58.0,59.0,7.507
1765486209.4611776,99,40,25,24,37,3.6531219482421875,58.0,59.0,7.507
1765486209.6624582,99,40,25,24,37,3.6531219482421875,58.0,59.0,7.507
1765486209.8652194,98,24,33,25,31,3.653533935546875,58.0,58.5,7.36
1765486210.066684,98,24,33,25,31,3.653533935546875,58.0,58.5,7.36
1765486210.2675815,99,29,32,28,45,3.652942657470703,57.5,59.0,7.428
1765486210.469144,99,29,32,28,45,3.652942657470703,57.5,59.0,7.428
1765486210.6704416,99,29,32,28,45,3.652942657470703,57.5,59.0,7.428
1765486210.8717496,99,19,44,21,19,3.654438018798828,58.0,59.0,8.2
1765486211.072826,99,19,44,21,19,3.654438018798828,58.0,59.0,8.2
1765486211.2740548,99,34,20,28,42,3.6533432006835938,58.0,60.0,7.24
1765486211.475016,99,34,20,28,42,3.6533432006835938,58.0,60.0,7.24
1765486211.6770294,99,34,20,28,42,3.6533432006835938,58.0,60.0,7.24
1765486211.8794625,99,30,22,30,48,3.6536216735839844,58.0,58.5,7.08
1765486212.0807126,99,30,22,30,48,3.6536216735839844,58.0,58.5,7.08
1765486212.281961,99,32,34,41,34,3.6532630920410156,58.0,59.5,7.28
1765486212.4829862,99,32,34,41,34,3.6532630920410156,58.0,59.5,7.28
1765486212.68475,99,32,34,41,34,3.6532630920410156,58.0,59.5,7.28
1765486212.8859255,99,18,24,44,24,3.6535720825195312,58.0,58.5,7.547
1765486213.0881371,99,18,24,44,24,3.6535720825195312,58.0,58.5,7.547
1765486213.2897213,71,38,30,20,25,3.653484344482422,58.0,59.5,6.269
1765486213.4907334,71,38,30,20,25,3.653484344482422,58.0,59.5,6.269
1765486213.6922705,71,38,30,20,25,3.653484344482422,58.0,59.5,6.269
1765486213.8943164,99,30,20,53,26,3.6535720825195312,58.0,58.5,7.36
1765486214.0972242,99,30,20,53,26,3.6535720825195312,58.0,58.5,7.36
1765486214.2996793,9,36,30,26,29,3.6538963317871094,57.5,59.0,5.451
1765486214.5007122,9,36,30,26,29,3.6538963317871094,57.5,59.0,5.451
1765486214.7027805,9,36,30,26,29,3.6538963317871094,57.5,59.0,5.451
1765486214.904216,99,26,52,18,22,3.653156280517578,58.0,58.0,6.77
1765486215.106272,99,26,52,18,22,3.653156280517578,58.0,58.0,6.77
1765486215.309754,99,26,52,18,22,3.653156280517578,58.0,58.0,6.77
1765486215.5109138,73,34,28,23,27,3.653545379638672,57.5,58.0,4.706
1765486215.7120092,73,34,28,23,27,3.653545379638672,57.5,58.0,4.706
1765486215.915745,99,37,33,56,26,3.6535415649414062,58.0,58.5,6.821
1765486216.1180403,99,37,33,56,26,3.6535415649414062,58.0,58.5,6.821
1765486216.3192852,99,37,33,56,26,3.6535415649414062,58.0,58.5,6.821
1765486216.5204194,32,28,30,28,26,3.654003143310547,57.5,59.0,5.29
1765486216.721925,32,28,30,28,26,3.654003143310547,57.5,59.0,5.29
1765486216.9231675,99,26,28,57,24,3.6533126831054688,58.0,58.0,6.971
1765486217.1245008,99,26,28,57,24,3.6533126831054688,58.0,58.0,6.971
1765486217.3257232,99,26,28,57,24,3.6533126831054688,58.0,58.0,6.971
1765486217.5268247,24,30,25,39,24,3.6533851623535156,57.5,58.5,4.78
1765486217.7278192,24,30,25,39,24,3.6533851623535156,57.5,58.5,4.78
1765486217.9297328,99,25,37,59,29,3.653533935546875,58.5,58.5,7.468
1765486218.1313276,99,25,37,59,29,3.653533935546875,58.5,58.5,7.468
1765486218.3325155,99,25,37,59,29,3.653533935546875,58.5,58.5,7.468
1765486218.5335114,0,25,16,25,14,3.6534156799316406,57.5,59.0,4.699
1765486218.7348151,0,25,16,25,14,3.6534156799316406,57.5,59.0,4.699
1765486218.9365416,99,65,25,26,26,3.653972625732422,58.5,58.5,7.011
1765486219.1380544,99,65,25,26,26,3.653972625732422,58.5,58.5,7.011
1765486219.3408518,99,65,25,26,26,3.653972625732422,58.5,58.5,7.011
1765486219.5425231,99,23,27,24,21,3.6544418334960938,58.5,58.5,6.31
1765486219.7437947,99,23,27,24,21,3.6544418334960938,58.5,58.5,6.31
1765486219.9451113,99,44,34,61,30,3.6544418334960938,58.5,59.5,8.12
1765486220.1475375,99,44,34,61,30,3.6544418334960938,58.5,59.5,8.12
1765486220.3501282,99,44,34,61,30,3.6544418334960938,58.5,59.5,8.12
1765486220.5513132,99,14,16,22,15,3.6539688110351562,58.0,58.5,6.511
1765486220.7523487,99,14,16,22,15,3.6539688110351562,58.0,58.5,6.511
1765486220.9538093,99,30,40,34,59,3.6543121337890625,58.5,58.5,7.627
1765486221.1549726,99,30,40,34,59,3.6543121337890625,58.5,58.5,7.627
1765486221.3564901,99,30,40,34,59,3.6543121337890625,58.5,58.5,7.627
1765486221.5581455,98,25,20,21,20,3.6541976928710938,58.0,58.5,6.701
1765486221.759277,98,25,20,21,20,3.6541976928710938,58.0,58.5,6.701
1765486221.9601893,99,29,64,32,29,3.6550140380859375,58.5,59.0,8.359
1765486222.1620347,99,29,64,32,29,3.6550140380859375,58.5,59.0,8.359
1765486222.363623,99,29,64,32,29,3.6550140380859375,58.5,59.0,8.359
1765486222.5655696,99,19,13,24,15,3.6541976928710938,58.5,58.5,6.621
1765486222.7667272,99,19,13,24,15,3.6541976928710938,58.5,58.5,6.621
1765486222.9676583,99,32,74,28,26,3.6544113159179688,58.0,59.0,7.735
1765486223.1703296,99,32,74,28,26,3.6544113159179688,58.0,59.0,7.735
1765486223.3717802,99,32,74,28,26,3.6544113159179688,58.0,59.0,7.735
1765486223.5732515,99,26,21,25,21,3.654430389404297,58.5,58.5,7.814
1765486223.7860541,99,26,21,25,21,3.654430389404297,58.5,58.5,7.814
1765486223.9871776,98,35,23,26,62,3.6545791625976562,58.5,59.0,8.12
1765486224.1880965,98,35,23,26,62,3.6545791625976562,58.5,59.0,8.12
1765486224.3915923,98,35,23,26,62,3.6545791625976562,58.5,59.0,8.12
1765486224.5950577,99,23,16,20,21,3.6540756225585938,58.0,58.5,7.2
1765486224.7967606,99,23,16,20,21,3.6540756225585938,58.0,58.5,7.2
1765486224.9978366,99,23,16,20,21,3.6540756225585938,58.0,58.5,7.2
1765486225.1994944,99,31,32,32,66,3.654224395751953,58.5,58.5,7.667
1765486225.4008567,99,31,32,32,66,3.654224395751953,58.5,58.5,7.667
1765486225.6029522,98,26,30,30,22,3.654815673828125,58.5,59.0,7.547
1765486225.8041258,98,26,30,30,22,3.654815673828125,58.5,59.0,7.547
1765486226.0052123,98,26,30,30,22,3.654815673828125,58.5,59.0,7.547
1765486226.2064958,99,19,23,50,38,3.6540756225585938,58.0,59.5,7.587
1765486226.4087744,99,19,23,50,38,3.6540756225585938,58.0,59.5,7.587
1765486226.610472,99,26,33,21,26,3.654193878173828,58.5,58.5,6.891
1765486226.8114922,99,26,33,21,26,3.654193878173828,58.5,58.5,6.891
1765486227.0124013,99,26,33,21,26,3.654193878173828,58.5,58.5,6.891
1765486227.2138777,99,39,36,29,49,3.6539840698242188,58.5,58.5,7.707
1765486227.4160094,99,39,36,29,49,3.6539840698242188,58.5,58.5,7.707
1765486227.6173813,99,21,25,17,32,3.654998779296875,58.5,59.0,8.041
1765486227.8182225,99,21,25,17,32,3.654998779296875,58.5,59.0,8.041
1765486228.0192392,99,21,25,17,32,3.654998779296875,58.5,59.0,8.041
1765486228.2202215,99,26,47,31,22,3.6546897888183594,58.5,58.5,7.507
1765486228.421408,99,26,47,31,22,3.6546897888183594,58.5,58.5,7.507
1765486228.6237793,99,23,21,25,38,3.6544189453125,58.0,58.5,7.12
1765486228.824948,99,23,21,25,38,3.6544189453125,58.0,58.5,7.12
1765486229.0262349,99,23,21,25,38,3.6544189453125,58.0,58.5,7.12
1765486229.2273223,99,31,41,42,45,3.654285430908203,58.0,59.0,8.12
1765486229.4298067,99,31,41,42,45,3.654285430908203,58.0,59.0,8.12
1765486229.631025,99,14,37,14,18,3.6544647216796875,59.0,59.0,7.547
1765486229.8328464,99,14,37,14,18,3.6544647216796875,59.0,59.0,7.547
1765486230.0340586,99,14,37,14,18,3.6544647216796875,59.0,59.0,7.547
1765486230.2351396,99,39,20,40,28,3.654022216796875,58.0,59.0,7.468
1765486230.4364257,99,39,20,40,28,3.654022216796875,58.0,59.0,7.468
1765486230.6379461,99,20,20,49,16,3.6544151306152344,58.5,58.5,7.547
1765486230.8389666,99,20,20,49,16,3.6544151306152344,58.5,58.5,7.547
1765486231.0400527,99,20,20,49,16,3.6544151306152344,58.5,58.5,7.547
1765486231.241125,99,39,36,34,29,3.6546783447265625,58.0,59.5,7.854
1765486231.443385,99,39,36,34,29,3.6546783447265625,58.0,59.5,7.854
1765486231.644565,99,21,16,36,20,3.654071807861328,59.0,59.0,7.507
1765486231.8456538,99,21,16,36,20,3.654071807861328,59.0,59.0,7.507
1765486232.0504797,99,21,16,36,20,3.654071807861328,59.0,59.0,7.507
1765486232.251577,99,31,45,28,36,3.6547279357910156,58.0,60.0,7.24
1765486232.4527092,99,31,45,28,36,3.6547279357910156,58.0,60.0,7.24
1765486232.65458,99,18,25,24,48,3.6546783447265625,58.5,58.5,7.428
1765486232.8574464,99,18,25,24,48,3.6546783447265625,58.5,58.5,7.428
1765486233.0597055,99,18,25,24,48,3.6546783447265625,58.5,58.5,7.428
1765486233.2607646,99,30,36,29,30,3.6548728942871094,58.0,60.5,7.32
1765486233.4619606,99,30,36,29,30,3.6548728942871094,58.0,60.5,7.32
1765486233.663338,99,28,28,42,22,3.6540565490722656,58.0,58.5,7.36
1765486233.8646119,99,28,28,42,22,3.6540565490722656,58.0,58.5,7.36
1765486234.0657363,99,28,28,42,22,3.6540565490722656,58.0,58.5,7.36
1765486234.2668362,99,36,28,34,22,3.6547393798828125,58.0,60.5,6.931
1765486234.4684277,99,36,28,34,22,3.6547393798828125,58.0,60.5,6.931
1765486234.6694863,99,36,28,34,22,3.6547393798828125,58.0,60.5,6.931
1765486234.8713393,99,26,51,28,25,3.65472412109375,58.5,59.0,7.747
1765486235.0725422,99,26,51,28,25,3.65472412109375,58.5,59.0,7.747
1765486235.2754865,46,28,26,25,18,3.654163360595703,57.5,59.5,5.725
1765486235.4768596,46,28,26,25,18,3.654163360595703,57.5,59.5,5.725
1765486235.6788487,46,28,26,25,18,3.654163360595703,57.5,59.5,5.725
1765486235.8803103,99,39,45,28,34,3.654529571533203,58.5,59.0,7.091
1765486236.081331,99,39,45,28,34,3.654529571533203,58.5,59.0,7.091
1765486236.282346,64,30,27,32,28,3.6546630859375,57.5,59.5,5.572
1765486236.4836752,64,30,27,32,28,3.6546630859375,57.5,59.5,5.572
1765486236.684902,64,30,27,32,28,3.6546630859375,57.5,59.5,5.572
1765486236.8870995,99,33,17,58,26,3.6555137634277344,58.5,59.0,7.667
1765486237.0887728,99,33,17,58,26,3.6555137634277344,58.5,59.0,7.667
1765486237.2901738,1,22,16,19,22,3.654552459716797,58.0,60.0,4.975
1765486237.4912214,1,22,16,19,22,3.654552459716797,58.0,60.0,4.975
1765486237.693161,1,22,16,19,22,3.654552459716797,58.0,60.0,4.975
1765486237.8955474,99,29,35,48,38,3.654155731201172,58.0,58.5,6.701
1765486238.0967722,99,29,35,48,38,3.654155731201172,58.0,58.5,6.701
1765486238.298255,99,24,22,28,40,3.6544342041015625,57.5,58.5,5.298
1765486238.499328,99,24,22,28,40,3.6544342041015625,57.5,58.5,5.298
1765486238.700473,99,24,22,28,40,3.6544342041015625,57.5,58.5,5.298
1765486238.9022079,99,25,30,64,22,3.65631103515625,58.5,59.0,7.854
1765486239.1044354,99,25,30,64,22,3.65631103515625,58.5,59.0,7.854
1765486239.3061335,22,22,17,14,19,3.6556930541992188,57.5,58.5,4.422
1765486239.507986,22,22,17,14,19,3.6556930541992188,57.5,58.5,4.422
1765486239.7095919,22,22,17,14,19,3.6556930541992188,57.5,58.5,4.422
1765486239.9118698,99,32,46,40,45,3.655467987060547,58.0,58.5,6.701
1765486240.1134813,99,32,46,40,45,3.655467987060547,58.0,58.5,6.701
1765486240.3147912,9,27,27,28,28,3.655467987060547,58.0,60.0,5.644
1765486240.515756,9,27,27,28,28,3.655467987060547,58.0,60.0,5.644
1765486240.7172883,9,27,27,28,28,3.655467987060547,58.0,60.0,5.644
1765486240.9184759,99,22,24,53,33,3.6556739807128906,58.5,59.0,7.32
1765486241.120504,99,22,24,53,33,3.6556739807128906,58.5,59.0,7.32
1765486241.3220265,75,32,25,21,12,3.6555557250976562,58.0,58.0,4.861
1765486241.5233204,75,32,25,21,12,3.6555557250976562,58.0,58.0,4.861
1765486241.7481744,75,32,25,21,12,3.6555557250976562,58.0,58.0,4.861
1765486241.9511182,99,34,48,50,44,3.6553382873535156,58.5,58.5,7.16
1765486242.1530066,99,34,48,50,44,3.6553382873535156,58.5,58.5,7.16
1765486242.3540184,99,28,18,28,18,3.656330108642578,58.5,59.5,6.511
1765486242.5549417,99,28,18,28,18,3.656330108642578,58.5,59.5,6.511
1765486242.7567134,99,28,18,28,18,3.656330108642578,58.5,59.5,6.511
1765486242.9582856,99,29,28,20,57,3.655101776123047,59.0,59.0,7.4
1765486243.160148,99,29,28,20,57,3.655101776123047,59.0,59.0,7.4
1765486243.3618934,99,28,20,28,25,3.655712127685547,58.5,58.5,6.511
1765486243.563074,99,28,20,28,25,3.655712127685547,58.5,58.5,6.511
1765486243.7640839,99,28,20,28,25,3.655712127685547,58.5,58.5,6.511
1765486243.9669824,99,42,62,33,42,3.6552162170410156,58.5,59.0,7.894
1765486244.1692457,99,42,62,33,42,3.6552162170410156,58.5,59.0,7.894
1765486244.370672,99,20,14,21,17,3.6559715270996094,58.0,58.5,7.2
1765486244.5784733,99,20,14,21,17,3.6559715270996094,58.0,58.5,7.2
1765486244.7801068,99,20,14,21,17,3.6559715270996094,58.0,58.5,7.2
1765486244.981417,99,32,26,71,20,3.6555862426757812,58.5,58.5,7.4
1765486245.1829543,99,32,26,71,20,3.6555862426757812,58.5,58.5,7.4
1765486245.384605,98,20,28,21,14,3.655414581298828,58.5,58.5,6.741
1765486245.5860076,98,20,28,21,14,3.655414581298828,58.5,58.5,6.741
1765486245.7872503,98,20,28,21,14,3.655414581298828,58.5,58.5,6.741
1765486245.9891536,99,26,56,35,49,3.65521240234375,58.5,59.5,7.854
1765486246.1919913,99,26,56,35,49,3.65521240234375,58.5,59.5,7.854
1765486246.3932467,99,18,28,10,17,3.6551361083984375,58.5,58.5,7.011
1765486246.5942707,99,18,28,10,17,3.6551361083984375,58.5,58.5,7.011
1765486246.796938,99,18,28,10,17,3.6551361083984375,58.5,58.5,7.011
1765486246.9986818,99,42,66,35,28,3.6555633544921875,58.0,59.0,7.961
1765486247.19991,99,42,66,35,28,3.6555633544921875,58.0,59.0,7.961
1765486247.4010334,99,42,66,35,28,3.6555633544921875,58.0,59.0,7.961
1765486247.6023521,99,22,18,28,27,3.6553268432617188,58.5,59.0,7.36
1765486247.8035297,99,22,18,28,27,3.6553268432617188,58.5,59.0,7.36
1765486248.0047798,99,52,30,49,27,3.655864715576172,58.5,59.5,8.385
1765486248.2115154,99,52,30,49,27,3.655864715576172,58.5,59.5,8.385
1765486248.4130692,99,52,30,49,27,3.655864715576172,58.5,59.5,8.385
1765486248.6150382,99,22,21,10,19,3.6551971435546875,58.5,59.0,7.4
1765486248.8161228,99,22,21,10,19,3.6551971435546875,58.5,59.0,7.4
1765486249.0182972,98,31,32,34,66,3.655536651611328,58.5,58.5,7.587
1765486249.2200954,98,31,32,34,66,3.655536651611328,58.5,58.5,7.587
1765486249.4220772,98,31,32,34,66,3.655536651611328,58.5,58.5,7.587
1765486249.6231651,99,24,25,26,18,3.6554336547851562,58.0,59.0,7.28
1765486249.824139,99,24,25,26,18,3.6554336547851562,58.0,59.0,7.28
1765486250.025219,99,37,30,51,24,3.6561622619628906,58.5,60.0,8.28
1765486250.227389,99,37,30,51,24,3.6561622619628906,58.5,60.0,8.28
1765486250.4287674,99,37,30,51,24,3.6561622619628906,58.5,60.0,8.28
1765486250.6304767,99,26,31,14,21,3.655670166015625,58.0,59.5,7.2
1765486250.831504,99,26,31,14,21,3.655670166015625,58.0,59.5,7.2
1765486251.032466,99,27,30,26,64,3.6559600830078125,58.5,59.0,7.627
1765486251.2346203,99,27,30,26,64,3.6559600830078125,58.5,59.0,7.627
1765486251.4359105,99,27,30,26,64,3.6559600830078125,58.5,59.0,7.627
1765486251.6370523,98,33,24,28,17,3.655670166015625,58.5,59.0,7.667
1765486251.8482673,98,33,24,28,17,3.655670166015625,58.5,59.0,7.667
1765486252.0493433,99,31,26,44,19,3.6552200317382812,58.5,59.5,7.507
1765486252.25077,99,31,26,44,19,3.6552200317382812,58.5,59.5,7.507
1765486252.4540255,99,31,26,44,19,3.6552200317382812,58.5,59.5,7.507
1765486252.6560938,99,26,26,35,18,3.6555442810058594,58.5,58.5,6.891
1765486252.8575456,99,26,26,35,18,3.6555442810058594,58.5,58.5,6.891
1765486253.058642,99,61,27,33,26,3.655193328857422,58.5,59.5,7.587
1765486253.2605128,99,61,27,33,26,3.655193328857422,58.5,59.5,7.587
1765486253.4620242,99,61,27,33,26,3.655193328857422,58.5,59.5,7.587
1765486253.6640387,99,25,24,23,33,3.6561813354492188,58.5,59.5,8.16
1765486253.867359,99,25,24,23,33,3.6561813354492188,58.5,59.5,8.16
1765486254.0683553,99,14,26,39,26,3.6556625366210938,58.5,59.5,7.547
1765486254.2697804,99,14,26,39,26,3.6556625366210938,58.5,59.5,7.547
1765486254.472033,99,14,26,39,26,3.6556625366210938,58.5,59.5,7.547
1765486254.6734228,99,26,28,38,25,3.6556625366210938,58.5,59.0,6.931
1765486254.8745296,99,26,28,38,25,3.6556625366210938,58.5,59.0,6.931
1765486255.0755863,99,33,41,46,34,3.655426025390625,58.5,60.0,7.934
1765486255.2771404,99,33,41,46,34,3.655426025390625,58.5,60.0,7.934
1765486255.4783602,99,33,41,46,34,3.655426025390625,58.5,60.0,7.934
1765486255.6796815,99,23,18,38,16,3.656085968017578,58.5,59.5,8.014
1765486255.8808174,99,23,18,38,16,3.656085968017578,58.5,59.5,8.014
1765486256.0820854,99,28,28,28,45,3.6555137634277344,58.0,59.5,7.32
1765486256.2831044,99,28,28,28,45,3.6555137634277344,58.0,59.5,7.32
1765486256.4851794,99,28,28,28,45,3.6555137634277344,58.0,59.5,7.32
1765486256.687447,99,22,42,24,26,3.6557769775390625,58.5,59.0,7.32
1765486256.88889,99,22,42,24,26,3.6557769775390625,58.5,59.0,7.32
1765486257.090442,99,31,32,32,39,3.6553192138671875,58.5,59.5,7.32
1765486257.2933533,99,31,32,32,39,3.6553192138671875,58.5,59.5,7.32
1765486257.4965837,99,31,32,32,39,3.6553192138671875,58.5,59.5,7.32
1765486257.6988943,99,20,47,19,16,3.6553268432617188,58.5,58.5,7.16
1765486257.900329,99,20,47,19,16,3.6553268432617188,58.5,58.5,7.16
1765486258.1068764,99,38,25,25,31,3.6554908752441406,57.5,60.0,5.998
1765486258.3085916,99,38,25,25,31,3.6554908752441406,57.5,60.0,5.998
1765486258.5103114,99,38,25,25,31,3.6554908752441406,57.5,60.0,5.998
1765486258.7131371,99,56,30,22,14,3.6562423706054688,59.0,59.0,7.28
1765486258.9152393,99,56,30,22,14,3.6562423706054688,59.0,59.0,7.28
1765486259.1164012,62,34,26,29,24,3.6575164794921875,58.5,59.5,5.492
1765486259.3174806,62,34,26,29,24,3.6575164794921875,58.5,59.5,5.492
1765486259.5192244,62,34,26,29,24,3.6575164794921875,58.5,59.5,5.492
1765486259.7205317,99,22,24,57,23,3.6569480895996094,58.5,59.0,6.971
1765486259.9222217,99,22,24,57,23,3.6569480895996094,58.5,59.0,6.971
1765486260.1233165,99,22,24,57,23,3.6569480895996094,58.5,59.0,6.971
1765486260.3244262,24,30,30,28,21,3.6568641662597656,58.0,59.0,4.82
1765486260.5255141,24,30,30,28,21,3.6568641662597656,58.0,59.0,4.82
1765486260.7275999,99,30,42,32,54,3.657421112060547,58.5,59.0,7.24
1765486260.9290895,99,30,42,32,54,3.657421112060547,58.5,59.0,7.24
1765486261.1300588,99,30,42,32,54,3.657421112060547,58.5,59.0,7.24
1765486261.3312883,98,23,18,20,20,3.6579856872558594,58.5,58.5,6.39
1765486261.5324059,98,23,18,20,20,3.6579856872558594,58.5,58.5,6.39
1765486261.7341485,99,26,34,68,29,3.6574172973632812,58.5,59.0,7.507
1765486261.9354863,99,26,34,68,29,3.6574172973632812,58.5,59.0,7.507
1765486262.1374812,99,26,34,68,29,3.6574172973632812,58.5,59.0,7.507
1765486262.34012,99,23,19,22,22,3.65789794921875,58.5,59.0,6.931
1765486262.5411525,99,23,19,22,22,3.65789794921875,58.5,59.0,6.931
1765486262.7427275,99,37,57,34,43,3.658000946044922,58.5,59.5,8.24
1765486262.9449255,99,37,57,34,43,3.658000946044922,58.5,59.5,8.24
1765486263.1474051,99,37,57,34,43,3.658000946044922,58.5,59.5,8.24
1765486263.3486946,98,19,17,26,12,3.6573219299316406,58.5,59.0,6.781
1765486263.5498824,98,19,17,26,12,3.6573219299316406,58.5,59.0,6.781
1765486263.7510767,99,30,64,38,30,3.6579971313476562,58.5,59.0,7.814
1765486263.9522672,99,30,64,38,30,3.6579971313476562,58.5,59.0,7.814
1765486264.154467,99,30,64,38,30,3.6579971313476562,58.5,59.0,7.814
1765486264.3566484,99,26,21,22,19,3.6580429077148438,59.0,59.0,6.821
1765486264.5580165,99,26,21,22,19,3.6580429077148438,59.0,59.0,6.821
1765486264.7589223,99,20,72,32,22,3.6590652465820312,58.5,59.5,8.12
1765486264.9609704,99,20,72,32,22,3.6590652465820312,58.5,59.5,8.12
1765486265.1635303,99,20,72,32,22,3.6590652465820312,58.5,59.5,8.12
1765486265.3648844,99,21,18,22,16,3.6580581665039062,59.0,58.5,7.011
1765486265.5660777,99,21,18,22,16,3.6580581665039062,59.0,58.5,7.011
1765486265.7670383,98,47,31,54,31,3.6580734252929688,59.0,59.5,7.587
1765486265.96857,98,47,31,54,31,3.6580734252929688,59.0,59.5,7.587
1765486266.1699104,98,47,31,54,31,3.6580734252929688,59.0,59.5,7.587
1765486266.3720493,99,29,30,21,23,3.6581153869628906,58.5,59.0,7.775
1765486266.5734057,99,29,30,21,23,3.6581153869628906,58.5,59.0,7.775
1765486266.774298,99,24,20,22,64,3.6585617065429688,59.0,59.5,8.081
1765486266.9761496,99,24,20,22,64,3.6585617065429688,59.0,59.5,8.081
1765486267.1785553,99,24,20,22,64,3.6585617065429688,59.0,59.5,8.081
1765486267.3798013,99,25,16,22,23,3.6582374572753906,59.0,59.0,7.08
1765486267.5811176,99,25,16,22,23,3.6582374572753906,59.0,59.0,7.08
1765486267.7822948,99,27,48,64,32,3.657867431640625,58.5,60.0,7.894
1765486267.984288,99,27,48,64,32,3.657867431640625,58.5,60.0,7.894
1765486268.185848,99,27,48,64,32,3.657867431640625,58.5,60.0,7.894
1765486268.3876586,99,25,22,25,30,3.658977508544922,58.5,59.0,7.4
1765486268.5888658,99,25,22,25,30,3.658977508544922,58.5,59.0,7.4
1765486268.7901082,99,30,23,24,56,3.657764434814453,58.5,59.0,7.44
1765486268.9914346,99,30,23,24,56,3.657764434814453,58.5,59.0,7.44
1765486269.194364,99,30,23,24,56,3.657764434814453,58.5,59.0,7.44
1765486269.3965588,99,25,23,31,27,3.6579132080078125,59.0,59.0,7.32
1765486269.597843,99,25,23,31,27,3.6579132080078125,59.0,59.0,7.32
1765486269.7988834,99,25,23,31,27,3.6579132080078125,59.0,59.0,7.32
1765486269.9998903,99,35,26,35,57,3.657512664794922,58.5,59.0,7.507
1765486270.2009609,99,35,26,35,57,3.657512664794922,58.5,59.0,7.507
1765486270.402529,99,26,20,34,24,3.6585044860839844,59.0,59.0,7.428
1765486270.6035175,99,26,20,34,24,3.6585044860839844,59.0,59.0,7.428
1765486270.8045998,99,26,20,34,24,3.6585044860839844,59.0,59.0,7.428
1765486271.0058632,99,29,35,36,25,3.6581192016601562,58.5,59.0,7.667
1765486271.207947,99,29,35,36,25,3.6581192016601562,58.5,59.0,7.667
1765486271.4106286,99,30,34,28,22,3.65838623046875,59.0,59.5,7.44
1765486271.6119618,99,30,34,28,22,3.65838623046875,59.0,59.5,7.44
1765486271.8129306,99,30,34,28,22,3.65838623046875,59.0,59.5,7.44
1765486272.0141041,0,47,35,31,29,3.6580963134765625,57.5,61.5,4.82
1765486272.2155702,0,47,35,31,29,3.6580963134765625,57.5,61.5,4.82
1765486272.4169326,99,60,24,14,10,3.659442901611328,58.5,59.0,7.24
1765486272.6193268,99,60,24,14,10,3.659442901611328,58.5,59.0,7.24
1765486272.820558,99,60,24,14,10,3.659442901611328,58.5,59.0,7.24
1765486273.0217967,97,35,19,20,19,3.6591110229492188,58.0,59.0,5.411
1765486273.2227657,97,35,19,20,19,3.6591110229492188,58.0,59.0,5.411
1765486273.4244528,99,37,30,30,55,3.6586532592773438,58.5,59.5,6.902
1765486273.6275408,99,37,30,30,55,3.6586532592773438,58.5,59.5,6.902
1765486273.828896,99,37,30,30,55,3.6586532592773438,58.5,59.5,6.902
1765486274.0312314,10,30,32,32,23,3.6595077514648438,58.0,59.5,5.056
1765486274.2322264,10,30,32,32,23,3.6595077514648438,58.0,59.5,5.056
1765486274.4333253,99,26,21,57,16,3.6593017578125,58.5,59.0,7.091
1765486274.6344678,99,26,21,57,16,3.6593017578125,58.5,59.0,7.091
1765486274.8375597,99,26,21,57,16,3.6593017578125,58.5,59.0,7.091
1765486275.0392563,12,21,28,26,20,3.6594200134277344,58.0,59.0,4.739
1765486275.2403293,12,21,28,26,20,3.6594200134277344,58.0,59.0,4.739
1765486275.442124,99,33,44,60,27,3.6599960327148438,59.0,59.5,7.011
1765486275.6443887,99,33,44,60,27,3.6599960327148438,59.0,59.5,7.011
1765486275.8458498,99,33,44,60,27,3.6599960327148438,59.0,59.5,7.011
1765486276.046835,99,16,24,22,14,3.660633087158203,58.5,59.5,6.971
1765486276.2477767,99,16,24,22,14,3.660633087158203,58.5,59.5,6.971
1765486276.4493544,99,18,68,23,20,3.6600608825683594,59.0,59.5,7.814
1765486276.6508186,99,18,68,23,20,3.6600608825683594,59.0,59.5,7.814
1765486276.852117,99,18,68,23,20,3.6600608825683594,59.0,59.5,7.814
1765486277.0532937,98,26,20,22,21,3.6603660583496094,59.0,59.0,6.701
1765486277.2545497,98,26,20,22,21,3.6603660583496094,59.0,59.0,6.701
1765486277.455838,99,52,34,36,44,3.660327911376953,59.0,59.5,7.854
1765486277.6580431,99,52,34,36,44,3.660327911376953,59.0,59.5,7.854
1765486277.8595765,99,52,34,36,44,3.660327911376953,59.0,59.5,7.854
1765486278.060565,99,24,18,18,22,3.661205291748047,59.0,59.0,7.4
1765486278.261664,99,24,18,18,22,3.661205291748047,59.0,59.0,7.4
1765486278.4626713,99,36,22,62,25,3.660797119140625,59.0,59.5,7.388
1765486278.6637492,99,36,22,62,25,3.660797119140625,59.0,59.5,7.388
1765486278.8654256,99,36,22,62,25,3.660797119140625,59.0,59.5,7.388
1765486279.066681,99,20,25,25,16,3.6613311767578125,59.0,59.0,7.011
1765486279.2677734,99,20,25,25,16,3.6613311767578125,59.0,59.0,7.011
1765486279.4688141,99,20,25,25,16,3.6613311767578125,59.0,59.0,7.011
1765486279.6700835,99,36,40,34,54,3.6628265380859375,58.5,60.5,8.425
1765486279.8714535,99,36,40,34,54,3.6628265380859375,58.5,60.5,8.425
1765486280.0726666,99,19,23,16,12,3.6616134643554688,59.0,59.5,7.4
1765486280.274054,99,19,23,16,12,3.6616134643554688,59.0,59.5,7.4
1765486280.4750452,99,19,23,16,12,3.6616134643554688,59.0,59.5,7.4
1765486280.6770215,98,66,35,31,28,3.661834716796875,58.5,60.5,7.587
1765486280.8785417,98,66,35,31,28,3.661834716796875,58.5,60.5,7.587
1765486281.0806723,99,26,24,21,17,3.6626968383789062,58.5,59.0,7.28
1765486281.2820342,99,26,24,21,17,3.6626968383789062,58.5,59.0,7.28
1765486281.4832335,99,26,24,21,17,3.6626968383789062,58.5,59.0,7.28
1765486281.6852756,98,36,30,55,29,3.6629638671875,59.0,60.0,8.28
1765486281.8876245,98,36,30,55,29,3.6629638671875,59.0,60.0,8.28
1765486282.089248,99,21,14,26,14,3.66229248046875,58.5,59.5,7.2
1765486282.2906785,99,21,14,26,14,3.66229248046875,58.5,59.5,7.2
1765486282.4918253,99,21,14,26,14,3.66229248046875,58.5,59.5,7.2
1765486282.6929102,99,40,38,48,44,3.6629676818847656,59.0,60.5,7.934
1765486282.8943415,99,40,38,48,44,3.6629676818847656,59.0,60.5,7.934
1765486283.0960367,98,18,24,27,25,3.6632957458496094,58.5,59.5,7.44
1765486283.2970738,98,18,24,27,25,3.6632957458496094,58.5,59.5,7.44
1765486283.4980707,98,18,24,27,25,3.6632957458496094,58.5,59.5,7.44
1765486283.6989412,99,28,32,24,46,3.6641998291015625,59.0,60.0,7.775
1765486283.9000018,99,28,32,24,46,3.6641998291015625,59.0,60.0,7.775
1765486284.102595,98,30,22,30,25,3.6638336181640625,59.0,59.0,6.931
1765486284.3038383,98,30,22,30,25,3.6638336181640625,59.0,59.0,6.931
1765486284.5048366,98,30,22,30,25,3.6638336181640625,59.0,59.0,6.931
1765486284.7067986,99,28,42,32,58,3.6634140014648438,58.5,59.5,7.695
1765486284.908042,99,28,42,32,58,3.6634140014648438,58.5,59.5,7.695
1765486285.1090927,99,20,17,27,35,3.6641273498535156,59.0,59.5,7.747
1765486285.3100965,99,20,17,27,35,3.6641273498535156,59.0,59.5,7.747
1765486285.511204,99,20,17,27,35,3.6641273498535156,59.0,59.5,7.747
1765486285.7121618,99,41,30,26,29,3.663532257080078,58.5,60.0,7.428
1765486285.9141834,99,41,30,26,29,3.663532257080078,58.5,60.0,7.428
1765486286.115691,99,27,25,21,34,3.6643600463867188,59.0,59.5,7.131
1765486286.3167343,99,27,25,21,34,3.6643600463867188,59.0,59.5,7.131
1765486286.5201356,99,27,25,21,34,3.6643600463867188,59.0,59.5,7.131
1765486286.7212927,99,40,38,38,42,3.6641693115234375,59.0,60.0,7.547
1765486286.9225252,99,40,38,38,42,3.6641693115234375,59.0,60.0,7.547
1765486287.1235743,99,18,19,25,40,3.665294647216797,59.0,59.5,7.974
1765486287.3255072,99,18,19,25,40,3.665294647216797,59.0,59.5,7.974
1765486287.5289202,99,18,19,25,40,3.665294647216797,59.0,59.5,7.974
1765486287.7301104,0,26,24,24,34,3.6648178100585938,58.0,60.5,4.739
1765486287.9314137,0,26,24,24,34,3.6648178100585938,58.0,60.5,4.739
1765486288.1327193,0,26,24,24,34,3.6648178100585938,58.0,60.5,4.739
1765486288.336387,99,54,26,23,23,3.6653671264648438,58.5,59.0,6.781
1765486288.5379455,99,54,26,23,23,3.6653671264648438,58.5,59.0,6.781
1765486288.7392468,99,32,28,25,20,3.6654014587402344,58.0,59.0,5.136
1765486288.940321,99,32,28,25,20,3.6654014587402344,58.0,59.0,5.136
1765486289.1415854,99,32,28,25,20,3.6654014587402344,58.0,59.0,5.136
1765486289.3442512,99,22,60,26,26,3.665447235107422,58.5,59.5,7.24
1765486289.548128,99,22,60,26,26,3.665447235107422,58.5,59.5,7.24
1765486289.74946,39,34,26,25,18,3.665283203125,58.0,59.5,4.861
1765486289.9511583,39,34,26,25,18,3.665283203125,58.0,59.5,4.861
1765486290.1522617,39,34,26,25,18,3.665283203125,58.0,59.5,4.861
1765486290.3544166,99,36,42,30,47,3.664966583251953,58.5,59.5,7.131
1765486290.5558782,99,36,42,30,47,3.664966583251953,58.5,59.5,7.131
1765486290.75689,26,22,32,29,24,3.6660385131835938,58.0,59.5,5.258
1765486290.9580033,26,22,32,29,24,3.6660385131835938,58.0,59.5,5.258
1765486291.159099,26,22,32,29,24,3.6660385131835938,58.0,59.5,5.258
1765486291.360187,99,57,20,22,18,3.6650466918945312,59.0,59.5,7.32
1765486291.5618463,99,57,20,22,18,3.6650466918945312,59.0,59.5,7.32
1765486291.762975,99,20,21,26,21,3.6659011840820312,58.5,59.0,6.31
1765486291.9644454,99,20,21,26,21,3.6659011840820312,58.5,59.0,6.31
1765486292.1660488,99,20,21,26,21,3.6659011840820312,58.5,59.0,6.31
1765486292.3672078,99,45,31,52,41,3.666614532470703,59.0,59.5,7.36
1765486292.570594,99,45,31,52,41,3.666614532470703,59.0,59.5,7.36
1765486292.7717338,98,26,18,18,22,3.6677398681640625,58.5,59.5,7.507
1765486292.9728663,98,26,18,18,22,3.6677398681640625,58.5,59.5,7.507
1765486293.1739285,98,26,18,18,22,3.6677398681640625,58.5,59.5,7.507
1765486293.3749921,99,32,66,24,32,3.6668319702148438,59.0,59.5,7.814
1765486293.5761812,99,32,66,24,32,3.6668319702148438,59.0,59.5,7.814
1765486293.7780614,99,22,23,24,19,3.667266845703125,59.0,59.0,6.661
1765486293.9799626,99,22,23,24,19,3.667266845703125,59.0,59.0,6.661
1765486294.1814733,99,22,23,24,19,3.667266845703125,59.0,59.0,6.661
1765486294.3825192,99,28,35,39,70,3.6674118041992188,59.0,60.0,8.24
1765486294.585417,99,28,35,39,70,3.6674118041992188,59.0,60.0,8.24
1765486294.7870042,99,20,14,16,16,3.6680641174316406,58.5,59.5,7.587
1765486294.9882703,99,20,14,16,16,3.6680641174316406,58.5,59.5,7.587
1765486295.1895301,99,20,14,16,16,3.6680641174316406,58.5,59.5,7.587
1765486295.3908453,98,66,33,36,22,3.6680030822753906,59.0,60.0,7.854
1765486295.5922348,98,66,33,36,22,3.6680030822753906,59.0,60.0,7.854
1765486295.793807,99,22,22,25,28,3.6688156127929688,59.0,59.5,7.44
1765486295.9950163,99,22,22,25,28,3.6688156127929688,59.0,59.5,7.44
1765486296.1962075,99,22,22,25,28,3.6688156127929688,59.0,59.5,7.44
1765486296.3974106,99,41,28,33,56,3.6695404052734375,59.0,60.5,8.12
1765486296.5994864,99,41,28,33,56,3.6695404052734375,59.0,60.5,8.12
1765486296.8008666,99,41,28,33,56,3.6695404052734375,59.0,60.5,8.12
1765486297.0018468,99,18,18,16,23,3.6687088012695312,58.5,59.5,6.861
1765486297.2029366,99,18,18,16,23,3.6687088012695312,58.5,59.5,6.861
1765486297.4045582,99,26,66,33,31,3.6694374084472656,59.0,59.5,7.587
1765486297.605827,99,26,66,33,31,3.6694374084472656,59.0,59.5,7.587
1765486297.8069704,99,26,66,33,31,3.6694374084472656,59.0,59.5,7.587
1765486298.0085714,98,18,19,29,28,3.6697425842285156,59.5,60.0,7.48
1765486298.2101026,98,18,19,29,28,3.6697425842285156,59.5,60.0,7.48
1765486298.411361,99,28,35,32,55,3.6703720092773438,58.5,60.0,7.894
1765486298.61343,99,28,35,32,55,3.6703720092773438,58.5,60.0,7.894
1765486298.8150897,99,28,35,32,55,3.6703720092773438,58.5,60.0,7.894
1765486299.0162416,99,28,12,28,22,3.6701011657714844,59.0,59.5,6.971
1765486299.2173765,99,28,12,28,22,3.6701011657714844,59.0,59.5,6.971
1765486299.418353,99,31,25,35,49,3.6701316833496094,59.0,60.0,7.587
1765486299.6194851,99,31,25,35,49,3.6701316833496094,59.0,60.0,7.587
1765486299.8206322,99,31,25,35,49,3.6701316833496094,59.0,60.0,7.587
1765486300.0237162,99,25,42,20,26,3.6707382202148438,59.0,60.0,8.12
1765486300.2251785,99,25,42,20,26,3.6707382202148438,59.0,60.0,8.12
1765486300.4264257,99,24,25,22,48,3.671051025390625,58.5,60.5,7.894
1765486300.6278133,99,24,25,22,48,3.671051025390625,58.5,60.5,7.894
1765486300.8301456,99,24,25,22,48,3.671051025390625,58.5,60.5,7.894
1765486301.0312,99,28,29,32,23,3.6702041625976562,59.0,59.5,7.28
1765486301.2323496,99,28,29,32,23,3.6702041625976562,59.0,59.5,7.28
1765486301.4334314,99,44,35,40,36,3.6706771850585938,59.0,60.5,7.775
1765486301.6345804,99,44,35,40,36,3.6706771850585938,59.0,60.5,7.775
1765486301.835849,99,44,35,40,36,3.6706771850585938,59.0,60.5,7.775
1765486302.0380836,98,26,45,24,22,3.671581268310547,59.5,60.5,8.28
1765486302.239467,98,26,45,24,22,3.671581268310547,59.5,60.5,8.28
1765486302.4442394,99,34,21,26,35,3.670398712158203,59.0,60.0,7.091
1765486302.6460176,99,34,21,26,35,3.670398712158203,59.0,60.0,7.091
1765486302.848021,99,34,21,26,35,3.670398712158203,59.0,60.0,7.091
1765486303.050262,99,28,40,26,22,3.670825958251953,59.0,59.0,7.428
1765486303.2512927,99,28,40,26,22,3.670825958251953,59.0,59.0,7.428
1765486303.4524066,99,36,36,27,35,3.670928955078125,58.5,61.5,6.77
1765486303.6537724,99,36,36,27,35,3.670928955078125,58.5,61.5,6.77
1765486303.8550107,99,36,36,27,35,3.670928955078125,58.5,61.5,6.77
1765486304.0565426,99,50,16,19,13,3.672100067138672,59.0,60.0,7.854
1765486304.2581947,99,50,16,19,13,3.672100067138672,59.0,60.0,7.854
1765486304.459386,0,38,26,23,17,3.6711654663085938,58.0,59.5,4.503
1765486304.6604466,0,38,26,23,17,3.6711654663085938,58.0,59.5,4.503
1765486304.8623667,0,38,26,23,17,3.6711654663085938,58.0,59.5,4.503
1765486305.065332,99,41,25,27,49,3.6714019775390625,59.0,59.5,6.85
1765486305.2676468,99,41,25,27,49,3.6714019775390625,59.0,59.5,6.85
1765486305.4690223,99,37,27,29,20,3.6714019775390625,58.5,59.5,5.209
1765486305.670542,99,37,27,29,20,3.6714019775390625,58.5,59.5,5.209
1765486305.8718233,99,37,27,29,20,3.6714019775390625,58.5,59.5,5.209
1765486306.0728762,99,25,62,22,18,3.672332763671875,59.0,59.5,7.011
1765486306.275274,99,25,62,22,18,3.672332763671875,59.0,59.5,7.011
1765486306.4764795,69,26,22,16,14,3.672435760498047,58.5,59.0,5.217
1765486306.6777759,69,26,22,16,14,3.672435760498047,58.5,59.0,5.217
1765486306.8788297,69,26,22,16,14,3.672435760498047,58.5,59.0,5.217
1765486307.080775,99,40,46,41,47,3.6725845336914062,59.0,60.0,7.468
1765486307.2830002,99,40,46,41,47,3.6725845336914062,59.0,60.0,7.468
1765486307.4841688,99,26,24,24,24,3.6737937927246094,59.0,59.5,7.131
1765486307.6851401,99,26,24,24,24,3.6737937927246094,59.0,59.5,7.131
1765486307.8862944,99,26,24,24,24,3.6737937927246094,59.0,59.5,7.131
1765486308.0877414,99,20,32,30,50,3.6729965209960938,59.0,60.0,7.547
1765486308.2891,99,20,32,30,50,3.6729965209960938,59.0,60.0,7.547
1765486308.4902966,99,20,32,30,50,3.6729965209960938,59.0,60.0,7.547
1765486308.691439,99,21,25,25,21,3.673023223876953,59.0,59.0,6.81
1765486308.8926384,99,21,25,25,21,3.673023223876953,59.0,59.0,6.81
1765486309.0947907,99,42,34,36,48,3.673236846923828,59.0,59.5,7.587
1765486309.2968104,99,42,34,36,48,3.673236846923828,59.0,59.5,7.587
1765486309.4993706,99,42,34,36,48,3.673236846923828,59.0,59.5,7.587
1765486309.7004116,98,27,25,12,21,3.6739501953125,59.5,60.0,7.32
1765486309.9014828,98,27,25,12,21,3.6739501953125,59.5,60.0,7.32
1765486310.1034763,99,27,25,28,74,3.6738433837890625,59.0,60.0,7.854
1765486310.3076124,99,27,25,28,74,3.6738433837890625,59.0,60.0,7.854
1765486310.5098987,99,27,25,28,74,3.6738433837890625,59.0,60.0,7.854
1765486310.710968,99,23,20,19,18,3.6740798950195312,59.0,59.5,6.971
1765486310.911891,99,23,20,19,18,3.6740798950195312,59.0,59.5,6.971
1765486311.1129951,99,41,54,30,37,3.674701690673828,59.0,60.0,8.24
1765486311.315459,99,41,54,30,37,3.674701690673828,59.0,60.0,8.24
1765486311.517227,99,41,54,30,37,3.674701690673828,59.0,60.0,8.24
1765486311.7184343,99,14,19,19,21,3.6742401123046875,59.0,59.0,7.44
1765486311.9194007,99,14,19,19,21,3.6742401123046875,59.0,59.0,7.44
1765486312.120966,99,42,29,65,29,3.674785614013672,59.5,60.5,7.854
1765486312.322392,99,42,29,65,29,3.674785614013672,59.5,60.5,7.854
1765486312.5245419,99,42,29,65,29,3.674785614013672,59.5,60.5,7.854
1765486312.7264943,99,22,22,16,26,3.6753196716308594,59.5,59.5,7.04
1765486312.9276254,99,22,22,16,26,3.6753196716308594,59.5,59.5,7.04
1765486313.1328838,99,52,38,32,31,3.6764297485351562,59.0,60.0,8.001
1765486313.335139,99,52,38,32,31,3.6764297485351562,59.0,60.0,8.001
1765486313.5375307,99,52,38,32,31,3.6764297485351562,59.0,60.0,8.001
1765486313.738997,99,29,21,13,18,3.675731658935547,59.0,59.5,6.971
1765486313.940005,99,29,21,13,18,3.675731658935547,59.0,59.5,6.971
1765486314.141161,99,44,22,48,42,3.6756210327148438,59.0,59.5,7.428
1765486314.3425076,99,44,22,48,42,3.6756210327148438,59.0,59.5,7.428
1765486314.544376,99,44,22,48,42,3.6756210327148438,59.0,59.5,7.428
1765486314.7476661,99,27,26,22,24,3.6762428283691406,59.5,59.5,7.44
1765486314.9488916,99,27,26,22,24,3.6762428283691406,59.5,59.5,7.44
1765486315.1505089,99,30,29,43,28,3.6775550842285156,59.5,60.0,8.041
1765486315.3517025,99,30,29,43,28,3.6775550842285156,59.5,60.0,8.041
1765486315.5532935,99,30,29,43,28,3.6775550842285156,59.5,60.0,8.041
1765486315.754332,99,30,34,26,20,3.6764297485351562,59.0,60.0,7.507
1765486315.9552474,99,30,34,26,20,3.6764297485351562,59.0,60.0,7.507
1765486316.1566164,99,34,53,26,30,3.6767005920410156,58.5,60.0,7.4
1765486316.3580277,99,34,53,26,30,3.6767005920410156,58.5,60.0,7.4
1765486316.5592082,99,34,53,26,30,3.6767005920410156,58.5,60.0,7.4
1765486316.7609353,98,22,42,23,19,3.677154541015625,59.0,59.5,7.587
1765486316.9622498,98,22,42,23,19,3.677154541015625,59.0,59.5,7.587
1765486317.163474,99,30,26,31,36,3.6775550842285156,59.0,60.0,7.547
1765486317.3646433,99,30,26,31,36,3.6775550842285156,59.0,60.0,7.547
1765486317.5681083,99,30,26,31,36,3.6775550842285156,59.0,60.0,7.547
1765486317.771922,99,32,22,26,35,3.6778488159179688,59.0,59.5,7.707
1765486317.9730904,99,32,22,26,35,3.6778488159179688,59.0,59.5,7.707
1765486318.1743119,99,34,41,37,33,3.6774826049804688,58.5,60.0,7.131
1765486318.3754048,99,34,41,37,33,3.6774826049804688,58.5,60.0,7.131
1765486318.5763226,99,34,41,37,33,3.6774826049804688,58.5,60.0,7.131
1765486318.7785769,99,20,25,23,45,3.6786880493164062,59.5,60.0,7.894
1765486318.9815352,99,20,25,23,45,3.6786880493164062,59.5,60.0,7.894
1765486319.1834965,99,25,26,22,32,3.6777572631835938,59.0,59.5,6.741
1765486319.3846152,99,25,26,22,32,3.6777572631835938,59.0,59.5,6.741
1765486319.5867336,99,25,26,22,32,3.6777572631835938,59.0,59.5,6.741
1765486319.7886002,99,22,30,32,43,3.6779556274414062,59.5,59.5,7.32
1765486319.9897976,99,22,30,32,43,3.6779556274414062,59.5,59.5,7.32
1765486320.1909783,99,22,30,32,43,3.6779556274414062,59.5,59.5,7.32
1765486320.392638,47,32,40,36,27,3.678314208984375,58.0,60.0,5.015
1765486320.594473,47,32,40,36,27,3.678314208984375,58.0,60.0,5.015
1765486320.7957184,99,22,60,22,29,3.6796340942382812,59.0,60.0,7.547
1765486320.9969785,99,22,60,22,29,3.6796340942382812,59.0,60.0,7.547
1765486321.1980553,99,22,60,22,29,3.6796340942382812,59.0,60.0,7.547
1765486321.3992202,99,20,23,16,27,3.6787757873535156,58.5,59.5,5.136
1765486321.600493,99,20,23,16,27,3.6787757873535156,58.5,59.5,5.136
1765486321.8037596,99,32,38,34,54,3.678905487060547,59.5,59.0,6.85
1765486322.0073285,99,32,38,34,54,3.678905487060547,59.5,59.0,6.85
1765486322.2084773,99,32,38,34,54,3.678905487060547,59.5,59.0,6.85
1765486322.4098387,13,31,25,28,19,3.6790237426757812,58.0,60.0,5.33
1765486322.6107717,13,31,25,28,19,3.6790237426757812,58.0,60.0,5.33
1765486322.811861,99,62,21,15,12,3.678802490234375,59.0,59.5,6.971
1765486323.0142303,99,62,21,15,12,3.678802490234375,59.0,59.5,6.971
1765486323.2163422,99,62,21,15,12,3.678802490234375,59.0,59.5,6.971
1765486323.4174078,26,30,24,20,24,3.6791000366210938,58.5,60.5,4.666
1765486323.6184478,26,30,24,20,24,3.6791000366210938,58.5,60.5,4.666
1765486323.8199365,99,39,29,55,36,3.679492950439453,59.0,59.5,7.16
1765486324.0233076,99,39,29,55,36,3.679492950439453,59.0,59.5,7.16
1765486324.2249482,99,39,29,55,36,3.679492950439453,59.0,59.5,7.16
1765486324.426124,99,22,28,18,24,3.6805267333984375,59.0,59.5,5.998
1765486324.6272492,99,22,28,18,24,3.6805267333984375,59.0,59.5,5.998
1765486324.8286061,99,28,17,64,27,3.6803131103515625,59.0,59.5,7.4
1765486325.0299542,99,28,17,64,27,3.6803131103515625,59.0,59.5,7.4
1765486325.232999,99,28,17,64,27,3.6803131103515625,59.0,59.5,7.4
1765486325.4342942,99,26,24,18,16,3.6807861328125,59.0,59.5,6.701
1765486325.6354682,99,26,24,18,16,3.6807861328125,59.0,59.5,6.701
1765486325.8365264,99,44,50,31,50,3.6817092895507812,59.0,59.5,7.854
1765486326.038414,99,44,50,31,50,3.6817092895507812,59.0,59.5,7.854
1765486326.2396848,99,44,50,31,50,3.6817092895507812,59.0,59.5,7.854
1765486326.4406846,98,16,16,32,18,3.6820449829101562,59.0,60.0,7.32
1765486326.6419723,98,16,16,32,18,3.6820449829101562,59.0,60.0,7.32
1765486326.8429718,99,39,29,56,19,3.6814956665039062,59.5,59.5,7.627
1765486327.0440788,99,39,29,56,19,3.6814956665039062,59.5,59.5,7.627
1765486327.246516,99,39,29,56,19,3.6814956665039062,59.5,59.5,7.627
1765486327.4478223,99,22,26,19,24,3.6818466186523438,59.5,59.5,7.011
1765486327.6489837,99,22,26,19,24,3.6818466186523438,59.5,59.5,7.011
1765486327.8501215,99,56,44,42,46,3.6829757690429688,59.0,61.0,8.306
1765486328.05204,99,56,44,42,46,3.6829757690429688,59.0,61.0,8.306
1765486328.255562,99,56,44,42,46,3.6829757690429688,59.0,61.0,8.306
1765486328.4569237,99,17,20,23,25,3.6824302673339844,59.0,60.0,7.707
1765486328.6581292,99,17,20,23,25,3.6824302673339844,59.0,60.0,7.707
1765486328.8594232,99,17,20,23,25,3.6824302673339844,59.0,60.0,7.707
1765486329.0605474,99,28,28,71,30,3.6826744079589844,59.5,61.0,7.814
1765486329.2621932,99,28,28,71,30,3.6826744079589844,59.5,61.0,7.814
1765486329.4643786,99,22,19,27,25,3.6828956604003906,59.0,60.0,7.011
1765486329.665786,99,22,19,27,25,3.6828956604003906,59.0,60.0,7.011
1765486329.8704536,99,22,19,27,25,3.6828956604003906,59.0,60.0,7.011
1765486330.0717986,99,48,37,27,37,3.684062957763672,59.5,60.0,8.054
1765486330.2742586,99,48,37,27,37,3.684062957763672,59.5,60.0,8.054
1765486330.4757414,98,23,18,25,23,3.6833763122558594,59.0,59.5,6.85
1765486330.67678,98,23,18,25,23,3.6833763122558594,59.0,59.5,6.85
1765486330.8778193,98,23,18,25,23,3.6833763122558594,59.0,59.5,6.85
1765486331.079132,99,26,58,22,36,3.683990478515625,59.0,60.0,7.36
1765486331.2803767,99,26,58,22,36,3.683990478515625,59.0,60.0,7.36
1765486331.4825485,99,26,22,20,35,3.6840858459472656,59.0,59.5,7.4
1765486331.6837409,99,26,22,20,35,3.6840858459472656,59.0,59.5,7.4
1765486331.8852055,99,26,22,20,35,3.6840858459472656,59.0,59.5,7.4
1765486332.0861506,99,39,28,37,54,3.6849441528320312,59.5,60.0,8.266
1765486332.2880723,99,39,28,37,54,3.6849441528320312,59.5,60.0,8.266
1765486332.4910307,99,27,16,26,32,3.684558868408203,59.5,59.5,7.24
1765486332.6920774,99,27,16,26,32,3.684558868408203,59.5,59.5,7.24
1765486332.8933358,99,27,16,26,32,3.684558868408203,59.5,59.5,7.24
1765486333.094467,99,30,52,31,37,3.6848297119140625,59.0,59.5,7.36
1765486333.2957165,99,30,52,31,37,3.6848297119140625,59.0,59.5,7.36
1765486333.4972706,98,37,18,27,28,3.6849899291992188,59.5,60.0,7.894
1765486333.6991541,98,37,18,27,28,3.6849899291992188,59.5,60.0,7.894
1765486333.9003794,98,37,18,27,28,3.6849899291992188,59.5,60.0,7.894
1765486334.101537,99,16,30,33,30,3.6850929260253906,59.0,60.0,7.131
1765486334.3038275,99,16,30,33,30,3.6850929260253906,59.0,60.0,7.131
1765486334.5051968,99,27,26,28,41,3.685150146484375,59.0,59.5,7.28
1765486334.7064016,99,27,26,28,41,3.685150146484375,59.0,59.5,7.28
1765486334.9073644,99,27,26,28,41,3.685150146484375,59.0,59.5,7.28
1765486335.1083636,99,33,26,39,38,3.6850318908691406,58.5,61.5,7.011
1765486335.309957,99,33,26,39,38,3.6850318908691406,58.5,61.5,7.011
1765486335.5112,99,26,52,23,25,3.6871490478515625,59.5,60.0,7.747
1765486335.7128103,99,26,52,23,25,3.6871490478515625,59.5,60.0,7.747
1765486335.9147487,99,26,52,23,25,3.6871490478515625,59.5,60.0,7.747
1765486336.116267,44,26,32,17,22,3.6862144470214844,58.5,60.5,5.806
1765486336.3174024,44,26,32,17,22,3.6862144470214844,58.5,60.5,5.806
1765486336.5183232,99,44,37,28,23,3.686553955078125,59.5,59.5,7.051
1765486336.7201252,99,44,37,28,23,3.686553955078125,59.5,59.5,7.051
1765486336.9213858,99,44,37,28,23,3.686553955078125,59.5,59.5,7.051
1765486337.1226866,49,26,28,28,28,3.687103271484375,59.0,59.5,4.901
1765486337.3238075,49,26,28,28,28,3.687103271484375,59.0,59.5,4.901
1765486337.5248058,49,26,28,28,28,3.687103271484375,59.0,59.5,4.901
1765486337.7270172,99,32,57,26,21,3.6875457763671875,59.5,60.5,7.707
1765486337.9291203,99,32,57,26,21,3.6875457763671875,59.5,60.5,7.707
1765486338.1302726,88,27,21,22,26,3.6869277954101562,58.5,59.5,4.861
1765486338.331563,88,27,21,22,26,3.6869277954101562,58.5,59.5,4.861
1765486338.5326405,88,27,21,22,26,3.6869277954101562,58.5,59.5,4.861
1765486338.7343802,99,26,46,41,32,3.6874961853027344,59.0,59.5,6.931
1765486338.935811,99,26,46,41,32,3.6874961853027344,59.0,59.5,6.931
1765486339.136819,12,27,24,28,27,3.6877975463867188,59.0,60.5,5.532
1765486339.3378353,12,27,24,28,27,3.6877975463867188,59.0,60.5,5.532
1765486339.5391123,12,27,24,28,27,3.6877975463867188,59.0,60.5,5.532
1765486339.740651,99,22,26,21,59,3.6876258850097656,59.5,59.5,7.24
1765486339.9430358,99,22,26,21,59,3.6876258850097656,59.5,59.5,7.24
1765486340.144225,99,28,25,25,14,3.687847137451172,59.0,59.0,5.249
1765486340.3454287,99,28,25,25,14,3.687847137451172,59.0,59.0,5.249
1765486340.5464761,99,28,25,25,14,3.687847137451172,59.0,59.0,5.249
1765486340.7477522,99,46,41,56,25,3.6889801025390625,59.5,60.0,7.36
1765486340.949416,99,46,41,56,25,3.6889801025390625,59.5,60.0,7.36
1765486341.1505363,99,16,23,29,18,3.6893348693847656,59.5,59.5,7.011
1765486341.3517141,99,16,23,29,18,3.6893348693847656,59.5,59.5,7.011
1765486341.5540268,99,16,23,29,18,3.6893348693847656,59.5,59.5,7.011
1765486341.7551746,99,24,64,30,26,3.688549041748047,59.5,59.5,7.44
1765486341.9567604,99,24,64,30,26,3.688549041748047,59.5,59.5,7.44
1765486342.1585205,98,24,19,24,22,3.6891403198242188,59.0,60.0,6.781
1765486342.3596528,98,24,19,24,22,3.6891403198242188,59.0,60.0,6.781
1765486342.5613163,98,24,19,24,22,3.6891403198242188,59.0,60.0,6.781
1765486342.7634737,99,60,30,35,43,3.6892471313476562,59.5,60.5,8.054
1765486342.9658515,99,60,30,35,43,3.6892471313476562,59.5,60.5,8.054
1765486343.167179,99,20,16,20,12,3.689708709716797,59.5,60.0,7.468
1765486343.36818,99,20,16,20,12,3.689708709716797,59.5,60.0,7.468
1765486343.569192,99,20,16,20,12,3.689708709716797,59.5,60.0,7.468
1765486343.7719116,99,26,32,62,24,3.6896133422851562,59.5,60.0,7.814
1765486343.9734612,99,26,32,62,24,3.6896133422851562,59.5,60.0,7.814
1765486344.1750255,99,25,29,16,27,3.689849853515625,59.5,59.5,7.547
1765486344.3766694,99,25,29,16,27,3.689849853515625,59.5,59.5,7.547
1765486344.5778317,99,25,29,16,27,3.689849853515625,59.5,59.5,7.547
1765486344.778839,99,36,37,38,49,3.690532684326172,59.0,60.5,8.319
1765486344.9801116,99,36,37,38,49,3.690532684326172,59.0,60.5,8.319
1765486345.1812572,99,20,23,16,18,3.6900596618652344,59.0,59.5,7.12
1765486345.3822823,99,20,23,16,18,3.6900596618652344,59.0,59.5,7.12
1765486345.5834005,99,20,23,16,18,3.6900596618652344,59.0,59.5,7.12
1765486345.7850785,99,26,24,66,23,3.6912612915039062,59.5,61.0,7.32
1765486345.9863503,99,26,24,66,23,3.6912612915039062,59.5,61.0,7.32
1765486346.1875794,99,26,24,66,23,3.6912612915039062,59.5,61.0,7.32
1765486346.3891037,99,29,24,32,17,3.6917343139648438,59.5,59.5,7.131
1765486346.591274,99,29,24,32,17,3.6917343139648438,59.5,59.5,7.131
1765486346.7924535,99,30,39,40,36,3.6926727294921875,59.0,60.5,8.24
1765486346.9940357,99,30,39,40,36,3.6926727294921875,59.0,60.5,8.24
1765486347.1952538,99,30,39,40,36,3.6926727294921875,59.0,60.5,8.24
1765486347.3962054,99,29,15,22,24,3.6919898986816406,59.5,60.0,7.48
1765486347.5973668,99,29,15,22,24,3.6919898986816406,59.5,60.0,7.48
1765486347.7985384,99,32,37,29,46,3.6922073364257812,59.5,60.0,7.667
1765486347.9995363,99,32,37,29,46,3.6922073364257812,59.5,60.0,7.667
1765486348.2012897,99,32,37,29,46,3.6922073364257812,59.5,60.0,7.667
1765486348.4043276,99,46,15,21,10,3.6922073364257812,59.5,60.0,7.587
1765486348.6062486,99,46,15,21,10,3.6922073364257812,59.5,60.0,7.587
1765486348.807513,99,36,35,35,34,3.6924896240234375,59.5,61.0,8.081
1765486349.0093274,99,36,35,35,34,3.6924896240234375,59.5,61.0,8.081
1765486349.2115936,99,36,35,35,34,3.6924896240234375,59.5,61.0,8.081
1765486349.4130547,99,28,20,18,31,3.6922569274902344,59.5,60.0,7.32
1765486349.61418,99,28,20,18,31,3.6922569274902344,59.5,60.0,7.32
1765486349.8152385,99,29,35,37,48,3.692089080810547,59.5,60.5,7.627
1765486350.0170414,99,29,35,37,48,3.692089080810547,59.5,60.5,7.627
1765486350.2184255,99,29,35,37,48,3.692089080810547,59.5,60.5,7.627
1765486350.4223275,99,31,18,20,38,3.6926803588867188,59.5,60.0,7.854
1765486350.623476,99,31,18,20,38,3.6926803588867188,59.5,60.0,7.854
1765486350.8247309,99,28,24,30,30,3.692829132080078,59.5,61.0,6.85
1765486351.025835,99,28,24,30,30,3.692829132080078,59.5,61.0,6.85
1765486351.227846,99,28,24,30,30,3.692829132080078,59.5,61.0,6.85
1765486351.4309082,98,40,32,31,19,3.6932907104492188,59.5,60.0,7.2
1765486351.6321597,98,40,32,31,19,3.6932907104492188,59.5,60.0,7.2
1765486351.833383,99,31,41,28,30,3.6932640075683594,59.0,62.0,6.701
1765486352.0346153,99,31,41,28,30,3.6932640075683594,59.0,62.0,6.701
1765486352.2359393,99,31,41,28,30,3.6932640075683594,59.0,62.0,6.701
1765486352.4389505,99,18,23,17,52,3.6947288513183594,59.5,60.5,7.854
1765486352.6422546,99,18,23,17,52,3.6947288513183594,59.5,60.5,7.854
1765486352.843533,1,18,32,22,31,3.6939735412597656,59.5,59.5,4.618
1765486353.044635,1,18,32,22,31,3.6939735412597656,59.5,59.5,4.618
1765486353.2477322,1,18,32,22,31,3.6939735412597656,59.5,59.5,4.618
1765486353.4506474,99,48,30,36,34,3.6940078735351562,59.5,60.0,7.131
1765486353.6530898,99,48,30,36,34,3.6940078735351562,59.5,60.0,7.131
1765486353.8541477,99,34,33,22,22,3.6939163208007812,59.0,60.0,5.451
1765486354.0551796,99,34,33,22,22,3.6939163208007812,59.0,60.0,5.451
1765486354.25657,99,34,33,22,22,3.6939163208007812,59.0,60.0,5.451
1765486354.4584777,99,26,20,60,26,3.6949539184570312,59.0,59.5,7.28
1765486354.6621783,99,26,20,60,26,3.6949539184570312,59.0,59.5,7.28
1765486354.8638506,21,24,22,25,29,3.694934844970703,58.5,60.0,4.861
1765486355.06629,21,24,22,25,29,3.694934844970703,58.5,60.0,4.861
1765486355.2676053,21,24,22,25,29,3.694934844970703,58.5,60.0,4.861
1765486355.469953,99,21,32,44,51,3.6952743530273438,59.5,60.0,7.051
1765486355.6715982,99,21,32,44,51,3.6952743530273438,59.5,60.0,7.051
1765486355.872697,0,29,26,30,30,3.6951026916503906,59.0,61.0,5.411
1765486356.0739915,0,29,26,30,30,3.6951026916503906,59.0,61.0,5.411
1765486356.2753682,0,29,26,30,30,3.6951026916503906,59.0,61.0,5.411
1765486356.4764495,99,21,60,21,18,3.6949844360351562,59.5,60.0,7.091
1765486356.678632,99,21,60,21,18,3.6949844360351562,59.5,60.0,7.091
1765486356.8798752,99,21,60,21,18,3.6949844360351562,59.5,60.0,7.091
1765486357.0809815,99,28,14,18,22,3.6957969665527344,59.5,59.5,6.199
1765486357.2820883,99,28,14,18,22,3.6957969665527344,59.5,59.5,6.199
1765486357.4839263,99,56,41,38,32,3.696269989013672,59.5,60.0,7.4
1765486357.6864483,99,56,41,38,32,3.696269989013672,59.5,60.0,7.4
1765486357.8878894,99,56,41,38,32,3.696269989013672,59.5,60.0,7.4
1765486358.0888364,99,22,28,18,28,3.696727752685547,59.5,60.5,7.4
1765486358.2898703,99,22,28,18,28,3.696727752685547,59.5,60.5,7.4
1765486358.4922082,99,22,21,31,64,3.6963233947753906,60.0,60.5,7.4
1765486358.6943266,99,22,21,31,64,3.6963233947753906,60.0,60.5,7.4
1765486358.896569,99,22,21,31,64,3.6963233947753906,60.0,60.5,7.4
1765486359.0978596,99,29,24,21,22,3.6970672607421875,59.5,60.0,7.091
1765486359.2990859,99,29,24,21,22,3.6970672607421875,59.5,60.0,7.091
1765486359.5000536,99,31,52,43,40,3.6973876953125,59.5,60.5,7.974
1765486359.7021434,99,31,52,43,40,3.6973876953125,59.5,60.5,7.974
1765486359.9034245,99,31,52,43,40,3.6973876953125,59.5,60.5,7.974
1765486360.1044438,99,16,21,18,18,3.697784423828125,59.5,60.0,7.735
1765486360.305365,99,16,21,18,18,3.697784423828125,59.5,60.0,7.735
1765486360.507082,99,71,25,30,24,3.6970291137695312,59.5,61.0,7.787
1765486360.7083433,99,71,25,30,24,3.6970291137695312,59.5,61.0,7.787
1765486360.909478,99,71,25,30,24,3.6970291137695312,59.5,61.0,7.787
1765486361.1117783,99,24,20,20,31,3.6978836059570312,59.5,60.0,7.16
1765486361.3140473,99,24,20,20,31,3.6978836059570312,59.5,60.0,7.16
1765486361.5151303,99,29,29,33,58,3.698974609375,59.0,61.0,8.081
1765486361.7179883,99,29,29,33,58,3.698974609375,59.0,61.0,8.081
1765486361.9194288,99,29,29,33,58,3.698974609375,59.0,61.0,8.081
1765486362.1205733,99,18,32,13,22,3.698619842529297,59.5,60.0,7.36
1765486362.3224537,99,18,32,13,22,3.698619842529297,59.5,60.0,7.36
1765486362.5236285,99,36,33,54,27,3.698871612548828,59.5,60.5,7.707
1765486362.7246616,99,36,33,54,27,3.698871612548828,59.5,60.5,7.707
1765486362.9269512,99,36,33,54,27,3.698871612548828,59.5,60.5,7.707
1765486363.129235,98,23,21,23,35,3.699432373046875,59.5,60.0,7.2
1765486363.3305783,98,23,21,23,35,3.699432373046875,59.5,60.0,7.2
1765486363.5316017,99,46,22,34,34,3.7006607055664062,60.0,60.5,7.974
1765486363.7329228,99,46,22,34,34,3.7006607055664062,60.0,60.5,7.974
1765486363.9357953,99,46,22,34,34,3.7006607055664062,60.0,60.5,7.974
1765486364.137211,99,31,18,26,28,3.6998329162597656,59.5,60.0,7.211
1765486364.33841,99,31,18,26,28,3.6998329162597656,59.5,60.0,7.211
1765486364.5397003,99,32,32,42,26,3.7002601623535156,59.5,60.5,7.12
1765486364.7422879,99,32,32,42,26,3.7002601623535156,59.5,60.5,7.12
1765486364.943603,99,32,32,42,26,3.7002601623535156,59.5,60.5,7.12
1765486365.1454098,99,50,10,27,27,3.7008323669433594,60.0,60.0,7.707
1765486365.3466587,99,50,10,27,27,3.7008323669433594,60.0,60.0,7.707
1765486365.5478976,99,29,22,29,35,3.7017974853515625,59.0,60.5,6.701
1765486365.7492025,99,29,22,29,35,3.7017974853515625,59.0,60.5,6.701
1765486365.9517937,99,29,22,29,35,3.7017974853515625,59.0,60.5,6.701
1765486366.1539385,99,20,32,40,24,3.701507568359375,59.5,60.0,7.32
1765486366.3554292,99,20,32,40,24,3.701507568359375,59.5,60.0,7.32
1765486366.556888,55,32,35,30,34,3.700958251953125,59.0,61.0,6.118
1765486366.7582695,55,32,35,30,34,3.700958251953125,59.0,61.0,6.118
1765486366.9595122,55,32,35,30,34,3.700958251953125,59.0,61.0,6.118
1765486367.1617484,99,41,39,25,27,3.701446533203125,60.0,60.5,7.974
1765486367.3646095,99,41,39,25,27,3.701446533203125,60.0,60.5,7.974
1765486367.5790098,99,41,39,25,27,3.701446533203125,60.0,60.5,7.974
1765486367.780228,0,30,27,16,16,3.7010765075683594,58.5,60.0,4.585
1765486367.9821556,0,30,27,16,16,3.7010765075683594,58.5,60.0,4.585
1765486368.1838713,99,33,43,41,40,3.701995849609375,60.0,60.0,6.81
1765486368.3851953,99,33,43,41,40,3.701995849609375,60.0,60.0,6.81
1765486368.5863295,99,33,43,41,40,3.701995849609375,60.0,60.0,6.81
1765486368.787399,24,27,20,28,36,3.7019004821777344,59.0,60.0,5.015
1765486368.9887516,24,27,20,28,36,3.7019004821777344,59.0,60.0,5.015
1765486369.1898952,99,26,24,58,22,3.703205108642578,60.0,60.0,7.32
1765486369.3922508,99,26,24,58,22,3.703205108642578,60.0,60.0,7.32
1765486369.5935879,99,26,24,58,22,3.703205108642578,60.0,60.0,7.32
1765486369.7948477,65,22,18,25,26,3.7022552490234375,59.0,60.5,5.015
1765486369.996421,65,22,18,25,26,3.7022552490234375,59.0,60.5,5.015
1765486370.1979365,99,50,34,36,40,3.702465057373047,59.5,60.0,7.04
1765486370.3991807,99,50,34,36,40,3.702465057373047,59.5,60.0,7.04
1765486370.6003742,99,50,34,36,40,3.702465057373047,59.5,60.0,7.04
1765486370.8015096,30,25,26,31,23,3.702136993408203,59.0,60.5,5.177
1765486371.0024798,30,25,26,31,23,3.702136993408203,59.0,60.5,5.177
1765486371.203683,99,28,62,21,22,3.7033653259277344,59.5,60.0,7.36
1765486371.4070168,99,28,62,21,22,3.7033653259277344,59.5,60.0,7.36
1765486371.608332,99,28,62,21,22,3.7033653259277344,59.5,60.0,7.36
1765486371.8099904,2,26,31,19,22,3.7031936645507812,58.5,60.5,4.699
1765486372.011164,2,26,31,19,22,3.7031936645507812,58.5,60.5,4.699
1765486372.2124429,99,50,36,25,45,3.7038497924804688,59.5,60.0,6.931
1765486372.4153714,99,50,36,25,45,3.7038497924804688,59.5,60.0,6.931
1765486372.6166184,99,50,36,25,45,3.7038497924804688,59.5,60.0,6.931
1765486372.8178744,99,27,20,29,26,3.7042884826660156,59.5,60.0,5.846
1765486373.0188305,99,27,20,29,26,3.7042884826660156,59.5,60.0,5.846
1765486373.219848,99,33,24,54,23,3.703784942626953,59.5,60.0,7.2
1765486373.421403,99,33,24,54,23,3.703784942626953,59.5,60.0,7.2
1765486373.6244738,99,33,24,54,23,3.703784942626953,59.5,60.0,7.2
1765486373.8293962,94,18,21,25,30,3.7043724060058594,59.0,60.0,6.239
1765486374.0305479,94,18,21,25,30,3.7043724060058594,59.0,60.0,6.239
1765486374.2317162,99,44,54,36,36,3.7047042846679688,59.5,60.5,7.24
1765486374.4341388,99,44,54,36,36,3.7047042846679688,59.5,60.5,7.24
1765486374.6352768,99,44,54,36,36,3.7047042846679688,59.5,60.5,7.24
1765486374.8363903,99,28,19,22,16,3.7056007385253906,59.5,60.5,7.4
1765486375.0374737,99,28,19,22,16,3.7056007385253906,59.5,60.5,7.4
1765486375.2386334,99,25,61,29,27,3.7046546936035156,60.0,60.0,7.854
1765486375.4397435,99,25,61,29,27,3.7046546936035156,60.0,60.0,7.854
1765486375.6423333,99,25,61,29,27,3.7046546936035156,60.0,60.0,7.854
1765486375.843522,98,29,20,20,10,3.7050819396972656,59.5,60.0,6.661
1765486376.0446646,98,29,20,20,10,3.7050819396972656,59.5,60.0,6.661
1765486376.2466445,99,49,36,36,55,3.705463409423828,59.5,60.5,7.735
1765486376.4484572,99,49,36,36,55,3.705463409423828,59.5,60.5,7.735
1765486376.6541193,99,49,36,36,55,3.705463409423828,59.5,60.5,7.735
1765486376.8553488,99,25,20,23,20,3.7060623168945312,59.5,61.0,7.974
1765486377.05665,99,25,20,23,20,3.7060623168945312,59.5,61.0,7.974
1765486377.2576017,99,28,64,18,33,3.706653594970703,59.5,60.0,7.814
1765486377.4586875,99,28,64,18,33,3.706653594970703,59.5,60.0,7.814
1765486377.660144,99,28,64,18,33,3.706653594970703,59.5,60.0,7.814
1765486377.8622923,99,22,25,26,22,3.707317352294922,59.5,60.0,6.77
1765486378.0635283,99,22,25,26,22,3.707317352294922,59.5,60.0,6.77
1765486378.2646353,99,22,25,26,22,3.707317352294922,59.5,60.0,6.77
1765486378.4662035,99,44,32,52,31,3.70819091796875,59.5,61.5,8.16
1765486378.6695917,99,44,32,52,31,3.70819091796875,59.5,61.5,8.16
1765486378.8712156,99,22,26,14,14,3.707447052001953,59.5,60.0,6.81
1765486379.0724318,99,22,26,14,14,3.707447052001953,59.5,60.0,6.81
1765486379.2741652,99,22,26,14,14,3.707447052001953,59.5,60.0,6.81
1765486379.47533,99,25,60,31,33,3.707244873046875,59.5,60.5,7.547
1765486379.6774588,99,25,60,31,33,3.707244873046875,59.5,60.5,7.547
1765486379.8795118,99,37,28,23,25,3.7087478637695312,59.5,60.0,7.468
1765486380.08082,99,37,28,23,25,3.7087478637695312,59.5,60.0,7.468
1765486380.2827187,99,37,28,23,25,3.7087478637695312,59.5,60.0,7.468
1765486380.4869862,99,41,35,29,33,3.7096214294433594,59.5,61.0,7.974
1765486380.6900704,99,41,35,29,33,3.7096214294433594,59.5,61.0,7.974
1765486380.8919086,98,28,32,17,24,3.7087478637695312,59.5,60.0,7.4
1765486381.0929523,98,28,32,17,24,3.7087478637695312,59.5,60.0,7.4
1765486381.2942407,98,28,32,17,24,3.7087478637695312,59.5,60.0,7.4
1765486381.49552,99,35,27,47,36,3.709217071533203,60.0,60.5,7.36
1765486381.6965687,99,35,27,47,36,3.709217071533203,60.0,60.5,7.36
1765486381.898327,99,19,31,43,23,3.7096290588378906,60.0,60.5,7.827
1765486382.101161,99,19,31,43,23,3.7096290588378906,60.0,60.5,7.827
1765486382.3030314,99,19,31,43,23,3.7096290588378906,60.0,60.5,7.827
1765486382.5041015,99,32,27,32,28,3.7098350524902344,59.5,61.0,7.627
1765486382.7063162,99,32,27,32,28,3.7098350524902344,59.5,61.0,7.627
1765486382.9079108,99,44,20,24,23,3.7096710205078125,59.5,60.5,7.428
1765486383.109057,99,44,20,24,23,3.7096710205078125,59.5,60.5,7.428
1765486383.3100038,99,44,20,24,23,3.7096710205078125,59.5,60.5,7.428
1765486383.5113235,0,30,36,31,34,3.7104225158691406,58.5,61.5,4.503
1765486383.7123194,0,30,36,31,34,3.7104225158691406,58.5,61.5,4.503
1765486383.9135675,99,22,25,48,36,3.7125396728515625,60.0,60.5,7.735
1765486384.1156292,99,22,25,48,36,3.7125396728515625,60.0,60.5,7.735
1765486384.316767,99,22,25,48,36,3.7125396728515625,60.0,60.5,7.735
1765486384.5185242,99,18,31,14,10,3.7113113403320312,59.5,60.0,5.015
1765486384.7203572,99,18,31,14,10,3.7113113403320312,59.5,60.0,5.015
1765486384.9225512,99,45,34,42,33,3.7118377685546875,60.0,60.0,7.051
1765486385.1241531,99,45,34,42,33,3.7118377685546875,60.0,60.0,7.051
1765486385.3254907,99,45,34,42,33,3.7118377685546875,60.0,60.0,7.051
1765486385.526562,22,29,24,29,28,3.7120742797851562,59.0,60.0,4.901
1765486385.7277498,22,29,24,29,28,3.7120742797851562,59.0,60.0,4.901
1765486385.9287405,99,28,29,64,26,3.7133941650390625,60.0,60.5,7.507
1765486386.1325612,99,28,29,64,26,3.7133941650390625,60.0,60.5,7.507
1765486386.3358324,99,28,29,64,26,3.7133941650390625,60.0,60.5,7.507
1765486386.5410275,0,26,19,16,22,3.7125778198242188,59.0,59.5,4.618
1765486386.7421048,0,26,19,16,22,3.7125778198242188,59.0,59.5,4.618
1765486386.9436326,99,37,56,30,47,3.7128067016601562,60.0,60.5,7.011
1765486387.1461108,99,37,56,30,47,3.7128067016601562,60.0,60.5,7.011
1765486387.347703,99,37,56,30,47,3.7128067016601562,60.0,60.5,7.011
1765486387.5488331,99,35,19,18,22,3.7129287719726562,59.0,61.0,6.35
1765486387.7500842,99,35,19,18,22,3.7129287719726562,59.0,61.0,6.35
1765486387.9511647,99,30,26,58,37,3.71368408203125,59.5,60.5,7.894
1765486388.1528795,99,30,26,58,37,3.71368408203125,59.5,60.5,7.894
1765486388.3559248,99,30,26,58,37,3.71368408203125,59.5,60.5,7.894
1765486388.5572875,99,22,25,29,16,3.7133865356445312,59.5,60.0,6.621
1765486388.758512,99,22,25,29,16,3.7133865356445312,59.5,60.0,6.621
1765486388.9594967,99,36,43,35,68,3.713787078857422,59.5,60.5,7.854
1765486389.1608691,99,36,43,35,68,3.713787078857422,59.5,60.5,7.854
1765486389.3623276,99,36,43,35,68,3.713787078857422,59.5,60.5,7.854
1765486389.5637114,99,20,29,21,25,3.7143783569335938,60.0,60.5,8.12
1765486389.7650237,99,20,29,21,25,3.7143783569335938,60.0,60.5,8.12
1765486389.9662948,99,20,29,21,25,3.7143783569335938,60.0,60.5,8.12
1765486390.1672993,99,14,21,20,70,3.7138900756835938,59.5,60.5,7.667
1765486390.3711832,99,14,21,20,70,3.7138900756835938,59.5,60.5,7.667
1765486390.5730603,99,22,29,25,29,3.713977813720703,60.0,60.0,7.011
1765486390.7742786,99,22,29,25,29,3.713977813720703,60.0,60.0,7.011
1765486390.9798498,99,22,29,25,29,3.713977813720703,60.0,60.0,7.011
1765486391.1813972,99,52,37,33,41,3.7143020629882812,59.5,61.0,7.627
1765486391.3837469,99,52,37,33,41,3.7143020629882812,59.5,61.0,7.627
1765486391.585116,99,37,18,14,14,3.715679168701172,59.5,61.0,7.587
1765486391.7860947,99,37,18,14,14,3.715679168701172,59.5,61.0,7.587
1765486391.9870138,99,37,18,14,14,3.715679168701172,59.5,61.0,7.587
1765486392.188089,99,28,51,31,30,3.7148704528808594,59.5,61.0,8.12
1765486392.3902557,99,28,51,31,30,3.7148704528808594,59.5,61.0,8.12
1765486392.5926933,99,26,28,36,21,3.71527099609375,60.0,60.0,7.468
1765486392.7939825,99,26,28,36,21,3.71527099609375,60.0,60.0,7.468
1765486392.994959,99,26,28,36,21,3.71527099609375,60.0,60.0,7.468
1765486393.1960855,99,32,38,36,34,3.7153472900390625,59.5,60.5,7.011
1765486393.3970575,99,32,38,36,34,3.7153472900390625,59.5,60.5,7.011
1765486393.5980532,99,14,44,19,10,3.715789794921875,60.0,60.0,7.16
1765486393.800037,99,14,44,19,10,3.715789794921875,60.0,60.0,7.16
1765486394.0013776,99,14,44,19,10,3.715789794921875,60.0,60.0,7.16
1765486394.202467,99,36,34,26,29,3.715892791748047,59.5,61.0,6.54
1765486394.4035664,99,36,34,26,29,3.715892791748047,59.5,61.0,6.54
1765486394.6051207,99,23,24,52,20,3.7159767150878906,60.0,60.5,7.32
1765486394.8078194,99,23,24,52,20,3.7159767150878906,60.0,60.5,7.32
1765486395.009158,99,23,24,52,20,3.7159767150878906,60.0,60.5,7.32
1765486395.210214,74,25,35,29,27,3.7173118591308594,59.0,60.5,5.492
1765486395.4118316,74,25,35,29,27,3.7173118591308594,59.0,60.5,5.492
1765486395.6130948,99,22,14,60,22,3.7170372009277344,60.0,60.5,6.971
1765486395.8144605,99,22,14,60,22,3.7170372009277344,60.0,60.5,6.971
1765486396.0154197,99,22,14,60,22,3.7170372009277344,60.0,60.5,6.971
1765486396.2165244,13,22,25,26,32,3.7167434692382812,59.0,60.0,4.699
1765486396.4178674,13,22,25,26,32,3.7167434692382812,59.0,60.0,4.699
1765486396.6193407,99,32,31,22,60,3.717365264892578,60.0,60.5,7.051
1765486396.8220358,99,32,31,22,60,3.717365264892578,60.0,60.5,7.051
1765486397.0233772,99,32,31,22,60,3.717365264892578,60.0,60.5,7.051
1765486397.2255874,0,20,20,18,27,3.7180099487304688,59.0,61.0,5.249
1765486397.4266775,0,20,20,18,27,3.7180099487304688,59.0,61.0,5.249
1765486397.6282394,99,60,22,26,29,3.717620849609375,60.0,60.0,7.051
1765486397.8300474,99,60,22,26,29,3.717620849609375,60.0,60.0,7.051
1765486398.0330856,99,60,22,26,29,3.717620849609375,60.0,60.0,7.051
1765486398.234329,99,21,21,24,21,3.7175636291503906,59.5,59.5,5.451
1765486398.4355042,99,21,21,24,21,3.7175636291503906,59.5,59.5,5.451
1765486398.6365533,99,39,64,38,31,3.71856689453125,60.0,60.5,8.014
1765486398.8396132,99,39,64,38,31,3.71856689453125,60.0,60.5,8.014
1765486399.04297,99,39,64,38,31,3.71856689453125,60.0,60.5,8.014
1765486399.2442827,99,22,12,14,18,3.718463897705078,59.5,60.5,6.821
1765486399.4453197,99,22,12,14,18,3.718463897705078,59.5,60.5,6.821
1765486399.6464763,99,32,30,28,71,3.7186813354492188,60.0,60.0,7.667
1765486399.8477278,99,32,30,28,71,3.7186813354492188,60.0,60.0,7.667
1765486400.0493662,99,32,30,28,71,3.7186813354492188,60.0,60.0,7.667
1765486400.2505903,99,19,18,24,23,3.7189483642578125,59.5,60.0,6.781
1765486400.4516861,99,19,18,24,23,3.7189483642578125,59.5,60.0,6.781
1765486400.6527236,99,19,18,24,23,3.7189483642578125,59.5,60.0,6.781
1765486400.854218,99,32,56,40,33,3.7206497192382812,60.0,61.0,8.439
1765486401.056905,99,32,56,40,33,3.7206497192382812,60.0,61.0,8.439
1765486401.2585533,99,20,21,16,19,3.7189178466796875,59.5,60.5,7.28
1765486401.459621,99,20,21,16,19,3.7189178466796875,59.5,60.5,7.28
1765486401.6607268,99,20,21,16,19,3.7189178466796875,59.5,60.5,7.28
1765486401.8628395,99,34,32,74,25,3.7198638916015625,60.0,61.0,7.775
1765486402.0642931,99,34,32,74,25,3.7198638916015625,60.0,61.0,7.775
1765486402.2663326,99,29,24,20,21,3.7199974060058594,60.0,60.0,7.627
1765486402.46762,99,29,24,20,21,3.7199974060058594,60.0,60.0,7.627
1765486402.668725,99,29,24,20,21,3.7199974060058594,60.0,60.0,7.627
1765486402.870481,99,57,30,36,27,3.720844268798828,60.0,61.5,8.544
1765486403.0727866,99,57,30,36,27,3.720844268798828,60.0,61.5,8.544
1765486403.2751944,99,26,28,15,23,3.720531463623047,60.0,60.0,7.011
1765486403.4763887,99,26,28,15,23,3.720531463623047,60.0,60.0,7.011
1765486403.6774082,99,26,28,15,23,3.720531463623047,60.0,60.0,7.011
1765486403.8788548,99,25,34,32,61,3.720287322998047,59.5,61.0,7.627
1765486404.0800664,99,25,34,32,61,3.720287322998047,59.5,61.0,7.627
1765486404.281485,98,24,20,30,30,3.7213058471679688,60.0,61.0,7.747
1765486404.4832082,98,24,20,30,30,3.7213058471679688,60.0,61.0,7.747
1765486404.6844935,98,24,20,30,30,3.7213058471679688,60.0,61.0,7.747
1765486404.8853955,99,25,20,29,46,3.7211875915527344,60.0,61.0,7.667
1765486405.0880659,99,25,20,29,46,3.7211875915527344,60.0,61.0,7.667
1765486405.2907407,98,30,30,16,32,3.7213668823242188,60.0,60.5,6.931
1765486405.4919918,98,30,30,16,32,3.7213668823242188,60.0,60.5,6.931
1765486405.6930974,98,30,30,16,32,3.7213668823242188,60.0,60.5,6.931
1765486405.8950517,99,34,56,29,35,3.7218666076660156,59.5,60.5,7.547
1765486406.0989904,99,34,56,29,35,3.7218666076660156,59.5,60.5,7.547
1765486406.3003716,99,23,23,30,32,3.722503662109375,60.0,61.0,8.094
1765486406.5018969,99,23,23,30,32,3.722503662109375,60.0,61.0,8.094
1765486406.7030466,99,23,23,30,32,3.722503662109375,60.0,61.0,8.094
1765486406.9041777,99,36,32,27,24,3.721630096435547,60.0,60.5,7.627
1765486407.1058288,99,36,32,27,24,3.721630096435547,60.0,60.5,7.627
1765486407.3073447,98,24,27,28,35,3.7225685119628906,60.0,60.5,7.16
1765486407.5098965,98,24,27,28,35,3.7225685119628906,60.0,60.5,7.16
1765486407.711094,98,24,27,28,35,3.7225685119628906,60.0,60.5,7.16
1765486407.9122262,99,35,41,35,28,3.7224464416503906,59.5,61.5,7.171
1765486408.113353,99,35,41,35,28,3.7224464416503906,59.5,61.5,7.171
1765486408.3236744,99,35,41,35,28,3.7224464416503906,59.5,61.5,7.171
1765486408.5261784,99,20,18,42,17,3.7232017517089844,60.0,61.0,7.587
1765486408.7276587,99,20,18,42,17,3.7232017517089844,60.0,61.0,7.587
1765486408.929084,99,33,30,28,32,3.7231712341308594,59.5,62.5,7.091
1765486409.1303113,99,33,30,28,32,3.7231712341308594,59.5,62.5,7.091
1765486409.331429,99,33,30,28,32,3.7231712341308594,59.5,62.5,7.091
1765486409.5327406,99,33,30,23,41,3.7230377197265625,60.0,60.0,7.24
1765486409.7339182,99,33,30,23,41,3.7230377197265625,60.0,60.0,7.24
1765486409.9349349,0,32,30,24,31,3.7237815856933594,59.5,60.5,5.056
1765486410.1360302,0,32,30,24,31,3.7237815856933594,59.5,60.5,5.056
1765486410.3372884,0,32,30,24,31,3.7237815856933594,59.5,60.5,5.056
1765486410.5389407,99,16,17,57,23,3.7237815856933594,60.0,60.0,7.011
1765486410.7399576,99,16,17,57,23,3.7237815856933594,60.0,60.0,7.011
1765486410.941065,53,34,25,14,26,3.7241477966308594,59.5,60.5,4.975
1765486411.142184,53,34,25,14,26,3.7241477966308594,59.5,60.5,4.975
1765486411.3435268,53,34,25,14,26,3.7241477966308594,59.5,60.5,4.975
1765486411.5467849,99,40,37,49,26,3.724353790283203,60.0,60.5,7.2
1765486411.7482579,99,40,37,49,26,3.724353790283203,60.0,60.5,7.2
1765486411.9511564,59,26,28,18,25,3.725177764892578,59.0,61.0,5.492
1765486412.152308,59,26,28,18,25,3.725177764892578,59.0,61.0,5.492
1765486412.3543506,59,26,28,18,25,3.725177764892578,59.0,61.0,5.492
1765486412.5556982,99,30,55,18,14,3.7242889404296875,60.0,60.5,6.971
1765486412.7590394,99,30,55,18,14,3.7242889404296875,60.0,60.5,6.971
1765486412.960929,30,25,31,14,32,3.724822998046875,59.0,60.5,4.544
1765486413.1626043,30,25,31,14,32,3.724822998046875,59.0,60.5,4.544
1765486413.363991,30,25,31,14,32,3.724822998046875,59.0,60.5,4.544
1765486413.5669487,99,31,29,32,64,3.7253456115722656,60.0,60.5,7.011
1765486413.7693346,99,31,29,32,64,3.7253456115722656,60.0,60.5,7.011
1765486413.9703107,0,25,22,23,23,3.725688934326172,59.0,61.5,5.411
1765486414.1714287,0,25,22,23,23,3.725688934326172,59.0,61.5,5.411
1765486414.3724964,0,25,22,23,23,3.725688934326172,59.0,61.5,5.411
1765486414.5736673,99,35,25,62,28,3.7257003784179688,60.0,60.5,7.171
1765486414.7754755,99,35,25,62,28,3.7257003784179688,60.0,60.5,7.171
1765486414.9766116,99,22,26,20,21,3.7257156372070312,60.0,60.0,5.572
1765486415.178182,99,22,26,20,21,3.7257156372070312,60.0,60.0,5.572
1765486415.379808,99,22,26,20,21,3.7257156372070312,60.0,60.0,5.572
1765486415.5823345,99,29,58,32,39,3.7261734008789062,60.0,60.5,7.48
1765486415.7855084,99,29,58,32,39,3.7261734008789062,60.0,60.5,7.48
1765486415.9869933,99,27,14,12,21,3.726795196533203,60.0,60.0,6.741
1765486416.1883023,99,27,14,12,21,3.726795196533203,60.0,60.0,6.741
1765486416.3893645,99,27,14,12,21,3.726795196533203,60.0,60.0,6.741
1765486416.5912063,99,63,29,35,30,3.7268829345703125,60.0,60.0,7.547
1765486416.7926152,99,63,29,35,30,3.7268829345703125,60.0,60.0,7.547
1765486416.99398,99,24,23,18,22,3.7270355224609375,60.0,60.5,6.85
1765486417.195231,99,24,23,18,22,3.7270355224609375,60.0,60.5,6.85
1765486417.396228,99,24,23,18,22,3.7270355224609375,60.0,60.5,6.85
1765486417.5981047,99,32,30,74,28,3.727874755859375,60.0,61.0,8.729
1765486417.8002448,99,32,30,74,28,3.727874755859375,60.0,61.0,8.729
1765486418.0017624,98,22,12,15,10,3.7275657653808594,60.0,60.0,6.621
1765486418.2078702,98,22,12,15,10,3.7275657653808594,60.0,60.0,6.621
1765486418.4087853,98,22,12,15,10,3.7275657653808594,60.0,60.0,6.621
1765486418.6108358,99,37,33,25,66,3.727466583251953,60.0,61.0,7.735
1765486418.8123102,99,37,33,25,66,3.727466583251953,60.0,61.0,7.735
1765486419.0138955,99,37,33,25,66,3.727466583251953,60.0,61.0,7.735
1765486419.2170885,99,35,24,22,18,3.7278213500976562,60.0,61.0,7.28
1765486419.4182346,99,35,24,22,18,3.7278213500976562,60.0,61.0,7.28
1765486419.6192648,99,30,62,22,33,3.7291107177734375,59.5,61.0,8.319
1765486419.822488,99,30,62,22,33,3.7291107177734375,59.5,61.0,8.319
1765486420.0244756,99,30,62,22,33,3.7291107177734375,59.5,61.0,8.319
1765486420.2255297,99,16,21,19,18,3.728443145751953,60.0,60.5,7.44
1765486420.4265037,99,16,21,19,18,3.728443145751953,60.0,60.5,7.44
1765486420.627749,99,71,31,28,35,3.728527069091797,60.0,61.5,7.974
1765486420.829005,99,71,31,28,35,3.728527069091797,60.0,61.5,7.974
1765486421.03033,99,71,31,28,35,3.728527069091797,60.0,61.5,7.974
1765486421.2318618,99,22,22,24,20,3.7290306091308594,60.0,60.5,7.36
1765486421.4328995,99,22,22,24,20,3.7290306091308594,60.0,60.5,7.36
1765486421.6339238,99,61,22,25,24,3.729991912841797,60.0,61.5,7.814
1765486421.8358467,99,61,22,25,24,3.729991912841797,60.0,61.5,7.814
1765486422.037064,99,61,22,25,24,3.729991912841797,60.0,61.5,7.814
1765486422.2381372,98,32,30,21,26,3.729351043701172,60.0,61.0,7.747
1765486422.439363,98,32,30,21,26,3.729351043701172,60.0,61.0,7.747
1765486422.6404104,99,36,31,33,44,3.729461669921875,60.0,61.0,7.627
1765486422.842569,99,36,31,33,44,3.729461669921875,60.0,61.0,7.627
1765486423.0441935,99,36,31,33,44,3.729461669921875,60.0,61.0,7.627
1765486423.246263,99,27,19,23,37,3.7305374145507812,60.5,60.5,7.587
1765486423.447611,99,27,19,23,37,3.7305374145507812,60.5,60.5,7.587
1765486423.6487184,99,42,28,31,21,3.7296905517578125,60.0,61.0,7.36
1765486423.850011,99,42,28,31,21,3.7296905517578125,60.0,61.0,7.36
1765486424.0519004,99,42,28,31,21,3.7296905517578125,60.0,61.0,7.36
1765486424.2543173,99,38,22,28,22,3.7301788330078125,60.0,61.0,7.627
1765486424.4556398,99,38,22,28,22,3.7301788330078125,60.0,61.0,7.627
1765486424.656825,99,46,26,37,30,3.7302398681640625,60.0,61.5,7.2
1765486424.8582861,99,46,26,37,30,3.7302398681640625,60.0,61.5,7.2
1765486425.05953,99,46,26,37,30,3.7302398681640625,60.0,61.5,7.2
1765486425.2612507,98,45,16,21,21,3.7309188842773438,60.5,61.0,7.667
1765486425.462257,98,45,16,21,21,3.7309188842773438,60.5,61.0,7.667
1765486425.663304,51,38,25,31,26,3.730518341064453,59.5,62.5,5.877
1765486425.864977,51,38,25,31,26,3.730518341064453,59.5,62.5,5.877
1765486426.0673141,51,38,25,31,26,3.730518341064453,59.5,62.5,5.877
1765486426.2698624,99,34,20,50,24,3.7314071655273438,60.0,60.0,6.85
1765486426.4711475,99,34,20,50,24,3.7314071655273438,60.0,60.0,6.85
1765486426.6723528,81,28,32,31,30,3.731952667236328,59.5,61.0,5.532
1765486426.8734198,81,28,32,31,30,3.731952667236328,59.5,61.0,5.532
1765486427.0754468,81,28,32,31,30,3.731952667236328,59.5,61.0,5.532
1765486427.2768242,99,20,57,18,16,3.732086181640625,60.0,60.5,6.85
1765486427.4780674,99,20,57,18,16,3.732086181640625,60.0,60.5,6.85
1765486427.679037,90,24,32,22,18,3.7319374084472656,59.5,60.5,5.056
1765486427.8800285,90,24,32,22,18,3.7319374084472656,59.5,60.5,5.056
1765486428.081849,90,24,32,22,18,3.7319374084472656,59.5,60.5,5.056
1765486428.2844014,99,35,36,54,37,3.7318077087402344,60.0,60.5,7.28
1765486428.4860559,99,35,36,54,37,3.7318077087402344,60.0,60.5,7.28
1765486428.6872516,21,27,20,32,26,3.7329063415527344,59.0,61.0,5.056
1765486428.8885748,21,27,20,32,26,3.7329063415527344,59.0,61.0,5.056
1765486429.089677,21,27,20,32,26,3.7329063415527344,59.0,61.0,5.056
1765486429.2911022,99,62,21,28,28,3.7324180603027344,60.0,60.5,7.011
1765486429.4928892,99,62,21,28,28,3.7324180603027344,60.0,60.5,7.011
1765486429.6939962,99,62,21,28,28,3.7324180603027344,60.0,60.5,7.011
1765486429.8951828,99,23,23,26,26,3.7330856323242188,59.5,60.5,5.29
1765486430.0966697,99,23,23,26,26,3.7330856323242188,59.5,60.5,5.29
1765486430.2985084,99,42,28,65,20,3.7326126098632812,60.0,60.5,7.2
1765486430.501464,99,42,28,65,20,3.7326126098632812,60.0,60.5,7.2
1765486430.7031417,99,42,28,65,20,3.7326126098632812,60.0,60.5,7.2
1765486430.9042335,97,24,14,23,23,3.7337188720703125,59.5,60.0,5.765
1765486431.1052814,97,24,14,23,23,3.7337188720703125,59.5,60.0,5.765
1765486431.3070264,99,30,17,67,22,3.73333740234375,60.0,60.5,7.507
1765486431.5082662,99,30,17,67,22,3.73333740234375,60.0,60.5,7.507
1765486431.7115064,99,30,17,67,22,3.73333740234375,60.0,60.5,7.507
1765486431.9129996,99,26,22,24,20,3.7334823608398438,60.0,60.5,6.511
1765486432.1143441,99,26,22,24,20,3.7334823608398438,60.0,60.5,6.511
1765486432.3156896,99,35,74,37,25,3.7337188720703125,60.0,61.5,8.28
1765486432.5182676,99,35,74,37,25,3.7337188720703125,60.0,61.5,8.28
1765486432.72011,99,35,74,37,25,3.7337188720703125,60.0,61.5,8.28
1765486432.92132,98,20,23,18,21,3.7335853576660156,60.0,60.5,6.891
1765486433.1224623,98,20,23,18,21,3.7335853576660156,60.0,60.5,6.891
1765486433.3236988,99,30,73,28,28,3.7345428466796875,60.0,60.5,7.547
1765486433.5249178,99,30,73,28,28,3.7345428466796875,60.0,60.5,7.547
1765486433.7270863,99,30,73,28,28,3.7345428466796875,60.0,60.5,7.547
1765486433.9286761,99,28,19,18,25,3.7345237731933594,60.0,60.5,7.011
1765486434.1300848,99,28,19,18,25,3.7345237731933594,60.0,60.5,7.011
1765486434.3310974,99,30,34,60,40,3.7359886169433594,60.5,62.0,8.544
1765486434.5329382,99,30,34,60,40,3.7359886169433594,60.5,62.0,8.544
1765486434.7354734,99,30,34,60,40,3.7359886169433594,60.5,62.0,8.544
1765486434.9367282,99,20,19,14,19,3.734760284423828,60.0,60.0,7.131
1765486435.1379058,99,20,19,14,19,3.734760284423828,60.0,60.0,7.131
1765486435.3389945,99,64,38,31,24,3.735546112060547,60.0,61.0,7.735
1765486435.540348,99,64,38,31,24,3.735546112060547,60.0,61.0,7.735
1765486435.7418723,99,64,38,31,24,3.735546112060547,60.0,61.0,7.735
1765486435.9434876,99,26,18,25,24,3.7357635498046875,60.0,60.5,7.707
1765486436.1449282,99,26,18,25,24,3.7357635498046875,60.0,60.5,7.707
1765486436.3461618,99,34,30,32,57,3.736339569091797,60.0,61.5,8.425
1765486436.5486681,99,34,30,32,57,3.736339569091797,60.0,61.5,8.425
1765486436.7518625,99,34,30,32,57,3.736339569091797,60.0,61.5,8.425
1765486436.9532022,99,27,28,20,16,3.7362709045410156,60.0,60.5,7.011
1765486437.1547465,99,27,28,20,16,3.7362709045410156,60.0,60.5,7.011
1765486437.3558092,99,32,32,61,33,3.736492156982422,60.5,61.5,7.627
1765486437.557347,99,32,32,61,33,3.736492156982422,60.5,61.5,7.627
1765486437.7588255,99,32,32,61,33,3.736492156982422,60.5,61.5,7.627
1765486437.9610977,98,22,28,26,28,3.7368927001953125,60.5,60.5,7.587
1765486438.1628177,98,22,28,26,28,3.7368927001953125,60.5,60.5,7.587
1765486438.364061,98,22,28,26,28,3.7368927001953125,60.5,60.5,7.587
1765486438.565373,99,32,48,24,13,3.736743927001953,60.0,60.5,7.747
1765486438.7680159,99,32,48,24,13,3.736743927001953,60.0,60.5,7.747
1765486438.970663,99,27,27,22,22,3.7369651794433594,60.5,61.0,7.507
1765486439.1721478,99,27,27,22,22,3.7369651794433594,60.5,61.0,7.507
1765486439.3735962,99,27,27,22,22,3.7369651794433594,60.5,61.0,7.507
1765486439.5751522,99,32,28,35,46,3.7372817993164062,60.0,61.0,7.428
1765486439.7762856,99,32,28,35,46,3.7372817993164062,60.0,61.0,7.428
1765486439.9783845,99,20,23,43,25,3.7380332946777344,60.5,61.0,7.587
1765486440.1797223,99,20,23,43,25,3.7380332946777344,60.5,61.0,7.587
1765486440.3824067,99,20,23,43,25,3.7380332946777344,60.5,61.0,7.587
1765486440.5839505,99,31,48,25,20,3.7376632690429688,60.0,61.0,7.051
1765486440.7864351,99,31,48,25,20,3.7376632690429688,60.0,61.0,7.051
1765486440.988711,99,29,25,27,35,3.7383460998535156,60.0,60.5,7.468
1765486441.190166,99,29,25,27,35,3.7383460998535156,60.0,60.5,7.468
1765486441.3945107,99,29,25,27,35,3.7383460998535156,60.0,60.5,7.468
1765486441.5955358,99,40,38,31,33,3.738372802734375,60.0,62.0,7.2
1765486441.7966433,99,40,38,31,33,3.738372802734375,60.0,62.0,7.2
1765486441.9979799,99,36,33,12,17,3.7392005920410156,60.0,61.0,7.854
1765486442.2006497,99,36,33,12,17,3.7392005920410156,60.0,61.0,7.854
1765486442.4028335,99,36,33,12,17,3.7392005920410156,60.0,61.0,7.854
1765486442.6040661,0,26,16,27,26,3.738842010498047,59.0,60.5,4.226
1765486442.805924,0,26,16,27,26,3.738842010498047,59.0,60.5,4.226
1765486443.0069926,99,27,57,24,24,3.739330291748047,60.0,60.5,6.861
1765486443.2089307,99,27,57,24,24,3.739330291748047,60.0,60.5,6.861
1765486443.410358,99,27,57,24,24,3.739330291748047,60.0,60.5,6.861
1765486443.6116357,15,32,29,23,26,3.7393150329589844,59.5,61.5,4.982
1765486443.812657,15,32,29,23,26,3.7393150329589844,59.5,61.5,4.982
1765486444.0138738,99,54,21,24,22,3.7391014099121094,60.0,60.5,6.81
1765486444.214909,99,54,21,24,22,3.7391014099121094,60.0,60.5,6.81
1765486444.4166267,99,54,21,24,22,3.7391014099121094,60.0,60.5,6.81
1765486444.6180787,0,29,18,21,25,3.739898681640625,59.5,60.5,4.739
1765486444.8192656,0,29,18,21,25,3.739898681640625,59.5,60.5,4.739
1765486445.0206864,99,34,41,34,53,3.7400970458984375,60.0,60.5,7.131
1765486445.223351,99,34,41,34,53,3.7400970458984375,60.0,60.5,7.131
1765486445.4248946,99,34,41,34,53,3.7400970458984375,60.0,60.5,7.131
1765486445.6271994,99,27,25,16,10,3.7407569885253906,60.0,60.5,6.229
1765486445.828324,99,27,25,16,10,3.7407569885253906,60.0,60.5,6.229
1765486446.0293307,99,60,22,36,22,3.7406349182128906,60.5,61.0,7.48
1765486446.231605,99,60,22,36,22,3.7406349182128906,60.5,61.0,7.48
1765486446.434436,99,60,22,36,22,3.7406349182128906,60.5,61.0,7.48
1765486446.6359012,99,28,26,22,24,3.7406082153320312,60.0,60.0,6.54
1765486446.8369286,99,28,26,22,24,3.7406082153320312,60.0,60.0,6.54
1765486447.0380716,99,35,60,36,36,3.7411270141601562,60.5,60.5,7.667
1765486447.2409155,99,35,60,36,36,3.7411270141601562,60.5,60.5,7.667
1765486447.442948,99,35,60,36,36,3.7411270141601562,60.5,60.5,7.667
1765486447.6442626,99,20,23,18,18,3.741832733154297,60.5,60.5,7.428
1765486447.8452177,99,20,23,18,18,3.741832733154297,60.5,60.5,7.428
1765486448.0463002,99,31,34,59,39,3.74127197265625,60.5,61.0,7.547
1765486448.2476487,99,31,34,59,39,3.74127197265625,60.5,61.0,7.547
1765486448.4501681,99,31,34,59,39,3.74127197265625,60.5,61.0,7.547
1765486448.6513815,99,25,19,23,27,3.741455078125,60.5,60.5,7.2
1765486448.8526373,99,25,19,23,27,3.741455078125,60.5,60.5,7.2
1765486449.0538402,99,25,19,23,27,3.741455078125,60.5,60.5,7.2
1765486449.2563152,99,60,48,32,38,3.7417068481445312,60.5,61.5,8.505
1765486449.458869,99,60,48,32,38,3.7417068481445312,60.5,61.5,8.505
1765486449.660333,99,19,14,16,16,3.7413406372070312,60.5,60.5,7.507
1765486449.8619401,99,19,14,16,16,3.7413406372070312,60.5,60.5,7.507
1765486450.0630643,99,19,14,16,16,3.7413406372070312,60.5,60.5,7.507
1765486450.2641037,99,29,66,27,24,3.7413406372070312,60.0,61.0,7.695
1765486450.465328,99,29,66,27,24,3.7413406372070312,60.0,61.0,7.695
1765486450.667622,99,23,19,31,16,3.7420654296875,60.5,61.0,7.24
1765486450.8688576,99,23,19,31,16,3.7420654296875,60.5,61.0,7.24
1765486451.0700934,99,23,19,31,16,3.7420654296875,60.5,61.0,7.24
1765486451.2719595,99,34,35,38,50,3.742481231689453,60.5,61.5,8.505
1765486451.473945,99,34,35,38,50,3.742481231689453,60.5,61.5,8.505
1765486451.6751802,99,25,25,16,19,3.7422714233398438,60.5,60.5,6.931
1765486451.8761,99,25,25,16,19,3.7422714233398438,60.5,60.5,6.931
1765486452.0775502,99,25,25,16,19,3.7422714233398438,60.5,60.5,6.931
1765486452.2789605,99,30,41,61,31,3.7429237365722656,60.5,61.5,7.695
1765486452.4801369,99,30,41,61,31,3.7429237365722656,60.5,61.5,7.695
1765486452.6825664,98,26,22,34,21,3.7430076599121094,60.5,60.5,7.28
1765486452.883853,98,26,22,34,21,3.7430076599121094,60.5,60.5,7.28
1765486453.0853684,98,26,22,34,21,3.7430076599121094,60.5,60.5,7.28
1765486453.2866695,99,49,26,41,27,3.743999481201172,60.0,61.5,8.001
1765486453.4886677,99,49,26,41,27,3.743999481201172,60.0,61.5,8.001
1765486453.6903844,99,32,25,16,31,3.743213653564453,60.5,61.0,7.36
1765486453.8924956,99,32,25,16,31,3.743213653564453,60.5,61.0,7.36
1765486454.093437,99,32,25,16,31,3.743213653564453,60.5,61.0,7.36
1765486454.295479,99,47,36,35,33,3.743499755859375,60.5,61.5,7.547
1765486454.4969125,99,47,36,35,33,3.743499755859375,60.5,61.5,7.547
1765486454.6979532,98,44,20,25,27,3.7444419860839844,60.5,61.0,8.2
1765486454.8992424,98,44,20,25,27,3.7444419860839844,60.5,61.0,8.2
1765486455.100866,98,44,20,25,27,3.7444419860839844,60.5,61.0,8.2
1765486455.3020627,99,18,25,28,19,3.7441635131835938,59.0,61.0,6.269
1765486455.5037498,99,18,25,28,19,3.7441635131835938,59.0,61.0,6.269
1765486455.705291,99,43,32,30,23,3.7446212768554688,60.5,60.5,7.2
1765486455.906302,99,43,32,30,23,3.7446212768554688,60.5,60.5,7.2
1765486456.1079752,99,43,32,30,23,3.7446212768554688,60.5,60.5,7.2
1765486456.3090627,99,43,32,33,38,3.7446365356445312,60.5,63.0,6.971
1765486456.5104308,99,43,32,33,38,3.7446365356445312,60.5,63.0,6.971
1765486456.7117665,99,43,32,33,38,3.7446365356445312,60.5,63.0,6.971
1765486456.914686,99,18,20,58,17,3.7454376220703125,60.5,61.0,8.346
1765486457.1160383,99,18,20,58,17,3.7454376220703125,60.5,61.0,8.346
1765486457.31718,99,27,20,30,24,3.744873046875,60.0,62.5,6.39
1765486457.5183408,99,27,20,30,24,3.744873046875,60.0,62.5,6.39
1765486457.7197616,99,27,20,30,24,3.744873046875,60.0,62.5,6.39
1765486457.9211087,99,30,31,40,42,3.7455825805664062,60.5,60.5,7.32
1765486458.1221993,99,30,31,40,42,3.7455825805664062,60.5,60.5,7.32
1765486458.3232305,0,31,30,30,19,3.7455825805664062,59.5,61.0,4.666
1765486458.5245335,0,31,30,30,19,3.7455825805664062,59.5,61.0,4.666
1765486458.7255573,0,31,30,30,19,3.7455825805664062,59.5,61.0,4.666
1765486458.9276807,99,22,59,22,22,3.746776580810547,60.0,61.5,7.507
1765486459.1294143,99,22,59,22,22,3.746776580810547,60.0,61.5,7.507
1765486459.3309379,79,21,16,21,33,3.746112823486328,59.5,60.5,4.942
1765486459.5320313,79,21,16,21,33,3.746112823486328,59.5,60.5,4.942
1765486459.7331445,79,21,16,21,33,3.746112823486328,59.5,60.5,4.942
1765486459.9360487,99,40,48,48,31,3.746784210205078,60.5,60.5,7.2
1765486460.137566,99,40,48,48,31,3.746784210205078,60.5,60.5,7.2
1765486460.3386652,26,29,35,26,22,3.7464141845703125,59.5,61.5,5.136
1765486460.539804,26,29,35,26,22,3.7464141845703125,59.5,61.5,5.136
1765486460.7413502,26,29,35,26,22,3.7464141845703125,59.5,61.5,5.136
1765486460.9427176,99,24,62,20,20,3.7467689514160156,60.5,60.5,7.16
1765486461.1454206,99,24,62,20,20,3.7467689514160156,60.5,60.5,7.16
1765486461.3473053,99,16,23,26,18,3.7471084594726562,60.0,60.0,5.29
1765486461.5486605,99,16,23,26,18,3.7471084594726562,60.0,60.0,5.29
1765486461.7500768,99,16,23,26,18,3.7471084594726562,60.0,60.0,5.29
1765486461.9530149,99,35,36,46,50,3.7477760314941406,60.5,61.0,7.091
1765486462.1562495,99,35,36,46,50,3.7477760314941406,60.5,61.0,7.091
1765486462.3577662,99,28,20,19,21,3.7482986450195312,60.0,61.0,7.051
1765486462.5589416,99,28,20,19,21,3.7482986450195312,60.0,61.0,7.051
1765486462.7602067,99,28,20,19,21,3.7482986450195312,60.0,61.0,7.051
1765486462.961469,99,31,23,61,25,3.747447967529297,60.0,60.5,7.28
1765486463.163841,99,31,23,61,25,3.747447967529297,60.0,60.5,7.28
1765486463.3659537,99,26,21,24,18,3.747730255126953,60.0,60.5,6.58
1765486463.5673912,99,26,21,24,18,3.747730255126953,60.0,60.5,6.58
1765486463.7686229,99,26,21,24,18,3.747730255126953,60.0,60.5,6.58
1765486463.970797,99,35,36,37,60,3.7474098205566406,60.5,61.0,7.735
1765486464.1734447,99,35,36,37,60,3.7474098205566406,60.5,61.0,7.735
1765486464.3748608,99,16,21,16,26,3.748249053955078,60.5,61.0,7.091
1765486464.576069,99,16,21,16,26,3.748249053955078,60.5,61.0,7.091
1765486464.7772324,99,16,21,16,26,3.748249053955078,60.5,61.0,7.091
1765486464.9785244,99,26,38,31,66,3.74786376953125,60.5,61.0,7.934
1765486465.1800377,99,26,38,31,66,3.74786376953125,60.5,61.0,7.934
1765486465.3812962,99,26,38,31,66,3.74786376953125,60.5,61.0,7.934
1765486465.582985,99,24,20,16,19,3.748504638671875,60.0,60.5,6.971
1765486465.7843008,99,24,20,16,19,3.748504638671875,60.0,60.5,6.971
1765486465.9855227,98,48,46,35,39,3.749248504638672,60.5,61.0,8.2
1765486466.1889625,98,48,46,35,39,3.749248504638672,60.5,61.0,8.2
1765486466.390549,98,48,46,35,39,3.749248504638672,60.5,61.0,8.2
1765486466.5915856,99,21,16,19,20,3.7487716674804688,61.0,60.5,7.36
1765486466.7927759,99,21,16,19,20,3.7487716674804688,61.0,60.5,7.36
1765486466.994829,99,25,30,64,36,3.7487411499023438,60.5,62.0,7.974
1765486467.196231,99,25,30,64,36,3.7487411499023438,60.5,62.0,7.974
1765486467.39791,99,25,30,64,36,3.7487411499023438,60.5,62.0,7.974
1765486467.5989516,99,23,25,20,26,3.7492141723632812,60.0,60.5,6.971
1765486467.800222,99,23,25,20,26,3.7492141723632812,60.0,60.5,6.971
1765486468.001434,99,43,48,32,32,3.7508926391601562,60.5,61.5,8.081
1765486468.2039244,99,43,48,32,32,3.7508926391601562,60.5,61.5,8.081
1765486468.406504,99,43,48,32,32,3.7508926391601562,60.5,61.5,8.081
1765486468.6080973,98,22,32,19,18,3.749805450439453,60.5,60.5,7.011
1765486468.8095145,98,22,32,19,18,3.749805450439453,60.5,60.5,7.011
1765486469.0107927,99,35,27,36,61,3.7499237060546875,60.0,61.0,7.707
1765486469.2119608,99,35,27,36,61,3.7499237060546875,60.0,61.0,7.707
1765486469.4138024,99,35,27,36,61,3.7499237060546875,60.0,61.0,7.707
1765486469.6159673,99,22,41,24,17,3.7505149841308594,60.5,60.5,7.507
1765486469.8174329,99,22,41,24,17,3.7505149841308594,60.5,60.5,7.507
1765486470.0185912,99,36,25,35,34,3.7518768310546875,60.0,61.5,7.775
1765486470.219944,99,36,25,35,34,3.7518768310546875,60.0,61.5,7.775
1765486470.4225998,99,36,25,35,34,3.7518768310546875,60.0,61.5,7.775
1765486470.62398,99,28,25,16,34,3.7508621215820312,60.5,61.5,7.587
1765486470.8250275,99,28,25,16,34,3.7508621215820312,60.5,61.5,7.587
1765486471.026172,99,28,27,36,42,3.7509765625,60.5,61.5,7.28
1765486471.2278407,99,28,27,36,42,3.7509765625,60.5,61.5,7.28
1765486471.4293814,99,28,27,36,42,3.7509765625,60.5,61.5,7.28
1765486471.6310904,99,20,24,26,48,3.7513160705566406,60.5,61.0,8.081
1765486471.8323162,99,20,24,26,48,3.7513160705566406,60.5,61.0,8.081
1765486472.0333881,99,30,40,22,24,3.7517013549804688,60.0,61.5,7.2
1765486472.2345266,99,30,40,22,24,3.7517013549804688,60.0,61.5,7.2
1765486472.4371583,99,30,40,22,24,3.7517013549804688,60.0,61.5,7.2
1765486472.6397057,99,46,28,27,32,3.751922607421875,60.5,60.5,7.32
1765486472.8411005,99,46,28,27,32,3.751922607421875,60.5,60.5,7.32
1765486473.0421631,64,31,29,25,28,3.75201416015625,60.0,60.5,5.371
1765486473.243486,64,31,29,25,28,3.75201416015625,60.0,60.5,5.371
1765486473.4446156,64,31,29,25,28,3.75201416015625,60.0,60.5,5.371
1765486473.6462076,99,20,21,22,58,3.7532691955566406,61.0,61.0,7.428
1765486473.8482437,99,20,21,22,58,3.7532691955566406,61.0,61.0,7.428
1765486474.0499465,98,21,22,28,20,3.752513885498047,60.0,60.5,4.585
1765486474.2511091,98,21,22,28,20,3.752513885498047,60.0,60.5,4.585
1765486474.4524937,98,21,22,28,20,3.752513885498047,60.0,60.5,4.585
1765486474.654762,99,44,30,37,44,3.7523956298828125,60.5,60.5,6.931
1765486474.8562107,99,44,30,37,44,3.7523956298828125,60.5,60.5,6.931
1765486475.0572534,99,28,32,32,21,3.7529449462890625,60.0,61.0,5.411
1765486475.2583718,99,28,32,32,21,3.7529449462890625,60.0,61.0,5.411
1765486475.45968,99,28,32,32,21,3.7529449462890625,60.0,61.0,5.411
1765486475.6609018,99,27,30,61,21,3.7538528442382812,60.5,61.0,7.428
1765486475.8644347,99,27,30,61,21,3.7538528442382812,60.5,61.0,7.428
1765486476.0663624,19,20,20,26,24,3.7529754638671875,59.5,61.0,4.982
1765486476.2675757,19,20,20,26,24,3.7529754638671875,59.5,61.0,4.982
1765486476.4689064,19,20,20,26,24,3.7529754638671875,59.5,61.0,4.982
1765486476.67097,99,48,27,32,48,3.752857208251953,60.5,61.0,7.051
1765486476.8730183,99,48,27,32,48,3.752857208251953,60.5,61.0,7.051
1765486477.0742064,99,48,27,32,48,3.752857208251953,60.5,61.0,7.051
1765486477.2753935,24,38,25,26,21,3.7542076110839844,59.5,61.5,5.136
1765486477.477485,24,38,25,26,21,3.7542076110839844,59.5,61.5,5.136
1765486477.6793816,99,24,27,22,56,3.7532424926757812,60.5,61.0,6.971
1765486477.881922,99,24,27,22,56,3.7532424926757812,60.5,61.0,6.971
1765486478.0832615,99,24,27,22,56,3.7532424926757812,60.5,61.0,6.971
1765486478.2845187,0,31,26,28,18,3.7532119750976562,60.0,60.5,4.942
1765486478.4855607,0,31,26,28,18,3.7532119750976562,60.0,60.5,4.942
1765486478.6879222,99,28,35,36,59,3.7540550231933594,60.5,61.0,7.091
1765486478.8910573,99,28,35,36,59,3.7540550231933594,60.5,61.0,7.091
1765486479.0928311,99,28,35,36,59,3.7540550231933594,60.5,61.0,7.091
1765486479.2940986,99,29,28,21,12,3.754791259765625,60.5,61.0,6.269
1765486479.4951556,99,29,28,21,12,3.754791259765625,60.5,61.0,6.269
1765486479.6960554,99,30,18,62,36,3.7539825439453125,60.5,61.0,7.587
1765486479.897185,99,30,18,62,36,3.7539825439453125,60.5,61.0,7.587
1765486480.1009648,99,30,18,62,36,3.7539825439453125,60.5,61.0,7.587
1765486480.3029883,90,26,23,22,16,3.7543373107910156,60.5,61.0,6.229
1765486480.5041132,90,26,23,22,16,3.7543373107910156,60.5,61.0,6.229
1765486480.7060542,99,66,35,32,46,3.7541656494140625,60.5,61.0,7.667
1765486480.9085867,99,66,35,32,46,3.7541656494140625,60.5,61.0,7.667
1765486481.1100612,99,66,35,32,46,3.7541656494140625,60.5,61.0,7.667
1765486481.311077,99,22,23,14,17,3.755168914794922,60.5,61.0,7.2
1765486481.5123637,99,22,23,14,17,3.755168914794922,60.5,61.0,7.2
1765486481.7138536,99,36,28,68,24,3.7543296813964844,60.5,61.0,7.468
1765486481.9154415,99,36,28,68,24,3.7543296813964844,60.5,61.0,7.468
1765486482.1180196,99,36,28,68,24,3.7543296813964844,60.5,61.0,7.468
1765486482.3194232,99,19,22,24,25,3.7545204162597656,60.5,60.5,6.781
1765486482.5206184,99,19,22,24,25,3.7545204162597656,60.5,60.5,6.781
1765486482.721558,99,69,33,39,27,3.7559127807617188,61.0,61.5,8.584
1765486482.9238706,99,69,33,39,27,3.7559127807617188,61.0,61.5,8.584
1765486483.1275554,99,69,33,39,27,3.7559127807617188,61.0,61.5,8.584
1765486483.329106,99,26,14,13,10,3.755748748779297,60.5,61.0,7.091
1765486483.5302906,99,26,14,13,10,3.755748748779297,60.5,61.0,7.091
1765486483.7313178,98,32,34,34,68,3.7552719116210938,60.5,61.0,7.814
1765486483.9325771,98,32,34,34,68,3.7552719116210938,60.5,61.0,7.814
1765486484.1339777,98,32,34,34,68,3.7552719116210938,60.5,61.0,7.814
1765486484.3362646,99,29,22,22,25,3.7556419372558594,60.5,61.0,7.4
1765486484.5375154,99,29,22,22,25,3.7556419372558594,60.5,61.0,7.4
1765486484.738984,99,27,30,25,58,3.7567481994628906,60.5,61.5,8.385
1765486484.9415493,99,27,30,25,58,3.7567481994628906,60.5,61.5,8.385
1765486485.1441767,99,27,30,25,58,3.7567481994628906,60.5,61.5,8.385
1765486485.3455498,99,24,22,24,21,3.75592041015625,60.5,60.5,6.821
1765486485.549853,99,24,22,24,21,3.75592041015625,60.5,60.5,6.821
1765486485.7508864,99,59,34,36,26,3.756031036376953,60.5,61.5,7.587
1765486485.9528513,99,59,34,36,26,3.756031036376953,60.5,61.5,7.587
1765486486.1544614,99,59,34,36,26,3.756031036376953,60.5,61.5,7.587
1765486486.3565407,99,20,37,14,17,3.7567710876464844,60.5,61.0,7.4
1765486486.557939,99,20,37,14,17,3.7567710876464844,60.5,61.0,7.4
1765486486.7590897,99,32,22,25,48,3.7573776245117188,60.5,61.5,7.934
1765486486.9604726,99,32,22,25,48,3.7573776245117188,60.5,61.5,7.934
1765486487.1629214,99,32,22,25,48,3.7573776245117188,60.5,61.5,7.934
1765486487.3669286,99,32,25,21,28,3.7568016052246094,60.5,61.0,7.428
1765486487.5685115,99,32,25,21,28,3.7568016052246094,60.5,61.0,7.428
1765486487.7700016,99,32,25,21,28,3.7568016052246094,60.5,61.0,7.428
1765486487.9714103,99,46,37,32,30,3.7566795349121094,60.5,61.5,7.547
1765486488.1731896,99,46,37,32,30,3.7566795349121094,60.5,61.5,7.547
1765486488.3750978,99,30,26,21,38,3.7570343017578125,61.0,61.5,8.16
1765486488.576161,99,30,26,21,38,3.7570343017578125,61.0,61.5,8.16
1765486488.777203,99,30,26,21,38,3.7570343017578125,61.0,61.5,8.16
1765486488.978272,99,34,19,23,30,3.756916046142578,60.0,61.0,7.16
1765486489.181161,99,34,19,23,30,3.756916046142578,60.0,61.0,7.16
1765486489.3836975,99,37,42,16,18,3.757495880126953,60.5,61.0,7.36
1765486489.5848475,99,37,42,16,18,3.757495880126953,60.5,61.0,7.36
1765486489.7858534,99,37,42,16,18,3.757495880126953,60.5,61.0,7.36
1765486489.9868693,99,39,28,45,25,3.7576255798339844,60.0,62.5,7.12
1765486490.188308,99,39,28,45,25,3.7576255798339844,60.0,62.5,7.12
1765486490.3898432,99,52,25,19,15,3.7584991455078125,61.0,61.0,7.974
1765486490.591866,99,52,25,19,15,3.7584991455078125,61.0,61.0,7.974
1765486490.8052619,99,52,25,19,15,3.7584991455078125,61.0,61.0,7.974
1765486491.0065773,0,39,27,18,23,3.7577552795410156,60.0,60.5,5.128
1765486491.208289,0,39,27,18,23,3.7577552795410156,60.0,60.5,5.128
1765486491.4100814,99,31,30,50,22,3.7587928771972656,60.0,61.0,6.861
1765486491.6113353,99,31,30,50,22,3.7587928771972656,60.0,61.0,6.861
1765486491.8122432,99,31,30,50,22,3.7587928771972656,60.0,61.0,6.861
1765486492.013263,99,35,26,25,22,3.7585487365722656,60.0,61.0,5.371
1765486492.2149377,99,35,26,25,22,3.7585487365722656,60.0,61.0,5.371
1765486492.4162705,99,24,58,24,20,3.75909423828125,60.0,61.5,7.587
1765486492.6180708,99,24,58,24,20,3.75909423828125,60.0,61.5,7.587
1765486492.8193276,99,24,58,24,20,3.75909423828125,60.0,61.5,7.587
1765486493.0206358,57,23,23,25,22,3.7592430114746094,59.5,61.0,4.901
1765486493.2217212,57,23,23,25,22,3.7592430114746094,59.5,61.0,4.901
1765486493.4237142,99,33,32,24,55,3.7593612670898438,60.5,61.0,7.091
1765486493.626396,99,33,32,24,55,3.7593612670898438,60.5,61.0,7.091
1765486493.8275447,99,33,32,24,55,3.7593612670898438,60.5,61.0,7.091
1765486494.0285232,22,20,27,30,14,3.7605743408203125,60.0,61.5,5.33
1765486494.2306955,22,20,27,30,14,3.7605743408203125,60.0,61.5,5.33
1765486494.4322205,99,23,20,66,23,3.759906768798828,60.5,61.0,7.12
1765486494.6342156,99,23,20,66,23,3.759906768798828,60.5,61.0,7.12
1765486494.8375387,99,23,20,66,23,3.759906768798828,60.5,61.0,7.12
1765486495.0439427,99,28,23,23,26,3.7602195739746094,60.5,60.5,6.229
1765486495.24517,99,28,23,23,26,3.7602195739746094,60.5,60.5,6.229
1765486495.4465096,99,50,45,36,33,3.7606048583984375,60.5,61.0,7.32
1765486495.648112,99,50,45,36,33,3.7606048583984375,60.5,61.0,7.32
1765486495.8494482,99,50,45,36,33,3.7606048583984375,60.5,61.0,7.32
1765486496.050484,99,19,25,18,24,3.7613143920898438,60.5,61.0,7.2
1765486496.2518785,99,19,25,18,24,3.7613143920898438,60.5,61.0,7.2
1765486496.453843,99,24,26,58,30,3.7611465454101562,60.5,61.0,7.787
1765486496.6552982,99,24,26,58,30,3.7611465454101562,60.5,61.0,7.787
1765486496.857494,99,24,26,58,30,3.7611465454101562,60.5,61.0,7.787
1765486497.0588322,99,22,23,20,18,3.7613258361816406,60.5,61.0,6.701
1765486497.2599733,99,22,23,20,18,3.7613258361816406,60.5,61.0,6.701
1765486497.4613228,99,64,34,34,31,3.7613792419433594,60.5,61.0,7.921
1765486497.663401,99,64,34,34,31,3.7613792419433594,60.5,61.0,7.921
1765486497.8658752,99,64,34,34,31,3.7613792419433594,60.5,61.0,7.921
1765486498.0670364,99,22,24,20,16,3.762134552001953,60.5,61.5,7.507
1765486498.2683666,99,22,24,20,16,3.762134552001953,60.5,61.5,7.507
1765486498.4697425,99,65,23,28,33,3.761852264404297,60.5,61.0,7.775
1765486498.6711018,99,65,23,28,33,3.761852264404297,60.5,61.0,7.775
1765486498.8726737,99,65,23,28,33,3.761852264404297,60.5,61.0,7.775
1765486499.0747244,99,30,17,21,20,3.762554168701172,61.0,61.0,7.36
1765486499.2760582,99,30,17,21,20,3.762554168701172,61.0,61.0,7.36
1765486499.4771786,99,30,17,21,20,3.762554168701172,61.0,61.0,7.36
1765486499.6784704,98,41,42,44,37,3.7638320922851562,61.0,62.0,8.346
1765486499.880642,98,41,42,44,37,3.7638320922851562,61.0,62.0,8.346
1765486500.081963,99,30,18,14,12,3.7627525329589844,60.5,61.0,7.36
1765486500.2834687,99,30,18,14,12,3.7627525329589844,60.5,61.0,7.36
1765486500.4846656,99,30,18,14,12,3.7627525329589844,60.5,61.0,7.36
1765486500.6869733,99,34,35,30,62,3.762676239013672,60.5,61.0,7.894
1765486500.8886237,99,34,35,30,62,3.762676239013672,60.5,61.0,7.894
1765486501.0908866,99,29,28,18,17,3.7630577087402344,60.5,61.0,6.971
1765486501.2923908,99,29,28,18,17,3.7630577087402344,60.5,61.0,6.971
1765486501.4937613,99,29,28,18,17,3.7630577087402344,60.5,61.0,6.971
1765486501.6953325,99,29,23,48,43,3.763408660888672,60.5,62.0,8.24
1765486501.897447,99,29,23,48,43,3.763408660888672,60.5,62.0,8.24
1765486502.0989163,98,24,27,18,18,3.7638473510742188,60.5,61.0,6.931
1765486502.300086,98,24,27,18,18,3.7638473510742188,60.5,61.0,6.931
1765486502.501315,98,24,27,18,18,3.7638473510742188,60.5,61.0,6.931
1765486502.702398,99,32,28,39,59,3.7633743286132812,60.5,61.5,7.48
1765486502.903592,99,32,28,39,59,3.7633743286132812,60.5,61.5,7.48
1765486503.1053941,99,29,17,19,27,3.7642440795898438,61.0,61.0,7.747
1765486503.3069856,99,29,17,19,27,3.7642440795898438,61.0,61.0,7.747
1765486503.50836,99,29,17,19,27,3.7642440795898438,61.0,61.0,7.747
1765486503.7094426,99,52,23,27,29,3.7654037475585938,60.5,61.5,7.974
1765486503.911076,99,52,23,27,29,3.7654037475585938,60.5,61.5,7.974
1765486504.113038,99,30,31,20,20,3.7646636962890625,61.0,61.0,7.36
1765486504.3144467,99,30,31,20,20,3.7646636962890625,61.0,61.0,7.36
1765486504.5156784,99,30,31,20,20,3.7646636962890625,61.0,61.0,7.36
1765486504.7181685,99,38,32,26,46,3.7643089294433594,60.5,61.0,7.587
1765486504.9191241,99,38,32,26,46,3.7643089294433594,60.5,61.0,7.587
1765486505.1201863,99,25,28,44,17,3.7659683227539062,61.0,61.0,7.854
1765486505.323134,99,25,28,44,17,3.7659683227539062,61.0,61.0,7.854
1765486505.5248733,99,25,28,44,17,3.7659683227539062,61.0,61.0,7.854
1765486505.7260807,99,40,20,19,30,3.7651329040527344,60.5,62.0,7.24
1765486505.9276009,99,40,20,19,30,3.7651329040527344,60.5,62.0,7.24
1765486506.1288877,99,40,20,19,30,3.7651329040527344,60.5,62.0,7.24
1765486506.3301938,99,34,22,37,32,3.766002655029297,61.0,61.5,7.468
1765486506.5314708,99,34,22,37,32,3.766002655029297,61.0,61.5,7.468
1765486506.7324364,99,36,39,41,33,3.765239715576172,60.5,62.0,7.388
1765486506.933928,99,36,39,41,33,3.765239715576172,60.5,62.0,7.388
1765486507.1351907,99,36,39,41,33,3.765239715576172,60.5,62.0,7.388
1765486507.337346,99,48,18,16,20,3.7669143676757812,60.5,61.5,7.667
1765486507.5400908,99,48,18,16,20,3.7669143676757812,60.5,61.5,7.667
1765486507.7411983,99,37,24,24,31,3.7659454345703125,60.0,62.0,7.131
1765486507.942524,99,37,24,24,31,3.7659454345703125,60.0,62.0,7.131
1765486508.1439798,99,37,24,24,31,3.7659454345703125,60.0,62.0,7.131
1765486508.346217,99,32,36,40,22,3.7661399841308594,61.0,61.0,7.12
1765486508.5476453,99,32,36,40,22,3.7661399841308594,61.0,61.0,7.12
1765486508.7487986,98,34,35,40,27,3.76641845703125,60.0,61.5,5.998
1765486508.9515855,98,34,35,40,27,3.76641845703125,60.0,61.5,5.998
1765486509.153338,98,34,35,40,27,3.76641845703125,60.0,61.5,5.998
1765486509.3550475,99,22,20,50,25,3.767059326171875,60.5,61.5,7.44
1765486509.5565703,99,22,20,50,25,3.767059326171875,60.5,61.5,7.44
1765486509.7581193,2,26,20,24,30,3.76629638671875,60.5,61.0,5.33
1765486509.959356,2,26,20,24,30,3.76629638671875,60.5,61.0,5.33
1765486510.1612086,2,26,20,24,30,3.76629638671875,60.5,61.0,5.33
1765486510.363551,99,28,32,58,31,3.7658538818359375,61.0,61.0,6.85
1765486510.5650718,99,28,32,58,31,3.7658538818359375,61.0,61.0,6.85
1765486510.7712548,99,30,22,35,26,3.766845703125,60.0,61.5,5.796
1765486510.973393,99,30,22,35,26,3.766845703125,60.0,61.5,5.796
1765486511.1757205,99,30,22,35,26,3.766845703125,60.0,61.5,5.796
1765486511.3815668,99,28,24,22,56,3.766033172607422,60.5,61.0,7.16
1765486511.5837104,99,28,24,22,56,3.766033172607422,60.5,61.0,7.16
1765486511.7853208,19,26,20,33,20,3.766407012939453,60.0,61.0,4.78
1765486511.9864898,19,26,20,33,20,3.766407012939453,60.0,61.0,4.78
1765486512.1883867,19,26,20,33,20,3.766407012939453,60.0,61.0,4.78
1765486512.3897872,99,36,27,28,56,3.7666587829589844,60.5,61.0,7.16
1765486512.5920703,99,36,27,28,56,3.7666587829589844,60.5,61.0,7.16
1765486512.7934415,2,23,32,28,28,3.76763916015625,60.0,61.5,5.298
1765486512.9944375,2,23,32,28,28,3.76763916015625,60.0,61.5,5.298
1765486513.1956823,2,23,32,28,28,3.76763916015625,60.0,61.5,5.298
1765486513.3972995,99,27,24,26,60,3.76666259765625,60.5,61.0,7.131
1765486513.5986824,99,27,24,26,60,3.76666259765625,60.5,61.0,7.131
1765486513.800039,99,24,23,24,26,3.766803741455078,60.5,61.0,5.015
1765486514.00116,99,24,23,24,26,3.766803741455078,60.5,61.0,5.015
1765486514.2024982,99,24,23,24,26,3.766803741455078,60.5,61.0,5.015
1765486514.4051661,99,27,32,37,72,3.7666587829589844,61.0,61.5,7.627
1765486514.6104062,99,27,32,37,72,3.7666587829589844,61.0,61.5,7.627
1765486514.8128488,96,23,21,16,17,3.767192840576172,60.5,61.0,6.229
1765486515.0139472,96,23,21,16,17,3.767192840576172,60.5,61.0,6.229
1765486515.2149737,96,23,21,16,17,3.767192840576172,60.5,61.0,6.229
1765486515.4160454,99,66,28,30,37,3.76708984375,61.0,61.5,7.32
1765486515.6173391,99,66,28,30,37,3.76708984375,61.0,61.5,7.32
1765486515.818913,99,24,24,24,14,3.7674026489257812,60.5,61.5,6.661
1765486516.0204074,99,24,24,24,14,3.7674026489257812,60.5,61.5,6.661
1765486516.2238538,99,24,24,24,14,3.7674026489257812,60.5,61.5,6.661
1765486516.4260595,99,49,28,60,31,3.767913818359375,60.5,62.0,8.359
1765486516.6276784,99,49,28,60,31,3.767913818359375,60.5,62.0,8.359
1765486516.8288388,98,18,16,14,17,3.7668685913085938,60.5,61.0,6.781
1765486517.0298786,98,18,16,14,17,3.7668685913085938,60.5,61.0,6.781
1765486517.2309947,98,18,16,14,17,3.7668685913085938,60.5,61.0,6.781
1765486517.432757,99,34,28,30,74,3.7676239013671875,60.5,61.5,7.507
1765486517.6342504,99,34,28,30,74,3.7676239013671875,60.5,61.5,7.507
1765486517.8353586,98,26,24,25,18,3.768157958984375,60.5,61.5,7.011
1765486518.0363672,98,26,24,25,18,3.768157958984375,60.5,61.5,7.011
1765486518.2374892,98,26,24,25,18,3.768157958984375,60.5,61.5,7.011
1765486518.438698,99,24,24,32,66,3.7683486938476562,60.5,62.0,8.12
1765486518.63997,99,24,24,32,66,3.7683486938476562,60.5,62.0,8.12
1765486518.8412116,99,24,24,32,66,3.7683486938476562,60.5,62.0,8.12
1765486519.0422287,99,21,25,14,14,3.767932891845703,60.5,61.0,7.051
1765486519.2432804,99,21,25,14,14,3.767932891845703,60.5,61.0,7.051
1765486519.445038,99,35,32,33,61,3.7678871154785156,60.5,61.5,7.707
1765486519.6467235,99,35,32,33,61,3.7678871154785156,60.5,61.5,7.707
1765486519.848161,99,35,32,33,61,3.7678871154785156,60.5,61.5,7.707
1765486520.0501237,99,20,32,25,12,3.767974853515625,61.0,61.5,7.587
1765486520.2511759,99,20,32,25,12,3.767974853515625,61.0,61.5,7.587
1765486520.452072,99,30,33,58,19,3.769054412841797,61.0,62.0,8.385
1765486520.6543176,99,30,33,58,19,3.769054412841797,61.0,62.0,8.385
1765486520.8569245,99,30,33,58,19,3.769054412841797,61.0,62.0,8.385
1765486521.058591,99,23,19,25,28,3.76849365234375,60.5,61.5,7.44
1765486521.2595673,99,23,19,25,28,3.76849365234375,60.5,61.5,7.44
1765486521.4606788,99,30,40,62,36,3.768413543701172,61.0,63.0,7.894
1765486521.6639926,99,30,40,62,36,3.768413543701172,61.0,63.0,7.894
1765486521.8659084,99,30,40,62,36,3.768413543701172,61.0,63.0,7.894
1765486522.067287,99,22,30,20,23,3.7688941955566406,60.5,61.5,8.001
1765486522.2684426,99,22,30,20,23,3.7688941955566406,60.5,61.5,8.001
1765486522.4694188,99,18,26,50,24,3.767913818359375,60.5,62.5,7.695
1765486522.671068,99,18,26,50,24,3.767913818359375,60.5,62.5,7.695
1765486522.874386,99,18,26,50,24,3.767913818359375,60.5,62.5,7.695
1765486523.078094,99,28,26,19,26,3.7689170837402344,60.5,61.0,6.821
1765486523.2809484,99,28,26,19,26,3.7689170837402344,60.5,61.0,6.821
1765486523.4820554,99,44,37,55,34,3.768871307373047,61.0,62.5,7.547
1765486523.6845534,99,44,37,55,34,3.768871307373047,61.0,62.5,7.547
1765486523.8867588,99,44,37,55,34,3.768871307373047,61.0,62.5,7.547
1765486524.08871,99,26,34,24,20,3.7699203491210938,60.5,62.0,7.974
1765486524.2902787,99,26,34,24,20,3.7699203491210938,60.5,62.0,7.974
1765486524.4940567,99,20,57,24,22,3.768871307373047,60.5,61.0,7.547
1765486524.6951437,99,20,57,24,22,3.768871307373047,60.5,61.0,7.547
1765486524.8972163,99,20,57,24,22,3.768871307373047,60.5,61.0,7.547
1765486525.0993838,99,36,30,14,26,3.7693023681640625,61.0,61.5,7.36
1765486525.300354,99,36,30,14,26,3.7693023681640625,61.0,61.5,7.36
1765486525.5013344,99,39,37,43,40,3.7695960998535156,60.5,62.0,7.775
1765486525.7025478,99,39,37,43,40,3.7695960998535156,60.5,62.0,7.775
1765486525.905181,99,39,37,43,40,3.7695960998535156,60.5,62.0,7.775
1765486526.1066957,99,22,12,36,16,3.7695083618164062,60.5,61.5,7.507
1765486526.3076131,99,22,12,36,16,3.7695083618164062,60.5,61.5,7.507
1765486526.5084996,99,28,38,39,24,3.7689895629882812,60.5,61.5,7.707
1765486526.7112072,99,28,38,39,24,3.7689895629882812,60.5,61.5,7.707
1765486526.912281,99,28,38,39,24,3.7689895629882812,60.5,61.5,7.707
1765486527.115252,99,24,40,30,21,3.7696189880371094,61.0,61.0,7.627
1765486527.316538,99,24,40,30,21,3.7696189880371094,61.0,61.0,7.627
1765486527.5177627,99,36,32,46,32,3.7703285217285156,60.5,62.0,7.974
1765486527.718933,99,36,32,46,32,3.7703285217285156,60.5,62.0,7.974
1765486527.9219506,99,36,32,46,32,3.7703285217285156,60.5,62.0,7.974
1765486528.123781,99,20,34,23,21,3.7695884704589844,61.0,61.0,7.4
1765486528.324968,99,20,34,23,21,3.7695884704589844,61.0,61.0,7.4
1765486528.5267327,99,32,39,34,31,3.7698097229003906,60.0,62.0,6.971
1765486528.727822,99,32,39,34,31,3.7698097229003906,60.0,62.0,6.971
1765486528.9291556,99,32,39,34,31,3.7698097229003906,60.0,62.0,6.971
1765486529.1324267,99,24,29,40,31,3.7705535888671875,60.5,61.0,7.547
1765486529.335576,99,24,29,40,31,3.7705535888671875,60.5,61.0,7.547
1765486529.5367405,99,24,29,40,31,3.7705535888671875,60.5,61.0,7.547
1765486529.7379014,61,26,27,26,32,3.770832061767578,60.0,63.5,5.988
1765486529.939424,61,26,27,26,32,3.770832061767578,60.0,63.5,5.988
1765486530.1409063,99,25,20,28,44,3.770641326904297,60.5,61.5,7.2
1765486530.3424802,99,25,20,28,44,3.770641326904297,60.5,61.5,7.2
1765486530.543474,99,25,20,28,44,3.770641326904297,60.5,61.5,7.2
1765486530.7444203,0,30,23,29,22,3.770519256591797,60.0,61.0,4.503
1765486530.9457593,0,30,23,29,22,3.770519256591797,60.0,61.0,4.503
1765486531.1515703,99,27,31,54,20,3.7710227966308594,60.5,61.0,7.16
1765486531.3546216,99,27,31,54,20,3.7710227966308594,60.5,61.0,7.16
1765486531.555926,99,27,31,54,20,3.7710227966308594,60.5,61.0,7.16
1765486531.7574644,78,24,25,14,20,3.772308349609375,60.0,62.0,5.371
1765486531.9631007,78,24,25,14,20,3.772308349609375,60.0,62.0,5.371
1765486532.1661968,99,40,24,28,46,3.7718429565429688,60.5,61.0,7.011
1765486532.3678408,99,40,24,28,46,3.7718429565429688,60.5,61.0,7.011
1765486532.5687773,99,40,24,28,46,3.7718429565429688,60.5,61.0,7.011
1765486532.7699015,18,23,22,29,30,3.7714462280273438,60.0,61.5,4.861
1765486532.970966,18,23,22,29,30,3.7714462280273438,60.0,61.5,4.861
1765486533.1722705,99,30,24,33,70,3.7723922729492188,60.5,61.5,7.667
1765486533.374638,99,30,24,33,70,3.7723922729492188,60.5,61.5,7.667
1765486533.5757706,99,30,24,33,70,3.7723922729492188,60.5,61.5,7.667
1765486533.7767384,99,14,24,8,14,3.7719192504882812,60.0,61.0,5.056
1765486533.9779265,99,14,24,8,14,3.7719192504882812,60.0,61.0,5.056
1765486534.1791146,99,26,75,28,33,3.772319793701172,61.0,61.5,7.468
1765486534.3807878,99,26,75,28,33,3.772319793701172,61.0,61.5,7.468
1765486534.5828886,99,26,75,28,33,3.772319793701172,61.0,61.5,7.468
1765486534.783996,99,25,25,20,20,3.7723922729492188,60.5,61.0,6.741
1765486534.9849615,99,25,25,20,20,3.7723922729492188,60.5,61.0,6.741
1765486535.1864119,99,26,26,34,61,3.7735023498535156,61.0,62.0,8.16
1765486535.3879042,99,26,26,34,61,3.7735023498535156,61.0,62.0,8.16
1765486535.5910234,99,26,26,34,61,3.7735023498535156,61.0,62.0,8.16
1765486535.7924054,99,27,14,17,21,3.7728652954101562,60.5,61.5,6.81
1765486535.9938028,99,27,14,17,21,3.7728652954101562,60.5,61.5,6.81
1765486536.1948187,99,58,29,30,46,3.7726783752441406,61.0,62.5,7.974
1765486536.3981545,99,58,29,30,46,3.7726783752441406,61.0,62.5,7.974
1765486536.60066,99,58,29,30,46,3.7726783752441406,61.0,62.5,7.974
1765486536.8019366,98,24,16,28,26,3.772747039794922,60.5,61.5,7.2
1765486537.0029917,98,24,16,28,26,3.772747039794922,60.5,61.5,7.2
1765486537.204049,99,29,56,31,16,3.7738571166992188,60.5,62.0,8.28
1765486537.4068136,99,29,56,31,16,3.7738571166992188,60.5,62.0,8.28
1765486537.6101966,99,29,56,31,16,3.7738571166992188,60.5,62.0,8.28
1765486537.8115318,99,28,26,20,17,3.773212432861328,60.5,61.5,7.131
1765486538.0147645,99,28,26,20,17,3.773212432861328,60.5,61.5,7.131
1765486538.2160022,99,38,39,55,40,3.773273468017578,61.0,61.5,7.894
1765486538.4180405,99,38,39,55,40,3.773273468017578,61.0,61.5,7.894
1765486538.6194425,99,38,39,55,40,3.773273468017578,61.0,61.5,7.894
1765486538.8207738,99,26,26,25,27,3.774059295654297,61.0,62.0,8.12
1765486539.0221655,99,26,26,25,27,3.774059295654297,61.0,62.0,8.12
1765486539.2232053,99,26,26,25,27,3.774059295654297,61.0,62.0,8.12
1765486539.4243984,99,22,68,16,16,3.7735939025878906,61.0,61.5,7.775
1765486539.6266007,99,22,68,16,16,3.7735939025878906,61.0,61.5,7.775
1765486539.828679,99,28,20,17,16,3.7733612060546875,61.0,61.5,7.468
1765486540.0309365,99,28,20,17,16,3.7733612060546875,61.0,61.5,7.468
1765486540.2322001,99,28,20,17,16,3.7733612060546875,61.0,61.5,7.468
1765486540.4341207,99,39,36,64,38,3.7736244201660156,61.0,62.0,7.775
1765486540.636038,99,39,36,64,38,3.7736244201660156,61.0,62.0,7.775
1765486540.837274,99,24,16,16,23,3.774768829345703,60.5,61.5,7.587
1765486541.038322,99,24,16,16,23,3.774768829345703,60.5,61.5,7.587
1765486541.2394798,99,24,16,16,23,3.774768829345703,60.5,61.5,7.587
1765486541.4404707,99,29,26,29,66,3.7743797302246094,61.0,61.5,7.854
1765486541.6420243,99,29,26,29,66,3.7743797302246094,61.0,61.5,7.854
1765486541.8442142,99,32,18,22,20,3.7742156982421875,60.5,61.5,6.891
1765486542.0455544,99,32,18,22,20,3.7742156982421875,60.5,61.5,6.891
1765486542.246831,99,32,18,22,20,3.7742156982421875,60.5,61.5,6.891
1765486542.4483063,99,29,43,38,44,3.7743492126464844,60.5,62.5,8.28
1765486542.6513855,99,29,43,38,44,3.7743492126464844,60.5,62.5,8.28
1765486542.853469,99,24,20,20,26,3.7746047973632812,60.5,61.5,7.24
1765486543.0551238,99,24,20,20,26,3.7746047973632812,60.5,61.5,7.24
1765486543.2563546,99,24,20,20,26,3.7746047973632812,60.5,61.5,7.24
1765486543.4578114,99,58,24,30,36,3.774383544921875,60.5,62.5,7.934
1765486543.6590397,99,58,24,30,36,3.774383544921875,60.5,62.5,7.934
1765486543.8608315,98,32,19,25,16,3.7741127014160156,61.0,61.5,7.011
1765486544.0622084,98,32,19,25,16,3.7741127014160156,61.0,61.5,7.011
1765486544.2632651,98,32,19,25,16,3.7741127014160156,61.0,61.5,7.011
1765486544.4645836,99,57,34,32,27,3.77569580078125,60.5,62.0,8.014
1765486544.666757,99,57,34,32,27,3.77569580078125,60.5,62.0,8.014
1765486544.8682342,99,26,22,10,21,3.774555206298828,60.5,61.5,7.56
1765486545.0707295,99,26,22,10,21,3.774555206298828,60.5,61.5,7.56
1765486545.2721033,99,26,22,10,21,3.774555206298828,60.5,61.5,7.56
1765486545.4731636,99,47,32,43,26,3.7751197814941406,60.0,62.5,7.24
1765486545.677543,99,47,32,43,26,3.7751197814941406,60.0,62.5,7.24
1765486545.879025,99,46,23,24,21,3.775737762451172,60.5,61.5,7.707
1765486546.081449,99,46,23,24,21,3.775737762451172,60.5,61.5,7.707
1765486546.28304,99,46,23,24,21,3.775737762451172,60.5,61.5,7.707
1765486546.484231,99,38,28,26,25,3.7759170532226562,60.5,62.5,7.28
1765486546.6861413,99,38,28,26,25,3.7759170532226562,60.5,62.5,7.28
1765486546.887562,98,42,24,20,17,3.775279998779297,60.5,61.5,7.2
1765486547.0889013,98,42,24,20,17,3.775279998779297,60.5,61.5,7.2
1765486547.2926087,98,42,24,20,17,3.775279998779297,60.5,61.5,7.2
1765486547.4937353,99,34,32,40,32,3.77606201171875,60.0,62.0,6.661
1765486547.6948082,99,34,32,40,32,3.77606201171875,60.0,62.0,6.661
1765486547.8958573,99,34,32,40,32,3.77606201171875,60.0,62.0,6.661
1765486548.0972555,99,30,22,56,28,3.776336669921875,60.5,61.5,7.587
1765486548.298358,99,30,22,56,28,3.776336669921875,60.5,61.5,7.587
1765486548.49977,0,24,23,18,27,3.7770614624023438,59.5,62.0,4.901
1765486548.7007465,0,24,23,18,27,3.7770614624023438,59.5,62.0,4.901
1765486548.9021168,0,24,23,18,27,3.7770614624023438,59.5,62.0,4.901
1765486549.1032228,99,49,41,27,24,3.7770462036132812,60.5,61.5,6.931
1765486549.3043978,99,49,41,27,24,3.7770462036132812,60.5,61.5,6.931
1765486549.506676,36,24,39,23,17,3.77679443359375,59.5,61.5,4.975
1765486549.707777,36,24,39,23,17,3.77679443359375,59.5,61.5,4.975
1765486549.9087794,36,24,39,23,17,3.77679443359375,59.5,61.5,4.975
1765486550.1118338,99,62,24,30,24,3.777759552001953,61.0,62.5,8.054
1765486550.3147478,99,62,24,30,24,3.777759552001953,61.0,62.5,8.054
1765486550.5162172,0,20,18,20,17,3.777149200439453,60.0,61.0,4.618
1765486550.717203,0,20,18,20,17,3.777149200439453,60.0,61.0,4.618
1765486550.9187756,0,20,18,20,17,3.777149200439453,60.0,61.0,4.618
1765486551.1203277,99,34,59,34,31,3.7778167724609375,60.5,61.5,7.131
1765486551.3217769,99,34,59,34,31,3.7778167724609375,60.5,61.5,7.131
1765486551.523085,99,28,23,22,31,3.7777252197265625,60.5,61.5,5.765
1765486551.7241223,99,28,23,22,31,3.7777252197265625,60.5,61.5,5.765
1765486551.9250395,99,28,23,22,31,3.7777252197265625,60.5,61.5,5.765
1765486552.127116,99,36,28,68,32,3.7701950073242188,61.0,62.0,8.346
1765486552.32901,99,36,28,68,32,3.7701950073242188,61.0,62.0,8.346
1765486552.5302854,99,18,21,18,12,3.769336700439453,61.0,61.0,6.43
1765486552.7315664,99,18,21,18,12,3.769336700439453,61.0,61.0,6.43
1765486552.9328604,99,18,21,18,12,3.769336700439453,61.0,61.0,6.43
1765486553.1359365,99,42,29,65,44,3.7703819274902344,61.0,62.0,7.735
1765486553.3378792,99,42,29,65,44,3.7703819274902344,61.0,62.0,7.735
1765486553.5392768,99,28,24,21,26,3.7703094482421875,61.0,62.0,7.36
1765486553.7403388,99,28,24,21,26,3.7703094482421875,61.0,62.0,7.36
1765486553.9440467,99,28,24,21,26,3.7703094482421875,61.0,62.0,7.36
1765486554.145376,99,20,18,64,20,3.7709426879882812,61.0,62.0,7.974
1765486554.347748,99,20,18,64,20,3.7709426879882812,61.0,62.0,7.974
1765486554.550077,99,28,21,18,22,3.7705001831054688,61.0,61.5,6.661
1765486554.7534654,99,28,21,18,22,3.7705001831054688,61.0,61.5,6.661
1765486554.9548373,99,28,21,18,22,3.7705001831054688,61.0,61.5,6.661
1765486555.1564565,99,37,32,42,61,3.7711563110351562,61.0,62.0,8.28
1765486555.3583126,99,37,32,42,61,3.7711563110351562,61.0,62.0,8.28
1765486555.559708,99,22,30,18,19,3.7716941833496094,61.0,62.0,8.054
1765486555.760757,99,22,30,18,19,3.7716941833496094,61.0,62.0,8.054
1765486555.961785,99,22,30,18,19,3.7716941833496094,61.0,62.0,8.054
1765486556.1629422,98,23,21,25,70,3.7706298828125,61.0,62.0,7.894
1765486556.3650289,98,23,21,25,70,3.7706298828125,61.0,62.0,7.894
1765486556.5676076,99,31,20,20,18,3.771442413330078,61.0,61.5,7.4
1765486556.7688148,99,31,20,20,18,3.771442413330078,61.0,61.5,7.4
1765486556.969831,99,31,20,20,18,3.771442413330078,61.0,61.5,7.4
1765486557.1712055,98,55,39,34,41,3.7716827392578125,61.0,62.5,7.854
1765486557.3740284,98,55,39,34,41,3.7716827392578125,61.0,62.5,7.854
1765486557.575416,99,18,19,18,17,3.7715187072753906,61.0,61.5,7.547
1765486557.7763915,99,18,19,18,17,3.7715187072753906,61.0,61.5,7.547
1765486557.9775667,99,18,19,18,17,3.7715187072753906,61.0,61.5,7.547
1765486558.178828,99,30,59,29,26,3.7717971801757812,61.0,61.5,7.934
1765486558.3810868,99,30,59,29,26,3.7717971801757812,61.0,61.5,7.934
1765486558.5829694,99,30,59,29,26,3.7717971801757812,61.0,61.5,7.934
1765486558.7840903,99,32,27,24,16,3.7722625732421875,60.5,61.5,6.971
1765486558.985296,99,32,27,24,16,3.7722625732421875,60.5,61.5,6.971
1765486559.186823,99,36,37,56,32,3.772724151611328,61.0,62.0,7.814
1765486559.388636,99,36,37,56,32,3.772724151611328,61.0,62.0,7.814
1765486559.5899796,99,36,37,56,32,3.772724151611328,61.0,62.0,7.814
1765486559.79132,99,22,19,32,18,3.7728843688964844,60.5,61.0,7.32
1765486559.9929242,99,22,19,32,18,3.7728843688964844,60.5,61.0,7.32
1765486560.194134,99,39,44,37,31,3.7731246948242188,61.0,62.0,7.735
1765486560.3952823,99,39,44,37,31,3.7731246948242188,61.0,62.0,7.735
1765486560.597371,99,39,44,37,31,3.7731246948242188,61.0,62.0,7.735
1765486560.801079,99,22,20,12,38,3.7735633850097656,61.0,61.5,7.4
1765486561.0022492,99,22,20,12,38,3.7735633850097656,61.0,61.5,7.4
1765486561.2034826,99,36,30,53,25,3.7746734619140625,60.5,62.0,7.735
1765486561.4059162,99,36,30,53,25,3.7746734619140625,60.5,62.0,7.735
1765486561.6085055,99,36,30,53,25,3.7746734619140625,60.5,62.0,7.735
1765486561.8101892,99,24,20,19,37,3.7737998962402344,60.5,61.5,7.547
1765486562.0119328,99,24,20,19,37,3.7737998962402344,60.5,61.5,7.547
1765486562.2132542,99,32,40,47,36,3.774364471435547,60.0,62.5,6.891
1765486562.4142709,99,32,40,47,36,3.774364471435547,60.0,62.5,6.891
1765486562.6163378,99,32,40,47,36,3.774364471435547,60.0,62.5,6.891
1765486562.8189723,99,20,16,12,49,3.7751007080078125,61.0,61.5,7.32
1765486563.0201836,99,20,16,12,49,3.7751007080078125,61.0,61.5,7.32
1765486563.2213678,58,31,21,36,28,3.775829315185547,60.0,62.0,6.159
1765486563.4228199,58,31,21,36,28,3.775829315185547,60.0,62.0,6.159
1765486563.6243906,58,31,21,36,28,3.775829315185547,60.0,62.0,6.159
1765486563.8259013,99,33,22,20,47,3.7752113342285156,61.0,61.5,7.16
1765486564.0273743,99,33,22,20,47,3.7752113342285156,61.0,61.5,7.16
1765486564.2286174,0,26,28,20,30,3.775287628173828,60.0,61.0,4.739
1765486564.4302065,0,26,28,20,30,3.775287628173828,60.0,61.0,4.739
1765486564.6316743,0,26,28,20,30,3.775287628173828,60.0,61.0,4.739
1765486564.8330836,99,66,30,25,20,3.7761001586914062,61.0,61.5,7.12
1765486565.0348885,99,66,30,25,20,3.7761001586914062,61.0,61.5,7.12
1765486565.2361412,99,25,24,16,10,3.776531219482422,60.0,61.0,5.492
1765486565.4373302,99,25,24,16,10,3.776531219482422,60.0,61.0,5.492
1765486565.6394212,99,25,24,16,10,3.776531219482422,60.0,61.0,5.492
1765486565.8413105,99,41,28,44,28,3.7758026123046875,61.0,61.5,6.85
1765486566.042474,99,41,28,44,28,3.7758026123046875,61.0,61.5,6.85
1765486566.2435212,99,33,28,31,26,3.7763214111328125,60.0,61.0,5.177
1765486566.4446502,99,33,28,31,26,3.7763214111328125,60.0,61.0,5.177
1765486566.6458611,99,33,28,31,26,3.7763214111328125,60.0,61.0,5.177
1765486566.8476298,99,64,23,28,28,3.777385711669922,61.0,61.5,7.894
1765486567.049095,99,64,23,28,28,3.777385711669922,61.0,61.5,7.894
1765486567.2501411,25,18,20,26,16,3.776630401611328,60.0,61.5,4.618
1765486567.4513412,25,18,20,26,16,3.776630401611328,60.0,61.5,4.618
1765486567.6523345,25,18,20,26,16,3.776630401611328,60.0,61.5,4.618
1765486567.8544095,99,34,39,64,36,3.777484893798828,61.0,61.5,7.28
1765486568.055856,99,34,39,64,36,3.777484893798828,61.0,61.5,7.28
1765486568.256914,99,34,39,64,36,3.777484893798828,61.0,61.5,7.28
1765486568.458545,96,25,22,20,35,3.777667999267578,60.5,62.5,5.411
1765486568.6603186,96,25,22,20,35,3.777667999267578,60.5,62.5,5.411
1765486568.8613355,99,30,20,34,65,3.778667449951172,61.5,62.0,7.974
1765486569.0641484,99,30,20,34,65,3.778667449951172,61.5,62.0,7.974
1765486569.2661417,99,30,20,34,65,3.778667449951172,61.5,62.0,7.974
1765486569.467426,99,20,21,18,12,3.777721405029297,60.5,61.0,5.653
1765486569.6687121,99,20,21,18,12,3.777721405029297,60.5,61.0,5.653
1765486569.8710818,99,32,40,56,41,3.7783851623535156,61.0,62.0,7.12
1765486570.0723913,99,32,40,56,41,3.7783851623535156,61.0,62.0,7.12
1765486570.2735913,99,32,40,56,41,3.7783851623535156,61.0,62.0,7.12
1765486570.4752595,99,18,28,32,20,3.7786216735839844,61.0,61.5,6.781
1765486570.6765704,99,18,28,32,20,3.7786216735839844,61.0,61.5,6.781
1765486570.8777902,99,26,25,62,30,3.7796592712402344,61.0,62.5,7.854
1765486571.0801113,99,26,25,62,30,3.7796592712402344,61.0,62.5,7.854
1765486571.2823644,99,26,25,62,30,3.7796592712402344,61.0,62.5,7.854
1765486571.484087,99,18,26,14,26,3.7792892456054688,61.0,61.5,6.661
1765486571.6853008,99,18,26,14,26,3.7792892456054688,61.0,61.5,6.661
1765486571.886413,99,33,35,52,47,3.779308319091797,61.0,61.5,7.24
1765486572.0885568,99,33,35,52,47,3.779308319091797,61.0,61.5,7.24
1765486572.290119,99,33,35,52,47,3.779308319091797,61.0,61.5,7.24
1765486572.4909966,99,27,20,28,25,3.779644012451172,61.0,61.5,7.32
1765486572.692151,99,27,20,28,25,3.779644012451172,61.0,61.5,7.32
1765486572.8933403,99,26,24,77,22,3.7785186767578125,61.5,61.5,7.894
1765486573.0946796,99,26,24,77,22,3.7785186767578125,61.5,61.5,7.894
1765486573.2964208,99,26,24,77,22,3.7785186767578125,61.5,61.5,7.894
1765486573.4985707,98,25,27,21,27,3.7787704467773438,61.0,61.0,6.85
1765486573.700052,98,25,27,21,27,3.7787704467773438,61.0,61.0,6.85
1765486573.901493,99,50,28,44,43,3.7786102294921875,61.0,61.5,7.747
1765486574.1035755,99,50,28,44,43,3.7786102294921875,61.0,61.5,7.747
1765486574.3048308,99,50,28,44,43,3.7786102294921875,61.0,61.5,7.747
1765486574.5059078,98,24,22,17,16,3.7798423767089844,61.0,61.5,7.32
1765486574.7072253,98,24,22,17,16,3.7798423767089844,61.0,61.5,7.32
1765486574.9082024,98,36,27,26,69,3.779102325439453,61.5,61.5,7.814
1765486575.1133664,98,36,27,26,69,3.779102325439453,61.5,61.5,7.814
1765486575.3155231,98,36,27,26,69,3.779102325439453,61.5,61.5,7.814
1765486575.5167713,99,16,28,21,28,3.77972412109375,61.0,61.5,6.821
1765486575.7181883,99,16,28,21,28,3.77972412109375,61.0,61.5,6.821
1765486575.9192314,99,47,43,50,44,3.7736854553222656,61.0,62.0,8.24
1765486576.1210668,99,47,43,50,44,3.7736854553222656,61.0,62.0,8.24
1765486576.3227787,99,47,43,50,44,3.7736854553222656,61.0,62.0,8.24
1765486576.523809,99,14,23,19,17,3.7741928100585938,61.0,61.5,7.627
1765486576.724959,99,14,23,19,17,3.7741928100585938,61.0,61.5,7.627
1765486576.9267502,99,14,23,19,17,3.7741928100585938,61.0,61.5,7.627
1765486577.1279287,99,69,26,26,24,3.7741775512695312,61.0,62.5,7.934
1765486577.3294718,99,69,26,26,24,3.7741775512695312,61.0,62.5,7.934
1765486577.5314405,99,25,17,25,21,3.7746047973632812,61.0,61.5,7.44
1765486577.7328794,99,25,17,25,21,3.7746047973632812,61.0,61.5,7.44
1765486577.934183,99,25,17,25,21,3.7746047973632812,61.0,61.5,7.44
1765486578.1371932,99,44,30,47,50,3.7758216857910156,61.5,62.5,8.505
1765486578.3394957,99,44,30,47,50,3.7758216857910156,61.5,62.5,8.505
1765486578.5408018,99,28,20,10,15,3.7751922607421875,61.0,61.0,6.931
1765486578.7419937,99,28,20,10,15,3.7751922607421875,61.0,61.0,6.931
1765486578.943163,99,28,20,10,15,3.7751922607421875,61.0,61.0,6.931
1765486579.1445985,99,29,43,57,33,3.7753143310546875,61.5,62.5,7.747
1765486579.3458455,99,29,43,57,33,3.7753143310546875,61.5,62.5,7.747
1765486579.5478423,98,22,21,26,24,3.7746047973632812,61.0,61.5,7.08
1765486579.7495759,98,22,21,26,24,3.7746047973632812,61.0,61.5,7.08
1765486579.951127,98,22,21,26,24,3.7746047973632812,61.0,61.5,7.08
1765486580.1524577,99,33,57,31,26,3.7755279541015625,61.0,62.5,8.001
1765486580.3551474,99,33,57,31,26,3.7755279541015625,61.0,62.5,8.001
1765486580.5567293,99,21,26,22,22,3.7753143310546875,61.0,61.5,7.051
1765486580.758005,99,21,26,22,22,3.7753143310546875,61.0,61.5,7.051
1765486580.959156,99,21,26,22,22,3.7753143310546875,61.0,61.5,7.051
1765486581.1604273,99,47,32,32,32,3.7755508422851562,61.0,62.0,7.547
1765486581.36151,99,47,32,32,32,3.7755508422851562,61.0,62.0,7.547
1765486581.5628657,99,46,26,25,19,3.7757492065429688,61.0,61.5,7.854
1765486581.7645662,99,46,26,25,19,3.7757492065429688,61.0,61.5,7.854
1765486581.9660017,99,46,26,25,19,3.7757492065429688,61.0,61.5,7.854
1765486582.1672275,99,39,32,24,24,3.7761154174804688,61.0,62.0,7.814
1765486582.3681424,99,39,32,24,24,3.7761154174804688,61.0,62.0,7.814
1765486582.5700042,99,26,29,26,34,3.776142120361328,61.0,61.5,7.2
1765486582.7712178,99,26,29,26,34,3.776142120361328,61.0,61.5,7.2
1765486582.9726448,99,26,29,26,34,3.776142120361328,61.0,61.5,7.2
1765486583.1739793,99,30,32,42,32,3.775787353515625,60.5,62.0,6.078
1765486583.375544,99,30,32,42,32,3.775787353515625,60.5,62.0,6.078
1765486583.5768292,99,24,16,54,16,3.777759552001953,61.0,61.5,7.894
1765486583.779325,99,24,16,54,16,3.777759552001953,61.0,61.5,7.894
1765486583.9807677,99,24,16,54,16,3.777759552001953,61.0,61.5,7.894
1765486584.1821756,90,18,23,32,20,3.7768402099609375,61.0,62.0,6.58
1765486584.3837044,90,18,23,32,20,3.7768402099609375,61.0,62.0,6.58
1765486584.5849862,99,37,38,35,37,3.7764892578125,61.0,61.0,7.507
1765486584.7865138,99,37,38,35,37,3.7764892578125,61.0,61.0,7.507
1765486584.9876122,99,37,38,35,37,3.7764892578125,61.0,61.0,7.507
1765486585.1887538,0,28,22,26,37,3.7769775390625,59.5,61.5,4.585
1765486585.390193,0,28,22,26,37,3.7769775390625,59.5,61.5,4.585
1765486585.591642,0,28,22,26,37,3.7769775390625,59.5,61.5,4.585
1765486585.7939684,99,18,22,53,22,3.7782821655273438,60.5,61.5,7.32
1765486585.9953432,99,18,22,53,22,3.7782821655273438,60.5,61.5,7.32
1765486586.1964316,66,20,23,32,20,3.7777481079101562,60.0,61.0,4.861
1765486586.3978124,66,20,23,32,20,3.7777481079101562,60.0,61.0,4.861
1765486586.5993388,66,20,23,32,20,3.7777481079101562,60.0,61.0,4.861
1765486586.802554,99,29,40,38,56,3.7788543701171875,61.0,61.5,7.051
1765486587.0039544,99,29,40,38,56,3.7788543701171875,61.0,61.5,7.051
1765486587.2051232,25,33,17,29,26,3.778736114501953,60.5,61.5,5.209
1765486587.406352,25,33,17,29,26,3.778736114501953,60.5,61.5,5.209
1765486587.6073027,25,33,17,29,26,3.778736114501953,60.5,61.5,5.209
1765486587.8085518,99,18,26,60,17,3.779064178466797,61.0,61.5,7.32
1765486588.0116706,99,18,26,60,17,3.779064178466797,61.0,61.5,7.32
1765486588.2134638,27,32,29,24,18,3.778900146484375,60.0,61.0,4.625
1765486588.4147842,27,32,29,24,18,3.778900146484375,60.0,61.0,4.625
1765486588.6167119,27,32,29,24,18,3.778900146484375,60.0,61.0,4.625
1765486588.8182797,99,29,41,36,44,3.7793426513671875,60.5,61.5,7.051
1765486589.0202496,99,29,41,36,44,3.7793426513671875,60.5,61.5,7.051
1765486589.2217226,99,23,30,22,14,3.7803497314453125,61.0,62.0,6.781
1765486589.4228518,99,23,30,22,14,3.7803497314453125,61.0,62.0,6.781
1765486589.6241026,99,23,30,22,14,3.7803497314453125,61.0,62.0,6.781
1765486589.8252792,99,58,34,26,21,3.7797775268554688,60.5,61.5,7.24
1765486590.026627,99,58,34,26,21,3.7797775268554688,60.5,61.5,7.24
1765486590.2277668,99,26,20,22,28,3.7803268432617188,61.0,61.5,6.661
1765486590.4289017,99,26,20,22,28,3.7803268432617188,61.0,61.5,6.661
1765486590.6302986,99,26,20,22,28,3.7803268432617188,61.0,61.5,6.661
1765486590.832816,99,61,34,44,38,3.7806358337402344,61.0,62.0,7.974
1765486591.036084,99,61,34,44,38,3.7806358337402344,61.0,62.0,7.974
1765486591.2378001,99,20,18,12,21,3.781017303466797,61.0,61.5,7.24
1765486591.4388225,99,20,18,12,21,3.781017303466797,61.0,61.5,7.24
1765486591.6398594,99,20,18,12,21,3.781017303466797,61.0,61.5,7.24
1765486591.8407922,99,29,27,72,18,3.7804832458496094,61.0,61.5,7.587
1765486592.043844,99,29,27,72,18,3.7804832458496094,61.0,61.5,7.587
1765486592.2452626,98,20,30,20,22,3.780498504638672,61.0,61.5,6.661
1765486592.4463646,98,20,30,20,22,3.780498504638672,61.0,61.5,6.661
1765486592.6474986,98,20,30,20,22,3.780498504638672,61.0,61.5,6.661
1765486592.8494203,99,64,22,36,38,3.7810592651367188,61.0,62.0,8.054
1765486593.051503,99,64,22,36,38,3.7810592651367188,61.0,62.0,8.054
1765486593.2532058,99,20,19,24,13,3.7808685302734375,61.0,62.0,7.16
1765486593.4543605,99,20,19,24,13,3.7808685302734375,61.0,62.0,7.16
1765486593.655432,99,20,19,24,13,3.7808685302734375,61.0,62.0,7.16
1765486593.8568494,99,33,37,56,26,3.781414031982422,61.0,62.0,7.854
1765486594.0581348,99,33,37,56,26,3.781414031982422,61.0,62.0,7.854
1765486594.264156,99,28,20,22,22,3.7816238403320312,61.0,62.0,7.587
1765486594.4651713,99,28,20,22,22,3.7816238403320312,61.0,62.0,7.587
1765486594.6664202,99,28,20,22,22,3.7816238403320312,61.0,62.0,7.587
1765486594.8677943,99,30,32,35,66,3.7825164794921875,61.0,62.5,8.2
1765486595.0706618,99,30,32,35,66,3.7825164794921875,61.0,62.5,8.2
1765486595.2721114,99,22,22,21,18,3.7821311950683594,61.0,62.0,7.16
1765486595.4730577,99,22,22,21,18,3.7821311950683594,61.0,62.0,7.16
1765486595.6741028,99,22,22,21,18,3.7821311950683594,61.0,62.0,7.16
1765486595.875145,99,62,25,30,40,3.782238006591797,61.0,63.0,7.735
1765486596.0763385,99,62,25,30,40,3.782238006591797,61.0,63.0,7.735
1765486596.277498,98,34,42,26,22,3.7796974182128906,61.5,62.0,7.707
1765486596.479317,98,34,42,26,22,3.7796974182128906,61.5,62.0,7.707
1765486596.6804457,98,34,42,26,22,3.7796974182128906,61.5,62.0,7.707
1765486596.8815844,99,33,25,28,47,3.7803611755371094,60.5,62.0,7.36
1765486597.0842752,99,33,25,28,47,3.7803611755371094,60.5,62.0,7.36
1765486597.2855916,99,33,25,28,47,3.7803611755371094,60.5,62.0,7.36
1765486597.4868026,99,24,24,34,28,3.7793846130371094,61.0,61.5,7.735
1765486597.687788,99,24,24,34,28,3.7793846130371094,61.0,61.5,7.735
1765486597.8888674,99,25,25,41,34,3.779766082763672,61.0,62.0,7.051
1765486598.090458,99,25,25,41,34,3.779766082763672,61.0,62.0,7.051
1765486598.2916985,99,25,25,41,34,3.779766082763672,61.0,62.0,7.051
1765486598.493793,99,50,22,22,26,3.7798843383789062,61.0,62.0,7.695
1765486598.695457,99,50,22,22,26,3.7798843383789062,61.0,62.0,7.695
1765486598.8969212,99,30,29,25,18,3.779632568359375,60.5,62.0,7.16
1765486599.0983384,99,30,29,25,18,3.779632568359375,60.5,62.0,7.16
1765486599.3011346,99,30,29,25,18,3.779632568359375,60.5,62.0,7.16
1765486599.5034025,99,29,28,45,29,3.7795333862304688,61.0,62.0,7.32
1765486599.7044573,99,29,28,45,29,3.7795333862304688,61.0,62.0,7.32
1765486599.905394,99,24,33,22,39,3.7799224853515625,60.5,62.5,6.38
1765486600.1079757,99,24,33,22,39,3.7799224853515625,60.5,62.5,6.38
1765486600.3099313,99,24,33,22,39,3.7799224853515625,60.5,62.5,6.38
1765486600.5120296,99,14,26,22,52,3.7808074951171875,61.0,62.0,8.014
1765486600.7142656,99,14,26,22,52,3.7808074951171875,61.0,62.0,8.014
1765486600.9154277,99,29,22,24,23,3.7805862426757812,60.5,62.5,6.118
1765486601.1166072,99,29,22,24,23,3.7805862426757812,60.5,62.5,6.118
1765486601.318125,99,29,22,24,23,3.7805862426757812,60.5,62.5,6.118
1765486601.521027,99,34,42,38,29,3.780426025390625,61.0,62.0,7.468
1765486601.7224724,99,34,42,38,29,3.780426025390625,61.0,62.0,7.468
1765486601.9233673,0,38,24,28,25,3.7804832458496094,60.0,61.5,4.739
1765486602.1243677,0,38,24,28,25,3.7804832458496094,60.0,61.5,4.739
1765486602.3253877,0,38,24,28,25,3.7804832458496094,60.0,61.5,4.739
1765486602.52638,99,16,38,66,16,3.7849769592285156,61.0,62.0,7.507
1765486602.7285445,99,16,38,66,16,3.7849769592285156,61.0,62.0,7.507
1765486602.9299505,96,26,25,20,16,3.784648895263672,60.5,61.0,5.258
1765486603.1309958,96,26,25,20,16,3.784648895263672,60.5,61.0,5.258
1765486603.3320556,96,26,25,20,16,3.784648895263672,60.5,61.0,5.258
1765486603.5344205,99,41,35,68,42,3.7845115661621094,61.0,62.5,8.24
1765486603.736318,99,41,35,68,42,3.7845115661621094,61.0,62.5,8.24
1765486603.9373534,99,23,19,27,25,3.785015106201172,61.0,61.5,7.667
1765486604.1381965,99,23,19,27,25,3.785015106201172,61.0,61.5,7.667
1765486604.3395197,99,23,19,27,25,3.785015106201172,61.0,61.5,7.667
1765486604.542773,99,27,31,34,48,3.785045623779297,60.5,62.5,8.041
1765486604.744841,99,27,31,34,48,3.785045623779297,60.5,62.5,8.041
1765486604.9463248,99,27,31,34,48,3.785045623779297,60.5,62.5,8.041
1765486605.1473637,99,26,22,25,29,3.785015106201172,61.0,62.0,7.2
1765486605.3485434,99,26,22,25,29,3.785015106201172,61.0,62.0,7.2
1765486605.549797,99,43,38,47,27,3.7854881286621094,61.0,62.5,7.507
1765486605.7518845,99,43,38,47,27,3.7854881286621094,61.0,62.5,7.507
1765486605.9534507,99,43,38,47,27,3.7854881286621094,61.0,62.5,7.507
1765486606.1551714,98,26,19,36,22,3.7861366271972656,61.0,62.0,7.894
1765486606.3567688,98,26,19,36,22,3.7861366271972656,61.0,62.0,7.894
1765486606.5580437,99,29,39,25,36,3.785839080810547,61.0,61.5,7.667
1765486606.7593625,99,29,39,25,36,3.785839080810547,61.0,61.5,7.667
1765486606.961304,99,29,39,25,36,3.785839080810547,61.0,61.5,7.667
1765486607.1641026,99,28,29,38,17,3.78619384765625,61.0,62.0,7.2
1765486607.3662884,99,28,29,38,17,3.78619384765625,61.0,62.0,7.2
1765486607.5675807,99,28,40,41,43,3.7864303588867188,60.5,62.0,7.091
1765486607.7689307,99,28,40,41,43,3.7864303588867188,60.5,62.0,7.091
1765486607.9702463,99,28,40,41,43,3.7864303588867188,60.5,62.0,7.091
1765486608.172344,99,47,18,17,16,3.7878341674804688,61.5,62.5,8.081
1765486608.373842,99,47,18,17,16,3.7878341674804688,61.5,62.5,8.081
1765486608.574963,99,28,17,27,40,3.7874908447265625,60.5,62.5,6.77
1765486608.77609,99,28,17,27,40,3.7874908447265625,60.5,62.5,6.77
1765486608.9788175,99,28,17,27,40,3.7874908447265625,60.5,62.5,6.77
1765486609.181339,99,23,23,31,48,3.7876853942871094,61.5,62.0,7.4
1765486609.3829374,99,23,23,31,48,3.7876853942871094,61.5,62.0,7.4
1765486609.584169,0,32,28,26,27,3.78741455078125,61.0,62.0,5.023
1765486609.785275,0,32,28,26,27,3.78741455078125,61.0,62.0,5.023
1765486609.9868917,0,32,28,26,27,3.78741455078125,61.0,62.0,5.023
1765486610.1881883,99,24,62,17,16,3.787914276123047,61.0,61.5,7.507
1765486610.3907878,99,24,62,17,16,3.787914276123047,61.0,61.5,7.507
1765486610.5921881,60,26,25,20,20,3.7877159118652344,60.5,61.5,4.739
1765486610.7932785,60,26,25,20,20,3.7877159118652344,60.5,61.5,4.739
1765486610.9945865,60,26,25,20,20,3.7877159118652344,60.5,61.5,4.739
1765486611.1973372,99,35,29,53,35,3.7882652282714844,61.0,62.0,6.971
1765486611.400467,99,35,29,53,35,3.7882652282714844,61.0,62.0,6.971
1765486611.6020703,48,29,22,14,24,3.789165496826172,61.0,61.5,5.532
1765486611.8034115,48,29,22,14,24,3.789165496826172,61.0,61.5,5.532
1765486612.0058682,48,29,22,14,24,3.789165496826172,61.0,61.5,5.532
1765486612.20735,99,24,25,32,50,3.7885589599609375,61.0,61.5,7.24
1765486612.4094405,99,24,25,32,50,3.7885589599609375,61.0,61.5,7.24
1765486612.6110003,92,24,18,26,24,3.788776397705078,60.5,61.0,6.43
1765486612.8121386,92,24,18,26,24,3.788776397705078,60.5,61.0,6.43
1765486613.0132895,92,24,18,26,24,3.788776397705078,60.5,61.0,6.43
1765486613.2151213,99,43,38,55,37,3.7892379760742188,61.0,61.5,7.587
1765486613.4181643,99,43,38,55,37,3.7892379760742188,61.0,61.5,7.587
1765486613.6194513,99,24,24,14,14,3.7900772094726562,61.0,62.0,7.507
1765486613.8207886,99,24,24,14,14,3.7900772094726562,61.0,62.0,7.507
1765486614.0236082,99,24,24,14,14,3.7900772094726562,61.0,62.0,7.507
1765486614.2246757,99,28,28,69,28,3.789764404296875,61.0,62.0,7.974
1765486614.4261107,99,28,28,69,28,3.789764404296875,61.0,62.0,7.974
1765486614.6272924,99,28,28,69,28,3.789764404296875,61.0,62.0,7.974
1765486614.828553,98,30,18,16,16,3.7900161743164062,61.0,61.5,6.741
1765486615.029831,98,30,18,16,16,3.7900161743164062,61.0,61.5,6.741
1765486615.231764,99,41,33,50,50,3.7900848388671875,61.0,62.5,8.12
1765486615.4357839,99,41,33,50,50,3.7900848388671875,61.0,62.5,8.12
1765486615.637284,99,41,33,50,50,3.7900848388671875,61.0,62.5,8.12
1765486615.8383694,99,16,18,27,8,3.7903289794921875,61.5,62.0,7.36
1765486616.039344,99,16,18,27,8,3.7903289794921875,61.5,62.0,7.36
1765486616.2410116,99,33,34,61,25,3.790374755859375,61.5,62.5,7.894
1765486616.4425113,99,33,34,61,25,3.790374755859375,61.5,62.5,7.894
1765486616.6438103,99,33,34,61,25,3.790374755859375,61.5,62.5,7.894
1765486616.8449452,99,28,22,22,25,3.7906417846679688,61.0,61.5,7.547
1765486617.0463603,99,28,22,22,25,3.7906417846679688,61.0,61.5,7.547
1765486617.2473836,99,53,43,35,40,3.7871551513671875,61.5,63.0,8.703
1765486617.449805,99,53,43,35,40,3.7871551513671875,61.5,63.0,8.703
1765486617.652804,99,53,43,35,40,3.7871551513671875,61.5,63.0,8.703
1765486617.8541937,99,22,19,18,18,3.785625457763672,61.0,61.5,7.12
1765486618.0552366,99,22,19,18,18,3.785625457763672,61.0,61.5,7.12
1765486618.2562609,99,40,64,22,27,3.785564422607422,61.0,61.5,7.667
1765486618.4575574,99,40,64,22,27,3.785564422607422,61.0,61.5,7.667
1765486618.659404,99,40,64,22,27,3.785564422607422,61.0,61.5,7.667
1765486618.861273,99,22,22,21,26,3.7862014770507812,61.5,62.0,7.2
1765486619.0623956,99,22,22,21,26,3.7862014770507812,61.5,62.0,7.2
1765486619.2635415,99,27,49,34,35,3.7863197326660156,61.0,62.5,8.094
1765486619.4652143,99,27,49,34,35,3.7863197326660156,61.0,62.5,8.094
1765486619.668135,99,27,49,34,35,3.7863197326660156,61.0,62.5,8.094
1765486619.8699625,99,27,26,23,22,3.7853851318359375,61.0,61.5,7.051
1765486620.0708768,99,27,26,23,22,3.7853851318359375,61.0,61.5,7.051
1765486620.2718897,99,36,31,49,49,3.786029815673828,61.5,62.5,8.014
1765486620.4730582,99,36,31,49,49,3.786029815673828,61.5,62.5,8.014
1765486620.6747038,99,36,31,49,49,3.786029815673828,61.5,62.5,8.014
1765486620.875864,99,27,44,33,64,3.7733726501464844,61.5,63.0,8.769
1765486621.0770192,99,27,44,33,64,3.7733726501464844,61.5,63.0,8.769
1765486621.2782211,99,28,28,30,34,3.7717666625976562,60.5,62.0,6.31
1765486621.4802434,99,28,28,30,34,3.7717666625976562,60.5,62.0,6.31
1765486621.6820781,99,28,28,30,34,3.7717666625976562,60.5,62.0,6.31
1765486621.8844905,99,22,27,26,50,3.771717071533203,61.0,62.0,7.787
1765486622.0857735,99,22,27,26,50,3.771717071533203,61.0,62.0,7.787
1765486622.2977488,4,32,38,32,28,3.7708892822265625,60.5,62.5,5.837
1765486622.4990544,4,32,38,32,28,3.7708892822265625,60.5,62.5,5.837
1765486622.7002056,4,32,38,32,28,3.7708892822265625,60.5,62.5,5.837
1765486622.902195,99,23,23,28,61,3.772022247314453,61.0,62.0,7.934
1765486623.1045995,99,23,23,28,61,3.772022247314453,61.0,62.0,7.934
1765486623.3064718,0,16,19,28,12,3.7710304260253906,60.5,61.5,4.658
1765486623.5075765,0,16,19,28,12,3.7710304260253906,60.5,61.5,4.658
1765486623.7093477,0,16,19,28,12,3.7710304260253906,60.5,61.5,4.658
1765486623.9110608,99,33,36,52,29,3.7715225219726562,61.0,61.5,6.891
1765486624.1124086,99,33,36,52,29,3.7715225219726562,61.0,61.5,6.891
1765486624.313714,99,24,24,27,32,3.771533966064453,60.5,61.5,5.532
1765486624.5148058,99,24,24,27,32,3.771533966064453,60.5,61.5,5.532
1765486624.7168524,99,24,24,27,32,3.771533966064453,60.5,61.5,5.532
1765486624.9185023,99,27,62,24,29,3.7734451293945312,61.5,62.0,7.775
1765486625.1200185,99,27,62,24,29,3.7734451293945312,61.5,62.0,7.775
1765486625.3211575,99,27,62,24,29,3.7734451293945312,61.5,62.0,7.775
1765486625.5226033,19,24,26,26,17,3.7723350524902344,60.0,62.0,4.78
1765486625.7238085,19,24,26,26,17,3.7723350524902344,60.0,62.0,4.78
1765486625.9253576,99,45,30,48,36,3.7721595764160156,61.0,61.5,7.091
1765486626.1265619,99,45,30,48,36,3.7721595764160156,61.0,61.5,7.091
1765486626.3274934,99,45,30,48,36,3.7721595764160156,61.0,61.5,7.091
1765486626.5285738,12,30,32,23,33,3.7730178833007812,60.5,62.5,5.564
1765486626.7311003,12,30,32,23,33,3.7730178833007812,60.5,62.5,5.564
1765486626.9326506,99,24,20,60,20,3.7729568481445312,61.0,62.0,7.388
1765486627.134158,99,24,20,60,20,3.7729568481445312,61.0,62.0,7.388
1765486627.3372533,99,24,20,60,20,3.7729568481445312,61.0,62.0,7.388
1765486627.5387912,99,24,26,18,25,3.7729148864746094,60.5,61.0,5.136
1765486627.739923,99,24,26,18,25,3.7729148864746094,60.5,61.0,5.136
1765486627.9421346,99,46,38,56,29,3.7733840942382812,61.0,62.0,7.32
1765486628.1439304,99,46,38,56,29,3.7733840942382812,61.0,62.0,7.32
1765486628.3452687,99,46,38,56,29,3.7733840942382812,61.0,62.0,7.32
1765486628.5464118,99,26,28,18,23,3.774494171142578,61.0,62.0,7.28
1765486628.7475612,99,26,28,18,23,3.774494171142578,61.0,62.0,7.28
1765486628.9487653,99,27,51,46,20,3.7735328674316406,61.0,62.5,7.854
1765486629.1502447,99,27,51,46,20,3.7735328674316406,61.0,62.5,7.854
1765486629.3520515,99,27,51,46,20,3.7735328674316406,61.0,62.5,7.854
1765486629.5532436,98,26,22,20,18,3.7742576599121094,61.0,61.5,6.85
1765486629.7543213,98,26,22,20,18,3.7742576599121094,61.0,61.5,6.85
1765486629.9553454,99,54,38,41,40,3.7743301391601562,61.0,62.0,7.934
1765486630.1572573,99,54,38,41,40,3.7743301391601562,61.0,62.0,7.934
1765486630.3586557,99,54,38,41,40,3.7743301391601562,61.0,62.0,7.934
1765486630.5597634,99,21,24,18,21,3.7752418518066406,61.0,62.0,7.44
1765486630.760875,99,21,24,18,21,3.7752418518066406,61.0,62.0,7.44
1765486630.962269,99,15,28,32,67,3.7746353149414062,61.0,62.0,7.587
1765486631.163332,99,15,28,32,67,3.7746353149414062,61.0,62.0,7.587
1765486631.3647094,99,15,28,32,67,3.7746353149414062,61.0,62.0,7.587
1765486631.5656688,99,26,26,20,22,3.7744407653808594,61.0,61.5,7.2
1765486631.7672527,99,26,26,20,22,3.7744407653808594,61.0,61.5,7.2
1765486631.9688344,99,36,24,63,44,3.7748451232910156,61.5,62.5,8.465
1765486632.171791,99,36,24,63,44,3.7748451232910156,61.5,62.5,8.465
1765486632.3747358,99,36,24,63,44,3.7748451232910156,61.5,62.5,8.465
1765486632.5758858,99,23,10,8,24,3.7745895385742188,61.0,62.0,7.2
1765486632.7769604,99,23,10,8,24,3.7745895385742188,61.0,62.0,7.2
1765486632.978348,99,62,45,38,30,3.7749290466308594,61.0,62.5,7.747
1765486633.1806827,99,62,45,38,30,3.7749290466308594,61.0,62.5,7.747
1765486633.3824503,99,62,45,38,30,3.7749290466308594,61.0,62.5,7.747
1765486633.5846417,98,28,29,26,29,3.7763328552246094,61.5,62.0,7.011
1765486633.786325,98,28,29,26,29,3.7763328552246094,61.5,62.0,7.011
1765486633.9875398,99,31,33,35,44,3.777416229248047,61.0,62.5,7.934
1765486634.1891208,99,31,33,35,44,3.777416229248047,61.0,62.5,7.934
1765486634.390794,99,31,33,35,44,3.777416229248047,61.0,62.5,7.934
1765486634.5920534,99,23,25,22,18,3.775859832763672,61.0,62.0,7.32
1765486634.7934222,99,23,25,22,18,3.775859832763672,61.0,62.0,7.32
1765486634.9949968,99,23,25,22,18,3.775859832763672,61.0,62.0,7.32
1765486635.196395,99,27,25,31,53,3.7767333984375,61.0,62.0,7.547
1765486635.3977473,99,27,25,31,53,3.7767333984375,61.0,62.0,7.547
1765486635.5998712,99,30,37,25,18,3.7772789001464844,61.5,62.0,7.587
1765486635.801234,99,30,37,25,18,3.7772789001464844,61.5,62.0,7.587
1765486636.0054407,99,30,37,25,18,3.7772789001464844,61.5,62.0,7.587
1765486636.2071838,99,31,36,36,20,3.778026580810547,61.0,62.5,7.894
1765486636.4092016,99,31,36,36,20,3.778026580810547,61.0,62.5,7.894
1765486636.61158,99,32,26,30,18,3.7771530151367188,61.5,61.5,7.091
1765486636.8129265,99,32,26,30,18,3.7771530151367188,61.5,61.5,7.091
1765486637.014209,99,32,26,30,18,3.7771530151367188,61.5,61.5,7.091
1765486637.2155998,0,40,38,31,32,3.7809524536132812,60.0,62.0,3.546
1765486637.4165025,0,40,38,31,32,3.7809524536132812,60.0,62.0,3.546
1765486637.6184113,99,22,25,62,23,3.7811737060546875,61.0,62.0,7.4
1765486637.823029,99,22,25,62,23,3.7811737060546875,61.0,62.0,7.4
1765486638.024639,99,22,25,62,23,3.7811737060546875,61.0,62.0,7.4
1765486638.226004,21,26,26,16,16,3.7814559936523438,60.0,61.5,4.341
1765486638.4270623,21,26,26,16,16,3.7814559936523438,60.0,61.5,4.341
1765486638.628903,99,34,67,33,25,3.782238006591797,61.0,61.5,7.16
1765486638.8303761,99,34,67,33,25,3.782238006591797,61.0,61.5,7.16
1765486639.0327883,99,34,67,33,25,3.782238006591797,61.0,61.5,7.16
1765486639.2346604,92,20,21,32,20,3.7826690673828125,61.0,61.5,6.35
1765486639.4356668,92,20,21,32,20,3.7826690673828125,61.0,61.5,6.35
1765486639.6369104,99,37,62,28,33,3.7842636108398438,61.0,62.0,8.014
1765486639.8393528,99,37,62,28,33,3.7842636108398438,61.0,62.0,8.014
1765486640.0420282,99,37,62,28,33,3.7842636108398438,61.0,62.0,8.014
1765486640.2439756,99,18,26,13,16,3.783050537109375,61.0,61.5,6.551
1765486640.4449458,99,18,26,13,16,3.783050537109375,61.0,61.5,6.551
1765486640.6463358,99,63,35,28,39,3.7831802368164062,61.0,62.0,7.814
1765486640.8499286,99,63,35,28,39,3.7831802368164062,61.0,62.0,7.814
1765486641.051389,99,63,35,28,39,3.7831802368164062,61.0,62.0,7.814
1765486641.25358,99,20,26,22,25,3.7833595275878906,61.0,61.5,6.971
1765486641.4555666,99,20,26,22,25,3.7833595275878906,61.0,61.5,6.971
1765486641.6564894,99,24,59,41,24,3.784698486328125,61.0,62.5,8.24
1765486641.8587003,99,24,59,41,24,3.784698486328125,61.0,62.5,8.24
1765486642.0604117,99,24,59,41,24,3.784698486328125,61.0,62.5,8.24
1765486642.2617118,99,29,21,20,20,3.7835426330566406,61.0,61.5,7.171
1765486642.4628932,99,29,21,20,20,3.7835426330566406,61.0,61.5,7.171
1765486642.663847,99,34,36,60,23,3.7840614318847656,61.5,62.0,7.814
1765486642.8661177,99,34,36,60,23,3.7840614318847656,61.5,62.0,7.814
1765486643.0674157,99,34,36,60,23,3.7840614318847656,61.5,62.0,7.814
1765486643.2683675,99,31,21,23,23,3.7841224670410156,61.5,62.5,7.974
1765486643.4694235,99,31,21,23,23,3.7841224670410156,61.5,62.5,7.974
1765486643.6705291,99,24,26,34,55,3.7851104736328125,61.0,62.5,8.014
1765486643.871718,99,24,26,34,55,3.7851104736328125,61.0,62.5,8.014
1765486644.074687,99,24,26,34,55,3.7851104736328125,61.0,62.5,8.014
1765486644.277442,99,30,23,25,24,3.784709930419922,61.0,62.0,7.051
1765486644.4788592,99,30,23,25,24,3.784709930419922,61.0,62.0,7.051
1765486644.679882,99,30,23,25,24,3.784709930419922,61.0,62.0,7.051
1765486644.8814666,99,28,54,38,35,3.7852439880371094,61.0,62.0,7.4
1765486645.0831313,99,28,54,38,35,3.7852439880371094,61.0,62.0,7.4
1765486645.2851322,99,22,29,29,26,3.785877227783203,61.5,62.5,7.974
1765486645.4861593,99,22,29,29,26,3.785877227783203,61.5,62.5,7.974
1765486645.6870937,99,22,29,29,26,3.785877227783203,61.5,62.5,7.974
1765486645.8881013,99,26,39,42,21,3.785297393798828,61.0,63.0,7.627
1765486646.0903163,99,26,39,42,21,3.785297393798828,61.0,63.0,7.627
1765486646.293104,98,22,23,40,26,3.7860679626464844,61.0,61.5,7.091
1765486646.4943447,98,22,23,40,26,3.7860679626464844,61.0,61.5,7.091
1765486646.6953201,98,22,23,40,26,3.7860679626464844,61.0,61.5,7.091
1765486646.8963969,99,42,38,30,26,3.786590576171875,60.5,62.5,7.091
1765486647.0993779,99,42,38,30,26,3.786590576171875,60.5,62.5,7.091
1765486647.3011315,99,16,42,15,17,3.7873458862304688,61.0,62.5,7.747
1765486647.5044553,99,16,42,15,17,3.7873458862304688,61.0,62.5,7.747
1765486647.706225,99,16,42,15,17,3.7873458862304688,61.0,62.5,7.747
1765486647.9074562,99,30,25,27,32,3.7868270874023438,60.0,63.5,6.58
1765486648.1089528,99,30,25,27,32,3.7868270874023438,60.0,63.5,6.58
1765486648.310921,99,22,24,33,48,3.78704833984375,61.0,62.0,7.32
1765486648.512993,99,22,24,33,48,3.78704833984375,61.0,62.0,7.32
1765486648.7140505,99,22,24,33,48,3.78704833984375,61.0,62.0,7.32
1765486648.9151976,31,35,29,26,31,3.7875938415527344,60.5,62.0,5.572
1765486649.1164331,31,35,29,26,31,3.7875938415527344,60.5,62.0,5.572
1765486649.3178377,99,18,22,62,24,3.7882461547851562,61.0,61.5,6.971
1765486649.5200927,99,18,22,62,24,3.7882461547851562,61.0,61.5,6.971
1765486649.7212825,99,18,22,62,24,3.7882461547851562,61.0,61.5,6.971
1765486649.9225032,29,34,22,17,25,3.7887191772460938,60.5,62.0,4.577
1765486650.1237733,29,34,22,17,25,3.7887191772460938,60.5,62.0,4.577
1765486650.3254359,99,46,28,59,30,3.789325714111328,61.0,62.0,7.011
1765486650.5279088,99,46,28,59,30,3.789325714111328,61.0,62.0,7.011
1765486650.729218,99,46,28,59,30,3.789325714111328,61.0,62.0,7.011
1765486650.9304392,7,29,25,22,21,3.7898178100585938,61.0,62.5,5.492
1765486651.1316001,7,29,25,22,21,3.7898178100585938,61.0,62.5,5.492
1765486651.3330326,99,32,27,58,24,3.788928985595703,61.5,62.0,7.131
1765486651.5342035,99,32,27,58,24,3.788928985595703,61.5,62.0,7.131
1765486651.7365503,99,32,27,58,24,3.788928985595703,61.5,62.0,7.131
1765486651.938309,99,25,20,30,23,3.789196014404297,60.5,61.5,5.685
1765486652.1395516,99,25,20,30,23,3.789196014404297,60.5,61.5,5.685
1765486652.3406632,99,38,42,39,48,3.7894630432128906,61.5,62.0,7.2
1765486652.5435193,99,38,42,39,48,3.7894630432128906,61.5,62.0,7.2
1765486652.7455769,99,38,42,39,48,3.7894630432128906,61.5,62.0,7.2
1765486652.946868,95,23,21,14,25,3.790069580078125,61.0,62.0,6.81
1765486653.1481392,95,23,21,14,25,3.790069580078125,61.0,62.0,6.81
1765486653.3491783,99,27,30,65,37,3.789653778076172,61.5,62.0,7.547
1765486653.5504658,99,27,30,65,37,3.789653778076172,61.5,62.0,7.547
1765486653.752417,99,27,30,65,37,3.789653778076172,61.5,62.0,7.547
1765486653.9539087,99,27,24,18,21,3.789722442626953,61.0,61.5,6.81
1765486654.155797,99,27,24,18,21,3.789722442626953,61.0,61.5,6.81
1765486654.3573692,99,27,24,18,21,3.789722442626953,61.0,61.5,6.81
1765486654.5595365,99,44,64,43,46,3.775676727294922,61.5,62.5,8.584
1765486654.7621806,99,44,64,43,46,3.775676727294922,61.5,62.5,8.584
1765486654.963573,99,24,13,19,15,3.7744522094726562,61.0,61.5,6.81
1765486655.1647613,99,24,13,19,15,3.7744522094726562,61.0,61.5,6.81
1765486655.3660436,99,24,13,19,15,3.7744522094726562,61.0,61.5,6.81
1765486655.5672529,99,22,32,25,76,3.774444580078125,61.5,62.0,7.747
1765486655.7686102,99,22,32,25,76,3.774444580078125,61.5,62.0,7.747
1765486655.9700947,98,27,18,25,21,3.774761199951172,61.5,62.0,6.85
1765486656.1710825,98,27,18,25,21,3.774761199951172,61.5,62.0,6.85
1765486656.3723674,98,27,18,25,21,3.774761199951172,61.5,62.0,6.85
1765486656.5743377,99,33,42,62,22,3.7764930725097656,61.5,62.5,8.544
1765486656.7772965,99,33,42,62,22,3.7764930725097656,61.5,62.5,8.544
1765486656.9791214,99,22,21,22,18,3.7748947143554688,61.5,62.5,7.627
1765486657.1801736,99,22,21,22,18,3.7748947143554688,61.5,62.5,7.627
1765486657.3811896,99,22,21,22,18,3.7748947143554688,61.5,62.5,7.627
1765486657.5828216,99,71,29,31,28,3.7754783630371094,61.5,63.0,7.894
1765486657.7841072,99,71,29,31,28,3.7754783630371094,61.5,63.0,7.894
1765486657.9864123,99,26,32,24,26,3.7761077880859375,61.5,62.0,7.051
1765486658.1889985,99,26,32,24,26,3.7761077880859375,61.5,62.0,7.051
1765486658.390544,99,26,32,24,26,3.7761077880859375,61.5,62.0,7.051
1765486658.5915701,99,25,30,38,40,3.777069091796875,61.0,62.5,7.934
1765486658.7964544,99,25,30,38,40,3.777069091796875,61.0,62.5,7.934
1765486658.998663,98,24,24,18,24,3.7762832641601562,61.0,62.0,7.051
1765486659.1999493,98,24,24,18,24,3.7762832641601562,61.0,62.0,7.051
1765486659.4011295,98,24,24,18,24,3.7762832641601562,61.0,62.0,7.051
1765486659.6022627,99,44,48,33,32,3.776653289794922,61.0,62.0,7.775
1765486659.8039904,99,44,48,33,32,3.776653289794922,61.0,62.0,7.775
1765486660.0052571,99,26,32,20,35,3.7781829833984375,61.0,62.0,7.775
1765486660.2076623,99,26,32,20,35,3.7781829833984375,61.0,62.0,7.775
1765486660.4091,99,26,32,20,35,3.7781829833984375,61.0,62.0,7.775
1765486660.6104157,99,24,36,44,20,3.777496337890625,61.0,62.5,7.587
1765486660.8129404,99,24,36,44,20,3.777496337890625,61.0,62.5,7.587
1765486661.0146499,99,35,31,31,26,3.7776107788085938,61.0,62.0,7.32
1765486661.2157595,99,35,31,31,26,3.7776107788085938,61.0,62.0,7.32
1765486661.4171023,99,35,31,31,26,3.7776107788085938,61.0,62.0,7.32
1765486661.6183777,99,38,37,32,28,3.7775955200195312,61.0,62.5,7.16
1765486661.8219626,99,38,37,32,28,3.7775955200195312,61.0,62.5,7.16
1765486662.0233257,98,30,16,44,14,3.7794265747070312,61.5,62.5,8.054
1765486662.2251136,98,30,16,44,14,3.7794265747070312,61.5,62.5,8.054
1765486662.426346,98,30,16,44,14,3.7794265747070312,61.5,62.5,8.054
1765486662.6276164,99,30,22,25,32,3.777942657470703,61.0,64.0,6.81
1765486662.828956,99,30,22,25,32,3.777942657470703,61.0,64.0,6.81
1765486663.0314748,99,28,46,35,22,3.7785606384277344,61.5,62.5,7.44
1765486663.2334976,99,28,46,35,22,3.7785606384277344,61.5,62.5,7.44
1765486663.4365335,99,28,46,35,22,3.7785606384277344,61.5,62.5,7.44
1765486663.638059,0,30,28,35,26,3.778411865234375,60.5,62.0,4.658
1765486663.8393323,0,30,28,35,26,3.778411865234375,60.5,62.0,4.658
1765486664.0402536,99,60,24,27,20,3.7803497314453125,61.5,62.0,7.4
1765486664.24151,99,60,24,27,20,3.7803497314453125,61.5,62.0,7.4
1765486664.444304,99,60,24,27,20,3.7803497314453125,61.5,62.0,7.4
1765486664.6461253,26,22,19,34,16,3.7797088623046875,60.5,62.0,4.699
1765486664.8494372,26,22,19,34,16,3.7797088623046875,60.5,62.0,4.699
1765486665.0502558,26,22,19,34,16,3.7797088623046875,60.5,62.0,4.699
1765486665.252324,99,33,35,58,31,3.7800941467285156,61.5,62.0,6.971
1765486665.4538546,99,33,35,58,31,3.7800941467285156,61.5,62.0,6.971
1765486665.655038,2,16,32,23,31,3.781085968017578,61.0,62.5,5.523
1765486665.8560672,2,16,32,23,31,3.781085968017578,61.0,62.5,5.523
1765486666.0630295,2,16,32,23,31,3.781085968017578,61.0,62.5,5.523
1765486666.2643049,99,22,22,24,58,3.7806854248046875,61.5,62.0,7.16
1765486666.4672768,99,22,22,24,58,3.7806854248046875,61.5,62.0,7.16
1765486666.6688023,93,27,16,28,22,3.7808914184570312,61.0,61.5,5.371
1765486666.8700855,93,27,16,28,22,3.7808914184570312,61.0,61.5,5.371
1765486667.0711312,93,27,16,28,22,3.7808914184570312,61.0,61.5,5.371
1765486667.272433,99,28,43,32,65,3.781261444091797,61.5,62.0,7.428
1765486667.4739547,99,28,43,32,65,3.781261444091797,61.5,62.0,7.428
1765486667.67495,99,22,27,16,21,3.7826995849609375,61.5,62.5,7.28
1765486667.8760638,99,22,27,16,21,3.7826995849609375,61.5,62.5,7.28
1765486668.0774348,99,22,27,16,21,3.7826995849609375,61.5,62.5,7.28
1765486668.2788048,99,61,29,22,34,3.7812347412109375,61.5,62.0,7.4
1765486668.480262,99,61,29,22,34,3.7812347412109375,61.5,62.0,7.4
1765486668.6813788,99,22,24,23,24,3.7812347412109375,61.0,62.0,6.58
1765486668.8822572,99,22,24,23,24,3.7812347412109375,61.0,62.0,6.58
1765486669.083255,99,22,24,23,24,3.7812347412109375,61.0,62.0,6.58
1765486669.2852914,99,50,48,30,40,3.7814865112304688,61.5,62.5,7.934
1765486669.488434,99,50,48,30,40,3.7814865112304688,61.5,62.5,7.934
1765486669.6902678,98,21,14,19,23,3.7823448181152344,61.5,62.0,7.011
1765486669.8913188,98,21,14,19,23,3.7823448181152344,61.5,62.0,7.011
1765486670.0922418,98,21,14,19,23,3.7823448181152344,61.5,62.0,7.011
1765486670.293231,99,24,22,73,25,3.782062530517578,62.0,62.0,7.667
1765486670.4945354,99,24,22,73,25,3.782062530517578,62.0,62.0,7.667
1765486670.6962295,99,27,24,19,23,3.7821693420410156,61.5,62.0,7.051
1765486670.8975277,99,27,24,19,23,3.7821693420410156,61.5,62.0,7.051
1765486671.0987291,99,27,24,19,23,3.7821693420410156,61.5,62.0,7.051
1765486671.3003554,99,32,41,43,48,3.783428192138672,62.0,63.0,8.544
1765486671.5032933,99,32,41,43,48,3.783428192138672,62.0,63.0,8.544
1765486671.7050335,99,16,23,16,14,3.7824172973632812,61.5,62.5,7.627
1765486671.9061272,99,16,23,16,14,3.7824172973632812,61.5,62.5,7.627
1765486672.107077,99,16,23,16,14,3.7824172973632812,61.5,62.5,7.627
1765486672.308676,98,33,27,76,26,3.7825851440429688,61.5,63.5,7.934
1765486672.5100708,98,33,27,76,26,3.7825851440429688,61.5,63.5,7.934
1765486672.7118618,99,26,18,29,23,3.7823028564453125,61.5,62.5,7.428
1765486672.9138944,99,26,18,29,23,3.7823028564453125,61.5,62.5,7.428
1765486673.1160614,99,26,18,29,23,3.7823028564453125,61.5,62.5,7.428
1765486673.317194,99,44,31,30,55,3.7829971313476562,61.5,63.0,8.465
1765486673.519416,99,44,31,30,55,3.7829971313476562,61.5,63.0,8.465
1765486673.7211254,99,23,28,16,18,3.7824058532714844,61.5,62.0,7.011
1765486673.92229,99,23,28,16,18,3.7824058532714844,61.5,62.0,7.011
1765486674.1232572,99,23,28,16,18,3.7824058532714844,61.5,62.0,7.011
1765486674.3242679,99,57,29,26,40,3.78240966796875,61.5,63.0,7.667
1765486674.5255187,99,57,29,26,40,3.78240966796875,61.5,63.0,7.667
1765486674.7270484,99,28,22,24,29,3.781940460205078,62.0,62.5,7.44
1765486674.9281352,99,28,22,24,29,3.781940460205078,62.0,62.5,7.44
1765486675.1293323,99,28,22,24,29,3.781940460205078,62.0,62.5,7.44
1765486675.330564,99,38,26,50,22,3.7825775146484375,61.5,63.0,7.894
1765486675.5319657,99,38,26,50,22,3.7825775146484375,61.5,63.0,7.894
1765486675.7338688,99,38,26,50,22,3.7825775146484375,61.5,63.0,7.894
1765486675.9349675,99,24,26,25,25,3.782634735107422,62.0,62.5,7.051
1765486676.1361434,99,24,26,25,25,3.782634735107422,62.0,62.5,7.051
1765486676.3371363,99,31,34,42,53,3.783008575439453,61.5,62.5,7.667
1765486676.5386302,99,31,34,42,53,3.783008575439453,61.5,62.5,7.667
1765486676.7400348,99,31,34,42,53,3.783008575439453,61.5,62.5,7.667
1765486676.9433763,99,38,20,28,20,3.7834739685058594,61.5,62.0,7.974
1765486677.1450653,99,38,20,28,20,3.7834739685058594,61.5,62.0,7.974
1765486677.3465292,99,26,25,38,34,3.7828826904296875,61.5,62.5,7.36
1765486677.5481257,99,26,25,38,34,3.7828826904296875,61.5,62.5,7.36
1765486677.751131,99,26,25,38,34,3.7828826904296875,61.5,62.5,7.36
1765486677.9547157,99,26,32,32,27,3.7828636169433594,61.5,62.0,7.627
1765486678.156037,99,26,32,32,27,3.7828636169433594,61.5,62.0,7.627
1765486678.357208,99,32,40,32,42,3.783214569091797,61.0,63.5,7.2
1765486678.5583665,99,32,40,32,42,3.783214569091797,61.0,63.5,7.2
1765486678.7598991,99,32,40,32,42,3.783214569091797,61.0,63.5,7.2
1765486678.9620738,98,13,14,48,17,3.784637451171875,61.5,62.5,7.587
1765486679.1631858,98,13,14,48,17,3.784637451171875,61.5,62.5,7.587
1765486679.3642614,99,23,28,33,39,3.7841262817382812,61.0,62.5,6.821
1765486679.565371,99,23,28,33,39,3.7841262817382812,61.0,62.5,6.821
1765486679.7670288,99,23,28,33,39,3.7841262817382812,61.0,62.5,6.821
1765486679.9691293,99,21,29,49,24,3.7842788696289062,61.5,62.5,7.667
1765486680.1708598,99,21,29,49,24,3.7842788696289062,61.5,62.5,7.667
1765486680.371971,0,33,30,34,30,3.7838058471679688,60.5,62.0,5.523
1765486680.5744092,0,33,30,34,30,3.7838058471679688,60.5,62.0,5.523
1765486680.7761219,0,33,30,34,30,3.7838058471679688,60.5,62.0,5.523
1765486680.9775264,99,25,19,24,56,3.7848892211914062,61.5,62.5,7.934
1765486681.1794953,99,25,19,24,56,3.7848892211914062,61.5,62.5,7.934
1765486681.3811517,99,26,20,36,24,3.7849349975585938,61.0,62.5,6.229
1765486681.5824754,99,26,20,36,24,3.7849349975585938,61.0,62.5,6.229
1765486681.7846131,99,26,20,36,24,3.7849349975585938,61.0,62.5,6.229
1765486681.9868753,99,30,30,45,25,3.7845458984375,61.5,62.5,7.28
1765486682.1880033,99,30,30,45,25,3.7845458984375,61.5,62.5,7.28
1765486682.3890994,56,27,38,24,27,3.784809112548828,61.0,62.0,5.29
1765486682.5902827,56,27,38,24,27,3.784809112548828,61.0,62.0,5.29
1765486682.7922971,56,27,38,24,27,3.784809112548828,61.0,62.0,5.29
1765486682.9939144,99,42,23,44,19,3.7850914001464844,61.5,62.5,7.171
1765486683.1955452,99,42,23,44,19,3.7850914001464844,61.5,62.5,7.171
1765486683.3965645,99,42,23,44,19,3.7850914001464844,61.5,62.5,7.171
1765486683.5978253,99,32,19,24,20,3.7851524353027344,61.0,62.0,5.451
1765486683.799325,99,32,19,24,20,3.7851524353027344,61.0,62.0,5.451
1765486684.0013735,99,63,29,31,26,3.784740447998047,61.5,62.5,7.12
1765486684.2037787,99,63,29,31,26,3.784740447998047,61.5,62.5,7.12
1765486684.404958,99,63,29,31,26,3.784740447998047,61.5,62.5,7.12
1765486684.6061254,25,20,29,25,27,3.7859115600585938,61.0,62.5,5.33
1765486684.8072815,25,20,29,25,27,3.7859115600585938,61.0,62.5,5.33
1765486685.008849,99,30,22,60,22,3.7856292724609375,61.5,62.0,6.81
1765486685.2107584,99,30,22,60,22,3.7856292724609375,61.5,62.0,6.81
1765486685.412816,99,30,22,60,22,3.7856292724609375,61.5,62.0,6.81
1765486685.6142466,99,32,20,29,18,3.7857437133789062,61.0,61.5,4.78
1765486685.8153095,99,32,20,29,18,3.7857437133789062,61.0,61.5,4.78
1765486686.016843,99,26,32,44,49,3.7865028381347656,61.5,63.0,7.428
1765486686.2194762,99,26,32,44,49,3.7865028381347656,61.5,63.0,7.428
1765486686.424882,99,26,32,44,49,3.7865028381347656,61.5,63.0,7.428
1765486686.6261253,97,23,20,20,19,3.787097930908203,61.0,62.0,7.011
1765486686.8273554,97,23,20,20,19,3.787097930908203,61.0,62.0,7.011
1765486687.0291471,99,26,30,32,64,3.7866897583007812,61.5,62.5,7.16
1765486687.2303607,99,26,30,32,64,3.7866897583007812,61.5,62.5,7.16
1765486687.4324272,99,26,30,32,64,3.7866897583007812,61.5,62.5,7.16
1765486687.633747,99,25,20,27,22,3.7870445251464844,61.5,62.0,6.701
1765486687.8353772,99,25,20,27,22,3.7870445251464844,61.5,62.0,6.701
1765486688.039165,99,62,31,35,56,3.7876815795898438,62.0,63.5,8.544
1765486688.2411966,99,62,31,35,56,3.7876815795898438,62.0,63.5,8.544
1765486688.4453425,99,62,31,35,56,3.7876815795898438,62.0,63.5,8.544
1765486688.646864,99,24,14,10,7,3.7872352600097656,62.0,62.0,6.741
1765486688.8479934,99,24,14,10,7,3.7872352600097656,62.0,62.0,6.741
1765486689.049124,99,36,34,72,31,3.787555694580078,62.0,62.0,7.587
1765486689.2505114,99,36,34,72,31,3.787555694580078,62.0,62.0,7.587
1765486689.45165,99,36,34,72,31,3.787555694580078,62.0,62.0,7.587
1765486689.6525557,99,25,20,25,21,3.7876739501953125,62.0,62.5,7.24
1765486689.8535993,99,25,20,25,21,3.7876739501953125,62.0,62.5,7.24
1765486690.0547364,99,38,59,20,31,3.7883567810058594,62.0,62.5,8.584
1765486690.2574515,99,38,59,20,31,3.7883567810058594,62.0,62.5,8.584
1765486690.4607608,99,38,59,20,31,3.7883567810058594,62.0,62.5,8.584
1765486690.6621542,99,20,14,18,17,3.7876739501953125,62.0,62.5,7.36
1765486690.86318,99,20,14,18,17,3.7876739501953125,62.0,62.5,7.36
1765486691.0651233,98,66,32,40,33,3.7877120971679688,61.5,63.5,7.735
1765486691.2672148,98,66,32,40,33,3.7877120971679688,61.5,63.5,7.735
1765486691.468325,98,66,32,40,33,3.7877120971679688,61.5,63.5,7.735
1765486691.6705852,99,18,27,30,24,3.7883148193359375,61.5,62.5,7.507
1765486691.8721137,99,18,27,30,24,3.7883148193359375,61.5,62.5,7.507
1765486692.0735404,99,18,27,30,24,3.7883148193359375,61.5,62.5,7.507
1765486692.2754638,99,29,28,20,64,3.7888336181640625,61.5,62.5,8.385
1765486692.4779289,99,29,28,20,64,3.7888336181640625,61.5,62.5,8.385
1765486692.6791558,99,16,26,16,23,3.7882843017578125,61.5,62.0,6.891
1765486692.8802028,99,16,26,16,23,3.7882843017578125,61.5,62.0,6.891
1765486693.0813644,99,16,26,16,23,3.7882843017578125,61.5,62.0,6.891
1765486693.283087,99,43,60,25,31,3.789318084716797,61.5,62.5,7.48
1765486693.4851935,99,43,60,25,31,3.789318084716797,61.5,62.5,7.48
1765486693.6869588,99,17,33,24,22,3.7902145385742188,62.0,63.0,8.16
1765486693.8881783,99,17,33,24,22,3.7902145385742188,62.0,63.0,8.16
1765486694.0895734,99,17,33,24,22,3.7902145385742188,62.0,63.0,8.16
1765486694.2907174,99,26,26,46,25,3.789958953857422,62.0,63.0,7.814
1765486694.4940784,99,26,26,46,25,3.789958953857422,62.0,63.0,7.814
1765486694.6955085,99,32,27,22,19,3.790283203125,62.0,62.5,7.44
1765486694.8965666,99,32,27,22,19,3.790283203125,62.0,62.5,7.44
1765486695.0979786,99,32,27,22,19,3.790283203125,62.0,62.5,7.44
1765486695.2992237,99,48,41,28,35,3.7901954650878906,62.0,63.0,7.507
1765486695.5002594,99,48,41,28,35,3.7901954650878906,62.0,63.0,7.507
1765486695.7020793,98,45,28,21,22,3.782947540283203,62.0,63.5,8.465
1765486695.9034314,98,45,28,21,22,3.782947540283203,62.0,63.5,8.465
1765486696.1047347,98,45,28,21,22,3.782947540283203,62.0,63.5,8.465
1765486696.3059118,99,14,25,36,34,3.7817344665527344,61.5,63.0,7.627
1765486696.5068526,99,14,25,36,34,3.7817344665527344,61.5,63.0,7.627
1765486696.70885,99,30,36,30,22,3.781848907470703,61.5,62.0,7.32
1765486696.9101975,99,30,36,30,22,3.781848907470703,61.5,62.0,7.32
1765486697.1114979,99,30,36,30,22,3.781848907470703,61.5,62.0,7.32
1765486697.3127668,99,30,37,43,35,3.782276153564453,61.0,63.5,7.507
1765486697.5149584,99,30,37,43,35,3.782276153564453,61.0,63.5,7.507
1765486697.7162983,99,15,18,44,13,3.7828102111816406,61.5,62.0,7.627
1765486697.918473,99,15,18,44,13,3.7828102111816406,61.5,62.0,7.627
1765486698.1204972,99,15,18,44,13,3.7828102111816406,61.5,62.0,7.627
1765486698.3217692,99,43,32,31,26,3.7822303771972656,61.0,64.5,6.701
1765486698.523262,99,43,32,31,26,3.7822303771972656,61.0,64.5,6.701
1765486698.7255056,99,27,26,52,23,3.7827796936035156,62.0,62.5,7.587
1765486698.9273758,99,27,26,52,23,3.7827796936035156,62.0,62.5,7.587
1765486699.1285245,99,27,26,52,23,3.7827796936035156,62.0,62.5,7.587
1765486699.329518,22,32,28,31,34,3.782745361328125,60.5,62.5,5.998
1765486699.530651,22,32,28,31,34,3.782745361328125,60.5,62.5,5.998
1765486699.7317166,99,56,13,23,22,3.7824554443359375,61.5,62.5,6.891
1765486699.9334033,99,56,13,23,22,3.7824554443359375,61.5,62.5,6.891
1765486700.1348052,99,56,13,23,22,3.7824554443359375,61.5,62.5,6.891
1765486700.3358874,99,42,14,25,24,3.782482147216797,60.5,62.0,4.901
1765486700.5369294,99,42,14,25,24,3.782482147216797,60.5,62.0,4.901
1765486700.73793,99,60,30,30,29,3.7833709716796875,61.5,62.5,7.32
1765486700.940455,99,60,30,30,29,3.7833709716796875,61.5,62.5,7.32
1765486701.1418548,99,60,30,30,29,3.7833709716796875,61.5,62.5,7.32
1765486701.3432238,76,28,19,22,31,3.7845993041992188,61.0,62.5,5.572
1765486701.5458174,76,28,19,22,31,3.7845993041992188,61.0,62.5,5.572
1765486701.7468624,76,28,19,22,31,3.7845993041992188,61.0,62.5,5.572
1765486701.9478016,99,28,58,22,19,3.784088134765625,61.5,62.5,7.011
1765486702.149256,99,28,58,22,19,3.784088134765625,61.5,62.5,7.011
1765486702.3504598,28,35,23,28,29,3.7838516235351562,61.0,62.5,4.699
1765486702.5515158,28,35,23,28,29,3.7838516235351562,61.0,62.5,4.699
1765486702.7527716,28,35,23,28,29,3.7838516235351562,61.0,62.5,4.699
1765486702.9549541,99,38,25,35,48,3.7843246459960938,61.5,62.5,7.2
1765486703.1569963,99,38,25,35,48,3.7843246459960938,61.5,62.5,7.2
1765486703.3583364,69,30,20,23,20,3.7853164672851562,61.0,62.5,5.685
1765486703.5596075,69,30,20,23,20,3.7853164672851562,61.0,62.5,5.685
1765486703.7667942,69,30,20,23,20,3.7853164672851562,61.0,62.5,5.685
1765486703.9679956,99,25,35,30,66,3.784088134765625,61.5,62.5,7.32
1765486704.1702783,99,25,35,30,66,3.784088134765625,61.5,62.5,7.32
1765486704.3725839,95,22,16,24,14,3.7845001220703125,61.5,61.5,5.967
1765486704.5739787,95,22,16,24,14,3.7845001220703125,61.5,61.5,5.967
1765486704.7749906,95,22,16,24,14,3.7845001220703125,61.5,61.5,5.967
1765486704.9786294,99,30,27,31,71,3.7843475341796875,61.5,63.0,8.014
1765486705.1822267,99,30,27,31,71,3.7843475341796875,61.5,63.0,8.014
1765486705.383852,99,18,14,14,19,3.784496307373047,61.5,61.5,6.39
1765486705.5848315,99,18,14,14,19,3.784496307373047,61.5,61.5,6.39
1765486705.7859037,99,18,14,14,19,3.784496307373047,61.5,61.5,6.39
1765486705.989051,99,42,62,34,29,3.7851524353027344,61.5,62.5,7.667
1765486706.1911807,99,42,62,34,29,3.7851524353027344,61.5,62.5,7.667
1765486706.392714,99,24,20,20,26,3.7849884033203125,61.5,62.0,7.011
1765486706.5938501,99,24,20,20,26,3.7849884033203125,61.5,62.0,7.011
1765486706.7949674,99,24,20,20,26,3.7849884033203125,61.5,62.0,7.011
1765486706.9967477,99,30,21,34,75,3.7857742309570312,62.0,63.0,8.544
1765486707.2004862,99,30,21,34,75,3.7857742309570312,62.0,63.0,8.544
1765486707.402199,99,18,21,16,12,3.7851409912109375,61.5,62.0,6.701
1765486707.6034093,99,18,21,16,12,3.7851409912109375,61.5,62.0,6.701
1765486707.804446,99,18,21,16,12,3.7851409912109375,61.5,62.0,6.701
1765486708.006379,99,28,28,39,69,3.7851333618164062,61.5,62.5,7.854
1765486708.207705,99,28,28,39,69,3.7851333618164062,61.5,62.5,7.854
1765486708.409354,99,23,24,20,20,3.7855491638183594,62.0,62.5,7.4
1765486708.6103435,99,23,24,20,20,3.7855491638183594,62.0,62.5,7.4
1765486708.8112533,99,23,24,20,20,3.7855491638183594,62.0,62.5,7.4
1765486709.0123746,0,33,23,24,33,3.78924560546875,60.0,62.5,3.348
1765486709.2140427,0,33,23,24,33,3.78924560546875,60.0,62.5,3.348
1765486709.41542,99,66,23,22,18,3.7895164489746094,61.5,62.0,6.821
1765486709.616744,99,66,23,22,18,3.7895164489746094,61.5,62.0,6.821
1765486709.8192675,99,66,23,22,18,3.7895164489746094,61.5,62.0,6.821
1765486710.0204506,6,26,24,24,24,3.7897415161132812,61.5,62.0,4.861
1765486710.221522,6,26,24,24,24,3.7897415161132812,61.5,62.0,4.861
1765486710.4230638,6,26,24,24,24,3.7897415161132812,61.5,62.0,4.861
1765486710.625857,99,35,28,73,29,3.7898712158203125,62.0,62.5,7.667
1765486710.8289115,99,35,28,73,29,3.7898712158203125,62.0,62.5,7.667
1765486711.0303373,99,14,18,21,16,3.789783477783203,61.5,62.0,6.35
1765486711.2314265,99,14,18,21,16,3.789783477783203,61.5,62.0,6.35
1765486711.432607,99,14,18,21,16,3.789783477783203,61.5,62.0,6.35
1765486711.6344454,99,35,64,35,32,3.789520263671875,61.5,62.0,7.4
1765486711.8362012,99,35,64,35,32,3.789520263671875,61.5,62.0,7.4
1765486712.0374355,99,24,20,20,22,3.7904396057128906,62.0,62.5,6.931
1765486712.238769,99,24,20,20,22,3.7904396057128906,62.0,62.5,6.931
1765486712.4414265,99,24,20,20,22,3.7904396057128906,62.0,62.5,6.931
1765486712.643445,99,30,32,31,64,3.7914161682128906,62.0,63.0,8.544
1765486712.8448637,99,30,32,31,64,3.7914161682128906,62.0,63.0,8.544
1765486713.0460448,98,26,15,21,12,3.790485382080078,61.5,62.5,6.81
1765486713.2472205,98,26,15,21,12,3.790485382080078,61.5,62.5,6.81
1765486713.4483845,98,26,15,21,12,3.790485382080078,61.5,62.5,6.81
1765486713.6507869,99,64,40,25,34,3.789875030517578,62.0,63.0,7.894
1765486713.852253,99,64,40,25,34,3.789875030517578,62.0,63.0,7.894
1765486714.0533104,99,23,21,18,27,3.790271759033203,61.5,62.0,7.2
1765486714.2544763,99,23,21,18,27,3.790271759033203,61.5,62.0,7.2
1765486714.4556956,99,23,21,18,27,3.790271759033203,61.5,62.0,7.2
1765486714.6569,99,27,34,26,58,3.791332244873047,62.0,63.0,8.399
1765486714.8590825,99,27,34,26,58,3.791332244873047,62.0,63.0,8.399
1765486715.06088,99,20,25,26,19,3.791168212890625,61.5,62.5,7.627
1765486715.2622435,99,20,25,26,19,3.791168212890625,61.5,62.5,7.627
1765486715.4633389,99,20,25,26,19,3.791168212890625,61.5,62.5,7.627
1765486715.664866,99,66,32,28,30,3.7910499572753906,62.0,63.5,7.894
1765486715.8670528,99,66,32,28,30,3.7910499572753906,62.0,63.5,7.894
1765486716.068524,99,26,22,24,24,3.7916412353515625,61.5,62.5,7.428
1765486716.2701335,99,26,22,24,24,3.7916412353515625,61.5,62.5,7.428
1765486716.4713287,99,26,22,24,24,3.7916412353515625,61.5,62.5,7.428
1765486716.672737,0,34,22,16,34,3.794719696044922,60.5,63.0,3.785
1765486716.8738754,0,34,22,16,34,3.794719696044922,60.5,63.0,3.785
1765486717.0751052,99,38,48,36,39,3.789775848388672,61.5,62.5,7.011
1765486717.2762074,99,38,48,36,39,3.789775848388672,61.5,62.5,7.011
1765486717.4782908,99,38,48,36,39,3.789775848388672,61.5,62.5,7.011
1765486717.6797,0,30,25,18,20,3.7898216247558594,61.0,63.5,4.307
1765486717.8807578,0,30,25,18,20,3.7898216247558594,61.0,63.5,4.307
1765486718.0818229,99,60,36,29,28,3.7546043395996094,62.0,63.5,8.041
1765486718.2830746,99,60,36,29,28,3.7546043395996094,62.0,63.5,8.041
1765486718.4858012,99,60,36,29,28,3.7546043395996094,62.0,63.5,8.041
1765486718.687153,99,25,20,10,16,3.7531967163085938,61.5,62.0,5.411
1765486718.8882015,99,25,20,10,16,3.7531967163085938,61.5,62.0,5.411
1765486719.0891042,99,25,20,10,16,3.7531967163085938,61.5,62.0,5.411
1765486719.291327,99,35,36,35,68,3.753734588623047,62.0,62.5,7.4
1765486719.4929543,99,35,36,35,68,3.753734588623047,62.0,62.5,7.4
1765486719.6941445,99,22,20,25,22,3.7536659240722656,61.5,62.5,6.971
1765486719.895522,99,22,20,25,22,3.7536659240722656,61.5,62.5,6.971
1765486720.096916,99,22,20,25,22,3.7536659240722656,61.5,62.5,6.971
1765486720.2991936,99,25,32,24,73,3.7550125122070312,61.5,62.5,8.385
1765486720.5022924,99,25,32,24,73,3.7550125122070312,61.5,62.5,8.385
1765486720.703622,99,21,25,22,14,3.754138946533203,61.5,62.0,6.621
1765486720.9048908,99,21,25,22,14,3.754138946533203,61.5,62.0,6.621
1765486721.106299,99,21,25,22,14,3.754138946533203,61.5,62.0,6.621
1765486721.3073997,99,31,76,30,32,3.7550277709960938,62.0,63.0,7.775
1765486721.5088336,99,31,76,30,32,3.7550277709960938,62.0,63.0,7.775
1765486721.7110724,99,30,20,26,23,3.75567626953125,62.0,63.0,8.266
1765486721.912128,99,30,20,26,23,3.75567626953125,62.0,63.0,8.266
1765486722.1131809,99,30,20,26,23,3.75567626953125,62.0,63.0,8.266
1765486722.3143086,99,30,23,54,14,3.755908966064453,62.0,63.5,7.894
1765486722.5160754,99,30,23,54,14,3.755908966064453,62.0,63.5,7.894
1765486722.718304,99,27,18,24,29,3.7561912536621094,61.5,62.0,6.971
1765486722.9194398,99,27,18,24,29,3.7561912536621094,61.5,62.0,6.971
1765486723.120626,99,27,18,24,29,3.7561912536621094,61.5,62.0,6.971
1765486723.322221,99,36,42,59,36,3.756072998046875,61.5,63.5,7.547
1765486723.5239022,99,36,42,59,36,3.756072998046875,61.5,63.5,7.547
1765486723.7251995,98,24,30,23,24,3.7573280334472656,62.0,62.5,7.547
1765486723.9263458,98,24,30,23,24,3.7573280334472656,62.0,62.5,7.547
1765486724.1273372,98,24,30,23,24,3.7573280334472656,62.0,62.5,7.547
1765486724.3307045,99,26,23,44,30,3.7568092346191406,61.5,62.5,7.28
1765486724.5327215,99,26,23,44,30,3.7568092346191406,61.5,62.5,7.28
1765486724.7347705,98,24,27,40,30,3.7570419311523438,62.0,62.0,7.16
1765486724.9359074,98,24,27,40,30,3.7570419311523438,62.0,62.0,7.16
1765486725.137204,98,24,27,40,30,3.7570419311523438,62.0,62.0,7.16
1765486725.338312,99,36,40,31,28,3.757221221923828,61.5,62.5,7.388
1765486725.5400906,99,36,40,31,28,3.757221221923828,61.5,62.5,7.388
1765486725.7426271,99,16,39,25,21,3.7589645385742188,62.0,62.5,8.001
1765486725.9446273,99,16,39,25,21,3.7589645385742188,62.0,62.5,8.001
1765486726.146111,99,16,39,25,21,3.7589645385742188,62.0,62.5,8.001
1765486726.347348,0,30,24,25,34,3.7705001831054688,60.5,62.0,3.988
1765486726.5489047,0,30,24,25,34,3.7705001831054688,60.5,62.0,3.988
1765486726.7510452,0,30,24,25,34,3.7705001831054688,60.5,62.0,3.988
1765486726.9534626,99,48,39,45,67,3.801685333251953,61.5,63.0,8.24
1765486727.1549494,99,48,39,45,67,3.801685333251953,61.5,63.0,8.24
1765486727.356125,99,25,27,28,22,3.8021583557128906,62.0,62.5,8.399
1765486727.5574772,99,25,27,28,22,3.8021583557128906,62.0,62.5,8.399
1765486727.7586849,99,25,27,28,22,3.8021583557128906,62.0,62.5,8.399
1765486727.9598424,99,44,27,20,34,3.748882293701172,61.5,63.0,7.627
1765486728.1643121,99,44,27,20,34,3.748882293701172,61.5,63.0,7.627
1765486728.3670566,99,40,28,21,35,3.747772216796875,62.0,63.0,8.081
1765486728.5683966,99,40,28,21,35,3.747772216796875,62.0,63.0,8.081
1765486728.7768202,99,40,28,21,35,3.747772216796875,62.0,63.0,8.081
1765486728.9780312,99,30,32,43,34,3.747150421142578,61.0,62.5,6.931
1765486729.1791377,99,30,32,43,34,3.747150421142578,61.0,62.5,6.931
1765486729.3807101,99,26,52,25,22,3.7487335205078125,62.0,63.0,8.001
1765486729.5835385,99,26,52,25,22,3.7487335205078125,62.0,63.0,8.001
1765486729.785843,99,26,52,25,22,3.7487335205078125,62.0,63.0,8.001
1765486729.9870226,0,21,20,16,33,3.7476234436035156,60.5,61.5,4.496
1765486730.1886473,0,21,20,16,33,3.7476234436035156,60.5,61.5,4.496
1765486730.3900774,99,31,25,51,28,3.7479820251464844,62.0,62.5,6.891
1765486730.5912106,99,31,25,51,28,3.7479820251464844,62.0,62.5,6.891
1765486730.7922556,99,31,25,51,28,3.7479820251464844,62.0,62.5,6.891
1765486730.9936674,44,22,28,30,26,3.747821807861328,61.0,62.0,4.975
1765486731.1948373,44,22,28,30,26,3.747821807861328,61.0,62.0,4.975
1765486731.396111,99,30,56,25,25,3.7491683959960938,62.0,62.5,7.388
1765486731.5975406,99,30,56,25,25,3.7491683959960938,62.0,62.5,7.388
1765486731.798738,99,30,56,25,25,3.7491683959960938,62.0,62.5,7.388
1765486732.0000346,99,22,16,24,24,3.748088836669922,61.0,62.0,5.096
1765486732.201101,99,22,16,24,24,3.748088836669922,61.0,62.0,5.096
1765486732.4033108,99,53,28,30,46,3.74835205078125,61.5,62.0,6.971
1765486732.6070776,99,53,28,30,46,3.74835205078125,61.5,62.0,6.971
1765486732.8086295,99,53,28,30,46,3.74835205078125,61.5,62.0,6.971
1765486733.0098965,19,31,24,32,26,3.7478675842285156,60.5,63.0,5.29
1765486733.2110085,19,31,24,32,26,3.7478675842285156,60.5,63.0,5.29
1765486733.412172,99,20,21,23,62,3.749004364013672,61.5,62.5,7.12
1765486733.614382,99,20,21,23,62,3.749004364013672,61.5,62.5,7.12
1765486733.818121,99,20,21,23,62,3.749004364013672,61.5,62.5,7.12
1765486734.0193052,17,32,12,29,20,3.7490463256835938,60.5,62.5,4.699
1765486734.2203543,17,32,12,29,20,3.7490463256835938,60.5,62.5,4.699
1765486734.421759,99,38,58,32,32,3.7490158081054688,61.5,62.5,7.091
1765486734.6236944,99,38,58,32,32,3.7490158081054688,61.5,62.5,7.091
1765486734.8250654,99,38,58,32,32,3.7490158081054688,61.5,62.5,7.091
1765486735.0261123,99,32,24,20,21,3.7505950927734375,61.0,63.0,6.35
1765486735.227022,99,32,24,20,21,3.7505950927734375,61.0,63.0,6.35
1765486735.4285343,99,62,22,26,20,3.7517318725585938,61.5,62.5,7.44
1765486735.6301808,99,62,22,26,20,3.7517318725585938,61.5,62.5,7.44
1765486735.8321023,99,62,22,26,20,3.7517318725585938,61.5,62.5,7.44
1765486736.0343492,99,28,19,28,26,3.7526931762695312,61.5,62.5,6.781
1765486736.2355213,99,28,19,28,26,3.7526931762695312,61.5,62.5,6.781
1765486736.4365158,99,38,68,33,40,3.7525596618652344,62.0,63.5,8.359
1765486736.6383815,99,38,68,33,40,3.7525596618652344,62.0,63.5,8.359
1765486736.839998,99,38,68,33,40,3.7525596618652344,62.0,63.5,8.359
1765486737.0411217,99,23,16,14,16,3.7543182373046875,62.0,62.5,7.587
1765486737.2423942,99,23,16,14,16,3.7543182373046875,62.0,62.5,7.587
1765486737.4438565,99,23,19,31,65,3.7534751892089844,61.5,62.5,7.627
1765486737.6454434,99,23,19,31,65,3.7534751892089844,61.5,62.5,7.627
1765486737.8474517,99,23,19,31,65,3.7534751892089844,61.5,62.5,7.627
1765486738.0490394,99,24,24,26,26,3.7535057067871094,62.0,62.5,7.468
1765486738.2503495,99,24,24,26,26,3.7535057067871094,62.0,62.5,7.468
1765486738.4515224,99,24,24,26,26,3.7535057067871094,62.0,62.5,7.468
1765486738.65359,99,44,46,40,40,3.7550582885742188,62.0,63.0,8.505
1765486738.8561459,99,44,46,40,40,3.7550582885742188,62.0,63.0,8.505
1765486739.0575135,99,26,21,16,23,3.753978729248047,61.5,62.0,6.971
1765486739.2586496,99,26,21,16,23,3.753978729248047,61.5,62.0,6.971
1765486739.4596868,99,26,21,16,23,3.753978729248047,61.5,62.0,6.971
1765486739.6607249,99,35,58,24,31,3.7540664672851562,62.0,62.5,7.587
1765486739.862074,99,35,58,24,31,3.7540664672851562,62.0,62.5,7.587
1765486740.0633807,98,30,30,18,24,3.7546539306640625,62.0,62.5,7.091
1765486740.2645705,98,30,30,18,24,3.7546539306640625,62.0,62.5,7.091
1765486740.4659793,98,30,30,18,24,3.7546539306640625,62.0,62.5,7.091
1765486740.6671581,99,43,45,32,44,3.75592041015625,62.0,63.0,8.081
1765486740.87043,99,43,45,32,44,3.75592041015625,62.0,63.0,8.081
1765486741.0722482,99,23,18,18,30,3.7551536560058594,62.0,62.5,7.44
1765486741.2732863,99,23,18,18,30,3.7551536560058594,62.0,62.5,7.44
1765486741.4743621,99,23,18,18,30,3.7551536560058594,62.0,62.5,7.44
1765486741.6753109,99,21,24,57,33,3.7551307678222656,61.5,63.0,7.388
1765486741.8765936,99,21,24,57,33,3.7551307678222656,61.5,63.0,7.388
1765486742.0785303,98,24,25,42,20,3.7556838989257812,61.5,62.5,7.707
1765486742.2802022,98,24,25,42,20,3.7556838989257812,61.5,62.5,7.707
1765486742.4813795,98,24,25,42,20,3.7556838989257812,61.5,62.5,7.707
1765486742.6827023,99,36,35,25,30,3.7570533752441406,61.5,63.0,7.775
1765486742.884747,99,36,35,25,30,3.7570533752441406,61.5,63.0,7.775
1765486743.0871477,99,40,23,26,25,3.7561073303222656,62.0,62.5,7.587
1765486743.2884295,99,40,23,26,25,3.7561073303222656,62.0,62.5,7.587
1765486743.4897869,99,40,23,26,25,3.7561073303222656,62.0,62.5,7.587
1765486743.6907673,99,47,38,37,31,3.756195068359375,61.5,63.5,7.547
1765486743.891842,99,47,38,37,31,3.756195068359375,61.5,63.5,7.547
1765486744.0934367,99,18,49,17,24,3.756450653076172,62.0,63.0,8.12
1765486744.2965932,99,18,49,17,24,3.756450653076172,62.0,63.0,8.12
1765486744.4982862,99,18,49,17,24,3.756450653076172,62.0,63.0,8.12
1765486744.70066,99,26,32,33,26,3.756580352783203,61.5,63.5,7.4
1765486744.9031858,99,26,32,33,26,3.756580352783203,61.5,63.5,7.4
1765486745.104899,99,35,30,21,38,3.75634765625,62.0,63.0,7.28
1765486745.306338,99,35,30,21,38,3.75634765625,62.0,63.0,7.28
1765486745.5073287,99,35,30,21,38,3.75634765625,62.0,63.0,7.28
1765486745.7084076,99,34,27,36,38,3.7563400268554688,61.5,64.0,6.85
1765486745.9101808,99,34,27,36,38,3.7563400268554688,61.5,64.0,6.85
1765486746.111518,99,20,19,20,53,3.758129119873047,62.0,62.5,8.014
1765486746.3134315,99,20,19,20,53,3.758129119873047,62.0,62.5,8.014
1765486746.5152915,99,20,19,20,53,3.758129119873047,62.0,62.5,8.014
1765486746.716568,65,24,22,36,20,3.756664276123047,61.0,62.5,5.451
1765486746.9179118,65,24,22,36,20,3.756664276123047,61.0,62.5,5.451
1765486747.1190362,65,24,22,36,20,3.756664276123047,61.0,62.5,5.451
1765486747.322109,99,51,35,27,36,3.75701904296875,62.0,62.5,7.28
1765486747.523187,99,51,35,27,36,3.75701904296875,62.0,62.5,7.28
1765486747.7246199,42,22,24,34,25,3.7570648193359375,60.5,62.0,4.861
1765486747.9258943,42,22,24,34,25,3.7570648193359375,60.5,62.0,4.861
1765486748.126896,42,22,24,34,25,3.7570648193359375,60.5,62.0,4.861
1765486748.32867,99,33,58,24,34,3.7589569091796875,62.0,63.0,7.667
1765486748.5300653,99,33,58,24,34,3.7589569091796875,62.0,63.0,7.667
1765486748.7316883,99,25,21,32,14,3.7578468322753906,61.0,62.0,5.136
1765486748.9366748,99,25,21,32,14,3.7578468322753906,61.0,62.0,5.136
1765486749.1382036,99,25,21,32,14,3.7578468322753906,61.0,62.0,5.136
1765486749.3401182,99,28,39,36,50,3.7601547241210938,61.5,62.5,7.091
1765486749.5414119,99,28,39,36,50,3.7601547241210938,61.5,62.5,7.091
1765486749.7427518,12,32,21,26,36,3.7606849670410156,61.0,62.5,5.29
1765486749.9438934,12,32,21,26,36,3.7606849670410156,61.0,62.5,5.29
1765486750.1461382,12,32,21,26,36,3.7606849670410156,61.0,62.5,5.29
1765486750.3473878,99,63,18,24,22,3.7605934143066406,62.0,62.5,7.28
1765486750.548915,99,63,18,24,22,3.7605934143066406,62.0,62.5,7.28
1765486750.7501705,7,23,28,17,16,3.7605934143066406,61.5,62.5,4.699
1765486750.9512472,7,23,28,17,16,3.7605934143066406,61.5,62.5,4.699
1765486751.1524618,7,23,28,17,16,3.7605934143066406,61.5,62.5,4.699
1765486751.354553,99,33,35,39,66,3.760326385498047,62.0,62.5,7.36
1765486751.55578,99,33,35,39,66,3.760326385498047,62.0,62.5,7.36
1765486751.7567713,99,24,26,21,21,3.7615699768066406,61.5,62.5,6.118
1765486751.9581451,99,24,26,21,21,3.7615699768066406,61.5,62.5,6.118
1765486752.1593897,99,24,26,21,21,3.7615699768066406,61.5,62.5,6.118
1765486752.3606331,99,61,26,21,28,3.7608299255371094,62.0,62.5,7.051
1765486752.562495,99,61,26,21,28,3.7608299255371094,62.0,62.5,7.051
1765486752.7638428,99,22,21,24,20,3.7607269287109375,61.5,62.5,6.229
1765486752.9650943,99,22,21,24,20,3.7607269287109375,61.5,62.5,6.229
1765486753.1663506,99,22,21,24,20,3.7607269287109375,61.5,62.5,6.229
1765486753.3696,99,38,48,59,40,3.7608718872070312,61.5,62.5,7.587
1765486753.5718553,99,38,48,59,40,3.7608718872070312,61.5,62.5,7.587
1765486753.7732916,99,17,18,22,21,3.7613563537597656,61.5,63.0,7.28
1765486753.9744503,99,17,18,22,21,3.7613563537597656,61.5,63.0,7.28
1765486754.17623,99,17,18,22,21,3.7613563537597656,61.5,63.0,7.28
1765486754.3779824,99,24,27,31,67,3.761119842529297,62.0,62.5,7.615
1765486754.5800545,99,24,27,31,67,3.761119842529297,62.0,62.5,7.615
1765486754.7811909,98,26,23,25,22,3.760944366455078,61.5,62.5,6.85
1765486754.9827545,98,26,23,25,22,3.760944366455078,61.5,62.5,6.85
1765486755.1839964,98,26,23,25,22,3.760944366455078,61.5,62.5,6.85
1765486755.3854997,99,33,36,62,35,3.7611923217773438,62.0,63.0,7.974
1765486755.587653,99,33,36,62,35,3.7611923217773438,62.0,63.0,7.974
1765486755.7887707,99,23,16,24,21,3.761615753173828,62.0,62.5,7.24
1765486755.989765,99,23,16,24,21,3.761615753173828,62.0,62.5,7.24
1765486756.1907728,99,23,16,24,21,3.761615753173828,62.0,62.5,7.24
1765486756.3922603,98,63,28,40,24,3.7619667053222656,62.0,62.5,7.814
1765486756.5938015,98,63,28,40,24,3.7619667053222656,62.0,62.5,7.814
1765486756.7951648,98,63,28,40,24,3.7619667053222656,62.0,62.5,7.814
1765486756.9961567,99,23,24,22,20,3.7621994018554688,61.5,62.5,7.36
1765486757.1975772,99,23,24,22,20,3.7621994018554688,61.5,62.5,7.36
1765486757.3989098,99,40,46,38,32,3.7627792358398438,62.0,63.0,8.359
1765486757.6015482,99,40,46,38,32,3.7627792358398438,62.0,63.0,8.359
1765486757.8043852,99,40,46,38,32,3.7627792358398438,62.0,63.0,8.359
1765486758.0055761,99,25,17,21,18,3.7620201110839844,62.0,62.5,6.931
1765486758.2066672,99,25,17,21,18,3.7620201110839844,62.0,62.5,6.931
1765486758.408493,99,36,56,36,37,3.7624893188476562,62.0,62.5,7.894
1765486758.6097062,99,36,56,36,37,3.7624893188476562,62.0,62.5,7.894
1765486758.8116972,99,36,56,36,37,3.7624893188476562,62.0,62.5,7.894
1765486759.013552,98,26,28,20,19,3.7622413635253906,62.0,62.5,7.091
1765486759.215084,98,26,28,20,19,3.7622413635253906,62.0,62.5,7.091
1765486759.416458,99,28,31,44,42,3.763957977294922,61.5,63.0,8.081
1765486759.618041,99,28,31,44,42,3.763957977294922,61.5,63.0,8.081
1765486759.8203287,99,28,31,44,42,3.763957977294922,61.5,63.0,8.081
1765486760.0218081,99,30,26,24,16,3.76318359375,61.5,62.5,7.44
1765486760.2229924,99,30,26,24,16,3.76318359375,61.5,62.5,7.44
1765486760.4240897,99,27,33,30,56,3.76324462890625,62.0,62.5,7.428
1765486760.6258583,99,27,33,30,56,3.76324462890625,62.0,62.5,7.428
1765486760.827835,99,27,33,30,56,3.76324462890625,62.0,62.5,7.428
1765486761.03097,98,25,22,24,41,3.7638015747070312,62.0,63.0,7.974
1765486761.2332978,98,25,22,24,41,3.7638015747070312,62.0,63.0,7.974
1765486761.445274,99,39,28,23,22,3.7647056579589844,61.0,63.0,6.511
1765486761.6463199,99,39,28,23,22,3.7647056579589844,61.0,63.0,6.511
1765486761.849242,99,39,28,23,22,3.7647056579589844,61.0,63.0,6.511
1765486762.0514827,99,32,40,28,25,3.7646484375,62.0,62.5,7.171
1765486762.2526884,99,32,40,28,25,3.7646484375,62.0,62.5,7.171
1765486762.4540446,99,36,30,27,36,3.7645416259765625,61.0,64.5,6.741
1765486762.6552076,99,36,30,27,36,3.7645416259765625,61.0,64.5,6.741
1765486762.8563685,99,36,30,27,36,3.7645416259765625,61.0,64.5,6.741
1765486763.0580423,99,20,26,21,55,3.765594482421875,62.0,62.5,8.001
1765486763.2592127,99,20,26,21,55,3.765594482421875,62.0,62.5,8.001
1765486763.4641252,44,23,22,28,28,3.7650146484375,61.0,63.0,5.604
1765486763.6651363,44,23,22,28,28,3.7650146484375,61.0,63.0,5.604
1765486763.8663595,44,23,22,28,28,3.7650146484375,61.0,63.0,5.604
1765486764.068263,99,45,26,38,46,3.7651100158691406,62.0,62.5,7.2
1765486764.2697232,99,45,26,38,46,3.7651100158691406,62.0,62.5,7.2
1765486764.4731827,0,27,30,28,29,3.7648963928222656,61.0,62.0,4.666
1765486764.6743073,0,27,30,28,29,3.7648963928222656,61.0,62.0,4.666
1765486764.8753421,0,27,30,28,29,3.7648963928222656,61.0,62.0,4.666
1765486765.0765386,99,58,18,22,22,3.7660980224609375,62.0,63.0,7.587
1765486765.2787504,99,58,18,22,22,3.7660980224609375,62.0,63.0,7.587
1765486765.483641,14,21,27,18,20,3.7652511596679688,61.0,62.0,5.056
1765486765.6848586,14,21,27,18,20,3.7652511596679688,61.0,62.0,5.056
1765486765.88778,14,21,27,18,20,3.7652511596679688,61.0,62.0,5.056
1765486766.0912156,99,42,52,24,35,3.7657089233398438,61.5,62.5,6.85
1765486766.2927268,99,42,52,24,35,3.7657089233398438,61.5,62.5,6.85
1765486766.4938273,99,42,52,24,35,3.7657089233398438,61.5,62.5,6.85
1765486766.6948133,99,36,20,22,30,3.765338897705078,61.0,62.0,5.572
1765486766.8960106,99,36,20,22,30,3.765338897705078,61.0,62.0,5.572
1765486767.097143,99,60,20,24,30,3.7661209106445312,61.5,62.5,7.36
1765486767.299979,99,60,20,24,30,3.7661209106445312,61.5,62.5,7.36
1765486767.501755,99,60,20,24,30,3.7661209106445312,61.5,62.5,7.36
1765486767.702934,34,25,26,21,28,3.7658348083496094,60.5,62.5,4.82
1765486767.903971,34,25,26,21,28,3.7658348083496094,60.5,62.5,4.82
1765486768.105864,99,36,24,31,54,3.7669906616210938,62.0,62.5,6.81
1765486768.3075054,99,36,24,31,54,3.7669906616210938,62.0,62.5,6.81
1765486768.508636,99,36,24,31,54,3.7669906616210938,62.0,62.5,6.81
1765486768.7100034,0,32,29,21,22,3.767467498779297,61.0,62.5,5.371
1765486768.9123218,0,32,29,21,22,3.767467498779297,61.0,62.5,5.371
1765486769.1135056,99,26,60,22,26,3.7662811279296875,61.5,62.5,7.171
1765486769.3152356,99,26,60,22,26,3.7662811279296875,61.5,62.5,7.171
1765486769.516977,99,26,60,22,26,3.7662811279296875,61.5,62.5,7.171
1765486769.71851,99,28,20,22,21,3.7664260864257812,61.5,62.5,5.765
1765486769.919543,99,28,20,22,21,3.7664260864257812,61.5,62.5,5.765
1765486770.1214523,99,49,58,34,24,3.7683792114257812,62.0,62.5,7.587
1765486770.323609,99,49,58,34,24,3.7683792114257812,62.0,62.5,7.587
1765486770.5249603,99,49,58,34,24,3.7683792114257812,62.0,62.5,7.587
1765486770.7315927,99,26,25,24,15,3.7689132690429688,61.5,63.0,7.627
1765486770.9326313,99,26,25,24,15,3.7689132690429688,61.5,63.0,7.627
1765486771.1335952,99,22,62,33,20,3.7683944702148438,62.0,62.5,7.547
1765486771.3349051,99,22,62,33,20,3.7683944702148438,62.0,62.5,7.547
1765486771.5380933,99,22,62,33,20,3.7683944702148438,62.0,62.5,7.547
1765486771.740188,98,30,22,21,22,3.7686691284179688,61.5,62.5,6.661
1765486771.9413908,98,30,22,21,22,3.7686691284179688,61.5,62.5,6.661
1765486772.1425326,99,30,41,36,44,3.7685508728027344,62.0,63.0,8.014
1765486772.3454373,99,30,41,36,44,3.7685508728027344,62.0,63.0,8.014
1765486772.548098,99,30,41,36,44,3.7685508728027344,62.0,63.0,8.014
1765486772.7494268,99,18,18,25,17,3.7689208984375,62.0,62.0,7.011
1765486772.9504921,99,18,18,25,17,3.7689208984375,62.0,62.0,7.011
1765486773.1515925,99,29,25,34,74,3.768848419189453,61.5,63.0,7.814
1765486773.3528717,99,29,25,34,74,3.768848419189453,61.5,63.0,7.814
1765486773.5552912,99,29,25,34,74,3.768848419189453,61.5,63.0,7.814
1765486773.7567046,99,29,20,24,18,3.769256591796875,61.5,63.0,7.667
1765486773.9579864,99,29,20,24,18,3.769256591796875,61.5,63.0,7.667
1765486774.1590846,98,26,28,32,57,3.770130157470703,62.0,63.0,8.465
1765486774.3611155,98,26,28,32,57,3.770130157470703,62.0,63.0,8.465
1765486774.5634987,98,26,28,32,57,3.770130157470703,62.0,63.0,8.465
1765486774.764975,99,21,14,25,12,3.7693748474121094,61.5,62.5,7.428
1765486774.9797006,99,21,14,25,12,3.7693748474121094,61.5,62.5,7.428
1765486775.1808002,99,27,51,50,34,3.768993377685547,62.0,63.5,7.974
1765486775.3820467,99,27,51,50,34,3.768993377685547,62.0,63.5,7.974
1765486775.5834196,99,27,51,50,34,3.768993377685547,62.0,63.5,7.974
1765486775.7859595,99,23,23,25,21,3.769256591796875,62.0,62.5,7.091
1765486775.987752,99,23,23,25,21,3.769256591796875,62.0,62.5,7.091
1765486776.1890614,99,32,31,37,49,3.770008087158203,62.0,63.0,8.12
1765486776.3912382,99,32,31,37,49,3.770008087158203,62.0,63.0,8.12
1765486776.5931387,99,32,31,37,49,3.770008087158203,62.0,63.0,8.12
1765486776.7946389,98,18,20,28,24,3.7693824768066406,61.5,62.5,7.12
1765486776.9956288,98,18,20,28,24,3.7693824768066406,61.5,62.5,7.12
1765486777.196783,99,28,35,31,56,3.7698020935058594,62.0,63.0,7.667
1765486777.3988638,99,28,35,31,56,3.7698020935058594,62.0,63.0,7.667
1765486777.600584,99,28,35,31,56,3.7698020935058594,62.0,63.0,7.667
1765486777.8024602,99,26,28,39,22,3.770092010498047,62.0,62.5,7.854
1765486778.0038643,99,26,28,39,22,3.770092010498047,62.0,62.5,7.854
1765486778.2050552,99,26,28,39,22,3.770092010498047,62.0,62.5,7.854
1765486778.406443,99,26,42,25,24,3.7712020874023438,61.5,64.0,7.28
1765486778.609518,99,26,42,25,24,3.7712020874023438,61.5,64.0,7.28
1765486778.812635,99,31,30,36,34,3.7705612182617188,62.0,62.5,7.695
1765486779.0138233,99,31,30,36,34,3.7705612182617188,62.0,62.5,7.695
1765486779.220389,99,31,30,36,34,3.7705612182617188,62.0,62.5,7.695
1765486779.422212,99,37,30,39,39,3.7705650329589844,62.0,63.5,6.971
1765486779.6235292,99,37,30,39,39,3.7705650329589844,62.0,63.5,6.971
1765486779.8255525,99,46,21,25,18,3.772144317626953,62.5,63.5,8.28
1765486780.028645,99,46,21,25,18,3.772144317626953,62.5,63.5,8.28
1765486780.2310941,99,46,21,25,18,3.772144317626953,62.5,63.5,8.28
1765486780.4322808,77,31,24,25,25,3.771270751953125,61.0,64.0,5.806
1765486780.6338406,77,31,24,25,25,3.771270751953125,61.0,64.0,5.806
1765486780.8357673,99,28,43,29,34,3.7715377807617188,62.0,62.5,7.051
1765486781.0370383,99,28,43,29,34,3.7715377807617188,62.0,62.5,7.051
1765486781.2380745,99,28,43,29,34,3.7715377807617188,62.0,62.5,7.051
1765486781.439193,0,28,26,25,32,3.7714500427246094,61.5,62.5,4.901
1765486781.6403465,0,28,26,25,32,3.7714500427246094,61.5,62.5,4.901
1765486781.841527,99,59,19,28,25,3.7722740173339844,62.5,63.0,7.827
1765486782.042975,99,59,19,28,25,3.7722740173339844,62.5,63.0,7.827
1765486782.2441735,99,59,19,28,25,3.7722740173339844,62.5,63.0,7.827
1765486782.4454124,99,22,28,25,16,3.772541046142578,61.0,63.0,5.411
1765486782.6467147,99,22,28,25,16,3.772541046142578,61.0,63.0,5.411
1765486782.8506923,99,34,52,27,39,3.772968292236328,62.0,62.5,6.931
1765486783.0527706,99,34,52,27,39,3.772968292236328,62.0,62.5,6.931
1765486783.2539227,99,34,52,27,39,3.772968292236328,62.0,62.5,6.931
1765486783.4551945,23,17,37,28,21,3.772674560546875,61.0,63.0,5.371
1765486783.65645,23,17,37,28,21,3.772674560546875,61.0,63.0,5.371
1765486783.8577974,99,12,20,25,56,3.772960662841797,61.5,62.0,7.16
1765486784.0598588,99,12,20,25,56,3.772960662841797,61.5,62.0,7.16
1765486784.2613513,99,12,20,25,56,3.772960662841797,61.5,62.0,7.16
1765486784.4624546,29,20,32,20,28,3.7732467651367188,61.0,62.5,4.699
1765486784.663625,29,20,32,20,28,3.7732467651367188,61.0,62.5,4.699
1765486784.8647213,99,30,50,34,37,3.773242950439453,62.0,62.0,6.891
1765486785.0665967,99,30,50,34,37,3.773242950439453,62.0,62.0,6.891
1765486785.2678528,99,30,50,34,37,3.773242950439453,62.0,62.0,6.891
1765486785.4700792,11,32,26,31,24,3.7742652893066406,61.0,63.5,5.532
1765486785.6718462,11,32,26,31,24,3.7742652893066406,61.0,63.5,5.532
1765486785.8735888,99,60,25,23,29,3.773509979248047,62.0,62.5,7.131
1765486786.0749865,99,60,25,23,29,3.773509979248047,62.0,62.5,7.131
1765486786.278191,99,60,25,23,29,3.773509979248047,62.0,62.5,7.131
1765486786.4794853,99,23,20,17,25,3.7749290466308594,61.5,62.0,5.371
1765486786.6828587,99,23,20,17,25,3.7749290466308594,61.5,62.0,5.371
1765486786.8840911,99,28,66,41,33,3.774311065673828,62.0,62.5,7.547
1765486787.0877373,99,28,66,41,33,3.774311065673828,62.0,62.5,7.547
1765486787.288942,99,28,66,41,33,3.774311065673828,62.0,62.5,7.547
1765486787.489913,96,23,17,32,14,3.775348663330078,62.0,63.0,6.621
1765486787.690958,96,23,17,32,14,3.775348663330078,62.0,63.0,6.621
1765486787.8924124,99,64,22,32,32,3.7745323181152344,62.0,62.5,7.388
1765486788.093713,99,64,22,32,32,3.7745323181152344,62.0,62.5,7.388
1765486788.2967057,99,64,22,32,32,3.7745323181152344,62.0,62.5,7.388
1765486788.4980419,99,29,26,17,20,3.7750701904296875,62.0,62.5,6.701
1765486788.7000597,99,29,26,17,20,3.7750701904296875,62.0,62.5,6.701
1765486788.9009852,99,29,26,17,20,3.7750701904296875,62.0,62.5,6.701
1765486789.1028006,99,57,44,36,29,3.775196075439453,62.5,63.0,8.16
1765486789.306171,99,57,44,36,29,3.775196075439453,62.5,63.0,8.16
1765486789.508018,99,22,19,20,16,3.7754058837890625,62.0,62.5,7.2
1765486789.70927,99,22,19,20,16,3.7754058837890625,62.0,62.5,7.2
1765486789.9104083,99,22,19,20,16,3.7754058837890625,62.0,62.5,7.2
1765486790.1114602,99,30,65,33,26,3.7755966186523438,62.0,63.0,7.814
1765486790.312921,99,30,65,33,26,3.7755966186523438,62.0,63.0,7.814
1765486790.5156484,99,25,19,22,24,3.775951385498047,62.0,62.5,7.2
1765486790.7173958,99,25,19,22,24,3.775951385498047,62.0,62.5,7.2
1765486790.9184446,99,25,19,22,24,3.775951385498047,62.0,62.5,7.2
1765486791.1201901,99,50,37,37,34,3.7966766357421875,62.0,63.0,7.747
1765486791.3224075,99,50,37,37,34,3.7966766357421875,62.0,63.0,7.747
1765486791.5238013,98,20,26,34,21,3.7958946228027344,62.0,62.5,7.388
1765486791.72492,98,20,26,34,21,3.7958946228027344,62.0,62.5,7.388
1765486791.926154,98,20,26,34,21,3.7958946228027344,62.0,62.5,7.388
1765486792.1274774,99,30,30,42,32,3.7964820861816406,61.0,63.5,6.149
1765486792.3286774,99,30,30,42,32,3.7964820861816406,61.0,63.5,6.149
1765486792.5306504,99,57,18,17,21,3.797191619873047,62.0,63.0,7.428
1765486792.7330298,99,57,18,17,21,3.797191619873047,62.0,63.0,7.428
1765486792.9342687,99,57,18,17,21,3.797191619873047,62.0,63.0,7.428
1765486793.13547,0,21,18,26,28,3.7983932495117188,61.5,63.0,5.217
1765486793.3372755,0,21,18,26,28,3.7983932495117188,61.5,63.0,5.217
1765486793.539192,99,54,24,19,29,3.7974281311035156,62.0,62.5,6.85
1765486793.7410471,99,54,24,19,29,3.7974281311035156,62.0,62.5,6.85
1765486793.9421556,99,54,24,19,29,3.7974281311035156,62.0,62.5,6.85
1765486794.1438732,67,25,29,27,30,3.7976646423339844,62.0,62.5,4.942
1765486794.345156,67,25,29,27,30,3.7976646423339844,62.0,62.5,4.942
1765486794.5469112,99,31,27,63,23,3.7978744506835938,62.0,63.0,7.775
1765486794.750065,99,31,27,63,23,3.7978744506835938,62.0,63.0,7.775
1765486794.951399,99,31,27,63,23,3.7978744506835938,62.0,63.0,7.775
1765486795.1526241,15,16,17,14,25,3.7977561950683594,61.0,62.5,4.618
1765486795.3537438,15,16,17,14,25,3.7977561950683594,61.0,62.5,4.618
1765486795.5555482,99,32,53,34,27,3.797191619873047,62.0,62.5,7.091
1765486795.7569747,99,32,53,34,27,3.797191619873047,62.0,62.5,7.091
1765486795.9589267,99,32,53,34,27,3.797191619873047,62.0,62.5,7.091
1765486796.1611717,15,30,22,24,27,3.7976646423339844,61.0,62.5,4.942
1765486796.3622818,15,30,22,24,27,3.7976646423339844,61.0,62.5,4.942
1765486796.5632513,99,28,32,62,29,3.7993507385253906,62.0,63.0,7.814
1765486796.7662294,99,28,32,62,29,3.7993507385253906,62.0,63.0,7.814
1765486796.9684618,99,28,32,62,29,3.7993507385253906,62.0,63.0,7.814
1765486797.1698856,99,21,10,16,20,3.798858642578125,62.0,62.0,5.451
1765486797.3708835,99,21,10,16,20,3.798858642578125,62.0,62.0,5.451
1765486797.5721936,99,41,40,36,64,3.79931640625,62.5,62.5,7.547
1765486797.7748535,99,41,40,36,64,3.79931640625,62.5,62.5,7.547
1765486797.9762366,99,41,40,36,64,3.79931640625,62.5,62.5,7.547
1765486798.177891,99,23,22,20,16,3.7996444702148438,62.0,62.5,6.701
1765486798.3790596,99,23,22,20,16,3.7996444702148438,62.0,62.5,6.701
1765486798.5800266,99,23,22,20,16,3.7996444702148438,62.0,62.5,6.701
1765486798.782422,99,31,21,28,70,3.8006629943847656,62.0,62.5,8.054
1765486798.984931,99,31,21,28,70,3.8006629943847656,62.0,62.5,8.054
1765486799.1864421,99,26,24,23,10,3.799671173095703,61.5,62.5,6.821
1765486799.387537,99,26,24,23,10,3.799671173095703,61.5,62.5,6.821
1765486799.5885005,99,26,24,23,10,3.799671173095703,61.5,62.5,6.821
1765486799.7912452,99,27,32,64,34,3.799938201904297,62.0,63.0,8.054
1765486799.9925897,99,27,32,64,34,3.799938201904297,62.0,63.0,8.054
1765486800.1942835,99,24,29,16,28,3.8004112243652344,62.0,62.5,7.735
1765486800.3955078,99,24,29,16,28,3.8004112243652344,62.0,62.5,7.735
1765486800.5964983,99,24,29,16,28,3.8004112243652344,62.0,62.5,7.735
1765486800.797692,99,57,30,22,27,3.800769805908203,62.0,63.0,8.081
1765486801.0006742,99,57,30,22,27,3.800769805908203,62.0,63.0,8.081
1765486801.2032728,99,18,30,22,20,3.8010787963867188,62.0,63.0,7.854
1765486801.404744,99,18,30,22,20,3.8010787963867188,62.0,63.0,7.854
1765486801.605908,99,18,30,22,20,3.8010787963867188,62.0,63.0,7.854
1765486801.8073623,99,62,37,34,31,3.8009910583496094,62.0,64.0,7.974
1765486802.0085952,99,62,37,34,31,3.8009910583496094,62.0,64.0,7.974
1765486802.21009,99,27,25,20,24,3.801891326904297,62.0,62.5,7.388
1765486802.4119296,99,27,25,20,24,3.801891326904297,62.0,62.5,7.388
1765486802.6129992,99,27,25,20,24,3.801891326904297,62.0,62.5,7.388
1765486802.8141413,99,31,49,24,31,3.8013267517089844,61.5,63.0,7.814
1765486803.0167897,99,31,49,24,31,3.8013267517089844,61.5,63.0,7.814
1765486803.2198467,99,25,30,31,24,3.801677703857422,62.0,63.0,6.931
1765486803.4210362,99,25,30,31,24,3.801677703857422,62.0,63.0,6.931
1765486803.6222517,99,25,30,31,24,3.801677703857422,62.0,63.0,6.931
1765486803.8234682,99,46,25,39,38,3.801532745361328,62.0,62.5,7.627
1765486804.0263999,99,46,25,39,38,3.801532745361328,62.0,62.5,7.627
1765486804.2280931,98,18,16,20,34,3.801830291748047,62.0,63.0,7.894
1765486804.4304006,98,18,16,20,34,3.801830291748047,62.0,63.0,7.894
1765486804.631548,98,18,16,20,34,3.801830291748047,62.0,63.0,7.894
1765486804.8326693,99,30,38,26,29,3.801921844482422,62.0,63.0,7.051
1765486805.034469,99,30,38,26,29,3.801921844482422,62.0,63.0,7.051
1765486805.2364354,99,25,21,46,24,3.8029022216796875,62.0,62.5,7.36
1765486805.4401314,99,25,21,46,24,3.8029022216796875,62.0,62.5,7.36
1765486805.6414552,99,25,21,46,24,3.8029022216796875,62.0,62.5,7.36
1765486805.8424492,48,38,44,27,30,3.8038902282714844,61.0,64.0,6.661
1765486806.0443885,48,38,44,27,30,3.8038902282714844,61.0,64.0,6.661
1765486806.2459526,99,21,18,21,50,3.8035202026367188,62.0,62.5,7.24
1765486806.447955,99,21,18,21,50,3.8035202026367188,62.0,62.5,7.24
1765486806.6507983,99,21,18,21,50,3.8035202026367188,62.0,62.5,7.24
1765486806.8520734,0,34,26,21,23,3.8032150268554688,61.5,62.5,4.544
1765486807.0531402,0,34,26,21,23,3.8032150268554688,61.5,62.5,4.544
1765486807.2547681,99,34,36,24,45,3.803863525390625,62.5,62.5,6.821
1765486807.4570267,99,34,36,24,45,3.803863525390625,62.5,62.5,6.821
1765486807.6583948,99,34,36,24,45,3.803863525390625,62.5,62.5,6.821
1765486807.85962,99,24,28,34,22,3.8047943115234375,61.0,63.5,6.229
1765486808.060964,99,24,28,34,22,3.8047943115234375,61.0,63.5,6.229
1765486808.2629209,99,31,22,27,56,3.8041725158691406,62.0,62.5,7.131
1765486808.4641757,99,31,22,27,56,3.8041725158691406,62.0,62.5,7.131
1765486808.6659849,99,31,22,27,56,3.8041725158691406,62.0,62.5,7.131
1765486808.8672411,17,32,23,17,36,3.8040542602539062,61.5,63.0,4.618
1765486809.0683656,17,32,23,17,36,3.8040542602539062,61.5,63.0,4.618
1765486809.269431,17,32,23,17,36,3.8040542602539062,61.5,63.0,4.618
1765486809.4725008,99,33,61,32,24,3.8050308227539062,62.0,62.5,6.971
1765486809.6749468,99,33,61,32,24,3.8050308227539062,62.0,62.5,6.971
1765486809.8761275,12,20,23,26,28,3.8051490783691406,61.5,62.5,5.532
1765486810.07717,12,20,23,26,28,3.8051490783691406,61.5,62.5,5.532
1765486810.279132,12,20,23,26,28,3.8051490783691406,61.5,62.5,5.532
1765486810.4804885,99,27,62,26,28,3.805450439453125,62.0,62.5,7.131
1765486810.6825001,99,27,62,26,28,3.805450439453125,62.0,62.5,7.131
1765486810.8837948,99,19,24,25,23,3.805591583251953,62.5,62.0,5.411
1765486811.085034,99,19,24,25,23,3.805591583251953,62.5,62.0,5.411
1765486811.2861383,99,19,24,25,23,3.805591583251953,62.5,62.0,5.411
1765486811.488286,99,28,24,63,38,3.805828094482422,62.5,62.5,7.707
1765486811.6917233,99,28,24,63,38,3.805828094482422,62.5,62.5,7.707
1765486811.8930907,99,22,17,20,15,3.8059768676757812,62.5,62.0,6.39
1765486812.0942864,99,22,17,20,15,3.8059768676757812,62.5,62.0,6.39
1765486812.2959301,99,22,17,20,15,3.8059768676757812,62.5,62.0,6.39
1765486812.4984689,99,40,35,29,66,3.8064804077148438,62.5,63.0,7.787
1765486812.7001457,99,40,35,29,66,3.8064804077148438,62.5,63.0,7.787
1765486812.9020076,98,34,26,22,18,3.8063125610351562,62.0,62.5,7.011
1765486813.1030903,98,34,26,22,18,3.8063125610351562,62.0,62.5,7.011
1765486813.3044019,98,34,26,22,18,3.8063125610351562,62.0,62.5,7.011
1765486813.5063326,99,35,40,70,31,3.8077049255371094,62.5,64.0,8.505
1765486813.7085316,99,35,40,70,31,3.8077049255371094,62.5,64.0,8.505
1765486813.9106133,99,23,16,18,14,3.806682586669922,62.0,62.5,7.011
1765486814.1118658,99,23,16,18,14,3.806682586669922,62.0,62.5,7.011
1765486814.3130238,99,23,16,18,14,3.806682586669922,62.0,62.5,7.011
1765486814.5145328,99,73,32,31,32,3.8070831298828125,62.0,63.0,7.974
1765486814.7157745,99,73,32,31,32,3.8070831298828125,62.0,63.0,7.974
1765486814.9172566,99,28,20,14,24,3.8077926635742188,62.0,62.5,7.747
1765486815.118718,99,28,20,14,24,3.8077926635742188,62.0,62.5,7.747
1765486815.320153,99,28,20,14,24,3.8077926635742188,62.0,62.5,7.747
1765486815.5218368,98,64,26,20,20,3.8084945678710938,62.0,63.5,8.28
1765486815.723398,98,64,26,20,20,3.8084945678710938,62.0,63.5,8.28
1765486815.9250138,99,22,26,21,20,3.808013916015625,62.0,62.5,7.507
1765486816.126204,99,22,26,21,20,3.808013916015625,62.0,62.5,7.507
1765486816.3277955,99,22,26,21,20,3.808013916015625,62.0,62.5,7.507
1765486816.5294445,99,42,37,29,49,3.808307647705078,62.0,62.5,7.814
1765486816.730916,99,42,37,29,49,3.808307647705078,62.0,62.5,7.814
1765486816.9319336,98,27,28,18,11,3.8090476989746094,62.5,62.5,7.547
1765486817.1329448,98,27,28,18,11,3.8090476989746094,62.5,62.5,7.547
1765486817.3342001,98,27,28,18,11,3.8090476989746094,62.5,62.5,7.547
1765486817.5353804,99,23,24,29,46,3.808807373046875,62.0,62.5,7.775
1765486817.739925,99,23,24,29,46,3.808807373046875,62.0,62.5,7.775
1765486817.94107,99,23,24,29,46,3.808807373046875,62.0,62.5,7.775
1765486818.142087,99,26,18,37,30,3.8087921142578125,62.5,62.5,7.547
1765486818.3432758,99,26,18,37,30,3.8087921142578125,62.5,62.5,7.547
1765486818.544407,99,34,29,35,44,3.808666229248047,62.0,62.5,7.547
1765486818.7465162,99,34,29,35,44,3.808666229248047,62.0,62.5,7.547
1765486818.9477317,99,34,29,35,44,3.808666229248047,62.0,62.5,7.547
1765486819.1488807,99,39,25,26,14,3.809062957763672,62.5,63.5,8.081
1765486819.3500912,99,39,25,26,14,3.809062957763672,62.5,63.5,8.081
1765486819.5511682,99,35,30,25,34,3.8084259033203125,62.0,63.0,7.131
1765486819.752443,99,35,30,25,34,3.8084259033203125,62.0,63.0,7.131
1765486819.954591,99,35,30,25,34,3.8084259033203125,62.0,63.0,7.131
1765486820.1561744,99,24,40,29,30,3.8090972900390625,62.0,62.5,7.32
1765486820.3574111,99,24,40,29,30,3.8090972900390625,62.0,62.5,7.32
1765486820.5585396,38,32,33,41,34,3.8088111877441406,61.5,64.5,6.46
1765486820.7599568,38,32,33,41,34,3.8088111877441406,61.5,64.5,6.46
1765486820.9615335,38,32,33,41,34,3.8088111877441406,61.5,64.5,6.46
1765486821.1633606,99,21,16,18,51,3.810039520263672,62.0,62.5,7.428
1765486821.3648148,99,21,16,18,51,3.810039520263672,62.0,62.5,7.428
1765486821.5659804,45,26,23,32,24,3.8096084594726562,61.5,62.5,4.544
1765486821.7673116,45,26,23,32,24,3.8096084594726562,61.5,62.5,4.544
1765486821.9688716,45,26,23,32,24,3.8096084594726562,61.5,62.5,4.544
1765486822.171509,99,42,50,31,32,3.810321807861328,62.0,62.5,7.051
1765486822.3728697,99,42,50,31,32,3.810321807861328,62.0,62.5,7.051
1765486822.5741174,64,23,24,29,32,3.8102073669433594,61.0,63.0,5.644
1765486822.7793095,64,23,24,29,32,3.8102073669433594,61.0,63.0,5.644
1765486822.981577,64,23,24,29,32,3.8102073669433594,61.0,63.0,5.644
1765486823.1828835,99,22,21,22,55,3.80999755859375,62.5,62.5,7.051
1765486823.3841956,99,22,21,22,55,3.80999755859375,62.5,62.5,7.051
1765486823.5853236,24,26,26,22,30,3.8107948303222656,61.5,62.5,4.618
1765486823.7864196,24,26,26,22,30,3.8107948303222656,61.5,62.5,4.618
1765486823.987678,24,26,26,22,30,3.8107948303222656,61.5,62.5,4.618
1765486824.1901567,99,57,38,33,33,3.8045883178710938,62.0,63.0,7.011
1765486824.3925133,99,57,38,33,33,3.8045883178710938,62.0,63.0,7.011
1765486824.5940938,0,24,25,25,21,3.8049659729003906,62.0,63.5,5.371
1765486824.7952719,0,24,25,25,21,3.8049659729003906,62.0,63.5,5.371
1765486824.9964383,0,24,25,25,21,3.8049659729003906,62.0,63.5,5.371
1765486825.19759,99,63,20,22,31,3.803722381591797,62.0,63.0,7.468
1765486825.399864,99,63,20,22,31,3.803722381591797,62.0,63.0,7.468
1765486825.6013722,98,27,18,21,23,3.8043861389160156,62.0,62.5,6.47
1765486825.8025835,98,27,18,21,23,3.8043861389160156,62.0,62.5,6.47
1765486826.004447,98,27,18,21,23,3.8043861389160156,62.0,62.5,6.47
1765486826.2061398,99,48,38,44,30,3.805084228515625,62.5,62.5,7.627
1765486826.409061,99,48,38,44,30,3.805084228515625,62.5,62.5,7.627
1765486826.610903,99,18,18,18,25,3.8052597045898438,62.0,62.5,6.931
1765486826.811986,99,18,18,18,25,3.8052597045898438,62.0,62.5,6.931
1765486827.013026,99,18,18,18,25,3.8052597045898438,62.0,62.5,6.931
1765486827.2151687,99,30,65,29,30,3.8052444458007812,62.5,62.5,7.587
1765486827.4168057,99,30,65,29,30,3.8052444458007812,62.5,62.5,7.587
1765486827.617903,99,31,22,22,18,3.805583953857422,62.0,62.5,6.85
1765486827.8190534,99,31,22,22,18,3.805583953857422,62.0,62.5,6.85
1765486828.0201983,99,31,22,22,18,3.805583953857422,62.0,62.5,6.85
1765486828.221575,99,32,32,68,39,3.806102752685547,62.5,63.5,8.65
1765486828.424835,99,32,32,68,39,3.806102752685547,62.5,63.5,8.65
1765486828.6268396,99,32,32,68,39,3.806102752685547,62.5,63.5,8.65
1765486828.8279817,99,19,16,23,12,3.80535888671875,62.0,62.5,7.051
1765486829.0290647,99,19,16,23,12,3.80535888671875,62.0,62.5,7.051
1765486829.2304144,99,30,32,72,28,3.8059844970703125,62.5,63.0,7.934
1765486829.4317372,99,30,32,72,28,3.8059844970703125,62.5,63.0,7.934
1765486829.6334612,99,30,32,72,28,3.8059844970703125,62.5,63.0,7.934
1765486829.8349311,99,20,23,23,28,3.8062744140625,62.0,63.0,7.428
1765486830.0360827,99,20,23,23,28,3.8062744140625,62.0,63.0,7.428
1765486830.2370906,99,26,25,28,69,3.8072662353515625,62.5,63.5,8.425
1765486830.4396951,99,26,25,28,69,3.8072662353515625,62.5,63.5,8.425
1765486830.6433618,99,26,25,28,69,3.8072662353515625,62.5,63.5,8.425
1765486830.8449557,99,18,18,18,15,3.8063926696777344,62.5,62.5,7.547
1765486831.0461252,99,18,18,18,15,3.8063926696777344,62.5,62.5,7.547
1765486831.2473354,99,33,28,44,70,3.8067779541015625,62.5,63.5,8.014
1765486831.4484758,99,33,28,44,70,3.8067779541015625,62.5,63.5,8.014
1765486831.6502066,99,33,28,44,70,3.8067779541015625,62.5,63.5,8.014
1765486831.8518429,99,26,24,16,14,3.806507110595703,62.0,62.5,7.36
1765486832.0528889,99,26,24,16,14,3.806507110595703,62.0,62.5,7.36
1765486832.2540905,99,40,24,48,17,3.8076171875,62.5,63.5,8.12
1765486832.4563215,99,40,24,48,17,3.8076171875,62.5,63.5,8.12
1765486832.660366,99,40,24,48,17,3.8076171875,62.5,63.5,8.12
1765486832.8622015,99,26,19,18,25,3.806743621826172,62.0,62.5,6.931
1765486833.063343,99,26,19,18,25,3.806743621826172,62.0,62.5,6.931
1765486833.264304,99,46,65,56,46,3.8044662475585938,62.5,64.5,8.769
1765486833.4658291,99,46,65,56,46,3.8044662475585938,62.5,64.5,8.769
1765486833.6672175,99,46,65,56,46,3.8044662475585938,62.5,64.5,8.769
1765486833.8689857,99,31,31,28,20,3.80413818359375,62.5,63.0,7.707
1765486834.0703535,99,31,31,28,20,3.80413818359375,62.5,63.0,7.707
1765486834.271301,99,29,35,27,33,3.804759979248047,62.0,63.0,7.547
1765486834.4727805,99,29,35,27,33,3.804759979248047,62.0,63.0,7.547
1765486834.674779,99,29,35,27,33,3.804759979248047,62.0,63.0,7.547
1765486834.877247,99,34,31,28,25,3.8052024841308594,62.5,63.0,7.547
1765486835.0788872,99,34,31,28,25,3.8052024841308594,62.5,63.0,7.547
1765486835.2800686,99,45,26,37,30,3.8051834106445312,62.0,63.5,7.091
1765486835.4812543,99,45,26,37,30,3.8051834106445312,62.0,63.5,7.091
1765486835.6824436,99,45,26,37,30,3.8051834106445312,62.0,63.5,7.091
1765486835.8841233,98,25,21,40,20,3.8066558837890625,62.5,63.0,8.001
1765486836.0868096,98,25,21,40,20,3.8066558837890625,62.5,63.0,8.001
1765486836.2882192,65,32,28,26,18,3.8059616088867188,61.5,65.0,6.31
1765486836.4894872,65,32,28,26,18,3.8059616088867188,61.5,65.0,6.31
1765486836.692597,65,32,28,26,18,3.8059616088867188,61.5,65.0,6.31
1765486836.8950295,99,26,55,26,26,3.8059310913085938,62.5,63.0,7.2
1765486837.0962534,99,26,55,26,26,3.8059310913085938,62.5,63.0,7.2
1765486837.2977324,99,26,55,26,26,3.8059310913085938,62.5,63.0,7.2
1765486837.4988003,0,27,33,30,24,3.8064041137695312,62.0,62.5,4.975
1765486837.7013452,0,27,33,30,24,3.8064041137695312,62.0,62.5,4.975
1765486837.9045615,99,23,21,57,25,3.807708740234375,62.5,63.5,7.667
1765486838.1069407,99,23,21,57,25,3.807708740234375,62.5,63.5,7.667
1765486838.3085918,99,23,21,57,25,3.807708740234375,62.5,63.5,7.667
1765486838.509712,99,26,21,20,21,3.806774139404297,61.5,62.5,5.29
1765486838.7110925,99,26,21,20,21,3.806774139404297,61.5,62.5,5.29
1765486838.9127972,99,36,38,57,30,3.807514190673828,62.0,62.5,7.011
1765486839.1158361,99,36,38,57,30,3.807514190673828,62.0,62.5,7.011
1765486839.3171127,99,36,38,57,30,3.807514190673828,62.0,62.5,7.011
1765486839.5183046,17,33,21,27,32,3.807422637939453,61.5,63.5,5.217
1765486839.7202508,17,33,21,27,32,3.807422637939453,61.5,63.5,5.217
1765486839.9213102,99,22,16,56,22,3.8077316284179688,62.0,63.0,6.85
1765486840.1225612,99,22,16,56,22,3.8077316284179688,62.0,63.0,6.85
1765486840.3240786,99,22,16,56,22,3.8077316284179688,62.0,63.0,6.85
1765486840.5253134,32,18,34,25,22,3.8079376220703125,61.5,62.5,4.658
1765486840.726503,32,18,34,25,22,3.8079376220703125,61.5,62.5,4.658
1765486840.9280999,99,58,36,30,46,3.808544158935547,62.0,63.0,7.36
1765486841.1305697,99,58,36,30,46,3.808544158935547,62.0,63.0,7.36
1765486841.332246,99,58,36,30,46,3.808544158935547,62.0,63.0,7.36
1765486841.5334234,93,18,13,22,21,3.8091087341308594,62.0,62.5,6.931
1765486841.7345693,93,18,13,22,21,3.8091087341308594,62.0,62.5,6.931
1765486841.935762,99,37,59,20,19,3.8081741333007812,62.0,62.5,7.2
1765486842.1370492,99,37,59,20,19,3.8081741333007812,62.0,62.5,7.2
1765486842.3392174,99,37,59,20,19,3.8081741333007812,62.0,62.5,7.2
1765486842.5418057,99,29,18,23,26,3.8086471557617188,62.5,62.5,6.58
1765486842.7432382,99,29,18,23,26,3.8086471557617188,62.5,62.5,6.58
1765486842.9446738,99,42,37,67,35,3.809356689453125,62.5,63.0,7.974
1765486843.1459749,99,42,37,67,35,3.809356689453125,62.5,63.0,7.974
1765486843.3472238,99,42,37,67,35,3.809356689453125,62.5,63.0,7.974
1765486843.548409,98,26,16,23,12,3.8099899291992188,62.0,63.0,7.468
1765486843.7494981,98,26,16,23,12,3.8099899291992188,62.0,63.0,7.468
1765486843.9505208,99,63,33,25,18,3.8092803955078125,62.0,63.0,7.507
1765486844.1515682,99,63,33,25,18,3.8092803955078125,62.0,63.0,7.507
1765486844.3538265,99,63,33,25,18,3.8092803955078125,62.0,63.0,7.507
1765486844.5548656,99,25,26,18,23,3.809825897216797,62.0,62.5,7.091
1765486844.7564325,99,25,26,18,23,3.809825897216797,62.0,62.5,7.091
1765486844.957443,99,28,60,52,36,3.8052215576171875,62.5,63.5,8.729
1765486845.15895,99,28,60,52,36,3.8052215576171875,62.5,63.5,8.729
1765486845.361063,99,28,60,52,36,3.8052215576171875,62.5,63.5,8.729
1765486845.562425,99,23,17,16,13,3.8040199279785156,62.5,63.0,7.44
1765486845.7636073,99,23,17,16,13,3.8040199279785156,62.5,63.0,7.44
1765486845.9646862,99,23,21,34,61,3.8046913146972656,62.0,63.0,7.854
1765486846.1658185,99,23,21,34,61,3.8046913146972656,62.0,63.0,7.854
1765486846.366948,99,23,21,34,61,3.8046913146972656,62.0,63.0,7.854
1765486846.5684197,99,29,22,28,20,3.8054046630859375,62.0,63.0,6.931
1765486846.7696018,99,29,22,28,20,3.8054046630859375,62.0,63.0,6.931
1765486846.9707744,99,29,22,28,20,3.8054046630859375,62.0,63.0,6.931
1765486847.1728685,99,39,58,28,36,3.806201934814453,62.0,63.5,8.12
1765486847.3762176,99,39,58,28,36,3.806201934814453,62.0,63.5,8.12
1765486847.5778637,99,32,26,20,16,3.8057594299316406,62.0,63.0,6.971
1765486847.7788284,99,32,26,20,16,3.8057594299316406,62.0,63.0,6.971
1765486847.9799862,99,32,26,20,16,3.8057594299316406,62.0,63.0,6.971
1765486848.181286,99,38,36,50,27,3.8057212829589844,62.0,63.5,7.667
1765486848.3824153,99,38,36,50,27,3.8057212829589844,62.0,63.5,7.667
1765486848.5842779,99,19,23,41,25,3.8058853149414062,62.5,63.0,7.775
1765486848.7855754,99,19,23,41,25,3.8058853149414062,62.5,63.0,7.775
1765486848.9866736,99,19,23,41,25,3.8058853149414062,62.5,63.0,7.775
1765486849.1877983,99,38,39,28,32,3.80712890625,62.0,63.5,8.041
1765486849.3901534,99,38,39,28,32,3.80712890625,62.0,63.5,8.041
1765486849.5922613,98,27,23,27,23,3.8064613342285156,62.5,62.5,7.131
1765486849.7937074,98,27,23,27,23,3.8064613342285156,62.5,62.5,7.131
1765486849.9949417,98,27,23,27,23,3.8064613342285156,62.5,62.5,7.131
1765486850.195959,99,50,36,29,29,3.8065567016601562,62.0,63.5,7.4
1765486850.3970706,99,50,36,29,29,3.8065567016601562,62.0,63.5,7.4
1765486850.5983737,99,44,18,14,18,3.8078079223632812,62.5,63.0,8.24
1765486850.801349,99,44,18,14,18,3.8078079223632812,62.5,63.0,8.24
1765486851.0032666,99,44,18,14,18,3.8078079223632812,62.5,63.0,8.24
1765486851.204431,99,29,20,36,30,3.807098388671875,61.5,63.5,7.08
1765486851.406617,99,29,20,36,30,3.807098388671875,61.5,63.5,7.08
1765486851.6086526,99,26,28,32,42,3.8074073791503906,62.0,63.0,7.36
1765486851.8103483,99,26,28,32,42,3.8074073791503906,62.0,63.0,7.36
1765486852.0118122,99,26,28,32,42,3.8074073791503906,62.0,63.0,7.36
1765486852.2131147,99,34,30,31,43,3.8072586059570312,61.0,64.5,7.28
1765486852.4152007,99,34,30,31,43,3.8072586059570312,61.0,64.5,7.28
1765486852.6164503,99,16,55,14,17,3.8083534240722656,62.5,63.0,7.974
1765486852.819489,99,16,55,14,17,3.8083534240722656,62.5,63.0,7.974
1765486853.0212176,99,16,55,14,17,3.8083534240722656,62.5,63.0,7.974
1765486853.222493,40,28,26,25,26,3.807891845703125,61.0,63.0,5.837
1765486853.4239287,40,28,26,25,26,3.807891845703125,61.0,63.0,5.837
1765486853.6259766,99,28,26,50,31,3.808349609375,62.5,62.5,6.971
1765486853.8291717,99,28,26,50,31,3.808349609375,62.5,62.5,6.971
1765486854.0309286,99,28,26,50,31,3.808349609375,62.5,62.5,6.971
1765486854.232147,76,28,30,19,36,3.8084640502929688,62.0,62.5,4.853
1765486854.4360414,76,28,30,19,36,3.8084640502929688,62.0,62.5,4.853
1765486854.6372025,99,28,59,19,25,3.809497833251953,62.5,63.0,7.667
1765486854.8393354,99,28,59,19,25,3.809497833251953,62.5,63.0,7.667
1765486855.0422204,99,28,59,19,25,3.809497833251953,62.5,63.0,7.667
1765486855.2434552,71,28,18,27,23,3.8091888427734375,61.5,63.0,5.29
1765486855.4446292,71,28,18,27,23,3.8091888427734375,61.5,63.0,5.29
1765486855.6455927,99,32,56,35,35,3.809734344482422,62.5,63.0,7.12
1765486855.848214,99,32,56,35,35,3.809734344482422,62.5,63.0,7.12
1765486856.0496867,99,32,56,35,35,3.809734344482422,62.5,63.0,7.12
