ts,gpu,cpu1,cpu2,cpu3,cpu4,ram,temp_gpu,temp_cpu,power
1765484672.138255,0,24,21,16,31,3.7907066345214844,62.5,61.0,3.103
1765484672.339552,0,24,21,16,31,3.7907066345214844,62.5,61.0,3.103
1765484672.5410945,0,24,21,16,31,3.7907066345214844,62.5,61.0,3.103
1765484672.7425723,0,24,21,16,31,3.7907066345214844,62.5,61.0,3.103
1765484672.9439294,0,24,21,16,31,3.7907066345214844,62.5,61.0,3.103
1765484673.1450524,99,30,36,47,39,3.6728897094726562,47.0,48.0,8.001
1765484673.3470106,99,30,36,47,39,3.6728897094726562,47.0,48.0,8.001
1765484673.547942,99,88,39,31,33,3.660869598388672,47.5,50.0,9.072
1765484673.749096,99,88,39,31,33,3.660869598388672,47.5,50.0,9.072
1765484673.950424,99,28,51,48,21,3.6577796936035156,47.5,48.0,8.306
1765484674.1520603,99,28,51,48,21,3.6577796936035156,47.5,48.0,8.306
1765484674.353328,99,28,51,48,21,3.6577796936035156,47.5,48.0,8.306
1765484674.5551188,80,28,22,18,22,3.6563453674316406,46.5,48.5,5.886
1765484674.7571807,80,28,22,18,22,3.6563453674316406,46.5,48.5,5.886
1765484674.9590986,99,27,21,25,38,3.6607818603515625,47.5,47.5,8.306
1765484675.1601985,99,27,21,25,38,3.6607818603515625,47.5,47.5,8.306
1765484675.361483,99,27,21,25,38,3.6607818603515625,47.5,47.5,8.306
1765484675.5627668,99,42,53,32,36,3.658344268798828,47.0,48.0,8.61
1765484675.7640233,99,42,53,32,36,3.658344268798828,47.0,48.0,8.61
1765484675.9654756,99,42,53,32,36,3.658344268798828,47.0,48.0,8.61
1765484676.166873,99,21,35,19,32,3.6533546447753906,47.5,48.0,7.627
1765484676.3680673,99,21,35,19,32,3.6533546447753906,47.5,48.0,7.627
1765484676.5698044,99,18,34,21,33,3.6583251953125,47.5,48.0,8.385
1765484676.7710795,99,18,34,21,33,3.6583251953125,47.5,48.0,8.385
1765484676.9721088,99,34,33,28,55,3.647869110107422,47.0,48.0,7.735
1765484677.1741683,99,34,33,28,55,3.647869110107422,47.0,48.0,7.735
1765484677.3752863,99,34,33,28,55,3.647869110107422,47.0,48.0,7.735
1765484677.5763822,99,36,38,31,33,3.651214599609375,47.5,48.0,9.151
1765484677.7775116,99,36,38,31,33,3.651214599609375,47.5,48.0,9.151
1765484677.978636,99,34,35,55,65,3.6512374877929688,47.5,48.0,8.465
1765484678.1799738,99,34,35,55,65,3.6512374877929688,47.5,48.0,8.465
1765484678.3823483,99,34,35,55,65,3.6512374877929688,47.5,48.0,8.465
1765484678.5840893,99,40,38,39,42,3.649280548095703,47.0,48.0,6.31
1765484678.7859037,99,40,38,39,42,3.649280548095703,47.0,48.0,6.31
1765484678.9873867,99,39,31,54,38,3.6536026000976562,48.0,48.0,8.359
1765484679.1884544,99,39,31,54,38,3.6536026000976562,48.0,48.0,8.359
1765484679.3898726,99,39,31,54,38,3.6536026000976562,48.0,48.0,8.359
1765484679.5909069,99,38,48,37,56,3.6452293395996094,47.5,48.0,8.689
1765484679.792334,99,38,48,37,56,3.6452293395996094,47.5,48.0,8.689
1765484679.993425,99,22,27,30,18,3.646076202392578,48.0,48.0,7.775
1765484680.194502,99,22,27,30,18,3.646076202392578,48.0,48.0,7.775
1765484680.3960059,99,22,27,30,18,3.646076202392578,48.0,48.0,7.775
1765484680.5974255,99,31,30,30,48,3.6506118774414062,47.5,47.5,7.627
1765484680.798495,99,31,30,30,48,3.6506118774414062,47.5,47.5,7.627
1765484680.999778,99,31,30,30,48,3.6506118774414062,47.5,47.5,7.627
1765484681.2014027,99,50,30,26,29,3.6544113159179688,47.5,48.5,7.24
1765484681.4025035,99,50,30,26,29,3.6544113159179688,47.5,48.5,7.24
1765484681.6043932,99,34,35,27,26,3.6559295654296875,48.0,48.0,8.001
1765484681.8059402,99,34,35,27,26,3.6559295654296875,48.0,48.0,8.001
1765484682.0068552,99,34,35,27,26,3.6559295654296875,48.0,48.0,8.001
1765484682.208189,99,33,20,51,25,3.649974822998047,48.0,47.5,8.61
1765484682.4114428,99,33,20,51,25,3.649974822998047,48.0,47.5,8.61
1765484682.6131022,20,33,24,18,22,3.6485671997070312,47.0,48.0,5.136
1765484682.8142471,20,33,24,18,22,3.6485671997070312,47.0,48.0,5.136
1765484683.016046,20,33,24,18,22,3.6485671997070312,47.0,48.0,5.136
1765484683.2181087,99,36,50,38,25,3.6531753540039062,48.0,48.0,8.385
1765484683.4225867,99,36,50,38,25,3.6531753540039062,48.0,48.0,8.385
1765484683.6236253,99,39,32,72,31,3.6320838928222656,48.0,48.5,8.584
1765484683.8254228,99,39,32,72,31,3.6320838928222656,48.0,48.5,8.584
1765484684.026897,99,39,32,72,31,3.6320838928222656,48.0,48.5,8.584
1765484684.2281334,99,24,18,17,25,3.6326828002929688,47.5,48.0,7.32
1765484684.4298153,99,24,18,17,25,3.6326828002929688,47.5,48.0,7.32
1765484684.6312492,99,54,30,37,33,3.6332168579101562,48.0,48.0,7.587
1765484684.8326714,99,54,30,37,33,3.6332168579101562,48.0,48.0,7.587
1765484685.0345502,99,54,30,37,33,3.6332168579101562,48.0,48.0,7.587
1765484685.2358074,99,40,32,34,30,3.6334304809570312,47.0,48.0,6.621
1765484685.4381664,99,40,32,34,30,3.6334304809570312,47.0,48.0,6.621
1765484685.6395879,99,29,18,34,20,3.634441375732422,48.0,48.5,8.2
1765484685.8409367,99,29,18,34,20,3.634441375732422,48.0,48.5,8.2
1765484686.0427551,99,29,18,34,20,3.634441375732422,48.0,48.5,8.2
1765484686.244107,99,45,26,20,38,3.6334190368652344,48.0,48.0,8.014
1765484686.4459748,99,45,26,20,38,3.6334190368652344,48.0,48.0,8.014
1765484686.6470528,22,23,29,20,32,3.633453369140625,47.0,48.0,4.739
1765484686.8483415,22,23,29,20,32,3.633453369140625,47.0,48.0,4.739
1765484687.049441,22,23,29,20,32,3.633453369140625,47.0,48.0,4.739
1765484687.252435,99,26,46,24,36,3.6336326599121094,48.5,48.5,8.24
1765484687.4538798,99,26,46,24,36,3.6336326599121094,48.5,48.5,8.24
1765484687.6549723,99,28,26,47,24,3.6338462829589844,48.0,48.5,8.041
1765484687.8567197,99,28,26,47,24,3.6338462829589844,48.0,48.5,8.041
1765484688.0591464,99,28,26,47,24,3.6338462829589844,48.0,48.5,8.041
1765484688.2614877,99,19,14,27,21,3.633769989013672,48.0,48.0,7.36
1765484688.462759,99,19,14,27,21,3.633769989013672,48.0,48.0,7.36
1765484688.6641455,99,44,40,36,50,3.6339340209960938,48.0,48.5,8.041
1765484688.8673382,99,44,40,36,50,3.6339340209960938,48.0,48.5,8.041
1765484689.068624,99,44,40,36,50,3.6339340209960938,48.0,48.5,8.041
1765484689.270216,99,32,36,32,29,3.634319305419922,47.5,49.0,7.24
1765484689.4713311,99,32,36,32,29,3.634319305419922,47.5,49.0,7.24
1765484689.6727343,99,36,24,21,20,3.634021759033203,48.0,48.0,7.507
1765484689.8766565,99,36,24,21,20,3.634021759033203,48.0,48.0,7.507
1765484690.0781894,99,36,24,21,20,3.634021759033203,48.0,48.0,7.507
1765484690.279969,99,32,32,35,46,3.6339187622070312,48.0,48.0,8.041
1765484690.4812438,99,32,32,35,46,3.6339187622070312,48.0,48.0,8.041
1765484690.6823416,0,28,23,21,33,3.6339187622070312,47.5,48.0,5.249
1765484690.8838892,0,28,23,21,33,3.6339187622070312,47.5,48.0,5.249
1765484691.0863192,0,28,23,21,33,3.6339187622070312,47.5,48.0,5.249
1765484691.2876947,99,31,28,25,50,3.634868621826172,48.5,49.0,8.689
1765484691.4887216,99,31,28,25,50,3.634868621826172,48.5,49.0,8.689
1765484691.689904,99,31,28,25,50,3.634868621826172,48.5,49.0,8.689
1765484691.8910227,99,44,31,23,25,3.634021759033203,48.0,49.0,7.934
1765484692.0931304,99,44,31,23,25,3.634021759033203,48.0,49.0,7.934
1765484692.2942994,99,27,25,21,24,3.634685516357422,48.5,48.5,7.08
1765484692.4954846,99,27,25,21,24,3.634685516357422,48.5,48.5,7.08
1765484692.6969326,99,27,25,21,24,3.634685516357422,48.5,48.5,7.08
1765484692.898657,99,37,36,19,50,3.634868621826172,48.5,48.5,7.894
1765484693.099653,99,37,36,19,50,3.634868621826172,48.5,48.5,7.894
1765484693.3008313,99,24,30,34,28,3.635845184326172,48.0,49.0,7.428
1765484693.5020335,99,24,30,34,28,3.635845184326172,48.0,49.0,7.428
1765484693.704736,99,24,30,34,28,3.635845184326172,48.0,49.0,7.428
1765484693.906241,99,30,28,24,37,3.6354103088378906,48.5,48.0,7.507
1765484694.1074076,99,30,28,24,37,3.6354103088378906,48.5,48.0,7.507
1765484694.30934,99,39,36,52,39,3.6364707946777344,48.5,48.5,7.974
1765484694.512771,99,39,36,52,39,3.6364707946777344,48.5,48.5,7.974
1765484694.7141001,99,39,36,52,39,3.6364707946777344,48.5,48.5,7.974
1765484694.9152064,14,30,30,26,25,3.637096405029297,47.5,49.5,5.209
1765484695.1164482,14,30,30,26,25,3.637096405029297,47.5,49.5,5.209
1765484695.3178852,99,46,24,23,18,3.6363143920898438,49.0,48.5,8.081
1765484695.518821,99,46,24,23,18,3.6363143920898438,49.0,48.5,8.081
1765484695.7198315,99,46,24,23,18,3.6363143920898438,49.0,48.5,8.081
1765484695.9218934,99,33,25,26,60,3.6367874145507812,48.5,48.5,7.587
1765484696.1230338,99,33,25,26,60,3.6367874145507812,48.5,48.5,7.587
1765484696.3240068,99,33,23,25,20,3.636932373046875,48.5,48.5,7.131
1765484696.5250604,99,33,23,25,20,3.636932373046875,48.5,48.5,7.131
1765484696.7267835,99,33,23,25,20,3.636932373046875,48.5,48.5,7.131
1765484696.9279792,99,38,20,37,47,3.637950897216797,48.5,49.0,8.346
1765484697.1295233,99,38,20,37,47,3.637950897216797,48.5,49.0,8.346
1765484697.3310013,99,34,32,41,38,3.6351051330566406,48.5,49.5,7.667
1765484697.5320373,99,34,32,41,38,3.6351051330566406,48.5,49.5,7.667
1765484697.7335877,99,34,32,41,38,3.6351051330566406,48.5,49.5,7.667
1765484697.936685,99,35,23,29,16,3.6356735229492188,48.5,48.5,7.775
1765484698.138462,99,35,23,29,16,3.6356735229492188,48.5,48.5,7.775
1765484698.340456,99,42,50,56,39,3.6358261108398438,49.0,50.0,8.544
1765484698.5434256,99,42,50,56,39,3.6358261108398438,49.0,50.0,8.544
1765484698.7465713,99,42,50,56,39,3.6358261108398438,49.0,50.0,8.544
1765484698.9479651,53,21,28,21,24,3.6362838745117188,48.0,49.0,5.604
1765484699.150421,53,21,28,21,24,3.6362838745117188,48.0,49.0,5.604
1765484699.3518755,99,32,34,45,28,3.6366844177246094,49.0,49.0,7.814
1765484699.552911,99,32,34,45,28,3.6366844177246094,49.0,49.0,7.814
1765484699.755504,99,32,34,45,28,3.6366844177246094,49.0,49.0,7.814
1765484699.9579215,99,35,34,23,55,3.6367416381835938,49.0,49.0,7.894
1765484700.1592398,99,35,34,23,55,3.6367416381835938,49.0,49.0,7.894
1765484700.3601875,99,35,34,23,55,3.6367416381835938,49.0,49.0,7.894
1765484700.561581,99,33,23,27,31,3.6307373046875,49.0,50.0,8.041
1765484700.7638001,99,33,23,27,31,3.6307373046875,49.0,50.0,8.041
1765484700.96512,99,21,32,26,44,3.6299667358398438,49.5,49.5,7.667
1765484701.167115,99,21,32,26,44,3.6299667358398438,49.5,49.5,7.667
1765484701.3686981,99,21,32,26,44,3.6299667358398438,49.5,49.5,7.667
1765484701.570696,99,36,48,21,29,3.6297760009765625,49.0,50.0,8.041
1765484701.771987,99,36,48,21,29,3.6297760009765625,49.0,50.0,8.041
1765484701.9738345,99,20,35,18,24,3.6300926208496094,49.0,49.0,8.24
1765484702.1754463,99,20,35,18,24,3.6300926208496094,49.0,49.0,8.24
1765484702.3766258,99,20,35,18,24,3.6300926208496094,49.0,49.0,8.24
1765484702.5789504,99,22,46,31,22,3.6310997009277344,49.0,49.5,7.894
1765484702.7804775,99,22,46,31,22,3.6310997009277344,49.0,49.5,7.894
1765484702.9822125,5,24,25,31,20,3.6302452087402344,48.5,49.0,4.739
1765484703.183682,5,24,25,31,20,3.6302452087402344,48.5,49.0,4.739
1765484703.387887,5,24,25,31,20,3.6302452087402344,48.5,49.0,4.739
1765484703.590872,99,30,37,38,37,3.630321502685547,49.5,49.0,7.961
1765484703.792718,99,30,37,38,37,3.630321502685547,49.5,49.0,7.961
1765484703.9940183,99,40,43,48,46,3.628307342529297,49.5,49.5,8.624
1765484704.196107,99,40,43,48,46,3.628307342529297,49.5,49.5,8.624
1765484704.3984518,99,40,43,48,46,3.628307342529297,49.5,49.5,8.624
1765484704.6001093,99,23,22,28,27,3.6270217895507812,49.0,48.5,7.547
1765484704.801249,99,23,22,28,27,3.6270217895507812,49.0,48.5,7.547
1765484705.0031793,99,52,32,30,37,3.6265487670898438,49.5,49.0,7.587
1765484705.2046895,99,52,32,30,37,3.6265487670898438,49.5,49.0,7.587
1765484705.4060583,99,52,32,30,37,3.6265487670898438,49.5,49.0,7.587
1765484705.6076376,87,30,26,30,39,3.626178741455078,48.5,50.0,6.5
1765484705.8089027,87,30,26,30,39,3.626178741455078,48.5,50.0,6.5
1765484706.0102608,99,26,28,45,23,3.62738037109375,49.5,49.5,8.425
1765484706.212408,99,26,28,45,23,3.62738037109375,49.5,49.5,8.425
1765484706.413569,99,26,28,45,23,3.62738037109375,49.5,49.5,8.425
1765484706.6147635,99,42,25,21,28,3.6267662048339844,49.5,49.0,7.974
1765484706.8171835,99,42,25,21,28,3.6267662048339844,49.5,49.0,7.974
1765484707.019056,24,30,21,27,30,3.6268768310546875,48.5,49.5,4.975
1765484707.2202044,24,30,21,27,30,3.6268768310546875,48.5,49.5,4.975
1765484707.4214993,24,30,21,27,30,3.6268768310546875,48.5,49.5,4.975
1765484707.6229956,99,34,32,49,26,3.6265220642089844,49.5,49.5,8.041
1765484707.8242784,99,34,32,49,26,3.6265220642089844,49.5,49.5,8.041
1765484708.0257165,99,48,27,24,40,3.62750244140625,49.5,50.0,8.385
1765484708.2273173,99,48,27,24,40,3.62750244140625,49.5,50.0,8.385
1765484708.4293659,99,48,27,24,40,3.62750244140625,49.5,50.0,8.385
1765484708.6311164,99,27,25,24,22,3.626941680908203,49.5,49.5,7.428
1765484708.8325639,99,27,25,24,22,3.626941680908203,49.5,49.5,7.428
1765484709.0342588,99,38,54,35,45,3.627666473388672,49.5,49.5,7.814
1765484709.2367296,99,38,54,35,45,3.627666473388672,49.5,49.5,7.814
1765484709.4385273,99,38,54,35,45,3.627666473388672,49.5,49.5,7.814
1765484709.6402771,99,41,34,34,32,3.628582000732422,49.5,51.0,7.775
1765484709.8420334,99,41,34,34,32,3.628582000732422,49.5,51.0,7.775
1765484710.0434012,99,17,32,16,23,3.6275634765625,49.5,49.0,7.627
1765484710.2443855,99,17,32,16,23,3.6275634765625,49.5,49.0,7.627
1765484710.4476254,99,17,32,16,23,3.6275634765625,49.5,49.0,7.627
1765484710.649952,99,40,50,26,19,3.6275177001953125,50.0,49.5,7.775
1765484710.8515477,99,40,50,26,19,3.6275177001953125,50.0,49.5,7.775
1765484711.0525365,52,31,33,30,25,3.6278762817382812,49.0,49.5,5.056
1765484711.2543278,52,31,33,30,25,3.6278762817382812,49.0,49.5,5.056
1765484711.455537,52,31,33,30,25,3.6278762817382812,49.0,49.5,5.056
1765484711.6569963,99,36,45,27,26,3.6284027099609375,50.0,50.5,8.992
1765484711.859012,99,36,45,27,26,3.6284027099609375,50.0,50.5,8.992
1765484712.0600345,99,36,45,27,26,3.6284027099609375,50.0,50.5,8.992
1765484712.2611034,99,24,40,18,28,3.6280288696289062,49.5,49.5,7.667
1765484712.4640245,99,24,40,18,28,3.6280288696289062,49.5,49.5,7.667
1765484712.6655476,99,26,25,21,26,3.627887725830078,49.5,49.0,6.741
1765484712.866725,99,26,25,21,26,3.627887725830078,49.5,49.0,6.741
1765484713.0684257,99,26,25,21,26,3.627887725830078,49.5,49.0,6.741
1765484713.2705045,99,28,48,28,26,3.6278457641601562,49.5,50.5,7.428
1765484713.4716718,99,28,48,28,26,3.6278457641601562,49.5,50.5,7.428
1765484713.672867,99,28,38,30,38,3.6281471252441406,49.5,50.5,8.12
1765484713.8740268,99,28,38,30,38,3.6281471252441406,49.5,50.5,8.12
1765484714.0768747,99,28,38,30,38,3.6281471252441406,49.5,50.5,8.12
1765484714.278199,99,22,28,42,18,3.627819061279297,49.5,50.0,7.775
1765484714.479824,99,22,28,42,18,3.627819061279297,49.5,50.0,7.775
1765484714.6811914,99,45,48,32,43,3.6277923583984375,49.5,49.5,7.468
1765484714.8842342,99,45,48,32,43,3.6277923583984375,49.5,49.5,7.468
1765484715.0855896,99,45,48,32,43,3.6277923583984375,49.5,49.5,7.468
1765484715.2872612,85,30,29,28,28,3.6282958984375,49.0,50.5,5.846
1765484715.490197,85,30,29,28,28,3.6282958984375,49.0,50.5,5.846
1765484715.6914968,99,22,22,22,37,3.6276588439941406,50.0,49.5,7.775
1765484715.8924842,99,22,22,22,37,3.6276588439941406,50.0,49.5,7.775
1765484716.0938601,99,22,22,22,37,3.6276588439941406,50.0,49.5,7.775
1765484716.2949371,99,32,36,44,29,3.627838134765625,50.0,50.0,7.854
1765484716.4961286,99,32,36,44,29,3.627838134765625,50.0,50.0,7.854
1765484716.6971138,99,28,24,17,26,3.6279983520507812,49.5,49.5,6.621
1765484716.898228,99,28,24,17,26,3.6279983520507812,49.5,49.5,6.621
1765484717.0993564,99,28,24,17,26,3.6279983520507812,49.5,49.5,6.621
1765484717.301374,99,32,57,28,31,3.6287841796875,50.0,50.5,8.65
1765484717.502697,99,32,57,28,31,3.6287841796875,50.0,50.5,8.65
1765484717.7038252,99,42,22,23,19,3.6275100708007812,49.5,50.5,7.507
1765484717.9048662,99,42,22,23,19,3.6275100708007812,49.5,50.5,7.507
1765484718.1060328,99,42,22,23,19,3.6275100708007812,49.5,50.5,7.507
1765484718.306907,99,26,23,30,19,3.6279258728027344,50.0,50.0,7.775
1765484718.5080276,99,26,23,30,19,3.6279258728027344,50.0,50.0,7.775
1765484718.709023,99,50,41,30,41,3.6278762817382812,50.0,50.0,8.041
1765484718.9112146,99,50,41,30,41,3.6278762817382812,50.0,50.0,8.041
1765484719.1124444,99,50,41,30,41,3.6278762817382812,50.0,50.0,8.041
1765484719.3136868,49,20,25,32,20,3.6284103393554688,49.5,50.0,6.078
1765484719.5152855,49,20,25,32,20,3.6284103393554688,49.5,50.0,6.078
1765484719.716813,49,20,25,32,20,3.6284103393554688,49.5,50.0,6.078
1765484719.9180744,99,41,34,28,38,3.628093719482422,50.0,50.0,7.894
1765484720.119182,99,41,34,28,38,3.628093719482422,50.0,50.0,7.894
1765484720.3208003,99,33,25,53,33,3.6274948120117188,50.0,50.5,8.041
1765484720.5222979,99,33,25,53,33,3.6274948120117188,50.0,50.5,8.041
1765484720.723256,99,33,25,53,33,3.6274948120117188,50.0,50.5,8.041
1765484720.9244072,99,34,33,22,25,3.6277999877929688,50.0,50.5,6.31
1765484721.1259463,99,34,33,22,25,3.6277999877929688,50.0,50.5,6.31
1765484721.3273034,99,40,16,26,28,3.627948760986328,50.0,49.5,7.974
1765484721.5290341,99,40,16,26,28,3.627948760986328,50.0,49.5,7.974
1765484721.7303944,99,40,16,26,28,3.627948760986328,50.0,49.5,7.974
1765484721.9314718,99,29,43,38,28,3.6301841735839844,50.0,50.5,7.814
1765484722.133049,99,29,43,38,28,3.6301841735839844,50.0,50.5,7.814
1765484722.3354654,99,26,27,22,18,3.6306419372558594,50.0,50.0,7.814
1765484722.5368104,99,26,27,22,18,3.6306419372558594,50.0,50.0,7.814
1765484722.7380314,99,26,27,22,18,3.6306419372558594,50.0,50.0,7.814
1765484722.9399426,99,25,35,43,43,3.630840301513672,50.0,50.5,8.465
1765484723.1419163,99,25,35,43,43,3.630840301513672,50.0,50.5,8.465
1765484723.3430645,0,17,26,24,30,3.63385009765625,49.0,50.5,4.463
1765484723.5441973,0,17,26,24,30,3.63385009765625,49.0,50.5,4.463
1765484723.745577,0,17,26,24,30,3.63385009765625,49.0,50.5,4.463
1765484723.9479697,99,39,26,65,47,3.6358680725097656,50.0,50.0,7.974
1765484724.1498275,99,39,26,65,47,3.6358680725097656,50.0,50.0,7.974
1765484724.3507545,2,24,23,26,25,3.6359519958496094,49.0,50.0,4.975
1765484724.5519528,2,24,23,26,25,3.6359519958496094,49.0,50.0,4.975
1765484724.753025,2,24,23,26,25,3.6359519958496094,49.0,50.0,4.975
1765484724.954561,99,25,35,36,36,3.596393585205078,50.5,50.5,8.227
1765484725.1555839,99,25,35,36,36,3.596393585205078,50.5,50.5,8.227
1765484725.356659,99,28,29,48,28,3.599884033203125,50.0,50.5,7.894
1765484725.5578487,99,28,29,48,28,3.599884033203125,50.0,50.5,7.894
1765484725.7595973,99,28,29,48,28,3.599884033203125,50.0,50.5,7.894
1765484725.9607906,99,25,32,24,18,3.600421905517578,50.0,50.5,7.974
1765484726.162326,99,25,32,24,18,3.600421905517578,50.0,50.5,7.974
1765484726.3634427,99,36,36,52,35,3.6004180908203125,50.0,50.5,8.12
1765484726.5659595,99,36,36,52,35,3.6004180908203125,50.0,50.5,8.12
1765484726.7671835,99,36,36,52,35,3.6004180908203125,50.0,50.5,8.12
1765484726.9683316,73,20,19,12,32,3.600788116455078,49.5,50.0,5.33
1765484727.1700175,73,20,19,12,32,3.600788116455078,49.5,50.0,5.33
1765484727.3710208,99,36,50,35,26,3.600341796875,50.5,50.0,8.12
1765484727.572073,99,36,50,35,26,3.600341796875,50.5,50.0,8.12
1765484727.7733974,99,36,50,35,26,3.600341796875,50.5,50.0,8.12
1765484727.97461,99,32,25,34,56,3.6006393432617188,50.5,50.0,7.934
1765484728.177974,99,32,25,34,56,3.6006393432617188,50.5,50.0,7.934
1765484728.3792443,99,27,23,28,18,3.600933074951172,50.5,50.5,6.931
1765484728.5804095,99,27,23,28,18,3.600933074951172,50.5,50.5,6.931
1765484728.7832687,99,27,23,28,18,3.600933074951172,50.5,50.5,6.931
1765484728.9848733,99,28,51,30,22,3.6004295349121094,50.5,51.0,8.12
1765484729.1859205,99,28,51,30,22,3.6004295349121094,50.5,51.0,8.12
1765484729.3870153,99,28,51,30,22,3.6004295349121094,50.5,51.0,8.12
1765484729.5881329,99,30,32,44,36,3.60015869140625,50.5,51.0,7.735
1765484729.789368,99,30,32,44,36,3.60015869140625,50.5,51.0,7.735
1765484729.9903035,99,26,32,22,23,3.6005897521972656,51.0,50.5,7.814
1765484730.1915815,99,26,32,22,23,3.6005897521972656,51.0,50.5,7.814
1765484730.3925736,99,26,32,22,23,3.6005897521972656,51.0,50.5,7.814
1765484730.5952864,99,48,30,20,24,3.601306915283203,50.5,51.0,8.2
1765484730.7967803,99,48,30,20,24,3.601306915283203,50.5,51.0,8.2
1765484730.9978988,99,24,20,36,18,3.6004676818847656,50.0,51.0,6.741
1765484731.1991193,99,24,20,36,18,3.6004676818847656,50.0,51.0,6.741
1765484731.4009101,99,24,20,36,18,3.6004676818847656,50.0,51.0,6.741
1765484731.602083,99,26,24,47,23,3.6003761291503906,51.0,50.5,7.627
1765484731.8036163,99,26,24,47,23,3.6003761291503906,51.0,50.5,7.627
1765484732.0052059,99,34,38,46,44,3.601795196533203,50.5,51.0,8.808
1765484732.207607,99,34,38,46,44,3.601795196533203,50.5,51.0,8.808
1765484732.410762,99,34,38,46,44,3.601795196533203,50.5,51.0,8.808
1765484732.612173,99,24,16,14,17,3.6012420654296875,50.5,50.0,5.725
1765484732.8141806,99,24,16,14,17,3.6012420654296875,50.5,50.0,5.725
1765484733.0164056,99,34,35,38,45,3.6018028259277344,50.5,50.5,7.28
1765484733.2179146,99,34,35,38,45,3.6018028259277344,50.5,50.5,7.28
1765484733.4270637,99,34,35,38,45,3.6018028259277344,50.5,50.5,7.28
1765484733.628702,99,43,33,36,34,3.6015777587890625,50.5,51.5,7.16
1765484733.8305712,99,43,33,36,34,3.6015777587890625,50.5,51.5,7.16
1765484734.0317585,99,34,8,16,25,3.6028060913085938,51.0,50.5,8.041
1765484734.2332463,99,34,8,16,25,3.6028060913085938,51.0,50.5,8.041
1765484734.435034,99,34,8,16,25,3.6028060913085938,51.0,50.5,8.041
1765484734.6363726,99,24,22,48,21,3.602405548095703,51.0,51.0,7.894
1765484734.8385978,99,24,22,48,21,3.602405548095703,51.0,51.0,7.894
1765484735.0403297,12,26,26,28,26,3.6031761169433594,50.0,51.5,5.015
1765484735.2418137,12,26,26,28,26,3.6031761169433594,50.0,51.5,5.015
1765484735.4430294,12,26,26,28,26,3.6031761169433594,50.0,51.5,5.015
1765484735.646217,99,32,26,31,45,3.6035079956054688,51.0,50.5,8.2
1765484735.847377,99,32,26,31,45,3.6035079956054688,51.0,50.5,8.2
1765484736.0485225,99,39,28,39,35,3.604084014892578,50.5,51.5,8.28
1765484736.2505648,99,39,28,39,35,3.604084014892578,50.5,51.5,8.28
1765484736.4524076,99,39,28,39,35,3.604084014892578,50.5,51.5,8.28
1765484736.6537108,99,27,24,26,28,3.603343963623047,51.0,51.0,7.24
1765484736.8548088,99,27,24,26,28,3.603343963623047,51.0,51.0,7.24
1765484737.0564501,99,40,34,48,45,3.6047630310058594,50.5,51.0,7.894
1765484737.259865,99,40,34,48,45,3.6047630310058594,50.5,51.0,7.894
1765484737.4609926,99,40,34,48,45,3.6047630310058594,50.5,51.0,7.894
1765484737.662044,99,33,35,43,38,3.6055259704589844,50.5,52.0,7.775
1765484737.8633523,99,33,35,43,38,3.6055259704589844,50.5,52.0,7.775
1765484738.064892,99,33,35,43,38,3.6055259704589844,50.5,52.0,7.775
1765484738.2659998,99,32,23,23,20,3.6046829223632812,51.0,51.0,7.775
1765484738.4671357,99,32,23,23,20,3.6046829223632812,51.0,51.0,7.775
1765484738.6691952,99,30,43,42,24,3.6046371459960938,51.0,51.0,7.974
1765484738.870565,99,30,43,42,24,3.6046371459960938,51.0,51.0,7.974
1765484739.0715585,99,30,43,42,24,3.6046371459960938,51.0,51.0,7.974
1765484739.2735283,69,24,26,27,30,3.605304718017578,50.0,51.0,5.492
1765484739.47478,69,24,26,27,30,3.605304718017578,50.0,51.0,5.492
1765484739.6763833,99,26,35,22,43,3.6069984436035156,51.0,51.5,8.385
1765484739.8774025,99,26,35,22,43,3.6069984436035156,51.0,51.5,8.385
1765484740.078743,99,26,35,22,43,3.6069984436035156,51.0,51.5,8.385
1765484740.2800171,99,34,20,39,22,3.6061668395996094,50.5,51.0,7.388
1765484740.4828005,99,34,20,39,22,3.6061668395996094,50.5,51.0,7.388
1765484740.6846075,99,33,20,22,23,3.6067581176757812,51.0,51.0,7.854
1765484740.8859541,99,33,20,22,23,3.6067581176757812,51.0,51.0,7.854
1765484741.0870116,99,33,20,22,23,3.6067581176757812,51.0,51.0,7.854
1765484741.2883658,99,57,41,36,34,3.6075592041015625,51.5,51.0,8.425
1765484741.491544,99,57,41,36,34,3.6075592041015625,51.5,51.0,8.425
1765484741.6929133,41,29,28,25,17,3.608795166015625,50.5,52.0,5.927
1765484741.8939955,41,29,28,25,17,3.608795166015625,50.5,52.0,5.927
1765484742.095895,41,29,28,25,17,3.608795166015625,50.5,52.0,5.927
1765484742.2973783,99,46,33,30,28,3.609355926513672,51.0,51.0,7.587
1765484742.4987912,99,46,33,30,28,3.609355926513672,51.0,51.0,7.587
1765484742.6999464,99,42,36,30,38,3.6092376708984375,50.5,52.0,7.707
1765484742.9011285,99,42,36,30,38,3.6092376708984375,50.5,52.0,7.707
1765484743.102647,99,42,36,30,38,3.6092376708984375,50.5,52.0,7.707
1765484743.3042333,99,32,30,22,20,3.6105995178222656,51.0,51.5,8.65
1765484743.5053682,99,32,30,22,20,3.6105995178222656,51.0,51.5,8.65
1765484743.7098737,99,26,20,24,44,3.6100921630859375,51.0,51.0,7.934
1765484743.9110096,99,26,20,24,44,3.6100921630859375,51.0,51.0,7.934
1765484744.112024,99,26,20,24,44,3.6100921630859375,51.0,51.0,7.934
1765484744.3130572,87,35,22,24,20,3.6100845336914062,50.5,51.0,5.29
1765484744.5142136,87,35,22,24,20,3.6100845336914062,50.5,51.0,5.29
1765484744.716355,99,29,25,35,50,3.6106338500976562,51.0,51.5,7.974
1765484744.9175127,99,29,25,35,50,3.6106338500976562,51.0,51.5,7.974
1765484745.1187274,99,29,25,35,50,3.6106338500976562,51.0,51.5,7.974
1765484745.3202574,99,29,40,42,29,3.612274169921875,51.0,52.0,8.041
1765484745.5232003,99,29,40,42,29,3.612274169921875,51.0,52.0,8.041
1765484745.725267,99,23,24,20,25,3.611560821533203,51.5,51.0,7.627
1765484745.9310882,99,23,24,20,25,3.611560821533203,51.5,51.0,7.627
1765484746.1327865,99,23,24,20,25,3.611560821533203,51.5,51.0,7.627
1765484746.3356872,99,45,28,32,47,3.6116943359375,51.5,51.0,7.36
1765484746.5371761,99,45,28,32,47,3.6116943359375,51.5,51.0,7.36
1765484746.7384024,28,27,29,32,17,3.6119918823242188,50.5,51.0,4.975
1765484746.939821,28,27,29,32,17,3.6119918823242188,50.5,51.0,4.975
1765484747.1415665,28,27,29,32,17,3.6119918823242188,50.5,51.0,4.975
1765484747.3429973,99,28,22,49,26,3.613811492919922,51.5,51.5,8.689
1765484747.5442345,99,28,22,49,26,3.613811492919922,51.5,51.5,8.689
1765484747.7457147,99,36,23,20,47,3.6135406494140625,51.0,51.5,7.587
1765484747.947079,99,36,23,20,47,3.6135406494140625,51.0,51.5,7.587
1765484748.1487706,99,36,23,20,47,3.6135406494140625,51.0,51.5,7.587
1765484748.350108,99,28,30,24,23,3.6143035888671875,51.5,51.5,7.4
1765484748.5512114,99,28,30,24,23,3.6143035888671875,51.5,51.5,7.4
1765484748.7522225,99,29,30,41,46,3.614978790283203,51.5,52.0,8.425
1765484748.9554677,99,29,30,41,46,3.614978790283203,51.5,52.0,8.425
1765484749.157068,99,29,30,41,46,3.614978790283203,51.5,52.0,8.425
1765484749.3584049,99,38,10,24,28,3.615924835205078,51.0,52.5,6.971
1765484749.560117,99,38,10,24,28,3.615924835205078,51.0,52.5,6.971
1765484749.7613544,99,38,10,24,28,3.615924835205078,51.0,52.5,6.971
1765484749.9622984,99,36,42,27,24,3.6158523559570312,51.5,51.5,7.468
1765484750.1638615,99,36,42,27,24,3.6158523559570312,51.5,51.5,7.468
1765484750.3649795,99,40,38,57,34,3.6160354614257812,51.5,52.0,8.306
1765484750.5677168,99,40,38,57,34,3.6160354614257812,51.5,52.0,8.306
1765484750.7690558,99,40,38,57,34,3.6160354614257812,51.5,52.0,8.306
1765484750.9702547,27,20,22,21,28,3.6174240112304688,50.5,52.5,5.411
1765484751.1719534,27,20,22,21,28,3.6174240112304688,50.5,52.5,5.411
1765484751.3735778,99,48,25,28,20,3.6166839599609375,51.5,51.5,7.814
1765484751.574768,99,48,25,28,20,3.6166839599609375,51.5,51.5,7.814
1765484751.775869,99,48,25,28,20,3.6166839599609375,51.5,51.5,7.814
1765484751.978153,99,42,34,37,41,3.616962432861328,51.0,52.0,8.001
1765484752.1794019,99,42,34,37,41,3.616962432861328,51.0,52.0,8.001
1765484752.380314,99,26,24,14,26,3.6168441772460938,51.5,51.0,7.348
1765484752.5813959,99,26,24,14,26,3.6168441772460938,51.5,51.0,7.348
1765484752.7823586,99,26,24,14,26,3.6168441772460938,51.5,51.0,7.348
1765484752.984169,99,30,20,50,26,3.6177520751953125,51.5,52.0,8.16
1765484753.1865685,99,30,20,50,26,3.6177520751953125,51.5,52.0,8.16
1765484753.387742,99,28,31,35,40,3.617259979248047,51.5,52.5,7.388
1765484753.588979,99,28,31,35,40,3.617259979248047,51.5,52.5,7.388
1765484753.7914734,99,28,31,35,40,3.617259979248047,51.5,52.5,7.388
1765484753.9924784,99,37,25,24,24,3.617198944091797,51.5,52.0,7.814
1765484754.1935709,99,37,25,24,24,3.617198944091797,51.5,52.0,7.814
1765484754.3956063,99,34,34,52,28,3.6174354553222656,51.5,52.5,8.769
1765484754.598906,99,34,34,52,28,3.6174354553222656,51.5,52.5,8.769
1765484754.800181,99,34,34,52,28,3.6174354553222656,51.5,52.5,8.769
1765484755.0013156,21,22,20,16,20,3.6168441772460938,50.5,52.0,4.82
1765484755.2030299,21,22,20,16,20,3.6168441772460938,50.5,52.0,4.82
1765484755.4046936,99,40,43,40,36,3.6174087524414062,51.5,52.0,8.081
1765484755.6058283,99,40,43,40,36,3.6174087524414062,51.5,52.0,8.081
1765484755.806869,99,40,43,40,36,3.6174087524414062,51.5,52.0,8.081
1765484756.0087478,99,48,27,36,28,3.6176605224609375,51.5,52.5,8.014
1765484756.2108843,99,48,27,36,28,3.6176605224609375,51.5,52.5,8.014
1765484756.4121778,99,22,23,19,20,3.6179580688476562,51.5,52.5,8.16
1765484756.6148589,99,22,23,19,20,3.6179580688476562,51.5,52.5,8.16
1765484756.8162153,99,22,23,19,20,3.6179580688476562,51.5,52.5,8.16
1765484757.0175169,99,42,28,26,20,3.6180801391601562,52.0,51.5,7.775
1765484757.2191167,99,42,28,26,20,3.6180801391601562,52.0,51.5,7.775
1765484757.426495,0,33,22,32,26,3.6181602478027344,51.0,52.0,4.585
1765484757.627687,0,33,22,32,26,3.6181602478027344,51.0,52.0,4.585
1765484757.8286982,0,33,22,32,26,3.6181602478027344,51.0,52.0,4.585
1765484758.0310185,99,50,26,28,32,3.6189727783203125,52.0,52.0,8.544
1765484758.2361622,99,50,26,28,32,3.6189727783203125,52.0,52.0,8.544
1765484758.4385428,99,50,32,48,46,3.621429443359375,51.5,53.5,9.111
1765484758.63975,99,50,32,48,46,3.621429443359375,51.5,53.5,9.111
1765484758.8410244,99,50,32,48,46,3.621429443359375,51.5,53.5,9.111
1765484759.0420446,99,40,38,36,44,3.625438690185547,52.0,52.0,7.32
1765484759.2431412,99,40,38,36,44,3.625438690185547,52.0,52.0,7.32
1765484759.4439616,99,44,38,41,59,3.6189537048339844,52.0,51.5,7.854
1765484759.645095,99,44,38,41,59,3.6189537048339844,52.0,51.5,7.854
1765484759.8461957,99,44,38,41,59,3.6189537048339844,52.0,51.5,7.854
1765484760.0473077,99,29,28,28,36,3.6202964782714844,51.5,53.5,7.28
1765484760.2491887,99,29,28,28,36,3.6202964782714844,51.5,53.5,7.28
1765484760.4506736,99,29,28,28,36,3.6202964782714844,51.5,53.5,7.28
1765484760.6518261,99,40,22,20,21,3.6195411682128906,51.5,52.0,7.547
1765484760.852896,99,40,22,20,21,3.6195411682128906,51.5,52.0,7.547
1765484761.0545523,99,39,44,32,33,3.620044708251953,52.5,52.0,8.014
1765484761.255974,99,39,44,32,33,3.620044708251953,52.5,52.0,8.014
1765484761.4569123,99,39,44,32,33,3.620044708251953,52.5,52.0,8.014
1765484761.658261,34,26,35,23,23,3.619892120361328,51.0,52.5,5.217
1765484761.8596954,34,26,35,23,23,3.619892120361328,51.0,52.5,5.217
1765484762.0608697,99,24,37,35,31,3.620647430419922,52.5,52.0,8.584
1765484762.261933,99,24,37,35,31,3.620647430419922,52.5,52.0,8.584
1765484762.4629798,99,24,37,35,31,3.620647430419922,52.5,52.0,8.584
1765484762.664151,99,37,23,35,32,3.620128631591797,52.0,52.0,7.775
1765484762.8665597,99,37,23,35,32,3.620128631591797,52.0,52.0,7.775
1765484763.0677016,99,26,24,21,19,3.6199188232421875,52.0,52.0,7.091
1765484763.2688363,99,26,24,21,19,3.6199188232421875,52.0,52.0,7.091
1765484763.4699583,99,26,24,21,19,3.6199188232421875,52.0,52.0,7.091
1765484763.6728861,99,30,30,51,37,3.6192550659179688,52.5,52.0,7.695
1765484763.8743267,99,30,30,51,37,3.6192550659179688,52.5,52.0,7.695
1765484764.0754843,99,24,38,28,34,3.619373321533203,52.0,53.0,8.12
1765484764.2773986,99,24,38,28,34,3.619373321533203,52.0,53.0,8.12
1765484764.4807203,99,24,38,28,34,3.619373321533203,52.0,53.0,8.12
1765484764.6824338,99,39,28,28,27,3.6192970275878906,52.0,52.0,7.854
1765484764.8834574,99,39,28,28,27,3.6192970275878906,52.0,52.0,7.854
1765484765.0848813,99,39,50,36,34,3.6195068359375,52.0,52.0,7.934
1765484765.2873456,99,39,50,36,34,3.6195068359375,52.0,52.0,7.934
1765484765.4884982,99,39,50,36,34,3.6195068359375,52.0,52.0,7.934
1765484765.68969,13,30,32,29,18,3.6196441650390625,51.5,53.0,5.604
1765484765.8926368,13,30,32,29,18,3.6196441650390625,51.5,53.0,5.604
1765484766.0945287,99,31,23,24,41,3.6195297241210938,52.5,52.0,8.16
1765484766.2969973,99,31,23,24,41,3.6195297241210938,52.5,52.0,8.16
1765484766.498334,99,31,23,24,41,3.6195297241210938,52.5,52.0,8.16
1765484766.6995227,99,36,50,26,36,3.6199798583984375,52.5,52.5,8.24
1765484766.900669,99,36,50,26,36,3.6199798583984375,52.5,52.5,8.24
1765484767.101648,99,22,17,14,28,3.6193389892578125,52.5,52.0,6.821
1765484767.3026676,99,22,17,14,28,3.6193389892578125,52.5,52.0,6.821
1765484767.5037184,99,22,17,14,28,3.6193389892578125,52.5,52.0,6.821
1765484767.705159,99,22,30,51,32,3.620227813720703,53.0,53.0,8.769
1765484767.9062295,99,22,30,51,32,3.620227813720703,53.0,53.0,8.769
1765484768.107234,99,22,30,51,32,3.620227813720703,53.0,53.0,8.769
1765484768.3088748,99,30,29,26,40,3.6197853088378906,52.0,52.0,7.854
1765484768.510998,99,30,29,26,40,3.6197853088378906,52.0,52.0,7.854
1765484768.7121484,99,23,25,18,32,3.6193809509277344,52.5,52.5,7.507
1765484768.9135854,99,23,25,18,32,3.6193809509277344,52.5,52.5,7.507
1765484769.1145718,99,23,25,18,32,3.6193809509277344,52.5,52.5,7.507
1765484769.3166919,99,42,34,58,40,3.6196327209472656,52.5,53.0,8.16
1765484769.517916,99,42,34,58,40,3.6196327209472656,52.5,53.0,8.16
1765484769.7193937,99,21,36,22,14,3.6197052001953125,52.0,53.0,6.701
1765484769.9212298,99,21,36,22,14,3.6197052001953125,52.0,53.0,6.701
1765484770.1252499,99,21,36,22,14,3.6197052001953125,52.0,53.0,6.701
1765484770.3269944,99,25,30,27,38,3.6194686889648438,52.5,52.5,7.627
1765484770.5280643,99,25,30,27,38,3.6194686889648438,52.5,52.5,7.627
1765484770.7300398,99,34,37,53,35,3.6197967529296875,53.0,53.5,8.16
1765484770.9319324,99,34,37,53,35,3.6197967529296875,53.0,53.5,8.16
1765484771.133038,99,34,37,53,35,3.6197967529296875,53.0,53.5,8.16
1765484771.334228,4,30,22,27,26,3.6210365295410156,52.0,52.5,5.998
1765484771.536128,4,30,22,27,26,3.6210365295410156,52.0,52.5,5.998
1765484771.7375407,99,28,24,42,23,3.6204376220703125,52.5,53.0,8.081
1765484771.9393067,99,28,24,42,23,3.6204376220703125,52.5,53.0,8.081
1765484772.1405149,99,28,24,42,23,3.6204376220703125,52.5,53.0,8.081
1765484772.342643,99,31,52,33,33,3.619861602783203,52.5,52.5,7.587
1765484772.5438573,99,31,52,33,33,3.619861602783203,52.5,52.5,7.587
1765484772.7455153,99,26,24,21,22,3.620288848876953,53.0,52.5,7.814
1765484772.9469392,99,26,24,21,22,3.620288848876953,53.0,52.5,7.814
1765484773.1479754,99,26,24,21,22,3.620288848876953,53.0,52.5,7.814
1765484773.3494887,99,45,26,25,43,3.6208534240722656,53.0,53.5,8.28
1765484773.5517042,99,45,26,25,43,3.6208534240722656,53.0,53.5,8.28
1765484773.7530973,99,28,34,20,22,3.620197296142578,52.5,54.0,6.971
1765484773.9541934,99,28,34,20,22,3.620197296142578,52.5,54.0,6.971
1765484774.1557193,99,28,34,20,22,3.620197296142578,52.5,54.0,6.971
1765484774.3589451,99,32,35,23,48,3.62078857421875,53.0,52.5,7.707
1765484774.560528,99,32,35,23,48,3.62078857421875,53.0,52.5,7.707
1765484774.7615752,99,39,58,41,39,3.6215286254882812,53.0,53.5,8.848
1765484774.9637728,99,39,58,41,39,3.6215286254882812,53.0,53.5,8.848
1765484775.1665545,99,39,58,41,39,3.6215286254882812,53.0,53.5,8.848
1765484775.3678873,64,18,22,26,17,3.6220169067382812,52.5,52.5,5.917
1765484775.5692067,64,18,22,26,17,3.6220169067382812,52.5,52.5,5.917
1765484775.7704172,99,54,26,22,29,3.6220855712890625,53.0,52.5,7.36
1765484775.9721909,99,54,26,22,29,3.6220855712890625,53.0,52.5,7.36
1765484776.1733289,99,54,26,22,29,3.6220855712890625,53.0,52.5,7.36
1765484776.374891,99,33,32,48,40,3.622467041015625,52.5,54.0,8.081
1765484776.5765376,99,33,32,48,40,3.622467041015625,52.5,54.0,8.081
1765484776.777695,99,33,32,48,40,3.622467041015625,52.5,54.0,8.081
1765484776.9788294,99,32,18,17,19,3.6231727600097656,53.0,53.0,8.505
1765484777.1810663,99,32,18,17,19,3.6231727600097656,53.0,53.0,8.505
1765484777.382435,99,31,39,29,20,3.6226272583007812,53.0,52.5,7.428
1765484777.585464,99,31,39,29,20,3.6226272583007812,53.0,52.5,7.428
1765484777.7871995,99,31,39,29,20,3.6226272583007812,53.0,52.5,7.428
1765484777.988642,37,34,25,35,24,3.6230430603027344,52.0,52.5,5.837
1765484778.1902208,37,34,25,35,24,3.6230430603027344,52.0,52.5,5.837
1765484778.3918526,99,28,32,40,26,3.6228790283203125,53.0,53.0,8.041
1765484778.5933962,99,28,32,40,26,3.6228790283203125,53.0,53.0,8.041
1765484778.7944272,99,28,32,40,26,3.6228790283203125,53.0,53.0,8.041
1765484778.9965355,99,34,44,38,20,3.6241226196289062,53.0,53.5,8.769
1765484779.1979449,99,34,44,38,20,3.6241226196289062,53.0,53.5,8.769
1765484779.399238,33,22,18,18,25,3.6234703063964844,52.5,52.0,5.177
1765484779.600708,33,22,18,18,25,3.6234703063964844,52.5,52.0,5.177
1765484779.8023303,33,22,18,18,25,3.6234703063964844,52.5,52.0,5.177
1765484780.0051336,99,44,35,49,52,3.623138427734375,53.0,53.0,8.319
1765484780.2073452,99,44,35,49,52,3.623138427734375,53.0,53.0,8.319
1765484780.4084706,99,42,36,34,32,3.6232833862304688,53.0,54.0,7.934
1765484780.6104734,99,42,36,34,32,3.6232833862304688,53.0,54.0,7.934
1765484780.8119555,99,42,36,34,32,3.6232833862304688,53.0,54.0,7.934
1765484781.0129504,99,26,24,21,23,3.623950958251953,53.0,53.0,8.12
1765484781.2140825,99,26,24,21,23,3.623950958251953,53.0,53.0,8.12
1765484781.4152482,99,22,29,56,28,3.623638153076172,53.0,53.0,7.507
1765484781.6164534,99,22,29,56,28,3.623638153076172,53.0,53.0,7.507
1765484781.8184032,99,22,29,56,28,3.623638153076172,53.0,53.0,7.507
1765484782.019949,34,21,26,36,22,3.623615264892578,52.0,53.0,5.725
1765484782.2209785,34,21,26,36,22,3.623615264892578,52.0,53.0,5.725
1765484782.4226358,99,26,30,32,49,3.6239242553710938,53.5,53.0,8.664
1765484782.6237001,99,26,30,32,49,3.6239242553710938,53.5,53.0,8.664
1765484782.824914,99,26,30,32,49,3.6239242553710938,53.5,53.0,8.664
1765484783.0263178,99,41,50,29,42,3.6168556213378906,53.0,53.5,8.385
1765484783.2275145,99,41,50,29,42,3.6168556213378906,53.0,53.5,8.385
1765484783.4285336,99,31,34,29,30,3.616046905517578,53.0,53.0,7.091
1765484783.6298404,99,31,34,29,30,3.616046905517578,53.0,53.0,7.091
1765484783.8310964,99,31,34,29,30,3.616046905517578,53.0,53.0,7.091
1765484784.032718,99,68,61,55,64,3.6170883178710938,53.5,54.0,8.054
1765484784.233983,99,68,61,55,64,3.6170883178710938,53.5,54.0,8.054
1765484784.4350176,99,23,34,32,38,3.617687225341797,53.0,54.0,8.385
1765484784.6366196,99,23,34,32,38,3.617687225341797,53.0,54.0,8.385
1765484784.8398843,99,23,34,32,38,3.617687225341797,53.0,54.0,8.385
1765484785.0414205,99,25,30,23,18,3.617481231689453,53.5,53.5,8.12
1765484785.2424796,99,25,30,23,18,3.617481231689453,53.5,53.5,8.12
1765484785.443553,99,25,30,23,18,3.617481231689453,53.5,53.5,8.12
1765484785.647268,99,34,46,38,30,3.6173019409179688,53.0,53.0,7.4
1765484785.8483863,99,34,46,38,30,3.6173019409179688,53.0,53.0,7.4
1765484786.0494332,99,36,22,36,20,3.617481231689453,52.5,53.0,5.177
1765484786.25179,99,36,22,36,20,3.617481231689453,52.5,53.0,5.177
1765484786.4529672,99,36,22,36,20,3.617481231689453,52.5,53.0,5.177
1765484786.6546206,99,25,30,30,42,3.6184463500976562,53.5,54.0,8.769
1765484786.8559139,99,25,30,30,42,3.6184463500976562,53.5,54.0,8.769
1765484787.057431,99,24,28,27,43,3.6178359985351562,53.0,53.0,7.707
1765484787.2588205,99,24,28,27,43,3.6178359985351562,53.0,53.0,7.707
1765484787.4622092,99,24,28,27,43,3.6178359985351562,53.0,53.0,7.707
1765484787.663511,99,21,31,22,24,3.6117820739746094,53.0,53.0,6.971
1765484787.864687,99,21,31,22,24,3.6117820739746094,53.0,53.0,6.971
1765484788.0662253,99,34,46,34,27,3.6064796447753906,53.5,54.0,8.888
1765484788.267953,99,34,46,34,27,3.6064796447753906,53.5,54.0,8.888
1765484788.469342,99,34,46,34,27,3.6064796447753906,53.5,54.0,8.888
1765484788.6702433,99,25,37,25,33,3.600940704345703,53.0,53.5,7.854
1765484788.8734338,99,25,37,25,33,3.600940704345703,53.0,53.5,7.854
1765484789.0759315,99,31,24,27,32,3.6014442443847656,53.5,53.5,7.934
1765484789.2812016,99,31,24,27,32,3.6014442443847656,53.5,53.5,7.934
1765484789.482555,99,31,24,27,32,3.6014442443847656,53.5,53.5,7.934
1765484789.6836493,99,49,40,48,32,3.6011619567871094,53.5,53.5,7.854
1765484789.8853328,99,49,40,48,32,3.6011619567871094,53.5,53.5,7.854
1765484790.0874655,96,30,28,17,22,3.602367401123047,52.5,54.0,5.917
1765484790.2889352,96,30,28,17,22,3.602367401123047,52.5,54.0,5.917
1765484790.490901,96,30,28,17,22,3.602367401123047,52.5,54.0,5.917
1765484790.6921263,99,22,38,27,24,3.6014938354492188,53.5,53.5,8.094
1765484790.8933012,99,22,38,27,24,3.6014938354492188,53.5,53.5,8.094
1765484791.0950425,99,34,26,50,36,3.601055145263672,53.0,54.0,7.894
1765484791.2962263,99,34,26,50,36,3.601055145263672,53.0,54.0,7.894
1765484791.4973385,99,34,26,50,36,3.601055145263672,53.0,54.0,7.894
1765484791.6988263,99,33,24,21,22,3.6013755798339844,53.0,53.0,7.16
1765484791.9004297,99,33,24,21,22,3.6013755798339844,53.0,53.0,7.16
1765484792.1015935,99,31,20,30,40,3.6017608642578125,53.5,53.5,8.001
1765484792.3036315,99,31,20,30,40,3.6017608642578125,53.5,53.5,8.001
1765484792.5050328,99,31,20,30,40,3.6017608642578125,53.5,53.5,8.001
1765484792.7063105,99,36,27,23,40,3.6015968322753906,53.0,53.5,6.971
1765484792.9079273,99,36,27,23,40,3.6015968322753906,53.0,53.5,6.971
1765484793.109113,99,28,17,40,18,3.6016006469726562,53.5,54.0,7.934
1765484793.3102343,99,28,17,40,18,3.6016006469726562,53.5,54.0,7.934
1765484793.511579,99,28,17,40,18,3.6016006469726562,53.5,54.0,7.934
1765484793.7128453,99,29,38,50,40,3.601818084716797,53.5,54.0,8.848
1765484793.9149055,99,29,38,50,40,3.601818084716797,53.5,54.0,8.848
1765484794.1161852,32,20,25,20,12,3.600902557373047,52.5,53.0,4.739
1765484794.3174603,32,20,25,20,12,3.600902557373047,52.5,53.0,4.739
1765484794.5190728,32,20,25,20,12,3.600902557373047,52.5,53.0,4.739
1765484794.7212236,99,51,37,35,40,3.601360321044922,53.5,54.0,8.12
1765484794.9223204,99,51,37,35,40,3.601360321044922,53.5,54.0,8.12
1765484795.1234212,99,51,37,35,40,3.601360321044922,53.5,54.0,8.12
1765484795.3255057,99,40,46,25,43,3.6022300720214844,53.5,54.0,8.16
1765484795.5270932,99,40,46,25,43,3.6022300720214844,53.5,54.0,8.16
1765484795.7283287,99,18,28,24,16,3.602336883544922,53.5,53.5,7.707
1765484795.9301069,99,18,28,24,16,3.602336883544922,53.5,53.5,7.707
1765484796.1311634,99,18,28,24,16,3.602336883544922,53.5,53.5,7.707
1765484796.3323746,99,50,28,21,36,3.601940155029297,53.5,54.0,7.974
1765484796.5340626,99,50,28,21,36,3.601940155029297,53.5,54.0,7.974
1765484796.7353764,99,32,38,29,40,3.601612091064453,53.0,54.5,7.934
1765484796.936894,99,32,38,29,40,3.601612091064453,53.0,54.5,7.934
1765484797.1385257,99,32,38,29,40,3.601612091064453,53.0,54.5,7.934
1765484797.339554,99,21,30,25,26,3.601940155029297,53.5,53.5,8.081
1765484797.5407038,99,21,30,25,26,3.601940155029297,53.5,53.5,8.081
1765484797.7417855,99,26,35,43,22,3.6025962829589844,54.0,53.5,8.041
1765484797.9434466,99,26,35,43,22,3.6025962829589844,54.0,53.5,8.041
1765484798.1445227,99,26,35,43,22,3.6025962829589844,54.0,53.5,8.041
1765484798.3457103,55,30,25,22,28,3.6020889282226562,53.5,54.0,5.249
1765484798.5470228,55,30,25,22,28,3.6020889282226562,53.5,54.0,5.249
1765484798.750228,99,37,50,26,28,3.606098175048828,54.0,54.0,8.001
1765484798.9522138,99,37,50,26,28,3.606098175048828,54.0,54.0,8.001
1765484799.1539364,99,37,50,26,28,3.606098175048828,54.0,54.0,8.001
1765484799.3551333,99,40,37,32,42,3.606525421142578,54.0,54.5,8.385
1765484799.5580935,99,40,37,32,42,3.606525421142578,54.0,54.5,8.385
1765484799.7591612,99,22,20,14,22,3.6058425903320312,53.5,54.0,7.775
1765484799.960815,99,22,20,14,22,3.6058425903320312,53.5,54.0,7.775
1765484800.1629388,99,22,20,14,22,3.6058425903320312,53.5,54.0,7.775
1765484800.3652315,99,34,27,32,54,3.6065025329589844,54.0,54.0,7.468
1765484800.5666826,99,34,27,32,54,3.6065025329589844,54.0,54.0,7.468
1765484800.7681434,99,36,40,27,30,3.6061630249023438,53.5,54.5,7.011
1765484800.9699354,99,36,40,27,30,3.6061630249023438,53.5,54.5,7.011
1765484801.1710923,99,36,40,27,30,3.6061630249023438,53.5,54.5,7.011
1765484801.3726418,99,35,26,19,22,3.6064453125,54.0,54.5,8.28
1765484801.5743024,99,35,26,19,22,3.6064453125,54.0,54.5,8.28
1765484801.7757668,99,46,20,25,18,3.6068878173828125,54.0,54.0,8.081
1765484801.9771872,99,46,20,25,18,3.6068878173828125,54.0,54.0,8.081
1765484802.1790764,99,46,20,25,18,3.6068878173828125,54.0,54.0,8.081
1765484802.3805015,14,27,20,20,34,3.6064224243164062,53.5,54.5,4.975
1765484802.5825424,14,27,20,20,34,3.6064224243164062,53.5,54.5,4.975
1765484802.785057,99,54,30,32,30,3.6072731018066406,54.0,54.0,8.359
1765484802.987583,99,54,30,32,30,3.6072731018066406,54.0,54.0,8.359
1765484803.1887796,99,54,30,32,30,3.6072731018066406,54.0,54.0,8.359
1765484803.3897762,99,28,50,21,33,3.6077194213867188,53.5,54.5,8.24
1765484803.5913208,99,28,50,21,33,3.6077194213867188,53.5,54.5,8.24
1765484803.79281,99,29,17,24,16,3.6067047119140625,54.0,54.0,7.24
1765484803.9941216,99,29,17,24,16,3.6067047119140625,54.0,54.0,7.24
1765484804.1952386,99,29,17,24,16,3.6067047119140625,54.0,54.0,7.24
1765484804.3974533,99,50,50,36,64,3.607166290283203,54.5,54.5,8.24
1765484804.5999503,99,50,50,36,64,3.607166290283203,54.5,54.5,8.24
1765484804.8034203,99,50,50,36,64,3.607166290283203,54.5,54.5,8.24
1765484805.0046906,99,33,28,33,36,3.607463836669922,53.5,55.0,7.12
1765484805.207273,99,33,28,33,36,3.607463836669922,53.5,55.0,7.12
1765484805.408558,99,23,36,18,19,3.6061172485351562,54.0,54.0,7.587
1765484805.6108475,99,23,36,18,19,3.6061172485351562,54.0,54.0,7.587
1765484805.812377,99,23,36,18,19,3.6061172485351562,54.0,54.0,7.587
1765484806.013849,99,52,30,34,28,3.6073875427246094,54.0,54.0,8.081
1765484806.2149558,99,52,30,34,28,3.6073875427246094,54.0,54.0,8.081
1765484806.4161732,14,36,21,30,21,3.6071510314941406,53.5,54.5,5.177
1765484806.6175766,14,36,21,30,21,3.6071510314941406,53.5,54.5,5.177
1765484806.818941,14,36,21,30,21,3.6071510314941406,53.5,54.5,5.177
1765484807.0209043,99,25,24,46,28,3.6077041625976562,54.5,54.5,8.689
1765484807.2223356,99,25,24,46,28,3.6077041625976562,54.5,54.5,8.689
1765484807.4235013,99,30,24,50,24,3.6071128845214844,54.0,54.5,8.054
1765484807.624884,99,30,24,50,24,3.6071128845214844,54.0,54.5,8.054
1765484807.8275049,99,30,24,50,24,3.6071128845214844,54.0,54.5,8.054
1765484808.0290723,99,23,22,26,18,3.606792449951172,54.0,54.0,7.36
1765484808.230275,99,23,22,26,18,3.606792449951172,54.0,54.0,7.36
1765484808.4317758,99,32,55,31,36,3.6070289611816406,54.0,54.0,7.775
1765484808.635022,99,32,55,31,36,3.6070289611816406,54.0,54.0,7.775
1765484808.8365297,99,32,55,31,36,3.6070289611816406,54.0,54.0,7.775
1765484809.0402136,99,30,35,23,22,3.607696533203125,54.0,56.5,7.348
1765484809.242385,99,30,35,23,22,3.607696533203125,54.0,56.5,7.348
1765484809.444647,99,24,45,25,28,3.6075363159179688,54.0,54.5,7.775
1765484809.6463835,99,24,45,25,28,3.6075363159179688,54.0,54.5,7.775
1765484809.8482509,99,24,45,25,28,3.6075363159179688,54.0,54.5,7.775
1765484810.050821,99,36,54,30,32,3.6080474853515625,54.0,54.0,8.014
1765484810.2528234,99,36,54,30,32,3.6080474853515625,54.0,54.0,8.014
1765484810.4546342,0,28,32,25,25,3.6080284118652344,53.5,54.0,5.765
1765484810.655796,0,28,32,25,25,3.6080284118652344,53.5,54.0,5.765
1765484810.8582454,0,28,32,25,25,3.6080284118652344,53.5,54.0,5.765
1765484811.0597243,99,43,26,24,27,3.6078338623046875,54.0,54.5,7.974
1765484811.2606952,99,43,26,24,27,3.6078338623046875,54.0,54.5,7.974
1765484811.461896,99,24,38,43,29,3.6086273193359375,54.0,55.0,7.814
1765484811.6661458,99,24,38,43,29,3.6086273193359375,54.0,55.0,7.814
1765484811.8679395,99,24,38,43,29,3.6086273193359375,54.0,55.0,7.814
1765484812.0691597,99,25,21,25,25,3.609027862548828,54.0,54.5,7.627
1765484812.2704127,99,25,21,25,25,3.609027862548828,54.0,54.5,7.627
1765484812.4713728,99,23,39,49,31,3.609600067138672,54.5,55.0,8.61
1765484812.6727312,99,23,39,49,31,3.609600067138672,54.5,55.0,8.61
1765484812.8738253,99,23,39,49,31,3.609600067138672,54.5,55.0,8.61
1765484813.07506,99,22,27,18,22,3.6090660095214844,53.5,54.5,6.931
1765484813.276093,99,22,27,18,22,3.6090660095214844,53.5,54.5,6.931
1765484813.477592,99,22,27,18,22,3.6090660095214844,53.5,54.5,6.931
1765484813.6787493,99,43,22,28,41,3.6047210693359375,54.5,54.5,8.014
1765484813.8802235,99,43,22,28,41,3.6047210693359375,54.5,54.5,8.014
1765484814.081405,99,33,30,28,52,3.6040916442871094,54.0,54.0,7.12
1765484814.2842755,99,33,30,28,52,3.6040916442871094,54.0,54.0,7.12
1765484814.4855494,99,33,30,28,52,3.6040916442871094,54.0,54.0,7.12
1765484814.686679,99,22,20,25,17,3.6049537658691406,54.5,55.0,8.505
1765484814.887773,99,22,20,25,17,3.6049537658691406,54.5,55.0,8.505
1765484815.088961,99,21,45,26,32,3.604442596435547,54.5,54.5,7.507
1765484815.2902212,99,21,45,26,32,3.604442596435547,54.5,54.5,7.507
1765484815.4914465,99,21,45,26,32,3.604442596435547,54.5,54.5,7.507
1765484815.6925778,40,21,28,35,24,3.6042747497558594,53.0,54.0,4.934
1765484815.8938656,40,21,28,35,24,3.6042747497558594,53.0,54.0,4.934
1765484816.095921,99,31,32,50,29,3.604541778564453,54.5,55.0,8.992
1765484816.2974746,99,31,32,50,29,3.604541778564453,54.5,55.0,8.992
1765484816.4988847,99,31,32,50,29,3.604541778564453,54.5,55.0,8.992
1765484816.7002087,99,22,50,21,18,3.6052474975585938,54.5,54.5,8.041
1765484816.9025667,99,22,50,21,18,3.6052474975585938,54.5,54.5,8.041
1765484817.1040342,99,24,24,27,22,3.604450225830078,54.5,54.0,6.078
1765484817.305128,99,24,24,27,22,3.604450225830078,54.5,54.0,6.078
1765484817.5062764,99,24,24,27,22,3.604450225830078,54.5,54.0,6.078
1765484817.7084577,99,25,50,32,34,3.604400634765625,55.0,55.5,8.12
1765484817.909955,99,25,50,32,34,3.604400634765625,55.0,55.5,8.12
1765484818.111223,99,31,34,37,36,3.6048507690429688,54.5,55.5,8.505
1765484818.3130124,99,31,34,37,36,3.6048507690429688,54.5,55.5,8.505
1765484818.5160367,99,31,34,37,36,3.6048507690429688,54.5,55.5,8.505
1765484818.717335,99,29,29,16,19,3.604167938232422,54.5,54.5,7.627
1765484818.918459,99,29,29,16,19,3.604167938232422,54.5,54.5,7.627
1765484819.1204307,99,27,45,34,44,3.6045684814453125,54.5,55.0,7.547
1765484819.322861,99,27,45,34,44,3.6045684814453125,54.5,55.0,7.547
1765484819.5240204,99,27,45,34,44,3.6045684814453125,54.5,55.0,7.547
1765484819.7254221,34,33,26,34,28,3.6038742065429688,53.5,54.5,5.725
1765484819.9267328,34,33,26,34,28,3.6038742065429688,53.5,54.5,5.725
1765484820.128159,99,26,29,38,26,3.6044540405273438,55.0,55.5,9.032
1765484820.3291178,99,26,29,38,26,3.6044540405273438,55.0,55.5,9.032
1765484820.5305033,99,26,29,38,26,3.6044540405273438,55.0,55.5,9.032
1765484820.7317865,99,29,26,54,27,3.6043128967285156,54.5,54.5,7.894
1765484820.933133,99,29,26,54,27,3.6043128967285156,54.5,54.5,7.894
1765484821.134375,99,25,28,22,25,3.6047439575195312,54.5,54.5,5.846
1765484821.335688,99,25,28,22,25,3.6047439575195312,54.5,54.5,5.846
1765484821.5367858,99,25,28,22,25,3.6047439575195312,54.5,54.5,5.846
1765484821.7389498,99,34,25,34,58,3.604785919189453,55.0,55.0,8.584
1765484821.940202,99,34,25,34,58,3.604785919189453,55.0,55.0,8.584
1765484822.141375,99,34,25,34,58,3.604785919189453,55.0,55.0,8.584
1765484822.3428128,99,24,31,41,20,3.603870391845703,54.5,55.0,7.747
1765484822.5458562,99,24,31,41,20,3.603870391845703,54.5,55.0,7.747
1765484822.7468343,99,27,26,29,22,3.6045188903808594,55.0,54.5,7.894
1765484822.9480274,99,27,26,29,22,3.6045188903808594,55.0,54.5,7.894
1765484823.1532602,99,27,26,29,22,3.6045188903808594,55.0,54.5,7.894
1765484823.356446,99,38,62,34,30,3.604522705078125,55.0,55.0,8.24
1765484823.5583792,99,38,62,34,30,3.604522705078125,55.0,55.0,8.24
1765484823.7595487,13,32,34,27,27,3.6054000854492188,54.0,55.0,5.796
1765484823.9611135,13,32,34,27,27,3.6054000854492188,54.0,55.0,5.796
1765484824.1631036,13,32,34,27,27,3.6054000854492188,54.0,55.0,5.796
1765484824.364133,99,38,29,26,24,3.6044883728027344,55.0,55.0,8.16
1765484824.5652885,99,38,29,26,24,3.6044883728027344,55.0,55.0,8.16
1765484824.7673218,99,32,32,48,21,3.6047096252441406,55.0,54.5,8.014
1765484824.9690313,99,32,32,48,21,3.6047096252441406,55.0,54.5,8.014
1765484825.1701915,99,32,32,48,21,3.6047096252441406,55.0,54.5,8.014
1765484825.3713145,72,25,32,22,32,3.604827880859375,54.0,54.5,5.685
1765484825.573011,72,25,32,22,32,3.604827880859375,54.0,54.5,5.685
1765484825.7742016,99,48,29,22,22,3.6052780151367188,55.0,55.5,8.769
1765484825.9757938,99,48,29,22,22,3.6052780151367188,55.0,55.5,8.769
1765484826.1771276,99,48,29,22,22,3.6052780151367188,55.0,55.5,8.769
1765484826.3784957,99,42,28,30,30,3.6050682067871094,54.5,55.5,7.934
1765484826.5799499,99,42,28,30,30,3.6050682067871094,54.5,55.5,7.934
1765484826.781309,99,20,32,16,23,3.6046524047851562,55.0,54.5,7.268
1765484826.9825425,99,20,32,16,23,3.6046524047851562,55.0,54.5,7.268
1765484827.1836426,99,20,32,16,23,3.6046524047851562,55.0,54.5,7.268
1765484827.3876345,99,27,47,26,41,3.604949951171875,55.0,55.5,8.28
1765484827.5907147,99,27,47,26,41,3.604949951171875,55.0,55.5,8.28
1765484827.7918851,99,40,25,26,25,3.604785919189453,54.5,55.5,8.2
1765484827.9933407,99,40,25,26,25,3.604785919189453,54.5,55.5,8.2
1765484828.1955733,99,40,25,26,25,3.604785919189453,54.5,55.5,8.2
1765484828.396775,99,37,37,23,28,3.604869842529297,55.0,55.0,7.974
1765484828.5982442,99,37,37,23,28,3.604869842529297,55.0,55.0,7.974
1765484828.7993388,99,37,56,41,48,3.6043701171875,55.0,55.5,8.385
1765484829.0010192,99,37,56,41,48,3.6043701171875,55.0,55.5,8.385
1765484829.2023327,99,37,56,41,48,3.6043701171875,55.0,55.5,8.385
1765484829.4034576,78,25,28,26,21,3.605571746826172,54.5,55.0,6.199
1765484829.6060731,78,25,28,26,21,3.605571746826172,54.5,55.0,6.199
1765484829.8073978,78,25,28,26,21,3.605571746826172,54.5,55.0,6.199
1765484830.008295,99,30,21,29,43,3.6046829223632812,55.0,55.0,7.974
1765484830.2094045,99,30,21,29,43,3.6046829223632812,55.0,55.0,7.974
1765484830.4109855,99,32,38,27,48,3.604907989501953,54.5,55.0,7.854
1765484830.612322,99,32,38,27,48,3.604907989501953,54.5,55.0,7.854
1765484830.813517,99,32,38,27,48,3.604907989501953,54.5,55.0,7.854
1765484831.0148296,99,26,29,28,12,3.60504150390625,54.5,54.5,6.118
1765484831.2165928,99,26,29,28,12,3.60504150390625,54.5,54.5,6.118
1765484831.4179919,99,51,22,30,31,3.6062240600585938,55.0,55.5,8.081
1765484831.6202781,99,51,22,30,31,3.6062240600585938,55.0,55.5,8.081
1765484831.82192,99,51,22,30,31,3.6062240600585938,55.0,55.5,8.081
1765484832.02308,99,38,18,41,21,3.6056289672851562,55.0,56.0,7.894
1765484832.2253249,99,38,18,41,21,3.6056289672851562,55.0,56.0,7.894
1765484832.4281602,99,34,26,22,18,3.605541229248047,55.0,55.0,8.014
1765484832.6296864,99,34,26,22,18,3.605541229248047,55.0,55.0,8.014
1765484832.8307126,99,34,26,22,18,3.605541229248047,55.0,55.0,8.014
1765484833.0324888,99,37,42,40,44,3.6055908203125,55.0,55.5,8.28
1765484833.2347512,99,37,42,40,44,3.6055908203125,55.0,55.5,8.28
1765484833.4362128,59,15,19,26,18,3.6058425903320312,54.0,55.0,5.765
1765484833.637551,59,15,19,26,18,3.6058425903320312,54.0,55.0,5.765
1765484833.8400698,59,15,19,26,18,3.6058425903320312,54.0,55.0,5.765
1765484834.0419445,99,49,36,28,35,3.6054153442382812,55.0,55.5,8.014
1765484834.2429473,99,49,36,28,35,3.6054153442382812,55.0,55.5,8.014
1765484834.4441848,99,55,38,37,40,3.605560302734375,54.5,55.5,7.934
1765484834.6458151,99,55,38,37,40,3.605560302734375,54.5,55.5,7.934
1765484834.8470607,99,55,38,37,40,3.605560302734375,54.5,55.5,7.934
1765484835.0481448,99,22,19,24,25,3.606395721435547,55.0,55.5,7.894
1765484835.2494948,99,22,19,24,25,3.606395721435547,55.0,55.5,7.894
1765484835.450902,99,39,25,36,21,3.6054420471191406,55.0,55.5,7.547
1765484835.6520295,99,39,25,36,21,3.6054420471191406,55.0,55.5,7.547
1765484835.853178,99,39,25,36,21,3.6054420471191406,55.0,55.5,7.547
1765484836.0543907,99,29,39,25,33,3.6056785583496094,54.5,55.5,7.707
1765484836.2555208,99,29,39,25,33,3.6056785583496094,54.5,55.5,7.707
1765484836.4566126,99,19,36,15,19,3.6060333251953125,55.0,55.0,7.974
1765484836.6586363,99,19,36,15,19,3.6060333251953125,55.0,55.0,7.974
1765484836.8599162,99,19,36,15,19,3.6060333251953125,55.0,55.0,7.974
1765484837.0609727,99,29,37,22,45,3.606761932373047,55.5,56.0,8.16
1765484837.2631974,99,29,37,22,45,3.606761932373047,55.5,56.0,8.16
1765484837.4645903,96,20,19,26,24,3.6062698364257812,54.5,54.5,5.371
1765484837.6659725,96,20,19,26,24,3.6062698364257812,54.5,54.5,5.371
1765484837.8676488,96,20,19,26,24,3.6062698364257812,54.5,54.5,5.371
1765484838.0710638,99,37,54,28,31,3.6060333251953125,55.5,55.5,8.081
1765484838.2728624,99,37,54,28,31,3.6060333251953125,55.5,55.5,8.081
1765484838.4745984,99,37,54,28,31,3.6060333251953125,55.5,55.5,8.081
1765484838.6767704,99,47,49,41,43,3.6064987182617188,54.5,56.0,8.769
1765484838.8786764,99,47,49,41,43,3.6064987182617188,54.5,56.0,8.769
1765484839.0798469,99,22,14,15,16,3.606231689453125,54.5,55.0,7.12
1765484839.28147,99,22,14,15,16,3.606231689453125,54.5,55.0,7.12
1765484839.4828322,99,22,14,15,16,3.606231689453125,54.5,55.0,7.12
1765484839.6842718,99,36,42,52,32,3.6061439514160156,55.5,56.0,8.014
1765484839.8861327,99,36,42,52,32,3.6061439514160156,55.5,56.0,8.014
1765484840.0872154,99,34,34,40,24,3.606487274169922,55.0,56.5,8.081
1765484840.288734,99,34,34,40,24,3.606487274169922,55.0,56.5,8.081
1765484840.489909,99,34,34,40,24,3.606487274169922,55.0,56.5,8.081
1765484840.6912212,99,33,24,18,24,3.6074600219726562,55.0,56.0,8.664
1765484840.8922977,99,33,24,18,24,3.6074600219726562,55.0,56.0,8.664
1765484841.093225,99,20,39,26,20,3.6065139770507812,55.0,55.5,7.854
1765484841.29472,99,20,39,26,20,3.6065139770507812,55.0,55.5,7.854
1765484841.4957538,99,20,39,26,20,3.6065139770507812,55.0,55.5,7.854
1765484841.696929,39,22,24,29,22,3.6059036254882812,54.5,55.5,5.411
1765484841.8979235,39,22,24,29,22,3.6059036254882812,54.5,55.5,5.411
1765484842.1000047,99,37,28,27,48,3.6058921813964844,55.5,56.0,8.12
1765484842.30132,99,37,28,27,48,3.6058921813964844,55.5,56.0,8.12
1765484842.5025115,99,37,28,27,48,3.6058921813964844,55.5,56.0,8.12
1765484842.7039382,99,41,40,34,32,3.606761932373047,55.0,56.0,8.689
1765484842.906401,99,41,40,34,32,3.606761932373047,55.0,56.0,8.689
1765484843.1075904,99,21,27,13,12,3.6062164306640625,55.0,55.5,6.621
1765484843.3087986,99,21,27,13,12,3.6062164306640625,55.0,55.5,6.621
1765484843.5101533,99,21,27,13,12,3.6062164306640625,55.0,55.5,6.621
1765484843.7122123,99,42,46,41,42,3.6061325073242188,55.0,56.0,7.627
1765484843.918459,99,42,46,41,42,3.6061325073242188,55.0,56.0,7.627
1765484844.1200237,99,37,38,39,40,3.6067276000976562,55.0,56.5,8.584
1765484844.3221152,99,37,38,39,40,3.6067276000976562,55.0,56.5,8.584
1765484844.5249808,99,37,38,39,40,3.6067276000976562,55.0,56.5,8.584
1765484844.7265387,99,28,15,16,26,3.6064910888671875,55.0,56.0,8.544
1765484844.9276874,99,28,15,16,26,3.6064910888671875,55.0,56.0,8.544
1765484845.1291285,99,30,28,34,47,3.6061935424804688,55.5,55.5,7.468
1765484845.3304632,99,30,28,34,47,3.6061935424804688,55.5,55.5,7.468
1765484845.53138,99,30,28,34,47,3.6061935424804688,55.5,55.5,7.468
1765484845.7327044,23,28,28,32,31,3.606548309326172,54.5,55.0,5.644
1765484845.935709,23,28,28,32,31,3.606548309326172,54.5,55.0,5.644
1765484846.1370745,99,30,45,34,22,3.606964111328125,55.5,56.0,9.151
1765484846.3381963,99,30,45,34,22,3.606964111328125,55.5,56.0,9.151
1765484846.5395658,99,30,45,34,22,3.606964111328125,55.5,56.0,9.151
1765484846.7406576,99,20,28,38,22,3.6061325073242188,55.5,55.5,7.934
1765484846.9420483,99,20,28,38,22,3.6061325073242188,55.5,55.5,7.934
1765484847.1430366,94,25,25,31,25,3.6061668395996094,54.5,55.5,5.492
1765484847.3454,94,25,25,31,25,3.6061668395996094,54.5,55.5,5.492
1765484847.5465045,94,25,25,31,25,3.6061668395996094,54.5,55.5,5.492
1765484847.748463,99,32,28,32,48,3.6063690185546875,55.5,56.0,8.081
1765484847.949752,99,32,28,32,48,3.6063690185546875,55.5,56.0,8.081
1765484848.1508915,99,32,28,32,48,3.6063690185546875,55.5,56.0,8.081
1765484848.352301,99,32,35,32,30,3.6066513061523438,55.5,56.5,8.081
1765484848.5545633,99,32,35,32,30,3.6066513061523438,55.5,56.5,8.081
1765484848.7557483,99,28,23,20,30,3.606487274169922,55.5,55.5,7.627
1765484848.9572117,99,28,23,20,30,3.606487274169922,55.5,55.5,7.627
1765484849.1592789,99,28,23,20,30,3.606487274169922,55.5,55.5,7.627
1765484849.3612907,99,40,38,46,38,3.6068954467773438,55.5,56.0,7.627
1765484849.5622683,99,40,38,46,38,3.6068954467773438,55.5,56.0,7.627
1765484849.76338,59,37,28,18,35,3.6064071655273438,54.5,55.5,5.411
1765484849.964857,59,37,28,18,35,3.6064071655273438,54.5,55.5,5.411
1765484850.16619,59,37,28,18,35,3.6064071655273438,54.5,55.5,5.411
1765484850.3676226,99,44,30,20,20,3.607177734375,55.5,56.0,8.385
1765484850.568921,99,44,30,20,20,3.607177734375,55.5,56.0,8.385
1765484850.7707884,99,23,30,35,47,3.6069488525390625,55.5,56.0,7.894
1765484850.972044,99,23,30,35,47,3.6069488525390625,55.5,56.0,7.894
1765484851.173848,99,23,30,35,47,3.6069488525390625,55.5,56.0,7.894
1765484851.3751118,99,24,20,30,19,3.606700897216797,55.0,55.5,6.551
1765484851.576296,99,24,20,30,19,3.606700897216797,55.0,55.5,6.551
1765484851.7775428,99,28,28,61,30,3.6075363159179688,55.5,56.5,8.385
1765484851.9794648,99,28,28,61,30,3.6075363159179688,55.5,56.5,8.385
1765484852.1809664,99,28,28,61,30,3.6075363159179688,55.5,56.5,8.385
1765484852.3821526,99,29,23,46,20,3.6070632934570312,55.5,56.5,7.814
1765484852.5840154,99,29,23,46,20,3.6070632934570312,55.5,56.5,7.814
1765484852.7860665,99,30,20,28,23,3.6072998046875,55.5,56.0,7.894
1765484852.9882689,99,30,20,28,23,3.6072998046875,55.5,56.0,7.894
1765484853.189389,99,30,20,28,23,3.6072998046875,55.5,56.0,7.894
1765484853.3916821,99,45,41,52,42,3.6086158752441406,55.5,56.5,8.28
1765484853.594764,99,45,41,52,42,3.6086158752441406,55.5,56.5,8.28
1765484853.79631,85,24,21,24,14,3.609912872314453,54.5,56.0,5.877
1765484853.998034,85,24,21,24,14,3.609912872314453,54.5,56.0,5.877
1765484854.200409,85,24,21,24,14,3.609912872314453,54.5,56.0,5.877
1765484854.4019303,99,32,32,41,30,3.6085243225097656,55.5,56.0,8.014
1765484854.6055217,99,32,32,41,30,3.6085243225097656,55.5,56.0,8.014
1765484854.8088992,99,37,35,45,38,3.608356475830078,55.5,56.0,8.041
1765484855.0112727,99,37,35,45,38,3.608356475830078,55.5,56.0,8.041
1765484855.2126453,99,37,35,45,38,3.608356475830078,55.5,56.0,8.041
1765484855.4140575,99,25,22,20,10,3.6087417602539062,55.5,56.0,7.091
1765484855.6159155,99,25,22,20,10,3.6087417602539062,55.5,56.0,7.091
1765484855.8172483,99,25,22,20,10,3.6087417602539062,55.5,56.0,7.091
1765484856.0194833,99,29,28,34,49,3.6097068786621094,55.5,56.5,8.16
1765484856.2209864,99,29,28,34,49,3.6097068786621094,55.5,56.5,8.16
1765484856.4228227,99,30,39,34,26,3.6084861755371094,55.5,56.0,8.001
1765484856.6240964,99,30,39,34,26,3.6084861755371094,55.5,56.0,8.001
1765484856.8257494,99,30,39,34,26,3.6084861755371094,55.5,56.0,8.001
1765484857.0279129,99,23,14,14,35,3.6088294982910156,55.5,56.0,8.12
1765484857.229105,99,23,14,14,35,3.6088294982910156,55.5,56.0,8.12
1765484857.430739,99,49,32,35,29,3.608592987060547,55.5,56.5,8.24
1765484857.6340683,99,49,32,35,29,3.608592987060547,55.5,56.5,8.24
1765484857.835677,99,49,32,35,29,3.608592987060547,55.5,56.5,8.24
1765484858.0370417,48,30,16,26,20,3.608489990234375,55.0,56.0,5.725
1765484858.2389371,48,30,16,26,20,3.608489990234375,55.0,56.0,5.725
1765484858.4415085,99,39,36,42,35,3.6087112426757812,55.5,56.0,8.173
1765484858.6427588,99,39,36,42,35,3.6087112426757812,55.5,56.0,8.173
1765484858.8437507,99,39,36,42,35,3.6087112426757812,55.5,56.0,8.173
1765484859.0448828,99,38,41,31,44,3.6086997985839844,55.0,56.5,8.12
1765484859.247878,99,38,41,31,44,3.6086997985839844,55.0,56.5,8.12
1765484859.4490058,99,27,24,22,22,3.609691619873047,55.5,56.0,6.511
1765484859.6508725,99,27,24,22,22,3.609691619873047,55.5,56.0,6.511
1765484859.8525965,99,27,24,22,22,3.609691619873047,55.5,56.0,6.511
1765484860.054086,99,46,26,23,37,3.6086997985839844,56.0,56.5,8.24
1765484860.2550352,99,46,26,23,37,3.6086997985839844,56.0,56.5,8.24
1765484860.4573443,99,55,31,24,30,3.60858154296875,55.5,56.5,7.854
1765484860.6658766,99,55,31,24,30,3.60858154296875,55.5,56.5,7.854
1765484860.8671272,99,55,31,24,30,3.60858154296875,55.5,56.5,7.854
1765484861.0691264,99,28,19,26,22,3.6087722778320312,56.0,56.0,7.934
1765484861.2702475,99,28,19,26,22,3.6087722778320312,56.0,56.0,7.934
1765484861.4713871,99,36,24,39,30,3.6100730895996094,55.5,57.0,8.425
1765484861.672682,99,36,24,39,30,3.6100730895996094,55.5,57.0,8.425
1765484861.8737154,99,36,24,39,30,3.6100730895996094,55.5,57.0,8.425
1765484862.074851,0,26,16,25,23,3.6099777221679688,54.5,55.5,4.389
1765484862.2760918,0,26,16,25,23,3.6099777221679688,54.5,55.5,4.389
1765484862.4775426,99,30,46,30,34,3.6099777221679688,56.0,56.5,8.16
1765484862.6790814,99,30,46,30,34,3.6099777221679688,56.0,56.5,8.16
1765484862.8806846,99,30,46,30,34,3.6099777221679688,56.0,56.5,8.16
1765484863.082165,99,44,47,33,30,3.6106185913085938,56.0,57.0,8.505
1765484863.2869394,99,44,47,33,30,3.6106185913085938,56.0,57.0,8.505
1765484863.488169,99,18,24,25,17,3.6109466552734375,55.5,56.0,7.24
1765484863.6892593,99,18,24,25,17,3.6109466552734375,55.5,56.0,7.24
1765484863.891278,99,18,24,25,17,3.6109466552734375,55.5,56.0,7.24
1765484864.0926974,99,44,32,50,25,3.6105613708496094,56.0,56.0,7.854
1765484864.29381,99,44,32,50,25,3.6105613708496094,56.0,56.0,7.854
1765484864.4999661,99,44,32,50,25,3.6105613708496094,56.0,56.0,7.854
1765484864.7012732,91,32,38,29,40,3.61102294921875,54.5,57.5,5.877
1765484864.9024668,91,32,38,29,40,3.61102294921875,54.5,57.5,5.877
1765484865.1037412,99,23,39,17,26,3.6114234924316406,56.0,57.0,8.928
1765484865.3050685,99,23,39,17,26,3.6114234924316406,56.0,57.0,8.928
1765484865.5062132,99,23,39,17,26,3.6114234924316406,56.0,57.0,8.928
1765484865.7073362,99,40,25,24,24,3.6109237670898438,55.5,56.5,7.775
1765484865.9086645,99,40,25,24,24,3.6109237670898438,55.5,56.5,7.775
1765484866.1096792,99,24,21,24,25,3.61163330078125,55.5,56.0,6.701
1765484866.3106766,99,24,21,24,25,3.61163330078125,55.5,56.0,6.701
1765484866.5117922,99,24,21,24,25,3.61163330078125,55.5,56.0,6.701
1765484866.713226,99,51,37,35,35,3.612060546875,55.5,56.5,8.12
1765484866.9142,99,51,37,35,35,3.612060546875,55.5,56.5,8.12
1765484867.115319,0,26,18,28,28,3.6126556396484375,54.5,57.0,5.604
1765484867.3167834,0,26,18,28,28,3.6126556396484375,54.5,57.0,5.604
1765484867.518903,0,26,18,28,28,3.6126556396484375,54.5,57.0,5.604
1765484867.7199628,99,30,40,26,32,3.6117515563964844,56.0,56.5,8.12
1765484867.9210594,99,30,40,26,32,3.6117515563964844,56.0,56.5,8.12
1765484868.1226485,99,29,51,36,34,3.6129226684570312,56.0,56.5,7.934
1765484868.324231,99,29,51,36,34,3.6129226684570312,56.0,56.5,7.934
1765484868.5259044,99,29,51,36,34,3.6129226684570312,56.0,56.5,7.934
1765484868.7270515,99,28,24,22,27,3.6133346557617188,56.0,56.5,7.747
1765484868.9283705,99,28,24,22,27,3.6133346557617188,56.0,56.5,7.747
1765484869.1296003,99,22,18,42,20,3.6133193969726562,56.0,56.5,7.547
1765484869.3314288,99,22,18,42,20,3.6133193969726562,56.0,56.5,7.547
1765484869.532752,99,22,18,42,20,3.6133193969726562,56.0,56.5,7.547
1765484869.7342784,99,26,35,35,38,3.6141090393066406,55.5,56.5,7.775
1765484869.9354234,99,26,35,35,38,3.6141090393066406,55.5,56.5,7.775
1765484870.1366177,99,26,21,12,24,3.6141700744628906,56.0,56.5,8.001
1765484870.338335,99,26,21,12,24,3.6141700744628906,56.0,56.5,8.001
1765484870.5395951,99,26,21,12,24,3.6141700744628906,56.0,56.5,8.001
1765484870.7415545,99,28,33,43,29,3.6155738830566406,56.0,56.5,8.544
1765484870.943662,99,28,33,43,29,3.6155738830566406,56.0,56.5,8.544
1765484871.146535,39,25,11,22,18,3.6144638061523438,55.5,56.0,5.177
1765484871.3477917,39,25,11,22,18,3.6144638061523438,55.5,56.0,5.177
1765484871.549325,39,25,11,22,18,3.6144638061523438,55.5,56.0,5.177
1765484871.7514842,99,36,40,44,34,3.61517333984375,56.0,56.5,8.319
1765484871.9527595,99,36,40,44,34,3.61517333984375,56.0,56.5,8.319
1765484872.1539428,99,49,35,42,36,3.615631103515625,56.0,57.0,8.425
1765484872.3550391,99,49,35,42,36,3.615631103515625,56.0,57.0,8.425
1765484872.5572057,99,49,35,42,36,3.615631103515625,56.0,57.0,8.425
1765484872.7582185,99,21,16,18,18,3.6163711547851562,56.0,56.5,7.934
1765484872.9596708,99,21,16,18,18,3.6163711547851562,56.0,56.5,7.934
1765484873.1608965,99,27,30,52,38,3.6156044006347656,56.0,57.0,7.627
1765484873.3623917,99,27,30,52,38,3.6156044006347656,56.0,57.0,7.627
1765484873.563346,99,27,30,52,38,3.6156044006347656,56.0,57.0,7.627
1765484873.7644827,51,24,32,36,28,3.6161537170410156,55.5,56.0,5.492
1765484873.9666994,51,24,32,36,28,3.6161537170410156,55.5,56.0,5.492
1765484874.1680603,51,24,32,36,28,3.6161537170410156,55.5,56.0,5.492
1765484874.3694808,99,29,44,20,31,3.6166419982910156,56.0,57.0,8.928
1765484874.5706778,99,29,44,20,31,3.6166419982910156,56.0,57.0,8.928
1765484874.771696,99,26,42,31,21,3.6169166564941406,56.0,56.5,8.014
1765484874.9749012,99,26,42,31,21,3.6169166564941406,56.0,56.5,8.014
1765484875.1767232,99,26,42,31,21,3.6169166564941406,56.0,56.5,8.014
1765484875.3784535,99,23,29,18,28,3.6169700622558594,56.0,56.0,6.591
1765484875.5797176,99,23,29,18,28,3.6169700622558594,56.0,56.0,6.591
1765484875.7812366,99,33,40,28,52,3.6170272827148438,56.0,56.5,7.707
1765484875.9831476,99,33,40,28,52,3.6170272827148438,56.0,56.5,7.707
1765484876.1844847,99,33,40,28,52,3.6170272827148438,56.0,56.5,7.707
1765484876.3859236,99,30,22,45,27,3.6183319091796875,56.0,57.0,8.346
1765484876.5880566,99,30,22,45,27,3.6183319091796875,56.0,57.0,8.346
1765484876.7894704,99,29,22,30,26,3.6181678771972656,56.5,57.0,8.12
1765484876.9904144,99,29,22,30,26,3.6181678771972656,56.5,57.0,8.12
1765484877.1921265,99,29,22,30,26,3.6181678771972656,56.5,57.0,8.12
1765484877.395561,99,33,32,26,47,3.6180381774902344,56.0,57.0,7.667
1765484877.5970302,99,33,32,26,47,3.6180381774902344,56.0,57.0,7.667
1765484877.798432,99,21,21,38,24,3.6184005737304688,55.5,56.5,5.653
1765484878.0023057,99,21,21,38,24,3.6184005737304688,55.5,56.5,5.653
1765484878.2036796,99,21,21,38,24,3.6184005737304688,55.5,56.5,5.653
1765484878.4051683,99,30,44,22,30,3.6183700561523438,56.0,57.0,8.385
1765484878.6064944,99,30,44,22,30,3.6183700561523438,56.0,57.0,8.385
1765484878.807803,99,28,42,32,29,3.6179275512695312,56.5,57.0,8.319
1765484879.0091105,99,28,42,32,29,3.6179275512695312,56.5,57.0,8.319
1765484879.2124813,99,28,42,32,29,3.6179275512695312,56.5,57.0,8.319
1765484879.4143083,99,26,25,12,28,3.61822509765625,56.0,56.5,6.511
1765484879.61551,99,26,25,12,28,3.61822509765625,56.0,56.5,6.511
1765484879.816796,99,38,40,25,44,3.6181564331054688,56.5,57.5,8.505
1765484880.01867,99,38,40,25,44,3.6181564331054688,56.5,57.5,8.505
1765484880.2213879,99,38,40,25,44,3.6181564331054688,56.5,57.5,8.505
1765484880.4224033,99,28,32,18,43,3.617919921875,56.0,57.0,7.894
1765484880.624535,99,28,32,18,43,3.617919921875,56.0,57.0,7.894
1765484880.8264825,99,25,24,26,27,3.6184844970703125,56.5,57.0,7.814
1765484881.0278242,99,25,24,26,27,3.6184844970703125,56.5,57.0,7.814
1765484881.2289248,99,25,24,26,27,3.6184844970703125,56.5,57.0,7.814
1765484881.4306636,99,48,36,34,55,3.6189422607421875,56.5,57.0,8.081
1765484881.6339872,99,48,36,34,55,3.6189422607421875,56.5,57.0,8.081
1765484881.8418238,48,22,33,28,12,3.618968963623047,55.5,57.0,5.564
1765484882.0430567,48,22,33,28,12,3.618968963623047,55.5,57.0,5.564
1765484882.245181,48,22,33,28,12,3.618968963623047,55.5,57.0,5.564
1765484882.4463787,99,30,40,20,25,3.6182327270507812,56.5,57.0,8.12
1765484882.6474307,99,30,40,20,25,3.6182327270507812,56.5,57.0,8.12
1765484882.8486502,99,29,50,43,24,3.618438720703125,56.5,57.0,8.12
1765484883.0503445,99,29,50,43,24,3.618438720703125,56.5,57.0,8.12
1765484883.2515678,99,29,50,43,24,3.618438720703125,56.5,57.0,8.12
1765484883.4526162,99,25,24,26,28,3.6185874938964844,56.0,56.5,6.741
1765484883.653982,99,25,24,26,28,3.6185874938964844,56.0,56.5,6.741
1765484883.85518,99,46,20,25,26,3.619159698486328,56.5,57.5,8.465
1765484884.0573146,99,46,20,25,26,3.619159698486328,56.5,57.5,8.465
1765484884.258841,99,46,20,25,26,3.619159698486328,56.5,57.5,8.465
1765484884.4602966,99,33,29,31,48,3.6189842224121094,56.0,57.0,7.775
1765484884.6614218,99,33,29,31,48,3.6189842224121094,56.0,57.0,7.775
1765484884.8624237,99,33,29,31,48,3.6189842224121094,56.0,57.0,7.775
1765484885.0636435,99,25,28,31,24,3.6113624572753906,56.5,57.0,8.24
1765484885.264853,99,25,28,31,24,3.6113624572753906,56.5,57.0,8.24
1765484885.4663103,99,28,44,36,33,3.6122207641601562,56.5,57.5,8.319
1765484885.667626,99,28,44,36,33,3.6122207641601562,56.5,57.5,8.319
1765484885.8688054,99,28,44,36,33,3.6122207641601562,56.5,57.5,8.319
1765484886.0699797,67,25,16,32,21,3.611328125,55.5,56.5,6.038
1765484886.2721508,67,25,16,32,21,3.611328125,55.5,56.5,6.038
1765484886.474522,99,37,31,32,46,3.6118011474609375,56.5,57.5,8.2
1765484886.6766875,99,37,31,32,46,3.6118011474609375,56.5,57.5,8.2
1765484886.8779435,99,37,31,32,46,3.6118011474609375,56.5,57.5,8.2
1765484887.0798476,99,39,64,27,41,3.6120262145996094,56.5,57.5,8.624
1765484887.2825263,99,39,64,27,41,3.6120262145996094,56.5,57.5,8.624
1765484887.4844825,99,25,13,25,18,3.6128921508789062,56.0,57.0,6.752
1765484887.6862566,99,25,13,25,18,3.6128921508789062,56.0,57.0,6.752
1765484887.88766,99,25,13,25,18,3.6128921508789062,56.0,57.0,6.752
1765484888.088956,99,44,32,37,32,3.6119155883789062,56.5,57.0,8.081
1765484888.2901676,99,44,32,37,32,3.6119155883789062,56.5,57.0,8.081
1765484888.4912798,99,37,30,28,52,3.6122703552246094,56.5,57.0,8.2
1765484888.6926534,99,37,30,28,52,3.6122703552246094,56.5,57.0,8.2
1765484888.8940144,99,37,30,28,52,3.6122703552246094,56.5,57.0,8.2
1765484889.0950434,99,30,32,20,29,3.6121063232421875,57.0,57.0,8.014
1765484889.296507,99,30,32,20,29,3.6121063232421875,57.0,57.0,8.014
1765484889.497688,99,26,30,48,21,3.6123504638671875,57.0,57.0,7.934
1765484889.6993763,99,26,30,48,21,3.6123504638671875,57.0,57.0,7.934
1765484889.9006584,99,26,30,48,21,3.6123504638671875,57.0,57.0,7.934
1765484890.1019933,99,34,29,22,28,3.612194061279297,56.5,57.5,6.85
1765484890.3031204,99,34,29,22,28,3.612194061279297,56.5,57.5,6.85
1765484890.5045269,99,27,41,25,30,3.612152099609375,56.5,57.0,7.974
1765484890.7063751,99,27,41,25,30,3.612152099609375,56.5,57.0,7.974
1765484890.9077263,99,27,41,25,30,3.612152099609375,56.5,57.0,7.974
1765484891.1095214,99,28,42,47,38,3.6133956909179688,57.0,57.5,8.913
1765484891.312806,99,28,42,47,38,3.6133956909179688,57.0,57.5,8.913
1765484891.5141828,2,26,25,21,18,3.611797332763672,56.5,57.0,5.532
1765484891.7154372,2,26,25,21,18,3.611797332763672,56.5,57.0,5.532
1765484891.9167593,2,26,25,21,18,3.611797332763672,56.5,57.0,5.532
1765484892.1191094,99,29,39,42,42,3.612110137939453,57.0,57.0,7.961
1765484892.3203197,99,29,39,42,42,3.612110137939453,57.0,57.0,7.961
1765484892.5213652,99,32,40,57,35,3.611797332763672,56.5,58.0,8.16
1765484892.7232003,99,32,40,57,35,3.611797332763672,56.5,58.0,8.16
1765484892.924612,99,32,40,57,35,3.611797332763672,56.5,58.0,8.16
1765484893.1255665,99,16,24,18,18,3.6126708984375,57.0,57.5,8.001
1765484893.3266666,99,16,24,18,18,3.6126708984375,57.0,57.5,8.001
1765484893.5276852,99,16,24,18,18,3.6126708984375,57.0,57.5,8.001
1765484893.7288995,99,35,20,24,36,3.6119155883789062,57.0,57.0,7.547
1765484893.929926,99,35,20,24,36,3.6119155883789062,57.0,57.0,7.547
1765484894.1310093,99,36,42,30,34,3.6118621826171875,57.0,57.5,8.014
1765484894.3319516,99,36,42,30,34,3.6118621826171875,57.0,57.5,8.014
1765484894.533188,99,36,42,30,34,3.6118621826171875,57.0,57.5,8.014
1765484894.7345128,99,26,34,22,41,3.612030029296875,57.0,57.0,8.28
1765484894.935577,99,26,34,22,41,3.612030029296875,57.0,57.0,8.28
1765484895.1365612,99,48,24,26,18,3.6123046875,57.0,57.5,8.425
1765484895.338153,99,48,24,26,18,3.6123046875,57.0,57.5,8.425
1765484895.5392404,99,48,24,26,18,3.6123046875,57.0,57.5,8.425
1765484895.740288,56,30,20,21,16,3.6119041442871094,56.0,57.0,5.492
1765484895.9420905,56,30,20,21,16,3.6119041442871094,56.0,57.0,5.492
1765484896.1445272,99,49,27,33,26,3.612895965576172,57.0,57.5,8.16
1765484896.3461514,99,49,27,33,26,3.612895965576172,57.0,57.5,8.16
1765484896.547286,99,49,27,33,26,3.612895965576172,57.0,57.5,8.16
1765484896.7488525,99,43,34,44,37,3.6134872436523438,56.5,57.5,8.664
1765484896.9516833,99,43,34,44,37,3.6134872436523438,56.5,57.5,8.664
1765484897.15304,99,26,18,10,20,3.6126136779785156,57.0,57.0,7.507
1765484897.3541918,99,26,18,10,20,3.6126136779785156,57.0,57.0,7.507
1765484897.556947,99,26,18,10,20,3.6126136779785156,57.0,57.0,7.507
1765484897.7595484,99,38,32,50,34,3.613323211669922,57.0,57.0,7.854
1765484897.9608626,99,38,32,50,34,3.613323211669922,57.0,57.0,7.854
1765484898.1620739,0,32,30,25,33,3.6140708923339844,56.0,57.0,5.136
1765484898.3636746,0,32,30,25,33,3.6140708923339844,56.0,57.0,5.136
1765484898.5649092,0,32,30,25,33,3.6140708923339844,56.0,57.0,5.136
1765484898.767068,99,21,43,32,22,3.6155128479003906,57.0,58.5,9.111
1765484898.9682913,99,21,43,32,22,3.6155128479003906,57.0,58.5,9.111
1765484899.1694953,99,28,28,50,17,3.614593505859375,57.0,57.5,7.974
1765484899.3720875,99,28,28,50,17,3.614593505859375,57.0,57.5,7.974
1765484899.5752764,99,28,28,50,17,3.614593505859375,57.0,57.5,7.974
1765484899.7766714,99,25,28,21,22,3.6152114868164062,56.5,57.0,6.078
1765484899.9779255,99,25,28,21,22,3.6152114868164062,56.5,57.0,6.078
1765484900.1793218,99,38,32,28,57,3.6156082153320312,57.0,57.5,7.974
1765484900.386187,99,38,32,28,57,3.6156082153320312,57.0,57.5,7.974
1765484900.588228,99,38,32,28,57,3.6156082153320312,57.0,57.5,7.974
1765484900.7893245,99,34,28,37,23,3.616313934326172,56.5,58.0,8.28
1765484900.9906049,99,34,28,37,23,3.616313934326172,56.5,58.0,8.28
1765484901.1921346,99,24,38,18,19,3.616180419921875,57.0,57.0,8.081
1765484901.393409,99,24,38,18,19,3.616180419921875,57.0,57.0,8.081
1765484901.5945373,99,24,38,18,19,3.616180419921875,57.0,57.0,8.081
1765484901.7959769,99,42,49,36,33,3.6157150268554688,57.5,57.5,7.974
1765484901.998621,99,42,49,36,33,3.6157150268554688,57.5,57.5,7.974
1765484902.1997821,30,32,25,26,22,3.617359161376953,56.5,57.5,5.765
1765484902.4008176,30,32,25,26,22,3.617359161376953,56.5,57.5,5.765
1765484902.6026292,30,32,25,26,22,3.617359161376953,56.5,57.5,5.765
1765484902.8039002,99,40,18,18,26,3.6170310974121094,57.0,57.0,8.2
1765484903.0063093,99,40,18,18,26,3.6170310974121094,57.0,57.0,8.2
1765484903.207452,99,40,18,18,26,3.6170310974121094,57.0,57.0,8.2
1765484903.4084227,99,34,27,36,48,3.6167068481445312,57.0,57.0,7.974
1765484903.609883,99,34,27,36,48,3.6167068481445312,57.0,57.0,7.974
1765484903.8108807,99,23,30,16,27,3.6167640686035156,57.0,57.0,7.48
1765484904.0119061,99,23,30,16,27,3.6167640686035156,57.0,57.0,7.48
1765484904.2130127,99,23,30,16,27,3.6167640686035156,57.0,57.0,7.48
1765484904.414927,99,40,28,42,38,3.6178436279296875,57.5,58.0,8.65
1765484904.6159685,99,40,28,42,38,3.6178436279296875,57.5,58.0,8.65
1765484904.817045,99,26,40,23,18,3.6172142028808594,56.5,58.5,7.468
1765484905.0185025,99,26,40,23,18,3.6172142028808594,56.5,58.5,7.468
1765484905.2206755,99,26,40,23,18,3.6172142028808594,56.5,58.5,7.468
1765484905.4219213,99,28,18,32,18,3.6175270080566406,57.0,57.0,7.655
1765484905.6233835,99,28,18,32,18,3.6175270080566406,57.0,57.0,7.655
1765484905.8243709,99,39,42,46,47,3.6183395385742188,57.0,58.0,8.769
1765484906.0264816,99,39,42,46,47,3.6183395385742188,57.0,58.0,8.769
1765484906.2275524,99,39,42,46,47,3.6183395385742188,57.0,58.0,8.769
1765484906.428917,1,26,27,22,23,3.6181488037109375,56.0,57.5,5.411
1765484906.6307604,1,26,27,22,23,3.6181488037109375,56.0,57.5,5.411
1765484906.8323417,99,29,50,30,26,3.6183738708496094,57.5,57.5,8.16
1765484907.0337138,99,29,50,30,26,3.6183738708496094,57.5,57.5,8.16
1765484907.2349355,99,29,50,30,26,3.6183738708496094,57.5,57.5,8.16
1765484907.4365828,99,32,34,29,44,3.6184921264648438,57.0,57.5,7.667
1765484907.638141,99,32,34,29,44,3.6184921264648438,57.0,57.5,7.667
1765484907.8394,99,24,28,18,32,3.6197128295898438,57.5,57.5,8.769
1765484908.0408082,99,24,28,18,32,3.6197128295898438,57.5,57.5,8.769
1765484908.2432282,99,24,28,18,32,3.6197128295898438,57.5,57.5,8.769
1765484908.4450436,99,26,30,26,43,3.6183700561523438,57.0,57.5,8.001
1765484908.6465979,99,26,30,26,43,3.6183700561523438,57.0,57.5,8.001
1765484908.8479521,12,20,26,36,20,3.6192588806152344,56.5,57.0,5.371
1765484909.0491502,12,20,26,36,20,3.6192588806152344,56.5,57.0,5.371
1765484909.2506511,12,20,26,36,20,3.6192588806152344,56.5,57.0,5.371
1765484909.4533348,99,32,28,40,35,3.6189041137695312,57.5,57.5,8.359
1765484909.655302,99,32,28,40,35,3.6189041137695312,57.5,57.5,8.359
1765484909.8564253,99,50,27,37,30,3.6200180053710938,57.0,58.0,8.953
1765484910.0593119,99,50,27,37,30,3.6200180053710938,57.0,58.0,8.953
1765484910.2629113,99,50,27,37,30,3.6200180053710938,57.0,58.0,8.953
1765484910.4643958,40,24,19,20,16,3.619159698486328,56.5,57.0,5.298
1765484910.671507,40,24,19,20,16,3.619159698486328,56.5,57.0,5.298
1765484910.8727458,99,42,31,41,48,3.6189804077148438,57.5,57.5,7.961
1765484911.0745015,99,42,31,41,48,3.6189804077148438,57.5,57.5,7.961
1765484911.2757246,99,42,31,41,48,3.6189804077148438,57.5,57.5,7.961
1765484911.4772031,99,36,47,42,35,3.6187400817871094,57.0,58.5,8.425
1765484911.6794367,99,36,47,42,35,3.6187400817871094,57.0,58.5,8.425
1765484911.8806036,99,36,47,42,35,3.6187400817871094,57.0,58.5,8.425
1765484912.0820744,99,23,21,14,27,3.61962890625,57.0,57.5,8.24
1765484912.2834384,99,23,21,14,27,3.61962890625,57.0,57.5,8.24
1765484912.484893,99,30,42,32,26,3.6192588806152344,57.0,57.5,7.547
1765484912.6861343,99,30,42,32,26,3.6192588806152344,57.0,57.5,7.547
1765484912.8872135,99,30,42,32,26,3.6192588806152344,57.0,57.5,7.547
1765484913.088651,99,31,42,22,27,3.6196861267089844,56.5,57.0,6.39
1765484913.290179,99,31,42,22,27,3.6196861267089844,56.5,57.0,6.39
1765484913.4916174,99,26,44,23,32,3.6201019287109375,57.5,58.0,8.505
1765484913.6927674,99,26,44,23,32,3.6201019287109375,57.5,58.0,8.505
1765484913.8943996,99,26,44,23,32,3.6201019287109375,57.5,58.0,8.505
1765484914.095577,99,24,21,26,40,3.620189666748047,57.5,57.5,8.054
1765484914.297031,99,24,21,26,40,3.620189666748047,57.5,57.5,8.054
1765484914.4984338,70,26,31,23,23,3.6194801330566406,56.5,57.0,5.217
1765484914.699569,70,26,31,23,23,3.6194801330566406,56.5,57.0,5.217
1765484914.9009485,70,26,31,23,23,3.6194801330566406,56.5,57.0,5.217
1765484915.1036656,99,37,32,55,29,3.619426727294922,57.5,58.0,8.465
1765484915.3052247,99,37,32,55,29,3.619426727294922,57.5,58.0,8.465
1765484915.5082703,99,31,37,29,34,3.6197166442871094,57.0,58.0,8.584
1765484915.7105489,99,31,37,29,34,3.6197166442871094,57.0,58.0,8.584
1765484915.9134426,99,31,37,29,34,3.6197166442871094,57.0,58.0,8.584
1765484916.1150863,99,25,25,26,22,3.6192054748535156,57.5,57.5,7.627
1765484916.3165557,99,25,25,26,22,3.6192054748535156,57.5,57.5,7.627
1765484916.5181735,99,35,36,38,38,3.618732452392578,57.5,57.5,7.627
1765484916.7199206,99,35,36,38,38,3.618732452392578,57.5,57.5,7.627
1765484916.9209754,99,35,36,38,38,3.618732452392578,57.5,57.5,7.627
1765484917.1220713,44,35,26,26,24,3.6191329956054688,56.5,57.5,5.532
1765484917.3234413,44,35,26,26,24,3.6191329956054688,56.5,57.5,5.532
1765484917.524644,99,25,39,32,25,3.6199913024902344,57.5,58.0,8.61
1765484917.7255778,99,25,39,32,25,3.6199913024902344,57.5,58.0,8.61
1765484917.9268901,99,25,39,32,25,3.6199913024902344,57.5,58.0,8.61
1765484918.127978,99,26,56,28,18,3.6200637817382812,57.5,57.5,8.24
1765484918.3291755,99,26,56,28,18,3.6200637817382812,57.5,57.5,8.24
1765484918.5306134,50,25,28,24,16,3.6200637817382812,57.0,57.5,5.613
1765484918.7325265,50,25,28,24,16,3.6200637817382812,57.0,57.5,5.613
1765484918.9339888,50,25,28,24,16,3.6200637817382812,57.0,57.5,5.613
1765484919.1363251,99,30,25,54,35,3.6200828552246094,57.5,58.0,8.729
1765484919.3374991,99,30,25,54,35,3.6200828552246094,57.5,58.0,8.729
1765484919.538884,99,24,32,41,27,3.6194725036621094,57.5,58.5,8.16
1765484919.7399333,99,24,32,41,27,3.6194725036621094,57.5,58.5,8.16
1765484919.9427147,99,24,32,41,27,3.6194725036621094,57.5,58.5,8.16
1765484920.1443279,99,26,22,25,21,3.6200637817382812,57.0,57.5,7.507
1765484920.3455648,99,26,22,25,21,3.6200637817382812,57.0,57.5,7.507
1765484920.5465353,99,54,44,45,48,3.6185874938964844,57.5,58.5,8.888
1765484920.748499,99,54,44,45,48,3.6185874938964844,57.5,58.5,8.888
1765484920.9500778,99,54,44,45,48,3.6185874938964844,57.5,58.5,8.888
1765484921.15116,54,34,41,24,28,3.6183624267578125,57.0,58.5,6.85
1765484921.353346,54,34,41,24,28,3.6183624267578125,57.0,58.5,6.85
1765484921.5549133,54,34,41,24,28,3.6183624267578125,57.0,58.5,6.85
1765484921.7558372,99,31,41,24,22,3.6177635192871094,57.5,57.5,8.014
1765484921.9568017,99,31,41,24,22,3.6177635192871094,57.5,57.5,8.014
1765484922.1580899,99,36,32,31,51,3.6173362731933594,57.5,59.0,8.385
1765484922.3603318,99,36,32,31,51,3.6173362731933594,57.5,59.0,8.385
1765484922.5613937,99,36,32,31,51,3.6173362731933594,57.5,59.0,8.385
1765484922.762412,10,26,20,32,22,3.6178207397460938,57.0,58.0,5.806
1765484922.9645336,10,26,20,32,22,3.6178207397460938,57.0,58.0,5.806
1765484923.1661549,99,45,22,32,23,3.618560791015625,58.0,58.0,8.505
1765484923.367399,99,45,22,32,23,3.618560791015625,58.0,58.0,8.505
1765484923.5685084,99,45,22,32,23,3.618560791015625,58.0,58.0,8.505
1765484923.7697356,99,29,42,20,35,3.617816925048828,57.0,58.0,8.001
1765484923.9710746,99,29,42,20,35,3.617816925048828,57.0,58.0,8.001
1765484924.1723053,99,26,26,20,22,3.6177597045898438,57.0,58.0,7.56
1765484924.3735445,99,26,26,20,22,3.6177597045898438,57.0,58.0,7.56
1765484924.5746744,99,26,26,20,22,3.6177597045898438,57.0,58.0,7.56
1765484924.7767518,99,54,44,32,28,3.6176414489746094,58.0,59.0,8.624
1765484924.978861,99,54,44,32,28,3.6176414489746094,58.0,59.0,8.624
1765484925.1801214,99,24,20,26,24,3.6177902221679688,57.5,58.0,7.388
1765484925.3812535,99,24,20,26,24,3.6177902221679688,57.5,58.0,7.388
1765484925.5840778,99,24,20,26,24,3.6177902221679688,57.5,58.0,7.388
1765484925.7858639,99,44,33,26,28,3.6180496215820312,57.5,58.0,7.587
1765484925.9870148,99,44,33,26,28,3.6180496215820312,57.5,58.0,7.587
1765484926.1883984,99,34,31,60,40,3.6176834106445312,57.5,58.0,8.465
1765484926.3901947,99,34,31,60,40,3.6176834106445312,57.5,58.0,8.465
1765484926.5925405,99,34,31,60,40,3.6176834106445312,57.5,58.0,8.465
1765484926.7938259,18,27,21,27,28,3.618480682373047,57.0,58.5,5.451
1765484926.9958937,18,27,21,27,28,3.618480682373047,57.0,58.5,5.451
1765484927.1980426,99,32,29,41,20,3.617908477783203,57.5,58.0,8.12
1765484927.3992796,99,32,29,41,20,3.617908477783203,57.5,58.0,8.12
1765484927.60062,99,32,29,41,20,3.617908477783203,57.5,58.0,8.12
1765484927.802207,99,51,29,28,40,3.6175384521484375,57.5,58.5,7.854
1765484928.0035548,99,51,29,28,40,3.6175384521484375,57.5,58.5,7.854
1765484928.204657,99,32,16,20,21,3.617816925048828,57.5,58.0,7.854
1765484928.4062383,99,32,16,20,21,3.617816925048828,57.5,58.0,7.854
1765484928.6081166,99,32,16,20,21,3.617816925048828,57.5,58.0,7.854
1765484928.8095076,99,37,28,23,29,3.618427276611328,57.5,58.5,8.306
1765484929.0105078,99,37,28,23,29,3.618427276611328,57.5,58.5,8.306
1765484929.211898,99,30,23,38,38,3.6177024841308594,57.5,58.5,8.081
1765484929.4131582,99,30,23,38,38,3.6177024841308594,57.5,58.5,8.081
1765484929.616673,99,30,23,38,38,3.6177024841308594,57.5,58.5,8.081
1765484929.8196642,99,28,18,34,19,3.617931365966797,57.5,58.5,8.001
1765484930.0213423,99,28,18,34,19,3.617931365966797,57.5,58.5,8.001
1765484930.2223458,99,28,18,34,19,3.617931365966797,57.5,58.5,8.001
1765484930.4244094,99,50,42,28,28,3.6180343627929688,58.0,59.0,8.992
1765484930.6266613,99,50,42,28,28,3.6180343627929688,58.0,59.0,8.992
1765484930.8433652,98,20,18,21,20,3.6175613403320312,57.0,57.5,5.411
1765484931.0455909,98,20,18,21,20,3.6175613403320312,57.0,57.5,5.411
1765484931.2470918,99,38,30,46,50,3.617870330810547,58.0,58.0,8.24
1765484931.4498556,99,38,30,46,50,3.617870330810547,58.0,58.0,8.24
1765484931.6512496,99,38,30,46,50,3.617870330810547,58.0,58.0,8.24
1765484931.852874,99,39,38,62,34,3.6179885864257812,57.5,59.0,8.729
1765484932.054168,99,39,38,62,34,3.6179885864257812,57.5,59.0,8.729
1765484932.255111,99,39,38,62,34,3.6179885864257812,57.5,59.0,8.729
1765484932.4561777,99,23,19,16,16,3.618724822998047,57.5,58.5,7.587
1765484932.6580398,99,23,19,16,16,3.618724822998047,57.5,58.5,7.587
1765484932.8593688,99,30,26,36,49,3.617908477783203,57.5,58.0,7.707
1765484933.0607605,99,30,26,36,49,3.617908477783203,57.5,58.0,7.707
1765484933.2619245,99,30,26,36,49,3.617908477783203,57.5,58.0,7.707
1765484933.4630525,99,30,44,31,36,3.6178512573242188,57.5,58.5,8.12
1765484933.6641731,99,30,44,31,36,3.6178512573242188,57.5,58.5,8.12
1765484933.8665452,99,24,36,16,25,3.6184730529785156,57.5,58.5,8.385
1765484934.0678117,99,24,36,16,25,3.6184730529785156,57.5,58.5,8.385
1765484934.2689195,99,24,36,16,25,3.6184730529785156,57.5,58.5,8.385
1765484934.4702306,99,22,30,46,21,3.6189002990722656,57.5,58.0,7.934
1765484934.6728225,99,22,30,46,21,3.6189002990722656,57.5,58.0,7.934
1765484934.8743665,91,24,20,25,38,3.618072509765625,57.0,57.5,5.136
1765484935.075365,91,24,20,25,38,3.618072509765625,57.0,57.5,5.136
1765484935.277576,91,24,20,25,38,3.618072509765625,57.0,57.5,5.136
1765484935.4810297,99,29,27,28,43,3.6185569763183594,57.5,58.5,8.001
1765484935.6825655,99,29,27,28,43,3.6185569763183594,57.5,58.5,8.001
1765484935.883703,99,29,46,44,46,3.61871337890625,58.0,59.5,8.928
1765484936.086012,99,29,46,44,46,3.61871337890625,58.0,59.5,8.928
1765484936.2878704,99,29,46,44,46,3.61871337890625,58.0,59.5,8.928
1765484936.4927423,99,26,18,18,13,3.6179161071777344,57.5,57.5,6.971
1765484936.6996076,99,26,18,18,13,3.6179161071777344,57.5,57.5,6.971
1765484936.9011672,99,52,33,46,35,3.6180381774902344,57.5,58.5,7.507
1765484937.102751,99,52,33,46,35,3.6180381774902344,57.5,58.5,7.507
1765484937.3114724,99,52,33,46,35,3.6180381774902344,57.5,58.5,7.507
1765484937.5133724,99,30,44,35,31,3.6183204650878906,57.5,59.0,8.2
1765484937.7156262,99,30,44,35,31,3.6183204650878906,57.5,59.0,8.2
1765484937.916874,99,23,24,22,26,3.6187171936035156,58.0,58.5,8.664
1765484938.1181974,99,23,24,22,26,3.6187171936035156,58.0,58.5,8.664
1765484938.32028,99,23,24,22,26,3.6187171936035156,58.0,58.5,8.664
1765484938.5215862,99,18,38,36,30,3.6181716918945312,57.5,58.0,8.014
1765484938.7234623,99,18,38,36,30,3.6181716918945312,57.5,58.0,8.014
1765484938.927764,99,20,36,17,24,3.6184616088867188,57.0,58.0,5.411
1765484939.1307347,99,20,36,17,24,3.6184616088867188,57.0,58.0,5.411
1765484939.332233,99,20,36,17,24,3.6184616088867188,57.0,58.0,5.411
1765484939.5335898,99,30,23,33,47,3.6181068420410156,58.0,58.5,8.385
1765484939.738387,99,30,23,33,47,3.6181068420410156,58.0,58.5,8.385
1765484939.9395633,99,30,26,47,27,3.6183738708496094,57.5,59.0,8.425
1765484940.142294,99,30,26,47,27,3.6183738708496094,57.5,59.0,8.425
1765484940.34406,99,30,26,47,27,3.6183738708496094,57.5,59.0,8.425
1765484940.545506,99,24,28,27,26,3.618122100830078,58.0,58.0,6.891
1765484940.7470078,99,24,28,27,26,3.618122100830078,58.0,58.0,6.891
1765484940.948431,99,38,37,38,58,3.6190528869628906,58.0,58.5,7.735
1765484941.1504653,99,38,37,38,58,3.6190528869628906,58.0,58.5,7.735
1765484941.3514714,99,38,37,38,58,3.6190528869628906,58.0,58.5,7.735
1765484941.5525165,99,40,25,34,30,3.620159149169922,57.5,60.0,7.388
1765484941.7548096,99,40,25,34,30,3.620159149169922,57.5,60.0,7.388
1765484941.9563344,99,36,30,22,18,3.618946075439453,58.0,59.0,8.054
1765484942.1572886,99,36,30,22,18,3.618946075439453,58.0,59.0,8.054
1765484942.3589728,99,36,30,22,18,3.618946075439453,58.0,59.0,8.054
1765484942.5605233,99,31,34,30,53,3.6195297241210938,58.0,58.5,8.081
1765484942.7618647,99,31,34,30,53,3.6195297241210938,58.0,58.5,8.081
1765484942.9628808,67,24,28,26,24,3.6200218200683594,57.0,58.5,5.613
1765484943.1640527,67,24,28,26,24,3.6200218200683594,57.0,58.5,5.613
1765484943.3653238,67,24,28,26,24,3.6200218200683594,57.0,58.5,5.613
1765484943.5666099,99,28,26,50,28,3.6205215454101562,58.0,59.0,8.769
1765484943.7676885,99,28,26,50,28,3.6205215454101562,58.0,59.0,8.769
1765484943.9689426,99,31,28,52,20,3.619647979736328,58.0,59.0,8.16
1765484944.1707308,99,31,28,52,20,3.619647979736328,58.0,59.0,8.16
1765484944.3728673,99,31,28,52,20,3.619647979736328,58.0,59.0,8.16
1765484944.5741103,99,24,25,25,26,3.6195297241210938,58.0,58.5,7.4
1765484944.7752254,99,24,25,25,26,3.6195297241210938,58.0,58.5,7.4
1765484944.9766219,99,24,25,25,26,3.6195297241210938,58.0,58.5,7.4
1765484945.1794662,99,40,53,30,30,3.6197662353515625,58.0,59.0,8.28
1765484945.3808048,99,40,53,30,30,3.6197662353515625,58.0,59.0,8.28
1765484945.581944,99,26,25,18,29,3.6202850341796875,57.5,59.0,6.85
1765484945.7836893,99,26,25,18,29,3.6202850341796875,57.5,59.0,6.85
1765484945.9868178,99,26,25,18,29,3.6202850341796875,57.5,59.0,6.85
1765484946.1883209,99,37,30,32,37,3.6196937561035156,58.0,59.0,7.667
1765484946.3899348,99,37,30,32,37,3.6196937561035156,58.0,59.0,7.667
1765484946.5915325,99,53,34,29,40,3.6203269958496094,58.0,59.0,8.2
1765484946.7941484,99,53,34,29,40,3.6203269958496094,58.0,59.0,8.2
1765484946.9953923,99,53,34,29,40,3.6203269958496094,58.0,59.0,8.2
1765484947.1964562,98,26,23,27,20,3.62115478515625,57.5,59.0,6.229
1765484947.3986084,98,26,23,27,20,3.62115478515625,57.5,59.0,6.229
1765484947.5998647,99,28,37,42,18,3.6203155517578125,58.0,59.0,8.24
1765484947.8015509,99,28,37,42,18,3.6203155517578125,58.0,59.0,8.24
1765484948.0028956,99,28,37,42,18,3.6203155517578125,58.0,59.0,8.24
1765484948.204699,99,34,29,46,38,3.620372772216797,58.0,59.5,8.001
1765484948.4061635,99,34,29,46,38,3.620372772216797,58.0,59.5,8.001
1765484948.6078212,99,32,26,23,20,3.6203460693359375,58.0,59.0,8.041
1765484948.8100057,99,32,26,23,20,3.6203460693359375,58.0,59.0,8.041
1765484949.0111618,99,32,26,23,20,3.6203460693359375,58.0,59.0,8.041
1765484949.2133355,99,21,27,48,44,3.6214942932128906,58.0,59.5,8.359
1765484949.415644,99,21,27,48,44,3.6214942932128906,58.0,59.5,8.359
1765484949.6169195,0,33,23,18,16,3.6203079223632812,57.0,58.0,4.625
1765484949.818035,0,33,23,18,16,3.6203079223632812,57.0,58.0,4.625
1765484950.0197294,0,33,23,18,16,3.6203079223632812,57.0,58.0,4.625
1765484950.221966,99,30,31,33,47,3.620635986328125,58.0,59.0,8.2
1765484950.4237478,99,30,31,33,47,3.620635986328125,58.0,59.0,8.2
1765484950.6248088,99,38,38,54,34,3.6209640502929688,58.0,59.5,8.873
1765484950.8270257,99,38,38,54,34,3.6209640502929688,58.0,59.5,8.873
1765484951.0288103,99,38,38,54,34,3.6209640502929688,58.0,59.5,8.873
1765484951.2306473,99,14,14,12,27,3.621349334716797,57.5,58.5,7.28
1765484951.4317925,99,14,14,12,27,3.621349334716797,57.5,58.5,7.28
1765484951.6331112,99,52,23,29,40,3.6209869384765625,58.0,58.5,8.014
1765484951.8343773,99,52,23,29,40,3.6209869384765625,58.0,58.5,8.014
1765484952.0356178,99,52,23,29,40,3.6209869384765625,58.0,58.5,8.014
1765484952.2369025,99,39,32,33,43,3.6208534240722656,58.0,59.5,8.2
1765484952.438597,99,39,32,33,43,3.6208534240722656,58.0,59.5,8.2
1765484952.639693,99,31,19,29,18,3.6216163635253906,58.0,59.0,8.729
1765484952.841176,99,31,19,29,18,3.6216163635253906,58.0,59.0,8.729
1765484953.0435467,99,31,19,29,18,3.6216163635253906,58.0,59.0,8.729
1765484953.2449317,99,28,27,22,38,3.6209983825683594,58.0,58.5,7.894
1765484953.4466836,99,28,27,22,38,3.6209983825683594,58.0,58.5,7.894
1765484953.648168,99,28,27,22,38,3.6209983825683594,58.0,58.5,7.894
1765484953.8494043,86,27,32,20,22,3.6208534240722656,57.5,58.5,5.29
1765484954.050407,86,27,32,20,22,3.6208534240722656,57.5,58.5,5.29
1765484954.2525375,99,37,50,28,27,3.621063232421875,58.5,59.0,8.28
1765484954.453872,99,37,50,28,27,3.621063232421875,58.5,59.0,8.28
1765484954.6549487,99,37,50,28,27,3.621063232421875,58.5,59.0,8.28
1765484954.856262,99,40,36,43,46,3.6213836669921875,58.0,59.0,9.032
1765484955.059334,99,40,36,43,46,3.6213836669921875,58.0,59.0,9.032
1765484955.2607367,99,25,21,28,21,3.6209983825683594,58.0,58.5,6.85
1765484955.462048,99,25,21,28,21,3.6209983825683594,58.0,58.5,6.85
1765484955.6637828,99,25,21,28,21,3.6209983825683594,58.0,58.5,6.85
1765484955.8660917,99,52,28,42,42,3.620555877685547,58.0,58.5,7.707
1765484956.0671744,99,52,28,42,42,3.620555877685547,58.0,58.5,7.707
1765484956.2683208,99,42,45,31,34,3.620746612548828,58.0,59.5,8.729
1765484956.4693336,99,42,45,31,34,3.620746612548828,58.0,59.5,8.729
1765484956.6715515,99,42,45,31,34,3.620746612548828,58.0,59.5,8.729
1765484956.8725204,99,18,19,34,14,3.6209983825683594,58.5,58.5,8.505
1765484957.0740774,99,18,19,34,14,3.6209983825683594,58.5,58.5,8.505
1765484957.2755306,99,29,25,32,56,3.6209373474121094,58.5,59.0,7.747
1765484957.4769154,99,29,25,32,56,3.6209373474121094,58.5,59.0,7.747
1765484957.6782346,99,29,25,32,56,3.6209373474121094,58.5,59.0,7.747
1765484957.879405,23,34,35,29,16,3.6210479736328125,57.5,58.5,5.685
1765484958.0804927,23,34,35,29,16,3.6210479736328125,57.5,58.5,5.685
1765484958.2817612,99,46,35,28,22,3.621837615966797,59.0,59.5,9.294
1765484958.4827096,99,46,35,28,22,3.621837615966797,59.0,59.5,9.294
1765484958.6843235,99,46,35,28,22,3.621837615966797,59.0,59.5,9.294
1765484958.8856325,99,26,45,21,21,3.6211204528808594,58.0,59.0,7.974
1765484959.0868685,99,26,45,21,21,3.6211204528808594,58.0,59.0,7.974
1765484959.2881052,99,25,18,30,19,3.62103271484375,58.0,58.5,6.31
1765484959.490061,99,25,18,30,19,3.62103271484375,58.0,58.5,6.31
1765484959.6914268,99,25,18,30,19,3.62103271484375,58.0,58.5,6.31
1765484959.8942814,99,38,37,30,48,3.621623992919922,58.5,58.5,8.041
1765484960.0956132,99,38,37,30,48,3.621623992919922,58.5,58.5,8.041
1765484960.2969818,99,28,47,34,30,3.621387481689453,58.5,59.5,8.425
1765484960.4992888,99,28,47,34,30,3.621387481689453,58.5,59.5,8.425
1765484960.7022357,99,28,47,34,30,3.621387481689453,58.5,59.5,8.425
1765484960.9035003,99,22,26,26,21,3.6213607788085938,58.5,59.0,7.747
1765484961.104556,99,22,26,26,21,3.6213607788085938,58.5,59.0,7.747
1765484961.3055985,99,22,26,26,21,3.6213607788085938,58.5,59.0,7.747
1765484961.5071766,99,30,36,52,43,3.620929718017578,58.5,59.0,7.735
1765484961.7083352,99,30,36,52,43,3.620929718017578,58.5,59.0,7.735
1765484961.9094415,16,29,30,22,33,3.6215896606445312,57.5,59.0,5.917
1765484962.1122384,16,29,30,22,33,3.6215896606445312,57.5,59.0,5.917
1765484962.3140001,16,29,30,22,33,3.6215896606445312,57.5,59.0,5.917
1765484962.5196967,99,28,22,19,40,3.6215438842773438,58.5,59.0,8.584
1765484962.720896,99,28,22,19,40,3.6215438842773438,58.5,59.0,8.584
1765484962.923998,99,27,45,29,36,3.6216201782226562,58.5,59.0,8.12
1765484963.1255033,99,27,45,29,36,3.6216201782226562,58.5,59.0,8.12
1765484963.3264909,99,27,45,29,36,3.6216201782226562,58.5,59.0,8.12
1765484963.5275984,61,21,29,25,28,3.621501922607422,57.5,58.5,5.806
1765484963.728766,61,21,29,25,28,3.621501922607422,57.5,58.5,5.806
1765484963.9301543,99,29,45,30,34,3.6220970153808594,58.5,59.5,8.808
1765484964.1316838,99,29,45,30,34,3.6220970153808594,58.5,59.5,8.808
1765484964.332904,99,29,45,30,34,3.6220970153808594,58.5,59.5,8.808
1765484964.5340247,99,24,27,26,38,3.6215362548828125,58.5,59.0,8.2
1765484964.7368712,99,24,27,26,38,3.6215362548828125,58.5,59.0,8.2
1765484964.938418,99,25,28,26,31,3.6215476989746094,58.5,59.0,7.974
1765484965.1396441,99,25,28,26,31,3.6215476989746094,58.5,59.0,7.974
1765484965.340678,99,25,28,26,31,3.6215476989746094,58.5,59.0,7.974
1765484965.5437338,99,50,37,34,33,3.6213836669921875,58.0,59.0,8.081
1765484965.7460384,99,50,37,34,33,3.6213836669921875,58.0,59.0,8.081
1765484965.947373,9,35,18,20,26,3.6221237182617188,57.5,59.5,5.877
1765484966.14837,9,35,18,20,26,3.6221237182617188,57.5,59.5,5.877
1765484966.3507786,9,35,18,20,26,3.6221237182617188,57.5,59.5,5.877
1765484966.5521395,99,32,27,33,38,3.6214256286621094,59.0,59.0,8.306
1765484966.7534323,99,32,27,33,38,3.6214256286621094,59.0,59.0,8.306
1765484966.9547668,99,40,30,23,50,3.6207008361816406,58.5,59.0,8.001
1765484967.1581497,99,40,30,23,50,3.6207008361816406,58.5,59.0,8.001
1765484967.3598602,99,40,30,23,50,3.6207008361816406,58.5,59.0,8.001
1765484967.561822,99,22,25,23,24,3.6215438842773438,58.5,58.5,7.011
1765484967.7635334,99,22,25,23,24,3.6215438842773438,58.5,58.5,7.011
1765484967.9649346,99,30,35,24,39,3.6221046447753906,58.5,59.0,8.465
1765484968.1665523,99,30,35,24,39,3.6221046447753906,58.5,59.0,8.465
1765484968.3675945,99,30,35,24,39,3.6221046447753906,58.5,59.0,8.465
1765484968.5686064,82,25,26,32,29,3.6216506958007812,57.0,60.0,5.644
1765484968.7697747,82,25,26,32,29,3.6216506958007812,57.0,60.0,5.644
1765484968.9716375,99,27,38,23,19,3.622478485107422,58.5,59.0,8.2
1765484969.172843,99,27,38,23,19,3.622478485107422,58.5,59.0,8.2
1765484969.3740416,99,27,38,23,19,3.622478485107422,58.5,59.0,8.2
1765484969.5757644,99,30,34,42,45,3.6236038208007812,58.5,59.5,8.848
1765484969.7792337,99,30,34,42,45,3.6236038208007812,58.5,59.5,8.848
1765484969.9805474,99,30,19,18,14,3.622478485107422,58.0,58.5,6.269
1765484970.181584,99,30,19,18,14,3.622478485107422,58.0,58.5,6.269
1765484970.3831525,99,30,19,18,14,3.622478485107422,58.0,58.5,6.269
1765484970.5852273,99,28,36,42,54,3.6227149963378906,59.0,59.0,7.655
1765484970.7862701,99,28,36,42,54,3.6227149963378906,59.0,59.0,7.655
1765484970.9877598,99,30,34,46,31,3.622936248779297,58.0,59.5,7.667
1765484971.1898403,99,30,34,46,31,3.622936248779297,58.0,59.5,7.667
1765484971.3919833,99,30,34,46,31,3.622936248779297,58.0,59.5,7.667
1765484971.5933576,99,18,25,28,25,3.624065399169922,59.0,59.5,8.65
1765484971.7945178,99,18,25,28,25,3.624065399169922,59.0,59.5,8.65
1765484971.9961286,99,50,22,26,21,3.626373291015625,58.5,59.5,8.081
1765484972.197209,99,50,22,26,21,3.626373291015625,58.5,59.5,8.081
1765484972.3994968,99,50,22,26,21,3.626373291015625,58.5,59.5,8.081
1765484972.600926,31,31,29,29,16,3.6248741149902344,57.5,59.5,4.82
1765484972.8022077,31,31,29,29,16,3.6248741149902344,57.5,59.5,4.82
1765484973.0038404,31,31,29,29,16,3.6248741149902344,57.5,59.5,4.82
1765484973.2060268,99,35,30,22,48,3.6251907348632812,59.0,59.0,8.664
1765484973.4073539,99,35,30,22,48,3.6251907348632812,59.0,59.0,8.664
1765484973.6085248,99,28,16,25,46,3.625560760498047,58.0,59.0,8.16
1765484973.8106294,99,28,16,25,46,3.625560760498047,58.0,59.0,8.16
1765484974.012321,99,28,16,25,46,3.625560760498047,58.0,59.0,8.16
1765484974.2140665,99,16,24,28,23,3.625568389892578,58.5,59.0,7.854
1765484974.415194,99,16,24,28,23,3.625568389892578,58.5,59.0,7.854
1765484974.6166894,99,59,35,33,32,3.6256332397460938,58.5,59.5,7.747
1765484974.820118,99,59,35,33,32,3.6256332397460938,58.5,59.5,7.747
1765484975.0214384,99,59,35,33,32,3.6256332397460938,58.5,59.5,7.747
1765484975.2225058,38,29,26,36,23,3.627368927001953,58.0,60.5,5.451
1765484975.4238658,38,29,26,36,23,3.627368927001953,58.0,60.5,5.451
1765484975.6251707,99,39,22,29,25,3.6266403198242188,59.0,59.0,8.28
1765484975.826348,99,39,22,29,25,3.6266403198242188,59.0,59.0,8.28
1765484976.028583,99,39,22,29,25,3.6266403198242188,59.0,59.0,8.28
1765484976.2307792,99,28,29,39,48,3.626689910888672,58.5,59.0,7.934
1765484976.4332063,99,28,29,39,48,3.626689910888672,58.5,59.0,7.934
1765484976.634207,99,25,25,26,21,3.6269607543945312,58.0,58.5,6.078
1765484976.8352714,99,25,25,26,21,3.6269607543945312,58.0,58.5,6.078
1765484977.0367093,99,25,25,26,21,3.6269607543945312,58.0,58.5,6.078
1765484977.238488,99,31,23,38,44,3.6279525756835938,58.5,59.5,8.624
1765484977.439617,99,31,23,38,44,3.6279525756835938,58.5,59.5,8.624
1765484977.6406434,99,46,27,23,29,3.6276702880859375,58.5,59.5,8.16
1765484977.8417077,99,46,27,23,29,3.6276702880859375,58.5,59.5,8.16
1765484978.0437634,99,46,27,23,29,3.6276702880859375,58.5,59.5,8.16
1765484978.2448626,99,28,24,31,21,3.6279869079589844,58.5,59.0,8.041
1765484978.4461281,99,28,24,31,21,3.6279869079589844,58.5,59.0,8.041
1765484978.6475897,99,51,35,50,32,3.6286087036132812,59.0,59.5,8.61
1765484978.85,99,51,35,50,32,3.6286087036132812,59.0,59.5,8.61
1765484979.052059,99,51,35,50,32,3.6286087036132812,59.0,59.5,8.61
1765484979.2534046,16,24,15,18,20,3.628803253173828,58.0,59.5,5.169
1765484979.454773,16,24,15,18,20,3.628803253173828,58.0,59.5,5.169
1765484979.6559358,99,31,45,30,33,3.629199981689453,58.5,59.5,8.041
1765484979.8575447,99,31,45,30,33,3.629199981689453,58.5,59.5,8.041
1765484980.0587583,99,31,45,30,33,3.629199981689453,58.5,59.5,8.041
1765484980.259854,99,42,40,34,35,3.62786865234375,57.5,59.0,5.877
1765484980.4619505,99,42,40,34,35,3.62786865234375,57.5,59.0,5.877
1765484980.6633778,99,42,40,34,35,3.62786865234375,57.5,59.0,5.877
1765484980.8644052,99,41,28,22,24,3.6286849975585938,59.0,59.5,8.967
1765484981.0661726,99,41,28,22,24,3.6286849975585938,59.0,59.5,8.967
1765484981.2670224,99,41,26,25,21,3.6276931762695312,58.5,59.0,7.814
1765484981.468611,99,41,26,25,21,3.6276931762695312,58.5,59.0,7.814
1765484981.6702173,99,41,26,25,21,3.6276931762695312,58.5,59.0,7.814
1765484981.871341,99,30,23,29,21,3.62841796875,58.5,59.0,7.011
1765484982.0723207,99,30,23,29,21,3.62841796875,58.5,59.0,7.011
1765484982.2745852,99,32,31,28,45,3.6293067932128906,58.5,59.5,7.974
1765484982.476761,99,32,31,28,45,3.6293067932128906,58.5,59.5,7.974
1765484982.6782665,99,32,31,28,45,3.6293067932128906,58.5,59.5,7.974
1765484982.8793843,10,23,25,26,32,3.6306076049804688,57.5,60.0,5.371
1765484983.081499,10,23,25,26,32,3.6306076049804688,57.5,60.0,5.371
1765484983.2834675,99,35,22,31,24,3.6300888061523438,59.0,59.5,8.2
1765484983.4846683,99,35,22,31,24,3.6300888061523438,59.0,59.5,8.2
1765484983.6863737,99,35,22,31,24,3.6300888061523438,59.0,59.5,8.2
1765484983.8884628,99,45,28,35,54,3.630523681640625,59.0,59.5,8.16
1765484984.089991,99,45,28,35,54,3.630523681640625,59.0,59.5,8.16
1765484984.2909057,99,20,25,21,24,3.630657196044922,59.0,59.0,7.091
1765484984.4918828,99,20,25,21,24,3.630657196044922,59.0,59.0,7.091
1765484984.6929944,99,20,25,21,24,3.630657196044922,59.0,59.0,7.091
1765484984.89458,99,50,27,36,27,3.631305694580078,59.0,60.0,8.28
1765484985.0956593,99,50,27,36,27,3.631305694580078,59.0,60.0,8.28
1765484985.296738,99,24,32,28,41,3.6311416625976562,58.5,60.5,7.587
1765484985.4978144,99,24,32,28,41,3.6311416625976562,58.5,60.5,7.587
1765484985.6995435,99,24,32,28,41,3.6311416625976562,58.5,60.5,7.587
1765484985.9014294,99,38,26,19,20,3.6317367553710938,59.0,59.5,7.894
1765484986.1029708,99,38,26,19,20,3.6317367553710938,59.0,59.5,7.894
1765484986.3038645,99,34,30,58,42,3.6321678161621094,59.0,60.0,9.072
1765484986.5060103,99,34,30,58,42,3.6321678161621094,59.0,60.0,9.072
1765484986.7088072,99,34,30,58,42,3.6321678161621094,59.0,60.0,9.072
1765484986.910468,0,22,22,19,22,3.6316146850585938,58.5,60.0,5.298
1765484987.1116776,0,22,22,19,22,3.6316146850585938,58.5,60.0,5.298
1765484987.313043,99,46,38,33,36,3.6326980590820312,59.0,59.5,8.12
1765484987.514878,99,46,38,33,36,3.6326980590820312,59.0,59.5,8.12
1765484987.7193713,99,46,38,33,36,3.6326980590820312,59.0,59.5,8.12
1765484987.921372,99,42,46,34,27,3.6335678100585938,59.0,59.5,7.775
1765484988.12464,99,42,46,34,27,3.6335678100585938,59.0,59.5,7.775
1765484988.326243,99,29,26,25,25,3.633739471435547,59.0,60.0,8.848
1765484988.5275118,99,29,26,25,25,3.633739471435547,59.0,60.0,8.848
1765484988.7287943,99,29,26,25,25,3.633739471435547,59.0,60.0,8.848
1765484988.930066,99,28,30,46,22,3.633258819580078,59.0,59.5,7.627
1765484989.1320088,99,28,30,46,22,3.633258819580078,59.0,59.5,7.627
1765484989.3334916,26,24,23,28,22,3.633777618408203,58.5,59.0,4.82
1765484989.5359519,26,24,23,28,22,3.633777618408203,58.5,59.0,4.82
1765484989.7374249,26,24,23,28,22,3.633777618408203,58.5,59.0,4.82
1765484989.939496,99,32,26,31,46,3.634441375732422,59.0,60.0,8.769
1765484990.1406724,99,32,26,31,46,3.634441375732422,59.0,60.0,8.769
1765484990.3420715,99,32,26,31,46,3.634441375732422,59.0,60.0,8.769
1765484990.5438914,99,26,36,24,41,3.6350479125976562,59.0,59.5,8.465
1765484990.7462218,99,26,36,24,41,3.6350479125976562,59.0,59.5,8.465
1765484990.9476633,99,23,17,25,18,3.6346206665039062,58.5,59.0,6.971
1765484991.1488225,99,23,17,25,18,3.6346206665039062,58.5,59.0,6.971
1765484991.3501277,99,23,17,25,18,3.6346206665039062,58.5,59.0,6.971
1765484991.5514317,99,47,52,37,30,3.635700225830078,59.0,59.5,7.934
1765484991.7525022,99,47,52,37,30,3.635700225830078,59.0,59.5,7.934
1765484991.953549,99,37,28,40,28,3.63629150390625,59.0,61.0,7.707
1765484992.1551735,99,37,28,40,28,3.63629150390625,59.0,61.0,7.707
1765484992.3581243,99,37,28,40,28,3.63629150390625,59.0,61.0,7.707
1765484992.5596979,99,34,22,18,15,3.636322021484375,59.0,59.5,7.667
1765484992.7608583,99,34,22,18,15,3.636322021484375,59.0,59.5,7.667
1765484992.962507,99,29,37,34,50,3.6362152099609375,59.0,59.5,8.081
1765484993.1642323,99,29,37,34,50,3.6362152099609375,59.0,59.5,8.081
1765484993.3652282,99,29,37,34,50,3.6362152099609375,59.0,59.5,8.081
1765484993.5668466,19,30,35,16,28,3.6365318298339844,58.5,59.5,5.685
1765484993.7711046,19,30,35,16,28,3.6365318298339844,58.5,59.5,5.685
1765484993.972528,99,28,35,26,40,3.6376724243164062,59.5,60.0,8.953
1765484994.1752262,99,28,35,26,40,3.6376724243164062,59.5,60.0,8.953
1765484994.3766959,99,28,35,26,40,3.6376724243164062,59.5,60.0,8.953
1765484994.5777774,99,26,34,20,47,3.631885528564453,59.0,59.5,7.735
1765484994.780015,99,26,34,20,47,3.631885528564453,59.0,59.5,7.735
1765484994.982213,99,23,28,21,16,3.6322288513183594,59.5,59.5,8.319
1765484995.185773,99,23,28,21,16,3.6322288513183594,59.5,59.5,8.319
1765484995.3869421,99,23,28,21,16,3.6322288513183594,59.5,59.5,8.319
1765484995.5910804,99,38,44,36,42,3.6321144104003906,59.0,60.0,8.689
1765484995.79344,99,38,44,36,42,3.6321144104003906,59.0,60.0,8.689
1765484995.9951844,99,27,19,24,8,3.63348388671875,58.0,59.5,5.846
1765484996.1972992,99,27,19,24,8,3.63348388671875,58.0,59.5,5.846
1765484996.3997874,99,27,19,24,8,3.63348388671875,58.0,59.5,5.846
1765484996.6010892,99,30,32,42,31,3.6330528259277344,59.0,59.5,8.346
1765484996.8022232,99,30,32,42,31,3.6330528259277344,59.0,59.5,8.346
1765484997.0036442,99,33,33,54,29,3.6334457397460938,59.0,60.0,8.16
1765484997.2051437,99,33,33,54,29,3.6334457397460938,59.0,60.0,8.16
1765484997.4065487,99,33,33,54,29,3.6334457397460938,59.0,60.0,8.16
1765484997.6074858,99,28,18,19,21,3.6346359252929688,59.0,59.5,8.041
1765484997.8085952,99,28,18,19,21,3.6346359252929688,59.0,59.5,8.041
1765484998.0100043,99,44,24,28,22,3.6339950561523438,59.5,59.5,7.894
1765484998.2112544,99,44,24,28,22,3.6339950561523438,59.5,59.5,7.894
1765484998.4124582,99,44,24,28,22,3.6339950561523438,59.5,59.5,7.894
1765484998.6135426,99,33,34,33,30,3.634601593017578,58.0,60.5,7.08
1765484998.8145177,99,33,34,33,30,3.634601593017578,58.0,60.5,7.08
1765484999.0155432,99,33,34,33,30,3.634601593017578,58.0,60.5,7.08
1765484999.2164414,99,20,34,26,26,3.63531494140625,59.5,60.0,8.2
1765484999.4175289,99,20,34,26,26,3.63531494140625,59.5,60.0,8.2
1765484999.6187046,99,50,26,30,28,3.6355857849121094,59.5,60.5,8.992
1765484999.8215947,99,50,26,30,28,3.6355857849121094,59.5,60.5,8.992
1765485000.0232615,99,50,26,30,28,3.6355857849121094,59.5,60.5,8.992
1765485000.2244315,21,25,18,29,18,3.6350975036621094,58.5,59.5,5.33
1765485000.425439,21,25,18,29,18,3.6350975036621094,58.5,59.5,5.33
1765485000.6274672,99,45,37,50,38,3.6352157592773438,59.5,60.0,8.16
1765485000.8289235,99,45,37,50,38,3.6352157592773438,59.5,60.0,8.16
1765485001.03014,99,45,37,50,38,3.6352157592773438,59.5,60.0,8.16
1765485001.2317545,99,39,38,40,49,3.6353302001953125,59.5,60.5,8.385
1765485001.433889,99,39,38,40,49,3.6353302001953125,59.5,60.5,8.385
1765485001.6349568,99,30,20,19,15,3.6356163024902344,59.5,60.0,7.974
1765485001.836346,99,30,20,19,15,3.6356163024902344,59.5,60.0,7.974
1765485002.0381765,99,30,20,19,15,3.6356163024902344,59.5,60.0,7.974
1765485002.2394214,99,26,50,35,28,3.6352157592773438,59.5,59.5,7.775
1765485002.4407892,99,26,50,35,28,3.6352157592773438,59.5,59.5,7.775
1765485002.6421351,14,28,24,30,32,3.635334014892578,59.0,59.0,5.806
1765485002.8444772,14,28,24,30,32,3.635334014892578,59.0,59.0,5.806
1765485003.0460277,14,28,24,30,32,3.635334014892578,59.0,59.0,5.806
1765485003.2477345,99,31,27,30,42,3.6361656188964844,59.5,60.0,8.769
1765485003.4490347,99,31,27,30,42,3.6361656188964844,59.5,60.0,8.769
1765485003.6500869,99,30,19,29,42,3.635334014892578,59.0,60.0,8.081
1765485003.85158,99,30,19,29,42,3.635334014892578,59.0,60.0,8.081
1765485004.053333,99,30,19,29,42,3.635334014892578,59.0,60.0,8.081
1765485004.254619,83,24,26,24,24,3.635009765625,58.5,59.5,6.038
1765485004.4555268,83,24,26,24,24,3.635009765625,58.5,59.5,6.038
1765485004.656828,99,34,39,46,30,3.6355209350585938,59.5,59.5,8.081
1765485004.859685,99,34,39,46,30,3.6355209350585938,59.5,59.5,8.081
1765485005.0633175,99,34,39,46,30,3.6355209350585938,59.5,59.5,8.081
1765485005.2643142,99,40,35,23,38,3.6358566284179688,59.0,60.5,8.306
1765485005.4666836,99,40,35,23,38,3.6358566284179688,59.0,60.5,8.306
1765485005.6688545,99,24,33,14,20,3.6353225708007812,59.5,60.0,8.094
1765485005.8725185,99,24,33,14,20,3.6353225708007812,59.5,60.0,8.094
1765485006.0748894,99,24,33,14,20,3.6353225708007812,59.5,60.0,8.094
1765485006.2773995,99,35,35,36,45,3.6348037719726562,59.5,59.5,7.587
1765485006.4789484,99,35,35,36,45,3.6348037719726562,59.5,59.5,7.587
1765485006.6799874,99,31,33,31,21,3.6354408264160156,59.0,59.5,5.483
1765485006.8817976,99,31,33,31,21,3.6354408264160156,59.0,59.5,5.483
1765485007.0836222,99,31,33,31,21,3.6354408264160156,59.0,59.5,5.483
1765485007.2850568,99,25,20,33,37,3.6358375549316406,59.5,60.5,8.57
1765485007.4865015,99,25,20,33,37,3.6358375549316406,59.5,60.5,8.57
1765485007.6876204,99,30,53,39,33,3.6356735229492188,59.5,59.5,8.2
1765485007.8887653,99,30,53,39,33,3.6356735229492188,59.5,59.5,8.2
1765485008.0904028,99,30,53,39,33,3.6356735229492188,59.5,59.5,8.2
1765485008.2917945,99,25,18,21,24,3.6359024047851562,59.5,59.0,6.902
1765485008.494124,99,25,18,21,24,3.6359024047851562,59.5,59.0,6.902
1765485008.6952453,99,25,18,21,24,3.6359024047851562,59.5,59.0,6.902
1765485008.898638,99,38,34,48,22,3.6365318298339844,59.5,60.5,9.032
1765485009.1004572,99,38,34,48,22,3.6365318298339844,59.5,60.5,9.032
1765485009.3017232,99,33,43,32,26,3.6368179321289062,59.5,60.5,8.385
1765485009.5044816,99,33,43,32,26,3.6368179321289062,59.5,60.5,8.385
1765485009.7059722,99,33,43,32,26,3.6368179321289062,59.5,60.5,8.385
1765485009.9099948,99,38,30,35,27,3.6266822814941406,59.5,60.0,7.747
1765485010.1109807,99,38,30,35,27,3.6266822814941406,59.5,60.0,7.747
1765485010.3133683,99,50,30,26,54,3.6258926391601562,59.5,60.0,8.16
1765485010.5166113,99,50,30,26,54,3.6258926391601562,59.5,60.0,8.16
1765485010.734934,99,50,30,26,54,3.6258926391601562,59.5,60.0,8.16
1765485010.9361186,86,20,27,32,30,3.6264266967773438,59.0,60.0,6.35
1765485011.1379554,86,20,27,32,30,3.6264266967773438,59.0,60.0,6.35
1765485011.339347,99,27,30,36,32,3.625518798828125,59.5,60.0,8.001
1765485011.5423608,99,27,30,36,32,3.625518798828125,59.5,60.0,8.001
1765485011.7434332,99,27,30,36,32,3.625518798828125,59.5,60.0,8.001
1765485011.9449677,99,53,27,34,28,3.6261749267578125,59.5,60.0,8.081
1765485012.1462238,99,53,27,34,28,3.6261749267578125,59.5,60.0,8.081
1765485012.3474548,99,25,24,27,22,3.625743865966797,59.5,60.0,6.43
1765485012.5488002,99,25,24,27,22,3.625743865966797,59.5,60.0,6.43
1765485012.751071,99,25,24,27,22,3.625743865966797,59.5,60.0,6.43
1765485012.952503,99,53,26,28,31,3.6301231384277344,60.0,60.0,8.425
1765485013.1538143,99,53,26,28,31,3.6301231384277344,60.0,60.0,8.425
1765485013.3550127,99,53,31,29,25,3.629993438720703,59.5,60.5,7.974
1765485013.5560527,99,53,31,29,25,3.629993438720703,59.5,60.5,7.974
1765485013.757369,99,53,31,29,25,3.629993438720703,59.5,60.5,7.974
1765485013.9583435,99,29,24,20,26,3.629741668701172,60.0,61.0,8.465
1765485014.1594021,99,29,24,20,26,3.629741668701172,60.0,61.0,8.465
1765485014.3607678,99,46,43,22,28,3.6300392150878906,60.0,60.5,8.624
1765485014.5638216,99,46,43,22,28,3.6300392150878906,60.0,60.5,8.624
1765485014.765227,99,46,43,22,28,3.6300392150878906,60.0,60.5,8.624
1765485014.9665244,0,22,31,23,20,3.6299400329589844,59.0,59.5,5.685
1765485015.1678529,0,22,31,23,20,3.6299400329589844,59.0,59.5,5.685
1765485015.3700778,99,36,43,38,31,3.6300621032714844,60.0,61.0,8.65
1765485015.5712044,99,36,43,38,31,3.6300621032714844,60.0,61.0,8.65
1765485015.7721708,99,36,43,38,31,3.6300621032714844,60.0,61.0,8.65
1765485015.973836,99,48,34,42,40,3.6301422119140625,59.5,60.5,8.425
1765485016.1757238,99,48,34,42,40,3.6301422119140625,59.5,60.5,8.425
1765485016.3779154,99,20,25,14,16,3.631000518798828,59.5,60.5,7.587
1765485016.5789762,99,20,25,14,16,3.631000518798828,59.5,60.5,7.587
1765485016.7820618,99,20,25,14,16,3.631000518798828,59.5,60.5,7.587
1765485016.9834232,99,26,28,33,44,3.6301727294921875,59.5,60.0,7.707
1765485017.1843445,99,26,28,33,44,3.6301727294921875,59.5,60.0,7.707
1765485017.3854394,99,37,32,35,28,3.630054473876953,59.5,61.0,8.16
1765485017.5866246,99,37,32,35,28,3.630054473876953,59.5,61.0,8.16
1765485017.7878323,99,37,32,35,28,3.630054473876953,59.5,61.0,8.16
1765485017.9890656,99,39,29,22,24,3.6306381225585938,60.0,60.5,8.624
1765485018.1902275,99,39,29,22,24,3.6306381225585938,60.0,60.5,8.624
1765485018.391299,99,26,22,29,52,3.630962371826172,60.0,61.0,8.584
1765485018.5931947,99,26,22,29,52,3.630962371826172,60.0,61.0,8.584
1765485018.794334,99,26,22,29,52,3.630962371826172,60.0,61.0,8.584
1765485018.9955509,84,20,22,22,20,3.630352020263672,59.0,59.5,5.379
1765485019.1968932,84,20,22,22,20,3.630352020263672,59.0,59.5,5.379
1765485019.3991475,99,29,47,32,28,3.6303672790527344,60.0,60.0,8.2
1765485019.600585,99,29,47,32,28,3.6303672790527344,60.0,60.0,8.2
1765485019.8020868,99,29,47,32,28,3.6303672790527344,60.0,60.0,8.2
1765485020.0035837,99,39,42,38,23,3.6314048767089844,60.0,61.0,8.992
1765485020.2063355,99,39,42,38,23,3.6314048767089844,60.0,61.0,8.992
1765485020.407521,99,26,12,13,13,3.630115509033203,59.5,59.5,6.551
1765485020.6090512,99,26,12,13,13,3.630115509033203,59.5,59.5,6.551
1765485020.8109257,99,26,12,13,13,3.630115509033203,59.5,59.5,6.551
1765485021.0128608,99,46,41,35,46,3.6301612854003906,60.0,60.5,7.587
1765485021.214073,99,46,41,35,46,3.6301612854003906,60.0,60.5,7.587
1765485021.41529,99,46,41,35,46,3.6301612854003906,60.0,60.5,7.587
1765485021.6171198,99,39,38,46,31,3.6302337646484375,59.5,61.0,8.346
1765485021.8193958,99,39,38,46,31,3.6302337646484375,59.5,61.0,8.346
1765485022.0204725,99,17,23,25,20,3.6307525634765625,60.0,61.0,8.913
1765485022.221505,99,17,23,25,20,3.6307525634765625,60.0,61.0,8.913
1765485022.4230998,99,17,23,25,20,3.6307525634765625,60.0,61.0,8.913
1765485022.624419,99,26,24,29,50,3.630115509033203,59.5,60.5,7.587
1765485022.8261414,99,26,24,29,50,3.630115509033203,59.5,60.5,7.587
1765485023.0273952,38,27,26,31,26,3.6301918029785156,59.0,59.5,5.29
1765485023.2284338,38,27,26,31,26,3.6301918029785156,59.0,59.5,5.29
1765485023.4298642,38,27,26,31,26,3.6301918029785156,59.0,59.5,5.29
1765485023.6314654,99,34,31,30,46,3.6304702758789062,60.0,60.5,8.65
1765485023.833073,99,34,31,30,46,3.6304702758789062,60.0,60.5,8.65
1765485024.0345144,99,27,26,26,37,3.631031036376953,60.0,60.5,8.385
1765485024.2378457,99,27,26,26,37,3.631031036376953,60.0,60.5,8.385
1765485024.4408965,99,27,26,26,37,3.631031036376953,60.0,60.5,8.385
1765485024.6423974,99,24,25,19,20,3.6305770874023438,59.5,60.0,6.118
1765485024.8433216,99,24,25,19,20,3.6305770874023438,59.5,60.0,6.118
1765485025.0452347,99,54,38,22,34,3.630390167236328,60.0,60.0,8.014
1765485025.2474713,99,54,38,22,34,3.630390167236328,60.0,60.0,8.014
1765485025.4490228,99,54,38,22,34,3.630390167236328,60.0,60.0,8.014
1765485025.6503656,99,40,36,32,34,3.6311569213867188,59.5,61.0,8.465
1765485025.8525476,99,40,36,32,34,3.6311569213867188,59.5,61.0,8.465
1765485026.0540607,99,25,20,12,30,3.630786895751953,60.0,60.5,8.081
1765485026.2552135,99,25,20,12,30,3.630786895751953,60.0,60.5,8.081
1765485026.457195,99,25,20,12,30,3.630786895751953,60.0,60.5,8.081
1765485026.6600792,99,30,36,30,52,3.6311683654785156,59.5,60.0,7.735
1765485026.8615704,99,30,36,30,52,3.6311683654785156,59.5,60.0,7.735
1765485027.0629513,83,41,18,26,20,3.631275177001953,59.0,60.0,5.685
1765485027.2641459,83,41,18,26,20,3.631275177001953,59.0,60.0,5.685
1765485027.4657638,83,41,18,26,20,3.631275177001953,59.0,60.0,5.685
1765485027.667693,99,42,22,28,31,3.6315231323242188,60.0,60.5,8.544
1765485027.8693643,99,42,22,28,31,3.6315231323242188,60.0,60.5,8.544
1765485028.070797,99,28,28,43,33,3.6315879821777344,59.5,60.5,8.041
1765485028.2721927,99,28,28,43,33,3.6315879821777344,59.5,60.5,8.041
1765485028.474116,99,28,28,43,33,3.6315879821777344,59.5,60.5,8.041
1765485028.6752727,99,26,16,23,18,3.6315231323242188,60.0,60.0,7.16
1765485028.8764343,99,26,16,23,18,3.6315231323242188,60.0,60.0,7.16
1765485029.0778887,99,50,27,39,29,3.6316490173339844,60.0,60.5,8.054
1765485029.2805808,99,50,27,39,29,3.6316490173339844,60.0,60.5,8.054
1765485029.4824333,99,50,27,39,29,3.6316490173339844,60.0,60.5,8.054
1765485029.6836343,99,34,24,44,20,3.6316757202148438,59.5,61.0,8.425
1765485029.8850443,99,34,24,44,20,3.6316757202148438,59.5,61.0,8.425
1765485030.0868652,99,34,24,44,20,3.6316757202148438,59.5,61.0,8.425
1765485030.289238,99,25,22,26,33,3.6310386657714844,60.0,60.5,8.2
1765485030.4905927,99,25,22,26,33,3.6310386657714844,60.0,60.5,8.2
1765485030.692429,99,39,46,35,28,3.631305694580078,60.0,60.0,7.787
1765485030.89403,99,39,46,35,28,3.631305694580078,60.0,60.0,7.787
1765485031.0949738,99,39,46,35,28,3.631305694580078,60.0,60.0,7.787
1765485031.296375,28,28,21,27,25,3.6321487426757812,59.5,60.5,6.118
1765485031.4975114,28,28,21,27,25,3.6321487426757812,59.5,60.5,6.118
1765485031.698804,99,22,16,41,27,3.631389617919922,60.0,60.5,8.385
1765485031.8997793,99,22,16,41,27,3.631389617919922,60.0,60.5,8.385
1765485032.1008966,99,22,16,41,27,3.631389617919922,60.0,60.5,8.385
1765485032.3026571,99,56,37,26,28,3.6313629150390625,60.0,60.5,8.346
1765485032.5038412,99,56,37,26,28,3.6313629150390625,60.0,60.5,8.346
1765485032.7048986,99,17,19,20,18,3.631389617919922,60.5,60.5,7.16
1765485032.9061067,99,17,19,20,18,3.631389617919922,60.5,60.5,7.16
1765485033.1071508,99,17,19,20,18,3.631389617919922,60.5,60.5,7.16
1765485033.308248,99,46,34,25,35,3.632030487060547,60.5,61.5,8.505
1765485033.5095775,99,46,34,25,35,3.632030487060547,60.5,61.5,8.505
1765485033.7107785,99,26,28,48,20,3.6316299438476562,60.0,61.0,8.16
1765485033.9117312,99,26,28,48,20,3.6316299438476562,60.0,61.0,8.16
1765485034.1147666,99,26,28,48,20,3.6316299438476562,60.0,61.0,8.16
1765485034.3160694,99,29,30,22,21,3.6313629150390625,60.5,61.0,8.2
1765485034.5174818,99,29,30,22,21,3.6313629150390625,60.5,61.0,8.2
1765485034.71862,99,35,36,30,50,3.6309661865234375,60.5,60.5,8.28
1765485034.9227116,99,35,36,30,50,3.6309661865234375,60.5,60.5,8.28
1765485035.123833,99,35,36,30,50,3.6309661865234375,60.5,60.5,8.28
1765485035.3249812,78,18,22,20,25,3.6318397521972656,59.5,60.5,5.927
1765485035.5261583,78,18,22,20,25,3.6318397521972656,59.5,60.5,5.927
1765485035.7274594,99,43,30,37,34,3.631084442138672,60.5,60.5,8.081
1765485035.9285665,99,43,30,37,34,3.631084442138672,60.5,60.5,8.081
1765485036.1298044,99,43,30,37,34,3.631084442138672,60.5,60.5,8.081
1765485036.3309805,99,46,49,33,28,3.631084442138672,60.0,60.5,7.894
1765485036.533505,99,46,49,33,28,3.631084442138672,60.0,60.5,7.894
1765485036.7348266,99,25,24,15,19,3.6317176818847656,60.0,61.5,8.16
1765485036.9358351,99,25,24,15,19,3.6317176818847656,60.0,61.5,8.16
1765485037.1379523,99,25,24,15,19,3.6317176818847656,60.0,61.5,8.16
1765485037.3393445,99,28,24,44,24,3.631378173828125,60.0,61.0,7.854
1765485037.5403056,99,28,24,44,24,3.631378173828125,60.0,61.0,7.854
1765485037.7413409,44,30,31,33,29,3.6319236755371094,59.0,61.0,5.29
1765485037.9424698,44,30,31,33,29,3.6319236755371094,59.0,61.0,5.29
1765485038.143578,44,30,31,33,29,3.6319236755371094,59.0,61.0,5.29
1765485038.3448768,99,27,23,44,26,3.6322479248046875,60.5,61.0,8.505
1765485038.546268,99,27,23,44,26,3.6322479248046875,60.5,61.0,8.505
1765485038.7476645,99,26,28,48,27,3.6332435607910156,60.0,61.0,9.111
1765485038.9500558,99,26,28,48,27,3.6332435607910156,60.0,61.0,9.111
1765485039.1529016,99,26,28,48,27,3.6332435607910156,60.0,61.0,9.111
1765485039.3543713,99,22,18,17,22,3.6326065063476562,59.0,60.5,5.411
1765485039.5592773,99,22,18,17,22,3.6326065063476562,59.0,60.5,5.411
1765485039.7602384,99,36,31,56,45,3.6326560974121094,60.0,60.5,8.014
1765485039.961906,99,36,31,56,45,3.6326560974121094,60.0,60.5,8.014
1765485040.1632195,99,36,31,56,45,3.6326560974121094,60.0,60.5,8.014
1765485040.3642578,99,35,38,48,40,3.6331138610839844,60.0,61.5,8.769
1765485040.5660555,99,35,38,48,40,3.6331138610839844,60.0,61.5,8.769
1765485040.7672095,99,35,38,48,40,3.6331138610839844,60.0,61.5,8.769
1765485040.9685307,99,18,32,15,16,3.6327590942382812,60.5,61.0,8.505
1765485041.1700075,99,18,32,15,16,3.6327590942382812,60.5,61.0,8.505
1765485041.371639,99,47,32,25,33,3.632720947265625,60.5,61.0,7.707
1765485041.5728576,99,47,32,25,33,3.632720947265625,60.5,61.0,7.707
1765485041.7741354,99,47,32,25,33,3.632720947265625,60.5,61.0,7.707
1765485041.9753435,30,26,33,24,27,3.6327590942382812,59.5,60.0,5.877
1765485042.1764038,30,26,33,24,27,3.6327590942382812,59.5,60.0,5.877
1765485042.3781583,99,28,37,25,28,3.63336181640625,60.5,61.0,8.808
1765485042.579488,99,28,37,25,28,3.63336181640625,60.5,61.0,8.808
1765485042.7814243,99,28,37,25,28,3.63336181640625,60.5,61.0,8.808
1765485042.9827323,99,20,22,52,14,3.6329269409179688,60.5,60.5,8.24
1765485043.1848483,99,20,22,52,14,3.6329269409179688,60.5,60.5,8.24
1765485043.3862934,0,26,27,25,29,3.6329193115234375,59.0,60.5,5.298
1765485043.5874782,0,26,27,25,29,3.6329193115234375,59.0,60.5,5.298
1765485043.7890952,0,26,27,25,29,3.6329193115234375,59.0,60.5,5.298
1765485043.9915328,99,32,31,25,52,3.6331138610839844,60.5,61.0,8.16
1765485044.1930277,99,32,31,25,52,3.6331138610839844,60.5,61.0,8.16
1765485044.3942947,99,36,28,37,38,3.6337623596191406,60.0,61.0,8.584
1765485044.595965,99,36,28,37,38,3.6337623596191406,60.0,61.0,8.584
1765485044.7972546,99,36,28,37,38,3.6337623596191406,60.0,61.0,8.584
1765485044.9986591,99,26,26,25,24,3.632213592529297,60.5,60.5,7.894
1765485045.1997576,99,26,26,25,24,3.632213592529297,60.5,60.5,7.894
1765485045.4011095,99,43,38,28,43,3.6319351196289062,60.5,61.0,8.081
1765485045.6025636,99,43,38,28,43,3.6319351196289062,60.5,61.0,8.081
1765485045.8035223,99,43,38,28,43,3.6319351196289062,60.5,61.0,8.081
1765485046.004618,99,34,33,39,28,3.6319618225097656,60.0,61.0,7.735
1765485046.2064836,99,34,33,39,28,3.6319618225097656,60.0,61.0,7.735
1765485046.4077146,99,30,21,28,24,3.6322593688964844,60.5,61.0,8.081
1765485046.6086392,99,30,21,28,24,3.6322593688964844,60.5,61.0,8.081
1765485046.8097653,99,30,21,28,24,3.6322593688964844,60.5,61.0,8.081
1765485047.0109901,99,43,35,34,28,3.632465362548828,60.5,61.0,8.319
1765485047.2123823,99,43,35,34,28,3.632465362548828,60.5,61.0,8.319
1765485047.4132352,22,26,22,32,23,3.6326675415039062,59.5,60.5,5.249
1765485047.6150815,22,26,22,32,23,3.6326675415039062,59.5,60.5,5.249
1765485047.8162286,22,26,22,32,23,3.6326675415039062,59.5,60.5,5.249
1765485048.0174527,99,35,32,26,50,3.6366348266601562,60.5,61.5,9.492
1765485048.2182846,99,35,32,26,50,3.6366348266601562,60.5,61.5,9.492
1765485048.4193454,99,35,32,26,50,3.6366348266601562,60.5,61.5,9.492
1765485048.6203873,99,26,26,50,53,3.635028839111328,60.5,61.0,8.689
1765485048.8224835,99,26,26,50,53,3.635028839111328,60.5,61.0,8.689
1765485049.0238144,99,26,29,24,15,3.6343421936035156,60.5,60.5,7.547
1765485049.2249663,99,26,29,24,15,3.6343421936035156,60.5,60.5,7.547
1765485049.4261808,99,26,29,24,15,3.6343421936035156,60.5,60.5,7.547
1765485049.6284564,99,41,30,36,52,3.6337318420410156,60.5,61.0,8.081
1765485049.8297565,99,41,30,36,52,3.6337318420410156,60.5,61.0,8.081
1765485050.034578,99,28,33,36,22,3.6345062255859375,60.0,62.0,8.319
1765485050.2357986,99,28,33,36,22,3.6345062255859375,60.0,62.0,8.319
1765485050.4381278,99,28,33,36,22,3.6345062255859375,60.0,62.0,8.319
1765485050.6393461,99,39,25,25,25,3.6333694458007812,60.5,61.0,8.041
1765485050.8404331,99,39,25,25,25,3.6333694458007812,60.5,61.0,8.041
1765485051.0418725,99,50,35,40,26,3.633960723876953,60.5,60.5,8.28
1765485051.2447374,99,50,35,40,26,3.633960723876953,60.5,60.5,8.28
1765485051.4460564,99,50,35,40,26,3.633960723876953,60.5,60.5,8.28
1765485051.6484642,16,30,29,25,32,3.6341094970703125,60.0,61.0,5.644
1765485051.8512142,16,30,29,25,32,3.6341094970703125,60.0,61.0,5.644
1765485052.0525565,99,24,25,38,18,3.6344223022460938,60.5,61.0,8.61
1765485052.253771,99,24,25,38,18,3.6344223022460938,60.5,61.0,8.61
1765485052.4549444,99,24,25,38,18,3.6344223022460938,60.5,61.0,8.61
1765485052.6561143,99,32,48,29,36,3.633960723876953,60.5,61.0,8.001
1765485052.8574846,99,32,48,29,36,3.633960723876953,60.5,61.0,8.001
1765485053.058464,99,26,24,24,14,3.634197235107422,60.5,61.0,7.16
1765485053.2599545,99,26,24,24,14,3.634197235107422,60.5,61.0,7.16
1765485053.461115,99,26,24,24,14,3.634197235107422,60.5,61.0,7.16
1765485053.664345,99,28,26,38,41,3.6350440979003906,60.5,61.0,8.28
1765485053.8657198,99,28,26,38,41,3.6350440979003906,60.5,61.0,8.28
1765485054.067413,99,22,37,28,26,3.633991241455078,60.5,62.0,8.16
1765485054.2685797,99,22,37,28,26,3.633991241455078,60.5,62.0,8.16
1765485054.4718087,99,22,37,28,26,3.633991241455078,60.5,62.0,8.16
1765485054.673169,99,36,31,26,26,3.6340789794921875,60.0,61.0,8.12
1765485054.874443,99,36,31,26,26,3.6340789794921875,60.0,61.0,8.12
1765485055.0757196,99,53,36,39,36,3.6344223022460938,61.0,61.0,8.081
1765485055.2779353,99,53,36,39,36,3.6344223022460938,61.0,61.0,8.081
1765485055.4791563,99,53,36,39,36,3.6344223022460938,61.0,61.0,8.081
1765485055.68016,57,27,29,18,22,3.634777069091797,60.0,61.5,6.189
1765485055.8815315,57,27,29,18,22,3.634777069091797,60.0,61.5,6.189
1765485056.0833359,99,32,36,27,32,3.6342926025390625,60.5,61.0,8.16
1765485056.284377,99,32,36,27,32,3.6342926025390625,60.5,61.0,8.16
1765485056.4855099,99,32,36,27,32,3.6342926025390625,60.5,61.0,8.16
1765485056.6891975,99,40,25,50,37,3.6339492797851562,60.5,61.0,8.081
1765485056.890531,99,40,25,50,37,3.6339492797851562,60.5,61.0,8.081
1765485057.09175,99,30,27,20,22,3.6343955993652344,60.5,61.5,7.934
1765485057.2929945,99,30,27,20,22,3.6343955993652344,60.5,61.5,7.934
1765485057.494208,99,30,27,20,22,3.6343955993652344,60.5,61.5,7.934
1765485057.695458,99,29,25,29,42,3.634246826171875,60.5,61.0,7.667
1765485057.8988905,99,29,25,29,42,3.634246826171875,60.5,61.0,7.667
1765485058.1004186,99,36,32,26,46,3.6342620849609375,60.5,61.5,7.961
1765485058.3019412,99,36,32,26,46,3.6342620849609375,60.5,61.5,7.961
1765485058.5039804,99,36,32,26,46,3.6342620849609375,60.5,61.5,7.961
1765485058.708007,99,26,28,23,32,3.6343765258789062,60.5,61.0,8.16
1765485058.9095423,99,26,28,23,32,3.6343765258789062,60.5,61.0,8.16
1765485059.1110497,99,26,28,23,32,3.6343765258789062,60.5,61.0,8.16
1765485059.3130744,99,24,43,44,28,3.635326385498047,61.0,61.0,8.544
1765485059.51534,99,24,43,44,28,3.635326385498047,61.0,61.0,8.544
1765485059.7199445,39,22,31,18,13,3.634540557861328,59.5,60.5,5.29
1765485059.9212914,39,22,31,18,13,3.634540557861328,59.5,60.5,5.29
1765485060.1234238,39,22,31,18,13,3.634540557861328,59.5,60.5,5.29
1765485060.3247066,99,39,27,54,36,3.6341400146484375,61.0,61.5,8.385
1765485060.5264592,99,39,27,54,36,3.6341400146484375,61.0,61.5,8.385
1765485060.7283313,99,47,38,36,53,3.633941650390625,61.0,61.5,8.729
1765485060.9299567,99,47,38,36,53,3.633941650390625,61.0,61.5,8.729
1765485061.131048,99,47,38,36,53,3.633941650390625,61.0,61.5,8.729
1765485061.33215,99,21,23,22,23,3.6345176696777344,60.5,61.0,6.821
1765485061.5340006,99,21,23,22,23,3.6345176696777344,60.5,61.0,6.821
1765485061.7354903,99,30,34,24,47,3.6341781616210938,60.5,61.0,7.894
1765485061.937091,99,30,34,24,47,3.6341781616210938,60.5,61.0,7.894
1765485062.1384866,99,30,34,24,47,3.6341781616210938,60.5,61.0,7.894
1765485062.3402653,99,32,36,28,42,3.634235382080078,61.0,61.5,8.346
1765485062.5418394,99,32,36,28,42,3.634235382080078,61.0,61.5,8.346
1765485062.7431614,99,28,30,22,25,3.634387969970703,61.0,61.0,8.12
1765485062.9443169,99,28,30,22,25,3.634387969970703,61.0,61.0,8.12
1765485063.146341,99,28,30,22,25,3.634387969970703,61.0,61.0,8.12
1765485063.3480973,99,25,22,50,22,3.6347618103027344,60.5,61.5,8.001
1765485063.5515115,99,25,22,50,22,3.6347618103027344,60.5,61.5,8.001
1765485063.753207,27,24,23,31,30,3.634296417236328,59.5,61.0,5.523
1765485063.9543607,27,24,23,31,30,3.634296417236328,59.5,61.0,5.523
1765485064.156402,27,24,23,31,30,3.634296417236328,59.5,61.0,5.523
1765485064.3597965,99,32,31,34,33,3.6342239379882812,61.0,61.0,8.61
1765485064.5627108,99,32,31,34,33,3.6342239379882812,61.0,61.0,8.61
1765485064.7640033,99,36,50,33,36,3.6350555419921875,61.0,61.5,9.072
1765485064.966233,99,36,50,33,36,3.6350555419921875,61.0,61.5,9.072
1765485065.16815,99,36,50,33,36,3.6350555419921875,61.0,61.5,9.072
1765485065.3695207,99,27,8,15,16,3.6337356567382812,61.0,60.5,6.551
1765485065.5788465,99,27,8,15,16,3.6337356567382812,61.0,60.5,6.551
1765485065.7801032,99,33,56,42,29,3.6341705322265625,61.0,62.0,8.081
1765485065.9814699,99,33,56,42,29,3.6341705322265625,61.0,62.0,8.081
1765485066.182723,99,33,56,42,29,3.6341705322265625,61.0,62.0,8.081
1765485066.383944,99,42,34,31,32,3.6346435546875,60.5,61.5,8.24
1765485066.5850704,99,42,34,31,32,3.6346435546875,60.5,61.5,8.24
1765485066.7860403,99,29,12,23,20,3.6352386474609375,61.0,61.5,8.689
1765485066.9871547,99,29,12,23,20,3.6352386474609375,61.0,61.5,8.689
1765485067.1887763,99,29,12,23,20,3.6352386474609375,61.0,61.5,8.689
1765485067.390103,99,24,30,31,39,3.634052276611328,61.0,61.0,7.854
1765485067.5911345,99,24,30,31,39,3.634052276611328,61.0,61.0,7.854
1765485067.7921593,99,24,30,31,39,3.634052276611328,61.0,61.0,7.854
1765485067.9933853,8,32,25,28,37,3.6342849731445312,60.0,60.5,5.29
1765485068.1944802,8,32,25,28,37,3.6342849731445312,60.0,60.5,5.29
1765485068.3972666,99,26,37,44,30,3.634387969970703,61.0,61.5,8.769
1765485068.5992236,99,26,37,44,30,3.634387969970703,61.0,61.5,8.769
1765485068.800345,99,26,37,44,30,3.634387969970703,61.0,61.5,8.769
1765485069.0017593,99,22,22,32,54,3.634979248046875,61.0,61.5,8.992
1765485069.204475,99,22,22,32,54,3.634979248046875,61.0,61.5,8.992
1765485069.405908,99,27,25,16,24,3.6341514587402344,60.5,60.5,6.118
1765485069.6069934,99,27,25,16,24,3.6341514587402344,60.5,60.5,6.118
1765485069.8087363,99,27,25,16,24,3.6341514587402344,60.5,60.5,6.118
1765485070.0110903,99,45,30,50,40,3.634502410888672,61.0,61.0,7.747
1765485070.212193,99,45,30,50,40,3.634502410888672,61.0,61.0,7.747
1765485070.413328,99,30,36,35,36,3.6352500915527344,60.5,63.0,8.544
1765485070.614454,99,30,36,35,36,3.6352500915527344,60.5,63.0,8.544
1765485070.8156867,99,30,36,35,36,3.6352500915527344,60.5,63.0,8.544
1765485071.016771,99,30,18,23,23,3.6343917846679688,60.5,61.5,8.28
1765485071.2179947,99,30,18,23,23,3.6343917846679688,60.5,61.5,8.28
1765485071.4196134,99,32,35,52,33,3.6342849731445312,60.5,61.0,8.2
1765485071.6209188,99,32,35,52,33,3.6342849731445312,60.5,61.0,8.2
1765485071.822112,99,32,35,52,33,3.6342849731445312,60.5,61.0,8.2
1765485072.0231917,24,24,24,32,23,3.634571075439453,60.5,61.0,5.725
1765485072.2243178,24,24,24,32,23,3.634571075439453,60.5,61.0,5.725
1765485072.4254978,99,34,30,42,24,3.6353721618652344,61.0,62.0,9.294
1765485072.6264625,99,34,30,42,24,3.6353721618652344,61.0,62.0,9.294
1765485072.8274913,99,34,30,42,24,3.6353721618652344,61.0,62.0,9.294
1765485073.0285273,99,27,47,19,28,3.6346435546875,61.0,61.5,7.854
1765485073.2297852,99,27,47,19,28,3.6346435546875,61.0,61.5,7.854
1765485073.430731,99,24,24,23,24,3.6347274780273438,61.0,61.0,7.32
1765485073.6318998,99,24,24,23,24,3.6347274780273438,61.0,61.0,7.32
1765485073.8329492,99,24,24,23,24,3.6347274780273438,61.0,61.0,7.32
1765485074.0352118,99,53,33,27,29,3.634063720703125,61.0,61.0,8.359
1765485074.2372668,99,53,33,27,29,3.634063720703125,61.0,61.0,8.359
1765485074.4383821,99,23,38,33,24,3.6348953247070312,61.0,62.0,8.24
1765485074.6393821,99,23,38,33,24,3.6348953247070312,61.0,62.0,8.24
1765485074.8405864,99,23,38,33,24,3.6348953247070312,61.0,62.0,8.24
1765485075.0421202,99,29,30,29,33,3.6346359252929688,61.0,62.0,8.505
1765485075.2432666,99,29,30,29,33,3.6346359252929688,61.0,62.0,8.505
1765485075.444327,99,29,30,29,33,3.6346359252929688,61.0,62.0,8.505
1765485075.6460874,99,46,52,34,30,3.6339454650878906,61.0,61.5,8.28
1765485075.84747,99,46,52,34,30,3.6339454650878906,61.0,61.5,8.28
1765485076.0485792,14,26,26,24,18,3.6352157592773438,60.5,61.5,5.917
1765485076.2501392,14,26,26,24,18,3.6352157592773438,60.5,61.5,5.917
1765485076.45156,14,26,26,24,18,3.6352157592773438,60.5,61.5,5.917
1765485076.6527684,99,27,25,38,20,3.6343841552734375,61.0,61.5,8.319
1765485076.8541386,99,27,25,38,20,3.6343841552734375,61.0,61.5,8.319
1765485077.0554643,99,46,29,30,46,3.634624481201172,61.0,61.5,8.24
1765485077.2570133,99,46,29,30,46,3.634624481201172,61.0,61.5,8.24
1765485077.4581332,99,46,29,30,46,3.634624481201172,61.0,61.5,8.24
1765485077.6595652,99,20,25,26,24,3.634265899658203,61.0,61.5,7.36
1765485077.8612628,99,20,25,26,24,3.634265899658203,61.0,61.5,7.36
1765485078.063237,99,26,32,46,22,3.634471893310547,61.0,61.5,8.2
1765485078.2664359,99,26,32,46,22,3.634471893310547,61.0,61.5,8.2
1765485078.4678707,99,26,32,46,22,3.634471893310547,61.0,61.5,8.2
1765485078.6690001,99,29,23,28,38,3.634857177734375,60.5,61.5,7.2
1765485078.8712842,99,29,23,28,38,3.634857177734375,60.5,61.5,7.2
1765485079.0735185,99,34,16,16,35,3.6353759765625,61.0,61.5,7.934
1765485079.2821255,99,34,16,16,35,3.6353759765625,61.0,61.5,7.934
1765485079.4831562,99,34,16,16,35,3.6353759765625,61.0,61.5,7.934
1765485079.684946,99,46,44,36,37,3.6359939575195312,61.5,61.5,8.834
1765485079.8872461,99,46,44,36,37,3.6359939575195312,61.5,61.5,8.834
1765485080.0888865,29,32,16,16,10,3.636127471923828,60.5,61.5,5.249
1765485080.290576,29,32,16,16,10,3.636127471923828,60.5,61.5,5.249
1765485080.4924393,29,32,16,16,10,3.636127471923828,60.5,61.5,5.249
1765485080.6938317,99,36,48,32,42,3.6360816955566406,61.0,61.5,8.346
1765485080.8946974,99,36,48,32,42,3.6360816955566406,61.0,61.5,8.346
1765485081.096645,99,36,40,45,24,3.6357765197753906,61.0,62.5,7.934
1765485081.2984004,99,36,40,45,24,3.6357765197753906,61.0,62.5,7.934
1765485081.4997177,99,36,40,45,24,3.6357765197753906,61.0,62.5,7.934
1765485081.700689,99,20,14,22,30,3.6374855041503906,61.0,62.0,8.913
1765485081.9021356,99,20,14,22,30,3.6374855041503906,61.0,62.0,8.913
1765485082.1031682,99,25,19,26,45,3.6366424560546875,61.0,61.5,8.425
1765485082.304405,99,25,19,26,45,3.6366424560546875,61.0,61.5,8.425
1765485082.5053425,99,25,19,26,45,3.6366424560546875,61.0,61.5,8.425
1765485082.7064984,14,22,27,21,28,3.636760711669922,60.5,62.0,5.451
1765485082.9078236,14,22,27,21,28,3.636760711669922,60.5,62.0,5.451
1765485083.1101031,99,29,28,45,26,3.637859344482422,61.5,61.5,7.934
1765485083.3125203,99,29,28,45,26,3.637859344482422,61.5,61.5,7.934
1765485083.5151415,99,29,28,45,26,3.637859344482422,61.5,61.5,7.934
1765485083.716191,99,31,36,28,33,3.6383056640625,61.0,62.0,8.385
1765485083.9182446,99,31,36,28,33,3.6383056640625,61.0,62.0,8.385
1765485084.1198158,99,27,24,38,23,3.638050079345703,61.0,61.5,8.346
1765485084.321087,99,27,24,38,23,3.638050079345703,61.0,61.5,8.346
1765485084.5229208,99,27,24,38,23,3.638050079345703,61.0,61.5,8.346
1765485084.724807,99,33,37,36,54,3.6384658813476562,61.0,61.5,8.319
1765485084.9261646,99,33,37,36,54,3.6384658813476562,61.0,61.5,8.319
1765485085.1272984,27,26,21,29,37,3.638080596923828,60.5,61.5,5.886
1765485085.3284788,27,26,21,29,37,3.638080596923828,60.5,61.5,5.886
1765485085.531178,27,26,21,29,37,3.638080596923828,60.5,61.5,5.886
1765485085.7326329,99,21,44,26,20,3.6384201049804688,61.0,61.5,8.491
1765485085.9341388,99,21,44,26,20,3.6384201049804688,61.0,61.5,8.491
1765485086.1352262,99,34,28,33,45,3.6387786865234375,61.0,61.5,8.081
1765485086.336207,99,34,28,33,45,3.6387786865234375,61.0,61.5,8.081
1765485086.5377479,99,34,28,33,45,3.6387786865234375,61.0,61.5,8.081
1765485086.7387607,99,28,18,26,16,3.639446258544922,61.0,61.0,7.547
1765485086.9398263,99,28,18,26,16,3.639446258544922,61.0,61.0,7.547
1765485087.1411297,99,28,18,26,16,3.639446258544922,61.0,61.0,7.547
1765485087.3438432,99,40,56,39,31,3.628337860107422,61.0,62.5,8.873
1765485087.5453188,99,40,56,39,31,3.628337860107422,61.0,62.5,8.873
1765485087.746497,0,24,21,20,18,3.6276702880859375,59.5,61.0,4.699
1765485087.9497356,0,24,21,20,18,3.6276702880859375,59.5,61.0,4.699
1765485088.15087,0,24,21,20,18,3.6276702880859375,59.5,61.0,4.699
1765485088.3524575,99,50,27,18,30,3.6280555725097656,61.0,61.5,8.306
1765485088.5545897,99,50,27,18,30,3.6280555725097656,61.0,61.5,8.306
1765485088.7559304,99,36,36,41,52,3.6283645629882812,61.0,61.5,8.385
1765485088.9583266,99,36,36,41,52,3.6283645629882812,61.0,61.5,8.385
1765485089.1599393,99,36,36,41,52,3.6283645629882812,61.0,61.5,8.385
1765485089.362374,99,24,21,25,14,3.6295814514160156,60.5,61.5,7.814
1765485089.564783,99,24,21,25,14,3.6295814514160156,60.5,61.5,7.814
1765485089.7669883,99,35,32,42,30,3.628955841064453,61.0,61.5,7.974
1765485089.9682996,99,35,32,42,30,3.628955841064453,61.0,61.5,7.974
1765485090.1697974,99,35,32,42,30,3.628955841064453,61.0,61.5,7.974
1765485090.3710902,99,34,29,34,38,3.6301116943359375,60.5,63.0,7.36
1765485090.572248,99,34,29,34,38,3.6301116943359375,60.5,63.0,7.36
1765485090.7744648,99,41,24,22,28,3.630237579345703,61.0,61.5,8.505
1765485090.9763272,99,41,24,22,28,3.630237579345703,61.0,61.5,8.505
1765485091.1785944,99,41,24,22,28,3.630237579345703,61.0,61.5,8.505
1765485091.3798482,99,26,21,24,41,3.629993438720703,61.0,61.5,8.24
1765485091.5824347,99,26,21,24,41,3.629993438720703,61.0,61.5,8.24
1765485091.7836583,0,28,21,28,17,3.6306228637695312,60.5,61.0,5.015
1765485091.9847367,0,28,21,28,17,3.6306228637695312,60.5,61.0,5.015
1765485092.1865454,0,28,21,28,17,3.6306228637695312,60.5,61.0,5.015
1765485092.3888416,99,50,30,41,30,3.6311264038085938,61.5,62.0,8.24
1765485092.5902,99,50,30,41,30,3.6311264038085938,61.5,62.0,8.24
1765485092.7914424,99,38,27,35,36,3.632946014404297,61.0,62.0,8.399
1765485092.9930942,99,38,27,35,36,3.632946014404297,61.0,62.0,8.399
1765485093.1961083,99,38,27,35,36,3.632946014404297,61.0,62.0,8.399
1765485093.397311,99,28,17,22,21,3.6316452026367188,61.0,61.5,7.894
1765485093.5990722,99,28,17,22,21,3.6316452026367188,61.0,61.5,7.894
1765485093.8004973,99,42,56,33,32,3.6319198608398438,61.0,61.5,7.894
1765485094.0019002,99,42,56,33,32,3.6319198608398438,61.0,61.5,7.894
1765485094.2028844,99,42,56,33,32,3.6319198608398438,61.0,61.5,7.894
1765485094.403918,0,33,21,22,28,3.6318283081054688,60.5,61.5,5.056
1765485094.6051733,0,33,21,22,28,3.6318283081054688,60.5,61.5,5.056
1765485094.8177886,99,45,28,24,22,3.6336708068847656,61.0,61.5,8.65
1765485095.0187237,99,45,28,24,22,3.6336708068847656,61.0,61.5,8.65
1765485095.219792,99,45,28,24,22,3.6336708068847656,61.0,61.5,8.65
1765485095.420834,99,54,25,26,30,3.632648468017578,61.0,62.0,7.775
1765485095.6226254,99,54,25,26,30,3.632648468017578,61.0,62.0,7.775
1765485095.8241637,99,26,21,17,20,3.634552001953125,61.0,61.5,7.44
1765485096.0254083,99,26,21,17,20,3.634552001953125,61.0,61.5,7.44
1765485096.226471,99,26,21,17,20,3.634552001953125,61.0,61.5,7.44
1765485096.4289236,99,41,40,34,35,3.6345901489257812,61.0,61.5,8.544
1765485096.630219,99,41,40,34,35,3.6345901489257812,61.0,61.5,8.544
1765485096.831403,99,35,30,22,24,3.63470458984375,61.0,62.5,7.814
1765485097.0324576,99,35,30,22,24,3.63470458984375,61.0,62.5,7.814
1765485097.2342095,99,35,30,22,24,3.63470458984375,61.0,62.5,7.814
1765485097.4368687,99,28,32,27,36,3.6353607177734375,61.0,61.5,8.041
1765485097.6386366,99,28,32,27,36,3.6353607177734375,61.0,61.5,8.041
1765485097.8395934,99,28,32,27,36,3.6353607177734375,61.0,61.5,8.041
1765485098.0419214,99,38,31,39,59,3.635547637939453,61.0,62.0,8.61
1765485098.2437954,99,38,31,39,59,3.635547637939453,61.0,62.0,8.61
1765485098.4458811,13,26,26,34,14,3.63623046875,60.5,62.0,5.483
1765485098.6484096,13,26,26,34,14,3.63623046875,60.5,62.0,5.483
1765485098.8502436,13,26,26,34,14,3.63623046875,60.5,62.0,5.483
1765485099.051505,99,29,28,28,41,3.6361236572265625,61.5,61.5,8.16
1765485099.2527483,99,29,28,28,41,3.6361236572265625,61.5,61.5,8.16
1765485099.4542413,99,28,24,55,25,3.635784149169922,61.0,62.0,7.934
1765485099.6555266,99,28,24,55,25,3.635784149169922,61.0,62.0,7.934
1765485099.8569238,99,28,24,55,25,3.635784149169922,61.0,62.0,7.934
1765485100.058249,99,28,26,16,24,3.636035919189453,61.0,61.5,8.28
1765485100.259301,99,28,26,16,24,3.636035919189453,61.0,61.5,8.28
1765485100.4603822,99,46,28,24,22,3.6369094848632812,61.0,62.5,8.465
1765485100.662561,99,46,28,24,22,3.6369094848632812,61.0,62.5,8.465
1765485100.8637593,99,46,28,24,22,3.6369094848632812,61.0,62.5,8.465
1765485101.0648746,0,20,23,24,28,3.6361923217773438,60.5,61.0,4.901
1765485101.266256,0,20,23,24,28,3.6361923217773438,60.5,61.0,4.901
1765485101.4685988,99,50,30,30,28,3.6367530822753906,61.5,62.0,8.2
1765485101.6698735,99,50,30,30,28,3.6367530822753906,61.5,62.0,8.2
1765485101.871147,99,50,30,30,28,3.6367530822753906,61.5,62.0,8.2
1765485102.072885,99,46,47,34,41,3.637561798095703,61.0,62.5,8.953
1765485102.2745664,99,46,47,34,41,3.637561798095703,61.0,62.5,8.953
1765485102.4756029,99,22,20,14,18,3.637248992919922,61.0,62.0,7.12
1765485102.6767092,99,22,20,14,18,3.637248992919922,61.0,62.0,7.12
1765485102.877978,99,22,20,14,18,3.637248992919922,61.0,62.0,7.12
1765485103.079383,99,32,46,36,40,3.6373443603515625,61.5,62.0,8.054
1765485103.2803967,99,32,46,36,40,3.6373443603515625,61.5,62.0,8.054
1765485103.4814978,99,28,41,33,33,3.6376953125,61.0,62.5,7.547
1765485103.6844106,99,28,41,33,33,3.6376953125,61.0,62.5,7.547
1765485103.8859975,99,28,41,33,33,3.6376953125,61.0,62.5,7.547
1765485104.0872242,99,25,32,24,18,3.639087677001953,61.0,62.0,8.24
1765485104.288709,99,25,32,24,18,3.639087677001953,61.0,62.0,8.24
1765485104.4899507,99,50,18,30,25,3.6381683349609375,61.5,62.0,8.28
1765485104.6911,99,50,18,30,25,3.6381683349609375,61.5,62.0,8.28
1765485104.8920867,99,50,18,30,25,3.6381683349609375,61.5,62.0,8.28
1765485105.0932755,27,28,28,33,32,3.639404296875,60.5,62.0,5.765
1765485105.294334,27,28,28,33,32,3.639404296875,60.5,62.0,5.765
1765485105.4957964,99,50,23,32,30,3.6395797729492188,61.5,62.5,8.65
1765485105.699283,99,50,23,32,30,3.6395797729492188,61.5,62.5,8.65
1765485105.9009366,99,50,23,32,30,3.6395797729492188,61.5,62.5,8.65
1765485106.1019773,99,31,29,44,30,3.6405715942382812,61.5,62.5,8.544
1765485106.3036685,99,31,29,44,30,3.6405715942382812,61.5,62.5,8.544
1765485106.5053673,99,20,25,30,24,3.6401710510253906,61.5,61.5,7.894
1765485106.7063422,99,20,25,30,24,3.6401710510253906,61.5,61.5,7.894
1765485106.907831,99,20,25,30,24,3.6401710510253906,61.5,61.5,7.894
1765485107.1092842,99,45,34,31,47,3.640472412109375,61.5,62.5,8.12
1765485107.3102896,99,45,34,31,47,3.640472412109375,61.5,62.5,8.12
1765485107.5117543,99,45,34,31,47,3.640472412109375,61.5,62.5,8.12
1765485107.71296,23,28,22,30,30,3.6410369873046875,60.5,62.0,5.411
1765485107.9150684,23,28,22,30,30,3.6410369873046875,60.5,62.0,5.411
1765485108.1169434,99,29,18,32,37,3.6410675048828125,61.5,62.0,8.306
1765485108.3182166,99,29,18,32,37,3.6410675048828125,61.5,62.0,8.306
1765485108.5194566,99,29,18,32,37,3.6410675048828125,61.5,62.0,8.306
1765485108.7204907,99,38,50,31,30,3.6411094665527344,61.0,62.0,7.894
1765485108.9219356,99,38,50,31,30,3.6411094665527344,61.0,62.0,7.894
1765485109.1229386,99,23,12,27,23,3.642559051513672,61.5,62.0,7.36
1765485109.3248773,99,23,12,27,23,3.642559051513672,61.5,62.0,7.36
1765485109.5262604,99,23,12,27,23,3.642559051513672,61.5,62.0,7.36
1765485109.728257,99,32,33,38,42,3.6432838439941406,61.5,63.0,8.848
1765485109.9294312,99,32,33,38,42,3.6432838439941406,61.5,63.0,8.848
1765485110.1305523,99,36,20,28,28,3.6428260803222656,60.5,63.0,7.388
1765485110.3323317,99,36,20,28,28,3.6428260803222656,60.5,63.0,7.388
1765485110.5355415,99,36,20,28,28,3.6428260803222656,60.5,63.0,7.388
1765485110.7368946,99,26,20,26,34,3.6430015563964844,61.5,61.5,7.707
1765485110.9381893,99,26,20,26,34,3.6430015563964844,61.5,61.5,7.707
1765485111.1393535,99,31,39,55,35,3.643756866455078,61.5,62.5,8.953
1765485111.3418238,99,31,39,55,35,3.643756866455078,61.5,62.5,8.953
1765485111.5431752,99,31,39,55,35,3.643756866455078,61.5,62.5,8.953
1765485111.7445917,41,24,26,20,20,3.6446075439453125,60.5,61.5,6.078
1765485111.946473,41,24,26,20,20,3.6446075439453125,60.5,61.5,6.078
1765485112.1487088,99,41,23,48,26,3.6441192626953125,61.0,62.0,7.974
1765485112.350027,99,41,23,48,26,3.6441192626953125,61.0,62.0,7.974
1765485112.5512288,99,41,23,48,26,3.6441192626953125,61.0,62.0,7.974
1765485112.7531235,99,52,26,24,32,3.6442947387695312,61.0,62.5,7.934
1765485112.9552605,99,52,26,24,32,3.6442947387695312,61.0,62.5,7.934
1765485113.1569347,99,28,37,23,19,3.645435333251953,61.5,62.0,8.808
1765485113.3584616,99,28,37,23,19,3.645435333251953,61.5,62.0,8.808
1765485113.5601118,99,28,37,23,19,3.645435333251953,61.5,62.0,8.808
1765485113.761288,99,44,26,20,24,3.6447830200195312,61.5,62.0,7.894
1765485113.964233,99,44,26,20,24,3.6447830200195312,61.5,62.0,7.894
1765485114.1661215,99,26,24,25,23,3.644886016845703,61.0,61.5,5.136
1765485114.3671684,99,26,24,25,23,3.644886016845703,61.0,61.5,5.136
1765485114.5686038,99,26,24,25,23,3.644886016845703,61.0,61.5,5.136
1765485114.7705019,99,32,20,50,29,3.645214080810547,61.5,62.0,8.399
1765485114.9716194,99,32,20,50,29,3.645214080810547,61.5,62.0,8.399
1765485115.1727493,99,36,32,26,48,3.6465415954589844,61.5,62.5,8.584
1765485115.374877,99,36,32,26,48,3.6465415954589844,61.5,62.5,8.584
1765485115.5781941,99,36,32,26,48,3.6465415954589844,61.5,62.5,8.584
1765485115.779466,99,26,21,24,23,3.6455917358398438,61.5,62.0,7.587
1765485115.9808545,99,26,21,24,23,3.6455917358398438,61.5,62.0,7.587
1765485116.1821814,99,38,32,38,52,3.6465187072753906,62.0,61.5,8.16
1765485116.3844278,99,38,32,38,52,3.6465187072753906,62.0,61.5,8.16
1765485116.5857656,99,38,32,38,52,3.6465187072753906,62.0,61.5,8.16
1765485116.7868385,60,30,20,30,28,3.646434783935547,60.5,61.5,5.136
1765485116.9879224,60,30,20,30,28,3.646434783935547,60.5,61.5,5.136
1765485117.189027,99,24,22,44,16,3.647510528564453,62.0,62.5,8.61
1765485117.3912637,99,24,22,44,16,3.647510528564453,62.0,62.5,8.61
1765485117.5925388,99,24,22,44,16,3.647510528564453,62.0,62.5,8.61
1765485117.7942734,99,31,30,25,48,3.6468772888183594,61.5,62.0,8.014
1765485117.9955342,99,31,30,25,48,3.6468772888183594,61.5,62.0,8.014
1765485118.196761,99,34,20,22,19,3.6475143432617188,62.0,62.0,7.735
1765485118.3994977,99,34,20,22,19,3.6475143432617188,62.0,62.0,7.735
1765485118.6086907,99,34,20,22,19,3.6475143432617188,62.0,62.0,7.735
1765485118.810544,99,54,29,22,38,3.6482505798339844,62.0,62.5,8.689
1765485119.0128524,99,54,29,22,38,3.6482505798339844,62.0,62.5,8.689
1765485119.2142847,99,54,29,22,38,3.6482505798339844,62.0,62.5,8.689
1765485119.4153688,0,27,25,17,16,3.6474037170410156,60.5,62.0,5.056
1765485119.6168857,0,27,25,17,16,3.6474037170410156,60.5,62.0,5.056
1765485119.8200023,99,36,36,35,44,3.6485214233398438,62.0,62.5,8.306
1765485120.021582,99,36,36,35,44,3.6485214233398438,62.0,62.5,8.306
1765485120.2227874,99,36,36,35,44,3.6485214233398438,62.0,62.5,8.306
1765485120.4244883,99,37,40,36,55,3.650279998779297,61.5,62.0,8.041
1765485120.6258976,99,37,40,36,55,3.650279998779297,61.5,62.0,8.041
1765485120.826888,99,16,28,27,18,3.6509666442871094,62.0,62.5,8.505
1765485121.028085,99,16,28,27,18,3.6509666442871094,62.0,62.5,8.505
1765485121.2293675,99,16,28,27,18,3.6509666442871094,62.0,62.5,8.505
1765485121.4304988,99,52,23,32,20,3.650463104248047,61.5,62.0,7.894
1765485121.6315494,99,52,23,32,20,3.650463104248047,61.5,62.0,7.894
1765485121.8325336,0,32,20,24,26,3.650768280029297,61.0,61.5,4.861
1765485122.0335577,0,32,20,24,26,3.650768280029297,61.0,61.5,4.861
1765485122.2360182,0,32,20,24,26,3.650768280029297,61.0,61.5,4.861
1765485122.4381192,99,29,45,29,34,3.651233673095703,62.0,62.5,8.703
1765485122.639928,99,29,45,29,34,3.651233673095703,62.0,62.5,8.703
1765485122.8411894,99,22,49,20,37,3.6521987915039062,61.5,62.0,8.346
1765485123.0433865,99,22,49,20,37,3.6521987915039062,61.5,62.0,8.346
1765485123.2449787,99,22,49,20,37,3.6521987915039062,61.5,62.0,8.346
1765485123.446417,99,28,22,16,21,3.6515769958496094,61.5,62.0,7.4
1765485123.6474404,99,28,22,16,21,3.6515769958496094,61.5,62.0,7.4
1765485123.8495357,99,38,38,32,46,3.652179718017578,61.5,62.0,8.24
1765485124.052645,99,38,38,32,46,3.652179718017578,61.5,62.0,8.24
1765485124.2543979,99,38,38,32,46,3.652179718017578,61.5,62.0,8.24
1765485124.4558523,99,46,22,31,29,3.6531715393066406,61.5,63.5,7.507
1765485124.6573331,99,46,22,31,29,3.6531715393066406,61.5,63.5,7.507
1765485124.85835,99,23,19,25,32,3.6528854370117188,61.5,62.0,7.961
1765485125.0593772,99,23,19,25,32,3.6528854370117188,61.5,62.0,7.961
1765485125.2604606,99,23,19,25,32,3.6528854370117188,61.5,62.0,7.961
1765485125.4622774,99,32,32,25,53,3.6532859802246094,61.5,62.0,7.655
1765485125.6638372,99,32,32,25,53,3.6532859802246094,61.5,62.0,7.655
1765485125.8651154,99,28,32,29,16,3.6545143127441406,61.5,62.0,7.2
1765485126.0666456,99,28,32,29,16,3.6545143127441406,61.5,62.0,7.2
1765485126.2679753,99,28,32,29,16,3.6545143127441406,61.5,62.0,7.2
1765485126.4700234,99,26,34,29,48,3.655651092529297,62.0,62.5,8.465
1765485126.672516,99,26,34,29,48,3.655651092529297,62.0,62.5,8.465
1765485126.8743372,99,32,20,30,34,3.6547889709472656,61.0,62.5,7.695
1765485127.0755239,99,32,20,30,34,3.6547889709472656,61.0,62.5,7.695
1765485127.2775393,99,32,20,30,34,3.6547889709472656,61.0,62.5,7.695
1765485127.4791389,99,18,39,28,29,3.6553077697753906,62.0,62.0,7.814
1765485127.6818643,99,18,39,28,29,3.6553077697753906,62.0,62.0,7.814
1765485127.8830712,99,18,39,28,29,3.6553077697753906,62.0,62.0,7.814
1765485128.0853097,99,48,46,36,40,3.655536651611328,61.5,62.5,9.072
1765485128.2884421,99,48,46,36,40,3.655536651611328,61.5,62.5,9.072
1765485128.4962227,0,16,19,19,23,3.6561965942382812,61.0,62.5,5.532
1765485128.6982925,0,16,19,19,23,3.6561965942382812,61.0,62.5,5.532
1765485128.8994977,0,16,19,19,23,3.6561965942382812,61.0,62.5,5.532
1765485129.1007524,99,42,32,25,42,3.65594482421875,62.0,62.5,8.2
1765485129.303116,99,42,32,25,42,3.65594482421875,62.0,62.5,8.2
1765485129.5049253,99,38,25,51,41,3.6564788818359375,61.5,63.0,7.854
1765485129.7070522,99,38,25,51,41,3.6564788818359375,61.5,63.0,7.854
1765485129.908537,99,38,25,51,41,3.6564788818359375,61.5,63.0,7.854
1765485130.1145523,99,23,26,27,24,3.6572914123535156,62.0,62.5,8.953
1765485130.3163352,99,23,26,27,24,3.6572914123535156,62.0,62.5,8.953
1765485130.5175955,99,50,27,20,20,3.6574974060058594,62.0,62.5,8.014
1765485130.7195787,99,50,27,20,20,3.6574974060058594,62.0,62.5,8.014
1765485130.9207294,99,50,27,20,20,3.6574974060058594,62.0,62.5,8.014
1765485131.1219497,0,34,22,30,24,3.6571578979492188,60.5,62.0,4.934
1765485131.3230796,0,34,22,30,24,3.6571578979492188,60.5,62.0,4.934
1765485131.5274959,99,33,29,24,50,3.657703399658203,62.0,62.5,8.385
1765485131.728751,99,33,29,24,50,3.657703399658203,62.0,62.5,8.385
1765485131.930048,99,33,29,24,50,3.657703399658203,62.0,62.5,8.385
1765485132.1318758,99,39,32,28,50,3.6589508056640625,62.0,63.5,9.032
1765485132.3348947,99,39,32,28,50,3.6589508056640625,62.0,63.5,9.032
1765485132.5361238,99,28,14,23,20,3.6580543518066406,61.5,62.0,7.051
1765485132.737264,99,28,14,23,20,3.6580543518066406,61.5,62.0,7.051
1765485132.9383142,99,28,14,23,20,3.6580543518066406,61.5,62.0,7.051
1765485133.1399248,99,49,32,28,40,3.6587066650390625,61.5,62.5,7.854
1765485133.3410053,99,49,32,28,40,3.6587066650390625,61.5,62.5,7.854
1765485133.5422258,99,39,34,50,39,3.6587562561035156,61.5,63.0,8.465
1765485133.7440352,99,39,34,50,39,3.6587562561035156,61.5,63.0,8.465
1765485133.9452999,99,39,34,50,39,3.6587562561035156,61.5,63.0,8.465
1765485134.1461854,99,18,10,31,12,3.6591529846191406,61.5,62.5,8.624
1765485134.347187,99,18,10,31,12,3.6591529846191406,61.5,62.5,8.624
1765485134.5487792,99,32,35,20,47,3.659107208251953,62.0,62.5,7.934
1765485134.7501762,99,32,35,20,47,3.659107208251953,62.0,62.5,7.934
1765485134.9511323,99,32,35,20,47,3.659107208251953,62.0,62.5,7.934
1765485135.1521943,9,28,28,32,29,3.6592559814453125,61.0,62.5,5.644
1765485135.353781,9,28,28,32,29,3.6592559814453125,61.0,62.5,5.644
1765485135.5549285,99,32,15,51,32,3.660053253173828,62.0,63.0,9.215
1765485135.7584476,99,32,15,51,32,3.660053253173828,62.0,63.0,9.215
1765485135.959826,99,32,15,51,32,3.660053253173828,62.0,63.0,9.215
1765485136.1609287,99,26,26,30,38,3.6600685119628906,61.5,62.5,8.12
1765485136.3637836,99,26,26,30,38,3.6600685119628906,61.5,62.5,8.12
1765485136.565273,99,27,24,28,19,3.6598129272460938,62.0,62.5,7.627
1765485136.7677114,99,27,24,28,19,3.6598129272460938,62.0,62.5,7.627
1765485136.968704,99,27,24,28,19,3.6598129272460938,62.0,62.5,7.627
1765485137.1709797,99,34,36,54,38,3.6604537963867188,62.0,63.0,8.346
1765485137.373113,99,34,36,54,38,3.6604537963867188,62.0,63.0,8.346
1765485137.5744002,99,34,36,54,38,3.6604537963867188,62.0,63.0,8.346
1765485137.7756019,54,27,30,24,28,3.661426544189453,60.5,63.0,6.068
1765485137.9769547,54,27,30,24,28,3.661426544189453,60.5,63.0,6.068
1765485138.178177,99,42,25,22,21,3.6607742309570312,62.0,62.5,8.24
1765485138.3794656,99,42,25,22,21,3.6607742309570312,62.0,62.5,8.24
1765485138.5806246,99,42,25,22,21,3.6607742309570312,62.0,62.5,8.24
1765485138.7829945,99,53,40,26,33,3.661365509033203,62.0,62.5,8.227
1765485138.9841425,99,53,40,26,33,3.661365509033203,62.0,62.5,8.227
1765485139.1853235,99,20,16,19,22,3.6614723205566406,61.5,62.0,6.58
1765485139.3864279,99,20,16,19,22,3.6614723205566406,61.5,62.0,6.58
1765485139.5873625,99,20,16,19,22,3.6614723205566406,61.5,62.0,6.58
1765485139.7887905,99,35,26,25,47,3.6627235412597656,62.0,63.0,8.359
1765485139.9898288,99,35,26,25,47,3.6627235412597656,62.0,63.0,8.359
1765485140.1909006,99,36,35,20,27,3.6620712280273438,61.5,63.0,8.16
1765485140.3925521,99,36,35,20,27,3.6620712280273438,61.5,63.0,8.16
1765485140.5957725,99,36,35,20,27,3.6620712280273438,61.5,63.0,8.16
1765485140.7969208,99,25,24,29,20,3.662487030029297,62.0,62.5,8.2
1765485140.99821,99,25,24,29,20,3.662487030029297,62.0,62.5,8.2
1765485141.1999521,99,28,38,56,30,3.6625900268554688,62.5,63.0,8.913
1765485141.4036927,99,28,38,56,30,3.6625900268554688,62.5,63.0,8.913
1765485141.6049013,99,28,38,56,30,3.6625900268554688,62.5,63.0,8.913
1765485141.8063493,20,24,18,19,23,3.6626930236816406,61.0,62.5,5.532
1765485142.0075061,20,24,18,19,23,3.6626930236816406,61.0,62.5,5.532
1765485142.2086577,99,32,50,35,33,3.6630516052246094,62.0,62.5,8.346
1765485142.4096484,99,32,50,35,33,3.6630516052246094,62.0,62.5,8.346
1765485142.6107008,99,32,50,35,33,3.6630516052246094,62.0,62.5,8.346
1765485142.811738,99,38,36,48,33,3.663555145263672,62.0,63.5,8.2
1765485143.0139892,99,38,36,48,33,3.663555145263672,62.0,63.5,8.2
1765485143.2152386,99,24,26,18,21,3.6644668579101562,62.0,63.0,8.24
1765485143.416369,99,24,26,18,21,3.6644668579101562,62.0,63.0,8.24
1765485143.6181822,99,24,26,18,21,3.6644668579101562,62.0,63.0,8.24
1765485143.8194206,99,30,36,37,24,3.663837432861328,61.5,62.5,8.2
1765485144.0215547,99,30,36,37,24,3.663837432861328,61.5,62.5,8.2
1765485144.223023,40,30,26,32,31,3.664459228515625,60.5,62.5,5.765
1765485144.4247153,40,30,26,32,31,3.664459228515625,60.5,62.5,5.765
1765485144.6265085,40,30,26,32,31,3.664459228515625,60.5,62.5,5.765
1765485144.8285315,99,22,42,20,18,3.6649017333984375,62.0,62.5,8.385
1765485145.029886,99,22,42,20,18,3.6649017333984375,62.0,62.5,8.385
1765485145.230983,99,30,20,48,26,3.666484832763672,62.0,63.0,8.769
1765485145.4324021,99,30,20,48,26,3.666484832763672,62.0,63.0,8.769
1765485145.6354628,99,30,20,48,26,3.666484832763672,62.0,63.0,8.769
1765485145.836992,73,20,24,19,22,3.6651382446289062,62.0,62.0,6.199
1765485146.0381615,73,20,24,19,22,3.6651382446289062,62.0,62.0,6.199
1765485146.2393088,73,20,24,19,22,3.6651382446289062,62.0,62.0,6.199
1765485146.4424872,99,40,43,41,44,3.665821075439453,62.0,62.5,7.695
1765485146.6440194,99,40,43,41,44,3.665821075439453,62.0,62.5,7.695
1765485146.8450882,99,38,38,40,30,3.666454315185547,61.5,63.5,8.24
1765485147.0465674,99,38,38,40,30,3.666454315185547,61.5,63.5,8.24
1765485147.2477758,99,38,38,40,30,3.666454315185547,61.5,63.5,8.24
1765485147.4488745,99,34,24,16,17,3.665996551513672,62.0,62.5,8.12
1765485147.6504474,99,34,24,16,17,3.665996551513672,62.0,62.5,8.12
1765485147.851885,99,37,30,48,26,3.665966033935547,62.0,62.5,8.28
1765485148.0530503,99,37,30,48,26,3.665966033935547,62.0,62.5,8.28
1765485148.2540936,99,37,30,48,26,3.665966033935547,62.0,62.5,8.28
1765485148.4554548,26,27,23,28,19,3.666973114013672,61.0,62.5,5.492
1765485148.6565945,26,27,23,28,19,3.666973114013672,61.0,62.5,5.492
1765485148.8580246,99,28,30,44,26,3.6678695678710938,62.5,63.0,9.032
1765485149.0589612,99,28,30,44,26,3.6678695678710938,62.5,63.0,9.032
1765485149.2601428,99,28,30,44,26,3.6678695678710938,62.5,63.0,9.032
1765485149.461427,99,50,31,25,26,3.6671829223632812,62.0,63.0,8.2
1765485149.663583,99,50,31,25,26,3.6671829223632812,62.0,63.0,8.2
1765485149.8647377,99,27,22,18,22,3.6666221618652344,62.0,62.5,7.388
1765485150.0658984,99,27,22,18,22,3.6666221618652344,62.0,62.5,7.388
1765485150.2671602,99,27,22,18,22,3.6666221618652344,62.0,62.5,7.388
1765485150.4686713,99,35,34,51,31,3.6672134399414062,62.0,62.5,8.014
1765485150.6714044,99,35,34,51,31,3.6672134399414062,62.0,62.5,8.014
1765485150.8727915,99,34,25,29,19,3.6682777404785156,61.0,64.0,6.58
1765485151.0740304,99,34,25,29,19,3.6682777404785156,61.0,64.0,6.58
1765485151.2761033,99,34,25,29,19,3.6682777404785156,61.0,64.0,6.58
1765485151.4773805,99,36,35,29,30,3.6677894592285156,62.5,63.0,8.12
1765485151.6785405,99,36,35,29,30,3.6677894592285156,62.5,63.0,8.12
1765485151.8799067,99,49,32,35,27,3.668315887451172,62.5,63.0,8.2
1765485152.0822444,99,49,32,35,27,3.668315887451172,62.5,63.0,8.2
1765485152.2842731,99,49,32,35,27,3.668315887451172,62.5,63.0,8.2
1765485152.485532,99,19,25,22,25,3.6694107055664062,62.0,63.0,7.4
1765485152.6868982,99,19,25,22,25,3.6694107055664062,62.0,63.0,7.4
1765485152.8880517,99,45,28,14,32,3.6685829162597656,62.0,62.5,7.707
1765485153.0899682,99,45,28,14,32,3.6685829162597656,62.0,62.5,7.707
1765485153.2924821,99,45,28,14,32,3.6685829162597656,62.0,62.5,7.707
1765485153.493879,99,44,29,35,21,3.6688194274902344,62.0,63.0,8.041
1765485153.6951785,99,44,29,35,21,3.6688194274902344,62.0,63.0,8.041
1765485153.8965218,99,25,23,30,29,3.669757843017578,62.0,62.5,8.28
1765485154.0977495,99,25,23,30,29,3.669757843017578,62.0,62.5,8.28
1765485154.298857,99,25,23,30,29,3.669757843017578,62.0,62.5,8.28
1765485154.500148,99,27,24,24,52,3.670703887939453,62.5,63.5,9.072
1765485154.7023733,99,27,24,24,52,3.670703887939453,62.5,63.5,9.072
1765485154.9033573,45,21,20,23,10,3.670440673828125,61.5,62.0,5.492
1765485155.1045103,45,21,20,23,10,3.670440673828125,61.5,62.0,5.492
1765485155.306536,45,21,20,23,10,3.670440673828125,61.5,62.0,5.492
1765485155.5088105,99,52,42,32,32,3.670318603515625,62.5,63.0,8.385
1765485155.7100554,99,52,42,32,32,3.670318603515625,62.5,63.0,8.385
1765485155.9111822,99,52,42,32,32,3.670318603515625,62.5,63.0,8.385
1765485156.1128213,99,58,34,32,31,3.6707191467285156,62.5,63.0,8.24
1765485156.315855,99,58,34,32,31,3.6707191467285156,62.5,63.0,8.24
1765485156.517151,99,24,17,14,20,3.671783447265625,62.0,63.0,8.425
1765485156.7182865,99,24,17,14,20,3.671783447265625,62.0,63.0,8.425
1765485156.9200275,99,24,17,14,20,3.671783447265625,62.0,63.0,8.425
1765485157.1217186,99,27,24,44,28,3.670452117919922,62.0,62.0,7.707
1765485157.322839,99,27,24,44,28,3.670452117919922,62.0,62.0,7.707
1765485157.523928,39,33,26,39,28,3.6712646484375,61.0,62.5,5.644
1765485157.7251093,39,33,26,39,28,3.6712646484375,61.0,62.5,5.644
1765485157.9263144,39,33,26,39,28,3.6712646484375,61.0,62.5,5.644
1765485158.1292195,99,48,26,28,26,3.6720199584960938,62.5,63.0,9.072
1765485158.33638,99,48,26,28,26,3.6720199584960938,62.5,63.0,9.072
1765485158.5373132,99,26,10,28,41,3.671875,62.5,62.5,8.041
1765485158.7399507,99,26,10,28,41,3.671875,62.5,62.5,8.041
1765485158.9434633,99,26,10,28,41,3.671875,62.5,62.5,8.041
1765485159.144932,99,28,20,20,16,3.672199249267578,61.5,62.5,6.269
1765485159.3458724,99,28,20,20,16,3.672199249267578,61.5,62.5,6.269
1765485159.5475452,99,32,61,30,37,3.672435760498047,62.0,63.0,8.054
1765485159.7502427,99,32,61,30,37,3.672435760498047,62.0,63.0,8.054
1765485159.9516604,99,32,61,30,37,3.672435760498047,62.0,63.0,8.054
1765485160.1530042,99,35,27,36,39,3.673175811767578,62.0,63.5,8.465
1765485160.3563807,99,35,27,36,39,3.673175811767578,62.0,63.5,8.465
1765485160.55809,99,31,23,23,18,3.673023223876953,62.0,62.5,8.081
1765485160.7594826,99,31,23,23,18,3.673023223876953,62.0,62.5,8.081
1765485160.9615529,99,31,23,23,18,3.673023223876953,62.0,62.5,8.081
1765485161.1638021,99,35,36,54,30,3.6737327575683594,62.0,62.5,8.2
1765485161.3650234,99,35,36,54,30,3.6737327575683594,62.0,62.5,8.2
1765485161.5667887,24,28,28,32,26,3.6739540100097656,61.5,62.5,5.765
1765485161.768192,24,28,28,32,26,3.6739540100097656,61.5,62.5,5.765
1765485161.9704802,24,28,28,32,26,3.6739540100097656,61.5,62.5,5.765
1765485162.1720016,99,36,25,32,27,3.6746368408203125,62.5,63.0,9.072
1765485162.3731391,99,36,25,32,27,3.6746368408203125,62.5,63.0,9.072
1765485162.5743847,99,27,28,44,22,3.673969268798828,62.0,62.5,7.894
1765485162.775682,99,27,28,44,22,3.673969268798828,62.0,62.5,7.894
1765485162.9775538,99,27,28,44,22,3.673969268798828,62.0,62.5,7.894
1765485163.1788213,99,31,25,22,22,3.6748085021972656,62.5,62.5,7.667
1765485163.3799267,99,31,25,22,22,3.6748085021972656,62.5,62.5,7.667
1765485163.580912,99,34,28,43,28,3.6748619079589844,63.0,63.0,8.505
1765485163.7830396,99,34,28,43,28,3.6748619079589844,63.0,63.0,8.505
1765485163.9841661,99,34,28,43,28,3.6748619079589844,63.0,63.0,8.505
1765485164.1861863,99,26,36,30,22,3.6756629943847656,61.5,63.5,7.36
1765485164.3876612,99,26,36,30,22,3.6756629943847656,61.5,63.5,7.36
1765485164.589533,99,26,36,30,22,3.6756629943847656,61.5,63.5,7.36
1765485164.7906182,99,44,30,22,28,3.6756744384765625,62.5,62.5,7.747
1765485164.9917257,99,44,30,22,28,3.6756744384765625,62.5,62.5,7.747
1765485165.1931927,99,35,43,58,28,3.676311492919922,62.5,63.0,9.032
1765485165.3946764,99,35,43,58,28,3.676311492919922,62.5,63.0,9.032
1765485165.5955963,99,35,43,58,28,3.676311492919922,62.5,63.0,9.032
1765485165.7965562,99,26,26,20,26,3.6764602661132812,62.0,62.5,6.199
1765485165.997469,99,26,26,20,26,3.6764602661132812,62.0,62.5,6.199
1765485166.1984875,99,21,28,26,50,3.676239013671875,62.5,62.5,7.974
1765485166.4000852,99,21,28,26,50,3.676239013671875,62.5,62.5,7.974
1765485166.6013238,99,21,28,26,50,3.676239013671875,62.5,62.5,7.974
1765485166.803023,99,29,50,30,27,3.676502227783203,62.0,63.5,8.306
1765485167.0044582,99,29,50,30,27,3.676502227783203,62.0,63.5,8.306
1765485167.206407,99,36,24,18,20,3.6768455505371094,62.5,62.5,8.359
1765485167.407727,99,36,24,18,20,3.6768455505371094,62.5,62.5,8.359
1765485167.6091504,99,36,24,18,20,3.6768455505371094,62.5,62.5,8.359
1765485167.8106833,99,28,26,43,20,3.6779632568359375,62.0,63.5,8.584
1765485168.0127168,99,28,26,43,20,3.6779632568359375,62.0,63.5,8.584
1765485168.2138653,32,26,18,29,19,3.6773338317871094,61.5,62.5,5.015
1765485168.4150076,32,26,18,29,19,3.6773338317871094,61.5,62.5,5.015
1765485168.6165159,32,26,18,29,19,3.6773338317871094,61.5,62.5,5.015
1765485168.8184762,99,37,27,36,52,3.6778182983398438,62.5,63.0,8.28
1765485169.0198529,99,37,27,36,52,3.6778182983398438,62.5,63.0,8.28
1765485169.2210977,99,42,41,34,32,3.679119110107422,62.0,63.5,8.544
1765485169.422871,99,42,41,34,32,3.679119110107422,62.0,63.5,8.544
1765485169.626417,99,42,41,34,32,3.679119110107422,62.0,63.5,8.544
1765485169.827751,99,21,21,17,20,3.6783180236816406,62.5,62.5,7.974
1765485170.0288434,99,21,21,17,20,3.6783180236816406,62.5,62.5,7.974
1765485170.2301195,99,33,33,32,52,3.6786270141601562,62.5,62.5,7.735
1765485170.4312658,99,33,33,32,52,3.6786270141601562,62.5,62.5,7.735
1765485170.6322,99,33,33,32,52,3.6786270141601562,62.5,62.5,7.735
1765485170.8333585,86,25,30,37,24,3.6785545349121094,61.5,62.5,5.371
1765485171.0346594,86,25,30,37,24,3.6785545349121094,61.5,62.5,5.371
1765485171.2357635,99,29,26,47,28,3.6801376342773438,62.5,63.0,9.072
1765485171.437491,99,29,26,47,28,3.6801376342773438,62.5,63.0,9.072
1765485171.6390705,99,29,26,47,28,3.6801376342773438,62.5,63.0,9.072
1765485171.84023,99,21,22,33,42,3.6793289184570312,62.0,62.5,8.16
1765485172.0425873,99,21,22,33,42,3.6793289184570312,62.0,62.5,8.16
1765485172.2437906,99,21,22,33,42,3.6793289184570312,62.0,62.5,8.16
1765485172.4448166,99,26,26,14,18,3.679821014404297,62.0,62.5,7.28
1765485172.645904,99,26,26,14,18,3.679821014404297,62.0,62.5,7.28
1765485172.847769,99,34,28,48,34,3.679920196533203,62.5,63.0,7.707
1765485173.0501575,99,34,28,48,34,3.679920196533203,62.5,63.0,7.707
1765485173.2515976,99,34,28,48,34,3.679920196533203,62.5,63.0,7.707
1765485173.453278,99,33,24,45,28,3.681232452392578,62.0,63.5,8.425
1765485173.6552062,99,33,24,45,28,3.681232452392578,62.0,63.5,8.425
1765485173.8583167,99,28,23,25,36,3.6802330017089844,62.5,63.0,8.12
1765485174.06077,99,28,23,25,36,3.6802330017089844,62.5,63.0,8.12
1765485174.2668874,99,28,23,25,36,3.6802330017089844,62.5,63.0,8.12
1765485174.4703264,99,30,38,38,51,3.6806640625,62.0,63.0,8.16
1765485174.6724496,99,30,38,38,51,3.6806640625,62.0,63.0,8.16
1765485174.8737946,43,30,22,38,22,3.681049346923828,62.0,62.5,6.038
1765485175.0768304,43,30,22,38,22,3.681049346923828,62.0,62.5,6.038
1765485175.2783725,43,30,22,38,22,3.681049346923828,62.0,62.5,6.038
1765485175.4794912,99,27,22,39,25,3.6814498901367188,62.5,63.0,8.769
1765485175.6805577,99,27,22,39,25,3.6814498901367188,62.5,63.0,8.769
1765485175.8820775,99,34,36,45,28,3.6815567016601562,62.5,63.0,8.425
1765485176.0833638,99,34,36,45,28,3.6815567016601562,62.5,63.0,8.425
1765485176.286192,99,34,36,45,28,3.6815567016601562,62.5,63.0,8.425
1765485176.4874487,99,18,26,15,24,3.6822662353515625,62.0,62.5,7.507
1765485176.6887634,99,18,26,15,24,3.6822662353515625,62.0,62.5,7.507
1765485176.890215,99,31,34,53,31,3.6834793090820312,62.5,63.5,8.992
1765485177.0931087,99,31,34,53,31,3.6834793090820312,62.5,63.5,8.992
1765485177.295871,99,31,34,53,31,3.6834793090820312,62.5,63.5,8.992
1765485177.4969282,99,25,28,26,22,3.6829910278320312,62.0,64.0,7.04
1765485177.698428,99,25,28,26,22,3.6829910278320312,62.0,64.0,7.04
1765485177.899884,99,41,36,22,27,3.6832046508789062,63.0,63.0,8.16
1765485178.101738,99,41,36,22,27,3.6832046508789062,63.0,63.0,8.16
1765485178.3028882,99,41,36,22,27,3.6832046508789062,63.0,63.0,8.16
1765485178.5050592,99,48,36,44,34,3.6833229064941406,62.5,63.0,9.032
1765485178.7071614,99,48,36,44,34,3.6833229064941406,62.5,63.0,9.032
1765485178.9081502,73,21,18,32,15,3.683948516845703,62.5,63.0,6.239
1765485179.109374,73,21,18,32,15,3.683948516845703,62.5,63.0,6.239
1765485179.310294,73,21,18,32,15,3.683948516845703,62.5,63.0,6.239
1765485179.5115798,99,46,25,28,30,3.68414306640625,62.5,63.0,8.16
1765485179.7126396,99,46,25,28,30,3.68414306640625,62.5,63.0,8.16
1765485179.9139433,99,40,42,34,34,3.6839065551757812,62.5,63.0,8.054
1765485180.1157107,99,40,42,34,34,3.6839065551757812,62.5,63.0,8.054
1765485180.3170173,99,40,42,34,34,3.6839065551757812,62.5,63.0,8.054
1765485180.5180259,99,28,25,24,39,3.68414306640625,62.5,63.5,9.151
1765485180.7190144,99,28,25,24,39,3.68414306640625,62.5,63.5,9.151
1765485180.920201,99,44,19,24,24,3.6847801208496094,62.5,63.0,8.425
1765485181.1219618,99,44,19,24,24,3.6847801208496094,62.5,63.0,8.425
1765485181.3260608,99,44,19,24,24,3.6847801208496094,62.5,63.0,8.425
1765485181.527297,31,24,33,20,24,3.6852149963378906,61.5,63.0,5.169
1765485181.7282093,31,24,33,20,24,3.6852149963378906,61.5,63.0,5.169
1765485181.9292703,99,37,25,28,46,3.6853256225585938,63.0,63.0,8.319
1765485182.13206,99,37,25,28,46,3.6853256225585938,63.0,63.0,8.319
1765485182.3342772,99,37,25,28,46,3.6853256225585938,63.0,63.0,8.319
1765485182.5357323,99,33,36,45,40,3.6862449645996094,62.5,63.5,8.624
1765485182.7369936,99,33,36,45,40,3.6862449645996094,62.5,63.5,8.624
1765485182.9382386,99,28,28,16,21,3.689006805419922,62.5,63.0,8.2
1765485183.1412868,99,28,28,16,21,3.689006805419922,62.5,63.0,8.2
1765485183.3449295,99,28,28,16,21,3.689006805419922,62.5,63.0,8.2
1765485183.5476093,99,38,28,58,29,3.6889381408691406,62.5,63.0,8.544
1765485183.749079,99,38,28,58,29,3.6889381408691406,62.5,63.0,8.544
1765485183.9502382,22,26,23,24,26,3.689342498779297,62.0,63.0,5.532
1765485184.1513224,22,26,23,24,26,3.689342498779297,62.0,63.0,5.532
1765485184.3529878,22,26,23,24,26,3.689342498779297,62.0,63.0,5.532
1765485184.5541234,99,20,47,24,22,3.6905059814453125,62.5,64.0,8.873
1765485184.7549963,99,20,47,24,22,3.6905059814453125,62.5,64.0,8.873
1765485184.9561682,99,20,47,24,22,3.6905059814453125,62.5,64.0,8.873
1765485185.1574807,99,30,52,24,22,3.6896324157714844,62.0,63.0,8.24
1765485185.3593414,99,30,52,24,22,3.6896324157714844,62.0,63.0,8.24
1765485185.5604043,99,23,27,25,17,3.690105438232422,62.5,62.5,7.587
1765485185.7615185,99,23,27,25,17,3.690105438232422,62.5,62.5,7.587
1765485185.9626174,99,23,27,25,17,3.690105438232422,62.5,62.5,7.587
1765485186.1638381,99,44,32,32,44,3.690540313720703,62.5,63.0,8.24
1765485186.365168,99,44,32,32,44,3.690540313720703,62.5,63.0,8.24
1765485186.5667722,0,23,21,33,26,3.690876007080078,62.0,64.0,5.917
1765485186.7688026,0,23,21,33,26,3.690876007080078,62.0,64.0,5.917
1765485186.977024,0,23,21,33,26,3.690876007080078,62.0,64.0,5.917
1765485187.1790874,99,34,30,34,40,3.6906967163085938,63.0,63.0,8.319
1765485187.3806014,99,34,30,34,40,3.6906967163085938,63.0,63.0,8.319
1765485187.582111,99,32,53,45,32,3.690692901611328,63.0,63.0,8.505
1765485187.7839742,99,32,53,45,32,3.690692901611328,63.0,63.0,8.505
1765485187.985184,99,32,53,45,32,3.690692901611328,63.0,63.0,8.505
1765485188.1876943,57,28,18,24,23,3.6914443969726562,62.0,63.5,6.58
1765485188.389294,57,28,18,24,23,3.6914443969726562,62.0,63.5,6.58
1765485188.5905979,99,38,33,32,16,3.6906890869140625,63.0,63.0,8.28
1765485188.7919638,99,38,33,32,16,3.6906890869140625,63.0,63.0,8.28
1765485188.993196,99,38,33,32,16,3.6906890869140625,63.0,63.0,8.28
1765485189.1945503,99,36,54,24,40,3.6912269592285156,62.5,63.0,7.894
1765485189.3958008,99,36,54,24,40,3.6912269592285156,62.5,63.0,7.894
1765485189.5974867,99,29,23,27,19,3.6911544799804688,63.0,63.5,8.425
1765485189.7988522,99,29,23,27,19,3.6911544799804688,63.0,63.5,8.425
1765485190.000038,99,29,23,27,19,3.6911544799804688,63.0,63.5,8.425
1765485190.2018094,99,21,29,28,42,3.692852020263672,63.0,64.0,8.689
1765485190.4047353,99,21,29,28,42,3.692852020263672,63.0,64.0,8.689
1765485190.6065986,60,26,20,18,21,3.692333221435547,62.0,62.5,5.056
1765485190.8078454,60,26,20,18,21,3.692333221435547,62.0,62.5,5.056
1765485191.010063,60,26,20,18,21,3.692333221435547,62.0,62.5,5.056
1765485191.2116349,99,46,28,26,29,3.692638397216797,62.5,63.0,8.12
1765485191.4128604,99,46,28,26,29,3.692638397216797,62.5,63.0,8.12
1765485191.614131,99,38,44,48,38,3.6936798095703125,62.5,64.0,8.953
1765485191.8155277,99,38,44,48,38,3.6936798095703125,62.5,64.0,8.953
1765485192.0180516,99,38,44,48,38,3.6936798095703125,62.5,64.0,8.953
1765485192.2191918,99,26,18,23,14,3.6929550170898438,63.0,63.0,7.468
1765485192.4202604,99,26,18,23,14,3.6929550170898438,63.0,63.0,7.468
1765485192.6212032,99,29,52,35,32,3.6937522888183594,63.0,63.5,8.094
1765485192.8225453,99,29,52,35,32,3.6937522888183594,63.0,63.5,8.094
1765485193.0237215,99,29,52,35,32,3.6937522888183594,63.0,63.5,8.094
1765485193.2248776,99,34,28,42,32,3.6939620971679688,62.0,64.0,7.2
1765485193.426124,99,34,28,42,32,3.6939620971679688,62.0,64.0,7.2
1765485193.627352,99,34,28,42,32,3.6939620971679688,62.0,64.0,7.2
1765485193.8286328,99,25,25,20,32,3.694965362548828,63.0,63.5,8.928
1765485194.0300293,99,25,25,20,32,3.694965362548828,63.0,63.5,8.928
1765485194.231292,99,42,23,23,27,3.6945762634277344,62.5,63.0,8.24
1765485194.433013,99,42,23,23,27,3.6945762634277344,62.5,63.0,8.24
1765485194.6341007,99,42,23,23,27,3.6945762634277344,62.5,63.0,8.24
1765485194.8352566,83,29,27,22,22,3.6946868896484375,62.5,62.5,5.492
1765485195.0371132,83,29,27,22,22,3.6946868896484375,62.5,62.5,5.492
1765485195.2387483,99,28,42,30,47,3.6954879760742188,63.0,64.0,8.584
1765485195.4407573,99,28,42,30,47,3.6954879760742188,63.0,64.0,8.584
1765485195.6421535,99,28,42,30,47,3.6954879760742188,63.0,64.0,8.584
1765485195.8431547,99,31,28,35,30,3.6964340209960938,62.5,63.5,8.385
1765485196.044922,99,31,28,35,30,3.6964340209960938,62.5,63.5,8.385
1765485196.2464087,99,31,28,25,28,3.6957969665527344,62.5,63.5,8.319
1765485196.4478366,99,31,28,25,28,3.6957969665527344,62.5,63.5,8.319
1765485196.649435,99,31,28,25,28,3.6957969665527344,62.5,63.5,8.319
1765485196.8527324,99,46,44,34,40,3.6962127685546875,62.5,63.5,8.12
1765485197.054297,99,46,44,34,40,3.6962127685546875,62.5,63.5,8.12
1765485197.2556531,52,28,24,27,28,3.696910858154297,62.0,63.5,6.46
1765485197.4570775,52,28,24,27,28,3.696910858154297,62.0,63.5,6.46
1765485197.6594605,52,28,24,27,28,3.696910858154297,62.0,63.5,6.46
1765485197.8608522,99,26,43,19,24,3.6964950561523438,63.0,63.0,8.346
1765485198.0622468,99,26,43,19,24,3.6964950561523438,63.0,63.0,8.346
1765485198.2638595,99,25,57,26,27,3.696361541748047,62.5,63.0,8.12
1765485198.4652472,99,25,57,26,27,3.696361541748047,62.5,63.0,8.12
1765485198.6672454,99,25,57,26,27,3.696361541748047,62.5,63.0,8.12
1765485198.8687334,99,22,23,25,23,3.6966476440429688,62.5,63.0,7.171
1765485199.0706325,99,22,23,25,23,3.6966476440429688,62.5,63.0,7.171
1765485199.272308,99,25,42,40,27,3.6976699829101562,62.5,63.5,8.61
1765485199.4747088,99,25,42,40,27,3.6976699829101562,62.5,63.5,8.61
1765485199.6777525,99,25,42,40,27,3.6976699829101562,62.5,63.5,8.61
1765485199.879275,99,27,38,23,38,3.6962738037109375,62.5,63.5,8.014
1765485200.0811803,99,27,38,23,38,3.6962738037109375,62.5,63.5,8.014
1765485200.282764,99,26,25,28,22,3.697368621826172,63.0,63.0,8.28
1765485200.484556,99,26,25,28,22,3.697368621826172,63.0,63.0,8.28
1765485200.685862,99,26,25,28,22,3.697368621826172,63.0,63.0,8.28
1765485200.8894718,99,42,44,34,32,3.6975364685058594,62.5,63.0,8.081
1765485201.0920155,99,42,44,34,32,3.6975364685058594,62.5,63.0,8.081
1765485201.294612,12,25,25,30,20,3.6980667114257812,62.0,63.5,6.189
1765485201.4957106,12,25,25,30,20,3.6980667114257812,62.0,63.5,6.189
1765485201.698124,12,25,25,30,20,3.6980667114257812,62.0,63.5,6.189
1765485201.8992596,99,36,22,39,32,3.697765350341797,63.0,63.0,8.439
1765485202.10082,99,36,22,39,32,3.697765350341797,63.0,63.0,8.439
1765485202.3015864,99,23,52,24,36,3.6980361938476562,62.5,63.0,8.2
1765485202.5038698,99,23,52,24,36,3.6980361938476562,62.5,63.0,8.2
1765485202.7052317,99,23,52,24,36,3.6980361938476562,62.5,63.0,8.2
1765485202.9063897,99,25,29,30,24,3.6988143920898438,62.5,63.5,6.741
1765485203.1084168,99,25,29,30,24,3.6988143920898438,62.5,63.5,6.741
1765485203.3097186,99,25,29,30,24,3.6988143920898438,62.5,63.5,6.741
1765485203.5111954,99,29,24,25,49,3.6986083984375,63.0,63.5,8.689
1765485203.7124197,99,29,24,25,49,3.6986083984375,63.0,63.5,8.689
1765485203.9137316,99,29,36,38,28,3.6986618041992188,62.5,64.0,7.934
1765485204.133556,99,29,36,38,28,3.6986618041992188,62.5,64.0,7.934
1765485204.3345625,99,29,36,38,28,3.6986618041992188,62.5,64.0,7.934
1765485204.5357761,99,23,30,24,18,3.699138641357422,63.0,63.0,7.934
1765485204.7370493,99,23,30,24,18,3.699138641357422,63.0,63.0,7.934
1765485204.9384248,99,22,25,57,27,3.6994781494140625,63.0,63.5,8.61
1765485205.1400256,99,22,25,57,27,3.6994781494140625,63.0,63.5,8.61
1765485205.3410943,99,22,25,57,27,3.6994781494140625,63.0,63.5,8.61
1765485205.5423927,29,22,21,25,14,3.699066162109375,62.0,62.5,4.894
1765485205.7440565,29,22,21,25,14,3.699066162109375,62.0,62.5,4.894
1765485205.9453793,99,30,44,43,32,3.6994361877441406,63.0,63.0,8.2
1765485206.1463253,99,30,44,43,32,3.6994361877441406,63.0,63.0,8.2
1765485206.3474014,99,30,44,43,32,3.6994361877441406,63.0,63.0,8.2
1765485206.5490565,99,36,38,58,30,3.699748992919922,62.5,64.0,8.65
1765485206.7521098,99,36,38,58,30,3.699748992919922,62.5,64.0,8.65
1765485206.9534447,99,20,18,20,19,3.7002944946289062,63.0,63.5,7.627
1765485207.1545403,99,20,18,20,19,3.7002944946289062,63.0,63.5,7.627
1765485207.3567128,99,20,18,20,19,3.7002944946289062,63.0,63.5,7.627
1765485207.558157,99,32,45,27,34,3.7007789611816406,63.0,63.5,7.854
1765485207.759123,99,32,45,27,34,3.7007789611816406,63.0,63.5,7.854
1765485207.9602737,99,44,37,35,34,3.6981430053710938,62.5,64.0,8.16
1765485208.161345,99,44,37,35,34,3.6981430053710938,62.5,64.0,8.16
1765485208.3623703,99,44,37,35,34,3.6981430053710938,62.5,64.0,8.16
1765485208.5632553,99,31,31,24,23,3.6988983154296875,63.0,64.0,8.873
1765485208.7645812,99,31,31,24,23,3.6988983154296875,63.0,64.0,8.873
1765485208.9657052,99,44,25,30,18,3.6989402770996094,63.0,63.0,8.306
1765485209.1677039,99,44,25,30,18,3.6989402770996094,63.0,63.0,8.306
1765485209.3689816,99,44,25,30,18,3.6989402770996094,63.0,63.0,8.306
1765485209.5701334,31,29,26,24,16,3.6990432739257812,62.0,63.0,4.975
1765485209.7712932,31,29,26,24,16,3.6990432739257812,62.0,63.0,4.975
1765485209.9729273,99,30,25,35,50,3.6995925903320312,63.0,63.5,8.505
1765485210.1762545,99,30,25,35,50,3.6995925903320312,63.0,63.5,8.505
1765485210.37786,99,30,25,35,50,3.6995925903320312,63.0,63.5,8.505
1765485210.5789216,99,46,30,38,34,3.7007369995117188,63.0,64.0,8.729
1765485210.7808566,99,46,30,38,34,3.7007369995117188,63.0,64.0,8.729
1765485210.9828763,99,20,22,16,26,3.700145721435547,63.0,63.0,7.547
1765485211.186652,99,20,22,16,26,3.700145721435547,63.0,63.0,7.547
1765485211.3878713,99,20,22,16,26,3.700145721435547,63.0,63.0,7.547
1765485211.59009,99,36,32,36,50,3.7003326416015625,63.0,63.0,7.894
1765485211.791857,99,36,32,36,50,3.7003326416015625,63.0,63.0,7.894
1765485212.0018702,68,27,36,29,26,3.7007789611816406,62.0,64.5,6.189
1765485212.2036664,68,27,36,29,26,3.7007789611816406,62.0,64.5,6.189
1765485212.405438,68,27,36,29,26,3.7007789611816406,62.0,64.5,6.189
1765485212.6066604,99,24,22,35,19,3.7016067504882812,63.0,63.5,8.808
1765485212.8095105,99,24,22,35,19,3.7016067504882812,63.0,63.5,8.808
1765485213.011899,99,45,22,47,27,3.7009849548339844,63.0,63.5,8.346
1765485213.2131557,99,45,22,47,27,3.7009849548339844,63.0,63.5,8.346
1765485213.4152334,99,45,22,47,27,3.7009849548339844,63.0,63.5,8.346
1765485213.6170444,99,24,20,20,22,3.7015457153320312,62.0,63.0,5.685
1765485213.8279834,99,24,20,20,22,3.7015457153320312,62.0,63.0,5.685
1765485214.029272,99,27,27,47,29,3.7023963928222656,63.0,63.5,8.491
1765485214.2309968,99,27,27,47,29,3.7023963928222656,63.0,63.5,8.491
1765485214.4322371,99,27,27,47,29,3.7023963928222656,63.0,63.5,8.491
1765485214.633493,99,31,24,43,23,3.702789306640625,62.5,64.0,8.041
1765485214.835184,99,31,24,43,23,3.702789306640625,62.5,64.0,8.041
1765485215.037532,99,27,18,28,25,3.7025222778320312,63.0,63.5,8.319
1765485215.2390242,99,27,18,28,25,3.7025222778320312,63.0,63.5,8.319
1765485215.4400833,99,27,18,28,25,3.7025222778320312,63.0,63.5,8.319
1765485215.6419988,99,56,35,38,39,3.7026939392089844,63.0,64.0,8.16
1765485215.8440347,99,56,35,38,39,3.7026939392089844,63.0,64.0,8.16
1765485216.0452383,12,26,25,24,26,3.7035179138183594,62.0,63.0,5.136
1765485216.2466512,12,26,25,24,26,3.7035179138183594,62.0,63.0,5.136
1765485216.44854,12,26,25,24,26,3.7035179138183594,62.0,63.0,5.136
1765485216.6499987,99,43,27,25,25,3.703338623046875,63.0,63.5,8.041
1765485216.8509314,99,43,27,25,25,3.703338623046875,63.0,63.5,8.041
1765485217.0520568,99,43,27,25,25,3.703338623046875,63.0,63.5,8.041
1765485217.2535872,99,30,22,54,40,3.7040977478027344,63.0,64.0,7.627
1765485217.4548793,99,30,22,54,40,3.7040977478027344,63.0,64.0,7.627
1765485217.6573358,99,26,20,25,27,3.704181671142578,63.0,64.0,8.65
1765485217.859059,99,26,20,25,27,3.704181671142578,63.0,64.0,8.65
1765485218.060127,99,26,20,25,27,3.704181671142578,63.0,64.0,8.65
1765485218.2611108,99,24,60,69,32,3.703655242919922,63.5,65.0,9.23
1765485218.4628668,99,24,60,69,32,3.703655242919922,63.5,65.0,9.23
1765485218.6641057,81,32,42,31,21,3.701763153076172,62.5,63.0,5.258
1765485218.865065,81,32,42,31,21,3.701763153076172,62.5,63.0,5.258
1765485219.0672436,81,32,42,31,21,3.701763153076172,62.5,63.0,5.258
1765485219.2697802,99,28,54,26,26,3.702251434326172,63.5,63.5,8.319
1765485219.4712315,99,28,54,26,26,3.702251434326172,63.5,63.5,8.319
1765485219.6722093,99,39,36,52,37,3.7026138305664062,63.0,64.0,9.072
1765485219.8741045,99,39,36,52,37,3.7026138305664062,63.0,64.0,9.072
1765485220.0764217,99,39,36,52,37,3.7026138305664062,63.0,64.0,9.072
1765485220.2782419,99,29,16,15,22,3.7019920349121094,63.0,63.0,6.971
1765485220.479581,99,29,16,15,22,3.7019920349121094,63.0,63.0,6.971
1765485220.6811078,99,38,32,34,44,3.702587127685547,63.0,63.5,8.054
1765485220.882315,99,38,32,34,44,3.702587127685547,63.0,63.5,8.054
1765485221.0834274,99,38,32,34,44,3.702587127685547,63.0,63.5,8.054
1765485221.2855918,99,43,32,26,36,3.7027969360351562,62.5,63.5,7.814
1765485221.4872282,99,43,32,26,36,3.7027969360351562,62.5,63.5,7.814
1765485221.6884568,99,24,24,12,33,3.703655242919922,63.0,64.0,8.505
1765485221.894823,99,24,24,12,33,3.703655242919922,63.0,64.0,8.505
1765485222.0959823,99,24,24,12,33,3.703655242919922,63.0,64.0,8.505
1765485222.2972052,99,52,22,22,22,3.7033424377441406,63.0,63.5,8.266
1765485222.4991517,99,52,22,22,22,3.7033424377441406,63.0,63.5,8.266
1765485222.700444,31,25,32,18,32,3.7036514282226562,62.5,63.5,5.411
1765485222.90175,31,25,32,18,32,3.7036514282226562,62.5,63.5,5.411
1765485223.1029215,31,25,32,18,32,3.7036514282226562,62.5,63.5,5.411
1765485223.3050935,99,29,33,32,45,3.7045364379882812,63.5,63.5,8.544
1765485223.506456,99,29,33,32,45,3.7045364379882812,63.5,63.5,8.544
1765485223.707613,99,46,29,20,32,3.7049217224121094,62.5,64.0,8.465
1765485223.9087121,99,46,29,20,32,3.7049217224121094,62.5,64.0,8.465
1765485224.1101747,99,46,29,20,32,3.7049217224121094,62.5,64.0,8.465
1765485224.31115,99,29,26,20,18,3.704761505126953,63.0,63.5,7.667
1765485224.512262,99,29,26,20,18,3.704761505126953,63.0,63.5,7.667
1765485224.7132843,99,38,44,50,31,3.7049636840820312,63.0,63.5,8.094
1765485224.915085,99,38,44,50,31,3.7049636840820312,63.0,63.5,8.094
1765485225.1161833,99,38,44,50,31,3.7049636840820312,63.0,63.5,8.094
1765485225.3173604,32,35,31,18,36,3.7059364318847656,62.0,63.5,6.229
1765485225.5186017,32,35,31,18,36,3.7059364318847656,62.0,63.5,6.229
1765485225.7200453,32,35,31,18,36,3.7059364318847656,62.0,63.5,6.229
1765485225.9211981,99,26,22,39,25,3.705799102783203,63.0,63.5,8.2
1765485226.1225746,99,26,22,39,25,3.705799102783203,63.0,63.5,8.2
1765485226.3245823,99,39,26,44,32,3.705799102783203,63.0,63.5,8.28
1765485226.5261157,99,39,26,44,32,3.705799102783203,63.0,63.5,8.28
1765485226.727203,99,39,26,44,32,3.705799102783203,63.0,63.5,8.28
1765485226.9284627,70,27,28,22,23,3.7060012817382812,62.5,63.0,5.806
1765485227.1294644,70,27,28,22,23,3.7060012817382812,62.5,63.0,5.806
1765485227.3305411,99,52,27,26,31,3.707599639892578,63.0,64.5,8.913
1765485227.5326023,99,52,27,26,31,3.707599639892578,63.0,64.5,8.913
1765485227.733997,99,52,27,26,31,3.707599639892578,63.0,64.5,8.913
1765485227.93517,99,24,27,46,18,3.706592559814453,63.0,64.5,8.054
1765485228.1388593,99,24,27,46,18,3.706592559814453,63.0,64.5,8.054
1765485228.341523,99,28,25,20,30,3.707233428955078,63.0,64.0,8.385
1765485228.5433762,99,28,25,20,30,3.707233428955078,63.0,64.0,8.385
1765485228.7444346,99,28,25,20,30,3.707233428955078,63.0,64.0,8.385
1765485228.94658,99,36,48,48,42,3.7076454162597656,63.5,64.0,8.913
1765485229.148898,99,36,48,48,42,3.7076454162597656,63.5,64.0,8.913
1765485229.3516772,25,24,19,23,29,3.7079696655273438,62.0,63.0,5.209
1765485229.5526345,25,24,19,23,29,3.7079696655273438,62.0,63.0,5.209
1765485229.7544987,25,24,19,23,29,3.7079696655273438,62.0,63.0,5.209
1765485229.9556625,99,46,28,30,29,3.7078208923339844,63.5,64.0,8.28
1765485230.1566381,99,46,28,30,29,3.7078208923339844,63.5,64.0,8.28
1765485230.3577533,99,41,38,33,39,3.7081756591796875,63.0,64.0,8.28
1765485230.5597794,99,41,38,33,39,3.7081756591796875,63.0,64.0,8.28
1765485230.7617514,99,41,38,33,39,3.7081756591796875,63.0,64.0,8.28
1765485230.962698,99,25,25,16,28,3.7085647583007812,63.0,64.0,8.505
1765485231.1637263,99,25,25,16,28,3.7085647583007812,63.0,64.0,8.505
1765485231.3648164,99,47,24,23,18,3.709484100341797,63.0,63.5,7.934
1765485231.5665746,99,47,24,23,18,3.709484100341797,63.0,63.5,7.934
1765485231.7677052,99,47,24,23,18,3.709484100341797,63.0,63.5,7.934
1765485231.9687612,0,33,30,19,23,3.7092323303222656,62.0,63.5,5.136
1765485232.1699216,0,33,30,19,23,3.7092323303222656,62.0,63.5,5.136
1765485232.3713007,99,30,27,41,26,3.709705352783203,63.0,64.0,8.306
1765485232.5723374,99,30,27,41,26,3.709705352783203,63.0,64.0,8.306
1765485232.7735002,99,30,27,41,26,3.709705352783203,63.0,64.0,8.306
1765485232.9747396,99,30,29,25,61,3.711071014404297,63.0,64.5,8.953
1765485233.1767218,99,30,29,25,61,3.711071014404297,63.0,64.5,8.953
1765485233.377878,99,20,22,21,13,3.7103919982910156,63.0,63.5,7.131
1765485233.578996,99,20,22,21,13,3.7103919982910156,63.0,63.5,7.131
1765485233.7807682,99,20,22,21,13,3.7103919982910156,63.0,63.5,7.131
1765485233.9840991,99,48,30,35,49,3.7108840942382812,63.0,64.0,7.894
1765485234.1861458,99,48,30,35,49,3.7108840942382812,63.0,64.0,7.894
1765485234.3876224,99,48,30,35,49,3.7108840942382812,63.0,64.0,7.894
1765485234.5899727,99,40,34,28,32,3.711475372314453,62.5,64.0,7.775
1765485234.7930722,99,40,34,28,32,3.711475372314453,62.5,64.0,7.775
1765485234.9947102,99,22,20,18,32,3.7123069763183594,63.5,64.0,8.505
1765485235.1959312,99,22,20,18,32,3.7123069763183594,63.5,64.0,8.505
1765485235.397311,99,22,20,18,32,3.7123069763183594,63.5,64.0,8.505
1765485235.5985415,99,24,28,49,30,3.711322784423828,63.0,63.5,8.16
1765485235.8005888,99,24,28,49,30,3.711322784423828,63.0,63.5,8.16
1765485236.0020378,19,24,24,37,24,3.712188720703125,62.5,64.0,5.136
1765485236.2034137,19,24,24,37,24,3.712188720703125,62.5,64.0,5.136
1765485236.4046056,19,24,24,37,24,3.712188720703125,62.5,64.0,5.136
1765485236.6063504,99,26,50,30,24,3.7128944396972656,63.5,64.5,8.888
1765485236.807624,99,26,50,30,24,3.7128944396972656,63.5,64.5,8.888
1765485237.0087757,99,24,29,19,42,3.7133560180664062,63.0,63.5,8.12
1765485237.2110639,99,24,29,19,42,3.7133560180664062,63.0,63.5,8.12
1765485237.4132903,99,24,29,19,42,3.7133560180664062,63.0,63.5,8.12
1765485237.6146493,99,22,23,28,23,3.7130889892578125,63.0,64.0,7.735
1765485237.8161485,99,22,23,28,23,3.7130889892578125,63.0,64.0,7.735
1765485238.0174034,99,48,32,28,49,3.713581085205078,63.5,64.0,7.894
1765485238.2196236,99,48,32,28,49,3.713581085205078,63.5,64.0,7.894
1765485238.420828,99,48,32,28,49,3.713581085205078,63.5,64.0,7.894
1765485238.6219692,55,27,30,30,22,3.714214324951172,62.5,64.0,6.54
1765485238.8231037,55,27,30,30,22,3.714214324951172,62.5,64.0,6.54
1765485239.024335,99,70,28,24,33,3.710235595703125,63.5,64.5,9.072
1765485239.225297,99,70,28,24,33,3.710235595703125,63.5,64.5,9.072
1765485239.4264174,99,70,28,24,33,3.710235595703125,63.5,64.5,9.072
1765485239.6279178,99,54,47,27,26,3.7078018188476562,63.0,64.5,8.385
1765485239.8292267,99,54,47,27,26,3.7078018188476562,63.0,64.5,8.385
1765485240.0310676,99,22,26,22,24,3.7083511352539062,62.5,63.5,6.31
1765485240.2321427,99,22,26,22,24,3.7083511352539062,62.5,63.5,6.31
1765485240.4331722,99,22,26,22,24,3.7083511352539062,62.5,63.5,6.31
1765485240.6379173,99,32,50,31,26,3.709239959716797,63.0,64.5,8.544
1765485240.8390906,99,32,50,31,26,3.709239959716797,63.0,64.5,8.544
1765485241.0402193,99,30,32,27,34,3.708576202392578,63.0,65.0,8.584
1765485241.241479,99,30,32,27,34,3.708576202392578,63.0,65.0,8.584
1765485241.4436479,99,30,32,27,34,3.708576202392578,63.0,65.0,8.584
1765485241.6448948,99,16,27,25,27,3.7082672119140625,63.0,64.0,8.24
1765485241.845981,99,16,27,25,27,3.7082672119140625,63.0,64.0,8.24
1765485242.0507622,99,35,42,38,33,3.708446502685547,63.0,64.0,8.385
1765485242.252992,99,35,42,38,33,3.708446502685547,63.0,64.0,8.385
1765485242.4542449,99,35,42,38,33,3.708446502685547,63.0,64.0,8.385
1765485242.655412,7,19,16,28,26,3.707691192626953,62.5,63.5,5.644
1765485242.8569233,7,19,16,28,26,3.707691192626953,62.5,63.5,5.644
1765485243.058323,7,19,16,28,26,3.707691192626953,62.5,63.5,5.644
1765485243.259258,99,36,44,34,35,3.7083511352539062,63.5,64.5,8.729
1765485243.4602876,99,36,44,34,35,3.7083511352539062,63.5,64.5,8.729
1765485243.6623976,99,32,29,50,42,3.7081527709960938,63.5,64.0,8.346
1765485243.8653944,99,32,29,50,42,3.7081527709960938,63.5,64.0,8.346
1765485244.0669973,99,32,29,50,42,3.7081527709960938,63.5,64.0,8.346
1765485244.2680564,99,25,17,20,20,3.709026336669922,63.0,64.0,7.827
1765485244.4693284,99,25,17,20,20,3.709026336669922,63.0,64.0,7.827
1765485244.6704876,99,25,24,24,39,3.7083892822265625,63.0,63.5,8.001
1765485244.8722565,99,25,24,24,39,3.7083892822265625,63.0,63.5,8.001
1765485245.073504,99,25,24,24,39,3.7083892822265625,63.0,63.5,8.001
1765485245.275176,99,37,36,30,39,3.708984375,62.5,64.5,7.468
1765485245.476267,99,37,36,30,39,3.708984375,62.5,64.5,7.468
1765485245.6797893,99,22,37,26,18,3.7090682983398438,63.5,64.0,8.16
1765485245.8813925,99,22,37,26,18,3.7090682983398438,63.5,64.0,8.16
1765485246.0827856,99,22,37,26,18,3.7090682983398438,63.5,64.0,8.16
1765485246.2844856,99,26,28,53,28,3.7105255126953125,63.0,64.0,9.111
1765485246.4871364,99,26,28,53,28,3.7105255126953125,63.0,64.0,9.111
1765485246.6888363,64,14,8,25,20,3.7100067138671875,63.0,63.5,5.411
1765485246.8901277,64,14,8,25,20,3.7100067138671875,63.0,63.5,5.411
1765485247.092461,64,14,8,25,20,3.7100067138671875,63.0,63.5,5.411
1765485247.2941527,99,46,41,34,35,3.7106475830078125,63.0,64.0,7.961
1765485247.495262,99,46,41,34,35,3.7106475830078125,63.0,64.0,7.961
1765485247.6962452,99,43,34,40,36,3.7109947204589844,63.0,64.5,8.888
1765485247.8975465,99,43,34,40,36,3.7109947204589844,63.0,64.5,8.888
1765485248.1004956,99,43,34,40,36,3.7109947204589844,63.0,64.5,8.888
1765485248.3020267,99,29,19,19,17,3.7105064392089844,63.0,64.0,8.24
1765485248.503531,99,29,19,19,17,3.7105064392089844,63.0,64.0,8.24
1765485248.7057226,99,39,20,36,40,3.7102394104003906,63.0,64.0,7.854
1765485248.9069562,99,39,20,36,40,3.7102394104003906,63.0,64.0,7.854
1765485249.1080275,99,39,20,36,40,3.7102394104003906,63.0,64.0,7.854
1765485249.3095043,86,33,29,31,34,3.710773468017578,62.5,63.5,6.078
1765485249.5106122,86,33,29,31,34,3.710773468017578,62.5,63.5,6.078
1765485249.7117968,99,93,38,46,32,3.706310272216797,64.0,65.0,10.053
1765485249.9127512,99,93,38,46,32,3.706310272216797,64.0,65.0,10.053
1765485250.113824,99,93,38,46,32,3.706310272216797,64.0,65.0,10.053
1765485250.3151596,99,48,100,32,38,3.6994857788085938,63.5,64.5,9.516
1765485250.5169365,99,48,100,32,38,3.6994857788085938,63.5,64.5,9.516
1765485250.7179942,82,36,26,32,44,3.7000999450683594,63.0,63.0,5.765
1765485250.9189978,82,36,26,32,44,3.7000999450683594,63.0,63.0,5.765
1765485251.1204746,82,36,26,32,44,3.7000999450683594,63.0,63.0,5.765
1765485251.3226297,99,45,40,30,30,3.70001220703125,63.5,64.0,8.266
1765485251.5240793,99,45,40,30,30,3.70001220703125,63.5,64.0,8.266
1765485251.7252765,99,45,40,30,30,3.70001220703125,63.5,64.0,8.266
1765485251.9268806,99,35,30,33,31,3.6999435424804688,63.0,64.5,8.465
1765485252.1299095,99,35,30,33,31,3.6999435424804688,63.0,64.5,8.465
1765485252.3314474,99,26,32,25,22,3.699840545654297,63.5,64.0,7.974
1765485252.532895,99,26,32,25,22,3.699840545654297,63.5,64.0,7.974
1765485252.7353516,99,26,32,25,22,3.699840545654297,63.5,64.0,7.974
1765485252.9385731,99,29,40,29,51,3.6994285583496094,63.5,64.0,7.775
1765485253.1406064,99,29,40,29,51,3.6994285583496094,63.5,64.0,7.775
1765485253.3417654,26,32,27,35,28,3.6999588012695312,62.5,64.0,6.149
1765485253.5435693,26,32,27,35,28,3.6999588012695312,62.5,64.0,6.149
1765485253.7449265,26,32,27,35,28,3.6999588012695312,62.5,64.0,6.149
1765485253.946124,99,26,18,41,27,3.699352264404297,63.5,64.0,8.385
1765485254.1471834,99,26,18,41,27,3.699352264404297,63.5,64.0,8.385
1765485254.3491845,99,25,36,36,43,3.700031280517578,63.5,64.0,8.2
1765485254.5504081,99,25,36,36,43,3.700031280517578,63.5,64.0,8.2
1765485254.7520704,99,25,36,36,43,3.700031280517578,63.5,64.0,8.2
1765485254.956219,99,22,26,20,20,3.699871063232422,63.0,64.0,7.28
1765485255.1572425,99,22,26,20,20,3.699871063232422,63.0,64.0,7.28
1765485255.358451,99,31,36,47,28,3.7003440856933594,63.5,64.0,8.689
1765485255.560006,99,31,36,47,28,3.7003440856933594,63.5,64.0,8.689
1765485255.761261,99,31,36,47,28,3.7003440856933594,63.5,64.0,8.689
1765485255.962338,99,28,46,32,30,3.6996726989746094,63.0,64.0,8.014
1765485256.1636753,99,28,46,32,30,3.6996726989746094,63.0,64.0,8.014
1765485256.3655627,99,22,33,23,20,3.7000732421875,63.5,64.0,8.2
1765485256.567112,99,22,33,23,20,3.7000732421875,63.5,64.0,8.2
1765485256.768245,99,22,33,23,20,3.7000732421875,63.5,64.0,8.2
1765485256.9704392,99,63,34,38,29,3.700428009033203,63.5,64.0,8.624
1765485257.1726649,99,63,34,38,29,3.700428009033203,63.5,64.0,8.624
1765485257.374288,40,32,14,19,16,3.7011070251464844,63.0,64.0,5.451
1765485257.5754611,40,32,14,19,16,3.7011070251464844,63.0,64.0,5.451
1765485257.778081,40,32,14,19,16,3.7011070251464844,63.0,64.0,5.451
1765485257.9794748,99,36,34,27,43,3.7006874084472656,64.0,64.0,8.227
1765485258.1806278,99,36,34,27,43,3.7006874084472656,64.0,64.0,8.227
1765485258.3822064,99,31,35,56,39,3.7001686096191406,63.5,64.5,8.425
1765485258.5837057,99,31,35,56,39,3.7001686096191406,63.5,64.5,8.425
1765485258.7848423,99,31,35,56,39,3.7001686096191406,63.5,64.5,8.425
1765485258.9862692,99,23,29,20,21,3.701244354248047,63.5,64.0,7.707
1765485259.1878448,99,23,29,20,21,3.701244354248047,63.5,64.0,7.707
1765485259.3892486,99,24,39,24,20,3.7013778686523438,63.5,64.0,7.854
1765485259.5913074,99,24,39,24,20,3.7013778686523438,63.5,64.0,7.854
1765485259.7937531,99,24,39,24,20,3.7013778686523438,63.5,64.0,7.854
1765485259.9956331,99,26,47,31,32,3.700885772705078,63.5,64.0,8.12
1765485260.1970701,99,26,47,31,32,3.700885772705078,63.5,64.0,8.12
1765485260.3983145,99,33,25,16,20,3.701019287109375,63.5,64.0,8.465
1765485260.599399,99,33,25,16,20,3.701019287109375,63.5,64.0,8.465
1765485260.8005612,99,33,25,16,20,3.701019287109375,63.5,64.0,8.465
1765485261.0018203,99,50,34,63,64,3.698894500732422,64.0,65.0,9.373
1765485261.2027764,99,50,34,63,64,3.698894500732422,64.0,65.0,9.373
1765485261.4040349,58,85,20,18,28,3.6917190551757812,63.0,63.5,5.33
1765485261.605075,58,85,20,18,28,3.6917190551757812,63.0,63.5,5.33
1765485261.8077528,58,85,20,18,28,3.6917190551757812,63.0,63.5,5.33
1765485262.0100906,99,41,46,29,32,3.6937828063964844,64.0,64.0,8.24
1765485262.211457,99,41,46,29,32,3.6937828063964844,64.0,64.0,8.24
1765485262.4124742,99,52,42,36,38,3.693531036376953,63.5,65.0,8.913
1765485262.6146085,99,52,42,36,38,3.693531036376953,63.5,65.0,8.913
1765485262.8164139,99,52,42,36,38,3.693531036376953,63.5,65.0,8.913
1765485263.0184665,99,27,16,16,21,3.6941261291503906,63.5,64.0,7.24
1765485263.219729,99,27,16,16,21,3.6941261291503906,63.5,64.0,7.24
1765485263.420861,99,27,16,16,21,3.6941261291503906,63.5,64.0,7.24
1765485263.6221313,99,26,36,26,46,3.693531036376953,63.5,64.0,7.894
1765485263.8232088,99,26,36,26,46,3.693531036376953,63.5,64.0,7.894
1765485264.024454,99,36,28,40,34,3.693584442138672,63.5,64.5,8.12
1765485264.2259784,99,36,28,40,34,3.693584442138672,63.5,64.5,8.12
1765485264.427141,99,36,28,40,34,3.693584442138672,63.5,64.5,8.12
1765485264.6281831,99,31,28,32,26,3.6944808959960938,63.5,64.5,9.072
1765485264.829375,99,31,28,32,26,3.6944808959960938,63.5,64.5,9.072
1765485265.030413,99,21,44,18,22,3.6938743591308594,63.5,64.0,7.775
1765485265.2323246,99,21,44,18,22,3.6938743591308594,63.5,64.0,7.775
1765485265.4335861,99,21,44,18,22,3.6938743591308594,63.5,64.0,7.775
1765485265.634786,1,28,26,30,32,3.6943893432617188,63.0,63.5,5.136
1765485265.8357935,1,28,26,30,32,3.6943893432617188,63.0,63.5,5.136
1765485266.0379827,99,31,40,26,34,3.6947174072265625,63.5,64.0,8.425
1765485266.2389705,99,31,40,26,34,3.6947174072265625,63.5,64.0,8.425
1765485266.4400833,99,31,40,26,34,3.6947174072265625,63.5,64.0,8.425
1765485266.6411986,99,30,36,32,50,3.695159912109375,63.5,65.0,8.992
1765485266.8433588,99,30,36,32,50,3.695159912109375,63.5,65.0,8.992
1765485267.044558,99,24,20,26,16,3.6943321228027344,63.0,64.0,6.118
1765485267.2462003,99,24,20,26,16,3.6943321228027344,63.0,64.0,6.118
1765485267.4477353,99,24,20,26,16,3.6943321228027344,63.0,64.0,6.118
1765485267.6502817,99,36,40,50,34,3.6943817138671875,63.5,64.5,8.24
1765485267.8515105,99,36,40,50,34,3.6943817138671875,63.5,64.5,8.24
1765485268.0527432,99,36,46,40,41,3.6939239501953125,63.5,65.0,8.61
1765485268.2544906,99,36,46,40,41,3.6939239501953125,63.5,65.0,8.61
1765485268.4564877,99,36,46,40,41,3.6939239501953125,63.5,65.0,8.61
1765485268.6577163,99,18,17,24,20,3.6943817138671875,63.5,64.5,8.319
1765485268.8588066,99,18,17,24,20,3.6943817138671875,63.5,64.5,8.319
1765485269.0598392,99,40,22,22,46,3.6946372985839844,63.5,63.5,7.747
1765485269.2611425,99,40,22,22,46,3.6946372985839844,63.5,63.5,7.747
1765485269.4621527,99,40,22,22,46,3.6946372985839844,63.5,63.5,7.747
1765485269.6630855,99,20,43,33,28,3.6941604614257812,63.0,64.5,6.73
1765485269.8641195,99,20,43,33,28,3.6941604614257812,63.0,64.5,6.73
1765485270.0651774,99,34,34,26,30,3.6949119567871094,63.5,64.5,9.111
1765485270.2661784,99,34,34,26,30,3.6949119567871094,63.5,64.5,9.111
1765485270.467197,99,34,34,26,30,3.6949119567871094,63.5,64.5,9.111
1765485270.6682994,99,24,45,22,18,3.694141387939453,63.5,64.0,8.319
1765485270.8701959,99,24,45,22,18,3.694141387939453,63.5,64.0,8.319
1765485271.071245,50,27,22,26,20,3.695056915283203,63.5,63.5,5.298
1765485271.2722847,50,27,22,26,20,3.695056915283203,63.5,63.5,5.298
1765485271.473331,50,27,22,26,20,3.695056915283203,63.5,63.5,5.298
1765485271.67538,99,21,47,24,36,3.6941375732421875,64.0,64.0,8.319
1765485271.8766904,99,21,47,24,36,3.6941375732421875,64.0,64.0,8.319
1765485272.0781472,99,21,47,24,36,3.6941375732421875,64.0,64.0,8.319
1765485272.2797978,99,30,34,42,31,3.6950035095214844,63.5,65.0,8.65
1765485272.4819922,99,30,34,42,31,3.6950035095214844,63.5,65.0,8.65
1765485272.684262,99,24,16,23,28,3.6946029663085938,63.5,64.0,7.627
1765485272.8855355,99,24,16,23,28,3.6946029663085938,63.5,64.0,7.627
1765485273.0868783,99,24,16,23,28,3.6946029663085938,63.5,64.0,7.627
1765485273.289164,99,44,41,29,39,3.6948280334472656,63.5,64.0,7.787
1765485273.4906347,99,44,41,29,39,3.6948280334472656,63.5,64.0,7.787
1765485273.6917927,32,25,42,35,25,3.6941299438476562,63.0,64.0,6.58
1765485273.893499,32,25,42,35,25,3.6941299438476562,63.0,64.0,6.58
1765485274.0949917,32,25,42,35,25,3.6941299438476562,63.0,64.0,6.58
1765485274.299338,99,21,36,26,23,3.6951217651367188,63.5,64.5,8.769
1765485274.5004077,99,21,36,26,23,3.6951217651367188,63.5,64.5,8.769
1765485274.7020679,99,32,22,47,37,3.6947593688964844,63.5,64.5,8.319
1765485274.9033034,99,32,22,47,37,3.6947593688964844,63.5,64.5,8.319
1765485275.1045325,99,32,22,47,37,3.6947593688964844,63.5,64.5,8.319
1765485275.305846,0,24,29,22,21,3.6948814392089844,63.0,64.0,5.532
1765485275.507274,0,24,29,22,21,3.6948814392089844,63.0,64.0,5.532
1765485275.7085106,99,38,46,39,32,3.6952781677246094,64.0,65.0,9.19
1765485275.9116268,99,38,46,39,32,3.6952781677246094,64.0,65.0,9.19
1765485276.1130989,99,38,46,39,32,3.6952781677246094,64.0,65.0,9.19
1765485276.3141706,99,22,38,35,18,3.6947593688964844,63.5,65.0,8.12
1765485276.5169482,99,22,38,35,18,3.6947593688964844,63.5,65.0,8.12
1765485276.718956,99,21,22,22,26,3.6947555541992188,63.5,64.5,7.974
1765485276.9203176,99,21,22,22,26,3.6947555541992188,63.5,64.5,7.974
1765485277.1218557,99,21,22,22,26,3.6947555541992188,63.5,64.5,7.974
1765485277.323783,99,44,46,47,31,3.6948204040527344,63.5,64.5,8.425
1765485277.5265977,99,44,46,47,31,3.6948204040527344,63.5,64.5,8.425
1765485277.7281084,75,28,29,23,24,3.6952667236328125,63.0,64.5,5.685
1765485277.9298937,75,28,29,23,24,3.6952667236328125,63.0,64.5,5.685
1765485278.1320953,75,28,29,23,24,3.6952667236328125,63.0,64.5,5.685
1765485278.3337114,99,44,26,29,32,3.694866180419922,63.5,64.5,8.346
1765485278.5420954,99,44,26,29,32,3.694866180419922,63.5,64.5,8.346
1765485278.7433531,99,38,34,28,50,3.695056915283203,63.5,64.0,8.24
1765485278.9447243,99,38,34,28,50,3.695056915283203,63.5,64.0,8.24
1765485279.1460063,99,38,34,28,50,3.695056915283203,63.5,64.0,8.24
1765485279.3471074,99,28,25,24,14,3.6956748962402344,63.5,64.0,7.28
1765485279.5483718,99,28,25,24,14,3.6956748962402344,63.5,64.0,7.28
1765485279.7495115,99,23,29,47,26,3.69586181640625,63.5,65.0,8.16
1765485279.9515865,99,23,29,47,26,3.69586181640625,63.5,65.0,8.16
1765485280.1529758,99,23,29,47,26,3.69586181640625,63.5,65.0,8.16
1765485280.354579,99,26,31,35,28,3.6954345703125,63.5,65.0,8.24
1765485280.555808,99,26,31,35,28,3.6954345703125,63.5,65.0,8.24
1765485280.7568498,99,16,26,18,26,3.695758819580078,64.0,64.5,8.24
1765485280.9674406,99,16,26,18,26,3.695758819580078,64.0,64.5,8.24
1765485281.1686528,99,16,26,18,26,3.695758819580078,64.0,64.5,8.24
1765485281.3701553,99,36,22,52,34,3.6962928771972656,63.5,65.0,8.992
1765485281.5730448,99,36,22,52,34,3.6962928771972656,63.5,65.0,8.992
1765485281.7744823,77,18,21,20,20,3.695697784423828,63.0,63.5,5.564
1765485281.9758391,77,18,21,20,20,3.695697784423828,63.0,63.5,5.564
1765485282.1771696,77,18,21,20,20,3.695697784423828,63.0,63.5,5.564
1765485282.380007,99,38,48,28,38,3.6956100463867188,64.0,64.5,8.425
1765485282.5819385,99,38,48,28,38,3.6956100463867188,64.0,64.5,8.425
1765485282.782942,99,51,38,33,34,3.695709228515625,64.0,65.0,8.505
1765485282.9846103,99,51,38,33,34,3.695709228515625,64.0,65.0,8.505
1765485283.1860917,99,51,38,33,34,3.695709228515625,64.0,65.0,8.505
1765485283.3871872,99,28,24,20,18,3.6967430114746094,63.5,64.5,7.775
1765485283.5882719,99,28,24,20,18,3.6967430114746094,63.5,64.5,7.775
1765485283.7895882,99,28,24,20,18,3.6967430114746094,63.5,64.5,7.775
1765485283.9911091,99,24,28,28,46,3.695568084716797,64.0,64.5,7.814
1765485284.1921957,99,24,28,28,46,3.695568084716797,64.0,64.5,7.814
1765485284.393233,6,33,39,18,32,3.6997222900390625,62.5,64.0,5.096
1765485284.5941908,6,33,39,18,32,3.6997222900390625,62.5,64.0,5.096
1765485284.7954037,6,33,39,18,32,3.6997222900390625,62.5,64.0,5.096
1765485284.996395,99,32,21,23,35,3.7006988525390625,64.0,64.5,8.769
1765485285.1975439,99,32,21,23,35,3.7006988525390625,64.0,64.5,8.769
1765485285.3987086,99,30,20,44,32,3.7008934020996094,63.5,65.0,8.584
1765485285.5999541,99,30,20,44,32,3.7008934020996094,63.5,65.0,8.584
1765485285.8022337,99,30,20,44,32,3.7008934020996094,63.5,65.0,8.584
1765485286.0033877,46,30,25,24,24,3.7007293701171875,63.0,64.0,5.451
1765485286.2043443,46,30,25,24,24,3.7007293701171875,63.0,64.0,5.451
1765485286.4059637,99,46,42,44,27,3.7004165649414062,64.0,64.5,8.12
1765485286.6089058,99,46,42,44,27,3.7004165649414062,64.0,64.5,8.12
1765485286.8106198,99,46,42,44,27,3.7004165649414062,64.0,64.5,8.12
1765485287.011744,99,34,35,47,33,3.70123291015625,63.5,65.0,8.953
1765485287.2141395,99,34,35,47,33,3.70123291015625,63.5,65.0,8.953
1765485287.4154415,99,36,13,12,18,3.70025634765625,63.5,64.5,8.2
1765485287.6165645,99,36,13,12,18,3.70025634765625,63.5,64.5,8.2
1765485287.818504,99,36,13,12,18,3.70025634765625,63.5,64.5,8.2
1765485288.0201905,99,30,38,48,32,3.7006607055664062,64.0,64.5,7.775
1765485288.2220173,99,30,38,48,32,3.7006607055664062,64.0,64.5,7.775
1765485288.4232066,38,29,35,28,27,3.7006912231445312,63.0,64.0,5.725
1765485288.6245313,38,29,35,28,27,3.7006912231445312,63.0,64.0,5.725
1765485288.8260164,38,29,35,28,27,3.7006912231445312,63.0,64.0,5.725
1765485289.027605,99,22,27,42,24,3.7011642456054688,64.0,65.0,9.072
1765485289.229142,99,22,27,42,24,3.7011642456054688,64.0,65.0,9.072
1765485289.4303985,99,32,31,30,42,3.701000213623047,63.5,64.5,8.16
1765485289.6317573,99,32,31,30,42,3.701000213623047,63.5,64.5,8.16
1765485289.8333273,99,32,31,30,42,3.701000213623047,63.5,64.5,8.16
1765485290.034449,99,27,22,17,26,3.701183319091797,63.5,64.0,6.551
1765485290.235891,99,27,22,17,26,3.701183319091797,63.5,64.0,6.551
1765485290.4373379,99,38,38,42,32,3.701709747314453,64.0,65.0,8.848
1765485290.638685,99,38,38,42,32,3.701709747314453,64.0,65.0,8.848
1765485290.8402703,99,38,38,42,32,3.701709747314453,64.0,65.0,8.848
1765485291.0414252,99,25,40,30,26,3.7024612426757812,64.0,65.0,8.001
1765485291.2436268,99,25,40,30,26,3.7024612426757812,64.0,65.0,8.001
1765485291.4453275,99,23,31,26,26,3.7020912170410156,63.5,64.5,8.24
1765485291.6462116,99,23,31,26,26,3.7020912170410156,63.5,64.5,8.24
1765485291.8472915,99,23,31,26,26,3.7020912170410156,63.5,64.5,8.24
1765485292.0484078,99,50,38,36,38,3.7024192810058594,63.5,65.0,8.505
1765485292.2503812,99,50,38,36,38,3.7024192810058594,63.5,65.0,8.505
1765485292.451474,99,50,38,36,38,3.7024192810058594,63.5,65.0,8.505
1765485292.6525753,16,24,32,25,23,3.7031707763671875,63.0,64.5,5.644
1765485292.8546214,16,24,32,25,23,3.7031707763671875,63.0,64.5,5.644
1765485293.0560381,99,28,40,23,24,3.702545166015625,64.0,65.0,8.24
1765485293.2569354,99,28,40,23,24,3.702545166015625,64.0,65.0,8.24
1765485293.458163,99,28,40,23,24,3.702545166015625,64.0,65.0,8.24
1765485293.6606734,99,36,35,50,28,3.702880859375,64.0,65.0,8.306
1765485293.8623085,99,36,35,50,28,3.702880859375,64.0,65.0,8.306
1765485294.0634189,99,23,22,17,23,3.7038116455078125,64.0,64.5,7.627
1765485294.2648692,99,23,22,17,23,3.7038116455078125,64.0,64.5,7.627
1765485294.4660244,99,23,22,17,23,3.7038116455078125,64.0,64.5,7.627
1765485294.6681097,99,28,16,44,31,3.7043304443359375,64.0,65.0,8.703
1765485294.8714397,99,28,16,44,31,3.7043304443359375,64.0,65.0,8.703
1765485295.073048,0,24,32,18,19,3.7039413452148438,63.0,63.5,4.901
1765485295.274202,0,24,32,18,19,3.7039413452148438,63.0,63.5,4.901
1765485295.476341,0,24,32,18,19,3.7039413452148438,63.0,63.5,4.901
1765485295.6784878,99,50,26,30,19,3.704296112060547,64.0,64.5,8.359
1765485295.8799136,99,50,26,30,19,3.704296112060547,64.0,64.5,8.359
1765485296.0809333,99,49,49,44,32,3.704833984375,64.0,65.0,9.19
1765485296.283222,99,49,49,44,32,3.704833984375,64.0,65.0,9.19
1765485296.4851844,99,49,49,44,32,3.704833984375,64.0,65.0,9.19
1765485296.6865728,99,18,16,16,15,3.7052574157714844,63.5,64.5,7.36
1765485296.8876867,99,18,16,16,15,3.7052574157714844,63.5,64.5,7.36
1765485297.088935,99,28,59,26,27,3.716461181640625,63.5,64.0,8.28
1765485297.290322,99,28,59,26,27,3.716461181640625,63.5,64.0,8.28
1765485297.4915218,99,28,59,26,27,3.716461181640625,63.5,64.0,8.28
1765485297.6924891,26,21,24,32,18,3.71728515625,63.0,64.5,4.78
1765485297.89388,26,21,24,32,18,3.71728515625,63.0,64.5,4.78
1765485298.095059,99,28,26,29,54,3.726825714111328,63.5,65.5,8.928
1765485298.2981539,99,28,26,29,54,3.726825714111328,63.5,65.5,8.928
1765485298.499373,99,28,26,29,54,3.726825714111328,63.5,65.5,8.928
1765485298.7022097,51,22,27,10,12,3.7262611389160156,63.0,64.0,4.975
1765485298.9036446,51,22,27,10,12,3.7262611389160156,63.0,64.0,4.975
1765485299.1052344,99,39,38,31,47,3.7266464233398438,64.0,64.5,8.28
1765485299.3063657,99,39,38,31,47,3.7266464233398438,64.0,64.5,8.28
1765485299.5073721,99,39,38,31,47,3.7266464233398438,64.0,64.5,8.28
1765485299.709412,99,32,35,38,60,3.7272987365722656,63.5,64.5,8.729
1765485299.911935,99,32,35,38,60,3.7272987365722656,63.5,64.5,8.729
1765485300.1130657,99,24,26,16,14,3.727508544921875,63.5,65.0,8.081
1765485300.3143146,99,24,26,16,14,3.727508544921875,63.5,65.0,8.081
1765485300.516435,99,24,26,16,14,3.727508544921875,63.5,65.0,8.081
1765485300.7179549,99,37,28,39,28,3.726612091064453,63.5,64.5,7.934
1765485300.9198794,99,37,28,39,28,3.726612091064453,63.5,64.5,7.934
1765485301.121099,99,37,28,39,28,3.726612091064453,63.5,64.5,7.934
1765485301.3229294,99,34,39,30,30,3.7279129028320312,63.5,66.0,7.507
1765485301.5243855,99,34,39,30,30,3.7279129028320312,63.5,66.0,7.507
1765485301.7265685,99,20,40,24,25,3.727855682373047,64.0,64.5,8.359
1765485301.9278228,99,20,40,24,25,3.727855682373047,64.0,64.5,8.359
1765485302.1291142,99,20,40,24,25,3.727855682373047,64.0,64.5,8.359
1765485302.3309577,99,24,31,24,40,3.7286949157714844,64.0,65.0,8.689
1765485302.5345283,99,24,31,24,40,3.7286949157714844,64.0,65.0,8.689
1765485302.73587,0,22,27,27,19,3.7285003662109375,63.5,64.0,5.33
1765485302.9369745,0,22,27,27,19,3.7285003662109375,63.5,64.0,5.33
1765485303.1393094,0,22,27,27,19,3.7285003662109375,63.5,64.0,5.33
1765485303.3424304,99,30,40,26,48,3.7288742065429688,63.5,65.0,8.306
1765485303.5439453,99,30,40,26,48,3.7288742065429688,63.5,65.0,8.306
1765485303.7453,99,43,36,32,32,3.7300148010253906,63.5,65.0,8.584
1765485303.9475474,99,43,36,32,32,3.7300148010253906,63.5,65.0,8.584
1765485304.1499574,99,43,36,32,32,3.7300148010253906,63.5,65.0,8.584
1765485304.351844,99,25,26,19,23,3.7297821044921875,63.5,64.5,7.747
1765485304.5541956,99,25,26,19,23,3.7297821044921875,63.5,64.5,7.747
1765485304.7586572,99,26,30,50,28,3.7297897338867188,63.5,64.5,7.974
1765485304.960275,99,26,30,50,28,3.7297897338867188,63.5,64.5,7.974
1765485305.1619549,99,26,30,50,28,3.7297897338867188,63.5,64.5,7.974
1765485305.3630893,85,32,37,26,38,3.7297897338867188,63.0,65.5,7.051
1765485305.565154,85,32,37,26,38,3.7297897338867188,63.0,65.5,7.051
1765485305.7675943,99,27,36,20,14,3.730884552001953,64.0,64.5,8.584
1765485305.969238,99,27,36,20,14,3.730884552001953,64.0,64.5,8.584
1765485306.1703596,99,27,36,20,14,3.730884552001953,64.0,64.5,8.584
1765485306.3713913,99,26,44,33,28,3.730884552001953,64.0,64.5,8.319
1765485306.573597,99,26,44,33,28,3.730884552001953,64.0,64.5,8.319
1765485306.775412,21,22,30,22,18,3.7308692932128906,64.0,64.5,5.806
1765485306.9766333,21,22,30,22,18,3.7308692932128906,64.0,64.5,5.806
1765485307.1778135,21,22,30,22,18,3.7308692932128906,64.0,64.5,5.806
1765485307.3828704,99,36,48,34,26,3.731250762939453,64.5,65.0,8.465
1765485307.5841866,99,36,48,34,26,3.731250762939453,64.5,65.0,8.465
1765485307.785303,99,35,33,31,25,3.7321395874023438,63.5,65.0,8.385
1765485307.9866967,99,35,33,31,25,3.7321395874023438,63.5,65.0,8.385
1765485308.1882594,99,35,33,31,25,3.7321395874023438,63.5,65.0,8.385
1765485308.389457,99,34,25,29,30,3.732067108154297,64.0,64.5,8.306
1765485308.5910032,99,34,25,29,30,3.732067108154297,64.0,64.5,8.306
1765485308.7921023,99,41,53,45,38,3.7321434020996094,64.0,65.5,8.848
1765485308.9964838,99,41,53,45,38,3.7321434020996094,64.0,65.5,8.848
1765485309.1978831,99,41,53,45,38,3.7321434020996094,64.0,65.5,8.848
1765485309.399029,14,30,37,26,18,3.7330169677734375,63.0,65.0,5.532
1765485309.5999417,14,30,37,26,18,3.7330169677734375,63.0,65.0,5.532
1765485309.8008819,99,44,25,23,23,3.73297119140625,64.0,64.5,8.28
1765485310.0019593,99,44,25,23,23,3.73297119140625,64.0,64.5,8.28
1765485310.2033477,99,44,25,23,23,3.73297119140625,64.0,64.5,8.28
1765485310.4049284,99,44,39,38,30,3.7327651977539062,63.5,65.0,8.28
1765485310.606224,99,44,39,38,30,3.7327651977539062,63.5,65.0,8.28
1765485310.8075533,99,44,39,38,30,3.7327651977539062,63.5,65.0,8.28
1765485311.0086873,99,23,20,20,26,3.733623504638672,64.0,64.0,7.627
1765485311.209901,99,23,20,20,26,3.733623504638672,64.0,64.0,7.627
1765485311.4113472,99,43,23,34,30,3.73443603515625,64.0,65.0,8.584
1765485311.6134925,99,43,23,34,30,3.73443603515625,64.0,65.0,8.584
1765485311.8282573,99,43,23,34,30,3.73443603515625,64.0,65.0,8.584
1765485312.0297,99,22,38,27,26,3.7334442138671875,63.0,66.0,7.547
1765485312.2316966,99,22,38,27,26,3.7334442138671875,63.0,66.0,7.547
1765485312.4338133,99,34,29,22,16,3.733917236328125,64.0,64.0,7.775
1765485312.6351898,99,34,29,22,16,3.733917236328125,64.0,64.0,7.775
1765485312.836159,99,34,29,22,16,3.733917236328125,64.0,64.0,7.775
1765485313.038218,99,42,55,41,30,3.7343215942382812,64.0,65.0,9.032
1765485313.2401822,99,42,55,41,30,3.7343215942382812,64.0,65.0,9.032
1765485313.4419086,26,19,18,22,16,3.734233856201172,63.5,65.0,5.564
1765485313.6434278,26,19,18,22,16,3.734233856201172,63.5,65.0,5.564
1765485313.8450623,26,19,18,22,16,3.734233856201172,63.5,65.0,5.564
1765485314.046855,99,42,32,34,45,3.7341461181640625,64.0,64.5,8.531
1765485314.2483084,99,42,32,34,45,3.7341461181640625,64.0,64.5,8.531
1765485314.4500492,99,30,38,52,19,3.7337913513183594,64.0,64.5,8.24
1765485314.6517744,99,30,38,52,19,3.7337913513183594,64.0,64.5,8.24
1765485314.8529859,99,30,38,52,19,3.7337913513183594,64.0,64.5,8.24
1765485315.0541134,99,32,22,18,17,3.734973907470703,64.0,64.5,8.319
1765485315.256799,99,32,22,18,17,3.734973907470703,64.0,64.5,8.319
1765485315.4582133,99,28,25,24,40,3.7336273193359375,64.0,64.5,8.306
1765485315.659874,99,28,25,24,40,3.7336273193359375,64.0,64.5,8.306
1765485315.8610842,99,28,25,24,40,3.7336273193359375,64.0,64.5,8.306
1765485316.0626583,99,32,42,42,29,3.734222412109375,63.5,65.0,7.854
1765485316.2638154,99,32,42,42,29,3.734222412109375,63.5,65.0,7.854
1765485316.4660363,99,30,18,22,34,3.734142303466797,64.0,65.0,8.001
1765485316.6673253,99,30,18,22,34,3.734142303466797,64.0,65.0,8.001
1765485316.8685546,99,30,18,22,34,3.734142303466797,64.0,65.0,8.001
1765485317.07028,99,22,24,49,33,3.734783172607422,64.0,65.0,8.992
1765485317.2717967,99,22,24,49,33,3.734783172607422,64.0,65.0,8.992
1765485317.4730859,22,26,23,18,17,3.7340240478515625,63.5,64.5,5.209
1765485317.6742897,22,26,23,18,17,3.7340240478515625,63.5,64.5,5.209
1765485317.8757067,22,26,23,18,17,3.7340240478515625,63.5,64.5,5.209
1765485318.077238,99,36,52,36,33,3.7345314025878906,64.0,65.0,8.544
1765485318.27884,99,36,52,36,33,3.7345314025878906,64.0,65.0,8.544
1765485318.4804952,99,44,36,29,48,3.734668731689453,64.0,65.0,8.888
1765485318.6827395,99,44,36,29,48,3.734668731689453,64.0,65.0,8.888
1765485318.8859582,99,44,36,29,48,3.734668731689453,64.0,65.0,8.888
1765485319.0874805,99,30,18,18,15,3.734966278076172,64.0,64.0,7.854
1765485319.2893171,99,30,18,18,15,3.734966278076172,64.0,64.0,7.854
1765485319.4909341,99,35,30,50,33,3.7346038818359375,64.0,64.0,8.041
1765485319.6921544,99,35,30,50,33,3.7346038818359375,64.0,64.0,8.041
1765485319.8931878,99,35,30,50,33,3.7346038818359375,64.0,64.0,8.041
1765485320.0946164,99,34,32,34,35,3.7342376708984375,63.5,66.5,7.894
1765485320.2960422,99,34,32,34,35,3.7342376708984375,63.5,66.5,7.894
1765485320.4971118,99,40,27,16,21,3.7355079650878906,64.0,64.5,8.465
1765485320.69836,99,40,27,16,21,3.7355079650878906,64.0,64.5,8.465
1765485320.8993661,99,40,27,16,21,3.7355079650878906,64.0,64.5,8.465
1765485321.10048,99,37,24,24,38,3.735931396484375,64.0,64.5,8.12
1765485321.3029165,99,37,24,24,38,3.735931396484375,64.0,64.5,8.12
1765485321.5040545,99,28,23,22,25,3.7371139526367188,63.5,64.0,6.781
1765485321.7054248,99,28,23,22,25,3.7371139526367188,63.5,64.0,6.781
1765485321.9063783,99,28,23,22,25,3.7371139526367188,63.5,64.0,6.781
1765485322.108024,99,51,28,34,33,3.7376251220703125,64.0,64.5,7.934
1765485322.3090277,99,51,28,34,33,3.7376251220703125,64.0,64.5,7.934
1765485322.5141983,99,51,28,34,33,3.7376251220703125,64.0,64.5,7.934
1765485322.715671,99,48,28,35,37,3.7366790771484375,63.5,65.0,8.544
1765485322.9175446,99,48,28,35,37,3.7366790771484375,63.5,65.0,8.544
1765485323.118916,99,28,20,23,30,3.73577880859375,64.0,65.0,8.28
1765485323.320072,99,28,20,23,30,3.73577880859375,64.0,65.0,8.28
1765485323.521412,99,28,20,23,30,3.73577880859375,64.0,65.0,8.28
1765485323.723641,99,35,53,33,39,3.7369117736816406,64.0,65.0,8.014
1765485323.924942,99,35,53,33,39,3.7369117736816406,64.0,65.0,8.014
1765485324.126043,88,27,33,32,24,3.7369918823242188,63.0,64.5,6.038
1765485324.3272557,88,27,33,32,24,3.7369918823242188,63.0,64.5,6.038
1765485324.528436,88,27,33,32,24,3.7369918823242188,63.0,64.5,6.038
1765485324.7295668,99,22,46,20,23,3.7436866760253906,64.0,65.0,8.346
1765485324.9306197,99,22,46,20,23,3.7436866760253906,64.0,65.0,8.346
1765485325.1317995,0,32,23,24,14,3.7437591552734375,63.0,64.0,4.382
1765485325.3330264,0,32,23,24,14,3.7437591552734375,63.0,64.0,4.382
1765485325.5352712,0,32,23,24,14,3.7437591552734375,63.0,64.0,4.382
1765485325.7377837,99,23,33,18,49,3.7442474365234375,64.0,65.0,8.505
1765485325.9396305,99,23,33,18,49,3.7442474365234375,64.0,65.0,8.505
1765485326.1410034,99,45,42,36,40,3.7450027465820312,63.5,65.0,8.928
1765485326.3434346,99,45,42,36,40,3.7450027465820312,63.5,65.0,8.928
1765485326.547252,99,45,42,36,40,3.7450027465820312,63.5,65.0,8.928
1765485326.7489948,99,24,19,19,20,3.7444534301757812,64.0,64.5,7.627
1765485326.9501994,99,24,19,19,20,3.7444534301757812,64.0,64.5,7.627
1765485327.1513476,99,52,36,30,32,3.7451515197753906,63.5,64.5,7.934
1765485327.352839,99,52,36,30,32,3.7451515197753906,63.5,64.5,7.934
1765485327.5548015,99,52,36,30,32,3.7451515197753906,63.5,64.5,7.934
1765485327.7566347,99,32,34,35,24,3.745044708251953,63.5,66.5,6.85
1765485327.9586363,99,32,34,35,24,3.745044708251953,63.5,66.5,6.85
1765485328.1602325,99,24,18,20,34,3.7461471557617188,64.0,65.0,8.808
1765485328.3613338,99,24,18,20,34,3.7461471557617188,64.0,65.0,8.808
1765485328.5624266,99,24,18,20,34,3.7461471557617188,64.0,65.0,8.808
1765485328.763328,99,48,29,40,47,3.7407302856445312,64.0,64.5,8.385
1765485328.9647274,99,48,29,40,47,3.7407302856445312,64.0,64.5,8.385
1765485329.1658158,99,25,18,23,28,3.7407684326171875,64.0,64.5,7.28
1765485329.3671384,99,25,18,23,28,3.7407684326171875,64.0,64.5,7.28
1765485329.5685112,99,25,18,23,28,3.7407684326171875,64.0,64.5,7.28
1765485329.770237,99,39,51,30,28,3.7415084838867188,64.5,65.0,8.001
1765485329.9713905,99,39,51,30,28,3.7415084838867188,64.5,65.0,8.001
1765485330.1725245,99,28,34,36,29,3.7416725158691406,64.0,65.0,8.2
1765485330.3738575,99,28,34,36,29,3.7416725158691406,64.0,65.0,8.2
1765485330.5799587,99,28,34,36,29,3.7416725158691406,64.0,65.0,8.2
1765485330.7820559,99,31,28,20,25,3.741729736328125,64.5,65.0,8.28
1765485330.9832783,99,31,28,20,25,3.741729736328125,64.5,65.0,8.28
1765485331.1845634,99,31,28,20,25,3.741729736328125,64.5,65.0,8.28
1765485331.3875327,99,32,34,30,61,3.7429122924804688,64.0,64.5,8.385
1765485331.5891814,99,32,34,30,61,3.7429122924804688,64.0,64.5,8.385
1765485331.791955,4,31,26,28,10,3.7437667846679688,63.5,64.5,6.149
1765485331.9934237,4,31,26,28,10,3.7437667846679688,63.5,64.5,6.149
1765485332.1946745,4,31,26,28,10,3.7437667846679688,63.5,64.5,6.149
1765485332.395566,99,43,28,23,24,3.7431297302246094,64.0,65.0,8.24
1765485332.5966847,99,43,28,23,24,3.7431297302246094,64.0,65.0,8.24
1765485332.7980828,99,74,50,39,38,3.740894317626953,64.0,65.5,8.808
1765485332.999237,99,74,50,39,38,3.740894317626953,64.0,65.5,8.808
1765485333.200693,99,74,50,39,38,3.740894317626953,64.0,65.5,8.808
1765485333.401738,99,98,38,17,30,3.73382568359375,64.5,66.0,9.294
1765485333.6026964,99,98,38,17,30,3.73382568359375,64.5,66.0,9.294
1765485333.8037353,99,72,40,51,28,3.7316741943359375,64.0,65.0,9.19
1765485334.0061893,99,72,40,51,28,3.7316741943359375,64.0,65.0,9.19
1765485334.2073047,99,72,40,51,28,3.7316741943359375,64.0,65.0,9.19
1765485334.4084754,0,28,30,21,15,3.7310523986816406,63.0,65.0,5.177
1765485334.6098316,0,28,30,21,15,3.7310523986816406,63.0,65.0,5.177
1765485334.811215,99,57,35,26,31,3.7315750122070312,64.0,65.0,8.24
1765485335.0122547,99,57,35,26,31,3.7315750122070312,64.0,65.0,8.24
1765485335.2138655,99,57,35,26,31,3.7315750122070312,64.0,65.0,8.24
1765485335.4152653,99,36,44,46,37,3.7318382263183594,64.0,65.5,8.729
1765485335.618514,99,36,44,46,37,3.7318382263183594,64.0,65.5,8.729
1765485335.8197315,99,18,24,8,18,3.7320556640625,64.5,65.0,8.2
1765485336.0208519,99,18,24,8,18,3.7320556640625,64.5,65.0,8.2
1765485336.2224557,99,18,24,8,18,3.7320556640625,64.5,65.0,8.2
1765485336.4241362,99,32,49,24,32,3.7319374084472656,64.0,64.5,7.775
1765485336.6257408,99,32,49,24,32,3.7319374084472656,64.0,64.5,7.775
1765485336.826852,18,30,27,32,22,3.732738494873047,63.5,64.0,5.917
1765485337.0292401,18,30,27,32,22,3.732738494873047,63.5,64.0,5.917
1765485337.2304928,18,30,27,32,22,3.732738494873047,63.5,64.0,5.917
1765485337.4322388,99,33,36,43,28,3.7330474853515625,64.5,65.0,9.294
1765485337.633477,99,33,36,43,28,3.7330474853515625,64.5,65.0,9.294
1765485337.8346472,99,43,23,32,14,3.7330551147460938,64.0,65.0,8.28
1765485338.0361967,99,43,23,32,14,3.7330551147460938,64.0,65.0,8.28
1765485338.2385912,99,43,23,32,14,3.7330551147460938,64.0,65.0,8.28
1765485338.4402394,99,28,21,16,26,3.7330856323242188,64.0,64.5,6.159
1765485338.6467772,99,28,21,16,26,3.7330856323242188,64.0,64.5,6.159
1765485338.8483145,99,40,35,24,38,3.733142852783203,64.5,65.0,8.425
1765485339.0501056,99,40,35,24,38,3.733142852783203,64.5,65.0,8.425
1765485339.2514083,99,40,35,24,38,3.733142852783203,64.5,65.0,8.425
1765485339.452498,99,34,38,24,27,3.7344436645507812,64.5,65.0,8.465
1765485339.6540453,99,34,38,24,27,3.7344436645507812,64.5,65.0,8.465
1765485339.8558578,99,23,31,28,21,3.7335662841796875,64.0,65.0,8.359
1765485340.0578349,99,23,31,28,21,3.7335662841796875,64.0,65.0,8.359
1765485340.2590957,99,23,31,28,21,3.7335662841796875,64.0,65.0,8.359
1765485340.4611633,99,33,39,40,52,3.7336997985839844,64.0,65.0,7.934
1765485340.6625397,99,33,39,40,52,3.7336997985839844,64.0,65.0,7.934
1765485340.8638005,52,28,33,24,28,3.7344398498535156,63.5,65.0,5.998
1765485341.0658238,52,28,33,24,28,3.7344398498535156,63.5,65.0,5.998
1765485341.267151,52,28,33,24,28,3.7344398498535156,63.5,65.0,5.998
1765485341.469105,99,28,25,25,34,3.7349281311035156,64.5,64.5,8.729
1765485341.6702707,99,28,25,25,34,3.7349281311035156,64.5,64.5,8.729
1765485341.8717368,99,28,25,25,34,3.7349281311035156,64.5,64.5,8.729
1765485342.0728536,99,30,29,27,56,3.735271453857422,64.0,65.0,8.12
1765485342.2747223,99,30,29,27,56,3.735271453857422,64.0,65.0,8.12
1765485342.4757957,99,20,26,30,23,3.7351608276367188,64.5,65.0,7.695
1765485342.6767704,99,20,26,30,23,3.7351608276367188,64.5,65.0,7.695
1765485342.877855,99,20,26,30,23,3.7351608276367188,64.5,65.0,7.695
1765485343.0804799,99,34,34,30,47,3.736949920654297,64.5,65.5,8.928
1765485343.2817404,99,34,34,30,47,3.736949920654297,64.5,65.5,8.928
1765485343.4832487,91,26,22,18,30,3.7360877990722656,63.5,66.0,6.69
1765485343.6844993,91,26,22,18,30,3.7360877990722656,63.5,66.0,6.69
1765485343.8861017,91,26,22,18,30,3.7360877990722656,63.5,66.0,6.69
1765485344.0871632,99,46,29,28,28,3.734455108642578,65.0,65.0,8.425
1765485344.2885904,99,46,29,28,28,3.734455108642578,65.0,65.0,8.425
1765485344.4901466,99,49,30,25,52,3.7370567321777344,64.5,65.0,8.57
1765485344.693322,99,49,30,25,52,3.7370567321777344,64.5,65.0,8.57
1765485344.8958523,99,49,30,25,52,3.7370567321777344,64.5,65.0,8.57
1765485345.0969286,99,20,29,19,10,3.737884521484375,64.0,64.5,7.011
1765485345.2985485,99,20,29,19,10,3.737884521484375,64.0,64.5,7.011
1765485345.5007536,99,49,27,27,31,3.737884521484375,64.0,65.0,8.041
1765485345.7021415,99,49,27,27,31,3.737884521484375,64.0,65.0,8.041
1765485345.903393,99,49,27,27,31,3.737884521484375,64.0,65.0,8.041
1765485346.1046968,99,33,33,36,44,3.7384719848632812,64.0,65.5,8.16
1765485346.3085651,99,33,33,36,44,3.7384719848632812,64.0,65.5,8.16
1765485346.510336,99,33,21,27,25,3.7379531860351562,64.0,65.0,8.425
1765485346.7113986,99,33,21,27,25,3.7379531860351562,64.0,65.0,8.425
1765485346.913147,99,33,21,27,25,3.7379531860351562,64.0,65.0,8.425
1765485347.1143959,99,36,26,24,42,3.738544464111328,64.0,65.0,8.544
1765485347.316303,99,36,26,24,42,3.738544464111328,64.0,65.0,8.544
1765485347.5183659,28,25,20,22,30,3.7388229370117188,63.5,65.0,5.015
1765485347.7195733,28,25,20,22,30,3.7388229370117188,63.5,65.0,5.015
1765485347.9219117,28,25,20,22,30,3.7388229370117188,63.5,65.0,5.015
1765485348.1244843,99,29,37,43,23,3.739147186279297,64.5,65.0,8.28
1765485348.325969,99,29,37,43,23,3.739147186279297,64.5,65.0,8.28
1765485348.529244,99,34,30,50,31,3.7398109436035156,64.5,65.5,8.689
1765485348.7305908,99,34,30,50,31,3.7398109436035156,64.5,65.5,8.689
1765485348.9319608,99,34,30,50,31,3.7398109436035156,64.5,65.5,8.689
1765485349.1329856,99,25,24,28,22,3.739421844482422,64.5,65.0,7.747
1765485349.3344138,99,25,24,28,22,3.739421844482422,64.5,65.0,7.747
1765485349.5357633,99,37,54,26,37,3.7399940490722656,64.5,65.0,8.24
1765485349.7375808,99,37,54,26,37,3.7399940490722656,64.5,65.0,8.24
1765485349.9387336,99,37,54,26,37,3.7399940490722656,64.5,65.0,8.24
1765485350.1401043,1,25,22,30,28,3.739776611328125,63.5,64.5,5.29
1765485350.341531,1,25,22,30,28,3.739776611328125,63.5,64.5,5.29
1765485350.5427063,99,20,24,41,24,3.740985870361328,65.0,65.5,8.928
1765485350.7437873,99,20,24,41,24,3.740985870361328,65.0,65.5,8.928
1765485350.945261,99,20,24,41,24,3.740985870361328,65.0,65.5,8.928
1765485351.1463497,99,34,27,37,30,3.7405853271484375,64.5,65.0,8.28
1765485351.3477013,99,34,27,37,30,3.7405853271484375,64.5,65.0,8.28
1765485351.5487225,99,31,25,12,18,3.7409400939941406,64.0,64.5,6.85
1765485351.749897,99,31,25,12,18,3.7409400939941406,64.0,64.5,6.85
1765485351.951225,99,31,25,12,18,3.7409400939941406,64.0,64.5,6.85
1765485352.153001,99,32,36,49,33,3.7416114807128906,64.5,65.0,8.319
1765485352.3588135,99,32,36,49,33,3.7416114807128906,64.5,65.0,8.319
1765485352.5603514,99,32,36,49,33,3.7416114807128906,64.5,65.0,8.319
1765485352.761858,99,34,20,25,38,3.7418251037597656,64.5,65.5,8.28
1765485352.9640493,99,34,20,25,38,3.7418251037597656,64.5,65.5,8.28
1765485353.1664417,99,27,28,20,36,3.7417640686035156,64.5,65.5,8.385
1765485353.3708491,99,27,28,20,36,3.7417640686035156,64.5,65.5,8.385
1765485353.571937,99,27,28,20,36,3.7417640686035156,64.5,65.5,8.385
1765485353.7740135,99,43,48,26,34,3.7416725158691406,64.5,65.0,8.425
1765485353.9751554,99,43,48,26,34,3.7416725158691406,64.5,65.0,8.425
1765485354.1806602,13,36,21,23,23,3.7428131103515625,64.0,65.5,5.532
1765485354.3821743,13,36,21,23,23,3.7428131103515625,64.0,65.5,5.532
1765485354.5854216,13,36,21,23,23,3.7428131103515625,64.0,65.5,5.532
1765485354.7873144,99,44,27,26,25,3.742462158203125,64.5,65.5,8.425
1765485354.998496,99,44,27,26,25,3.742462158203125,64.5,65.5,8.425
1765485355.2009,99,32,35,62,24,3.7430191040039062,64.5,65.5,8.425
1765485355.402684,99,32,35,62,24,3.7430191040039062,64.5,65.5,8.425
1765485355.6041198,99,32,35,62,24,3.7430191040039062,64.5,65.5,8.425
1765485355.80688,99,28,20,19,22,3.7431106567382812,64.0,65.0,7.735
1765485356.008185,99,28,20,19,22,3.7431106567382812,64.0,65.0,7.735
1765485356.209297,99,57,22,29,25,3.7435264587402344,64.5,66.0,8.848
1765485356.4112716,99,57,22,29,25,3.7435264587402344,64.5,66.0,8.848
1765485356.6128676,99,57,22,29,25,3.7435264587402344,64.5,66.0,8.848
1765485356.814092,99,35,22,26,20,3.7430496215820312,63.5,65.0,7.507
1765485357.015974,99,35,22,26,20,3.7430496215820312,63.5,65.0,7.507
1765485357.21738,99,46,26,21,22,3.7432594299316406,64.5,65.0,7.894
1765485357.418514,99,46,26,21,22,3.7432594299316406,64.5,65.0,7.894
1765485357.619998,99,46,26,21,22,3.7432594299316406,64.5,65.0,7.894
1765485357.821269,99,39,47,36,37,3.742919921875,64.5,66.0,9.334
1765485358.0245197,99,39,47,36,37,3.742919921875,64.5,66.0,9.334
1765485358.2266479,0,23,19,20,21,3.743358612060547,63.5,65.0,5.209
1765485358.4280403,0,23,19,20,21,3.743358612060547,63.5,65.0,5.209
1765485358.6305034,0,23,19,20,21,3.743358612060547,63.5,65.0,5.209
1765485358.8330965,99,36,32,50,33,3.7423362731933594,64.5,65.5,8.624
1765485359.034546,99,36,32,50,33,3.7423362731933594,64.5,65.5,8.624
1765485359.236193,99,31,33,44,31,3.7429351806640625,64.5,66.0,8.319
1765485359.4376762,99,31,33,44,31,3.7429351806640625,64.5,66.0,8.319
1765485359.6387174,99,31,33,44,31,3.7429351806640625,64.5,66.0,8.319
1765485359.8403041,99,22,20,22,19,3.7435531616210938,64.5,65.5,8.65
1765485360.0414987,99,22,20,22,19,3.7435531616210938,64.5,65.5,8.65
1765485360.2427423,99,39,29,40,20,3.742816925048828,64.0,65.0,8.2
1765485360.444016,99,39,29,40,20,3.742816925048828,64.0,65.0,8.2
1765485360.6450522,99,39,29,40,20,3.742816925048828,64.0,65.0,8.2
1765485360.8465312,99,32,31,38,34,3.7431907653808594,63.5,65.0,7.36
1765485361.0485353,99,32,31,38,34,3.7431907653808594,63.5,65.0,7.36
1765485361.2506917,99,28,22,38,26,3.7428817749023438,64.5,65.5,8.28
1765485361.4517758,99,28,22,38,26,3.7428817749023438,64.5,65.5,8.28
1765485361.6528988,99,28,22,38,26,3.7428817749023438,64.5,65.5,8.28
1765485361.8543744,99,43,27,14,28,3.7435226440429688,64.5,65.5,8.967
1765485362.056329,99,43,27,14,28,3.7435226440429688,64.5,65.5,8.967
1765485362.257907,24,26,22,19,14,3.7428245544433594,63.5,65.0,5.29
1765485362.4590359,24,26,22,19,14,3.7428245544433594,63.5,65.0,5.29
1765485362.6608148,24,26,22,19,14,3.7428245544433594,63.5,65.0,5.29
1765485362.863471,99,35,35,52,30,3.7428245544433594,65.0,65.5,8.544
1765485363.0646644,99,35,35,52,30,3.7428245544433594,65.0,65.5,8.544
1765485363.2659664,99,36,49,26,42,3.7434730529785156,64.0,65.5,8.928
1765485363.4673736,99,36,49,26,42,3.7434730529785156,64.0,65.5,8.928
1765485363.669447,99,36,49,26,42,3.7434730529785156,64.0,65.5,8.928
1765485363.872776,99,20,25,16,22,3.7423477172851562,64.5,65.0,7.547
1765485364.0739734,99,20,25,16,22,3.7423477172851562,64.5,65.0,7.547
1765485364.2749336,99,50,37,39,27,3.743152618408203,64.5,65.0,8.12
1765485364.4762616,99,50,37,39,27,3.743152618408203,64.5,65.0,8.12
1765485364.6771998,99,50,37,39,27,3.743152618408203,64.5,65.0,8.12
1765485364.8783813,99,32,25,23,39,3.743316650390625,64.0,66.0,7.468
1765485365.079398,99,32,25,23,39,3.743316650390625,64.0,66.0,7.468
1765485365.2808738,99,32,25,23,39,3.743316650390625,64.0,66.0,7.468
1765485365.4818969,99,23,20,27,37,3.7442779541015625,64.5,65.5,8.505
1765485365.6832333,99,23,20,27,37,3.7442779541015625,64.5,65.5,8.505
1765485365.884457,99,24,48,26,29,3.7435226440429688,64.5,65.5,8.385
1765485366.0860145,99,24,48,26,29,3.7435226440429688,64.5,65.5,8.385
1765485366.2870755,99,24,48,26,29,3.7435226440429688,64.5,65.5,8.385
1765485366.4880912,0,32,30,19,18,3.7439117431640625,63.5,65.0,5.33
1765485366.6891093,0,32,30,19,18,3.7439117431640625,63.5,65.0,5.33
1765485366.8912137,99,45,26,29,28,3.7443466186523438,64.5,65.5,8.544
1765485367.0926037,99,45,26,29,28,3.7443466186523438,64.5,65.5,8.544
1765485367.2938566,99,45,26,29,28,3.7443466186523438,64.5,65.5,8.544
1765485367.4951425,99,30,28,32,48,3.745086669921875,64.5,65.5,8.689
1765485367.698235,99,30,28,32,48,3.745086669921875,64.5,65.5,8.689
1765485367.8998349,99,24,25,27,25,3.743976593017578,64.5,65.0,8.014
1765485368.1009836,99,24,25,27,25,3.743976593017578,64.5,65.0,8.014
1765485368.3023198,99,24,25,27,25,3.743976593017578,64.5,65.0,8.014
1765485368.5045063,99,32,51,31,44,3.744983673095703,64.5,65.5,8.306
1765485368.7063699,99,32,51,31,44,3.744983673095703,64.5,65.5,8.306
1765485368.907818,46,39,23,29,29,3.7460365295410156,64.0,65.0,5.917
1765485369.1093464,46,39,23,29,29,3.7460365295410156,64.0,65.0,5.917
1765485369.3108523,46,39,23,29,29,3.7460365295410156,64.0,65.0,5.917
1765485369.5121057,99,40,24,28,22,3.7465057373046875,64.5,65.0,8.425
1765485369.7134452,99,40,24,28,22,3.7465057373046875,64.5,65.0,8.425
1765485369.9150193,99,28,43,44,30,3.745758056640625,64.5,65.0,8.12
1765485370.1161997,99,28,43,44,30,3.745758056640625,64.5,65.0,8.12
1765485370.320922,99,28,43,44,30,3.745758056640625,64.5,65.0,8.12
1765485370.5226717,99,26,24,24,18,3.7467041015625,64.5,64.5,7.24
1765485370.724426,99,26,24,24,18,3.7467041015625,64.5,64.5,7.24
1765485370.9256768,99,31,24,36,45,3.7480392456054688,64.5,66.0,8.425
1765485371.1271083,99,31,24,36,45,3.7480392456054688,64.5,66.0,8.425
1765485371.32839,99,31,24,36,45,3.7480392456054688,64.5,66.0,8.425
1765485371.5295794,99,27,35,30,32,3.748027801513672,64.0,65.5,8.081
1765485371.7312067,99,27,35,30,32,3.748027801513672,64.0,65.5,8.081
1765485371.9330359,99,23,31,26,17,3.7476806640625,65.0,65.0,8.16
1765485372.1343331,99,23,31,26,17,3.7476806640625,65.0,65.0,8.16
1765485372.3355055,99,23,31,26,17,3.7476806640625,65.0,65.0,8.16
1765485372.5368867,99,53,48,28,42,3.748271942138672,64.5,65.5,8.967
1765485372.7397335,99,53,48,28,42,3.748271942138672,64.5,65.5,8.967
1765485372.9410567,15,23,22,32,16,3.7490882873535156,63.5,65.5,5.015
1765485373.1424525,15,23,22,32,16,3.7490882873535156,63.5,65.5,5.015
1765485373.3441756,15,23,22,32,16,3.7490882873535156,63.5,65.5,5.015
1765485373.547777,99,34,45,23,26,3.7485084533691406,65.0,65.0,8.346
1765485373.7504795,99,34,45,23,26,3.7485084533691406,65.0,65.0,8.346
1765485373.9514232,99,28,59,35,21,3.7485084533691406,64.0,65.0,8.12
1765485374.1533499,99,28,59,35,21,3.7485084533691406,64.0,65.0,8.12
1765485374.3546383,99,28,59,35,21,3.7485084533691406,64.0,65.0,8.12
1765485374.5555723,99,30,16,14,27,3.74969482421875,65.0,64.5,8.054
1765485374.7568378,99,30,16,14,27,3.74969482421875,65.0,64.5,8.054
1765485374.9582334,99,30,16,14,27,3.74969482421875,65.0,64.5,8.054
1765485375.1596985,99,25,48,28,22,3.7492828369140625,65.0,65.5,8.24
1765485375.3609848,99,25,48,28,22,3.7492828369140625,65.0,65.5,8.24
1765485375.5622041,48,30,20,38,35,3.748973846435547,63.5,67.0,5.685
1765485375.7635546,48,30,20,38,35,3.748973846435547,63.5,67.0,5.685
1765485375.964985,48,30,20,38,35,3.748973846435547,63.5,67.0,5.685
1765485376.1665068,99,32,15,36,25,3.7494468688964844,65.0,65.5,8.505
1765485376.3677156,99,32,15,36,25,3.7494468688964844,65.0,65.5,8.505
1765485376.5692365,99,29,51,26,36,3.7505111694335938,64.5,66.0,9.032
1765485376.7722523,99,29,51,26,36,3.7505111694335938,64.5,66.0,9.032
1765485376.9745512,99,29,51,26,36,3.7505111694335938,64.5,66.0,9.032
1765485377.176404,99,21,19,28,19,3.7497482299804688,64.5,65.0,6.078
1765485377.3780203,99,21,19,28,19,3.7497482299804688,64.5,65.0,6.078
1765485377.5798194,99,47,41,32,42,3.7504005432128906,65.0,65.5,7.974
1765485377.7814684,99,47,41,32,42,3.7504005432128906,65.0,65.5,7.974
1765485377.9823241,99,47,41,32,42,3.7504005432128906,65.0,65.5,7.974
1765485378.1834972,99,50,34,26,42,3.7504005432128906,64.5,65.5,8.505
1765485378.3847654,99,50,34,26,42,3.7504005432128906,64.5,65.5,8.505
1765485378.586158,99,34,15,19,21,3.750835418701172,64.5,65.5,8.689
1765485378.7873633,99,34,15,19,21,3.750835418701172,64.5,65.5,8.689
1765485378.9887707,99,34,15,19,21,3.750835418701172,64.5,65.5,8.689
1765485379.1901193,99,53,25,28,28,3.750152587890625,65.0,65.0,8.041
1765485379.3920147,99,53,25,28,28,3.750152587890625,65.0,65.0,8.041
1765485379.5933566,27,30,24,28,29,3.750774383544922,64.0,64.5,5.096
1765485379.795478,27,30,24,28,29,3.750774383544922,64.0,64.5,5.096
1765485379.9968266,27,30,24,28,29,3.750774383544922,64.0,64.5,5.096
1765485380.1980023,99,47,22,35,30,3.751972198486328,65.5,65.5,8.888
1765485380.3989115,99,47,22,35,30,3.751972198486328,65.5,65.5,8.888
1765485380.601901,99,42,21,21,28,3.7554969787597656,63.5,65.5,6.58
1765485380.8032937,99,42,21,21,28,3.7554969787597656,63.5,65.5,6.58
1765485381.005229,99,42,21,21,28,3.7554969787597656,63.5,65.5,6.58
1765485381.208297,99,34,21,32,23,3.758350372314453,64.5,65.0,7.854
1765485381.410559,99,34,21,32,23,3.758350372314453,64.5,65.0,7.854
1765485381.6117115,99,48,37,48,36,3.758838653564453,64.5,66.0,8.689
1765485381.813926,99,48,37,48,36,3.758838653564453,64.5,66.0,8.689
1765485382.0152476,99,48,37,48,36,3.758838653564453,64.5,66.0,8.689
1765485382.216594,87,27,24,20,23,3.7597427368164062,63.5,65.5,6.511
1765485382.419225,87,27,24,20,23,3.7597427368164062,63.5,65.5,6.511
1765485382.620391,99,35,33,34,44,3.7592239379882812,65.0,66.5,9.111
1765485382.8215265,99,35,33,34,44,3.7592239379882812,65.0,66.5,9.111
1765485383.0226054,99,35,33,34,44,3.7592239379882812,65.0,66.5,9.111
1765485383.2237449,99,36,43,34,35,3.7574119567871094,64.0,65.0,7.24
1765485383.4259903,99,36,43,34,35,3.7574119567871094,64.0,65.0,7.24
1765485383.6272893,99,28,32,26,18,3.7573280334472656,65.0,65.0,8.346
1765485383.8282518,99,28,32,26,18,3.7573280334472656,65.0,65.0,8.346
1765485384.030048,99,28,32,26,18,3.7573280334472656,65.0,65.0,8.346
1765485384.231097,99,32,24,26,42,3.7580108642578125,65.0,66.0,8.953
1765485384.4332585,99,32,24,26,42,3.7580108642578125,65.0,66.0,8.953
1765485384.634606,33,29,18,26,14,3.7581863403320312,64.0,65.0,5.177
1765485384.8358727,33,29,18,26,14,3.7581863403320312,64.0,65.0,5.177
1765485385.037501,33,29,18,26,14,3.7581863403320312,64.0,65.0,5.177
1765485385.2399406,99,27,30,54,27,3.7587203979492188,64.5,65.5,8.425
1765485385.4418986,99,27,30,54,27,3.7587203979492188,64.5,65.5,8.425
1765485385.6430495,99,27,30,54,27,3.7587203979492188,64.5,65.5,8.425
1765485385.8446226,99,35,46,37,25,3.7597923278808594,64.5,65.5,8.689
1765485386.0469322,99,35,46,37,25,3.7597923278808594,64.5,65.5,8.689
1765485386.2486067,99,28,20,26,24,3.7588462829589844,64.5,65.5,7.627
1765485386.4497037,99,28,20,26,24,3.7588462829589844,64.5,65.5,7.627
1765485386.6565006,99,28,20,26,24,3.7588462829589844,64.5,65.5,7.627
1765485386.8583891,0,37,28,31,40,3.7616119384765625,62.5,64.5,2.821
1765485387.0595968,0,37,28,31,40,3.7616119384765625,62.5,64.5,2.821
1765485387.2620027,99,46,28,54,50,3.7581748962402344,64.5,65.5,8.65
1765485387.4636917,99,46,28,54,50,3.7581748962402344,64.5,65.5,8.65
1765485387.6650786,99,46,28,54,50,3.7581748962402344,64.5,65.5,8.65
1765485387.8662314,63,23,25,27,26,3.749797821044922,63.5,65.5,5.837
1765485388.067454,63,23,25,27,26,3.749797821044922,63.5,65.5,5.837
1765485388.2695343,99,27,46,29,24,3.722492218017578,64.5,65.5,8.425
1765485388.4710166,99,27,46,29,24,3.722492218017578,64.5,65.5,8.425
1765485388.6720996,99,27,46,29,24,3.722492218017578,64.5,65.5,8.425
1765485388.8735754,99,43,29,50,33,3.722461700439453,64.0,65.0,8.319
1765485389.0750425,99,43,29,50,33,3.722461700439453,64.0,65.0,8.319
1765485389.2759588,99,21,20,23,19,3.7233200073242188,64.5,65.5,8.054
1765485389.4773192,99,21,20,23,19,3.7233200073242188,64.5,65.5,8.054
1765485389.6785297,99,21,20,23,19,3.7233200073242188,64.5,65.5,8.054
1765485389.8795984,99,39,30,20,24,3.7237205505371094,64.0,65.5,8.2
1765485390.0804973,99,39,30,20,24,3.7237205505371094,64.0,65.5,8.2
1765485390.2815814,99,24,39,35,32,3.723102569580078,64.0,65.5,7.934
1765485390.4829047,99,24,39,35,32,3.723102569580078,64.0,65.5,7.934
1765485390.6853514,99,24,39,35,32,3.723102569580078,64.0,65.5,7.934
1765485390.8869183,99,34,20,25,23,3.723194122314453,64.5,65.0,8.2
1765485391.0880585,99,34,20,25,23,3.723194122314453,64.5,65.0,8.2
1765485391.2892146,99,35,39,41,38,3.725250244140625,65.0,66.0,9.294
1765485391.4912453,99,35,39,41,38,3.725250244140625,65.0,66.0,9.294
1765485391.6926157,99,35,39,41,38,3.725250244140625,65.0,66.0,9.294
1765485391.8938875,31,22,16,22,18,3.7240943908691406,64.0,65.0,5.532
1765485392.0954854,31,22,16,22,18,3.7240943908691406,64.0,65.0,5.532
1765485392.296689,99,35,48,33,40,3.7243385314941406,65.0,65.5,8.346
1765485392.4978204,99,35,48,33,40,3.7243385314941406,65.0,65.5,8.346
1765485392.6989546,99,35,48,33,40,3.7243385314941406,65.0,65.5,8.346
1765485392.900236,99,32,37,41,30,3.724834442138672,64.0,65.5,7.587
1765485393.102439,99,32,37,41,30,3.724834442138672,64.0,65.5,7.587
1765485393.3036547,99,22,21,28,19,3.7258262634277344,64.5,65.0,8.729
1765485393.5051434,99,22,21,28,19,3.7258262634277344,64.5,65.0,8.729
1765485393.706721,99,22,21,28,19,3.7258262634277344,64.5,65.0,8.729
1765485393.9078882,99,32,40,29,22,3.7253341674804688,64.5,65.0,7.974
1765485394.1092958,99,32,40,29,22,3.7253341674804688,64.5,65.0,7.974
1765485394.3104322,83,32,26,32,28,3.7255020141601562,63.5,64.5,4.975
1765485394.5116584,83,32,26,32,28,3.7255020141601562,63.5,64.5,4.975
1765485394.7126567,83,32,26,32,28,3.7255020141601562,63.5,64.5,4.975
1765485394.91376,0,51,40,46,44,3.7506027221679688,63.0,65.5,3.587
1765485395.1151416,0,51,40,46,44,3.7506027221679688,63.0,65.5,3.587
1765485395.3161585,0,51,40,46,44,3.7506027221679688,63.0,65.5,3.587
1765485395.5175605,99,18,56,15,7,3.7776756286621094,64.0,65.5,8.12
1765485395.7195096,99,18,56,15,7,3.7776756286621094,64.0,65.5,8.12
1765485395.920765,8,39,25,23,38,3.7669219970703125,63.0,66.0,4.934
1765485396.1221478,8,39,25,23,38,3.7669219970703125,63.0,66.0,4.934
1765485396.323942,8,39,25,23,38,3.7669219970703125,63.0,66.0,4.934
1765485396.5259876,99,37,28,34,47,3.7140274047851562,64.0,65.0,7.974
1765485396.7270827,99,37,28,34,47,3.7140274047851562,64.0,65.0,7.974
1765485396.928254,70,31,26,26,21,3.7153167724609375,63.5,65.5,5.877
1765485397.1293223,70,31,26,26,21,3.7153167724609375,63.5,65.5,5.877
1765485397.3319616,70,31,26,26,21,3.7153167724609375,63.5,65.5,5.877
1765485397.5335689,99,26,25,38,18,3.7145729064941406,64.5,65.0,8.16
1765485397.7420335,99,26,25,38,18,3.7145729064941406,64.5,65.0,8.16
1765485397.9440453,99,25,37,51,31,3.714588165283203,64.5,65.0,8.24
1765485398.1453338,99,25,37,51,31,3.714588165283203,64.5,65.0,8.24
1765485398.3465889,99,25,37,51,31,3.714588165283203,64.5,65.0,8.24
1765485398.54765,99,24,24,23,23,3.7147064208984375,64.5,64.5,7.32
1765485398.749562,99,24,24,23,23,3.7147064208984375,64.5,64.5,7.32
1765485398.9511135,99,26,48,31,24,3.7150650024414062,64.5,66.0,8.808
1765485399.1522317,99,26,48,31,24,3.7150650024414062,64.5,66.0,8.808
1765485399.3533273,99,26,48,31,24,3.7150650024414062,64.5,66.0,8.808
1765485399.554439,99,35,26,30,33,3.7150039672851562,64.5,65.5,7.974
1765485399.7564135,99,35,26,30,33,3.7150039672851562,64.5,65.5,7.974
1765485399.9588032,99,24,29,24,30,3.7155609130859375,65.0,65.5,8.729
1765485400.1605732,99,24,29,24,30,3.7155609130859375,65.0,65.5,8.729
1765485400.3617418,99,24,29,24,30,3.7155609130859375,65.0,65.5,8.729
1765485400.5645573,99,34,56,27,28,3.7156715393066406,65.0,65.5,8.24
1765485400.766621,99,34,56,27,28,3.7156715393066406,65.0,65.5,8.24
1765485400.9680388,76,28,25,22,18,3.7160873413085938,64.0,65.5,6.038
1765485401.169142,76,28,25,22,18,3.7160873413085938,64.0,65.5,6.038
1765485401.3709717,76,28,25,22,18,3.7160873413085938,64.0,65.5,6.038
1765485401.5741932,99,37,40,39,28,3.7157859802246094,64.5,65.5,8.2
1765485401.776123,99,37,40,39,28,3.7157859802246094,64.5,65.5,8.2
1765485401.977176,99,40,37,34,46,3.719348907470703,64.5,65.5,8.425
1765485402.178677,99,40,37,34,46,3.719348907470703,64.5,65.5,8.425
1765485402.3797302,99,40,37,34,46,3.719348907470703,64.5,65.5,8.425
1765485402.5810661,99,26,20,22,30,3.7207260131835938,64.0,65.5,6.891
1765485402.7827964,99,26,20,22,30,3.7207260131835938,64.0,65.5,6.891
1765485402.9839964,99,26,20,22,30,3.7207260131835938,64.0,65.5,6.891
1765485403.1851444,99,25,48,27,28,3.7197494506835938,64.5,65.0,8.001
1765485403.386262,99,25,48,27,28,3.7197494506835938,64.5,65.0,8.001
1765485403.5875094,99,35,50,20,28,3.7203903198242188,64.5,65.5,8.12
1765485403.7888048,99,35,50,20,28,3.7203903198242188,64.5,65.5,8.12
1765485403.9902394,99,35,50,20,28,3.7203903198242188,64.5,65.5,8.12
1765485404.191432,99,26,21,23,29,3.7206268310546875,64.5,65.5,8.346
1765485404.3926768,99,26,21,23,29,3.7206268310546875,64.5,65.5,8.346
1765485404.594045,99,28,22,31,57,3.719196319580078,65.0,65.5,8.544
1765485404.7967126,99,28,22,31,57,3.719196319580078,65.0,65.5,8.544
1765485404.9981697,99,28,22,31,57,3.719196319580078,65.0,65.5,8.544
1765485405.2000806,70,25,20,16,18,3.718128204345703,63.5,65.0,5.451
1765485405.4019349,70,25,20,16,18,3.718128204345703,63.5,65.0,5.451
1765485405.6038215,99,54,34,32,32,3.7186012268066406,64.5,65.5,8.425
1765485405.8050044,99,54,34,32,32,3.7186012268066406,64.5,65.5,8.425
1765485406.0060635,99,54,34,32,32,3.7186012268066406,64.5,65.5,8.425
1765485406.2072542,99,38,46,36,56,3.7209129333496094,64.0,65.5,8.65
1765485406.4086704,99,38,46,36,56,3.7209129333496094,64.0,65.5,8.65
1765485406.6100676,99,23,16,20,18,3.7214317321777344,64.5,65.5,7.974
1765485406.8112285,99,23,16,20,18,3.7214317321777344,64.5,65.5,7.974
1765485407.014317,99,23,16,20,18,3.7214317321777344,64.5,65.5,7.974
1765485407.2156148,99,29,28,30,43,3.7211952209472656,64.5,65.0,7.854
1765485407.416973,99,29,28,30,43,3.7211952209472656,64.5,65.0,7.854
1765485407.618158,99,42,26,22,30,3.7215042114257812,63.5,66.0,7.28
1765485407.8193552,99,42,26,22,30,3.7215042114257812,63.5,66.0,7.28
1765485408.0205274,99,42,26,22,30,3.7215042114257812,63.5,66.0,7.28
1765485408.222684,99,30,30,21,25,3.722614288330078,65.0,65.5,8.584
1765485408.4239752,99,30,30,21,25,3.722614288330078,65.0,65.5,8.584
1765485408.6249826,99,33,16,20,40,3.7218589782714844,65.0,65.0,8.28
1765485408.8266985,99,33,16,20,40,3.7218589782714844,65.0,65.0,8.28
1765485409.0283084,99,33,16,20,40,3.7218589782714844,65.0,65.0,8.28
1765485409.2297683,22,27,24,28,24,3.722492218017578,64.0,65.0,5.451
1765485409.4320471,22,27,24,28,24,3.722492218017578,64.0,65.0,5.451
1765485409.6336927,99,36,30,54,25,3.723041534423828,65.0,65.5,8.425
1765485409.8361688,99,36,30,54,25,3.723041534423828,65.0,65.5,8.425
1765485410.0382302,99,36,30,54,25,3.723041534423828,65.0,65.5,8.425
1765485410.239287,99,31,26,38,45,3.7237930297851562,65.0,65.5,8.346
1765485410.4423704,99,31,26,38,45,3.7237930297851562,65.0,65.5,8.346
1765485410.6440501,99,25,22,16,30,3.722919464111328,65.0,65.0,8.2
1765485410.845381,99,25,22,16,30,3.722919464111328,65.0,65.0,8.2
1765485411.046604,99,25,22,16,30,3.722919464111328,65.0,65.0,8.2
1765485411.2484565,99,43,35,48,29,3.7243118286132812,64.5,65.5,8.081
1765485411.4496806,99,43,35,48,29,3.7243118286132812,64.5,65.5,8.081
1765485411.6510983,99,43,35,48,29,3.7243118286132812,64.5,65.5,8.081
1765485411.8524764,84,29,22,20,28,3.724781036376953,63.5,65.0,5.411
1765485412.0541654,84,29,22,20,28,3.724781036376953,63.5,65.0,5.411
1765485412.255483,99,47,26,26,19,3.725475311279297,65.0,65.5,8.729
1765485412.4565563,99,47,26,26,19,3.725475311279297,65.0,65.5,8.729
1765485412.657928,99,47,26,26,19,3.725475311279297,65.0,65.5,8.729
1765485412.85928,99,38,51,28,22,3.7263755798339844,64.5,65.5,8.2
1765485413.061023,99,38,51,28,22,3.7263755798339844,64.5,65.5,8.2
1765485413.2622342,99,31,18,22,23,3.727130889892578,64.5,65.0,6.931
1765485413.4634368,99,31,18,22,23,3.727130889892578,64.5,65.0,6.931
1765485413.664957,99,31,18,22,23,3.727130889892578,64.5,65.0,6.931
1765485413.8675337,99,47,32,29,42,3.7276344299316406,65.0,65.5,8.689
1765485414.0686536,99,47,32,29,42,3.7276344299316406,65.0,65.5,8.689
1765485414.2697906,99,34,24,22,36,3.727275848388672,64.5,66.0,8.385
1765485414.4708006,99,34,24,22,36,3.727275848388672,64.5,66.0,8.385
1765485414.6720512,99,34,24,22,36,3.727275848388672,64.5,66.0,8.385
1765485414.8734086,99,21,56,30,26,3.721569061279297,65.0,66.0,8.689
1765485415.0745683,99,21,56,30,26,3.721569061279297,65.0,66.0,8.689
1765485415.275875,99,54,45,36,27,3.7236671447753906,65.0,66.0,8.359
1765485415.4781313,99,54,45,36,27,3.7236671447753906,65.0,66.0,8.359
1765485415.6792045,99,54,45,36,27,3.7236671447753906,65.0,66.0,8.359
1765485415.880305,17,24,24,23,16,3.7245559692382812,64.0,66.0,5.998
1765485416.0814826,17,24,24,23,16,3.7245559692382812,64.0,66.0,5.998
1765485416.2832527,99,33,42,26,29,3.7242431640625,65.0,66.0,8.808
1765485416.4844408,99,33,42,26,29,3.7242431640625,65.0,66.0,8.808
1765485416.6858222,99,33,42,26,29,3.7242431640625,65.0,66.0,8.808
1765485416.8872814,99,38,51,29,22,3.7244338989257812,64.5,65.5,7.974
1765485417.088484,99,38,51,29,22,3.7244338989257812,64.5,65.5,7.974
1765485417.2894342,99,19,22,20,24,3.724761962890625,65.0,65.5,8.054
1765485417.4904804,99,19,22,20,24,3.724761962890625,65.0,65.5,8.054
1765485417.6925662,99,19,22,20,24,3.724761962890625,65.0,65.5,8.054
1765485417.8938942,99,27,43,27,27,3.7253456115722656,65.0,66.0,8.729
1765485418.0948443,99,27,43,27,27,3.7253456115722656,65.0,66.0,8.729
1765485418.2958243,99,32,26,35,32,3.7251968383789062,64.5,66.5,7.747
1765485418.4970264,99,32,26,35,32,3.7251968383789062,64.5,66.5,7.747
1765485418.6993937,99,32,26,35,32,3.7251968383789062,64.5,66.5,7.747
1765485418.9026265,99,24,28,29,33,3.7258224487304688,65.0,65.5,7.974
1765485419.104019,99,24,28,29,33,3.7258224487304688,65.0,65.5,7.974
1765485419.304959,99,30,33,30,52,3.7271652221679688,64.5,66.0,9.19
1765485419.5073252,99,30,33,30,52,3.7271652221679688,64.5,66.0,9.19
1765485419.7099094,99,30,33,30,52,3.7271652221679688,64.5,66.0,9.19
1765485419.9114058,33,25,16,18,11,3.7263641357421875,64.0,65.5,5.096
1765485420.1125832,33,25,16,18,11,3.7263641357421875,64.0,65.5,5.096
1765485420.3140047,99,48,46,36,42,3.727672576904297,65.0,66.0,8.385
1765485420.5152981,99,48,46,36,42,3.727672576904297,65.0,66.0,8.385
1765485420.7166896,99,48,46,36,42,3.727672576904297,65.0,66.0,8.385
1765485420.918647,99,28,52,28,36,3.7283401489257812,64.5,65.5,8.12
1765485421.1206932,99,28,52,28,36,3.7283401489257812,64.5,65.5,8.12
1765485421.322273,99,28,52,28,36,3.7283401489257812,64.5,65.5,8.12
1765485421.5233674,99,23,23,26,19,3.728649139404297,65.0,66.0,8.584
1765485421.7248394,99,23,23,26,19,3.728649139404297,65.0,66.0,8.584
1765485421.926363,99,44,25,27,27,3.728008270263672,64.5,66.0,8.266
1765485422.1276026,99,44,25,27,27,3.728008270263672,64.5,66.0,8.266
1765485422.3328497,99,44,25,27,27,3.728008270263672,64.5,66.0,8.266
1765485422.5357878,0,16,37,26,25,3.7285995483398438,63.5,65.0,4.934
1765485422.7371027,0,16,37,26,25,3.7285995483398438,63.5,65.0,4.934
1765485422.938678,99,36,33,27,34,3.728839874267578,65.5,66.0,8.848
1765485423.139975,99,36,33,27,34,3.728839874267578,65.5,66.0,8.848
1765485423.3410861,99,36,33,27,34,3.728839874267578,65.5,66.0,8.848
1765485423.5426264,99,51,22,31,25,3.729785919189453,65.0,65.5,8.729
1765485423.7447553,99,51,22,31,25,3.729785919189453,65.0,65.5,8.729
1765485423.9465833,99,16,24,22,24,3.7297134399414062,65.0,66.0,7.44
1765485424.1477063,99,16,24,22,24,3.7297134399414062,65.0,66.0,7.44
1765485424.349429,99,16,24,22,24,3.7297134399414062,65.0,66.0,7.44
1765485424.5521672,99,40,36,35,49,3.7296524047851562,65.0,65.5,8.2
1765485424.7538626,99,40,36,35,49,3.7296524047851562,65.0,65.5,8.2
1765485424.954925,99,35,30,34,36,3.7307815551757812,64.5,66.0,8.584
1765485425.156015,99,35,30,34,36,3.7307815551757812,64.5,66.0,8.584
1765485425.3575847,99,35,30,34,36,3.7307815551757812,64.5,66.0,8.584
1765485425.5586386,99,26,16,16,28,3.7298011779785156,64.5,65.5,8.505
1765485425.759743,99,26,16,16,28,3.7298011779785156,64.5,65.5,8.505
1765485425.9611099,99,30,32,47,37,3.730304718017578,64.5,65.5,7.814
1765485426.1626806,99,30,32,47,37,3.730304718017578,64.5,65.5,7.814
1765485426.3640263,99,30,32,47,37,3.730304718017578,64.5,65.5,7.814
1765485426.5655766,29,29,27,32,26,3.730266571044922,63.5,65.5,5.249
1765485426.7667077,29,29,27,32,26,3.730266571044922,63.5,65.5,5.249
1765485426.9680784,99,42,30,28,24,3.7313766479492188,65.0,66.0,9.215
1765485427.1690114,99,42,30,28,24,3.7313766479492188,65.0,66.0,9.215
1765485427.3706276,99,42,30,28,24,3.7313766479492188,65.0,66.0,9.215
1765485427.571755,99,46,20,28,29,3.7308578491210938,65.0,66.0,8.081
1765485427.7733145,99,46,20,28,29,3.7308578491210938,65.0,66.0,8.081
1765485427.9745836,99,18,30,26,25,3.731109619140625,64.5,65.0,7.16
1765485428.1759002,99,18,30,26,25,3.731109619140625,64.5,65.0,7.16
1765485428.3772252,99,18,30,26,25,3.731109619140625,64.5,65.0,7.16
1765485428.5789235,99,25,23,29,51,3.7320556640625,65.0,65.5,8.346
1765485428.780101,99,25,23,29,51,3.7320556640625,65.0,65.5,8.346
1765485428.9811873,99,22,26,36,40,3.733489990234375,64.5,66.5,7.587
1765485429.1823385,99,22,26,36,40,3.733489990234375,64.5,66.5,7.587
1765485429.3843381,99,22,26,36,40,3.733489990234375,64.5,66.5,7.587
1765485429.5872302,99,24,38,25,27,3.7332229614257812,64.5,65.5,7.854
1765485429.7891831,99,24,38,25,27,3.7332229614257812,64.5,65.5,7.854
1765485429.9902134,99,49,38,38,40,3.7329444885253906,64.5,66.0,8.531
1765485430.1923518,99,49,38,38,40,3.7329444885253906,64.5,66.0,8.531
1765485430.3935707,99,49,38,38,40,3.7329444885253906,64.5,66.0,8.531
1765485430.5949125,6,22,25,28,18,3.7338600158691406,64.5,65.5,6.239
1765485430.7968824,6,22,25,28,18,3.7338600158691406,64.5,65.5,6.239
1765485430.9980776,99,28,22,25,37,3.73345947265625,65.0,65.5,8.319
1765485431.199142,99,28,22,25,37,3.73345947265625,65.0,65.5,8.319
1765485431.4004116,99,28,22,25,37,3.73345947265625,65.0,65.5,8.319
1765485431.6020188,99,40,32,44,32,3.7336959838867188,64.5,66.5,8.28
1765485431.8050206,99,40,32,44,32,3.7336959838867188,64.5,66.5,8.28
1765485432.0064058,99,40,32,44,32,3.7336959838867188,64.5,66.5,8.28
1765485432.2081797,99,25,18,26,22,3.7340660095214844,65.0,66.0,7.814
1765485432.4099207,99,25,18,26,22,3.7340660095214844,65.0,66.0,7.814
1765485432.6110418,99,56,26,30,24,3.7349205017089844,65.0,66.0,8.729
1765485432.8155274,99,56,26,30,24,3.7349205017089844,65.0,66.0,8.729
1765485433.0179298,99,56,26,30,24,3.7349205017089844,65.0,66.0,8.729
1765485433.2191513,0,23,31,16,25,3.7344017028808594,64.0,65.0,5.128
1765485433.422387,0,23,31,16,25,3.7344017028808594,64.0,65.0,5.128
1765485433.6243608,99,31,32,29,44,3.7351112365722656,65.0,65.5,8.425
1765485433.828872,99,31,32,29,44,3.7351112365722656,65.0,65.5,8.425
1765485434.0303864,99,31,32,29,44,3.7351112365722656,65.0,65.5,8.425
1765485434.2320652,99,36,50,44,40,3.7379493713378906,65.0,66.0,9.215
1765485434.4340665,99,36,50,44,40,3.7379493713378906,65.0,66.0,9.215
1765485434.6350505,99,14,14,13,19,3.737751007080078,64.5,65.0,7.091
1765485434.8362446,99,14,14,13,19,3.737751007080078,64.5,65.0,7.091
1765485435.0381482,99,14,14,13,19,3.737751007080078,64.5,65.0,7.091
1765485435.2394364,99,39,32,44,36,3.737689971923828,65.0,65.5,7.854
1765485435.4404218,99,39,32,44,36,3.737689971923828,65.0,65.5,7.854
1765485435.641825,99,42,39,29,27,3.738372802734375,64.0,65.5,7.775
1765485435.8430855,99,42,39,29,27,3.738372802734375,64.0,65.5,7.775
1765485436.045549,99,42,39,29,27,3.738372802734375,64.0,65.5,7.775
1765485436.2465253,99,27,37,30,24,3.739410400390625,64.5,65.5,8.769
1765485436.4475543,99,27,37,30,24,3.739410400390625,64.5,65.5,8.769
1765485436.6485493,99,26,34,16,40,3.7385482788085938,64.5,66.0,8.61
1765485436.849787,99,26,34,16,40,3.7385482788085938,64.5,66.0,8.61
1765485437.0513728,99,26,34,16,40,3.7385482788085938,64.5,66.0,8.61
1765485437.252509,33,21,26,19,30,3.7386932373046875,63.5,65.0,5.096
1765485437.453777,33,21,26,19,30,3.7386932373046875,63.5,65.0,5.096
1765485437.655524,99,26,32,32,44,3.7387924194335938,65.0,66.0,8.769
1765485437.8565536,99,26,32,32,44,3.7387924194335938,65.0,66.0,8.769
1765485438.0577576,99,26,32,32,44,3.7387924194335938,65.0,66.0,8.769
1765485438.2589128,99,26,44,36,32,3.739604949951172,65.0,66.5,8.888
1765485438.4609995,99,26,44,36,32,3.739604949951172,65.0,66.5,8.888
1765485438.6627114,99,31,23,18,23,3.7392616271972656,65.0,65.5,7.775
1765485438.8638964,99,31,23,18,23,3.7392616271972656,65.0,65.5,7.775
1765485439.0659857,99,31,23,18,23,3.7392616271972656,65.0,65.5,7.775
1765485439.267617,99,31,47,32,52,3.739288330078125,65.0,65.5,8.24
1765485439.4687147,99,31,47,32,52,3.739288330078125,65.0,65.5,8.24
1765485439.6699245,99,36,37,35,37,3.7399330139160156,64.0,67.5,8.081
1765485439.8714967,99,36,37,35,37,3.7399330139160156,64.0,67.5,8.081
1765485440.076507,99,36,37,35,37,3.7399330139160156,64.0,67.5,8.081
1765485440.2779152,99,16,33,22,17,3.739532470703125,65.0,66.0,8.001
1765485440.4789145,99,16,33,22,17,3.739532470703125,65.0,66.0,8.001
1765485440.6800783,99,30,27,48,32,3.7397384643554688,65.0,66.0,8.346
1765485440.8815439,99,30,27,48,32,3.7397384643554688,65.0,66.0,8.346
1765485441.0835197,99,30,27,48,32,3.7397384643554688,65.0,66.0,8.346
1765485441.2845936,34,22,32,35,20,3.7398719787597656,64.0,65.0,5.564
1765485441.4872072,34,22,32,35,20,3.7398719787597656,64.0,65.0,5.564
1765485441.6891425,34,22,32,35,20,3.7398719787597656,64.0,65.0,5.564
1765485441.8912024,99,35,24,48,30,3.7406654357910156,65.0,67.0,9.492
1765485442.0925279,99,35,24,48,30,3.7406654357910156,65.0,67.0,9.492
1765485442.2935667,99,40,20,28,18,3.7400169372558594,65.0,66.0,8.081
1765485442.4953763,99,40,20,28,18,3.7400169372558594,65.0,66.0,8.081
1765485442.6968656,99,40,20,28,18,3.7400169372558594,65.0,66.0,8.081
1765485442.8981278,99,20,20,19,26,3.7401084899902344,64.5,65.5,7.587
1765485443.0991023,99,20,20,19,26,3.7401084899902344,64.5,65.5,7.587
1765485443.3008835,99,38,45,31,37,3.739990234375,65.0,65.5,8.041
1765485443.5037155,99,38,45,31,37,3.739990234375,65.0,65.5,8.041
1765485443.704969,99,38,45,31,37,3.739990234375,65.0,65.5,8.041
1765485443.9060848,99,36,29,35,30,3.7407760620117188,64.5,66.5,8.769
1765485444.109388,99,36,29,35,30,3.7407760620117188,64.5,66.5,8.769
1765485444.312224,99,37,20,22,30,3.740467071533203,65.0,65.5,8.306
1765485444.5185058,99,37,20,22,30,3.740467071533203,65.0,65.5,8.306
1765485444.7200046,99,37,20,22,30,3.740467071533203,65.0,65.5,8.306
1765485444.923003,99,38,29,43,43,3.7402267456054688,65.0,66.0,8.28
1765485445.1247466,99,38,29,43,43,3.7402267456054688,65.0,66.0,8.28
1765485445.3258274,73,28,20,28,34,3.740581512451172,64.0,65.5,6.189
1765485445.526781,73,28,20,28,34,3.740581512451172,64.0,65.5,6.189
1765485445.727872,73,28,20,28,34,3.740581512451172,64.0,65.5,6.189
1765485445.9290075,99,47,23,19,34,3.75738525390625,64.5,65.5,8.505
1765485446.132092,99,47,23,19,34,3.75738525390625,64.5,65.5,8.505
1765485446.3335445,99,26,26,27,16,3.757457733154297,64.5,65.5,7.28
1765485446.5349345,99,26,26,27,16,3.757457733154297,64.5,65.5,7.28
1765485446.7367117,99,26,26,27,16,3.757457733154297,64.5,65.5,7.28
1765485446.9397054,99,50,25,49,32,3.757007598876953,65.0,65.5,7.735
1765485447.1410089,99,50,25,49,32,3.757007598876953,65.0,65.5,7.735
1765485447.3422408,99,33,34,38,42,3.758106231689453,65.0,67.5,8.689
1765485447.5435429,99,33,34,38,42,3.758106231689453,65.0,67.5,8.689
1765485447.7448578,99,33,34,38,42,3.758106231689453,65.0,67.5,8.689
1765485447.9458792,99,26,32,18,19,3.7572250366210938,65.0,65.5,8.385
1765485448.1470504,99,26,32,18,19,3.7572250366210938,65.0,65.5,8.385
1765485448.3489637,99,42,32,38,30,3.7570266723632812,65.0,65.5,8.266
1765485448.550261,99,42,32,38,30,3.7570266723632812,65.0,65.5,8.266
1765485448.7513819,99,42,32,38,30,3.7570266723632812,65.0,65.5,8.266
1765485448.9524615,99,27,27,30,23,3.7575759887695312,64.0,65.5,6.118
1765485449.1539607,99,27,27,30,23,3.7575759887695312,64.0,65.5,6.118
1765485449.3555028,99,32,20,41,28,3.758472442626953,65.5,66.5,9.255
1765485449.5564241,99,32,20,41,28,3.758472442626953,65.5,66.5,9.255
1765485449.7575169,99,32,20,41,28,3.758472442626953,65.5,66.5,9.255
1765485449.959062,99,42,24,34,17,3.7570152282714844,64.5,65.5,8.16
1765485450.1604636,99,42,24,34,17,3.7570152282714844,64.5,65.5,8.16
1765485450.3614113,99,26,25,26,24,3.757183074951172,65.0,65.5,7.24
1765485450.562464,99,26,25,26,24,3.757183074951172,65.0,65.5,7.24
1765485450.766022,99,26,25,26,24,3.757183074951172,65.0,65.5,7.24
1765485450.9680235,99,35,39,34,49,3.7572555541992188,65.0,65.5,8.465
1765485451.1691902,99,35,39,34,49,3.7572555541992188,65.0,65.5,8.465
1765485451.3705342,99,24,37,22,25,3.75787353515625,64.5,65.5,8.306
1765485451.5716443,99,24,37,22,25,3.75787353515625,64.5,65.5,8.306
1765485451.774929,99,24,37,22,25,3.75787353515625,64.5,65.5,8.306
1765485451.9761398,99,20,32,22,23,3.757335662841797,65.0,65.5,8.28
1765485452.1772118,99,20,32,22,23,3.757335662841797,65.0,65.5,8.28
1765485452.3819478,99,20,32,22,23,3.757335662841797,65.0,65.5,8.28
1765485452.5841217,99,48,38,45,36,3.7580413818359375,65.5,65.5,8.24
1765485452.7852652,99,48,38,45,36,3.7580413818359375,65.5,65.5,8.24
1765485452.986497,57,20,22,30,24,3.7588958740234375,64.5,66.5,6.229
1765485453.1880033,57,20,22,30,24,3.7588958740234375,64.5,66.5,6.229
1765485453.3893907,57,20,22,30,24,3.7588958740234375,64.5,66.5,6.229
1765485453.5903332,99,28,35,26,26,3.758159637451172,65.0,66.0,8.584
1765485453.7916574,99,28,35,26,26,3.758159637451172,65.0,66.0,8.584
1765485453.993858,99,39,30,54,24,3.7583541870117188,65.0,66.0,8.346
1765485454.1951475,99,39,30,54,24,3.7583541870117188,65.0,66.0,8.346
1765485454.396563,99,39,30,54,24,3.7583541870117188,65.0,66.0,8.346
1765485454.5978932,99,20,28,18,26,3.758514404296875,65.0,65.5,7.44
1765485454.799943,99,20,28,18,26,3.758514404296875,65.0,65.5,7.44
1765485455.00136,99,24,30,33,44,3.7590789794921875,65.5,66.5,8.729
1765485455.2033849,99,24,30,33,44,3.7590789794921875,65.5,66.5,8.729
1765485455.405063,99,24,30,33,44,3.7590789794921875,65.5,66.5,8.729
1765485455.6062438,99,20,29,44,21,3.7583961486816406,65.0,66.5,8.16
1765485455.8083627,99,20,29,44,21,3.7583961486816406,65.0,66.5,8.16
1765485456.0101752,99,29,16,20,24,3.7585105895996094,65.0,66.0,8.2
1765485456.211401,99,29,16,20,24,3.7585105895996094,65.0,66.0,8.2
1765485456.412317,99,29,16,20,24,3.7585105895996094,65.0,66.0,8.2
1765485456.6147819,99,28,34,39,51,3.758777618408203,65.0,66.0,8.769
1765485456.8170836,99,28,34,39,51,3.758777618408203,65.0,66.0,8.769
1765485457.0184133,0,23,18,28,12,3.7588539123535156,64.5,65.0,5.096
1765485457.2194524,0,23,18,28,12,3.7588539123535156,64.5,65.0,5.096
1765485457.4206336,0,23,18,28,12,3.7588539123535156,64.5,65.0,5.096
1765485457.623242,99,38,49,41,28,3.75921630859375,65.0,66.0,8.61
1765485457.8246167,99,38,49,41,28,3.75921630859375,65.0,66.0,8.61
1765485458.0261014,99,32,36,52,34,3.759868621826172,65.0,66.0,8.729
1765485458.2283385,99,32,36,52,34,3.759868621826172,65.0,66.0,8.729
1765485458.4297438,99,32,36,52,34,3.759868621826172,65.0,66.0,8.729
1765485458.6312447,99,30,20,23,16,3.7604408264160156,65.5,65.5,7.854
1765485458.8338413,99,30,20,23,16,3.7604408264160156,65.5,65.5,7.854
1765485459.035569,99,43,20,28,31,3.759929656982422,65.0,65.5,8.24
1765485459.2428384,99,43,20,28,31,3.759929656982422,65.0,65.5,8.24
1765485459.443969,99,43,20,28,31,3.759929656982422,65.0,65.5,8.24
1765485459.6462402,99,39,32,30,34,3.7601661682128906,64.5,66.5,7.894
1765485459.8476386,99,39,32,30,34,3.7601661682128906,64.5,66.5,7.894
1765485460.0494142,99,26,24,18,37,3.7604904174804688,65.5,65.5,8.266
1765485460.250838,99,26,24,18,37,3.7604904174804688,65.5,65.5,8.266
1765485460.4519732,99,26,24,18,37,3.7604904174804688,65.5,65.5,8.266
1765485460.6533558,99,37,44,25,33,3.761913299560547,65.5,66.0,9.032
1765485460.8563547,99,37,44,25,33,3.761913299560547,65.5,66.0,9.032
1765485461.057693,28,34,20,25,14,3.761016845703125,64.0,66.0,4.982
1765485461.258997,28,34,20,25,14,3.761016845703125,64.0,66.0,4.982
1765485461.4610803,28,34,20,25,14,3.761016845703125,64.0,66.0,4.982
1765485461.663041,99,48,33,26,32,3.7614669799804688,65.0,66.0,8.306
1765485461.864169,99,48,33,26,32,3.7614669799804688,65.0,66.0,8.306
1765485462.0660162,99,42,30,38,46,3.7629318237304688,65.0,66.5,8.808
1765485462.2685337,99,42,30,38,46,3.7629318237304688,65.0,66.5,8.808
1765485462.47187,99,42,30,38,46,3.7629318237304688,65.0,66.5,8.808
1765485462.6734312,99,18,23,26,21,3.7617034912109375,65.0,66.0,8.081
1765485462.8743289,99,18,23,26,21,3.7617034912109375,65.0,66.0,8.081
1765485463.0754895,99,39,41,25,34,3.7623672485351562,65.0,66.0,8.041
1765485463.2766573,99,39,41,25,34,3.7623672485351562,65.0,66.0,8.041
1765485463.477561,99,39,41,25,34,3.7623672485351562,65.0,66.0,8.041
1765485463.678829,0,30,33,26,27,3.762889862060547,64.0,65.5,5.837
1765485463.8814933,0,30,33,26,27,3.762889862060547,64.0,65.5,5.837
1765485464.0828493,0,30,33,26,27,3.762889862060547,64.0,65.5,5.837
1765485464.2837987,99,24,36,29,19,3.7638702392578125,65.5,66.0,9.413
1765485464.4849436,99,24,36,29,19,3.7638702392578125,65.5,66.0,9.413
1765485464.6860442,99,25,30,20,37,3.7632064819335938,64.5,65.5,8.12
1765485464.8878071,99,25,30,20,37,3.7632064819335938,64.5,65.5,8.12
1765485465.089391,99,25,30,20,37,3.7632064819335938,64.5,65.5,8.12
1765485465.290819,99,22,18,27,26,3.7634429931640625,64.5,65.5,6.47
1765485465.4918835,99,22,18,27,26,3.7634429931640625,64.5,65.5,6.47
1765485465.6935601,99,51,31,35,30,3.764354705810547,65.0,66.0,8.346
1765485465.8949637,99,51,31,35,30,3.764354705810547,65.0,66.0,8.346
1765485466.0961325,99,51,31,35,30,3.764354705810547,65.0,66.0,8.346
1765485466.2970994,99,21,33,38,34,3.765239715576172,65.0,67.0,8.544
1765485466.499663,99,21,33,38,34,3.765239715576172,65.0,67.0,8.544
1765485466.7024426,99,41,24,26,20,3.7642784118652344,65.0,66.0,8.2
1765485466.9068084,99,41,24,26,20,3.7642784118652344,65.0,66.0,8.2
1765485467.1079924,99,41,24,26,20,3.7642784118652344,65.0,66.0,8.2
1765485467.3103461,99,40,40,46,35,3.764842987060547,65.0,66.5,8.65
1765485467.511668,99,40,40,46,35,3.764842987060547,65.0,66.5,8.65
1765485467.7126544,16,28,26,34,22,3.7656211853027344,64.0,66.0,5.846
1765485467.9144583,16,28,26,34,22,3.7656211853027344,64.0,66.0,5.846
1765485468.1161723,16,28,26,34,22,3.7656211853027344,64.0,66.0,5.846
1765485468.317767,99,43,29,21,23,3.765369415283203,65.0,66.0,8.24
1765485468.5188992,99,43,29,21,23,3.765369415283203,65.0,66.0,8.24
1765485468.7200308,99,31,28,49,31,3.76580810546875,65.0,66.5,8.306
1765485468.9209828,99,31,28,49,31,3.76580810546875,65.0,66.5,8.306
1765485469.1230886,99,31,28,49,31,3.76580810546875,65.0,66.5,8.306
1765485469.3247156,99,28,26,24,16,3.7660789489746094,65.5,66.0,8.16
1765485469.5263338,99,28,26,24,16,3.7660789489746094,65.5,66.0,8.16
1765485469.7272983,99,34,28,22,53,3.7667617797851562,65.0,66.0,8.65
1765485469.930884,99,34,28,22,53,3.7667617797851562,65.0,66.0,8.65
1765485470.1321013,99,34,28,22,53,3.7667617797851562,65.0,66.0,8.65
1765485470.3332634,0,32,16,14,24,3.7662429809570312,64.0,65.5,5.209
1765485470.5387635,0,32,16,14,24,3.7662429809570312,64.0,65.5,5.209
1765485470.7402074,99,40,32,37,31,3.766498565673828,65.5,66.0,8.689
1765485470.9413068,99,40,32,37,31,3.766498565673828,65.5,66.0,8.689
1765485471.1426334,99,40,32,37,31,3.766498565673828,65.5,66.0,8.689
1765485471.3438764,99,50,43,39,37,3.7662582397460938,65.0,66.5,9.072
1765485471.5469122,99,50,43,39,37,3.7662582397460938,65.0,66.5,9.072
1765485471.7481992,99,21,20,18,20,3.7675323486328125,65.0,65.5,7.468
1765485471.9495587,99,21,20,18,20,3.7675323486328125,65.0,65.5,7.468
1765485472.1520054,99,21,20,18,20,3.7675323486328125,65.0,65.5,7.468
1765485472.3538826,99,32,38,50,31,3.7667770385742188,65.0,66.5,8.465
1765485472.554969,99,32,38,50,31,3.7667770385742188,65.0,66.5,8.465
1765485472.7563155,99,29,36,47,27,3.7665443420410156,65.0,67.0,8.12
1765485472.958407,99,29,36,47,27,3.7665443420410156,65.0,67.0,8.12
1765485473.159823,99,29,36,47,27,3.7665443420410156,65.0,67.0,8.12
1765485473.3617635,99,27,24,24,25,3.7668075561523438,65.5,66.5,9.151
1765485473.5629416,99,27,24,24,25,3.7668075561523438,65.5,66.5,9.151
1765485473.7640965,99,27,24,24,25,3.7668075561523438,65.5,66.5,9.151
1765485473.965413,99,18,41,16,35,3.766742706298828,65.5,66.5,7.894
1765485474.166851,99,18,41,16,35,3.766742706298828,65.5,66.5,7.894
1765485474.3683734,92,26,22,20,34,3.766551971435547,64.0,65.0,4.975
1765485474.569493,92,26,22,20,34,3.766551971435547,64.0,65.0,4.975
1765485474.771294,92,26,22,20,34,3.766551971435547,64.0,65.0,4.975
1765485474.97414,99,47,31,24,30,3.766773223876953,65.5,66.0,8.425
1765485475.1758332,99,47,31,24,30,3.766773223876953,65.5,66.0,8.425
1765485475.3767915,99,38,54,32,32,3.767955780029297,65.0,66.5,9.111
1765485475.5789502,99,38,54,32,32,3.767955780029297,65.0,66.5,9.111
1765485475.7811348,99,38,54,32,32,3.767955780029297,65.0,66.5,9.111
1765485475.9838877,99,19,25,21,16,3.767681121826172,65.0,65.5,7.2
1765485476.1851006,99,19,25,21,16,3.767681121826172,65.0,65.5,7.2
1765485476.386802,99,45,92,62,45,3.7599563598632812,65.0,66.5,8.953
1765485476.5881534,99,45,92,62,45,3.7599563598632812,65.0,66.5,8.953
1765485476.7912781,99,45,92,62,45,3.7599563598632812,65.0,66.5,8.953
1765485476.9929547,99,30,39,33,39,3.7639808654785156,65.0,67.0,7.587
1765485477.1951325,99,30,39,33,39,3.7639808654785156,65.0,67.0,7.587
1765485477.3971083,99,21,28,24,19,3.7643775939941406,65.5,66.5,8.505
1765485477.5995064,99,21,28,24,19,3.7643775939941406,65.5,66.5,8.505
1765485477.801766,99,21,28,24,19,3.7643775939941406,65.5,66.5,8.505
1765485478.003173,99,51,28,28,26,3.7647171020507812,65.0,66.0,8.425
1765485478.204903,99,51,28,28,26,3.7647171020507812,65.0,66.0,8.425
1765485478.4063063,4,29,23,21,24,3.7649993896484375,65.0,65.5,5.532
1765485478.6081955,4,29,23,21,24,3.7649993896484375,65.0,65.5,5.532
1765485478.8094459,4,29,23,21,24,3.7649993896484375,65.0,65.5,5.532
1765485479.0114765,99,40,35,29,36,3.7647438049316406,65.5,66.5,9.255
1765485479.212902,99,40,35,29,36,3.7647438049316406,65.5,66.5,9.255
1765485479.414027,99,34,22,41,14,3.7648773193359375,65.0,66.5,8.12
1765485479.6153333,99,34,22,41,14,3.7648773193359375,65.0,66.5,8.12
1765485479.8182907,99,34,22,41,14,3.7648773193359375,65.0,66.5,8.12
1765485480.0196712,99,29,26,20,26,3.7652740478515625,65.0,65.5,8.041
1765485480.2209196,99,29,26,20,26,3.7652740478515625,65.0,65.5,8.041
1765485480.4226635,99,40,43,46,38,3.7663116455078125,65.0,66.0,8.2
1765485480.6253529,99,40,43,46,38,3.7663116455078125,65.0,66.0,8.2
1765485480.827096,99,40,43,46,38,3.7663116455078125,65.0,66.0,8.2
1765485481.0281286,2,31,32,26,22,3.767169952392578,64.0,66.0,5.572
1765485481.2302282,2,31,32,26,22,3.767169952392578,64.0,66.0,5.572
1765485481.431794,99,31,29,26,43,3.7664718627929688,65.5,66.0,8.544
1765485481.6328158,99,31,29,26,43,3.7664718627929688,65.5,66.0,8.544
1765485481.834168,99,31,29,26,43,3.7664718627929688,65.5,66.0,8.544
1765485482.0355206,99,53,32,23,30,3.7664566040039062,65.0,66.0,8.2
1765485482.2369895,99,53,32,23,30,3.7664566040039062,65.0,66.0,8.2
1765485482.4380405,99,28,27,21,19,3.7672996520996094,65.0,66.0,7.627
1765485482.6390996,99,28,27,21,19,3.7672996520996094,65.0,66.0,7.627
1765485482.8409917,99,28,27,21,19,3.7672996520996094,65.0,66.0,7.627
1765485483.0425732,99,22,26,26,42,3.7678489685058594,65.0,66.5,8.465
1765485483.244222,99,22,26,26,42,3.7678489685058594,65.0,66.5,8.465
1765485483.4459164,99,39,23,26,32,3.76800537109375,65.0,66.5,7.735
1765485483.6472712,99,39,23,26,32,3.76800537109375,65.0,66.5,7.735
1765485483.8495061,99,39,23,26,32,3.76800537109375,65.0,66.5,7.735
1765485484.0517805,99,24,34,29,22,3.7684555053710938,65.5,66.0,8.12
1765485484.253054,99,24,34,29,22,3.7684555053710938,65.5,66.0,8.12
1765485484.4541929,99,29,50,34,38,3.769855499267578,65.5,66.5,9.334
1765485484.6555061,99,29,50,34,38,3.769855499267578,65.5,66.5,9.334
1765485484.8591228,99,29,50,34,38,3.769855499267578,65.5,66.5,9.334
1765485485.0607655,21,21,21,22,17,3.7687606811523438,64.5,65.5,5.29
1765485485.2618134,21,21,21,22,17,3.7687606811523438,64.5,65.5,5.29
1765485485.463113,21,21,21,22,17,3.7687606811523438,64.5,65.5,5.29
1765485485.6651087,99,43,35,29,47,3.76885986328125,65.5,66.0,8.385
1765485485.8663585,99,43,35,29,47,3.76885986328125,65.5,66.0,8.385
1765485486.068498,99,34,60,34,36,3.7702674865722656,65.0,66.0,8.505
1765485486.270989,99,34,60,34,36,3.7702674865722656,65.0,66.0,8.505
1765485486.472256,99,34,60,34,36,3.7702674865722656,65.0,66.0,8.505
1765485486.6734579,99,24,40,29,26,3.7687225341796875,65.5,67.0,9.294
1765485486.8746483,99,24,40,29,26,3.7687225341796875,65.5,67.0,9.294
1765485487.0757484,99,33,38,51,46,3.762317657470703,65.5,66.0,8.081
1765485487.2770443,99,33,38,51,46,3.762317657470703,65.5,66.0,8.081
1765485487.4785848,99,33,38,51,46,3.762317657470703,65.5,66.0,8.081
1765485487.6797662,64,35,27,30,30,3.764495849609375,64.0,65.5,5.998
1765485487.8812084,64,35,27,30,30,3.764495849609375,64.0,65.5,5.998
1765485488.0823865,99,41,26,24,18,3.7645835876464844,65.0,66.0,8.544
1765485488.2833326,99,41,26,24,18,3.7645835876464844,65.0,66.0,8.544
1765485488.4844384,99,41,26,24,18,3.7645835876464844,65.0,66.0,8.544
1765485488.6854038,99,30,29,51,29,3.7663726806640625,65.0,66.5,8.689
1765485488.8866835,99,30,29,51,29,3.7663726806640625,65.0,66.5,8.689
1765485489.0876284,99,33,29,23,23,3.7660293579101562,64.5,65.5,6.43
1765485489.2890267,99,33,29,23,23,3.7660293579101562,64.5,65.5,6.43
1765485489.491529,99,33,29,23,23,3.7660293579101562,64.5,65.5,6.43
1765485489.6951692,99,35,35,35,59,3.7663536071777344,65.5,66.0,7.814
1765485489.8995504,99,35,35,35,59,3.7663536071777344,65.5,66.0,7.814
1765485490.1007075,99,43,31,36,32,3.7667617797851562,65.0,67.0,8.928
1765485490.302166,99,43,31,36,32,3.7667617797851562,65.0,67.0,8.928
1765485490.5037143,99,43,31,36,32,3.7667617797851562,65.0,67.0,8.928
1765485490.7050753,99,20,30,14,16,3.767192840576172,65.0,66.0,8.385
1765485490.907387,99,20,30,14,16,3.767192840576172,65.0,66.0,8.385
1765485491.1085167,99,37,27,27,54,3.76763916015625,65.5,66.0,8.24
1765485491.30991,99,37,27,27,54,3.76763916015625,65.5,66.0,8.24
1765485491.5114295,99,37,27,27,54,3.76763916015625,65.5,66.0,8.24
1765485491.7125769,90,27,24,32,26,3.7683868408203125,64.5,65.5,5.523
1765485491.9142196,90,27,24,32,26,3.7683868408203125,64.5,65.5,5.523
1765485492.1154714,99,29,46,26,26,3.7693939208984375,65.5,66.5,8.888
1765485492.3169975,99,29,46,26,26,3.7693939208984375,65.5,66.5,8.888
1765485492.5186796,99,29,46,26,26,3.7693939208984375,65.5,66.5,8.888
1765485492.72012,99,32,28,43,27,3.7691802978515625,65.5,66.0,8.346
1765485492.9214444,99,32,28,43,27,3.7691802978515625,65.5,66.0,8.346
1765485493.1226025,99,32,28,43,27,3.7691802978515625,65.5,66.0,8.346
1765485493.3236558,99,22,28,19,25,3.7697601318359375,65.0,65.5,7.507
1765485493.5248926,99,22,28,19,25,3.7697601318359375,65.0,65.5,7.507
1765485493.727513,99,50,30,32,38,3.7698593139648438,65.5,66.0,8.041
1765485493.9308228,99,50,30,32,38,3.7698593139648438,65.5,66.0,8.041
1765485494.134635,99,50,30,32,38,3.7698593139648438,65.5,66.0,8.041
1765485494.3356318,99,30,28,31,27,3.7705650329589844,65.0,67.0,8.306
1765485494.5375905,99,30,28,31,27,3.7705650329589844,65.0,67.0,8.306
1765485494.739351,99,30,12,30,34,3.7702980041503906,65.5,66.0,8.2
1765485494.9406903,99,30,12,30,34,3.7702980041503906,65.5,66.0,8.2
1765485495.142278,99,30,12,30,34,3.7702980041503906,65.5,66.0,8.2
1765485495.3442934,99,38,32,32,47,3.770477294921875,65.5,66.5,8.385
1765485495.54559,99,38,32,32,47,3.770477294921875,65.5,66.5,8.385
1765485495.7469895,29,30,30,31,27,3.7712020874023438,64.5,66.5,5.877
1765485495.9482794,29,30,30,31,27,3.7712020874023438,64.5,66.5,5.877
1765485496.1495786,29,30,30,31,27,3.7712020874023438,64.5,66.5,5.877
1765485496.3509471,99,26,44,31,23,3.7711868286132812,65.5,66.0,8.624
