ts,gpu,cpu1,cpu2,cpu3,cpu4,ram,temp_gpu,temp_cpu,power
1765483351.2378802,0,26,52,14,8,3.6881637573242188,57.5,59.5,2.658
1765483351.4390783,99,73,68,66,69,3.6809463500976562,46.0,48.0,9.072
1765483351.6403208,99,73,68,66,69,3.6809463500976562,46.0,48.0,9.072
1765483351.8412373,99,73,68,66,69,3.6809463500976562,46.0,48.0,9.072
1765483352.0424345,14,59,34,47,57,3.6815109252929688,45.5,46.5,4.658
1765483352.2437491,14,59,34,47,57,3.6815109252929688,45.5,46.5,4.658
1765483352.4449735,99,50,46,34,56,3.667339324951172,46.0,46.5,7.854
1765483352.646746,99,50,46,34,56,3.667339324951172,46.0,46.5,7.854
1765483352.8479757,99,50,46,34,56,3.667339324951172,46.0,46.5,7.854
1765483353.0489724,9,23,16,22,24,3.6693649291992188,45.0,46.5,4.658
1765483353.2505615,9,23,16,22,24,3.6693649291992188,45.0,46.5,4.658
1765483353.4523315,99,37,57,33,29,3.6692733764648438,45.5,45.5,6.741
1765483353.6537461,99,37,57,33,29,3.6692733764648438,45.5,45.5,6.741
1765483353.8547332,99,37,57,33,29,3.6692733764648438,45.5,45.5,6.741
1765483354.0559556,8,25,24,18,28,3.6704139709472656,45.0,46.0,4.104
1765483354.2571256,8,25,24,18,28,3.6704139709472656,45.0,46.0,4.104
1765483354.4582403,99,46,34,42,31,3.6707687377929688,46.0,46.0,7.4
1765483354.6613996,99,46,34,42,31,3.6707687377929688,46.0,46.0,7.4
1765483354.8628867,99,46,34,42,31,3.6707687377929688,46.0,46.0,7.4
1765483355.0642295,11,25,26,16,16,3.6713905334472656,45.0,46.0,4.219
1765483355.2665954,11,25,26,16,16,3.6713905334472656,45.0,46.0,4.219
1765483355.468172,99,42,48,38,34,3.6707382202148438,45.5,45.5,7.011
1765483355.6694918,99,42,48,38,34,3.6707382202148438,45.5,45.5,7.011
1765483355.8713162,99,42,48,38,34,3.6707382202148438,45.5,45.5,7.011
1765483356.072646,11,24,22,25,24,3.67010498046875,45.0,46.5,4.26
1765483356.274155,11,24,22,25,24,3.67010498046875,45.0,46.5,4.26
1765483356.475395,99,28,61,25,24,3.6710243225097656,46.0,46.5,7.32
1765483356.6779485,99,28,61,25,24,3.6710243225097656,46.0,46.5,7.32
1765483356.8795922,99,28,61,25,24,3.6710243225097656,46.0,46.5,7.32
1765483357.080934,31,18,21,21,23,3.6703758239746094,45.5,45.5,4.422
1765483357.2821527,31,18,21,21,23,3.6703758239746094,45.5,45.5,4.422
1765483357.4836571,99,42,49,36,36,3.670490264892578,46.0,45.5,6.58
1765483357.6860435,99,42,49,36,36,3.670490264892578,46.0,45.5,6.58
1765483357.8902576,99,42,49,36,36,3.670490264892578,46.0,45.5,6.58
1765483358.0914383,60,33,31,32,26,3.665393829345703,45.0,46.5,4.942
1765483358.29284,60,33,31,32,26,3.665393829345703,45.0,46.5,4.942
1765483358.494089,99,26,63,24,30,3.666217803955078,46.5,46.0,7.24
1765483358.6959808,99,26,63,24,30,3.666217803955078,46.5,46.0,7.24
1765483358.8989065,99,26,63,24,30,3.666217803955078,46.5,46.0,7.24
1765483359.1003218,87,25,14,20,24,3.665313720703125,45.5,46.0,4.463
1765483359.3012857,87,25,14,20,24,3.665313720703125,45.5,46.0,4.463
1765483359.502517,87,25,14,20,24,3.665313720703125,45.5,46.0,4.463
1765483359.7045777,99,32,26,28,58,3.665416717529297,46.5,46.0,6.551
1765483359.9057908,99,32,26,28,58,3.665416717529297,46.5,46.0,6.551
1765483360.1069381,64,28,26,27,29,3.6661300659179688,45.0,46.5,5.136
1765483360.3082278,64,28,26,27,29,3.6661300659179688,45.0,46.5,5.136
1765483360.5094566,64,28,26,27,29,3.6661300659179688,45.0,46.5,5.136
1765483360.710884,99,20,57,21,20,3.665416717529297,46.5,46.0,6.58
1765483360.912911,99,20,57,21,20,3.665416717529297,46.5,46.0,6.58
1765483361.1142912,27,33,26,18,20,3.6656532287597656,45.0,46.0,4.226
1765483361.3156188,27,33,26,18,20,3.6656532287597656,45.0,46.0,4.226
1765483361.5174754,27,33,26,18,20,3.6656532287597656,45.0,46.0,4.226
1765483361.7217824,99,25,33,33,61,3.6652984619140625,46.0,46.0,6.741
1765483361.9238467,99,25,33,33,61,3.6652984619140625,46.0,46.0,6.741
1765483362.1253555,6,30,18,18,24,3.666107177734375,45.5,47.5,4.544
1765483362.326457,6,30,18,18,24,3.666107177734375,45.5,47.5,4.544
1765483362.529454,6,30,18,18,24,3.666107177734375,45.5,47.5,4.544
1765483362.7313607,99,26,24,27,56,3.665172576904297,46.5,46.0,6.661
1765483362.932399,99,26,24,27,56,3.665172576904297,46.5,46.0,6.661
1765483363.1354842,19,33,29,40,36,3.6611289978027344,45.5,46.0,4.226
1765483363.3365977,19,33,29,40,36,3.6611289978027344,45.5,46.0,4.226
1765483363.5378256,19,33,29,40,36,3.6611289978027344,45.5,46.0,4.226
1765483363.7404704,99,33,48,40,32,3.661334991455078,46.5,46.5,7.051
1765483363.9438684,99,33,48,40,32,3.661334991455078,46.5,46.5,7.051
1765483364.149411,9,24,28,20,14,3.6612930297851562,45.5,47.0,4.267
1765483364.3507848,9,24,28,20,14,3.6612930297851562,45.5,47.0,4.267
1765483364.5521832,9,24,28,20,14,3.6612930297851562,45.5,47.0,4.267
1765483364.753713,99,38,57,39,22,3.6607284545898438,46.5,46.5,6.902
1765483364.9552736,99,38,57,39,22,3.6607284545898438,46.5,46.5,6.902
1765483365.15675,17,26,35,24,18,3.6611595153808594,46.0,47.0,4.301
1765483365.357919,17,26,35,24,18,3.6611595153808594,46.0,47.0,4.301
1765483365.5590239,17,26,35,24,18,3.6611595153808594,46.0,47.0,4.301
1765483365.7614734,99,38,28,56,33,3.663219451904297,46.5,47.0,7.468
1765483365.9637032,99,38,28,56,33,3.663219451904297,46.5,47.0,7.468
1765483366.1648762,10,26,16,12,19,3.6626853942871094,45.5,47.0,3.901
1765483366.366227,10,26,16,12,19,3.6626853942871094,45.5,47.0,3.901
1765483366.5672557,10,26,16,12,19,3.6626853942871094,45.5,47.0,3.901
1765483366.7701817,99,48,47,55,36,3.664775848388672,46.5,46.0,6.81
1765483366.9775627,99,48,47,55,36,3.664775848388672,46.5,46.0,6.81
1765483367.1788306,7,20,30,26,19,3.6651611328125,45.5,47.0,4.382
1765483367.3801153,7,20,30,26,19,3.6651611328125,45.5,47.0,4.382
1765483367.581156,7,20,30,26,19,3.6651611328125,45.5,47.0,4.382
1765483367.7832565,99,30,64,28,25,3.6660842895507812,46.5,46.5,7.16
1765483367.9857173,99,30,64,28,25,3.6660842895507812,46.5,46.5,7.16
1765483368.1868234,0,20,23,12,20,3.6651077270507812,45.5,46.0,4.145
1765483368.3879433,0,20,23,12,20,3.6651077270507812,45.5,46.0,4.145
1765483368.5893192,0,20,23,12,20,3.6651077270507812,45.5,46.0,4.145
1765483368.7916884,99,40,52,45,44,3.6648712158203125,46.0,46.5,6.85
1765483368.9930894,99,40,52,45,44,3.6648712158203125,46.0,46.5,6.85
1765483369.1942108,62,24,25,39,28,3.6672286987304688,46.0,46.5,5.532
1765483369.3952215,62,24,25,39,28,3.6672286987304688,46.0,46.5,5.532
1765483369.597411,62,24,25,39,28,3.6672286987304688,46.0,46.5,5.532
1765483369.7990239,99,38,63,25,32,3.6632118225097656,46.5,46.5,7.2
1765483370.0022252,99,38,63,25,32,3.6632118225097656,46.5,46.5,7.2
1765483370.2035635,99,23,16,25,25,3.6622962951660156,45.5,46.0,5.015
1765483370.4046936,99,23,16,25,25,3.6622962951660156,45.5,46.0,5.015
1765483370.6060104,99,23,16,25,25,3.6622962951660156,45.5,46.0,5.015
1765483370.8080225,99,29,32,56,42,3.663280487060547,46.5,46.5,6.741
1765483371.010893,99,29,32,56,42,3.663280487060547,46.5,46.5,6.741
1765483371.2126238,99,23,18,25,25,3.6635665893554688,46.5,46.0,6.821
1765483371.4138436,99,23,18,25,25,3.6635665893554688,46.5,46.0,6.821
1765483371.615367,99,23,18,25,25,3.6635665893554688,46.5,46.0,6.821
1765483371.8165765,99,24,22,20,65,3.6628952026367188,47.0,46.0,6.781
1765483372.0192869,99,24,22,20,65,3.6628952026367188,47.0,46.0,6.781
1765483372.2205596,99,24,22,20,65,3.6628952026367188,47.0,46.0,6.781
1765483372.4215133,97,27,26,21,25,3.6631431579589844,46.0,46.5,5.492
1765483372.6226254,97,27,26,21,25,3.6631431579589844,46.0,46.5,5.492
1765483372.8253229,99,46,29,54,30,3.663299560546875,47.0,47.0,7.091
1765483373.0275505,99,46,29,54,30,3.663299560546875,47.0,47.0,7.091
1765483373.228573,99,46,29,54,30,3.663299560546875,47.0,47.0,7.091
1765483373.4298353,99,18,22,10,29,3.663623809814453,46.0,46.0,5.492
1765483373.630972,99,18,22,10,29,3.663623809814453,46.0,46.0,5.492
1765483373.8330586,99,28,30,61,31,3.6636276245117188,46.5,46.5,6.891
1765483374.0345998,99,28,30,61,31,3.6636276245117188,46.5,46.5,6.891
1765483374.2385926,99,28,30,61,31,3.6636276245117188,46.5,46.5,6.891
1765483374.4400675,98,22,21,25,19,3.6645164489746094,46.0,46.0,5.096
1765483374.6411803,98,22,21,25,19,3.6645164489746094,46.0,46.0,5.096
1765483374.8425539,99,56,32,25,43,3.664764404296875,47.0,47.0,6.931
1765483375.0453563,99,56,32,25,43,3.664764404296875,47.0,47.0,6.931
1765483375.2471328,99,56,32,25,43,3.664764404296875,47.0,47.0,6.931
1765483375.4482439,99,24,16,18,18,3.6643600463867188,46.5,46.5,5.258
1765483375.6589177,99,24,16,18,18,3.6643600463867188,46.5,46.5,5.258
1765483375.8607662,99,40,35,26,62,3.663990020751953,47.0,47.0,7.051
1765483376.061927,99,40,35,26,62,3.663990020751953,47.0,47.0,7.051
1765483376.264316,99,40,35,26,62,3.663990020751953,47.0,47.0,7.051
1765483376.4657774,95,20,24,23,20,3.6647415161132812,47.0,46.5,5.613
1765483376.6668816,95,20,24,23,20,3.6647415161132812,47.0,46.5,5.613
1765483376.8682683,99,30,71,34,26,3.665630340576172,47.0,47.5,7.507
1765483377.0703614,99,30,71,34,26,3.665630340576172,47.0,47.5,7.507
1765483377.2723815,99,30,71,34,26,3.665630340576172,47.0,47.5,7.507
1765483377.4740005,99,25,21,8,14,3.6650543212890625,46.5,46.5,5.023
1765483377.6759524,99,25,21,8,14,3.6650543212890625,46.5,46.5,5.023
1765483377.8773656,99,37,42,54,34,3.6651344299316406,47.0,47.0,6.931
1765483378.0793703,99,37,42,54,34,3.6651344299316406,47.0,47.0,6.931
1765483378.2808192,99,37,42,54,34,3.6651344299316406,47.0,47.0,6.931
1765483378.4821687,99,27,21,26,26,3.6653404235839844,46.5,46.5,5.177
1765483378.6833951,99,27,21,26,26,3.6653404235839844,46.5,46.5,5.177
1765483378.8843896,99,26,26,60,33,3.6667442321777344,47.0,47.5,7.36
1765483379.0869331,99,26,26,60,33,3.6667442321777344,47.0,47.5,7.36
1765483379.289048,99,26,26,60,33,3.6667442321777344,47.0,47.5,7.36
1765483379.4904487,99,27,21,16,18,3.6655311584472656,46.5,47.0,4.78
1765483379.6915274,99,27,21,16,18,3.6655311584472656,46.5,47.0,4.78
1765483379.8929236,99,41,61,30,31,3.6662445068359375,47.0,47.0,6.661
1765483380.0960667,99,41,61,30,31,3.6662445068359375,47.0,47.0,6.661
1765483380.2976952,99,41,61,30,31,3.6662445068359375,47.0,47.0,6.661
1765483380.4988425,99,31,31,31,23,3.6662559509277344,46.5,47.0,5.451
1765483380.6999779,99,31,31,31,23,3.6662559509277344,46.5,47.0,5.451
1765483380.9010768,99,22,39,16,48,3.6668701171875,47.0,46.5,6.661
1765483381.1024783,99,22,39,16,48,3.6668701171875,47.0,46.5,6.661
1765483381.304511,99,22,39,16,48,3.6668701171875,47.0,46.5,6.661
1765483381.5061197,79,24,22,24,25,3.6670303344726562,46.0,46.5,4.503
1765483381.7075298,79,24,22,24,25,3.6670303344726562,46.0,46.5,4.503
1765483381.9085302,99,31,35,66,36,3.6673965454101562,47.0,47.5,6.891
1765483382.1102295,99,31,35,66,36,3.6673965454101562,47.0,47.5,6.891
1765483382.3121777,99,31,35,66,36,3.6673965454101562,47.0,47.5,6.891
1765483382.5141058,62,28,23,19,23,3.6680641174316406,46.5,48.0,5.136
1765483382.7154021,62,28,23,19,23,3.6680641174316406,46.5,48.0,5.136
1765483382.916846,62,28,23,19,23,3.6680641174316406,46.5,48.0,5.136
1765483383.1179826,99,72,28,28,25,3.6672096252441406,47.0,47.5,7.28
1765483383.3192713,99,72,28,28,25,3.6672096252441406,47.0,47.5,7.28
1765483383.5201075,99,54,45,44,40,3.658123016357422,46.5,48.0,5.604
1765483383.721332,99,54,45,44,40,3.658123016357422,46.5,48.0,5.604
1765483383.9223688,99,54,45,44,40,3.658123016357422,46.5,48.0,5.604
1765483384.1235738,99,53,48,45,35,3.661090850830078,47.0,47.5,7.131
1765483384.3260117,99,53,48,45,35,3.661090850830078,47.0,47.5,7.131
1765483384.5273104,99,19,23,16,22,3.661640167236328,46.5,47.0,5.451
1765483384.7282262,99,19,23,16,22,3.661640167236328,46.5,47.0,5.451
1765483384.930312,99,19,23,16,22,3.661640167236328,46.5,47.0,5.451
1765483385.1317735,99,30,30,66,24,3.6608810424804688,47.5,47.0,6.701
1765483385.3335793,99,30,30,66,24,3.6608810424804688,47.5,47.0,6.701
1765483385.534775,99,22,22,18,30,3.6609115600585938,47.0,46.5,5.177
1765483385.7359037,99,22,22,18,30,3.6609115600585938,47.0,46.5,5.177
1765483385.9369805,99,22,22,18,30,3.6609115600585938,47.0,46.5,5.177
1765483386.1386223,99,30,30,25,68,3.661357879638672,47.5,47.5,7.011
1765483386.340352,99,30,30,25,68,3.661357879638672,47.5,47.5,7.011
1765483386.5415409,99,22,17,17,16,3.661540985107422,47.0,47.5,4.901
1765483386.74276,99,22,17,17,16,3.661540985107422,47.0,47.5,4.901
1765483386.9440656,99,22,17,17,16,3.661540985107422,47.0,47.5,4.901
1765483387.1469796,99,32,36,58,26,3.6612892150878906,47.5,47.0,6.741
1765483387.3484895,99,32,36,58,26,3.6612892150878906,47.5,47.0,6.741
1765483387.549587,99,26,21,24,26,3.660900115966797,47.0,47.0,5.33
1765483387.7506053,99,26,21,24,26,3.660900115966797,47.0,47.0,5.33
1765483387.9517035,99,26,21,24,26,3.660900115966797,47.0,47.0,5.33
1765483388.1531773,99,66,41,27,45,3.6774635314941406,47.5,48.0,8.054
1765483388.354932,99,66,41,27,45,3.6774635314941406,47.5,48.0,8.054
1765483388.5562835,99,18,16,19,21,3.6763229370117188,47.5,47.0,7.011
1765483388.757256,99,18,16,19,21,3.6763229370117188,47.5,47.0,7.011
1765483388.9663577,99,18,16,19,21,3.6763229370117188,47.5,47.0,7.011
1765483389.168154,99,26,38,30,64,3.676544189453125,47.5,47.5,7.4
1765483389.3693316,99,26,38,30,64,3.676544189453125,47.5,47.5,7.4
1765483389.5705442,99,21,26,25,18,3.6759185791015625,48.0,47.5,7.16
1765483389.771542,99,21,26,25,18,3.6759185791015625,48.0,47.5,7.16
1765483389.97257,99,21,26,25,18,3.6759185791015625,48.0,47.5,7.16
1765483390.1737075,98,30,22,74,30,3.676990509033203,47.5,48.0,7.775
1765483390.3758843,98,30,22,74,30,3.676990509033203,47.5,48.0,7.775
1765483390.5770967,99,26,24,22,19,3.6769790649414062,47.5,47.5,6.971
1765483390.7780762,99,26,24,22,19,3.6769790649414062,47.5,47.5,6.971
1765483390.9792075,99,26,24,22,19,3.6769790649414062,47.5,47.5,6.971
1765483391.1803753,99,34,36,33,58,3.6771812438964844,48.0,47.5,7.507
1765483391.381579,99,34,36,33,58,3.6771812438964844,48.0,47.5,7.507
1765483391.5827222,99,34,36,33,58,3.6771812438964844,48.0,47.5,7.507
1765483391.783771,99,25,24,31,30,3.6771392822265625,47.5,47.5,6.931
1765483391.9850612,99,25,24,31,30,3.6771392822265625,47.5,47.5,6.931
1765483392.186222,99,55,22,22,28,3.6773033142089844,48.0,49.0,7.747
1765483392.3877912,99,55,22,22,28,3.6773033142089844,48.0,49.0,7.747
1765483392.5890849,99,55,22,22,28,3.6773033142089844,48.0,49.0,7.747
1765483392.7902179,99,30,27,20,20,3.6768569946289062,47.5,48.0,6.741
1765483392.9915073,99,30,27,20,20,3.6768569946289062,47.5,48.0,6.741
1765483393.1928124,99,48,34,50,36,3.6770248413085938,47.5,48.0,7.627
1765483393.3950071,99,48,34,50,36,3.6770248413085938,47.5,48.0,7.627
1765483393.59633,99,48,34,50,36,3.6770248413085938,47.5,48.0,7.627
1765483393.7980611,98,24,19,27,26,3.677936553955078,48.0,48.5,7.52
1765483393.9991648,98,24,19,27,26,3.677936553955078,48.0,48.5,7.52
1765483394.2002308,99,23,33,24,48,3.676898956298828,47.0,47.5,7.32
1765483394.4013503,99,23,33,24,48,3.676898956298828,47.0,47.5,7.32
1765483394.6037345,99,23,33,24,48,3.676898956298828,47.0,47.5,7.32
1765483394.8060086,98,29,29,21,22,3.6767959594726562,47.5,47.0,6.621
1765483395.008159,98,29,29,21,22,3.6767959594726562,47.5,47.0,6.621
1765483395.2092052,99,32,31,36,56,3.6772117614746094,48.0,47.5,7.28
1765483395.411381,99,32,31,36,56,3.6772117614746094,48.0,47.5,7.28
1765483395.612941,99,32,31,36,56,3.6772117614746094,48.0,47.5,7.28
1765483395.8152554,99,20,20,20,32,3.6779632568359375,48.0,48.5,7.667
1765483396.016576,99,20,20,20,32,3.6779632568359375,48.0,48.5,7.667
1765483396.2178311,99,22,57,26,30,3.6773414611816406,47.5,48.0,7.32
1765483396.4189687,99,22,57,26,30,3.6773414611816406,47.5,48.0,7.32
1765483396.6208906,99,22,57,26,30,3.6773414611816406,47.5,48.0,7.32
1765483396.8244016,99,21,24,22,36,3.6772613525390625,48.0,47.5,7.051
1765483397.0267828,99,21,24,22,36,3.6772613525390625,48.0,47.5,7.051
1765483397.228051,99,34,52,34,32,3.6777801513671875,47.5,49.0,7.814
1765483397.4302244,99,34,52,34,32,3.6777801513671875,47.5,49.0,7.814
1765483397.632484,99,34,52,34,32,3.6777801513671875,47.5,49.0,7.814
1765483397.8339005,99,27,24,12,8,3.6770248413085938,48.0,47.5,7.16
1765483398.034947,99,27,24,12,8,3.6770248413085938,48.0,47.5,7.16
1765483398.2360146,99,29,60,30,30,3.6771926879882812,47.5,48.0,7.24
1765483398.43703,99,29,60,30,30,3.6771926879882812,47.5,48.0,7.24
1765483398.6389928,99,29,60,30,30,3.6771926879882812,47.5,48.0,7.24
1765483398.8427665,99,19,38,22,18,3.6772727966308594,48.0,48.0,7.2
1765483399.044423,99,19,38,22,18,3.6772727966308594,48.0,48.0,7.2
1765483399.2456787,99,36,36,31,38,3.6779022216796875,48.0,48.5,7.627
1765483399.4483798,99,36,36,31,38,3.6779022216796875,48.0,48.5,7.627
1765483399.6504164,99,36,36,31,38,3.6779022216796875,48.0,48.5,7.627
1765483399.8516948,99,24,20,32,25,3.6771469116210938,48.0,48.0,6.741
1765483400.0532582,99,24,20,32,25,3.6771469116210938,48.0,48.0,6.741
1765483400.2542586,99,30,28,36,53,3.6769027709960938,47.5,48.0,7.32
1765483400.4553103,99,30,28,36,53,3.6769027709960938,47.5,48.0,7.32
1765483400.6565416,99,30,28,36,53,3.6769027709960938,47.5,48.0,7.32
1765483400.8596523,98,20,20,22,34,3.6774139404296875,48.0,48.0,7.011
1765483401.0609074,98,20,20,22,34,3.6774139404296875,48.0,48.0,7.011
1765483401.2621863,99,30,58,21,25,3.6774444580078125,48.0,49.0,7.587
1765483401.4639513,99,30,58,21,25,3.6774444580078125,48.0,49.0,7.587
1765483401.6662614,99,30,58,21,25,3.6774444580078125,48.0,49.0,7.587
1765483401.8680937,98,27,32,25,18,3.67694091796875,48.0,48.0,6.701
1765483402.06922,98,27,32,25,18,3.67694091796875,48.0,48.0,6.701
1765483402.2706354,98,27,32,25,18,3.67694091796875,48.0,48.0,6.701
1765483402.4724064,99,37,65,27,26,3.6773452758789062,48.0,48.5,7.28
1765483402.6738758,99,37,65,27,26,3.6773452758789062,48.0,48.5,7.28
1765483402.8753068,98,28,26,22,30,3.6779022216796875,48.5,48.5,7.28
1765483403.0772169,98,28,26,22,30,3.6779022216796875,48.5,48.5,7.28
1765483403.278434,98,28,26,22,30,3.6779022216796875,48.5,48.5,7.28
1765483403.4796574,99,44,31,22,26,3.677600860595703,48.0,49.5,7.36
1765483403.68394,99,44,31,22,26,3.677600860595703,48.0,49.5,7.36
1765483403.8874328,98,35,25,27,26,3.677349090576172,48.0,48.0,6.931
1765483404.0886316,98,35,25,27,26,3.677349090576172,48.0,48.0,6.931
1765483404.289525,98,35,25,27,26,3.677349090576172,48.0,48.0,6.931
1765483404.4910529,99,36,35,36,53,3.6772499084472656,48.0,48.5,7.28
1765483404.6926672,99,36,35,36,53,3.6772499084472656,48.0,48.5,7.28
1765483404.8943172,98,26,27,19,30,3.6779212951660156,48.5,49.0,7.547
1765483405.0954535,98,26,27,19,30,3.6779212951660156,48.5,49.0,7.547
1765483405.2965062,98,26,27,19,30,3.6779212951660156,48.5,49.0,7.547
1765483405.4977415,99,20,24,50,30,3.6774940490722656,48.0,49.0,7.28
1765483405.7001097,99,20,24,50,30,3.6774940490722656,48.0,49.0,7.28
1765483405.9029973,98,29,26,33,20,3.6774749755859375,48.0,48.0,6.591
1765483406.104197,98,29,26,33,20,3.6774749755859375,48.0,48.0,6.591
1765483406.3052974,98,29,26,33,20,3.6774749755859375,48.0,48.0,6.591
1765483406.5073016,99,61,34,35,38,3.6771621704101562,48.0,49.0,7.507
1765483406.7103808,99,61,34,35,38,3.6771621704101562,48.0,49.0,7.507
1765483406.9119816,98,28,18,23,14,3.6779403686523438,48.0,48.5,7.24
1765483407.1130862,98,28,18,23,14,3.6779403686523438,48.0,48.5,7.24
1765483407.314277,98,28,18,23,14,3.6779403686523438,48.0,48.5,7.24
1765483407.5154526,99,27,63,28,23,3.677501678466797,48.0,48.5,7.2
1765483407.71728,99,27,63,28,23,3.677501678466797,48.0,48.5,7.2
1765483407.9193146,99,26,25,22,28,3.6775474548339844,48.0,48.0,6.621
1765483408.121157,99,26,25,22,28,3.6775474548339844,48.0,48.0,6.621
1765483408.3224568,99,26,25,22,28,3.6775474548339844,48.0,48.0,6.621
1765483408.5243857,99,29,47,50,40,3.6779022216796875,48.0,49.0,7.974
1765483408.727965,99,29,47,50,40,3.6779022216796875,48.0,49.0,7.974
1765483408.9300475,99,24,18,14,20,3.677440643310547,48.5,48.0,6.54
1765483409.1309607,99,24,18,14,20,3.677440643310547,48.5,48.0,6.54
1765483409.3318856,99,24,18,14,20,3.677440643310547,48.5,48.0,6.54
1765483409.5328913,99,62,38,27,26,3.677173614501953,48.0,49.5,7.24
1765483409.7343178,99,62,38,27,26,3.677173614501953,48.0,49.5,7.24
1765483409.9358535,99,24,18,25,28,3.6776351928710938,48.0,48.0,6.701
1765483410.1369152,99,24,18,25,28,3.6776351928710938,48.0,48.0,6.701
1765483410.337996,99,24,18,25,28,3.6776351928710938,48.0,48.0,6.701
1765483410.539297,99,31,56,42,24,3.6778106689453125,48.5,49.0,7.775
1765483410.740913,99,31,56,42,24,3.6778106689453125,48.5,49.0,7.775
1765483410.9426746,98,26,16,25,14,3.677410125732422,48.0,48.0,6.621
1765483411.1441145,98,26,16,25,14,3.677410125732422,48.0,48.0,6.621
1765483411.345231,98,26,16,25,14,3.677410125732422,48.0,48.0,6.621
1765483411.5462766,99,38,38,33,57,3.6775245666503906,48.5,48.5,7.4
1765483411.7478952,99,38,38,33,57,3.6775245666503906,48.5,48.5,7.4
1765483411.949156,99,24,28,31,24,3.6778030395507812,48.5,48.0,6.85
1765483412.1502726,99,24,28,31,24,3.6778030395507812,48.5,48.0,6.85
1765483412.3519204,99,24,28,31,24,3.6778030395507812,48.5,48.0,6.85
1765483412.5529947,0,28,24,28,25,3.680522918701172,47.0,48.5,2.862
1765483412.754146,0,28,24,28,25,3.680522918701172,47.0,48.5,2.862
1765483412.9554157,0,28,24,28,25,3.680522918701172,47.0,48.5,2.862
1765483413.1565433,0,28,24,28,25,3.680522918701172,47.0,48.5,2.862
1765483413.3584337,99,30,21,68,60,3.691558837890625,48.5,49.0,7.894
1765483413.5611582,98,20,23,24,10,3.691997528076172,48.5,48.0,7.171
1765483413.7621565,98,20,23,24,10,3.691997528076172,48.5,48.0,7.171
1765483413.9631536,98,20,23,24,10,3.691997528076172,48.5,48.0,7.171
1765483414.1643195,99,33,66,38,66,3.64678955078125,48.5,49.0,7.894
1765483414.3658159,99,33,66,38,66,3.64678955078125,48.5,49.0,7.894
1765483414.5680878,99,29,28,33,21,3.6462020874023438,48.5,48.5,7.48
1765483414.7695584,99,29,28,33,21,3.6462020874023438,48.5,48.5,7.48
1765483414.9723814,99,29,28,33,21,3.6462020874023438,48.5,48.5,7.48
1765483415.1740823,99,37,41,26,48,3.6523590087890625,48.0,48.5,7.2
1765483415.3755367,99,37,41,26,48,3.6523590087890625,48.0,48.5,7.2
1765483415.5770535,98,18,28,15,41,3.6533660888671875,49.0,48.5,7.4
1765483415.7782397,98,18,28,15,41,3.6533660888671875,49.0,48.5,7.4
1765483415.9793992,98,18,28,15,41,3.6533660888671875,49.0,48.5,7.4
1765483416.180803,99,20,33,41,19,3.6526870727539062,49.0,49.0,7.2
1765483416.3834124,99,20,33,41,19,3.6526870727539062,49.0,49.0,7.2
1765483416.5853486,98,24,27,29,30,3.6528282165527344,48.5,48.5,7.2
1765483416.7869658,98,24,27,29,30,3.6528282165527344,48.5,48.5,7.2
1765483416.988145,98,24,27,29,30,3.6528282165527344,48.5,48.5,7.2
1765483417.1900227,99,42,41,48,36,3.667217254638672,48.5,50.0,7.547
1765483417.3909626,99,42,41,48,36,3.667217254638672,48.5,50.0,7.547
1765483417.5933979,99,22,20,39,16,3.6689186096191406,48.5,48.5,7.627
1765483417.7956474,99,22,20,39,16,3.6689186096191406,48.5,48.5,7.627
1765483417.9970002,99,22,20,39,16,3.6689186096191406,48.5,48.5,7.627
1765483418.198235,99,37,26,24,35,3.6680870056152344,48.0,49.0,7.36
1765483418.3995652,99,37,26,24,35,3.6680870056152344,48.0,49.0,7.36
1765483418.6009016,99,29,22,25,36,3.6706466674804688,48.5,48.5,6.85
1765483418.80285,99,29,22,25,36,3.6706466674804688,48.5,48.5,6.85
1765483419.0042963,99,29,22,25,36,3.6706466674804688,48.5,48.5,6.85
1765483419.2060905,99,45,41,29,34,3.6702499389648438,48.0,50.0,7.667
1765483419.4079037,99,45,41,29,34,3.6702499389648438,48.0,50.0,7.667
1765483419.6091428,99,20,16,17,36,3.6707916259765625,48.5,48.5,7.547
1765483419.8107376,99,20,16,17,36,3.6707916259765625,48.5,48.5,7.547
1765483420.0120647,99,20,16,17,36,3.6707916259765625,48.5,48.5,7.547
1765483420.2130942,99,25,38,40,26,3.6705284118652344,48.0,50.0,7.16
1765483420.4142613,99,25,38,40,26,3.6705284118652344,48.0,50.0,7.16
1765483420.6156812,99,26,41,23,16,3.6710739135742188,49.0,49.0,7.24
1765483420.8190618,99,26,41,23,16,3.6710739135742188,49.0,49.0,7.24
1765483421.020909,99,26,41,23,16,3.6710739135742188,49.0,49.0,7.24
1765483421.2221777,99,29,33,28,37,3.671905517578125,49.0,50.0,7.547
1765483421.4251008,99,29,33,28,37,3.671905517578125,49.0,50.0,7.547
1765483421.6274357,99,19,39,22,22,3.6715469360351562,49.0,49.0,7.291
1765483421.8288522,99,19,39,22,22,3.6715469360351562,49.0,49.0,7.291
1765483422.031065,99,19,39,22,22,3.6715469360351562,49.0,49.0,7.291
1765483422.232321,99,33,40,33,40,3.6713829040527344,49.0,49.0,7.2
1765483422.4335258,99,33,40,33,40,3.6713829040527344,49.0,49.0,7.2
1765483422.6345813,99,22,26,43,20,3.671947479248047,49.0,49.0,7.08
1765483422.836576,99,22,26,43,20,3.671947479248047,49.0,49.0,7.08
1765483423.0380871,99,22,26,43,20,3.671947479248047,49.0,49.0,7.08
1765483423.2393765,99,36,34,36,27,3.6729469299316406,49.0,50.0,7.974
1765483423.4419465,99,36,34,36,27,3.6729469299316406,49.0,50.0,7.974
1765483423.643391,99,36,34,36,27,3.6729469299316406,49.0,50.0,7.974
1765483423.8447938,99,30,26,34,27,3.6711158752441406,48.5,49.0,6.861
1765483424.046178,99,30,26,34,27,3.6711158752441406,48.5,49.0,6.861
1765483424.2484648,99,30,30,50,29,3.6712913513183594,48.5,49.0,7.211
1765483424.4499888,99,30,30,50,29,3.6712913513183594,48.5,49.0,7.211
1765483424.651069,99,30,30,50,29,3.6712913513183594,48.5,49.0,7.211
1765483424.8543499,98,26,22,40,23,3.6712989807128906,49.0,49.5,7.468
1765483425.0558846,98,26,22,40,23,3.6712989807128906,49.0,49.5,7.468
1765483425.2570376,99,38,17,24,30,3.6721649169921875,48.0,50.0,6.5
1765483425.4591868,99,38,17,24,30,3.6721649169921875,48.0,50.0,6.5
1765483425.6615076,99,38,17,24,30,3.6721649169921875,48.0,50.0,6.5
1765483425.8633783,99,32,36,38,20,3.6719589233398438,49.0,49.0,7.24
1765483426.0644143,99,32,36,38,20,3.6719589233398438,49.0,49.0,7.24
1765483426.2654786,70,39,22,37,18,3.672107696533203,47.5,50.5,4.894
1765483426.4666488,70,39,22,37,18,3.672107696533203,47.5,50.5,4.894
1765483426.6679666,70,39,22,37,18,3.672107696533203,47.5,50.5,4.894
1765483426.8704133,99,47,14,27,21,3.673542022705078,49.0,49.0,7.507
1765483427.0721033,99,47,14,27,21,3.673542022705078,49.0,49.0,7.507
1765483427.2735171,0,24,32,21,16,3.67266845703125,48.0,49.0,4.307
1765483427.474929,0,24,32,21,16,3.67266845703125,48.0,49.0,4.307
1765483427.67656,0,24,32,21,16,3.67266845703125,48.0,49.0,4.307
1765483427.8793857,99,36,29,42,42,3.6735382080078125,48.5,49.0,6.58
1765483428.0808375,99,36,29,42,42,3.6735382080078125,48.5,49.0,6.58
1765483428.2819502,0,35,30,22,30,3.6738204956054688,48.0,49.0,4.185
1765483428.4829464,0,35,30,22,30,3.6738204956054688,48.0,49.0,4.185
1765483428.684053,0,35,30,22,30,3.6738204956054688,48.0,49.0,4.185
1765483428.8858736,99,58,20,24,27,3.6749114990234375,49.0,49.5,7.32
1765483429.0892117,99,58,20,24,27,3.6749114990234375,49.0,49.5,7.32
1765483429.2913644,16,29,26,18,14,3.674530029296875,48.0,49.0,4.307
1765483429.4925718,16,29,26,18,14,3.674530029296875,48.0,49.0,4.307
1765483429.6942973,16,29,26,18,14,3.674530029296875,48.0,49.0,4.307
1765483429.896133,99,42,28,36,51,3.6748695373535156,49.0,49.0,6.621
1765483430.0978625,99,42,28,36,51,3.6748695373535156,49.0,49.0,6.621
1765483430.2992635,51,28,30,24,32,3.6749954223632812,48.5,49.5,4.942
1765483430.5006375,51,28,30,24,32,3.6749954223632812,48.5,49.5,4.942
1765483430.703177,51,28,30,24,32,3.6749954223632812,48.5,49.5,4.942
1765483430.9043005,99,16,58,14,16,3.6750869750976562,49.0,49.0,6.661
1765483431.106561,99,16,58,14,16,3.6750869750976562,49.0,49.0,6.661
1765483431.3078244,61,20,33,18,32,3.67535400390625,48.0,48.5,4.625
1765483431.5089576,61,20,33,18,32,3.67535400390625,48.0,48.5,4.625
1765483431.7103212,61,20,33,18,32,3.67535400390625,48.0,48.5,4.625
1765483431.9132988,99,32,32,55,41,3.6750831604003906,49.0,49.5,6.931
1765483432.116455,99,32,32,55,41,3.6750831604003906,49.0,49.5,6.931
1765483432.318337,96,22,25,24,19,3.6761207580566406,49.5,49.5,6.971
1765483432.5194933,96,22,25,24,19,3.6761207580566406,49.5,49.5,6.971
1765483432.7205846,96,22,25,24,19,3.6761207580566406,49.5,49.5,6.971
1765483432.921732,99,38,64,35,32,3.6751861572265625,49.5,49.5,6.931
1765483433.1238985,99,38,64,35,32,3.6751861572265625,49.5,49.5,6.931
1765483433.3252754,99,38,64,35,32,3.6751861572265625,49.5,49.5,6.931
1765483433.526503,96,29,23,23,23,3.6763687133789062,49.0,49.0,6.038
1765483433.7275636,96,29,23,23,23,3.6763687133789062,49.0,49.0,6.038
1765483433.929507,99,32,42,60,28,3.6759796142578125,49.5,50.0,7.587
1765483434.1311758,99,32,42,60,28,3.6759796142578125,49.5,50.0,7.587
1765483434.3322806,99,32,42,60,28,3.6759796142578125,49.5,50.0,7.587
1765483434.5334108,99,21,24,16,16,3.6771507263183594,49.5,49.5,6.078
1765483434.735141,99,21,24,16,16,3.6771507263183594,49.5,49.5,6.078
1765483434.9372613,99,40,22,61,29,3.678302764892578,49.5,49.0,6.821
1765483435.1389627,99,40,22,61,29,3.678302764892578,49.5,49.0,6.821
1765483435.340572,99,40,22,61,29,3.678302764892578,49.5,49.0,6.821
1765483435.5420673,97,25,30,20,22,3.678150177001953,49.0,49.5,6.199
1765483435.7432353,97,25,30,20,22,3.678150177001953,49.0,49.5,6.199
1765483435.9445531,99,32,47,58,44,3.647216796875,49.5,49.5,8.054
1765483436.1476536,99,32,47,58,44,3.647216796875,49.5,49.5,8.054
1765483436.351103,99,32,47,58,44,3.647216796875,49.5,49.5,8.054
1765483436.5525746,99,20,19,19,16,3.6474227905273438,49.5,49.0,6.5
1765483436.7538407,99,20,19,19,16,3.6474227905273438,49.5,49.0,6.5
1765483436.9552128,99,63,38,30,32,3.6469650268554688,49.5,49.5,7.587
1765483437.1565478,99,63,38,30,32,3.6469650268554688,49.5,49.5,7.587
1765483437.359559,99,63,38,30,32,3.6469650268554688,49.5,49.5,7.587
1765483437.5618472,99,21,27,16,16,3.646800994873047,49.0,49.0,6.511
1765483437.7629025,99,21,27,16,16,3.646800994873047,49.0,49.0,6.511
1765483437.9640062,99,45,59,28,25,3.648235321044922,49.5,49.5,7.627
1765483438.1664124,99,45,59,28,25,3.648235321044922,49.5,49.5,7.627
1765483438.3687813,99,45,59,28,25,3.648235321044922,49.5,49.5,7.627
1765483438.5703354,99,22,12,26,17,3.64715576171875,49.0,49.0,6.229
1765483438.771407,99,22,12,26,17,3.64715576171875,49.0,49.0,6.229
1765483438.9725611,99,63,34,26,30,3.6474571228027344,49.5,49.5,7.28
1765483439.174206,99,63,34,26,30,3.6474571228027344,49.5,49.5,7.28
1765483439.3755152,99,63,34,26,30,3.6474571228027344,49.5,49.5,7.28
1765483439.57662,99,26,29,20,23,3.6473922729492188,49.5,49.5,6.591
1765483439.7786572,99,26,29,20,23,3.6473922729492188,49.5,49.5,6.591
1765483439.9796104,98,23,44,49,26,3.6488265991210938,49.5,50.0,7.974
1765483440.181425,98,23,44,49,26,3.6488265991210938,49.5,50.0,7.974
1765483440.3834317,98,23,44,49,26,3.6488265991210938,49.5,50.0,7.974
1765483440.58465,99,26,24,20,22,3.6482200622558594,49.5,49.5,6.861
1765483440.7908657,99,26,24,20,22,3.6482200622558594,49.5,49.5,6.861
1765483440.9919696,99,42,60,28,25,3.648651123046875,49.5,50.0,7.48
1765483441.195124,99,42,60,28,25,3.648651123046875,49.5,50.0,7.48
1765483441.3968453,99,42,60,28,25,3.648651123046875,49.5,50.0,7.48
1765483441.5981123,99,30,26,23,28,3.648792266845703,49.5,51.0,7.775
1765483441.799472,99,30,26,23,28,3.648792266845703,49.5,51.0,7.775
1765483442.0005789,99,27,56,23,20,3.6489639282226562,49.0,50.0,7.627
1765483442.2018373,99,27,56,23,20,3.6489639282226562,49.0,50.0,7.627
1765483442.4046197,99,27,56,23,20,3.6489639282226562,49.0,50.0,7.627
1765483442.6080358,99,33,22,22,23,3.6495094299316406,49.5,49.5,7.28
1765483442.8108451,99,33,22,22,23,3.6495094299316406,49.5,49.5,7.28
1765483443.0118608,99,34,38,38,55,3.650043487548828,49.5,50.0,7.667
1765483443.2145472,99,34,38,38,55,3.650043487548828,49.5,50.0,7.667
1765483443.4162984,99,34,38,38,55,3.650043487548828,49.5,50.0,7.667
1765483443.6178172,99,24,28,22,18,3.6512451171875,49.0,49.5,7.28
1765483443.8189847,99,24,28,22,18,3.6512451171875,49.0,49.5,7.28
1765483444.0199623,99,22,29,24,54,3.650531768798828,49.5,49.5,7.775
1765483444.2210546,99,22,29,24,54,3.650531768798828,49.5,49.5,7.775
1765483444.4233272,99,22,29,24,54,3.650531768798828,49.5,49.5,7.775
1765483444.6254995,99,19,23,22,18,3.6503372192382812,49.5,49.0,6.39
1765483444.8267663,99,19,23,22,18,3.6503372192382812,49.5,49.0,6.39
1765483445.027977,99,19,23,22,18,3.6503372192382812,49.5,49.0,6.39
1765483445.2291937,99,46,28,57,34,3.6513290405273438,49.5,50.0,7.44
1765483445.4323592,99,46,28,57,34,3.6513290405273438,49.5,50.0,7.44
1765483445.6340945,98,23,21,12,20,3.652088165283203,49.5,50.0,7.32
1765483445.8350303,98,23,21,12,20,3.652088165283203,49.5,50.0,7.32
1765483446.0360808,98,23,21,12,20,3.652088165283203,49.5,50.0,7.32
1765483446.2372954,99,60,28,21,25,3.651641845703125,49.5,50.5,7.32
1765483446.4389355,99,60,28,21,25,3.651641845703125,49.5,50.5,7.32
1765483446.6425292,98,34,28,25,22,3.651752471923828,50.0,49.5,6.741
1765483446.844938,98,34,28,25,22,3.651752471923828,50.0,49.5,6.741
1765483447.0460427,98,34,28,25,22,3.651752471923828,50.0,49.5,6.741
1765483447.2478938,99,36,41,44,42,3.652729034423828,49.5,50.5,7.787
1765483447.4513876,99,36,41,44,42,3.652729034423828,49.5,50.5,7.787
1765483447.6529398,99,20,19,28,16,3.651630401611328,50.0,49.5,6.821
1765483447.8540313,99,20,19,28,16,3.651630401611328,50.0,49.5,6.821
1765483448.0551672,99,20,19,28,16,3.651630401611328,50.0,49.5,6.821
1765483448.256198,99,53,42,22,22,3.6522140502929688,49.5,50.5,7.32
1765483448.4577463,99,53,42,22,22,3.6522140502929688,49.5,50.5,7.32
1765483448.6600833,99,36,20,20,23,3.65277099609375,49.5,50.0,7.211
1765483448.8612669,99,36,20,20,23,3.65277099609375,49.5,50.0,7.211
1765483449.0627525,99,36,20,20,23,3.65277099609375,49.5,50.0,7.211
1765483449.2642457,99,33,33,31,55,3.653301239013672,49.5,50.5,7.775
1765483449.4665377,99,33,33,31,55,3.653301239013672,49.5,50.5,7.775
1765483449.6683311,99,24,18,34,26,3.652812957763672,50.0,50.0,7.32
1765483449.8692932,99,24,18,34,26,3.652812957763672,50.0,50.0,7.32
1765483450.0704048,99,24,18,34,26,3.652812957763672,50.0,50.0,7.32
1765483450.271476,99,40,62,22,23,3.6535110473632812,49.5,50.0,7.16
1765483450.4728975,99,40,62,22,23,3.6535110473632812,49.5,50.0,7.16
1765483450.6749153,99,25,34,20,26,3.6528701782226562,49.5,50.0,7.587
1765483450.8766758,99,25,34,20,26,3.6528701782226562,49.5,50.0,7.587
1765483451.0781431,99,25,34,20,26,3.6528701782226562,49.5,50.0,7.587
1765483451.279095,99,24,50,28,26,3.6543312072753906,49.5,50.5,7.667
1765483451.480936,99,24,50,28,26,3.6543312072753906,49.5,50.5,7.667
1765483451.682864,99,19,29,26,26,3.6541671752929688,50.0,50.0,6.931
1765483451.8840358,99,19,29,26,26,3.6541671752929688,50.0,50.0,6.931
1765483452.0855095,99,19,29,26,26,3.6541671752929688,50.0,50.0,6.931
1765483452.2867212,99,35,38,48,35,3.6544532775878906,50.0,50.5,7.28
1765483452.4879014,99,35,38,48,35,3.6544532775878906,50.0,50.5,7.28
1765483452.68923,99,26,22,39,25,3.654876708984375,50.0,50.5,7.587
1765483452.8916273,99,26,22,39,25,3.654876708984375,50.0,50.5,7.587
1765483453.0930068,99,26,22,39,25,3.654876708984375,50.0,50.5,7.587
1765483453.2943096,99,25,20,43,22,3.654552459716797,50.0,50.5,6.591
1765483453.4960403,99,25,20,43,22,3.654552459716797,50.0,50.5,6.591
1765483453.6975462,99,25,20,43,22,3.654552459716797,50.0,50.5,6.591
1765483453.898756,99,31,34,32,41,3.6550865173339844,50.0,50.0,7.16
1765483454.0996213,99,31,34,32,41,3.6550865173339844,50.0,50.0,7.16
1765483454.3007722,99,44,34,24,30,3.654571533203125,49.5,52.0,5.564
1765483454.5020692,99,44,34,24,30,3.654571533203125,49.5,52.0,5.564
1765483454.7032108,99,44,34,24,30,3.654571533203125,49.5,52.0,5.564
1765483454.9084263,99,56,19,18,13,3.6560935974121094,50.0,50.0,7.4
1765483455.1095688,99,56,19,18,13,3.6560935974121094,50.0,50.0,7.4
1765483455.3106358,10,28,26,19,22,3.6555328369140625,49.0,50.5,4.496
1765483455.5122774,10,28,26,19,22,3.6555328369140625,49.0,50.5,4.496
1765483455.7144399,10,28,26,19,22,3.6555328369140625,49.0,50.5,4.496
1765483455.917934,99,28,32,30,52,3.65545654296875,50.0,50.0,6.701
1765483456.1202264,99,28,32,30,52,3.65545654296875,50.0,50.0,6.701
1765483456.3213537,0,34,24,23,28,3.6558799743652344,49.0,50.5,4.341
1765483456.52282,0,34,24,23,28,3.6558799743652344,49.0,50.5,4.341
1765483456.7245698,0,34,24,23,28,3.6558799743652344,49.0,50.5,4.341
1765483456.9262218,99,26,24,50,26,3.656475067138672,50.5,50.0,6.821
1765483457.1293933,99,26,24,50,26,3.656475067138672,50.5,50.0,6.821
1765483457.3308694,33,29,24,18,28,3.655986785888672,49.0,50.0,4.422
1765483457.532041,33,29,24,18,28,3.655986785888672,49.0,50.0,4.422
1765483457.7343903,33,29,24,18,28,3.655986785888672,49.0,50.0,4.422
1765483457.9383595,99,30,30,33,54,3.6559982299804688,50.0,50.0,6.511
1765483458.139658,99,30,30,33,54,3.6559982299804688,50.0,50.0,6.511
1765483458.340855,0,32,34,20,27,3.656383514404297,49.5,50.5,4.982
1765483458.5437515,0,32,34,20,27,3.656383514404297,49.5,50.5,4.982
1765483458.7458432,0,32,34,20,27,3.656383514404297,49.5,50.5,4.982
1765483458.9472842,99,26,25,18,50,3.6562652587890625,50.0,50.0,6.621
1765483459.14951,99,26,25,18,50,3.6562652587890625,50.0,50.0,6.621
1765483459.3509278,32,23,39,20,23,3.6565933227539062,49.0,50.0,4.463
1765483459.5522184,32,23,39,20,23,3.6565933227539062,49.0,50.0,4.463
1765483459.7540104,32,23,39,20,23,3.6565933227539062,49.0,50.0,4.463
1765483459.9564605,99,35,28,26,57,3.6563949584960938,50.0,50.0,6.741
1765483460.1596472,99,35,28,26,57,3.6563949584960938,50.0,50.0,6.741
1765483460.363539,17,29,34,32,25,3.6567649841308594,49.5,50.5,5.177
1765483460.5647182,17,29,34,32,25,3.6567649841308594,49.5,50.5,5.177
1765483460.7667396,17,29,34,32,25,3.6567649841308594,49.5,50.5,5.177
1765483460.968166,99,22,49,28,18,3.6563491821289062,50.0,50.0,6.891
1765483461.1703086,99,22,49,28,18,3.6563491821289062,50.0,50.0,6.891
1765483461.37165,5,25,38,28,24,3.6568374633789062,49.5,51.0,5.217
1765483461.5734344,5,25,38,28,24,3.6568374633789062,49.5,51.0,5.217
1765483461.7748518,5,25,38,28,24,3.6568374633789062,49.5,51.0,5.217
1765483461.9769657,99,23,24,21,52,3.6566429138183594,50.5,50.0,7.12
1765483462.1787288,99,23,24,21,52,3.6566429138183594,50.5,50.0,7.12
1765483462.3820915,99,23,24,21,52,3.6566429138183594,50.5,50.0,7.12
1765483462.583346,0,38,30,30,22,3.657337188720703,49.0,51.0,4.503
1765483462.7855554,0,38,30,30,22,3.657337188720703,49.0,51.0,4.503
1765483462.9877117,99,23,28,52,33,3.656818389892578,50.5,50.0,6.701
1765483463.1889582,99,23,28,52,33,3.656818389892578,50.5,50.0,6.701
1765483463.3903317,99,23,28,52,33,3.656818389892578,50.5,50.0,6.701
1765483463.5914514,15,26,31,20,32,3.6574325561523438,49.5,50.5,4.503
1765483463.7926748,15,26,31,20,32,3.6574325561523438,49.5,50.5,4.503
1765483463.9940023,99,26,66,26,32,3.6561508178710938,50.0,50.5,7.171
1765483464.1962178,99,26,66,26,32,3.6561508178710938,50.0,50.5,7.171
1765483464.3975306,99,26,66,26,32,3.6561508178710938,50.0,50.5,7.171
1765483464.5984876,93,22,26,12,20,3.6564064025878906,49.5,50.5,4.942
1765483464.7998714,93,22,26,12,20,3.6564064025878906,49.5,50.5,4.942
1765483465.001794,99,43,44,33,32,3.656982421875,50.5,50.0,6.661
1765483465.2032228,99,43,44,33,32,3.656982421875,50.5,50.0,6.661
1765483465.4048479,99,43,44,33,32,3.656982421875,50.5,50.0,6.661
1765483465.606351,99,25,26,27,20,3.657428741455078,49.5,50.5,4.699
1765483465.808136,99,25,26,27,20,3.657428741455078,49.5,50.5,4.699
1765483466.0097508,99,32,33,66,30,3.6585693359375,50.5,50.5,7.44
1765483466.212138,99,32,33,66,30,3.6585693359375,50.5,50.5,7.44
1765483466.4133098,99,32,33,66,30,3.6585693359375,50.5,50.5,7.44
1765483466.6148524,17,25,30,13,18,3.6580123901367188,49.5,50.5,4.307
1765483466.8161972,17,25,30,13,18,3.6580123901367188,49.5,50.5,4.307
1765483467.0186815,99,41,29,54,26,3.6575393676757812,50.5,50.0,6.741
1765483467.2200518,99,41,29,54,26,3.6575393676757812,50.5,50.0,6.741
1765483467.4209917,99,41,29,54,26,3.6575393676757812,50.5,50.0,6.741
1765483467.6222024,8,19,36,20,21,3.6575355529785156,49.5,50.5,4.382
1765483467.823232,8,19,36,20,21,3.6575355529785156,49.5,50.5,4.382
1765483468.024332,99,67,22,26,24,3.6586036682128906,50.5,51.0,7.507
1765483468.227325,99,67,22,26,24,3.6586036682128906,50.5,51.0,7.507
1765483468.4306278,99,67,22,26,24,3.6586036682128906,50.5,51.0,7.507
1765483468.6322877,6,18,20,20,12,3.657562255859375,49.5,50.5,4.185
1765483468.8335545,6,18,20,20,12,3.657562255859375,49.5,50.5,4.185
1765483469.0353339,99,43,48,40,33,3.6574745178222656,50.5,50.5,6.58
1765483469.237574,99,43,48,40,33,3.6574745178222656,50.5,50.5,6.58
1765483469.4389045,99,43,48,40,33,3.6574745178222656,50.5,50.5,6.58
1765483469.6400106,7,30,18,26,26,3.6584815979003906,49.5,51.0,5.298
1765483469.8411093,7,30,18,26,26,3.6584815979003906,49.5,51.0,5.298
1765483470.0421457,99,30,22,18,55,3.658275604248047,50.0,50.5,6.81
1765483470.243871,99,30,22,18,55,3.658275604248047,50.0,50.5,6.81
1765483470.4462886,99,30,22,18,55,3.658275604248047,50.0,50.5,6.81
1765483470.647618,10,25,20,21,24,3.6582717895507812,49.5,50.5,4.348
1765483470.848723,10,25,20,21,24,3.6582717895507812,49.5,50.5,4.348
1765483471.0501559,99,38,47,31,47,3.657978057861328,50.5,50.5,6.902
1765483471.2521577,99,38,47,31,47,3.657978057861328,50.5,50.5,6.902
1765483471.45338,99,38,47,31,47,3.657978057861328,50.5,50.5,6.902
1765483471.6543152,9,26,30,16,12,3.658740997314453,49.5,51.0,4.942
1765483471.8553715,9,26,30,16,12,3.658740997314453,49.5,51.0,4.942
1765483472.0577765,99,32,26,26,54,3.6581649780273438,50.5,50.5,6.701
1765483472.2592545,99,32,26,26,54,3.6581649780273438,50.5,50.5,6.701
1765483472.4614363,99,32,26,26,54,3.6581649780273438,50.5,50.5,6.701
1765483472.665059,90,29,15,22,23,3.658031463623047,50.0,50.0,4.503
1765483472.866408,90,29,15,22,23,3.658031463623047,50.0,50.0,4.503
1765483473.067677,99,20,44,56,32,3.6588478088378906,50.5,50.5,6.861
1765483473.269193,99,20,44,56,32,3.6588478088378906,50.5,50.5,6.861
1765483473.4705834,99,20,44,56,32,3.6588478088378906,50.5,50.5,6.861
1765483473.67613,99,20,20,17,22,3.659351348876953,50.5,51.0,5.298
1765483473.8774316,99,20,20,17,22,3.659351348876953,50.5,51.0,5.298
1765483474.0788476,99,20,20,17,22,3.659351348876953,50.5,51.0,5.298
1765483474.2802315,99,66,26,28,22,3.6581382751464844,51.0,50.5,6.861
1765483474.48201,99,66,26,28,22,3.6581382751464844,51.0,50.5,6.861
1765483474.6833513,99,32,28,25,26,3.658374786376953,50.5,50.5,4.861
1765483474.884376,99,32,28,25,26,3.658374786376953,50.5,50.5,4.861
1765483475.085409,99,32,28,25,26,3.658374786376953,50.5,50.5,4.861
1765483475.287838,99,66,25,40,30,3.6589813232421875,51.0,51.0,7.547
1765483475.4910705,99,66,25,40,30,3.6589813232421875,51.0,51.0,7.547
1765483475.6924114,93,23,12,22,12,3.65924072265625,50.5,50.0,4.544
1765483475.8935459,93,23,12,22,12,3.65924072265625,50.5,50.0,4.544
1765483476.0947769,93,23,12,22,12,3.65924072265625,50.5,50.0,4.544
1765483476.2965853,99,34,40,32,60,3.6587562561035156,50.5,50.5,7.051
1765483476.498868,99,34,40,32,60,3.6587562561035156,50.5,50.5,7.051
1765483476.6998415,99,28,18,26,20,3.659137725830078,50.5,50.5,6.159
1765483476.9010673,99,28,18,26,20,3.659137725830078,50.5,50.5,6.159
1765483477.1023698,99,28,18,26,20,3.659137725830078,50.5,50.5,6.159
1765483477.3045723,99,31,33,22,60,3.659648895263672,50.5,51.0,7.707
1765483477.5067492,99,31,33,22,60,3.659648895263672,50.5,51.0,7.707
1765483477.7085903,94,23,25,12,17,3.658496856689453,50.5,50.5,5.532
1765483477.9097707,94,23,25,12,17,3.658496856689453,50.5,50.5,5.532
1765483478.1113644,94,23,25,12,17,3.658496856689453,50.5,50.5,5.532
1765483478.3145125,99,36,45,60,26,3.6596946716308594,50.5,51.0,6.85
1765483478.5162263,99,36,45,60,26,3.6596946716308594,50.5,51.0,6.85
1765483478.7172465,99,28,24,18,21,3.6594619750976562,51.0,50.5,6.239
1765483478.918311,99,28,24,18,21,3.6594619750976562,51.0,50.5,6.239
1765483479.1193373,99,28,24,18,21,3.6594619750976562,51.0,50.5,6.239
1765483479.320977,99,22,62,21,32,3.6601829528808594,51.0,51.0,7.507
1765483479.5241928,99,22,62,21,32,3.6601829528808594,51.0,51.0,7.507
1765483479.7255678,94,21,17,18,21,3.6593246459960938,50.5,50.5,5.258
1765483479.9268575,94,21,17,18,21,3.6593246459960938,50.5,50.5,5.258
1765483480.1281612,94,21,17,18,21,3.6593246459960938,50.5,50.5,5.258
1765483480.3321655,99,36,50,34,45,3.659759521484375,50.5,51.0,6.821
1765483480.5337908,99,36,50,34,45,3.659759521484375,50.5,51.0,6.821
1765483480.734915,99,24,21,23,18,3.6603775024414062,50.0,51.0,5.694
1765483480.9359553,99,24,21,23,18,3.6603775024414062,50.0,51.0,5.694
1765483481.137295,99,24,21,23,18,3.6603775024414062,50.0,51.0,5.694
1765483481.3387387,99,18,58,28,24,3.6600074768066406,50.5,51.5,7.051
1765483481.542247,99,18,58,28,24,3.6600074768066406,50.5,51.5,7.051
1765483481.7441986,99,24,28,25,19,3.659679412841797,51.0,50.5,5.371
1765483481.9455278,99,24,28,25,19,3.659679412841797,51.0,50.5,5.371
1765483482.146979,99,24,28,25,19,3.659679412841797,51.0,50.5,5.371
1765483482.3490298,99,49,28,55,36,3.6529998779296875,50.5,51.0,7.131
1765483482.5522869,99,49,28,55,36,3.6529998779296875,50.5,51.0,7.131
1765483482.753364,99,26,21,22,16,3.654296875,51.0,51.5,6.931
1765483482.9542527,99,26,21,22,16,3.654296875,51.0,51.5,6.931
1765483483.1560433,99,26,21,22,16,3.654296875,51.0,51.5,6.931
1765483483.3573577,99,23,26,70,22,3.6535987854003906,51.0,51.0,7.36
1765483483.5591855,99,23,26,70,22,3.6535987854003906,51.0,51.0,7.36
1765483483.7618072,99,23,26,70,22,3.6535987854003906,51.0,51.0,7.36
1765483483.962998,99,28,32,19,23,3.653949737548828,51.0,51.0,6.31
1765483484.1642005,99,28,32,19,23,3.653949737548828,51.0,51.0,6.31
1765483484.3664415,99,52,56,31,24,3.653949737548828,51.0,51.0,7.4
1765483484.5680017,99,52,56,31,24,3.653949737548828,51.0,51.0,7.4
1765483484.7693322,99,52,56,31,24,3.653949737548828,51.0,51.0,7.4
1765483484.970977,99,14,17,25,21,3.6547927856445312,51.0,50.5,6.931
1765483485.1721728,99,14,17,25,21,3.6547927856445312,51.0,50.5,6.931
1765483485.3745875,99,29,25,67,22,3.6541709899902344,51.0,51.0,7.28
1765483485.5759046,99,29,25,67,22,3.6541709899902344,51.0,51.0,7.28
1765483485.7773924,99,29,25,67,22,3.6541709899902344,51.0,51.0,7.28
1765483485.9785619,99,25,26,23,16,3.655193328857422,50.5,51.0,6.551
1765483486.179869,99,25,26,23,16,3.655193328857422,50.5,51.0,6.551
1765483486.3811154,99,39,62,29,41,3.6555747985839844,51.0,51.5,8.2
1765483486.5843015,99,39,62,29,41,3.6555747985839844,51.0,51.5,8.2
1765483486.7876673,99,39,62,29,41,3.6555747985839844,51.0,51.5,8.2
1765483486.9890578,99,20,18,21,9,3.6551589965820312,51.0,51.0,6.511
1765483487.1901774,99,20,18,21,9,3.6551589965820312,51.0,51.0,6.511
1765483487.3913429,99,33,36,30,67,3.6556015014648438,51.0,51.0,7.28
1765483487.5925913,99,33,36,30,67,3.6556015014648438,51.0,51.0,7.28
1765483487.7947705,99,33,36,30,67,3.6556015014648438,51.0,51.0,7.28
1765483487.995875,99,28,20,21,20,3.6562538146972656,50.5,51.0,7.08
1765483488.1970952,99,28,20,21,20,3.6562538146972656,50.5,51.0,7.08
1765483488.398367,99,28,40,50,31,3.6576766967773438,51.0,51.5,7.974
1765483488.6011572,99,28,40,50,31,3.6576766967773438,51.0,51.5,7.974
1765483488.8039267,99,28,40,50,31,3.6576766967773438,51.0,51.5,7.974
1765483489.0052373,99,23,19,26,12,3.6566734313964844,51.0,51.0,7.131
1765483489.2065094,99,23,19,26,12,3.6566734313964844,51.0,51.0,7.131
1765483489.4076385,99,71,31,38,23,3.656719207763672,51.0,52.5,7.56
1765483489.6090746,99,71,31,38,23,3.656719207763672,51.0,52.5,7.56
1765483489.8105192,99,71,31,38,23,3.656719207763672,51.0,52.5,7.56
1765483490.0125775,99,26,26,19,23,3.6567916870117188,51.0,51.0,7.12
1765483490.214277,99,26,26,19,23,3.6567916870117188,51.0,51.0,7.12
1765483490.415438,99,55,36,29,31,3.6587753295898438,51.5,51.5,8.081
1765483490.617006,99,55,36,29,31,3.6587753295898438,51.5,51.5,8.081
1765483490.8196232,99,55,36,29,31,3.6587753295898438,51.5,51.5,8.081
1765483491.0211868,99,18,26,21,14,3.6578712463378906,51.0,51.0,6.741
1765483491.2236018,99,18,26,21,14,3.6578712463378906,51.0,51.0,6.741
1765483491.424716,99,30,62,27,30,3.6581954956054688,51.0,51.0,7.091
1765483491.6267166,99,30,62,27,30,3.6581954956054688,51.0,51.0,7.091
1765483491.8278577,99,30,62,27,30,3.6581954956054688,51.0,51.0,7.091
1765483492.0293024,98,33,23,32,14,3.6586685180664062,51.0,51.5,7.28
1765483492.233421,98,33,23,32,14,3.6586685180664062,51.0,51.5,7.28
1765483492.4356358,99,18,50,21,24,3.6588134765625,51.0,51.0,7.051
1765483492.6366076,99,18,50,21,24,3.6588134765625,51.0,51.0,7.051
1765483492.8393898,99,18,50,21,24,3.6588134765625,51.0,51.0,7.051
1765483493.0429964,99,30,42,22,28,3.659282684326172,51.0,51.0,7.051
1765483493.2448103,99,30,42,22,28,3.659282684326172,51.0,51.0,7.051
1765483493.4463096,99,30,42,22,28,3.659282684326172,51.0,51.0,7.051
1765483493.6478055,99,29,47,34,36,3.658905029296875,51.0,52.0,7.4
1765483493.849107,99,29,47,34,36,3.658905029296875,51.0,52.0,7.4
1765483494.0507462,99,42,25,20,24,3.65997314453125,51.0,51.0,7.814
1765483494.2521439,99,42,25,20,24,3.65997314453125,51.0,51.0,7.814
1765483494.4542906,99,42,25,20,24,3.65997314453125,51.0,51.0,7.814
1765483494.6574938,99,26,39,31,27,3.659259796142578,50.5,52.0,6.781
1765483494.8595335,99,26,39,31,27,3.659259796142578,50.5,52.0,6.781
1765483495.0617948,99,27,30,44,23,3.659961700439453,51.0,51.0,6.971
1765483495.2632136,99,27,30,44,23,3.659961700439453,51.0,51.0,6.971
1765483495.4644988,99,27,30,44,23,3.659961700439453,51.0,51.0,6.971
1765483495.6662295,99,40,27,27,34,3.6603355407714844,51.0,52.5,6.781
1765483495.8690832,99,40,27,27,34,3.6603355407714844,51.0,52.5,6.781
1765483496.0703828,99,12,16,18,46,3.660602569580078,51.5,51.5,7.4
1765483496.2747657,99,12,16,18,46,3.660602569580078,51.5,51.5,7.4
1765483496.4758646,99,12,16,18,46,3.660602569580078,51.5,51.5,7.4
1765483496.6770148,36,28,22,32,36,3.660430908203125,50.0,52.0,4.82
1765483496.8786483,36,28,22,32,36,3.660430908203125,50.0,52.0,4.82
1765483497.080658,99,30,20,32,52,3.6538047790527344,51.5,51.5,6.54
1765483497.2830517,99,30,20,32,52,3.6538047790527344,51.5,51.5,6.54
1765483497.4842632,99,30,20,32,52,3.6538047790527344,51.5,51.5,6.54
1765483497.6852329,0,31,27,30,27,3.6545867919921875,50.5,52.0,5.015
1765483497.886982,0,31,27,30,27,3.6545867919921875,50.5,52.0,5.015
1765483498.0882983,99,23,21,17,52,3.6547508239746094,51.5,51.5,6.591
1765483498.2906494,99,23,21,17,52,3.6547508239746094,51.5,51.5,6.591
1765483498.4921741,99,23,21,17,52,3.6547508239746094,51.5,51.5,6.591
1765483498.6931527,0,31,22,26,36,3.654541015625,50.5,51.5,4.341
1765483498.8942142,0,31,22,26,36,3.654541015625,50.5,51.5,4.341
1765483499.0959225,99,37,33,24,57,3.6542816162109375,51.0,51.5,6.85
1765483499.2983594,99,37,33,24,57,3.6542816162109375,51.0,51.5,6.85
1765483499.4997659,99,37,33,24,57,3.6542816162109375,51.0,51.5,6.85
1765483499.7009058,0,28,24,29,19,3.6552963256835938,51.0,52.0,5.056
1765483499.9023197,0,28,24,29,19,3.6552963256835938,51.0,52.0,5.056
1765483500.1040702,99,26,26,24,55,3.6550140380859375,51.0,52.0,7.171
1765483500.3055398,99,26,26,24,55,3.6550140380859375,51.0,52.0,7.171
1765483500.5067024,99,26,26,24,55,3.6550140380859375,51.0,52.0,7.171
1765483500.7078364,78,25,32,26,23,3.6551284790039062,50.5,52.0,4.699
1765483500.9088323,78,25,32,26,23,3.6551284790039062,50.5,52.0,4.699
1765483501.1101213,99,30,31,60,28,3.654865264892578,51.5,51.5,6.821
1765483501.3132145,99,30,31,60,28,3.654865264892578,51.5,51.5,6.821
1765483501.5166488,99,30,31,60,28,3.654865264892578,51.5,51.5,6.821
1765483501.7258446,15,20,34,21,19,3.655517578125,50.5,52.0,4.82
1765483501.926962,15,20,34,21,19,3.655517578125,50.5,52.0,4.82
1765483502.1282754,99,62,28,33,28,3.6552505493164062,52.0,51.5,6.821
1765483502.3296967,99,62,28,33,28,3.6552505493164062,52.0,51.5,6.821
1765483502.5309567,99,62,28,33,28,3.6552505493164062,52.0,51.5,6.821
1765483502.7320924,92,26,31,16,23,3.655071258544922,51.0,51.5,4.463
1765483502.935116,92,26,31,16,23,3.655071258544922,51.0,51.5,4.463
1765483503.1364794,99,26,27,62,28,3.6551589965820312,52.0,51.5,7.2
1765483503.339121,99,26,27,62,28,3.6551589965820312,52.0,51.5,7.2
1765483503.5406392,99,26,27,62,28,3.6551589965820312,52.0,51.5,7.2
1765483503.7421677,48,16,25,21,15,3.655986785888672,51.0,51.5,4.544
1765483503.9431088,48,16,25,21,15,3.655986785888672,51.0,51.5,4.544
1765483504.144402,99,49,37,38,38,3.654773712158203,51.5,52.5,6.931
1765483504.3455122,99,49,37,38,38,3.654773712158203,51.5,52.5,6.931
1765483504.5470285,99,49,37,38,38,3.654773712158203,51.5,52.5,6.931
1765483504.748232,92,22,25,28,25,3.6547889709472656,51.0,51.5,4.78
1765483504.949253,92,22,25,28,25,3.6547889709472656,51.0,51.5,4.78
1765483505.1503222,92,22,25,28,25,3.6547889709472656,51.0,51.5,4.78
1765483505.3520646,99,26,25,66,30,3.65582275390625,51.5,52.0,7.4
1765483505.5544624,99,26,25,66,30,3.65582275390625,51.5,52.0,7.4
1765483505.755831,22,18,26,30,16,3.655010223388672,51.0,51.5,4.503
1765483505.9570417,22,18,26,30,16,3.655010223388672,51.0,51.5,4.503
1765483506.1591413,22,18,26,30,16,3.655010223388672,51.0,51.5,4.503
1765483506.3623095,99,32,52,41,32,3.655559539794922,51.5,52.0,6.701
1765483506.563696,99,32,52,41,32,3.655559539794922,51.5,52.0,6.701
1765483506.7646668,99,31,22,22,30,3.6554718017578125,51.0,52.0,4.901
1765483506.9667761,99,31,22,22,30,3.6554718017578125,51.0,52.0,4.901
1765483507.168172,99,31,22,22,30,3.6554718017578125,51.0,52.0,4.901
1765483507.3694682,99,20,61,26,20,3.6575088500976562,51.5,52.0,7.12
1765483507.571597,99,20,61,26,20,3.6575088500976562,51.5,52.0,7.12
1765483507.7742877,22,18,27,28,19,3.6570205688476562,51.0,52.0,4.226
1765483507.9754157,22,18,27,28,19,3.6570205688476562,51.0,52.0,4.226
1765483508.176971,22,18,27,28,19,3.6570205688476562,51.0,52.0,4.226
1765483508.3803883,99,60,34,33,35,3.65765380859375,51.5,51.5,7.051
1765483508.5818102,99,60,34,33,35,3.65765380859375,51.5,51.5,7.051
1765483508.7827559,12,28,23,29,25,3.6576919555664062,51.0,52.5,4.78
1765483508.983855,12,28,23,29,25,3.6576919555664062,51.0,52.5,4.78
1765483509.1852717,12,28,23,29,25,3.6576919555664062,51.0,52.5,4.78
1765483509.3864667,99,28,55,19,25,3.6581649780273438,52.0,51.5,6.891
1765483509.5874429,99,28,55,19,25,3.6581649780273438,52.0,51.5,6.891
1765483509.7886384,12,23,24,37,26,3.6576614379882812,51.0,52.5,4.739
1765483509.9899256,12,23,24,37,26,3.6576614379882812,51.0,52.5,4.739
1765483510.1915174,12,23,24,37,26,3.6576614379882812,51.0,52.5,4.739
1765483510.3933918,99,31,33,59,30,3.6574249267578125,52.0,52.0,6.902
1765483510.5955074,99,31,33,59,30,3.6574249267578125,52.0,52.0,6.902
1765483510.7967837,8,30,25,25,18,3.658416748046875,51.0,53.0,4.585
1765483510.9979517,8,30,25,25,18,3.658416748046875,51.0,53.0,4.585
1765483511.1989136,8,30,25,25,18,3.658416748046875,51.0,53.0,4.585
1765483511.400177,99,30,24,61,24,3.657543182373047,51.5,52.0,6.891
1765483511.602527,99,30,24,61,24,3.657543182373047,51.5,52.0,6.891
1765483511.803447,12,30,28,21,24,3.657745361328125,51.0,52.0,4.26
1765483512.0046518,12,30,28,21,24,3.657745361328125,51.0,52.0,4.26
1765483512.2056742,12,30,28,21,24,3.657745361328125,51.0,52.0,4.26
1765483512.407948,99,64,28,30,30,3.65777587890625,52.0,52.0,7.051
1765483512.6102765,99,64,28,30,30,3.65777587890625,52.0,52.0,7.051
1765483512.8114824,10,26,21,20,26,3.6582183837890625,51.0,52.5,4.544
1765483513.0132856,10,26,21,20,26,3.6582183837890625,51.0,52.5,4.544
1765483513.215144,10,26,21,20,26,3.6582183837890625,51.0,52.5,4.544
1765483513.4166427,99,26,32,61,29,3.65777587890625,52.0,51.5,6.741
1765483513.617838,99,26,32,61,29,3.65777587890625,52.0,51.5,6.741
1765483513.8190296,10,30,24,24,30,3.6576499938964844,51.0,52.0,4.422
1765483514.0200896,10,30,24,24,30,3.6576499938964844,51.0,52.0,4.422
1765483514.2212243,10,30,24,24,30,3.6576499938964844,51.0,52.0,4.422
1765483514.4232464,99,31,22,20,66,3.6579437255859375,52.0,52.0,7.52
1765483514.62605,99,31,22,20,66,3.6579437255859375,52.0,52.0,7.52
1765483514.8275259,99,31,22,20,66,3.6579437255859375,52.0,52.0,7.52
1765483515.0285194,11,18,14,14,27,3.6577072143554688,51.0,51.5,4.341
1765483515.2295387,11,18,14,14,27,3.6577072143554688,51.0,51.5,4.341
1765483515.4313512,99,62,26,34,34,3.6577835083007812,51.5,52.0,6.781
1765483515.632829,99,62,26,34,34,3.6577835083007812,51.5,52.0,6.781
1765483515.8339272,99,62,26,34,34,3.6577835083007812,51.5,52.0,6.781
1765483516.0349548,10,23,29,29,23,3.658031463623047,51.0,52.0,4.301
1765483516.2360697,10,23,29,29,23,3.658031463623047,51.0,52.0,4.301
1765483516.4372437,99,28,29,63,28,3.6585960388183594,52.0,52.0,7.707
1765483516.638555,99,28,29,63,28,3.6585960388183594,52.0,52.0,7.707
1765483516.8398137,99,28,29,63,28,3.6585960388183594,52.0,52.0,7.707
1765483517.0411363,12,22,18,22,16,3.658374786376953,51.0,52.0,4.267
1765483517.2424777,12,22,18,22,16,3.658374786376953,51.0,52.0,4.267
1765483517.4448907,99,36,35,49,32,3.658641815185547,52.0,52.0,6.781
1765483517.6465132,99,36,35,49,32,3.658641815185547,52.0,52.0,6.781
1765483517.8476596,99,36,35,49,32,3.658641815185547,52.0,52.0,6.781
1765483518.0489225,11,30,21,29,24,3.6577835083007812,51.5,52.5,4.82
1765483518.2502065,11,30,21,29,24,3.6577835083007812,51.5,52.5,4.82
1765483518.4514198,99,25,60,14,21,3.6591262817382812,52.0,52.0,7.171
1765483518.6539123,99,25,60,14,21,3.6591262817382812,52.0,52.0,7.171
1765483518.8552763,99,25,60,14,21,3.6591262817382812,52.0,52.0,7.171
1765483519.056367,11,12,23,25,22,3.658946990966797,51.0,52.5,4.145
1765483519.25758,11,12,23,25,22,3.658946990966797,51.0,52.5,4.145
1765483519.4593585,99,49,33,36,40,3.6587600708007812,52.0,52.0,6.891
1765483519.6626978,99,49,33,36,40,3.6587600708007812,52.0,52.0,6.891
1765483519.8645182,99,49,33,36,40,3.6587600708007812,52.0,52.0,6.891
1765483520.0658932,9,32,27,35,25,3.6594581604003906,51.0,52.5,4.82
1765483520.2669904,9,32,27,35,25,3.6594581604003906,51.0,52.5,4.82
1765483520.468174,99,25,19,18,54,3.6587181091308594,51.5,52.0,6.931
1765483520.669782,99,25,19,18,54,3.6587181091308594,51.5,52.0,6.931
1765483520.871966,99,25,19,18,54,3.6587181091308594,51.5,52.0,6.931
1765483521.0735388,12,24,24,38,23,3.658538818359375,51.0,52.0,4.104
1765483521.2747555,12,24,24,38,23,3.658538818359375,51.0,52.0,4.104
1765483521.4763515,99,35,32,27,62,3.6586380004882812,52.5,52.5,7.051
1765483521.678813,99,35,32,27,62,3.6586380004882812,52.5,52.5,7.051
1765483521.8803415,99,35,32,27,62,3.6586380004882812,52.5,52.5,7.051
1765483522.0817802,7,20,21,27,24,3.659038543701172,51.5,52.0,4.82
1765483522.283022,7,20,21,27,24,3.659038543701172,51.5,52.0,4.82
1765483522.484223,99,28,55,21,25,3.658283233642578,52.0,52.5,6.85
1765483522.6855946,99,28,55,21,25,3.658283233642578,52.0,52.5,6.85
1765483522.8885076,99,28,55,21,25,3.658283233642578,52.0,52.5,6.85
1765483523.0904007,9,28,25,21,25,3.6586570739746094,51.5,53.0,4.023
1765483523.2915359,9,28,25,21,25,3.6586570739746094,51.5,53.0,4.023
1765483523.4927385,99,31,36,59,32,3.658428192138672,52.5,52.5,7.211
1765483523.6949294,99,31,36,59,32,3.658428192138672,52.5,52.5,7.211
1765483523.8983355,99,31,36,59,32,3.658428192138672,52.5,52.5,7.211
1765483524.100748,8,30,23,20,20,3.658710479736328,51.5,53.0,4.666
1765483524.3025851,8,30,23,20,20,3.658710479736328,51.5,53.0,4.666
1765483524.5035577,99,31,38,33,55,3.6585464477539062,52.5,52.0,6.661
1765483524.7050703,99,31,38,33,55,3.6585464477539062,52.5,52.0,6.661
1765483524.907122,99,31,38,33,55,3.6585464477539062,52.5,52.0,6.661
1765483525.1085203,1,24,26,18,28,3.6591262817382812,52.0,51.5,4.341
1765483525.3109195,1,24,26,18,28,3.6591262817382812,52.0,51.5,4.341
1765483525.5121346,1,24,26,18,28,3.6591262817382812,52.0,51.5,4.341
1765483525.715086,99,30,32,64,28,3.6597900390625,52.0,53.0,7.4
1765483525.9190884,99,30,32,64,28,3.6597900390625,52.0,53.0,7.4
1765483526.1211364,0,28,19,17,14,3.6590805053710938,51.5,51.5,4.267
1765483526.322326,0,28,19,17,14,3.6590805053710938,51.5,51.5,4.267
1765483526.5234964,0,28,19,17,14,3.6590805053710938,51.5,51.5,4.267
1765483526.7264853,99,34,63,29,38,3.6586647033691406,52.0,52.0,6.781
1765483526.9288514,99,34,63,29,38,3.6586647033691406,52.0,52.0,6.781
1765483527.1301835,99,31,26,18,24,3.6592445373535156,51.5,52.0,5.177
1765483527.331272,99,31,26,18,24,3.6592445373535156,51.5,52.0,5.177
1765483527.5324185,99,31,26,18,24,3.6592445373535156,51.5,52.0,5.177
1765483527.7347653,99,56,34,22,34,3.659820556640625,52.0,53.0,7.587
1765483527.9391332,99,56,34,22,34,3.659820556640625,52.0,53.0,7.587
1765483528.14093,99,25,19,19,18,3.6593017578125,51.5,52.0,4.942
1765483528.3422205,99,25,19,19,18,3.6593017578125,51.5,52.0,4.942
1765483528.5442586,99,25,19,19,18,3.6593017578125,51.5,52.0,4.942
1765483528.746485,99,35,35,50,32,3.658660888671875,52.5,52.0,6.591
1765483528.9478598,99,35,35,50,32,3.658660888671875,52.5,52.0,6.591
1765483529.1490715,76,28,26,20,23,3.659313201904297,52.0,52.5,4.975
1765483529.3503726,76,28,26,20,23,3.659313201904297,52.0,52.5,4.975
1765483529.5514104,76,28,26,20,23,3.659313201904297,52.0,52.5,4.975
1765483529.752807,99,22,28,60,16,3.6594619750976562,52.5,52.5,7.051
1765483529.9549837,99,22,28,60,16,3.6594619750976562,52.5,52.5,7.051
1765483530.15649,39,26,23,26,26,3.6592445373535156,51.5,52.5,4.78
1765483530.3581567,39,26,23,26,26,3.6592445373535156,51.5,52.5,4.78
1765483530.5612442,39,26,23,26,26,3.6592445373535156,51.5,52.5,4.78
1765483530.7634761,99,66,32,37,27,3.6593666076660156,52.0,52.0,6.661
1765483530.964966,99,66,32,37,27,3.6593666076660156,52.0,52.0,6.661
1765483531.1660383,38,24,24,25,27,3.6595611572265625,52.0,52.0,5.258
1765483531.3671901,38,24,24,25,27,3.6595611572265625,52.0,52.0,5.258
1765483531.568418,38,24,24,25,27,3.6595611572265625,52.0,52.0,5.258
1765483531.7698472,99,25,32,60,26,3.6585693359375,52.5,52.5,7.011
1765483531.9720895,99,25,32,60,26,3.6585693359375,52.5,52.5,7.011
1765483532.1739905,71,22,30,26,18,3.6589508056640625,51.5,52.0,4.544
1765483532.3750453,71,22,30,26,18,3.6589508056640625,51.5,52.0,4.544
1765483532.576049,71,22,30,26,18,3.6589508056640625,51.5,52.0,4.544
1765483532.7774408,99,33,37,39,62,3.6592330932617188,52.5,52.5,6.942
1765483532.9800024,99,33,37,39,62,3.6592330932617188,52.5,52.5,6.942
1765483533.1817873,99,16,24,28,24,3.6600303649902344,52.0,52.5,5.765
1765483533.382877,99,16,24,28,24,3.6600303649902344,52.0,52.5,5.765
1765483533.5839765,99,16,24,28,24,3.6600303649902344,52.0,52.5,5.765
1765483533.7851815,99,30,29,30,62,3.6587982177734375,52.5,52.5,7.091
1765483533.9866261,99,30,29,30,62,3.6587982177734375,52.5,52.5,7.091
1765483534.1877828,90,28,19,21,22,3.6592445373535156,52.0,52.0,5.653
1765483534.3891373,90,28,19,21,22,3.6592445373535156,52.0,52.0,5.653
1765483534.5902069,90,28,19,21,22,3.6592445373535156,52.0,52.0,5.653
1765483534.7923157,99,37,37,63,28,3.6595535278320312,53.0,52.5,7.547
1765483534.9957025,99,37,37,63,28,3.6595535278320312,53.0,52.5,7.547
1765483535.197385,99,14,25,12,17,3.6590652465820312,52.0,52.0,5.371
1765483535.3982286,99,14,25,12,17,3.6590652465820312,52.0,52.0,5.371
1765483535.599242,99,14,25,12,17,3.6590652465820312,52.0,52.0,5.371
1765483535.8007221,99,63,29,34,30,3.6591529846191406,52.5,52.5,6.902
1765483536.0026033,99,63,29,34,30,3.6591529846191406,52.5,52.5,6.902
1765483536.203687,99,63,29,34,30,3.6591529846191406,52.5,52.5,6.902
1765483536.4048817,99,30,16,25,23,3.6591529846191406,52.5,52.5,5.613
1765483536.605944,99,30,16,25,23,3.6591529846191406,52.5,52.5,5.613
1765483536.8077126,99,32,59,44,26,3.6602630615234375,52.5,53.0,7.814
1765483537.009578,99,32,59,44,26,3.6602630615234375,52.5,53.0,7.814
1765483537.211283,99,32,59,44,26,3.6602630615234375,52.5,53.0,7.814
1765483537.4129288,99,24,10,14,16,3.6593093872070312,52.5,52.0,5.177
1765483537.6139925,99,24,10,14,16,3.6593093872070312,52.5,52.0,5.177
1765483537.8164554,99,31,34,66,38,3.6592483520507812,52.5,52.5,7.011
1765483538.018434,99,31,34,66,38,3.6592483520507812,52.5,52.5,7.011
1765483538.2196848,99,31,34,66,38,3.6592483520507812,52.5,52.5,7.011
1765483538.4209936,99,30,19,26,24,3.658672332763672,52.5,52.5,5.967
1765483538.6221292,99,30,19,26,24,3.658672332763672,52.5,52.5,5.967
1765483538.8231485,99,20,34,25,57,3.660106658935547,52.5,52.5,7.4
1765483539.0251677,99,20,34,25,57,3.660106658935547,52.5,52.5,7.4
1765483539.227968,99,20,34,25,57,3.660106658935547,52.5,52.5,7.4
1765483539.4305456,99,28,19,22,17,3.659587860107422,52.5,52.0,5.023
1765483539.6315145,99,28,19,22,17,3.659587860107422,52.5,52.0,5.023
1765483539.8334043,99,46,51,44,29,3.659015655517578,53.0,52.5,7.011
1765483540.0357683,99,46,51,44,29,3.659015655517578,53.0,52.5,7.011
1765483540.237198,99,46,51,44,29,3.659015655517578,53.0,52.5,7.011
1765483540.4383082,99,26,24,24,24,3.65960693359375,52.5,53.0,5.998
1765483540.639992,99,26,24,24,24,3.65960693359375,52.5,53.0,5.998
1765483540.8410125,99,33,21,41,27,3.6603775024414062,53.0,53.0,7.011
1765483541.0425642,99,33,21,41,27,3.6603775024414062,53.0,53.0,7.011
1765483541.244599,99,33,21,41,27,3.6603775024414062,53.0,53.0,7.011
1765483541.4459796,99,22,24,20,24,3.660289764404297,52.0,52.5,5.411
1765483541.6471295,99,22,24,20,24,3.660289764404297,52.0,52.5,5.411
1765483541.84863,99,41,39,56,31,3.6604347229003906,53.0,53.0,7.28
1765483542.050554,99,41,39,56,31,3.6604347229003906,53.0,53.0,7.28
1765483542.252049,99,41,39,56,31,3.6604347229003906,53.0,53.0,7.28
1765483542.4530647,99,18,27,30,21,3.6613235473632812,52.5,53.0,7.2
1765483542.6541486,99,18,27,30,21,3.6613235473632812,52.5,53.0,7.2
1765483542.8553636,99,23,24,67,12,3.6606712341308594,53.0,52.5,7.4
1765483543.0567923,99,23,24,67,12,3.6606712341308594,53.0,52.5,7.4
1765483543.260291,99,23,24,67,12,3.6606712341308594,53.0,52.5,7.4
1765483543.46235,99,28,24,14,16,3.660869598388672,52.5,52.5,6.511
1765483543.6636,99,28,24,14,16,3.660869598388672,52.5,52.5,6.511
1765483543.8648167,99,46,54,44,47,3.660785675048828,53.0,53.0,7.547
1765483544.0672162,99,46,54,44,47,3.660785675048828,53.0,53.0,7.547
1765483544.2688072,99,46,54,44,47,3.660785675048828,53.0,53.0,7.547
1765483544.4700694,99,22,20,26,16,3.6614227294921875,52.5,52.5,7.051
1765483544.67116,99,22,20,26,16,3.6614227294921875,52.5,52.5,7.051
1765483544.8723934,99,62,30,19,24,3.6607742309570312,53.0,53.0,7.28
1765483545.0735488,99,62,30,19,24,3.6607742309570312,53.0,53.0,7.28
1765483545.2756062,99,62,30,19,24,3.6607742309570312,53.0,53.0,7.28
1765483545.4770772,99,25,19,20,28,3.6605796813964844,52.5,52.5,6.511
1765483545.6782126,99,25,19,20,28,3.6605796813964844,52.5,52.5,6.511
1765483545.8802516,99,34,67,30,32,3.660816192626953,53.0,53.0,7.587
1765483546.0827339,99,34,67,30,32,3.660816192626953,53.0,53.0,7.587
1765483546.285456,99,34,67,30,32,3.660816192626953,53.0,53.0,7.587
1765483546.487106,99,14,22,17,12,3.6607131958007812,53.0,52.5,6.551
1765483546.688016,99,14,22,17,12,3.6607131958007812,53.0,52.5,6.551
1765483546.8889754,99,14,22,17,12,3.6607131958007812,53.0,52.5,6.551
1765483547.0917041,99,43,34,33,62,3.6604042053222656,53.0,52.5,7.388
1765483547.2930782,99,43,34,33,62,3.6604042053222656,53.0,52.5,7.388
1765483547.4941986,99,24,23,22,21,3.6611404418945312,53.0,52.5,6.621
1765483547.695325,99,24,23,22,21,3.6611404418945312,53.0,52.5,6.621
1765483547.8962123,99,24,23,22,21,3.6611404418945312,53.0,52.5,6.621
1765483548.0988197,99,32,69,26,20,3.661895751953125,53.0,53.0,7.787
1765483548.302442,99,32,69,26,20,3.661895751953125,53.0,53.0,7.787
1765483548.5040734,99,22,18,13,14,3.6609039306640625,53.0,52.5,6.47
1765483548.7055733,99,22,18,13,14,3.6609039306640625,53.0,52.5,6.47
1765483548.9070742,99,22,18,13,14,3.6609039306640625,53.0,52.5,6.47
1765483549.1083846,99,32,34,50,57,3.6608009338378906,53.0,53.0,7.4
1765483549.3098855,99,32,34,50,57,3.6608009338378906,53.0,53.0,7.4
1765483549.5109272,99,28,25,18,18,3.6611366271972656,53.0,52.5,6.902
1765483549.7118442,99,28,25,18,18,3.6611366271972656,53.0,52.5,6.902
1765483549.9129143,99,28,25,18,18,3.6611366271972656,53.0,52.5,6.902
1765483550.1143398,99,23,68,14,22,3.6619224548339844,53.0,53.5,7.747
1765483550.3158,99,23,68,14,22,3.6619224548339844,53.0,53.5,7.747
1765483550.517479,99,28,18,17,18,3.6613731384277344,52.5,52.5,6.511
1765483550.7188742,99,28,18,17,18,3.6613731384277344,52.5,52.5,6.511
1765483550.920309,99,28,18,17,18,3.6613731384277344,52.5,52.5,6.511
1765483551.1227064,99,36,39,40,56,3.6603851318359375,53.0,52.5,7.131
1765483551.3245673,99,36,39,40,56,3.6603851318359375,53.0,52.5,7.131
1765483551.5258443,99,28,20,30,20,3.6612777709960938,53.0,53.0,6.971
1765483551.7268004,99,28,20,30,20,3.6612777709960938,53.0,53.0,6.971
1765483551.927941,99,28,20,30,20,3.6612777709960938,53.0,53.0,6.971
1765483552.1289442,99,23,19,24,65,3.661529541015625,53.0,53.0,7.171
1765483552.331403,99,23,19,24,65,3.661529541015625,53.0,53.0,7.171
1765483552.532993,99,26,16,25,23,3.6610260009765625,52.5,53.0,6.47
1765483552.7352984,99,26,16,25,23,3.6610260009765625,52.5,53.0,6.47
1765483552.9364274,99,26,16,25,23,3.6610260009765625,52.5,53.0,6.47
1765483553.1397955,99,37,51,51,31,3.6610679626464844,53.0,53.0,6.931
1765483553.343543,99,37,51,51,31,3.6610679626464844,53.0,53.0,6.931
1765483553.546908,99,22,17,26,19,3.6620445251464844,53.0,53.0,6.891
1765483553.7489316,99,22,17,26,19,3.6620445251464844,53.0,53.0,6.891
1765483553.9502728,99,22,17,26,19,3.6620445251464844,53.0,53.0,6.891
1765483554.1515708,99,33,32,26,58,3.6495094299316406,53.0,53.0,6.85
1765483554.3542128,99,33,32,26,58,3.6495094299316406,53.0,53.0,6.85
1765483554.5555701,99,25,32,18,20,3.6492385864257812,52.5,52.5,5.846
1765483554.7565937,99,25,32,18,20,3.6492385864257812,52.5,52.5,5.846
1765483554.9576814,99,25,32,18,20,3.6492385864257812,52.5,52.5,5.846
1765483555.1597958,99,64,36,34,30,3.6498260498046875,53.0,53.5,7.36
1765483555.3623664,99,64,36,34,30,3.6498260498046875,53.0,53.5,7.36
1765483555.5636384,99,20,30,12,17,3.6502685546875,52.5,52.5,6.159
1765483555.7647297,99,20,30,12,17,3.6502685546875,52.5,52.5,6.159
1765483555.9674788,99,20,30,12,17,3.6502685546875,52.5,52.5,6.159
1765483556.1689084,99,36,31,26,58,3.649158477783203,53.0,53.0,7.131
1765483556.3706522,99,36,31,26,58,3.649158477783203,53.0,53.0,7.131
1765483556.5717332,99,36,31,26,58,3.649158477783203,53.0,53.0,7.131
1765483556.7728987,99,26,28,22,21,3.6492767333984375,52.5,52.5,6.31
1765483556.9738626,99,26,28,22,21,3.6492767333984375,52.5,52.5,6.31
1765483557.1753893,99,27,40,30,62,3.6488494873046875,53.0,53.5,7.747
1765483557.377515,99,27,40,30,62,3.6488494873046875,53.0,53.5,7.747
1765483557.5789113,99,27,40,30,62,3.6488494873046875,53.0,53.5,7.747
1765483557.7801552,99,20,17,12,12,3.6485939025878906,53.0,53.0,6.199
1765483557.9812121,99,20,17,12,12,3.6485939025878906,53.0,53.0,6.199
1765483558.1828089,99,35,67,32,27,3.6499290466308594,53.0,53.0,6.931
1765483558.3842738,99,35,67,32,27,3.6499290466308594,53.0,53.0,6.931
1765483558.586397,99,35,67,32,27,3.6499290466308594,53.0,53.0,6.931
1765483558.7879763,99,22,29,26,32,3.6503028869628906,53.0,53.0,6.551
1765483558.9891014,99,22,29,26,32,3.6503028869628906,53.0,53.0,6.551
1765483559.1904082,99,27,59,33,32,3.6510009765625,53.0,54.0,7.747
1765483559.3924959,99,27,59,33,32,3.6510009765625,53.0,54.0,7.747
1765483559.595606,99,27,59,33,32,3.6510009765625,53.0,54.0,7.747
1765483559.8002567,90,23,22,11,22,3.650196075439453,53.0,53.0,5.967
1765483560.0041788,90,23,22,11,22,3.650196075439453,53.0,53.0,5.967
1765483560.2066905,99,31,39,37,58,3.6502838134765625,53.0,53.0,7.051
1765483560.4083722,99,31,39,37,58,3.6502838134765625,53.0,53.0,7.051
1765483560.6099942,99,31,39,37,58,3.6502838134765625,53.0,53.0,7.051
1765483560.8112981,96,25,20,26,16,3.650463104248047,53.0,53.0,6.32
1765483561.0130022,96,25,20,26,16,3.650463104248047,53.0,53.0,6.32
1765483561.2141523,99,64,26,22,21,3.6513671875,53.0,53.0,7.547
1765483561.4158762,99,64,26,22,21,3.6513671875,53.0,53.0,7.547
1765483561.6190348,99,64,26,22,21,3.6513671875,53.0,53.0,7.547
1765483561.82071,99,25,21,16,21,3.6503143310546875,52.5,53.0,5.177
1765483562.0219536,99,25,21,16,21,3.6503143310546875,52.5,53.0,5.177
1765483562.2232225,99,45,30,42,52,3.650127410888672,53.0,53.0,6.891
1765483562.4287012,99,45,30,42,52,3.650127410888672,53.0,53.0,6.891
1765483562.6304336,99,45,30,42,52,3.650127410888672,53.0,53.0,6.891
1765483562.8316543,99,25,26,30,22,3.6514549255371094,52.5,53.0,5.532
1765483563.0328355,99,25,26,30,22,3.6514549255371094,52.5,53.0,5.532
1765483563.2339003,99,65,23,22,18,3.6505393981933594,53.0,53.0,6.861
1765483563.4354086,99,65,23,22,18,3.6505393981933594,53.0,53.0,6.861
1765483563.636902,99,65,23,22,18,3.6505393981933594,53.0,53.0,6.861
1765483563.8385487,99,29,22,24,21,3.6500778198242188,52.5,53.0,5.064
1765483564.0396173,99,29,22,24,21,3.6500778198242188,52.5,53.0,5.064
1765483564.2412615,99,46,30,46,38,3.6505661010742188,53.0,53.5,6.931
1765483564.4444382,99,46,30,46,38,3.6505661010742188,53.0,53.5,6.931
1765483564.6463833,99,46,30,46,38,3.6505661010742188,53.0,53.5,6.931
1765483564.8474667,70,33,25,20,17,3.6508750915527344,53.0,53.5,5.806
1765483565.0485535,70,33,25,20,17,3.6508750915527344,53.0,53.5,5.806
1765483565.2495646,99,28,29,58,24,3.650562286376953,53.5,53.5,7.091
1765483565.4509947,99,28,29,58,24,3.650562286376953,53.5,53.5,7.091
1765483565.6535616,99,28,29,58,24,3.650562286376953,53.5,53.5,7.091
1765483565.855126,90,24,18,21,26,3.650768280029297,53.0,53.0,5.957
1765483566.0562177,90,24,18,21,26,3.650768280029297,53.0,53.0,5.957
1765483566.2573335,90,24,18,21,26,3.650768280029297,53.0,53.0,5.957
1765483566.459043,99,34,52,50,31,3.65057373046875,53.5,53.0,7.2
1765483566.661901,99,34,52,50,31,3.65057373046875,53.5,53.0,7.2
1765483566.8630815,94,20,32,18,14,3.6517257690429688,53.5,53.5,6.661
1765483567.0642145,94,20,32,18,14,3.6517257690429688,53.5,53.5,6.661
1765483567.265585,94,20,32,18,14,3.6517257690429688,53.5,53.5,6.661
1765483567.4669788,99,28,27,64,28,3.650989532470703,53.5,53.0,6.891
1765483567.6687677,99,28,27,64,28,3.650989532470703,53.5,53.0,6.891
1765483567.8701603,93,21,24,20,22,3.6505889892578125,53.0,53.0,5.886
1765483568.0712132,93,21,24,20,22,3.6505889892578125,53.0,53.0,5.886
1765483568.2722418,93,21,24,20,22,3.6505889892578125,53.0,53.0,5.886
1765483568.4737327,99,35,76,30,26,3.6507720947265625,53.5,54.0,7.627
1765483568.67718,99,35,76,30,26,3.6507720947265625,53.5,54.0,7.627
1765483568.8789942,98,20,10,18,15,3.650798797607422,52.5,53.0,5.644
1765483569.0800762,98,20,10,18,15,3.650798797607422,52.5,53.0,5.644
1765483569.2812278,98,20,10,18,15,3.650798797607422,52.5,53.0,5.644
1765483569.4833949,99,35,24,68,27,3.6508750915527344,53.5,53.0,6.85
1765483569.6848423,99,35,24,68,27,3.6508750915527344,53.5,53.0,6.85
1765483569.8860447,95,20,28,36,18,3.6510353088378906,53.0,53.5,6.269
1765483570.0871644,95,20,28,36,18,3.6510353088378906,53.0,53.5,6.269
1765483570.2881615,95,20,28,36,18,3.6510353088378906,53.0,53.5,6.269
1765483570.4904807,99,41,26,64,24,3.6515121459960938,53.5,53.5,7.854
1765483570.6933,99,41,26,64,24,3.6515121459960938,53.5,53.5,7.854
1765483570.8949106,99,25,17,19,12,3.6508827209472656,53.0,53.0,6.078
1765483571.095861,99,25,17,19,12,3.6508827209472656,53.0,53.0,6.078
1765483571.2968814,99,25,17,19,12,3.6508827209472656,53.0,53.0,6.078
1765483571.498536,99,65,35,34,35,3.6504859924316406,53.5,53.5,7.091
1765483571.699906,99,65,35,34,35,3.6504859924316406,53.5,53.5,7.091
1765483571.9010448,99,28,18,22,20,3.650676727294922,53.5,53.5,6.621
1765483572.1020205,99,28,18,22,20,3.650676727294922,53.5,53.5,6.621
1765483572.3031526,99,28,18,22,20,3.650676727294922,53.5,53.5,6.621
1765483572.5045507,99,26,32,59,30,3.6515655517578125,53.5,54.0,7.36
1765483572.7071958,99,26,32,59,30,3.6515655517578125,53.5,54.0,7.36
1765483572.9091382,99,22,19,21,22,3.651134490966797,53.5,53.0,6.007
1765483573.1104727,99,22,19,21,22,3.651134490966797,53.5,53.0,6.007
1765483573.3118196,99,22,19,21,22,3.651134490966797,53.5,53.0,6.007
1765483573.5148714,99,44,35,25,56,3.6507949829101562,53.5,53.5,6.971
1765483573.716743,99,44,35,25,56,3.6507949829101562,53.5,53.5,6.971
1765483573.918353,99,44,35,25,56,3.6507949829101562,53.5,53.5,6.971
1765483574.119549,98,21,32,29,23,3.6512908935546875,53.5,54.0,6.35
1765483574.3205593,98,21,32,29,23,3.6512908935546875,53.5,54.0,6.35
1765483574.521807,99,23,57,27,22,3.651569366455078,53.5,53.5,7.131
1765483574.7239387,99,23,57,27,22,3.651569366455078,53.5,53.5,7.131
1765483574.9255378,99,23,57,27,22,3.651569366455078,53.5,53.5,7.131
1765483575.1268394,99,26,23,18,16,3.6514053344726562,53.0,53.0,5.33
1765483575.32813,99,26,23,18,16,3.6514053344726562,53.0,53.0,5.33
1765483575.5293863,99,36,46,33,60,3.652820587158203,53.5,53.5,7.051
1765483575.732407,99,36,46,33,60,3.652820587158203,53.5,53.5,7.051
1765483575.9341855,99,36,46,33,60,3.652820587158203,53.5,53.5,7.051
1765483576.135435,94,21,30,23,12,3.6532516479492188,53.5,53.5,6.43
1765483576.3386178,94,21,30,23,12,3.6532516479492188,53.5,53.5,6.43
1765483576.5402958,99,28,25,63,30,3.6531715393066406,53.5,54.0,7.36
1765483576.742049,99,28,25,63,30,3.6531715393066406,53.5,54.0,7.36
1765483576.94496,99,28,25,63,30,3.6531715393066406,53.5,54.0,7.36
1765483577.1463196,90,26,12,18,23,3.652935028076172,53.0,53.0,5.411
1765483577.347526,90,26,12,18,23,3.652935028076172,53.0,53.0,5.411
1765483577.5498593,99,51,56,32,34,3.6535110473632812,53.5,54.0,7.011
1765483577.7522097,99,51,56,32,34,3.6535110473632812,53.5,54.0,7.011
1765483577.9538558,99,51,56,32,34,3.6535110473632812,53.5,54.0,7.011
1765483578.1582828,95,25,24,12,20,3.654430389404297,53.5,54.0,6.39
1765483578.359562,95,25,24,12,20,3.654430389404297,53.5,54.0,6.39
1765483578.5606003,99,30,30,62,28,3.6535110473632812,54.0,53.5,7.171
1765483578.7618723,99,30,30,62,28,3.6535110473632812,54.0,53.5,7.171
1765483578.9638503,99,30,30,62,28,3.6535110473632812,54.0,53.5,7.171
1765483579.165853,90,21,16,23,20,3.6553573608398438,53.0,53.5,5.411
1765483579.3669584,90,21,16,23,20,3.6553573608398438,53.0,53.5,5.411
1765483579.5683866,99,34,65,33,32,3.6555747985839844,53.5,54.0,7.52
1765483579.7699084,99,34,65,33,32,3.6555747985839844,53.5,54.0,7.52
1765483579.9729164,99,34,65,33,32,3.6555747985839844,53.5,54.0,7.52
1765483580.1759596,99,11,18,14,27,3.655750274658203,53.0,53.0,5.249
1765483580.376944,99,11,18,14,27,3.655750274658203,53.0,53.0,5.249
1765483580.5785604,99,37,42,60,32,3.655048370361328,53.5,53.5,6.891
1765483580.780123,99,37,42,60,32,3.655048370361328,53.5,53.5,6.891
1765483580.9823856,99,37,42,60,32,3.655048370361328,53.5,53.5,6.891
1765483581.183955,99,25,25,21,24,3.6550941467285156,53.5,53.5,5.694
1765483581.3858957,99,25,25,21,24,3.6550941467285156,53.5,53.5,5.694
1765483581.5871844,99,30,32,70,23,3.656024932861328,53.5,54.5,7.787
1765483581.7895951,99,30,32,70,23,3.656024932861328,53.5,54.5,7.787
1765483581.9931653,99,30,32,70,23,3.656024932861328,53.5,54.5,7.787
1765483582.1955342,99,24,11,10,24,3.6553001403808594,53.0,53.0,5.136
1765483582.3965778,99,24,11,10,24,3.6553001403808594,53.0,53.0,5.136
1765483582.5980005,99,33,28,44,64,3.655048370361328,53.5,54.0,6.942
1765483582.7996042,99,33,28,44,64,3.655048370361328,53.5,54.0,6.942
1765483583.0010567,99,33,28,44,64,3.655048370361328,53.5,54.0,6.942
1765483583.2026706,99,22,28,22,29,3.655773162841797,53.0,53.5,5.685
1765483583.4037259,99,22,28,22,29,3.655773162841797,53.0,53.5,5.685
1765483583.6047485,99,24,27,22,61,3.6561546325683594,53.5,54.5,7.547
1765483583.8069687,99,24,27,22,61,3.6561546325683594,53.5,54.5,7.547
1765483584.0103028,99,24,27,22,61,3.6561546325683594,53.5,54.5,7.547
1765483584.2143548,99,19,16,21,22,3.6552772521972656,53.0,53.5,4.901
1765483584.4155047,99,19,16,21,22,3.6552772521972656,53.0,53.5,4.901
1765483584.6167088,99,19,16,21,22,3.6552772521972656,53.0,53.5,4.901
1765483584.822274,99,39,42,36,54,3.6555747985839844,53.5,54.0,6.781
1765483585.0239193,99,39,42,36,54,3.6555747985839844,53.5,54.0,6.781
1765483585.227666,99,29,27,25,28,3.6558761596679688,53.0,54.0,5.765
1765483585.4289267,99,29,27,25,28,3.6558761596679688,53.0,54.0,5.765
1765483585.6301694,99,29,27,25,28,3.6558761596679688,53.0,54.0,5.765
1765483585.831277,99,64,16,18,16,3.65625,53.5,53.5,6.821
1765483586.0346093,99,64,16,18,16,3.65625,53.5,53.5,6.821
1765483586.236109,99,22,28,18,16,3.6550521850585938,53.0,53.0,4.861
1765483586.4372447,99,22,28,18,16,3.6550521850585938,53.0,53.0,4.861
1765483586.6384604,99,22,28,18,16,3.6550521850585938,53.0,53.0,4.861
1765483586.841425,99,41,42,32,51,3.6557960510253906,54.0,54.0,6.971
1765483587.043265,99,41,42,32,51,3.6557960510253906,54.0,54.0,6.971
1765483587.2443886,99,18,22,28,26,3.6555824279785156,53.0,54.0,5.532
1765483587.4453077,99,18,22,28,26,3.6555824279785156,53.0,54.0,5.532
1765483587.6462681,99,18,22,28,26,3.6555824279785156,53.0,54.0,5.532
1765483587.8474524,99,28,21,26,62,3.6554794311523438,54.0,54.0,7.051
1765483588.0486462,99,28,21,26,62,3.6554794311523438,54.0,54.0,7.051
1765483588.2502723,99,28,21,26,62,3.6554794311523438,54.0,54.0,7.051
1765483588.4529233,10,36,16,16,35,3.6416854858398438,52.5,53.5,5.136
1765483588.6541877,10,36,16,16,35,3.6416854858398438,52.5,53.5,5.136
1765483588.855613,99,38,60,39,29,3.641490936279297,53.5,54.0,7.2
1765483589.0587142,99,38,60,39,29,3.641490936279297,53.5,54.0,7.2
1765483589.2649672,49,22,16,27,24,3.6414756774902344,53.0,54.0,5.258
1765483589.4661965,49,22,16,27,24,3.6414756774902344,53.0,54.0,5.258
1765483589.6674623,49,22,16,27,24,3.6414756774902344,53.0,54.0,5.258
1765483589.8685448,99,31,60,28,26,3.6407432556152344,54.0,54.0,6.85
1765483590.0699892,99,31,60,28,26,3.6407432556152344,54.0,54.0,6.85
1765483590.2710347,88,26,25,18,23,3.640522003173828,53.0,53.5,4.422
1765483590.4721756,88,26,25,18,23,3.640522003173828,53.0,53.5,4.422
1765483590.6731353,88,26,25,18,23,3.640522003173828,53.0,53.5,4.422
1765483590.8753622,99,37,29,63,30,3.640636444091797,54.0,54.0,7.44
1765483591.0787997,99,37,29,63,30,3.640636444091797,54.0,54.0,7.44
1765483591.2806234,99,20,17,15,19,3.640411376953125,53.0,53.5,4.942
1765483591.4819794,99,20,17,15,19,3.640411376953125,53.0,53.5,4.942
1765483591.6832786,99,20,17,15,19,3.640411376953125,53.0,53.5,4.942
1765483591.8847349,99,37,60,36,33,3.640186309814453,53.5,54.5,7.171
1765483592.0863092,99,37,60,36,33,3.640186309814453,53.5,54.5,7.171
1765483592.28735,99,26,22,18,18,3.6409263610839844,53.0,53.5,5.29
1765483592.4884953,99,26,22,18,18,3.6409263610839844,53.0,53.5,5.29
1765483592.6910114,99,26,22,18,18,3.6409263610839844,53.0,53.5,5.29
1765483592.8930266,99,36,29,24,60,3.6413002014160156,54.0,54.5,7.627
1765483593.0949821,99,36,29,24,60,3.6413002014160156,54.0,54.5,7.627
1765483593.2961466,99,22,18,20,14,3.6400108337402344,53.5,53.5,5.136
1765483593.4972987,99,22,18,20,14,3.6400108337402344,53.5,53.5,5.136
1765483593.6985772,99,22,18,20,14,3.6400108337402344,53.5,53.5,5.136
1765483593.9020185,99,38,31,59,40,3.640125274658203,54.0,54.5,7.2
1765483594.1040816,99,38,31,59,40,3.640125274658203,54.0,54.5,7.2
1765483594.305239,99,20,27,28,25,3.6405982971191406,53.5,54.0,5.765
1765483594.5064228,99,20,27,28,25,3.6405982971191406,53.5,54.0,5.765
1765483594.7075355,99,20,27,28,25,3.6405982971191406,53.5,54.0,5.765
1765483594.9091346,99,44,24,54,28,3.641162872314453,54.0,54.5,7.547
1765483595.114922,99,44,24,54,28,3.641162872314453,54.0,54.5,7.547
1765483595.3165476,99,23,19,23,25,3.6404685974121094,53.0,53.5,5.056
1765483595.5178504,99,23,19,23,25,3.6404685974121094,53.0,53.5,5.056
1765483595.7195914,99,23,19,23,25,3.6404685974121094,53.0,53.5,5.056
1765483595.9228334,99,46,43,50,30,3.6399993896484375,54.0,54.0,7.011
1765483596.124933,99,46,43,50,30,3.6399993896484375,54.0,54.0,7.011
1765483596.3260772,99,46,43,50,30,3.6399993896484375,54.0,54.0,7.011
1765483596.5271091,99,31,27,21,28,3.6409454345703125,53.0,54.0,5.613
1765483596.7282984,99,31,27,21,28,3.6409454345703125,53.0,54.0,5.613
1765483596.9297223,99,26,14,60,16,3.6418495178222656,54.0,54.0,7.36
1765483597.1323493,99,26,14,60,16,3.6418495178222656,54.0,54.0,7.36
1765483597.3343427,99,26,14,60,16,3.6418495178222656,54.0,54.0,7.36
1765483597.536516,99,30,23,22,24,3.6410255432128906,54.0,54.0,6.591
1765483597.737541,99,30,23,22,24,3.6410255432128906,54.0,54.0,6.591
1765483597.9386535,99,46,35,45,40,3.6407737731933594,54.0,54.0,7.32
1765483598.1402752,99,46,35,45,40,3.6407737731933594,54.0,54.0,7.32
1765483598.3419387,99,46,35,45,40,3.6407737731933594,54.0,54.0,7.32
1765483598.543056,99,31,20,23,27,3.64202880859375,54.0,54.5,7.16
1765483598.7563374,99,31,20,23,27,3.64202880859375,54.0,54.5,7.16
1765483598.957865,99,72,23,20,23,3.641387939453125,54.0,54.0,7.507
1765483599.159233,99,72,23,20,23,3.641387939453125,54.0,54.0,7.507
1765483599.362832,99,72,23,20,23,3.641387939453125,54.0,54.0,7.507
1765483599.564397,99,17,22,22,31,3.6424789428710938,54.0,53.5,6.511
1765483599.765599,99,17,22,22,31,3.6424789428710938,54.0,53.5,6.511
1765483599.9674258,99,47,59,36,31,3.6435928344726562,54.0,54.0,7.171
1765483600.170222,99,47,59,36,31,3.6435928344726562,54.0,54.0,7.171
1765483600.3720272,99,47,59,36,31,3.6435928344726562,54.0,54.0,7.171
1765483600.5759516,99,19,18,20,16,3.643970489501953,54.0,54.0,7.171
1765483600.7770457,99,19,18,20,16,3.643970489501953,54.0,54.0,7.171
1765483600.978642,99,62,22,32,27,3.6438636779785156,54.0,54.0,7.36
1765483601.1800783,99,62,22,32,27,3.6438636779785156,54.0,54.0,7.36
1765483601.3831768,99,62,22,32,27,3.6438636779785156,54.0,54.0,7.36
1765483601.5852396,98,22,22,23,23,3.644512176513672,54.0,54.0,6.58
1765483601.7864285,98,22,22,23,23,3.644512176513672,54.0,54.0,6.58
1765483601.9874296,99,66,72,66,55,3.6495208740234375,54.5,55.0,9.007
1765483602.1884747,99,66,72,66,55,3.6495208740234375,54.5,55.0,9.007
1765483602.3897078,99,66,72,66,55,3.6495208740234375,54.5,55.0,9.007
1765483602.5907385,98,40,36,16,36,3.633331298828125,54.5,55.5,7.735
1765483602.7917702,98,40,36,16,36,3.633331298828125,54.5,55.5,7.735
1765483602.9928443,99,26,28,26,72,3.6327667236328125,54.0,54.5,7.587
1765483603.1941814,99,26,28,26,72,3.6327667236328125,54.0,54.5,7.587
1765483603.3958795,99,26,28,26,72,3.6327667236328125,54.0,54.5,7.587
1765483603.5970747,99,26,20,25,19,3.633251190185547,54.5,54.0,6.931
1765483603.7982917,99,26,20,25,19,3.633251190185547,54.5,54.0,6.931
1765483603.999521,99,26,20,25,19,3.633251190185547,54.5,54.0,6.931
1765483604.2014842,99,40,47,30,56,3.6343345642089844,54.0,55.0,8.24
1765483604.404297,99,40,47,30,56,3.6343345642089844,54.0,55.0,8.24
1765483604.605925,99,28,13,16,14,3.6336021423339844,54.0,54.0,6.58
1765483604.8070521,99,28,13,16,14,3.6336021423339844,54.0,54.0,6.58
1765483605.0082119,99,28,13,16,14,3.6336021423339844,54.0,54.0,6.58
1765483605.2105236,99,30,32,56,34,3.633556365966797,54.0,55.0,7.547
1765483605.4124153,99,30,32,56,34,3.633556365966797,54.0,55.0,7.547
1765483605.6148837,99,24,20,27,26,3.6351852416992188,54.0,54.0,6.931
1765483605.8160474,99,24,20,27,26,3.6351852416992188,54.0,54.0,6.931
1765483606.017084,99,24,20,27,26,3.6351852416992188,54.0,54.0,6.931
1765483606.218276,99,38,48,25,29,3.6364288330078125,54.0,55.0,7.854
1765483606.421313,99,38,48,25,29,3.6364288330078125,54.0,55.0,7.854
1765483606.623774,98,28,19,24,19,3.6352081298828125,54.0,54.0,6.741
1765483606.8247907,98,28,19,24,19,3.6352081298828125,54.0,54.0,6.741
1765483607.0259953,98,28,19,24,19,3.6352081298828125,54.0,54.0,6.741
1765483607.2278163,99,37,29,54,35,3.6359634399414062,54.0,55.0,7.24
1765483607.4293847,99,37,29,54,35,3.6359634399414062,54.0,55.0,7.24
1765483607.6310904,99,28,20,36,26,3.636425018310547,54.5,54.0,7.36
1765483607.8330534,99,28,20,36,26,3.636425018310547,54.5,54.0,7.36
1765483608.0344484,99,28,20,36,26,3.636425018310547,54.5,54.0,7.36
1765483608.235488,99,40,24,32,22,3.6375465393066406,54.0,55.0,7.44
1765483608.438433,99,40,24,32,22,3.6375465393066406,54.0,55.0,7.44
1765483608.6415987,99,32,25,21,24,3.636272430419922,54.0,54.0,6.931
1765483608.8432865,99,32,25,21,24,3.636272430419922,54.0,54.0,6.931
1765483609.0444472,99,32,25,21,24,3.636272430419922,54.0,54.0,6.931
1765483609.2457242,99,33,59,28,25,3.6365127563476562,54.0,54.0,7.507
1765483609.4470782,99,33,59,28,25,3.6365127563476562,54.0,54.0,7.507
1765483609.6484928,99,22,36,24,26,3.6377716064453125,54.5,54.5,7.747
1765483609.8498063,99,22,36,24,26,3.6377716064453125,54.5,54.5,7.747
1765483610.0508556,99,22,36,24,26,3.6377716064453125,54.5,54.5,7.747
1765483610.251877,99,20,23,50,22,3.637371063232422,54.0,54.5,7.36
1765483610.454364,99,20,23,50,22,3.637371063232422,54.0,54.5,7.36
1765483610.65713,99,31,21,32,25,3.6373939514160156,54.0,54.5,7.4
1765483610.8582604,99,31,21,32,25,3.6373939514160156,54.0,54.5,7.4
1765483611.0593574,99,31,21,32,25,3.6373939514160156,54.0,54.5,7.4
1765483611.260309,99,46,46,27,33,3.6377410888671875,54.0,55.0,7.28
1765483611.4625528,99,46,46,27,33,3.6377410888671875,54.0,55.0,7.28
1765483611.6641767,98,39,14,27,17,3.638896942138672,54.5,54.0,7.48
1765483611.8665931,98,39,14,27,17,3.638896942138672,54.5,54.0,7.48
1765483612.0678182,98,39,14,27,17,3.638896942138672,54.5,54.0,7.48
1765483612.271243,99,27,26,30,36,3.6384239196777344,54.0,55.0,7.36
1765483612.4730148,99,27,26,30,36,3.6384239196777344,54.0,55.0,7.36
1765483612.6748874,98,25,42,18,22,3.6390380859375,54.0,54.5,7.051
1765483612.8779464,98,25,42,18,22,3.6390380859375,54.0,54.5,7.051
1765483613.0793865,98,25,42,18,22,3.6390380859375,54.0,54.5,7.051
1765483613.280851,99,42,33,38,29,3.639362335205078,54.0,55.0,7.16
1765483613.4831033,99,42,33,38,29,3.639362335205078,54.0,55.0,7.16
1765483613.684625,99,46,13,14,19,3.6397018432617188,54.5,54.5,7.707
1765483613.8862467,99,46,13,14,19,3.6397018432617188,54.5,54.5,7.707
1765483614.0874078,99,46,13,14,19,3.6397018432617188,54.5,54.5,7.707
1765483614.2884557,99,35,37,36,25,3.639598846435547,53.5,55.0,6.54
1765483614.489496,99,35,37,36,25,3.639598846435547,53.5,55.0,6.54
1765483614.6905627,99,23,48,21,25,3.6401443481445312,54.0,54.5,7.051
1765483614.8925493,99,23,48,21,25,3.6401443481445312,54.0,54.5,7.051
1765483615.0940301,99,23,48,21,25,3.6401443481445312,54.0,54.5,7.051
1765483615.295022,99,34,36,26,33,3.623981475830078,53.5,55.5,7.051
1765483615.496408,99,34,36,26,33,3.623981475830078,53.5,55.5,7.051
1765483615.6976366,99,34,36,26,33,3.623981475830078,53.5,55.5,7.051
1765483615.8990088,99,50,21,21,25,3.6178436279296875,54.0,54.5,7.2
1765483616.0999832,99,50,21,21,25,3.6178436279296875,54.0,54.5,7.2
1765483616.301124,99,32,43,20,26,3.618358612060547,53.0,55.0,6.5
1765483616.502266,99,32,43,20,26,3.618358612060547,53.0,55.0,6.5
1765483616.7044516,99,32,43,20,26,3.618358612060547,53.0,55.0,6.5
1765483616.9062016,99,56,19,21,24,3.618438720703125,54.5,54.5,7.36
1765483617.107182,99,56,19,21,24,3.618438720703125,54.5,54.5,7.36
1765483617.3086913,99,24,32,31,35,3.619739532470703,54.0,56.0,6.81
1765483617.5101037,99,24,32,31,35,3.619739532470703,54.0,56.0,6.81
1765483617.7130072,99,24,32,31,35,3.619739532470703,54.0,56.0,6.81
1765483617.915308,99,29,22,44,23,3.618999481201172,54.0,54.5,7.28
1765483618.1163154,99,29,22,44,23,3.618999481201172,54.0,54.5,7.28
1765483618.3183372,99,38,27,28,29,3.619110107421875,54.0,56.0,6.269
1765483618.51993,99,38,27,28,29,3.619110107421875,54.0,56.0,6.269
1765483618.721205,99,38,27,28,29,3.619110107421875,54.0,56.0,6.269
1765483618.9234684,99,26,54,26,25,3.619487762451172,54.5,54.5,7.547
1765483619.1270986,99,26,54,26,25,3.619487762451172,54.5,54.5,7.547
1765483619.3285348,85,23,23,20,34,3.619770050048828,54.0,55.5,5.917
1765483619.5300546,85,23,23,20,34,3.619770050048828,54.0,55.5,5.917
1765483619.7326462,85,23,23,20,34,3.619770050048828,54.0,55.5,5.917
1765483619.9344802,99,26,22,37,38,3.6197357177734375,54.0,54.5,7.16
1765483620.135422,99,26,22,37,38,3.6197357177734375,54.0,54.5,7.16
1765483620.3367298,99,44,32,30,34,3.6196632385253906,54.0,54.5,6.85
1765483620.5383565,99,44,32,30,34,3.6196632385253906,54.0,54.5,6.85
1765483620.7395997,99,44,32,30,34,3.6196632385253906,54.0,54.5,6.85
1765483620.9419773,99,20,43,38,26,3.6203460693359375,54.5,55.0,7.934
1765483621.1438353,99,20,43,38,26,3.6203460693359375,54.5,55.0,7.934
1765483621.351692,99,20,43,38,26,3.6203460693359375,54.5,55.0,7.934
1765483621.5526497,99,24,36,21,25,3.619647979736328,54.0,56.5,6.621
1765483621.7548769,99,24,36,21,25,3.619647979736328,54.0,56.5,6.621
1765483621.9582949,99,40,33,20,35,3.6201629638671875,54.0,54.5,7.16
1765483622.1600358,99,40,33,20,35,3.6201629638671875,54.0,54.5,7.16
1765483622.3613257,99,36,40,26,24,3.619617462158203,54.0,55.0,7.011
1765483622.5623438,99,36,40,26,24,3.619617462158203,54.0,55.0,7.011
1765483622.7634196,99,36,40,26,24,3.619617462158203,54.0,55.0,7.011
1765483622.964813,99,48,23,21,17,3.6208572387695312,54.5,55.5,7.814
1765483623.1663566,99,48,23,21,17,3.6208572387695312,54.5,55.5,7.814
1765483623.3674595,99,48,23,21,17,3.6208572387695312,54.5,55.5,7.814
1765483623.56886,99,20,26,22,24,3.621540069580078,54.0,55.0,6.35
1765483623.771893,99,20,26,22,24,3.621540069580078,54.0,55.0,6.35
1765483623.974419,99,46,36,27,29,3.6220932006835938,54.5,54.5,7.16
1765483624.1757157,99,46,36,27,29,3.6220932006835938,54.5,54.5,7.16
1765483624.385516,99,46,36,27,29,3.6220932006835938,54.5,54.5,7.16
1765483624.5866966,99,34,32,31,46,3.6223068237304688,54.0,55.5,7.28
1765483624.7888005,99,34,32,31,46,3.6223068237304688,54.0,55.5,7.28
1765483624.9903896,98,49,16,14,15,3.6227989196777344,54.5,54.5,7.507
1765483625.1923096,98,49,16,14,15,3.6227989196777344,54.5,54.5,7.507
1765483625.3935404,98,49,16,14,15,3.6227989196777344,54.5,54.5,7.507
1765483625.5947902,99,22,35,43,25,3.622314453125,54.0,55.0,7.131
1765483625.7971437,99,22,35,43,25,3.622314453125,54.0,55.0,7.131
1765483625.9992716,98,29,20,23,48,3.622180938720703,54.5,54.5,7.16
1765483626.2027123,98,29,20,23,48,3.622180938720703,54.5,54.5,7.16
1765483626.4047165,98,29,20,23,48,3.622180938720703,54.5,54.5,7.16
1765483626.6063175,99,36,46,33,22,3.6230621337890625,54.0,55.5,7.48
1765483626.8086426,99,36,46,33,22,3.6230621337890625,54.0,55.5,7.48
1765483627.0104978,99,41,21,17,25,3.6229591369628906,54.5,54.5,7.36
1765483627.2126305,99,41,21,17,25,3.6229591369628906,54.5,54.5,7.36
1765483627.4140303,99,41,21,17,25,3.6229591369628906,54.5,54.5,7.36
1765483627.6164727,99,39,34,36,28,3.622539520263672,54.5,55.5,7.24
1765483627.81809,99,39,34,36,28,3.622539520263672,54.5,55.5,7.24
1765483628.019559,99,17,22,43,23,3.6227760314941406,54.5,55.0,7.547
1765483628.2228236,99,17,22,43,23,3.6227760314941406,54.5,55.0,7.547
1765483628.4241776,99,17,22,43,23,3.6227760314941406,54.5,55.0,7.547
1765483628.6254985,99,38,40,28,28,3.623798370361328,54.5,55.0,7.894
1765483628.8284676,99,38,40,28,28,3.623798370361328,54.5,55.0,7.894
1765483629.0314617,98,28,23,23,35,3.622631072998047,55.0,54.5,7.011
1765483629.2327144,98,28,23,23,35,3.622631072998047,55.0,54.5,7.011
1765483629.434279,98,28,23,23,35,3.622631072998047,55.0,54.5,7.011
1765483629.6359096,99,35,43,44,23,3.6229019165039062,54.5,55.0,7.547
1765483629.8369374,99,35,43,44,23,3.6229019165039062,54.5,55.0,7.547
1765483630.038549,98,20,13,39,40,3.622844696044922,54.5,54.5,7.131
1765483630.2415392,98,20,13,39,40,3.622844696044922,54.5,54.5,7.131
1765483630.4477255,98,20,13,39,40,3.622844696044922,54.5,54.5,7.131
1765483630.6488595,99,28,43,42,25,3.623394012451172,54.5,55.5,7.735
1765483630.8518898,99,28,43,42,25,3.623394012451172,54.5,55.5,7.735
1765483631.05333,99,27,22,18,35,3.62322998046875,55.0,55.0,7.16
1765483631.2542646,99,27,22,18,35,3.62322998046875,55.0,55.0,7.16
1765483631.4570642,99,27,22,18,35,3.62322998046875,55.0,55.0,7.16
1765483631.658739,99,30,35,48,28,3.622547149658203,54.5,55.5,7.36
1765483631.85989,99,30,35,48,28,3.622547149658203,54.5,55.5,7.36
1765483632.0609074,99,28,27,36,23,3.6229248046875,55.0,55.0,7.44
1765483632.2627614,99,28,27,36,23,3.6229248046875,55.0,55.0,7.44
1765483632.4639788,99,28,27,36,23,3.6229248046875,55.0,55.0,7.44
1765483632.6650827,99,32,31,40,22,3.622791290283203,54.5,55.5,7.4
1765483632.8669913,99,32,31,40,22,3.622791290283203,54.5,55.5,7.4
1765483633.0684652,99,32,31,40,22,3.622791290283203,54.5,55.5,7.4
1765483633.27013,99,28,23,33,19,3.6226463317871094,54.5,54.5,6.931
1765483633.471297,99,28,23,33,19,3.6226463317871094,54.5,54.5,6.931
1765483633.6724267,99,36,30,56,30,3.6227760314941406,55.0,55.5,7.36
1765483633.874532,99,36,30,56,30,3.6227760314941406,55.0,55.5,7.36
1765483634.075899,99,36,30,56,30,3.6227760314941406,55.0,55.5,7.36
1765483634.2770755,98,45,21,30,19,3.6237525939941406,55.0,55.0,7.814
1765483634.478336,98,45,21,30,19,3.6237525939941406,55.0,55.0,7.814
1765483634.6793206,99,26,44,24,19,3.6230201721191406,54.5,55.0,7.2
1765483634.880769,99,26,44,24,19,3.6230201721191406,54.5,55.0,7.2
1765483635.083761,99,26,44,24,19,3.6230201721191406,54.5,55.0,7.2
1765483635.287081,98,32,22,25,30,3.6233062744140625,55.0,54.5,6.971
1765483635.488909,98,32,22,25,30,3.6233062744140625,55.0,54.5,6.971
1765483635.690359,99,39,39,45,25,3.6239089965820312,54.5,55.5,7.4
1765483635.8922837,99,39,39,45,25,3.6239089965820312,54.5,55.5,7.4
1765483636.093883,99,39,39,45,25,3.6239089965820312,54.5,55.5,7.4
1765483636.2966678,99,42,14,14,17,3.6247215270996094,55.0,55.0,8.054
1765483636.498719,99,42,14,14,17,3.6247215270996094,55.0,55.0,8.054
1765483636.6998281,99,29,24,37,29,3.6240882873535156,54.5,54.5,6.159
1765483636.9008718,99,29,24,37,29,3.6240882873535156,54.5,54.5,6.159
1765483637.1037438,99,29,24,37,29,3.6240882873535156,54.5,54.5,6.159
1765483637.3072886,98,27,32,42,23,3.6245040893554688,54.5,54.5,7.131
1765483637.5087602,98,27,32,42,23,3.6245040893554688,54.5,54.5,7.131
1765483637.710068,0,33,33,28,35,3.6256790161132812,53.5,56.5,4.78
1765483637.9111173,0,33,33,28,35,3.6256790161132812,53.5,56.5,4.78
1765483638.1141117,0,33,33,28,35,3.6256790161132812,53.5,56.5,4.78
1765483638.3160105,99,18,16,54,10,3.6251754760742188,54.5,55.0,6.701
1765483638.5185962,99,18,16,54,10,3.6251754760742188,54.5,55.0,6.701
1765483638.7198188,28,29,26,18,28,3.6252593994140625,54.0,54.5,4.145
1765483638.9209988,28,29,26,18,28,3.6252593994140625,54.0,54.5,4.145
1765483639.1225913,28,29,26,18,28,3.6252593994140625,54.0,54.5,4.145
1765483639.3245893,99,62,22,30,33,3.6260147094726562,55.0,55.0,6.781
1765483639.5274649,99,62,22,30,33,3.6260147094726562,55.0,55.0,6.781
1765483639.7290232,99,22,20,30,24,3.6268577575683594,54.0,55.0,5.056
1765483639.9303288,99,22,20,30,24,3.6268577575683594,54.0,55.0,5.056
1765483640.1334288,99,22,20,30,24,3.6268577575683594,54.0,55.0,5.056
1765483640.335133,99,23,60,25,25,3.6272125244140625,54.5,55.0,6.821
1765483640.5373764,99,23,60,25,25,3.6272125244140625,54.5,55.0,6.821
1765483640.740105,9,26,19,30,26,3.6199417114257812,54.0,55.0,4.382
1765483640.9411018,9,26,19,30,26,3.6199417114257812,54.0,55.0,4.382
1765483641.1424086,9,26,19,30,26,3.6199417114257812,54.0,55.0,4.382
1765483641.3446348,99,27,35,27,64,3.6204299926757812,54.5,55.0,6.781
1765483641.5471702,99,27,35,27,64,3.6204299926757812,54.5,55.0,6.781
1765483641.7483723,6,25,20,27,22,3.620594024658203,54.0,55.0,4.982
1765483641.9493682,6,25,20,27,22,3.620594024658203,54.0,55.0,4.982
1765483642.150587,6,25,20,27,22,3.620594024658203,54.0,55.0,4.982
1765483642.3522997,99,31,25,63,20,3.620105743408203,54.5,55.0,6.701
1765483642.5537167,99,31,25,63,20,3.620105743408203,54.5,55.0,6.701
1765483642.754613,99,27,28,21,24,3.6209869384765625,54.5,54.5,4.942
1765483642.956201,99,27,28,21,24,3.6209869384765625,54.5,54.5,4.942
1765483643.157454,99,27,28,21,24,3.6209869384765625,54.5,54.5,4.942
1765483643.3593588,99,34,28,64,37,3.621166229248047,55.0,55.0,7.2
1765483643.5623856,99,34,28,64,37,3.621166229248047,55.0,55.0,7.2
1765483643.7635128,99,34,28,64,37,3.621166229248047,55.0,55.0,7.2
1765483643.9646842,99,16,18,16,12,3.620861053466797,54.5,54.5,5.177
1765483644.1659436,99,16,18,16,12,3.620861053466797,54.5,54.5,5.177
1765483644.3679247,99,35,66,40,31,3.621795654296875,54.5,55.0,7.2
1765483644.5692,99,35,66,40,31,3.621795654296875,54.5,55.0,7.2
1765483644.7717307,99,35,66,40,31,3.621795654296875,54.5,55.0,7.2
1765483644.9729288,94,16,26,16,18,3.621204376220703,54.5,56.0,5.927
1765483645.1744,94,16,26,16,18,3.621204376220703,54.5,56.0,5.927
1765483645.375913,99,38,24,38,66,3.6224136352539062,55.0,56.0,7.814
1765483645.5799663,99,38,24,38,66,3.6224136352539062,55.0,56.0,7.814
1765483645.782848,99,38,24,38,66,3.6224136352539062,55.0,56.0,7.814
1765483645.9842691,99,18,25,10,15,3.6214523315429688,54.5,55.0,5.694
1765483646.1862106,99,18,25,10,15,3.6214523315429688,54.5,55.0,5.694
1765483646.3885484,99,34,42,34,56,3.621795654296875,55.0,54.5,6.85
1765483646.589833,99,34,42,34,56,3.621795654296875,55.0,54.5,6.85
1765483646.7910872,99,34,42,34,56,3.621795654296875,55.0,54.5,6.85
1765483646.9923034,94,25,23,26,14,3.6219520568847656,54.5,54.5,5.765
1765483647.193359,94,25,23,26,14,3.6219520568847656,54.5,54.5,5.765
1765483647.39441,99,24,74,23,26,3.623607635498047,55.0,56.0,7.747
1765483647.5972595,99,24,74,23,26,3.623607635498047,55.0,56.0,7.747
1765483647.801199,99,24,74,23,26,3.623607635498047,55.0,56.0,7.747
1765483648.0023997,90,15,23,20,17,3.6223182678222656,54.5,55.0,6.39
1765483648.2036185,90,15,23,20,17,3.6223182678222656,54.5,55.0,6.39
1765483648.4051015,99,56,40,37,30,3.6223182678222656,55.0,55.0,6.971
1765483648.6081483,99,56,40,37,30,3.6223182678222656,55.0,55.0,6.971
1765483648.8103733,99,56,40,37,30,3.6223182678222656,55.0,55.0,6.971
1765483649.0126534,97,29,22,21,28,3.622283935546875,55.0,55.0,6.861
1765483649.2138553,97,29,22,21,28,3.622283935546875,55.0,55.0,6.861
1765483649.4152987,99,19,27,20,62,3.6227874755859375,55.0,55.0,7.4
1765483649.6169093,99,19,27,20,62,3.6227874755859375,55.0,55.0,7.4
1765483649.819903,99,19,27,20,62,3.6227874755859375,55.0,55.0,7.4
1765483650.0209622,99,23,22,22,19,3.6235122680664062,54.5,55.0,6.621
1765483650.222508,99,23,22,22,19,3.6235122680664062,54.5,55.0,6.621
1765483650.4241579,99,43,47,34,42,3.6223526000976562,55.0,55.5,7.587
1765483650.6269248,99,43,47,34,42,3.6223526000976562,55.0,55.5,7.587
1765483650.8284836,99,43,47,34,42,3.6223526000976562,55.0,55.5,7.587
1765483651.029579,99,22,11,28,21,3.6239242553710938,55.0,55.5,7.4
1765483651.230798,99,22,11,28,21,3.6239242553710938,55.0,55.5,7.4
1765483651.4318836,99,20,28,63,23,3.6233787536621094,55.0,55.5,7.2
1765483651.6329756,99,20,28,63,23,3.6233787536621094,55.0,55.5,7.2
1765483651.8352852,99,20,28,63,23,3.6233787536621094,55.0,55.5,7.2
1765483652.0367248,99,24,28,25,26,3.623210906982422,55.0,55.0,6.43
1765483652.23791,99,24,28,25,26,3.623210906982422,55.0,55.0,6.43
1765483652.4388213,99,30,71,34,33,3.6234397888183594,55.0,55.0,7.547
1765483652.6398273,99,30,71,34,33,3.6234397888183594,55.0,55.0,7.547
1765483652.8423536,99,30,71,34,33,3.6234397888183594,55.0,55.0,7.547
1765483653.043501,98,22,18,8,20,3.624492645263672,55.0,55.0,7.091
1765483653.2446997,98,22,18,8,20,3.624492645263672,55.0,55.0,7.091
1765483653.4459558,98,22,18,8,20,3.624492645263672,55.0,55.0,7.091
1765483653.6470275,99,19,25,31,70,3.6240310668945312,55.0,55.5,7.934
1765483653.8489335,99,19,25,31,70,3.6240310668945312,55.0,55.5,7.934
1765483654.0512476,99,25,15,26,22,3.6246185302734375,55.0,55.0,7.24
1765483654.2530384,99,25,15,26,22,3.6246185302734375,55.0,55.0,7.24
1765483654.454314,99,25,15,26,22,3.6246185302734375,55.0,55.0,7.24
1765483654.6559174,98,40,37,54,33,3.625995635986328,55.0,56.0,8.094
1765483654.858876,98,40,37,54,33,3.625995635986328,55.0,56.0,8.094
1765483655.0602121,99,20,21,25,13,3.6248855590820312,55.0,55.0,7.547
1765483655.2626858,99,20,21,25,13,3.6248855590820312,55.0,55.0,7.547
1765483655.4639695,99,20,21,25,13,3.6248855590820312,55.0,55.0,7.547
1765483655.6658702,98,33,29,66,25,3.6249732971191406,55.0,56.5,7.507
1765483655.866933,98,33,29,66,25,3.6249732971191406,55.0,56.5,7.507
1765483656.069287,99,22,22,26,26,3.625080108642578,55.5,55.0,7.16
1765483656.270985,99,22,22,26,26,3.625080108642578,55.5,55.0,7.16
1765483656.4724703,99,22,22,26,26,3.625080108642578,55.5,55.0,7.16
1765483656.6743178,98,31,65,33,25,3.626232147216797,55.0,56.5,8.014
1765483656.876526,98,31,65,33,25,3.626232147216797,55.0,56.5,8.014
1765483657.078143,99,21,21,16,18,3.6256370544433594,55.0,55.0,7.051
1765483657.2791553,99,21,21,16,18,3.6256370544433594,55.0,55.0,7.051
1765483657.4801288,99,21,21,16,18,3.6256370544433594,55.0,55.0,7.051
1765483657.6819494,99,40,60,34,29,3.6260337829589844,55.0,55.5,7.627
1765483657.8834805,99,40,60,34,29,3.6260337829589844,55.0,55.5,7.627
1765483658.085377,99,18,28,20,31,3.6266021728515625,55.0,55.0,7.12
1765483658.2867973,99,18,28,20,31,3.6266021728515625,55.0,55.0,7.12
1765483658.4879825,99,18,28,20,31,3.6266021728515625,55.0,55.0,7.12
1765483658.6891286,99,25,56,33,26,3.627910614013672,54.5,55.5,7.854
1765483658.8925755,99,25,56,33,26,3.627910614013672,54.5,55.5,7.854
1765483659.0955284,99,25,56,33,26,3.627910614013672,54.5,55.5,7.854
1765483659.296752,98,25,22,42,28,3.6164894104003906,55.0,55.0,7.091
1765483659.4981036,98,25,22,42,28,3.6164894104003906,55.0,55.0,7.091
1765483659.6992984,99,43,30,36,33,3.615478515625,54.5,56.0,6.239
1765483659.9009342,99,43,30,36,33,3.615478515625,54.5,56.0,6.239
1765483660.1021638,99,54,21,28,23,3.6163864135742188,55.0,56.0,7.814
1765483660.3050845,99,54,21,28,23,3.6163864135742188,55.0,56.0,7.814
1765483660.5071008,99,54,21,28,23,3.6163864135742188,55.0,56.0,7.814
1765483660.7083614,99,26,35,14,17,3.6166839599609375,54.5,56.0,6.741
1765483660.9102004,99,26,35,14,17,3.6166839599609375,54.5,56.0,6.741
1765483661.1117702,99,33,38,36,28,3.6164474487304688,55.5,55.0,7.091
1765483661.3130603,99,33,38,36,28,3.6164474487304688,55.5,55.0,7.091
1765483661.5149426,99,33,38,36,28,3.6164474487304688,55.5,55.0,7.091
1765483661.7160513,99,36,25,31,28,3.616607666015625,54.5,56.0,6.621
1765483661.9181964,99,36,25,31,28,3.616607666015625,54.5,56.0,6.621
1765483662.1195436,99,19,24,16,52,3.6175689697265625,55.5,55.5,7.707
1765483662.321828,99,19,24,16,52,3.6175689697265625,55.5,55.5,7.707
1765483662.5232625,99,19,24,16,52,3.6175689697265625,55.5,55.5,7.707
1765483662.7248187,99,31,39,28,19,3.617115020751953,54.0,56.0,6.551
1765483662.9260216,99,31,39,28,19,3.617115020751953,54.0,56.0,6.551
1765483663.1271062,99,31,39,28,19,3.617115020751953,54.0,56.0,6.551
1765483663.3294413,99,29,26,35,42,3.617767333984375,55.5,55.0,7.28
1765483663.5310144,99,29,26,35,42,3.617767333984375,55.5,55.0,7.28
1765483663.7320378,71,36,28,36,34,3.6179542541503906,54.5,56.5,5.877
1765483663.9329858,71,36,28,36,34,3.6179542541503906,54.5,56.5,5.877
1765483664.134254,71,36,28,36,34,3.6179542541503906,54.5,56.5,5.877
1765483664.3360205,99,52,32,19,18,3.618968963623047,55.5,55.0,7.28
1765483664.5373614,99,52,32,19,18,3.618968963623047,55.5,55.0,7.28
1765483664.7384808,0,34,22,20,20,3.61810302734375,54.5,55.0,4.341
1765483664.939512,0,34,22,20,20,3.61810302734375,54.5,55.0,4.341
1765483665.1410463,0,34,22,20,20,3.61810302734375,54.5,55.0,4.341
1765483665.3434324,99,33,27,25,55,3.6189613342285156,55.5,55.5,6.781
1765483665.5449939,99,33,27,25,55,3.6189613342285156,55.5,55.5,6.781
1765483665.7463312,0,28,27,22,39,3.619464874267578,54.5,55.5,5.015
1765483665.947354,0,28,27,22,39,3.619464874267578,54.5,55.5,5.015
1765483666.1488252,0,28,27,22,39,3.619464874267578,54.5,55.5,5.015
1765483666.3501184,99,21,60,18,16,3.6188735961914062,55.5,55.0,6.85
1765483666.5528035,99,21,60,18,16,3.6188735961914062,55.5,55.0,6.85
1765483666.7552428,98,26,29,32,20,3.619403839111328,54.0,55.0,4.585
1765483666.956317,98,26,29,32,20,3.619403839111328,54.0,55.0,4.585
1765483667.158578,98,26,29,32,20,3.619403839111328,54.0,55.0,4.585
1765483667.3606079,99,34,36,60,24,3.6196136474609375,55.0,55.5,6.891
1765483667.562769,99,34,36,60,24,3.6196136474609375,55.0,55.5,6.891
1765483667.7641346,8,32,33,14,25,3.6205177307128906,54.5,55.5,4.658
1765483667.965243,8,32,33,14,25,3.6205177307128906,54.5,55.5,4.658
1765483668.1668754,8,32,33,14,25,3.6205177307128906,54.5,55.5,4.658
1765483668.3682747,99,24,27,65,22,3.6198081970214844,55.5,55.5,6.661
1765483668.5699,99,24,27,65,22,3.6198081970214844,55.5,55.5,6.661
1765483668.771537,12,30,22,16,27,3.6202545166015625,54.5,55.0,4.307
1765483668.973192,12,30,22,16,27,3.6202545166015625,54.5,55.0,4.307
1765483669.1745322,12,30,22,16,27,3.6202545166015625,54.5,55.0,4.307
1765483669.3762407,99,31,40,62,21,3.6208343505859375,55.5,55.0,6.891
1765483669.5799086,99,31,40,62,21,3.6208343505859375,55.5,55.0,6.891
1765483669.781775,99,19,22,29,20,3.6214561462402344,54.5,55.5,5.29
1765483669.9828188,99,19,22,29,20,3.6214561462402344,54.5,55.5,5.29
1765483670.1838105,99,19,22,29,20,3.6214561462402344,54.5,55.5,5.29
1765483670.385112,99,40,27,57,22,3.6214447021484375,55.5,55.5,7.051
1765483670.5867758,99,40,27,57,22,3.6214447021484375,55.5,55.5,7.051
1765483670.7879148,99,27,28,24,20,3.6217727661132812,55.0,55.0,5.217
1765483670.9891732,99,27,28,24,20,3.6217727661132812,55.0,55.0,5.217
1765483671.190315,99,27,28,24,20,3.6217727661132812,55.0,55.0,5.217
1765483671.392577,99,30,38,76,26,3.6221275329589844,56.0,56.5,7.854
1765483671.595379,99,30,38,76,26,3.6221275329589844,56.0,56.5,7.854
1765483671.7969563,99,30,38,76,26,3.6221275329589844,56.0,56.5,7.854
1765483671.9982271,99,19,12,17,19,3.621654510498047,55.0,55.0,5.177
1765483672.1992629,99,19,12,17,19,3.621654510498047,55.0,55.0,5.177
1765483672.401144,99,40,28,35,67,3.6226348876953125,55.5,55.5,7.011
1765483672.603268,99,40,28,35,67,3.6226348876953125,55.5,55.5,7.011
1765483672.8047802,99,40,28,35,67,3.6226348876953125,55.5,55.5,7.011
1765483673.0062592,98,18,24,25,26,3.622600555419922,55.5,55.0,6.269
1765483673.207657,98,18,24,25,26,3.622600555419922,55.5,55.0,6.269
1765483673.4090059,99,36,35,30,64,3.6238250732421875,55.5,56.5,8.359
1765483673.6123502,99,36,35,30,64,3.6238250732421875,55.5,56.5,8.359
1765483673.8155773,99,36,35,30,64,3.6238250732421875,55.5,56.5,8.359
1765483674.0172155,99,22,19,8,17,3.6233062744140625,55.5,55.5,6.621
1765483674.2182982,99,22,19,8,17,3.6233062744140625,55.5,55.5,6.621
1765483674.4194877,99,31,65,33,34,3.6236038208007812,55.5,56.0,7.547
1765483674.6207666,99,31,65,33,34,3.6236038208007812,55.5,56.0,7.547
1765483674.8224568,99,31,65,33,34,3.6236038208007812,55.5,56.0,7.547
1765483675.0236557,99,25,19,19,31,3.6240158081054688,55.5,55.5,7.24
1765483675.225065,99,25,19,19,31,3.6240158081054688,55.5,55.5,7.24
1765483675.4261563,99,26,30,60,22,3.6254196166992188,55.5,56.0,8.2
1765483675.628209,99,26,30,60,22,3.6254196166992188,55.5,56.0,8.2
1765483675.830954,99,26,30,60,22,3.6254196166992188,55.5,56.0,8.2
1765483676.0323737,99,30,23,13,21,3.6239967346191406,55.5,55.5,7.131
1765483676.2333875,99,30,23,13,21,3.6239967346191406,55.5,55.5,7.131
1765483676.4343944,99,27,32,69,26,3.6247215270996094,55.5,56.0,7.667
1765483676.637411,99,27,32,69,26,3.6247215270996094,55.5,56.0,7.667
1765483676.8393395,99,27,32,69,26,3.6247215270996094,55.5,56.0,7.667
1765483677.040373,99,28,24,21,28,3.624614715576172,55.5,56.0,8.014
1765483677.241569,99,28,24,21,28,3.624614715576172,55.5,56.0,8.014
1765483677.4427407,99,19,34,18,58,3.6246337890625,55.5,56.0,7.667
1765483677.6444452,99,19,34,18,58,3.6246337890625,55.5,56.0,7.667
1765483677.847454,99,19,34,18,58,3.6246337890625,55.5,56.0,7.667
1765483678.0504236,99,10,25,18,21,3.625091552734375,55.5,55.5,7.171
1765483678.2530951,99,10,25,18,21,3.625091552734375,55.5,55.5,7.171
1765483678.455683,99,31,40,30,57,3.6260643005371094,55.5,55.5,7.747
1765483678.658481,99,31,40,30,57,3.6260643005371094,55.5,55.5,7.747
1765483678.8599718,99,31,40,30,57,3.6260643005371094,55.5,55.5,7.747
1765483679.0614517,99,16,26,19,25,3.6270294189453125,55.5,56.0,7.24
1765483679.2670994,99,16,26,19,25,3.6270294189453125,55.5,56.0,7.24
1765483679.4682539,99,24,60,19,20,3.626537322998047,55.5,55.5,7.211
1765483679.6694667,99,24,60,19,20,3.626537322998047,55.5,55.5,7.211
1765483679.872574,99,24,60,19,20,3.626537322998047,55.5,55.5,7.211
1765483680.074683,99,39,26,20,24,3.6264801025390625,55.5,55.5,7.131
1765483680.2756877,99,39,26,20,24,3.6264801025390625,55.5,55.5,7.131
1765483680.47671,99,42,45,39,29,3.627483367919922,55.5,56.5,7.468
1765483680.678081,99,42,45,39,29,3.627483367919922,55.5,56.5,7.468
1765483680.8810296,99,42,45,39,29,3.627483367919922,55.5,56.5,7.468
1765483681.0832806,98,18,18,12,38,3.6282386779785156,56.0,56.0,7.735
1765483681.284731,98,18,18,12,38,3.6282386779785156,56.0,56.0,7.735
1765483681.4860399,99,30,54,23,20,3.6276016235351562,55.5,55.5,7.28
1765483681.6871161,99,30,54,23,20,3.6276016235351562,55.5,55.5,7.28
1765483681.8906348,99,30,54,23,20,3.6276016235351562,55.5,55.5,7.28
1765483682.0949798,98,20,45,18,29,3.6280479431152344,55.5,55.5,7.091
1765483682.2962132,98,20,45,18,29,3.6280479431152344,55.5,55.5,7.091
1765483682.4972234,99,37,40,31,34,3.6294212341308594,55.5,56.5,7.747
1765483682.6987522,99,37,40,31,34,3.6294212341308594,55.5,56.5,7.747
1765483682.9020712,99,37,40,31,34,3.6294212341308594,55.5,56.5,7.747
1765483683.1042333,99,38,16,13,18,3.629169464111328,56.0,55.5,7.36
1765483683.305334,99,38,16,13,18,3.629169464111328,56.0,55.5,7.36
1765483683.506458,99,38,16,13,18,3.629169464111328,56.0,55.5,7.36
1765483683.7076752,99,41,40,30,29,3.6288986206054688,55.0,56.5,6.661
1765483683.9092343,99,41,40,30,29,3.6288986206054688,55.0,56.5,6.661
1765483684.1113682,99,28,18,50,20,3.6289138793945312,56.0,56.0,7.2
1765483684.3134007,99,28,18,50,20,3.6289138793945312,56.0,56.0,7.2
1765483684.5175207,99,28,18,50,20,3.6289138793945312,56.0,56.0,7.2
1765483684.718762,99,34,41,30,26,3.6299972534179688,55.5,56.5,7.051
1765483684.9207094,99,34,41,30,26,3.6299972534179688,55.5,56.5,7.051
1765483685.1223805,99,45,20,18,18,3.629344940185547,55.5,56.0,6.891
1765483685.3238745,99,45,20,18,18,3.629344940185547,55.5,56.0,6.891
1765483685.5248754,99,45,20,18,18,3.629344940185547,55.5,56.0,6.891
1765483685.72636,99,27,41,28,40,3.6296005249023438,55.0,56.0,6.741
1765483685.9277945,99,27,41,28,40,3.6296005249023438,55.0,56.0,6.741
1765483686.1305428,99,25,23,23,52,3.629974365234375,55.5,56.0,7.4
1765483686.3317904,99,25,23,23,52,3.629974365234375,55.5,56.0,7.4
1765483686.5330067,99,25,23,23,52,3.629974365234375,55.5,56.0,7.4
1765483686.7341352,99,24,36,26,30,3.6309776306152344,55.0,57.5,7.051
1765483686.9355307,99,24,36,26,30,3.6309776306152344,55.0,57.5,7.051
1765483687.137003,99,36,21,38,24,3.6302947998046875,55.5,55.5,7.131
1765483687.33849,99,36,21,38,24,3.6302947998046875,55.5,55.5,7.131
1765483687.5394974,99,36,21,38,24,3.6302947998046875,55.5,55.5,7.131
1765483687.7405486,99,27,45,29,28,3.6305465698242188,55.0,57.5,6.58
1765483687.9417422,99,27,45,29,28,3.6305465698242188,55.0,57.5,6.58
1765483688.1427965,99,53,22,17,22,3.63134765625,56.0,56.0,7.814
1765483688.344478,99,53,22,17,22,3.63134765625,56.0,56.0,7.814
1765483688.5458086,99,53,22,17,22,3.63134765625,56.0,56.0,7.814
1765483688.7470863,32,26,24,27,28,3.6318588256835938,55.0,57.5,5.765
1765483688.9485435,32,26,24,27,28,3.6318588256835938,55.0,57.5,5.765
1765483689.1505527,99,36,30,22,46,3.6308822631835938,56.0,56.0,7.2
1765483689.3517702,99,36,30,22,46,3.6308822631835938,56.0,56.0,7.2
1765483689.5526621,99,36,30,22,46,3.6308822631835938,56.0,56.0,7.2
1765483689.7538939,2,26,33,32,32,3.631694793701172,54.5,56.0,4.934
1765483689.954918,2,26,33,32,32,3.631694793701172,54.5,56.0,4.934
1765483690.1560283,99,19,56,29,31,3.6336212158203125,56.0,56.0,7.44
1765483690.358255,99,19,56,29,31,3.6336212158203125,56.0,56.0,7.44
1765483690.5593305,99,19,56,29,31,3.6336212158203125,56.0,56.0,7.44
1765483690.7623978,25,25,33,22,17,3.62542724609375,55.0,55.5,4.341
1765483690.9639862,25,25,33,22,17,3.62542724609375,55.0,55.5,4.341
1765483691.1651976,99,52,37,40,26,3.6252059936523438,55.5,55.5,6.971
1765483691.368133,99,52,37,40,26,3.6252059936523438,55.5,55.5,6.971
1765483691.5694363,99,52,37,40,26,3.6252059936523438,55.5,55.5,6.971
1765483691.77061,99,25,34,19,26,3.625560760498047,55.0,56.0,4.942
1765483691.971964,99,25,34,19,26,3.625560760498047,55.0,56.0,4.942
1765483692.1729913,99,25,34,19,26,3.625560760498047,55.0,56.0,4.942
1765483692.3750482,99,28,58,19,20,3.6268463134765625,55.5,56.0,7.2
1765483692.5781958,99,28,58,19,20,3.6268463134765625,55.5,56.0,7.2
1765483692.7793808,55,32,25,25,19,3.625659942626953,55.0,56.0,4.658
1765483692.980522,55,32,25,25,19,3.625659942626953,55.0,56.0,4.658
1765483693.1817398,55,32,25,25,19,3.625659942626953,55.0,56.0,4.658
1765483693.3840306,99,59,38,27,31,3.626178741455078,55.5,56.0,6.931
1765483693.5853562,99,59,38,27,31,3.626178741455078,55.5,56.0,6.931
1765483693.7908628,6,22,38,20,26,3.6262245178222656,55.0,56.0,4.82
1765483693.993554,6,22,38,20,26,3.6262245178222656,55.0,56.0,4.82
1765483694.1949167,6,22,38,20,26,3.6262245178222656,55.0,56.0,4.82
1765483694.3963385,99,37,50,26,25,3.6283340454101562,56.0,56.0,7.051
1765483694.5994964,99,37,50,26,25,3.6283340454101562,56.0,56.0,7.051
1765483694.801005,1,28,16,25,21,3.6278152465820312,55.0,55.5,4.267
1765483695.0021546,1,28,16,25,21,3.6278152465820312,55.0,55.5,4.267
1765483695.2040472,1,28,16,25,21,3.6278152465820312,55.0,55.5,4.267
1765483695.4063435,99,32,47,55,30,3.628997802734375,55.5,56.0,6.931
1765483695.6080692,99,32,47,55,30,3.628997802734375,55.5,56.0,6.931
1765483695.8091743,99,23,26,14,22,3.6290740966796875,55.5,56.0,6.078
1765483696.0102777,99,23,26,14,22,3.6290740966796875,55.5,56.0,6.078
1765483696.2117476,99,23,26,14,22,3.6290740966796875,55.5,56.0,6.078
1765483696.4131858,99,26,24,64,26,3.6288223266601562,55.5,56.0,7.091
1765483696.6151302,99,26,24,64,26,3.6288223266601562,55.5,56.0,7.091
1765483696.8165333,94,23,20,24,26,3.628997802734375,55.5,55.5,5.725
1765483697.0179024,94,23,20,24,26,3.628997802734375,55.5,55.5,5.725
1765483697.2189236,94,23,20,24,26,3.628997802734375,55.5,55.5,5.725
1765483697.420513,99,28,40,61,36,3.6291160583496094,56.0,56.0,7.2
1765483697.6234233,99,28,40,61,36,3.6291160583496094,56.0,56.0,7.2
1765483697.824723,99,28,16,18,22,3.629741668701172,55.5,55.5,5.957
1765483698.0260875,99,28,16,18,22,3.629741668701172,55.5,55.5,5.957
1765483698.2279503,99,28,16,18,22,3.629741668701172,55.5,55.5,5.957
1765483698.4291248,99,22,39,66,23,3.6301841735839844,55.5,56.0,7.171
1765483698.6304638,99,22,39,66,23,3.6301841735839844,55.5,56.0,7.171
1765483698.8320143,99,28,18,22,27,3.6307716369628906,55.5,56.0,6.58
1765483699.033589,99,28,18,22,27,3.6307716369628906,55.5,56.0,6.58
1765483699.2348812,99,28,18,22,27,3.6307716369628906,55.5,56.0,6.58
1765483699.4369566,99,25,39,61,29,3.6313552856445312,56.0,56.5,8.2
1765483699.6388896,99,25,39,61,29,3.6313552856445312,56.0,56.5,8.2
1765483699.839966,99,19,20,12,15,3.6308822631835938,55.5,56.0,6.621
1765483700.0443356,99,19,20,12,15,3.6308822631835938,55.5,56.0,6.621
1765483700.2453837,99,19,20,12,15,3.6308822631835938,55.5,56.0,6.621
1765483700.4479346,99,37,26,61,30,3.6313438415527344,56.0,56.0,7.32
1765483700.649272,99,37,26,61,30,3.6313438415527344,56.0,56.0,7.32
1765483700.8505728,99,18,22,16,30,3.631488800048828,56.0,56.0,6.861
1765483701.0552738,99,18,22,16,30,3.631488800048828,56.0,56.0,6.861
1765483701.2566094,99,18,22,16,30,3.631488800048828,56.0,56.0,6.861
1765483701.4580152,99,31,33,34,74,3.6189651489257812,56.0,57.5,8.584
1765483701.659416,99,31,33,34,74,3.6189651489257812,56.0,57.5,8.584
1765483701.8606427,99,31,33,34,74,3.6189651489257812,56.0,57.5,8.584
1765483702.0616448,98,23,16,15,22,3.61822509765625,55.5,56.0,6.591
1765483702.262666,98,23,16,15,22,3.61822509765625,55.5,56.0,6.591
1765483702.4638195,98,69,39,23,30,3.618610382080078,56.0,56.5,7.707
1765483702.6650686,98,69,39,23,30,3.618610382080078,56.0,56.5,7.707
1765483702.8661733,98,69,39,23,30,3.618610382080078,56.0,56.5,7.707
1765483703.067252,99,25,26,24,31,3.6192893981933594,56.0,56.5,7.707
1765483703.2685044,99,25,26,24,31,3.6192893981933594,56.0,56.5,7.707
1765483703.4695578,99,20,39,28,50,3.6201934814453125,56.0,57.0,8.054
1765483703.6722424,99,20,39,28,50,3.6201934814453125,56.0,57.0,8.054
1765483703.8745048,99,20,39,28,50,3.6201934814453125,56.0,57.0,8.054
1765483704.0756235,99,20,25,14,18,3.619243621826172,56.0,56.0,7.011
1765483704.2768917,99,20,25,14,18,3.619243621826172,56.0,56.0,7.011
1765483704.4780936,99,38,36,34,54,3.6197586059570312,55.5,57.0,7.974
1765483704.679644,99,38,36,34,54,3.6197586059570312,55.5,57.0,7.974
1765483704.8807454,99,38,36,34,54,3.6197586059570312,55.5,57.0,7.974
1765483705.0827894,99,18,26,21,28,3.6202964782714844,56.0,56.0,7.211
1765483705.2841961,99,18,26,21,28,3.6202964782714844,56.0,56.0,7.211
1765483705.4853663,99,28,30,24,50,3.6210861206054688,56.0,56.0,7.507
1765483705.6869366,99,28,30,24,50,3.6210861206054688,56.0,56.0,7.507
1765483705.8892634,99,28,30,24,50,3.6210861206054688,56.0,56.0,7.507
1765483706.093258,98,24,24,24,34,3.620403289794922,55.5,56.5,7.131
1765483706.2963915,98,24,24,24,34,3.620403289794922,55.5,56.5,7.131
1765483706.4975433,99,38,46,36,25,3.620697021484375,56.0,56.0,7.4
1765483706.699929,99,38,46,36,25,3.620697021484375,56.0,56.0,7.4
1765483706.9014318,99,38,46,36,25,3.620697021484375,56.0,56.0,7.4
1765483707.103324,98,24,21,23,37,3.621246337890625,56.0,56.0,7.547
1765483707.3047132,98,24,21,23,37,3.621246337890625,56.0,56.0,7.547
1765483707.5058515,99,40,28,26,35,3.6204605102539062,56.0,56.0,7.36
1765483707.7071402,99,40,28,26,35,3.6204605102539062,56.0,56.0,7.36
1765483707.9121528,99,40,28,26,35,3.6204605102539062,56.0,56.0,7.36
1765483708.1149695,99,23,23,22,36,3.62164306640625,56.0,56.0,7.051
1765483708.3165092,99,23,23,22,36,3.62164306640625,56.0,56.0,7.051
1765483708.5177283,99,31,46,37,41,3.6217613220214844,56.0,56.5,7.547
1765483708.719423,99,31,46,37,41,3.6217613220214844,56.0,56.5,7.547
1765483708.9212472,99,31,46,37,41,3.6217613220214844,56.0,56.5,7.547
1765483709.1227927,99,18,27,32,22,3.622711181640625,56.0,56.5,7.707
1765483709.323981,99,18,27,32,22,3.622711181640625,56.0,56.5,7.707
1765483709.5253072,99,39,37,29,25,3.6222305297851562,55.5,57.0,6.902
1765483709.7272305,99,39,37,29,25,3.6222305297851562,55.5,57.0,6.902
1765483709.9293146,99,39,37,29,25,3.6222305297851562,55.5,57.0,6.902
1765483710.1317239,99,20,49,20,25,3.6227340698242188,56.0,56.0,7.131
1765483710.3332317,99,20,49,20,25,3.6227340698242188,56.0,56.0,7.131
1765483710.5344791,99,31,34,34,27,3.6241798400878906,55.5,57.5,6.971
1765483710.7364833,99,31,34,34,27,3.6241798400878906,55.5,57.5,6.971
1765483710.9396825,99,31,34,34,27,3.6241798400878906,55.5,57.5,6.971
1765483711.1411765,99,19,43,15,13,3.6234397888183594,56.0,56.0,7.011
1765483711.3428774,99,19,43,15,13,3.6234397888183594,56.0,56.0,7.011
1765483711.5442057,99,39,46,29,32,3.6234130859375,55.5,58.5,6.781
1765483711.7452288,99,39,46,29,32,3.6234130859375,55.5,58.5,6.781
1765483711.946295,99,39,46,29,32,3.6234130859375,55.5,58.5,6.781
1765483712.1482797,99,51,26,19,20,3.624065399169922,56.0,56.0,7.171
1765483712.351498,99,51,26,19,20,3.624065399169922,56.0,56.0,7.171
1765483712.5604782,99,51,26,19,20,3.624065399169922,56.0,56.0,7.171
1765483712.7616994,66,28,42,30,22,3.624889373779297,55.5,58.0,6.068
1765483712.9647193,66,28,42,30,22,3.624889373779297,55.5,58.0,6.068
1765483713.1664007,99,18,20,46,27,3.624267578125,56.0,56.0,7.2
1765483713.3682642,99,18,20,46,27,3.624267578125,56.0,56.0,7.2
1765483713.5697784,99,18,20,46,27,3.624267578125,56.0,56.0,7.2
1765483713.7708113,58,43,30,32,26,3.624267578125,55.5,58.0,5.451
1765483713.9719021,58,43,30,32,26,3.624267578125,55.5,58.0,5.451
1765483714.1737897,99,20,55,25,27,3.6250228881835938,56.5,56.5,7.28
1765483714.376057,99,20,55,25,27,3.6250228881835938,56.5,56.5,7.28
1765483714.5772574,99,20,55,25,27,3.6250228881835938,56.5,56.5,7.28
1765483714.780348,0,21,30,21,25,3.6261444091796875,55.5,56.5,4.691
1765483714.9818842,0,21,30,21,25,3.6261444091796875,55.5,56.5,4.691
1765483715.1841,99,32,50,25,29,3.625579833984375,56.0,56.0,6.741
1765483715.3874,99,32,50,25,29,3.625579833984375,56.0,56.0,6.741
1765483715.5886683,99,32,50,25,29,3.625579833984375,56.0,56.0,6.741
1765483715.7899437,26,26,40,25,25,3.6257247924804688,55.5,56.0,5.33
1765483715.991069,26,26,40,25,25,3.6257247924804688,55.5,56.0,5.33
1765483716.1921952,99,31,54,22,24,3.6256179809570312,56.5,56.5,7.44
1765483716.3944578,99,31,54,22,24,3.6256179809570312,56.5,56.5,7.44
1765483716.5957801,99,31,54,22,24,3.6256179809570312,56.5,56.5,7.44
1765483716.7970068,2,24,31,17,16,3.6266555786132812,55.5,57.5,4.975
1765483716.9987714,2,24,31,17,16,3.6266555786132812,55.5,57.5,4.975
1765483717.2007298,99,37,31,47,28,3.6254005432128906,56.5,56.0,7.011
1765483717.4022717,99,37,31,47,28,3.6254005432128906,56.5,56.0,7.011
1765483717.603304,99,37,31,47,28,3.6254005432128906,56.5,56.0,7.011
1765483717.8043573,63,28,29,34,28,3.625499725341797,55.5,57.5,5.33
1765483718.006735,63,28,29,34,28,3.625499725341797,55.5,57.5,5.33
1765483718.208074,99,23,30,26,57,3.6269683837890625,56.5,56.5,7.667
1765483718.4102,99,23,30,26,57,3.6269683837890625,56.5,56.5,7.667
1765483718.6120338,99,23,30,26,57,3.6269683837890625,56.5,56.5,7.667
1765483718.8132708,0,20,28,14,24,3.619495391845703,55.5,56.0,4.226
1765483719.0143437,0,20,28,14,24,3.619495391845703,55.5,56.0,4.226
1765483719.2153625,99,30,32,50,35,3.6202545166015625,56.0,56.0,6.861
1765483719.4174542,99,30,32,50,35,3.6202545166015625,56.0,56.0,6.861
1765483719.6190536,99,30,32,50,35,3.6202545166015625,56.0,56.0,6.861
1765483719.820197,99,20,32,28,24,3.62060546875,55.5,56.5,4.585
1765483720.0212529,99,20,32,28,24,3.62060546875,55.5,56.5,4.585
1765483720.2223952,99,20,32,28,24,3.62060546875,55.5,56.5,4.585
1765483720.4241345,99,28,60,22,25,3.621715545654297,56.0,57.0,7.468
1765483720.6272328,99,28,60,22,25,3.621715545654297,56.0,57.0,7.468
1765483720.828855,66,31,33,16,12,3.62060546875,55.0,56.5,4.658
1765483721.0298197,66,31,33,16,12,3.62060546875,55.0,56.5,4.658
1765483721.2308638,66,31,33,16,12,3.62060546875,55.0,56.5,4.658
1765483721.4339128,99,33,46,42,28,3.620929718017578,56.0,56.5,6.85
1765483721.6352441,99,33,46,42,28,3.620929718017578,56.0,56.5,6.85
1765483721.8370156,10,26,22,35,17,3.6204872131347656,55.5,57.0,4.901
1765483722.0380862,10,26,22,35,17,3.6204872131347656,55.5,57.0,4.901
1765483722.2393858,10,26,22,35,17,3.6204872131347656,55.5,57.0,4.901
1765483722.44062,99,20,51,18,18,3.6214637756347656,56.5,56.5,7.011
1765483722.64356,99,20,51,18,18,3.6214637756347656,56.5,56.5,7.011
1765483722.847156,11,25,20,33,26,3.621826171875,55.0,56.5,4.699
1765483723.0487297,11,25,20,33,26,3.621826171875,55.0,56.5,4.699
1765483723.2547994,11,25,20,33,26,3.621826171875,55.0,56.5,4.699
1765483723.4574728,99,32,32,60,32,3.622283935546875,56.5,56.0,7.16
1765483723.6606154,99,32,32,60,32,3.622283935546875,56.5,56.0,7.16
1765483723.8619242,6,28,25,19,27,3.622577667236328,55.5,57.0,4.901
1765483724.0629468,6,28,25,19,27,3.622577667236328,55.5,57.0,4.901
1765483724.2651687,6,28,25,19,27,3.622577667236328,55.5,57.0,4.901
1765483724.4663382,99,25,34,49,44,3.622753143310547,56.5,56.5,6.781
1765483724.6691916,99,25,34,49,44,3.622753143310547,56.5,56.5,6.781
1765483724.8707445,2,26,26,26,16,3.6232566833496094,55.5,56.0,4.463
1765483725.072396,2,26,26,26,16,3.6232566833496094,55.5,56.0,4.463
1765483725.2741082,2,26,26,26,16,3.6232566833496094,55.5,56.0,4.463
1765483725.4762402,99,35,64,30,30,3.6234207153320312,56.0,56.5,7.051
1765483725.6783926,99,35,64,30,30,3.6234207153320312,56.0,56.5,7.051
1765483725.8795807,99,20,24,22,21,3.6243209838867188,56.0,56.0,5.532
1765483726.0807073,99,20,24,22,21,3.6243209838867188,56.0,56.0,5.532
1765483726.2822158,99,20,24,22,21,3.6243209838867188,56.0,56.0,5.532
1765483726.4834766,99,62,22,33,24,3.623889923095703,56.0,56.5,6.931
1765483726.685168,99,62,22,33,24,3.623889923095703,56.0,56.5,6.931
1765483726.8862288,98,25,26,25,24,3.6241111755371094,56.0,56.0,5.927
1765483727.0875876,98,25,26,25,24,3.6241111755371094,56.0,56.0,5.927
1765483727.2890286,98,25,26,25,24,3.6241111755371094,56.0,56.0,5.927
1765483727.4922745,99,28,72,31,32,3.624744415283203,56.5,56.5,7.775
1765483727.6955426,99,28,72,31,32,3.624744415283203,56.5,56.5,7.775
1765483727.8969398,99,28,14,12,19,3.6246566772460938,56.0,56.5,6.621
1765483728.0980904,99,28,14,12,19,3.6246566772460938,56.0,56.5,6.621
1765483728.2992208,99,28,14,12,19,3.6246566772460938,56.0,56.5,6.621
1765483728.5011036,99,30,64,21,34,3.6251296997070312,56.5,56.5,7.2
1765483728.7026143,99,30,64,21,34,3.6251296997070312,56.5,56.5,7.2
1765483728.904446,99,26,28,26,24,3.6250534057617188,56.0,56.0,6.43
1765483729.1058645,99,26,28,26,24,3.6250534057617188,56.0,56.0,6.43
1765483729.306947,99,26,28,26,24,3.6250534057617188,56.0,56.0,6.43
1765483729.5094192,99,29,23,18,73,3.6258506774902344,56.5,57.0,7.974
1765483729.7122803,99,29,23,18,73,3.6258506774902344,56.5,57.0,7.974
1765483729.9145777,99,16,16,18,13,3.6253318786621094,56.0,56.0,6.511
1765483730.1166232,99,16,16,18,13,3.6253318786621094,56.0,56.0,6.511
1765483730.3177135,99,16,16,18,13,3.6253318786621094,56.0,56.0,6.511
1765483730.5190134,99,64,32,37,38,3.6253280639648438,56.5,57.0,7.091
1765483730.7204347,99,64,32,37,38,3.6253280639648438,56.5,57.0,7.091
1765483730.9217792,99,18,27,22,20,3.625732421875,56.5,56.5,6.741
1765483731.122907,99,18,27,22,20,3.625732421875,56.5,56.5,6.741
1765483731.324057,99,18,27,22,20,3.625732421875,56.5,56.5,6.741
1765483731.52516,99,63,39,22,24,3.6261138916015625,56.5,57.5,8.319
1765483731.7266195,99,63,39,22,24,3.6261138916015625,56.5,57.5,8.319
1765483731.928106,99,63,39,22,24,3.6261138916015625,56.5,57.5,8.319
1765483732.143975,99,22,21,18,13,3.6257286071777344,56.5,56.5,6.269
1765483732.3450007,99,22,21,18,13,3.6257286071777344,56.5,56.5,6.269
1765483732.54751,99,36,66,36,32,3.6251220703125,56.5,56.5,7.2
1765483732.7490187,99,36,66,36,32,3.6251220703125,56.5,56.5,7.2
1765483732.950381,99,36,66,36,32,3.6251220703125,56.5,56.5,7.2
1765483733.1515148,99,31,30,22,18,3.6264114379882812,56.5,56.5,7.091
1765483733.352516,99,31,30,22,18,3.6264114379882812,56.5,56.5,7.091
1765483733.5535786,99,57,26,16,20,3.6265716552734375,56.5,56.5,6.971
1765483733.7557957,99,57,26,16,20,3.6265716552734375,56.5,56.5,6.971
1765483733.9600694,99,57,26,16,20,3.6265716552734375,56.5,56.5,6.971
1765483734.162564,90,28,19,20,17,3.6260528564453125,56.0,56.5,5.765
1765483734.3635623,90,28,19,20,17,3.6260528564453125,56.0,56.5,5.765
1765483734.5647435,99,63,44,35,26,3.625713348388672,56.5,56.5,7.16
1765483734.7682443,99,63,44,35,26,3.625713348388672,56.5,56.5,7.16
1765483734.9699306,99,63,44,35,26,3.625713348388672,56.5,56.5,7.16
1765483735.1711924,99,26,14,29,21,3.626972198486328,56.0,56.5,6.159
1765483735.3721898,99,26,14,29,21,3.626972198486328,56.0,56.5,6.159
1765483735.5731664,99,28,28,62,23,3.6261825561523438,56.5,56.5,7.091
1765483735.7747703,99,28,28,62,23,3.6261825561523438,56.5,56.5,7.091
1765483735.9780884,99,28,28,62,23,3.6261825561523438,56.5,56.5,7.091
1765483736.1798358,99,20,32,16,22,3.6261672973632812,56.0,56.5,5.492
1765483736.3823242,99,20,32,16,22,3.6261672973632812,56.0,56.5,5.492
1765483736.5848591,99,33,33,53,37,3.6264305114746094,56.5,56.5,7.011
1765483736.7877002,99,33,33,53,37,3.6264305114746094,56.5,56.5,7.011
1765483736.9890969,99,33,33,53,37,3.6264305114746094,56.5,56.5,7.011
1765483737.1903,99,24,18,23,19,3.627422332763672,56.5,57.5,6.118
1765483737.3916626,99,24,18,23,19,3.627422332763672,56.5,57.5,6.118
1765483737.5931904,99,28,68,24,21,3.6266517639160156,56.5,57.0,7.12
1765483737.794512,99,28,68,24,21,3.6266517639160156,56.5,57.0,7.12
1765483737.997044,99,28,68,24,21,3.6266517639160156,56.5,57.0,7.12
1765483738.1988566,94,24,25,16,24,3.626995086669922,56.0,56.0,5.371
1765483738.399991,94,24,25,16,24,3.626995086669922,56.0,56.0,5.371
1765483738.6011612,99,40,63,33,29,3.6269378662109375,57.0,57.0,7.48
1765483738.802493,99,40,63,33,29,3.6269378662109375,57.0,57.0,7.48
1765483739.0058918,99,40,63,33,29,3.6269378662109375,57.0,57.0,7.48
1765483739.2077227,99,21,14,12,15,3.6266441345214844,56.0,56.5,5.492
1765483739.4089022,99,21,14,12,15,3.6266441345214844,56.0,56.5,5.492
1765483739.6104467,99,34,28,36,66,3.627124786376953,56.5,57.0,7.211
1765483739.8116832,99,34,28,36,66,3.627124786376953,56.5,57.0,7.211
1765483740.0132706,99,34,28,36,66,3.627124786376953,56.5,57.0,7.211
1765483740.2147117,94,30,23,29,22,3.6271400451660156,56.5,56.5,5.998
1765483740.4158325,94,30,23,29,22,3.6271400451660156,56.5,56.5,5.998
1765483740.6170287,99,31,37,26,70,3.6282920837402344,56.5,57.0,7.707
1765483740.8202243,99,31,37,26,70,3.6282920837402344,56.5,57.0,7.707
1765483741.0232434,99,31,37,26,70,3.6282920837402344,56.5,57.0,7.707
1765483741.2247295,92,20,12,18,14,3.6272964477539062,56.5,56.0,5.572
1765483741.4258728,92,20,12,18,14,3.6272964477539062,56.5,56.0,5.572
1765483741.62681,92,20,12,18,14,3.6272964477539062,56.5,56.0,5.572
1765483741.8279312,99,36,62,39,30,3.6272315979003906,56.5,57.5,7.24
1765483742.0292299,99,36,62,39,30,3.6272315979003906,56.5,57.5,7.24
1765483742.2303245,98,26,28,21,27,3.6275863647460938,56.5,57.0,6.199
1765483742.431358,98,26,28,21,27,3.6275863647460938,56.5,57.0,6.199
1765483742.6322982,98,26,28,21,27,3.6275863647460938,56.5,57.0,6.199
1765483742.8347037,99,65,29,29,22,3.6283302307128906,57.0,57.0,7.547
1765483743.037245,99,65,29,29,22,3.6283302307128906,57.0,57.0,7.547
1765483743.2388084,99,24,24,15,16,3.6276168823242188,56.0,56.5,5.258
1765483743.4400196,99,24,24,15,16,3.6276168823242188,56.0,56.5,5.258
1765483743.6409554,99,24,24,15,16,3.6276168823242188,56.0,56.5,5.258
1765483743.843757,99,36,43,63,35,3.6279373168945312,56.5,57.0,7.131
1765483744.0465367,99,36,43,63,35,3.6279373168945312,56.5,57.0,7.131
1765483744.2475708,99,25,28,22,30,3.6279640197753906,56.5,56.5,5.532
1765483744.4484835,99,25,28,22,30,3.6279640197753906,56.5,56.5,5.532
1765483744.64959,99,25,28,22,30,3.6279640197753906,56.5,56.5,5.532
1765483744.8511481,99,18,28,60,21,3.6283950805664062,56.5,57.0,7.24
1765483745.0534925,99,18,28,60,21,3.6283950805664062,56.5,57.0,7.24
1765483745.2552028,99,28,27,18,21,3.6289138793945312,56.0,56.5,5.371
1765483745.4578407,99,28,27,18,21,3.6289138793945312,56.0,56.5,5.371
1765483745.6595323,99,28,27,18,21,3.6289138793945312,56.0,56.5,5.371
1765483745.8618412,99,27,42,60,36,3.6284332275390625,57.0,56.5,6.85
1765483746.0634887,99,27,42,60,36,3.6284332275390625,57.0,56.5,6.85
1765483746.2645164,99,26,20,19,29,3.6285972595214844,56.0,56.5,5.886
1765483746.4657652,99,26,20,19,29,3.6285972595214844,56.0,56.5,5.886
1765483746.6679583,99,26,20,19,29,3.6285972595214844,56.0,56.5,5.886
1765483746.8694592,99,28,25,26,66,3.628551483154297,56.5,57.5,7.28
1765483747.0717704,99,28,25,26,66,3.628551483154297,56.5,57.5,7.28
1765483747.2733402,99,28,20,20,20,3.6287612915039062,56.0,56.5,5.177
1765483747.4744797,99,28,20,20,20,3.6287612915039062,56.0,56.5,5.177
1765483747.6755977,99,28,20,20,20,3.6287612915039062,56.0,56.5,5.177
1765483747.8771424,99,36,45,30,58,3.6289024353027344,56.5,58.0,7.211
1765483748.0803142,99,36,45,30,58,3.6289024353027344,56.5,58.0,7.211
1765483748.2822406,99,18,26,24,21,3.629302978515625,56.0,56.5,6.32
1765483748.4838095,99,18,26,24,21,3.629302978515625,56.0,56.5,6.32
1765483748.685501,99,18,26,24,21,3.629302978515625,56.0,56.5,6.32
1765483748.8870726,99,36,30,62,24,3.629375457763672,56.5,57.0,7.171
1765483749.0891492,99,36,30,62,24,3.629375457763672,56.5,57.0,7.171
1765483749.2909214,99,25,24,23,12,3.630321502685547,56.5,56.5,6.511
1765483749.4923878,99,25,24,23,12,3.630321502685547,56.5,56.5,6.511
1765483749.6937938,99,25,24,23,12,3.630321502685547,56.5,56.5,6.511
1765483749.8953717,99,50,39,43,68,3.6305809020996094,57.0,58.0,8.465
1765483750.0995102,99,50,39,43,68,3.6305809020996094,57.0,58.0,8.465
1765483750.3011308,99,20,12,19,18,3.6305770874023438,56.5,56.5,6.661
1765483750.5036786,99,20,12,19,18,3.6305770874023438,56.5,56.5,6.661
1765483750.706381,99,20,12,19,18,3.6305770874023438,56.5,56.5,6.661
1765483750.9083054,99,39,30,28,65,3.6307907104492188,56.5,57.0,7.32
1765483751.109858,99,39,30,28,65,3.6307907104492188,56.5,57.0,7.32
1765483751.3110816,99,39,30,28,65,3.6307907104492188,56.5,57.0,7.32
1765483751.5123487,98,23,22,28,23,3.6310272216796875,56.5,57.0,6.661
1765483751.7138,98,23,22,28,23,3.6310272216796875,56.5,57.0,6.661
1765483751.915669,99,30,34,57,29,3.632598876953125,57.0,58.0,8.399
1765483752.1180327,99,30,34,57,29,3.632598876953125,57.0,58.0,8.399
1765483752.3198812,99,30,34,57,29,3.632598876953125,57.0,58.0,8.399
1765483752.5210536,99,14,18,17,16,3.6319198608398438,56.5,56.5,6.58
1765483752.7221313,99,14,18,17,16,3.6319198608398438,56.5,56.5,6.58
1765483752.9235115,99,31,66,32,34,3.6323585510253906,56.5,57.0,7.428
1765483753.124844,99,31,66,32,34,3.6323585510253906,56.5,57.0,7.428
1765483753.326519,99,31,66,32,34,3.6323585510253906,56.5,57.0,7.428
1765483753.5279746,99,20,25,25,26,3.6321945190429688,56.5,57.0,7.24
1765483753.7294173,99,20,25,25,26,3.6321945190429688,56.5,57.0,7.24
1765483753.9304547,99,26,26,28,60,3.6328773498535156,57.0,57.5,8.16
1765483754.1318114,99,26,26,28,60,3.6328773498535156,57.0,57.5,8.16
1765483754.334432,99,26,26,28,60,3.6328773498535156,57.0,57.5,8.16
1765483754.5366375,98,22,23,16,24,3.632610321044922,56.5,56.5,6.701
1765483754.7378557,98,22,23,16,24,3.632610321044922,56.5,56.5,6.701
1765483754.939271,99,32,37,72,27,3.6330528259277344,56.5,57.5,8.2
1765483755.1411343,99,32,37,72,27,3.6330528259277344,56.5,57.5,8.2
1765483755.3425612,99,32,37,72,27,3.6330528259277344,56.5,57.5,8.2
1765483755.543601,99,20,30,21,26,3.6331863403320312,56.5,57.0,7.587
1765483755.7446313,99,20,30,21,26,3.6331863403320312,56.5,57.0,7.587
1765483755.945754,99,12,21,30,55,3.6334190368652344,56.5,57.5,7.707
1765483756.1477687,99,12,21,30,55,3.6334190368652344,56.5,57.5,7.707
1765483756.350518,99,12,21,30,55,3.6334190368652344,56.5,57.5,7.707
1765483756.551964,99,23,26,14,26,3.6325607299804688,56.5,57.0,6.971
1765483756.752988,99,23,26,14,26,3.6325607299804688,56.5,57.0,6.971
1765483756.9542668,99,35,36,54,42,3.6336402893066406,56.5,57.5,7.627
1765483757.1558535,99,35,36,54,42,3.6336402893066406,56.5,57.5,7.627
1765483757.3578,99,35,36,54,42,3.6336402893066406,56.5,57.5,7.627
1765483757.55899,99,24,19,30,28,3.6340484619140625,56.5,57.5,7.627
1765483757.760037,99,24,19,30,28,3.6340484619140625,56.5,57.5,7.627
1765483757.9623692,99,20,24,28,59,3.6337509155273438,57.0,57.5,7.854
1765483758.1637816,99,20,24,28,59,3.6337509155273438,57.0,57.5,7.854
1765483758.3666127,99,20,24,28,59,3.6337509155273438,57.0,57.5,7.854
1765483758.5682826,99,19,26,16,22,3.633514404296875,56.5,57.0,6.781
1765483758.7695096,99,19,26,16,22,3.633514404296875,56.5,57.0,6.781
1765483758.970679,99,31,68,32,31,3.6333084106445312,56.5,57.0,7.707
1765483759.1739461,99,31,68,32,31,3.6333084106445312,56.5,57.0,7.707
1765483759.3758802,99,31,68,32,31,3.6333084106445312,56.5,57.0,7.707
1765483759.5769346,99,16,24,20,24,3.6337966918945312,56.5,57.5,7.4
1765483759.7780492,99,16,24,20,24,3.6337966918945312,56.5,57.5,7.4
1765483759.9790382,99,66,22,28,23,3.6336326599121094,56.5,57.0,7.4
1765483760.1801977,99,66,22,28,23,3.6336326599121094,56.5,57.0,7.4
1765483760.3824227,99,66,22,28,23,3.6336326599121094,56.5,57.0,7.4
1765483760.5837147,98,25,21,28,21,3.6332778930664062,56.5,57.0,6.781
1765483760.7850225,98,25,21,28,21,3.6332778930664062,56.5,57.0,6.781
1765483760.9863257,99,33,73,24,32,3.6335411071777344,57.0,58.0,8.28
1765483761.1892931,99,33,73,24,32,3.6335411071777344,57.0,58.0,8.28
1765483761.393002,99,33,73,24,32,3.6335411071777344,57.0,58.0,8.28
1765483761.5956273,98,23,16,14,13,3.6330528259277344,57.0,57.0,6.701
1765483761.7967567,98,23,16,14,13,3.6330528259277344,57.0,57.0,6.701
1765483761.9979575,98,23,16,14,13,3.6330528259277344,57.0,57.0,6.701
1765483762.1994755,98,35,33,68,30,3.633747100830078,57.0,57.0,7.428
1765483762.4015832,98,35,33,68,30,3.633747100830078,57.0,57.0,7.428
1765483762.6029482,99,26,24,25,26,3.633392333984375,56.5,57.0,6.971
1765483762.804011,99,26,24,25,26,3.633392333984375,56.5,57.0,6.971
1765483763.0054095,99,26,24,25,26,3.633392333984375,56.5,57.0,6.971
1765483763.2082317,99,30,46,56,26,3.6346702575683594,57.0,57.5,8.2
1765483763.4117198,99,30,46,56,26,3.6346702575683594,57.0,57.5,8.2
1765483763.6141484,98,25,12,18,14,3.633747100830078,56.5,56.5,6.621
1765483763.8153129,98,25,12,18,14,3.633747100830078,56.5,56.5,6.621
1765483764.0173094,98,25,12,18,14,3.633747100830078,56.5,56.5,6.621
1765483764.2201536,99,27,34,28,72,3.6336593627929688,57.0,57.5,7.667
1765483764.4221287,99,27,34,28,72,3.6336593627929688,57.0,57.5,7.667
1765483764.6232164,99,20,31,18,14,3.6336441040039062,56.5,56.5,6.821
1765483764.8245454,99,20,31,18,14,3.6336441040039062,56.5,56.5,6.821
1765483765.025746,99,20,31,18,14,3.6336441040039062,56.5,56.5,6.821
1765483765.2271445,99,28,35,54,23,3.6342620849609375,57.0,58.0,8.28
1765483765.431128,99,28,35,54,23,3.6342620849609375,57.0,58.0,8.28
1765483765.6340632,98,18,18,20,20,3.6336212158203125,56.5,57.0,6.661
1765483765.8355055,98,18,18,20,20,3.6336212158203125,56.5,57.0,6.661
1765483766.036733,98,18,18,20,20,3.6336212158203125,56.5,57.0,6.661
1765483766.2391975,99,30,67,30,32,3.6339454650878906,56.5,57.5,7.4
1765483766.4406295,99,30,67,30,32,3.6339454650878906,56.5,57.5,7.4
1765483766.6452916,99,20,28,28,20,3.633495330810547,56.5,57.0,7.24
1765483766.8464324,99,20,28,28,20,3.633495330810547,56.5,57.0,7.24
1765483767.0476573,99,20,28,28,20,3.633495330810547,56.5,57.0,7.24
1765483767.2487264,99,28,62,21,16,3.6341476440429688,56.5,57.0,7.894
1765483767.450444,99,28,62,21,16,3.6341476440429688,56.5,57.0,7.894
1765483767.6518817,99,23,23,18,21,3.6337318420410156,56.5,57.0,6.58
1765483767.8532069,99,23,23,18,21,3.6337318420410156,56.5,57.0,6.58
1765483768.0543218,99,23,23,18,21,3.6337318420410156,56.5,57.0,6.58
1765483768.25587,98,36,42,38,49,3.634197235107422,57.0,57.0,7.44
1765483768.4599278,98,36,42,38,49,3.634197235107422,57.0,57.0,7.44
1765483768.6619568,99,26,27,24,23,3.6347198486328125,57.0,58.0,7.667
1765483768.8635697,99,26,27,24,23,3.6347198486328125,57.0,58.0,7.667
1765483769.0646746,99,26,27,24,23,3.6347198486328125,57.0,58.0,7.667
1765483769.2659416,98,26,28,18,60,3.6342010498046875,57.0,57.0,7.468
1765483769.4671028,98,26,28,18,60,3.6342010498046875,57.0,57.0,7.468
1765483769.6685004,99,26,25,25,22,3.6340255737304688,57.0,57.0,6.821
1765483769.8735611,99,26,25,25,22,3.6340255737304688,57.0,57.0,6.821
1765483770.0749295,99,26,25,25,22,3.6340255737304688,57.0,57.0,6.821
1765483770.2766185,98,38,40,39,60,3.634166717529297,57.0,57.5,7.627
1765483770.479122,98,38,40,39,60,3.634166717529297,57.0,57.5,7.627
1765483770.6806705,98,38,40,39,60,3.634166717529297,57.0,57.5,7.627
1765483770.8821528,99,23,16,25,17,3.635204315185547,56.5,57.5,7.36
1765483771.0833013,99,23,16,25,17,3.635204315185547,56.5,57.5,7.36
1765483771.2845078,99,60,35,25,24,3.6342391967773438,56.5,57.0,7.547
1765483771.4861314,99,60,35,25,24,3.6342391967773438,56.5,57.0,7.547
1765483771.6876318,99,60,35,25,24,3.6342391967773438,56.5,57.0,7.547
1765483771.888995,99,22,28,14,20,3.6348419189453125,57.0,57.0,6.891
1765483772.090237,99,22,28,14,20,3.6348419189453125,57.0,57.0,6.891
1765483772.291776,99,37,61,32,42,3.6347122192382812,57.5,57.5,8.2
1765483772.4942136,99,37,61,32,42,3.6347122192382812,57.5,57.5,8.2
1765483772.6957996,99,37,61,32,42,3.6347122192382812,57.5,57.5,8.2
1765483772.896763,98,12,18,14,14,3.6347084045410156,56.5,57.0,6.701
1765483773.097992,98,12,18,14,14,3.6347084045410156,56.5,57.0,6.701
1765483773.299115,99,32,65,40,26,3.6344871520996094,57.0,57.0,7.428
1765483773.500417,99,32,65,40,26,3.6344871520996094,57.0,57.0,7.428
1765483773.7019184,99,32,65,40,26,3.6344871520996094,57.0,57.0,7.428
1765483773.9030793,99,22,23,27,26,3.6347084045410156,56.5,57.5,6.891
1765483774.1044686,99,22,23,27,26,3.6347084045410156,56.5,57.5,6.891
1765483774.3060412,99,29,32,62,29,3.6354217529296875,57.0,57.5,8.399
1765483774.5090623,99,29,32,62,29,3.6354217529296875,57.0,57.5,8.399
1765483774.7158194,99,29,32,62,29,3.6354217529296875,57.0,57.5,8.399
1765483774.917344,99,24,21,14,8,3.6345596313476562,56.5,57.0,6.621
1765483775.1184323,99,24,21,14,8,3.6345596313476562,56.5,57.0,6.621
1765483775.3196018,99,34,30,31,70,3.6341171264648438,57.0,57.5,7.547
1765483775.5211504,99,34,30,31,70,3.6341171264648438,57.0,57.5,7.547
1765483775.7226248,99,34,30,31,70,3.6341171264648438,57.0,57.5,7.547
1765483775.9238257,98,25,27,26,14,3.6346359252929688,57.0,57.0,6.781
1765483776.1247466,98,25,27,26,14,3.6346359252929688,57.0,57.0,6.781
1765483776.325854,99,17,73,26,24,3.63519287109375,57.0,58.0,8.12
1765483776.5283422,99,17,73,26,24,3.63519287109375,57.0,58.0,8.12
1765483776.73069,99,17,73,26,24,3.63519287109375,57.0,58.0,8.12
1765483776.9321084,99,25,16,13,17,3.6345558166503906,57.0,57.0,6.661
1765483777.1332798,99,25,16,13,17,3.6345558166503906,57.0,57.0,6.661
1765483777.3348773,99,34,38,36,53,3.634380340576172,57.0,58.0,7.735
1765483777.5380871,99,34,38,36,53,3.634380340576172,57.0,58.0,7.735
1765483777.739536,99,34,38,36,53,3.634380340576172,57.0,58.0,7.735
1765483777.9406016,99,26,30,24,22,3.634632110595703,57.0,57.5,7.2
1765483778.1416297,99,26,30,24,22,3.634632110595703,57.0,57.5,7.2
1765483778.342916,99,20,68,19,16,3.6349143981933594,57.0,57.0,7.667
1765483778.5450761,99,20,68,19,16,3.6349143981933594,57.0,57.0,7.667
1765483778.7487009,99,20,68,19,16,3.6349143981933594,57.0,57.0,7.667
1765483778.9505756,98,20,16,20,26,3.6346168518066406,57.0,57.0,6.551
1765483779.1518397,98,20,16,20,26,3.6346168518066406,57.0,57.0,6.551
1765483779.3529558,99,40,40,52,41,3.6353187561035156,57.0,57.5,7.747
1765483779.5560966,99,40,40,52,41,3.6353187561035156,57.0,57.5,7.747
1765483779.7581623,99,40,40,52,41,3.6353187561035156,57.0,57.5,7.747
1765483779.9593282,99,28,22,24,26,3.6362266540527344,57.0,58.0,8.014
1765483780.1605225,99,28,22,24,26,3.6362266540527344,57.0,58.0,8.014
1765483780.3616827,99,26,26,22,59,3.6353378295898438,57.0,57.5,7.667
1765483780.5628965,99,26,26,22,59,3.6353378295898438,57.0,57.5,7.667
1765483780.7652278,99,26,26,22,59,3.6353378295898438,57.0,57.5,7.667
1765483780.967587,99,25,24,22,14,3.6352882385253906,57.0,57.0,7.051
1765483781.16913,99,25,24,22,14,3.6352882385253906,57.0,57.0,7.051
1765483781.370302,99,48,50,36,35,3.634929656982422,57.0,57.5,7.814
1765483781.5723212,99,48,50,36,35,3.634929656982422,57.0,57.5,7.814
1765483781.7754686,99,48,50,36,35,3.634929656982422,57.0,57.5,7.814
1765483781.97703,99,18,20,14,20,3.6355667114257812,57.0,57.5,7.627
1765483782.178501,99,18,20,14,20,3.6355667114257812,57.0,57.5,7.627
1765483782.3797345,99,18,20,14,20,3.6355667114257812,57.0,57.5,7.627
1765483782.5808938,99,32,29,20,66,3.635051727294922,57.0,57.5,7.507
1765483782.7825358,99,32,29,20,66,3.635051727294922,57.0,57.5,7.507
1765483782.9864025,99,21,30,26,19,3.635639190673828,57.0,57.0,7.171
1765483783.1881225,99,21,30,26,19,3.635639190673828,57.0,57.0,7.171
1765483783.389483,99,21,30,26,19,3.635639190673828,57.0,57.0,7.171
1765483783.5921626,99,32,65,28,39,3.63568115234375,57.0,58.0,8.16
1765483783.7952514,99,32,65,28,39,3.63568115234375,57.0,58.0,8.16
1765483783.9979022,99,25,12,16,13,3.635089874267578,57.0,57.0,6.971
1765483784.2004635,99,25,12,16,13,3.635089874267578,57.0,57.0,6.971
1765483784.4016798,99,25,12,16,13,3.635089874267578,57.0,57.0,6.971
1765483784.6027992,99,38,40,40,61,3.635162353515625,57.0,57.5,7.428
1765483784.8043046,99,38,40,40,61,3.635162353515625,57.0,57.5,7.428
1765483785.0069125,99,30,20,20,22,3.6349029541015625,57.0,57.0,6.891
1765483785.2084632,99,30,20,20,22,3.6349029541015625,57.0,57.0,6.891
1765483785.4097488,99,30,20,20,22,3.6349029541015625,57.0,57.0,6.891
1765483785.6119955,99,28,36,57,29,3.6359939575195312,57.0,58.0,8.2
1765483785.81344,99,28,36,57,29,3.6359939575195312,57.0,58.0,8.2
1765483786.0146337,99,21,18,14,18,3.6348533630371094,57.0,57.5,6.701
1765483786.2157888,99,21,18,14,18,3.6348533630371094,57.0,57.5,6.701
1765483786.4169316,99,21,18,14,18,3.6348533630371094,57.0,57.5,6.701
1765483786.6197214,99,28,70,36,31,3.6345672607421875,57.0,57.5,8.12
1765483786.8217103,99,28,70,36,31,3.6345672607421875,57.0,57.5,8.12
1765483787.0231273,99,22,22,14,18,3.6348495483398438,57.0,57.0,6.891
1765483787.2244706,99,22,22,14,18,3.6348495483398438,57.0,57.0,6.891
1765483787.4258852,99,22,22,14,18,3.6348495483398438,57.0,57.0,6.891
1765483787.627061,99,35,20,26,62,3.6358413696289062,57.5,58.0,8.359
1765483787.8293335,99,35,20,26,62,3.6358413696289062,57.5,58.0,8.359
1765483788.0319107,98,23,22,21,13,3.6349411010742188,57.0,57.0,6.661
1765483788.2332807,98,23,22,21,13,3.6349411010742188,57.0,57.0,6.661
1765483788.4344769,98,23,22,21,13,3.6349411010742188,57.0,57.0,6.661
1765483788.6365776,99,36,64,26,33,3.63409423828125,57.0,57.5,7.32
1765483788.8382726,99,36,64,26,33,3.63409423828125,57.0,57.5,7.32
1765483789.039481,98,27,29,14,19,3.6348953247070312,57.0,57.0,7.24
1765483789.2408197,98,27,29,14,19,3.6348953247070312,57.0,57.0,7.24
1765483789.442014,98,27,29,14,19,3.6348953247070312,57.0,57.0,7.24
1765483789.642956,99,20,58,27,24,3.634937286376953,57.0,57.5,7.4
1765483789.8452744,99,20,58,27,24,3.634937286376953,57.0,57.5,7.4
1765483790.047055,99,22,25,18,24,3.635395050048828,57.0,57.0,6.511
1765483790.2483368,99,22,25,18,24,3.635395050048828,57.0,57.0,6.511
1765483790.4500232,99,22,25,18,24,3.635395050048828,57.0,57.0,6.511
1765483790.6529012,99,32,52,38,42,3.6352310180664062,57.0,57.5,7.28
1765483790.8570464,99,32,52,38,42,3.6352310180664062,57.0,57.5,7.28
1765483791.058486,96,24,25,26,20,3.6357955932617188,57.0,57.5,7.36
1765483791.2597005,96,24,25,26,20,3.6357955932617188,57.0,57.5,7.36
1765483791.4610524,96,24,25,26,20,3.6357955932617188,57.0,57.5,7.36
1765483791.6624095,99,62,32,18,21,3.6345672607421875,57.0,57.5,7.051
1765483791.864626,99,62,32,18,21,3.6345672607421875,57.0,57.5,7.051
1765483792.066158,99,62,32,18,21,3.6345672607421875,57.0,57.5,7.051
1765483792.2671402,96,28,23,22,19,3.635395050048828,57.0,57.0,5.653
1765483792.4682078,96,28,23,22,19,3.635395050048828,57.0,57.0,5.653
1765483792.6720688,99,26,24,42,65,3.6352882385253906,57.0,57.5,7.011
1765483792.8748114,99,26,24,42,65,3.6352882385253906,57.0,57.5,7.011
1765483793.076269,99,26,24,42,65,3.6352882385253906,57.0,57.5,7.011
1765483793.2774172,99,24,18,23,18,3.635334014892578,56.5,57.0,5.734
1765483793.4787385,99,24,18,23,18,3.635334014892578,56.5,57.0,5.734
1765483793.6805313,99,66,31,32,28,3.6353912353515625,57.0,57.0,7.171
1765483793.8821125,99,66,31,32,28,3.6353912353515625,57.0,57.0,7.171
1765483794.084241,99,66,31,32,28,3.6353912353515625,57.0,57.0,7.171
1765483794.285738,98,26,27,22,26,3.6356735229492188,57.0,57.0,5.886
1765483794.4870093,98,26,27,22,26,3.6356735229492188,57.0,57.0,5.886
1765483794.6888783,99,62,36,34,32,3.635272979736328,57.5,57.5,7.894
1765483794.8907297,99,62,36,34,32,3.635272979736328,57.5,57.5,7.894
1765483795.094299,99,62,36,34,32,3.635272979736328,57.5,57.5,7.894
1765483795.2959852,98,22,21,10,10,3.6354217529296875,57.0,57.0,5.957
1765483795.4974597,98,22,21,10,10,3.6354217529296875,57.0,57.0,5.957
1765483795.6994286,99,62,30,39,26,3.635509490966797,57.0,57.5,7.12
1765483795.901016,99,62,30,39,26,3.635509490966797,57.0,57.5,7.12
1765483796.1033645,99,62,30,39,26,3.635509490966797,57.0,57.5,7.12
1765483796.306911,99,28,20,26,22,3.6356201171875,57.0,57.0,6.43
1765483796.5094085,99,28,20,26,22,3.6356201171875,57.0,57.0,6.43
1765483796.7111375,99,36,67,27,25,3.6355743408203125,57.5,58.5,8.001
1765483796.9132607,99,36,67,27,25,3.6355743408203125,57.5,58.5,8.001
1765483797.1160245,99,36,67,27,25,3.6355743408203125,57.5,58.5,8.001
1765483797.317343,99,16,18,16,20,3.6351470947265625,57.0,57.0,6.39
1765483797.5184195,99,16,18,16,20,3.6351470947265625,57.0,57.0,6.39
1765483797.7194748,99,46,29,54,35,3.6349258422851562,57.5,57.5,7.28
1765483797.9208524,99,46,29,54,35,3.6349258422851562,57.5,57.5,7.28
1765483798.122406,99,46,29,54,35,3.6349258422851562,57.5,57.5,7.28
1765483798.3238118,99,26,19,22,24,3.634765625,57.0,57.5,6.861
1765483798.5248911,99,26,19,22,24,3.634765625,57.0,57.5,6.861
1765483798.7259831,99,33,33,56,26,3.6351661682128906,57.5,58.5,7.974
1765483798.9281063,99,33,33,56,26,3.6351661682128906,57.5,58.5,7.974
1765483799.1304042,99,33,33,56,26,3.6351661682128906,57.5,58.5,7.974
1765483799.3318481,99,23,21,18,14,3.6347808837890625,57.0,57.5,6.511
1765483799.532866,99,23,21,18,14,3.6347808837890625,57.0,57.5,6.511
1765483799.7340474,99,64,40,34,37,3.6399383544921875,57.5,58.0,8.16
1765483799.936678,99,64,40,34,37,3.6399383544921875,57.5,58.0,8.16
1765483800.1380196,99,64,40,34,37,3.6399383544921875,57.5,58.0,8.16
1765483800.3410647,99,49,42,42,40,3.643482208251953,57.5,58.0,8.014
1765483800.5426128,99,49,42,42,40,3.643482208251953,57.5,58.0,8.014
1765483800.745372,99,25,70,25,21,3.646759033203125,57.5,58.5,8.465
1765483800.9464412,99,25,70,25,21,3.646759033203125,57.5,58.5,8.465
1765483801.1475623,99,25,70,25,21,3.646759033203125,57.5,58.5,8.465
1765483801.3485913,99,62,52,53,62,3.6569671630859375,57.5,58.5,9.007
1765483801.550502,99,62,52,53,62,3.6569671630859375,57.5,58.5,9.007
1765483801.7519953,99,62,52,53,62,3.6569671630859375,57.5,58.5,9.007
1765483801.953562,99,86,88,98,90,3.660297393798828,57.5,59.0,9.255
1765483802.1550126,99,86,88,98,90,3.660297393798828,57.5,59.0,9.255
1765483802.3569624,99,60,54,54,58,3.6612892150878906,57.5,58.5,8.24
1765483802.5639522,99,60,54,54,58,3.6612892150878906,57.5,58.5,8.24
1765483802.7650914,99,60,54,54,58,3.6612892150878906,57.5,58.5,8.24
1765483802.9665873,99,38,49,65,34,3.660327911376953,57.5,59.0,7.974
1765483803.1679409,99,38,49,65,34,3.660327911376953,57.5,59.0,7.974
1765483803.3702319,99,30,36,23,32,3.6607589721679688,57.0,58.0,7.2
1765483803.574706,99,30,36,23,32,3.6607589721679688,57.0,58.0,7.2
1765483803.7759964,99,30,36,23,32,3.6607589721679688,57.0,58.0,7.2
1765483803.9779396,99,25,36,56,40,3.6600341796875,57.5,58.5,7.787
1765483804.1794083,99,25,36,56,40,3.6600341796875,57.5,58.5,7.787
1765483804.3806112,99,26,30,20,17,3.661041259765625,57.5,58.5,8.014
1765483804.5820467,99,26,30,20,17,3.661041259765625,57.5,58.5,8.014
1765483804.7833173,99,26,30,20,17,3.661041259765625,57.5,58.5,8.014
1765483804.9844155,99,23,68,15,22,3.660564422607422,57.5,58.0,7.547
1765483805.186919,99,23,68,15,22,3.660564422607422,57.5,58.0,7.547
1765483805.3894844,99,29,14,24,18,3.6610107421875,57.0,57.5,6.971
1765483805.5910134,99,29,14,24,18,3.6610107421875,57.0,57.5,6.971
1765483805.7922735,99,29,14,24,18,3.6610107421875,57.0,57.5,6.971
1765483805.993537,99,60,38,33,31,3.6609764099121094,57.5,58.5,8.28
1765483806.1959155,99,60,38,33,31,3.6609764099121094,57.5,58.5,8.28
1765483806.3975794,99,20,18,12,15,3.66033935546875,57.0,57.5,6.931
1765483806.5987155,99,20,18,12,15,3.66033935546875,57.0,57.5,6.931
1765483806.7998812,99,20,18,12,15,3.66033935546875,57.0,57.5,6.931
1765483807.002167,99,56,25,32,31,3.6608009338378906,57.5,59.0,7.667
1765483807.203461,99,56,25,32,31,3.6608009338378906,57.5,59.0,7.667
1765483807.4053972,99,33,24,18,20,3.6607513427734375,57.5,57.5,7.131
1765483807.6069646,99,33,24,18,20,3.6607513427734375,57.5,57.5,7.131
1765483807.8080764,99,33,24,18,20,3.6607513427734375,57.5,57.5,7.131
1765483808.0100682,99,33,57,40,47,3.6614532470703125,57.0,59.0,8.16
1765483808.2132962,99,33,57,40,47,3.6614532470703125,57.0,59.0,8.16
1765483808.4156945,99,27,23,14,18,3.6608734130859375,57.5,58.0,7.131
1765483808.6167982,99,27,23,14,18,3.6608734130859375,57.5,58.0,7.131
1765483808.8180895,99,27,23,14,18,3.6608734130859375,57.5,58.0,7.131
1765483809.0195656,98,34,32,62,26,3.6607284545898438,57.5,58.5,7.587
1765483809.2208776,98,34,32,62,26,3.6607284545898438,57.5,58.5,7.587
1765483809.4224968,99,29,20,18,26,3.6605796813964844,57.5,58.0,7.32
1765483809.6237986,99,29,20,18,26,3.6605796813964844,57.5,58.0,7.32
1765483809.8253233,99,29,20,18,26,3.6605796813964844,57.5,58.0,7.32
1765483810.0265853,98,32,30,61,23,3.6615219116210938,57.5,59.0,8.28
1765483810.2294474,98,32,30,61,23,3.6615219116210938,57.5,59.0,8.28
1765483810.4313354,99,27,30,13,16,3.6607208251953125,57.5,57.5,7.24
1765483810.6324127,99,27,30,13,16,3.6607208251953125,57.5,57.5,7.24
1765483810.8333821,99,27,30,13,16,3.6607208251953125,57.5,57.5,7.24
1765483811.0344782,98,46,46,34,38,3.6605758666992188,57.5,58.0,7.627
1765483811.2359378,98,46,46,34,38,3.6605758666992188,57.5,58.0,7.627
1765483811.4373243,98,46,46,34,38,3.6605758666992188,57.5,58.0,7.627
1765483811.6390398,99,22,22,24,20,3.66107177734375,57.0,58.5,7.747
1765483811.8403416,99,22,22,24,20,3.66107177734375,57.0,58.5,7.747
1765483812.041355,99,23,19,60,26,3.661022186279297,57.0,58.5,7.974
1765483812.2443473,99,23,19,60,26,3.661022186279297,57.0,58.5,7.974
1765483812.4461744,99,23,19,60,26,3.661022186279297,57.0,58.5,7.974
1765483812.6473608,99,20,22,25,18,3.66082763671875,57.5,57.5,7.24
1765483812.8483932,99,20,22,25,18,3.66082763671875,57.5,57.5,7.24
1765483813.0497324,98,30,62,27,39,3.660564422607422,57.0,58.5,7.854
1765483813.2528093,98,30,62,27,39,3.660564422607422,57.0,58.5,7.854
1765483813.4545355,98,30,62,27,39,3.660564422607422,57.0,58.5,7.854
1765483813.6560264,99,26,23,21,22,3.661121368408203,57.0,58.0,7.775
1765483813.8572037,99,26,23,21,22,3.661121368408203,57.0,58.0,7.775
1765483814.0582345,98,33,36,28,69,3.660736083984375,57.5,58.5,8.041
1765483814.2593827,98,33,36,28,69,3.660736083984375,57.5,58.5,8.041
1765483814.4611802,98,33,36,28,69,3.660736083984375,57.5,58.5,8.041
1765483814.662698,99,23,23,22,25,3.6609420776367188,57.0,58.0,7.4
1765483814.8646238,99,23,23,22,25,3.6609420776367188,57.0,58.0,7.4
1765483815.066131,98,38,32,46,54,3.660472869873047,57.5,58.0,7.787
1765483815.2683623,98,38,32,46,54,3.660472869873047,57.5,58.0,7.787
1765483815.4702582,98,38,32,46,54,3.660472869873047,57.5,58.0,7.787
1765483815.6713982,99,20,30,16,18,3.661609649658203,57.5,58.0,7.747
1765483815.8726637,99,20,30,16,18,3.661609649658203,57.5,58.0,7.747
1765483816.0740116,99,30,58,18,24,3.6607131958007812,57.5,58.5,7.627
1765483816.2754824,99,30,58,18,24,3.6607131958007812,57.5,58.5,7.627
1765483816.4780278,99,30,58,18,24,3.6607131958007812,57.5,58.5,7.627
1765483816.6794026,99,23,26,17,17,3.660816192626953,57.5,58.0,7.28
1765483816.8805158,99,23,26,17,17,3.660816192626953,57.5,58.0,7.28
1765483817.0817652,98,62,42,44,56,3.6622047424316406,57.5,59.0,8.703
1765483817.2839956,98,62,42,44,56,3.6622047424316406,57.5,59.0,8.703
1765483817.485725,98,62,42,44,56,3.6622047424316406,57.5,59.0,8.703
1765483817.6949384,99,42,31,32,37,3.6630935668945312,57.5,58.0,8.014
1765483817.8959427,99,42,31,32,37,3.6630935668945312,57.5,58.0,8.014
1765483818.0974326,99,75,74,70,75,3.6627235412597656,58.0,60.0,8.888
1765483818.2990732,99,75,74,70,75,3.6627235412597656,58.0,60.0,8.888
1765483818.5095644,99,75,74,70,75,3.6627235412597656,58.0,60.0,8.888
1765483818.7111633,98,55,56,53,62,3.6626319885253906,57.5,59.0,8.054
1765483818.9124103,98,55,56,53,62,3.6626319885253906,57.5,59.0,8.054
1765483819.1137793,99,50,45,42,44,3.6638031005859375,57.5,59.5,8.664
1765483819.32028,99,50,45,42,44,3.6638031005859375,57.5,59.5,8.664
1765483819.522251,99,50,45,42,44,3.6638031005859375,57.5,59.5,8.664
1765483819.7249432,99,55,47,58,50,3.6625442504882812,57.5,58.0,7.24
1765483819.9259784,99,55,47,58,50,3.6625442504882812,57.5,58.0,7.24
1765483820.127144,99,30,32,67,28,3.662700653076172,57.5,58.5,7.36
1765483820.3281536,99,30,32,67,28,3.662700653076172,57.5,58.5,7.36
1765483820.529519,99,30,32,67,28,3.662700653076172,57.5,58.5,7.36
1765483820.7316654,99,35,23,26,18,3.6631088256835938,57.5,58.0,6.971
1765483820.9328816,99,35,23,26,18,3.6631088256835938,57.5,58.0,6.971
1765483821.1341178,99,35,23,26,18,3.6631088256835938,57.5,58.0,6.971
1765483821.3354323,99,28,42,24,42,3.6636428833007812,57.5,59.0,7.854
1765483821.5379517,99,28,42,24,42,3.6636428833007812,57.5,59.0,7.854
1765483821.7394063,98,24,20,17,18,3.6631202697753906,57.5,58.0,6.821
1765483821.940546,98,24,20,17,18,3.6631202697753906,57.5,58.0,6.821
1765483822.1418822,98,24,20,17,18,3.6631202697753906,57.5,58.0,6.821
1765483822.3436828,99,24,24,26,68,3.6633377075195312,57.0,58.0,7.587
1765483822.5452647,99,24,24,26,68,3.6633377075195312,57.0,58.0,7.587
1765483822.7474327,98,25,17,25,27,3.6634368896484375,57.5,58.5,7.32
1765483822.9490323,98,25,17,25,27,3.6634368896484375,57.5,58.5,7.32
1765483823.1503716,98,25,17,25,27,3.6634368896484375,57.5,58.5,7.32
1765483823.352088,99,30,28,20,52,3.663646697998047,57.5,58.5,7.854
1765483823.5555744,99,30,28,20,52,3.663646697998047,57.5,58.5,7.854
1765483823.7584293,99,20,29,23,22,3.663349151611328,57.5,57.5,6.781
1765483823.959838,99,20,29,23,22,3.663349151611328,57.5,57.5,6.781
1765483824.1609166,99,20,29,23,22,3.663349151611328,57.5,57.5,6.781
1765483824.363877,99,32,26,51,40,3.6631851196289062,58.0,59.0,7.775
1765483824.5657694,99,32,26,51,40,3.6631851196289062,58.0,59.0,7.775
1765483824.768504,99,21,29,20,26,3.664012908935547,57.5,58.0,7.131
1765483824.969815,99,21,29,20,26,3.664012908935547,57.5,58.0,7.131
1765483825.1709664,99,21,29,20,26,3.664012908935547,57.5,58.0,7.131
1765483825.3721342,99,23,29,54,20,3.6631240844726562,57.5,59.0,7.787
1765483825.573566,99,23,29,54,20,3.6631240844726562,57.5,59.0,7.787
1765483825.7752333,99,32,31,35,28,3.6634597778320312,57.5,59.0,7.934
1765483825.9764404,99,32,31,35,28,3.6634597778320312,57.5,59.0,7.934
1765483826.1777136,99,32,31,35,28,3.6634597778320312,57.5,59.0,7.934
1765483826.3793933,99,48,48,55,34,3.6629867553710938,57.5,58.5,7.974
1765483826.5821664,99,48,48,55,34,3.6629867553710938,57.5,58.5,7.974
1765483826.7837007,99,28,30,34,25,3.665813446044922,57.5,58.5,7.507
1765483826.9848368,99,28,30,34,25,3.665813446044922,57.5,58.5,7.507
1765483827.1860428,99,28,30,34,25,3.665813446044922,57.5,58.5,7.507
1765483827.3871162,99,54,57,50,44,3.664775848388672,57.5,58.5,7.934
1765483827.5888364,99,54,57,50,44,3.664775848388672,57.5,58.5,7.934
1765483827.7915936,99,33,29,25,22,3.665302276611328,57.5,57.5,6.821
1765483827.9931545,99,33,29,25,22,3.665302276611328,57.5,57.5,6.821
1765483828.1970534,99,33,29,25,22,3.665302276611328,57.5,57.5,6.821
1765483828.398258,99,66,68,66,63,3.6661033630371094,57.5,59.0,8.848
1765483828.5999525,99,66,68,66,63,3.6661033630371094,57.5,59.0,8.848
1765483828.8013947,99,31,25,22,24,3.6659088134765625,57.5,58.0,7.32
1765483829.0025427,99,31,25,22,24,3.6659088134765625,57.5,58.0,7.32
1765483829.2035933,99,31,25,22,24,3.6659088134765625,57.5,58.0,7.32
1765483829.4049077,99,32,28,53,26,3.6657180786132812,57.5,59.0,7.4
1765483829.6061268,99,32,28,53,26,3.6657180786132812,57.5,59.0,7.4
1765483829.807685,99,22,24,33,22,3.6656570434570312,57.5,58.0,7.051
1765483830.0090404,99,22,24,33,22,3.6656570434570312,57.5,58.0,7.051
1765483830.210329,99,22,24,33,22,3.6656570434570312,57.5,58.0,7.051
1765483830.411922,99,56,18,28,33,3.6660118103027344,57.5,58.5,7.854
1765483830.614607,99,56,18,28,33,3.6660118103027344,57.5,58.5,7.854
1765483830.8161998,99,29,19,10,22,3.6654930114746094,57.5,58.0,6.821
1765483831.023849,99,29,19,10,22,3.6654930114746094,57.5,58.0,6.821
1765483831.224886,99,29,19,10,22,3.6654930114746094,57.5,58.0,6.821
1765483831.4262817,99,63,22,28,22,3.6654815673828125,57.5,58.5,7.428
1765483831.627558,99,63,22,28,22,3.6654815673828125,57.5,58.5,7.428
1765483831.828751,99,63,22,28,22,3.6654815673828125,57.5,58.5,7.428
1765483832.0305126,99,30,29,16,18,3.6655349731445312,57.5,58.5,7.011
1765483832.2320864,99,30,29,16,18,3.6655349731445312,57.5,58.5,7.011
1765483832.4333334,99,38,44,24,28,3.6657943725585938,57.5,58.5,8.014
1765483832.635873,99,38,44,24,28,3.6657943725585938,57.5,58.5,8.014
1765483832.8378177,99,38,44,24,28,3.6657943725585938,57.5,58.5,8.014
1765483833.0391238,99,25,19,15,22,3.6652565002441406,57.5,57.5,6.781
1765483833.240376,99,25,19,15,22,3.6652565002441406,57.5,57.5,6.781
1765483833.441556,99,39,35,29,47,3.6655120849609375,57.5,58.5,7.547
1765483833.642824,99,39,35,29,47,3.6655120849609375,57.5,58.5,7.547
1765483833.8443081,99,39,35,29,47,3.6655120849609375,57.5,58.5,7.547
1765483834.047134,98,18,22,16,28,3.6656723022460938,57.5,58.5,7.36
1765483834.2487664,98,18,22,16,28,3.6656723022460938,57.5,58.5,7.36
1765483834.45009,99,28,17,49,30,3.665851593017578,57.5,59.0,7.814
1765483834.6529953,99,28,17,49,30,3.665851593017578,57.5,59.0,7.814
1765483834.8583882,99,28,17,49,30,3.665851593017578,57.5,59.0,7.814
1765483835.0601954,99,27,26,28,16,3.6655197143554688,57.5,58.0,6.661
1765483835.2615454,99,27,26,28,16,3.6655197143554688,57.5,58.0,6.661
1765483835.463015,99,36,25,53,35,3.665149688720703,58.0,59.0,7.587
1765483835.6659942,99,36,25,53,35,3.665149688720703,58.0,59.0,7.587
1765483835.8679857,99,36,25,53,35,3.665149688720703,58.0,59.0,7.587
1765483836.0708787,99,22,18,17,24,3.665843963623047,57.5,58.0,7.24
1765483836.2724276,99,22,18,17,24,3.665843963623047,57.5,58.0,7.24
1765483836.4735608,99,63,23,23,18,3.6654129028320312,57.5,59.5,7.547
1765483836.675129,99,63,23,23,18,3.6654129028320312,57.5,59.5,7.547
1765483836.8775036,99,63,23,23,18,3.6654129028320312,57.5,59.5,7.547
1765483837.0803146,99,31,22,14,27,3.6591567993164062,58.0,58.0,6.741
1765483837.2819812,99,31,22,14,27,3.6591567993164062,58.0,58.0,6.741
1765483837.4926236,99,45,49,27,35,3.6589393615722656,57.5,58.5,7.707
1765483837.6954787,99,45,49,27,35,3.6589393615722656,57.5,58.5,7.707
1765483837.8973536,99,45,49,27,35,3.6589393615722656,57.5,58.5,7.707
1765483838.0992804,99,18,28,12,25,3.658977508544922,57.5,58.0,7.171
1765483838.3008997,99,18,28,12,25,3.658977508544922,57.5,58.0,7.171
1765483838.5031452,99,33,24,63,20,3.6588172912597656,57.5,59.5,7.775
1765483838.7045813,99,33,24,63,20,3.6588172912597656,57.5,59.5,7.775
1765483838.9077704,99,33,24,63,20,3.6588172912597656,57.5,59.5,7.775
1765483839.1102655,99,20,14,26,25,3.6592636108398438,57.5,58.0,6.741
1765483839.3115916,99,20,14,26,25,3.6592636108398438,57.5,58.0,6.741
1765483839.512746,99,43,44,35,33,3.6601943969726562,58.0,58.5,7.775
1765483839.7150416,99,43,44,35,33,3.6601943969726562,58.0,58.5,7.775
1765483839.9200153,99,43,44,35,33,3.6601943969726562,58.0,58.5,7.775
1765483840.1215663,99,22,16,24,10,3.660137176513672,57.5,58.0,6.971
1765483840.3229437,99,22,16,24,10,3.660137176513672,57.5,58.0,6.971
1765483840.5240395,99,26,52,31,29,3.660236358642578,57.5,58.0,7.44
1765483840.7254343,99,26,52,31,29,3.660236358642578,57.5,58.0,7.44
1765483840.9310672,99,26,52,31,29,3.660236358642578,57.5,58.0,7.44
1765483841.135161,99,28,16,31,18,3.660694122314453,57.5,58.0,7.171
1765483841.340749,99,28,16,31,18,3.660694122314453,57.5,58.0,7.171
1765483841.5420318,99,45,32,28,42,3.661376953125,57.5,59.0,7.854
1765483841.74402,99,45,32,28,42,3.661376953125,57.5,59.0,7.854
1765483841.946339,99,45,32,28,42,3.661376953125,57.5,59.0,7.854
1765483842.1479304,99,27,18,17,16,3.660381317138672,57.5,58.0,6.891
1765483842.3491611,99,27,18,17,16,3.660381317138672,57.5,58.0,6.891
1765483842.550348,99,27,60,21,26,3.6609420776367188,57.5,58.5,7.547
1765483842.751469,99,27,60,21,26,3.6609420776367188,57.5,58.5,7.547
1765483842.952634,99,27,60,21,26,3.6609420776367188,57.5,58.5,7.547
1765483843.1551487,98,17,25,27,21,3.660839080810547,57.5,58.5,7.131
1765483843.3572,98,17,25,27,21,3.660839080810547,57.5,58.5,7.131
1765483843.5585482,99,26,54,20,29,3.6612091064453125,57.5,58.5,7.934
1765483843.760159,99,26,54,20,29,3.6612091064453125,57.5,58.5,7.934
1765483843.9627664,99,26,54,20,29,3.6612091064453125,57.5,58.5,7.934
1765483844.1643958,99,20,28,14,16,3.6611061096191406,57.5,58.0,6.85
1765483844.365403,99,20,28,14,16,3.6611061096191406,57.5,58.0,6.85
1765483844.5662446,99,38,54,31,25,3.661052703857422,57.5,58.5,7.4
1765483844.7677045,99,38,54,31,25,3.661052703857422,57.5,58.5,7.4
1765483844.9693453,99,38,54,31,25,3.661052703857422,57.5,58.5,7.4
1765483845.1714494,99,22,28,19,14,3.6606979370117188,58.0,58.5,7.627
1765483845.3727908,99,22,28,19,14,3.6606979370117188,58.0,58.5,7.627
1765483845.5740108,99,22,28,19,14,3.6606979370117188,58.0,58.5,7.627
1765483845.7752602,99,31,22,34,23,3.6616897583007812,57.5,59.0,7.735
1765483845.978003,99,31,22,34,23,3.6616897583007812,57.5,59.0,7.735
1765483846.180576,99,26,30,25,19,3.660961151123047,58.0,58.5,7.2
1765483846.3820472,99,26,30,25,19,3.660961151123047,58.0,58.5,7.2
1765483846.5832517,99,26,30,25,19,3.660961151123047,58.0,58.5,7.2
1765483846.7846065,99,52,24,31,33,3.661334991455078,57.5,59.0,7.44
1765483846.9862216,99,52,24,31,33,3.661334991455078,57.5,59.0,7.44
1765483847.1876984,99,32,19,16,17,3.6621017456054688,58.0,58.0,7.934
1765483847.3888783,99,32,19,16,17,3.6621017456054688,58.0,58.0,7.934
1765483847.5901217,99,32,19,16,17,3.6621017456054688,58.0,58.0,7.934
1765483847.7911544,99,28,18,49,17,3.661285400390625,57.5,59.0,7.547
1765483847.996795,99,28,18,49,17,3.661285400390625,57.5,59.0,7.547
1765483848.1992495,99,30,24,29,15,3.6613540649414062,57.5,58.5,7.091
1765483848.4007566,99,30,24,29,15,3.6613540649414062,57.5,58.5,7.091
1765483848.601879,99,30,24,29,15,3.6613540649414062,57.5,58.5,7.091
1765483848.8044415,99,32,45,30,46,3.660869598388672,58.0,58.5,7.547
1765483849.0077956,99,32,45,30,46,3.660869598388672,58.0,58.5,7.547
1765483849.210009,99,28,14,20,25,3.6619033813476562,58.0,58.5,7.707
1765483849.4109902,99,28,14,20,25,3.6619033813476562,58.0,58.5,7.707
1765483849.6120698,99,28,14,20,25,3.6619033813476562,58.0,58.5,7.707
1765483849.8131068,99,20,22,58,26,3.6613998413085938,58.0,59.0,7.36
1765483850.0152798,99,20,22,58,26,3.6613998413085938,58.0,59.0,7.36
1765483850.218171,99,28,28,26,22,3.6614036560058594,58.0,58.0,6.861
1765483850.4195504,99,28,28,26,22,3.6614036560058594,58.0,58.0,6.861
1765483850.620571,99,28,28,26,22,3.6614036560058594,58.0,58.0,6.861
1765483850.8221316,99,32,53,37,33,3.6611328125,58.0,59.0,7.934
1765483851.0247746,99,32,53,37,33,3.6611328125,58.0,59.0,7.934
1765483851.2267206,98,18,26,15,12,3.660808563232422,57.5,58.5,7.011
1765483851.4279542,98,18,26,15,12,3.660808563232422,57.5,58.5,7.011
1765483851.6290722,98,18,26,15,12,3.660808563232422,57.5,58.5,7.011
1765483851.8301153,99,27,24,54,28,3.661163330078125,57.5,59.5,7.587
1765483852.0314565,99,27,24,54,28,3.661163330078125,57.5,59.5,7.587
1765483852.233509,98,30,20,31,19,3.6612396240234375,57.5,58.0,6.971
1765483852.4351053,98,30,20,31,19,3.6612396240234375,57.5,58.0,6.971
1765483852.6363723,98,30,20,31,19,3.6612396240234375,57.5,58.0,6.971
1765483852.837583,99,38,32,48,36,3.6619644165039062,58.0,59.0,8.041
1765483853.0398412,99,38,32,48,36,3.6619644165039062,58.0,59.0,8.041
1765483853.2419128,99,26,16,14,18,3.661640167236328,57.5,58.0,6.701
1765483853.443136,99,26,16,14,18,3.661640167236328,57.5,58.0,6.701
1765483853.6442778,99,26,16,14,18,3.661640167236328,57.5,58.0,6.701
1765483853.8460298,99,35,61,26,29,3.6616134643554688,58.0,58.5,7.667
1765483854.0477345,99,35,61,26,29,3.6616134643554688,58.0,58.5,7.667
1765483854.249387,99,20,28,26,20,3.6613311767578125,58.0,58.0,7.131
1765483854.4512672,99,20,28,26,20,3.6613311767578125,58.0,58.0,7.131
1765483854.652804,99,20,28,26,20,3.6613311767578125,58.0,58.0,7.131
1765483854.8539836,99,27,28,33,48,3.661998748779297,58.0,58.5,8.28
1765483855.0561216,99,27,28,33,48,3.661998748779297,58.0,58.5,8.28
1765483855.2575912,99,27,28,33,48,3.661998748779297,58.0,58.5,8.28
1765483855.458797,99,27,20,18,24,3.661540985107422,58.0,58.0,6.621
1765483855.6599984,99,27,20,18,24,3.661540985107422,58.0,58.0,6.621
1765483855.8614275,99,32,31,34,60,3.6614036560058594,58.0,58.5,7.787
1765483856.0632598,99,32,31,34,60,3.6614036560058594,58.0,58.5,7.787
1765483856.264653,99,32,31,34,60,3.6614036560058594,58.0,58.5,7.787
1765483856.4657254,99,22,22,18,25,3.6617431640625,58.0,58.5,7.28
1765483856.6668742,99,22,22,18,25,3.6617431640625,58.0,58.5,7.28
1765483856.8679569,99,58,14,26,15,3.6615066528320312,58.0,59.5,7.735
1765483857.0713706,99,58,14,26,15,3.6615066528320312,58.0,59.5,7.735
1765483857.2738647,99,58,14,26,15,3.6615066528320312,58.0,59.5,7.735
1765483857.4749436,99,28,22,23,18,3.661151885986328,58.0,58.0,6.58
1765483857.6760514,99,28,22,23,18,3.661151885986328,58.0,58.0,6.58
1765483857.8774037,99,51,32,28,31,3.6616172790527344,57.5,59.0,7.32
1765483858.080342,99,51,32,28,31,3.6616172790527344,57.5,59.0,7.32
1765483858.2822678,99,51,32,28,31,3.6616172790527344,57.5,59.0,7.32
1765483858.48465,99,35,23,18,24,3.6627120971679688,58.0,58.5,7.667
1765483858.6864824,99,35,23,18,24,3.6627120971679688,58.0,58.5,7.667
1765483858.8876646,99,21,46,19,24,3.662090301513672,57.5,58.5,7.28
1765483859.0894012,99,21,46,19,24,3.662090301513672,57.5,58.5,7.28
1765483859.2924552,99,21,46,19,24,3.662090301513672,57.5,58.5,7.28
1765483859.4959278,99,28,30,23,25,3.6623306274414062,58.0,58.5,7.12
1765483859.697826,99,28,30,23,25,3.6623306274414062,58.0,58.5,7.12
1765483859.899059,99,33,34,32,45,3.6612586975097656,57.5,58.5,7.707
1765483860.10105,99,33,34,32,45,3.6612586975097656,57.5,58.5,7.707
1765483860.3023295,99,33,34,32,45,3.6612586975097656,57.5,58.5,7.707
1765483860.5042117,99,28,15,14,34,3.661895751953125,58.0,59.0,7.854
1765483860.7060628,99,28,15,14,34,3.661895751953125,58.0,59.0,7.854
1765483860.9071474,99,22,54,26,24,3.6617507934570312,57.5,58.5,7.28
1765483861.1081746,99,22,54,26,24,3.6617507934570312,57.5,58.5,7.28
1765483861.3110206,99,22,54,26,24,3.6617507934570312,57.5,58.5,7.28
1765483861.514406,99,26,34,14,21,3.662250518798828,58.0,58.5,7.011
1765483861.718766,99,26,34,14,21,3.662250518798828,58.0,58.5,7.011
1765483861.9200115,99,40,32,45,30,3.66290283203125,58.0,59.0,8.16
1765483862.1214406,99,40,32,45,30,3.66290283203125,58.0,59.0,8.16
1765483862.3246486,99,40,32,45,30,3.66290283203125,58.0,59.0,8.16
1765483862.527004,99,26,12,28,12,3.6621170043945312,58.0,58.5,7.36
1765483862.7289746,99,26,12,28,12,3.6621170043945312,58.0,58.5,7.36
1765483862.930275,99,31,45,26,34,3.6626739501953125,58.0,58.5,7.547
1765483863.1316473,99,31,45,26,34,3.6626739501953125,58.0,58.5,7.547
1765483863.3340404,99,31,45,26,34,3.6626739501953125,58.0,58.5,7.547
1765483863.5364678,99,20,30,18,23,3.6632766723632812,58.0,58.5,7.32
1765483863.7387898,99,20,30,18,23,3.6632766723632812,58.0,58.5,7.32
1765483863.9405224,99,39,36,30,44,3.6628761291503906,58.0,59.0,7.974
1765483864.1429458,99,39,36,30,44,3.6628761291503906,58.0,59.0,7.974
1765483864.3460486,99,39,36,30,44,3.6628761291503906,58.0,59.0,7.974
1765483864.5478303,99,23,16,24,23,3.6626663208007812,58.0,58.5,6.931
1765483864.7489953,99,23,16,24,23,3.6626663208007812,58.0,58.5,6.931
1765483864.9502177,99,36,28,57,26,3.6627845764160156,57.5,59.5,7.36
1765483865.1516733,99,36,28,57,26,3.6627845764160156,57.5,59.5,7.36
1765483865.3529348,99,36,28,57,26,3.6627845764160156,57.5,59.5,7.36
1765483865.5560787,98,25,20,28,20,3.6628952026367188,58.0,58.5,7.051
1765483865.757957,98,25,20,28,20,3.6628952026367188,58.0,58.5,7.051
1765483865.9591434,99,35,22,48,20,3.6629257202148438,57.5,59.0,7.735
1765483866.1606963,99,35,22,48,20,3.6629257202148438,57.5,59.0,7.735
1765483866.364009,99,35,22,48,20,3.6629257202148438,57.5,59.0,7.735
1765483866.5661983,98,25,22,27,19,3.6624221801757812,58.0,58.0,6.781
1765483866.7674358,98,25,22,27,19,3.6624221801757812,58.0,58.0,6.781
1765483866.9685538,98,25,22,27,19,3.6624221801757812,58.0,58.0,6.781
1765483867.1707137,99,29,32,51,27,3.6624526977539062,58.0,59.5,7.468
1765483867.3722637,99,29,32,51,27,3.6624526977539062,58.0,59.5,7.468
1765483867.574571,98,20,22,28,24,3.6625442504882812,58.0,58.5,7.44
1765483867.7759905,98,20,22,28,24,3.6625442504882812,58.0,58.5,7.44
1765483867.977026,98,20,22,28,24,3.6625442504882812,58.0,58.5,7.44
1765483868.1784112,99,19,29,16,48,3.662677764892578,58.0,58.5,7.44
1765483868.3814383,99,19,29,16,48,3.662677764892578,58.0,58.5,7.44
1765483868.5854714,98,21,29,18,26,3.662517547607422,58.0,58.5,6.85
1765483868.7870338,98,21,29,18,26,3.662517547607422,58.0,58.5,6.85
1765483868.988238,98,21,29,18,26,3.662517547607422,58.0,58.5,6.85
1765483869.190553,99,28,30,34,58,3.662090301513672,57.5,58.5,7.507
1765483869.3926058,99,28,30,34,58,3.662090301513672,57.5,58.5,7.507
1765483869.5947697,98,26,14,19,28,3.662860870361328,58.0,58.5,7.28
1765483869.7964845,98,26,14,19,28,3.662860870361328,58.0,58.5,7.28
1765483869.9985108,98,26,14,19,28,3.662860870361328,58.0,58.5,7.28
1765483870.1996245,99,25,25,61,29,3.662639617919922,58.0,59.5,7.507
1765483870.402464,99,25,25,61,29,3.662639617919922,58.0,59.5,7.507
1765483870.606245,98,22,30,16,22,3.6623992919921875,58.0,58.5,6.85
1765483870.8080282,98,22,30,16,22,3.6623992919921875,58.0,58.5,6.85
1765483871.009383,98,22,30,16,22,3.6623992919921875,58.0,58.5,6.85
1765483871.2111506,99,36,34,53,34,3.6621475219726562,58.0,59.0,7.747
1765483871.4146075,99,36,34,53,34,3.6621475219726562,58.0,59.0,7.747
1765483871.6165652,98,26,14,24,16,3.6625938415527344,58.0,59.0,7.12
1765483871.8177352,98,26,14,24,16,3.6625938415527344,58.0,59.0,7.12
1765483872.018856,98,26,14,24,16,3.6625938415527344,58.0,59.0,7.12
1765483872.2205098,99,34,53,23,22,3.662322998046875,58.0,58.5,7.507
1765483872.422652,99,34,53,23,22,3.662322998046875,58.0,58.5,7.507
1765483872.62514,98,19,25,32,17,3.6626319885253906,58.0,58.5,6.781
1765483872.8273113,98,19,25,32,17,3.6626319885253906,58.0,58.5,6.781
1765483873.0287037,98,19,25,32,17,3.6626319885253906,58.0,58.5,6.781
1765483873.230363,99,50,27,30,49,3.6632843017578125,58.0,59.0,8.014
1765483873.4332278,99,50,27,30,49,3.6632843017578125,58.0,59.0,8.014
1765483873.6352293,99,23,16,21,15,3.6626663208007812,58.0,58.5,6.741
1765483873.836561,99,23,16,21,15,3.6626663208007812,58.0,58.5,6.741
1765483874.0378473,99,23,16,21,15,3.6626663208007812,58.0,58.5,6.741
1765483874.2393038,99,40,27,22,57,3.662342071533203,58.0,58.5,7.814
1765483874.440521,99,40,27,22,57,3.662342071533203,58.0,58.5,7.814
1765483874.6420004,99,23,22,31,24,3.6629066467285156,58.0,58.5,6.781
1765483874.8431888,99,23,22,31,24,3.6629066467285156,58.0,58.5,6.781
1765483875.0441556,99,23,22,31,24,3.6629066467285156,58.0,58.5,6.781
1765483875.2454844,99,46,36,40,25,3.6631698608398438,58.0,59.5,8.319
1765483875.448648,99,46,36,40,25,3.6631698608398438,58.0,59.5,8.319
1765483875.6509807,99,17,22,19,23,3.6622962951660156,58.0,59.0,6.781
1765483875.852287,99,17,22,19,23,3.6622962951660156,58.0,59.0,6.781
1765483876.0535777,99,17,22,19,23,3.6622962951660156,58.0,59.0,6.781
1765483876.255185,99,29,68,26,28,3.662548065185547,58.5,58.5,7.707
1765483876.4565055,99,29,68,26,28,3.662548065185547,58.5,58.5,7.707
1765483876.6577897,99,19,22,21,21,3.663036346435547,58.5,58.5,6.931
1765483876.858921,99,19,22,21,21,3.663036346435547,58.5,58.5,6.931
1765483877.0600758,99,19,22,21,21,3.663036346435547,58.5,58.5,6.931
1765483877.2610698,99,63,25,22,19,3.6632614135742188,58.5,59.5,8.24
1765483877.4640653,99,63,25,22,19,3.6632614135742188,58.5,59.5,8.24
1765483877.666201,99,63,25,22,19,3.6632614135742188,58.5,59.5,8.24
1765483877.86724,99,28,23,14,16,3.6621780395507812,58.0,59.0,6.81
1765483878.068889,99,28,23,14,16,3.6621780395507812,58.0,59.0,6.81
1765483878.2712038,99,31,34,26,57,3.6623001098632812,58.5,59.0,7.814
1765483878.4739287,99,31,34,26,57,3.6623001098632812,58.5,59.0,7.814
1765483878.6759467,99,31,34,26,57,3.6623001098632812,58.5,59.0,7.814
1765483878.8771398,99,26,20,23,27,3.6630821228027344,58.5,59.0,7.24
1765483879.078151,99,26,20,23,27,3.6630821228027344,58.5,59.0,7.24
1765483879.279243,99,55,31,20,20,3.6632919311523438,58.0,60.0,7.814
1765483879.4813566,99,55,31,20,20,3.6632919311523438,58.0,60.0,7.814
1765483879.6842365,99,55,31,20,20,3.6632919311523438,58.0,60.0,7.814
1765483879.885915,99,33,24,18,23,3.663311004638672,58.0,58.5,6.701
1765483880.087088,99,33,24,18,23,3.663311004638672,58.0,58.5,6.701
1765483880.288493,99,35,30,37,54,3.663238525390625,58.0,59.0,7.894
1765483880.4917884,99,35,30,37,54,3.663238525390625,58.0,59.0,7.894
1765483880.693487,99,35,30,37,54,3.663238525390625,58.0,59.0,7.894
1765483880.897368,99,23,26,18,21,3.664215087890625,58.0,59.0,7.36
1765483881.0991673,99,23,26,18,21,3.664215087890625,58.0,59.0,7.36
1765483881.3003042,99,22,24,16,51,3.663238525390625,58.0,59.0,7.735
1765483881.502175,99,22,24,16,51,3.663238525390625,58.0,59.0,7.735
1765483881.7046602,99,22,24,16,51,3.663238525390625,58.0,59.0,7.735
1765483881.9064734,99,16,28,13,26,3.663238525390625,58.0,58.5,6.741
1765483882.1077824,99,16,28,13,26,3.663238525390625,58.0,58.5,6.741
1765483882.3090672,99,33,42,55,30,3.6630935668945312,58.0,59.5,8.054
1765483882.5119653,99,33,42,55,30,3.6630935668945312,58.0,59.5,8.054
1765483882.7139452,99,33,42,55,30,3.6630935668945312,58.0,59.5,8.054
1765483882.9155447,99,24,16,17,12,3.6638870239257812,58.0,59.0,7.36
1765483883.1169999,99,24,16,17,12,3.6638870239257812,58.0,59.0,7.36
1765483883.3184843,99,61,31,19,23,3.6633758544921875,58.5,59.5,7.707
1765483883.5197246,99,61,31,19,23,3.6633758544921875,58.5,59.5,7.707
1765483883.723645,99,61,31,19,23,3.6633758544921875,58.5,59.5,7.707
1765483883.9261448,99,27,24,24,16,3.6636276245117188,58.0,58.5,7.011
1765483884.1283479,99,27,24,24,16,3.6636276245117188,58.0,58.5,7.011
1765483884.3295937,98,31,62,30,34,3.663848876953125,58.0,59.5,8.094
1765483884.531736,98,31,62,30,34,3.663848876953125,58.0,59.5,8.094
1765483884.735142,98,31,62,30,34,3.663848876953125,58.0,59.5,8.094
1765483884.9368048,99,18,20,12,16,3.662811279296875,58.0,58.5,7.091
1765483885.138158,99,18,20,12,16,3.662811279296875,58.0,58.5,7.091
1765483885.3393118,98,28,46,62,24,3.6635971069335938,58.5,60.0,8.319
1765483885.5406022,98,28,46,62,24,3.6635971069335938,58.5,60.0,8.319
1765483885.742211,98,28,46,62,24,3.6635971069335938,58.5,60.0,8.319
1765483885.9432561,99,52,48,47,50,3.663341522216797,58.5,59.5,8.689
1765483886.1451643,99,52,48,47,50,3.663341522216797,58.5,59.5,8.689
1765483886.3466558,99,73,58,53,65,3.6642417907714844,58.5,59.5,8.769
1765483886.5477996,99,73,58,53,65,3.6642417907714844,58.5,59.5,8.769
1765483886.7495396,99,73,58,53,65,3.6642417907714844,58.5,59.5,8.769
1765483886.9514928,99,50,41,43,40,3.663127899169922,58.5,59.0,7.28
1765483887.152821,99,50,41,43,40,3.663127899169922,58.5,59.0,7.28
1765483887.3542554,99,50,41,43,40,3.663127899169922,58.5,59.0,7.28
1765483887.555719,99,64,54,67,53,3.663768768310547,58.5,60.5,8.808
1765483887.7571049,99,64,54,67,53,3.663768768310547,58.5,60.5,8.808
1765483887.9583056,98,80,72,78,79,3.6640472412109375,59.0,60.5,8.729
1765483888.1593199,98,80,72,78,79,3.6640472412109375,59.0,60.5,8.729
1765483888.3620057,98,80,72,78,79,3.6640472412109375,59.0,60.5,8.729
1765483888.563515,99,70,41,30,30,3.6649246215820312,58.5,59.5,8.081
1765483888.7660453,99,70,41,30,30,3.6649246215820312,58.5,59.5,8.081
1765483888.9692514,98,26,28,22,10,3.6640090942382812,58.5,59.0,6.931
1765483889.1754873,98,26,28,22,10,3.6640090942382812,58.5,59.0,6.931
1765483889.3765512,98,26,28,22,10,3.6640090942382812,58.5,59.0,6.931
1765483889.5784638,99,25,34,58,42,3.663890838623047,58.0,60.0,7.667
1765483889.779885,99,25,34,58,42,3.663890838623047,58.0,60.0,7.667
1765483889.9824145,98,21,27,16,26,3.664276123046875,58.5,59.0,7.587
1765483890.1840665,98,21,27,16,26,3.664276123046875,58.5,59.0,7.587
1765483890.3861477,98,21,27,16,26,3.664276123046875,58.5,59.0,7.587
1765483890.5880213,99,20,19,27,50,3.6638031005859375,58.5,59.0,7.627
1765483890.790544,99,20,19,27,50,3.6638031005859375,58.5,59.0,7.627
1765483890.9931362,99,25,22,24,21,3.664409637451172,58.0,59.0,6.821
1765483891.194765,99,25,22,24,21,3.664409637451172,58.0,59.0,6.821
1765483891.3959038,99,25,22,24,21,3.664409637451172,58.0,59.0,6.821
1765483891.5979042,99,36,35,55,30,3.6638870239257812,58.5,60.0,7.547
1765483891.7995172,99,36,35,55,30,3.6638870239257812,58.5,60.0,7.547
1765483892.0008564,99,20,26,25,17,3.6649093627929688,58.0,59.0,7.36
1765483892.2019212,99,20,26,25,17,3.6649093627929688,58.0,59.0,7.36
1765483892.4030683,99,20,26,25,17,3.6649093627929688,58.0,59.0,7.36
1765483892.6043162,99,62,18,25,18,3.6642379760742188,58.0,59.5,7.547
1765483892.8075244,99,62,18,25,18,3.6642379760742188,58.0,59.5,7.547
1765483893.0105813,99,30,20,25,20,3.664356231689453,58.5,59.0,6.861
1765483893.2121086,99,30,20,25,20,3.664356231689453,58.5,59.0,6.861
1765483893.413279,99,30,20,25,20,3.664356231689453,58.5,59.0,6.861
1765483893.6153526,99,45,36,44,37,3.6640625,58.5,59.0,7.854
1765483893.8189967,99,45,36,44,37,3.6640625,58.5,59.0,7.854
1765483894.020719,99,20,18,16,26,3.6646499633789062,58.5,59.0,7.2
1765483894.2229292,99,20,18,16,26,3.6646499633789062,58.5,59.0,7.2
1765483894.424525,99,20,18,16,26,3.6646499633789062,58.5,59.0,7.2
1765483894.6258194,99,24,20,14,55,3.6648330688476562,57.5,58.5,7.051
1765483894.8275328,99,24,20,14,55,3.6648330688476562,57.5,58.5,7.051
1765483895.0301092,98,40,18,23,39,3.6528053283691406,58.5,59.0,7.2
1765483895.2323983,98,40,18,23,39,3.6528053283691406,58.5,59.0,7.2
1765483895.4368293,98,40,18,23,39,3.6528053283691406,58.5,59.0,7.2
1765483895.638254,99,35,35,30,43,3.653575897216797,58.5,59.5,8.054
1765483895.8411932,99,35,35,30,43,3.653575897216797,58.5,59.5,8.054
1765483896.0432098,99,21,21,12,36,3.6527023315429688,58.5,59.0,7.051
1765483896.2467315,99,21,21,12,36,3.6527023315429688,58.5,59.0,7.051
1765483896.4481206,99,21,21,12,36,3.6527023315429688,58.5,59.0,7.051
1765483896.6493428,99,38,46,21,22,3.6529083251953125,58.0,59.0,7.4
1765483896.850241,99,38,46,21,22,3.6529083251953125,58.0,59.0,7.4
1765483897.052275,98,24,38,20,19,3.6530075073242188,58.5,59.0,7.091
1765483897.255352,98,24,38,20,19,3.6530075073242188,58.5,59.0,7.091
1765483897.4573858,98,24,38,20,19,3.6530075073242188,58.5,59.0,7.091
1765483897.658538,99,46,22,29,30,3.6538848876953125,58.0,59.5,7.894
1765483897.8602197,99,46,22,29,30,3.6538848876953125,58.0,59.5,7.894
1765483898.0618536,98,36,20,14,20,3.6526718139648438,58.5,59.0,7.051
1765483898.2633746,98,36,20,14,20,3.6526718139648438,58.5,59.0,7.051
1765483898.4646766,98,36,20,14,20,3.6526718139648438,58.5,59.0,7.051
1765483898.6665707,99,29,30,55,19,3.652862548828125,58.5,59.5,7.36
1765483898.8682044,99,29,30,55,19,3.652862548828125,58.5,59.5,7.36
1765483899.069324,99,29,30,55,19,3.652862548828125,58.5,59.5,7.36
1765483899.2717214,98,22,23,38,21,3.6531715393066406,58.5,59.0,7.32
1765483899.4732528,98,22,23,38,21,3.6531715393066406,58.5,59.0,7.32
1765483899.6744893,99,39,42,26,21,3.6535606384277344,58.5,59.0,7.854
1765483899.8767953,99,39,42,26,21,3.6535606384277344,58.5,59.0,7.854
1765483900.0783877,99,39,42,26,21,3.6535606384277344,58.5,59.0,7.854
1765483900.279775,98,26,22,29,23,3.6529388427734375,58.5,59.0,7.051
1765483900.481088,98,26,22,29,23,3.6529388427734375,58.5,59.0,7.051
1765483900.6823514,99,30,27,28,56,3.653247833251953,58.5,59.0,7.388
1765483900.8846745,99,30,27,28,56,3.653247833251953,58.5,59.0,7.388
1765483901.0864909,99,30,27,28,56,3.653247833251953,58.5,59.0,7.388
1765483901.2894516,98,39,18,26,16,3.6531295776367188,58.5,59.0,7.507
1765483901.4915307,98,39,18,26,16,3.6531295776367188,58.5,59.0,7.507
1765483901.6928608,99,44,26,20,28,3.6530990600585938,58.5,59.5,7.547
1765483901.8951266,99,44,26,20,28,3.6530990600585938,58.5,59.5,7.547
1765483902.0986729,99,44,26,20,28,3.6530990600585938,58.5,59.5,7.547
1765483902.3013825,99,38,16,22,24,3.6531906127929688,58.0,59.0,7.091
1765483902.5031567,99,38,16,22,24,3.6531906127929688,58.0,59.0,7.091
1765483902.70423,99,35,34,36,44,3.653247833251953,58.5,59.0,7.667
1765483902.9059062,99,35,34,36,44,3.653247833251953,58.5,59.0,7.667
1765483903.107431,99,35,34,36,44,3.653247833251953,58.5,59.0,7.667
1765483903.3106844,99,19,24,12,30,3.6539764404296875,58.5,59.5,7.667
1765483903.5123835,99,19,24,12,30,3.6539764404296875,58.5,59.5,7.667
1765483903.7137156,99,30,27,16,42,3.6534385681152344,58.5,59.0,7.468
1765483903.9152174,99,30,27,16,42,3.6534385681152344,58.5,59.0,7.468
1765483904.1172316,99,30,27,16,42,3.6534385681152344,58.5,59.0,7.468
1765483904.320913,99,24,22,20,32,3.653400421142578,58.5,59.0,7.32
1765483904.522982,99,24,22,20,32,3.653400421142578,58.5,59.0,7.32
1765483904.7240357,99,41,50,38,38,3.6534423828125,58.5,59.5,7.775
1765483904.925791,99,41,50,38,38,3.6534423828125,58.5,59.5,7.775
1765483905.1273673,99,41,50,38,38,3.6534423828125,58.5,59.5,7.775
1765483905.3287973,99,34,14,14,19,3.6543922424316406,58.5,59.0,7.32
1765483905.5301528,99,34,14,14,19,3.6543922424316406,58.5,59.0,7.32
1765483905.731182,99,30,45,25,26,3.6535682678222656,58.5,59.0,7.32
1765483905.9324753,99,30,45,25,26,3.6535682678222656,58.5,59.0,7.32
1765483906.134939,99,30,45,25,26,3.6535682678222656,58.5,59.0,7.32
1765483906.337933,98,42,20,19,14,3.653736114501953,58.5,59.0,7.051
1765483906.53956,98,42,20,19,14,3.653736114501953,58.5,59.0,7.051
1765483906.7407255,99,38,36,26,40,3.654552459716797,58.0,60.0,7.12
1765483906.9420693,99,38,36,26,40,3.654552459716797,58.0,60.0,7.12
1765483907.1442196,99,38,36,26,40,3.654552459716797,58.0,60.0,7.12
1765483907.3460205,99,18,16,10,44,3.6539306640625,58.5,59.0,7.28
1765483907.5471113,99,18,16,10,44,3.6539306640625,58.5,59.0,7.28
1765483907.7482667,67,40,30,30,23,3.6542701721191406,57.5,60.5,5.33
1765483907.9494445,67,40,30,30,23,3.6542701721191406,57.5,60.5,5.33
1765483908.1515746,67,40,30,30,23,3.6542701721191406,57.5,60.5,5.33
1765483908.3560162,99,19,54,20,19,3.654754638671875,58.0,59.0,7.32
1765483908.5596416,99,19,54,20,19,3.654754638671875,58.0,59.0,7.32
1765483908.7610888,0,27,39,20,22,3.655414581298828,57.0,59.5,4.739
1765483908.9621434,0,27,39,20,22,3.655414581298828,57.0,59.5,4.739
1765483909.1649158,0,27,39,20,22,3.655414581298828,57.0,59.5,4.739
1765483909.3667078,99,23,17,59,13,3.655548095703125,58.0,59.0,6.931
1765483909.5687926,99,23,17,59,13,3.655548095703125,58.0,59.0,6.931
1765483909.7701905,99,23,17,59,13,3.655548095703125,58.0,59.0,6.931
1765483909.9713354,10,31,27,16,23,3.655120849609375,57.5,59.5,4.145
1765483910.1723573,10,31,27,16,23,3.655120849609375,57.5,59.5,4.145
1765483910.3753657,99,33,26,41,60,3.6584091186523438,59.0,60.0,7.894
1765483910.5778537,99,33,26,41,60,3.6584091186523438,59.0,60.0,7.894
1765483910.779288,99,33,26,41,60,3.6584091186523438,59.0,60.0,7.894
1765483910.9807587,8,28,28,8,20,3.6578521728515625,57.5,59.5,4.78
1765483911.182011,8,28,28,8,20,3.6578521728515625,57.5,59.5,4.78
1765483911.385116,99,32,25,62,24,3.657703399658203,58.5,59.0,6.741
1765483911.5871212,99,32,25,62,24,3.657703399658203,58.5,59.0,6.741
1765483911.7881615,99,32,25,62,24,3.657703399658203,58.5,59.0,6.741
1765483911.9893484,1,24,22,25,26,3.6582679748535156,58.0,58.0,4.503
1765483912.1904256,1,24,22,25,26,3.6582679748535156,58.0,58.0,4.503
1765483912.393064,99,29,37,59,26,3.6594810485839844,59.0,59.0,7.48
1765483912.5962682,99,29,37,59,26,3.6594810485839844,59.0,59.0,7.48
1765483912.800749,99,29,37,59,26,3.6594810485839844,59.0,59.0,7.48
1765483913.0040104,81,23,20,17,10,3.659137725830078,58.0,58.5,4.861
1765483913.2054853,81,23,20,17,10,3.659137725830078,58.0,58.5,4.861
1765483913.4071474,99,34,33,32,59,3.6592369079589844,58.5,59.0,7.011
1765483913.6113098,99,34,33,32,59,3.6592369079589844,58.5,59.0,7.011
1765483913.8133652,99,34,33,32,59,3.6592369079589844,58.5,59.0,7.011
1765483914.0151055,96,23,26,24,24,3.6598167419433594,58.5,58.5,5.411
1765483914.2163103,96,23,26,24,24,3.6598167419433594,58.5,58.5,5.411
1765483914.417563,99,26,64,31,26,3.6610145568847656,59.0,59.0,7.814
1765483914.6198974,99,26,64,31,26,3.6610145568847656,59.0,59.0,7.814
1765483914.8227036,99,26,64,31,26,3.6610145568847656,59.0,59.0,7.814
1765483915.024711,97,20,17,13,17,3.659893035888672,58.0,58.5,5.249
1765483915.226012,97,20,17,13,17,3.659893035888672,58.0,58.5,5.249
1765483915.4274955,99,36,26,28,65,3.661876678466797,58.5,59.0,7.16
1765483915.6291313,99,36,26,28,65,3.661876678466797,58.5,59.0,7.16
1765483915.8306274,99,36,26,28,65,3.661876678466797,58.5,59.0,7.16
1765483916.0331779,99,26,20,22,23,3.6620750427246094,58.5,59.0,6.701
1765483916.235007,99,26,20,22,23,3.6620750427246094,58.5,59.0,6.701
1765483916.436127,99,24,23,31,58,3.6633033752441406,59.0,59.5,8.12
1765483916.6392796,99,24,23,31,58,3.6633033752441406,59.0,59.5,8.12
1765483916.843007,99,24,23,31,58,3.6633033752441406,59.0,59.5,8.12
1765483917.0446525,99,17,22,20,12,3.662311553955078,58.5,58.5,6.621
1765483917.2461553,99,17,22,20,12,3.662311553955078,58.5,58.5,6.621
1765483917.4478302,99,25,40,24,56,3.6633758544921875,58.5,58.5,7.36
1765483917.6512005,99,25,40,24,56,3.6633758544921875,58.5,58.5,7.36
1765483917.853179,99,25,40,24,56,3.6633758544921875,58.5,58.5,7.36
1765483918.0542262,98,25,26,24,21,3.6637191772460938,58.5,59.0,7.24
1765483918.2552428,98,25,26,24,21,3.6637191772460938,58.5,59.0,7.24
1765483918.4562132,99,14,66,23,16,3.662609100341797,58.5,59.0,7.854
1765483918.658211,99,14,66,23,16,3.662609100341797,58.5,59.0,7.854
1765483918.8608503,99,14,66,23,16,3.662609100341797,58.5,59.0,7.854
1765483919.0623105,98,28,22,17,8,3.6628952026367188,58.5,58.5,6.54
1765483919.2636557,98,28,22,17,8,3.6628952026367188,58.5,58.5,6.54
1765483919.4648056,98,28,22,17,8,3.6628952026367188,58.5,58.5,6.54
1765483919.667023,99,48,50,27,25,3.663604736328125,58.5,59.0,7.468
1765483919.8686717,99,48,50,27,25,3.663604736328125,58.5,59.0,7.468
1765483920.0698326,99,22,20,27,17,3.6643943786621094,58.5,59.0,7.091
1765483920.2715454,99,22,20,27,17,3.6643943786621094,58.5,59.0,7.091
1765483920.4731262,99,22,20,27,17,3.6643943786621094,58.5,59.0,7.091
1765483920.6743944,99,25,70,18,26,3.6633834838867188,58.5,59.0,7.507
1765483920.8770986,99,25,70,18,26,3.6633834838867188,58.5,59.0,7.507
1765483921.0802217,99,20,25,26,28,3.664093017578125,58.5,59.0,6.781
1765483921.281937,99,20,25,26,28,3.664093017578125,58.5,59.0,6.781
1765483921.4830606,99,20,25,26,28,3.664093017578125,58.5,59.0,6.781
1765483921.6849816,99,60,46,22,26,3.664508819580078,58.5,60.0,7.707
1765483921.887507,99,60,46,22,26,3.664508819580078,58.5,60.0,7.707
1765483922.089016,99,19,14,18,16,3.6650619506835938,58.5,59.0,7.507
1765483922.2903075,99,19,14,18,16,3.6650619506835938,58.5,59.0,7.507
1765483922.4915218,99,19,14,18,16,3.6650619506835938,58.5,59.0,7.507
1765483922.6925752,99,20,33,52,20,3.664684295654297,58.0,60.0,7.36
1765483922.8948445,99,20,33,52,20,3.664684295654297,58.0,60.0,7.36
1765483923.0973642,99,22,20,35,18,3.665630340576172,58.5,59.0,7.051
1765483923.2991073,99,22,20,35,18,3.665630340576172,58.5,59.0,7.051
1765483923.5004268,99,22,20,35,18,3.665630340576172,58.5,59.0,7.051
1765483923.7019184,99,38,39,44,28,3.665882110595703,58.5,59.5,8.054
1765483923.9041026,99,38,39,44,28,3.665882110595703,58.5,59.5,8.054
1765483924.105806,99,14,32,20,10,3.6658897399902344,58.5,58.5,7.4
1765483924.3068755,99,14,32,20,10,3.6658897399902344,58.5,58.5,7.4
1765483924.508089,99,14,32,20,10,3.6658897399902344,58.5,58.5,7.4
1765483924.7094975,99,50,38,24,25,3.665740966796875,58.5,59.5,7.428
1765483924.9109879,99,50,38,24,25,3.665740966796875,58.5,59.5,7.428
1765483925.1130102,99,38,18,12,17,3.6665992736816406,59.0,59.0,7.2
1765483925.3146634,99,38,18,12,17,3.6665992736816406,59.0,59.0,7.2
1765483925.5161324,99,38,18,12,17,3.6665992736816406,59.0,59.0,7.2
1765483925.717946,99,34,32,34,40,3.6667327880859375,58.5,59.5,8.041
1765483925.919733,99,34,32,34,40,3.6667327880859375,58.5,59.5,8.041
1765483926.1218276,99,18,20,19,29,3.666461944580078,58.5,59.0,7.28
1765483926.3230963,99,18,20,19,29,3.666461944580078,58.5,59.0,7.28
1765483926.5242572,99,18,20,19,29,3.666461944580078,58.5,59.0,7.28
1765483926.7254913,99,52,32,28,29,3.6664466857910156,59.0,59.5,7.547
1765483926.927044,99,52,32,28,29,3.6664466857910156,59.0,59.5,7.547
1765483927.1285927,99,37,25,21,10,3.6660194396972656,59.0,59.0,7.4
1765483927.3306842,99,37,25,21,10,3.6660194396972656,59.0,59.0,7.4
1765483927.5321472,99,37,25,21,10,3.6660194396972656,59.0,59.0,7.4
1765483927.7333388,99,20,58,25,28,3.6667556762695312,58.5,59.5,7.775
1765483927.935615,99,20,58,25,28,3.6667556762695312,58.5,59.5,7.775
1765483928.13705,99,20,58,25,28,3.6667556762695312,58.5,59.5,7.775
1765483928.3383713,99,26,28,18,14,3.6666831970214844,58.5,59.0,6.931
1765483928.5397642,99,26,28,18,14,3.6666831970214844,58.5,59.0,6.931
1765483928.7428293,99,42,27,24,54,3.666248321533203,58.5,59.0,7.388
1765483928.9448092,99,42,27,24,54,3.666248321533203,58.5,59.0,7.388
1765483929.1459877,99,42,27,24,54,3.666248321533203,58.5,59.0,7.388
1765483929.3488104,99,18,30,24,32,3.666950225830078,58.5,59.5,7.44
1765483929.5510666,99,18,30,24,32,3.666950225830078,58.5,59.5,7.44
1765483929.7524033,99,17,32,18,44,3.6668472290039062,58.5,59.0,7.627
1765483929.954608,99,17,32,18,44,3.6668472290039062,58.5,59.0,7.627
1765483930.155981,99,17,32,18,44,3.6668472290039062,58.5,59.0,7.627
1765483930.357094,99,30,26,24,30,3.6664810180664062,58.5,59.0,6.891
1765483930.5582688,99,30,26,24,30,3.6664810180664062,58.5,59.0,6.891
1765483930.759286,98,36,50,36,30,3.6665496826171875,59.0,59.5,7.4
1765483930.9608514,98,36,50,36,30,3.6665496826171875,59.0,59.5,7.4
1765483931.162214,98,36,50,36,30,3.6665496826171875,59.0,59.5,7.4
1765483931.365006,99,19,30,16,27,3.667205810546875,58.5,59.5,7.547
1765483931.5668995,99,19,30,16,27,3.667205810546875,58.5,59.5,7.547
1765483931.7681117,99,28,52,20,24,3.6661949157714844,59.0,59.0,7.44
1765483931.9697652,99,28,52,20,24,3.6661949157714844,59.0,59.0,7.44
1765483932.1731684,99,28,52,20,24,3.6661949157714844,59.0,59.0,7.44
1765483932.376275,99,24,19,24,20,3.6669578552246094,59.0,59.0,6.891
1765483932.5790918,99,24,19,24,20,3.6669578552246094,59.0,59.0,6.891
1765483932.7803724,99,32,48,29,42,3.6663742065429688,58.5,59.0,7.667
1765483932.982113,99,32,48,29,42,3.6663742065429688,58.5,59.0,7.667
1765483933.183491,99,32,48,29,42,3.6663742065429688,58.5,59.0,7.667
1765483933.3851235,99,29,19,15,14,3.667186737060547,59.0,59.5,7.814
1765483933.5864747,99,29,19,15,14,3.667186737060547,59.0,59.5,7.814
1765483933.7876842,99,51,24,16,26,3.666545867919922,58.5,60.0,7.36
1765483933.9890285,99,51,24,16,26,3.666545867919922,58.5,60.0,7.36
1765483934.1917043,99,51,24,16,26,3.666545867919922,58.5,60.0,7.36
1765483934.395258,99,32,18,21,17,3.666637420654297,59.0,59.0,7.091
1765483934.5969386,99,32,18,21,17,3.666637420654297,59.0,59.0,7.091
1765483934.7981467,99,32,48,44,40,3.6666717529296875,58.5,59.5,8.054
1765483935.000917,99,32,48,44,40,3.6666717529296875,58.5,59.5,8.054
1765483935.206135,99,32,48,44,40,3.6666717529296875,58.5,59.5,8.054
1765483935.407764,99,19,25,17,20,3.665752410888672,58.5,59.5,7.051
1765483935.609175,99,19,25,17,20,3.665752410888672,58.5,59.5,7.051
1765483935.8103766,99,26,33,51,25,3.6660079956054688,58.5,60.5,7.48
1765483936.0117652,99,26,33,51,25,3.6660079956054688,58.5,60.5,7.48
1765483936.2136018,99,26,33,51,25,3.6660079956054688,58.5,60.5,7.48
1765483936.4171627,99,30,28,26,14,3.6659507751464844,58.5,59.0,6.931
1765483936.6204622,99,30,28,26,14,3.6659507751464844,58.5,59.0,6.931
1765483936.8217957,99,28,55,30,30,3.667133331298828,59.0,60.0,8.2
1765483937.023955,99,28,55,30,30,3.667133331298828,59.0,60.0,8.2
1765483937.2273848,99,28,55,30,30,3.667133331298828,59.0,60.0,8.2
1765483937.4293025,99,22,24,24,19,3.6663780212402344,58.5,59.0,6.942
1765483937.6304767,99,22,24,24,19,3.6663780212402344,58.5,59.0,6.942
1765483937.8319519,99,28,58,30,30,3.666717529296875,58.5,59.0,7.507
1765483938.03458,99,28,58,30,30,3.666717529296875,58.5,59.0,7.507
1765483938.2360752,99,28,58,30,30,3.666717529296875,58.5,59.0,7.507
1765483938.4387283,99,20,28,14,18,3.6662139892578125,59.0,59.0,7.011
1765483938.6403346,99,20,28,14,18,3.6662139892578125,59.0,59.0,7.011
1765483938.841529,99,28,64,25,13,3.6670379638671875,58.5,59.5,8.28
1765483939.043945,99,28,64,25,13,3.6670379638671875,58.5,59.5,8.28
1765483939.2479794,99,28,64,25,13,3.6670379638671875,58.5,59.5,8.28
1765483939.4498603,99,21,26,16,19,3.667156219482422,59.0,59.0,6.81
1765483939.651391,99,21,26,16,19,3.667156219482422,59.0,59.0,6.81
1765483939.8525019,99,33,54,32,23,3.6663055419921875,59.0,59.0,7.775
1765483940.0547707,99,33,54,32,23,3.6663055419921875,59.0,59.0,7.775
1765483940.256691,99,33,54,32,23,3.6663055419921875,59.0,59.0,7.775
1765483940.4593043,99,20,28,23,22,3.667743682861328,59.0,59.0,7.428
1765483940.660774,99,20,28,23,22,3.667743682861328,59.0,59.0,7.428
1765483940.8621557,99,20,28,23,22,3.667743682861328,59.0,59.0,7.428
1765483941.0637476,99,21,24,20,55,3.666637420654297,58.5,59.5,7.854
1765483941.266687,99,21,24,20,55,3.666637420654297,58.5,59.5,7.854
1765483941.4702716,99,20,18,18,30,3.6668014526367188,58.5,59.0,6.741
1765483941.674352,99,20,18,18,30,3.6668014526367188,58.5,59.0,6.741
1765483941.875486,99,20,18,18,30,3.6668014526367188,58.5,59.0,6.741
1765483942.0779972,99,40,31,56,34,3.6661033630371094,58.5,60.5,7.894
1765483942.2799056,99,40,31,56,34,3.6661033630371094,58.5,60.5,7.894
1765483942.4814632,99,23,25,20,15,3.666412353515625,59.0,59.0,7.171
1765483942.684551,99,23,25,20,15,3.666412353515625,59.0,59.0,7.171
1765483942.8860455,99,23,25,20,15,3.666412353515625,59.0,59.0,7.171
1765483943.0872114,99,23,18,60,20,3.6667251586914062,59.0,60.5,7.775
1765483943.2894366,99,23,18,60,20,3.6667251586914062,59.0,60.5,7.775
1765483943.4921384,99,20,28,19,25,3.6668701171875,59.0,59.0,6.701
1765483943.6988852,99,20,28,19,25,3.6668701171875,59.0,59.0,6.701
1765483943.900087,99,20,28,19,25,3.6668701171875,59.0,59.0,6.701
1765483944.1015162,99,36,48,31,39,3.6660003662109375,59.0,59.5,7.854
1765483944.3042877,99,36,48,31,39,3.6660003662109375,59.0,59.5,7.854
1765483944.5058436,99,22,18,16,17,3.666576385498047,59.0,59.5,7.36
1765483944.7069519,99,22,18,16,17,3.666576385498047,59.0,59.5,7.36
1765483944.908162,99,22,18,16,17,3.666576385498047,59.0,59.5,7.36
1765483945.1095207,99,21,32,22,44,3.6665878295898438,58.5,59.5,7.547
1765483945.31172,99,21,32,22,44,3.6665878295898438,58.5,59.5,7.547
1765483945.5146842,99,20,30,12,28,3.6668624877929688,59.0,59.5,6.85
1765483945.7162538,99,20,30,12,28,3.6668624877929688,59.0,59.5,6.85
1765483945.9179945,99,20,30,12,28,3.6668624877929688,59.0,59.5,6.85
1765483946.1191447,99,36,50,31,40,3.6670684814453125,59.0,60.0,8.054
1765483946.320687,99,36,50,31,40,3.6670684814453125,59.0,60.0,8.054
1765483946.5221326,98,23,18,16,14,3.6667556762695312,58.5,59.0,6.821
1765483946.7236886,98,23,18,16,14,3.6667556762695312,58.5,59.0,6.821
1765483946.9250226,98,23,18,16,14,3.6667556762695312,58.5,59.0,6.821
1765483947.1264772,99,31,30,65,24,3.6671485900878906,59.0,60.5,7.507
1765483947.3278182,99,31,30,65,24,3.6671485900878906,59.0,60.5,7.507
1765483947.5304494,98,30,23,18,23,3.6669692993164062,59.0,59.5,6.942
1765483947.731931,98,30,23,18,23,3.6669692993164062,59.0,59.5,6.942
1765483947.9331558,98,30,23,18,23,3.6669692993164062,59.0,59.5,6.942
1765483948.134559,99,41,37,31,42,3.667980194091797,59.0,60.0,7.854
1765483948.3364859,99,41,37,31,42,3.667980194091797,59.0,60.0,7.854
1765483948.538431,99,26,19,22,10,3.6675567626953125,58.5,59.0,6.821
1765483948.739695,99,26,19,22,10,3.6675567626953125,58.5,59.0,6.821
1765483948.9409432,99,26,19,22,10,3.6675567626953125,58.5,59.0,6.821
1765483949.1429439,99,62,24,27,23,3.6673965454101562,58.5,60.0,7.36
1765483949.3442094,99,62,24,27,23,3.6673965454101562,58.5,60.0,7.36
1765483949.5458095,99,26,20,23,29,3.6678237915039062,59.0,59.5,7.547
1765483949.7490568,99,26,20,23,29,3.6678237915039062,59.0,59.5,7.547
1765483949.9513826,99,26,20,23,29,3.6678237915039062,59.0,59.5,7.547
1765483950.1524494,99,25,24,48,37,3.668926239013672,58.5,60.0,7.934
1765483950.3554163,99,25,24,48,37,3.668926239013672,58.5,60.0,7.934
1765483950.5572336,99,22,25,29,16,3.6686134338378906,59.0,59.5,7.28
1765483950.7583876,99,22,25,29,16,3.6686134338378906,59.0,59.5,7.28
1765483950.959431,99,22,25,29,16,3.6686134338378906,59.0,59.5,7.28
1765483951.1608937,99,49,37,23,29,3.6685714721679688,58.5,60.0,7.507
1765483951.362245,99,49,37,23,29,3.6685714721679688,58.5,60.0,7.507
1765483951.5632308,99,19,28,17,33,3.6687774658203125,59.0,59.5,8.081
1765483951.7664857,99,19,28,17,33,3.6687774658203125,59.0,59.5,8.081
1765483951.9679413,99,19,28,17,33,3.6687774658203125,59.0,59.5,8.081
1765483952.169134,99,19,44,22,25,3.669147491455078,59.0,59.5,7.468
1765483952.3719056,99,19,44,22,25,3.669147491455078,59.0,59.5,7.468
1765483952.5739164,99,19,44,22,25,3.669147491455078,59.0,59.5,7.468
1765483952.7750852,99,35,33,22,12,3.6694374084472656,59.0,59.5,7.2
1765483952.9763515,99,35,33,22,12,3.6694374084472656,59.0,59.5,7.2
1765483953.1779346,99,50,35,30,29,3.6697044372558594,58.5,59.5,7.32
1765483953.3800871,99,50,35,30,29,3.6697044372558594,58.5,59.5,7.32
1765483953.581583,99,50,35,30,29,3.6697044372558594,58.5,59.5,7.32
1765483953.7848625,99,16,33,19,20,3.6701927185058594,59.0,60.0,7.894
1765483953.990113,99,16,33,19,20,3.6701927185058594,59.0,60.0,7.894
1765483954.1911974,99,21,45,24,24,3.6698074340820312,58.5,59.0,7.28
1765483954.3931525,99,21,45,24,24,3.6698074340820312,58.5,59.0,7.28
1765483954.5951927,99,21,45,24,24,3.6698074340820312,58.5,59.0,7.28
1765483954.7984247,98,31,34,22,21,3.6706199645996094,59.0,59.5,7.2
1765483955.000293,98,31,34,22,21,3.6706199645996094,59.0,59.5,7.2
1765483955.2014394,99,34,28,42,38,3.6708412170410156,58.5,60.0,7.44
1765483955.4036887,99,34,28,42,38,3.6708412170410156,58.5,60.0,7.44
1765483955.6058204,99,34,28,42,38,3.6708412170410156,58.5,60.0,7.44
1765483955.8076463,99,15,20,38,19,3.6710739135742188,59.0,59.5,7.894
1765483956.0089495,99,15,20,38,19,3.6710739135742188,59.0,59.5,7.894
1765483956.2101095,99,32,37,18,31,3.671131134033203,59.0,59.5,6.891
1765483956.411255,99,32,37,18,31,3.671131134033203,59.0,59.5,6.891
1765483956.6131253,99,32,37,18,31,3.671131134033203,59.0,59.5,6.891
1765483956.816554,99,22,25,19,47,3.671436309814453,59.0,59.5,7.36
1765483957.0182185,99,22,25,19,47,3.671436309814453,59.0,59.5,7.36
1765483957.2192326,99,37,28,39,34,3.6726646423339844,59.0,60.5,7.24
1765483957.4205563,99,37,28,39,34,3.6726646423339844,59.0,60.5,7.24
1765483957.6237953,99,37,28,39,34,3.6726646423339844,59.0,60.5,7.24
1765483957.8259308,98,18,17,17,45,3.6714515686035156,59.5,59.5,7.08
1765483958.027006,98,18,17,17,45,3.6714515686035156,59.5,59.5,7.08
1765483958.228099,99,30,40,29,22,3.6721038818359375,58.5,61.0,6.891
1765483958.429241,99,30,40,29,22,3.6721038818359375,58.5,61.0,6.891
1765483958.6310463,99,30,40,29,22,3.6721038818359375,58.5,61.0,6.891
1765483958.8335347,99,18,48,24,18,3.6726150512695312,59.0,59.5,7.2
1765483959.0351176,99,18,48,24,18,3.6726150512695312,59.0,59.5,7.2
1765483959.2363818,99,18,40,27,32,3.6739578247070312,58.5,60.5,6.46
1765483959.4409235,99,18,40,27,32,3.6739578247070312,58.5,60.5,6.46
1765483959.643737,99,18,40,27,32,3.6739578247070312,58.5,60.5,6.46
1765483959.845599,99,50,21,20,16,3.6730804443359375,59.0,59.5,7.32
1765483960.0476487,99,50,21,20,16,3.6730804443359375,59.0,59.5,7.32
1765483960.2499776,99,29,30,32,28,3.673187255859375,58.0,59.5,5.877
1765483960.4510667,99,29,30,32,28,3.673187255859375,58.0,59.5,5.877
1765483960.6523783,99,29,30,32,28,3.673187255859375,58.0,59.5,5.877
1765483960.8556905,99,20,53,25,23,3.673572540283203,59.0,60.0,7.52
1765483961.0594518,99,20,53,25,23,3.673572540283203,59.0,60.0,7.52
1765483961.2612734,99,20,53,25,23,3.673572540283203,59.0,60.0,7.52
1765483961.4628599,99,30,32,26,24,3.674755096435547,58.0,60.0,6.43
1765483961.665549,99,30,32,26,24,3.674755096435547,58.0,60.0,6.43
1765483961.8674269,99,24,20,46,27,3.6742515563964844,59.0,59.5,7.24
1765483962.0685709,99,24,20,46,27,3.6742515563964844,59.0,59.5,7.24
1765483962.2696745,99,24,20,46,27,3.6742515563964844,59.0,59.5,7.24
1765483962.4717417,98,37,38,27,22,3.6743125915527344,58.0,61.0,6.149
1765483962.6735015,98,37,38,27,22,3.6743125915527344,58.0,61.0,6.149
1765483962.8759112,99,21,26,56,20,3.674713134765625,59.0,60.0,7.735
1765483963.0792902,99,21,26,56,20,3.674713134765625,59.0,60.0,7.735
1765483963.2814875,99,21,26,56,20,3.674713134765625,59.0,60.0,7.735
1765483963.4831603,62,24,14,34,22,3.6746253967285156,58.0,61.5,5.532
1765483963.6853018,62,24,14,34,22,3.6746253967285156,58.0,61.5,5.532
1765483963.888996,99,37,38,21,26,3.6752548217773438,59.0,60.0,7.24
1765483964.091055,99,37,38,21,26,3.6752548217773438,59.0,60.0,7.24
1765483964.2923503,99,37,38,21,26,3.6752548217773438,59.0,60.0,7.24
1765483964.493443,99,32,28,38,29,3.6751365661621094,58.0,61.0,6.5
1765483964.6946373,99,32,28,38,29,3.6751365661621094,58.0,61.0,6.5
1765483964.8961992,99,29,58,16,26,3.67633056640625,59.0,60.0,7.934
1765483965.0994883,99,29,58,16,26,3.67633056640625,59.0,60.0,7.934
1765483965.3015716,99,29,58,16,26,3.67633056640625,59.0,60.0,7.934
1765483965.5030878,45,23,23,26,16,3.6756973266601562,58.0,60.0,5.957
1765483965.7051294,45,23,23,26,16,3.6756973266601562,58.0,60.0,5.957
1765483965.9079974,99,30,47,25,30,3.6761932373046875,59.0,60.0,7.16
1765483966.110548,99,30,47,25,30,3.6761932373046875,59.0,60.0,7.16
1765483966.311638,99,30,47,25,30,3.6761932373046875,59.0,60.0,7.16
1765483966.5127673,63,30,30,36,33,3.6763534545898438,58.0,59.0,5.604
1765483966.7149189,63,30,30,36,33,3.6763534545898438,58.0,59.0,5.604
1765483966.9165025,99,25,51,22,14,3.677227020263672,59.0,60.0,7.775
1765483967.119671,99,25,51,22,14,3.677227020263672,59.0,60.0,7.775
1765483967.3220391,99,25,51,22,14,3.677227020263672,59.0,60.0,7.775
1765483967.5232818,32,31,18,35,25,3.6762351989746094,58.0,60.5,5.371
1765483967.7246528,32,31,18,35,25,3.6762351989746094,58.0,60.5,5.371
1765483967.9268358,99,20,18,53,26,3.677135467529297,59.0,59.5,7.091
1765483968.1304297,99,20,18,53,26,3.677135467529297,59.0,59.5,7.091
1765483968.3331282,99,20,18,53,26,3.677135467529297,59.0,59.5,7.091
1765483968.5343282,3,40,33,23,27,3.677490234375,59.0,60.5,6.038
1765483968.735897,3,40,33,23,27,3.677490234375,59.0,60.5,6.038
1765483968.937299,99,50,17,17,12,3.6778488159179688,59.0,59.5,7.4
1765483969.138892,99,50,17,17,12,3.6778488159179688,59.0,59.5,7.4
1765483969.3411658,99,50,17,17,12,3.6778488159179688,59.0,59.5,7.4
1765483969.54292,32,30,22,38,24,3.677734375,58.0,59.0,5.015
1765483969.7462,32,30,22,38,24,3.677734375,58.0,59.0,5.015
1765483969.9474258,99,25,22,50,22,3.677967071533203,59.0,59.5,6.85
1765483970.151452,99,25,22,50,22,3.677967071533203,59.0,59.5,6.85
1765483970.3532755,99,25,22,50,22,3.677967071533203,59.0,59.5,6.85
1765483970.5544305,0,32,32,28,21,3.6792030334472656,58.0,60.0,5.209
1765483970.7560668,0,32,32,28,21,3.6792030334472656,58.0,60.0,5.209
1765483970.9572217,0,32,32,28,21,3.6792030334472656,58.0,60.0,5.209
1765483971.1587183,99,19,12,54,16,3.678478240966797,59.0,59.5,6.85
1765483971.3598115,99,19,12,54,16,3.678478240966797,59.0,59.5,6.85
1765483971.5607882,0,24,27,31,30,3.678783416748047,58.0,59.0,4.301
1765483971.7620537,0,24,27,31,30,3.678783416748047,58.0,59.0,4.301
1765483971.9636965,0,24,27,31,30,3.678783416748047,58.0,59.0,4.301
1765483972.166177,99,55,23,27,26,3.6792144775390625,59.0,59.5,6.891
1765483972.3679962,99,55,23,27,26,3.6792144775390625,59.0,59.5,6.891
1765483972.5690434,72,24,20,29,20,3.6797714233398438,58.0,59.5,5.136
1765483972.7715764,72,24,20,29,20,3.6797714233398438,58.0,59.5,5.136
1765483972.9744117,72,24,20,29,20,3.6797714233398438,58.0,59.5,5.136
1765483973.1759865,99,20,61,21,21,3.679370880126953,59.0,60.0,7.011
1765483973.3785865,99,20,61,21,21,3.679370880126953,59.0,60.0,7.011
1765483973.5820942,13,23,26,32,20,3.6798744201660156,58.0,59.5,4.699
1765483973.7834544,13,23,26,32,20,3.6798744201660156,58.0,59.5,4.699
1765483973.9849815,13,23,26,32,20,3.6798744201660156,58.0,59.5,4.699
1765483974.1880662,99,65,30,29,22,3.6803512573242188,59.0,60.0,7.2
1765483974.393277,99,65,30,29,22,3.6803512573242188,59.0,60.0,7.2
1765483974.5956085,8,23,16,22,15,3.6805267333984375,58.0,59.5,4.463
1765483974.7968338,8,23,16,22,15,3.6805267333984375,58.0,59.5,4.463
1765483974.999215,8,23,16,22,15,3.6805267333984375,58.0,59.5,4.463
1765483975.2007484,99,26,27,29,58,3.680583953857422,59.0,59.5,6.931
1765483975.402316,99,26,27,29,58,3.680583953857422,59.0,59.5,6.931
1765483975.6035006,64,25,14,30,20,3.6809349060058594,58.5,59.5,4.699
1765483975.8046675,64,25,14,30,20,3.6809349060058594,58.5,59.5,4.699
1765483976.005805,64,25,14,30,20,3.6809349060058594,58.5,59.5,4.699
1765483976.2087295,99,22,65,38,25,3.681133270263672,59.0,60.0,7.814
1765483976.4134107,99,22,65,38,25,3.681133270263672,59.0,60.0,7.814
1765483976.6156368,94,20,15,16,2,3.6806869506835938,58.5,59.0,6.038
1765483976.8172224,94,20,15,16,2,3.6806869506835938,58.5,59.0,6.038
1765483977.0186057,94,20,15,16,2,3.6806869506835938,58.5,59.0,6.038
1765483977.2213953,99,61,26,32,36,3.681476593017578,59.0,59.5,7.16
1765483977.4233932,99,61,26,32,36,3.681476593017578,59.0,59.5,7.16
1765483977.6245205,99,23,22,25,25,3.6819305419921875,59.0,59.5,6.54
1765483977.8258421,99,23,22,25,25,3.6819305419921875,59.0,59.5,6.54
1765483978.026912,99,23,22,25,25,3.6819305419921875,59.0,59.5,6.54
1765483978.2287827,99,25,20,70,25,3.6835365295410156,59.5,60.5,8.12
1765483978.4320793,99,25,20,70,25,3.6835365295410156,59.5,60.5,8.12
1765483978.6343622,99,19,16,12,20,3.6828231811523438,59.0,59.5,6.621
1765483978.8357081,99,19,16,12,20,3.6828231811523438,59.0,59.5,6.621
1765483979.0368423,99,19,16,12,20,3.6828231811523438,59.0,59.5,6.621
1765483979.239418,99,30,69,36,26,3.683032989501953,59.0,60.0,8.12
1765483979.4414458,99,30,69,36,26,3.683032989501953,59.0,60.0,8.12
1765483979.6429062,99,28,16,22,16,3.682647705078125,59.0,59.5,7.814
1765483979.845234,99,28,16,22,16,3.682647705078125,59.0,59.5,7.814
1765483980.0469508,99,28,16,22,16,3.682647705078125,59.0,59.5,7.814
1765483980.2480295,99,23,30,34,51,3.683490753173828,59.0,60.0,8.24
1765483980.4517877,99,23,30,34,51,3.683490753173828,59.0,60.0,8.24
1765483980.6535957,99,22,27,20,21,3.6830596923828125,59.5,59.5,6.861
1765483980.8551273,99,22,27,20,21,3.6830596923828125,59.5,59.5,6.861
1765483981.056304,99,22,27,20,21,3.6830596923828125,59.5,59.5,6.861
1765483981.2577906,99,58,25,32,29,3.6834487915039062,58.5,60.0,7.36
1765483981.460621,99,58,25,32,29,3.6834487915039062,58.5,60.0,7.36
1765483981.6622703,99,58,25,32,29,3.6834487915039062,58.5,60.0,7.36
1765483981.8661876,99,29,20,29,20,3.684398651123047,59.0,60.0,7.627
1765483982.0676608,99,29,20,29,20,3.684398651123047,59.0,60.0,7.627
1765483982.2689588,99,18,12,51,14,3.6838722229003906,58.5,60.0,7.091
1765483982.4712517,99,18,12,51,14,3.6838722229003906,58.5,60.0,7.091
1765483982.6728787,99,18,12,51,14,3.6838722229003906,58.5,60.0,7.091
1765483982.875776,98,42,22,23,22,3.684001922607422,59.0,59.5,7.08
1765483983.079115,98,42,22,23,22,3.684001922607422,59.0,59.5,7.08
1765483983.280235,99,36,28,26,49,3.6848487854003906,58.5,59.5,7.44
1765483983.4822414,99,36,28,26,49,3.6848487854003906,58.5,59.5,7.44
1765483983.6837544,99,36,28,26,49,3.6848487854003906,58.5,59.5,7.44
1765483983.8860774,99,18,14,24,41,3.6853370666503906,59.5,60.0,7.827
1765483984.089818,99,18,14,24,41,3.6853370666503906,59.5,60.0,7.827
1765483984.2909281,99,28,25,44,16,3.6851425170898438,58.5,60.0,7.2
1765483984.4925659,99,28,25,44,16,3.6851425170898438,58.5,60.0,7.2
1765483984.69531,99,28,25,44,16,3.6851425170898438,58.5,60.0,7.2
1765483984.8992548,99,38,18,24,27,3.685302734375,59.0,60.0,7.587
1765483985.1005938,99,38,18,24,27,3.685302734375,59.0,60.0,7.587
1765483985.301818,99,32,37,39,42,3.6854209899902344,58.5,60.5,7.428
1765483985.503218,99,32,37,39,42,3.6854209899902344,58.5,60.5,7.428
1765483985.7045877,99,32,37,39,42,3.6854209899902344,58.5,60.5,7.428
1765483985.9063616,99,16,14,18,38,3.6863327026367188,59.0,60.0,7.934
1765483986.1076636,99,16,14,18,38,3.6863327026367188,59.0,60.0,7.934
1765483986.3087332,99,30,23,39,32,3.6860084533691406,58.5,59.5,7.011
1765483986.5099092,99,30,23,39,32,3.6860084533691406,58.5,59.5,7.011
1765483986.7116501,99,30,23,39,32,3.6860084533691406,58.5,59.5,7.011
1765483986.9144223,99,17,16,44,25,3.6865386962890625,59.0,59.5,7.428
1765483987.1158986,99,17,16,44,25,3.6865386962890625,59.0,59.5,7.428
1765483987.317155,99,36,24,44,26,3.687458038330078,59.0,60.0,7.32
1765483987.5184276,99,36,24,44,26,3.687458038330078,59.0,60.0,7.32
1765483987.7207127,99,36,24,44,26,3.687458038330078,59.0,60.0,7.32
1765483987.9224846,99,48,15,6,12,3.686359405517578,59.0,60.0,7.091
1765483988.1235867,99,48,15,6,12,3.686359405517578,59.0,60.0,7.091
1765483988.3247936,99,26,27,44,34,3.6867904663085938,58.5,60.5,6.891
1765483988.5259664,99,26,27,44,34,3.6867904663085938,58.5,60.5,6.891
1765483988.7276585,99,26,27,44,34,3.6867904663085938,58.5,60.5,6.891
1765483988.9303336,98,22,16,48,24,3.6872291564941406,59.0,60.0,7.24
1765483989.1315901,98,22,16,48,24,3.6872291564941406,59.0,60.0,7.24
1765483989.3329608,99,26,28,42,26,3.6881752014160156,58.5,61.0,7.24
1765483989.5352886,99,26,28,42,26,3.6881752014160156,58.5,61.0,7.24
1765483989.7368762,99,26,28,42,26,3.6881752014160156,58.5,61.0,7.24
1765483989.9382434,99,23,40,20,27,3.6876564025878906,59.5,60.0,7.468
1765483990.1397748,99,23,40,20,27,3.6876564025878906,59.5,60.0,7.468
1765483990.3414588,99,29,32,44,27,3.687908172607422,58.5,61.5,6.891
1765483990.5435576,99,29,32,44,27,3.687908172607422,58.5,61.5,6.891
1765483990.744962,99,29,32,44,27,3.687908172607422,58.5,61.5,6.891
1765483990.947609,99,20,18,49,16,3.6881790161132812,59.0,59.5,7.44
1765483991.150232,99,20,18,49,16,3.6881790161132812,59.0,59.5,7.44
1765483991.351939,99,27,23,35,20,3.6886558532714844,58.0,61.5,7.051
1765483991.5531797,99,27,23,35,20,3.6886558532714844,58.0,61.5,7.051
1765483991.7549555,99,27,23,35,20,3.6886558532714844,58.0,61.5,7.051
1765483991.9587355,99,26,18,26,41,3.6883583068847656,59.0,60.0,7.131
1765483992.1604497,99,26,18,26,41,3.6883583068847656,59.0,60.0,7.131
1765483992.361455,99,26,18,26,41,3.6883583068847656,59.0,60.0,7.131
1765483992.562533,99,29,23,43,24,3.6887130737304688,58.5,61.0,6.971
1765483992.7638514,99,29,23,43,24,3.6887130737304688,58.5,61.0,6.971
1765483992.9657927,98,21,14,51,19,3.689605712890625,59.5,59.5,7.667
1765483993.168047,98,21,14,51,19,3.689605712890625,59.5,59.5,7.667
1765483993.3699074,98,21,14,51,19,3.689605712890625,59.5,59.5,7.667
1765483993.5709915,99,25,25,33,25,3.6891136169433594,58.5,60.0,7.12
1765483993.774053,99,25,25,33,25,3.6891136169433594,58.5,60.0,7.12
1765483993.977272,99,23,44,26,20,3.6887435913085938,59.0,59.5,7.091
1765483994.1794658,99,23,44,26,20,3.6887435913085938,59.0,59.5,7.091
1765483994.3806415,99,23,44,26,20,3.6887435913085938,59.0,59.5,7.091
1765483994.5817876,99,40,33,34,33,3.6891860961914062,58.5,61.0,6.971
1765483994.7833295,99,40,33,34,33,3.6891860961914062,58.5,61.0,6.971
1765483994.9847806,99,20,18,48,17,3.6902084350585938,59.5,59.5,7.747
1765483995.18791,99,20,18,48,17,3.6902084350585938,59.5,59.5,7.747
1765483995.3898938,99,20,18,48,17,3.6902084350585938,59.5,59.5,7.747
1765483995.591198,48,30,29,36,24,3.6898956298828125,58.0,60.5,5.564
1765483995.7932682,48,30,29,36,24,3.6898956298828125,58.0,60.5,5.564
1765483995.9959536,99,30,49,21,16,3.6902809143066406,59.0,60.0,7.08
1765483996.1981792,99,30,49,21,16,3.6902809143066406,59.0,60.0,7.08
1765483996.3993618,99,30,49,21,16,3.6902809143066406,59.0,60.0,7.08
1765483996.6004467,0,38,29,26,32,3.690593719482422,58.5,60.0,5.644
1765483996.8023283,0,38,29,26,32,3.690593719482422,58.5,60.0,5.644
1765483997.0037992,99,14,50,25,18,3.6911888122558594,59.0,60.0,7.468
1765483997.206105,99,14,50,25,18,3.6911888122558594,59.0,60.0,7.468
1765483997.4075298,99,14,50,25,18,3.6911888122558594,59.0,60.0,7.468
1765483997.6087966,99,28,24,33,22,3.690826416015625,58.0,60.5,5.644
1765483997.8105853,99,28,24,33,22,3.690826416015625,58.0,60.5,5.644
1765483998.0126224,99,22,52,26,23,3.6908721923828125,59.0,59.5,7.091
1765483998.2161052,99,22,52,26,23,3.6908721923828125,59.0,59.5,7.091
1765483998.417892,99,22,52,26,23,3.6908721923828125,59.0,59.5,7.091
1765483998.6190073,20,35,27,32,29,3.6916275024414062,58.5,60.0,5.604
1765483998.8204546,20,35,27,32,29,3.6916275024414062,58.5,60.0,5.604
1765483999.0215786,99,16,53,23,21,3.6911087036132812,59.0,59.5,6.891
1765483999.2240932,99,16,53,23,21,3.6911087036132812,59.0,59.5,6.891
1765483999.4253962,99,16,53,23,21,3.6911087036132812,59.0,59.5,6.891
1765483999.6265714,59,30,26,31,24,3.691181182861328,58.5,59.5,5.644
1765483999.8278766,59,30,26,31,24,3.691181182861328,58.5,59.5,5.644
1765484000.0292225,99,22,52,23,25,3.6918106079101562,59.0,59.5,7.16
1765484000.2320993,99,22,52,23,25,3.6918106079101562,59.0,59.5,7.16
1765484000.433853,99,22,52,23,25,3.6918106079101562,59.0,59.5,7.16
1765484000.6350665,28,27,26,38,26,3.691814422607422,58.5,61.0,5.957
1765484000.8382416,28,27,26,38,26,3.691814422607422,58.5,61.0,5.957
1765484001.0401232,28,27,26,38,26,3.691814422607422,58.5,61.0,5.957
1765484001.241352,99,23,18,22,46,3.691650390625,59.0,59.5,7.36
1765484001.4423678,99,23,18,22,46,3.691650390625,59.0,59.5,7.36
1765484001.6435664,99,27,26,40,28,3.6920013427734375,59.0,60.0,7.011
1765484001.8445742,99,27,26,40,28,3.6920013427734375,59.0,60.0,7.011
1765484002.0470169,99,27,26,40,28,3.6920013427734375,59.0,60.0,7.011
1765484002.249347,99,52,23,20,16,3.6922836303710938,59.5,60.0,7.44
1765484002.4510407,99,52,23,20,16,3.6922836303710938,59.5,60.0,7.44
1765484002.6523178,99,20,18,35,26,3.692291259765625,58.5,60.0,7.011
1765484002.8545015,99,20,18,35,26,3.692291259765625,58.5,60.0,7.011
1765484003.0570138,99,20,18,35,26,3.692291259765625,58.5,60.0,7.011
1765484003.2587569,99,29,28,24,35,3.6919937133789062,59.5,60.0,7.32
1765484003.459833,99,29,28,24,35,3.6919937133789062,59.5,60.0,7.32
1765484003.6612203,99,26,24,45,22,3.6925277709960938,58.5,60.5,6.199
1765484003.8629522,99,26,24,45,22,3.6925277709960938,58.5,60.5,6.199
1765484004.0643911,99,26,24,45,22,3.6925277709960938,58.5,60.5,6.199
1765484004.2677193,99,24,14,27,52,3.6929702758789062,59.0,60.0,7.854
1765484004.4695203,99,24,14,27,52,3.6929702758789062,59.0,60.0,7.854
1765484004.6708782,35,30,19,27,17,3.694049835205078,58.5,61.5,5.765
1765484004.8720763,35,30,19,27,17,3.694049835205078,58.5,61.5,5.765
1765484005.075438,35,30,19,27,17,3.694049835205078,58.5,61.5,5.765
1765484005.279386,99,50,27,26,28,3.693431854248047,59.0,60.0,7.04
1765484005.482351,99,50,27,26,28,3.693431854248047,59.0,60.0,7.04
1765484005.6835735,66,34,24,30,33,3.693492889404297,58.5,59.0,5.249
1765484005.88481,66,34,24,30,33,3.693492889404297,58.5,59.0,5.249
1765484006.0859947,66,34,24,30,33,3.693492889404297,58.5,59.0,5.249
1765484006.2882466,99,55,15,20,21,3.694293975830078,59.0,60.0,7.36
1765484006.4914002,99,55,15,20,21,3.694293975830078,59.0,60.0,7.36
1765484006.701143,0,14,19,21,29,3.6941261291503906,58.0,59.0,4.226
1765484006.9032454,0,14,19,21,29,3.6941261291503906,58.0,59.0,4.226
1765484007.105233,0,14,19,21,29,3.6941261291503906,58.0,59.0,4.226
1765484007.3092387,99,34,27,51,25,3.694499969482422,59.5,60.0,6.781
1765484007.511213,99,34,27,51,25,3.694499969482422,59.5,60.0,6.781
1765484007.7123294,0,35,24,29,18,3.6945228576660156,58.5,59.5,4.618
1765484007.9134512,0,35,24,29,18,3.6945228576660156,58.5,59.5,4.618
1765484008.114705,0,35,24,29,18,3.6945228576660156,58.5,59.5,4.618
1765484008.316161,99,18,56,19,23,3.695556640625,59.0,60.5,7.16
1765484008.5193088,99,18,56,19,23,3.695556640625,59.0,60.5,7.16
1765484008.7220058,99,25,12,30,21,3.695068359375,58.5,59.5,4.699
1765484008.9232173,99,25,12,30,21,3.695068359375,58.5,59.5,4.699
1765484009.1255107,99,25,12,30,21,3.695068359375,58.5,59.5,4.699
1765484009.3295226,99,30,22,57,40,3.6953659057617188,59.5,60.0,6.971
1765484009.531254,99,30,22,57,40,3.6953659057617188,59.5,60.0,6.971
1765484009.7322829,50,22,28,26,31,3.6963233947753906,58.5,60.0,5.29
1765484009.9334648,50,22,28,26,31,3.6963233947753906,58.5,60.0,5.29
1765484010.1354148,50,22,28,26,31,3.6963233947753906,58.5,60.0,5.29
1765484010.3367703,99,23,59,20,19,3.6966323852539062,59.5,60.0,7.011
1765484010.5390377,99,23,59,20,19,3.6966323852539062,59.5,60.0,7.011
1765484010.7404747,48,28,17,28,24,3.6959228515625,58.5,59.5,4.618
1765484010.9417534,48,28,17,28,24,3.6959228515625,58.5,59.5,4.618
1765484011.1431904,48,28,17,28,24,3.6959228515625,58.5,59.5,4.618
1765484011.3454762,99,35,55,28,31,3.6966171264648438,59.0,59.5,7.011
1765484011.5520797,99,35,55,28,31,3.6966171264648438,59.0,59.5,7.011
1765484011.7539496,7,25,20,27,22,3.697002410888672,58.5,60.0,4.82
1765484011.9549623,7,25,20,27,22,3.697002410888672,58.5,60.0,4.82
1765484012.1561081,7,25,20,27,22,3.697002410888672,58.5,60.0,4.82
1765484012.3578176,99,21,25,59,14,3.69683837890625,59.0,59.5,6.971
1765484012.5593982,99,21,25,59,14,3.69683837890625,59.0,59.5,6.971
1765484012.7606719,99,21,25,59,14,3.69683837890625,59.0,59.5,6.971
1765484012.9618242,9,25,20,30,19,3.696735382080078,58.5,59.5,4.341
1765484013.162869,9,25,20,30,19,3.696735382080078,58.5,59.5,4.341
1765484013.3648605,99,53,24,35,29,3.6978607177734375,59.0,59.5,7.011
1765484013.5682356,99,53,24,35,29,3.6978607177734375,59.0,59.5,7.011
1765484013.7701395,99,53,24,35,29,3.6978607177734375,59.0,59.5,7.011
1765484013.9716692,8,25,18,18,19,3.6980514526367188,58.0,59.5,4.861
1765484014.173164,8,25,18,18,19,3.6980514526367188,58.0,59.5,4.861
1765484014.3758962,99,59,26,30,28,3.697845458984375,59.0,60.0,6.77
1765484014.5780244,99,59,26,30,28,3.697845458984375,59.0,60.0,6.77
1765484014.779076,99,59,26,30,28,3.697845458984375,59.0,60.0,6.77
1765484014.980274,21,25,23,26,20,3.6975479125976562,58.5,59.5,4.585
1765484015.1815002,21,25,23,26,20,3.6975479125976562,58.5,59.5,4.585
1765484015.3833613,99,66,21,26,30,3.6986427307128906,59.0,60.0,7.547
1765484015.5867891,99,66,21,26,30,3.6986427307128906,59.0,60.0,7.547
1765484015.788748,99,66,21,26,30,3.6986427307128906,59.0,60.0,7.547
1765484015.9901724,69,12,14,23,19,3.6982498168945312,58.5,59.0,4.739
1765484016.1923587,69,12,14,23,19,3.6982498168945312,58.5,59.0,4.739
1765484016.3947613,99,38,62,30,24,3.6988563537597656,59.0,60.0,7.051
1765484016.5969498,99,38,62,30,24,3.6988563537597656,59.0,60.0,7.051
1765484016.7992568,99,38,62,30,24,3.6988563537597656,59.0,60.0,7.051
1765484017.0005252,99,28,21,20,24,3.6990928649902344,58.5,60.0,5.613
1765484017.2020257,99,28,21,20,24,3.6990928649902344,58.5,60.0,5.613
1765484017.4031425,99,60,22,29,35,3.7001266479492188,59.5,60.5,7.547
1765484017.606141,99,60,22,29,35,3.7001266479492188,59.5,60.5,7.547
1765484017.8090794,99,60,22,29,35,3.7001266479492188,59.5,60.5,7.547
1765484018.0105782,99,22,12,25,15,3.6994400024414062,58.5,59.5,5.33
1765484018.2120497,99,22,12,25,15,3.6994400024414062,58.5,59.5,5.33
1765484018.4139118,99,40,28,33,52,3.699413299560547,59.5,60.0,7.011
1765484018.6169863,99,40,28,33,52,3.699413299560547,59.5,60.0,7.011
1765484018.8183079,99,40,28,33,52,3.699413299560547,59.5,60.0,7.011
1765484019.0194693,99,27,20,23,28,3.699573516845703,58.5,59.5,5.258
1765484019.2207623,99,27,20,23,28,3.699573516845703,58.5,59.5,5.258
1765484019.4220245,99,62,20,28,19,3.7006988525390625,59.0,60.5,7.44
1765484019.6242678,99,62,20,28,19,3.7006988525390625,59.0,60.5,7.44
1765484019.8267133,99,62,20,28,19,3.7006988525390625,59.0,60.5,7.44
1765484020.0283291,99,22,15,20,18,3.700328826904297,59.0,59.5,5.371
1765484020.2294044,99,22,15,20,18,3.700328826904297,59.0,59.5,5.371
1765484020.4307199,99,46,38,42,36,3.700328826904297,59.5,60.0,7.24
1765484020.6335864,99,46,38,42,36,3.700328826904297,59.5,60.0,7.24
1765484020.8354723,99,46,38,42,36,3.700328826904297,59.5,60.0,7.24
1765484021.0365722,96,22,19,32,20,3.700714111328125,59.0,60.0,6.701
1765484021.237808,96,22,19,32,20,3.700714111328125,59.0,60.0,6.701
1765484021.4387991,99,21,25,64,19,3.700267791748047,59.5,60.0,7.051
1765484021.6408207,99,21,25,64,19,3.700267791748047,59.5,60.0,7.051
1765484021.8431377,99,21,25,64,19,3.700267791748047,59.5,60.0,7.051
1765484022.0446618,94,19,16,26,25,3.700977325439453,59.0,60.0,6.199
1765484022.2458465,94,19,16,26,25,3.700977325439453,59.0,60.0,6.199
1765484022.4469929,94,19,16,26,25,3.700977325439453,59.0,60.0,6.199
1765484022.6492224,99,32,58,42,27,3.7016639709472656,59.5,60.0,7.131
1765484022.853111,99,32,58,42,27,3.7016639709472656,59.5,60.0,7.131
1765484023.0541613,99,23,14,23,14,3.7023353576660156,59.0,60.0,6.971
1765484023.2552795,99,23,14,23,14,3.7023353576660156,59.0,60.0,6.971
1765484023.4566705,99,23,14,23,14,3.7023353576660156,59.0,60.0,6.971
1765484023.65808,99,20,24,62,18,3.7015419006347656,59.5,60.0,7.28
1765484023.86188,99,20,24,62,18,3.7015419006347656,59.5,60.0,7.28
1765484024.063103,99,22,24,26,25,3.702312469482422,59.5,59.5,6.47
1765484024.2642765,99,22,24,26,25,3.702312469482422,59.5,59.5,6.47
1765484024.4658773,99,22,24,26,25,3.702312469482422,59.5,59.5,6.47
1765484024.6685112,99,38,33,36,52,3.702972412109375,59.5,60.0,7.36
1765484024.8706868,99,38,33,36,52,3.702972412109375,59.5,60.0,7.36
1765484025.0718741,99,32,16,14,16,3.7030181884765625,59.5,60.0,6.81
1765484025.2729602,99,32,16,14,16,3.7030181884765625,59.5,60.0,6.81
1765484025.4741569,99,32,16,14,16,3.7030181884765625,59.5,60.0,6.81
1765484025.6755993,99,62,22,25,33,3.702484130859375,59.5,59.5,7.44
1765484025.8771982,99,62,22,25,33,3.702484130859375,59.5,59.5,7.44
1765484026.0782588,99,30,21,19,21,3.703197479248047,59.0,60.0,6.661
1765484026.2795954,99,30,21,19,21,3.703197479248047,59.0,60.0,6.661
1765484026.480811,99,30,21,19,21,3.703197479248047,59.0,60.0,6.661
1765484026.6830223,99,60,17,38,28,3.7038307189941406,59.5,60.5,7.775
1765484026.8864377,99,60,17,38,28,3.7038307189941406,59.5,60.5,7.775
1765484027.0882297,99,21,12,24,17,3.7032546997070312,59.0,59.5,6.661
1765484027.2893126,99,21,12,24,17,3.7032546997070312,59.0,59.5,6.661
1765484027.4904094,99,21,12,24,17,3.7032546997070312,59.0,59.5,6.661
1765484027.6928773,99,64,30,26,25,3.7040138244628906,59.5,60.0,7.707
1765484027.894448,99,64,30,26,25,3.7040138244628906,59.5,60.0,7.707
1765484028.095846,98,20,17,19,25,3.704326629638672,59.5,60.0,6.701
1765484028.297046,98,20,17,19,25,3.704326629638672,59.5,60.0,6.701
1765484028.49846,98,20,17,19,25,3.704326629638672,59.5,60.0,6.701
1765484028.7003217,99,24,32,30,57,3.7057113647460938,59.5,60.5,8.24
1765484028.9031794,99,24,32,30,57,3.7057113647460938,59.5,60.5,8.24
1765484029.1053057,98,24,15,28,6,3.7048377990722656,59.5,59.5,6.661
1765484029.3075595,98,24,15,28,6,3.7048377990722656,59.5,59.5,6.661
1765484029.5087268,98,24,15,28,6,3.7048377990722656,59.5,59.5,6.661
1765484029.711142,99,65,34,33,24,3.705188751220703,59.5,60.0,7.627
1765484029.912881,99,65,34,33,24,3.705188751220703,59.5,60.0,7.627
1765484030.114264,99,65,34,33,24,3.705188751220703,59.5,60.0,7.627
1765484030.3155231,98,22,25,16,19,3.70556640625,59.5,59.5,6.81
1765484030.5165737,98,22,25,16,19,3.70556640625,59.5,59.5,6.81
1765484030.7178032,99,21,64,28,18,3.706462860107422,59.5,60.5,8.081
1765484030.9210937,99,21,64,28,18,3.706462860107422,59.5,60.5,8.081
1765484031.1232798,99,21,64,28,18,3.706462860107422,59.5,60.5,8.081
1765484031.324443,99,27,16,16,15,3.705760955810547,59.0,60.0,6.661
1765484031.525576,99,27,16,16,15,3.705760955810547,59.0,60.0,6.661
1765484031.7271805,99,60,27,32,40,3.7061309814453125,59.5,60.0,7.44
1765484031.930595,99,60,27,32,40,3.7061309814453125,59.5,60.0,7.44
1765484032.1318953,99,60,27,32,40,3.7061309814453125,59.5,60.0,7.44
1765484032.3330202,99,16,23,25,27,3.707103729248047,59.5,60.0,7.547
1765484032.534206,99,16,23,25,27,3.707103729248047,59.5,60.0,7.547
1765484032.7355206,98,60,27,24,19,3.7066268920898438,59.5,60.0,7.934
1765484032.9391856,98,60,27,24,19,3.7066268920898438,59.5,60.0,7.934
1765484033.1410496,98,60,27,24,19,3.7066268920898438,59.5,60.0,7.934
1765484033.3423274,99,24,16,26,12,3.707141876220703,59.5,60.0,7.091
1765484033.543495,99,24,16,26,12,3.707141876220703,59.5,60.0,7.091
1765484033.7447133,98,32,34,60,28,3.7071266174316406,59.5,60.5,7.894
1765484033.9471564,98,32,34,60,28,3.7071266174316406,59.5,60.5,7.894
1765484034.1486778,98,32,34,60,28,3.7071266174316406,59.5,60.5,7.894
1765484034.349774,99,21,18,20,23,3.708087921142578,59.5,60.0,7.934
1765484034.551291,99,21,18,20,23,3.708087921142578,59.5,60.0,7.934
1765484034.7525358,99,21,16,27,58,3.7076568603515625,59.5,60.0,7.627
1765484034.9541445,99,21,16,27,58,3.7076568603515625,59.5,60.0,7.627
1765484035.157337,99,21,16,27,58,3.7076568603515625,59.5,60.0,7.627
1765484035.3590977,99,27,19,26,12,3.7077598571777344,59.5,60.0,7.24
1765484035.560343,99,27,19,26,12,3.7077598571777344,59.5,60.0,7.24
1765484035.7615287,99,58,26,42,29,3.7083702087402344,59.5,60.5,7.814
1765484035.964278,99,58,26,42,29,3.7083702087402344,59.5,60.5,7.814
1765484036.1670895,99,58,26,42,29,3.7083702087402344,59.5,60.5,7.814
1765484036.368418,99,10,17,22,17,3.7088851928710938,59.5,60.0,7.547
1765484036.5698667,99,10,17,22,17,3.7088851928710938,59.5,60.0,7.547
1765484036.7717292,99,30,18,33,59,3.708477020263672,59.0,60.5,7.707
1765484036.9732575,99,30,18,33,59,3.708477020263672,59.0,60.5,7.707
1765484037.1752698,99,30,18,33,59,3.708477020263672,59.0,60.5,7.707
1765484037.3786297,99,26,19,23,16,3.7090988159179688,59.5,59.5,7.2
1765484037.5804048,99,26,19,23,16,3.7090988159179688,59.5,59.5,7.2
1765484037.7814388,99,30,34,58,27,3.7104148864746094,59.5,61.0,8.2
1765484037.9835072,99,30,34,58,27,3.7104148864746094,59.5,61.0,8.2
1765484038.185598,99,30,34,58,27,3.7104148864746094,59.5,61.0,8.2
1765484038.3870966,99,22,15,25,16,3.7094955444335938,59.5,60.0,6.891
1765484038.5880945,99,22,15,25,16,3.7094955444335938,59.5,60.0,6.891
1765484038.789455,99,29,18,35,62,3.7095260620117188,59.0,60.0,7.775
1765484038.9908817,99,29,18,35,62,3.7095260620117188,59.0,60.0,7.775
1765484039.1926882,99,29,18,35,62,3.7095260620117188,59.0,60.0,7.775
1765484039.3961475,99,23,25,20,20,3.710132598876953,59.0,60.5,6.931
1765484039.5987995,99,23,25,20,20,3.710132598876953,59.0,60.5,6.931
1765484039.7999897,99,34,28,38,47,3.7115211486816406,59.5,60.5,8.2
1765484040.002494,99,34,28,38,47,3.7115211486816406,59.5,60.5,8.2
1765484040.205035,99,34,28,38,47,3.7115211486816406,59.5,60.5,8.2
1765484040.406873,99,28,16,16,21,3.7103843688964844,59.5,60.0,6.741
1765484040.608375,99,28,16,16,21,3.7103843688964844,59.5,60.0,6.741
1765484040.8095386,99,34,26,60,38,3.710590362548828,59.5,61.0,7.587
1765484041.0114076,99,34,26,60,38,3.710590362548828,59.5,61.0,7.587
1765484041.2131314,99,34,26,60,38,3.710590362548828,59.5,61.0,7.587
1765484041.4151652,98,24,31,25,21,3.7111968994140625,59.5,60.0,7.24
1765484041.616541,98,24,31,25,21,3.7111968994140625,59.5,60.0,7.24
1765484041.818061,98,24,31,25,21,3.7111968994140625,59.5,60.0,7.24
1765484042.0199094,99,22,22,60,21,3.712024688720703,59.5,60.5,7.747
1765484042.2235143,99,22,22,60,21,3.712024688720703,59.5,60.5,7.747
1765484042.4273052,99,22,22,28,28,3.7117462158203125,59.5,60.0,6.891
1765484042.629078,99,22,22,28,28,3.7117462158203125,59.5,60.0,6.891
1765484042.8304005,99,22,22,28,28,3.7117462158203125,59.5,60.0,6.891
1765484043.031574,99,26,28,62,28,3.7116775512695312,59.0,61.0,7.48
1765484043.2328994,99,26,28,62,28,3.7116775512695312,59.0,61.0,7.48
1765484043.435223,99,28,22,34,17,3.7126235961914062,59.5,60.0,7.827
1765484043.6372306,99,28,22,34,17,3.7126235961914062,59.5,60.0,7.827
1765484043.8387783,99,28,22,34,17,3.7126235961914062,59.5,60.0,7.827
1765484044.0397904,99,23,25,52,14,3.7121124267578125,59.0,61.0,7.587
1765484044.242025,99,23,25,52,14,3.7121124267578125,59.0,61.0,7.587
1765484044.4446182,99,27,20,31,25,3.7124977111816406,59.5,60.5,7.32
1765484044.6461477,99,27,20,31,25,3.7124977111816406,59.5,60.5,7.32
1765484044.8474112,99,27,20,31,25,3.7124977111816406,59.5,60.5,7.32
1765484045.048828,99,25,36,49,31,3.7131195068359375,59.5,61.0,7.547
1765484045.2506945,99,25,36,49,31,3.7131195068359375,59.5,61.0,7.547
1765484045.4523478,99,22,15,34,20,3.7134475708007812,59.5,60.0,7.695
1765484045.653417,99,22,15,34,20,3.7134475708007812,59.5,60.0,7.695
1765484045.8544588,99,22,15,34,20,3.7134475708007812,59.5,60.0,7.695
1765484046.055656,99,25,25,48,20,3.713176727294922,59.0,60.5,7.32
1765484046.2587867,99,25,25,48,20,3.713176727294922,59.0,60.5,7.32
1765484046.461591,99,26,24,22,36,3.7137374877929688,59.5,60.0,6.971
1765484046.6632173,99,26,24,22,36,3.7137374877929688,59.5,60.0,6.971
1765484046.864315,99,26,24,22,36,3.7137374877929688,59.5,60.0,6.971
1765484047.06868,99,31,39,42,35,3.7140960693359375,59.5,60.0,7.507
1765484047.2710717,99,31,39,42,35,3.7140960693359375,59.5,60.0,7.507
1765484047.472596,99,23,36,20,8,3.7149620056152344,59.5,60.5,7.854
1765484047.6753752,99,23,36,20,8,3.7149620056152344,59.5,60.5,7.854
1765484047.8771274,99,23,36,20,8,3.7149620056152344,59.5,60.5,7.854
1765484048.0783894,99,26,28,44,20,3.7143516540527344,59.0,60.5,7.2
1765484048.2800412,99,26,28,44,20,3.7143516540527344,59.0,60.5,7.2
1765484048.4820263,99,21,42,20,17,3.714935302734375,59.5,60.5,7.48
1765484048.6841898,99,21,42,20,17,3.714935302734375,59.5,60.5,7.48
1765484048.8877537,99,21,42,20,17,3.714935302734375,59.5,60.5,7.48
1765484049.088986,99,41,35,34,26,3.7157363891601562,59.0,61.0,7.388
1765484049.2913,99,41,35,34,26,3.7157363891601562,59.0,61.0,7.388
1765484049.4927135,99,12,9,42,11,3.716503143310547,59.5,60.0,7.051
1765484049.6949239,99,12,9,42,11,3.716503143310547,59.5,60.0,7.051
1765484049.8966594,99,12,9,42,11,3.716503143310547,59.5,60.0,7.051
1765484050.0977807,99,40,25,36,36,3.715290069580078,59.0,60.5,6.971
1765484050.2990298,99,40,25,36,36,3.715290069580078,59.0,60.5,6.971
1765484050.5007885,98,27,10,20,47,3.7157630920410156,59.5,60.5,7.16
1765484050.7032056,98,27,10,20,47,3.7157630920410156,59.5,60.5,7.16
1765484050.905044,98,27,10,20,47,3.7157630920410156,59.5,60.5,7.16
1765484051.1062872,99,36,28,44,17,3.716655731201172,58.0,61.0,6.741
1765484051.3078437,99,36,28,44,17,3.716655731201172,58.0,61.0,6.741
1765484051.5092373,99,22,44,14,16,3.7159996032714844,59.5,60.5,7.32
1765484051.71104,99,22,44,14,16,3.7159996032714844,59.5,60.5,7.32
1765484051.91215,99,22,44,14,16,3.7159996032714844,59.5,60.5,7.32
1765484052.1132655,99,28,32,39,36,3.7163543701171875,58.0,62.0,6.39
1765484052.3143716,99,28,32,39,36,3.7163543701171875,58.0,62.0,6.39
1765484052.5160742,99,28,32,39,36,3.7163543701171875,58.0,62.0,6.39
1765484052.7195675,99,23,23,53,15,3.7170372009277344,59.5,60.5,7.468
1765484052.920966,99,23,23,53,15,3.7170372009277344,59.5,60.5,7.468
1765484053.122331,81,29,21,35,22,3.7173423767089844,59.0,61.0,6.621
1765484053.3243003,81,29,21,35,22,3.7173423767089844,59.0,61.0,6.621
1765484053.5264819,81,29,21,35,22,3.7173423767089844,59.0,61.0,6.621
1765484053.7281065,99,49,21,28,17,3.716938018798828,59.5,60.5,7.4
1765484053.9291623,99,49,21,28,17,3.716938018798828,59.5,60.5,7.4
1765484054.130468,99,28,23,42,33,3.7174644470214844,59.0,61.5,6.229
1765484054.3318412,99,28,23,42,33,3.7174644470214844,59.0,61.5,6.229
1765484054.5331495,99,28,23,42,33,3.7174644470214844,59.0,61.5,6.229
1765484054.7360346,99,22,21,52,22,3.7179489135742188,59.5,60.5,7.735
1765484054.9377544,99,22,21,52,22,3.7179489135742188,59.5,60.5,7.735
1765484055.1390235,70,22,23,37,19,3.7185440063476562,58.5,61.0,5.765
1765484055.3404138,70,22,23,37,19,3.7185440063476562,58.5,61.0,5.765
1765484055.5437307,70,22,23,37,19,3.7185440063476562,58.5,61.0,5.765
1765484055.747553,99,28,28,26,45,3.7178878784179688,59.0,60.0,7.28
1765484055.9491477,99,28,28,26,45,3.7178878784179688,59.0,60.0,7.28
1765484056.15057,0,32,29,30,20,3.7182464599609375,57.5,61.5,4.226
1765484056.351643,0,32,29,30,20,3.7182464599609375,57.5,61.5,4.226
1765484056.5528715,0,32,29,30,20,3.7182464599609375,57.5,61.5,4.226
1765484056.755298,99,20,18,20,62,3.719470977783203,59.5,60.5,7.36
1765484056.9582717,99,20,18,20,62,3.719470977783203,59.5,60.5,7.36
1765484057.1600814,99,20,12,28,15,3.719066619873047,58.5,59.5,4.861
1765484057.3611767,99,20,12,28,15,3.719066619873047,58.5,59.5,4.861
1765484057.5629642,99,20,12,28,15,3.719066619873047,58.5,59.5,4.861
1765484057.7665353,99,44,56,28,26,3.7189483642578125,59.5,60.0,6.891
1765484057.968431,99,44,56,28,26,3.7189483642578125,59.5,60.0,6.891
1765484058.1698413,99,38,27,28,23,3.71917724609375,59.0,60.0,5.015
1765484058.3708777,99,38,27,28,23,3.71917724609375,59.0,60.0,5.015
1765484058.5719435,99,38,27,28,23,3.71917724609375,59.0,60.0,5.015
1765484058.7735245,99,64,17,14,20,3.7205810546875,59.5,60.5,7.24
1765484058.9759142,99,64,17,14,20,3.7205810546875,59.5,60.5,7.24
1765484059.177236,0,28,12,21,14,3.7198562622070312,58.5,59.5,4.463
1765484059.3785045,0,28,12,21,14,3.7198562622070312,58.5,59.5,4.463
1765484059.579605,0,28,12,21,14,3.7198562622070312,58.5,59.5,4.463
1765484059.782875,99,28,32,54,40,3.720123291015625,59.5,60.5,6.931
1765484059.9848697,99,28,32,54,40,3.720123291015625,59.5,60.5,6.931
1765484060.1861076,99,28,32,54,40,3.720123291015625,59.5,60.5,6.931
1765484060.3871007,99,27,28,16,32,3.720592498779297,59.0,60.0,5.967
1765484060.5902145,99,27,28,16,32,3.720592498779297,59.0,60.0,5.967
1765484060.7920885,99,24,21,58,30,3.721080780029297,59.5,60.5,7.48
1765484060.9950454,99,24,21,58,30,3.721080780029297,59.5,60.5,7.48
1765484061.1967535,99,24,21,58,30,3.721080780029297,59.5,60.5,7.48
1765484061.398051,99,27,16,16,22,3.7209205627441406,59.0,59.5,5.258
1765484061.599434,99,27,16,16,22,3.7209205627441406,59.0,59.5,5.258
1765484061.801991,99,28,25,40,57,3.7214202880859375,59.5,60.0,7.051
1765484062.005057,99,28,25,40,57,3.7214202880859375,59.5,60.0,7.051
1765484062.207065,99,28,25,40,57,3.7214202880859375,59.5,60.0,7.051
1765484062.408346,99,16,21,25,24,3.721923828125,59.5,60.5,6.118
1765484062.6094725,99,16,21,25,24,3.721923828125,59.5,60.5,6.118
1765484062.810581,99,60,20,23,26,3.7217750549316406,59.5,60.5,7.251
1765484063.0123599,99,60,20,23,26,3.7217750549316406,59.5,60.5,7.251
1765484063.214905,99,60,20,23,26,3.7217750549316406,59.5,60.5,7.251
1765484063.4165888,99,22,23,17,24,3.7218894958496094,59.0,59.5,5.33
1765484063.61788,99,22,23,17,24,3.7218894958496094,59.0,59.5,5.33
1765484063.8202565,99,28,33,36,51,3.721820831298828,59.5,60.5,6.971
1765484064.0239756,99,28,33,36,51,3.721820831298828,59.5,60.5,6.971
1765484064.2260592,99,28,33,36,51,3.721820831298828,59.5,60.5,6.971
1765484064.4272892,76,27,24,12,20,3.7226829528808594,59.0,60.0,5.33
1765484064.6286178,76,27,24,12,20,3.7226829528808594,59.0,60.0,5.33
1765484064.830728,99,30,24,65,27,3.7216415405273438,59.5,60.0,6.85
1765484065.0323238,99,30,24,65,27,3.7216415405273438,59.5,60.0,6.85
1765484065.2379935,99,30,24,65,27,3.7216415405273438,59.5,60.0,6.85
1765484065.439284,99,29,15,25,25,3.7218780517578125,59.0,60.0,4.982
1765484065.6404786,99,29,15,25,25,3.7218780517578125,59.0,60.0,4.982
1765484065.841945,99,21,28,22,64,3.722515106201172,59.5,60.5,7.28
1765484066.045392,99,21,28,22,64,3.722515106201172,59.5,60.5,7.28
1765484066.2490282,99,21,28,22,64,3.722515106201172,59.5,60.5,7.28
1765484066.4513628,99,30,16,18,16,3.7224273681640625,59.0,60.0,5.258
1765484066.6524484,99,30,16,18,16,3.7224273681640625,59.0,60.0,5.258
1765484066.8543165,99,34,22,64,32,3.7224693298339844,59.5,60.0,7.2
1765484067.0560133,99,34,22,64,32,3.7224693298339844,59.5,60.0,7.2
1765484067.2584188,99,34,22,64,32,3.7224693298339844,59.5,60.0,7.2
1765484067.460068,99,27,25,14,20,3.722736358642578,59.5,60.0,5.33
1765484067.6612635,99,27,25,14,20,3.722736358642578,59.5,60.0,5.33
1765484067.8623357,99,34,24,64,21,3.722637176513672,59.5,60.5,7.974
1765484068.064499,99,34,24,64,21,3.722637176513672,59.5,60.5,7.974
1765484068.2672522,99,34,24,64,21,3.722637176513672,59.5,60.5,7.974
1765484068.4709148,99,16,17,15,25,3.7223434448242188,59.0,59.5,5.096
1765484068.6721315,99,16,17,15,25,3.7223434448242188,59.0,59.5,5.096
1765484068.8734655,99,58,32,36,26,3.721752166748047,59.0,60.0,6.971
1765484069.0749955,99,58,32,36,26,3.721752166748047,59.0,60.0,6.971
1765484069.2762196,99,58,32,36,26,3.721752166748047,59.0,60.0,6.971
1765484069.477509,94,27,17,26,25,3.7224044799804688,59.0,59.5,5.217
1765484069.6787913,94,27,17,26,25,3.7224044799804688,59.0,59.5,5.217
1765484069.8802092,94,27,17,26,25,3.7224044799804688,59.0,59.5,5.217
1765484070.0838573,99,20,54,24,35,3.7232933044433594,59.5,60.5,7.627
1765484070.287436,99,20,54,24,35,3.7232933044433594,59.5,60.5,7.627
1765484070.4892845,67,23,21,14,23,3.722454071044922,59.0,59.5,4.942
1765484070.6902874,67,23,21,14,23,3.722454071044922,59.0,59.5,4.942
1765484070.891399,67,23,21,14,23,3.722454071044922,59.0,59.5,4.942
1765484071.0945065,99,22,38,32,62,3.7223854064941406,59.5,60.0,7.051
1765484071.2966208,99,22,38,32,62,3.7223854064941406,59.5,60.0,7.051
1765484071.4982734,86,26,16,27,26,3.7227935791015625,59.0,60.0,5.644
1765484071.6994207,86,26,16,27,26,3.7227935791015625,59.0,60.0,5.644
1765484071.900583,86,26,16,27,26,3.7227935791015625,59.0,60.0,5.644
1765484072.1025703,99,32,24,47,23,3.723133087158203,59.5,60.5,7.131
1765484072.3062553,99,32,24,47,23,3.723133087158203,59.5,60.5,7.131
1765484072.508545,33,20,14,18,29,3.7223587036132812,59.0,60.0,4.666
1765484072.7100186,33,20,14,18,29,3.7223587036132812,59.0,60.0,4.666
1765484072.9115188,33,20,14,18,29,3.7223587036132812,59.0,60.0,4.666
1765484073.113883,99,26,45,28,55,3.7224960327148438,59.5,60.0,6.781
1765484073.3155758,99,26,45,28,55,3.7224960327148438,59.5,60.0,6.781
1765484073.5170321,26,32,20,26,22,3.7234344482421875,59.0,60.5,5.451
1765484073.7183228,26,32,20,26,22,3.7234344482421875,59.0,60.5,5.451
1765484073.9200268,26,32,20,26,22,3.7234344482421875,59.0,60.5,5.451
1765484074.1215496,99,57,18,25,29,3.7227401733398438,59.5,60.0,6.971
1765484074.324887,99,57,18,25,29,3.7227401733398438,59.5,60.0,6.971
1765484074.5272338,92,18,12,28,20,3.7226943969726562,59.0,60.0,4.861
1765484074.7282624,92,18,12,28,20,3.7226943969726562,59.0,60.0,4.861
1765484074.9300745,92,18,12,28,20,3.7226943969726562,59.0,60.0,4.861
1765484075.1331441,99,29,58,28,38,3.7225914001464844,59.5,60.5,6.971
1765484075.3364668,99,29,58,28,38,3.7225914001464844,59.5,60.5,6.971
1765484075.5381851,94,18,28,18,18,3.7229766845703125,59.5,60.5,5.492
1765484075.73938,94,18,28,18,18,3.7229766845703125,59.5,60.5,5.492
1765484075.9410522,94,18,28,18,18,3.7229766845703125,59.5,60.5,5.492
1765484076.1425786,99,26,27,19,61,3.72198486328125,59.5,60.5,6.85
1765484076.344688,99,26,27,19,61,3.72198486328125,59.5,60.5,6.85
1765484076.5465536,91,23,24,16,28,3.7225723266601562,59.0,59.5,4.699
1765484076.7476654,91,23,24,16,28,3.7225723266601562,59.0,59.5,4.699
1765484076.9487152,91,23,24,16,28,3.7225723266601562,59.0,59.5,4.699
1765484077.1515517,99,64,22,29,35,3.7234039306640625,60.0,60.5,7.667
1765484077.3552263,99,64,22,29,35,3.7234039306640625,60.0,60.5,7.667
1765484077.5568998,99,14,23,10,14,3.7229652404785156,59.5,60.0,5.613
1765484077.758213,99,14,23,10,14,3.7229652404785156,59.5,60.0,5.613
1765484077.9594128,99,14,23,10,14,3.7229652404785156,59.5,60.0,5.613
1765484078.1622138,99,60,24,32,27,3.7232894897460938,60.0,60.5,7.12
1765484078.364226,99,60,24,32,27,3.7232894897460938,60.0,60.5,7.12
1765484078.56526,95,25,25,25,24,3.723499298095703,59.5,60.0,5.886
1765484078.7666206,95,25,25,25,24,3.723499298095703,59.5,60.0,5.886
1765484078.967698,95,25,25,25,24,3.723499298095703,59.5,60.0,5.886
1765484079.1700692,99,34,28,28,60,3.72491455078125,60.0,61.0,7.707
1765484079.372976,99,34,28,28,60,3.72491455078125,60.0,61.0,7.707
1765484079.5756378,99,19,13,12,18,3.7236366271972656,59.5,59.5,5.29
1765484079.776705,99,19,13,12,18,3.7236366271972656,59.5,59.5,5.29
1765484079.978796,99,19,13,12,18,3.7236366271972656,59.5,59.5,5.29
1765484080.1823018,99,34,57,32,29,3.7239990234375,60.0,60.5,7.16
1765484080.3839724,99,34,57,32,29,3.7239990234375,60.0,60.5,7.16
1765484080.5849538,94,22,23,23,26,3.7245025634765625,59.5,60.0,6.038
1765484080.7860823,94,22,23,23,26,3.7245025634765625,59.5,60.0,6.038
1765484080.9873068,94,22,23,23,26,3.7245025634765625,59.5,60.0,6.038
1765484081.1886775,99,64,26,28,23,3.7257308959960938,60.0,61.0,7.735
1765484081.3919666,99,64,26,28,23,3.7257308959960938,60.0,61.0,7.735
1765484081.593944,99,64,26,28,23,3.7257308959960938,60.0,61.0,7.735
1765484081.7952487,99,22,12,11,18,3.724353790283203,60.0,59.5,5.613
1765484081.9964342,99,22,12,11,18,3.724353790283203,60.0,59.5,5.613
1765484082.1988146,99,41,35,30,55,3.7247695922851562,60.0,60.5,7.24
1765484082.4003406,99,41,35,30,55,3.7247695922851562,60.0,60.5,7.24
1765484082.6015003,99,41,35,30,55,3.7247695922851562,60.0,60.5,7.24
1765484082.802774,98,31,16,22,18,3.725048065185547,59.5,60.5,6.078
1765484083.0058784,98,31,16,22,18,3.725048065185547,59.5,60.5,6.078
1765484083.2072687,99,25,20,62,19,3.7252426147460938,60.0,60.5,7.32
1765484083.4100037,99,25,20,62,19,3.7252426147460938,60.0,60.5,7.32
1765484083.6161492,99,25,20,62,19,3.7252426147460938,60.0,60.5,7.32
1765484083.8183384,99,24,23,26,10,3.7247085571289062,59.5,59.5,5.371
1765484084.0196083,99,24,23,26,10,3.7247085571289062,59.5,59.5,5.371
1765484084.2223053,99,31,26,55,36,3.7246665954589844,59.5,60.5,6.891
1765484084.4264271,99,31,26,55,36,3.7246665954589844,59.5,60.5,6.891
1765484084.6284354,99,31,26,55,36,3.7246665954589844,59.5,60.5,6.891
1765484084.8298233,99,30,24,22,20,3.726043701171875,59.5,60.0,5.564
1765484085.0311077,99,30,24,22,20,3.726043701171875,59.5,60.0,5.564
1765484085.2322934,99,25,36,50,32,3.7249298095703125,60.0,60.5,6.931
1765484085.4344144,99,25,36,50,32,3.7249298095703125,60.0,60.5,6.931
1765484085.6372755,99,25,36,50,32,3.7249298095703125,60.0,60.5,6.931
1765484085.8397272,9,24,27,30,20,3.724224090576172,59.5,59.5,4.503
1765484086.041844,9,24,27,30,20,3.724224090576172,59.5,59.5,4.503
1765484086.2439744,99,34,62,25,24,3.724102020263672,60.0,60.5,6.931
1765484086.4472857,99,34,62,25,24,3.724102020263672,60.0,60.5,6.931
1765484086.648862,99,34,62,25,24,3.724102020263672,60.0,60.5,6.931
1765484086.8501108,3,21,25,22,18,3.7247695922851562,59.5,60.0,5.371
1765484087.0514107,3,21,25,22,18,3.7247695922851562,59.5,60.0,5.371
1765484087.2530725,99,24,66,20,20,3.7243576049804688,60.0,60.5,6.891
1765484087.4544873,99,24,66,20,20,3.7243576049804688,60.0,60.5,6.891
1765484087.6569824,99,24,66,20,20,3.7243576049804688,60.0,60.5,6.891
1765484087.8583653,16,28,20,21,18,3.7246055603027344,59.5,60.0,4.585
1765484088.0594735,16,28,20,21,18,3.7246055603027344,59.5,60.0,4.585
1765484088.2608898,99,28,35,30,60,3.7245025634765625,59.5,60.0,7.2
1765484088.4639282,99,28,35,30,60,3.7245025634765625,59.5,60.0,7.2
1765484088.6668074,99,28,35,30,60,3.7245025634765625,59.5,60.0,7.2
1765484088.8705091,3,22,20,20,14,3.72467041015625,59.5,60.0,4.942
1765484089.0729258,3,22,20,20,14,3.72467041015625,59.5,60.0,4.942
1765484089.2748208,99,34,32,60,20,3.724334716796875,60.0,60.0,6.971
1765484089.4765882,99,34,32,60,20,3.724334716796875,60.0,60.0,6.971
1765484089.6797109,99,34,32,60,20,3.724334716796875,60.0,60.0,6.971
1765484089.8815908,25,28,24,23,21,3.725116729736328,59.5,60.0,4.618
1765484090.0829074,25,28,24,23,21,3.725116729736328,59.5,60.0,4.618
1765484090.2840538,99,28,38,61,24,3.7245864868164062,60.0,61.0,7.787
1765484090.4872215,99,28,38,61,24,3.7245864868164062,60.0,61.0,7.787
1765484090.691071,99,28,38,61,24,3.7245864868164062,60.0,61.0,7.787
1765484090.8929915,30,20,15,14,12,3.7240371704101562,59.0,60.0,4.658
1765484091.094165,30,20,15,14,12,3.7240371704101562,59.0,60.0,4.658
1765484091.295368,99,32,54,44,28,3.72430419921875,60.0,60.5,7.12
1765484091.4968061,99,32,54,44,28,3.72430419921875,60.0,60.5,7.12
1765484091.6980813,99,32,54,44,28,3.72430419921875,60.0,60.5,7.12
1765484091.8992298,82,26,19,30,18,3.723918914794922,59.5,60.0,5.258
1765484092.1004193,82,26,19,30,18,3.723918914794922,59.5,60.0,5.258
1765484092.301547,99,19,26,28,60,3.7253684997558594,60.0,61.0,7.627
1765484092.5037806,99,19,26,28,60,3.7253684997558594,60.0,61.0,7.627
1765484092.70739,99,19,26,28,60,3.7253684997558594,60.0,61.0,7.627
1765484092.90902,23,32,14,11,17,3.7241554260253906,59.0,59.5,4.699
1765484093.1102827,23,32,14,11,17,3.7241554260253906,59.0,59.5,4.699
1765484093.311776,23,32,14,11,17,3.7241554260253906,59.0,59.5,4.699
1765484093.5151086,99,54,44,27,30,3.7241287231445312,59.5,60.5,6.821
1765484093.7169185,99,54,44,27,30,3.7241287231445312,59.5,60.5,6.821
1765484093.9182806,47,28,24,24,21,3.72430419921875,59.5,60.0,5.249
1765484094.1196594,47,28,24,24,21,3.72430419921875,59.5,60.0,5.249
1765484094.321115,47,28,24,24,21,3.72430419921875,59.5,60.0,5.249
1765484094.5229547,99,29,18,15,56,3.7248992919921875,60.0,60.5,7.011
1765484094.7261703,99,29,18,15,56,3.7248992919921875,60.0,60.5,7.011
1765484094.9279895,36,20,19,19,23,3.72491455078125,59.5,60.0,4.739
1765484095.1292746,36,20,19,19,23,3.72491455078125,59.5,60.0,4.739
1765484095.3308253,36,20,19,19,23,3.72491455078125,59.5,60.0,4.739
1765484095.5340278,99,32,39,61,24,3.724945068359375,60.0,60.0,6.85
1765484095.7355883,99,32,39,61,24,3.724945068359375,60.0,60.0,6.85
1765484095.9366305,68,28,17,21,23,3.7256088256835938,59.5,61.0,5.451
1765484096.137759,68,28,17,21,23,3.7256088256835938,59.5,61.0,5.451
1765484096.3391943,68,28,17,21,23,3.7256088256835938,59.5,61.0,5.451
1765484096.5405824,99,33,24,16,57,3.7242889404296875,60.0,60.5,7.091
1765484096.743675,99,33,24,16,57,3.7242889404296875,60.0,60.5,7.091
1765484096.94541,99,27,20,20,20,3.7250289916992188,59.5,60.0,5.177
1765484097.1464784,99,27,20,20,20,3.7250289916992188,59.5,60.0,5.177
1765484097.3479478,99,27,20,20,20,3.7250289916992188,59.5,60.0,5.177
1765484097.5504673,99,23,43,58,24,3.7254409790039062,60.0,60.5,7.131
1765484097.7531438,99,23,43,58,24,3.7254409790039062,60.0,60.5,7.131
1765484097.9546897,90,26,21,16,18,3.7260360717773438,59.5,60.5,5.957
1765484098.1559336,90,26,21,16,18,3.7260360717773438,59.5,60.5,5.957
1765484098.3575823,90,26,21,16,18,3.7260360717773438,59.5,60.5,5.957
1765484098.5592115,99,72,17,26,21,3.7255592346191406,60.0,60.5,7.28
1765484098.7613351,99,72,17,26,21,3.7255592346191406,60.0,60.5,7.28
1765484098.9629602,98,22,20,18,21,3.7251205444335938,59.5,60.5,5.886
1765484099.1641917,98,22,20,18,21,3.7251205444335938,59.5,60.5,5.886
1765484099.3652067,98,22,20,18,21,3.7251205444335938,59.5,60.5,5.886
1765484099.5681577,99,28,72,24,28,3.7257003784179688,60.0,61.0,7.36
1765484099.7719471,99,28,72,24,28,3.7257003784179688,60.0,61.0,7.36
1765484099.9733472,98,18,12,16,22,3.7257003784179688,59.5,60.0,5.604
1765484100.1743321,98,18,12,16,22,3.7257003784179688,59.5,60.0,5.604
1765484100.3757117,98,18,12,16,22,3.7257003784179688,59.5,60.0,5.604
1765484100.5779953,99,32,61,28,33,3.7249603271484375,59.5,60.5,7.011
1765484100.7799466,99,32,61,28,33,3.7249603271484375,59.5,60.5,7.011
1765484100.9810183,97,26,21,19,26,3.7255706787109375,59.5,60.5,5.33
1765484101.1823096,97,26,21,19,26,3.7255706787109375,59.5,60.5,5.33
1765484101.3841538,97,26,21,19,26,3.7255706787109375,59.5,60.5,5.33
1765484101.5865166,99,68,28,24,33,3.725677490234375,59.5,61.0,7.934
1765484101.7901657,99,68,28,24,33,3.725677490234375,59.5,61.0,7.934
1765484101.991516,99,19,18,12,8,3.7255592346191406,59.5,60.0,5.096
1765484102.1931906,99,19,18,12,8,3.7255592346191406,59.5,60.0,5.096
1765484102.3947287,99,19,18,12,8,3.7255592346191406,59.5,60.0,5.096
1765484102.5970507,99,61,31,41,28,3.725677490234375,59.5,60.5,6.971
1765484102.7990477,99,61,31,41,28,3.725677490234375,59.5,60.5,6.971
1765484103.0000923,99,61,31,41,28,3.725677490234375,59.5,60.5,6.971
1765484103.2011466,99,26,22,19,23,3.725383758544922,59.5,60.0,5.371
1765484103.4025059,99,26,22,19,23,3.725383758544922,59.5,60.0,5.371
1765484103.603866,99,31,28,20,62,3.725841522216797,60.0,61.0,7.814
1765484103.8067758,99,31,28,20,62,3.725841522216797,60.0,61.0,7.814
1765484104.0084522,99,31,28,20,62,3.725841522216797,60.0,61.0,7.814
1765484104.2101133,99,22,25,8,20,3.725677490234375,59.5,60.0,5.056
1765484104.4112675,99,22,25,8,20,3.725677490234375,59.5,60.0,5.056
1765484104.61319,99,46,40,33,38,3.7255592346191406,59.5,60.5,7.011
1765484104.8151312,99,46,40,33,38,3.7255592346191406,59.5,60.5,7.011
1765484105.0164244,99,46,40,33,38,3.7255592346191406,59.5,60.5,7.011
1765484105.217993,99,25,31,24,16,3.725860595703125,59.5,60.5,5.644
1765484105.4194667,99,25,31,24,16,3.725860595703125,59.5,60.5,5.644
1765484105.621044,99,26,11,65,23,3.72607421875,60.0,61.0,7.12
1765484105.8241172,99,26,11,65,23,3.72607421875,60.0,61.0,7.12
1765484106.0264225,99,26,11,65,23,3.72607421875,60.0,61.0,7.12
1765484106.228128,98,32,17,23,18,3.7254371643066406,59.0,60.0,4.78
1765484106.4293828,98,32,17,23,18,3.7254371643066406,59.0,60.0,4.78
1765484106.6315105,99,32,38,30,58,3.7261276245117188,60.0,60.5,7.16
1765484106.8350348,99,32,38,30,58,3.7261276245117188,60.0,60.5,7.16
1765484107.0364902,99,32,38,30,58,3.7261276245117188,60.0,60.5,7.16
1765484107.2379012,99,22,26,21,20,3.726287841796875,59.5,60.5,5.685
1765484107.439067,99,22,26,21,20,3.726287841796875,59.5,60.5,5.685
1765484107.6401749,99,22,23,62,17,3.7254295349121094,60.0,60.5,6.85
1765484107.8420594,99,22,23,62,17,3.7254295349121094,60.0,60.5,6.85
1765484108.0451002,99,22,23,62,17,3.7254295349121094,60.0,60.5,6.85
1765484108.247168,99,24,25,18,22,3.7258567810058594,59.5,60.0,4.699
1765484108.4482534,99,24,25,18,22,3.7258567810058594,59.5,60.0,4.699
1765484108.6506538,99,22,65,28,29,3.726123809814453,59.5,60.5,6.891
1765484108.8533163,99,22,65,28,29,3.726123809814453,59.5,60.5,6.891
1765484109.0550973,99,22,65,28,29,3.726123809814453,59.5,60.5,6.891
1765484109.2561822,67,27,17,19,20,3.726360321044922,59.5,60.0,5.33
1765484109.4585216,67,27,17,19,20,3.726360321044922,59.5,60.0,5.33
1765484109.6602623,99,22,60,26,23,3.72625732421875,60.0,60.5,6.85
1765484109.8617685,99,22,60,26,23,3.72625732421875,60.0,60.5,6.85
1765484110.0645306,99,22,60,26,23,3.72625732421875,60.0,60.5,6.85
1765484110.2739387,27,27,26,22,20,3.7262611389160156,59.0,60.0,4.666
1765484110.4751625,27,27,26,22,20,3.7262611389160156,59.0,60.0,4.666
1765484110.676594,99,32,28,58,29,3.726329803466797,60.0,60.5,7.16
1765484110.8807952,99,32,28,58,29,3.726329803466797,60.0,60.5,7.16
1765484111.08401,99,32,28,58,29,3.726329803466797,60.0,60.5,7.16
1765484111.2903745,56,18,18,18,20,3.7266197204589844,59.5,60.5,5.217
1765484111.49157,56,18,18,18,20,3.7266197204589844,59.5,60.5,5.217
1765484111.6931438,99,32,26,61,30,3.7258949279785156,59.5,60.0,7.091
1765484111.894467,99,32,26,61,30,3.7258949279785156,59.5,60.0,7.091
1765484112.0966978,99,32,26,61,30,3.7258949279785156,59.5,60.0,7.091
1765484112.2984045,63,30,22,23,18,3.725971221923828,59.5,59.5,5.056
1765484112.4996216,63,30,22,23,18,3.725971221923828,59.5,59.5,5.056
1765484112.7009003,99,72,25,25,16,3.7274169921875,60.0,61.0,7.934
1765484112.9039443,99,72,25,25,16,3.7274169921875,60.0,61.0,7.934
1765484113.1067567,99,72,25,25,16,3.7274169921875,60.0,61.0,7.934
1765484113.3198843,93,20,18,13,18,3.726573944091797,59.5,60.0,5.411
1765484113.520982,93,20,18,13,18,3.726573944091797,59.5,60.0,5.411
1765484113.722655,99,68,33,28,25,3.7313461303710938,59.5,60.5,7.507
1765484113.9240272,99,68,33,28,25,3.7313461303710938,59.5,60.5,7.507
1765484114.1252694,99,68,33,28,25,3.7313461303710938,59.5,60.5,7.507
1765484114.3262992,99,25,23,26,21,3.7319107055664062,59.5,60.5,6.85
1765484114.5275214,99,25,23,26,21,3.7319107055664062,59.5,60.5,6.85
1765484114.728548,99,22,25,60,30,3.7322044372558594,60.0,61.5,8.425
1765484114.9309883,99,22,25,60,30,3.7322044372558594,60.0,61.5,8.425
1765484115.1342804,99,22,25,60,30,3.7322044372558594,60.0,61.5,8.425
1765484115.3357658,99,17,21,14,20,3.731952667236328,59.5,60.5,6.741
1765484115.5369148,99,17,21,14,20,3.731952667236328,59.5,60.5,6.741
1765484115.7379198,98,22,25,36,64,3.732898712158203,59.5,61.0,7.627
1765484115.9398503,98,22,25,36,64,3.732898712158203,59.5,61.0,7.627
1765484116.1414077,98,22,25,36,64,3.732898712158203,59.5,61.0,7.627
1765484116.3435836,99,30,19,22,14,3.732410430908203,60.0,61.0,8.081
1765484116.545107,99,30,19,22,14,3.732410430908203,60.0,61.0,8.081
1765484116.7463224,99,30,19,22,14,3.732410430908203,60.0,61.0,8.081
1765484116.9479303,98,30,60,12,18,3.7334976196289062,60.0,61.0,7.961
1765484117.1507497,98,30,60,12,18,3.7334976196289062,60.0,61.0,7.961
1765484117.3540173,99,23,27,18,19,3.7336883544921875,60.0,61.0,7.32
1765484117.5558283,99,23,27,18,19,3.7336883544921875,60.0,61.0,7.32
1765484117.7569444,99,23,27,18,19,3.7336883544921875,60.0,61.0,7.32
1765484117.959983,99,31,38,34,54,3.7335968017578125,59.5,61.0,7.854
1765484118.1622896,99,31,38,34,54,3.7335968017578125,59.5,61.0,7.854
1765484118.364185,99,12,31,20,19,3.7341156005859375,60.0,61.0,7.655
1765484118.5655124,99,12,31,20,19,3.7341156005859375,60.0,61.0,7.655
1765484118.7748358,99,12,31,20,19,3.7341156005859375,60.0,61.0,7.655
1765484118.9762568,99,32,54,19,14,3.7336692810058594,60.0,60.5,7.735
1765484119.1789134,99,32,54,19,14,3.7336692810058594,60.0,60.5,7.735
1765484119.3815672,99,24,29,22,26,3.7343826293945312,59.5,60.5,6.741
1765484119.5831532,99,24,29,22,26,3.7343826293945312,59.5,60.5,6.741
1765484119.7844365,99,24,29,22,26,3.7343826293945312,59.5,60.5,6.741
1765484119.9864614,99,48,36,25,37,3.7339324951171875,59.5,61.0,7.587
1765484120.1892397,99,48,36,25,37,3.7339324951171875,59.5,61.0,7.587
1765484120.391156,99,33,24,10,14,3.7342300415039062,60.0,61.0,7.28
1765484120.592135,99,33,24,10,14,3.7342300415039062,60.0,61.0,7.28
1765484120.7932718,99,33,24,10,14,3.7342300415039062,60.0,61.0,7.28
1765484120.99443,99,26,62,21,23,3.7337989807128906,59.5,60.5,7.627
1765484121.196692,99,26,62,21,23,3.7337989807128906,59.5,60.5,7.627
1765484121.399316,98,25,24,26,22,3.7346153259277344,60.0,60.5,6.971
1765484121.6011045,98,25,24,26,22,3.7346153259277344,60.0,60.5,6.971
1765484121.802336,98,25,24,26,22,3.7346153259277344,60.0,60.5,6.971
1765484122.0037558,99,34,50,38,32,3.7351112365722656,59.5,61.5,7.961
1765484122.2060504,99,34,50,38,32,3.7351112365722656,59.5,61.5,7.961
1765484122.4074347,98,18,19,32,10,3.734874725341797,59.5,61.0,6.931
1765484122.6090977,98,18,19,32,10,3.734874725341797,59.5,61.0,6.931
1765484122.8104072,98,18,19,32,10,3.734874725341797,59.5,61.0,6.931
1765484123.0121799,99,47,37,25,18,3.7351951599121094,60.0,60.5,7.36
1765484123.2135794,99,47,37,25,18,3.7351951599121094,60.0,60.5,7.36
1765484123.4155953,99,13,28,26,12,3.7354583740234375,60.0,60.5,7.24
1765484123.6169424,99,13,28,26,12,3.7354583740234375,60.0,60.5,7.24
1765484123.8186338,99,13,28,26,12,3.7354583740234375,60.0,60.5,7.24
1765484124.0197628,99,26,41,42,24,3.7360801696777344,60.0,61.5,8.12
1765484124.2214403,99,26,41,42,24,3.7360801696777344,60.0,61.5,8.12
1765484124.4236865,99,20,23,21,20,3.735797882080078,60.0,60.5,7.32
1765484124.6248944,99,20,23,21,20,3.735797882080078,60.0,60.5,7.32
1765484124.8262603,99,20,23,21,20,3.735797882080078,60.0,60.5,7.32
1765484125.0274312,99,25,29,32,56,3.736125946044922,59.5,61.0,7.547
1765484125.2288735,99,25,29,32,56,3.736125946044922,59.5,61.0,7.547
1765484125.4305863,99,21,35,19,23,3.7363739013671875,60.0,61.0,7.587
1765484125.634089,99,21,35,19,23,3.7363739013671875,60.0,61.0,7.587
1765484125.8362079,99,21,35,19,23,3.7363739013671875,60.0,61.0,7.587
1765484126.0372715,99,31,40,35,27,3.7374420166015625,59.5,61.5,8.041
1765484126.2391784,99,31,40,35,27,3.7374420166015625,59.5,61.5,8.041
1765484126.441246,99,23,28,27,14,3.7369651794433594,60.0,61.0,7.32
1765484126.642582,99,23,28,27,14,3.7369651794433594,60.0,61.0,7.32
1765484126.8436294,99,23,28,27,14,3.7369651794433594,60.0,61.0,7.32
1765484127.04481,99,30,24,56,24,3.7372055053710938,60.0,61.5,7.24
1765484127.246188,99,30,24,56,24,3.7372055053710938,60.0,61.5,7.24
1765484127.4473002,99,18,39,25,24,3.737903594970703,60.0,61.0,7.667
1765484127.6499612,99,18,39,25,24,3.737903594970703,60.0,61.0,7.667
1765484127.8515544,99,18,39,25,24,3.737903594970703,60.0,61.0,7.667
1765484128.0527542,99,27,36,21,30,3.7365455627441406,60.0,60.5,7.587
1765484128.255066,99,27,36,21,30,3.7365455627441406,60.0,60.5,7.587
1765484128.4566064,99,27,36,21,30,3.7365455627441406,60.0,60.5,7.587
1765484128.6577601,99,30,26,19,36,3.737194061279297,60.0,60.5,7.131
1765484128.8587356,99,30,26,19,36,3.737194061279297,60.0,60.5,7.131
1765484129.0599968,0,39,43,22,33,3.749053955078125,58.5,62.5,4.26
1765484129.2612307,0,39,43,22,33,3.749053955078125,58.5,62.5,4.26
1765484129.4622526,0,39,43,22,33,3.749053955078125,58.5,62.5,4.26
1765484129.6651506,99,60,55,22,21,3.7467269897460938,60.0,60.5,7.667
1765484129.866386,99,60,55,22,21,3.7467269897460938,60.0,60.5,7.667
1765484130.0674677,85,18,30,16,20,3.745025634765625,59.0,60.5,4.585
1765484130.2688968,85,18,30,16,20,3.745025634765625,59.0,60.5,4.585
1765484130.4726467,85,18,30,16,20,3.745025634765625,59.0,60.5,4.585
1765484130.675422,99,40,29,28,62,3.7493743896484375,60.0,60.5,6.701
1765484130.877087,99,40,29,28,62,3.7493743896484375,60.0,60.5,6.701
1765484131.0783834,42,20,19,26,26,3.7497215270996094,59.5,60.5,4.975
1765484131.2794826,42,20,19,26,26,3.7497215270996094,59.5,60.5,4.975
1765484131.4810476,42,20,19,26,26,3.7497215270996094,59.5,60.5,4.975
1765484131.6833346,99,25,14,18,61,3.7505874633789062,60.0,61.0,7.587
1765484131.8861876,99,25,14,18,61,3.7505874633789062,60.0,61.0,7.587
1765484132.093492,99,18,11,24,19,3.749858856201172,59.5,60.0,5.29
1765484132.2946007,99,18,11,24,19,3.749858856201172,59.5,60.0,5.29
1765484132.4961464,99,18,11,24,19,3.749858856201172,59.5,60.0,5.29
1765484132.6992912,99,46,37,51,32,3.75091552734375,60.0,60.5,7.051
1765484132.901266,99,46,37,51,32,3.75091552734375,60.0,60.5,7.051
1765484133.1028302,98,29,16,28,17,3.7510986328125,60.0,60.5,6.199
1765484133.3042042,98,29,16,28,17,3.7510986328125,60.0,60.5,6.199
1765484133.506321,98,29,16,28,17,3.7510986328125,60.0,60.5,6.199
1765484133.7079618,99,19,21,25,58,3.751415252685547,60.0,60.5,7.12
1765484133.9104426,99,19,21,25,58,3.751415252685547,60.0,60.5,7.12
1765484134.111875,99,32,15,18,21,3.7512664794921875,59.5,60.5,6.39
1765484134.3130338,99,32,15,18,21,3.7512664794921875,59.5,60.5,6.39
1765484134.5141985,99,32,15,18,21,3.7512664794921875,59.5,60.5,6.39
1765484134.7166884,99,45,30,58,25,3.7513427734375,60.0,61.0,7.24
1765484134.9193032,99,45,30,58,25,3.7513427734375,60.0,61.0,7.24
1765484135.1206946,99,12,21,25,18,3.752338409423828,60.0,60.5,6.931
1765484135.3219502,99,12,21,25,18,3.752338409423828,60.0,60.5,6.931
1765484135.5231414,99,12,21,25,18,3.752338409423828,60.0,60.5,6.931
1765484135.724388,99,33,13,62,18,3.7518577575683594,60.0,61.0,7.24
1765484135.9272282,99,33,13,62,18,3.7518577575683594,60.0,61.0,7.24
1765484136.1285655,99,17,18,25,22,3.7525253295898438,60.0,60.5,6.39
1765484136.3300142,99,17,18,25,22,3.7525253295898438,60.0,60.5,6.39
1765484136.5313034,99,17,18,25,22,3.7525253295898438,60.0,60.5,6.39
1765484136.7342463,99,54,33,42,30,3.7524261474609375,60.5,61.0,7.428
1765484136.9369113,99,54,33,42,30,3.7524261474609375,60.5,61.0,7.428
1765484137.1388497,99,22,18,23,11,3.7533531188964844,60.0,60.5,6.931
1765484137.340009,99,22,18,23,11,3.7533531188964844,60.0,60.5,6.931
1765484137.543154,99,22,18,23,11,3.7533531188964844,60.0,60.5,6.931
1765484137.7447045,99,26,64,14,28,3.7528114318847656,60.0,60.5,7.131
1765484137.9460666,99,26,64,14,28,3.7528114318847656,60.0,60.5,7.131
1765484138.147029,99,26,64,14,28,3.7528114318847656,60.0,60.5,7.131
1765484138.348216,99,24,22,29,18,3.753009796142578,60.0,60.5,6.47
1765484138.5493927,99,24,22,29,18,3.753009796142578,60.0,60.5,6.47
1765484138.7516105,99,32,29,38,66,3.7429542541503906,60.0,61.0,7.814
1765484138.954253,99,32,29,38,66,3.7429542541503906,60.0,61.0,7.814
1765484139.1556475,99,32,29,38,66,3.7429542541503906,60.0,61.0,7.814
1765484139.3566945,98,20,14,16,8,3.742748260498047,60.0,60.5,6.43
1765484139.5583668,98,20,14,16,8,3.742748260498047,60.0,60.5,6.43
1765484139.7603338,99,28,32,66,22,3.743762969970703,60.0,61.0,7.24
1765484139.9621603,99,28,32,66,22,3.743762969970703,60.0,61.0,7.24
1765484140.1638825,99,28,32,66,22,3.743762969970703,60.0,61.0,7.24
1765484140.3651252,99,28,23,27,14,3.7426986694335938,60.0,60.5,6.511
1765484140.5663915,99,28,23,27,14,3.7426986694335938,60.0,60.5,6.511
1765484140.767892,99,59,25,39,22,3.743927001953125,60.0,61.5,8.054
1765484140.9710226,99,59,25,39,22,3.743927001953125,60.0,61.5,8.054
1765484141.1738868,99,59,25,39,22,3.743927001953125,60.0,61.5,8.054
1765484141.377435,99,19,10,20,12,3.7433509826660156,60.0,60.5,6.35
1765484141.5786905,99,19,10,20,12,3.7433509826660156,60.0,60.5,6.35
1765484141.7811992,99,25,35,62,36,3.7435264587402344,60.0,61.0,7.051
1765484141.9829137,99,25,35,62,36,3.7435264587402344,60.0,61.0,7.051
1765484142.1850805,99,25,35,62,36,3.7435264587402344,60.0,61.0,7.051
1765484142.3869407,99,20,22,22,16,3.7438812255859375,60.0,60.5,6.47
1765484142.5886717,99,20,22,22,16,3.7438812255859375,60.0,60.5,6.47
1765484142.7901862,99,25,24,32,58,3.7444114685058594,60.0,61.0,7.894
1765484142.9935389,99,25,24,32,58,3.7444114685058594,60.0,61.0,7.894
1765484143.1983864,99,25,24,32,58,3.7444114685058594,60.0,61.0,7.894
1765484143.40082,94,25,19,14,20,3.7442169189453125,60.0,60.0,5.927
1765484143.6020434,94,25,19,14,20,3.7442169189453125,60.0,60.0,5.927
1765484143.8039896,99,29,32,49,52,3.7438735961914062,60.0,61.0,7.131
1765484144.0070472,99,29,32,49,52,3.7438735961914062,60.0,61.0,7.131
1765484144.2089152,99,29,32,49,52,3.7438735961914062,60.0,61.0,7.131
1765484144.4102297,95,27,27,20,25,3.7441062927246094,60.0,61.0,6.199
1765484144.6126451,95,27,27,20,25,3.7441062927246094,60.0,61.0,6.199
1765484144.8154557,99,14,22,28,54,3.743885040283203,60.0,60.5,7.011
1765484145.0198333,99,14,22,28,54,3.743885040283203,60.0,60.5,7.011
1765484145.2230546,99,14,22,28,54,3.743885040283203,60.0,60.5,7.011
1765484145.4247093,99,25,26,22,23,3.7438888549804688,59.5,60.0,5.451
1765484145.6258783,99,25,26,22,23,3.7438888549804688,59.5,60.0,5.451
1765484145.827564,99,44,42,40,26,3.7440109252929688,60.0,61.0,7.011
1765484146.030969,99,44,42,40,26,3.7440109252929688,60.0,61.0,7.011
1765484146.2327745,99,44,42,40,26,3.7440109252929688,60.0,61.0,7.011
1765484146.4341345,38,28,16,18,19,3.7447128295898438,59.5,61.0,5.613
1765484146.6362855,38,28,16,18,19,3.7447128295898438,59.5,61.0,5.613
1765484146.838078,99,25,12,30,58,3.7441940307617188,60.0,61.0,6.85
1765484147.039426,99,25,12,30,58,3.7441940307617188,60.0,61.0,6.85
1765484147.2447422,99,25,12,30,58,3.7441940307617188,60.0,61.0,6.85
1765484147.4463708,68,22,32,20,25,3.7442893981933594,59.5,60.0,4.78
1765484147.6477227,68,22,32,20,25,3.7442893981933594,59.5,60.0,4.78
1765484147.8490872,99,26,24,38,58,3.744537353515625,60.0,61.0,7.4
1765484148.0520048,99,26,24,38,58,3.744537353515625,60.0,61.0,7.4
1765484148.2539196,99,26,24,38,58,3.744537353515625,60.0,61.0,7.4
1765484148.4550564,99,30,16,20,15,3.74505615234375,60.0,61.0,5.886
1765484148.6562088,99,30,16,20,15,3.74505615234375,60.0,61.0,5.886
1765484148.8578155,99,31,23,60,24,3.7446556091308594,60.0,60.5,7.08
1765484149.059046,99,31,23,60,24,3.7446556091308594,60.0,60.5,7.08
1765484149.260787,99,31,23,60,24,3.7446556091308594,60.0,60.5,7.08
1765484149.4620926,94,26,23,16,26,3.744922637939453,60.0,60.5,5.886
1765484149.6633134,94,26,23,16,26,3.744922637939453,60.0,60.5,5.886
1765484149.8645096,94,26,23,16,26,3.744922637939453,60.0,60.5,5.886
1765484150.0677485,99,38,25,60,27,3.7448463439941406,60.0,61.0,7.507
1765484150.270966,99,38,25,60,27,3.7448463439941406,60.0,61.0,7.507
1765484150.4723449,94,25,12,16,26,3.745159149169922,60.0,60.0,5.806
1765484150.6736023,94,25,12,16,26,3.745159149169922,60.0,60.0,5.806
1765484150.8747902,94,25,12,16,26,3.745159149169922,60.0,60.0,5.806
1765484151.076217,99,30,59,30,35,3.7458457946777344,60.0,61.0,7.12
1765484151.2780137,99,30,59,30,35,3.7458457946777344,60.0,61.0,7.12
1765484151.4792247,91,22,20,22,23,3.7454910278320312,60.0,60.5,6.118
1765484151.6803482,91,22,20,22,23,3.7454910278320312,60.0,60.5,6.118
1765484151.8815572,91,22,20,22,23,3.7454910278320312,60.0,60.5,6.118
1765484152.0848262,99,62,27,32,23,3.7470169067382812,60.0,61.5,7.775
1765484152.2875981,99,62,27,32,23,3.7470169067382812,60.0,61.5,7.775
1765484152.4890256,94,23,18,19,14,3.7462806701660156,59.5,60.5,5.846
1765484152.6901977,94,23,18,19,14,3.7462806701660156,59.5,60.5,5.846
1765484152.8913178,94,23,18,19,14,3.7462806701660156,59.5,60.5,5.846
1765484153.094228,99,33,59,34,30,3.7466888427734375,60.0,61.0,7.211
1765484153.29618,99,33,59,34,30,3.7466888427734375,60.0,61.0,7.211
1765484153.4972506,96,20,12,28,19,3.746746063232422,60.0,60.5,6.39
1765484153.6982296,96,20,12,28,19,3.746746063232422,60.0,60.5,6.39
1765484153.8992832,96,20,12,28,19,3.746746063232422,60.0,60.5,6.39
1765484154.1012747,99,17,20,72,22,3.748065948486328,60.0,61.5,7.775
1765484154.30539,99,17,20,72,22,3.748065948486328,60.0,61.5,7.775
1765484154.5069928,94,33,13,16,14,3.7473373413085938,59.5,60.5,6.31
1765484154.7081704,94,33,13,16,14,3.7473373413085938,59.5,60.5,6.31
1765484154.9100397,94,33,13,16,14,3.7473373413085938,59.5,60.5,6.31
1765484155.11316,99,30,58,40,30,3.747486114501953,60.0,61.0,7.2
1765484155.315437,99,30,58,40,30,3.747486114501953,60.0,61.0,7.2
1765484155.516487,99,29,19,26,19,3.7479019165039062,59.5,60.5,7.011
1765484155.7175372,99,29,19,26,19,3.7479019165039062,59.5,60.5,7.011
1765484155.9189389,99,29,19,26,19,3.7479019165039062,59.5,60.5,7.011
1765484156.1201901,99,23,56,22,18,3.748577117919922,60.0,60.5,7.36
1765484156.3233383,99,23,56,22,18,3.748577117919922,60.0,60.5,7.36
1765484156.5255623,99,24,20,27,23,3.748279571533203,59.5,60.5,6.511
1765484156.7284374,99,24,20,27,23,3.748279571533203,59.5,60.5,6.511
1765484156.9307423,99,24,20,27,23,3.748279571533203,59.5,60.5,6.511
1765484157.1342442,99,24,50,35,46,3.7483558654785156,60.0,61.0,7.28
1765484157.3366985,99,24,50,35,46,3.7483558654785156,60.0,61.0,7.28
1765484157.538238,99,24,24,16,14,3.749053955078125,59.5,60.5,7.051
1765484157.739479,99,24,24,16,14,3.749053955078125,59.5,60.5,7.051
1765484157.942064,99,24,24,16,14,3.749053955078125,59.5,60.5,7.051
1765484158.1432745,99,60,20,18,18,3.74859619140625,60.0,60.5,7.12
1765484158.3452303,99,60,20,18,18,3.74859619140625,60.0,60.5,7.12
1765484158.5473983,99,22,21,25,18,3.7482643127441406,59.5,60.5,6.35
1765484158.7489436,99,22,21,25,18,3.7482643127441406,59.5,60.5,6.35
1765484158.95018,99,22,21,25,18,3.7482643127441406,59.5,60.5,6.35
1765484159.1533947,99,26,33,39,60,3.7500991821289062,60.0,61.0,7.507
1765484159.35684,99,26,33,39,60,3.7500991821289062,60.0,61.0,7.507
1765484159.5591993,98,18,18,22,21,3.7506332397460938,59.5,61.0,7.16
1765484159.7603848,98,18,18,22,21,3.7506332397460938,59.5,61.0,7.16
1765484159.961681,98,18,18,22,21,3.7506332397460938,59.5,61.0,7.16
1765484160.1628225,99,27,25,64,38,3.7505149841308594,60.0,61.5,8.2
1765484160.3640358,99,27,25,64,38,3.7505149841308594,60.0,61.5,8.2
1765484160.5650127,99,27,25,64,38,3.7505149841308594,60.0,61.5,8.2
1765484160.7663028,98,28,17,20,23,3.750865936279297,60.0,61.0,7.051
1765484160.967433,98,28,17,20,23,3.750865936279297,60.0,61.0,7.051
1765484161.169292,99,30,28,66,27,3.7510414123535156,60.0,61.0,7.974
1765484161.371202,99,30,28,66,27,3.7510414123535156,60.0,61.0,7.974
1765484161.5724716,99,30,28,66,27,3.7510414123535156,60.0,61.0,7.974
1765484161.7737272,98,29,17,15,12,3.7510108947753906,59.5,61.0,6.701
1765484161.9748843,98,29,17,15,12,3.7510108947753906,59.5,61.0,6.701
1765484162.1765924,99,35,26,65,26,3.751483917236328,60.0,61.5,7.854
1765484162.3783696,99,35,26,65,26,3.751483917236328,60.0,61.5,7.854
1765484162.5802782,99,35,26,65,26,3.751483917236328,60.0,61.5,7.854
1765484162.781736,98,22,26,18,18,3.751453399658203,60.0,61.0,6.741
1765484162.982822,98,22,26,18,18,3.751453399658203,60.0,61.0,6.741
1765484163.1839733,99,44,42,22,31,3.7572250366210938,59.5,61.5,7.814
1765484163.3855054,99,44,42,22,31,3.7572250366210938,59.5,61.5,7.814
1765484163.5885298,99,44,42,22,31,3.7572250366210938,59.5,61.5,7.814
1765484163.7902339,99,20,17,28,21,3.756763458251953,60.0,61.0,6.931
1765484163.992373,99,20,17,28,21,3.756763458251953,60.0,61.0,6.931
1765484164.1935878,99,31,33,43,18,3.7567062377929688,59.5,61.5,7.28
1765484164.3948858,99,31,33,43,18,3.7567062377929688,59.5,61.5,7.28
1765484164.5969167,99,31,33,43,18,3.7567062377929688,59.5,61.5,7.28
1765484164.7988942,99,24,19,37,20,3.7575759887695312,60.0,61.0,7.36
1765484165.0002203,99,24,19,37,20,3.7575759887695312,60.0,61.0,7.36
1765484165.2017837,99,48,30,25,19,3.7585067749023438,60.0,61.0,7.775
1765484165.4033868,99,48,30,25,19,3.7585067749023438,60.0,61.0,7.775
1765484165.6065447,99,48,30,25,19,3.7585067749023438,60.0,61.0,7.775
1765484165.8099453,98,30,28,30,20,3.7577056884765625,60.0,60.5,6.971
1765484166.0109,98,30,28,30,20,3.7577056884765625,60.0,60.5,6.971
1765484166.2119226,99,33,40,28,31,3.757587432861328,59.5,61.0,7.428
1765484166.4129806,99,33,40,28,31,3.757587432861328,59.5,61.0,7.428
1765484166.6143062,99,33,40,28,31,3.757587432861328,59.5,61.0,7.428
1765484166.8165276,98,24,40,25,18,3.7584457397460938,60.0,61.0,7.707
1765484167.018144,98,24,40,25,18,3.7584457397460938,60.0,61.0,7.707
1765484167.2193303,99,30,14,37,16,3.7581024169921875,59.5,61.5,7.507
1765484167.420533,99,30,14,37,16,3.7581024169921875,59.5,61.5,7.507
1765484167.6240962,99,30,14,37,16,3.7581024169921875,59.5,61.5,7.507
1765484167.8285744,99,32,20,31,18,3.7584190368652344,60.0,61.0,7.2
1765484168.0302746,99,32,20,31,18,3.7584190368652344,60.0,61.0,7.2
1765484168.2312691,99,33,33,29,43,3.7587623596191406,60.0,61.0,7.587
1765484168.43343,99,33,33,29,43,3.7587623596191406,60.0,61.0,7.587
1765484168.635288,99,33,33,29,43,3.7587623596191406,60.0,61.0,7.587
1765484168.8378553,99,26,14,12,38,3.759510040283203,60.5,61.0,7.707
1765484169.0392346,99,26,14,12,38,3.759510040283203,60.5,61.0,7.707
1765484169.2403615,99,30,25,16,26,3.7588424682617188,58.5,61.5,5.644
1765484169.4415805,99,30,25,16,26,3.7588424682617188,58.5,61.5,5.644
1765484169.6443644,99,30,25,16,26,3.7588424682617188,58.5,61.5,5.644
1765484169.8465602,99,28,28,31,28,3.75970458984375,60.0,60.5,7.28
1765484170.048124,99,28,28,31,28,3.75970458984375,60.0,60.5,7.28
1765484170.24945,51,35,22,30,31,3.7598838806152344,59.0,61.0,5.685
1765484170.45172,51,35,22,30,31,3.7598838806152344,59.0,61.0,5.685
1765484170.6559987,51,35,22,30,31,3.7598838806152344,59.0,61.0,5.685
1765484170.8577552,99,21,55,18,16,3.760589599609375,60.0,60.5,7.468
1765484171.0605934,99,21,55,18,16,3.760589599609375,60.0,60.5,7.468
1765484171.262245,0,32,18,26,16,3.7598228454589844,59.0,60.0,3.948
1765484171.4634345,0,32,18,26,16,3.7598228454589844,59.0,60.0,3.948
1765484171.6655827,0,32,18,26,16,3.7598228454589844,59.0,60.0,3.948
1765484171.869149,99,34,52,30,25,3.7608566284179688,60.0,61.0,6.971
1765484172.0719368,99,34,52,30,25,3.7608566284179688,60.0,61.0,6.971
1765484172.273362,5,38,20,20,20,3.7614059448242188,59.0,61.0,4.82
1765484172.4746368,5,38,20,20,20,3.7614059448242188,59.0,61.0,4.82
1765484172.6789217,5,38,20,20,20,3.7614059448242188,59.0,61.0,4.82
1765484172.880858,99,27,19,21,54,3.7616844177246094,60.0,60.5,6.931
1765484173.087542,99,27,19,21,54,3.7616844177246094,60.0,60.5,6.931
1765484173.2957923,5,29,18,20,26,3.761627197265625,59.5,61.0,4.341
1765484173.4970653,5,29,18,20,26,3.761627197265625,59.5,61.0,4.341
1765484173.6982558,5,29,18,20,26,3.761627197265625,59.5,61.0,4.341
1765484173.9013054,99,32,30,38,56,3.7622528076171875,60.0,61.0,6.85
1765484174.1070745,99,32,30,38,56,3.7622528076171875,60.0,61.0,6.85
1765484174.3089106,99,32,30,38,56,3.7622528076171875,60.0,61.0,6.85
1765484174.5102875,61,17,29,18,14,3.7620468139648438,59.5,60.5,5.339
1765484174.7114844,61,17,29,18,14,3.7620468139648438,59.5,60.5,5.339
1765484174.9127324,99,22,25,64,16,3.762958526611328,60.0,61.0,7.2
1765484175.118443,99,22,25,64,16,3.762958526611328,60.0,61.0,7.2
1765484175.3199246,99,22,25,64,16,3.762958526611328,60.0,61.0,7.2
1765484175.5212312,99,25,18,25,26,3.763446807861328,60.0,60.5,5.725
1765484175.722409,99,25,18,25,26,3.763446807861328,60.0,60.5,5.725
1765484175.924499,99,31,42,61,18,3.7643508911132812,60.0,61.0,7.2
1765484176.1279154,99,31,42,61,18,3.7643508911132812,60.0,61.0,7.2
1765484176.3293269,99,31,42,61,18,3.7643508911132812,60.0,61.0,7.2
1765484176.5304222,95,28,18,10,16,3.7644691467285156,60.0,61.0,5.927
1765484176.7315433,95,28,18,10,16,3.7644691467285156,60.0,61.0,5.927
1765484176.9357426,99,72,25,20,29,3.7641372680664062,60.0,61.0,7.16
1765484177.13737,99,72,25,20,29,3.7641372680664062,60.0,61.0,7.16
1765484177.3398845,99,72,25,20,29,3.7641372680664062,60.0,61.0,7.16
1765484177.5414093,90,18,19,24,16,3.764373779296875,59.5,60.5,5.917
1765484177.7426643,90,18,19,24,16,3.764373779296875,59.5,60.5,5.917
1765484177.9443285,99,65,24,24,39,3.7646865844726562,60.0,61.0,7.667
1765484178.1470866,99,65,24,24,39,3.7646865844726562,60.0,61.0,7.667
1765484178.3548563,99,65,24,24,39,3.7646865844726562,60.0,61.0,7.667
1765484178.5567217,94,19,17,24,18,3.7642860412597656,60.0,60.5,5.572
1765484178.7579355,94,19,17,24,18,3.7642860412597656,60.0,60.5,5.572
1765484178.9600089,99,42,32,22,60,3.764812469482422,60.0,60.5,6.85
1765484179.1615264,99,42,32,22,60,3.764812469482422,60.0,60.5,6.85
1765484179.3639774,99,42,32,22,60,3.764812469482422,60.0,60.5,6.85
1765484179.5666344,94,24,22,22,18,3.764850616455078,60.0,60.5,6.35
1765484179.767769,94,24,22,22,18,3.764850616455078,60.0,60.5,6.35
1765484179.9689379,99,24,28,30,64,3.766468048095703,60.5,61.5,7.934
1765484180.1719513,99,24,28,30,64,3.766468048095703,60.5,61.5,7.934
1765484180.376322,99,24,28,30,64,3.766468048095703,60.5,61.5,7.934
1765484180.57811,93,17,21,15,8,3.76531982421875,60.0,60.5,5.998
1765484180.7793481,93,17,21,15,8,3.76531982421875,60.0,60.5,5.998
1765484180.9809783,99,33,29,34,58,3.76531982421875,60.5,60.5,6.971
1765484181.1825902,99,33,29,34,58,3.76531982421875,60.5,60.5,6.971
1765484181.383783,99,33,29,34,58,3.76531982421875,60.5,60.5,6.971
1765484181.5849705,93,30,24,22,23,3.76580810546875,60.0,60.5,5.927
1765484181.7861795,93,30,24,22,23,3.76580810546875,60.0,60.5,5.927
1765484181.9872384,99,21,61,30,27,3.7660179138183594,60.5,61.5,7.707
1765484182.1894193,99,21,61,30,27,3.7660179138183594,60.5,61.5,7.707
1765484182.3923845,99,21,61,30,27,3.7660179138183594,60.5,61.5,7.707
1765484182.5944083,99,28,17,21,14,3.765789031982422,60.0,60.5,5.411
1765484182.7955942,99,28,17,21,14,3.765789031982422,60.0,60.5,5.411
1765484182.9969387,99,47,29,46,31,3.7653121948242188,60.5,60.5,6.971
1765484183.1994016,99,47,29,46,31,3.7653121948242188,60.5,60.5,6.971
1765484183.40124,99,47,29,46,31,3.7653121948242188,60.5,60.5,6.971
1765484183.6023695,57,29,20,26,23,3.7658119201660156,60.0,61.0,5.604
1765484183.8035681,57,29,20,26,23,3.7658119201660156,60.0,61.0,5.604
1765484184.0052683,99,28,18,50,24,3.7657089233398438,60.0,60.5,6.85
1765484184.2070386,99,28,18,50,24,3.7657089233398438,60.0,60.5,6.85
1765484184.409449,99,28,18,50,24,3.7657089233398438,60.0,60.5,6.85
1765484184.611188,29,29,25,20,16,3.7658653259277344,60.0,60.5,4.739
1765484184.8123095,29,29,25,20,16,3.7658653259277344,60.0,60.5,4.739
1765484185.0137897,29,29,25,20,16,3.7658653259277344,60.0,60.5,4.739
1765484185.2165377,99,34,33,56,28,3.7658233642578125,60.0,61.0,6.891
1765484185.4187138,99,34,33,56,28,3.7658233642578125,60.0,61.0,6.891
1765484185.6204805,23,30,18,20,16,3.7660751342773438,60.0,60.5,5.492
1765484185.8218474,23,30,18,20,16,3.7660751342773438,60.0,60.5,5.492
1765484186.023654,23,30,18,20,16,3.7660751342773438,60.0,60.5,5.492
1765484186.225285,99,59,17,24,25,3.7654037475585938,60.0,61.0,6.85
1765484186.4276311,99,59,17,24,25,3.7654037475585938,60.0,61.0,6.85
1765484186.6299908,13,28,20,29,24,3.765399932861328,59.5,60.0,4.585
1765484186.831189,13,28,20,29,24,3.765399932861328,59.5,60.0,4.585
1765484187.0331342,13,28,20,29,24,3.765399932861328,59.5,60.0,4.585
1765484187.2360134,99,34,55,33,20,3.766082763671875,60.0,61.0,7.051
1765484187.4396844,99,34,55,33,20,3.766082763671875,60.0,61.0,7.051
1765484187.6418686,44,20,24,25,28,3.7663803100585938,60.0,60.5,5.371
1765484187.8430264,44,20,24,25,28,3.7663803100585938,60.0,60.5,5.371
1765484188.0447493,44,20,24,25,28,3.7663803100585938,60.0,60.5,5.371
1765484188.2463346,99,25,59,27,26,3.765960693359375,60.0,60.5,6.81
1765484188.448651,99,25,59,27,26,3.765960693359375,60.0,60.5,6.81
1765484188.6501963,76,22,18,30,23,3.7659912109375,60.0,60.5,4.739
1765484188.851347,76,22,18,30,23,3.7659912109375,60.0,60.5,4.739
1765484189.0524049,76,22,18,30,23,3.7659912109375,60.0,60.5,4.739
1765484189.2553267,99,28,71,24,22,3.7668113708496094,60.5,61.0,7.28
1765484189.4591084,99,28,71,24,22,3.7668113708496094,60.5,61.0,7.28
1765484189.6607366,75,26,23,16,16,3.766307830810547,60.0,60.5,4.544
1765484189.861818,75,26,23,16,16,3.766307830810547,60.0,60.5,4.544
1765484190.0637496,75,26,23,16,16,3.766307830810547,60.0,60.5,4.544
1765484190.2662663,99,32,28,35,57,3.7660751342773438,60.0,60.5,6.931
1765484190.4682705,99,32,28,35,57,3.7660751342773438,60.0,60.5,6.931
1765484190.6693933,62,29,16,29,13,3.76617431640625,60.0,60.5,4.901
1765484190.870354,62,29,16,29,13,3.76617431640625,60.0,60.5,4.901
1765484191.0713751,62,29,16,29,13,3.76617431640625,60.0,60.5,4.901
1765484191.2735367,99,33,29,64,20,3.767803192138672,60.5,61.0,7.707
1765484191.4769642,99,33,29,64,20,3.767803192138672,60.5,61.0,7.707
1765484191.6813486,40,21,16,12,25,3.7669143676757812,60.0,60.0,4.82
1765484191.8825955,40,21,16,12,25,3.7669143676757812,60.0,60.0,4.82
1765484192.0840304,40,21,16,12,25,3.7669143676757812,60.0,60.0,4.82
1765484192.2869694,99,42,50,27,32,3.7670364379882812,60.0,60.5,7.011
1765484192.4885423,99,42,50,27,32,3.7670364379882812,60.0,60.5,7.011
1765484192.689549,40,24,24,25,26,3.7672500610351562,60.0,60.5,5.056
1765484192.8907478,40,24,24,25,26,3.7672500610351562,60.0,60.5,5.056
1765484193.0917766,40,24,24,25,26,3.7672500610351562,60.0,60.5,5.056
1765484193.2930655,99,14,29,23,60,3.767578125,60.5,61.0,7.428
1765484193.4968786,99,14,29,23,60,3.767578125,60.5,61.0,7.428
1765484193.6989443,89,23,20,14,19,3.7667884826660156,59.5,60.5,4.585
1765484193.9003453,89,23,20,14,19,3.7667884826660156,59.5,60.5,4.585
1765484194.1018462,89,23,20,14,19,3.7667884826660156,59.5,60.5,4.585
1765484194.3047607,99,28,64,35,29,3.7666587829589844,60.0,61.0,6.861
1765484194.5071278,99,28,64,35,29,3.7666587829589844,60.0,61.0,6.861
1765484194.7081776,99,23,30,22,20,3.766582489013672,60.0,60.5,5.572
1765484194.9094152,99,23,30,22,20,3.766582489013672,60.0,60.5,5.572
1765484195.1107836,99,23,30,22,20,3.766582489013672,60.0,60.5,5.572
1765484195.3120728,99,21,30,16,53,3.7672805786132812,60.0,61.0,6.891
1765484195.5137672,99,21,30,16,53,3.7672805786132812,60.0,61.0,6.891
1765484195.7150526,99,21,30,16,53,3.7672805786132812,60.0,61.0,6.891
1765484195.9181833,28,21,29,25,22,3.7664222717285156,60.0,60.0,4.618
1765484196.1192956,28,21,29,25,22,3.7664222717285156,60.0,60.0,4.618
1765484196.321446,99,36,32,35,54,3.7664642333984375,60.5,61.0,6.891
1765484196.524375,99,36,32,35,54,3.7664642333984375,60.5,61.0,6.891
1765484196.7262607,99,36,32,35,54,3.7664642333984375,60.5,61.0,6.891
1765484196.927839,28,22,24,21,25,3.7672805786132812,60.0,61.0,5.451
1765484197.129153,28,22,24,21,25,3.7672805786132812,60.0,61.0,5.451
1765484197.3312747,99,61,20,22,24,3.7665252685546875,60.5,61.0,6.971
1765484197.533028,99,61,20,22,24,3.7665252685546875,60.5,61.0,6.971
1765484197.7342484,99,61,20,22,24,3.7665252685546875,60.5,61.0,6.971
1765484197.9352238,28,22,23,26,23,3.7663002014160156,60.0,60.0,4.658
1765484198.1364439,28,22,23,26,23,3.7663002014160156,60.0,60.0,4.658
1765484198.3393586,99,65,34,29,28,3.7667694091796875,60.0,61.0,7.051
1765484198.5422382,99,65,34,29,28,3.7667694091796875,60.0,61.0,7.051
1765484198.7436614,99,65,34,29,28,3.7667694091796875,60.0,61.0,7.051
1765484198.9448853,17,21,20,27,12,3.7669944763183594,60.0,60.5,5.258
1765484199.1461396,17,21,20,27,12,3.7669944763183594,60.0,60.5,5.258
1765484199.3479788,99,29,57,26,20,3.7668190002441406,60.0,61.0,6.891
1765484199.5495727,99,29,57,26,20,3.7668190002441406,60.0,61.0,6.891
1765484199.751841,99,29,57,26,20,3.7668190002441406,60.0,61.0,6.891
1765484199.9533036,10,31,26,26,34,3.767475128173828,59.5,60.5,4.901
1765484200.1544256,10,31,26,26,34,3.767475128173828,59.5,60.5,4.901
1765484200.3563948,99,23,26,68,26,3.7673568725585938,60.0,61.0,7.32
1765484200.5578668,99,23,26,68,26,3.7673568725585938,60.0,61.0,7.32
1765484200.760784,99,23,26,68,26,3.7673568725585938,60.0,61.0,7.32
1765484200.963568,2,10,20,12,20,3.7671356201171875,59.5,60.5,4.544
1765484201.1650932,2,10,20,12,20,3.7671356201171875,59.5,60.5,4.544
1765484201.3678963,99,34,36,53,28,3.7672882080078125,60.0,61.0,6.821
1765484201.5695727,99,34,36,53,28,3.7672882080078125,60.0,61.0,6.821
1765484201.7717345,99,34,36,53,28,3.7672882080078125,60.0,61.0,6.821
1765484201.9732554,97,24,26,26,22,3.767120361328125,59.5,60.5,5.015
1765484202.1761324,97,24,26,26,22,3.767120361328125,59.5,60.5,5.015
1765484202.3778396,99,56,28,32,27,3.7681121826171875,60.5,61.5,7.587
1765484202.5800662,99,56,28,32,27,3.7681121826171875,60.5,61.5,7.587
1765484202.7834132,99,56,28,32,27,3.7681121826171875,60.5,61.5,7.587
1765484202.9848478,83,16,12,19,16,3.767475128173828,60.0,60.5,4.901
1765484203.186056,83,16,12,19,16,3.767475128173828,60.0,60.5,4.901
1765484203.3877292,99,28,66,28,34,3.7672996520996094,60.0,61.0,7.011
1765484203.5911517,99,28,66,28,34,3.7672996520996094,60.0,61.0,7.011
1765484203.7929344,99,28,66,28,34,3.7672996520996094,60.0,61.0,7.011
1765484203.994216,99,18,29,26,14,3.7676849365234375,60.0,60.5,5.725
1765484204.1964772,99,18,29,26,14,3.7676849365234375,60.0,60.5,5.725
1765484204.3981404,99,33,18,18,62,3.7682762145996094,60.0,61.0,7.587
1765484204.6001747,99,33,18,18,62,3.7682762145996094,60.0,61.0,7.587
1765484204.803743,99,33,18,18,62,3.7682762145996094,60.0,61.0,7.587
1765484205.0051317,99,17,24,18,19,3.767658233642578,59.5,60.5,5.056
1765484205.2065525,99,17,24,18,19,3.767658233642578,59.5,60.5,5.056
1765484205.4079726,99,38,65,36,29,3.767578125,60.5,61.0,7.091
1765484205.6113014,99,38,65,36,29,3.767578125,60.5,61.0,7.091
1765484205.8132238,99,38,65,36,29,3.767578125,60.5,61.0,7.091
1765484206.0144737,99,22,26,20,22,3.768383026123047,60.0,61.0,5.998
1765484206.2156196,99,22,26,20,22,3.768383026123047,60.0,61.0,5.998
1765484206.4169679,99,22,26,20,22,3.768383026123047,60.0,61.0,5.998
1765484206.618534,99,20,16,56,17,3.7677230834960938,60.5,61.0,6.891
1765484206.8212,99,20,16,56,17,3.7677230834960938,60.5,61.0,6.891
1765484207.0235746,99,22,23,22,23,3.7675323486328125,60.0,60.5,4.982
1765484207.2248302,99,22,23,22,23,3.7675323486328125,60.0,60.5,4.982
1765484207.4260862,99,22,23,22,23,3.7675323486328125,60.0,60.5,4.982
1765484207.628473,99,44,38,27,48,3.768077850341797,60.0,61.5,7.051
1765484207.830141,99,44,38,27,48,3.768077850341797,60.0,61.5,7.051
1765484208.031342,90,28,19,26,23,3.7686729431152344,60.0,60.5,5.725
1765484208.2324839,90,28,19,26,23,3.7686729431152344,60.0,60.5,5.725
1765484208.4347177,90,28,19,26,23,3.7686729431152344,60.0,60.5,5.725
1765484208.6362045,99,28,27,25,58,3.7679672241210938,60.5,61.0,6.781
1765484208.8384435,99,28,27,25,58,3.7679672241210938,60.5,61.0,6.781
1765484209.0398254,52,24,23,26,20,3.767993927001953,60.0,60.5,4.585
1765484209.2410054,52,24,23,26,20,3.767993927001953,60.0,60.5,4.585
1765484209.4421473,52,24,23,26,20,3.767993927001953,60.0,60.5,4.585
1765484209.644913,99,34,17,40,52,3.7676048278808594,60.5,61.0,7.2
1765484209.8476708,99,34,17,40,52,3.7676048278808594,60.5,61.0,7.2
1765484210.0491712,36,24,21,23,25,3.768329620361328,59.5,60.5,5.29
1765484210.2503397,36,24,21,23,25,3.768329620361328,59.5,60.5,5.29
1765484210.4524155,36,24,21,23,25,3.768329620361328,59.5,60.5,5.29
1765484210.6542966,99,28,22,63,24,3.7677230834960938,60.0,61.0,6.891
1765484210.8561351,99,28,22,63,24,3.7677230834960938,60.0,61.0,6.891
1765484211.057521,16,25,32,18,18,3.7677078247070312,59.5,60.5,4.658
1765484211.2590592,16,25,32,18,18,3.7677078247070312,59.5,60.5,4.658
1765484211.4602623,16,25,32,18,18,3.7677078247070312,59.5,60.5,4.658
1765484211.6628075,99,24,35,58,32,3.7678680419921875,60.5,61.0,7.32
1765484211.8663094,99,24,35,58,32,3.7678680419921875,60.5,61.0,7.32
1765484212.0678253,0,24,25,10,12,3.767322540283203,59.5,60.5,4.503
1765484212.2690043,0,24,25,10,12,3.767322540283203,59.5,60.5,4.503
1765484212.470927,0,24,25,10,12,3.767322540283203,59.5,60.5,4.503
1765484212.6743264,99,31,34,54,35,3.7674827575683594,60.0,61.0,6.891
1765484212.8762932,99,31,34,54,35,3.7674827575683594,60.0,61.0,6.891
1765484213.0780597,39,29,25,15,18,3.767871856689453,60.0,60.5,4.625
1765484213.2792733,39,29,25,15,18,3.767871856689453,60.0,60.5,4.625
1765484213.4804823,39,29,25,15,18,3.767871856689453,60.0,60.5,4.625
1765484213.6821856,99,26,24,69,22,3.768238067626953,60.5,61.0,7.587
1765484213.885252,99,26,24,69,22,3.768238067626953,60.5,61.0,7.587
1765484214.0872896,36,25,14,16,18,3.767749786376953,60.0,60.5,4.544
1765484214.2884696,36,25,14,16,18,3.767749786376953,60.0,60.5,4.544
1765484214.4907851,36,25,14,16,18,3.767749786376953,60.0,60.5,4.544
1765484214.6933243,99,44,49,37,30,3.7672462463378906,60.5,61.0,7.011
1765484214.8949134,99,44,49,37,30,3.7672462463378906,60.5,61.0,7.011
1765484215.0959647,53,17,21,27,26,3.7679901123046875,59.5,60.5,5.056
1765484215.2970448,53,17,21,27,26,3.7679901123046875,59.5,60.5,5.056
1765484215.4986527,53,17,21,27,26,3.7679901123046875,59.5,60.5,5.056
1765484215.7000737,99,24,37,23,55,3.7680015563964844,60.5,61.5,7.24
1765484215.9036987,99,24,37,23,55,3.7680015563964844,60.5,61.5,7.24
1765484216.105405,21,22,22,20,19,3.7677154541015625,59.5,61.0,4.658
1765484216.3063161,21,22,22,20,19,3.7677154541015625,59.5,61.0,4.658
1765484216.5076334,21,22,22,20,19,3.7677154541015625,59.5,61.0,4.658
1765484216.7106023,99,33,32,62,30,3.76727294921875,60.0,61.0,6.891
1765484216.9132614,99,33,32,62,30,3.76727294921875,60.0,61.0,6.891
1765484217.1156018,67,24,31,27,17,3.7684860229492188,59.5,61.0,5.532
1765484217.3166862,67,24,31,27,17,3.7684860229492188,59.5,61.0,5.532
1765484217.518143,67,24,31,27,17,3.7684860229492188,59.5,61.0,5.532
1765484217.7194407,99,64,22,21,23,3.767841339111328,60.0,61.5,7.011
1765484217.9218795,99,64,22,21,23,3.767841339111328,60.0,61.5,7.011
1765484218.1233094,99,64,22,21,23,3.767841339111328,60.0,61.5,7.011
1765484218.3243885,99,23,24,23,25,3.7683029174804688,59.5,61.0,5.33
1765484218.5254793,99,23,24,23,25,3.7683029174804688,59.5,61.0,5.33
1765484218.727734,99,30,38,41,55,3.7680892944335938,60.5,61.5,7.011
1765484218.9307206,99,30,38,41,55,3.7680892944335938,60.5,61.5,7.011
1765484219.1324852,99,30,38,41,55,3.7680892944335938,60.5,61.5,7.011
1765484219.3413754,99,21,16,26,12,3.7687606811523438,60.0,61.0,6.118
1765484219.5427668,99,21,16,26,12,3.7687606811523438,60.0,61.0,6.118
1765484219.7439785,99,20,64,24,20,3.7681846618652344,60.5,61.0,7.16
1765484219.9453204,99,20,64,24,20,3.7681846618652344,60.5,61.0,7.16
1765484220.1477222,99,20,64,24,20,3.7681846618652344,60.5,61.0,7.16
1765484220.3491294,93,30,26,18,22,3.7685279846191406,60.0,61.0,5.644
1765484220.5504036,93,30,26,18,22,3.7685279846191406,60.0,61.0,5.644
1765484220.7523124,99,57,38,37,25,3.7686233520507812,60.0,61.5,7.28
1765484220.9557836,99,57,38,37,25,3.7686233520507812,60.0,61.5,7.28
1765484221.1577005,99,57,38,37,25,3.7686233520507812,60.0,61.5,7.28
1765484221.3588445,95,23,24,18,17,3.7687721252441406,60.0,61.0,5.886
1765484221.559968,95,23,24,18,17,3.7687721252441406,60.0,61.0,5.886
1765484221.7621024,99,22,28,34,62,3.7684249877929688,60.5,61.0,7.28
1765484221.963451,99,22,28,34,62,3.7684249877929688,60.5,61.0,7.28
1765484222.1665719,99,22,28,34,62,3.7684249877929688,60.5,61.0,7.28
1765484222.368372,93,29,26,24,25,3.7688369750976562,60.0,60.5,5.765
1765484222.569761,93,29,26,24,25,3.7688369750976562,60.0,60.5,5.765
1765484222.7713308,99,29,29,65,22,3.76922607421875,60.5,61.5,7.814
1765484222.9743357,99,29,29,65,22,3.76922607421875,60.5,61.5,7.814
1765484223.17736,99,29,29,65,22,3.76922607421875,60.5,61.5,7.814
1765484223.3794715,99,19,21,14,19,3.768817901611328,60.0,61.0,5.33
1765484223.580532,99,19,21,14,19,3.768817901611328,60.0,61.0,5.33
1765484223.7822766,99,24,31,34,70,3.7688026428222656,60.5,61.5,7.16
1765484223.9839427,99,24,31,34,70,3.7688026428222656,60.5,61.5,7.16
1765484224.1860933,99,24,31,34,70,3.7688026428222656,60.5,61.5,7.16
1765484224.3878233,97,22,20,22,19,3.7691574096679688,60.5,61.0,5.846
1765484224.5889528,97,22,20,22,19,3.7691574096679688,60.5,61.0,5.846
1765484224.7902644,99,31,63,27,20,3.7698097229003906,60.5,61.5,7.894
1765484224.993038,99,31,63,27,20,3.7698097229003906,60.5,61.5,7.894
1765484225.1965685,99,31,63,27,20,3.7698097229003906,60.5,61.5,7.894
1765484225.3986135,99,18,21,19,15,3.769306182861328,60.0,61.0,5.29
1765484225.5997133,99,18,21,19,15,3.769306182861328,60.0,61.0,5.29
1765484225.801208,99,31,44,52,24,3.7692298889160156,60.5,61.5,6.931
1765484226.0045404,99,31,44,52,24,3.7692298889160156,60.5,61.5,6.931
1765484226.206505,99,31,44,52,24,3.7692298889160156,60.5,61.5,6.931
1765484226.4085937,99,26,26,19,24,3.7691383361816406,60.0,61.0,5.371
1765484226.60982,99,26,26,19,24,3.7691383361816406,60.0,61.0,5.371
1765484226.8109884,99,20,19,66,18,3.7695960998535156,60.0,62.0,7.547
1765484227.0143435,99,20,19,66,18,3.7695960998535156,60.0,62.0,7.547
1765484227.2182052,99,20,19,66,18,3.7695960998535156,60.0,62.0,7.547
1765484227.4199896,99,23,16,24,20,3.7690658569335938,59.5,61.0,4.942
1765484227.6210756,99,23,16,24,20,3.7690658569335938,59.5,61.0,4.942
1765484227.822547,99,23,16,24,20,3.7690658569335938,59.5,61.0,4.942
1765484228.0255032,99,38,36,29,51,3.7696456909179688,60.0,61.0,6.85
1765484228.2278242,99,38,36,29,51,3.7696456909179688,60.0,61.0,6.85
1765484228.4290276,91,27,20,29,23,3.7698020935058594,60.0,61.0,5.492
1765484228.63012,91,27,20,29,23,3.7698020935058594,60.0,61.0,5.492
1765484228.8311703,91,27,20,29,23,3.7698020935058594,60.0,61.0,5.492
1765484229.0325751,99,17,56,24,16,3.7695465087890625,60.0,61.0,6.741
1765484229.2368765,99,17,56,24,16,3.7695465087890625,60.0,61.0,6.741
1765484229.4382825,8,32,22,18,20,3.7696495056152344,60.0,60.5,4.544
1765484229.640709,8,32,22,18,20,3.7696495056152344,60.0,60.5,4.544
1765484229.84226,8,32,22,18,20,3.7696495056152344,60.0,60.5,4.544
1765484230.045138,99,39,29,50,38,3.769512176513672,60.5,61.0,7.051
1765484230.2471905,99,39,29,50,38,3.769512176513672,60.5,61.0,7.051
1765484230.448471,7,22,16,19,24,3.77001953125,59.5,61.0,5.056
1765484230.6497474,7,22,16,19,24,3.77001953125,59.5,61.0,5.056
1765484230.8519936,7,22,16,19,24,3.77001953125,59.5,61.0,5.056
1765484231.0534174,99,63,26,31,25,3.7695083618164062,60.5,61.0,6.781
1765484231.2565315,99,63,26,31,25,3.7695083618164062,60.5,61.0,6.781
1765484231.458274,12,26,22,24,18,3.7692794799804688,59.5,60.5,4.544
1765484231.6594832,12,26,22,24,18,3.7692794799804688,59.5,60.5,4.544
1765484231.8608823,12,26,22,24,18,3.7692794799804688,59.5,60.5,4.544
1765484232.0638292,99,25,34,64,22,3.769397735595703,60.5,61.0,7.2
1765484232.2678006,99,25,34,64,22,3.769397735595703,60.5,61.0,7.2
1765484232.4694154,84,19,12,25,18,3.769695281982422,60.0,61.0,5.411
1765484232.6705165,84,19,12,25,18,3.769695281982422,60.0,61.0,5.411
1765484232.8719006,84,19,12,25,18,3.769695281982422,60.0,61.0,5.411
1765484233.0729868,98,26,77,18,29,3.7733001708984375,60.5,61.5,7.667
1765484233.2749643,98,26,77,18,29,3.7733001708984375,60.5,61.5,7.667
1765484233.4773757,99,23,16,23,26,3.7733840942382812,60.0,61.0,6.891
1765484233.6792247,99,23,16,23,26,3.7733840942382812,60.0,61.0,6.891
1765484233.8804996,99,23,16,23,26,3.7733840942382812,60.0,61.0,6.891
1765484234.08299,99,30,30,72,30,3.7739334106445312,60.5,61.5,8.359
1765484234.2867038,99,30,30,72,30,3.7739334106445312,60.5,61.5,8.359
1765484234.488176,99,10,16,14,13,3.7738876342773438,60.0,61.0,6.971
1765484234.6892767,99,10,16,14,13,3.7738876342773438,60.0,61.0,6.971
1765484234.890599,99,10,16,14,13,3.7738876342773438,60.0,61.0,6.971
1765484235.092723,99,28,24,73,21,3.773487091064453,60.0,61.5,7.814
1765484235.2952628,99,28,24,73,21,3.773487091064453,60.0,61.5,7.814
1765484235.4975104,99,28,27,24,12,3.774078369140625,60.5,61.0,7.44
1765484235.6999998,99,28,27,24,12,3.774078369140625,60.5,61.0,7.44
1765484235.9012825,99,28,27,24,12,3.774078369140625,60.5,61.0,7.44
1765484236.103233,99,34,33,56,26,3.775341033935547,60.5,62.0,8.425
1765484236.3059535,99,34,33,56,26,3.775341033935547,60.5,62.0,8.425
1765484236.5083358,99,21,20,16,16,3.7744293212890625,60.5,61.5,7.011
1765484236.71035,99,21,20,16,16,3.7744293212890625,60.5,61.5,7.011
1765484236.911351,99,21,20,16,16,3.7744293212890625,60.5,61.5,7.011
1765484237.1134264,99,66,30,20,27,3.7741928100585938,60.0,61.5,7.707
1765484237.3153605,99,66,30,20,27,3.7741928100585938,60.0,61.5,7.707
1765484237.517018,99,25,26,20,19,3.774505615234375,60.5,61.5,7.32
1765484237.7186346,99,25,26,20,19,3.774505615234375,60.5,61.5,7.32
1765484237.9198394,99,25,26,20,19,3.774505615234375,60.5,61.5,7.32
1765484238.1209798,99,23,67,23,21,3.7747154235839844,60.5,62.0,8.16
1765484238.3236756,99,23,67,23,21,3.7747154235839844,60.5,62.0,8.16
1765484238.5252292,99,23,67,23,21,3.7747154235839844,60.5,62.0,8.16
1765484238.7264302,99,22,25,20,15,3.7740707397460938,60.5,61.0,6.741
1765484238.9276054,99,22,25,20,15,3.7740707397460938,60.5,61.0,6.741
1765484239.1293447,99,22,62,41,26,3.7740859985351562,60.5,61.5,7.507
1765484239.331957,99,22,62,41,26,3.7740859985351562,60.5,61.5,7.507
1765484239.5334618,99,22,62,41,26,3.7740859985351562,60.5,61.5,7.507
1765484239.734681,99,25,26,22,26,3.7750320434570312,60.5,61.5,7.547
1765484239.936053,99,25,26,22,26,3.7750320434570312,60.5,61.5,7.547
1765484240.1372724,99,25,26,22,26,3.7750320434570312,60.5,61.5,7.547
1765484240.3386757,99,24,65,38,43,3.7719650268554688,60.5,61.0,8.385
1765484240.5409493,99,24,65,38,43,3.7719650268554688,60.5,61.0,8.385
1765484240.7422118,99,27,22,29,25,3.771106719970703,60.5,61.0,7.547
1765484240.9433486,99,27,22,29,25,3.771106719970703,60.5,61.0,7.547
1765484241.1445293,99,31,26,59,43,3.737682342529297,60.0,61.5,8.054
1765484241.3473694,99,31,26,59,43,3.737682342529297,60.0,61.5,8.054
1765484241.5492482,99,31,26,59,43,3.737682342529297,60.0,61.5,8.054
1765484241.751337,98,19,25,20,19,3.737712860107422,60.5,61.0,7.707
1765484241.9528046,98,19,25,20,19,3.737712860107422,60.5,61.0,7.707
1765484242.153973,99,51,22,24,14,3.7373886108398438,60.5,61.5,7.32
1765484242.3558393,99,51,22,24,14,3.7373886108398438,60.5,61.5,7.32
1765484242.5590665,99,51,22,24,14,3.7373886108398438,60.5,61.5,7.32
1765484242.7618809,99,40,18,24,20,3.7377967834472656,60.5,61.5,7.24
1765484242.9635491,99,40,18,24,20,3.7377967834472656,60.5,61.5,7.24
1765484243.1647465,99,38,32,40,34,3.738269805908203,60.5,62.0,7.587
1765484243.366614,99,38,32,40,34,3.738269805908203,60.5,62.0,7.587
1765484243.5681226,99,38,32,40,34,3.738269805908203,60.5,62.0,7.587
1765484243.7706745,98,14,20,20,33,3.738922119140625,60.5,61.5,7.667
1765484243.972039,98,14,20,20,33,3.738922119140625,60.5,61.5,7.667
1765484244.1731107,99,20,29,39,29,3.7386512756347656,60.0,61.5,7.12
1765484244.3744793,99,20,29,39,29,3.7386512756347656,60.0,61.5,7.12
1765484244.578529,99,20,29,39,29,3.7386512756347656,60.0,61.5,7.12
1765484244.7819986,99,24,21,38,16,3.739093780517578,60.5,61.5,7.507
1765484244.9835868,99,24,21,38,16,3.739093780517578,60.5,61.5,7.507
1765484245.1848102,99,38,41,32,37,3.7401504516601562,60.0,62.0,7.468
1765484245.3863516,99,38,41,32,37,3.7401504516601562,60.0,62.0,7.468
1765484245.5894165,99,38,41,32,37,3.7401504516601562,60.0,62.0,7.468
1765484245.7915628,98,17,42,20,13,3.7396926879882812,60.5,61.0,7.24
1765484245.9925914,98,17,42,20,13,3.7396926879882812,60.5,61.0,7.24
1765484246.1936767,99,32,25,41,22,3.739917755126953,60.5,62.0,6.971
1765484246.394793,99,32,25,41,22,3.739917755126953,60.5,62.0,6.971
1765484246.5970118,99,32,25,41,22,3.739917755126953,60.5,62.0,6.971
1765484246.7997038,99,18,48,23,15,3.740222930908203,60.5,61.5,7.211
1765484247.0014615,99,18,48,23,15,3.740222930908203,60.5,61.5,7.211
1765484247.2029674,36,34,24,41,20,3.741790771484375,60.0,62.0,5.998
1765484247.4041886,36,34,24,41,20,3.741790771484375,60.0,62.0,5.998
1765484247.6067405,36,34,24,41,20,3.741790771484375,60.0,62.0,5.998
1765484247.8084936,99,48,13,16,13,3.740692138671875,60.5,61.5,7.051
1765484248.010798,99,48,13,16,13,3.740692138671875,60.5,61.5,7.051
1765484248.2139354,99,48,13,16,13,3.740692138671875,60.5,61.5,7.051
1765484248.4159665,0,22,24,37,29,3.7416152954101562,60.0,61.0,5.29
1765484248.617235,0,22,24,37,29,3.7416152954101562,60.0,61.0,5.29
1765484248.8193636,99,21,26,20,48,3.74163818359375,60.5,61.5,7.32
1765484249.0224347,99,21,26,20,48,3.74163818359375,60.5,61.5,7.32
1765484249.22415,99,21,26,20,48,3.74163818359375,60.5,61.5,7.32
1765484249.4255202,0,26,28,28,26,3.7811851501464844,59.5,63.5,5.136
1765484249.6268625,0,26,28,28,26,3.7811851501464844,59.5,63.5,5.136
1765484249.8292365,99,24,22,63,28,3.758808135986328,60.0,61.5,6.81
1765484250.0313063,99,24,22,63,28,3.758808135986328,60.0,61.5,6.81
1765484250.2340317,99,24,22,63,28,3.758808135986328,60.0,61.5,6.81
1765484250.4354508,37,26,20,28,24,3.7590904235839844,60.5,61.0,4.739
1765484250.6366553,37,26,20,28,24,3.7590904235839844,60.5,61.0,4.739
1765484250.83851,99,24,59,30,42,3.7068824768066406,60.5,61.5,7.775
1765484251.0410442,99,24,59,30,42,3.7068824768066406,60.5,61.5,7.775
1765484251.244703,99,24,59,30,42,3.7068824768066406,60.5,61.5,7.775
1765484251.4463863,99,18,14,16,26,3.707164764404297,60.5,61.0,6.58
1765484251.6474571,99,18,14,16,26,3.707164764404297,60.5,61.0,6.58
1765484251.849022,99,35,28,62,20,3.707202911376953,61.0,61.0,7.24
1765484252.0505445,99,35,28,62,20,3.707202911376953,61.0,61.0,7.24
1765484252.2527893,99,35,28,62,20,3.707202911376953,61.0,61.0,7.24
1765484252.4543583,99,27,21,27,19,3.7069473266601562,60.5,61.5,6.701
1765484252.6554868,99,27,21,27,19,3.7069473266601562,60.5,61.5,6.701
1765484252.8566215,99,28,32,31,62,3.7089157104492188,60.5,62.0,8.346
1765484253.0590086,99,28,32,31,62,3.7089157104492188,60.5,62.0,8.346
1765484253.2619207,99,28,32,31,62,3.7089157104492188,60.5,62.0,8.346
1765484253.463139,99,14,8,20,17,3.7076873779296875,60.5,61.5,6.621
1765484253.6642642,99,14,8,20,17,3.7076873779296875,60.5,61.5,6.621
1765484253.865582,99,34,61,32,28,3.7077293395996094,60.5,61.5,7.2
1765484254.0666695,99,34,61,32,28,3.7077293395996094,60.5,61.5,7.2
1765484254.267982,99,34,61,32,28,3.7077293395996094,60.5,61.5,7.2
1765484254.4691648,99,26,23,23,24,3.7078475952148438,60.5,61.0,6.661
1765484254.6702263,99,26,23,23,24,3.7078475952148438,60.5,61.0,6.661
1765484254.8713665,99,23,16,62,32,3.709331512451172,60.5,62.0,8.12
1765484255.073418,99,23,16,62,32,3.709331512451172,60.5,62.0,8.12
1765484255.2765656,99,23,16,62,32,3.709331512451172,60.5,62.0,8.12
1765484255.4782295,99,22,8,20,10,3.7087364196777344,60.5,61.0,6.58
1765484255.6793363,99,22,8,20,10,3.7087364196777344,60.5,61.0,6.58
1765484255.880765,99,30,59,43,31,3.7081985473632812,61.0,61.5,7.36
1765484256.083658,99,30,59,43,31,3.7081985473632812,61.0,61.5,7.36
1765484256.2864327,99,30,59,43,31,3.7081985473632812,61.0,61.5,7.36
1765484256.4881465,99,23,26,22,24,3.7086715698242188,60.5,61.0,7.16
1765484256.6894157,99,23,26,22,24,3.7086715698242188,60.5,61.0,7.16
1765484256.890712,99,23,26,22,24,3.7086715698242188,60.5,61.0,7.16
1765484257.0928824,99,14,21,30,56,3.7094573974609375,60.5,61.5,7.587
1765484257.2960126,99,14,21,30,56,3.7094573974609375,60.5,61.5,7.587
1765484257.497451,99,24,14,29,25,3.709381103515625,60.5,61.0,6.47
1765484257.6988254,99,24,14,29,25,3.709381103515625,60.5,61.0,6.47
1765484257.9001849,99,24,14,29,25,3.709381103515625,60.5,61.0,6.47
1765484258.1040928,99,39,29,37,63,3.712810516357422,60.5,61.0,7.735
1765484258.3060746,99,39,29,37,63,3.712810516357422,60.5,61.0,7.735
1765484258.5079165,99,16,26,20,22,3.7138938903808594,60.5,62.0,7.854
1765484258.7093365,99,16,26,20,22,3.7138938903808594,60.5,62.0,7.854
1765484258.9103057,99,16,26,20,22,3.7138938903808594,60.5,62.0,7.854
1765484259.1114767,99,50,24,32,12,3.7141685485839844,60.0,61.5,7.854
1765484259.3143237,99,50,24,32,12,3.7141685485839844,60.0,61.5,7.854
1765484259.5167756,99,23,25,23,26,3.7144508361816406,60.5,61.0,7.4
1765484259.7185974,99,23,25,23,26,3.7144508361816406,60.5,61.0,7.4
1765484259.9197943,99,23,25,23,26,3.7144508361816406,60.5,61.0,7.4
1765484260.1214852,99,58,28,43,30,3.7145843505859375,60.5,62.0,7.894
1765484260.3247278,99,58,28,43,30,3.7145843505859375,60.5,62.0,7.894
1765484260.5265076,99,17,14,28,12,3.715648651123047,60.5,62.0,7.934
1765484260.727774,99,17,14,28,12,3.715648651123047,60.5,62.0,7.934
1765484260.929005,99,17,14,28,12,3.715648651123047,60.5,62.0,7.934
1765484261.1305394,99,60,12,22,28,3.715160369873047,60.5,62.0,7.667
1765484261.3327098,99,60,12,22,28,3.715160369873047,60.5,62.0,7.667
1765484261.5355809,99,28,27,20,23,3.7151565551757812,60.5,61.0,7.12
1765484261.7370832,99,28,27,20,23,3.7151565551757812,60.5,61.0,7.12
1765484261.9383988,99,28,27,20,23,3.7151565551757812,60.5,61.0,7.12
1765484262.1397808,99,50,33,52,28,3.716602325439453,60.5,62.0,8.465
1765484262.3443232,99,50,33,52,28,3.716602325439453,60.5,62.0,8.465
1765484262.5460725,99,25,19,14,16,3.7164154052734375,60.5,61.0,7.16
1765484262.7473483,99,25,19,14,16,3.7164154052734375,60.5,61.0,7.16
1765484262.948535,99,25,19,14,16,3.7164154052734375,60.5,61.0,7.16
1765484263.1501274,99,20,21,35,58,3.716503143310547,60.5,61.5,7.934
1765484263.3517241,99,20,21,35,58,3.716503143310547,60.5,61.5,7.934
1765484263.5540557,99,19,18,21,25,3.716339111328125,60.5,61.0,7.011
1765484263.758257,99,19,18,21,25,3.716339111328125,60.5,61.0,7.011
1765484263.9595425,99,19,18,21,25,3.716339111328125,60.5,61.0,7.011
1765484264.1611304,99,21,46,50,35,3.71685791015625,60.5,61.5,8.465
1765484264.3641582,99,21,46,50,35,3.71685791015625,60.5,61.5,8.465
1765484264.5661383,99,21,21,21,20,3.716217041015625,60.5,61.0,7.091
1765484264.767241,99,21,21,21,20,3.716217041015625,60.5,61.0,7.091
1765484264.9683588,99,21,21,21,20,3.716217041015625,60.5,61.0,7.091
1765484265.1702194,99,20,32,29,58,3.716632843017578,60.5,61.5,7.854
1765484265.3716922,99,20,32,29,58,3.716632843017578,60.5,61.5,7.854
1765484265.5730402,99,26,26,20,33,3.7174072265625,60.5,61.0,6.971
1765484265.7743015,99,26,26,20,33,3.7174072265625,60.5,61.0,6.971
1765484265.975556,99,26,26,20,33,3.7174072265625,60.5,61.0,6.971
1765484266.1766226,99,21,54,36,22,3.7182769775390625,60.5,61.5,8.081
1765484266.3787975,99,21,54,36,22,3.7182769775390625,60.5,61.5,8.081
1765484266.5802822,99,25,19,28,20,3.717639923095703,60.5,61.0,6.891
1765484266.7813756,99,25,19,28,20,3.717639923095703,60.5,61.0,6.891
1765484266.9823964,99,25,19,28,20,3.717639923095703,60.5,61.0,6.891
1765484267.1839428,99,23,32,57,33,3.717987060546875,61.0,62.5,7.627
1765484267.385278,99,23,32,57,33,3.717987060546875,61.0,62.5,7.627
1765484267.5864894,98,23,26,24,23,3.7184677124023438,60.5,61.5,7.667
1765484267.7877538,98,23,26,24,23,3.7184677124023438,60.5,61.5,7.667
1765484267.9890163,98,23,26,24,23,3.7184677124023438,60.5,61.5,7.667
1765484268.1902282,99,27,18,30,39,3.7186126708984375,60.5,61.0,7.547
1765484268.3922424,99,27,18,30,39,3.7186126708984375,60.5,61.0,7.547
1765484268.5938306,99,27,18,30,39,3.7186126708984375,60.5,61.0,7.547
1765484268.7949183,98,25,24,27,30,3.7191734313964844,60.5,61.0,6.891
1765484268.995987,98,25,24,27,30,3.7191734313964844,60.5,61.0,6.891
1765484269.1989057,99,25,27,36,50,3.7201385498046875,60.5,61.0,7.587
1765484269.401858,99,25,27,36,50,3.7201385498046875,60.5,61.0,7.587
1765484269.6031573,99,25,27,36,50,3.7201385498046875,60.5,61.0,7.587
1765484269.8061755,99,25,22,26,27,3.7209930419921875,61.0,61.5,7.894
1765484270.0099773,99,25,22,26,27,3.7209930419921875,61.0,61.5,7.894
1765484270.21119,99,30,19,30,48,3.720592498779297,60.5,61.5,7.587
1765484270.413121,99,30,19,30,48,3.720592498779297,60.5,61.5,7.587
1765484270.6155007,99,30,19,30,48,3.720592498779297,60.5,61.5,7.587
1765484270.8184555,99,26,24,32,16,3.720947265625,60.5,61.5,7.428
1765484271.0199368,99,26,24,32,16,3.720947265625,60.5,61.5,7.428
1765484271.221103,99,42,48,35,28,3.7230796813964844,60.5,61.5,7.775
1765484271.4233725,99,42,48,35,28,3.7230796813964844,60.5,61.5,7.775
1765484271.6251552,99,42,48,35,28,3.7230796813964844,60.5,61.5,7.775
1765484271.8268857,99,23,36,21,13,3.7235755920410156,60.5,61.5,7.707
1765484272.028333,99,23,36,21,13,3.7235755920410156,60.5,61.5,7.707
1765484272.2294743,99,26,25,54,17,3.7231903076171875,60.5,62.5,7.627
1765484272.4308248,99,26,25,54,17,3.7231903076171875,60.5,62.5,7.627
1765484272.6331558,99,26,25,54,17,3.7231903076171875,60.5,62.5,7.627
1765484272.8373597,99,23,14,37,16,3.7232017517089844,61.0,61.5,7.32
1765484273.0393512,99,23,14,37,16,3.7232017517089844,61.0,61.5,7.32
1765484273.2404974,99,50,39,30,31,3.7232894897460938,60.5,62.0,8.2
1765484273.442623,99,50,39,30,31,3.7232894897460938,60.5,62.0,8.2
1765484273.644798,99,50,39,30,31,3.7232894897460938,60.5,62.0,8.2
1765484273.8463695,99,35,14,14,11,3.7228775024414062,60.5,61.5,7.08
1765484274.0476422,99,35,14,14,11,3.7228775024414062,60.5,61.5,7.08
1765484274.2486687,99,27,41,43,26,3.7233657836914062,60.5,61.5,7.32
1765484274.4500418,99,27,41,43,26,3.7233657836914062,60.5,61.5,7.32
1765484274.6523886,99,27,41,43,26,3.7233657836914062,60.5,61.5,7.32
1765484274.8556066,98,14,23,37,17,3.7235870361328125,60.5,61.5,7.2
1765484275.0572872,98,14,23,37,17,3.7235870361328125,60.5,61.5,7.2
1765484275.2583857,99,34,31,36,25,3.7241783142089844,60.5,61.5,8.001
1765484275.460259,99,34,31,36,25,3.7241783142089844,60.5,61.5,8.001
1765484275.6626775,99,34,31,36,25,3.7241783142089844,60.5,61.5,8.001
1765484275.8641593,99,28,36,16,14,3.7233047485351562,60.5,61.5,7.12
1765484276.065161,99,28,36,16,14,3.7233047485351562,60.5,61.5,7.12
1765484276.266192,99,29,28,54,26,3.7238845825195312,60.5,62.0,7.507
1765484276.467514,99,29,28,54,26,3.7238845825195312,60.5,62.0,7.507
1765484276.6689906,99,29,28,54,26,3.7238845825195312,60.5,62.0,7.507
1765484276.8712199,99,43,15,20,12,3.7242393493652344,60.5,61.5,7.36
1765484277.0727012,99,43,15,20,12,3.7242393493652344,60.5,61.5,7.36
1765484277.2739155,99,21,16,48,23,3.724639892578125,60.5,62.0,7.934
1765484277.4750574,99,21,16,48,23,3.724639892578125,60.5,62.0,7.934
1765484277.6777294,99,21,16,48,23,3.724639892578125,60.5,62.0,7.934
1765484277.8795447,99,22,15,31,33,3.72412109375,60.5,61.0,7.171
1765484278.0806613,99,22,15,31,33,3.72412109375,60.5,61.0,7.171
1765484278.2816932,99,30,35,25,41,3.7242889404296875,60.5,61.5,7.468
1765484278.4829707,99,30,35,25,41,3.7242889404296875,60.5,61.5,7.468
1765484278.6844056,99,30,35,25,41,3.7242889404296875,60.5,61.5,7.468
1765484278.886357,99,23,18,40,21,3.724506378173828,60.5,61.5,7.814
1765484279.0877273,99,23,18,40,21,3.724506378173828,60.5,61.5,7.814
1765484279.289071,99,23,18,40,21,3.724506378173828,60.5,61.5,7.814
1765484279.49019,99,31,20,16,28,3.7244033813476562,60.5,61.5,6.73
1765484279.6930635,99,31,20,16,28,3.7244033813476562,60.5,61.5,6.73
1765484279.8963778,99,38,22,25,34,3.7248001098632812,61.0,61.5,7.507
1765484280.0979836,99,38,22,25,34,3.7248001098632812,61.0,61.5,7.507
1765484280.2991657,99,38,22,25,34,3.7248001098632812,61.0,61.5,7.507
1765484280.5006065,99,30,35,46,41,3.724475860595703,60.0,62.5,7.547
1765484280.7034988,99,30,35,46,41,3.724475860595703,60.0,62.5,7.547
1765484280.905299,99,22,18,44,19,3.7255516052246094,60.5,61.5,7.934
1765484281.1088521,99,22,18,44,19,3.7255516052246094,60.5,61.5,7.934
1765484281.310132,99,22,18,44,19,3.7255516052246094,60.5,61.5,7.934
1765484281.5113547,99,34,48,28,36,3.725421905517578,60.0,61.5,6.77
1765484281.7138565,99,34,48,28,36,3.725421905517578,60.0,61.5,6.77
1765484281.9162474,99,33,16,35,31,3.72650146484375,61.0,61.5,7.16
1765484282.1178677,99,33,16,35,31,3.72650146484375,61.0,61.5,7.16
1765484282.3190215,99,33,16,35,31,3.72650146484375,61.0,61.5,7.16
1765484282.5202587,99,40,29,33,36,3.72686767578125,60.0,63.5,7.2
1765484282.723144,99,40,29,33,36,3.72686767578125,60.0,63.5,7.2
1765484282.9249732,99,17,12,48,20,3.7278785705566406,61.0,61.5,7.547
1765484283.1268966,99,17,12,48,20,3.7278785705566406,61.0,61.5,7.547
1765484283.3282692,99,17,12,48,20,3.7278785705566406,61.0,61.5,7.547
1765484283.529511,0,29,24,29,17,3.7272567749023438,60.0,62.0,4.503
1765484283.7313073,0,29,24,29,17,3.7272567749023438,60.0,62.0,4.503
1765484283.934022,99,41,20,22,40,3.7275619506835938,60.5,61.5,6.931
1765484284.1372776,99,41,20,22,40,3.7275619506835938,60.5,61.5,6.931
1765484284.3390422,99,41,20,22,40,3.7275619506835938,60.5,61.5,6.931
1765484284.5401244,0,27,33,32,25,3.7277984619140625,60.0,61.5,4.934
1765484284.7425056,0,27,33,32,25,3.7277984619140625,60.0,61.5,4.934
1765484284.9438057,99,22,21,19,57,3.7281837463378906,60.5,61.5,6.85
1765484285.146357,99,22,21,19,57,3.7281837463378906,60.5,61.5,6.85
1765484285.34922,99,22,21,19,57,3.7281837463378906,60.5,61.5,6.85
1765484285.5503244,96,22,23,32,18,3.7280311584472656,60.0,61.0,4.625
1765484285.7513013,96,22,23,32,18,3.7280311584472656,60.0,61.0,4.625
1765484285.9529042,99,27,27,28,59,3.728229522705078,60.5,61.5,6.781
1765484286.1563969,99,27,27,28,59,3.728229522705078,60.5,61.5,6.781
1765484286.3582067,99,27,27,28,59,3.728229522705078,60.5,61.5,6.781
1765484286.5592692,51,30,23,29,22,3.728900909423828,60.0,61.5,5.217
1765484286.7623212,51,30,23,29,22,3.728900909423828,60.0,61.5,5.217
1765484286.9645352,99,22,15,22,57,3.728404998779297,60.5,61.0,6.85
1765484287.1659834,99,22,15,22,57,3.728404998779297,60.5,61.0,6.85
1765484287.367085,99,22,15,22,57,3.728404998779297,60.5,61.0,6.85
1765484287.5682676,99,18,18,32,24,3.7288780212402344,60.0,60.5,4.463
1765484287.7725465,99,18,18,32,24,3.7288780212402344,60.0,60.5,4.463
1765484287.9741185,99,22,26,25,58,3.729175567626953,60.5,61.5,6.931
1765484288.177152,99,22,26,25,58,3.729175567626953,60.5,61.5,6.931
1765484288.3789735,99,22,26,25,58,3.729175567626953,60.5,61.5,6.931
1765484288.5802073,93,22,16,32,27,3.7296295166015625,59.5,61.0,5.451
1765484288.7812617,93,22,16,32,27,3.7296295166015625,59.5,61.0,5.451
1765484288.988485,93,22,16,32,27,3.7296295166015625,59.5,61.0,5.451
1765484289.1898332,99,24,54,27,23,3.7291107177734375,60.5,61.5,6.931
1765484289.3981426,99,24,54,27,23,3.7291107177734375,60.5,61.5,6.931
1765484289.599479,99,22,15,35,14,3.7291259765625,60.0,61.0,4.78
1765484289.8006475,99,22,15,35,14,3.7291259765625,60.0,61.0,4.78
1765484290.001869,99,22,15,35,14,3.7291259765625,60.0,61.0,4.78
1765484290.2044644,99,30,64,28,24,3.7300186157226562,60.5,61.5,7.28
1765484290.4079833,99,30,64,28,24,3.7300186157226562,60.5,61.5,7.28
1765484290.6110168,99,21,13,29,13,3.7305831909179688,60.0,61.0,5.177
1765484290.8122003,99,21,13,29,13,3.7305831909179688,60.0,61.0,5.177
1765484291.015222,99,21,13,29,13,3.7305831909179688,60.0,61.0,5.177
1765484291.2172356,99,27,57,37,30,3.7288665771484375,60.5,61.0,6.861
1765484291.418584,99,27,57,37,30,3.7288665771484375,60.5,61.0,6.861
1765484291.619739,46,25,23,32,21,3.7299423217773438,60.0,61.0,4.503
1765484291.8207293,46,25,23,32,21,3.7299423217773438,60.0,61.0,4.503
1765484292.022353,46,25,23,32,21,3.7299423217773438,60.0,61.0,4.503
1765484292.2251093,99,22,29,60,25,3.7309799194335938,60.5,61.5,7.747
1765484292.4290035,99,22,29,60,25,3.7309799194335938,60.5,61.5,7.747
1765484292.6311533,71,18,19,20,10,3.7307701110839844,60.0,61.0,4.861
1765484292.8323934,71,18,19,20,10,3.7307701110839844,60.0,61.0,4.861
1765484293.0340462,71,18,19,20,10,3.7307701110839844,60.0,61.0,4.861
1765484293.2366922,99,55,29,40,31,3.731182098388672,60.5,61.5,7.051
1765484293.4384332,99,55,29,40,31,3.731182098388672,60.5,61.5,7.051
1765484293.640087,99,30,21,22,18,3.7310218811035156,60.0,61.0,5.492
1765484293.8415928,99,30,21,22,18,3.7310218811035156,60.0,61.0,5.492
1765484294.042807,99,30,21,22,18,3.7310218811035156,60.0,61.0,5.492
1765484294.2450366,99,22,25,33,62,3.7325477600097656,60.5,62.0,7.974
1765484294.4483824,99,22,25,33,62,3.7325477600097656,60.5,62.0,7.974
1765484294.650069,99,23,16,19,21,3.7317161560058594,60.5,61.0,5.33
1765484294.8513908,99,23,16,19,21,3.7317161560058594,60.5,61.0,5.33
1765484295.052684,99,23,16,19,21,3.7317161560058594,60.5,61.0,5.33
1765484295.2557561,99,33,37,43,50,3.731555938720703,60.5,61.5,7.051
1765484295.4578123,99,33,37,43,50,3.731555938720703,60.5,61.5,7.051
1765484295.6590338,99,31,12,30,22,3.731952667236328,60.5,61.0,5.846
1765484295.8600366,99,31,12,30,22,3.731952667236328,60.5,61.0,5.846
1765484296.0613914,99,31,12,30,22,3.731952667236328,60.5,61.0,5.846
1765484296.2629516,99,30,22,32,50,3.7325897216796875,60.5,61.5,7.36
1765484296.4677193,99,30,22,32,50,3.7325897216796875,60.5,61.5,7.36
1765484296.6693697,99,22,17,21,26,3.7320709228515625,60.5,61.0,5.33
1765484296.8705444,99,22,17,21,26,3.7320709228515625,60.5,61.0,5.33
1765484297.0718224,99,22,17,21,26,3.7320709228515625,60.5,61.0,5.33
1765484297.2753549,99,36,29,62,34,3.7326507568359375,60.5,61.5,7.32
1765484297.479125,99,36,29,62,34,3.7326507568359375,60.5,61.5,7.32
1765484297.6808214,99,22,23,22,15,3.7333984375,60.5,61.0,6.159
1765484297.8819697,99,22,23,22,15,3.7333984375,60.5,61.0,6.159
1765484298.0851686,99,22,23,22,15,3.7333984375,60.5,61.0,6.159
1765484298.2864969,99,21,12,62,28,3.7325401306152344,61.0,61.5,7.16
1765484298.4888937,99,21,12,62,28,3.7325401306152344,61.0,61.5,7.16
1765484298.690242,99,21,12,62,28,3.7325401306152344,61.0,61.5,7.16
1765484298.8915765,99,22,19,20,23,3.732776641845703,60.5,61.0,5.572
1765484299.0927117,99,22,19,20,23,3.732776641845703,60.5,61.0,5.572
1765484299.2953012,99,52,48,30,26,3.733123779296875,60.5,61.5,7.171
1765484299.4979832,99,52,48,30,26,3.733123779296875,60.5,61.5,7.171
1765484299.6991746,99,52,48,30,26,3.733123779296875,60.5,61.5,7.171
1765484299.9003553,99,26,19,28,12,3.7337684631347656,60.5,61.5,5.957
1765484300.1014717,99,26,19,28,12,3.7337684631347656,60.5,61.5,5.957
1765484300.3025544,99,25,23,68,23,3.7332496643066406,61.0,61.5,7.2
1765484300.5038397,99,25,23,68,23,3.7332496643066406,61.0,61.5,7.2
1765484300.7080996,99,25,23,68,23,3.7332496643066406,61.0,61.5,7.2
1765484300.909485,93,23,16,27,19,3.7338829040527344,60.5,60.5,5.572
1765484301.111072,93,23,16,27,19,3.7338829040527344,60.5,60.5,5.572
1765484301.3130276,99,26,31,68,26,3.7340011596679688,60.5,61.5,7.32
1765484301.5169208,99,26,31,68,26,3.7340011596679688,60.5,61.5,7.32
1765484301.7192776,99,26,31,68,26,3.7340011596679688,60.5,61.5,7.32
1765484301.9204078,99,22,21,18,20,3.7341156005859375,60.0,61.0,5.685
1765484302.1229055,99,22,21,18,20,3.7341156005859375,60.0,61.0,5.685
1765484302.3251965,99,29,31,31,58,3.7339401245117188,61.0,61.5,7.16
1765484302.5272472,99,29,31,31,58,3.7339401245117188,61.0,61.5,7.16
1765484302.7303264,99,29,31,31,58,3.7339401245117188,61.0,61.5,7.16
1765484302.9333863,99,27,24,18,17,3.7338790893554688,60.5,61.0,5.371
1765484303.1348264,99,27,24,18,17,3.7338790893554688,60.5,61.0,5.371
1765484303.3361468,99,22,28,26,64,3.7343482971191406,61.0,61.5,7.667
1765484303.5383227,99,22,28,26,64,3.7343482971191406,61.0,61.5,7.667
1765484303.7405825,99,22,28,26,64,3.7343482971191406,61.0,61.5,7.667
1765484303.9422836,99,20,8,18,23,3.73406982421875,60.5,61.0,4.942
1765484304.1525874,99,20,8,18,23,3.73406982421875,60.5,61.0,4.942
1765484304.3544054,99,55,30,34,33,3.7340126037597656,60.5,61.5,7.24
1765484304.5557168,99,55,30,34,33,3.7340126037597656,60.5,61.5,7.24
1765484304.758225,99,55,30,34,33,3.7340126037597656,60.5,61.5,7.24
1765484304.9599707,99,26,16,24,21,3.7343368530273438,60.5,61.0,5.492
1765484305.1610405,99,26,16,24,21,3.7343368530273438,60.5,61.0,5.492
1765484305.362263,99,62,20,35,23,3.735107421875,60.5,62.0,8.014
1765484305.5646672,99,62,20,35,23,3.735107421875,60.5,62.0,8.014
1765484305.7682993,99,62,20,35,23,3.735107421875,60.5,62.0,8.014
1765484305.9702153,94,19,14,23,4,3.7343063354492188,60.5,61.0,5.653
1765484306.1714032,94,19,14,23,4,3.7343063354492188,60.5,61.0,5.653
1765484306.3728335,99,39,28,29,64,3.7352867126464844,60.5,61.5,7.091
1765484306.575771,99,39,28,29,64,3.7352867126464844,60.5,61.5,7.091
1765484306.7773874,99,39,28,29,64,3.7352867126464844,60.5,61.5,7.091
1765484306.9790041,92,22,20,30,20,3.734973907470703,61.0,61.0,5.927
1765484307.1801782,92,22,20,30,20,3.734973907470703,61.0,61.0,5.927
1765484307.3811924,99,62,14,16,28,3.736003875732422,61.0,62.0,7.735
1765484307.5834868,99,62,14,16,28,3.736003875732422,61.0,62.0,7.735
1765484307.786033,99,62,14,16,28,3.736003875732422,61.0,62.0,7.735
1765484307.9873884,99,22,19,20,16,3.7358131408691406,60.5,61.5,6.47
1765484308.1888695,99,22,19,20,16,3.7358131408691406,60.5,61.5,6.47
1765484308.3901782,99,33,54,46,30,3.735443115234375,61.0,61.5,7.16
1765484308.5933323,99,33,54,46,30,3.735443115234375,61.0,61.5,7.16
1765484308.7954338,99,33,54,46,30,3.735443115234375,61.0,61.5,7.16
1765484308.996567,94,20,21,20,24,3.7362327575683594,61.0,61.5,6.85
1765484309.1978164,94,20,21,20,24,3.7362327575683594,61.0,61.5,6.85
1765484309.3990448,94,20,21,20,24,3.7362327575683594,61.0,61.5,6.85
1765484309.6006331,99,31,20,18,60,3.7356033325195312,61.0,61.5,7.12
1765484309.8036857,99,31,20,18,60,3.7356033325195312,61.0,61.5,7.12
1765484310.0052912,96,26,19,23,24,3.7356948852539062,60.5,61.0,5.725
1765484310.2063544,96,26,19,23,24,3.7356948852539062,60.5,61.0,5.725
1765484310.4079137,96,26,19,23,24,3.7356948852539062,60.5,61.0,5.725
1765484310.610913,99,59,32,25,35,3.735485076904297,60.5,61.5,7.171
1765484310.8126128,99,59,32,25,35,3.735485076904297,60.5,61.5,7.171
1765484311.0136,84,13,16,27,18,3.736255645751953,60.5,62.0,5.765
1765484311.2146368,84,13,16,27,18,3.736255645751953,60.5,62.0,5.765
1765484311.4167805,84,13,16,27,18,3.736255645751953,60.5,62.0,5.765
1765484311.6185641,99,30,26,18,60,3.7356109619140625,60.5,61.5,7.08
1765484311.8228188,99,30,26,18,60,3.7356109619140625,60.5,61.5,7.08
1765484312.0245407,99,23,20,26,24,3.7360992431640625,60.5,60.5,5.29
1765484312.2256732,99,23,20,26,24,3.7360992431640625,60.5,60.5,5.29
1765484312.4268527,99,23,20,26,24,3.7360992431640625,60.5,60.5,5.29
1765484312.6299293,99,43,42,46,41,3.7573280334472656,60.5,61.5,8.041
1765484312.8332005,99,43,42,46,41,3.7573280334472656,60.5,61.5,8.041
1765484313.0353897,99,19,17,22,10,3.7579803466796875,61.0,62.5,7.934
1765484313.236525,99,19,17,22,10,3.7579803466796875,61.0,62.5,7.934
1765484313.4375248,99,19,17,22,10,3.7579803466796875,61.0,62.5,7.934
1765484313.638983,99,24,23,32,62,3.758258819580078,61.0,62.0,7.854
1765484313.8405216,99,24,23,32,62,3.758258819580078,61.0,62.0,7.854
1765484314.0428486,99,26,20,24,26,3.7591476440429688,60.5,61.0,6.85
1765484314.2442498,99,26,20,24,26,3.7591476440429688,60.5,61.0,6.85
1765484314.445292,99,26,20,24,26,3.7591476440429688,60.5,61.0,6.85
1765484314.6469817,99,34,30,42,50,3.7602157592773438,60.5,61.5,8.041
1765484314.849319,99,34,30,42,50,3.7602157592773438,60.5,61.5,8.041
1765484315.051292,99,18,17,16,14,3.759265899658203,60.5,61.5,6.85
1765484315.2522864,99,18,17,16,14,3.759265899658203,60.5,61.5,6.85
1765484315.453422,99,18,17,16,14,3.759265899658203,60.5,61.5,6.85
1765484315.65577,99,35,31,23,56,3.759204864501953,60.5,62.0,7.587
1765484315.857278,99,35,31,23,56,3.759204864501953,60.5,62.0,7.587
1765484316.059172,99,23,23,24,31,3.7604026794433594,60.5,61.5,7.091
1765484316.2604718,99,23,23,24,31,3.7604026794433594,60.5,61.5,7.091
1765484316.4619975,99,23,23,24,31,3.7604026794433594,60.5,61.5,7.091
1765484316.6637006,99,26,28,61,30,3.7610244750976562,60.5,62.5,8.28
1765484316.8661642,99,26,28,61,30,3.7610244750976562,60.5,62.5,8.28
1765484317.0686948,99,24,24,20,14,3.7600326538085938,60.5,61.5,6.77
1765484317.270054,99,24,24,20,14,3.7600326538085938,60.5,61.5,6.77
1765484317.4712965,99,24,24,20,14,3.7600326538085938,60.5,61.5,6.77
1765484317.6723807,99,28,30,33,64,3.7603836059570312,60.5,61.5,7.627
1765484317.8737738,99,28,30,33,64,3.7603836059570312,60.5,61.5,7.627
1765484318.075197,98,18,25,27,22,3.7611083984375,61.0,61.5,7.28
1765484318.2763426,98,18,25,27,22,3.7611083984375,61.0,61.5,7.28
1765484318.477462,98,18,25,27,22,3.7611083984375,61.0,61.5,7.28
1765484318.6787617,98,25,26,32,44,3.7619667053222656,61.0,62.0,7.961
1765484318.8807704,98,25,26,32,44,3.7619667053222656,61.0,62.0,7.961
1765484319.0834439,98,25,26,32,44,3.7619667053222656,61.0,62.0,7.961
1765484319.2844486,98,25,26,20,18,3.760974884033203,60.0,61.0,6.971
1765484319.4857125,98,25,26,20,18,3.760974884033203,60.0,61.0,6.971
1765484319.6871045,99,31,31,59,28,3.7614479064941406,60.5,62.0,7.4
1765484319.8892167,99,31,31,59,28,3.7614479064941406,60.5,62.0,7.4
1765484320.0909445,99,31,31,59,28,3.7614479064941406,60.5,62.0,7.4
1765484320.2930484,98,24,27,23,20,3.7622451782226562,60.5,61.5,7.667
1765484320.49498,98,24,27,23,20,3.7622451782226562,60.5,61.5,7.667
1765484320.696436,99,51,16,21,18,3.761920928955078,61.0,62.0,7.547
1765484320.8984833,99,51,16,21,18,3.761920928955078,61.0,62.0,7.547
1765484321.1007736,99,51,16,21,18,3.761920928955078,61.0,62.0,7.547
1765484321.3039699,99,29,29,31,20,3.76251220703125,60.5,61.5,7.24
1765484321.5090377,99,29,29,31,20,3.76251220703125,60.5,61.5,7.24
1765484321.7102017,99,32,32,50,27,3.762451171875,60.5,62.5,7.587
1765484321.912369,99,32,32,50,27,3.762451171875,60.5,62.5,7.587
1765484322.1140947,99,32,32,50,27,3.762451171875,60.5,62.5,7.587
1765484322.3165333,99,19,26,28,12,3.7635040283203125,61.0,61.5,7.894
1765484322.5184464,99,19,26,28,12,3.7635040283203125,61.0,61.5,7.894
1765484322.7196343,99,20,22,22,51,3.7627487182617188,60.5,61.5,7.627
1765484322.9210296,99,20,22,22,51,3.7627487182617188,60.5,61.5,7.627
1765484323.1241043,99,20,22,22,51,3.7627487182617188,60.5,61.5,7.627
1765484323.3284066,99,27,36,24,17,3.7627601623535156,60.5,61.5,7.32
1765484323.5325916,99,27,36,24,17,3.7627601623535156,60.5,61.5,7.32
1765484323.7338724,99,40,34,38,41,3.7627601623535156,60.5,61.5,7.747
1765484323.9353976,99,40,34,38,41,3.7627601623535156,60.5,61.5,7.747
1765484324.1368556,99,40,34,38,41,3.7627601623535156,60.5,61.5,7.747
1765484324.33869,98,29,20,14,31,3.7634811401367188,61.0,61.5,7.48
1765484324.5399237,98,29,20,14,31,3.7634811401367188,61.0,61.5,7.48
1765484324.7411144,99,27,50,26,28,3.762969970703125,60.5,61.0,7.468
1765484324.9425251,99,27,50,26,28,3.762969970703125,60.5,61.0,7.468
1765484325.144215,99,27,50,26,28,3.762969970703125,60.5,61.0,7.468
1765484325.3477552,98,26,18,34,19,3.763134002685547,61.0,61.5,7.12
1765484325.5511305,98,26,18,34,19,3.763134002685547,61.0,61.5,7.12
1765484325.7523985,99,28,36,30,46,3.7636375427246094,60.5,62.0,7.974
1765484325.954512,99,28,36,30,46,3.7636375427246094,60.5,62.0,7.974
1765484326.160632,99,28,36,30,46,3.7636375427246094,60.5,62.0,7.974
1765484326.362572,99,24,21,15,35,3.7629470825195312,61.0,61.5,7.12
1765484326.563675,99,24,21,15,35,3.7629470825195312,61.0,61.5,7.12
1765484326.7648766,99,30,34,30,46,3.762969970703125,60.5,61.5,7.587
1765484326.9661257,99,30,34,30,46,3.762969970703125,60.5,61.5,7.587
1765484327.1679122,99,30,34,30,46,3.762969970703125,60.5,61.5,7.587
1765484327.3711152,99,22,32,17,20,3.762847900390625,61.0,61.5,7.44
1765484327.5725925,99,22,32,17,20,3.762847900390625,61.0,61.5,7.44
1765484327.7740414,99,29,39,35,22,3.7636680603027344,60.5,62.5,8.081
1765484327.9760847,99,29,39,35,22,3.7636680603027344,60.5,62.5,8.081
1765484328.1798592,99,29,39,35,22,3.7636680603027344,60.5,62.5,8.081
1765484328.3823774,99,21,22,32,22,3.763103485107422,60.5,61.5,7.388
1765484328.5839329,99,21,22,32,22,3.763103485107422,60.5,61.5,7.388
1765484328.785154,99,62,28,28,28,3.7629623413085938,60.5,62.0,7.667
1765484328.9873042,99,62,28,28,28,3.7629623413085938,60.5,62.0,7.667
1765484329.1891472,99,62,28,28,28,3.7629623413085938,60.5,62.0,7.667
1765484329.3914292,99,36,20,16,20,3.7631988525390625,61.0,61.5,7.787
1765484329.5929463,99,36,20,16,20,3.7631988525390625,61.0,61.5,7.787
1765484329.7941551,99,54,26,24,19,3.7635726928710938,60.5,62.0,8.001
1765484329.9956503,99,54,26,24,19,3.7635726928710938,60.5,62.0,8.001
1765484330.198017,99,54,26,24,19,3.7635726928710938,60.5,62.0,8.001
1765484330.4015007,99,28,32,14,19,3.763439178466797,61.0,61.5,7.32
1765484330.603159,99,28,32,14,19,3.763439178466797,61.0,61.5,7.32
1765484330.8042176,99,44,48,28,30,3.7630767822265625,60.5,61.5,7.695
1765484331.0063863,99,44,48,28,30,3.7630767822265625,60.5,61.5,7.695
1765484331.208214,99,44,48,28,30,3.7630767822265625,60.5,61.5,7.695
1765484331.4105854,99,20,40,14,18,3.7636680603027344,60.5,62.0,8.081
1765484331.6119323,99,20,40,14,18,3.7636680603027344,60.5,62.0,8.081
1765484331.8130662,99,20,40,14,18,3.7636680603027344,60.5,62.0,8.081
1765484332.014914,99,42,37,19,16,3.7628402709960938,60.5,61.5,7.627
1765484332.218553,99,42,37,19,16,3.7628402709960938,60.5,61.5,7.627
1765484332.422439,99,26,24,22,26,3.7633590698242188,61.0,61.5,7.4
1765484332.6241136,99,26,24,22,26,3.7633590698242188,61.0,61.5,7.4
1765484332.8253999,99,26,24,22,26,3.7633590698242188,61.0,61.5,7.4
1765484333.0316815,99,51,28,32,34,3.7632064819335938,61.0,62.0,7.735
1765484333.2334445,99,51,28,32,34,3.7632064819335938,61.0,62.0,7.735
1765484333.4347446,99,33,23,15,17,3.7638282775878906,61.0,61.5,7.814
1765484333.6367536,99,33,23,15,17,3.7638282775878906,61.0,61.5,7.814
1765484333.8383527,99,33,23,15,17,3.7638282775878906,61.0,61.5,7.814
1765484334.0395784,99,26,49,23,35,3.7629547119140625,61.0,61.5,7.468
1765484334.2430592,99,26,49,23,35,3.7629547119140625,61.0,61.5,7.468
1765484334.4461846,99,25,32,25,21,3.763031005859375,61.0,61.5,7.171
1765484334.6476526,99,25,32,25,21,3.763031005859375,61.0,61.5,7.171
1765484334.8488493,99,25,32,25,21,3.763031005859375,61.0,61.5,7.171
1765484335.0503595,99,27,33,36,52,3.7629547119140625,61.0,61.5,7.974
1765484335.253214,99,27,33,36,52,3.7629547119140625,61.0,61.5,7.974
1765484335.4553397,99,14,21,22,28,3.763782501220703,61.0,62.0,7.735
1765484335.6563988,99,14,21,22,28,3.763782501220703,61.0,62.0,7.735
1765484335.8578134,99,14,21,22,28,3.763782501220703,61.0,62.0,7.735
1765484336.0589128,99,46,20,34,25,3.7630691528320312,60.5,61.5,7.547
1765484336.2610612,99,46,20,34,25,3.7630691528320312,60.5,61.5,7.547
1765484336.464566,99,40,21,22,14,3.76318359375,60.5,61.5,7.468
1765484336.6659276,99,40,21,22,14,3.76318359375,60.5,61.5,7.468
1765484336.86701,99,40,21,22,14,3.76318359375,60.5,61.5,7.468
1765484337.068188,99,27,38,40,33,3.763599395751953,60.5,62.0,8.12
1765484337.2711751,99,27,38,40,33,3.763599395751953,60.5,62.0,8.12
1765484337.4738212,99,23,32,16,14,3.762592315673828,60.5,61.5,7.4
1765484337.6750057,99,23,32,16,14,3.762592315673828,60.5,61.5,7.4
1765484337.8764477,99,23,32,16,14,3.762592315673828,60.5,61.5,7.4
1765484338.0781846,99,51,25,38,26,3.763195037841797,60.5,62.0,7.707
1765484338.280085,99,51,25,38,26,3.763195037841797,60.5,62.0,7.707
1765484338.4821467,99,37,18,24,18,3.7628250122070312,61.0,61.5,7.48
1765484338.683473,99,37,18,24,18,3.7628250122070312,61.0,61.5,7.48
1765484338.8846548,99,37,18,24,18,3.7628250122070312,61.0,61.5,7.48
1765484339.0858893,99,34,27,40,29,3.763835906982422,60.5,62.5,7.974
1765484339.2882612,99,34,27,40,29,3.763835906982422,60.5,62.5,7.974
1765484339.4905994,98,19,33,22,20,3.7625885009765625,61.0,61.5,6.971
1765484339.6919236,98,19,33,22,20,3.7625885009765625,61.0,61.5,6.971
1765484339.893141,98,19,33,22,20,3.7625885009765625,61.0,61.5,6.971
1765484340.094627,99,30,54,25,41,3.762645721435547,60.5,61.5,7.44
1765484340.2958722,99,30,54,25,41,3.762645721435547,60.5,61.5,7.44
1765484340.496955,99,21,22,34,12,3.7628517150878906,61.0,61.5,7.32
1765484340.6994665,99,21,22,34,12,3.7628517150878906,61.0,61.5,7.32
1765484340.9010258,99,21,22,34,12,3.7628517150878906,61.0,61.5,7.32
1765484341.1023765,99,20,33,20,50,3.7635498046875,60.5,61.5,7.814
1765484341.304938,99,20,33,20,50,3.7635498046875,60.5,61.5,7.814
1765484341.5071654,99,20,33,20,50,3.7635498046875,60.5,61.5,7.814
1765484341.7095234,99,25,24,20,26,3.762939453125,61.0,61.5,6.971
1765484341.9108217,99,25,24,20,26,3.762939453125,61.0,61.5,6.971
1765484342.1118515,99,28,62,32,20,3.7630043029785156,61.0,61.5,7.547
1765484342.3146918,99,28,62,32,20,3.7630043029785156,61.0,61.5,7.547
1765484342.5163546,99,28,62,32,20,3.7630043029785156,61.0,61.5,7.547
1765484342.7194173,99,22,32,25,27,3.7639923095703125,61.0,62.0,7.814
1765484342.9211128,99,22,32,25,27,3.7639923095703125,61.0,62.0,7.814
1765484343.1224623,99,36,43,16,10,3.7632980346679688,60.5,61.5,7.547
1765484343.3244693,99,36,43,16,10,3.7632980346679688,60.5,61.5,7.547
1765484343.5279763,99,36,43,16,10,3.7632980346679688,60.5,61.5,7.547
1765484343.73136,99,32,30,29,18,3.763172149658203,61.0,61.5,7.211
1765484343.9337273,99,32,30,29,18,3.763172149658203,61.0,61.5,7.211
1765484344.135663,99,38,28,28,57,3.762950897216797,60.5,61.5,7.547
1765484344.3391063,99,38,28,28,57,3.762950897216797,60.5,61.5,7.547
1765484344.5409026,99,38,28,28,57,3.762950897216797,60.5,61.5,7.547
1765484344.7429738,99,18,20,14,31,3.763885498046875,61.0,61.5,7.735
1765484344.9444962,99,18,20,14,31,3.763885498046875,61.0,61.5,7.735
1765484345.1459498,99,36,22,18,34,3.7629165649414062,60.5,61.5,7.428
1765484345.3472626,99,36,22,18,34,3.7629165649414062,60.5,61.5,7.428
1765484345.5498204,99,36,22,18,34,3.7629165649414062,60.5,61.5,7.428
1765484345.7528465,99,26,14,19,28,3.762928009033203,61.0,61.5,7.051
1765484345.955328,99,26,14,19,28,3.762928009033203,61.0,61.5,7.051
1765484346.156919,99,43,38,37,34,3.763195037841797,60.5,61.5,7.667
1765484346.35986,99,43,38,37,34,3.763195037841797,60.5,61.5,7.667
1765484346.561462,99,43,38,37,34,3.763195037841797,60.5,61.5,7.667
1765484346.7630875,99,28,14,16,14,3.763153076171875,60.5,61.5,7.24
1765484346.964482,99,28,14,16,14,3.763153076171875,60.5,61.5,7.24
1765484347.1655822,99,29,24,50,29,3.7631378173828125,61.0,62.5,7.547
1765484347.36697,99,29,24,50,29,3.7631378173828125,61.0,62.5,7.547
1765484347.5702124,99,29,24,50,29,3.7631378173828125,61.0,62.5,7.547
1765484347.7733588,98,15,26,24,22,3.7632827758789062,61.0,61.5,7.051
1765484347.9755313,98,15,26,24,22,3.7632827758789062,61.0,61.5,7.051
1765484348.1810024,99,38,47,28,32,3.7634429931640625,60.5,62.0,8.16
1765484348.3831372,99,38,47,28,32,3.7634429931640625,60.5,62.0,8.16
1765484348.5867453,99,38,47,28,32,3.7634429931640625,60.5,62.0,8.16
1765484348.7886474,98,24,21,23,16,3.762805938720703,60.5,61.5,7.011
1765484348.989904,98,24,21,23,16,3.762805938720703,60.5,61.5,7.011
1765484349.1910832,99,23,60,34,29,3.7633018493652344,60.5,61.5,7.854
1765484349.392303,99,23,60,34,29,3.7633018493652344,60.5,61.5,7.854
1765484349.594334,99,23,60,34,29,3.7633018493652344,60.5,61.5,7.854
1765484349.7957473,99,22,14,24,18,3.7631454467773438,61.0,61.5,6.891
1765484349.9968073,99,22,14,24,18,3.7631454467773438,61.0,61.5,6.891
1765484350.1980667,99,34,27,34,48,3.7639427185058594,60.5,62.5,8.544
1765484350.3999875,99,34,27,34,48,3.7639427185058594,60.5,62.5,8.544
1765484350.601864,99,34,27,34,48,3.7639427185058594,60.5,62.5,8.544
1765484350.803346,99,19,22,14,20,3.7631568908691406,61.0,61.0,7.08
1765484351.0046003,99,19,22,14,20,3.7631568908691406,61.0,61.0,7.08
1765484351.205777,99,28,63,30,30,3.763275146484375,60.5,61.5,7.974
1765484351.4078112,99,28,63,30,30,3.763275146484375,60.5,61.5,7.974
1765484351.6094754,99,28,63,30,30,3.763275146484375,60.5,61.5,7.974
1765484351.8118026,99,20,25,29,12,3.7634506225585938,60.5,61.5,7.348
1765484352.0135314,99,20,25,29,12,3.7634506225585938,60.5,61.5,7.348
1765484352.2147663,99,25,25,24,58,3.763702392578125,61.0,62.5,8.16
1765484352.4166856,99,25,25,24,58,3.763702392578125,61.0,62.5,8.16
1765484352.6209574,99,25,25,24,58,3.763702392578125,61.0,62.5,8.16
1765484352.824756,99,15,19,26,25,3.7632713317871094,61.0,61.5,7.16
1765484353.0275583,99,15,19,26,25,3.7632713317871094,61.0,61.5,7.16
1765484353.230873,98,35,35,59,34,3.7633628845214844,60.5,62.5,7.775
1765484353.432807,98,35,35,59,34,3.7633628845214844,60.5,62.5,7.775
1765484353.634314,98,35,35,59,34,3.7633628845214844,60.5,62.5,7.775
1765484353.8371878,99,17,19,21,24,3.763935089111328,60.5,62.0,7.667
1765484354.0391881,99,17,19,21,24,3.763935089111328,60.5,62.0,7.667
1765484354.2411435,99,17,19,21,24,3.763935089111328,60.5,62.0,7.667
1765484354.4425917,99,18,65,16,20,3.7630043029785156,61.0,61.5,7.627
1765484354.6460607,99,18,65,16,20,3.7630043029785156,61.0,61.5,7.627
1765484354.848352,99,28,23,21,12,3.7632408142089844,60.5,61.5,7.011
1765484355.0503955,99,28,23,21,12,3.7632408142089844,60.5,61.5,7.011
1765484355.2515545,99,28,23,21,12,3.7632408142089844,60.5,61.5,7.011
1765484355.4541593,99,31,58,29,33,3.7629241943359375,61.0,62.0,7.894
1765484355.6558018,99,31,58,29,33,3.7629241943359375,61.0,62.0,7.894
1765484355.857233,99,29,28,21,18,3.763591766357422,60.5,62.0,7.667
1765484356.0583966,99,29,28,21,18,3.763591766357422,60.5,62.0,7.667
1765484356.2595088,99,29,28,21,18,3.763591766357422,60.5,62.0,7.667
1765484356.4605908,99,20,63,16,22,3.762939453125,60.5,61.5,7.775
1765484356.662623,99,20,63,16,22,3.762939453125,60.5,61.5,7.775
1765484356.8664699,99,24,22,23,19,3.7626991271972656,60.5,61.5,6.821
1765484357.0683875,99,24,22,23,19,3.7626991271972656,60.5,61.5,6.821
1765484357.2695735,99,24,22,23,19,3.7626991271972656,60.5,61.5,6.821
1765484357.4715223,99,45,34,35,49,3.7626991271972656,60.5,62.5,8.2
1765484357.6742477,99,45,34,35,49,3.7626991271972656,60.5,62.5,8.2
1765484357.8756719,99,14,20,23,16,3.7626724243164062,61.0,61.5,7.211
1765484358.0767653,99,14,20,23,16,3.7626724243164062,61.0,61.5,7.211
1765484358.2780895,99,14,20,23,16,3.7626724243164062,61.0,61.5,7.211
1765484358.479232,99,26,27,26,59,3.7630577087402344,61.0,62.0,7.934
1765484358.6810887,99,26,27,26,59,3.7630577087402344,61.0,62.0,7.934
1765484358.8834937,99,18,24,18,26,3.7625770568847656,61.0,61.5,6.741
1765484359.0849206,99,18,24,18,26,3.7625770568847656,61.0,61.5,6.741
1765484359.2863278,99,18,24,18,26,3.7625770568847656,61.0,61.5,6.741
1765484359.4877872,99,33,64,27,28,3.7630958557128906,61.0,62.0,8.385
1765484359.6912856,99,33,64,27,28,3.7630958557128906,61.0,62.0,8.385
1765484359.894313,99,18,22,13,12,3.7624588012695312,61.0,61.5,6.621
1765484360.0959475,99,18,22,13,12,3.7624588012695312,61.0,61.5,6.621
1765484360.297105,99,18,22,13,12,3.7624588012695312,61.0,61.5,6.621
1765484360.4989479,99,30,27,28,64,3.7626075744628906,61.0,62.0,7.974
1765484360.700583,99,30,27,28,64,3.7626075744628906,61.0,62.0,7.974
1765484360.9029255,99,19,23,23,21,3.7628097534179688,60.5,62.0,7.08
1765484361.1042254,99,19,23,23,21,3.7628097534179688,60.5,62.0,7.08
1765484361.3054578,99,19,23,23,21,3.7628097534179688,60.5,62.0,7.08
1765484361.507032,99,28,31,54,29,3.7632980346679688,61.0,63.0,8.465
1765484361.7093716,99,28,31,54,29,3.7632980346679688,61.0,63.0,8.465
1765484361.911734,99,26,18,14,18,3.762409210205078,60.5,62.0,7.091
1765484362.113256,99,26,18,14,18,3.762409210205078,60.5,62.0,7.091
1765484362.3143787,99,26,18,14,18,3.762409210205078,60.5,62.0,7.091
1765484362.515747,99,60,24,39,26,3.7626914978027344,61.0,62.0,7.667
1765484362.7170472,99,60,24,39,26,3.7626914978027344,61.0,62.0,7.667
1765484362.9186769,99,25,22,19,20,3.7628402709960938,61.0,61.5,7.48
1765484363.119772,99,25,22,19,20,3.7628402709960938,61.0,61.5,7.48
1765484363.320793,99,25,22,19,20,3.7628402709960938,61.0,61.5,7.48
1765484363.5222628,99,24,34,56,17,3.7638893127441406,61.5,62.5,8.041
1765484363.724993,99,24,34,56,17,3.7638893127441406,61.5,62.5,8.041
1765484363.9269748,99,24,34,56,17,3.7638893127441406,61.5,62.5,8.041
1765484364.1286163,99,18,24,22,19,3.7633094787597656,60.5,62.0,7.28
1765484364.3300607,99,18,24,22,19,3.7633094787597656,60.5,62.0,7.28
1765484364.531992,98,30,38,64,30,3.762805938720703,61.0,63.0,7.707
1765484364.735566,98,30,38,64,30,3.762805938720703,61.0,63.0,7.707
1765484364.9372225,98,30,38,64,30,3.762805938720703,61.0,63.0,7.707
1765484365.1382844,99,22,23,24,20,3.7637557983398438,61.0,61.5,7.667
1765484365.339457,99,22,23,24,20,3.7637557983398438,61.0,61.5,7.667
1765484365.540565,99,22,15,64,20,3.763134002685547,61.0,63.0,7.894
1765484365.7428377,99,22,15,64,20,3.763134002685547,61.0,63.0,7.894
1765484365.9448721,99,22,15,64,20,3.763134002685547,61.0,63.0,7.894
1765484366.146244,99,26,18,20,23,3.7632789611816406,61.0,61.5,7.051
1765484366.3475556,99,26,18,20,23,3.7632789611816406,61.0,61.5,7.051
1765484366.5488396,99,44,32,42,38,3.763042449951172,61.0,62.5,7.974
1765484366.751323,99,44,32,42,38,3.763042449951172,61.0,62.5,7.974
1765484366.9541178,99,44,32,42,38,3.763042449951172,61.0,62.5,7.974
1765484367.155308,99,21,21,16,21,3.763904571533203,61.5,61.5,7.388
1765484367.3564963,99,21,21,16,21,3.763904571533203,61.5,61.5,7.388
1765484367.5578535,99,25,18,61,30,3.7631607055664062,61.5,63.0,7.814
1765484367.7593899,99,25,18,61,30,3.7631607055664062,61.5,63.0,7.814
1765484367.9627223,99,25,18,61,30,3.7631607055664062,61.5,63.0,7.814
1765484368.1643233,99,24,19,20,16,3.7635459899902344,61.0,62.0,7.28
1765484368.3655798,99,24,19,20,16,3.7635459899902344,61.0,62.0,7.28
1765484368.566782,98,58,45,31,28,3.7628555297851562,61.0,63.0,8.24
1765484368.77201,98,58,45,31,28,3.7628555297851562,61.0,63.0,8.24
1765484368.9741921,98,58,45,31,28,3.7628555297851562,61.0,63.0,8.24
1765484369.175226,99,16,21,20,15,3.7637405395507812,61.0,62.0,7.735
1765484369.3764877,99,16,21,20,15,3.7637405395507812,61.0,62.0,7.735
1765484369.5779822,99,24,27,63,16,3.763275146484375,61.0,62.5,7.814
1765484369.7794867,99,24,27,63,16,3.763275146484375,61.0,62.5,7.814
1765484369.9819968,99,24,27,63,16,3.763275146484375,61.0,62.5,7.814
1765484370.1833673,99,20,24,25,21,3.7631301879882812,61.0,62.0,7.547
1765484370.3844593,99,20,24,25,21,3.7631301879882812,61.0,62.0,7.547
1765484370.585577,99,26,27,67,26,3.7639083862304688,61.5,63.0,8.306
1765484370.7884204,99,26,27,67,26,3.7639083862304688,61.5,63.0,8.306
1765484370.9919932,99,26,27,67,26,3.7639083862304688,61.5,63.0,8.306
1765484371.1937633,99,26,14,14,15,3.7632713317871094,61.0,62.0,7.48
1765484371.3947659,99,26,14,14,15,3.7632713317871094,61.0,62.0,7.48
1765484371.5961814,99,29,24,42,64,3.7632713317871094,61.0,62.5,7.814
1765484371.7974308,99,29,24,42,64,3.7632713317871094,61.0,62.5,7.814
1765484371.9996734,99,29,24,42,64,3.7632713317871094,61.0,62.5,7.814
1765484372.2015479,99,21,22,27,16,3.7634048461914062,61.0,62.0,7.627
1765484372.4028919,99,21,22,27,16,3.7634048461914062,61.0,62.0,7.627
1765484372.604336,99,26,25,71,22,3.7640151977539062,61.5,63.0,8.425
1765484372.8065255,99,26,25,71,22,3.7640151977539062,61.5,63.0,8.425
1765484373.0102968,99,26,25,71,22,3.7640151977539062,61.5,63.0,8.425
1765484373.2116256,99,22,18,18,16,3.7634201049804688,61.0,61.5,7.32
1765484373.4134552,99,22,18,18,16,3.7634201049804688,61.0,61.5,7.32
1765484373.6152575,99,32,72,28,28,3.763385772705078,61.0,62.0,7.775
1765484373.8186738,99,32,72,28,28,3.763385772705078,61.0,62.0,7.775
1765484374.0206013,99,32,72,28,28,3.763385772705078,61.0,62.0,7.775
1765484374.2232926,99,25,22,23,23,3.763225555419922,61.0,62.0,7.707
1765484374.4248624,99,25,22,23,23,3.763225555419922,61.0,62.0,7.707
1765484374.626194,99,28,59,28,16,3.763782501220703,61.0,62.5,8.28
1765484374.8280833,99,28,59,28,16,3.763782501220703,61.0,62.5,8.28
1765484375.0315175,99,28,59,28,16,3.763782501220703,61.0,62.5,8.28
1765484375.2350805,99,23,16,16,26,3.7629241943359375,61.0,62.0,7.2
