ts,gpu,cpu1,cpu2,cpu3,cpu4,ram,temp_gpu,temp_cpu,power
1765481329.3058443,0,32,35,21,32,3.7496337890625,69.5,68.0,2.971
1765481329.5071146,0,32,35,21,32,3.7496337890625,69.5,68.0,2.971
1765481329.7084785,0,32,35,21,32,3.7496337890625,69.5,68.0,2.971
1765481329.9099162,0,32,35,21,32,3.7496337890625,69.5,68.0,2.971
1765481330.1124032,99,14,19,30,47,3.7728271484375,44.5,45.0,8.108
1765481330.3145015,99,14,19,30,47,3.7728271484375,44.5,45.0,8.108
1765481330.5157182,99,62,42,50,70,3.7686843872070312,44.5,47.0,7.962
1765481330.716805,99,62,42,50,70,3.7686843872070312,44.5,47.0,7.962
1765481330.9212785,99,62,42,50,70,3.7686843872070312,44.5,47.0,7.962
1765481331.123735,99,58,64,40,52,3.738384246826172,45.0,47.0,9.87
1765481331.3248053,99,58,64,40,52,3.738384246826172,45.0,47.0,9.87
1765481331.525891,99,61,78,68,62,3.735393524169922,45.0,45.5,7.923
1765481331.727528,99,61,78,68,62,3.735393524169922,45.0,45.5,7.923
1765481331.929127,99,61,78,68,62,3.735393524169922,45.0,45.5,7.923
1765481332.130263,99,46,42,32,29,3.7304725646972656,44.5,45.5,6.897
1765481332.3314428,99,46,42,32,29,3.7304725646972656,44.5,45.5,6.897
1765481332.5325978,99,27,46,28,24,3.7360267639160156,45.0,45.5,8.068
1765481332.7336528,99,27,46,28,24,3.7360267639160156,45.0,45.5,8.068
1765481332.934901,99,27,46,28,24,3.7360267639160156,45.0,45.5,8.068
1765481333.1362464,99,26,20,20,52,3.7423095703125,45.0,46.0,8.345
1765481333.337339,99,26,20,20,52,3.7423095703125,45.0,46.0,8.345
1765481333.5392685,74,47,36,40,42,3.7378997802734375,44.5,47.0,7.085
1765481333.740371,74,47,36,40,42,3.7378997802734375,44.5,47.0,7.085
1765481333.9414697,74,47,36,40,42,3.7378997802734375,44.5,47.0,7.085
1765481334.1424553,99,38,45,47,35,3.7388648986816406,45.5,45.5,7.578
1765481334.3436365,99,38,45,47,35,3.7388648986816406,45.5,45.5,7.578
1765481334.5446768,99,30,33,52,31,3.7395286560058594,45.0,46.5,8.529
1765481334.7458513,99,30,33,52,31,3.7395286560058594,45.0,46.5,8.529
1765481334.9469106,99,30,33,52,31,3.7395286560058594,45.0,46.5,8.529
1765481335.148353,99,10,12,20,13,3.7391090393066406,44.5,45.5,7.085
1765481335.3493454,99,10,12,20,13,3.7391090393066406,44.5,45.5,7.085
1765481335.5502942,99,26,27,34,37,3.7392311096191406,45.5,45.5,7.777
1765481335.7513301,99,26,27,34,37,3.7392311096191406,45.5,45.5,7.777
1765481335.9526691,99,26,27,34,37,3.7392311096191406,45.5,45.5,7.777
1765481336.1537392,99,48,41,34,30,3.738819122314453,45.5,45.5,8.226
1765481336.3548412,99,48,41,34,30,3.738819122314453,45.5,45.5,8.226
1765481336.556822,99,48,41,34,30,3.738819122314453,45.5,45.5,8.226
1765481336.7595599,64,24,16,19,16,3.7397422790527344,44.5,46.5,5.969
1765481336.960631,64,24,16,19,16,3.7397422790527344,44.5,46.5,5.969
1765481337.1618078,99,28,24,23,38,3.739299774169922,45.5,46.0,7.923
1765481337.3633423,99,28,24,23,38,3.739299774169922,45.5,46.0,7.923
1765481337.5662105,99,28,24,23,38,3.739299774169922,45.5,46.0,7.923
1765481337.7672758,99,24,34,52,27,3.7398529052734375,45.0,46.0,7.923
1765481337.968352,99,24,34,52,27,3.7398529052734375,45.0,46.0,7.923
1765481338.1694365,35,21,18,18,14,3.7397689819335938,45.0,45.5,6.049
1765481338.3706594,35,21,18,18,14,3.7397689819335938,45.0,45.5,6.049
1765481338.572775,35,21,18,18,14,3.7397689819335938,45.0,45.5,6.049
1765481338.773887,99,18,24,39,16,3.740264892578125,45.5,46.0,8.371
1765481338.9754226,99,18,24,39,16,3.740264892578125,45.5,46.0,8.371
1765481339.1770883,99,28,53,20,27,3.7397727966308594,45.5,46.0,7.804
1765481339.3783407,99,28,53,20,27,3.7397727966308594,45.5,46.0,7.804
1765481339.5794265,99,28,53,20,27,3.7397727966308594,45.5,46.0,7.804
1765481339.780798,99,25,19,17,20,3.7396583557128906,45.5,46.0,6.897
1765481339.9819841,99,25,19,17,20,3.7396583557128906,45.5,46.0,6.897
1765481340.183263,99,44,50,32,33,3.7375869750976562,45.5,47.0,9.17
1765481340.3842926,99,44,50,32,33,3.7375869750976562,45.5,47.0,9.17
1765481340.5858855,99,44,50,32,33,3.7375869750976562,45.5,47.0,9.17
1765481340.7870998,99,39,30,23,14,3.7366409301757812,45.5,46.5,7.883
1765481340.9883752,99,39,30,23,14,3.7366409301757812,45.5,46.5,7.883
1765481341.189438,99,20,21,20,17,3.7378616333007812,45.5,46.5,7.125
1765481341.3904815,99,20,21,20,17,3.7378616333007812,45.5,46.5,7.125
1765481341.5915382,99,20,21,20,17,3.7378616333007812,45.5,46.5,7.125
1765481341.7926853,99,48,28,34,27,3.7377548217773438,45.5,46.0,7.658
1765481341.9939532,99,48,28,34,27,3.7377548217773438,45.5,46.0,7.658
1765481342.1951003,99,38,30,31,18,3.7389144897460938,45.5,46.5,8.147
1765481342.3964202,99,38,30,31,18,3.7389144897460938,45.5,46.5,8.147
1765481342.5978506,99,38,30,31,18,3.7389144897460938,45.5,46.5,8.147
1765481342.7994657,99,24,28,25,33,3.7376327514648438,45.5,46.0,7.312
1765481343.0005999,99,24,28,25,33,3.7376327514648438,45.5,46.0,7.312
1765481343.2017643,99,46,37,44,32,3.7381134033203125,46.0,46.0,7.352
1765481343.402891,99,46,37,44,32,3.7381134033203125,46.0,46.0,7.352
1765481343.6043632,99,46,37,44,32,3.7381134033203125,46.0,46.0,7.352
1765481343.8053756,99,30,40,29,26,3.7383460998535156,46.0,47.0,7.883
1765481344.006408,99,30,40,29,26,3.7383460998535156,46.0,47.0,7.883
1765481344.207576,99,10,13,13,21,3.7380638122558594,46.0,46.0,7.962
1765481344.40886,99,10,13,13,21,3.7380638122558594,46.0,46.0,7.962
1765481344.6101177,99,10,13,13,21,3.7380638122558594,46.0,46.0,7.962
1765481344.8112144,99,22,30,52,29,3.737873077392578,46.0,46.5,7.923
1765481345.012277,99,22,30,52,29,3.737873077392578,46.0,46.5,7.923
1765481345.2134023,99,29,41,29,25,3.738018035888672,45.5,46.5,7.883
1765481345.414562,99,29,41,29,25,3.738018035888672,45.5,46.5,7.883
1765481345.6157515,99,29,41,29,25,3.738018035888672,45.5,46.5,7.883
1765481345.8168464,99,19,20,26,28,3.7389144897460938,46.0,46.5,8.45
1765481346.0177674,99,19,20,26,28,3.7389144897460938,46.0,46.5,8.45
1765481346.2186599,99,42,21,29,21,3.7380409240722656,46.0,46.5,7.578
1765481346.4197094,99,42,21,29,21,3.7380409240722656,46.0,46.5,7.578
1765481346.620584,99,42,21,29,21,3.7380409240722656,46.0,46.5,7.578
1765481346.8216457,99,29,32,34,23,3.7381210327148438,45.5,48.0,7.499
1765481347.022841,99,29,32,34,23,3.7381210327148438,45.5,48.0,7.499
1765481347.2238584,99,18,38,24,24,3.733112335205078,46.0,46.5,7.777
1765481347.4250858,99,18,38,24,24,3.733112335205078,46.0,46.5,7.777
1765481347.626182,99,18,38,24,24,3.733112335205078,46.0,46.5,7.777
1765481347.8272417,99,20,51,22,24,3.7338943481445312,46.0,47.0,8.489
1765481348.0283554,99,20,51,22,24,3.7338943481445312,46.0,47.0,8.489
1765481348.229566,99,20,51,22,24,3.7338943481445312,46.0,47.0,8.489
1765481348.4307153,99,24,27,14,20,3.7334938049316406,46.0,48.0,7.245
1765481348.6318958,99,24,27,14,20,3.7334938049316406,46.0,48.0,7.245
1765481348.8330936,99,24,38,22,20,3.7336959838867188,46.5,47.0,7.618
1765481349.0341344,99,24,38,22,20,3.7336959838867188,46.5,47.0,7.618
1765481349.2352045,99,24,38,22,20,3.7336959838867188,46.5,47.0,7.618
1765481349.4363682,99,28,56,28,30,3.734203338623047,46.5,47.5,8.608
1765481349.6374114,99,28,56,28,30,3.734203338623047,46.5,47.5,8.608
1765481349.8404417,99,10,11,23,15,3.7358474731445312,45.5,47.0,6.738
1765481350.0417662,99,10,11,23,15,3.7358474731445312,45.5,47.0,6.738
1765481350.2429194,99,10,11,23,15,3.7358474731445312,45.5,47.0,6.738
1765481350.4438539,99,41,27,34,30,3.734130859375,46.5,47.0,7.883
1765481350.6486943,99,41,27,34,30,3.734130859375,46.5,47.0,7.883
1765481350.849815,99,34,38,38,45,3.7348403930664062,47.0,46.5,8.187
1765481351.0508337,99,34,38,38,45,3.7348403930664062,47.0,46.5,8.187
1765481351.2518096,99,34,38,38,45,3.7348403930664062,47.0,46.5,8.187
1765481351.452995,23,26,14,21,18,3.7357139587402344,45.5,48.5,5.849
1765481351.6539328,23,26,14,21,18,3.7357139587402344,45.5,48.5,5.849
1765481351.855092,99,41,22,19,18,3.735027313232422,46.5,47.0,7.962
1765481352.0564573,99,41,22,19,18,3.735027313232422,46.5,47.0,7.962
1765481352.257677,99,41,22,19,18,3.735027313232422,46.5,47.0,7.962
1765481352.4590125,99,24,46,55,37,3.7369842529296875,47.0,48.0,9.092
1765481352.6694937,99,24,46,55,37,3.7369842529296875,47.0,48.0,9.092
1765481352.8707983,43,28,22,26,27,3.7434921264648438,46.0,47.0,6.618
1765481353.0725594,43,28,22,26,27,3.7434921264648438,46.0,47.0,6.618
1765481353.2738516,43,28,22,26,27,3.7434921264648438,46.0,47.0,6.618
1765481353.4749753,99,23,22,41,24,3.7446212768554688,47.0,47.0,8.45
1765481353.6849504,99,23,22,41,24,3.7446212768554688,47.0,47.0,8.45
1765481353.8860211,99,37,27,50,24,3.743877410888672,46.5,47.5,8.489
1765481354.08722,99,37,27,50,24,3.743877410888672,46.5,47.5,8.489
1765481354.2883139,99,37,27,50,24,3.743877410888672,46.5,47.5,8.489
1765481354.4895463,99,32,31,32,28,3.7449569702148438,46.0,47.5,5.969
1765481354.6905265,99,32,31,32,28,3.7449569702148438,46.0,47.5,5.969
1765481354.8917835,99,27,32,29,52,3.7456321716308594,47.0,47.5,8.83
1765481355.0928948,99,27,32,29,52,3.7456321716308594,47.0,47.5,8.83
1765481355.294026,99,27,32,29,52,3.7456321716308594,47.0,47.5,8.83
1765481355.4952345,99,28,22,51,25,3.7459335327148438,47.0,47.5,7.697
1765481355.6963067,99,28,22,51,25,3.7459335327148438,47.0,47.5,7.697
1765481355.8974333,99,27,24,21,25,3.7449569702148438,47.0,47.0,6.857
1765481356.0987628,99,27,24,21,25,3.7449569702148438,47.0,47.0,6.857
1765481356.2997494,99,27,24,21,25,3.7449569702148438,47.0,47.0,6.857
1765481356.5008948,99,40,50,57,40,3.7453994750976562,47.0,47.5,8.108
1765481356.7045288,99,40,50,57,40,3.7453994750976562,47.0,47.5,8.108
1765481356.9056935,99,27,48,28,24,3.7461280822753906,47.0,48.0,8.371
1765481357.1069403,99,27,48,28,24,3.7461280822753906,47.0,48.0,8.371
1765481357.308243,99,27,48,28,24,3.7461280822753906,47.0,48.0,8.371
1765481357.5096552,99,26,23,24,20,3.7455482482910156,47.0,47.5,7.273
1765481357.710798,99,26,23,24,20,3.7455482482910156,47.0,47.5,7.273
1765481357.9118915,99,57,49,48,56,3.7455406188964844,47.0,48.0,8.226
1765481358.1129513,99,57,49,48,56,3.7455406188964844,47.0,48.0,8.226
1765481358.3170195,99,57,49,48,56,3.7455406188964844,47.0,48.0,8.226
1765481358.5183327,99,43,39,41,33,3.7458572387695312,47.0,48.5,8.305
1765481358.7194903,99,43,39,41,33,3.7458572387695312,47.0,48.5,8.305
1765481358.9208505,99,26,18,19,13,3.7339515686035156,47.0,48.0,8.226
1765481359.1220014,99,26,18,19,13,3.7339515686035156,47.0,48.0,8.226
1765481359.3230426,99,26,18,19,13,3.7339515686035156,47.0,48.0,8.226
1765481359.5241458,99,25,23,47,35,3.740734100341797,47.0,47.5,7.578
1765481359.7251372,99,25,23,47,35,3.740734100341797,47.0,47.5,7.578
1765481359.926309,99,25,23,47,35,3.740734100341797,47.0,47.5,7.578
1765481360.1282315,99,32,24,26,28,3.7412567138671875,47.0,48.0,7.233
1765481360.3293622,99,32,24,26,28,3.7412567138671875,47.0,48.0,7.233
1765481360.530507,99,34,16,22,23,3.742034912109375,47.5,48.0,8.108
1765481360.7320764,99,34,16,22,23,3.742034912109375,47.5,48.0,8.108
1765481360.9332857,99,34,16,22,23,3.742034912109375,47.5,48.0,8.108
1765481361.1343443,99,36,17,13,28,3.7408370971679688,47.0,47.5,7.539
1765481361.3352718,99,36,17,13,28,3.7408370971679688,47.0,47.5,7.539
1765481361.5362706,99,31,40,27,26,3.7408599853515625,46.5,48.5,7.205
1765481361.7374096,99,31,40,27,26,3.7408599853515625,46.5,48.5,7.205
1765481361.9387069,99,31,40,27,26,3.7408599853515625,46.5,48.5,7.205
1765481362.1398573,99,39,24,24,18,3.74090576171875,47.5,47.5,7.578
1765481362.3410232,99,39,24,24,18,3.74090576171875,47.5,47.5,7.578
1765481362.5418866,99,26,50,26,23,3.7417221069335938,47.5,48.0,8.385
1765481362.7430148,99,26,50,26,23,3.7417221069335938,47.5,48.0,8.385
1765481362.945927,99,26,50,26,23,3.7417221069335938,47.5,48.0,8.385
1765481363.1470046,97,20,13,23,18,3.741039276123047,47.0,48.0,6.818
1765481363.348222,97,20,13,23,18,3.741039276123047,47.0,48.0,6.818
1765481363.5495903,99,27,28,26,38,3.741180419921875,47.5,48.0,7.923
1765481363.750851,99,27,28,26,38,3.741180419921875,47.5,48.0,7.923
1765481363.9522824,99,27,28,26,38,3.741180419921875,47.5,48.0,7.923
1765481364.1535368,99,51,26,44,23,3.740856170654297,47.5,48.0,8.489
1765481364.35469,99,51,26,44,23,3.740856170654297,47.5,48.0,8.489
1765481364.5557928,99,14,10,20,19,3.7414093017578125,47.0,48.5,6.629
1765481364.7568028,99,14,10,20,19,3.7414093017578125,47.0,48.5,6.629
1765481364.957905,99,14,10,20,19,3.7414093017578125,47.0,48.5,6.629
1765481365.1590643,99,39,26,28,32,3.7409706115722656,47.5,48.0,7.856
1765481365.3604734,99,39,26,28,32,3.7409706115722656,47.5,48.0,7.856
1765481365.5614738,99,48,35,35,34,3.740467071533203,48.0,48.0,8.226
1765481365.7625308,99,48,35,35,34,3.740467071533203,48.0,48.0,8.226
1765481365.9636686,99,48,35,35,34,3.740467071533203,48.0,48.0,8.226
1765481366.1650162,21,27,20,21,19,3.741649627685547,47.0,49.5,5.889
1765481366.3660328,21,27,20,21,19,3.741649627685547,47.0,49.5,5.889
1765481366.567147,99,34,12,24,12,3.7409515380859375,48.0,48.0,7.923
1765481366.7682185,99,34,12,24,12,3.7409515380859375,48.0,48.0,7.923
1765481366.9695067,99,34,12,24,12,3.7409515380859375,48.0,48.0,7.923
1765481367.1704993,99,24,25,30,52,3.7411155700683594,47.5,48.5,8.108
1765481367.3716455,99,24,25,30,52,3.7411155700683594,47.5,48.5,8.108
1765481367.5729544,28,22,27,19,16,3.7413291931152344,47.0,48.5,6.049
1765481367.7740712,28,22,27,19,16,3.7413291931152344,47.0,48.5,6.049
1765481367.9761114,28,22,27,19,16,3.7413291931152344,47.0,48.5,6.049
1765481368.1774967,99,20,23,30,36,3.7419090270996094,48.0,48.5,8.45
1765481368.3789637,99,20,23,30,36,3.7419090270996094,48.0,48.5,8.45
1765481368.5812426,99,20,23,30,36,3.7419090270996094,48.0,48.5,8.45
1765481368.7845845,99,24,21,40,30,3.7409820556640625,48.0,48.5,8.002
1765481368.985711,99,24,21,40,30,3.7409820556640625,48.0,48.5,8.002
1765481369.186806,52,20,19,24,25,3.741313934326172,47.5,48.0,6.049
1765481369.3878446,52,20,19,24,25,3.741313934326172,47.5,48.0,6.049
1765481369.5889394,52,20,19,24,25,3.741313934326172,47.5,48.0,6.049
1765481369.7900782,99,47,28,29,27,3.741413116455078,48.0,48.5,8.345
1765481369.9915397,99,47,28,29,27,3.741413116455078,48.0,48.5,8.345
1765481370.1925354,99,18,18,20,44,3.7415122985839844,48.0,48.0,8.41
1765481370.3935935,99,18,18,20,44,3.7415122985839844,48.0,48.0,8.41
1765481370.5945113,99,18,18,20,44,3.7415122985839844,48.0,48.0,8.41
1765481370.7955613,99,16,16,16,17,3.7412757873535156,47.5,48.0,5.929
1765481370.996628,99,16,16,16,17,3.7412757873535156,47.5,48.0,5.929
1765481371.1976657,99,28,27,52,29,3.7409629821777344,48.0,48.5,8.147
1765481371.3986259,99,28,27,52,29,3.7409629821777344,48.0,48.5,8.147
1765481371.599782,99,28,27,52,29,3.7409629821777344,48.0,48.5,8.147
1765481371.8008912,99,39,32,36,22,3.74151611328125,48.0,49.0,8.712
1765481372.0020123,99,39,32,36,22,3.74151611328125,48.0,49.0,8.712
1765481372.2033362,99,14,12,12,13,3.7410621643066406,48.0,48.5,6.44
1765481372.4050233,99,14,12,12,13,3.7410621643066406,48.0,48.5,6.44
1765481372.606199,99,14,12,12,13,3.7410621643066406,48.0,48.5,6.44
1765481372.807416,99,34,40,49,23,3.741039276123047,48.0,48.5,7.923
1765481373.0087528,99,34,40,49,23,3.741039276123047,48.0,48.5,7.923
1765481373.209944,99,34,29,30,51,3.7415122985839844,48.0,48.5,8.331
1765481373.4110832,99,34,29,30,51,3.7415122985839844,48.0,48.5,8.331
1765481373.6123297,99,34,29,30,51,3.7415122985839844,48.0,48.5,8.331
1765481373.8135815,99,14,13,14,12,3.7422142028808594,48.0,48.5,7.392
1765481374.0144868,99,14,13,14,12,3.7422142028808594,48.0,48.5,7.392
1765481374.2155755,99,22,18,44,23,3.741191864013672,48.0,48.5,7.962
1765481374.4167309,99,22,18,44,23,3.741191864013672,48.0,48.5,7.962
1765481374.6179261,99,22,18,44,23,3.741191864013672,48.0,48.5,7.962
1765481374.8190644,99,28,52,25,34,3.7412681579589844,48.0,49.0,8.068
1765481375.0205934,99,28,52,25,34,3.7412681579589844,48.0,49.0,8.068
1765481375.2218146,99,26,16,25,18,3.743541717529297,48.0,48.5,7.432
1765481375.4229498,99,26,16,25,18,3.743541717529297,48.0,48.5,7.432
1765481375.6238961,99,26,16,25,18,3.743541717529297,48.0,48.5,7.432
1765481375.8250928,99,20,49,18,14,3.743682861328125,48.5,48.5,8.002
1765481376.0262828,99,20,49,18,14,3.743682861328125,48.5,48.5,8.002
1765481376.2274787,99,28,33,25,59,3.746135711669922,48.5,49.5,8.121
1765481376.4287028,99,28,33,25,59,3.746135711669922,48.5,49.5,8.121
1765481376.6296782,99,28,33,25,59,3.746135711669922,48.5,49.5,8.121
1765481376.8308392,99,14,19,23,18,3.742259979248047,48.5,49.0,7.245
1765481377.0320585,99,14,19,23,18,3.742259979248047,48.5,49.0,7.245
1765481377.2330287,99,22,33,30,44,3.7427749633789062,48.5,49.0,8.331
1765481377.4341125,99,22,33,30,44,3.7427749633789062,48.5,49.0,8.331
1765481377.635058,99,22,33,30,44,3.7427749633789062,48.5,49.0,8.331
1765481377.836076,0,20,46,22,41,3.737590789794922,47.0,49.0,4.051
1765481378.0371747,0,20,46,22,41,3.737590789794922,47.0,49.0,4.051
1765481378.2380774,99,45,32,36,28,3.7590179443359375,48.5,49.0,7.737
1765481378.4391367,99,45,32,36,28,3.7590179443359375,48.5,49.0,7.737
1765481378.640469,99,45,32,36,28,3.7590179443359375,48.5,49.0,7.737
1765481378.8421388,99,29,26,38,28,3.7194900512695312,48.5,50.0,7.816
1765481379.0431514,99,29,26,38,28,3.7194900512695312,48.5,50.0,7.816
1765481379.244408,99,29,26,38,28,3.7194900512695312,48.5,50.0,7.816
1765481379.4471524,99,30,11,6,18,3.719951629638672,49.0,49.0,8.371
1765481379.6482897,99,30,11,6,18,3.719951629638672,49.0,49.0,8.371
1765481379.849317,99,33,44,25,24,3.7267112731933594,48.5,49.5,8.002
1765481380.0503469,99,33,44,25,24,3.7267112731933594,48.5,49.5,8.002
1765481380.2553756,99,33,44,25,24,3.7267112731933594,48.5,49.5,8.002
1765481380.45651,53,23,30,18,24,3.727508544921875,48.0,50.0,6.389
1765481380.657665,53,23,30,18,24,3.727508544921875,48.0,50.0,6.389
1765481380.8586504,99,27,21,30,37,3.7273902893066406,49.0,49.5,8.305
1765481381.059823,99,27,21,30,37,3.7273902893066406,49.0,49.5,8.305
1765481381.2609105,99,27,21,30,37,3.7273902893066406,49.0,49.5,8.305
1765481381.4619474,99,22,17,36,18,3.7282485961914062,48.5,49.0,8.002
1765481381.6633077,99,22,17,36,18,3.7282485961914062,48.5,49.0,8.002
1765481381.8645353,64,25,34,19,19,3.7276268005371094,48.0,50.0,6.24
1765481382.0655448,64,25,34,19,19,3.7276268005371094,48.0,50.0,6.24
1765481382.2666457,64,25,34,19,19,3.7276268005371094,48.0,50.0,6.24
1765481382.4676476,99,28,37,31,25,3.7276268005371094,48.5,49.5,8.081
1765481382.6686418,99,28,37,31,25,3.7276268005371094,48.5,49.5,8.081
1765481382.8697717,99,20,49,24,26,3.7285728454589844,49.0,49.5,8.791
1765481383.070856,99,20,49,24,26,3.7285728454589844,49.0,49.5,8.791
1765481383.2718067,99,20,49,24,26,3.7285728454589844,49.0,49.5,8.791
1765481383.473054,21,12,8,16,12,3.7277145385742188,48.5,49.0,6.24
1765481383.674064,21,12,8,16,12,3.7277145385742188,48.5,49.0,6.24
1765481383.8751705,99,40,38,27,27,3.7278594970703125,48.5,50.0,8.108
1765481384.0764093,99,40,38,27,27,3.7278594970703125,48.5,50.0,8.108
1765481384.2776117,99,40,38,27,27,3.7278594970703125,48.5,50.0,8.108
1765481384.4786575,99,41,50,41,35,3.7273712158203125,49.0,50.0,8.87
1765481384.6797795,99,41,50,41,35,3.7273712158203125,49.0,50.0,8.87
1765481384.881234,24,16,14,14,23,3.7286834716796875,48.0,49.5,5.938
1765481385.08231,24,16,14,14,23,3.7286834716796875,48.0,49.5,5.938
1765481385.2834306,24,16,14,14,23,3.7286834716796875,48.0,49.5,5.938
1765481385.4845867,99,28,25,41,32,3.728515625,49.5,49.5,8.108
1765481385.6857383,99,28,25,41,32,3.728515625,49.5,49.5,8.108
1765481385.8868752,99,28,34,26,47,3.7280120849609375,49.0,49.5,8.002
1765481386.0880775,99,28,34,26,47,3.7280120849609375,49.0,49.5,8.002
1765481386.2891335,99,28,34,26,47,3.7280120849609375,49.0,49.5,8.002
1765481386.4901838,16,28,22,19,21,3.7283401489257812,48.5,50.0,6.089
1765481386.6911645,16,28,22,19,21,3.7283401489257812,48.5,50.0,6.089
1765481386.89229,99,22,38,10,15,3.728160858154297,49.5,49.5,8.108
1765481387.0932167,99,22,38,10,15,3.728160858154297,49.5,49.5,8.108
1765481387.2943096,99,22,38,10,15,3.728160858154297,49.5,49.5,8.108
1765481387.4953198,99,27,36,49,33,3.728515625,49.5,49.5,8.002
1765481387.6964278,99,27,36,49,33,3.728515625,49.5,49.5,8.002
1765481387.8977094,99,24,17,8,20,3.7282791137695312,48.5,49.5,5.969
1765481388.0994632,99,24,17,8,20,3.7282791137695312,48.5,49.5,5.969
1765481388.3006268,99,24,17,8,20,3.7282791137695312,48.5,49.5,5.969
1765481388.501736,99,28,28,40,24,3.7292022705078125,49.5,50.0,8.83
1765481388.7057276,99,28,28,40,24,3.7292022705078125,49.5,50.0,8.83
1765481388.906772,99,28,28,40,24,3.7292022705078125,49.5,50.0,8.83
1765481389.1078966,99,26,23,41,16,3.728069305419922,49.0,49.5,7.816
1765481389.3090122,99,26,23,41,16,3.728069305419922,49.0,49.5,7.816
1765481389.5122802,99,16,20,16,20,3.728382110595703,49.5,49.5,6.778
1765481389.7133908,99,16,20,16,20,3.728382110595703,49.5,49.5,6.778
1765481389.9158304,99,16,20,16,20,3.728382110595703,49.5,49.5,6.778
1765481390.1169915,99,29,26,33,50,3.728382110595703,49.5,50.5,8.226
1765481390.318159,99,29,26,33,50,3.728382110595703,49.5,50.5,8.226
1765481390.5191991,99,40,21,21,16,3.7283668518066406,49.0,49.5,8.187
1765481390.7203116,99,40,21,21,16,3.7283668518066406,49.0,49.5,8.187
1765481390.9214005,99,40,21,21,16,3.7283668518066406,49.0,49.5,8.187
1765481391.125108,99,17,19,10,13,3.7283401489257812,49.5,49.5,6.857
1765481391.3262854,99,17,19,10,13,3.7283401489257812,49.5,49.5,6.857
1765481391.527433,99,36,32,28,58,3.7284812927246094,49.5,50.0,8.081
1765481391.7285647,99,36,32,28,58,3.7284812927246094,49.5,50.0,8.081
1765481391.9297953,99,36,32,28,58,3.7284812927246094,49.5,50.0,8.081
1765481392.1308017,99,32,26,28,50,3.7293319702148438,49.5,50.5,8.568
1765481392.3320258,99,32,26,28,50,3.7293319702148438,49.5,50.5,8.568
1765481392.5331173,99,14,22,15,17,3.728260040283203,49.0,50.0,6.977
1765481392.7341516,99,14,22,15,17,3.728260040283203,49.0,50.0,6.977
1765481392.935195,99,14,22,15,17,3.728260040283203,49.0,50.0,6.977
1765481393.1362557,99,42,48,29,36,3.728130340576172,49.5,50.0,7.804
1765481393.3372903,99,42,48,29,36,3.728130340576172,49.5,50.0,7.804
1765481393.538335,99,45,26,37,27,3.7302780151367188,49.5,50.5,8.042
1765481393.7394273,99,45,26,37,27,3.7302780151367188,49.5,50.5,8.042
1765481393.9405344,99,45,26,37,27,3.7302780151367188,49.5,50.5,8.042
1765481394.1417255,99,30,23,26,25,3.7320709228515625,49.5,52.0,8.568
1765481394.3462918,99,30,23,26,25,3.7320709228515625,49.5,52.0,8.568
1765481394.5474641,99,42,27,53,32,3.735137939453125,50.0,50.0,7.816
1765481394.7486446,99,42,27,53,32,3.735137939453125,50.0,50.0,7.816
1765481394.949734,99,42,27,53,32,3.735137939453125,50.0,50.0,7.816
1765481395.1506028,99,46,20,29,26,3.7360572814941406,49.5,51.0,7.737
1765481395.3516557,99,46,20,29,26,3.7360572814941406,49.5,51.0,7.737
1765481395.5526938,99,24,23,19,23,3.7359542846679688,50.0,50.5,8.187
1765481395.7538671,99,24,23,19,23,3.7359542846679688,50.0,50.5,8.187
1765481395.9550421,99,24,23,19,23,3.7359542846679688,50.0,50.5,8.187
1765481396.1561582,99,18,44,17,15,3.735607147216797,50.0,50.0,7.962
1765481396.3573117,99,18,44,17,15,3.735607147216797,50.0,50.0,7.962
1765481396.558441,99,20,29,43,18,3.7358474731445312,50.0,50.5,7.658
1765481396.7594607,99,20,29,43,18,3.7358474731445312,50.0,50.5,7.658
1765481396.9606004,99,20,29,43,18,3.7358474731445312,50.0,50.5,7.658
1765481397.1619422,99,22,22,12,23,3.735393524169922,50.0,50.0,8.121
1765481397.3632424,99,22,22,12,23,3.735393524169922,50.0,50.0,8.121
1765481397.5644875,99,28,52,20,21,3.737102508544922,50.5,51.0,8.647
1765481397.7654736,99,28,52,20,21,3.737102508544922,50.5,51.0,8.647
1765481397.9668462,99,28,52,20,21,3.737102508544922,50.5,51.0,8.647
1765481398.168036,99,27,19,23,32,3.7361526489257812,50.0,50.5,7.883
1765481398.3690765,99,27,19,23,32,3.7361526489257812,50.0,50.5,7.883
1765481398.5700753,99,19,20,21,30,3.7365684509277344,50.5,50.5,8.16
1765481398.7710938,99,19,20,21,30,3.7365684509277344,50.5,50.5,8.16
1765481398.9721122,99,19,20,21,30,3.7365684509277344,50.5,50.5,8.16
1765481399.173103,99,32,39,26,48,3.7366714477539062,50.0,50.5,8.226
1765481399.3742304,99,32,39,26,48,3.7366714477539062,50.0,50.5,8.226
1765481399.575384,99,19,26,22,22,3.7371177673339844,50.0,51.0,8.226
1765481399.7763612,99,19,26,22,22,3.7371177673339844,50.0,51.0,8.226
1765481399.977373,99,19,26,22,22,3.7371177673339844,50.0,51.0,8.226
1765481400.1784422,99,38,38,42,36,3.736438751220703,50.5,51.0,8.489
1765481400.379666,99,38,38,42,36,3.736438751220703,50.5,51.0,8.489
1765481400.5809245,99,50,33,33,37,3.736194610595703,50.5,50.5,7.804
1765481400.7821426,99,50,33,33,37,3.736194610595703,50.5,50.5,7.804
1765481400.983235,99,50,33,33,37,3.736194610595703,50.5,50.5,7.804
1765481401.184446,99,35,26,26,28,3.7366104125976562,49.5,52.5,7.804
1765481401.3853362,99,35,26,26,28,3.7366104125976562,49.5,52.5,7.804
1765481401.5863879,99,35,26,26,28,3.7366104125976562,49.5,52.5,7.804
1765481401.7877321,99,30,13,13,13,3.7365760803222656,50.5,50.5,7.816
1765481401.988946,99,30,13,13,13,3.7365760803222656,50.5,50.5,7.816
1765481402.1900392,99,32,28,23,42,3.7367820739746094,50.5,50.5,7.432
1765481402.392064,99,32,28,23,42,3.7367820739746094,50.5,50.5,7.432
1765481402.5933151,99,32,28,23,42,3.7367820739746094,50.5,50.5,7.432
1765481402.794343,99,21,54,30,29,3.737346649169922,50.5,51.0,7.499
1765481402.9956248,99,21,54,30,29,3.737346649169922,50.5,51.0,7.499
1765481403.1966226,99,22,32,19,16,3.738056182861328,50.5,51.0,8.266
1765481403.3977976,99,22,32,19,16,3.738056182861328,50.5,51.0,8.266
1765481403.5990264,99,22,32,19,16,3.738056182861328,50.5,51.0,8.266
1765481403.800516,99,46,20,17,29,3.737079620361328,50.5,50.5,7.697
1765481404.0015366,99,46,20,17,29,3.737079620361328,50.5,50.5,7.697
1765481404.2028835,99,27,29,28,22,3.7371673583984375,50.0,51.0,7.205
1765481404.4038937,99,27,29,28,22,3.7371673583984375,50.0,51.0,7.205
1765481404.6049106,99,27,29,28,22,3.7371673583984375,50.0,51.0,7.205
1765481404.8063104,99,22,36,28,23,3.737567901611328,50.5,51.0,8.002
1765481405.0073225,99,22,36,28,23,3.737567901611328,50.5,51.0,8.002
1765481405.2084937,99,14,16,45,21,3.7375831604003906,50.5,51.5,8.345
1765481405.4102464,99,14,16,45,21,3.7375831604003906,50.5,51.5,8.345
1765481405.6112025,99,14,16,45,21,3.7375831604003906,50.5,51.5,8.345
1765481405.8124142,86,20,32,18,18,3.7374191284179688,50.0,50.5,6.589
1765481406.0137303,86,20,32,18,18,3.7374191284179688,50.0,50.5,6.589
1765481406.2148933,99,42,24,28,18,3.7369461059570312,51.0,51.0,8.042
1765481406.4160483,99,42,24,28,18,3.7369461059570312,51.0,51.0,8.042
1765481406.6172633,99,42,24,28,18,3.7369461059570312,51.0,51.0,8.042
1765481406.8183985,99,29,28,28,52,3.737567901611328,51.0,51.5,8.988
1765481407.0194883,99,29,28,28,52,3.737567901611328,51.0,51.5,8.988
1765481407.221458,39,11,19,8,11,3.7367401123046875,50.0,50.5,5.969
1765481407.4224782,39,11,19,8,11,3.7367401123046875,50.0,50.5,5.969
1765481407.623536,39,11,19,8,11,3.7367401123046875,50.0,50.5,5.969
1765481407.824686,99,33,34,32,37,3.7370338439941406,51.0,51.0,8.108
1765481408.0257375,99,33,34,32,37,3.7370338439941406,51.0,51.0,8.108
1765481408.2266524,99,37,29,30,43,3.737213134765625,51.0,51.5,8.424
1765481408.4276893,99,37,29,30,43,3.737213134765625,51.0,51.5,8.424
1765481408.628868,99,37,29,30,43,3.737213134765625,51.0,51.5,8.424
1765481408.8299751,58,16,10,14,19,3.7374954223632812,50.0,51.5,6.52
1765481409.031159,58,16,10,14,19,3.7374954223632812,50.0,51.5,6.52
1765481409.2322683,99,45,32,27,26,3.7371826171875,51.0,51.0,8.345
1765481409.4332478,99,45,32,27,26,3.7371826171875,51.0,51.0,8.345
1765481409.6342773,99,45,32,27,26,3.7371826171875,51.0,51.0,8.345
1765481409.8354497,99,30,22,51,26,3.7367897033691406,51.0,51.0,7.896
1765481410.0368605,99,30,22,51,26,3.7367897033691406,51.0,51.0,7.896
1765481410.2378318,99,20,20,21,18,3.737499237060547,50.5,51.5,6.709
1765481410.4390352,99,20,20,21,18,3.737499237060547,50.5,51.5,6.709
1765481410.6399887,99,20,20,21,18,3.737499237060547,50.5,51.5,6.709
1765481410.8411577,99,21,34,38,21,3.7378692626953125,51.0,51.0,8.187
1765481411.042192,99,21,34,38,21,3.7378692626953125,51.0,51.0,8.187
1765481411.2434425,99,53,26,24,28,3.736743927001953,51.0,51.5,8.147
1765481411.4446943,99,53,26,24,28,3.736743927001953,51.0,51.5,8.147
1765481411.6456518,99,53,26,24,28,3.736743927001953,51.0,51.5,8.147
1765481411.8490791,99,17,20,16,20,3.7367286682128906,51.0,51.5,6.937
1765481412.0504453,99,17,20,16,20,3.7367286682128906,51.0,51.5,6.937
1765481412.2515352,99,17,20,16,20,3.7367286682128906,51.0,51.5,6.937
1765481412.4527228,99,44,34,24,23,3.7381362915039062,51.5,51.5,8.712
1765481412.6538503,99,44,34,24,23,3.7381362915039062,51.5,51.5,8.712
1765481412.8548179,99,18,19,44,16,3.7369346618652344,51.0,51.5,8.002
1765481413.055851,99,18,19,44,16,3.7369346618652344,51.0,51.5,8.002
1765481413.2568734,99,18,19,44,16,3.7369346618652344,51.0,51.5,8.002
1765481413.458165,99,19,18,16,15,3.737152099609375,51.0,51.5,7.017
1765481413.6592197,99,19,18,16,15,3.737152099609375,51.0,51.5,7.017
1765481413.860369,99,26,24,47,31,3.736957550048828,51.0,51.5,8.042
1765481414.0612745,99,26,24,47,31,3.736957550048828,51.0,51.5,8.042
1765481414.2623835,99,26,24,47,31,3.736957550048828,51.0,51.5,8.042
1765481414.463454,99,29,20,42,25,3.7374916076660156,51.5,52.0,8.568
1765481414.6645331,99,29,20,42,25,3.7374916076660156,51.5,52.0,8.568
1765481414.8655355,99,16,17,16,21,3.7374191284179688,51.0,51.0,7.511
1765481415.0674627,99,16,17,16,21,3.7374191284179688,51.0,51.0,7.511
1765481415.268464,99,16,17,16,21,3.7374191284179688,51.0,51.0,7.511
1765481415.469644,99,44,32,43,30,3.736713409423828,51.0,52.0,7.551
1765481415.6709213,99,44,32,43,30,3.736713409423828,51.0,52.0,7.551
1765481415.8723283,99,34,32,34,26,3.7375106811523438,51.0,52.5,8.489
1765481416.0734613,99,34,32,34,26,3.7375106811523438,51.0,52.5,8.489
1765481416.2745645,99,34,32,34,26,3.7375106811523438,51.0,52.5,8.489
1765481416.4757931,99,10,25,10,8,3.7368621826171875,51.0,51.5,7.551
1765481416.6769369,99,10,25,10,8,3.7368621826171875,51.0,51.5,7.551
1765481416.8780668,99,39,30,48,36,3.7371673583984375,51.0,51.5,7.777
1765481417.0794408,99,39,30,48,36,3.7371673583984375,51.0,51.5,7.777
1765481417.2806377,99,39,30,48,36,3.7371673583984375,51.0,51.5,7.777
1765481417.4816422,99,27,24,39,30,3.7370681762695312,51.0,52.0,7.962
1765481417.6826823,99,27,24,39,30,3.7370681762695312,51.0,52.0,7.962
1765481417.8837183,99,26,11,21,18,3.7375869750976562,51.5,52.0,8.712
1765481418.0851781,99,26,11,21,18,3.7375869750976562,51.5,52.0,8.712
1765481418.2862592,99,26,11,21,18,3.7375869750976562,51.5,52.0,8.712
1765481418.4873693,99,22,36,14,36,3.7371864318847656,51.0,51.5,7.816
1765481418.6889758,99,22,36,14,36,3.7371864318847656,51.0,51.5,7.816
1765481418.8900805,99,46,25,22,13,3.7374038696289062,51.5,52.0,7.843
1765481419.0911849,99,46,25,22,13,3.7374038696289062,51.5,52.0,7.843
1765481419.2924693,99,46,25,22,13,3.7374038696289062,51.5,52.0,7.843
1765481419.4938712,99,32,16,21,18,3.7370986938476562,51.5,52.0,8.147
1765481419.6952085,99,32,16,21,18,3.7370986938476562,51.5,52.0,8.147
1765481419.8962786,99,18,18,18,47,3.7379417419433594,51.5,52.0,7.883
1765481420.097396,99,18,18,18,47,3.7379417419433594,51.5,52.0,7.883
1765481420.2987044,99,18,18,18,47,3.7379417419433594,51.5,52.0,7.883
1765481420.4998407,99,25,40,23,20,3.737354278564453,51.0,52.5,8.002
1765481420.7009044,99,25,40,23,20,3.737354278564453,51.0,52.5,8.002
1765481420.9018936,99,23,20,16,26,3.7368812561035156,51.5,51.5,7.962
1765481421.103141,99,23,20,16,26,3.7368812561035156,51.5,51.5,7.962
1765481421.3047454,99,23,20,16,26,3.7368812561035156,51.5,51.5,7.962
1765481421.5059216,99,34,48,50,24,3.7379188537597656,51.5,52.5,8.909
1765481421.706965,99,34,48,50,24,3.7379188537597656,51.5,52.5,8.909
1765481421.908588,99,15,22,28,19,3.7368240356445312,51.5,52.5,7.883
1765481422.109984,99,15,22,28,19,3.7368240356445312,51.5,52.5,7.883
1765481422.3109953,99,15,22,28,19,3.7368240356445312,51.5,52.5,7.883
1765481422.5118933,99,14,23,38,16,3.737415313720703,51.5,52.0,8.121
1765481422.7159045,99,14,23,38,16,3.737415313720703,51.5,52.0,8.121
1765481422.916942,99,40,30,26,44,3.737060546875,52.0,52.0,7.777
1765481423.117988,99,40,30,26,44,3.737060546875,52.0,52.0,7.777
1765481423.3190129,99,40,30,26,44,3.737060546875,52.0,52.0,7.777
1765481423.5203152,99,23,23,32,23,3.7374420166015625,51.0,52.5,7.883
1765481423.7212596,99,23,23,32,23,3.7374420166015625,51.0,52.5,7.883
1765481423.9224143,99,23,23,32,23,3.7374420166015625,51.0,52.5,7.883
1765481424.123706,99,36,20,18,19,3.7371826171875,51.5,52.0,7.883
1765481424.3251593,99,36,20,18,19,3.7371826171875,51.5,52.0,7.883
1765481424.5263195,99,40,29,40,25,3.737529754638672,52.0,52.0,7.618
1765481424.7274039,99,40,29,40,25,3.737529754638672,52.0,52.0,7.618
1765481424.928834,99,40,29,40,25,3.737529754638672,52.0,52.0,7.618
1765481425.129916,99,32,26,38,21,3.7368011474609375,51.5,53.0,7.883
1765481425.331071,99,32,26,38,21,3.7368011474609375,51.5,53.0,7.883
1765481425.5322366,99,32,8,18,14,3.7377891540527344,52.0,52.5,8.424
1765481425.7333164,99,32,8,18,14,3.7377891540527344,52.0,52.5,8.424
1765481425.9342172,99,32,8,18,14,3.7377891540527344,52.0,52.5,8.424
1765481426.1352465,99,27,20,50,21,3.737384796142578,51.5,52.0,7.551
1765481426.3363733,99,27,20,50,21,3.737384796142578,51.5,52.0,7.551
1765481426.5377717,99,27,31,40,20,3.73736572265625,51.5,54.0,7.737
1765481426.7388034,99,27,31,40,20,3.73736572265625,51.5,54.0,7.737
1765481426.9398491,99,27,31,40,20,3.73736572265625,51.5,54.0,7.737
1765481427.1409385,99,23,16,36,22,3.7377967834472656,52.0,52.0,8.371
1765481427.341999,99,23,16,36,22,3.7377967834472656,52.0,52.0,8.371
1765481427.5429454,99,8,12,38,13,3.737041473388672,52.0,52.0,7.471
1765481427.7441657,99,8,12,38,13,3.737041473388672,52.0,52.0,7.471
1765481427.9451792,99,8,12,38,13,3.737041473388672,52.0,52.0,7.471
1765481428.1461453,99,30,37,28,25,3.7373695373535156,51.5,52.5,7.539
1765481428.3471837,99,30,37,28,25,3.7373695373535156,51.5,52.5,7.539
1765481428.5482533,99,22,34,16,26,3.737499237060547,52.0,52.0,7.697
1765481428.7515166,99,22,34,16,26,3.737499237060547,52.0,52.0,7.697
1765481428.9527037,99,22,34,16,26,3.737499237060547,52.0,52.0,7.697
1765481429.1537511,99,29,20,44,23,3.7380409240722656,52.0,53.0,8.45
1765481429.3548534,99,29,20,44,23,3.7380409240722656,52.0,53.0,8.45
1765481429.555852,99,20,18,25,20,3.737396240234375,51.5,52.5,7.471
1765481429.7569234,99,20,18,25,20,3.737396240234375,51.5,52.5,7.471
1765481429.9580233,99,20,18,25,20,3.737396240234375,51.5,52.5,7.471
1765481430.1590703,99,27,26,43,18,3.7371292114257812,52.5,52.5,7.618
1765481430.360538,99,27,26,43,18,3.7371292114257812,52.5,52.5,7.618
1765481430.5632687,99,27,52,27,25,3.7363662719726562,52.5,52.5,8.002
1765481430.7645671,99,27,52,27,25,3.7363662719726562,52.5,52.5,8.002
1765481430.9655702,99,27,52,27,25,3.7363662719726562,52.5,52.5,8.002
1765481431.1667078,99,19,14,18,19,3.737010955810547,51.5,53.0,7.392
1765481431.3678741,99,19,14,18,19,3.737010955810547,51.5,53.0,7.392
1765481431.569318,99,27,32,33,29,3.7362060546875,52.0,52.5,7.737
1765481431.7716625,99,27,32,33,29,3.7362060546875,52.0,52.5,7.737
1765481431.9727876,99,27,32,33,29,3.7362060546875,52.0,52.5,7.737
1765481432.1740696,99,43,46,29,30,3.7372093200683594,52.0,53.0,8.489
1765481432.3752425,99,43,46,29,30,3.7372093200683594,52.0,53.0,8.489
1765481432.5764647,99,43,46,29,30,3.7372093200683594,52.0,53.0,8.489
1765481432.7797372,21,23,25,16,20,3.7376060485839844,51.5,53.0,6.28
1765481432.9807558,21,23,25,16,20,3.7376060485839844,51.5,53.0,6.28
1765481433.1818633,99,23,32,21,19,3.7369117736816406,52.5,52.5,8.187
1765481433.383009,99,23,32,21,19,3.7369117736816406,52.5,52.5,8.187
1765481433.584142,99,23,32,21,19,3.7369117736816406,52.5,52.5,8.187
1765481433.7851965,99,30,25,56,26,3.7375564575195312,52.5,53.0,8.147
1765481433.9862685,99,30,25,56,26,3.7375564575195312,52.5,53.0,8.147
1765481434.1874328,42,20,23,22,24,3.737201690673828,51.5,52.5,6.32
1765481434.3885725,42,20,23,22,24,3.737201690673828,51.5,52.5,6.32
1765481434.589692,42,20,23,22,24,3.737201690673828,51.5,52.5,6.32
1765481434.7907538,99,20,40,24,26,3.7381362915039062,52.5,53.5,8.568
1765481434.9918637,99,20,40,24,26,3.7381362915039062,52.5,53.5,8.568
1765481435.1930606,99,26,35,25,34,3.7374839782714844,52.5,52.5,8.187
1765481435.394167,99,26,35,25,34,3.7374839782714844,52.5,52.5,8.187
1765481435.595166,99,26,35,25,34,3.7374839782714844,52.5,52.5,8.187
1765481435.7964025,87,22,17,22,23,3.7370948791503906,52.0,53.0,6.249
1765481435.9974253,87,22,17,22,23,3.7370948791503906,52.0,53.0,6.249
1765481436.1984823,99,46,28,25,24,3.7371482849121094,53.0,53.0,8.424
1765481436.399692,99,46,28,25,24,3.7371482849121094,53.0,53.0,8.424
1765481436.6007187,99,46,28,25,24,3.7371482849121094,53.0,53.0,8.424
1765481436.8017426,99,18,21,41,15,3.7375259399414062,52.5,53.0,8.147
1765481437.0028024,99,18,21,41,15,3.7375259399414062,52.5,53.0,8.147
1765481437.2041311,37,18,19,26,18,3.736919403076172,52.0,52.5,6.28
1765481437.4052198,37,18,19,26,18,3.736919403076172,52.0,52.5,6.28
1765481437.6063592,37,18,19,26,18,3.736919403076172,52.0,52.5,6.28
1765481437.807493,99,22,29,46,27,3.7371292114257812,53.0,53.0,8.226
1765481438.009053,99,22,29,46,27,3.7371292114257812,53.0,53.0,8.226
1765481438.2100458,99,28,51,22,25,3.737926483154297,53.0,53.5,8.895
1765481438.411238,99,28,51,22,25,3.737926483154297,53.0,53.5,8.895
1765481438.612325,99,28,51,22,25,3.737926483154297,53.0,53.5,8.895
1765481438.8134954,42,18,13,15,13,3.736888885498047,52.0,52.5,5.617
1765481439.014536,42,18,13,15,13,3.736888885498047,52.0,52.5,5.617
1765481439.2155697,99,35,50,27,33,3.737071990966797,52.5,53.0,8.266
1765481439.4165637,99,35,50,27,33,3.737071990966797,52.5,53.0,8.266
1765481439.6177197,99,35,50,27,33,3.737071990966797,52.5,53.0,8.266
1765481439.8190336,99,40,56,27,26,3.7372207641601562,53.0,53.5,8.633
1765481440.0201406,99,40,56,27,26,3.7372207641601562,53.0,53.5,8.633
1765481440.221203,99,13,13,16,10,3.7377357482910156,53.0,53.0,7.511
1765481440.4223151,99,13,13,16,10,3.7377357482910156,53.0,53.0,7.511
1765481440.6232734,99,13,13,16,10,3.7377357482910156,53.0,53.0,7.511
1765481440.8246405,99,37,28,26,42,3.7376861572265625,53.0,53.0,8.081
1765481441.0256884,99,37,28,26,42,3.7376861572265625,53.0,53.0,8.081
1765481441.2267118,99,29,28,50,31,3.737293243408203,53.0,53.0,7.962
1765481441.4277332,99,29,28,50,31,3.737293243408203,53.0,53.0,7.962
1765481441.628722,99,29,28,50,31,3.737293243408203,53.0,53.0,7.962
1765481441.8302734,99,25,19,10,16,3.7378196716308594,53.0,53.5,8.002
1765481442.0314043,99,25,19,10,16,3.7378196716308594,53.0,53.5,8.002
1765481442.2325296,99,16,14,15,38,3.737438201904297,53.0,53.0,7.883
1765481442.4336731,99,16,14,15,38,3.737438201904297,53.0,53.0,7.883
1765481442.6347892,99,16,14,15,38,3.737438201904297,53.0,53.0,7.883
1765481442.8356733,99,32,38,34,44,3.737407684326172,53.0,53.5,8.226
1765481443.036786,99,32,38,34,44,3.737407684326172,53.0,53.5,8.226
1765481443.2376716,99,32,38,34,44,3.737407684326172,53.0,53.5,8.226
1765481443.438894,99,18,19,19,16,3.7374229431152344,53.0,53.0,7.432
1765481443.6400952,99,18,19,19,16,3.7374229431152344,53.0,53.0,7.432
1765481443.841141,99,22,25,30,50,3.7380142211914062,53.0,53.5,8.187
1765481444.0421643,99,22,25,30,50,3.7380142211914062,53.0,53.5,8.187
1765481444.2433436,99,22,25,30,50,3.7380142211914062,53.0,53.5,8.187
1765481444.444438,99,28,18,42,18,3.7372894287109375,53.0,54.0,8.187
1765481444.6453485,99,28,18,42,18,3.7372894287109375,53.0,54.0,8.187
1765481444.8464005,99,18,23,16,20,3.7375526428222656,53.0,53.0,7.392
1765481445.047745,99,18,23,16,20,3.7375526428222656,53.0,53.0,7.392
1765481445.248603,99,18,23,16,20,3.7375526428222656,53.0,53.0,7.392
1765481445.449791,99,30,44,43,26,3.7371253967285156,53.0,53.0,7.856
1765481445.6520786,99,30,44,43,26,3.7371253967285156,53.0,53.0,7.856
1765481445.8531723,99,39,21,16,22,3.7376327514648438,53.0,54.0,8.226
1765481446.0542307,99,39,21,16,22,3.7376327514648438,53.0,54.0,8.226
1765481446.2552016,99,39,21,16,22,3.7376327514648438,53.0,54.0,8.226
1765481446.4564967,99,21,16,25,18,3.7373886108398438,53.0,53.5,7.471
1765481446.657463,99,21,16,25,18,3.7373886108398438,53.0,53.5,7.471
1765481446.858542,99,38,52,30,39,3.737537384033203,53.0,53.5,7.618
1765481447.0596004,99,38,52,30,39,3.737537384033203,53.0,53.5,7.618
1765481447.2606475,99,38,52,30,39,3.737537384033203,53.0,53.5,7.618
1765481447.4630523,99,39,32,26,33,3.7381591796875,53.0,54.0,8.687
1765481447.664189,99,39,32,26,33,3.7381591796875,53.0,54.0,8.687
1765481447.865241,99,27,18,14,19,3.7372398376464844,53.0,53.0,7.324
1765481448.0664155,99,27,18,14,19,3.7372398376464844,53.0,53.0,7.324
1765481448.2674835,99,27,18,14,19,3.7372398376464844,53.0,53.0,7.324
1765481448.4686112,99,25,36,29,54,3.7402877807617188,53.0,53.5,7.697
1765481448.669525,99,25,36,29,54,3.7402877807617188,53.0,53.5,7.697
1765481448.8709052,99,32,30,22,43,3.73992919921875,53.0,54.5,8.042
1765481449.0719712,99,32,30,22,43,3.73992919921875,53.0,54.5,8.042
1765481449.2734606,99,32,30,22,43,3.73992919921875,53.0,54.5,8.042
1765481449.4747176,99,17,17,18,22,3.7411727905273438,53.0,54.5,8.87
1765481449.6758373,99,17,17,18,22,3.7411727905273438,53.0,54.5,8.87
1765481449.8770046,99,28,23,48,15,3.740398406982422,53.5,53.5,7.697
1765481450.0782483,99,28,23,48,15,3.740398406982422,53.5,53.5,7.697
1765481450.2852,99,28,23,48,15,3.740398406982422,53.5,53.5,7.697
1765481450.4864173,99,25,29,41,28,3.7406654357910156,53.0,54.0,8.081
1765481450.6877172,99,25,29,41,28,3.7406654357910156,53.0,54.0,8.081
1765481450.88876,99,14,18,24,28,3.7407569885253906,53.5,54.0,8.712
1765481451.0897574,99,14,18,24,28,3.7407569885253906,53.5,54.0,8.712
1765481451.2906957,99,14,18,24,28,3.7407569885253906,53.5,54.0,8.712
1765481451.4917681,99,14,20,16,38,3.7404518127441406,53.5,54.0,7.591
1765481451.6926174,99,14,20,16,38,3.7404518127441406,53.5,54.0,7.591
1765481451.8937376,99,41,52,25,24,3.739978790283203,53.5,54.0,8.042
1765481452.095014,99,41,52,25,24,3.739978790283203,53.5,54.0,8.042
1765481452.296227,99,41,52,25,24,3.739978790283203,53.5,54.0,8.042
1765481452.4975863,99,18,27,22,23,3.74041748046875,53.0,53.5,8.226
1765481452.6990116,99,18,27,22,23,3.74041748046875,53.0,53.5,8.226
1765481452.9003785,99,28,16,25,56,3.740936279296875,53.5,54.0,8.121
1765481453.1015666,99,28,16,25,56,3.740936279296875,53.5,54.0,8.121
1765481453.303293,99,28,16,25,56,3.740936279296875,53.5,54.0,8.121
1765481453.504547,99,22,30,18,12,3.7403564453125,53.5,54.5,7.816
1765481453.7057877,99,22,30,18,12,3.7403564453125,53.5,54.5,7.816
1765481453.9070153,99,28,22,14,15,3.7403564453125,53.5,53.5,7.737
1765481454.1085145,99,28,22,14,15,3.7403564453125,53.5,53.5,7.737
1765481454.3096385,99,28,22,14,15,3.7403564453125,53.5,53.5,7.737
1765481454.5108895,99,33,32,36,46,3.7406539916992188,54.0,54.0,7.923
1765481454.7120688,99,33,32,36,46,3.7406539916992188,54.0,54.0,7.923
1765481454.91386,99,33,32,36,46,3.7406539916992188,54.0,54.0,7.923
1765481455.1149693,99,23,19,20,23,3.740833282470703,53.0,55.0,7.737
1765481455.3160768,99,23,19,20,23,3.740833282470703,53.0,55.0,7.737
1765481455.5173986,99,36,21,32,20,3.7406539916992188,54.0,54.0,7.737
1765481455.7190099,99,36,21,32,20,3.7406539916992188,54.0,54.0,7.737
1765481455.920285,99,36,21,32,20,3.7406539916992188,54.0,54.0,7.737
1765481456.1214063,99,48,35,28,34,3.7403488159179688,53.5,54.0,7.962
1765481456.3224437,99,48,35,28,34,3.7403488159179688,53.5,54.0,7.962
1765481456.5235863,62,33,18,22,18,3.740825653076172,53.5,55.0,6.897
1765481456.7251267,62,33,18,22,18,3.740825653076172,53.5,55.0,6.897
1765481456.9263024,62,33,18,22,18,3.740825653076172,53.5,55.0,6.897
1765481457.127257,99,23,12,14,33,3.740589141845703,54.0,54.5,8.226
1765481457.3284652,99,23,12,14,33,3.740589141845703,54.0,54.5,8.226
1765481457.5296354,99,27,40,23,40,3.7408218383789062,54.0,54.5,8.147
1765481457.7308686,99,27,40,23,40,3.7408218383789062,54.0,54.5,8.147
1765481457.93188,99,27,40,23,40,3.7408218383789062,54.0,54.5,8.147
1765481458.1332204,84,18,19,23,31,3.7405853271484375,53.0,54.5,6.778
1765481458.3344538,84,18,19,23,31,3.7405853271484375,53.0,54.5,6.778
1765481458.535522,99,20,21,34,28,3.7410621643066406,54.5,55.0,8.83
1765481458.7373765,99,20,21,34,28,3.7410621643066406,54.5,55.0,8.83
1765481458.9384844,99,20,21,34,28,3.7410621643066406,54.5,55.0,8.83
1765481459.1396062,99,19,19,43,22,3.7409439086914062,54.0,54.0,7.816
1765481459.3406947,99,19,19,43,22,3.7409439086914062,54.0,54.0,7.816
1765481459.5417888,93,28,26,23,14,3.7401123046875,53.5,54.5,6.509
1765481459.7430902,93,28,26,23,14,3.7401123046875,53.5,54.5,6.509
1765481459.9442399,93,28,26,23,14,3.7401123046875,53.5,54.5,6.509
1765481460.145598,99,26,40,25,30,3.74017333984375,54.0,54.5,8.424
1765481460.3468041,99,26,40,25,30,3.74017333984375,54.0,54.5,8.424
1765481460.5481327,99,28,23,36,26,3.7412109375,54.0,54.5,8.647
1765481460.749249,99,28,23,36,26,3.7412109375,54.0,54.5,8.647
1765481460.950764,99,28,23,36,26,3.7412109375,54.0,54.5,8.647
1765481461.1520731,49,21,14,22,17,3.740367889404297,53.5,54.5,5.929
1765481461.3531451,49,21,14,22,17,3.740367889404297,53.5,54.5,5.929
1765481461.5543697,99,28,28,47,30,3.74041748046875,54.0,54.5,8.226
1765481461.7553957,99,28,28,47,30,3.74041748046875,54.0,54.5,8.226
1765481461.956903,99,28,28,47,30,3.74041748046875,54.0,54.5,8.226
1765481462.1583788,99,24,52,30,28,3.740917205810547,54.0,55.0,9.052
1765481462.3595188,99,24,52,30,28,3.740917205810547,54.0,55.0,9.052
1765481462.5607724,40,10,18,12,29,3.740650177001953,54.0,54.5,6.24
1765481462.7619185,40,10,18,12,29,3.740650177001953,54.0,54.5,6.24
1765481462.9629483,40,10,18,12,29,3.740650177001953,54.0,54.5,6.24
1765481463.1642618,99,32,32,48,45,3.7407989501953125,54.5,54.5,8.147
1765481463.365473,99,32,32,48,45,3.7407989501953125,54.5,54.5,8.147
1765481463.5666425,99,28,34,48,33,3.740264892578125,54.0,55.0,8.568
1765481463.7675378,99,28,34,48,33,3.740264892578125,54.0,55.0,8.568
1765481463.968679,99,28,34,48,33,3.740264892578125,54.0,55.0,8.568
1765481464.1701136,99,17,14,16,13,3.7411270141601562,54.0,54.5,6.749
1765481464.3710866,99,17,14,16,13,3.7411270141601562,54.0,54.5,6.749
1765481464.572591,99,22,37,33,26,3.74029541015625,54.5,54.5,8.068
1765481464.7739356,99,22,37,33,26,3.74029541015625,54.5,54.5,8.068
1765481464.9749713,99,22,37,33,26,3.74029541015625,54.5,54.5,8.068
1765481465.1761174,99,28,22,49,20,3.7403564453125,54.5,54.5,7.923
1765481465.377219,99,28,22,49,20,3.7403564453125,54.5,54.5,7.923
1765481465.5781646,99,28,22,49,20,3.7403564453125,54.5,54.5,7.923
1765481465.7796037,99,26,12,18,16,3.7404136657714844,54.5,54.5,7.324
1765481465.9806712,99,26,12,18,16,3.7404136657714844,54.5,54.5,7.324
1765481466.1817985,99,24,16,47,21,3.7408294677734375,54.5,54.5,8.45
1765481466.38294,99,24,16,47,21,3.7408294677734375,54.5,54.5,8.45
1765481466.5841439,99,24,16,47,21,3.7408294677734375,54.5,54.5,8.45
1765481466.7850928,99,26,25,17,51,3.7401466369628906,54.0,54.5,7.843
1765481466.986398,99,26,25,17,51,3.7401466369628906,54.0,54.5,7.843
1765481467.1876404,99,22,18,14,16,3.7402725219726562,54.5,54.5,7.085
1765481467.3886282,99,22,18,14,16,3.7402725219726562,54.5,54.5,7.085
1765481467.589672,99,22,18,14,16,3.7402725219726562,54.5,54.5,7.085
1765481467.790774,99,22,53,28,25,3.7412681579589844,55.0,55.5,8.87
1765481467.9918885,99,22,53,28,25,3.7412681579589844,55.0,55.5,8.87
1765481468.1935394,99,18,38,16,12,3.7400779724121094,54.5,55.0,7.856
1765481468.3947313,99,18,38,16,12,3.7400779724121094,54.5,55.0,7.856
1765481468.5957348,99,18,38,16,12,3.7400779724121094,54.5,55.0,7.856
1765481468.7970753,99,21,14,19,16,3.7402572631835938,54.5,54.5,7.125
1765481468.998091,99,21,14,19,16,3.7402572631835938,54.5,54.5,7.125
1765481469.1992164,99,27,24,27,52,3.7405738830566406,54.5,55.5,8.305
1765481469.4004467,99,27,24,27,52,3.7405738830566406,54.5,55.5,8.305
1765481469.6015983,99,27,24,27,52,3.7405738830566406,54.5,55.5,8.305
1765481469.8026726,99,46,21,23,18,3.7409019470214844,54.5,55.0,8.41
1765481470.0037985,99,46,21,23,18,3.7409019470214844,54.5,55.0,8.41
1765481470.2048473,99,21,16,12,20,3.7406044006347656,54.5,54.5,7.205
1765481470.4059703,99,21,16,12,20,3.7406044006347656,54.5,54.5,7.205
1765481470.6072526,99,21,16,12,20,3.7406044006347656,54.5,54.5,7.205
1765481470.8083622,99,44,33,34,39,3.7405738830566406,55.0,55.0,8.16
1765481471.0104048,99,44,33,34,39,3.7405738830566406,55.0,55.0,8.16
1765481471.2115192,99,39,36,32,31,3.7411231994628906,55.0,55.5,8.752
1765481471.4126635,99,39,36,32,31,3.7411231994628906,55.0,55.5,8.752
1765481471.6141353,99,39,36,32,31,3.7411231994628906,55.0,55.5,8.752
1765481471.8152947,99,18,16,15,7,3.7409896850585938,54.5,55.0,7.511
1765481472.0165136,99,18,16,15,7,3.7409896850585938,54.5,55.0,7.511
1765481472.2176566,99,34,32,33,50,3.741016387939453,55.0,55.0,7.618
1765481472.4188757,99,34,32,33,50,3.741016387939453,55.0,55.0,7.618
1765481472.6201024,99,34,32,33,50,3.741016387939453,55.0,55.0,7.618
1765481472.821045,99,29,24,49,28,3.7406768798828125,54.5,55.5,8.081
1765481473.022254,99,29,24,49,28,3.7406768798828125,54.5,55.5,8.081
1765481473.223773,99,27,23,15,16,3.7415504455566406,55.0,55.0,8.266
1765481473.425412,99,27,23,15,16,3.7415504455566406,55.0,55.0,8.266
1765481473.6264842,99,27,23,15,16,3.7415504455566406,55.0,55.0,8.266
1765481473.8275754,99,17,23,21,49,3.7407073974609375,55.0,55.5,7.936
1765481474.0285673,99,17,23,21,49,3.7407073974609375,55.0,55.5,7.936
1765481474.2296574,99,29,35,24,38,3.740589141845703,55.0,55.5,8.042
1765481474.4306724,99,29,35,24,38,3.740589141845703,55.0,55.5,8.042
1765481474.63178,99,29,35,24,38,3.740589141845703,55.0,55.5,8.042
1765481474.8329437,99,24,25,22,23,3.740650177001953,55.0,55.5,8.266
1765481475.0340047,99,24,25,22,23,3.740650177001953,55.0,55.5,8.266
1765481475.2349923,99,46,28,24,24,3.740886688232422,55.0,56.0,8.489
1765481475.4362066,99,46,28,24,24,3.740886688232422,55.0,56.0,8.489
1765481475.6375394,99,46,28,24,24,3.740886688232422,55.0,56.0,8.489
1765481475.8386042,99,24,30,24,32,3.7406272888183594,55.0,56.0,8.147
1765481476.039653,99,24,30,24,32,3.7406272888183594,55.0,56.0,8.147
1765481476.2406528,99,24,30,24,32,3.7406272888183594,55.0,56.0,8.147
1765481476.441946,99,14,24,14,18,3.740215301513672,55.0,55.5,8.187
1765481476.6430473,99,14,24,14,18,3.740215301513672,55.0,55.5,8.187
1765481476.8442523,99,50,16,20,38,3.740497589111328,55.5,56.0,8.608
1765481477.045315,99,50,16,20,38,3.740497589111328,55.5,56.0,8.608
1765481477.246411,99,50,16,20,38,3.740497589111328,55.5,56.0,8.608
1765481477.4474335,99,14,24,27,16,3.740276336669922,55.0,56.0,8.266
1765481477.6485877,99,14,24,27,16,3.740276336669922,55.0,56.0,8.266
1765481477.8494804,99,22,16,32,25,3.740509033203125,55.0,55.5,8.187
1765481478.0507607,99,22,16,32,25,3.740509033203125,55.0,55.5,8.187
1765481478.2518694,99,22,16,32,25,3.740509033203125,55.0,55.5,8.187
1765481478.453269,99,30,32,52,37,3.7402725219726562,55.0,56.0,8.187
1765481478.6542988,99,30,32,52,37,3.7402725219726562,55.0,56.0,8.187
1765481478.8555343,99,24,21,25,28,3.741474151611328,55.0,56.5,8.489
1765481479.0564575,99,24,21,25,28,3.741474151611328,55.0,56.5,8.489
1765481479.2576222,99,24,21,25,28,3.741474151611328,55.0,56.5,8.489
1765481479.4587755,99,18,31,16,22,3.7409095764160156,54.5,55.5,8.081
1765481479.6597638,99,18,31,16,22,3.7409095764160156,54.5,55.5,8.081
1765481479.8608143,99,48,25,42,28,3.741230010986328,55.0,56.0,7.658
1765481480.061967,99,48,25,42,28,3.741230010986328,55.0,56.0,7.658
1765481480.265656,99,48,25,42,28,3.741230010986328,55.0,56.0,7.658
1765481480.4667559,99,36,27,30,25,3.7409934997558594,54.5,56.0,7.737
1765481480.6677847,99,36,27,30,25,3.7409934997558594,54.5,56.0,7.737
1765481480.8688064,99,34,15,8,10,3.7417335510253906,55.0,56.0,8.147
1765481481.0701485,99,34,15,8,10,3.7417335510253906,55.0,56.0,8.147
1765481481.271888,99,34,15,8,10,3.7417335510253906,55.0,56.0,8.147
1765481481.4730613,99,36,46,58,50,3.737945556640625,55.5,55.5,8.147
1765481481.6741104,99,36,46,58,50,3.737945556640625,55.5,55.5,8.147
1765481481.8755343,99,38,28,28,33,3.7385406494140625,55.0,56.0,7.471
1765481482.0766363,99,38,28,28,33,3.7385406494140625,55.0,56.0,7.471
1765481482.2778573,99,38,28,28,33,3.7385406494140625,55.0,56.0,7.471
1765481482.4789243,99,26,37,20,31,3.739215850830078,55.5,56.0,8.608
1765481482.6805577,99,26,37,20,31,3.739215850830078,55.5,56.0,8.608
1765481482.8817248,99,29,19,44,20,3.7386093139648438,55.5,55.5,7.658
1765481483.082807,99,29,19,44,20,3.7386093139648438,55.5,55.5,7.658
1765481483.2838492,99,29,19,44,20,3.7386093139648438,55.5,55.5,7.658
1765481483.4853919,29,36,31,30,40,3.738780975341797,54.5,56.5,7.165
1765481483.6869183,29,36,31,30,40,3.738780975341797,54.5,56.5,7.165
1765481483.8880925,99,46,42,41,50,3.7299537658691406,56.0,56.0,8.529
1765481484.089196,99,46,42,41,50,3.7299537658691406,56.0,56.0,8.529
1765481484.2903318,99,46,42,41,50,3.7299537658691406,56.0,56.0,8.529
1765481484.4914415,99,30,32,36,20,3.7306137084960938,55.5,57.0,9.052
1765481484.6925263,99,30,32,36,20,3.7306137084960938,55.5,57.0,9.052
1765481484.8951485,58,17,18,16,12,3.7300949096679688,55.0,55.5,6.469
1765481485.0964854,58,17,18,16,12,3.7300949096679688,55.0,55.5,6.469
1765481485.2975507,58,17,18,16,12,3.7300949096679688,55.0,55.5,6.469
1765481485.49856,99,30,26,39,26,3.729595184326172,56.0,56.0,8.226
1765481485.6997728,99,30,26,39,26,3.729595184326172,56.0,56.0,8.226
1765481485.9008281,99,30,26,39,26,3.729595184326172,56.0,56.0,8.226
1765481486.1019175,99,26,30,50,33,3.730144500732422,56.0,56.0,9.013
1765481486.3031366,99,26,30,50,33,3.730144500732422,56.0,56.0,9.013
1765481486.5044103,47,13,13,11,22,3.7303543090820312,55.0,56.5,6.389
1765481486.7053874,47,13,13,11,22,3.7303543090820312,55.0,56.5,6.389
1765481486.90651,47,13,13,11,22,3.7303543090820312,55.0,56.5,6.389
1765481487.1074903,99,36,32,35,29,3.729450225830078,55.5,56.0,8.305
1765481487.3086708,99,36,32,35,29,3.729450225830078,55.5,56.0,8.305
1765481487.5098667,99,30,32,34,48,3.730052947998047,56.0,56.0,8.187
1765481487.7110865,99,30,32,34,48,3.730052947998047,56.0,56.0,8.187
1765481487.9123163,99,30,32,34,48,3.730052947998047,56.0,56.0,8.187
1765481488.1134999,40,22,16,17,25,3.7309646606445312,55.0,56.0,6.629
1765481488.3144426,40,22,16,17,25,3.7309646606445312,55.0,56.0,6.629
1765481488.5156322,99,18,12,16,33,3.7299232482910156,56.0,56.5,8.081
1765481488.7166386,99,18,12,16,33,3.7299232482910156,56.0,56.5,8.081
1765481488.9176424,99,18,12,16,33,3.7299232482910156,56.0,56.5,8.081
1765481489.1186666,99,24,34,50,26,3.7299461364746094,56.0,56.0,8.16
1765481489.3198636,99,24,34,50,26,3.7299461364746094,56.0,56.0,8.16
1765481489.5209885,28,22,19,16,21,3.7301559448242188,55.5,56.0,6.24
1765481489.7220314,28,22,19,16,21,3.7301559448242188,55.5,56.0,6.24
1765481489.923158,28,22,19,16,21,3.7301559448242188,55.5,56.0,6.24
1765481490.124181,99,18,22,26,46,3.7305564880371094,56.0,56.5,8.791
1765481490.3252702,99,18,22,26,46,3.7305564880371094,56.0,56.5,8.791
1765481490.526218,99,26,44,28,17,3.729827880859375,56.0,56.0,8.121
1765481490.7273018,99,26,44,28,17,3.729827880859375,56.0,56.0,8.121
1765481490.9285324,99,26,44,28,17,3.729827880859375,56.0,56.0,8.121
1765481491.1296647,99,22,18,20,18,3.729949951171875,55.5,56.0,6.169
1765481491.3370652,99,22,18,20,18,3.729949951171875,55.5,56.0,6.169
1765481491.5389233,99,30,50,26,24,3.7301292419433594,56.0,56.5,8.45
1765481491.739781,99,30,50,26,24,3.7301292419433594,56.0,56.5,8.45
1765481491.9406662,99,30,50,26,24,3.7301292419433594,56.0,56.5,8.45
1765481492.1416414,99,16,38,16,26,3.7306175231933594,56.0,56.5,8.385
1765481492.3426933,99,16,38,16,26,3.7306175231933594,56.0,56.5,8.385
1765481492.5439868,99,22,15,14,19,3.730213165283203,55.5,56.0,6.977
1765481492.7450795,99,22,15,14,19,3.730213165283203,55.5,56.0,6.977
1765481492.9459991,99,22,15,14,19,3.730213165283203,55.5,56.0,6.977
1765481493.1470652,99,33,56,32,22,3.7300338745117188,56.0,56.5,8.081
1765481493.348693,99,33,56,32,22,3.7300338745117188,56.0,56.5,8.081
1765481493.5510757,99,30,20,49,37,3.7309951782226562,56.0,56.5,9.013
1765481493.752245,99,30,20,49,37,3.7309951782226562,56.0,56.5,9.013
1765481493.9547951,99,30,20,49,37,3.7309951782226562,56.0,56.5,9.013
1765481494.1560984,99,14,14,12,18,3.7317161560058594,56.0,56.0,7.205
1765481494.3571723,99,14,14,12,18,3.7317161560058594,56.0,56.0,7.205
1765481494.5583563,99,36,50,40,32,3.7333297729492188,56.0,57.0,8.042
1765481494.759332,99,36,50,40,32,3.7333297729492188,56.0,57.0,8.042
1765481494.9611218,99,36,50,40,32,3.7333297729492188,56.0,57.0,8.042
1765481495.1625516,99,34,38,31,48,3.7284774780273438,56.0,56.5,8.489
1765481495.3637497,99,34,38,31,48,3.7284774780273438,56.0,56.5,8.489
1765481495.5646975,99,34,38,31,48,3.7284774780273438,56.0,56.5,8.489
1765481495.7659607,99,17,16,18,26,3.728412628173828,56.0,57.0,8.41
1765481495.966918,99,17,16,18,26,3.728412628173828,56.0,57.0,8.41
1765481496.168171,99,26,25,38,33,3.727222442626953,56.0,56.5,7.777
1765481496.3693252,99,26,25,38,33,3.727222442626953,56.0,56.5,7.777
1765481496.5704558,99,26,25,38,33,3.727222442626953,56.0,56.5,7.777
1765481496.7716796,99,24,50,24,24,3.72784423828125,56.0,56.5,7.804
1765481496.9735851,99,24,50,24,24,3.72784423828125,56.0,56.5,7.804
1765481497.1745698,99,21,22,24,26,3.7277565002441406,56.0,57.0,8.909
1765481497.3756213,99,21,22,24,26,3.7277565002441406,56.0,57.0,8.909
1765481497.5767326,99,21,22,24,26,3.7277565002441406,56.0,57.0,8.909
1765481497.7777817,99,20,19,43,20,3.72796630859375,56.0,56.5,8.266
1765481497.978751,99,20,19,43,20,3.72796630859375,56.0,56.5,8.266
1765481498.1840515,99,22,50,23,19,3.727752685546875,56.0,57.0,8.108
1765481498.385175,99,22,50,23,19,3.727752685546875,56.0,57.0,8.108
1765481498.5863404,99,22,50,23,19,3.727752685546875,56.0,57.0,8.108
1765481498.78778,99,20,25,21,30,3.7279586791992188,56.0,56.5,8.108
1765481498.9893413,99,20,25,21,30,3.7279586791992188,56.0,56.5,8.108
1765481499.1904008,99,26,26,50,19,3.7281227111816406,56.0,56.5,8.529
1765481499.3917768,99,26,26,50,19,3.7281227111816406,56.0,56.5,8.529
1765481499.5952024,99,26,26,50,19,3.7281227111816406,56.0,56.5,8.529
1765481499.7964413,99,33,20,12,20,3.7276535034179688,56.0,57.0,7.511
1765481499.997534,99,33,20,12,20,3.7276535034179688,56.0,57.0,7.511
1765481500.1985748,99,42,20,16,24,3.7277603149414062,56.5,56.5,7.697
1765481500.3998222,99,42,20,16,24,3.7277603149414062,56.5,56.5,7.697
1765481500.600831,99,42,20,16,24,3.7277603149414062,56.5,56.5,7.697
1765481500.8018064,99,32,35,42,46,3.72821044921875,56.5,57.0,8.568
1765481501.0033765,99,32,35,42,46,3.72821044921875,56.5,57.0,8.568
1765481501.204904,99,17,17,20,23,3.7283897399902344,56.0,57.5,7.432
1765481501.4059203,99,17,17,20,23,3.7283897399902344,56.0,57.5,7.432
1765481501.6070325,99,17,17,20,23,3.7283897399902344,56.0,57.5,7.432
1765481501.808134,99,30,22,36,25,3.727802276611328,56.5,56.5,7.856
1765481502.0093896,99,30,22,36,25,3.727802276611328,56.5,56.5,7.856
1765481502.2105172,99,46,41,26,30,3.727630615234375,56.5,57.0,8.305
1765481502.4116137,99,46,41,26,30,3.727630615234375,56.5,57.0,8.305
1765481502.6125836,99,46,41,26,30,3.727630615234375,56.5,57.0,8.305
1765481502.8137348,47,32,25,23,28,3.7275466918945312,56.0,57.0,6.589
1765481503.014747,47,32,25,23,28,3.7275466918945312,56.0,57.0,6.589
1765481503.215865,99,50,25,22,54,3.7203330993652344,56.5,57.0,8.042
1765481503.4168866,99,50,25,22,54,3.7203330993652344,56.5,57.0,8.042
1765481503.617987,99,50,25,22,54,3.7203330993652344,56.5,57.0,8.042
1765481503.8193908,99,49,33,37,27,3.7248802185058594,57.0,57.0,8.187
1765481504.0207014,99,49,33,37,27,3.7248802185058594,57.0,57.0,8.187
1765481504.2219257,82,23,30,16,20,3.7246742248535156,56.0,56.5,6.509
1765481504.4229422,82,23,30,16,20,3.7246742248535156,56.0,56.5,6.509
1765481504.6241608,82,23,30,16,20,3.7246742248535156,56.0,56.5,6.509
1765481504.8252401,99,20,42,21,14,3.7256507873535156,56.5,57.5,8.687
1765481505.0287135,99,20,42,21,14,3.7256507873535156,56.5,57.5,8.687
1765481505.2297037,99,21,16,41,32,3.7251052856445312,56.5,57.0,8.187
1765481505.4308305,99,21,16,41,32,3.7251052856445312,56.5,57.0,8.187
1765481505.631849,99,21,16,41,32,3.7251052856445312,56.5,57.0,8.187
1765481505.83315,22,23,22,19,21,3.725109100341797,56.0,56.5,5.68
1765481506.034134,22,23,22,19,21,3.725109100341797,56.0,56.5,5.68
1765481506.2352688,99,28,29,49,24,3.7251014709472656,56.5,57.0,8.698
1765481506.4363337,99,28,29,49,24,3.7251014709472656,56.5,57.0,8.698
1765481506.637607,99,28,29,49,24,3.7251014709472656,56.5,57.0,8.698
1765481506.8386343,99,14,21,20,47,3.7255325317382812,56.5,58.0,8.436
1765481507.0396917,99,14,21,20,47,3.7255325317382812,56.5,58.0,8.436
1765481507.2407346,99,14,21,20,47,3.7255325317382812,56.5,58.0,8.436
1765481507.441941,99,21,17,14,10,3.7251739501953125,56.5,57.0,6.429
1765481507.6428876,99,21,17,14,10,3.7251739501953125,56.5,57.0,6.429
1765481507.8440454,99,35,26,36,45,3.725147247314453,57.0,57.0,8.174
1765481508.0450513,99,35,26,36,45,3.725147247314453,57.0,57.0,8.174
1765481508.246257,99,35,26,36,45,3.725147247314453,57.0,57.0,8.174
1765481508.447395,99,40,30,35,28,3.7257232666015625,56.5,57.5,8.88
1765481508.6484861,99,40,30,35,28,3.7257232666015625,56.5,57.5,8.88
1765481508.8497012,99,13,13,13,13,3.7250938415527344,57.0,56.5,6.886
1765481509.050746,99,13,13,13,13,3.7250938415527344,57.0,56.5,6.886
1765481509.2519884,99,13,13,13,13,3.7250938415527344,57.0,56.5,6.886
1765481509.4530299,99,40,39,42,32,3.7253150939941406,57.0,57.5,8.134
1765481509.6542995,99,40,39,42,32,3.7253150939941406,57.0,57.5,8.134
1765481509.8553567,99,25,27,37,52,3.7252578735351562,57.0,57.0,8.252
1765481510.056549,99,25,27,37,52,3.7252578735351562,57.0,57.0,8.252
1765481510.257588,99,25,27,37,52,3.7252578735351562,57.0,57.0,8.252
1765481510.4588864,99,20,19,8,10,3.7260398864746094,57.0,57.0,7.804
1765481510.6600904,99,20,19,8,10,3.7260398864746094,57.0,57.0,7.804
1765481510.8612514,99,25,24,44,20,3.72491455078125,57.0,57.0,8.029
1765481511.0622547,99,25,24,44,20,3.72491455078125,57.0,57.0,8.029
1765481511.263145,99,25,24,44,20,3.72491455078125,57.0,57.0,8.029
1765481511.4642131,99,43,35,30,26,3.7252235412597656,56.5,57.0,8.147
1765481511.6652057,99,43,35,30,26,3.7252235412597656,56.5,57.0,8.147
1765481511.86618,99,18,27,20,25,3.7248687744140625,57.0,57.0,7.764
1765481512.0674915,99,18,27,20,25,3.7248687744140625,57.0,57.0,7.764
1765481512.2684464,99,18,27,20,25,3.7248687744140625,57.0,57.0,7.764
1765481512.4695015,99,25,18,32,30,3.7251358032226562,57.0,57.5,8.174
1765481512.6708093,99,25,18,32,30,3.7251358032226562,57.0,57.5,8.174
1765481512.8720694,99,29,25,54,22,3.7249374389648438,57.0,58.0,8.371
1765481513.0731056,99,29,25,54,22,3.7249374389648438,57.0,58.0,8.371
1765481513.2741563,99,29,25,54,22,3.7249374389648438,57.0,58.0,8.371
1765481513.4765759,99,25,18,15,14,3.7251930236816406,57.0,57.5,7.42
1765481513.6779933,99,25,18,15,14,3.7251930236816406,57.0,57.5,7.42
1765481513.8790846,99,25,27,27,46,3.726184844970703,57.0,57.5,8.213
1765481514.0803483,99,25,27,27,46,3.726184844970703,57.0,57.5,8.213
1765481514.281499,99,25,27,27,46,3.726184844970703,57.0,57.5,8.213
1765481514.48257,99,21,18,41,25,3.72503662109375,57.0,58.0,8.213
1765481514.6837182,99,21,18,41,25,3.72503662109375,57.0,58.0,8.213
1765481514.88454,99,19,17,21,18,3.7247390747070312,57.0,57.5,7.725
1765481515.0864007,99,19,17,21,18,3.7247390747070312,57.0,57.5,7.725
1765481515.287552,99,19,17,21,18,3.7247390747070312,57.0,57.5,7.725
1765481515.4889717,99,32,30,25,54,3.725170135498047,57.0,58.0,7.725
1765481515.68986,99,32,30,25,54,3.725170135498047,57.0,58.0,7.725
1765481515.8909264,99,26,20,16,40,3.725940704345703,57.0,58.0,8.515
1765481516.0923078,99,26,20,16,40,3.725940704345703,57.0,58.0,8.515
1765481516.2933855,99,26,20,16,40,3.725940704345703,57.0,58.0,8.515
1765481516.4942884,99,19,17,23,17,3.7248306274414062,57.5,57.5,7.764
1765481516.6957104,99,19,17,23,17,3.7248306274414062,57.5,57.5,7.764
1765481516.897068,99,60,37,32,31,3.7249183654785156,57.5,57.5,7.923
1765481517.0982072,99,60,37,32,31,3.7249183654785156,57.5,57.5,7.923
1765481517.29942,99,60,37,32,31,3.7249183654785156,57.5,57.5,7.923
1765481517.5006006,99,37,30,24,30,3.7258949279785156,57.0,58.0,8.476
1765481517.7016592,99,37,30,24,30,3.7258949279785156,57.0,58.0,8.476
1765481517.9061222,99,37,30,24,30,3.7258949279785156,57.0,58.0,8.476
1765481518.107189,99,13,11,12,20,3.7254066467285156,57.0,57.5,8.029
1765481518.3083146,99,13,11,12,20,3.7254066467285156,57.0,57.5,8.029
1765481518.509642,99,36,26,53,23,3.7251205444335938,57.0,57.5,7.658
1765481518.7107096,99,36,26,53,23,3.7251205444335938,57.0,57.5,7.658
1765481518.9117951,99,36,26,53,23,3.7251205444335938,57.0,57.5,7.658
1765481519.1129327,99,29,29,22,35,3.7255935668945312,57.0,57.5,7.91
1765481519.3140097,99,29,29,22,35,3.7255935668945312,57.0,57.5,7.91
1765481519.515055,99,18,25,15,28,3.726043701171875,57.0,58.0,8.673
1765481519.7162232,99,18,25,15,28,3.726043701171875,57.0,58.0,8.673
1765481519.9173272,99,18,25,15,28,3.726043701171875,57.0,58.0,8.673
1765481520.1185427,99,20,20,18,40,3.7249908447265625,57.5,57.5,7.618
1765481520.3194566,99,20,20,18,40,3.7249908447265625,57.5,57.5,7.618
1765481520.5206082,99,32,28,33,35,3.725238800048828,57.0,58.0,7.645
1765481520.721612,99,32,28,33,35,3.725238800048828,57.0,58.0,7.645
1765481520.9230735,99,32,28,33,35,3.725238800048828,57.0,58.0,7.645
1765481521.1242695,99,41,20,20,19,3.7255516052246094,57.5,58.0,7.989
1765481521.3255665,99,41,20,20,19,3.7255516052246094,57.5,58.0,7.989
1765481521.526564,99,26,47,17,18,3.7261428833007812,57.5,58.0,8.068
1765481521.7275965,99,26,47,17,18,3.7261428833007812,57.5,58.0,8.068
1765481521.9291155,99,26,47,17,18,3.7261428833007812,57.5,58.0,8.068
1765481522.1303205,99,26,12,23,28,3.7254104614257812,57.0,58.5,7.114
1765481522.3314612,99,26,12,23,28,3.7254104614257812,57.0,58.5,7.114
1765481522.5327399,99,25,28,20,37,3.7254714965820312,57.5,58.0,8.45
1765481522.734002,99,25,28,20,37,3.7254714965820312,57.5,58.0,8.45
1765481522.9350905,99,25,28,20,37,3.7254714965820312,57.5,58.0,8.45
1765481523.1364298,99,31,19,44,35,3.7256088256835938,57.5,58.0,8.856
1765481523.3374739,99,31,19,44,35,3.7256088256835938,57.5,58.0,8.856
1765481523.5386693,37,20,15,21,13,3.724925994873047,57.0,58.0,6.698
1765481523.7396781,37,20,15,21,13,3.724925994873047,57.0,58.0,6.698
1765481523.940748,37,20,15,21,13,3.724925994873047,57.0,58.0,6.698
1765481524.1417317,99,34,20,41,28,3.7252960205078125,57.5,58.0,8.331
1765481524.342894,99,34,20,41,28,3.7252960205078125,57.5,58.0,8.331
1765481524.5440764,99,49,44,35,26,3.724884033203125,57.5,58.0,8.673
1765481524.7452033,99,49,44,35,26,3.724884033203125,57.5,58.0,8.673
1765481524.9462116,99,49,44,35,26,3.724884033203125,57.5,58.0,8.673
1765481525.1473382,55,19,12,21,16,3.725940704345703,56.5,58.0,6.589
1765481525.3484159,55,19,12,21,16,3.725940704345703,56.5,58.0,6.589
1765481525.5495284,99,25,25,36,24,3.7253036499023438,57.5,58.0,8.187
1765481525.750907,99,25,25,36,24,3.7253036499023438,57.5,58.0,8.187
1765481525.9521492,99,25,25,36,24,3.7253036499023438,57.5,58.0,8.187
1765481526.1531105,99,26,30,40,27,3.7254371643066406,57.5,57.5,8.147
1765481526.3542588,99,26,30,40,27,3.7254371643066406,57.5,57.5,8.147
1765481526.555278,46,21,23,32,18,3.7252159118652344,57.0,58.0,6.19
1765481526.7564182,46,21,23,32,18,3.7252159118652344,57.0,58.0,6.19
1765481526.957504,46,21,23,32,18,3.7252159118652344,57.0,58.0,6.19
1765481527.1585639,99,21,21,38,17,3.7256317138671875,58.0,58.0,8.594
1765481527.3597481,99,21,21,38,17,3.7256317138671875,58.0,58.0,8.594
1765481527.560613,99,52,23,22,22,3.7252159118652344,57.5,58.5,8.029
1765481527.761789,99,52,23,22,22,3.7252159118652344,57.5,58.5,8.029
1765481527.9635558,99,52,23,22,22,3.7252159118652344,57.5,58.5,8.029
1765481528.1648297,99,21,20,22,16,3.7249488830566406,57.0,58.0,6.28
1765481528.3658702,99,21,20,22,16,3.7249488830566406,57.0,58.0,6.28
1765481528.5670197,99,21,20,22,16,3.7249488830566406,57.0,58.0,6.28
1765481528.7682767,99,30,28,50,24,3.725910186767578,57.5,58.5,9.195
1765481528.9697256,99,30,28,50,24,3.725910186767578,57.5,58.5,9.195
1765481529.1708114,99,19,44,10,14,3.724853515625,57.5,58.0,8.068
1765481529.3718934,99,19,44,10,14,3.724853515625,57.5,58.0,8.068
1765481529.5729113,99,19,44,10,14,3.724853515625,57.5,58.0,8.068
1765481529.7739143,99,26,14,18,16,3.7252426147460938,57.5,57.5,7.006
1765481529.974897,99,26,14,18,16,3.7252426147460938,57.5,57.5,7.006
1765481530.176164,99,28,19,58,27,3.7252578735351562,57.5,58.5,8.292
1765481530.3772497,99,28,19,58,27,3.7252578735351562,57.5,58.5,8.292
1765481530.5785587,99,28,19,58,27,3.7252578735351562,57.5,58.5,8.292
1765481530.7794704,99,14,28,28,44,3.726055145263672,57.5,59.0,8.633
1765481530.9805784,99,14,28,28,44,3.726055145263672,57.5,59.0,8.633
1765481531.1819823,99,18,12,10,15,3.7248992919921875,57.5,58.0,7.312
1765481531.3835175,99,18,12,10,15,3.7248992919921875,57.5,58.0,7.312
1765481531.5846076,99,18,12,10,15,3.7248992919921875,57.5,58.0,7.312
1765481531.7855346,99,33,40,41,35,3.7252845764160156,58.0,58.5,8.331
1765481531.9868608,99,33,40,41,35,3.7252845764160156,58.0,58.5,8.331
1765481532.1878996,99,24,42,30,35,3.7260055541992188,57.5,58.5,8.712
1765481532.3894327,99,24,42,30,35,3.7260055541992188,57.5,58.5,8.712
1765481532.59055,99,24,42,30,35,3.7260055541992188,57.5,58.5,8.712
1765481532.793698,99,22,19,17,11,3.725605010986328,57.5,58.0,7.658
1765481532.99463,99,22,19,17,11,3.725605010986328,57.5,58.0,7.658
1765481533.1957884,99,32,44,32,22,3.7252960205078125,58.0,58.5,7.658
1765481533.397178,99,32,44,32,22,3.7252960205078125,58.0,58.5,7.658
1765481533.598581,99,32,44,32,22,3.7252960205078125,58.0,58.5,7.658
1765481533.7997768,99,20,22,23,52,3.725311279296875,58.0,58.5,8.108
1765481534.000959,99,20,22,23,52,3.725311279296875,58.0,58.5,8.108
1765481534.2018454,99,17,15,21,16,3.7260360717773438,58.0,58.5,8.568
1765481534.402772,99,17,15,21,16,3.7260360717773438,58.0,58.5,8.568
1765481534.6038358,99,17,15,21,16,3.7260360717773438,58.0,58.5,8.568
1765481534.805049,99,22,42,22,14,3.7255783081054688,57.5,58.0,7.618
1765481535.006182,99,22,42,22,14,3.7255783081054688,57.5,58.0,7.618
1765481535.2073052,99,48,30,22,22,3.7255630493164062,57.5,58.0,7.883
1765481535.408402,99,48,30,22,22,3.7255630493164062,57.5,58.0,7.883
1765481535.6095517,99,48,30,22,22,3.7255630493164062,57.5,58.0,7.883
1765481535.810672,99,26,26,22,16,3.725067138671875,58.0,58.0,8.068
1765481536.0117536,99,26,26,22,16,3.725067138671875,58.0,58.0,8.068
1765481536.2130744,99,23,49,18,25,3.7260284423828125,58.0,58.5,8.331
1765481536.4140792,99,23,49,18,25,3.7260284423828125,58.0,58.5,8.331
1765481536.6155791,99,23,49,18,25,3.7260284423828125,58.0,58.5,8.331
1765481536.8169234,99,23,22,22,32,3.725330352783203,57.5,58.5,7.962
1765481537.0180671,99,23,22,22,32,3.725330352783203,57.5,58.5,7.962
1765481537.219093,99,18,27,16,16,3.725482940673828,58.0,58.5,8.331
1765481537.4205403,99,18,27,16,16,3.725482940673828,58.0,58.5,8.331
1765481537.6218526,99,18,27,16,16,3.725482940673828,58.0,58.5,8.331
1765481537.8229215,99,40,27,43,27,3.7249183654785156,58.0,59.0,8.633
1765481538.0240757,99,40,27,43,27,3.7249183654785156,58.0,59.0,8.633
1765481538.225253,99,19,30,28,14,3.724609375,58.0,59.0,8.108
1765481538.4263074,99,19,30,28,14,3.724609375,58.0,59.0,8.108
1765481538.6274323,99,19,30,28,14,3.724609375,58.0,59.0,8.108
1765481538.828504,99,25,24,24,14,3.725719451904297,58.0,58.5,8.331
1765481539.0295544,99,25,24,24,14,3.725719451904297,58.0,58.5,8.331
1765481539.2304277,99,58,33,39,22,3.725421905517578,58.0,58.5,8.252
1765481539.43149,99,58,33,39,22,3.725421905517578,58.0,58.5,8.252
1765481539.632661,99,58,33,39,22,3.725421905517578,58.0,58.5,8.252
1765481539.8339086,99,22,16,30,24,3.7259483337402344,58.0,59.5,8.594
1765481540.0352101,99,22,16,30,24,3.7259483337402344,58.0,59.5,8.594
1765481540.2368343,99,22,16,30,24,3.7259483337402344,58.0,59.5,8.594
1765481540.4388194,99,28,22,24,20,3.7255287170410156,58.0,58.5,8.187
1765481540.6398823,99,28,22,24,20,3.7255287170410156,58.0,58.5,8.187
1765481540.8410616,99,30,40,30,48,3.725055694580078,57.5,59.0,8.147
1765481541.0421762,99,30,40,30,48,3.725055694580078,57.5,59.0,8.147
1765481541.2434928,99,30,40,30,48,3.725055694580078,57.5,59.0,8.147
1765481541.4446373,99,34,30,28,26,3.7256736755371094,57.5,59.0,7.804
1765481541.6460452,99,34,30,28,26,3.7256736755371094,57.5,59.0,7.804
1765481541.8472264,99,30,15,15,28,3.725982666015625,58.0,59.0,8.331
1765481542.048504,99,30,15,15,28,3.725982666015625,58.0,59.0,8.331
1765481542.2494118,99,30,15,15,28,3.725982666015625,58.0,59.0,8.331
1765481542.4506414,99,20,28,20,52,3.7256126403808594,58.0,58.5,7.843
1765481542.6516957,99,20,28,20,52,3.7256126403808594,58.0,58.5,7.843
1765481542.8528259,99,18,36,22,27,3.7258071899414062,58.0,58.5,7.392
1765481543.053871,99,18,36,22,27,3.7258071899414062,58.0,58.5,7.392
1765481543.255083,99,18,36,22,27,3.7258071899414062,58.0,58.5,7.392
1765481543.4566298,99,27,38,26,24,3.7262496948242188,58.5,59.0,8.791
1765481543.6579792,99,27,38,26,24,3.7262496948242188,58.5,59.0,8.791
1765481543.8590555,99,23,18,39,16,3.7253761291503906,58.0,58.5,8.002
1765481544.060378,99,23,18,39,16,3.7253761291503906,58.0,58.5,8.002
1765481544.261627,99,23,18,39,16,3.7253761291503906,58.0,58.5,8.002
1765481544.4627967,97,24,34,18,16,3.7253684997558594,57.5,58.5,7.006
1765481544.6640487,97,24,34,18,16,3.7253684997558594,57.5,58.5,7.006
1765481544.8651986,99,30,39,27,26,3.7253189086914062,58.5,59.0,8.187
1765481545.067073,99,30,39,27,26,3.7253189086914062,58.5,59.0,8.187
1765481545.2684395,99,30,39,27,26,3.7253189086914062,58.5,59.0,8.187
1765481545.4695072,99,27,12,23,36,3.7265586853027344,58.5,59.0,8.633
1765481545.6705835,99,27,12,23,36,3.7265586853027344,58.5,59.0,8.633
1765481545.8740325,34,16,28,14,12,3.725311279296875,57.5,58.5,6.539
1765481546.0751357,34,16,28,14,12,3.725311279296875,57.5,58.5,6.539
1765481546.276369,34,16,28,14,12,3.725311279296875,57.5,58.5,6.539
1765481546.4774244,99,25,28,29,40,3.725555419921875,58.5,59.0,8.331
1765481546.6785877,99,25,28,29,40,3.725555419921875,58.5,59.0,8.331
1765481546.8795934,99,28,44,28,42,3.7259445190429688,58.5,59.0,9.013
1765481547.082584,99,28,44,28,42,3.7259445190429688,58.5,59.0,9.013
1765481547.2835934,99,28,44,28,42,3.7259445190429688,58.5,59.0,9.013
1765481547.4849033,21,13,21,13,8,3.725658416748047,57.5,58.5,6.2
1765481547.6859684,21,13,21,13,8,3.725658416748047,57.5,58.5,6.2
1765481547.8870103,99,43,34,27,35,3.7256431579589844,58.5,59.0,8.331
1765481548.0881188,99,43,34,27,35,3.7256431579589844,58.5,59.0,8.331
1765481548.2892973,99,43,34,27,35,3.7256431579589844,58.5,59.0,8.331
1765481548.4902184,99,56,30,34,27,3.725109100341797,58.0,59.0,8.529
1765481548.6913805,99,56,30,34,27,3.725109100341797,58.0,59.0,8.529
1765481548.89293,23,18,16,19,21,3.7263259887695312,57.5,58.5,6.469
1765481549.0940568,23,18,16,19,21,3.7263259887695312,57.5,58.5,6.469
1765481549.295108,23,18,16,19,21,3.7263259887695312,57.5,58.5,6.469
1765481549.496405,99,26,43,15,24,3.7250823974609375,58.5,59.0,8.45
1765481549.6977456,99,26,43,15,24,3.7250823974609375,58.5,59.0,8.45
1765481549.8987584,99,27,28,54,25,3.7255096435546875,58.5,59.0,8.331
1765481550.1001353,99,27,28,54,25,3.7255096435546875,58.5,59.0,8.331
1765481550.3012462,99,27,28,54,25,3.7255096435546875,58.5,59.0,8.331
1765481550.5023708,99,21,17,15,19,3.7255783081054688,58.0,58.5,6.16
1765481550.70341,99,21,17,15,19,3.7255783081054688,58.0,58.5,6.16
1765481550.9046986,99,21,17,15,19,3.7255783081054688,58.0,58.5,6.16
1765481551.1057303,99,22,16,34,28,3.726390838623047,58.5,59.5,9.013
1765481551.3068378,99,22,16,34,28,3.726390838623047,58.5,59.5,9.013
1765481551.5080764,99,39,20,40,22,3.72540283203125,58.5,59.0,8.147
1765481551.709151,99,39,20,40,22,3.72540283203125,58.5,59.0,8.147
1765481551.9100857,99,39,20,40,22,3.72540283203125,58.5,59.0,8.147
1765481552.111153,99,12,19,18,20,3.7253875732421875,58.0,58.5,6.469
1765481552.3125174,99,12,19,18,20,3.7253875732421875,58.0,58.5,6.469
1765481552.5140133,99,58,28,22,20,3.7256202697753906,59.0,59.5,8.752
1765481552.714932,99,58,28,22,20,3.7256202697753906,59.0,59.5,8.752
1765481552.916054,99,58,28,22,20,3.7256202697753906,59.0,59.5,8.752
1765481553.1170957,99,21,19,18,45,3.7264060974121094,59.0,59.0,8.226
1765481553.3182082,99,21,19,18,45,3.7264060974121094,59.0,59.0,8.226
1765481553.5195847,99,12,16,19,17,3.7253684997558594,58.5,59.0,7.046
1765481553.7207298,99,12,16,19,17,3.7253684997558594,58.5,59.0,7.046
1765481553.9217553,99,12,16,19,17,3.7253684997558594,58.5,59.0,7.046
1765481554.1227949,99,29,53,35,26,3.7256431579589844,59.0,59.5,8.187
1765481554.3246393,99,29,53,35,26,3.7256431579589844,59.0,59.5,8.187
1765481554.5256112,99,24,22,42,30,3.7262115478515625,59.0,60.0,8.594
1765481554.7267814,99,24,22,42,30,3.7262115478515625,59.0,60.0,8.594
1765481554.927842,99,24,22,42,30,3.7262115478515625,59.0,60.0,8.594
1765481555.129176,99,16,15,15,17,3.7253189086914062,59.0,59.0,7.392
1765481555.3301075,99,16,15,15,17,3.7253189086914062,59.0,59.0,7.392
1765481555.5310888,99,39,37,38,48,3.7254180908203125,59.0,59.0,8.029
1765481555.7323802,99,39,37,38,48,3.7254180908203125,59.0,59.0,8.029
1765481555.9334335,99,39,37,38,48,3.7254180908203125,59.0,59.0,8.029
1765481556.1346865,99,29,34,38,36,3.72552490234375,59.0,60.0,8.712
1765481556.3358111,99,29,34,38,36,3.72552490234375,59.0,60.0,8.712
1765481556.5371027,99,9,10,16,10,3.7256240844726562,59.0,59.5,7.804
1765481556.7382114,99,9,10,16,10,3.7256240844726562,59.0,59.5,7.804
1765481556.9396038,99,9,10,16,10,3.7256240844726562,59.0,59.5,7.804
1765481557.1407588,99,19,46,15,23,3.725414276123047,59.0,59.5,7.737
1765481557.341727,99,19,46,15,23,3.725414276123047,59.0,59.5,7.737
1765481557.5427089,99,25,44,34,26,3.7252655029296875,59.0,59.5,8.226
1765481557.743601,99,25,44,34,26,3.7252655029296875,59.0,59.5,8.226
1765481557.9447417,99,25,44,34,26,3.7252655029296875,59.0,59.5,8.226
1765481558.1460104,99,18,22,25,18,3.726959228515625,59.0,60.0,8.673
1765481558.3470573,99,18,22,25,18,3.726959228515625,59.0,60.0,8.673
1765481558.548277,99,18,23,44,18,3.725940704345703,59.0,59.5,8.042
1765481558.7493322,99,18,23,44,18,3.725940704345703,59.0,59.5,8.042
1765481558.9505687,99,18,23,44,18,3.725940704345703,59.0,59.5,8.042
1765481559.151677,99,26,48,26,24,3.726287841796875,59.0,60.0,8.029
1765481559.3527625,99,26,48,26,24,3.726287841796875,59.0,60.0,8.029
1765481559.5538452,99,27,16,24,19,3.7262115478515625,59.0,59.5,8.108
1765481559.754871,99,27,16,24,19,3.7262115478515625,59.0,59.5,8.108
1765481559.9557652,99,27,16,24,19,3.7262115478515625,59.0,59.5,8.108
1765481560.1567914,99,31,24,21,44,3.7268409729003906,59.0,59.5,8.83
1765481560.35784,99,31,24,21,44,3.7268409729003906,59.0,59.5,8.83
1765481560.5591657,99,40,23,23,18,3.7258758544921875,59.0,60.0,8.147
1765481560.760214,99,40,23,23,18,3.7258758544921875,59.0,60.0,8.147
1765481560.9612224,99,40,23,23,18,3.7258758544921875,59.0,60.0,8.147
1765481561.1621583,99,33,25,15,15,3.726531982421875,59.0,59.5,8.213
1765481561.3633025,99,33,25,15,15,3.726531982421875,59.0,59.5,8.213
1765481561.5641637,99,33,23,50,30,3.7260589599609375,59.5,60.0,8.371
1765481561.7651982,99,33,23,50,30,3.7260589599609375,59.5,60.0,8.371
1765481561.966411,99,33,23,50,30,3.7260589599609375,59.5,60.0,8.371
1765481562.1676018,99,21,25,23,19,3.7262649536132812,59.0,60.0,8.436
1765481562.3686316,99,21,25,23,19,3.7262649536132812,59.0,60.0,8.436
1765481562.5696177,99,21,25,23,19,3.7262649536132812,59.0,60.0,8.436
1765481562.7752774,99,20,26,16,26,3.7261314392089844,59.0,59.5,8.147
1765481562.9764247,99,20,26,16,26,3.7261314392089844,59.0,59.5,8.147
1765481563.1775992,99,40,38,32,56,3.7263259887695312,59.0,59.5,8.147
1765481563.3785334,99,40,38,32,56,3.7263259887695312,59.0,59.5,8.147
1765481563.5797544,99,40,38,32,56,3.7263259887695312,59.0,59.5,8.147
1765481563.7808042,99,24,20,23,32,3.7272911071777344,58.5,60.5,8.029
1765481563.9819553,99,24,20,23,32,3.7272911071777344,58.5,60.5,8.029
1765481564.183071,99,32,18,17,42,3.7244644165039062,59.5,60.0,8.83
1765481564.3842275,99,32,18,17,42,3.7244644165039062,59.5,60.0,8.83
1765481564.585133,99,32,18,17,42,3.7244644165039062,59.5,60.0,8.83
1765481564.7861552,99,31,68,33,36,3.7216644287109375,59.0,59.5,7.804
1765481564.9873323,99,31,68,33,36,3.7216644287109375,59.0,59.5,7.804
1765481565.1885993,99,26,26,24,30,3.7212791442871094,59.0,59.5,7.618
1765481565.3899167,99,26,26,24,30,3.7212791442871094,59.0,59.5,7.618
1765481565.590965,99,26,26,24,30,3.7212791442871094,59.0,59.5,7.618
1765481565.7920682,99,19,16,30,23,3.7219581604003906,59.5,60.5,8.791
1765481565.993165,99,19,16,30,23,3.7219581604003906,59.5,60.5,8.791
1765481566.1944454,99,27,44,24,20,3.7215118408203125,59.0,59.5,7.816
1765481566.3955095,99,27,44,24,20,3.7215118408203125,59.0,59.5,7.816
1765481566.5964715,99,27,44,24,20,3.7215118408203125,59.0,59.5,7.816
1765481566.7977276,99,27,26,35,23,3.7214202880859375,58.5,60.0,7.046
1765481566.999209,99,27,26,35,23,3.7214202880859375,58.5,60.0,7.046
1765481567.2004175,99,22,22,39,27,3.7216720581054688,59.0,60.0,8.489
1765481567.401454,99,22,22,39,27,3.7216720581054688,59.0,60.0,8.489
1765481567.6025364,99,22,22,39,27,3.7216720581054688,59.0,60.0,8.489
1765481567.8036275,99,31,33,17,19,3.721832275390625,59.5,60.0,8.226
1765481568.0048504,99,31,33,17,19,3.721832275390625,59.5,60.0,8.226
1765481568.2090204,99,28,24,17,19,3.7218589782714844,58.5,59.5,7.153
1765481568.410058,99,28,24,17,19,3.7218589782714844,58.5,59.5,7.153
1765481568.6111038,99,28,24,17,19,3.7218589782714844,58.5,59.5,7.153
1765481568.812171,99,25,25,22,35,3.721416473388672,59.5,60.0,8.187
1765481569.0135715,99,25,25,22,35,3.721416473388672,59.5,60.0,8.187
1765481569.2145638,99,26,52,18,28,3.722309112548828,60.0,60.0,9.052
1765481569.415638,99,26,52,18,28,3.722309112548828,60.0,60.0,9.052
1765481569.616538,99,26,52,18,28,3.722309112548828,60.0,60.0,9.052
1765481569.8178313,3,10,10,26,11,3.7216529846191406,59.0,60.0,6.24
1765481570.018962,3,10,10,26,11,3.7216529846191406,59.0,60.0,6.24
1765481570.2204087,99,30,40,20,36,3.721416473388672,59.5,60.0,8.41
1765481570.4217618,99,30,40,20,36,3.721416473388672,59.5,60.0,8.41
1765481570.6231732,99,30,40,20,36,3.721416473388672,59.5,60.0,8.41
1765481570.8242283,99,52,30,43,27,3.721965789794922,59.5,60.0,8.856
1765481571.0252795,99,52,30,43,27,3.721965789794922,59.5,60.0,8.856
1765481571.2262115,99,52,30,43,27,3.721965789794922,59.5,60.0,8.856
1765481571.4274487,36,16,17,17,13,3.7224273681640625,59.0,60.5,6.846
1765481571.628534,36,16,17,17,13,3.7224273681640625,59.0,60.5,6.846
1765481571.829539,99,28,47,30,20,3.7220458984375,59.5,60.5,8.777
1765481572.030759,99,28,47,30,20,3.7220458984375,59.5,60.5,8.777
1765481572.2318175,99,28,47,30,20,3.7220458984375,59.5,60.5,8.777
1765481572.4331014,99,36,26,56,28,3.7210540771484375,59.5,60.0,8.187
1765481572.6344168,99,36,26,56,28,3.7210540771484375,59.5,60.0,8.187
1765481572.8355696,99,28,23,19,18,3.7219276428222656,59.5,60.0,7.697
1765481573.0367079,99,28,23,19,18,3.7219276428222656,59.5,60.0,7.697
1765481573.2377615,99,28,23,19,18,3.7219276428222656,59.5,60.0,7.697
1765481573.43872,99,32,28,16,37,3.72161865234375,60.0,60.5,8.41
1765481573.639825,99,32,28,16,37,3.72161865234375,60.0,60.5,8.41
1765481573.8411124,99,44,30,23,38,3.721282958984375,59.5,60.0,8.042
1765481574.0422409,99,44,30,23,38,3.721282958984375,59.5,60.0,8.042
1765481574.2433405,99,44,30,23,38,3.721282958984375,59.5,60.0,8.042
1765481574.4444864,99,20,18,16,19,3.7217369079589844,59.0,60.0,7.511
1765481574.645583,99,20,18,16,19,3.7217369079589844,59.0,60.0,7.511
1765481574.8465767,99,27,22,28,51,3.7224197387695312,59.5,61.0,9.116
1765481575.0475547,99,27,22,28,51,3.7224197387695312,59.5,61.0,9.116
1765481575.248699,99,27,22,28,51,3.7224197387695312,59.5,61.0,9.116
1765481575.4497795,99,23,45,20,20,3.7221221923828125,59.0,60.0,8.029
1765481575.650862,99,23,45,20,20,3.7221221923828125,59.0,60.0,8.029
1765481575.8518522,99,20,18,19,20,3.7220115661621094,59.5,60.0,7.312
1765481576.05312,99,20,18,19,20,3.7220115661621094,59.5,60.0,7.312
1765481576.2541122,99,20,18,19,20,3.7220115661621094,59.5,60.0,7.312
1765481576.4552536,99,27,32,50,26,3.721935272216797,59.5,60.5,8.371
1765481576.6565669,99,27,32,50,26,3.721935272216797,59.5,60.5,8.371
1765481576.8577406,99,18,23,16,44,3.7227210998535156,59.5,60.5,8.633
1765481577.058896,99,18,23,16,44,3.7227210998535156,59.5,60.5,8.633
1765481577.260576,99,18,23,16,44,3.7227210998535156,59.5,60.5,8.633
1765481577.461776,99,16,12,14,22,3.721996307373047,59.5,60.5,7.539
1765481577.6627526,99,16,12,14,22,3.721996307373047,59.5,60.5,7.539
1765481577.863782,99,40,37,48,30,3.7221603393554688,59.5,60.5,8.068
1765481578.0649302,99,40,37,48,30,3.7221603393554688,59.5,60.5,8.068
1765481578.2665122,99,40,37,48,30,3.7221603393554688,59.5,60.5,8.068
1765481578.4674926,99,35,21,35,27,3.7228965759277344,59.5,60.5,8.555
1765481578.6686046,99,35,21,35,27,3.7228965759277344,59.5,60.5,8.555
1765481578.870007,99,25,15,17,12,3.721546173095703,59.5,60.0,7.697
1765481579.0710435,99,25,15,17,12,3.721546173095703,59.5,60.0,7.697
1765481579.2720776,99,25,15,17,12,3.721546173095703,59.5,60.0,7.697
1765481579.4731534,99,37,31,29,44,3.7219696044921875,59.5,60.0,8.029
1765481579.6742697,99,37,31,29,44,3.7219696044921875,59.5,60.0,8.029
1765481579.8753474,99,29,26,26,44,3.7220611572265625,59.5,60.5,8.529
1765481580.076627,99,29,26,26,44,3.7220611572265625,59.5,60.5,8.529
1765481580.2779107,99,29,26,26,44,3.7220611572265625,59.5,60.5,8.529
1765481580.479768,99,23,32,15,14,3.7226486206054688,60.0,60.5,8.934
1765481580.6812024,99,23,32,15,14,3.7226486206054688,60.0,60.5,8.934
1765481580.8821247,99,24,44,22,21,3.7220840454101562,60.0,60.5,7.843
1765481581.083278,99,24,44,22,21,3.7220840454101562,60.0,60.5,7.843
1765481581.284398,99,24,44,22,21,3.7220840454101562,60.0,60.5,7.843
1765481581.4854407,99,30,24,27,25,3.7221946716308594,59.5,60.5,8.108
1765481581.686461,99,30,24,27,25,3.7221946716308594,59.5,60.5,8.108
1765481581.8875856,99,30,24,27,25,3.7221946716308594,59.5,60.5,8.108
1765481582.088865,99,25,32,22,18,3.7223167419433594,60.0,60.5,8.266
1765481582.2899008,99,25,32,22,18,3.7223167419433594,60.0,60.5,8.266
1765481582.4911077,99,24,28,15,38,3.7224159240722656,60.0,61.0,8.187
1765481582.6922994,99,24,28,15,38,3.7224159240722656,60.0,61.0,8.187
1765481582.8936002,99,24,28,15,38,3.7224159240722656,60.0,61.0,8.187
1765481583.0947044,99,26,32,40,23,3.7219009399414062,59.5,61.0,8.266
1765481583.2958343,99,26,32,40,23,3.7219009399414062,59.5,61.0,8.266
1765481583.4969382,99,20,24,23,18,3.7218704223632812,60.0,60.5,8.002
1765481583.6983583,99,20,24,23,18,3.7218704223632812,60.0,60.5,8.002
1765481583.8994436,99,20,24,23,18,3.7218704223632812,60.0,60.5,8.002
1765481584.100634,99,52,26,32,23,3.722686767578125,60.0,61.0,8.489
1765481584.301602,99,52,26,32,23,3.722686767578125,60.0,61.0,8.489
1765481584.5027723,99,20,14,13,28,3.7253684997558594,59.0,60.0,7.499
1765481584.70413,99,20,14,13,28,3.7253684997558594,59.0,60.0,7.499
1765481584.9052832,99,20,14,13,28,3.7253684997558594,59.0,60.0,7.499
1765481585.1128137,99,62,57,64,73,3.7347640991210938,60.5,62.0,10.267
1765481585.320287,99,62,57,64,73,3.7347640991210938,60.5,62.0,10.267
1765481585.5215032,99,84,82,82,76,3.7287940979003906,60.0,62.0,9.752
1765481585.722645,99,84,82,82,76,3.7287940979003906,60.0,62.0,9.752
1765481585.9243367,99,84,82,82,76,3.7287940979003906,60.0,62.0,9.752
1765481586.1257806,52,26,18,20,18,3.7292709350585938,59.5,61.0,6.589
1765481586.3269467,52,26,18,20,18,3.7292709350585938,59.5,61.0,6.589
1765481586.5287383,99,50,48,58,45,3.7287216186523438,60.0,61.0,8.489
1765481586.729728,99,50,48,58,45,3.7287216186523438,60.0,61.0,8.489
1765481586.9309988,99,50,48,58,45,3.7287216186523438,60.0,61.0,8.489
1765481587.1320405,99,52,57,47,50,3.729053497314453,60.5,61.5,9.155
1765481587.3334758,99,52,57,47,50,3.729053497314453,60.5,61.5,9.155
1765481587.5368407,99,72,70,72,68,3.7303924560546875,60.5,61.5,8.83
1765481587.7383,99,72,70,72,68,3.7303924560546875,60.5,61.5,8.83
1765481587.9418485,99,72,70,72,68,3.7303924560546875,60.5,61.5,8.83
1765481588.144622,99,80,72,86,73,3.7303009033203125,60.5,61.5,9.454
1765481588.3459759,99,80,72,86,73,3.7303009033203125,60.5,61.5,9.454
1765481588.54753,99,73,76,78,80,3.730274200439453,60.0,61.5,8.752
1765481588.7499511,99,73,76,78,80,3.730274200439453,60.0,61.5,8.752
1765481588.9511535,99,73,76,78,80,3.730274200439453,60.0,61.5,8.752
1765481589.1523767,99,41,52,37,32,3.730052947998047,60.5,61.0,8.856
1765481589.3536537,99,41,52,37,32,3.730052947998047,60.5,61.0,8.856
1765481589.5546956,99,36,37,62,32,3.7314071655273438,60.5,61.0,8.752
1765481589.7562096,99,36,37,62,32,3.7314071655273438,60.5,61.0,8.752
1765481589.9574668,99,36,37,62,32,3.7314071655273438,60.5,61.0,8.752
1765481590.1585083,99,38,40,34,28,3.7306175231933594,60.0,61.0,8.029
1765481590.359469,99,38,40,34,28,3.7306175231933594,60.0,61.0,8.029
1765481590.5607102,99,60,45,52,54,3.7307167053222656,60.0,61.0,8.226
1765481590.762025,99,60,45,52,54,3.7307167053222656,60.0,61.0,8.226
1765481590.963279,99,60,45,52,54,3.7307167053222656,60.0,61.0,8.226
1765481591.1645153,99,42,44,61,42,3.7308349609375,60.5,60.5,8.266
1765481591.3664691,99,42,44,61,42,3.7308349609375,60.5,60.5,8.266
1765481591.5680318,99,42,44,61,42,3.7308349609375,60.5,60.5,8.266
1765481591.7734952,40,39,36,36,38,3.7310714721679688,59.5,62.0,6.937
1765481591.975097,40,39,36,36,38,3.7310714721679688,59.5,62.0,6.937
1765481592.1763709,99,62,54,60,55,3.730579376220703,60.5,61.0,8.633
1765481592.3779879,99,62,54,60,55,3.730579376220703,60.5,61.0,8.633
1765481592.5792387,99,62,54,60,55,3.730579376220703,60.5,61.0,8.633
1765481592.780344,99,32,36,59,38,3.7309799194335938,60.0,61.0,8.895
1765481592.9813573,99,32,36,59,38,3.7309799194335938,60.0,61.0,8.895
1765481593.1828883,81,34,36,35,40,3.730865478515625,60.0,60.5,6.589
1765481593.3842618,81,34,36,35,40,3.730865478515625,60.0,60.5,6.589
1765481593.5854023,81,34,36,35,40,3.730865478515625,60.0,60.5,6.589
1765481593.7864769,99,13,36,25,20,3.7313232421875,60.5,60.5,8.752
1765481593.987551,99,13,36,25,20,3.7313232421875,60.5,60.5,8.752
1765481594.1884568,99,18,20,48,20,3.7310409545898438,60.5,60.5,8.029
1765481594.3898647,99,18,20,48,20,3.7310409545898438,60.5,60.5,8.029
1765481594.5909314,99,18,20,48,20,3.7310409545898438,60.5,60.5,8.029
1765481594.7924116,99,22,14,6,16,3.730670928955078,60.0,60.5,6.818
1765481594.9938185,99,22,14,6,16,3.730670928955078,60.0,60.5,6.818
1765481595.1949658,99,26,41,62,26,3.730846405029297,60.5,62.5,9.611
1765481595.395995,99,26,41,62,26,3.730846405029297,60.5,62.5,9.611
1765481595.597093,99,26,41,62,26,3.730846405029297,60.5,62.5,9.611
1765481595.7981956,99,12,42,41,14,3.7245025634765625,60.5,61.0,8.147
1765481595.9993446,99,12,42,41,14,3.7245025634765625,60.5,61.0,8.147
1765481596.2004461,99,12,19,16,12,3.726329803466797,60.0,60.5,6.966
1765481596.4014904,99,12,19,16,12,3.726329803466797,60.0,60.5,6.966
1765481596.6026201,99,12,19,16,12,3.726329803466797,60.0,60.5,6.966
1765481596.803716,99,25,22,50,23,3.7259864807128906,60.5,61.0,8.371
1765481597.004919,99,25,22,50,23,3.7259864807128906,60.5,61.0,8.371
1765481597.2059999,99,38,38,22,24,3.727092742919922,60.5,61.5,8.895
1765481597.4072583,99,38,38,22,24,3.727092742919922,60.5,61.5,8.895
1765481597.6103327,99,38,38,22,24,3.727092742919922,60.5,61.5,8.895
1765481597.8117368,99,29,32,26,22,3.7267074584960938,60.5,61.0,8.41
1765481598.0148356,99,29,32,26,22,3.7267074584960938,60.5,61.0,8.41
1765481598.2158334,99,52,52,44,58,3.7266159057617188,60.5,61.0,8.002
1765481598.416951,99,52,52,44,58,3.7266159057617188,60.5,61.0,8.002
1765481598.6183193,99,52,52,44,58,3.7266159057617188,60.5,61.0,8.002
1765481598.8193285,99,36,34,24,31,3.7269210815429688,60.5,61.5,8.673
1765481599.0204766,99,36,34,24,31,3.7269210815429688,60.5,61.5,8.673
1765481599.221641,99,13,8,11,15,3.7269248962402344,60.5,61.5,7.578
1765481599.4227912,99,13,8,11,15,3.7269248962402344,60.5,61.5,7.578
1765481599.6237879,99,13,8,11,15,3.7269248962402344,60.5,61.5,7.578
1765481599.8248448,99,26,33,43,24,3.726451873779297,60.0,61.0,7.697
1765481600.0263035,99,26,33,43,24,3.726451873779297,60.0,61.0,7.697
1765481600.2273777,99,23,24,48,26,3.7266883850097656,60.5,61.5,8.226
1765481600.4283807,99,23,24,48,26,3.7266883850097656,60.5,61.5,8.226
1765481600.6295335,99,23,24,48,26,3.7266883850097656,60.5,61.5,8.226
1765481600.8305633,99,16,13,14,13,3.7279014587402344,60.5,61.5,8.568
1765481601.0316384,99,16,13,14,13,3.7279014587402344,60.5,61.5,8.568
1765481601.232641,99,26,27,15,14,3.7269363403320312,60.5,61.0,7.764
1765481601.4336598,99,26,27,15,14,3.7269363403320312,60.5,61.0,7.764
1765481601.634713,99,26,27,15,14,3.7269363403320312,60.5,61.0,7.764
1765481601.8418794,99,24,22,22,38,3.7269973754882812,60.0,61.5,7.923
1765481602.0428226,99,24,22,22,38,3.7269973754882812,60.0,61.5,7.923
1765481602.24377,99,18,16,24,20,3.726886749267578,60.5,61.5,8.226
1765481602.4450004,99,18,16,24,20,3.726886749267578,60.5,61.5,8.226
1765481602.6459372,99,18,16,24,20,3.726886749267578,60.5,61.5,8.226
1765481602.8469498,99,23,20,40,16,3.727813720703125,60.5,62.0,8.529
1765481603.048434,99,23,20,40,16,3.727813720703125,60.5,62.0,8.529
1765481603.2494934,99,23,20,40,16,3.727813720703125,60.5,62.0,8.529
1765481603.4506686,99,21,18,40,18,3.7271957397460938,60.5,62.0,7.883
1765481603.6517575,99,21,18,40,18,3.7271957397460938,60.5,62.0,7.883
1765481603.8527083,99,22,16,16,16,3.7269821166992188,60.5,61.0,8.147
1765481604.0538862,99,22,16,16,16,3.7269821166992188,60.5,61.0,8.147
1765481604.2549455,99,22,16,16,16,3.7269821166992188,60.5,61.0,8.147
1765481604.4561665,99,21,31,27,40,3.727203369140625,60.5,61.5,8.555
1765481604.6574128,99,21,31,27,40,3.727203369140625,60.5,61.5,8.555
1765481604.8585367,99,12,11,8,37,3.7273330688476562,60.5,61.5,7.962
1765481605.0596042,99,12,11,8,37,3.7273330688476562,60.5,61.5,7.962
1765481605.2606819,99,12,11,8,37,3.7273330688476562,60.5,61.5,7.962
1765481605.4617841,99,24,16,15,24,3.7271270751953125,60.5,61.5,8.226
1765481605.662762,99,24,16,15,24,3.7271270751953125,60.5,61.5,8.226
1765481605.8638632,99,28,49,28,30,3.7270965576171875,60.5,61.5,8.068
1765481606.0648801,99,28,49,28,30,3.7270965576171875,60.5,61.5,8.068
1765481606.266088,99,28,49,28,30,3.7270965576171875,60.5,61.5,8.068
1765481606.4670658,99,26,21,26,16,3.728046417236328,60.5,62.0,8.555
1765481606.668338,99,26,21,26,16,3.728046417236328,60.5,62.0,8.555
1765481606.8696942,99,19,15,25,15,3.727275848388672,61.0,61.5,8.226
1765481607.0710251,99,19,15,25,15,3.727275848388672,61.0,61.5,8.226
1765481607.2722816,99,19,15,25,15,3.727275848388672,61.0,61.5,8.226
1765481607.4734256,99,26,39,27,35,3.727458953857422,60.5,61.5,7.697
1765481607.6743925,99,26,39,27,35,3.727458953857422,60.5,61.5,7.697
1765481607.8755486,99,22,33,28,26,3.7275962829589844,60.5,62.5,8.147
1765481608.076722,99,22,33,28,26,3.7275962829589844,60.5,62.5,8.147
1765481608.2778234,99,22,33,28,26,3.7275962829589844,60.5,62.5,8.147
1765481608.478918,99,12,19,9,5,3.727855682373047,60.5,62.0,8.45
1765481608.6800659,99,12,19,9,5,3.727855682373047,60.5,62.0,8.45
1765481608.8809433,99,28,22,47,16,3.727832794189453,60.5,61.5,7.725
1765481609.0821729,99,28,22,47,16,3.727832794189453,60.5,61.5,7.725
1765481609.2836838,99,28,22,47,16,3.727832794189453,60.5,61.5,7.725
1765481609.4848099,99,23,24,26,34,3.727874755859375,60.5,61.5,7.804
1765481609.6858964,99,23,24,26,34,3.727874755859375,60.5,61.5,7.804
1765481609.887013,99,16,10,18,35,3.7284584045410156,61.0,62.5,8.489
1765481610.0884614,99,16,10,18,35,3.7284584045410156,61.0,62.5,8.489
1765481610.2895448,99,16,10,18,35,3.7284584045410156,61.0,62.5,8.489
1765481610.4906847,99,14,8,15,40,3.7277488708496094,60.5,61.5,7.764
1765481610.6916516,99,14,8,15,40,3.7277488708496094,60.5,61.5,7.764
1765481610.8925765,99,35,21,22,28,3.72796630859375,60.5,62.5,7.471
1765481611.093543,99,35,21,22,28,3.72796630859375,60.5,62.5,7.471
1765481611.294596,99,35,21,22,28,3.72796630859375,60.5,62.5,7.471
1765481611.4956384,99,24,20,18,32,3.7280235290527344,61.0,61.5,7.923
1765481611.696884,99,24,20,18,32,3.7280235290527344,61.0,61.5,7.923
1765481611.8978708,99,20,40,22,18,3.728851318359375,61.0,62.0,8.489
1765481612.0988567,99,20,40,22,18,3.728851318359375,61.0,62.0,8.489
1765481612.299803,99,20,40,22,18,3.728851318359375,61.0,62.0,8.489
1765481612.5008647,99,25,18,15,26,3.728313446044922,60.5,61.5,7.539
1765481612.7017918,99,25,18,15,26,3.728313446044922,60.5,61.5,7.539
1765481612.9029171,99,25,18,15,26,3.728313446044922,60.5,61.5,7.539
1765481613.1040056,99,20,17,14,33,3.7282485961914062,61.0,61.5,7.883
1765481613.3055398,99,20,17,14,33,3.7282485961914062,61.0,61.5,7.883
1765481613.5065792,99,24,22,52,26,3.7280540466308594,61.0,62.0,8.712
1765481613.7075162,99,24,22,52,26,3.7280540466308594,61.0,62.0,8.712
1765481613.9087124,99,24,22,52,26,3.7280540466308594,61.0,62.0,8.712
1765481614.1099367,99,23,12,11,10,3.728546142578125,60.5,62.0,7.392
1765481614.3110013,99,23,12,11,10,3.728546142578125,60.5,62.0,7.392
1765481614.5120523,99,30,35,18,21,3.7283363342285156,61.0,62.0,8.002
1765481614.7158713,99,30,35,18,21,3.7283363342285156,61.0,62.0,8.002
1765481614.9169562,99,30,35,18,21,3.7283363342285156,61.0,62.0,8.002
1765481615.1182468,99,21,22,30,48,3.72845458984375,61.0,61.5,8.147
1765481615.3192456,99,21,22,30,48,3.72845458984375,61.0,61.5,8.147
1765481615.520552,17,18,27,16,17,3.728778839111328,60.5,62.0,6.549
1765481615.7217147,17,18,27,16,17,3.728778839111328,60.5,62.0,6.549
1765481615.9228404,17,18,27,16,17,3.728778839111328,60.5,62.0,6.549
1765481616.1238794,99,36,26,18,28,3.728008270263672,61.0,62.0,8.489
1765481616.3251762,99,36,26,18,28,3.728008270263672,61.0,62.0,8.489
1765481616.5261717,99,24,48,21,14,3.7281265258789062,61.0,62.0,8.305
1765481616.727201,99,24,48,21,14,3.7281265258789062,61.0,62.0,8.305
1765481616.9282744,99,24,48,21,14,3.7281265258789062,61.0,62.0,8.305
1765481617.1294217,34,15,12,30,20,3.7281570434570312,60.5,62.0,6.0
1765481617.330436,34,15,12,30,20,3.7281570434570312,60.5,62.0,6.0
1765481617.53157,99,19,16,17,38,3.728992462158203,61.0,62.0,8.934
1765481617.7331061,99,19,16,17,38,3.728992462158203,61.0,62.0,8.934
1765481617.934272,99,19,16,17,38,3.728992462158203,61.0,62.0,8.934
1765481618.1353588,99,22,30,13,31,3.7278823852539062,61.5,62.0,8.266
1765481618.336823,99,22,30,13,31,3.7278823852539062,61.5,62.0,8.266
1765481618.5391326,88,24,22,12,17,3.7281341552734375,60.5,61.5,6.04
1765481618.7401483,88,24,22,12,17,3.7281341552734375,60.5,61.5,6.04
1765481618.941336,88,24,22,12,17,3.7281341552734375,60.5,61.5,6.04
1765481619.1424282,99,29,42,18,16,3.7284164428710938,61.5,62.0,8.673
1765481619.3436577,99,29,42,18,16,3.7284164428710938,61.5,62.0,8.673
1765481619.5445192,99,22,36,17,13,3.7282638549804688,61.0,62.0,8.489
1765481619.7455757,99,22,36,17,13,3.7282638549804688,61.0,62.0,8.489
1765481619.9465382,99,22,36,17,13,3.7282638549804688,61.0,62.0,8.489
1765481620.1474648,53,12,26,17,15,3.72802734375,60.5,61.5,5.969
1765481620.3486118,53,12,26,17,15,3.72802734375,60.5,61.5,5.969
1765481620.5496287,99,26,43,18,20,3.7275238037109375,61.5,62.0,8.345
1765481620.7506256,99,26,43,18,20,3.7275238037109375,61.5,62.0,8.345
1765481620.9524555,99,26,43,18,20,3.7275238037109375,61.5,62.0,8.345
1765481621.1533709,99,24,50,17,20,3.7286453247070312,61.5,62.5,9.092
1765481621.3545547,99,24,50,17,20,3.7286453247070312,61.5,62.5,9.092
1765481621.5558202,78,10,6,13,12,3.7281112670898438,60.5,62.0,6.209
1765481621.757017,78,10,6,13,12,3.7281112670898438,60.5,62.0,6.209
1765481621.958092,78,10,6,13,12,3.7281112670898438,60.5,62.0,6.209
1765481622.1596005,99,37,25,28,40,3.728107452392578,61.5,62.0,8.187
1765481622.3609233,99,37,25,28,40,3.728107452392578,61.5,62.0,8.187
1765481622.562432,99,37,25,28,40,3.728107452392578,61.5,62.0,8.187
1765481622.7637525,99,40,42,28,24,3.7282676696777344,61.0,62.0,9.052
1765481622.9650357,99,40,42,28,24,3.7282676696777344,61.0,62.0,9.052
1765481623.1662667,38,14,9,13,16,3.7287445068359375,60.5,62.0,6.4
1765481623.3672504,38,14,9,13,16,3.7287445068359375,60.5,62.0,6.4
1765481623.5685298,38,14,9,13,16,3.7287445068359375,60.5,62.0,6.4
1765481623.770179,99,48,21,20,20,3.7283782958984375,61.5,62.0,8.41
1765481623.9718118,99,48,21,20,20,3.7283782958984375,61.5,62.0,8.41
1765481624.1730917,99,18,51,27,10,3.7289657592773438,61.5,62.0,8.108
1765481624.374264,99,18,51,27,10,3.7289657592773438,61.5,62.0,8.108
1765481624.575168,99,18,51,27,10,3.7289657592773438,61.5,62.0,8.108
1765481624.7763438,99,19,14,14,14,3.7291908264160156,61.5,62.0,7.658
1765481624.9774072,99,19,14,14,14,3.7291908264160156,61.5,62.0,7.658
1765481625.1787612,99,14,15,40,16,3.7289810180664062,61.5,62.0,8.226
1765481625.3800585,99,14,15,40,16,3.7289810180664062,61.5,62.0,8.226
1765481625.5811634,99,14,15,40,16,3.7289810180664062,61.5,62.0,8.226
1765481625.7820752,99,26,51,25,16,3.728668212890625,61.5,62.5,8.108
1765481625.9832492,99,26,51,25,16,3.728668212890625,61.5,62.5,8.108
1765481626.1849055,99,14,14,16,15,3.7284317016601562,61.0,62.0,7.125
1765481626.3859847,99,14,14,16,15,3.7284317016601562,61.0,62.0,7.125
1765481626.5870185,99,14,14,16,15,3.7284317016601562,61.0,62.0,7.125
1765481626.788245,99,30,44,16,16,3.7295494079589844,62.0,62.5,8.83
1765481626.9895418,99,30,44,16,16,3.7295494079589844,62.0,62.5,8.83
1765481627.1909163,99,17,17,21,39,3.729053497314453,61.5,62.0,8.068
1765481627.3921292,99,17,17,21,39,3.729053497314453,61.5,62.0,8.068
1765481627.5931318,99,17,17,21,39,3.729053497314453,61.5,62.0,8.068
1765481627.7944665,99,16,19,12,15,3.7291297912597656,61.0,62.0,7.312
1765481627.9956818,99,16,19,12,15,3.7291297912597656,61.0,62.0,7.312
1765481628.196918,99,20,18,46,28,3.728679656982422,61.5,62.5,8.45
1765481628.3977997,99,20,18,46,28,3.728679656982422,61.5,62.5,8.45
1765481628.5989227,99,20,18,46,28,3.728679656982422,61.5,62.5,8.45
1765481628.8000674,99,16,10,13,46,3.7292442321777344,61.5,62.5,8.45
1765481629.001158,99,16,10,13,46,3.7292442321777344,61.5,62.5,8.45
1765481629.2021463,99,15,13,16,10,3.7287216186523438,61.5,62.5,7.273
1765481629.4033227,99,15,13,16,10,3.7287216186523438,61.5,62.5,7.273
1765481629.6043496,99,15,13,16,10,3.7287216186523438,61.5,62.5,7.273
1765481629.805504,99,36,50,20,22,3.7288856506347656,61.5,62.5,8.147
1765481630.0068622,99,36,50,20,22,3.7288856506347656,61.5,62.5,8.147
1765481630.20815,99,36,19,34,29,3.7296981811523438,61.5,63.0,8.752
1765481630.4092233,99,36,19,34,29,3.7296981811523438,61.5,63.0,8.752
1765481630.6103084,99,36,19,34,29,3.7296981811523438,61.5,63.0,8.752
1765481630.8114903,99,19,9,7,10,3.7291183471679688,61.5,62.5,7.539
1765481631.0126724,99,19,9,7,10,3.7291183471679688,61.5,62.5,7.539
1765481631.2138884,99,46,32,20,32,3.729564666748047,61.5,62.5,7.923
1765481631.4151192,99,46,32,20,32,3.729564666748047,61.5,62.5,7.923
1765481631.6163247,99,46,32,20,32,3.729564666748047,61.5,62.5,7.923
1765481631.8172565,99,28,33,42,21,3.729320526123047,61.5,63.0,8.305
1765481632.0183356,99,28,33,42,21,3.729320526123047,61.5,63.0,8.305
1765481632.21952,99,16,13,15,23,3.7302093505859375,61.5,62.5,8.226
1765481632.420588,99,16,13,15,23,3.7302093505859375,61.5,62.5,8.226
1765481632.6215787,99,16,13,15,23,3.7302093505859375,61.5,62.5,8.226
1765481632.822636,99,20,18,22,42,3.7299880981445312,61.5,62.5,7.737
1765481633.02369,99,20,18,22,42,3.7299880981445312,61.5,62.5,7.737
1765481633.2246609,99,24,26,18,50,3.7296714782714844,61.5,62.5,8.187
1765481633.425756,99,24,26,18,50,3.7296714782714844,61.5,62.5,8.187
1765481633.6269543,99,24,26,18,50,3.7296714782714844,61.5,62.5,8.187
1765481633.8278956,99,20,18,16,16,3.7300682067871094,62.0,62.5,8.226
1765481634.0291674,99,20,18,16,16,3.7300682067871094,62.0,62.5,8.226
1765481634.2302947,99,39,23,17,15,3.730121612548828,61.5,62.5,8.108
1765481634.431476,99,39,23,17,15,3.730121612548828,61.5,62.5,8.108
1765481634.6326942,99,39,23,17,15,3.730121612548828,61.5,62.5,8.108
1765481634.8337355,99,22,40,12,25,3.729633331298828,61.5,62.5,7.883
1765481635.0350015,99,22,40,12,25,3.729633331298828,61.5,62.5,7.883
1765481635.236269,99,22,40,12,25,3.729633331298828,61.5,62.5,7.883
1765481635.437526,99,21,14,12,13,3.730030059814453,62.0,62.5,8.147
1765481635.63864,99,21,14,12,13,3.730030059814453,62.0,62.5,8.147
1765481635.8398523,99,26,38,21,37,3.730701446533203,62.0,62.5,8.934
1765481636.0410793,99,26,38,21,37,3.730701446533203,62.0,62.5,8.934
1765481636.2423775,99,26,38,21,37,3.730701446533203,62.0,62.5,8.934
1765481636.4434955,99,27,21,12,31,3.7297439575195312,61.5,63.0,8.081
1765481636.6446314,99,27,21,12,31,3.7297439575195312,61.5,63.0,8.081
1765481636.8455157,99,22,21,18,21,3.7296600341796875,61.5,63.0,8.305
1765481637.0467143,99,22,21,18,21,3.7296600341796875,61.5,63.0,8.305
1765481637.2478743,99,22,21,18,21,3.7296600341796875,61.5,63.0,8.305
1765481637.4490488,99,49,14,29,31,3.7294845581054688,61.5,62.5,8.305
1765481637.6500103,99,49,14,29,31,3.7294845581054688,61.5,62.5,8.305
1765481637.851394,99,21,23,26,13,3.7305335998535156,61.5,63.0,8.608
1765481638.0528812,99,21,23,26,13,3.7305335998535156,61.5,63.0,8.608
1765481638.2540655,99,21,23,26,13,3.7305335998535156,61.5,63.0,8.608
1765481638.4556148,99,28,16,18,16,3.729473114013672,62.0,62.5,8.226
1765481638.656706,99,28,16,18,16,3.729473114013672,62.0,62.5,8.226
1765481638.857786,99,42,25,25,38,3.729827880859375,62.0,62.5,7.804
1765481639.0590744,99,42,25,25,38,3.729827880859375,62.0,62.5,7.804
1765481639.2603624,99,42,25,25,38,3.729827880859375,62.0,62.5,7.804
1765481639.461656,99,24,32,22,24,3.729778289794922,61.5,64.0,8.108
1765481639.6627505,99,24,32,22,24,3.729778289794922,61.5,64.0,8.108
1765481639.8637156,99,15,21,6,7,3.730205535888672,61.5,62.5,7.962
1765481640.0739787,99,15,21,6,7,3.730205535888672,61.5,62.5,7.962
1765481640.275077,99,15,21,6,7,3.730205535888672,61.5,62.5,7.962
1765481640.4763021,99,24,50,29,26,3.7294654846191406,62.0,62.5,7.737
1765481640.6776266,99,24,50,29,26,3.7294654846191406,62.0,62.5,7.737
1765481640.8787878,99,25,18,34,20,3.7296142578125,61.5,62.5,7.578
1765481641.0803232,99,25,18,34,20,3.7296142578125,61.5,62.5,7.578
1765481641.281621,99,25,18,34,20,3.7296142578125,61.5,62.5,7.578
1765481641.4826958,99,20,18,16,35,3.7301025390625,62.0,63.5,8.673
1765481641.6837614,99,20,18,16,35,3.7301025390625,62.0,63.5,8.673
1765481641.884993,99,20,12,12,40,3.728809356689453,62.0,62.5,7.843
1765481642.0861466,99,20,12,12,40,3.728809356689453,62.0,62.5,7.843
1765481642.2872076,99,20,12,12,40,3.728809356689453,62.0,62.5,7.843
1765481642.4885433,99,22,25,26,20,3.7297019958496094,61.5,63.0,7.432
1765481642.689596,99,22,25,26,20,3.7297019958496094,61.5,63.0,7.432
1765481642.8907797,99,32,23,18,37,3.7298927307128906,62.0,62.5,8.41
1765481643.0919688,99,32,23,18,37,3.7298927307128906,62.0,62.5,8.41
1765481643.2933788,99,32,23,18,37,3.7298927307128906,62.0,62.5,8.41
1765481643.4945776,99,25,12,22,42,3.7302818298339844,62.0,63.5,8.752
1765481643.6955578,99,25,12,22,42,3.7302818298339844,62.0,63.5,8.752
1765481643.8967218,77,17,20,25,12,3.7293319702148438,62.0,63.0,7.085
1765481644.097847,77,17,20,25,12,3.7293319702148438,62.0,63.0,7.085
1765481644.299035,77,17,20,25,12,3.7293319702148438,62.0,63.0,7.085
1765481644.5005186,99,20,23,22,36,3.7293930053710938,62.5,62.5,8.147
1765481644.7017224,99,20,23,22,36,3.7293930053710938,62.5,62.5,8.147
1765481644.9029598,99,20,50,20,26,3.7292442321777344,62.5,63.5,8.974
1765481645.104205,99,20,50,20,26,3.7292442321777344,62.5,63.5,8.974
1765481645.3052278,99,20,50,20,26,3.7292442321777344,62.5,63.5,8.974
1765481645.5064528,83,8,4,16,5,3.728862762451172,62.0,62.5,6.389
1765481645.7075398,83,8,4,16,5,3.728862762451172,62.0,62.5,6.389
1765481645.9084935,99,20,39,32,22,3.729248046875,62.5,63.0,8.371
1765481646.1095634,99,20,39,32,22,3.729248046875,62.5,63.0,8.371
1765481646.3109572,99,20,39,32,22,3.729248046875,62.5,63.0,8.371
1765481646.5120318,99,26,44,24,42,3.7293624877929688,62.0,63.0,8.633
1765481646.7131288,99,26,44,24,42,3.7293624877929688,62.0,63.0,8.633
1765481646.924624,99,26,44,24,42,3.7293624877929688,62.0,63.0,8.633
1765481647.1258588,67,10,14,16,13,3.7303085327148438,61.5,62.5,6.349
1765481647.3269832,67,10,14,16,13,3.7303085327148438,61.5,62.5,6.349
1765481647.5282972,99,32,22,26,22,3.7292442321777344,62.5,62.5,8.226
1765481647.7294884,99,32,22,26,22,3.7292442321777344,62.5,62.5,8.226
1765481647.930474,99,32,22,26,22,3.7292442321777344,62.5,62.5,8.226
1765481648.1315544,99,25,36,26,28,3.7290687561035156,62.5,63.0,8.331
1765481648.332761,99,25,36,26,28,3.7290687561035156,62.5,63.0,8.331
1765481648.533956,72,21,17,12,16,3.729400634765625,62.0,63.0,6.4
1765481648.7349355,72,21,17,12,16,3.729400634765625,62.0,63.0,6.4
1765481648.936332,72,21,17,12,16,3.729400634765625,62.0,63.0,6.4
1765481649.1375222,99,11,15,13,42,3.7300376892089844,62.5,63.0,8.752
1765481649.3387353,99,11,15,13,42,3.7300376892089844,62.5,63.0,8.752
1765481649.5397077,99,20,25,16,48,3.729236602783203,62.0,63.0,8.187
1765481649.7407713,99,20,25,16,48,3.729236602783203,62.0,63.0,8.187
1765481649.941668,99,20,25,16,48,3.729236602783203,62.0,63.0,8.187
1765481650.142716,60,14,17,19,12,3.7296371459960938,61.5,62.5,5.969
1765481650.3438222,60,14,17,19,12,3.7296371459960938,61.5,62.5,5.969
1765481650.5451596,99,24,47,18,22,3.7298011779785156,62.5,63.0,9.155
1765481650.746289,99,24,47,18,22,3.7298011779785156,62.5,63.0,9.155
1765481650.9473562,99,24,47,18,22,3.7298011779785156,62.5,63.0,9.155
1765481651.1484816,99,16,20,6,33,3.7297706604003906,62.0,63.0,8.187
1765481651.349689,99,16,20,6,33,3.7297706604003906,62.0,63.0,8.187
1765481651.5517657,99,6,21,13,15,3.7289962768554688,62.0,62.5,5.969
1765481651.7532127,99,6,21,13,15,3.7289962768554688,62.0,62.5,5.969
1765481651.9542606,99,6,21,13,15,3.7289962768554688,62.0,62.5,5.969
1765481652.1554782,99,28,48,20,17,3.7289047241210938,62.5,63.0,8.489
1765481652.3567472,99,28,48,20,17,3.7289047241210938,62.5,63.0,8.489
1765481652.5583093,99,26,40,18,17,3.7300491333007812,62.5,63.5,8.791
1765481652.7593753,99,26,40,18,17,3.7300491333007812,62.5,63.5,8.791
1765481652.960336,99,26,40,18,17,3.7300491333007812,62.5,63.5,8.791
1765481653.1618664,99,10,8,13,10,3.729534149169922,62.5,63.0,7.085
1765481653.3630576,99,10,8,13,10,3.729534149169922,62.5,63.0,7.085
1765481653.5642264,99,33,42,32,25,3.7296104431152344,62.5,63.0,8.187
1765481653.765154,99,33,42,32,25,3.7296104431152344,62.5,63.0,8.187
1765481653.9662428,99,33,42,32,25,3.7296104431152344,62.5,63.0,8.187
1765481654.1672955,99,18,32,22,38,3.730499267578125,62.0,63.5,9.013
1765481654.368489,99,18,32,22,38,3.730499267578125,62.0,63.5,9.013
1765481654.5695608,99,17,9,11,11,3.7302169799804688,62.0,63.0,7.193
1765481654.7707405,99,17,9,11,11,3.7302169799804688,62.0,63.0,7.193
1765481654.9716985,99,17,9,11,11,3.7302169799804688,62.0,63.0,7.193
1765481655.1728268,99,32,28,50,15,3.729076385498047,62.0,63.5,8.292
1765481655.374024,99,32,28,50,15,3.729076385498047,62.0,63.5,8.292
1765481655.5752137,99,46,19,20,23,3.7296295166015625,62.0,63.0,8.187
1765481655.7765584,99,46,19,20,23,3.7296295166015625,62.0,63.0,8.187
1765481655.9777274,99,46,19,20,23,3.7296295166015625,62.0,63.0,8.187
1765481656.1790907,99,20,9,18,14,3.7301559448242188,62.5,63.0,8.266
1765481656.3803835,99,20,9,18,14,3.7301559448242188,62.5,63.0,8.266
1765481656.5814903,99,18,40,15,14,3.729694366455078,62.5,63.0,7.923
1765481656.7825592,99,18,40,15,14,3.729694366455078,62.5,63.0,7.923
1765481656.9835558,99,18,40,15,14,3.729694366455078,62.5,63.0,7.923
1765481657.184537,99,24,48,25,20,3.7296905517578125,62.5,63.0,8.187
1765481657.385739,99,24,48,25,20,3.7296905517578125,62.5,63.0,8.187
1765481657.5868056,99,22,8,16,10,3.72943115234375,62.5,63.0,7.764
1765481657.7881637,99,22,8,16,10,3.72943115234375,62.5,63.0,7.764
1765481657.9893882,99,22,8,16,10,3.72943115234375,62.5,63.0,7.764
1765481658.1904955,99,16,16,23,35,3.7298622131347656,62.5,63.5,8.292
1765481658.3917475,99,16,16,23,35,3.7298622131347656,62.5,63.5,8.292
1765481658.5933578,99,23,23,42,25,3.729278564453125,62.5,63.5,8.292
1765481658.7944937,99,23,23,42,25,3.729278564453125,62.5,63.5,8.292
1765481658.995598,99,23,23,42,25,3.729278564453125,62.5,63.5,8.292
1765481659.1966717,99,17,18,12,12,3.729278564453125,62.5,63.0,7.618
1765481659.3981335,99,17,18,12,12,3.729278564453125,62.5,63.0,7.618
1765481659.5993876,99,17,18,12,12,3.729278564453125,62.5,63.0,7.618
1765481659.8005593,99,43,20,22,25,3.729755401611328,62.5,64.0,8.489
1765481660.0017798,99,43,20,22,25,3.729755401611328,62.5,64.0,8.489
1765481660.2027674,99,14,40,12,10,3.729145050048828,62.5,63.0,8.252
1765481660.4041078,99,14,40,12,10,3.729145050048828,62.5,63.0,8.252
1765481660.605265,99,14,40,12,10,3.729145050048828,62.5,63.0,8.252
1765481660.8065946,99,18,11,16,12,3.729236602783203,62.5,63.0,7.539
1765481661.0077848,99,18,11,16,12,3.729236602783203,62.5,63.0,7.539
1765481661.2089467,99,24,50,25,22,3.7295913696289062,62.5,63.0,7.883
1765481661.4099722,99,24,50,25,22,3.7295913696289062,62.5,63.0,7.883
1765481661.6117852,99,24,50,25,22,3.7295913696289062,62.5,63.0,7.883
1765481661.8131049,99,21,14,41,24,3.730792999267578,62.5,63.5,8.633
1765481662.014257,99,21,14,41,24,3.730792999267578,62.5,63.5,8.633
1765481662.2154183,99,25,19,18,14,3.7294387817382812,62.5,63.0,7.578
1765481662.4168026,99,25,19,18,14,3.7294387817382812,62.5,63.0,7.578
1765481662.617868,99,25,19,18,14,3.7294387817382812,62.5,63.0,7.578
1765481662.8190312,99,37,47,29,26,3.7290000915527344,62.5,63.5,7.685
1765481663.0201921,99,37,47,29,26,3.7290000915527344,62.5,63.5,7.685
1765481663.2212498,99,20,40,28,22,3.7290496826171875,62.5,64.0,8.594
1765481663.422272,99,20,40,28,22,3.7290496826171875,62.5,64.0,8.594
1765481663.6234267,99,20,40,28,22,3.7290496826171875,62.5,64.0,8.594
1765481663.824907,99,7,21,9,11,3.7297706604003906,62.5,63.5,8.331
1765481664.026045,99,7,21,9,11,3.7297706604003906,62.5,63.5,8.331
1765481664.2271,99,48,18,25,25,3.7290611267089844,62.5,63.5,8.108
1765481664.4284017,99,48,18,25,25,3.7290611267089844,62.5,63.5,8.108
1765481664.6297166,99,48,18,25,25,3.7290611267089844,62.5,63.5,8.108
1765481664.8310533,99,46,14,12,22,3.7296104431152344,62.5,63.5,8.187
1765481665.0322726,99,46,14,12,22,3.7296104431152344,62.5,63.5,8.187
1765481665.2332988,99,24,10,21,16,3.7300758361816406,63.0,63.5,9.052
1765481665.4348605,99,24,10,21,16,3.7300758361816406,63.0,63.5,9.052
1765481665.6361098,99,24,10,21,16,3.7300758361816406,63.0,63.5,9.052
1765481665.8373911,99,12,44,10,15,3.7296905517578125,62.5,63.5,8.226
1765481666.0382783,99,12,44,10,15,3.7296905517578125,62.5,63.5,8.226
1765481666.2392995,99,24,26,16,32,3.7291183471679688,62.5,63.5,8.292
1765481666.440509,99,24,26,16,32,3.7291183471679688,62.5,63.5,8.292
1765481666.6416953,99,24,26,16,32,3.7291183471679688,62.5,63.5,8.292
1765481666.8428807,99,16,31,14,10,3.729572296142578,63.0,63.5,8.331
1765481667.0439053,99,16,31,14,10,3.729572296142578,63.0,63.5,8.331
1765481667.2448876,99,23,19,16,40,3.7300872802734375,63.0,64.0,8.712
1765481667.4460247,99,23,19,16,40,3.7300872802734375,63.0,64.0,8.712
1765481667.647652,99,23,19,16,40,3.7300872802734375,63.0,64.0,8.712
1765481667.8490338,99,14,16,20,33,3.729747772216797,62.5,63.5,7.843
1765481668.0500576,99,14,16,20,33,3.729747772216797,62.5,63.5,7.843
1765481668.2512088,99,18,26,17,18,3.7293930053710938,63.0,63.5,8.068
1765481668.4568307,99,18,26,17,18,3.7293930053710938,63.0,63.5,8.068
1765481668.6582627,99,18,26,17,18,3.7293930053710938,63.0,63.5,8.068
1765481668.8594577,99,20,23,48,27,3.7298049926757812,63.0,64.0,8.712
1765481669.0605805,99,20,23,48,27,3.7298049926757812,63.0,64.0,8.712
1765481669.2616754,99,10,28,8,15,3.7293548583984375,62.5,64.0,7.843
1765481669.4628098,99,10,28,8,15,3.7293548583984375,62.5,64.0,7.843
1765481669.664114,99,10,28,8,15,3.7293548583984375,62.5,64.0,7.843
1765481669.8652256,99,26,29,24,15,3.7298736572265625,63.0,63.5,7.843
1765481670.0664847,99,26,29,24,15,3.7298736572265625,63.0,63.5,7.843
1765481670.267441,99,47,32,33,26,3.7300338745117188,63.5,63.5,8.529
1765481670.4687498,99,47,32,33,26,3.7300338745117188,63.5,63.5,8.529
1765481670.6697402,99,47,32,33,26,3.7300338745117188,63.5,63.5,8.529
1765481670.870891,99,22,20,10,20,3.7298431396484375,62.5,64.0,7.233
1765481671.0718985,99,22,20,10,20,3.7298431396484375,62.5,64.0,7.233
1765481671.2729878,99,22,20,10,20,3.7298431396484375,62.5,64.0,7.233
1765481671.4742692,99,31,14,19,14,3.7292633056640625,63.0,63.5,8.187
1765481671.675494,99,31,14,19,14,3.7292633056640625,63.0,63.5,8.187
1765481671.8765192,99,50,20,24,22,3.7293243408203125,63.0,63.5,8.266
1765481672.0776808,99,50,20,24,22,3.7293243408203125,63.0,63.5,8.266
1765481672.2787297,99,50,20,24,22,3.7293243408203125,63.0,63.5,8.266
1765481672.4796999,85,20,18,21,24,3.729461669921875,62.5,63.5,6.009
1765481672.680891,85,20,18,21,24,3.729461669921875,62.5,63.5,6.009
1765481672.8821576,99,14,12,35,20,3.7303085327148438,63.0,63.5,8.856
1765481673.0834491,99,14,12,35,20,3.7303085327148438,63.0,63.5,8.856
1765481673.2846487,99,14,12,35,20,3.7303085327148438,63.0,63.5,8.856
1765481673.4856975,99,14,21,18,46,3.730052947998047,63.0,64.0,8.292
1765481673.687014,99,14,21,18,46,3.730052947998047,63.0,64.0,8.292
1765481673.8884356,38,21,12,18,16,3.7299461364746094,62.5,63.5,6.0
1765481674.089685,38,21,12,18,16,3.7299461364746094,62.5,63.5,6.0
1765481674.2909532,38,21,12,18,16,3.7299461364746094,62.5,63.5,6.0
1765481674.49214,99,22,47,22,19,3.7297096252441406,63.0,64.0,9.234
1765481674.693749,99,22,47,22,19,3.7297096252441406,63.0,64.0,9.234
1765481674.8951087,99,15,12,15,34,3.729473114013672,62.5,63.5,8.226
1765481675.096229,99,15,12,15,34,3.729473114013672,62.5,63.5,8.226
1765481675.297147,99,15,12,15,34,3.729473114013672,62.5,63.5,8.226
1765481675.4982994,99,14,18,11,14,3.729236602783203,62.5,63.5,6.28
1765481675.6995425,99,14,18,11,14,3.729236602783203,62.5,63.5,6.28
1765481675.9007459,99,22,50,24,21,3.7293968200683594,63.0,64.0,8.45
1765481676.1017833,99,22,50,24,21,3.7293968200683594,63.0,64.0,8.45
1765481676.3029852,99,22,50,24,21,3.7293968200683594,63.0,64.0,8.45
1765481676.5040028,99,37,32,20,19,3.730358123779297,63.0,64.0,9.013
1765481676.7052002,99,37,32,20,19,3.730358123779297,63.0,64.0,9.013
1765481676.9062989,99,13,8,9,4,3.7301063537597656,63.0,63.5,6.818
1765481677.107562,99,13,8,9,4,3.7301063537597656,63.0,63.5,6.818
1765481677.308695,99,13,8,9,4,3.7301063537597656,63.0,63.5,6.818
1765481677.5097647,99,35,54,22,25,3.72979736328125,63.0,64.0,8.266
1765481677.7109258,99,35,54,22,25,3.72979736328125,63.0,64.0,8.266
1765481677.912095,99,34,30,36,24,3.7295608520507812,63.0,64.5,9.052
1765481678.1131475,99,34,30,36,24,3.7295608520507812,63.0,64.5,9.052
1765481678.3140635,99,34,30,36,24,3.7295608520507812,63.0,64.5,9.052
1765481678.515266,99,11,10,4,10,3.7297515869140625,63.0,63.5,7.578
1765481678.7164373,99,11,10,4,10,3.7297515869140625,63.0,63.5,7.578
1765481678.9177563,99,36,20,31,25,3.7299728393554688,63.0,64.0,8.226
1765481679.1190135,99,36,20,31,25,3.7299728393554688,63.0,64.0,8.226
1765481679.3203044,99,36,20,31,25,3.7299728393554688,63.0,64.0,8.226
1765481679.521259,99,50,28,20,17,3.7294273376464844,63.0,64.0,8.187
1765481679.7224488,99,50,28,20,17,3.7294273376464844,63.0,64.0,8.187
1765481679.9235787,99,14,12,12,12,3.7306900024414062,63.0,64.0,8.305
1765481680.1247895,99,14,12,12,12,3.7306900024414062,63.0,64.0,8.305
1765481680.3259065,99,14,12,12,12,3.7306900024414062,63.0,64.0,8.305
1765481680.527036,99,17,43,14,14,3.7303466796875,63.0,64.0,7.725
1765481680.7283711,99,17,43,14,14,3.7303466796875,63.0,64.0,7.725
1765481680.9295604,99,24,23,25,42,3.7303466796875,63.0,63.5,8.226
1765481681.1304576,99,24,23,25,42,3.7303466796875,63.0,63.5,8.226
1765481681.3315666,99,24,23,25,42,3.7303466796875,63.0,63.5,8.226
1765481681.532726,99,17,12,15,15,3.7303504943847656,63.5,64.0,7.777
1765481681.7339044,99,17,12,15,15,3.7303504943847656,63.5,64.0,7.777
1765481681.9352305,99,14,22,43,16,3.7301101684570312,63.5,64.5,8.45
1765481682.1367128,99,14,22,43,16,3.7301101684570312,63.5,64.5,8.45
1765481682.3382313,99,14,22,43,16,3.7301101684570312,63.5,64.5,8.45
1765481682.5393505,99,17,46,10,18,3.7299270629882812,63.0,63.5,8.226
1765481682.7406576,99,17,46,10,18,3.7299270629882812,63.0,63.5,8.226
1765481682.9418695,99,17,46,10,18,3.7299270629882812,63.0,63.5,8.226
1765481683.1431098,99,14,19,20,10,3.729839324951172,63.0,64.0,7.539
1765481683.344727,99,14,19,20,10,3.729839324951172,63.0,64.0,7.539
1765481683.5458064,99,24,50,21,23,3.730396270751953,63.5,64.0,8.068
1765481683.747092,99,24,50,21,23,3.730396270751953,63.5,64.0,8.068
1765481683.9485033,99,24,50,21,23,3.730396270751953,63.5,64.0,8.068
1765481684.1495795,99,20,12,16,32,3.7299652099609375,63.0,63.5,8.226
1765481684.3506296,99,20,12,16,32,3.7299652099609375,63.0,63.5,8.226
1765481684.5518203,99,14,12,18,15,3.729534149169922,63.0,64.0,7.804
1765481684.753206,99,14,12,18,15,3.729534149169922,63.0,64.0,7.804
1765481684.954204,99,14,12,18,15,3.729534149169922,63.0,64.0,7.804
1765481685.155379,99,50,30,28,29,3.7301483154296875,63.5,64.0,7.843
1765481685.3566265,99,50,30,28,29,3.7301483154296875,63.5,64.0,7.843
1765481685.5577707,99,19,31,22,23,3.7303237915039062,63.5,65.0,8.752
1765481685.7589605,99,19,31,22,23,3.7303237915039062,63.5,65.0,8.752
1765481685.9601948,99,19,31,22,23,3.7303237915039062,63.5,65.0,8.752
1765481686.1615155,99,14,10,20,13,3.7303237915039062,63.5,64.0,7.923
1765481686.3626175,99,14,10,20,13,3.7303237915039062,63.5,64.0,7.923
1765481686.563718,99,28,42,22,40,3.729583740234375,63.5,64.5,8.042
1765481686.7651055,99,28,42,22,40,3.729583740234375,63.5,64.5,8.042
1765481686.9662402,99,28,42,22,40,3.729583740234375,63.5,64.5,8.042
1765481687.1672468,99,16,25,33,34,3.729747772216797,63.0,64.5,8.331
1765481687.3683226,99,16,25,33,34,3.729747772216797,63.0,64.5,8.331
1765481687.5694077,99,10,19,12,13,3.730438232421875,63.0,65.0,8.529
1765481687.7708127,99,10,19,12,13,3.730438232421875,63.0,65.0,8.529
1765481687.97241,99,10,19,12,13,3.730438232421875,63.0,65.0,8.529
1765481688.1737823,99,24,20,46,16,3.7303619384765625,63.5,64.5,8.331
1765481688.3750145,99,24,20,46,16,3.7303619384765625,63.5,64.5,8.331
1765481688.5762138,99,18,25,36,28,3.7304649353027344,63.0,64.5,8.108
1765481688.7773275,99,18,25,36,28,3.7304649353027344,63.0,64.5,8.108
1765481688.978561,99,18,25,36,28,3.7304649353027344,63.0,64.5,8.108
1765481689.1797335,99,26,16,17,16,3.7305259704589844,63.5,64.5,9.17
1765481689.3808517,99,26,16,17,16,3.7305259704589844,63.5,64.5,9.17
1765481689.5820062,99,16,34,13,10,3.7301101684570312,63.0,64.5,8.213
1765481689.783176,99,16,34,13,10,3.7301101684570312,63.0,64.5,8.213
1765481689.9853365,99,16,34,13,10,3.7301101684570312,63.0,64.5,8.213
1765481690.1865478,99,25,34,22,24,3.7306137084960938,63.0,64.5,8.252
1765481690.3877394,99,25,34,22,24,3.7306137084960938,63.0,64.5,8.252
1765481690.5888526,99,18,28,21,10,3.7296295166015625,63.0,64.0,8.41
1765481690.789987,99,18,28,21,10,3.7296295166015625,63.0,64.0,8.41
1765481690.9910033,99,18,28,21,10,3.7296295166015625,63.0,64.0,8.41
1765481691.1921666,99,42,20,23,18,3.730144500732422,63.5,65.0,8.856
1765481691.3931825,99,42,20,23,18,3.730144500732422,63.5,65.0,8.856
1765481691.5943754,99,32,18,14,20,3.7296218872070312,63.5,64.0,8.226
1765481691.7958295,99,32,18,14,20,3.7296218872070312,63.5,64.0,8.226
1765481691.9972496,99,32,18,14,20,3.7296218872070312,63.5,64.0,8.226
1765481692.1985629,99,26,19,16,28,3.7299842834472656,63.5,64.5,8.83
1765481692.3997476,99,26,19,16,28,3.7299842834472656,63.5,64.5,8.83
1765481692.6005201,99,29,48,21,20,3.7293853759765625,63.5,64.5,8.371
1765481692.8017778,99,29,48,21,20,3.7293853759765625,63.5,64.5,8.371
1765481693.0034916,99,29,48,21,20,3.7293853759765625,63.5,64.5,8.371
1765481693.2047365,99,32,14,16,15,3.7301406860351562,63.0,64.5,8.45
1765481693.4057744,99,32,14,16,15,3.7301406860351562,63.0,64.5,8.45
1765481693.6072314,99,18,16,26,16,3.729705810546875,63.5,64.5,8.266
1765481693.8087335,99,18,16,26,16,3.729705810546875,63.5,64.5,8.266
1765481694.009772,99,18,16,26,16,3.729705810546875,63.5,64.5,8.266
1765481694.210925,99,26,31,29,53,3.7298583984375,63.5,64.5,8.108
1765481694.4120166,99,26,31,29,53,3.7298583984375,63.5,64.5,8.108
1765481694.6131833,99,26,31,29,53,3.7298583984375,63.5,64.5,8.108
1765481694.8195834,99,29,21,23,18,3.7303428649902344,63.0,65.0,8.41
1765481695.0207975,99,29,21,23,18,3.7303428649902344,63.0,65.0,8.41
1765481695.2220292,99,12,10,17,18,3.72955322265625,63.5,64.5,8.108
1765481695.423285,99,12,10,17,18,3.72955322265625,63.5,64.5,8.108
1765481695.6245253,99,12,10,17,18,3.72955322265625,63.5,64.5,8.108
1765481695.8256388,99,28,24,20,47,3.7297019958496094,63.5,64.5,8.029
1765481696.026978,99,28,24,20,47,3.7297019958496094,63.5,64.5,8.029
1765481696.22841,99,22,20,38,18,3.7303199768066406,63.5,65.0,8.068
1765481696.4293199,99,22,20,38,18,3.7303199768066406,63.5,65.0,8.068
1765481696.6302562,99,22,20,38,18,3.7303199768066406,63.5,65.0,8.068
1765481696.831473,99,16,13,13,22,3.7304115295410156,64.0,65.0,8.529
1765481697.032529,99,16,13,13,22,3.7304115295410156,64.0,65.0,8.529
1765481697.233686,99,24,17,45,19,3.7298049926757812,63.5,64.5,7.804
1765481697.4348063,99,24,17,45,19,3.7298049926757812,63.5,64.5,7.804
1765481697.6417308,99,24,17,45,19,3.7298049926757812,63.5,64.5,7.804
1765481697.842867,99,24,29,35,17,3.7296981811523438,63.0,65.0,7.539
1765481698.0441763,99,24,29,35,17,3.7296981811523438,63.0,65.0,7.539
1765481698.2453122,99,16,34,16,17,3.7297515869140625,63.5,64.5,8.331
1765481698.4464016,99,16,34,16,17,3.7297515869140625,63.5,64.5,8.331
1765481698.6473653,99,16,34,16,17,3.7297515869140625,63.5,64.5,8.331
1765481698.8485305,99,24,15,13,32,3.7299880981445312,64.0,64.5,8.002
1765481699.0495503,99,24,15,13,32,3.7299880981445312,64.0,64.5,8.002
1765481699.251136,99,31,26,26,22,3.7300338745117188,63.5,65.0,7.578
1765481699.452811,99,31,26,26,22,3.7300338745117188,63.5,65.0,7.578
1765481699.6539366,99,31,26,26,22,3.7300338745117188,63.5,65.0,7.578
1765481699.8551037,99,26,34,23,20,3.7297630310058594,64.0,64.5,8.266
1765481700.056562,99,26,34,23,20,3.7297630310058594,64.0,64.5,8.266
1765481700.2576168,99,20,30,23,43,3.7303924560546875,64.0,65.5,8.791
1765481700.4587297,99,20,30,23,43,3.7303924560546875,64.0,65.5,8.791
1765481700.6601443,99,20,30,23,43,3.7303924560546875,64.0,65.5,8.791
1765481700.8612516,99,18,24,12,14,3.7294273376464844,63.0,64.5,7.352
1765481701.062388,99,18,24,12,14,3.7294273376464844,63.0,64.5,7.352
1765481701.2636783,99,18,35,15,22,3.7294540405273438,64.0,65.0,8.187
1765481701.4651856,99,18,35,15,22,3.7294540405273438,64.0,65.0,8.187
1765481701.6666045,99,18,35,15,22,3.7294540405273438,64.0,65.0,8.187
1765481701.8676891,99,27,29,26,48,3.729461669921875,64.0,65.0,8.568
1765481702.0688965,99,27,29,26,48,3.729461669921875,64.0,65.0,8.568
1765481702.2722893,93,18,17,18,13,3.7298355102539062,63.0,65.0,6.926
1765481702.473433,93,18,17,18,13,3.7298355102539062,63.0,65.0,6.926
1765481702.6744812,93,18,17,18,13,3.7298355102539062,63.0,65.0,6.926
1765481702.8755164,99,30,16,21,37,3.729694366455078,64.0,64.5,8.081
1765481703.0769331,99,30,16,21,37,3.729694366455078,64.0,64.5,8.081
1765481703.2781594,99,30,43,37,26,3.7295188903808594,64.0,65.0,8.633
1765481703.4792848,99,30,43,37,26,3.7295188903808594,64.0,65.0,8.633
1765481703.6805017,99,30,43,37,26,3.7295188903808594,64.0,65.0,8.633
1765481703.881601,26,22,26,17,25,3.7304649353027344,63.5,65.0,6.897
1765481704.0826383,26,22,26,17,25,3.7304649353027344,63.5,65.0,6.897
1765481704.2839015,99,30,4,17,16,3.730541229248047,64.0,65.0,8.45
1765481704.4849713,99,30,4,17,16,3.730541229248047,64.0,65.0,8.45
1765481704.6860647,99,30,4,17,16,3.730541229248047,64.0,65.0,8.45
1765481704.8870952,99,20,23,46,18,3.7304649353027344,63.5,64.5,8.252
1765481705.0884676,99,20,23,46,18,3.7304649353027344,63.5,64.5,8.252
1765481705.2905471,99,20,23,46,18,3.7304649353027344,63.5,64.5,8.252
1765481705.4917486,76,22,28,19,22,3.7296829223632812,63.5,64.0,6.549
1765481705.6928616,76,22,28,19,22,3.7296829223632812,63.5,64.0,6.549
1765481705.8938174,99,34,20,14,21,3.7303390502929688,64.0,65.5,9.155
1765481706.0950763,99,34,20,14,21,3.7303390502929688,64.0,65.5,9.155
1765481706.2961078,99,34,20,14,21,3.7303390502929688,64.0,65.5,9.155
1765481706.497594,99,19,40,18,15,3.730243682861328,63.5,64.5,8.594
1765481706.6990771,99,19,40,18,15,3.730243682861328,63.5,64.5,8.594
1765481706.900352,8,14,26,15,12,3.7298011779785156,63.0,64.5,6.32
1765481707.1017766,8,14,26,15,12,3.7298011779785156,63.0,64.5,6.32
1765481707.3030758,8,14,26,15,12,3.7298011779785156,63.0,64.5,6.32
1765481707.5042534,99,25,27,41,13,3.7300987243652344,64.0,65.0,8.752
1765481707.7053916,99,25,27,41,13,3.7300987243652344,64.0,65.0,8.752
1765481707.906405,99,19,17,18,38,3.730396270751953,64.0,65.0,8.974
1765481708.1075428,99,19,17,18,38,3.730396270751953,64.0,65.0,8.974
1765481708.3085713,99,19,17,18,38,3.730396270751953,64.0,65.0,8.974
1765481708.5096607,78,23,18,13,19,3.7302474975585938,63.0,65.0,6.0
1765481708.7107215,78,23,18,13,19,3.7302474975585938,63.0,65.0,6.0
1765481708.9118652,99,27,38,20,19,3.7298927307128906,64.0,64.5,8.489
1765481709.1148546,99,27,38,20,19,3.7298927307128906,64.0,64.5,8.489
1765481709.3162353,99,27,38,20,19,3.7298927307128906,64.0,64.5,8.489
1765481709.5175202,99,42,25,35,27,3.730693817138672,64.0,65.5,9.313
1765481709.7186098,99,42,25,35,27,3.730693817138672,64.0,65.5,9.313
1765481709.9198008,36,6,8,11,4,3.7303810119628906,63.5,65.0,6.08
1765481710.121025,36,6,8,11,4,3.7303810119628906,63.5,65.0,6.08
1765481710.3222675,36,6,8,11,4,3.7303810119628906,63.5,65.0,6.08
1765481710.5238001,99,34,26,42,28,3.729877471923828,64.0,64.5,8.331
1765481710.7254407,99,34,26,42,28,3.729877471923828,64.0,64.5,8.331
1765481710.9264991,99,30,32,38,27,3.7300071716308594,64.0,65.0,8.712
1765481711.1276388,99,30,32,38,27,3.7300071716308594,64.0,65.0,8.712
1765481711.3285675,99,30,32,38,27,3.7300071716308594,64.0,65.0,8.712
1765481711.5300333,29,17,10,13,19,3.7302093505859375,63.5,65.0,7.046
1765481711.7312527,29,17,10,13,19,3.7302093505859375,63.5,65.0,7.046
1765481711.9323773,99,25,36,14,16,3.7299537658691406,64.0,65.0,8.594
1765481712.133471,99,25,36,14,16,3.7299537658691406,64.0,65.0,8.594
1765481712.33491,99,25,36,14,16,3.7299537658691406,64.0,65.0,8.594
1765481712.5360737,99,19,20,22,50,3.729717254638672,64.0,65.0,8.226
1765481712.7372127,99,19,20,22,50,3.729717254638672,64.0,65.0,8.226
1765481712.9384491,99,23,10,18,12,3.730194091796875,64.0,64.5,6.818
1765481713.1397417,99,23,10,18,12,3.730194091796875,64.0,64.5,6.818
1765481713.3413353,99,23,10,18,12,3.730194091796875,64.0,64.5,6.818
1765481713.542538,99,15,40,12,16,3.730236053466797,64.5,65.0,8.791
1765481713.743792,99,15,40,12,16,3.730236053466797,64.5,65.0,8.791
1765481713.9450257,99,50,18,18,17,3.7303085327148438,64.0,65.0,8.226
1765481714.146203,99,50,18,18,17,3.7303085327148438,64.0,65.0,8.226
1765481714.3471968,99,50,18,18,17,3.7303085327148438,64.0,65.0,8.226
1765481714.5484662,99,19,18,18,17,3.7301254272460938,64.0,65.0,7.017
1765481714.7494025,99,19,18,18,17,3.7301254272460938,64.0,65.0,7.017
1765481714.950435,99,50,14,22,19,3.730449676513672,64.5,65.5,9.013
1765481715.1517918,99,50,14,22,19,3.730449676513672,64.5,65.5,9.013
1765481715.3531036,99,50,14,22,19,3.730449676513672,64.5,65.5,9.013
1765481715.5544088,99,19,29,19,13,3.729949951171875,64.0,65.0,8.266
1765481715.755475,99,19,29,19,13,3.729949951171875,64.0,65.0,8.266
1765481715.9564273,99,22,14,21,8,3.7299232482910156,64.0,65.0,7.205
1765481716.157468,99,22,14,21,8,3.7299232482910156,64.0,65.0,7.205
1765481716.358569,99,22,14,21,8,3.7299232482910156,64.0,65.0,7.205
1765481716.5596478,99,24,26,14,49,3.7301788330078125,64.0,65.0,8.41
1765481716.760608,99,24,26,14,49,3.7301788330078125,64.0,65.0,8.41
1765481716.9618657,99,24,26,14,49,3.7301788330078125,64.0,65.0,8.41
1765481717.1628733,99,21,22,19,38,3.730743408203125,64.0,65.5,8.856
1765481717.3641546,99,21,22,19,38,3.730743408203125,64.0,65.5,8.856
1765481717.5691943,99,16,10,8,11,3.7299728393554688,64.5,65.0,7.392
1765481717.7703884,99,16,10,8,11,3.7299728393554688,64.5,65.0,7.392
1765481717.9715338,99,16,10,8,11,3.7299728393554688,64.5,65.0,7.392
1765481718.1728067,99,30,25,36,46,3.7298545837402344,64.5,65.5,8.266
1765481718.3742003,99,30,25,36,46,3.7298545837402344,64.5,65.5,8.266
1765481718.5753345,99,26,29,36,26,3.730640411376953,64.0,66.0,8.895
1765481718.7765214,99,26,29,36,26,3.730640411376953,64.0,66.0,8.895
1765481718.977792,99,26,29,36,26,3.730640411376953,64.0,66.0,8.895
1765481719.17878,99,8,9,15,9,3.7304039001464844,64.0,65.0,7.764
1765481719.379849,99,8,9,15,9,3.7304039001464844,64.0,65.0,7.764
1765481719.5809634,99,26,22,35,37,3.7295875549316406,64.5,65.5,7.883
1765481719.782023,99,26,22,35,37,3.7295875549316406,64.5,65.5,7.883
1765481719.983199,99,26,22,35,37,3.7295875549316406,64.5,65.5,7.883
1765481720.1845086,99,20,24,33,40,3.730297088623047,64.5,66.0,8.331
1765481720.385833,99,20,24,33,40,3.730297088623047,64.5,66.0,8.331
1765481720.586913,99,14,14,18,10,3.7306137084960938,64.5,65.5,8.647
1765481720.7878652,99,14,14,18,10,3.7306137084960938,64.5,65.5,8.647
1765481720.9888692,99,14,14,18,10,3.7306137084960938,64.5,65.5,8.647
1765481721.1899843,99,19,44,16,14,3.7304000854492188,64.0,65.5,7.923
1765481721.3911088,99,19,44,16,14,3.7304000854492188,64.0,65.5,7.923
1765481721.5922816,99,22,48,17,21,3.730060577392578,64.0,65.0,8.068
1765481721.7934027,99,22,48,17,21,3.730060577392578,64.0,65.0,8.068
1765481721.9944856,99,22,48,17,21,3.730060577392578,64.0,65.0,8.068
1765481722.1956384,99,20,18,20,19,3.7296485900878906,64.5,65.5,8.41
1765481722.3966963,99,20,18,20,19,3.7296485900878906,64.5,65.5,8.41
1765481722.5979402,99,25,25,40,22,3.7310791015625,64.5,65.5,8.673
1765481722.7990308,99,25,25,40,22,3.7310791015625,64.5,65.5,8.673
1765481723.0002477,99,25,25,40,22,3.7310791015625,64.5,65.5,8.673
1765481723.201327,99,21,42,16,19,3.730304718017578,64.5,65.0,8.266
1765481723.4025197,99,21,42,16,19,3.730304718017578,64.5,65.0,8.266
1765481723.603626,99,14,12,25,12,3.7308197021484375,64.5,65.5,8.45
1765481723.8046346,99,14,12,25,12,3.7308197021484375,64.5,65.5,8.45
1765481724.0057492,99,14,12,25,12,3.7308197021484375,64.5,65.5,8.45
1765481724.2068574,99,18,50,25,24,3.730712890625,64.5,66.0,8.895
1765481724.407869,99,18,50,25,24,3.730712890625,64.5,66.0,8.895
1765481724.6091576,99,17,31,12,7,3.7303123474121094,64.5,65.5,8.266
1765481724.8102365,99,17,31,12,7,3.7303123474121094,64.5,65.5,8.266
1765481725.011571,99,17,31,12,7,3.7303123474121094,64.5,65.5,8.266
1765481725.2127752,99,16,18,21,25,3.7304458618164062,64.5,65.0,8.331
1765481725.414088,99,16,18,21,25,3.7304458618164062,64.5,65.0,8.331
1765481725.615051,99,54,18,22,32,3.730327606201172,64.5,65.0,8.187
1765481725.8162465,99,54,18,22,32,3.730327606201172,64.5,65.0,8.187
1765481726.017401,99,54,18,22,32,3.730327606201172,64.5,65.0,8.187
1765481726.2185576,99,24,17,25,24,3.730304718017578,64.5,66.0,8.673
1765481726.4198,99,24,17,25,24,3.730304718017578,64.5,66.0,8.673
1765481726.6212234,99,16,12,22,18,3.730621337890625,64.5,65.0,8.187
1765481726.8243456,99,16,12,22,18,3.730621337890625,64.5,65.0,8.187
1765481727.0258043,99,16,12,22,18,3.730621337890625,64.5,65.0,8.187
1765481727.226811,99,28,23,26,44,3.7297515869140625,64.5,65.0,7.962
1765481727.4280572,99,28,23,26,44,3.7297515869140625,64.5,65.0,7.962
1765481727.6292548,99,28,23,26,44,3.7297515869140625,64.5,65.0,7.962
1765481727.830417,99,21,16,16,32,3.7297286987304688,64.0,65.5,7.578
1765481728.031509,99,21,16,16,32,3.7297286987304688,64.0,65.5,7.578
1765481728.2326865,99,26,8,12,8,3.73095703125,64.5,65.0,8.568
1765481728.4338436,99,26,8,12,8,3.73095703125,64.5,65.0,8.568
1765481728.6362073,99,23,16,46,22,3.7306137084960938,64.5,65.5,7.962
1765481728.8374622,99,23,16,46,22,3.7306137084960938,64.5,65.5,7.962
1765481729.0384455,99,23,16,46,22,3.7306137084960938,64.5,65.5,7.962
1765481729.2395637,98,27,25,20,31,3.7310028076171875,64.5,65.5,7.42
1765481729.4406316,98,27,25,20,31,3.7310028076171875,64.5,65.5,7.42
1765481729.641792,98,27,25,20,31,3.7310028076171875,64.5,65.5,7.42
1765481729.842811,99,21,14,18,36,3.7315597534179688,65.0,65.5,9.013
1765481730.0438564,99,21,14,18,36,3.7315597534179688,65.0,65.5,9.013
1765481730.2450387,99,14,38,11,6,3.7309494018554688,64.5,65.5,8.147
1765481730.446223,99,14,38,11,6,3.7309494018554688,64.5,65.5,8.147
1765481730.6572824,99,14,38,11,6,3.7309494018554688,64.5,65.5,8.147
1765481730.8584292,99,24,25,14,18,3.7307891845703125,64.0,65.0,6.886
1765481731.059533,99,24,25,14,18,3.7307891845703125,64.0,65.0,6.886
1765481731.2606163,99,22,23,34,25,3.7311477661132812,65.0,65.5,8.292
1765481731.4618273,99,22,23,34,25,3.7311477661132812,65.0,65.5,8.292
1765481731.6630228,99,22,23,34,25,3.7311477661132812,65.0,65.5,8.292
1765481731.8644702,99,25,26,35,16,3.7311668395996094,65.0,65.5,8.895
1765481732.0654,99,25,26,35,16,3.7311668395996094,65.0,65.5,8.895
1765481732.2665296,86,26,12,11,20,3.7305870056152344,64.0,65.5,7.273
1765481732.4675028,86,26,12,11,20,3.7305870056152344,64.0,65.5,7.273
1765481732.6685376,86,26,12,11,20,3.7305870056152344,64.0,65.5,7.273
1765481732.8695421,99,39,27,12,18,3.7306594848632812,65.0,65.5,8.187
1765481733.070918,99,39,27,12,18,3.7306594848632812,65.0,65.5,8.187
1765481733.2722783,99,29,28,46,22,3.731037139892578,65.0,66.0,8.673
1765481733.4735022,99,29,28,46,22,3.731037139892578,65.0,66.0,8.673
1765481733.6746762,99,29,28,46,22,3.731037139892578,65.0,66.0,8.673
1765481733.8760207,99,25,15,13,11,3.7313995361328125,64.0,66.5,7.499
1765481734.0771909,99,25,15,13,11,3.7313995361328125,64.0,66.5,7.499
1765481734.2782815,99,38,19,18,20,3.730804443359375,65.0,65.5,8.147
1765481734.4794037,99,38,19,18,20,3.730804443359375,65.0,65.5,8.147
1765481734.6805737,99,38,19,18,20,3.730804443359375,65.0,65.5,8.147
1765481734.8817143,99,29,30,50,24,3.730823516845703,65.0,66.0,8.712
1765481735.0830185,99,29,30,50,24,3.730823516845703,65.0,66.0,8.712
1765481735.2850816,18,25,17,15,18,3.731353759765625,64.0,65.5,6.857
1765481735.4911113,18,25,17,15,18,3.731353759765625,64.0,65.5,6.857
1765481735.6923249,18,25,17,15,18,3.731353759765625,64.0,65.5,6.857
1765481735.8936327,99,16,13,26,13,3.7307662963867188,65.0,65.5,8.331
1765481736.0947742,99,16,13,26,13,3.7307662963867188,65.0,65.5,8.331
1765481736.2958302,99,28,16,47,27,3.7305221557617188,65.0,65.5,8.213
1765481736.4970741,99,28,16,47,27,3.7305221557617188,65.0,65.5,8.213
1765481736.698108,99,28,16,47,27,3.7305221557617188,65.0,65.5,8.213
1765481736.8992658,53,33,20,21,14,3.730804443359375,64.0,66.0,6.658
1765481737.1003952,53,33,20,21,14,3.730804443359375,64.0,66.0,6.658
1765481737.3014092,53,33,20,21,14,3.730804443359375,64.0,66.0,6.658
1765481737.502466,99,17,35,19,14,3.7314071655273438,65.5,66.5,9.013
1765481737.7036238,99,17,35,19,14,3.7314071655273438,65.5,66.5,9.013
1765481737.905001,99,45,16,18,13,3.7310028076171875,65.0,66.0,8.305
1765481738.1061244,99,45,16,18,13,3.7310028076171875,65.0,66.0,8.305
1765481738.3072891,99,45,16,18,13,3.7310028076171875,65.0,66.0,8.305
1765481738.5083978,23,40,20,24,21,3.7327919006347656,64.0,66.0,7.006
1765481738.7096837,23,40,20,24,21,3.7327919006347656,64.0,66.0,7.006
1765481738.910882,99,36,46,34,31,3.730438232421875,65.5,67.5,9.909
1765481739.1121166,99,36,46,34,31,3.730438232421875,65.5,67.5,9.909
1765481739.3135307,99,36,46,34,31,3.730438232421875,65.5,67.5,9.909
1765481739.514687,99,14,21,27,40,3.727802276611328,65.0,65.5,8.791
1765481739.715845,99,14,21,27,40,3.727802276611328,65.0,65.5,8.791
1765481739.9171505,88,18,20,12,13,3.7289390563964844,64.5,65.0,6.28
1765481740.118154,88,18,20,12,13,3.7289390563964844,64.5,65.0,6.28
1765481740.3192515,88,18,20,12,13,3.7289390563964844,64.5,65.0,6.28
1765481740.5203614,99,22,44,26,28,3.731548309326172,65.0,66.0,8.305
1765481740.7216496,99,22,44,26,28,3.731548309326172,65.0,66.0,8.305
1765481740.9230568,99,26,50,26,16,3.732757568359375,65.5,66.5,9.273
1765481741.1241074,99,26,50,26,16,3.732757568359375,65.5,66.5,9.273
1765481741.3252525,99,26,50,26,16,3.732757568359375,65.5,66.5,9.273
1765481741.5264444,27,10,8,14,6,3.7324905395507812,65.0,65.5,6.589
1765481741.7274983,27,10,8,14,6,3.7324905395507812,65.0,65.5,6.589
1765481741.9288154,99,24,44,34,25,3.7324905395507812,65.0,65.5,8.489
1765481742.1298323,99,24,44,34,25,3.7324905395507812,65.0,65.5,8.489
1765481742.3309176,99,24,44,34,25,3.7324905395507812,65.0,65.5,8.489
1765481742.5318406,99,34,38,20,45,3.7319259643554688,65.0,66.0,8.974
1765481742.7331862,99,34,38,20,45,3.7319259643554688,65.0,66.0,8.974
1765481742.934348,99,18,11,13,8,3.7328224182128906,64.5,66.0,7.392
1765481743.1355178,99,18,11,13,8,3.7328224182128906,64.5,66.0,7.392
1765481743.336611,99,18,11,13,8,3.7328224182128906,64.5,66.0,7.392
1765481743.5376945,99,25,38,30,23,3.732135772705078,65.0,66.0,8.385
1765481743.7390087,99,25,38,30,23,3.732135772705078,65.0,66.0,8.385
1765481743.9401877,99,24,19,50,21,3.7318954467773438,65.0,66.0,8.187
1765481744.1412249,99,24,19,50,21,3.7318954467773438,65.0,66.0,8.187
1765481744.3422542,99,24,19,50,21,3.7318954467773438,65.0,66.0,8.187
1765481744.5434453,99,16,18,16,19,3.732250213623047,65.0,66.0,7.856
1765481744.7444813,99,16,18,16,19,3.732250213623047,65.0,66.0,7.856
1765481744.9457586,99,13,40,8,15,3.7321014404296875,64.5,66.0,8.331
1765481745.1467533,99,13,40,8,15,3.7321014404296875,64.5,66.0,8.331
1765481745.3478572,99,13,40,8,15,3.7321014404296875,64.5,66.0,8.331
1765481745.5490386,99,26,16,51,21,3.732898712158203,65.0,66.0,8.266
1765481745.7503047,99,26,16,51,21,3.732898712158203,65.0,66.0,8.266
1765481745.9515228,99,17,17,13,16,3.7322540283203125,64.5,65.5,7.352
1765481746.1526318,99,17,17,13,16,3.7322540283203125,64.5,65.5,7.352
1765481746.3536005,99,17,17,13,16,3.7322540283203125,64.5,65.5,7.352
1765481746.5547469,99,20,49,14,26,3.7333145141601562,65.0,66.5,8.974
1765481746.7558439,99,20,49,14,26,3.7333145141601562,65.0,66.5,8.974
1765481746.9570408,99,18,15,34,15,3.732471466064453,65.0,65.5,8.042
1765481747.1580577,99,18,15,34,15,3.732471466064453,65.0,65.5,8.042
1765481747.3591697,99,18,15,34,15,3.732471466064453,65.0,65.5,8.042
1765481747.5604632,99,13,23,13,10,3.7325973510742188,65.0,65.5,7.658
1765481747.7617433,99,13,23,13,10,3.7325973510742188,65.0,65.5,7.658
1765481747.9631002,99,14,41,23,32,3.732891082763672,65.0,66.0,8.41
1765481748.1641378,99,14,41,23,32,3.732891082763672,65.0,66.0,8.41
1765481748.3652298,99,14,41,23,32,3.732891082763672,65.0,66.0,8.41
1765481748.5662713,99,17,14,46,10,3.7331161499023438,65.0,66.5,8.791
1765481748.7674773,99,17,14,46,10,3.7331161499023438,65.0,66.5,8.791
1765481748.9691088,99,13,17,10,10,3.7331008911132812,64.5,65.5,7.578
1765481749.170541,99,13,17,10,10,3.7331008911132812,64.5,65.5,7.578
1765481749.3715425,99,13,17,10,10,3.7331008911132812,64.5,65.5,7.578
1765481749.5729253,99,55,28,30,24,3.7329368591308594,65.0,65.5,7.923
1765481749.7740195,99,55,28,30,24,3.7329368591308594,65.0,65.5,7.923
1765481749.9753506,99,55,28,30,24,3.7329368591308594,65.0,65.5,7.923
1765481750.1767561,99,33,34,28,19,3.733661651611328,65.0,66.0,8.856
1765481750.3778687,99,33,34,28,19,3.733661651611328,65.0,66.0,8.856
1765481750.578895,99,12,18,8,8,3.732776641845703,65.0,66.0,7.737
1765481750.780242,99,12,18,8,8,3.732776641845703,65.0,66.0,7.737
1765481750.9812381,99,12,18,8,8,3.732776641845703,65.0,66.0,7.737
1765481751.1824508,99,30,31,31,39,3.7326431274414062,65.0,66.0,8.042
1765481751.3835645,99,30,31,31,39,3.7326431274414062,65.0,66.0,8.042
1765481751.5846765,99,19,16,24,43,3.7326507568359375,65.0,66.0,8.187
1765481751.786081,99,19,16,24,43,3.7326507568359375,65.0,66.0,8.187
1765481751.9873936,99,19,16,24,43,3.7326507568359375,65.0,66.0,8.187
1765481752.1888459,99,12,16,14,8,3.733154296875,65.0,66.0,9.131
1765481752.389947,99,12,16,14,8,3.733154296875,65.0,66.0,9.131
1765481752.591027,99,24,25,46,23,3.7325592041015625,65.0,66.0,8.108
1765481752.792371,99,24,25,46,23,3.7325592041015625,65.0,66.0,8.108
1765481752.993567,99,24,25,46,23,3.7325592041015625,65.0,66.0,8.108
1765481753.1946733,99,20,23,36,22,3.732624053955078,64.5,66.5,8.187
1765481753.3958428,99,20,23,36,22,3.732624053955078,64.5,66.5,8.187
1765481753.5969162,99,21,12,20,18,3.7327041625976562,65.0,66.5,8.568
1765481753.7980115,99,21,12,20,18,3.7327041625976562,65.0,66.5,8.568
1765481753.9992552,99,21,12,20,18,3.7327041625976562,65.0,66.5,8.568
1765481754.2005599,99,13,19,42,15,3.732868194580078,65.0,66.5,8.385
1765481754.4015093,99,13,19,42,15,3.732868194580078,65.0,66.5,8.385
1765481754.6026878,99,21,17,34,28,3.7325210571289062,65.0,67.0,7.697
1765481754.8042173,99,21,17,34,28,3.7325210571289062,65.0,67.0,7.697
1765481755.0054824,99,21,17,34,28,3.7325210571289062,65.0,67.0,7.697
1765481755.206634,99,23,22,14,12,3.7322463989257812,65.5,66.5,8.029
1765481755.407752,99,23,22,14,12,3.7322463989257812,65.5,66.5,8.029
1765481755.6085136,99,20,52,22,20,3.7333412170410156,65.0,66.5,8.752
1765481755.8097317,99,20,52,22,20,3.7333412170410156,65.0,66.5,8.752
1765481756.0108547,99,20,52,22,20,3.7333412170410156,65.0,66.5,8.752
1765481756.2123408,99,12,21,10,15,3.732410430908203,64.5,67.0,7.539
1765481756.4135766,99,12,21,10,15,3.732410430908203,64.5,67.0,7.539
1765481756.6146271,99,20,36,19,14,3.7330055236816406,65.5,66.5,8.042
1765481756.8157873,99,20,36,19,14,3.7330055236816406,65.5,66.5,8.042
1765481757.0171683,99,20,36,19,14,3.7330055236816406,65.5,66.5,8.042
1765481757.2183957,99,22,32,31,43,3.7325668334960938,65.5,66.0,8.41
1765481757.419488,99,22,32,31,43,3.7325668334960938,65.5,66.0,8.41
1765481757.6215808,41,20,13,19,19,3.7332916259765625,65.0,66.0,6.966
1765481757.8229659,41,20,13,19,19,3.7332916259765625,65.0,66.0,6.966
1765481758.024283,41,20,13,19,19,3.7332916259765625,65.0,66.0,6.966
1765481758.2254517,99,20,38,25,21,3.7328147888183594,65.5,66.5,8.424
1765481758.4264798,99,20,38,25,21,3.7328147888183594,65.5,66.5,8.424
1765481758.6274908,99,42,34,21,25,3.733081817626953,65.5,66.5,8.41
1765481758.8287194,99,42,34,21,25,3.733081817626953,65.5,66.5,8.41
1765481759.0298553,99,42,34,21,25,3.733081817626953,65.5,66.5,8.41
1765481759.2309659,73,18,19,20,16,3.7330856323242188,65.0,66.5,6.589
1765481759.4324124,73,18,19,20,16,3.7330856323242188,65.0,66.5,6.589
1765481759.6333976,99,32,15,8,12,3.7328262329101562,65.5,66.0,8.41
1765481759.834425,99,32,15,8,12,3.7328262329101562,65.5,66.0,8.41
1765481760.0358994,99,32,15,8,12,3.7328262329101562,65.5,66.0,8.41
1765481760.2371569,99,38,48,23,18,3.7326927185058594,65.5,66.5,8.608
1765481760.438342,99,38,48,23,18,3.7326927185058594,65.5,66.5,8.608
1765481760.639592,99,38,48,23,18,3.7326927185058594,65.5,66.5,8.608
1765481760.8406699,35,18,16,18,21,3.733123779296875,64.5,66.0,6.589
1765481761.04193,35,18,16,18,21,3.733123779296875,64.5,66.0,6.589
1765481761.2431207,99,24,19,16,40,3.7333908081054688,65.5,67.0,9.273
1765481761.4444249,99,24,19,16,40,3.7333908081054688,65.5,67.0,9.273
1765481761.645764,99,24,19,16,40,3.7333908081054688,65.5,67.0,9.273
1765481761.8469608,99,20,16,37,14,3.732513427734375,65.5,66.5,8.529
1765481762.0484705,99,20,16,37,14,3.732513427734375,65.5,66.5,8.529
1765481762.2496827,84,34,24,22,40,3.7274322509765625,64.5,66.0,6.28
1765481762.4507585,84,34,24,22,40,3.7274322509765625,64.5,66.0,6.28
1765481762.651791,84,34,24,22,40,3.7274322509765625,64.5,66.0,6.28
1765481762.852845,99,55,22,32,27,3.7285423278808594,65.5,67.0,8.895
1765481763.0540876,99,55,22,32,27,3.7285423278808594,65.5,67.0,8.895
1765481763.2553942,99,40,19,14,12,3.7293739318847656,65.0,67.5,8.934
1765481763.4565165,99,40,19,14,12,3.7293739318847656,65.0,67.5,8.934
1765481763.6576455,99,40,19,14,12,3.7293739318847656,65.0,67.5,8.934
1765481763.8588145,99,15,14,19,16,3.7282371520996094,65.0,66.0,6.209
1765481764.0601332,99,15,14,19,16,3.7282371520996094,65.0,66.0,6.209
1765481764.261257,99,32,38,27,30,3.7283554077148438,65.5,67.0,8.568
1765481764.462208,99,32,38,27,30,3.7283554077148438,65.5,67.0,8.568
1765481764.6632714,99,32,38,27,30,3.7283554077148438,65.5,67.0,8.568
1765481764.8643858,99,25,32,24,44,3.7293624877929688,65.5,66.5,9.273
1765481765.065621,99,25,32,24,44,3.7293624877929688,65.5,66.5,9.273
1765481765.2668808,99,13,8,6,8,3.7278900146484375,65.0,66.0,6.589
1765481765.468109,99,13,8,6,8,3.7278900146484375,65.0,66.0,6.589
1765481765.6691794,99,13,8,6,8,3.7278900146484375,65.0,66.0,6.589
1765481765.8702002,99,47,29,28,36,3.728118896484375,65.5,66.5,8.345
1765481766.0717304,99,47,29,28,36,3.728118896484375,65.5,66.5,8.345
1765481766.2731233,99,50,24,28,24,3.7276458740234375,65.0,66.5,8.633
1765481766.474335,99,50,24,28,24,3.7276458740234375,65.0,66.5,8.633
1765481766.6754613,99,50,24,28,24,3.7276458740234375,65.0,66.5,8.633
1765481766.8767061,99,12,14,10,15,3.7288894653320312,65.0,66.5,7.883
1765481767.077834,99,12,14,10,15,3.7288894653320312,65.0,66.5,7.883
1765481767.2789798,99,49,19,14,15,3.727741241455078,65.0,66.5,8.226
1765481767.4804294,99,49,19,14,15,3.727741241455078,65.0,66.5,8.226
1765481767.6815255,99,49,19,14,15,3.727741241455078,65.0,66.5,8.226
1765481767.8824885,99,44,32,21,20,3.728466033935547,65.0,66.5,8.331
1765481768.0840235,99,44,32,21,20,3.728466033935547,65.0,66.5,8.331
1765481768.2849963,99,20,16,12,19,3.7287025451660156,65.0,66.5,8.002
1765481768.485957,99,20,16,12,19,3.7287025451660156,65.0,66.5,8.002
1765481768.6868775,99,20,16,12,19,3.7287025451660156,65.0,66.5,8.002
1765481768.8880773,99,16,12,19,34,3.7286415100097656,65.0,66.5,8.292
1765481769.0891862,99,16,12,19,34,3.7286415100097656,65.0,66.5,8.292
1765481769.2903135,99,24,24,12,44,3.7281227111816406,65.5,66.5,8.266
1765481769.4917736,99,24,24,12,44,3.7281227111816406,65.5,66.5,8.266
1765481769.6931489,99,24,24,12,44,3.7281227111816406,65.5,66.5,8.266
1765481769.8942595,99,14,14,14,17,3.7281723022460938,65.0,66.0,7.737
1765481770.0954032,99,14,14,14,17,3.7281723022460938,65.0,66.0,7.737
1765481770.2965682,99,25,23,23,50,3.7294578552246094,65.5,67.0,8.489
1765481770.4975088,99,25,23,23,50,3.7294578552246094,65.5,67.0,8.489
1765481770.6987083,99,25,23,23,50,3.7294578552246094,65.5,67.0,8.489
1765481770.899758,99,17,38,14,12,3.7282867431640625,65.0,66.5,8.371
1765481771.1008883,99,17,38,14,12,3.7282867431640625,65.0,66.5,8.371
1765481771.3020682,99,20,15,8,12,3.728343963623047,65.5,66.5,7.697
1765481771.503221,99,20,15,8,12,3.728343963623047,65.5,66.5,7.697
1765481771.7045012,99,20,15,8,12,3.728343963623047,65.5,66.5,7.697
1765481771.9056175,99,22,49,26,18,3.7285804748535156,65.5,66.5,7.962
1765481772.1070898,99,22,49,26,18,3.7285804748535156,65.5,66.5,7.962
1765481772.3085327,99,22,49,26,18,3.7285804748535156,65.5,66.5,7.962
1765481772.5141234,99,15,43,19,19,3.729290008544922,65.5,67.0,8.87
1765481772.7152278,99,15,43,19,19,3.729290008544922,65.5,67.0,8.87
1765481772.916503,99,14,12,12,13,3.7286224365234375,65.5,66.5,7.737
1765481773.1177,99,14,12,12,13,3.7286224365234375,65.5,66.5,7.737
1765481773.3190658,99,28,34,36,39,3.72833251953125,65.5,66.0,7.804
1765481773.5202284,99,28,34,36,39,3.72833251953125,65.5,66.0,7.804
1765481773.7215004,99,28,34,36,39,3.72833251953125,65.5,66.0,7.804
1765481773.9227295,99,37,25,26,32,3.7290916442871094,65.5,66.5,8.87
1765481774.1239805,99,37,25,26,32,3.7290916442871094,65.5,66.5,8.87
1765481774.3251677,99,37,25,26,32,3.7290916442871094,65.5,66.5,8.87
1765481774.5264568,99,14,8,8,14,3.728363037109375,65.5,66.5,7.697
1765481774.7273684,99,14,8,8,14,3.728363037109375,65.5,66.5,7.697
1765481774.9284592,99,26,38,36,25,3.7280960083007812,65.5,66.5,7.923
1765481775.129636,99,26,38,36,25,3.7280960083007812,65.5,66.5,7.923
1765481775.330877,99,26,38,36,25,3.7280960083007812,65.5,66.5,7.923
1765481775.5322914,99,25,18,20,39,3.7282142639160156,65.5,66.5,8.108
1765481775.7333457,99,25,18,20,39,3.7282142639160156,65.5,66.5,8.108
1765481775.934385,99,14,6,19,12,3.7291831970214844,65.5,67.5,8.895
1765481776.1355534,99,14,6,19,12,3.7291831970214844,65.5,67.5,8.895
1765481776.3366442,99,14,6,19,12,3.7291831970214844,65.5,67.5,8.895
1765481776.537803,99,40,20,18,12,3.7284507751464844,65.5,66.5,8.187
1765481776.7388253,99,40,20,18,12,3.7284507751464844,65.5,66.5,8.187
1765481776.9398968,99,22,28,22,35,3.7285537719726562,65.0,67.0,8.042
1765481777.1411526,99,22,28,22,35,3.7285537719726562,65.0,67.0,8.042
1765481777.342365,99,22,28,22,35,3.7285537719726562,65.0,67.0,8.042
1765481777.543797,99,14,14,23,19,3.7284469604492188,65.5,67.0,8.608
1765481777.7451148,99,14,14,23,19,3.7284469604492188,65.5,67.0,8.608
1765481777.9648526,99,23,42,10,18,3.7294158935546875,65.5,67.0,8.673
1765481778.165999,99,23,42,10,18,3.7294158935546875,65.5,67.0,8.673
1765481778.3671215,99,23,42,10,18,3.7294158935546875,65.5,67.0,8.673
1765481778.5695853,99,19,16,40,19,3.728069305419922,65.5,67.0,8.226
1765481778.7705994,99,19,16,40,19,3.728069305419922,65.5,67.0,8.226
1765481778.97165,99,21,17,16,12,3.728618621826172,66.0,67.0,8.41
1765481779.1728323,99,21,17,16,12,3.728618621826172,66.0,67.0,8.41
1765481779.3741224,99,21,17,16,12,3.728618621826172,66.0,67.0,8.41
1765481779.57537,99,23,51,20,20,3.7284393310546875,66.0,67.5,8.934
1765481779.776409,99,23,51,20,20,3.7284393310546875,66.0,67.5,8.934
1765481779.9775643,99,8,33,12,11,3.7280845642089844,65.5,66.5,8.266
1765481780.178638,99,8,33,12,11,3.7280845642089844,65.5,66.5,8.266
1765481780.379871,99,8,33,12,11,3.7280845642089844,65.5,66.5,8.266
1765481780.5810635,99,19,20,18,18,3.7284393310546875,65.5,66.5,8.292
1765481780.7822342,99,19,20,18,18,3.7284393310546875,65.5,66.5,8.292
1765481780.9832048,99,27,32,32,44,3.728839874267578,66.0,67.0,8.121
1765481781.184634,99,27,32,32,44,3.728839874267578,66.0,67.0,8.121
1765481781.38731,99,27,32,32,44,3.728839874267578,66.0,67.0,8.121
1765481781.5886772,99,36,30,25,20,3.729564666748047,65.5,67.5,8.555
1765481781.789763,99,36,30,25,20,3.729564666748047,65.5,67.5,8.555
1765481781.9907804,99,21,14,28,15,3.7285423278808594,66.0,67.0,8.187
1765481782.192146,99,21,14,28,15,3.7285423278808594,66.0,67.0,8.187
1765481782.3934262,99,21,14,28,15,3.7285423278808594,66.0,67.0,8.187
1765481782.5946484,99,41,24,53,34,3.728649139404297,65.5,67.5,8.45
1765481782.7961173,99,41,24,53,34,3.728649139404297,65.5,67.5,8.45
1765481782.9972954,99,27,29,24,18,3.7284698486328125,65.5,68.0,7.725
1765481783.198568,99,27,29,24,18,3.7284698486328125,65.5,68.0,7.725
1765481783.399791,99,27,29,24,18,3.7284698486328125,65.5,68.0,7.725
1765481783.6009462,99,17,8,25,13,3.7291259765625,65.5,67.0,8.331
1765481783.80195,99,17,8,25,13,3.7291259765625,65.5,67.0,8.331
1765481784.0029566,99,18,32,19,32,3.728771209716797,66.0,67.0,7.843
1765481784.2043195,99,18,32,19,32,3.728771209716797,66.0,67.0,7.843
1765481784.405669,99,18,32,19,32,3.728771209716797,66.0,67.0,7.843
1765481784.6069224,99,26,22,32,12,3.728607177734375,65.5,67.5,7.578
1765481784.8078845,99,26,22,32,12,3.728607177734375,65.5,67.5,7.578
1765481785.0089645,99,30,17,16,20,3.7298660278320312,66.0,67.5,8.909
1765481785.2101822,99,30,17,16,20,3.7298660278320312,66.0,67.5,8.909
1765481785.4112964,99,30,17,16,20,3.7298660278320312,66.0,67.5,8.909
1765481785.6126285,99,12,28,24,10,3.7284584045410156,66.0,67.0,8.042
1765481785.8136587,99,12,28,24,10,3.7284584045410156,66.0,67.0,8.042
1765481786.014854,99,12,28,24,10,3.7284584045410156,66.0,67.0,8.042
1765481786.2159834,98,20,23,29,15,3.7288894653320312,65.5,67.0,7.046
1765481786.4171994,98,20,23,29,15,3.7288894653320312,65.5,67.0,7.046
1765481786.6183171,99,20,19,34,23,3.7287216186523438,66.0,67.0,8.41
1765481786.8194318,99,20,19,34,23,3.7287216186523438,66.0,67.0,8.41
1765481787.0205207,99,20,19,34,23,3.7287216186523438,66.0,67.0,8.41
1765481787.2216237,99,21,23,18,31,3.729473114013672,66.5,67.5,8.974
1765481787.4227896,99,21,23,18,31,3.729473114013672,66.5,67.5,8.974
1765481787.624042,12,22,18,20,16,3.7285690307617188,65.0,66.5,6.589
1765481787.8249817,12,22,18,20,16,3.7285690307617188,65.0,66.5,6.589
1765481788.0260155,12,22,18,20,16,3.7285690307617188,65.0,66.5,6.589
1765481788.2269895,99,40,25,22,14,3.7287635803222656,66.0,67.0,8.529
1765481788.4309454,99,40,25,22,14,3.7287635803222656,66.0,67.0,8.529
1765481788.632829,99,59,72,56,68,3.7296600341796875,66.5,68.5,10.817
1765481788.8339243,99,59,72,56,68,3.7296600341796875,66.5,68.5,10.817
1765481789.0365374,99,59,72,56,68,3.7296600341796875,66.5,68.5,10.817
1765481789.2380042,69,61,58,57,50,3.729541778564453,65.5,68.0,6.857
1765481789.4392927,69,61,58,57,50,3.729541778564453,65.5,68.0,6.857
1765481789.6405904,99,55,49,39,44,3.729339599609375,66.0,67.5,8.673
1765481789.8416793,99,55,49,39,44,3.729339599609375,66.0,67.5,8.673
1765481790.042987,99,55,49,39,44,3.729339599609375,66.0,67.5,8.673
1765481790.2441006,99,29,40,33,52,3.7290267944335938,66.0,67.0,8.856
1765481790.4452746,99,29,40,33,52,3.7290267944335938,66.0,67.0,8.856
1765481790.6467452,98,19,19,19,21,3.729785919189453,65.5,67.0,7.312
1765481790.8483653,98,19,19,19,21,3.729785919189453,65.5,67.0,7.312
1765481791.049495,98,19,19,19,21,3.729785919189453,65.5,67.0,7.312
1765481791.2505608,99,24,41,14,21,3.7292823791503906,66.0,67.0,8.345
1765481791.453201,99,24,41,14,21,3.7292823791503906,66.0,67.0,8.345
1765481791.6543868,99,32,25,58,28,3.7288780212402344,66.0,67.0,8.371
1765481791.8557193,99,32,25,58,28,3.7288780212402344,66.0,67.0,8.371
1765481792.056937,99,32,25,58,28,3.7288780212402344,66.0,67.0,8.371
1765481792.2581387,99,27,22,29,24,3.7294273376464844,66.0,67.0,7.658
1765481792.4591851,99,27,22,29,24,3.7294273376464844,66.0,67.0,7.658
1765481792.6604388,99,32,57,29,32,3.7300796508789062,66.0,67.5,9.013
1765481792.8618248,99,32,57,29,32,3.7300796508789062,66.0,67.5,9.013
1765481793.0629928,99,32,57,29,32,3.7300796508789062,66.0,67.5,9.013
1765481793.264309,99,16,51,26,23,3.7293052673339844,65.5,67.0,8.345
1765481793.465565,99,16,51,26,23,3.7293052673339844,65.5,67.0,8.345
1765481793.6666067,99,25,19,22,22,3.729267120361328,66.0,67.5,8.002
1765481793.8677475,99,25,19,22,22,3.729267120361328,66.0,67.5,8.002
1765481794.0687454,99,25,19,22,22,3.729267120361328,66.0,67.5,8.002
1765481794.2697754,99,52,20,25,29,3.729106903076172,66.0,67.5,8.529
1765481794.4707792,99,52,20,25,29,3.729106903076172,66.0,67.5,8.529
1765481794.672094,99,22,45,14,17,3.7289581298828125,65.5,67.0,8.489
1765481794.8730888,99,22,45,14,17,3.7289581298828125,65.5,67.0,8.489
1765481795.0743742,99,22,45,14,17,3.7289581298828125,65.5,67.0,8.489
1765481795.275436,99,20,14,21,19,3.7291183471679688,66.0,67.0,7.804
1765481795.4767513,99,20,14,21,19,3.7291183471679688,66.0,67.0,7.804
1765481795.6778376,99,28,35,27,56,3.7292518615722656,66.0,67.5,8.187
1765481795.8788934,99,28,35,27,56,3.7292518615722656,66.0,67.5,8.187
1765481796.081543,99,28,35,27,56,3.7292518615722656,66.0,67.5,8.187
1765481796.2825894,99,22,34,25,33,3.7295494079589844,66.0,67.5,8.856
1765481796.4837818,99,22,34,25,33,3.7295494079589844,66.0,67.5,8.856
1765481796.6851861,99,16,16,16,15,3.7292213439941406,66.0,67.5,8.002
1765481796.886323,99,16,16,16,15,3.7292213439941406,66.0,67.5,8.002
1765481797.0872538,99,16,16,16,15,3.7292213439941406,66.0,67.5,8.002
1765481797.2883258,99,36,36,42,35,3.7294883728027344,66.5,67.0,8.226
1765481797.4894726,99,36,36,42,35,3.7294883728027344,66.5,67.0,8.226
1765481797.6906767,99,36,36,42,35,3.7294883728027344,66.5,67.0,8.226
1765481797.891698,99,35,33,41,24,3.728748321533203,66.5,67.5,8.489
1765481798.0926847,99,35,33,41,24,3.728748321533203,66.5,67.5,8.489
1765481798.2935767,99,16,10,19,10,3.72967529296875,66.0,68.0,9.131
1765481798.4947443,99,16,10,19,10,3.72967529296875,66.0,68.0,9.131
1765481798.696264,99,16,10,19,10,3.72967529296875,66.0,68.0,9.131
1765481798.8975303,99,28,50,26,25,3.729267120361328,66.5,67.0,8.45
1765481799.0986028,99,28,50,26,25,3.729267120361328,66.5,67.0,8.45
1765481799.299765,99,27,33,38,26,3.728912353515625,66.0,67.5,8.45
1765481799.5010614,99,27,33,38,26,3.728912353515625,66.0,67.5,8.45
1765481799.7026472,99,27,33,38,26,3.728912353515625,66.0,67.5,8.45
1765481799.9047928,99,56,28,24,22,3.7257156372070312,66.5,68.0,9.87
1765481800.105904,99,56,28,24,22,3.7257156372070312,66.5,68.0,9.87
1765481800.3082678,99,25,48,22,21,3.7244949340820312,66.5,67.5,8.331
1765481800.5095396,99,25,48,22,21,3.7244949340820312,66.5,67.5,8.331
1765481800.7108138,99,25,48,22,21,3.7244949340820312,66.5,67.5,8.331
1765481800.9124303,99,29,20,44,26,3.725269317626953,66.0,68.0,8.489
1765481801.113608,99,29,20,44,26,3.725269317626953,66.0,68.0,8.489
1765481801.3146875,99,14,23,27,18,3.7251815795898438,66.5,67.5,8.608
1765481801.5166218,99,14,23,27,18,3.7251815795898438,66.5,67.5,8.608
1765481801.7182927,99,14,23,27,18,3.7251815795898438,66.5,67.5,8.608
1765481801.9195158,99,26,24,28,50,3.7263221740722656,66.5,68.5,8.909
1765481802.120564,99,26,24,28,50,3.7263221740722656,66.5,68.5,8.909
1765481802.321537,99,19,29,26,20,3.7251815795898438,66.5,68.0,8.45
1765481802.5226765,99,19,29,26,20,3.7251815795898438,66.5,68.0,8.45
1765481802.7242515,99,19,29,26,20,3.7251815795898438,66.5,68.0,8.45
1765481802.9259088,99,17,21,28,16,3.725391387939453,66.5,67.5,8.489
1765481803.1270452,99,17,21,28,16,3.725391387939453,66.5,67.5,8.489
1765481803.3280487,99,28,30,58,26,3.725261688232422,66.5,67.5,8.568
1765481803.52917,99,28,30,58,26,3.725261688232422,66.5,67.5,8.568
1765481803.730499,99,28,30,58,26,3.725261688232422,66.5,67.5,8.568
1765481803.9320543,99,29,18,19,20,3.7254295349121094,66.0,68.0,8.608
1765481804.1332035,99,29,18,19,20,3.7254295349121094,66.0,68.0,8.608
1765481804.3343322,99,30,24,21,32,3.725025177001953,66.5,67.0,8.305
1765481804.535548,99,30,24,21,32,3.725025177001953,66.5,67.0,8.305
1765481804.7367158,99,30,24,21,32,3.725025177001953,66.5,67.0,8.305
1765481804.9378242,99,40,41,30,36,3.72509765625,66.0,68.0,8.002
1765481805.1388829,99,40,41,30,36,3.72509765625,66.0,68.0,8.002
1765481805.3406508,99,40,41,30,36,3.72509765625,66.0,68.0,8.002
1765481805.5417469,99,29,22,26,24,3.7259140014648438,66.0,69.0,7.883
1765481805.7429183,99,29,22,26,24,3.7259140014648438,66.0,69.0,7.883
1765481805.9444015,99,16,15,30,10,3.7248764038085938,66.5,67.5,8.187
1765481806.145775,99,16,15,30,10,3.7248764038085938,66.5,67.5,8.187
1765481806.3468297,99,32,54,23,22,3.7255287170410156,66.5,67.5,8.371
1765481806.5483036,99,32,54,23,22,3.7255287170410156,66.5,67.5,8.371
1765481806.749311,99,32,54,23,22,3.7255287170410156,66.5,67.5,8.371
1765481806.9504309,67,25,34,24,16,3.7255821228027344,66.0,68.5,7.312
1765481807.1519597,67,25,34,24,16,3.7255821228027344,66.0,68.5,7.312
1765481807.3530357,67,25,34,24,16,3.7255821228027344,66.0,68.5,7.312
1765481807.554043,99,34,33,20,22,3.7259254455566406,66.5,68.0,9.155
1765481807.755286,99,34,33,20,22,3.7259254455566406,66.5,68.0,9.155
1765481807.9564233,99,48,18,21,23,3.725269317626953,66.5,67.5,8.647
1765481808.1576068,99,48,18,21,23,3.725269317626953,66.5,67.5,8.647
1765481808.3589108,99,48,18,21,23,3.725269317626953,66.5,67.5,8.647
1765481808.5601552,29,28,18,35,18,3.725452423095703,66.0,68.0,6.618
1765481808.7623513,29,28,18,35,18,3.725452423095703,66.0,68.0,6.618
1765481808.9635735,99,27,21,45,24,3.7251853942871094,66.5,67.5,9.092
1765481809.164758,99,27,21,45,24,3.7251853942871094,66.5,67.5,9.092
1765481809.3658128,99,27,21,45,24,3.7251853942871094,66.5,67.5,9.092
1765481809.5669842,99,19,22,46,12,3.725677490234375,66.5,68.0,9.131
1765481809.7682457,99,19,22,46,12,3.725677490234375,66.5,68.0,9.131
1765481809.9694424,27,27,10,16,19,3.7256736755371094,66.0,68.0,6.32
1765481810.170417,27,27,10,16,19,3.7256736755371094,66.0,68.0,6.32
1765481810.371413,27,27,10,16,19,3.7256736755371094,66.0,68.0,6.32
1765481810.5726159,99,53,70,35,32,3.7206268310546875,66.5,68.0,8.856
1765481810.773936,99,53,70,35,32,3.7206268310546875,66.5,68.0,8.856
1765481810.9753728,99,28,33,39,20,3.7236862182617188,67.0,68.5,9.352
1765481811.176676,99,28,33,39,20,3.7236862182617188,67.0,68.5,9.352
1765481811.3780048,99,28,33,39,20,3.7236862182617188,67.0,68.5,9.352
1765481811.579235,26,8,15,10,20,3.722858428955078,66.0,67.5,6.469
1765481811.7803648,26,8,15,10,20,3.722858428955078,66.0,67.5,6.469
1765481811.9815614,99,37,28,46,28,3.722888946533203,67.0,68.0,8.633
1765481812.1827605,99,37,28,46,28,3.722888946533203,67.0,68.0,8.633
1765481812.3841712,99,37,28,46,28,3.722888946533203,67.0,68.0,8.633
1765481812.5855126,99,28,50,40,44,3.722827911376953,66.5,68.5,9.234
1765481812.78691,99,28,50,40,44,3.722827911376953,66.5,68.5,9.234
1765481812.9885864,25,18,16,16,12,3.7236404418945312,66.0,67.5,7.006
1765481813.1960292,25,18,16,16,12,3.7236404418945312,66.0,67.5,7.006
1765481813.3971405,25,18,16,16,12,3.7236404418945312,66.0,67.5,7.006
1765481813.5982435,99,33,32,38,24,3.722137451171875,67.0,68.0,8.712
1765481813.7994606,99,33,32,38,24,3.722137451171875,67.0,68.0,8.712
1765481814.0007443,99,33,27,48,28,3.7223892211914062,66.5,68.0,8.529
1765481814.201793,99,33,27,48,28,3.7223892211914062,66.5,68.0,8.529
1765481814.4028761,99,33,27,48,28,3.7223892211914062,66.5,68.0,8.529
1765481814.6042607,99,18,27,18,15,3.7228164672851562,66.5,67.5,7.017
1765481814.8053243,99,18,27,18,15,3.7228164672851562,66.5,67.5,7.017
1765481815.0064952,99,39,28,18,12,3.72308349609375,67.0,68.5,8.568
1765481815.2074568,99,39,28,18,12,3.72308349609375,67.0,68.5,8.568
1765481815.408656,99,39,28,18,12,3.72308349609375,67.0,68.5,8.568
1765481815.6096776,99,28,25,44,35,3.722576141357422,66.5,68.5,8.712
1765481815.8109863,99,28,25,44,35,3.722576141357422,66.5,68.5,8.712
1765481816.012409,99,14,20,10,19,3.7226409912109375,66.5,67.5,7.312
1765481816.2135096,99,14,20,10,19,3.7226409912109375,66.5,67.5,7.312
1765481816.4145465,99,14,20,10,19,3.7226409912109375,66.5,67.5,7.312
1765481816.6156244,99,28,22,26,42,3.723926544189453,67.0,68.5,9.17
1765481816.81672,99,28,22,26,42,3.723926544189453,67.0,68.5,9.17
1765481817.0177586,99,16,44,30,17,3.7225799560546875,66.5,67.5,8.529
1765481817.2200477,99,16,44,30,17,3.7225799560546875,66.5,67.5,8.529
1765481817.4211671,99,16,44,30,17,3.7225799560546875,66.5,67.5,8.529
1765481817.6225595,99,22,10,13,21,3.7226943969726562,66.5,67.5,7.551
1765481817.8241735,99,22,10,13,21,3.7226943969726562,66.5,67.5,7.551
1765481818.0252867,99,22,10,13,21,3.7226943969726562,66.5,67.5,7.551
1765481818.2284372,99,22,28,54,28,3.7229080200195312,66.5,68.5,8.45
1765481818.4296124,99,22,28,54,28,3.7229080200195312,66.5,68.5,8.45
1765481818.630775,99,42,27,25,21,3.7230300903320312,66.5,68.5,9.052
1765481818.8320174,99,42,27,25,21,3.7230300903320312,66.5,68.5,9.052
1765481819.0336406,99,42,27,25,21,3.7230300903320312,66.5,68.5,9.052
1765481819.2349155,99,19,16,16,17,3.7227325439453125,66.5,68.0,7.777
1765481819.4361448,99,19,16,16,17,3.7227325439453125,66.5,68.0,7.777
1765481819.637281,99,42,40,39,36,3.722888946533203,66.5,68.0,8.147
1765481819.8383386,99,42,40,39,36,3.722888946533203,66.5,68.0,8.147
1765481820.040891,99,42,40,39,36,3.722888946533203,66.5,68.0,8.147
1765481820.2419698,99,35,46,21,31,3.722888946533203,67.0,69.0,9.116
1765481820.4430912,99,35,46,21,31,3.722888946533203,67.0,69.0,9.116
1765481820.644461,99,10,20,10,11,3.723217010498047,67.0,68.0,7.777
1765481820.8455422,99,10,20,10,11,3.723217010498047,67.0,68.0,7.777
1765481821.0465484,99,10,20,10,11,3.723217010498047,67.0,68.0,7.777
1765481821.2477105,99,35,30,52,39,3.722686767578125,67.0,67.5,8.187
1765481821.4486542,99,35,30,52,39,3.722686767578125,67.0,67.5,8.187
1765481821.6498148,99,30,30,44,26,3.7225112915039062,67.0,69.0,8.305
1765481821.850972,99,30,30,44,26,3.7225112915039062,67.0,69.0,8.305
1765481822.0523708,99,30,30,44,26,3.7225112915039062,67.0,69.0,8.305
1765481822.2534845,99,19,15,12,15,3.723590850830078,67.0,68.0,8.83
1765481822.4543984,99,19,15,12,15,3.723590850830078,67.0,68.0,8.83
1765481822.655422,99,18,14,25,54,3.722980499267578,67.0,68.0,8.305
1765481822.857598,99,18,14,25,54,3.722980499267578,67.0,68.0,8.305
1765481823.058938,99,18,14,25,54,3.722980499267578,67.0,68.0,8.305
1765481823.260127,99,46,22,32,27,3.7227439880371094,66.5,68.5,8.608
1765481823.4612923,99,46,22,32,27,3.7227439880371094,66.5,68.5,8.608
1765481823.662491,99,22,25,21,30,3.722644805908203,67.0,68.5,8.791
1765481823.8640678,99,22,25,21,30,3.722644805908203,67.0,68.5,8.791
1765481824.0651643,99,22,25,21,30,3.722644805908203,67.0,68.5,8.791
1765481824.2665868,99,21,23,38,26,3.723480224609375,67.0,68.5,8.83
1765481824.467482,99,21,23,38,26,3.723480224609375,67.0,68.5,8.83
1765481824.6684976,99,32,25,24,34,3.7228851318359375,67.0,68.5,8.647
1765481824.8696156,99,32,25,24,34,3.7228851318359375,67.0,68.5,8.647
1765481825.0710678,99,32,25,24,34,3.7228851318359375,67.0,68.5,8.647
1765481825.272262,99,35,18,22,28,3.7228012084960938,67.0,68.5,8.529
1765481825.4736,99,35,18,22,28,3.7228012084960938,67.0,68.5,8.529
1765481825.6745265,99,41,46,41,32,3.7231674194335938,67.0,68.5,9.013
1765481825.8757222,99,41,46,41,32,3.7231674194335938,67.0,68.5,9.013
1765481826.0775013,99,41,46,41,32,3.7231674194335938,67.0,68.5,9.013
1765481826.2788286,99,28,19,19,16,3.722930908203125,66.5,68.0,8.41
1765481826.4798603,99,28,19,19,16,3.722930908203125,66.5,68.0,8.41
1765481826.6809185,99,24,22,18,31,3.7228851318359375,66.5,68.5,8.345
1765481826.896925,99,24,22,18,31,3.7228851318359375,66.5,68.5,8.345
1765481827.0980897,99,24,22,18,31,3.7228851318359375,66.5,68.5,8.345
1765481827.2996166,99,49,33,28,37,3.7231407165527344,67.0,68.0,8.226
1765481827.5007682,99,49,33,28,37,3.7231407165527344,67.0,68.0,8.226
1765481827.7018058,99,49,33,28,37,3.7231407165527344,67.0,68.0,8.226
1765481827.9028165,99,23,24,28,20,3.723522186279297,66.5,68.5,8.331
1765481828.103902,99,23,24,28,20,3.723522186279297,66.5,68.5,8.331
1765481828.3051538,99,19,28,29,19,3.7231369018554688,67.0,68.5,8.108
1765481828.5062842,99,19,28,29,19,3.7231369018554688,67.0,68.5,8.108
1765481828.707507,99,51,29,40,25,3.722789764404297,67.0,68.5,8.081
1765481828.9087934,99,51,29,40,25,3.722789764404297,67.0,68.5,8.081
1765481829.1098812,99,51,29,40,25,3.722789764404297,67.0,68.5,8.081
1765481829.3109837,99,26,31,25,20,3.72314453125,66.0,68.0,7.193
1765481829.5121565,99,26,31,25,20,3.72314453125,66.0,68.0,7.193
1765481829.7147765,99,26,31,25,20,3.72314453125,66.0,68.0,7.193
1765481829.916106,99,16,31,15,24,3.7238845825195312,67.0,68.5,9.052
1765481830.1173267,99,16,31,15,24,3.7238845825195312,67.0,68.5,9.052
1765481830.3184538,99,22,51,24,28,3.7226409912109375,67.0,68.5,8.909
1765481830.5196452,99,22,51,24,28,3.7226409912109375,67.0,68.5,8.909
1765481830.7207663,99,22,51,24,28,3.7226409912109375,67.0,68.5,8.909
1765481830.9218326,60,23,19,20,26,3.72308349609375,66.5,68.0,6.629
1765481831.123057,60,23,19,20,26,3.72308349609375,66.5,68.0,6.629
1765481831.3244147,99,32,30,25,37,3.7234725952148438,67.0,68.5,9.431
1765481831.5265367,99,32,30,25,37,3.7234725952148438,67.0,68.5,9.431
1765481831.7275393,99,32,30,25,37,3.7234725952148438,67.0,68.5,9.431
1765481831.928854,99,18,44,12,14,3.7232322692871094,67.0,68.5,8.529
1765481832.1300857,99,18,44,12,14,3.7232322692871094,67.0,68.5,8.529
1765481832.331226,8,24,18,26,22,3.722991943359375,66.5,68.0,6.698
1765481832.5322502,8,24,18,26,22,3.722991943359375,66.5,68.0,6.698
1765481832.7332518,8,24,18,26,22,3.722991943359375,66.5,68.0,6.698
1765481832.9342968,99,28,24,27,42,3.7231407165527344,67.5,68.0,8.909
1765481833.1357603,99,28,24,27,42,3.7231407165527344,67.5,68.0,8.909
1765481833.3373928,99,20,44,28,21,3.723583221435547,67.5,69.0,9.391
1765481833.5383728,99,20,44,28,21,3.723583221435547,67.5,69.0,9.391
1765481833.7394054,99,20,44,28,21,3.723583221435547,67.5,69.0,9.391
1765481833.9407027,61,13,21,10,10,3.722869873046875,66.0,68.0,6.28
1765481834.1420352,61,13,21,10,10,3.722869873046875,66.0,68.0,6.28
1765481834.3432133,99,29,28,30,43,3.7232894897460938,67.5,68.5,8.529
1765481834.5445824,99,29,28,30,43,3.7232894897460938,67.5,68.5,8.529
1765481834.7456665,99,29,28,30,43,3.7232894897460938,67.5,68.5,8.529
1765481834.9467454,99,28,44,33,42,3.7242813110351562,67.0,69.0,9.611
1765481835.1481414,99,28,44,33,42,3.7242813110351562,67.0,69.0,9.611
1765481835.349319,17,19,19,9,13,3.7233352661132812,66.5,68.0,6.24
1765481835.550309,17,19,19,9,13,3.7233352661132812,66.5,68.0,6.24
1765481835.7514255,17,19,19,9,13,3.7233352661132812,66.5,68.0,6.24
1765481835.9525979,99,29,41,27,38,3.723114013671875,67.5,68.5,8.647
1765481836.1538877,99,29,41,27,38,3.723114013671875,67.5,68.5,8.647
1765481836.3550234,99,33,28,38,46,3.723114013671875,67.0,68.5,8.608
1765481836.5561383,99,33,28,38,46,3.723114013671875,67.0,68.5,8.608
1765481836.757188,99,33,28,38,46,3.723114013671875,67.0,68.5,8.608
1765481836.9583285,99,21,16,18,13,3.7242698669433594,67.5,69.0,8.371
1765481837.1597486,99,21,16,18,13,3.7242698669433594,67.5,69.0,8.371
1765481837.3608708,99,14,44,17,16,3.7232322692871094,67.5,68.5,8.45
1765481837.5618913,99,14,44,17,16,3.7232322692871094,67.5,68.5,8.45
1765481837.763561,99,14,44,17,16,3.7232322692871094,67.5,68.5,8.45
1765481837.964681,99,33,34,28,49,3.7232322692871094,67.0,68.5,8.41
1765481838.1659238,99,33,34,28,49,3.7232322692871094,67.0,68.5,8.41
1765481838.3669462,99,18,19,22,16,3.723480224609375,67.0,68.5,7.816
1765481838.5681226,99,18,19,22,16,3.723480224609375,67.0,68.5,7.816
1765481838.7693155,99,18,19,22,16,3.723480224609375,67.0,68.5,7.816
1765481838.971292,99,20,22,42,26,3.724040985107422,67.5,69.0,8.87
1765481839.1726005,99,20,22,42,26,3.724040985107422,67.5,69.0,8.87
1765481839.3737912,99,20,22,42,26,3.724040985107422,67.5,69.0,8.87
1765481839.575026,99,42,29,25,26,3.723102569580078,67.0,68.5,8.45
1765481839.776219,99,42,29,25,26,3.723102569580078,67.0,68.5,8.45
1765481839.9771352,99,20,21,19,14,3.7228660583496094,67.0,68.0,7.962
1765481840.178456,99,20,21,19,14,3.7228660583496094,67.0,68.0,7.962
1765481840.3797576,99,20,21,19,14,3.7228660583496094,67.0,68.0,7.962
1765481840.5811684,99,24,27,57,26,3.7234115600585938,67.5,68.5,8.424
1765481840.782572,99,24,27,57,26,3.7234115600585938,67.5,68.5,8.424
1765481840.9837127,99,15,41,16,18,3.722766876220703,67.5,68.5,8.489
1765481841.1849203,99,15,41,16,18,3.722766876220703,67.5,68.5,8.489
1765481841.3861191,99,15,41,16,18,3.722766876220703,67.5,68.5,8.489
1765481841.5925329,99,18,22,21,24,3.722900390625,67.5,68.0,8.147
1765481841.793843,99,18,22,21,24,3.722900390625,67.5,68.0,8.147
1765481841.9950082,99,34,56,32,29,3.7227516174316406,67.5,68.5,8.266
1765481842.196479,99,34,56,32,29,3.7227516174316406,67.5,68.5,8.266
1765481842.3978598,99,34,56,32,29,3.7227516174316406,67.5,68.5,8.266
1765481842.5988827,99,33,29,33,26,3.7240371704101562,67.0,69.0,9.17
1765481842.8004806,99,33,29,33,26,3.7240371704101562,67.0,69.0,9.17
1765481843.0017006,99,23,18,31,27,3.723102569580078,67.0,68.5,8.489
1765481843.2029452,99,23,18,31,27,3.723102569580078,67.0,68.5,8.489
1765481843.4055886,99,23,18,31,27,3.723102569580078,67.0,68.5,8.489
1765481843.6069067,99,39,52,27,36,3.7228317260742188,67.5,68.5,8.305
1765481843.807874,99,39,52,27,36,3.7228317260742188,67.5,68.5,8.305
1765481844.0128114,99,24,30,26,36,3.722820281982422,67.0,69.5,8.266
1765481844.2141092,99,24,30,26,36,3.722820281982422,67.0,69.5,8.266
1765481844.4152732,99,24,30,26,36,3.722820281982422,67.0,69.5,8.266
1765481844.6163466,99,15,30,14,14,3.7237014770507812,67.0,69.0,8.752
1765481844.8173876,99,15,30,14,14,3.7237014770507812,67.0,69.0,8.752
1765481845.0183043,99,20,22,50,20,3.7232437133789062,67.5,68.5,7.962
1765481845.2205327,99,20,22,50,20,3.7232437133789062,67.5,68.5,7.962
1765481845.421767,99,20,22,50,20,3.7232437133789062,67.5,68.5,7.962
1765481845.6230185,99,28,34,26,27,3.723388671875,66.5,69.5,7.697
1765481845.8244503,99,28,34,26,27,3.723388671875,66.5,69.5,7.697
1765481846.025589,99,25,38,22,20,3.723358154296875,68.0,68.5,8.752
1765481846.227185,99,25,38,22,20,3.723358154296875,68.0,68.5,8.752
1765481846.4285996,99,25,38,22,20,3.723358154296875,68.0,68.5,8.752
1765481846.6299465,99,45,14,18,18,3.723388671875,67.5,69.0,8.489
1765481846.8308978,99,45,14,18,18,3.723388671875,67.5,69.0,8.489
1765481847.0321722,99,26,32,23,20,3.7232437133789062,67.0,68.5,7.618
1765481847.2333424,99,26,32,23,20,3.7232437133789062,67.0,68.5,7.618
1765481847.4344285,99,26,32,23,20,3.7232437133789062,67.0,68.5,7.618
1765481847.6360767,99,25,40,14,30,3.7231826782226562,68.0,69.0,8.464
1765481847.8373191,99,25,40,14,30,3.7231826782226562,68.0,69.0,8.464
1765481848.038825,99,25,40,14,30,3.7231826782226562,68.0,69.0,8.464
1765481848.2400692,99,54,17,27,25,3.724262237548828,67.5,69.0,9.052
1765481848.441099,99,54,17,27,25,3.724262237548828,67.5,69.0,9.052
1765481848.6425436,99,20,16,19,20,3.7231407165527344,67.5,69.0,7.697
1765481848.8438458,99,20,16,19,20,3.7231407165527344,67.5,69.0,7.697
1765481849.044999,99,20,16,19,20,3.7231407165527344,67.5,69.0,7.697
1765481849.246297,99,28,39,26,22,3.72283935546875,67.5,69.0,8.45
1765481849.4474936,99,28,39,26,22,3.72283935546875,67.5,69.0,8.45
1765481849.6485927,99,50,36,37,29,3.7232627868652344,68.0,69.0,8.87
1765481849.849718,99,50,36,37,29,3.7232627868652344,68.0,69.0,8.87
1765481850.0508993,99,50,36,37,29,3.7232627868652344,68.0,69.0,8.87
1765481850.2520216,35,12,23,21,12,3.7238082885742188,67.0,69.0,6.897
1765481850.4531455,35,12,23,21,12,3.7238082885742188,67.0,69.0,6.897
1765481850.6542556,99,29,27,36,30,3.7233505249023438,67.5,69.0,8.673
1765481850.855437,99,29,27,36,30,3.7233505249023438,67.5,69.0,8.673
1765481851.0566006,99,29,27,36,30,3.7233505249023438,67.5,69.0,8.673
1765481851.2578187,99,39,26,50,26,3.722980499267578,67.0,69.0,8.673
1765481851.4590116,99,39,26,50,26,3.722980499267578,67.0,69.0,8.673
1765481851.660332,35,20,12,20,27,3.7232513427734375,66.5,68.5,7.046
1765481851.861549,35,20,12,20,27,3.7232513427734375,66.5,68.5,7.046
1765481852.0628405,35,20,12,20,27,3.7232513427734375,66.5,68.5,7.046
1765481852.2639482,99,19,14,32,22,3.7232513427734375,67.5,69.0,8.673
1765481852.4660208,99,19,14,32,22,3.7232513427734375,67.5,69.0,8.673
1765481852.6676698,99,28,26,21,54,3.7232933044433594,67.5,68.5,8.608
1765481852.868764,99,28,26,21,54,3.7232933044433594,67.5,68.5,8.608
1765481853.069863,99,28,26,21,54,3.7232933044433594,67.5,68.5,8.608
1765481853.2708685,28,23,25,20,18,3.7231407165527344,67.5,68.5,6.509
1765481853.4720445,28,23,25,20,18,3.7231407165527344,67.5,68.5,6.509
1765481853.6732368,99,20,45,29,24,3.7239990234375,68.0,69.5,9.391
1765481853.8743744,99,20,45,29,24,3.7239990234375,68.0,69.5,9.391
1765481854.0754642,99,20,45,29,24,3.7239990234375,68.0,69.5,9.391
1765481854.276566,99,25,24,17,44,3.7235984802246094,67.5,69.0,8.424
1765481854.4822779,99,25,24,17,44,3.7235984802246094,67.5,69.0,8.424
1765481854.6836767,99,18,18,16,12,3.72369384765625,67.0,68.5,6.749
1765481854.8847678,99,18,18,16,12,3.72369384765625,67.0,68.5,6.749
1765481855.085861,99,18,18,16,12,3.72369384765625,67.0,68.5,6.749
1765481855.286888,99,54,34,20,26,3.72320556640625,68.0,69.0,8.712
1765481855.4884043,99,54,34,20,26,3.72320556640625,68.0,69.0,8.712
1765481855.6896415,99,47,24,20,21,3.72357177734375,67.5,69.5,8.909
1765481855.8908648,99,47,24,20,21,3.72357177734375,67.5,69.5,8.909
1765481856.092096,99,47,24,20,21,3.72357177734375,67.5,69.5,8.909
1765481856.2937088,99,20,8,12,14,3.72314453125,67.5,68.5,7.245
1765481856.4952111,99,20,8,12,14,3.72314453125,67.5,68.5,7.245
1765481856.6964774,99,52,31,26,27,3.7233505249023438,68.0,69.0,8.489
1765481856.897526,99,52,31,26,27,3.7233505249023438,68.0,69.0,8.489
1765481857.0985253,99,52,31,26,27,3.7233505249023438,68.0,69.0,8.489
1765481857.2995403,99,28,46,29,26,3.723613739013672,67.5,69.5,9.352
1765481857.5010314,99,28,46,29,26,3.723613739013672,67.5,69.5,9.352
1765481857.703305,99,8,14,16,10,3.7229766845703125,67.5,68.5,7.432
1765481857.904597,99,8,14,16,10,3.7229766845703125,67.5,68.5,7.432
1765481858.1058035,99,8,14,16,10,3.7229766845703125,67.5,68.5,7.432
1765481858.307098,99,48,32,40,30,3.7225341796875,68.0,69.5,8.608
1765481858.5085094,99,48,32,40,30,3.7225341796875,68.0,69.5,8.608
1765481858.709653,99,41,37,26,41,3.7233352661132812,67.5,69.0,8.83
1765481858.9110293,99,41,37,26,41,3.7233352661132812,67.5,69.0,8.83
1765481859.1123183,99,41,37,26,41,3.7233352661132812,67.5,69.0,8.83
1765481859.3137016,99,14,15,10,10,3.724132537841797,68.0,69.0,8.529
1765481859.515307,99,14,15,10,10,3.724132537841797,68.0,69.0,8.529
1765481859.7163641,99,48,22,26,24,3.722858428955078,68.0,68.5,8.029
1765481859.9175234,99,48,22,26,24,3.722858428955078,68.0,68.5,8.029
1765481860.118714,99,48,22,26,24,3.722858428955078,68.0,68.5,8.029
1765481860.319624,99,26,31,31,44,3.7229690551757812,67.5,69.0,8.568
1765481860.5208335,99,26,31,31,44,3.7229690551757812,67.5,69.0,8.568
1765481860.7225828,99,26,31,31,44,3.7229690551757812,67.5,69.0,8.568
1765481860.9244268,99,18,16,24,16,3.7235031127929688,68.0,68.5,8.266
1765481861.125413,99,18,16,24,16,3.7235031127929688,68.0,68.5,8.266
1765481861.3264866,99,19,22,20,44,3.7236251831054688,68.0,69.0,8.266
1765481861.5275612,99,19,22,20,44,3.7236251831054688,68.0,69.0,8.266
1765481861.7287667,99,19,22,20,44,3.7236251831054688,68.0,69.0,8.266
1765481861.9300022,99,35,22,50,24,3.7227935791015625,67.5,69.5,8.608
1765481862.1311154,99,35,22,50,24,3.7227935791015625,67.5,69.5,8.608
1765481862.3321068,99,22,12,16,16,3.723041534423828,68.0,69.0,8.226
1765481862.5333772,99,22,12,16,16,3.723041534423828,68.0,69.0,8.226
1765481862.7348447,99,22,12,16,16,3.723041534423828,68.0,69.0,8.226
1765481862.9362345,99,53,30,24,21,3.724140167236328,68.0,69.5,8.87
1765481863.138242,99,53,30,24,21,3.724140167236328,68.0,69.5,8.87
1765481863.339326,99,20,42,18,16,3.723255157470703,67.5,69.0,8.489
1765481863.5405216,99,20,42,18,16,3.723255157470703,67.5,69.0,8.489
1765481863.7417104,99,20,42,18,16,3.723255157470703,67.5,69.0,8.489
1765481863.942963,99,22,24,18,20,3.722911834716797,68.0,68.5,8.226
1765481864.1441133,99,22,24,18,20,3.722911834716797,68.0,68.5,8.226
1765481864.345238,99,28,26,57,22,3.723236083984375,68.0,69.5,8.608
1765481864.5464592,99,28,26,57,22,3.723236083984375,68.0,69.5,8.608
1765481864.7476225,99,28,26,57,22,3.723236083984375,68.0,69.5,8.608
1765481864.9485881,99,25,28,20,27,3.723651885986328,68.0,69.5,8.752
1765481865.149633,99,25,28,20,27,3.723651885986328,68.0,69.5,8.752
1765481865.350702,99,30,21,16,26,3.723377227783203,68.0,69.5,8.712
1765481865.5520976,99,30,21,16,26,3.723377227783203,68.0,69.5,8.712
1765481865.7532544,99,30,21,16,26,3.723377227783203,68.0,69.5,8.712
1765481865.9545348,99,39,36,42,30,3.7231292724609375,68.0,69.0,8.41
1765481866.1554668,99,39,36,42,30,3.7231292724609375,68.0,69.0,8.41
1765481866.356669,99,30,28,35,27,3.7239418029785156,67.5,70.5,8.856
1765481866.557874,99,30,28,35,27,3.7239418029785156,67.5,70.5,8.856
1765481866.759081,99,30,28,35,27,3.7239418029785156,67.5,70.5,8.856
1765481866.9607604,99,12,10,15,24,3.722930908203125,68.0,69.0,8.41
1765481867.1619291,99,12,10,15,24,3.722930908203125,68.0,69.0,8.41
1765481867.3628714,99,28,54,21,34,3.7228965759277344,68.0,69.0,8.371
1765481867.5641556,99,28,54,21,34,3.7228965759277344,68.0,69.0,8.371
1765481867.765281,99,28,54,21,34,3.7228965759277344,68.0,69.0,8.371
1765481867.966469,99,25,32,30,20,3.7235145568847656,67.0,70.0,8.029
1765481868.1675618,99,25,32,30,20,3.7235145568847656,67.0,70.0,8.029
1765481868.3688889,99,17,18,10,32,3.7240066528320312,68.0,70.0,8.856
1765481868.570632,99,17,18,10,32,3.7240066528320312,68.0,70.0,8.856
1765481868.7717683,99,17,18,10,32,3.7240066528320312,68.0,70.0,8.856
1765481868.9731538,99,48,25,23,21,3.7232513427734375,68.0,69.0,8.371
1765481869.174186,99,48,25,23,21,3.7232513427734375,68.0,69.0,8.371
1765481869.3754811,99,27,24,26,24,3.7234268188476562,67.5,70.5,7.697
1765481869.5767012,99,27,24,26,24,3.7234268188476562,67.5,70.5,7.697
1765481869.7777784,99,27,24,26,24,3.7234268188476562,67.5,70.5,7.697
1765481869.9790514,99,47,16,20,21,3.723339080810547,68.0,69.5,8.45
1765481870.1808677,99,47,16,20,21,3.723339080810547,68.0,69.5,8.45
1765481870.3821204,99,20,39,24,21,3.723926544189453,68.0,69.5,8.712
1765481870.5833795,99,20,39,24,21,3.723926544189453,68.0,69.5,8.712
1765481870.7844968,99,20,39,24,21,3.723926544189453,68.0,69.5,8.712
1765481870.985659,94,23,30,21,16,3.7235260009765625,67.0,69.5,7.233
1765481871.1867974,94,23,30,21,16,3.7235260009765625,67.0,69.5,7.233
1765481871.390504,94,23,30,21,16,3.7235260009765625,67.0,69.5,7.233
1765481871.5915577,99,40,59,24,24,3.7226715087890625,68.0,69.5,9.454
1765481871.7930279,99,40,59,24,24,3.7226715087890625,68.0,69.5,9.454
1765481871.9942515,99,42,26,32,53,3.7222213745117188,68.5,70.0,9.47
1765481872.1955245,99,42,26,32,53,3.7222213745117188,68.5,70.0,9.47
1765481872.39681,99,42,26,32,53,3.7222213745117188,68.5,70.0,9.47
1765481872.59801,20,17,15,14,23,3.721649169921875,67.5,69.0,6.778
1765481872.799117,20,17,15,14,23,3.721649169921875,67.5,69.0,6.778
1765481873.000377,99,48,37,43,40,3.7214126586914062,68.0,69.5,8.87
1765481873.201578,99,48,37,43,40,3.7214126586914062,68.0,69.5,8.87
1765481873.4026933,99,48,37,43,40,3.7214126586914062,68.0,69.5,8.87
1765481873.6037607,99,28,30,32,52,3.722003936767578,68.5,69.5,8.895
1765481873.8051898,99,28,30,32,52,3.722003936767578,68.5,69.5,8.895
1765481874.0066373,55,19,12,18,13,3.7220497131347656,67.5,69.5,7.165
1765481874.20763,55,19,12,18,13,3.7220497131347656,67.5,69.5,7.165
1765481874.40875,55,19,12,18,13,3.7220497131347656,67.5,69.5,7.165
1765481874.610051,99,26,24,43,27,3.7212066650390625,68.5,70.0,8.895
1765481874.8115864,99,26,24,43,27,3.7212066650390625,68.5,70.0,8.895
1765481875.013023,99,25,46,29,19,3.721485137939453,68.5,69.5,8.305
1765481875.2209299,99,25,46,29,19,3.721485137939453,68.5,69.5,8.305
1765481875.4218562,99,25,46,29,19,3.721485137939453,68.5,69.5,8.305
1765481875.6231241,99,14,12,22,20,3.7216415405273438,68.0,69.0,7.006
1765481875.824335,99,14,12,22,20,3.7216415405273438,68.0,69.0,7.006
1765481876.025495,99,25,46,16,24,3.722412109375,68.5,69.0,8.895
1765481876.2267208,99,25,46,16,24,3.722412109375,68.5,69.0,8.895
1765481876.4278908,99,25,46,16,24,3.722412109375,68.5,69.0,8.895
1765481876.6289744,99,49,33,26,22,3.7218475341796875,68.0,69.5,8.673
1765481876.830171,99,49,33,26,22,3.7218475341796875,68.0,69.5,8.673
1765481877.0318098,99,19,17,18,17,3.7217140197753906,68.0,69.0,7.392
1765481877.2330782,99,19,17,18,17,3.7217140197753906,68.0,69.0,7.392
1765481877.4342437,99,19,17,18,17,3.7217140197753906,68.0,69.0,7.392
1765481877.6352623,99,56,28,29,25,3.7226829528808594,68.5,70.0,9.494
1765481877.836808,99,56,28,29,25,3.7226829528808594,68.5,70.0,9.494
1765481878.0383077,99,31,37,17,16,3.721874237060547,68.0,69.5,8.41
1765481878.2395265,99,31,37,17,16,3.721874237060547,68.0,69.5,8.41
1765481878.4406047,99,31,37,17,16,3.721874237060547,68.0,69.5,8.41
1765481878.6417072,99,16,16,18,20,3.721874237060547,68.5,69.5,7.499
1765481878.8429947,99,16,16,18,20,3.721874237060547,68.5,69.5,7.499
1765481879.0441356,99,29,25,29,50,3.721485137939453,68.5,69.5,8.673
1765481879.2451525,99,29,25,29,50,3.721485137939453,68.5,69.5,8.673
1765481879.446483,99,29,25,29,50,3.721485137939453,68.5,69.5,8.673
1765481879.6475923,99,19,47,23,16,3.7225112915039062,68.5,70.0,8.895
1765481879.848813,99,19,47,23,16,3.7225112915039062,68.5,70.0,8.895
1765481880.0499053,99,15,15,10,18,3.7216949462890625,68.5,69.5,7.804
1765481880.2512329,99,15,15,10,18,3.7216949462890625,68.5,69.5,7.804
1765481880.4522564,99,15,15,10,18,3.7216949462890625,68.5,69.5,7.804
1765481880.6533978,99,38,35,43,51,3.721343994140625,68.5,69.5,8.331
1765481880.8544428,99,38,35,43,51,3.721343994140625,68.5,69.5,8.331
1765481881.0555356,99,34,36,30,36,3.7226524353027344,68.5,69.5,9.052
1765481881.256482,99,34,36,30,36,3.7226524353027344,68.5,69.5,9.052
1765481881.4578042,99,34,36,30,36,3.7226524353027344,68.5,69.5,9.052
1765481881.6599014,99,18,14,15,12,3.7217483520507812,68.5,69.5,7.962
1765481881.8613925,99,18,14,15,12,3.7217483520507812,68.5,69.5,7.962
1765481882.0624244,99,71,50,50,41,3.7160720825195312,68.5,69.5,8.856
1765481882.2636845,99,71,50,50,41,3.7160720825195312,68.5,69.5,8.856
1765481882.4648838,99,71,50,50,41,3.7160720825195312,68.5,69.5,8.856
1765481882.6659372,99,27,29,25,53,3.7175559997558594,68.5,69.5,8.371
1765481882.8670774,99,27,29,25,53,3.7175559997558594,68.5,69.5,8.371
1765481883.0683498,99,18,19,21,22,3.7188568115234375,69.0,70.0,9.21
1765481883.2695026,99,18,19,21,22,3.7188568115234375,69.0,70.0,9.21
1765481883.4705977,99,18,19,21,22,3.7188568115234375,69.0,70.0,9.21
1765481883.671732,99,26,53,16,26,3.717876434326172,68.5,69.5,8.752
1765481883.8731596,99,26,53,16,26,3.717876434326172,68.5,69.5,8.752
1765481884.0744143,99,26,53,16,26,3.717876434326172,68.5,69.5,8.752
1765481884.2755754,99,46,22,23,27,3.7180213928222656,68.5,69.5,8.529
1765481884.476923,99,46,22,23,27,3.7180213928222656,68.5,69.5,8.529
1765481884.6779146,99,30,17,20,18,3.7179946899414062,68.5,69.5,8.791
1765481884.8791604,99,30,17,20,18,3.7179946899414062,68.5,69.5,8.791
1765481885.080345,99,30,17,20,18,3.7179946899414062,68.5,69.5,8.791
1765481885.281566,99,37,16,30,14,3.718677520751953,68.5,70.0,9.013
1765481885.4825277,99,37,16,30,14,3.718677520751953,68.5,70.0,9.013
1765481885.6835625,99,34,16,26,27,3.7180824279785156,68.0,70.0,8.673
1765481885.8846486,99,34,16,26,27,3.7180824279785156,68.0,70.0,8.673
1765481886.0858066,99,34,16,26,27,3.7180824279785156,68.0,70.0,8.673
1765481886.287334,99,16,30,25,14,3.718231201171875,68.5,69.5,8.529
1765481886.488451,99,16,30,25,14,3.718231201171875,68.5,69.5,8.529
1765481886.6896908,99,30,58,24,28,3.718292236328125,68.5,70.0,9.313
1765481886.8913054,99,30,58,24,28,3.718292236328125,68.5,70.0,9.313
1765481887.0925996,99,30,58,24,28,3.718292236328125,68.5,70.0,9.313
1765481887.2936382,99,17,24,21,15,3.7178192138671875,68.0,70.0,8.489
1765481887.49542,99,17,24,21,15,3.7178192138671875,68.0,70.0,8.489
1765481887.6967385,99,24,29,22,29,3.7180519104003906,68.0,69.5,8.489
1765481887.8982303,99,24,29,22,29,3.7180519104003906,68.0,69.5,8.489
1765481888.099403,99,24,29,22,29,3.7180519104003906,68.0,69.5,8.489
1765481888.3007011,99,43,48,34,33,3.718170166015625,68.5,70.0,8.489
1765481888.5016272,99,43,48,34,33,3.718170166015625,68.5,70.0,8.489
1765481888.7027576,99,29,30,30,27,3.7187767028808594,68.5,70.5,8.791
1765481888.9044394,99,29,30,30,27,3.7187767028808594,68.5,70.5,8.791
1765481889.1056523,99,29,30,30,27,3.7187767028808594,68.5,70.5,8.791
1765481889.3067918,99,28,16,21,24,3.7184486389160156,68.5,69.5,8.305
1765481889.5081239,99,28,16,21,24,3.7184486389160156,68.5,69.5,8.305
1765481889.7090259,99,30,36,26,49,3.7182273864746094,68.5,69.5,8.042
1765481889.9101977,99,30,36,26,49,3.7182273864746094,68.5,69.5,8.042
1765481890.1113179,99,30,36,26,49,3.7182273864746094,68.5,69.5,8.042
1765481890.3124769,99,16,29,36,20,3.7181243896484375,68.0,69.5,7.843
1765481890.513798,99,16,29,36,20,3.7181243896484375,68.0,69.5,7.843
1765481890.7151012,99,16,31,17,15,3.7186813354492188,68.5,70.0,8.726
1765481890.9162948,99,16,31,17,15,3.7186813354492188,68.5,70.0,8.726
1765481891.1174548,99,16,31,17,15,3.7186813354492188,68.5,70.0,8.726
1765481891.3187726,99,25,26,19,49,3.7183837890625,68.5,69.5,8.226
1765481891.520025,99,25,26,19,49,3.7183837890625,68.5,69.5,8.226
1765481891.7212625,56,22,31,24,19,3.7182998657226562,68.0,70.0,7.233
1765481891.9225247,56,22,31,24,19,3.7182998657226562,68.0,70.0,7.233
1765481892.1241298,56,22,31,24,19,3.7182998657226562,68.0,70.0,7.233
1765481892.3255808,99,26,29,37,21,3.7184181213378906,68.5,71.0,9.273
1765481892.5269012,99,26,29,37,21,3.7184181213378906,68.5,71.0,9.273
1765481892.7278469,99,16,42,14,16,3.718151092529297,68.5,70.0,8.529
1765481892.9294822,99,16,42,14,16,3.718151092529297,68.5,70.0,8.529
1765481893.1305203,99,16,42,14,16,3.718151092529297,68.5,70.0,8.529
1765481893.3316562,99,28,22,20,30,3.718463897705078,68.0,70.0,7.697
1765481893.5325541,99,28,22,20,30,3.718463897705078,68.0,70.0,7.697
1765481893.7338235,99,28,22,20,30,3.718463897705078,68.0,70.0,7.697
1765481893.9351635,99,27,25,26,38,3.7179641723632812,68.5,70.0,8.345
1765481894.136815,99,27,25,26,38,3.7179641723632812,68.5,70.0,8.345
1765481894.337964,99,20,20,25,47,3.718780517578125,68.5,70.5,9.052
1765481894.539092,99,20,20,25,47,3.718780517578125,68.5,70.5,9.052
1765481894.7420611,99,20,20,25,47,3.718780517578125,68.5,70.5,9.052
1765481894.9431796,99,19,23,21,14,3.717906951904297,68.0,69.5,7.153
1765481895.1444898,99,19,23,21,14,3.717906951904297,68.0,69.5,7.153
1765481895.34557,99,25,22,42,28,3.7183570861816406,69.0,69.5,8.45
1765481895.5467112,99,25,22,42,28,3.7183570861816406,69.0,69.5,8.45
1765481895.7476156,99,25,22,42,28,3.7183570861816406,69.0,69.5,8.45
1765481895.948992,99,34,50,24,47,3.7181053161621094,69.0,71.0,9.752
1765481896.1505928,99,34,50,24,47,3.7181053161621094,69.0,71.0,9.752
1765481896.35449,2,8,16,8,10,3.7184410095214844,68.0,69.5,6.578
1765481896.5555584,2,8,16,8,10,3.7184410095214844,68.0,69.5,6.578
1765481896.7566473,2,8,16,8,10,3.7184410095214844,68.0,69.5,6.578
1765481896.9575412,99,32,40,29,34,3.717906951904297,69.0,70.0,8.752
1765481897.1585894,99,32,40,29,34,3.717906951904297,69.0,70.0,8.752
1765481897.3600178,99,31,36,38,36,3.7179641723632812,69.0,70.0,8.752
1765481897.561205,99,31,36,38,36,3.7179641723632812,69.0,70.0,8.752
1765481897.7623744,99,31,36,38,36,3.7179641723632812,69.0,70.0,8.752
1765481897.9634423,75,18,12,24,18,3.7185020446777344,68.0,70.0,7.165
1765481898.1645248,75,18,12,24,18,3.7185020446777344,68.0,70.0,7.165
1765481898.3657274,99,18,38,20,18,3.717845916748047,68.5,70.0,8.608
1765481898.5669007,99,18,38,20,18,3.717845916748047,68.5,70.0,8.608
1765481898.768054,99,18,38,20,18,3.717845916748047,68.5,70.0,8.608
1765481898.9692214,99,29,54,20,26,3.718505859375,68.5,70.0,8.594
1765481899.1703498,99,29,54,20,26,3.718505859375,68.5,70.0,8.594
1765481899.3715127,36,18,16,28,17,3.71826171875,68.5,69.0,6.669
1765481899.5726566,36,18,16,28,17,3.71826171875,68.5,69.0,6.669
1765481899.7737892,36,18,16,28,17,3.71826171875,68.5,69.0,6.669
1765481899.974869,99,20,21,26,44,3.718883514404297,69.0,70.5,9.494
1765481900.1762214,99,20,21,26,44,3.718883514404297,69.0,70.5,9.494
1765481900.378056,99,20,16,18,44,3.7176780700683594,69.0,70.0,8.489
1765481900.5791802,99,20,16,18,44,3.7176780700683594,69.0,70.0,8.489
1765481900.7806334,99,20,16,18,44,3.7176780700683594,69.0,70.0,8.489
1765481900.981786,99,16,20,23,16,3.7182655334472656,69.0,69.5,6.589
1765481901.1831996,99,16,20,23,16,3.7182655334472656,69.0,69.5,6.589
1765481901.38447,99,29,27,28,50,3.718536376953125,69.0,70.0,8.974
1765481901.5854135,99,29,27,28,50,3.718536376953125,69.0,70.0,8.974
1765481901.7864754,99,29,27,28,50,3.718536376953125,69.0,70.0,8.974
1765481901.9875572,99,20,29,14,36,3.7182693481445312,68.5,70.0,8.791
1765481902.1887674,99,20,29,14,36,3.7182693481445312,68.5,70.0,8.791
1765481902.3898065,99,12,12,15,14,3.717884063720703,68.5,69.5,6.698
1765481902.591314,99,12,12,15,14,3.717884063720703,68.5,69.5,6.698
1765481902.7923722,99,12,12,15,14,3.717884063720703,68.5,69.5,6.698
1765481902.9935014,99,31,29,33,58,3.717761993408203,69.0,70.0,8.568
1765481903.19481,99,31,29,33,58,3.717761993408203,69.0,70.0,8.568
1765481903.39612,99,32,27,29,41,3.7206459045410156,68.5,70.5,9.195
1765481903.5972168,99,32,27,29,41,3.7206459045410156,68.5,70.5,9.195
1765481903.7983055,99,32,27,29,41,3.7206459045410156,68.5,70.5,9.195
1765481903.9997592,99,15,15,14,14,3.7201271057128906,68.5,70.5,7.962
1765481904.20138,99,15,15,14,14,3.7201271057128906,68.5,70.5,7.962
1765481904.402503,99,42,41,38,29,3.7198867797851562,69.0,70.0,8.042
1765481904.6035633,99,42,41,38,29,3.7198867797851562,69.0,70.0,8.042
1765481904.8053687,99,42,41,38,29,3.7198867797851562,69.0,70.0,8.042
1765481905.0065947,99,32,38,29,37,3.7203826904296875,68.5,70.5,8.909
1765481905.207717,99,32,38,29,37,3.7203826904296875,68.5,70.5,8.909
1765481905.4089427,99,32,38,29,37,3.7203826904296875,68.5,70.5,8.909
1765481905.6102576,99,12,11,10,17,3.721050262451172,69.0,70.5,8.712
1765481905.8111677,99,12,11,10,17,3.721050262451172,69.0,70.5,8.712
1765481906.0124712,99,24,27,46,22,3.7202682495117188,69.0,69.5,8.187
1765481906.2139874,99,24,27,46,22,3.7202682495117188,69.0,69.5,8.187
1765481906.4152799,99,24,27,46,22,3.7202682495117188,69.0,69.5,8.187
1765481906.6219172,99,27,42,26,32,3.7204513549804688,69.0,69.5,8.305
1765481906.8230188,99,27,42,26,32,3.7204513549804688,69.0,69.5,8.305
1765481907.024022,99,23,25,18,19,3.720630645751953,69.0,70.5,9.454
1765481907.2253356,99,23,25,18,19,3.720630645751953,69.0,70.5,9.454
1765481907.4264972,99,23,25,18,19,3.720630645751953,69.0,70.5,9.454
1765481907.6276252,99,12,10,43,12,3.7203636169433594,69.0,70.0,8.108
1765481907.8290734,99,12,10,43,12,3.7203636169433594,69.0,70.0,8.108
1765481908.030196,99,27,42,27,30,3.7202720642089844,68.5,70.0,8.41
1765481908.2312498,99,27,42,27,30,3.7202720642089844,68.5,70.0,8.41
1765481908.4324398,99,27,42,27,30,3.7202720642089844,68.5,70.0,8.41
1765481908.633894,99,15,27,21,24,3.7201385498046875,69.0,70.5,8.83
1765481908.8349612,99,15,27,21,24,3.7201385498046875,69.0,70.5,8.83
1765481909.0360982,99,23,19,18,50,3.721393585205078,69.0,70.5,8.752
1765481909.2374501,99,23,19,18,50,3.721393585205078,69.0,70.5,8.752
1765481909.4388614,99,23,19,18,50,3.721393585205078,69.0,70.5,8.752
1765481909.640091,99,40,19,28,20,3.7205963134765625,69.0,71.5,8.489
1765481909.8412523,99,40,19,28,20,3.7205963134765625,69.0,71.5,8.489
1765481910.042351,99,32,19,24,19,3.7203292846679688,69.0,70.5,8.345
1765481910.243512,99,32,19,24,19,3.7203292846679688,69.0,70.5,8.345
1765481910.4445074,99,32,19,24,19,3.7203292846679688,69.0,70.5,8.345
1765481910.6456184,99,28,42,42,33,3.7204856872558594,69.5,70.5,8.529
1765481910.8465862,99,28,42,42,33,3.7204856872558594,69.5,70.5,8.529
1765481911.049052,99,23,25,15,20,3.7205162048339844,68.5,70.0,8.331
1765481911.2504256,99,23,25,15,20,3.7205162048339844,68.5,70.0,8.331
1765481911.451566,99,23,25,15,20,3.7205162048339844,68.5,70.0,8.331
1765481911.6527393,99,22,25,26,32,3.7206153869628906,69.0,70.5,8.305
1765481911.8541856,99,22,25,26,32,3.7206153869628906,69.0,70.5,8.305
1765481912.0553071,99,34,32,35,38,3.7203712463378906,69.5,70.0,8.345
1765481912.256469,99,34,32,35,38,3.7203712463378906,69.5,70.0,8.345
1765481912.4577796,99,34,32,35,38,3.7203712463378906,69.5,70.0,8.345
1765481912.6590645,18,22,20,21,25,3.7211570739746094,68.5,71.0,7.165
1765481912.8600929,18,22,20,21,25,3.7211570739746094,68.5,71.0,7.165
1765481913.0613585,99,24,30,15,26,3.7201080322265625,69.5,70.0,8.568
1765481913.262434,99,24,30,15,26,3.7201080322265625,69.5,70.0,8.568
1765481913.4636178,99,24,30,15,26,3.7201080322265625,69.5,70.0,8.568
1765481913.6647944,99,29,22,55,26,3.7203750610351562,69.0,70.0,8.647
1765481913.8660069,99,29,22,55,26,3.7203750610351562,69.0,70.0,8.647
1765481914.0671735,48,19,17,32,16,3.720672607421875,68.5,70.0,6.549
1765481914.2684789,48,19,17,32,16,3.720672607421875,68.5,70.0,6.549
1765481914.4697514,48,19,17,32,16,3.720672607421875,68.5,70.0,6.549
1765481914.6710863,99,20,21,40,22,3.721569061279297,69.0,71.5,9.572
1765481914.872615,99,20,21,40,22,3.721569061279297,69.0,71.5,9.572
1765481915.0737665,99,48,16,24,10,3.7282943725585938,69.0,70.5,8.305
1765481915.2751465,99,48,16,24,10,3.7282943725585938,69.0,70.5,8.305
1765481915.4764578,99,48,16,24,10,3.7282943725585938,69.0,70.5,8.305
1765481915.6793783,99,22,22,22,20,3.730255126953125,68.5,70.0,6.549
1765481915.8805604,99,22,22,22,20,3.730255126953125,68.5,70.0,6.549
1765481916.081545,99,26,58,28,28,3.7353439331054688,69.0,70.5,8.489
1765481916.2828352,99,26,58,28,28,3.7353439331054688,69.0,70.5,8.489
1765481916.484266,99,26,58,28,28,3.7353439331054688,69.0,70.5,8.489
1765481916.685456,99,22,36,24,18,3.7353973388671875,68.5,70.5,8.83
1765481916.8867748,99,22,36,24,18,3.7353973388671875,68.5,70.5,8.83
1765481917.0891633,99,22,36,24,18,3.7353973388671875,68.5,70.5,8.83
1765481917.290242,99,22,16,18,18,3.7353172302246094,69.0,70.5,7.843
1765481917.4912338,99,22,16,18,18,3.7353172302246094,69.0,70.5,7.843
1765481917.6923609,99,27,34,50,36,3.734996795654297,69.0,70.5,8.45
1765481917.8934133,99,27,34,50,36,3.734996795654297,69.0,70.5,8.45
1765481918.0983343,99,27,34,50,36,3.734996795654297,69.0,70.5,8.45
1765481918.2996612,99,26,36,24,21,3.7354278564453125,69.0,71.0,8.856
1765481918.5009222,99,26,36,24,21,3.7354278564453125,69.0,71.0,8.856
1765481918.7021253,99,18,15,20,21,3.735321044921875,69.5,70.0,8.068
1765481918.9032145,99,18,15,20,21,3.735321044921875,69.5,70.0,8.068
1765481919.1042871,99,18,15,20,21,3.735321044921875,69.5,70.0,8.068
1765481919.3053753,99,32,44,42,30,3.7353363037109375,69.0,70.5,8.568
1765481919.5064604,99,32,44,42,30,3.7353363037109375,69.0,70.5,8.568
1765481919.7077124,99,26,37,29,33,3.7354698181152344,69.0,71.5,8.712
1765481919.9086928,99,26,37,29,33,3.7354698181152344,69.0,71.5,8.712
1765481920.1098385,99,26,37,29,33,3.7354698181152344,69.0,71.5,8.712
1765481920.3111322,99,19,14,23,15,3.7356491088867188,69.0,71.0,9.195
1765481920.5124028,99,19,14,23,15,3.7356491088867188,69.0,71.0,9.195
1765481920.7135043,99,33,46,24,27,3.735675811767578,69.0,71.0,8.226
1765481920.9147093,99,33,46,24,27,3.735675811767578,69.0,71.0,8.226
1765481921.1160705,99,33,46,24,27,3.735675811767578,69.0,71.0,8.226
1765481921.317913,99,30,41,26,25,3.73602294921875,69.0,70.5,8.752
1765481921.5194185,99,30,41,26,25,3.73602294921875,69.0,70.5,8.752
1765481921.7206178,99,31,14,21,21,3.7361717224121094,69.0,71.0,8.791
1765481921.9216666,99,31,14,21,21,3.7361717224121094,69.0,71.0,8.791
1765481922.122593,99,31,14,21,21,3.7361717224121094,69.0,71.0,8.791
1765481922.3236334,99,21,44,14,16,3.7359046936035156,69.0,70.5,8.068
1765481922.524928,99,21,44,14,16,3.7359046936035156,69.0,70.5,8.068
1765481922.7261834,99,30,28,39,25,3.7357521057128906,69.0,71.0,8.41
1765481922.927204,99,30,28,39,25,3.7357521057128906,69.0,71.0,8.41
1765481923.1283355,99,30,28,39,25,3.7357521057128906,69.0,71.0,8.41
1765481923.329321,99,10,21,28,23,3.734882354736328,69.5,70.5,8.371
1765481923.5304472,99,10,21,28,23,3.734882354736328,69.5,70.5,8.371
1765481923.7318182,99,20,50,24,32,3.7360382080078125,69.5,70.5,8.83
1765481923.9329994,99,20,50,24,32,3.7360382080078125,69.5,70.5,8.83
1765481924.1340992,99,20,50,24,32,3.7360382080078125,69.5,70.5,8.83
1765481924.3353224,99,30,19,20,17,3.7356224060058594,69.0,70.5,8.226
1765481924.5368054,99,30,19,20,17,3.7356224060058594,69.0,70.5,8.226
1765481924.7382853,99,25,14,34,18,3.7354812622070312,69.5,70.5,8.147
1765481924.9403558,99,25,14,34,18,3.7354812622070312,69.5,70.5,8.147
1765481925.1415315,99,25,14,34,18,3.7354812622070312,69.5,70.5,8.147
1765481925.3439841,99,33,44,46,22,3.735095977783203,69.5,70.5,8.371
1765481925.545232,99,33,44,46,22,3.735095977783203,69.5,70.5,8.371
1765481925.7484999,99,33,44,46,22,3.735095977783203,69.5,70.5,8.371
1765481925.9496737,99,24,25,10,23,3.735912322998047,69.5,70.5,8.108
1765481926.1508298,99,24,25,10,23,3.735912322998047,69.5,70.5,8.108
1765481926.352384,99,37,30,23,17,3.73516845703125,69.5,70.5,8.187
1765481926.5583513,99,37,30,23,17,3.73516845703125,69.5,70.5,8.187
1765481926.7594633,99,34,45,30,42,3.735675811767578,69.5,71.0,8.266
1765481926.9606602,99,34,45,30,42,3.735675811767578,69.5,71.0,8.266
1765481927.1616588,99,34,45,30,42,3.735675811767578,69.5,71.0,8.266
1765481927.3626118,41,23,24,22,30,3.7351722717285156,68.5,71.0,7.273
1765481927.5639057,41,23,24,22,30,3.7351722717285156,68.5,71.0,7.273
1765481927.7653909,41,23,24,22,30,3.7351722717285156,68.5,71.0,7.273
1765481927.9665952,99,16,15,16,33,3.73529052734375,69.0,70.5,8.83
1765481928.1676385,99,16,15,16,33,3.73529052734375,69.0,70.5,8.83
1765481928.3685658,99,31,56,20,20,3.7354393005371094,69.0,70.5,8.529
1765481928.5697916,99,31,56,20,20,3.7354393005371094,69.0,70.5,8.529
1765481928.7713556,99,31,56,20,20,3.7354393005371094,69.0,70.5,8.529
1765481928.9726636,62,24,20,32,20,3.7356185913085938,68.5,70.5,6.618
1765481929.1738312,62,24,20,32,20,3.7356185913085938,68.5,70.5,6.618
1765481929.3748565,99,28,41,18,26,3.7364768981933594,69.5,71.5,9.415
1765481929.5764985,99,28,41,18,26,3.7364768981933594,69.5,71.5,9.415
1765481929.7778575,99,28,41,18,26,3.7364768981933594,69.5,71.5,9.415
1765481929.9792576,99,21,16,42,12,3.7353057861328125,69.0,70.5,8.529
1765481930.180432,99,21,16,42,12,3.7353057861328125,69.0,70.5,8.529
1765481930.3815377,72,22,19,23,22,3.73529052734375,69.0,70.5,6.429
1765481930.582727,72,22,19,23,22,3.73529052734375,69.0,70.5,6.429
1765481930.7838855,72,22,19,23,22,3.73529052734375,69.0,70.5,6.429
1765481930.9852722,99,26,31,48,23,3.7346420288085938,69.5,71.0,9.013
1765481931.1867166,99,26,31,48,23,3.7346420288085938,69.5,71.0,9.013
1765481931.3877954,99,18,45,19,19,3.735698699951172,69.5,71.0,9.17
1765481931.5888457,99,18,45,19,19,3.735698699951172,69.5,71.0,9.17
1765481931.7898464,99,18,45,19,19,3.735698699951172,69.5,71.0,9.17
1765481931.991141,23,18,18,14,19,3.735431671142578,68.5,70.5,6.549
1765481932.1921947,23,18,18,14,19,3.735431671142578,68.5,70.5,6.549
1765481932.3933907,99,34,48,24,30,3.735309600830078,69.5,70.5,8.673
1765481932.5944977,99,34,48,24,30,3.735309600830078,69.5,70.5,8.673
1765481932.7963238,99,34,48,24,30,3.735309600830078,69.5,70.5,8.673
1765481932.9978685,99,49,52,37,38,3.740032196044922,69.5,71.5,10.206
1765481933.1989963,99,49,52,37,38,3.740032196044922,69.5,71.5,10.206
1765481933.411101,82,46,43,47,44,3.739490509033203,68.5,70.5,6.32
1765481933.612647,82,46,43,47,44,3.739490509033203,68.5,70.5,6.32
1765481933.8147326,82,46,43,47,44,3.739490509033203,68.5,70.5,6.32
1765481934.0161247,99,44,52,46,64,3.7338027954101562,69.5,71.0,9.273
1765481934.2190194,99,44,52,46,64,3.7338027954101562,69.5,71.0,9.273
1765481934.4205916,99,29,42,28,43,3.73406982421875,69.5,71.0,8.934
1765481934.6217825,99,29,42,28,43,3.73406982421875,69.5,71.0,8.934
1765481934.8229723,99,29,42,28,43,3.73406982421875,69.5,71.0,8.934
1765481935.0243537,99,22,12,15,16,3.7346343994140625,69.5,70.5,8.226
1765481935.22535,99,22,12,15,16,3.7346343994140625,69.5,70.5,8.226
1765481935.4264145,99,25,19,43,17,3.733684539794922,69.5,70.5,8.45
1765481935.628089,99,25,19,43,17,3.733684539794922,69.5,70.5,8.45
1765481935.8292356,99,25,19,43,17,3.733684539794922,69.5,70.5,8.45
1765481936.0308132,99,43,43,37,28,3.7338294982910156,69.5,70.5,9.131
1765481936.2321558,99,43,43,37,28,3.7338294982910156,69.5,70.5,9.131
1765481936.4331827,99,10,23,16,18,3.7339744567871094,69.0,70.5,7.962
1765481936.6347454,99,10,23,16,18,3.7339744567871094,69.0,70.5,7.962
1765481936.836067,99,10,23,16,18,3.7339744567871094,69.0,70.5,7.962
1765481937.037291,99,32,20,21,51,3.734577178955078,69.5,71.0,9.313
1765481937.2390852,99,32,20,21,51,3.734577178955078,69.5,71.0,9.313
1765481937.440527,99,26,25,31,50,3.7337379455566406,69.0,70.5,8.385
1765481937.6416738,99,26,25,31,50,3.7337379455566406,69.0,70.5,8.385
1765481937.8427954,99,26,25,31,50,3.7337379455566406,69.0,70.5,8.385
1765481938.0441408,99,28,20,20,24,3.7341880798339844,69.0,70.5,8.108
1765481938.2452111,99,28,20,20,24,3.7341880798339844,69.0,70.5,8.108
1765481938.4462233,99,28,20,20,24,3.7341880798339844,69.0,70.5,8.108
1765481938.6472795,99,53,22,34,28,3.735004425048828,69.5,71.5,8.895
1765481938.8492777,99,53,22,34,28,3.735004425048828,69.5,71.5,8.895
1765481939.050472,99,20,28,38,29,3.7345008850097656,69.5,71.5,8.974
1765481939.251584,99,20,28,38,29,3.7345008850097656,69.5,71.5,8.974
1765481939.4526212,99,20,28,38,29,3.7345008850097656,69.5,71.5,8.974
1765481939.6537983,99,26,22,21,21,3.7346229553222656,69.5,70.5,7.777
1765481939.8565884,99,26,22,21,21,3.7346229553222656,69.5,70.5,7.777
1765481940.0576644,99,34,59,38,38,3.7349014282226562,69.5,71.5,8.568
1765481940.2587223,99,34,59,38,38,3.7349014282226562,69.5,71.5,8.568
1765481940.4600844,99,34,59,38,38,3.7349014282226562,69.5,71.5,8.568
1765481940.6610737,99,25,40,34,24,3.7354774475097656,69.0,71.0,8.673
1765481940.8621738,99,25,40,34,24,3.7354774475097656,69.0,71.0,8.673
1765481941.0638988,99,34,25,28,29,3.7344093322753906,69.5,71.5,8.712
1765481941.2655509,99,34,25,28,29,3.7344093322753906,69.5,71.5,8.712
1765481941.4664817,99,34,25,28,29,3.7344093322753906,69.5,71.5,8.712
1765481941.6675756,99,43,44,28,49,3.734844207763672,69.5,71.0,8.371
1765481941.8687203,99,43,44,28,49,3.734844207763672,69.5,71.0,8.371
1765481942.0700343,99,28,38,32,22,3.73480224609375,69.0,70.5,7.737
1765481942.2713692,99,28,38,32,22,3.73480224609375,69.0,70.5,7.737
1765481942.4726133,99,28,38,32,22,3.73480224609375,69.0,70.5,7.737
1765481942.6735709,99,28,41,18,23,3.73529052734375,70.0,71.0,9.131
1765481942.8748353,99,28,41,18,23,3.73529052734375,70.0,71.0,9.131
1765481943.0760996,99,43,46,66,47,3.734600067138672,70.0,72.5,9.948
1765481943.277203,99,43,46,66,47,3.734600067138672,70.0,72.5,9.948
1765481943.478163,99,43,46,66,47,3.734600067138672,70.0,72.5,9.948
1765481943.6792479,13,30,38,33,29,3.7334556579589844,69.0,71.0,7.085
1765481943.880318,13,30,38,33,29,3.7334556579589844,69.0,71.0,7.085
1765481944.0814528,99,33,30,43,22,3.733928680419922,70.0,72.0,9.792
1765481944.282732,99,33,30,43,22,3.733928680419922,70.0,72.0,9.792
1765481944.4838777,99,33,30,43,22,3.733928680419922,70.0,72.0,9.792
1765481944.685035,99,21,41,18,13,3.7328872680664062,69.5,71.0,8.633
1765481944.8861437,99,21,41,18,13,3.7328872680664062,69.5,71.0,8.633
1765481945.087685,22,22,39,32,24,3.7329254150390625,69.0,71.0,6.24
1765481945.2893033,22,22,39,32,24,3.7329254150390625,69.0,71.0,6.24
1765481945.4905245,22,22,39,32,24,3.7329254150390625,69.0,71.0,6.24
1765481945.6916513,99,28,28,30,40,3.7333030700683594,70.0,71.0,8.791
1765481945.8937109,99,28,28,30,40,3.7333030700683594,70.0,71.0,8.791
1765481946.0947433,99,29,56,26,35,3.7338638305664062,69.5,72.0,9.611
1765481946.2958798,99,29,56,26,35,3.7338638305664062,69.5,72.0,9.611
1765481946.497022,99,29,56,26,35,3.7338638305664062,69.5,72.0,9.611
1765481946.6980927,14,16,17,12,17,3.7330551147460938,68.5,70.5,6.32
1765481946.899198,14,16,17,12,17,3.7330551147460938,68.5,70.5,6.32
1765481947.1003242,99,40,39,53,30,3.7330665588378906,70.0,71.0,8.934
1765481947.301264,99,40,39,53,30,3.7330665588378906,70.0,71.0,8.934
1765481947.5023649,99,40,39,53,30,3.7330665588378906,70.0,71.0,8.934
1765481947.7034245,99,38,30,40,38,3.7342453002929688,70.0,72.0,9.572
1765481947.9050112,99,38,30,40,38,3.7342453002929688,70.0,72.0,9.572
1765481948.1062381,99,18,22,16,26,3.733501434326172,69.5,71.0,6.818
1765481948.307302,99,18,22,16,26,3.733501434326172,69.5,71.0,6.818
1765481948.5083077,99,18,22,16,26,3.733501434326172,69.5,71.0,6.818
1765481948.709463,99,50,36,36,34,3.732952117919922,70.0,71.5,8.568
1765481948.9105625,99,50,36,36,34,3.732952117919922,70.0,71.5,8.568
1765481949.1115959,99,50,36,36,34,3.732952117919922,70.0,71.5,8.568
1765481949.3126435,99,32,64,38,25,3.733501434326172,69.5,71.5,8.83
1765481949.5138407,99,32,64,38,25,3.733501434326172,69.5,71.5,8.83
1765481949.7150733,99,16,20,19,17,3.733867645263672,70.0,71.5,8.712
1765481949.9165075,99,16,20,19,17,3.733867645263672,70.0,71.5,8.712
1765481950.117603,99,16,20,19,17,3.733867645263672,70.0,71.5,8.712
1765481950.3191574,99,37,49,34,22,3.7334060668945312,69.5,71.0,8.108
1765481950.5205884,99,37,49,34,22,3.7334060668945312,69.5,71.0,8.108
1765481950.7216635,99,42,46,21,29,3.73358154296875,70.0,71.0,8.712
1765481950.92289,99,42,46,21,29,3.73358154296875,70.0,71.0,8.712
1765481951.12406,99,42,46,21,29,3.73358154296875,70.0,71.0,8.712
1765481951.3251579,99,37,34,22,26,3.7334136962890625,69.5,71.5,8.187
1765481951.5260415,99,37,34,22,26,3.7334136962890625,69.5,71.5,8.187
1765481951.7276008,99,21,25,24,48,3.7342262268066406,70.0,71.5,8.83
1765481951.928617,99,21,25,24,48,3.7342262268066406,70.0,71.5,8.83
1765481952.1298287,99,21,25,24,48,3.7342262268066406,70.0,71.5,8.83
1765481952.331098,99,58,27,20,24,3.7332420349121094,69.5,71.0,8.568
1765481952.532359,99,58,27,20,24,3.7332420349121094,69.5,71.0,8.568
1765481952.7335613,99,28,17,26,14,3.733478546142578,70.0,71.5,8.266
1765481952.934946,99,28,17,26,14,3.733478546142578,70.0,71.5,8.266
1765481953.1360712,99,28,17,26,14,3.733478546142578,70.0,71.5,8.266
1765481953.3371966,99,48,48,31,41,3.733673095703125,70.0,72.0,8.949
1765481953.5384197,99,48,48,31,41,3.733673095703125,70.0,72.0,8.949
1765481953.7398937,99,25,38,38,14,3.7290992736816406,70.0,71.0,8.568
1765481953.9411068,99,25,38,38,14,3.7290992736816406,70.0,71.0,8.568
1765481954.1421776,99,25,38,38,14,3.7290992736816406,70.0,71.0,8.568
1765481954.3433247,99,34,24,28,25,3.731281280517578,70.0,71.5,8.226
1765481954.5446258,99,34,24,28,25,3.731281280517578,70.0,71.5,8.226
1765481954.7457106,99,43,29,36,52,3.73175048828125,70.0,71.5,8.687
1765481954.9468014,99,43,29,36,52,3.73175048828125,70.0,71.5,8.687
1765481955.1481943,99,43,29,36,52,3.73175048828125,70.0,71.5,8.687
1765481955.3492742,99,22,36,28,40,3.7318382263183594,70.0,72.0,8.83
1765481955.5506291,99,22,36,28,40,3.7318382263183594,70.0,72.0,8.83
1765481955.7518415,99,22,16,26,20,3.73138427734375,70.0,71.5,8.712
1765481955.9532776,99,22,16,26,20,3.73138427734375,70.0,71.5,8.712
1765481956.1542945,99,22,16,26,20,3.73138427734375,70.0,71.5,8.712
1765481956.355394,99,46,46,42,38,3.7312660217285156,70.0,71.5,8.371
1765481956.5565464,99,46,46,42,38,3.7312660217285156,70.0,71.5,8.371
1765481956.7577233,99,26,34,30,28,3.7311477661132812,70.0,73.0,8.752
1765481956.9592223,99,26,34,30,28,3.7311477661132812,70.0,73.0,8.752
1765481957.1607301,99,26,34,30,28,3.7311477661132812,70.0,73.0,8.752
1765481957.3618057,99,26,33,16,19,3.7321243286132812,70.0,71.5,8.974
1765481957.5628808,99,26,33,16,19,3.7321243286132812,70.0,71.5,8.974
1765481957.7647386,99,50,25,20,18,3.7317581176757812,70.0,72.0,8.489
1765481957.9659152,99,50,25,20,18,3.7317581176757812,70.0,72.0,8.489
1765481958.1669116,99,50,25,20,18,3.7317581176757812,70.0,72.0,8.489
1765481958.368226,99,25,30,42,30,3.7314529418945312,70.0,71.5,8.266
1765481958.5691454,99,25,30,42,30,3.7314529418945312,70.0,71.5,8.266
1765481958.7701256,99,26,32,16,15,3.7330551147460938,70.0,72.0,8.974
1765481958.9713857,99,26,32,16,15,3.7330551147460938,70.0,72.0,8.974
1765481959.172602,99,26,32,16,15,3.7330551147460938,70.0,72.0,8.974
1765481959.3741286,99,33,30,24,36,3.7314529418945312,70.0,71.0,8.002
1765481959.575187,99,33,30,24,36,3.7314529418945312,70.0,71.0,8.002
1765481959.7826786,99,33,30,24,36,3.7314529418945312,70.0,71.0,8.002
1765481959.9838097,99,26,30,32,23,3.7317047119140625,69.5,71.5,7.883
1765481960.1850967,99,26,30,32,23,3.7317047119140625,69.5,71.5,7.883
1765481960.3862605,99,43,29,42,29,3.731403350830078,70.0,72.0,8.752
1765481960.587429,99,43,29,42,29,3.731403350830078,70.0,72.0,8.752
1765481960.788866,99,43,29,42,29,3.731403350830078,70.0,72.0,8.752
1765481960.9900556,99,23,24,48,18,3.7324295043945312,70.0,72.0,8.895
1765481961.1911902,99,23,24,48,18,3.7324295043945312,70.0,72.0,8.895
1765481961.392625,99,20,26,26,37,3.7315406799316406,69.5,71.5,7.737
1765481961.5936062,99,20,26,26,37,3.7315406799316406,69.5,71.5,7.737
1765481961.794742,99,20,26,26,37,3.7315406799316406,69.5,71.5,7.737
1765481961.9962716,99,25,16,39,26,3.731395721435547,70.5,71.5,8.529
1765481962.1975067,99,25,16,39,26,3.731395721435547,70.5,71.5,8.529
1765481962.3987246,99,56,34,42,37,3.7317962646484375,70.0,72.0,9.234
1765481962.5998466,99,56,34,42,37,3.7317962646484375,70.0,72.0,9.234
1765481962.803333,99,56,34,42,37,3.7317962646484375,70.0,72.0,9.234
1765481963.010214,15,22,28,19,25,3.7328109741210938,69.5,71.5,7.085
1765481963.2115197,15,22,28,19,25,3.7328109741210938,69.5,71.5,7.085
1765481963.4129539,99,53,42,47,46,3.7318344116210938,70.5,71.5,8.712
1765481963.61563,99,53,42,47,46,3.7318344116210938,70.5,71.5,8.712
1765481963.8167808,99,53,42,47,46,3.7318344116210938,70.5,71.5,8.712
1765481964.0178313,99,44,48,30,30,3.731525421142578,70.0,71.5,9.131
1765481964.2190106,99,44,48,30,30,3.731525421142578,70.0,71.5,9.131
1765481964.4203193,10,29,18,16,32,3.7323532104492188,69.5,71.5,6.698
1765481964.621401,10,29,18,16,32,3.7323532104492188,69.5,71.5,6.698
1765481964.822904,10,29,18,16,32,3.7323532104492188,69.5,71.5,6.698
1765481965.0246792,99,25,21,14,46,3.7313690185546875,70.5,71.5,9.391
1765481965.2260313,99,25,21,14,46,3.7313690185546875,70.5,71.5,9.391
1765481965.4271371,99,50,38,34,37,3.7318115234375,70.0,71.5,8.791
1765481965.6283503,99,50,38,34,37,3.7318115234375,70.0,71.5,8.791
1765481965.8293748,99,50,38,34,37,3.7318115234375,70.0,71.5,8.791
1765481966.030412,77,18,30,32,23,3.7318763732910156,69.5,71.5,7.125
1765481966.2315602,77,18,30,32,23,3.7318763732910156,69.5,71.5,7.125
1765481966.432728,99,28,23,49,24,3.7327117919921875,70.5,72.5,9.234
1765481966.634104,99,28,23,49,24,3.7327117919921875,70.5,72.5,9.234
1765481966.8351839,99,28,23,49,24,3.7327117919921875,70.5,72.5,9.234
1765481967.0424497,99,28,34,21,48,3.731719970703125,70.0,72.0,9.454
1765481967.2438202,99,28,34,21,48,3.731719970703125,70.0,72.0,9.454
1765481967.4454937,73,22,20,24,22,3.7313575744628906,69.5,71.0,6.897
1765481967.6465526,73,22,20,24,22,3.7313575744628906,69.5,71.0,6.897
1765481967.8497424,73,22,20,24,22,3.7313575744628906,69.5,71.0,6.897
1765481968.0527065,99,33,39,35,45,3.7320823669433594,70.0,72.0,9.729
1765481968.2544978,99,33,39,35,45,3.7320823669433594,70.0,72.0,9.729
1765481968.4556289,99,22,47,22,19,3.7320022583007812,70.0,71.5,9.234
1765481968.6567283,99,22,47,22,19,3.7320022583007812,70.0,71.5,9.234
1765481968.8581169,99,22,47,22,19,3.7320022583007812,70.0,71.5,9.234
1765481969.0592356,50,30,16,23,17,3.7318649291992188,70.0,71.5,7.273
1765481969.2607179,50,30,16,23,17,3.7318649291992188,70.0,71.5,7.273
1765481969.4625664,99,27,30,50,30,3.7319488525390625,70.5,71.5,8.791
1765481969.6636763,99,27,30,50,30,3.7319488525390625,70.5,71.5,8.791
1765481969.8649797,99,27,30,50,30,3.7319488525390625,70.5,71.5,8.791
1765481970.0660946,99,26,56,30,32,3.7328414916992188,70.5,72.5,9.831
1765481970.267311,99,26,56,30,32,3.7328414916992188,70.5,72.5,9.831
1765481970.4684134,73,18,10,13,13,3.731861114501953,69.5,71.0,6.2
1765481970.6695728,73,18,10,13,13,3.731861114501953,69.5,71.0,6.2
1765481970.870552,73,18,10,13,13,3.731861114501953,69.5,71.0,6.2
1765481971.071687,99,46,51,31,44,3.7317428588867188,70.5,72.0,9.313
1765481971.2733183,99,46,51,31,44,3.7317428588867188,70.5,72.0,9.313
1765481971.4746091,99,46,51,31,44,3.7317428588867188,70.5,72.0,9.313
1765481971.6757278,99,40,30,28,42,3.7310638427734375,70.0,71.5,9.21
1765481971.8766744,99,40,30,28,42,3.7310638427734375,70.0,71.5,9.21
1765481972.0777936,99,24,23,14,22,3.7324562072753906,70.0,72.0,8.305
1765481972.2790074,99,24,23,14,22,3.7324562072753906,70.0,72.0,8.305
1765481972.480177,99,24,23,14,22,3.7324562072753906,70.0,72.0,8.305
1765481972.6813025,99,38,34,36,26,3.731311798095703,70.5,71.5,8.949
1765481972.8826804,99,38,34,36,26,3.731311798095703,70.5,71.5,8.949
1765481973.0837567,99,40,57,36,36,3.731586456298828,70.5,72.0,9.195
1765481973.2850497,99,40,57,36,36,3.731586456298828,70.5,72.0,9.195
1765481973.486158,99,40,57,36,36,3.731586456298828,70.5,72.0,9.195
1765481973.6874056,99,16,20,19,21,3.731731414794922,70.0,71.5,8.187
1765481973.8884501,99,16,20,19,21,3.731731414794922,70.0,71.5,8.187
1765481974.090022,99,22,56,14,23,3.7317352294921875,70.5,71.5,8.974
1765481974.2910724,99,22,56,14,23,3.7317352294921875,70.5,71.5,8.974
1765481974.4922166,99,22,56,14,23,3.7317352294921875,70.5,71.5,8.974
1765481974.6938095,99,25,24,24,54,3.7316360473632812,70.0,71.5,8.331
1765481974.8949325,99,25,24,24,54,3.7316360473632812,70.0,71.5,8.331
1765481975.0960193,99,24,21,32,20,3.7313690185546875,70.0,71.5,8.042
1765481975.2971869,99,24,21,32,20,3.7313690185546875,70.0,71.5,8.042
1765481975.4984035,99,24,21,32,20,3.7313690185546875,70.0,71.5,8.042
1765481975.7003691,99,28,20,50,19,3.732585906982422,70.5,72.0,9.052
1765481975.9018295,99,28,20,50,19,3.732585906982422,70.5,72.0,9.052
1765481976.1027405,99,27,20,40,46,3.731372833251953,70.5,72.5,9.092
1765481976.303895,99,27,20,40,46,3.731372833251953,70.5,72.5,9.092
1765481976.505027,99,27,20,40,46,3.731372833251953,70.5,72.5,9.092
1765481976.7062082,99,29,33,17,22,3.7315216064453125,70.0,71.5,7.883
1765481976.9073374,99,29,33,17,22,3.7315216064453125,70.0,71.5,7.883
1765481977.1084824,99,37,36,34,53,3.7318992614746094,70.5,71.5,8.529
1765481977.3096461,99,37,36,34,53,3.7318992614746094,70.5,71.5,8.529
1765481977.5108826,99,37,36,34,53,3.7318992614746094,70.5,71.5,8.529
1765481977.7122228,99,24,43,22,16,3.731914520263672,70.5,72.0,9.131
1765481977.9132907,99,24,43,22,16,3.731914520263672,70.5,72.0,9.131
1765481978.114421,99,32,28,19,20,3.7319107055664062,70.5,71.5,7.923
1765481978.3158784,99,32,28,19,20,3.7319107055664062,70.5,71.5,7.923
1765481978.5171938,99,32,28,19,20,3.7319107055664062,70.5,71.5,7.923
1765481978.7187674,99,45,49,34,32,3.731983184814453,70.5,71.5,8.187
1765481978.9197829,99,45,49,34,32,3.731983184814453,70.5,71.5,8.187
1765481979.1208587,99,29,39,38,29,3.7324295043945312,70.5,72.5,9.131
1765481979.32246,99,29,39,38,29,3.7324295043945312,70.5,72.5,9.131
1765481979.5236304,99,29,39,38,29,3.7324295043945312,70.5,72.5,9.131
1765481979.724513,99,14,17,24,14,3.731891632080078,70.5,72.0,8.909
1765481979.9260013,99,14,17,24,14,3.731891632080078,70.5,72.0,8.909
1765481980.1270275,99,54,41,28,34,3.7316551208496094,70.5,71.5,8.424
1765481980.3283165,99,54,41,28,34,3.7316551208496094,70.5,71.5,8.424
1765481980.5295491,99,54,41,28,34,3.7316551208496094,70.5,71.5,8.424
1765481980.7307272,99,29,31,39,28,3.7320709228515625,70.5,72.0,8.974
1765481980.9318967,99,29,31,39,28,3.7320709228515625,70.5,72.0,8.974
1765481981.1331265,99,39,17,22,14,3.7328529357910156,70.5,72.0,9.431
1765481981.3344064,99,39,17,22,14,3.7328529357910156,70.5,72.0,9.431
1765481981.535595,99,39,17,22,14,3.7328529357910156,70.5,72.0,9.431
1765481981.736903,99,14,49,14,19,3.731708526611328,70.0,71.5,8.108
1765481981.9381614,99,14,49,14,19,3.731708526611328,70.0,71.5,8.108
1765481982.139171,99,40,28,40,45,3.7320022583007812,70.5,72.0,8.673
1765481982.340226,99,40,28,40,45,3.7320022583007812,70.5,72.0,8.673
1765481982.5413542,99,40,28,40,45,3.7320022583007812,70.5,72.0,8.673
1765481982.7425127,99,23,35,18,26,3.7313995361328125,71.0,71.5,8.752
1765481982.9436615,99,23,35,18,26,3.7313995361328125,71.0,71.5,8.752
1765481983.144993,99,23,35,18,26,3.7313995361328125,71.0,71.5,8.752
1765481983.3460524,99,29,47,39,20,3.7321243286132812,71.0,72.5,8.934
1765481983.547155,99,29,47,39,20,3.7321243286132812,71.0,72.5,8.934
1765481983.7483466,99,22,26,22,32,3.7319412231445312,70.0,71.5,7.962
1765481983.9493756,99,22,26,22,32,3.7319412231445312,70.0,71.5,7.962
1765481984.150377,99,22,26,22,32,3.7319412231445312,70.0,71.5,7.962
1765481984.351338,99,35,16,28,39,3.731822967529297,71.0,71.5,8.371
1765481984.552667,99,35,16,28,39,3.731822967529297,71.0,71.5,8.371
1765481984.7539961,99,20,29,25,48,3.7323875427246094,71.0,72.5,9.195
1765481984.9550886,99,20,29,25,48,3.7323875427246094,71.0,72.5,9.195
1765481985.156609,99,20,29,25,48,3.7323875427246094,71.0,72.5,9.195
1765481985.3577292,52,29,19,20,18,3.731555938720703,70.0,71.5,7.085
1765481985.5588527,52,29,19,20,18,3.731555938720703,70.0,71.5,7.085
1765481985.7603884,99,30,35,29,35,3.7314682006835938,70.5,72.0,8.568
1765481985.9615307,99,30,35,29,35,3.7314682006835938,70.5,72.0,8.568
1765481986.1625366,99,30,35,29,35,3.7314682006835938,70.5,72.0,8.568
1765481986.3636243,99,38,49,38,58,3.7318191528320312,70.5,72.0,9.494
1765481986.564893,99,38,49,38,58,3.7318191528320312,70.5,72.0,9.494
1765481986.7661912,48,17,19,16,14,3.7323265075683594,70.0,72.5,6.4
1765481986.9672117,48,17,19,16,14,3.7323265075683594,70.0,72.5,6.4
1765481987.1683483,48,17,19,16,14,3.7323265075683594,70.0,72.5,6.4
1765481987.3698063,99,28,29,35,42,3.731891632080078,70.5,72.0,8.752
1765481987.5710557,99,28,29,35,42,3.731891632080078,70.5,72.0,8.752
1765481987.7722254,99,38,26,32,56,3.7318115234375,70.5,72.0,8.712
1765481987.9733312,99,38,26,32,56,3.7318115234375,70.5,72.0,8.712
1765481988.1743238,99,38,26,32,56,3.7318115234375,70.5,72.0,8.712
1765481988.3753312,69,28,28,26,23,3.7319297790527344,70.0,72.0,7.551
1765481988.5765727,69,28,28,26,23,3.7319297790527344,70.0,72.0,7.551
1765481988.777818,99,21,19,23,32,3.7321319580078125,70.5,72.0,8.87
1765481988.9800944,99,21,19,23,32,3.7321319580078125,70.5,72.0,8.87
1765481989.1812682,99,21,19,23,32,3.7321319580078125,70.5,72.0,8.87
1765481989.3821752,99,33,63,37,30,3.7318878173828125,70.5,72.0,8.791
1765481989.583352,99,33,63,37,30,3.7318878173828125,70.5,72.0,8.791
1765481989.7848854,36,18,24,12,17,3.7322044372558594,70.0,71.5,7.006
1765481989.9860277,36,18,24,12,17,3.7322044372558594,70.0,71.5,7.006
1765481990.1873333,36,18,24,12,17,3.7322044372558594,70.0,71.5,7.006
1765481990.3884163,99,31,48,40,25,3.732929229736328,70.5,72.5,9.454
1765481990.589715,99,31,48,40,25,3.732929229736328,70.5,72.5,9.454
1765481990.7908487,99,26,42,19,18,3.7313880920410156,70.0,72.0,8.712
1765481990.992065,99,26,42,19,18,3.7313880920410156,70.0,72.0,8.712
1765481991.193108,99,26,42,19,18,3.7313880920410156,70.0,72.0,8.712
1765481991.3942318,99,30,28,24,33,3.7317276000976562,70.0,71.5,6.509
1765481991.5952623,99,30,28,24,33,3.7317276000976562,70.0,71.5,6.509
1765481991.7964354,99,46,26,34,30,3.732086181640625,70.5,72.0,9.155
1765481991.997456,99,46,26,34,30,3.732086181640625,70.5,72.0,9.155
1765481992.1985903,99,46,26,34,30,3.732086181640625,70.5,72.0,9.155
1765481992.3996902,99,29,25,51,30,3.7326202392578125,70.5,72.0,9.431
1765481992.6011133,99,29,25,51,30,3.7326202392578125,70.5,72.0,9.431
1765481992.8027983,99,29,25,51,30,3.7326202392578125,70.5,72.0,9.431
1765481993.0039058,99,16,21,11,16,3.731639862060547,70.0,71.5,7.284
1765481993.2049227,99,16,21,11,16,3.731639862060547,70.0,71.5,7.284
1765481993.4058876,99,45,47,54,51,3.732250213623047,71.0,71.5,8.226
1765481993.6070006,99,45,47,54,51,3.732250213623047,71.0,71.5,8.226
1765481993.808833,99,45,47,54,51,3.732250213623047,71.0,71.5,8.226
1765481994.0100594,99,28,41,28,33,3.732715606689453,71.0,72.5,9.195
1765481994.2112176,99,28,41,28,33,3.732715606689453,71.0,72.5,9.195
1765481994.4125264,99,20,23,23,14,3.7317657470703125,70.5,71.5,8.121
1765481994.6135921,99,20,23,23,14,3.7317657470703125,70.5,71.5,8.121
1765481994.8146014,99,20,23,23,14,3.7317657470703125,70.5,71.5,8.121
1765481995.015874,99,32,46,30,34,3.7322044372558594,70.5,72.5,8.633
1765481995.2170982,99,32,46,30,34,3.7322044372558594,70.5,72.5,8.633
1765481995.418188,99,32,44,29,43,3.7325592041015625,70.5,72.5,8.87
1765481995.6193268,99,32,44,29,43,3.7325592041015625,70.5,72.5,8.87
1765481995.8205974,99,32,44,29,43,3.7325592041015625,70.5,72.5,8.87
1765481996.022181,99,19,19,12,13,3.733592987060547,70.5,72.5,9.391
1765481996.2232928,99,19,19,12,13,3.733592987060547,70.5,72.5,9.391
1765481996.4246564,99,47,28,33,29,3.732402801513672,71.0,72.0,8.529
1765481996.6258965,99,47,28,33,29,3.732402801513672,71.0,72.0,8.529
1765481996.8271048,99,47,28,33,29,3.732402801513672,71.0,72.0,8.529
1765481997.0282016,99,27,32,20,48,3.7325973510742188,70.5,72.0,8.45
1765481997.2293513,99,27,32,20,48,3.7325973510742188,70.5,72.0,8.45
1765481997.4302852,99,38,24,29,20,3.732555389404297,71.0,72.5,8.988
1765481997.631548,99,38,24,29,20,3.732555389404297,71.0,72.5,8.988
1765481997.8325515,99,38,24,29,20,3.732555389404297,71.0,72.5,8.988
1765481998.033683,99,46,18,25,23,3.732799530029297,71.0,73.0,9.21
1765481998.2345974,99,46,18,25,23,3.732799530029297,71.0,73.0,9.21
1765481998.4357026,85,43,40,39,22,3.7458152770996094,70.0,72.5,6.429
1765481998.6370695,85,43,40,39,22,3.7458152770996094,70.0,72.5,6.429
1765481998.8382971,85,43,40,39,22,3.7458152770996094,70.0,72.5,6.429
1765481999.0397625,99,30,38,16,25,3.7392425537109375,71.0,72.5,9.249
1765481999.240864,99,30,38,16,25,3.7392425537109375,71.0,72.5,9.249
1765481999.4421039,99,38,30,62,36,3.7063369750976562,71.0,73.0,9.651
1765481999.6433566,99,38,30,62,36,3.7063369750976562,71.0,73.0,9.651
1765481999.8445718,99,38,30,62,36,3.7063369750976562,71.0,73.0,9.651
1765482000.0482378,40,15,21,6,12,3.7056427001953125,70.5,71.5,6.778
1765482000.2517176,40,15,21,6,12,3.7056427001953125,70.5,71.5,6.778
1765482000.4527557,99,41,54,46,45,3.705516815185547,71.0,72.5,9.052
1765482000.65375,99,41,54,46,45,3.705516815185547,71.0,72.5,9.052
1765482000.8548765,99,41,54,46,45,3.705516815185547,71.0,72.5,9.052
1765482001.0561187,99,25,44,35,39,3.7053260803222656,70.5,72.5,9.391
1765482001.257611,99,25,44,35,39,3.7053260803222656,70.5,72.5,9.391
1765482001.4586983,99,19,26,24,21,3.7061691284179688,70.5,72.0,7.962
1765482001.6598136,99,19,26,24,21,3.7061691284179688,70.5,72.0,7.962
1765482001.861266,99,19,26,24,21,3.7061691284179688,70.5,72.0,7.962
1765482002.0625095,99,32,45,26,27,3.7052345275878906,71.0,72.5,9.273
1765482002.2634692,99,32,45,26,27,3.7052345275878906,71.0,72.5,9.273
1765482002.4648643,99,32,45,26,27,3.7052345275878906,71.0,72.5,9.273
1765482002.6658587,99,32,42,60,30,3.7058143615722656,71.0,73.0,8.949
1765482002.867105,99,32,42,60,30,3.7058143615722656,71.0,73.0,8.949
1765482003.0685482,99,32,22,18,24,3.7055892944335938,71.0,72.5,8.974
1765482003.2697077,99,32,22,18,24,3.7055892944335938,71.0,72.5,8.974
1765482003.470818,99,32,22,18,24,3.7055892944335938,71.0,72.5,8.974
1765482003.672072,99,22,19,20,44,3.7057647705078125,71.0,72.0,8.633
1765482003.875122,99,22,19,20,44,3.7057647705078125,71.0,72.0,8.633
1765482004.0763648,99,34,52,31,27,3.705036163330078,71.0,72.5,9.195
1765482004.2776206,99,34,52,31,27,3.705036163330078,71.0,72.5,9.195
1765482004.4787376,99,34,52,31,27,3.705036163330078,71.0,72.5,9.195
1765482004.6804233,99,25,22,25,21,3.705493927001953,71.0,72.0,8.147
1765482004.8816786,99,25,22,25,21,3.705493927001953,71.0,72.0,8.147
1765482005.0829577,99,33,52,32,34,3.7061729431152344,71.0,73.0,9.572
1765482005.2840059,99,33,52,32,34,3.7061729431152344,71.0,73.0,9.572
1765482005.4850457,99,33,52,32,34,3.7061729431152344,71.0,73.0,9.572
1765482005.6867297,0,20,22,43,18,3.747600555419922,69.5,71.5,4.482
1765482005.889008,0,20,22,43,18,3.747600555419922,69.5,71.5,4.482
1765482006.0903122,99,28,26,55,32,3.7501564025878906,71.0,72.0,9.352
1765482006.2912645,99,28,26,55,32,3.7501564025878906,71.0,72.0,9.352
1765482006.492443,99,28,26,55,32,3.7501564025878906,71.0,72.0,9.352
1765482006.693406,99,37,54,35,28,3.6986961364746094,71.0,72.5,9.052
1765482006.8946953,99,37,54,35,28,3.6986961364746094,71.0,72.5,9.052
1765482007.0969079,99,19,12,15,16,3.699909210205078,70.5,72.5,8.081
1765482007.2980225,99,19,12,15,16,3.699909210205078,70.5,72.5,8.081
1765482007.499139,99,19,12,15,16,3.699909210205078,70.5,72.5,8.081
1765482007.7004848,99,24,24,40,30,3.699207305908203,71.0,72.5,8.687
1765482007.9020698,99,24,24,40,30,3.699207305908203,71.0,72.5,8.687
1765482008.1038027,99,31,36,52,37,3.699176788330078,71.0,73.0,9.131
1765482008.309222,99,31,36,52,37,3.699176788330078,71.0,73.0,9.131
1765482008.5103111,99,31,36,52,37,3.699176788330078,71.0,73.0,9.131
1765482008.7115588,99,22,21,17,22,3.698963165283203,71.0,72.0,8.081
1765482008.9129987,99,22,21,17,22,3.698963165283203,71.0,72.0,8.081
1765482009.1143925,99,18,38,17,33,3.698822021484375,71.0,72.0,8.974
1765482009.3154893,99,18,38,17,33,3.698822021484375,71.0,72.0,8.974
1765482009.5166864,99,18,38,17,33,3.698822021484375,71.0,72.0,8.974
1765482009.717771,99,36,29,30,59,3.6994972229003906,71.0,72.5,8.673
1765482009.9191005,99,36,29,30,59,3.6994972229003906,71.0,72.5,8.673
1765482010.120696,99,23,23,31,18,3.6994400024414062,71.0,72.5,7.962
1765482010.3218791,99,23,23,31,18,3.6994400024414062,71.0,72.5,7.962
1765482010.5228329,99,23,23,31,18,3.6994400024414062,71.0,72.5,7.962
1765482010.7241938,99,30,56,27,22,3.7002220153808594,71.5,73.0,9.352
1765482010.9253743,99,30,56,27,22,3.7002220153808594,71.5,73.0,9.352
1765482011.126602,99,26,35,46,28,3.699077606201172,71.0,73.0,9.195
1765482011.3276641,99,26,35,46,28,3.699077606201172,71.0,73.0,9.195
1765482011.5286264,99,26,35,46,28,3.699077606201172,71.0,73.0,9.195
1765482011.7301645,99,21,19,19,18,3.6992721557617188,71.0,72.5,7.816
1765482011.9314196,99,21,19,19,18,3.6992721557617188,71.0,72.5,7.816
1765482012.1327267,99,34,36,59,34,3.7018585205078125,71.0,72.5,8.371
1765482012.3337245,99,34,36,59,34,3.7018585205078125,71.0,72.5,8.371
1765482012.5355825,99,34,36,59,34,3.7018585205078125,71.0,72.5,8.371
1765482012.7366054,99,28,25,38,35,3.7028236389160156,71.0,73.0,9.17
1765482012.9378421,99,28,25,38,35,3.7028236389160156,71.0,73.0,9.17
1765482013.1390166,99,20,23,30,24,3.7027130126953125,71.0,73.0,8.331
1765482013.3403172,99,20,23,30,24,3.7027130126953125,71.0,73.0,8.331
1765482013.5413687,99,20,23,30,24,3.7027130126953125,71.0,73.0,8.331
1765482013.742368,99,38,55,32,42,3.7020721435546875,71.0,73.0,8.45
1765482013.943466,99,38,55,32,42,3.7020721435546875,71.0,73.0,8.45
1765482014.1448772,99,38,55,32,42,3.7020721435546875,71.0,73.0,8.45
1765482014.3459308,99,41,41,32,38,3.7031402587890625,71.0,73.5,9.234
1765482014.5469809,99,41,41,32,38,3.7031402587890625,71.0,73.5,9.234
1765482014.7478833,99,17,16,14,22,3.702190399169922,71.0,72.5,8.712
1765482014.9492917,99,17,16,14,22,3.702190399169922,71.0,72.5,8.712
1765482015.1504629,99,17,16,14,22,3.702190399169922,71.0,72.5,8.712
1765482015.3516624,99,38,52,35,39,3.702545166015625,71.0,72.5,8.371
1765482015.5526912,99,38,52,35,39,3.702545166015625,71.0,72.5,8.371
1765482015.7537994,99,25,24,41,30,3.7020301818847656,71.0,73.0,8.608
1765482015.95503,99,25,24,41,30,3.7020301818847656,71.0,73.0,8.608
1765482016.1563263,99,25,24,41,30,3.7020301818847656,71.0,73.0,8.608
1765482016.357887,99,26,33,32,25,3.7033157348632812,71.0,73.0,9.352
1765482016.5590582,99,26,33,32,25,3.7033157348632812,71.0,73.0,9.352
1765482016.760267,99,26,21,48,16,3.702648162841797,71.0,72.5,8.41
1765482016.9615295,99,26,21,48,16,3.702648162841797,71.0,72.5,8.41
1765482017.1632574,99,26,21,48,16,3.702648162841797,71.0,72.5,8.41
1765482017.3648028,99,26,42,27,44,3.702350616455078,71.0,73.0,8.45
1765482017.5660188,99,26,42,27,44,3.702350616455078,71.0,73.0,8.45
1765482017.7670605,99,25,19,32,21,3.7027244567871094,71.5,72.5,8.529
1765482017.9684172,99,25,19,32,21,3.7027244567871094,71.5,72.5,8.529
1765482018.1695044,99,25,19,32,21,3.7027244567871094,71.5,72.5,8.529
1765482018.3709285,99,55,40,30,30,3.7029762268066406,71.5,73.0,8.974
1765482018.5720155,99,55,40,30,30,3.7029762268066406,71.5,73.0,8.974
1765482018.7731721,99,27,32,23,18,3.702342987060547,70.5,72.0,8.226
1765482018.974306,99,27,32,23,18,3.702342987060547,70.5,72.0,8.226
1765482019.1754866,99,27,32,23,18,3.702342987060547,70.5,72.0,8.226
1765482019.376587,99,24,42,32,23,3.702667236328125,71.0,72.5,8.187
1765482019.5776594,99,24,42,32,23,3.702667236328125,71.0,72.5,8.187
1765482019.7787786,99,38,26,28,48,3.7036972045898438,71.0,73.0,9.391
1765482019.9798832,99,38,26,28,48,3.7036972045898438,71.0,73.0,9.391
1765482020.1812413,99,38,26,28,48,3.7036972045898438,71.0,73.0,9.391
1765482020.3824651,99,21,16,29,20,3.7033424377441406,70.5,72.5,8.002
1765482020.5837789,99,21,16,29,20,3.7033424377441406,70.5,72.5,8.002
1765482020.7849598,99,36,34,30,38,3.7031478881835938,71.5,72.5,8.489
1765482020.9865022,99,36,34,30,38,3.7031478881835938,71.5,72.5,8.489
1765482021.187885,99,36,34,30,38,3.7031478881835938,71.5,72.5,8.489
1765482021.389504,99,44,36,58,46,3.703857421875,71.0,73.0,9.131
1765482021.590586,99,44,36,58,46,3.703857421875,71.0,73.0,9.131
1765482021.792536,63,20,20,16,17,3.7056922912597656,70.5,72.0,6.669
1765482021.9938018,63,20,20,16,17,3.7056922912597656,70.5,72.0,6.669
1765482022.195105,63,20,20,16,17,3.7056922912597656,70.5,72.0,6.669
1765482022.396507,99,31,45,33,34,3.7066917419433594,71.0,72.5,9.013
1765482022.5977495,99,31,45,33,34,3.7066917419433594,71.0,72.5,9.013
1765482022.7987359,99,44,28,48,25,3.706256866455078,71.0,72.5,8.529
1765482022.9999554,99,44,28,48,25,3.706256866455078,71.0,72.5,8.529
1765482023.2010355,99,44,28,48,25,3.706256866455078,71.0,72.5,8.529
1765482023.4022958,99,38,30,28,26,3.7064743041992188,71.0,72.0,7.737
1765482023.6033373,99,38,30,28,26,3.7064743041992188,71.0,72.0,7.737
1765482023.8045878,99,14,22,20,45,3.707317352294922,71.5,72.5,8.974
1765482024.0057502,99,14,22,20,45,3.707317352294922,71.5,72.5,8.974
1765482024.2070847,99,14,22,20,45,3.707317352294922,71.5,72.5,8.974
1765482024.408429,99,33,30,35,56,3.7063255310058594,71.5,72.5,8.673
1765482024.6095903,99,33,30,35,56,3.7063255310058594,71.5,72.5,8.673
1765482024.8107553,99,33,30,35,56,3.7063255310058594,71.5,72.5,8.673
1765482025.0120356,99,17,21,20,16,3.7065773010253906,71.0,72.0,7.471
1765482025.2132106,99,17,21,20,16,3.7065773010253906,71.0,72.0,7.471
1765482025.4142945,99,44,38,58,29,3.7074661254882812,71.5,73.5,9.533
1765482025.6152136,99,44,38,58,29,3.7074661254882812,71.5,73.5,9.533
1765482025.8162346,99,44,38,58,29,3.7074661254882812,71.5,73.5,9.533
1765482026.017156,99,19,15,15,43,3.7068443298339844,71.0,72.5,8.489
1765482026.2183561,99,19,15,15,43,3.7068443298339844,71.0,72.5,8.489
1765482026.4197621,99,25,20,28,24,3.7066802978515625,71.0,72.5,7.658
1765482026.620962,99,25,20,28,24,3.7066802978515625,71.0,72.5,7.658
1765482026.8219929,99,25,20,28,24,3.7066802978515625,71.0,72.5,7.658
1765482027.0230923,99,28,30,24,53,3.7065773010253906,71.5,72.5,8.712
1765482027.2257693,99,28,30,24,53,3.7065773010253906,71.5,72.5,8.712
1765482027.427236,99,37,46,32,39,3.707427978515625,71.0,73.0,9.052
1765482027.6284184,99,37,46,32,39,3.707427978515625,71.0,73.0,9.052
1765482027.8294725,99,37,46,32,39,3.707427978515625,71.0,73.0,9.052
1765482028.0309236,99,14,12,17,20,3.706562042236328,71.0,72.0,7.816
1765482028.2321947,99,14,12,17,20,3.706562042236328,71.0,72.0,7.816
1765482028.433355,99,44,52,52,54,3.7063255310058594,71.5,72.5,8.331
1765482028.6343396,99,44,52,52,54,3.7063255310058594,71.5,72.5,8.331
1765482028.8356278,99,44,52,52,54,3.7063255310058594,71.5,72.5,8.331
1765482029.037381,99,32,37,40,30,3.7072715759277344,71.5,73.5,9.17
1765482029.2395604,99,32,37,40,30,3.7072715759277344,71.5,73.5,9.17
1765482029.4408903,99,21,20,16,18,3.7070541381835938,71.0,72.5,8.068
1765482029.6420562,99,21,20,16,18,3.7070541381835938,71.0,72.5,8.068
1765482029.843355,99,21,20,16,18,3.7070541381835938,71.0,72.5,8.068
1765482030.0445726,99,54,27,26,25,3.706432342529297,71.5,72.5,8.489
1765482030.2455986,99,54,27,26,25,3.706432342529297,71.5,72.5,8.489
1765482030.4469748,99,29,30,26,57,3.7066078186035156,71.0,72.5,8.594
1765482030.6480868,99,29,30,26,57,3.7066078186035156,71.0,72.5,8.594
1765482030.8492372,99,29,30,26,57,3.7066078186035156,71.0,72.5,8.594
1765482031.050653,99,23,20,18,21,3.7073822021484375,71.5,73.0,8.934
1765482031.252266,99,23,20,18,21,3.7073822021484375,71.5,73.0,8.934
1765482031.453523,99,26,35,26,59,3.706787109375,71.5,72.5,8.305
1765482031.6627166,99,26,35,26,59,3.706787109375,71.5,72.5,8.305
1765482031.8639946,99,26,35,26,59,3.706787109375,71.5,72.5,8.305
1765482032.0650687,99,30,35,19,40,3.7069053649902344,71.0,72.5,8.345
1765482032.2687097,99,30,35,19,40,3.7069053649902344,71.0,72.5,8.345
1765482032.4699826,99,38,36,28,20,3.7068443298339844,71.5,72.5,9.052
1765482032.6711104,99,38,36,28,20,3.7068443298339844,71.5,72.5,9.052
1765482032.8726525,99,38,36,28,20,3.7068443298339844,71.5,72.5,9.052
1765482033.0737202,99,40,18,40,30,3.707244873046875,71.5,73.0,9.431
1765482033.2748506,99,40,18,40,30,3.707244873046875,71.5,73.0,9.431
1765482033.4762077,99,29,25,30,41,3.7068824768066406,71.0,73.0,8.45
1765482033.6779659,99,29,25,30,41,3.7068824768066406,71.0,73.0,8.45
1765482033.879045,99,29,25,30,41,3.7068824768066406,71.0,73.0,8.45
1765482034.0800545,99,18,30,14,22,3.7068748474121094,71.5,73.0,8.712
1765482034.2812467,99,18,30,14,22,3.7068748474121094,71.5,73.0,8.712
1765482034.4825227,99,32,32,64,38,3.7064247131347656,71.5,73.0,8.974
1765482034.683665,99,32,32,64,38,3.7064247131347656,71.5,73.0,8.974
1765482034.9020994,99,32,32,64,38,3.7064247131347656,71.5,73.0,8.974
1765482035.1032596,99,23,35,17,18,3.7067947387695312,71.5,73.0,8.934
1765482035.3044927,99,23,35,17,18,3.7067947387695312,71.5,73.0,8.934
1765482035.5056217,99,31,25,34,36,3.706775665283203,71.5,73.0,8.594
1765482035.707693,99,31,25,34,36,3.706775665283203,71.5,73.0,8.594
1765482035.908688,99,31,25,34,36,3.706775665283203,71.5,73.0,8.594
1765482036.1098607,99,46,55,29,37,3.7063751220703125,71.5,73.0,8.83
1765482036.3109076,99,46,55,29,37,3.7063751220703125,71.5,73.0,8.83
1765482036.5152676,99,46,55,29,37,3.7063751220703125,71.5,73.0,8.83
1765482036.7169607,99,32,38,26,25,3.7071189880371094,71.0,73.5,8.895
1765482036.918109,99,32,38,26,25,3.7071189880371094,71.0,73.5,8.895
1765482037.119066,99,24,22,14,28,3.7064666748046875,71.0,73.0,8.974
1765482037.320292,99,24,22,14,28,3.7064666748046875,71.0,73.0,8.974
1765482037.5214894,99,31,53,31,29,3.7064361572265625,71.0,73.0,8.489
1765482037.7226536,99,31,53,31,29,3.7064361572265625,71.0,73.0,8.489
1765482037.9236672,99,31,53,31,29,3.7064361572265625,71.0,73.0,8.489
1765482038.125254,99,26,33,33,22,3.7066726684570312,71.0,73.0,8.147
1765482038.3265107,99,26,33,33,22,3.7066726684570312,71.0,73.0,8.147
1765482038.5277297,99,26,33,33,22,3.7066726684570312,71.0,73.0,8.147
1765482038.7292037,99,32,26,38,29,3.7073707580566406,71.5,73.5,8.87
1765482038.9303179,99,32,26,38,29,3.7073707580566406,71.5,73.5,8.87
1765482039.131365,99,25,27,37,53,3.7064895629882812,71.5,74.0,9.352
1765482039.332966,99,25,27,37,53,3.7064895629882812,71.5,74.0,9.352
1765482039.5340986,99,25,27,37,53,3.7064895629882812,71.5,74.0,9.352
1765482039.7353032,99,28,31,22,21,3.706634521484375,70.5,73.0,7.962
1765482039.936447,99,28,31,22,21,3.706634521484375,70.5,73.0,7.962
1765482040.1374173,99,20,43,35,34,3.707225799560547,71.5,73.5,9.533
1765482040.3385837,99,20,43,35,34,3.707225799560547,71.5,73.5,9.533
1765482040.5400033,99,20,43,35,34,3.707225799560547,71.5,73.5,9.533
1765482040.741248,99,48,19,19,14,3.7073593139648438,71.5,73.0,8.489
1765482040.942177,99,48,19,19,14,3.7073593139648438,71.5,73.0,8.489
1765482041.1432314,99,29,41,19,20,3.7066001892089844,71.0,73.0,7.432
1765482041.3448708,99,29,41,19,20,3.7066001892089844,71.0,73.0,7.432
1765482041.5460467,99,29,41,19,20,3.7066001892089844,71.0,73.0,7.432
1765482041.747067,99,33,32,30,39,3.7067527770996094,71.5,72.5,8.712
1765482041.9481425,99,33,32,30,39,3.7067527770996094,71.5,72.5,8.712
1765482042.1492274,99,31,34,29,47,3.70703125,72.0,74.0,10.027
1765482042.3505027,99,31,34,29,47,3.70703125,72.0,74.0,10.027
1765482042.5515327,99,31,34,29,47,3.70703125,72.0,74.0,10.027
1765482042.7530878,51,28,26,22,12,3.7063026428222656,70.5,72.5,6.937
1765482042.9540079,51,28,26,22,12,3.7063026428222656,70.5,72.5,6.937
1765482043.1551874,99,39,30,47,35,3.7068214416503906,71.5,73.0,9.092
1765482043.3567479,99,39,30,47,35,3.7068214416503906,71.5,73.0,9.092
1765482043.5582833,99,39,30,47,35,3.7068214416503906,71.5,73.0,9.092
1765482043.759442,99,42,35,36,40,3.7063636779785156,72.0,73.0,9.572
1765482043.9607086,99,42,35,36,40,3.7063636779785156,72.0,73.0,9.572
1765482044.16217,82,18,26,20,19,3.7071876525878906,70.5,73.5,6.966
1765482044.3653843,82,18,26,20,19,3.7071876525878906,70.5,73.5,6.966
1765482044.5665946,82,18,26,20,19,3.7071876525878906,70.5,73.5,6.966
1765482044.7678256,99,35,32,30,39,3.7067947387695312,71.5,73.0,8.647
1765482044.9692671,99,35,32,30,39,3.7067947387695312,71.5,73.0,8.647
1765482045.170329,99,37,58,38,46,3.706348419189453,71.5,73.0,9.611
1765482045.3716373,99,37,58,38,46,3.706348419189453,71.5,73.0,9.611
1765482045.5729337,99,37,58,38,46,3.706348419189453,71.5,73.0,9.611
1765482045.7744823,67,20,14,26,21,3.70770263671875,71.0,73.5,7.551
1765482045.97672,67,20,14,26,21,3.70770263671875,71.0,73.5,7.551
1765482046.1778038,99,43,24,28,23,3.706676483154297,71.5,73.0,8.974
1765482046.3789756,99,43,24,28,23,3.706676483154297,71.5,73.0,8.974
1765482046.5802984,99,43,24,28,23,3.706676483154297,71.5,73.0,8.974
1765482046.7815387,99,31,28,52,25,3.7066078186035156,71.5,73.0,8.673
1765482046.9827635,99,31,28,52,25,3.7066078186035156,71.5,73.0,8.673
1765482047.1840534,99,26,20,24,25,3.7062530517578125,71.5,72.5,7.658
1765482047.3853858,99,26,20,24,25,3.7062530517578125,71.5,72.5,7.658
1765482047.586563,99,26,20,24,25,3.7062530517578125,71.5,72.5,7.658
1765482047.7877572,99,26,36,39,22,3.7075843811035156,71.5,73.0,9.352
1765482047.9889648,99,26,36,39,22,3.7075843811035156,71.5,73.0,9.352
1765482048.190365,99,34,52,36,28,3.7065887451171875,71.5,73.5,9.548
1765482048.3915431,99,34,52,36,28,3.7065887451171875,71.5,73.5,9.548
1765482048.593574,99,34,52,36,28,3.7065887451171875,71.5,73.5,9.548
1765482048.7950392,99,19,14,18,19,3.706371307373047,71.5,72.5,7.392
1765482048.99715,99,19,14,18,19,3.706371307373047,71.5,72.5,7.392
1765482049.1985552,99,19,14,18,19,3.706371307373047,71.5,72.5,7.392
1765482049.3997145,99,28,30,60,32,3.7069549560546875,72.0,73.0,9.21
1765482049.6009579,99,28,30,60,32,3.7069549560546875,72.0,73.0,9.21
1765482049.8019564,99,16,41,19,24,3.7071609497070312,71.5,73.0,9.131
1765482050.0030715,99,16,41,19,24,3.7071609497070312,71.5,73.0,9.131
1765482050.2041326,99,16,41,19,24,3.7071609497070312,71.5,73.0,9.131
1765482050.4052188,99,16,29,21,20,3.7068519592285156,71.0,72.5,7.618
1765482050.6062143,99,16,29,21,20,3.7068519592285156,71.0,72.5,7.618
1765482050.80728,99,38,27,35,46,3.7064781188964844,71.5,72.5,8.489
1765482051.008695,99,38,27,35,46,3.7064781188964844,71.5,72.5,8.489
1765482051.210412,99,38,27,35,46,3.7064781188964844,71.5,72.5,8.489
1765482051.4117243,99,35,43,34,39,3.7070846557617188,72.0,73.5,9.533
1765482051.613119,99,35,43,34,39,3.7070846557617188,72.0,73.5,9.533
1765482051.8141253,99,10,18,12,12,3.70684814453125,72.0,73.0,7.883
1765482052.0154123,99,10,18,12,12,3.70684814453125,72.0,73.0,7.883
1765482052.2166593,99,10,18,12,12,3.70684814453125,72.0,73.0,7.883
1765482052.417827,99,46,39,33,58,3.70672607421875,71.5,73.0,8.345
1765482052.6188796,99,46,39,33,58,3.70672607421875,71.5,73.0,8.345
1765482052.8198566,99,40,28,46,24,3.718017578125,71.0,73.0,7.843
1765482053.0209534,99,40,28,46,24,3.718017578125,71.0,73.0,7.843
1765482053.2220297,99,40,28,46,24,3.718017578125,71.0,73.0,7.843
1765482053.4231732,99,22,34,30,20,3.7188339233398438,72.0,73.0,9.313
1765482053.6244032,99,22,34,30,20,3.7188339233398438,72.0,73.0,9.313
1765482053.825489,99,28,42,33,25,3.7182083129882812,71.5,73.0,8.081
1765482054.0266469,99,28,42,33,25,3.7182083129882812,71.5,73.0,8.081
1765482054.2278054,99,28,42,33,25,3.7182083129882812,71.5,73.0,8.081
1765482054.429012,99,33,40,30,30,3.718170166015625,71.0,73.0,7.511
1765482054.630509,99,33,40,30,30,3.718170166015625,71.0,73.0,7.511
1765482054.8316824,99,20,36,23,26,3.7182769775390625,72.0,73.0,9.288
1765482055.032861,99,20,36,23,26,3.7182769775390625,72.0,73.0,9.288
1765482055.2339184,99,20,36,23,26,3.7182769775390625,72.0,73.0,9.288
1765482055.4350128,99,42,48,30,26,3.7181129455566406,71.5,73.0,8.934
1765482055.6362605,99,42,48,30,26,3.7181129455566406,71.5,73.0,8.934
1765482055.8375974,64,18,20,19,32,3.7141189575195312,71.0,73.0,6.698
1765482056.0387795,64,18,20,19,32,3.7141189575195312,71.0,73.0,6.698
1765482056.24007,64,18,20,19,32,3.7141189575195312,71.0,73.0,6.698
1765482056.441097,99,30,53,37,28,3.7163658142089844,71.5,73.0,9.092
1765482056.6427789,99,30,53,37,28,3.7163658142089844,71.5,73.0,9.092
1765482056.8442512,99,28,27,45,24,3.7171249389648438,72.0,73.5,9.572
1765482057.0453298,99,28,27,45,24,3.7171249389648438,72.0,73.5,9.572
1765482057.2463489,99,28,27,45,24,3.7171249389648438,72.0,73.5,9.572
1765482057.448704,52,26,13,24,14,3.7158050537109375,71.5,73.5,6.549
1765482057.6497855,52,26,13,24,14,3.7158050537109375,71.5,73.5,6.549
1765482057.8508718,99,34,40,38,27,3.7159156799316406,72.0,73.5,8.909
1765482058.0521476,99,34,40,38,27,3.7159156799316406,72.0,73.5,8.909
1765482058.2538388,99,34,40,38,27,3.7159156799316406,72.0,73.5,8.909
1765482058.4548428,99,42,41,44,46,3.716033935546875,72.0,73.5,9.651
1765482058.6564538,99,42,41,44,46,3.716033935546875,72.0,73.5,9.651
1765482058.8579419,57,13,17,14,13,3.716053009033203,71.0,73.0,6.669
1765482059.0591583,57,13,17,14,13,3.716053009033203,71.0,73.0,6.669
1765482059.2601275,57,13,17,14,13,3.716053009033203,71.0,73.0,6.669
1765482059.4611802,99,35,45,34,50,3.7161903381347656,72.0,73.0,8.856
1765482059.662806,99,35,45,34,50,3.7161903381347656,72.0,73.0,8.856
1765482059.8645766,99,31,48,24,28,3.715709686279297,71.5,73.0,8.45
1765482060.0657465,99,31,48,24,28,3.715709686279297,71.5,73.0,8.45
1765482060.2695997,99,31,48,24,28,3.715709686279297,71.5,73.0,8.45
1765482060.470944,99,36,26,26,26,3.7169532775878906,71.5,73.5,8.568
1765482060.6723945,99,36,26,26,26,3.7169532775878906,71.5,73.5,8.568
1765482060.873593,99,36,26,26,26,3.7169532775878906,71.5,73.5,8.568
1765482061.0748708,99,14,45,20,17,3.716419219970703,71.5,73.0,8.752
1765482061.2761908,99,14,45,20,17,3.716419219970703,71.5,73.0,8.752
1765482061.4771264,99,44,59,31,28,3.71600341796875,72.0,73.0,8.83
1765482061.6782532,99,44,59,31,28,3.71600341796875,72.0,73.0,8.83
1765482061.879222,99,44,59,31,28,3.71600341796875,72.0,73.0,8.83
1765482062.0810103,99,23,12,21,18,3.7162857055664062,71.5,72.5,7.658
1765482062.2822766,99,23,12,21,18,3.7162857055664062,71.5,72.5,7.658
1765482062.4833634,99,43,37,31,46,3.717041015625,72.0,73.5,9.651
1765482062.6845555,99,43,37,31,46,3.717041015625,72.0,73.5,9.651
1765482062.8856735,99,43,37,31,46,3.717041015625,72.0,73.5,9.651
1765482063.0866983,99,23,41,29,26,3.716106414794922,71.5,73.0,8.292
1765482063.287831,99,23,41,29,26,3.716106414794922,71.5,73.0,8.292
1765482063.4889348,99,32,26,34,27,3.7163314819335938,72.0,73.0,8.081
1765482063.6901956,99,32,26,34,27,3.7163314819335938,72.0,73.0,8.081
1765482063.8914413,99,32,26,34,27,3.7163314819335938,72.0,73.0,8.081
1765482064.092677,99,32,28,56,22,3.716442108154297,72.0,73.5,9.013
1765482064.295259,99,32,28,56,22,3.716442108154297,72.0,73.5,9.013
1765482064.4966757,99,20,23,48,28,3.716419219970703,71.5,73.5,9.052
1765482064.697789,99,20,23,48,28,3.716419219970703,71.5,73.5,9.052
1765482064.8988316,99,20,23,48,28,3.716419219970703,71.5,73.5,9.052
1765482065.1007524,99,21,16,12,21,3.7160911560058594,71.5,73.0,7.883
1765482065.301758,99,21,16,12,21,3.7160911560058594,71.5,73.0,7.883
1765482065.5027943,99,54,56,41,46,3.716175079345703,72.0,73.0,8.45
1765482065.7044592,99,54,56,41,46,3.716175079345703,72.0,73.0,8.45
1765482065.9058099,99,54,56,41,46,3.716175079345703,72.0,73.0,8.45
1765482066.1070285,99,25,38,20,32,3.7167510986328125,72.0,73.5,9.17
1765482066.3082097,99,25,38,20,32,3.7167510986328125,72.0,73.5,9.17
1765482066.5091484,99,20,26,20,20,3.716197967529297,72.0,73.0,7.883
1765482066.7102315,99,20,26,20,20,3.716197967529297,72.0,73.0,7.883
1765482066.911328,99,20,26,20,20,3.716197967529297,72.0,73.0,7.883
1765482067.1129973,99,34,35,54,30,3.7153701782226562,72.0,73.0,8.147
1765482067.314292,99,34,35,54,30,3.7153701782226562,72.0,73.0,8.147
1765482067.5154881,99,56,27,31,29,3.7156982421875,71.5,73.0,8.594
1765482067.7166786,99,56,27,31,29,3.7156982421875,71.5,73.0,8.594
1765482067.9179733,99,56,27,31,29,3.7156982421875,71.5,73.0,8.594
1765482068.119039,99,14,22,15,17,3.716541290283203,72.0,74.0,9.013
1765482068.3202496,99,14,22,15,17,3.716541290283203,72.0,74.0,9.013
1765482068.5214355,99,56,26,27,37,3.7160797119140625,72.0,73.5,8.712
1765482068.7228403,99,56,26,27,37,3.7160797119140625,72.0,73.5,8.712
1765482068.9246008,99,56,26,27,37,3.7160797119140625,72.0,73.5,8.712
1765482069.125829,99,26,41,30,26,3.7157974243164062,71.5,74.0,8.712
1765482069.3269277,99,26,41,30,26,3.7157974243164062,71.5,74.0,8.712
1765482069.5278351,99,25,38,22,28,3.7161521911621094,72.0,73.5,9.17
1765482069.7291007,99,25,38,22,28,3.7161521911621094,72.0,73.5,9.17
1765482069.9301374,99,25,38,22,28,3.7161521911621094,72.0,73.5,9.17
1765482070.1316838,99,30,8,17,37,3.716533660888672,72.0,73.0,8.608
1765482070.3425944,99,30,8,17,37,3.716533660888672,72.0,73.0,8.608
1765482070.5435963,99,37,38,30,49,3.7160377502441406,71.5,73.5,9.013
1765482070.7446277,99,37,38,30,49,3.7160377502441406,71.5,73.5,9.013
1765482070.9457479,99,37,38,30,49,3.7160377502441406,71.5,73.5,9.013
1765482071.1474872,99,14,27,19,21,3.7162322998046875,72.0,73.5,8.752
1765482071.3486965,99,14,27,19,21,3.7162322998046875,72.0,73.5,8.752
1765482071.5532212,99,14,27,19,21,3.7162322998046875,72.0,73.5,8.752
1765482071.7543204,99,48,28,33,30,3.7166175842285156,72.0,73.5,9.092
1765482071.9554596,99,48,28,33,30,3.7166175842285156,72.0,73.5,9.092
1765482072.1569374,99,23,35,21,15,3.7161102294921875,72.0,73.5,9.052
1765482072.3581665,99,23,35,21,15,3.7161102294921875,72.0,73.5,9.052
1765482072.5593526,99,23,35,21,15,3.7161102294921875,72.0,73.5,9.052
1765482072.760997,99,34,38,35,33,3.716217041015625,72.0,73.5,8.752
1765482072.9623795,99,34,38,35,33,3.716217041015625,72.0,73.5,8.752
1765482073.1635015,99,36,53,44,33,3.7157440185546875,72.0,74.5,9.313
1765482073.3645275,99,36,53,44,33,3.7157440185546875,72.0,74.5,9.313
1765482073.566169,99,36,53,44,33,3.7157440185546875,72.0,74.5,9.313
1765482073.7695582,99,27,33,30,22,3.7170372009277344,71.5,74.0,9.092
1765482073.9707413,99,27,33,30,22,3.7170372009277344,71.5,74.0,9.092
1765482074.1721296,99,29,33,30,23,3.7161102294921875,72.0,73.5,9.234
1765482074.3732564,99,29,33,30,23,3.7161102294921875,72.0,73.5,9.234
1765482074.5743248,99,29,33,30,23,3.7161102294921875,72.0,73.5,9.234
1765482074.7753499,99,49,38,30,36,3.716094970703125,72.0,73.5,8.385
1765482074.9765487,99,49,38,30,36,3.716094970703125,72.0,73.5,8.385
1765482075.1777685,99,26,28,30,28,3.7160301208496094,72.0,73.5,8.121
1765482075.3791,99,26,28,30,28,3.7160301208496094,72.0,73.5,8.121
1765482075.580226,99,26,28,30,28,3.7160301208496094,72.0,73.5,8.121
1765482075.781173,99,42,22,26,18,3.7163238525390625,72.5,73.5,8.974
1765482075.9822683,99,42,22,26,18,3.7163238525390625,72.5,73.5,8.974
1765482076.1833873,99,41,40,37,35,3.716045379638672,72.0,73.5,9.013
1765482076.3845882,99,41,40,37,35,3.716045379638672,72.0,73.5,9.013
1765482076.5855026,99,41,40,37,35,3.716045379638672,72.0,73.5,9.013
1765482076.7866514,99,33,29,24,17,3.7164306640625,71.5,73.5,7.312
1765482076.9877577,99,33,29,24,17,3.7164306640625,71.5,73.5,7.312
1765482077.1890602,99,34,24,26,44,3.7169761657714844,72.5,74.5,10.027
1765482077.3904994,99,34,24,26,44,3.7169761657714844,72.5,74.5,10.027
1765482077.5916457,99,34,24,26,44,3.7169761657714844,72.5,74.5,10.027
1765482077.7938144,99,46,22,32,26,3.716339111328125,72.5,73.5,8.791
1765482077.9950066,99,46,22,32,26,3.716339111328125,72.5,73.5,8.791
1765482078.1963592,23,22,22,20,38,3.7163658142089844,72.0,73.0,6.738
1765482078.397755,23,22,22,20,38,3.7163658142089844,72.0,73.0,6.738
1765482078.5988803,23,22,22,20,38,3.7163658142089844,72.0,73.0,6.738
1765482078.8000512,99,42,30,26,20,3.7160987854003906,72.5,73.5,8.934
1765482079.0016007,99,42,30,26,20,3.7160987854003906,72.5,73.5,8.934
1765482079.202842,99,31,25,37,44,3.7169723510742188,72.5,74.0,9.713
1765482079.4038444,99,31,25,37,44,3.7169723510742188,72.5,74.0,9.713
1765482079.6049564,99,31,25,37,44,3.7169723510742188,72.5,74.0,9.713
1765482079.8062208,64,18,24,18,19,3.7161293029785156,71.5,73.0,6.897
1765482080.007243,64,18,24,18,19,3.7161293029785156,71.5,73.0,6.897
1765482080.2087693,99,31,56,30,25,3.716541290283203,72.5,73.5,9.052
1765482080.4098206,99,31,56,30,25,3.716541290283203,72.5,73.5,9.052
1765482080.6112838,99,31,56,30,25,3.716541290283203,72.5,73.5,9.052
1765482080.8129728,99,52,32,29,32,3.7164459228515625,72.0,74.0,9.792
1765482081.0142443,99,52,32,29,32,3.7164459228515625,72.0,74.0,9.792
1765482081.2155914,99,52,32,29,32,3.7164459228515625,72.0,74.0,9.792
1765482081.4179096,81,12,14,19,18,3.7161483764648438,72.0,73.0,6.749
1765482081.619137,81,12,14,19,18,3.7161483764648438,72.0,73.0,6.749
1765482081.820456,99,45,37,40,37,3.715606689453125,72.5,73.5,8.974
1765482082.0218098,99,45,37,40,37,3.715606689453125,72.5,73.5,8.974
1765482082.2228465,99,46,36,41,40,3.7166709899902344,72.5,73.5,9.352
1765482082.4241204,99,46,36,41,40,3.7166709899902344,72.5,73.5,9.352
1765482082.6253529,99,46,36,41,40,3.7166709899902344,72.5,73.5,9.352
1765482082.8266644,99,8,17,19,24,3.7169265747070312,72.5,73.5,8.226
1765482083.027872,99,8,17,19,24,3.7169265747070312,72.5,73.5,8.226
1765482083.229105,99,8,17,19,24,3.7169265747070312,72.5,73.5,8.226
1765482083.4321778,99,28,26,50,37,3.7162857055664062,72.5,74.0,9.17
1765482083.633226,99,28,26,50,37,3.7162857055664062,72.5,74.0,9.17
1765482083.8342505,99,28,56,22,40,3.7162208557128906,72.5,73.5,8.791
1765482084.0354586,99,28,56,22,40,3.7162208557128906,72.5,73.5,8.791
1765482084.2366116,99,28,56,22,40,3.7162208557128906,72.5,73.5,8.791
1765482084.437859,99,24,22,30,20,3.716339111328125,72.0,73.5,8.385
1765482084.6390674,99,24,22,30,20,3.716339111328125,72.0,73.5,8.385
1765482084.8405635,99,30,25,25,37,3.7164154052734375,72.5,74.0,8.934
1765482085.0416825,99,30,25,25,37,3.7164154052734375,72.5,74.0,8.934
1765482085.2428322,99,30,25,25,37,3.7164154052734375,72.5,74.0,8.934
1765482085.4442039,99,42,53,29,19,3.7164840698242188,72.5,73.5,8.949
1765482085.6453538,99,42,53,29,19,3.7164840698242188,72.5,73.5,8.949
1765482085.8465085,99,20,20,18,16,3.716045379638672,72.5,73.5,8.002
1765482086.0478766,99,20,20,18,16,3.716045379638672,72.5,73.5,8.002
1765482086.2490718,99,20,20,18,16,3.716045379638672,72.5,73.5,8.002
1765482086.450276,99,44,27,53,30,3.716907501220703,72.5,74.0,8.974
1765482086.651863,99,44,27,53,30,3.716907501220703,72.5,74.0,8.974
1765482086.8543425,99,16,43,15,21,3.7158279418945312,72.5,73.0,8.752
1765482087.0555937,99,16,43,15,21,3.7158279418945312,72.5,73.0,8.752
1765482087.256812,99,16,43,15,21,3.7158279418945312,72.5,73.0,8.752
1765482087.458241,99,22,24,31,28,3.7163619995117188,72.5,73.5,8.529
1765482087.6595838,99,22,24,31,28,3.7163619995117188,72.5,73.5,8.529
1765482087.8606699,99,44,22,30,40,3.71649169921875,72.5,73.5,8.226
1765482088.0618541,99,44,22,30,40,3.71649169921875,72.5,73.5,8.226
1765482088.2630956,99,44,22,30,40,3.71649169921875,72.5,73.5,8.226
1765482088.4642918,99,29,26,41,35,3.7168312072753906,72.5,74.0,9.234
1765482088.6653776,99,29,26,41,35,3.7168312072753906,72.5,74.0,9.234
1765482088.866436,99,28,20,17,19,3.716522216796875,72.5,73.5,8.633
1765482089.0677319,99,28,20,17,19,3.716522216796875,72.5,73.5,8.633
1765482089.2693875,99,28,20,17,19,3.716522216796875,72.5,73.5,8.633
1765482089.4707344,99,44,52,41,51,3.7161941528320312,72.5,73.5,8.752
1765482089.6728268,99,44,52,41,51,3.7161941528320312,72.5,73.5,8.752
1765482089.874023,99,26,30,29,39,3.7163925170898438,72.5,74.0,8.949
1765482090.0753586,99,26,30,29,39,3.7163925170898438,72.5,74.0,8.949
1765482090.2765915,99,26,30,29,39,3.7163925170898438,72.5,74.0,8.949
1765482090.477663,99,20,17,20,30,3.716625213623047,72.0,73.5,9.195
1765482090.678766,99,20,17,20,30,3.716625213623047,72.0,73.5,9.195
1765482090.8797507,99,32,18,46,22,3.7161941528320312,72.0,73.0,8.266
1765482091.0811584,99,32,18,46,22,3.7161941528320312,72.0,73.0,8.266
1765482091.2823467,99,32,18,46,22,3.7161941528320312,72.0,73.0,8.266
1765482091.483721,99,46,34,37,20,3.716064453125,72.0,74.0,8.568
1765482091.6851292,99,46,34,37,20,3.716064453125,72.0,74.0,8.568
1765482091.8862526,99,40,19,16,21,3.716777801513672,72.0,74.0,9.352
1765482092.0875638,99,40,19,16,21,3.716777801513672,72.0,74.0,9.352
1765482092.28881,99,40,19,16,21,3.716777801513672,72.0,74.0,9.352
1765482092.490169,99,52,31,26,30,3.7163047790527344,72.0,73.0,8.266
1765482092.6913338,99,52,31,26,30,3.7163047790527344,72.0,73.0,8.266
1765482092.8931243,99,52,31,26,30,3.7163047790527344,72.0,73.0,8.266
1765482093.09433,99,36,32,26,18,3.7162399291992188,71.5,73.0,7.539
1765482093.2957134,99,36,32,26,18,3.7162399291992188,71.5,73.0,7.539
1765482093.4969668,99,52,41,30,34,3.7159423828125,72.5,74.0,9.013
1765482093.6981711,99,52,41,30,34,3.7159423828125,72.5,74.0,9.013
1765482093.89926,99,52,41,30,34,3.7159423828125,72.5,74.0,9.013
1765482094.1005013,99,26,16,41,19,3.7169189453125,72.5,74.0,9.352
1765482094.3016024,99,26,16,41,19,3.7169189453125,72.5,74.0,9.352
1765482094.5027742,46,26,21,20,25,3.71636962890625,72.0,73.5,7.046
1765482094.7039561,46,26,21,20,25,3.71636962890625,72.0,73.5,7.046
1765482094.9050791,46,26,21,20,25,3.71636962890625,72.0,73.5,7.046
1765482095.1062474,99,28,28,47,21,3.7160110473632812,72.5,73.5,8.974
1765482095.3075423,99,28,28,47,21,3.7160110473632812,72.5,73.5,8.974
1765482095.5087962,99,36,45,54,37,3.7168312072753906,73.0,74.0,9.69
1765482095.710059,99,36,45,54,37,3.7168312072753906,73.0,74.0,9.69
1765482095.911152,99,36,45,54,37,3.7168312072753906,73.0,74.0,9.69
1765482096.1126528,85,10,18,11,10,3.7164306640625,71.5,73.0,6.549
1765482096.3139386,85,10,18,11,10,3.7164306640625,71.5,73.0,6.549
1765482096.5151458,99,40,48,46,49,3.7162628173828125,72.5,74.0,8.673
1765482096.717484,99,40,48,46,49,3.7162628173828125,72.5,74.0,8.673
1765482096.9187062,99,40,48,46,49,3.7162628173828125,72.5,74.0,8.673
1765482097.1198442,99,28,37,44,40,3.7166404724121094,72.5,73.5,8.934
1765482097.321051,99,28,37,44,40,3.7166404724121094,72.5,73.5,8.934
1765482097.5223947,69,26,25,23,23,3.7170944213867188,71.5,73.5,7.205
1765482097.723778,69,26,25,23,23,3.7170944213867188,71.5,73.5,7.205
1765482097.9251418,69,26,25,23,23,3.7170944213867188,71.5,73.5,7.205
1765482098.1263907,99,22,21,41,20,3.716266632080078,72.0,73.5,8.673
1765482098.3309596,99,22,21,41,20,3.716266632080078,72.0,73.5,8.673
1765482098.5321739,99,56,35,40,29,3.716320037841797,72.5,74.0,9.013
1765482098.733372,99,56,35,40,29,3.716320037841797,72.5,74.0,9.013
1765482098.9344842,99,56,35,40,29,3.716320037841797,72.5,74.0,9.013
1765482099.1361947,99,20,20,16,17,3.716472625732422,72.5,73.5,7.777
1765482099.33733,99,20,20,16,17,3.716472625732422,72.5,73.5,7.777
1765482099.5384932,99,39,24,53,25,3.7167510986328125,72.5,74.0,9.249
1765482099.7396274,99,39,24,53,25,3.7167510986328125,72.5,74.0,9.249
1765482099.9407141,99,39,24,53,25,3.7167510986328125,72.5,74.0,9.249
1765482100.1418242,99,29,20,21,46,3.7164382934570312,72.0,73.5,8.45
1765482100.3429673,99,29,20,21,46,3.7164382934570312,72.0,73.5,8.45
1765482100.5441415,99,32,26,26,21,3.7163963317871094,72.0,73.5,7.883
