ts,gpu,cpu1,cpu2,cpu3,cpu4,ram,temp_gpu,temp_cpu,power
1765482584.4576879,0,72,30,31,18,3.644641876220703,69.5,72.5,3.174
1765482584.6587422,0,72,30,31,18,3.644641876220703,69.5,72.5,3.174
1765482584.8598773,0,72,30,31,18,3.644641876220703,69.5,72.5,3.174
1765482585.061569,0,72,30,31,18,3.644641876220703,69.5,72.5,3.174
1765482585.2631602,0,72,30,31,18,3.644641876220703,69.5,72.5,3.174
1765482585.4643166,96,24,21,25,28,3.6187973022460938,49.5,50.0,5.929
1765482585.665466,99,44,37,80,48,3.618377685546875,49.5,50.5,8.266
1765482585.8670397,99,44,37,80,48,3.618377685546875,49.5,50.5,8.266
1765482586.0732794,99,57,45,70,78,3.6200523376464844,49.5,52.0,7.843
1765482586.2753022,99,57,45,70,78,3.6200523376464844,49.5,52.0,7.843
1765482586.4765818,99,57,45,70,78,3.6200523376464844,49.5,52.0,7.843
1765482586.677712,99,74,52,64,48,3.603076934814453,50.0,50.5,7.725
1765482586.878854,99,74,52,64,48,3.603076934814453,50.0,50.5,7.725
1765482587.0797868,99,74,52,64,48,3.603076934814453,50.0,50.5,7.725
1765482587.280988,90,28,26,26,18,3.606830596923828,50.0,50.5,6.629
1765482587.4820924,90,28,26,26,18,3.606830596923828,50.0,50.5,6.629
1765482587.6832504,99,50,38,36,72,3.602764129638672,50.0,51.0,7.923
1765482587.8844144,99,50,38,36,72,3.602764129638672,50.0,51.0,7.923
1765482588.085434,99,50,38,36,72,3.602764129638672,50.0,51.0,7.923
1765482588.2864594,85,14,18,19,22,3.606658935546875,49.5,50.0,5.769
1765482588.4873395,85,14,18,19,22,3.606658935546875,49.5,50.0,5.769
1765482588.6886785,99,26,22,61,14,3.605792999267578,50.0,50.5,7.471
1765482588.889849,99,26,22,61,14,3.605792999267578,50.0,50.5,7.471
1765482589.0909915,99,26,22,61,14,3.605792999267578,50.0,50.5,7.471
1765482589.2920864,99,16,21,19,20,3.6077537536621094,49.5,50.5,6.049
1765482589.4934423,99,16,21,19,20,3.6077537536621094,49.5,50.5,6.049
1765482589.6944194,99,30,30,33,62,3.608753204345703,50.5,50.5,6.886
1765482589.8955424,99,30,30,33,62,3.608753204345703,50.5,50.5,6.886
1765482590.0965526,99,30,30,33,62,3.608753204345703,50.5,50.5,6.886
1765482590.2980053,16,16,21,18,15,3.609111785888672,49.5,51.5,6.049
1765482590.4988825,16,16,21,18,15,3.609111785888672,49.5,51.5,6.049
1765482590.700114,99,30,32,39,30,3.60186767578125,50.0,50.0,6.738
1765482590.9012783,99,30,32,39,30,3.60186767578125,50.0,50.0,6.738
1765482591.1023686,99,30,32,39,30,3.60186767578125,50.0,50.0,6.738
1765482591.3035393,99,25,29,36,17,3.60205078125,50.0,50.5,6.846
1765482591.5050635,99,25,29,36,17,3.60205078125,50.0,50.5,6.846
1765482591.7061312,99,31,30,30,60,3.6017189025878906,50.5,51.0,8.555
1765482591.907101,99,31,30,30,60,3.6017189025878906,50.5,51.0,8.555
1765482592.108541,99,31,30,30,60,3.6017189025878906,50.5,51.0,8.555
1765482592.3121421,99,39,36,31,41,3.6019058227539062,50.0,52.0,7.764
1765482592.5134747,99,39,36,31,41,3.6019058227539062,50.0,52.0,7.764
1765482592.7145364,99,51,46,48,48,3.6019439697265625,50.5,50.5,7.618
1765482592.9157465,99,51,46,48,48,3.6019439697265625,50.5,50.5,7.618
1765482593.1167598,99,51,46,48,48,3.6019439697265625,50.5,50.5,7.618
1765482593.317928,99,38,50,62,41,3.6020774841308594,50.0,52.0,7.685
1765482593.519027,99,38,50,62,41,3.6020774841308594,50.0,52.0,7.685
1765482593.7200754,99,26,24,42,24,3.6032791137695312,50.5,51.0,7.883
1765482593.9210138,99,26,24,42,24,3.6032791137695312,50.5,51.0,7.883
1765482594.1222875,99,26,24,42,24,3.6032791137695312,50.5,51.0,7.883
1765482594.3236475,99,20,25,18,34,3.602123260498047,50.5,50.5,7.392
1765482594.524455,99,20,25,18,34,3.602123260498047,50.5,50.5,7.392
1765482594.7258112,99,20,25,18,34,3.602123260498047,50.5,50.5,7.392
1765482594.9268026,99,28,22,20,30,3.6021041870117188,50.5,51.0,7.074
1765482595.1280365,99,28,22,20,30,3.6021041870117188,50.5,51.0,7.074
1765482595.3290522,99,31,31,47,34,3.601886749267578,50.5,51.0,7.697
1765482595.5301063,99,31,31,47,34,3.601886749267578,50.5,51.0,7.697
1765482595.7311268,99,31,31,47,34,3.601886749267578,50.5,51.0,7.697
1765482595.9321647,99,53,21,36,23,3.6034698486328125,50.5,51.5,8.712
1765482596.1334457,99,53,21,36,23,3.6034698486328125,50.5,51.5,8.712
1765482596.3344758,99,48,33,37,60,3.601154327392578,50.5,51.0,7.312
1765482596.5355082,99,48,33,37,60,3.601154327392578,50.5,51.0,7.312
1765482596.7365875,99,48,33,37,60,3.601154327392578,50.5,51.0,7.312
1765482596.9375448,99,17,26,25,23,3.6024398803710938,51.0,51.0,6.926
1765482597.1386454,99,17,26,25,23,3.6024398803710938,51.0,51.0,6.926
1765482597.3398468,99,30,44,42,28,3.6015052795410156,51.0,51.5,8.147
1765482597.5411632,99,30,44,42,28,3.6015052795410156,51.0,51.5,8.147
1765482597.7422798,99,30,44,42,28,3.6015052795410156,51.0,51.5,8.147
1765482597.9433007,99,10,13,12,18,3.6022300720214844,50.5,50.5,7.046
1765482598.1444635,99,10,13,12,18,3.6022300720214844,50.5,50.5,7.046
1765482598.3455296,98,29,29,20,66,3.6019134521484375,50.5,51.0,7.578
1765482598.546707,98,29,29,20,66,3.6019134521484375,50.5,51.0,7.578
1765482598.7480297,98,29,29,20,66,3.6019134521484375,50.5,51.0,7.578
1765482598.949194,99,22,14,25,10,3.6014976501464844,50.5,51.0,7.539
1765482599.1503377,99,22,14,25,10,3.6014976501464844,50.5,51.0,7.539
1765482599.3512428,99,25,65,23,28,3.6027183532714844,50.5,51.5,8.147
1765482599.5524035,99,25,65,23,28,3.6027183532714844,50.5,51.5,8.147
1765482599.7534695,99,25,65,23,28,3.6027183532714844,50.5,51.5,8.147
1765482599.9545898,99,10,4,15,10,3.602031707763672,51.0,50.5,6.857
1765482600.1555853,99,10,4,15,10,3.602031707763672,51.0,50.5,6.857
1765482600.3564963,99,44,50,44,37,3.602069854736328,51.0,51.5,7.923
1765482600.5581381,99,44,50,44,37,3.602069854736328,51.0,51.5,7.923
1765482600.7593646,99,44,50,44,37,3.602069854736328,51.0,51.5,7.923
1765482600.9604597,99,12,18,16,15,3.6034469604492188,50.5,51.0,6.818
1765482601.161661,99,12,18,16,15,3.6034469604492188,50.5,51.0,6.818
1765482601.362896,99,60,31,36,29,3.604228973388672,51.0,51.5,8.147
1765482601.5641491,99,60,31,36,29,3.604228973388672,51.0,51.5,8.147
1765482601.7653654,99,60,31,36,29,3.604228973388672,51.0,51.5,8.147
1765482601.966388,98,35,30,30,37,3.6015052795410156,50.5,51.0,6.966
1765482602.1683793,98,35,30,30,37,3.6015052795410156,50.5,51.0,6.966
1765482602.3695865,99,49,64,46,44,3.602458953857422,51.0,51.5,7.233
1765482602.5706303,99,49,64,46,44,3.602458953857422,51.0,51.5,7.233
1765482602.7717059,99,49,64,46,44,3.602458953857422,51.0,51.5,7.233
1765482602.972952,99,28,32,28,32,3.6030960083007812,51.0,52.0,7.843
1765482603.174013,99,28,32,28,32,3.6030960083007812,51.0,52.0,7.843
1765482603.375038,99,31,30,64,24,3.6030197143554688,51.0,51.5,7.125
1765482603.5762398,99,31,30,64,24,3.6030197143554688,51.0,51.5,7.125
1765482603.777301,99,31,30,64,24,3.6030197143554688,51.0,51.5,7.125
1765482603.9783938,99,25,22,18,18,3.603290557861328,51.0,51.0,6.469
1765482604.180033,99,25,22,18,18,3.603290557861328,51.0,51.0,6.469
1765482604.3809693,99,36,45,31,55,3.6029624938964844,51.0,51.5,7.006
1765482604.5819778,99,36,45,31,55,3.6029624938964844,51.0,51.5,7.006
1765482604.782999,99,36,45,31,55,3.6029624938964844,51.0,51.5,7.006
1765482604.9842732,94,20,22,15,23,3.6001319885253906,51.0,52.0,6.937
1765482605.1855204,94,20,22,15,23,3.6001319885253906,51.0,52.0,6.937
1765482605.3865788,94,20,22,15,23,3.6001319885253906,51.0,52.0,6.937
1765482605.5876696,99,20,22,32,53,3.5996131896972656,51.0,51.5,6.738
1765482605.7888155,99,20,22,32,53,3.5996131896972656,51.0,51.5,6.738
1765482605.9906116,99,14,21,13,17,3.6001663208007812,50.5,51.0,4.911
1765482606.1916382,99,14,21,13,17,3.6001663208007812,50.5,51.0,4.911
1765482606.3925476,99,14,21,13,17,3.6001663208007812,50.5,51.0,4.911
1765482606.59385,99,70,30,25,41,3.600109100341797,51.5,51.5,7.352
1765482606.7951334,99,70,30,25,41,3.600109100341797,51.5,51.5,7.352
1765482606.99654,90,8,12,14,9,3.6005096435546875,50.5,52.5,6.04
1765482607.1974883,90,8,12,14,9,3.6005096435546875,50.5,52.5,6.04
1765482607.3984797,90,8,12,14,9,3.6005096435546875,50.5,52.5,6.04
1765482607.599452,99,28,26,28,54,3.5999908447265625,51.0,51.5,6.818
1765482607.800514,99,28,26,28,54,3.5999908447265625,51.0,51.5,6.818
1765482608.00167,67,23,21,14,26,3.6004714965820312,51.0,51.5,5.537
1765482608.202768,67,23,21,14,26,3.6004714965820312,51.0,51.5,5.537
1765482608.4037225,67,23,21,14,26,3.6004714965820312,51.0,51.5,5.537
1765482608.6048884,99,27,60,28,20,3.6002235412597656,51.5,52.0,7.392
1765482608.8058586,99,27,60,28,20,3.6002235412597656,51.5,52.0,7.392
1765482609.0070472,85,17,17,14,13,3.600696563720703,50.5,52.5,5.738
1765482609.208166,85,17,17,14,13,3.600696563720703,50.5,52.5,5.738
1765482609.4092705,85,17,17,14,13,3.600696563720703,50.5,52.5,5.738
1765482609.6102774,99,36,31,28,41,3.6011619567871094,51.0,51.5,6.966
1765482609.811515,99,36,31,28,41,3.6011619567871094,51.0,51.5,6.966
1765482610.0127895,99,22,31,18,24,3.6009521484375,51.0,52.5,7.046
1765482610.213751,99,22,31,18,24,3.6009521484375,51.0,52.5,7.046
1765482610.41478,99,22,31,18,24,3.6009521484375,51.0,52.5,7.046
1765482610.6160471,99,22,16,46,15,3.6019630432128906,51.5,52.5,7.777
1765482610.817058,99,22,16,46,15,3.6019630432128906,51.5,52.5,7.777
1765482611.0182052,99,24,29,16,27,3.6011810302734375,51.5,53.0,7.352
1765482611.2191393,99,24,29,16,27,3.6011810302734375,51.5,53.0,7.352
1765482611.4202857,99,24,29,16,27,3.6011810302734375,51.5,53.0,7.352
1765482611.621462,99,36,28,20,16,3.6018295288085938,51.5,52.0,7.352
1765482611.8228486,99,36,28,20,16,3.6018295288085938,51.5,52.0,7.352
1765482612.0238483,99,43,27,38,32,3.6049957275390625,51.5,52.5,7.883
1765482612.2248213,99,43,27,38,32,3.6049957275390625,51.5,52.5,7.883
1765482612.4257514,99,43,27,38,32,3.6049957275390625,51.5,52.5,7.883
1765482612.6271846,99,35,29,48,42,3.6065940856933594,51.5,52.0,8.345
1765482612.8285367,99,35,29,48,42,3.6065940856933594,51.5,52.0,8.345
1765482613.029632,99,57,54,62,50,3.6065292358398438,51.5,53.0,7.989
1765482613.2305803,99,57,54,62,50,3.6065292358398438,51.5,53.0,7.989
1765482613.4318302,99,57,54,62,50,3.6065292358398438,51.5,53.0,7.989
1765482613.6330616,99,34,30,29,47,3.6037025451660156,51.5,52.5,8.081
1765482613.8342297,99,34,30,29,47,3.6037025451660156,51.5,52.5,8.081
1765482614.0580163,99,32,33,24,40,3.6051597595214844,51.5,52.5,7.764
1765482614.2590652,99,32,33,24,40,3.6051597595214844,51.5,52.5,7.764
1765482614.4602451,99,32,33,24,40,3.6051597595214844,51.5,52.5,7.764
1765482614.661412,98,14,26,17,18,3.6042518615722656,51.5,52.0,7.046
1765482614.8633785,98,14,26,17,18,3.6042518615722656,51.5,52.0,7.046
1765482615.0645742,99,26,55,21,29,3.6038970947265625,52.0,52.5,7.233
1765482615.265541,99,26,55,21,29,3.6038970947265625,52.0,52.5,7.233
1765482615.4666247,99,26,55,21,29,3.6038970947265625,52.0,52.5,7.233
1765482615.6676748,99,24,28,20,20,3.603778839111328,51.5,52.0,7.245
1765482615.8687088,99,24,28,20,20,3.603778839111328,51.5,52.0,7.245
1765482616.0699787,99,24,45,32,25,3.6053619384765625,52.0,52.5,7.883
1765482616.271115,99,24,45,32,25,3.6053619384765625,52.0,52.5,7.883
1765482616.4721184,99,24,45,32,25,3.6053619384765625,52.0,52.5,7.883
1765482616.673212,99,10,18,17,12,3.6041030883789062,51.5,52.0,6.966
1765482616.874412,99,10,18,17,12,3.6041030883789062,51.5,52.0,6.966
1765482617.0754752,99,10,18,17,12,3.6041030883789062,51.5,52.0,6.966
1765482617.2766678,99,60,21,31,25,3.6049652099609375,51.5,54.0,7.38
1765482617.4779475,99,60,21,31,25,3.6049652099609375,51.5,54.0,7.38
1765482617.6795185,99,23,17,18,16,3.6052627563476562,51.5,52.5,7.352
1765482617.8807335,99,23,17,18,16,3.6052627563476562,51.5,52.5,7.352
1765482618.081833,99,23,17,18,16,3.6052627563476562,51.5,52.5,7.352
1765482618.2829013,98,16,20,18,65,3.604846954345703,52.0,53.0,7.883
1765482618.4841268,98,16,20,18,65,3.604846954345703,52.0,53.0,7.883
1765482618.685124,99,22,10,20,12,3.6048431396484375,52.0,52.5,7.312
1765482618.8863504,99,22,10,20,12,3.6048431396484375,52.0,52.5,7.312
1765482619.0977929,99,22,10,20,12,3.6048431396484375,52.0,52.5,7.312
1765482619.2987747,99,32,36,34,51,3.6048736572265625,52.0,52.5,7.499
1765482619.4997964,99,32,36,34,51,3.6048736572265625,52.0,52.5,7.499
1765482619.7008667,99,21,16,22,12,3.6064796447753906,52.5,52.5,7.618
1765482619.9023104,99,21,16,22,12,3.6064796447753906,52.5,52.5,7.618
1765482620.1035347,99,21,16,22,12,3.6064796447753906,52.5,52.5,7.618
1765482620.3047194,99,60,25,18,18,3.6052513122558594,52.0,52.5,7.697
1765482620.505869,99,60,25,18,18,3.6052513122558594,52.0,52.5,7.697
1765482620.706906,98,19,20,18,12,3.6055030822753906,52.0,52.5,6.658
1765482620.9082274,98,19,20,18,12,3.6055030822753906,52.0,52.5,6.658
1765482621.1092293,98,19,20,18,12,3.6055030822753906,52.0,52.5,6.658
1765482621.3103516,99,41,36,25,57,3.604686737060547,52.5,52.5,7.165
1765482621.5115266,99,41,36,25,57,3.604686737060547,52.5,52.5,7.165
1765482621.7126715,99,8,8,10,13,3.6055145263671875,52.0,52.5,6.897
1765482621.9136918,99,8,8,10,13,3.6055145263671875,52.0,52.5,6.897
1765482622.114737,99,8,8,10,13,3.6055145263671875,52.0,52.5,6.897
1765482622.315774,99,34,59,25,18,3.6048355102539062,52.5,52.5,6.818
1765482622.516909,99,34,59,25,18,3.6048355102539062,52.5,52.5,6.818
1765482622.717928,96,22,18,14,16,3.6053848266601562,52.0,52.0,6.429
1765482622.9190435,96,22,18,14,16,3.6053848266601562,52.0,52.0,6.429
1765482623.1203861,96,22,18,14,16,3.6053848266601562,52.0,52.0,6.429
1765482623.321516,99,33,30,71,32,3.6180992126464844,52.5,53.0,8.252
1765482623.5226452,99,33,30,71,32,3.6180992126464844,52.5,53.0,8.252
1765482623.7239056,99,10,6,6,11,3.617847442626953,52.0,52.5,7.273
1765482623.9251878,99,10,6,6,11,3.617847442626953,52.0,52.5,7.273
1765482624.1263661,99,10,6,6,11,3.617847442626953,52.0,52.5,7.273
1765482624.3275354,99,34,29,22,72,3.6178207397460938,52.5,52.5,7.737
1765482624.528541,99,34,29,22,72,3.6178207397460938,52.5,52.5,7.737
1765482624.7296953,99,19,21,15,14,3.6182327270507812,52.0,52.5,7.193
1765482624.9308045,99,19,21,15,14,3.6182327270507812,52.0,52.5,7.193
1765482625.131725,99,19,21,15,14,3.6182327270507812,52.0,52.5,7.193
1765482625.332781,99,62,29,27,16,3.618328094482422,52.5,53.5,8.029
1765482625.533863,99,62,29,27,16,3.618328094482422,52.5,53.5,8.029
1765482625.7349005,99,14,12,14,15,3.6176795959472656,52.0,52.5,7.006
1765482625.936351,99,14,12,14,15,3.6176795959472656,52.0,52.5,7.006
1765482626.1373484,99,14,12,14,15,3.6176795959472656,52.0,52.5,7.006
1765482626.33832,99,26,38,58,26,3.617462158203125,52.5,53.0,7.352
1765482626.5393317,99,26,38,58,26,3.617462158203125,52.5,53.0,7.352
1765482626.74025,98,22,19,12,14,3.617626190185547,52.5,53.0,6.778
1765482626.941474,98,22,19,12,14,3.617626190185547,52.5,53.0,6.778
1765482627.1424353,98,22,19,12,14,3.617626190185547,52.5,53.0,6.778
1765482627.3434284,99,57,27,17,8,3.6186180114746094,52.5,52.5,7.658
1765482627.5444133,99,57,27,17,8,3.6186180114746094,52.5,52.5,7.658
1765482627.7453237,99,19,20,10,14,3.6174774169921875,52.5,52.5,6.36
1765482627.9463363,99,19,20,10,14,3.6174774169921875,52.5,52.5,6.36
1765482628.1474068,99,19,20,10,14,3.6174774169921875,52.5,52.5,6.36
1765482628.3486433,99,34,53,39,32,3.61773681640625,52.5,53.0,7.233
1765482628.5497916,99,34,53,39,32,3.61773681640625,52.5,53.0,7.233
1765482628.750752,99,12,12,17,14,3.6186485290527344,52.5,53.0,6.469
1765482628.9522555,99,12,12,17,14,3.6186485290527344,52.5,53.0,6.469
1765482629.1532497,99,12,12,17,14,3.6186485290527344,52.5,53.0,6.469
1765482629.3545399,99,21,20,56,25,3.61798095703125,52.5,53.0,6.698
1765482629.555677,99,21,20,56,25,3.61798095703125,52.5,53.0,6.698
1765482629.7567008,99,18,16,18,19,3.6178817749023438,52.0,52.5,5.032
1765482629.9578314,99,18,16,18,19,3.6178817749023438,52.0,52.5,5.032
1765482630.1587627,99,18,16,18,19,3.6178817749023438,52.0,52.5,5.032
1765482630.3598816,99,26,32,26,66,3.6182098388671875,52.5,53.0,7.046
1765482630.5609553,99,26,32,26,66,3.6182098388671875,52.5,53.0,7.046
1765482630.761935,99,26,32,26,66,3.6182098388671875,52.5,53.0,7.046
1765482630.9631605,90,15,10,12,13,3.6187286376953125,52.0,53.0,6.12
1765482631.1642828,90,15,10,12,13,3.6187286376953125,52.0,53.0,6.12
1765482631.3654597,99,32,20,26,58,3.617145538330078,52.5,52.5,7.085
1765482631.5665958,99,32,20,26,58,3.617145538330078,52.5,52.5,7.085
1765482631.7675536,99,32,20,26,58,3.617145538330078,52.5,52.5,7.085
1765482631.9685307,77,22,12,14,21,3.6182403564453125,52.0,52.5,5.273
1765482632.1698914,77,22,12,14,21,3.6182403564453125,52.0,52.5,5.273
1765482632.3710392,99,28,20,63,27,3.6177635192871094,53.0,53.0,7.085
1765482632.572218,99,28,20,63,27,3.6177635192871094,53.0,53.0,7.085
1765482632.7736392,99,28,20,63,27,3.6177635192871094,53.0,53.0,7.085
1765482632.9748137,91,18,12,15,23,3.617645263671875,52.5,53.5,6.339
1765482633.1760538,91,18,12,15,23,3.617645263671875,52.5,53.5,6.339
1765482633.377332,99,29,44,28,25,3.6178512573242188,52.5,53.0,7.432
1765482633.5783987,99,29,44,28,25,3.6178512573242188,52.5,53.0,7.432
1765482633.779552,99,29,44,28,25,3.6178512573242188,52.5,53.0,7.432
1765482633.980555,99,28,22,35,21,3.618000030517578,52.5,54.0,7.046
1765482634.1818068,99,28,22,35,21,3.618000030517578,52.5,54.0,7.046
1765482634.3828266,99,22,50,16,21,3.618988037109375,52.5,53.5,7.962
1765482634.5840254,99,22,50,16,21,3.618988037109375,52.5,53.5,7.962
1765482634.78514,99,22,50,16,21,3.618988037109375,52.5,53.5,7.962
1765482634.9861984,99,18,20,30,17,3.6176414489746094,52.5,53.5,7.165
1765482635.1872644,99,18,20,30,17,3.6176414489746094,52.5,53.5,7.165
1765482635.3884563,99,26,22,35,18,3.6183128356933594,52.5,53.0,7.245
1765482635.5896766,99,26,22,35,18,3.6183128356933594,52.5,53.0,7.245
1765482635.7908494,99,26,22,35,18,3.6183128356933594,52.5,53.0,7.245
1765482635.991974,99,29,42,20,26,3.6180763244628906,53.0,53.5,7.618
1765482636.1929746,99,29,42,20,26,3.6180763244628906,53.0,53.5,7.618
1765482636.394009,98,19,37,13,17,3.618549346923828,53.0,53.0,7.697
1765482636.5949142,98,19,37,13,17,3.618549346923828,53.0,53.0,7.697
1765482636.7958856,98,19,37,13,17,3.618549346923828,53.0,53.0,7.697
1765482636.997098,99,23,23,40,19,3.618091583251953,53.0,53.5,7.539
1765482637.1981213,99,23,23,40,19,3.618091583251953,53.0,53.5,7.539
1765482637.399147,99,23,28,20,24,3.618549346923828,53.0,53.5,7.205
1765482637.5999894,99,23,28,20,24,3.618549346923828,53.0,53.5,7.205
1765482637.800968,99,23,28,20,24,3.618549346923828,53.0,53.5,7.205
1765482638.0019758,99,44,35,30,28,3.6186485290527344,53.0,54.0,7.962
1765482638.203109,99,44,35,30,28,3.6186485290527344,53.0,54.0,7.962
1765482638.4042761,99,22,6,10,13,3.6171607971191406,53.0,53.5,6.857
1765482638.6051753,99,22,6,10,13,3.6171607971191406,53.0,53.5,6.857
1765482638.8063169,99,22,6,10,13,3.6171607971191406,53.0,53.5,6.857
1765482639.0073223,99,22,33,63,25,3.618011474609375,53.0,54.5,7.578
1765482639.208579,99,22,33,63,25,3.618011474609375,53.0,54.5,7.578
1765482639.4096692,99,21,22,24,14,3.618366241455078,53.0,53.5,6.818
1765482639.6108072,99,21,22,24,14,3.618366241455078,53.0,53.5,6.818
1765482639.8117936,99,21,22,24,14,3.618366241455078,53.0,53.5,6.818
1765482640.0130703,98,53,28,30,24,3.6188278198242188,53.0,54.5,8.331
1765482640.2141557,98,53,28,30,24,3.6188278198242188,53.0,54.5,8.331
1765482640.4151537,98,53,28,30,24,3.6188278198242188,53.0,54.5,8.331
1765482640.6161723,99,17,13,8,12,3.6180038452148438,53.0,53.0,7.312
1765482640.8174994,99,17,13,8,12,3.6180038452148438,53.0,53.0,7.312
1765482641.0188007,99,28,35,60,28,3.617767333984375,53.5,53.5,7.539
1765482641.2201972,99,28,35,60,28,3.617767333984375,53.5,53.5,7.539
1765482641.4220104,99,28,35,60,28,3.617767333984375,53.5,53.5,7.539
1765482641.6243873,99,14,18,12,19,3.61871337890625,53.0,53.5,7.125
1765482641.8254635,99,14,18,12,19,3.61871337890625,53.0,53.5,7.125
1765482642.0268164,99,56,28,22,20,3.6190261840820312,53.5,54.0,8.068
1765482642.2278075,99,56,28,22,20,3.6190261840820312,53.5,54.0,8.068
1765482642.4289649,99,56,28,22,20,3.6190261840820312,53.5,54.0,8.068
1765482642.6316707,99,22,23,23,26,3.6160812377929688,53.5,53.5,6.738
1765482642.8327773,99,22,23,23,26,3.6160812377929688,53.5,53.5,6.738
1765482643.0338783,99,45,59,32,39,3.6179656982421875,53.0,53.5,7.205
1765482643.235045,99,45,59,32,39,3.6179656982421875,53.0,53.5,7.205
1765482643.4361057,99,45,59,32,39,3.6179656982421875,53.0,53.5,7.205
1765482643.6372566,99,24,14,14,12,3.6178550720214844,53.5,54.0,7.233
1765482643.838333,99,24,14,14,12,3.6178550720214844,53.5,54.0,7.233
1765482644.0392716,99,16,22,57,18,3.6177215576171875,53.5,53.5,6.926
1765482644.2403216,99,16,22,57,18,3.6177215576171875,53.5,53.5,6.926
1765482644.441291,99,16,22,57,18,3.6177215576171875,53.5,53.5,6.926
1765482644.6425729,97,25,15,20,25,3.618213653564453,53.0,53.0,5.617
1765482644.8436868,97,25,15,20,25,3.618213653564453,53.0,53.0,5.617
1765482645.0446768,99,56,34,30,34,3.617877960205078,53.5,53.5,6.778
1765482645.2456756,99,56,34,30,34,3.617877960205078,53.5,53.5,6.778
1765482645.446731,99,56,34,30,34,3.617877960205078,53.5,53.5,6.778
1765482645.6480627,99,19,17,10,10,3.6183853149414062,53.0,53.5,5.658
1765482645.8491495,99,19,17,10,10,3.6183853149414062,53.0,53.5,5.658
1765482646.0500655,99,32,26,65,25,3.6177711486816406,53.5,54.0,6.778
1765482646.2513394,99,32,26,65,25,3.6177711486816406,53.5,54.0,6.778
1765482646.452434,99,32,26,65,25,3.6177711486816406,53.5,54.0,6.778
1765482646.6533592,37,21,17,16,23,3.618396759033203,53.0,53.5,5.072
1765482646.854632,37,21,17,16,23,3.618396759033203,53.0,53.5,5.072
1765482647.0822487,0,73,52,55,52,3.6194190979003906,52.5,55.5,5.305
1765482647.2832282,0,73,52,55,52,3.6194190979003906,52.5,55.5,5.305
1765482647.4842153,0,73,52,55,52,3.6194190979003906,52.5,55.5,5.305
1765482647.6861417,2,26,71,20,14,3.638336181640625,52.0,54.0,4.878
1765482647.8874547,2,26,71,20,14,3.638336181640625,52.0,54.0,4.878
1765482648.0885656,99,20,17,44,22,3.6373062133789062,53.5,53.5,7.085
1765482648.2896903,99,20,17,44,22,3.6373062133789062,53.5,53.5,7.085
1765482648.490739,99,20,17,44,22,3.6373062133789062,53.5,53.5,7.085
1765482648.6917896,0,22,20,26,36,3.599475860595703,52.5,53.5,5.224
1765482648.8927922,0,22,20,26,36,3.599475860595703,52.5,53.5,5.224
1765482649.0937848,99,38,42,58,36,3.601459503173828,53.5,54.5,7.658
1765482649.2949748,99,38,42,58,36,3.601459503173828,53.5,54.5,7.658
1765482649.4964097,99,38,42,58,36,3.601459503173828,53.5,54.5,7.658
1765482649.6976826,3,26,28,19,14,3.605571746826172,53.0,54.5,5.577
1765482649.898603,3,26,28,19,14,3.605571746826172,53.0,54.5,5.577
1765482650.1001818,99,44,37,28,26,3.606975555419922,53.5,53.5,6.778
1765482650.3013663,99,44,37,28,26,3.606975555419922,53.5,53.5,6.778
1765482650.5025353,99,44,37,28,26,3.606975555419922,53.5,53.5,6.778
1765482650.7037296,99,25,28,17,32,3.606903076171875,53.0,54.0,6.24
1765482650.9046183,99,25,28,17,32,3.606903076171875,53.0,54.0,6.24
1765482651.1056142,99,25,28,17,32,3.606903076171875,53.0,54.0,6.24
1765482651.3068037,99,20,16,18,49,3.60784912109375,54.0,54.5,7.883
1765482651.5077877,99,20,16,18,49,3.60784912109375,54.0,54.5,7.883
1765482651.709528,99,26,21,20,29,3.6027908325195312,53.5,54.5,6.977
1765482651.9105644,99,26,21,20,29,3.6027908325195312,53.5,54.5,6.977
1765482652.1115975,99,26,21,20,29,3.6027908325195312,53.5,54.5,6.977
1765482652.3129702,99,37,17,24,28,3.604827880859375,53.5,54.0,7.153
1765482652.5140522,99,37,17,24,28,3.604827880859375,53.5,54.0,7.153
1765482652.715204,99,35,28,30,32,3.604175567626953,53.5,55.5,7.737
1765482652.916178,99,35,28,30,32,3.604175567626953,53.5,55.5,7.737
1765482653.1173847,99,35,28,30,32,3.604175567626953,53.5,55.5,7.737
1765482653.3183775,99,16,10,10,33,3.6050338745117188,53.5,54.0,7.843
1765482653.5195997,99,16,10,10,33,3.6050338745117188,53.5,54.0,7.843
1765482653.7210376,99,28,24,44,22,3.6042022705078125,54.0,54.5,7.471
1765482653.9220335,99,28,24,44,22,3.6042022705078125,54.0,54.5,7.471
1765482654.1230986,99,28,24,44,22,3.6042022705078125,54.0,54.5,7.471
1765482654.3242524,98,19,14,38,13,3.6042022705078125,54.0,54.0,7.017
1765482654.525593,98,19,14,38,13,3.6042022705078125,54.0,54.0,7.017
1765482654.726751,99,30,30,40,32,3.6051483154296875,53.5,54.5,7.962
1765482654.927718,99,30,30,40,32,3.6051483154296875,53.5,54.5,7.962
1765482655.128775,99,30,30,40,32,3.6051483154296875,53.5,54.5,7.962
1765482655.330102,99,21,13,18,13,3.6044654846191406,54.0,54.0,7.233
1765482655.5311894,99,21,13,18,13,3.6044654846191406,54.0,54.0,7.233
1765482655.7324042,99,58,28,22,29,3.604755401611328,54.0,55.5,7.352
1765482655.933498,99,58,28,22,29,3.604755401611328,54.0,55.5,7.352
1765482656.1344082,99,58,28,22,29,3.604755401611328,54.0,55.5,7.352
1765482656.3353524,99,25,23,16,20,3.6049461364746094,53.5,54.5,6.966
1765482656.5366166,99,25,23,16,20,3.6049461364746094,53.5,54.5,6.966
1765482656.7376778,99,25,26,34,44,3.6056976318359375,54.0,54.5,8.108
1765482656.938565,99,25,26,34,44,3.6056976318359375,54.0,54.5,8.108
1765482657.1396258,99,25,26,34,44,3.6056976318359375,54.0,54.5,8.108
1765482657.3405936,99,18,13,8,16,3.6049423217773438,53.5,54.5,7.153
1765482657.5416963,99,18,13,8,16,3.6049423217773438,53.5,54.5,7.153
1765482657.7428448,99,32,29,67,20,3.605224609375,54.0,55.5,7.578
1765482657.9438052,99,32,29,67,20,3.605224609375,54.0,55.5,7.578
1765482658.145601,99,32,29,67,20,3.605224609375,54.0,55.5,7.578
1765482658.3464985,99,21,25,14,14,3.6051368713378906,54.0,54.5,7.578
1765482658.5476406,99,21,25,14,14,3.6051368713378906,54.0,54.5,7.578
1765482658.7490096,98,32,17,28,48,3.6054115295410156,54.0,55.0,7.883
1765482658.950027,98,32,17,28,48,3.6054115295410156,54.0,55.0,7.883
1765482659.1509295,98,32,17,28,48,3.6054115295410156,54.0,55.0,7.883
1765482659.351818,99,20,14,17,19,3.6060104370117188,54.0,54.5,7.432
1765482659.5529134,99,20,14,17,19,3.6060104370117188,54.0,54.5,7.432
1765482659.7540169,98,34,66,25,24,3.6067161560058594,54.0,54.5,7.618
1765482659.9549322,98,34,66,25,24,3.6067161560058594,54.0,54.5,7.618
1765482660.1560082,98,34,66,25,24,3.6067161560058594,54.0,54.5,7.618
1765482660.356924,99,18,18,22,21,3.6075897216796875,54.0,54.5,8.042
1765482660.5579674,99,18,18,22,21,3.6075897216796875,54.0,54.5,8.042
1765482660.7590847,99,21,26,57,20,3.6073036193847656,54.0,55.5,7.737
1765482660.9601488,99,21,26,57,20,3.6073036193847656,54.0,55.5,7.737
1765482661.1612778,99,21,26,57,20,3.6073036193847656,54.0,55.5,7.737
1765482661.362507,99,20,18,18,14,3.6081695556640625,53.5,54.5,6.658
1765482661.5637488,99,20,18,18,14,3.6081695556640625,53.5,54.5,6.658
1765482661.7648003,99,54,37,38,25,3.6084136962890625,54.0,55.0,8.068
1765482661.9658043,99,54,37,38,25,3.6084136962890625,54.0,55.0,8.068
1765482662.1669326,99,54,37,38,25,3.6084136962890625,54.0,55.0,8.068
1765482662.368038,99,17,10,8,17,3.6094589233398438,54.0,54.5,7.392
1765482662.569241,99,17,10,8,17,3.6094589233398438,54.0,54.5,7.392
1765482662.7704735,99,17,10,8,17,3.6094589233398438,54.0,54.5,7.392
1765482662.9716303,99,26,24,64,26,3.6093215942382812,54.0,55.5,7.737
1765482663.1727486,99,26,24,64,26,3.6093215942382812,54.0,55.5,7.737
1765482663.3737206,99,16,16,18,18,3.6090927124023438,54.0,54.5,6.966
1765482663.575035,99,16,16,18,18,3.6090927124023438,54.0,54.5,6.966
1765482663.7764213,99,16,16,18,18,3.6090927124023438,54.0,54.5,6.966
1765482663.9775875,98,39,33,33,47,3.6102867126464844,54.0,55.5,8.068
1765482664.1786985,98,39,33,33,47,3.6102867126464844,54.0,55.5,8.068
1765482664.379779,99,11,12,6,6,3.610137939453125,54.0,54.5,7.352
1765482664.5811708,99,11,12,6,6,3.610137939453125,54.0,54.5,7.352
1765482664.7822726,99,11,12,6,6,3.610137939453125,54.0,54.5,7.352
1765482664.9833634,99,35,27,27,67,3.609882354736328,54.0,54.5,7.618
1765482665.1845453,99,35,27,27,67,3.609882354736328,54.0,54.5,7.618
1765482665.3854861,99,14,19,16,19,3.6106834411621094,54.5,55.0,7.312
1765482665.5864637,99,14,19,16,19,3.6106834411621094,54.5,55.0,7.312
1765482665.787853,99,14,19,16,19,3.6106834411621094,54.5,55.0,7.312
1765482665.9890084,99,34,28,28,52,3.6117706298828125,54.5,55.5,8.266
1765482666.189969,99,34,28,28,52,3.6117706298828125,54.5,55.5,8.266
1765482666.3910043,99,16,14,21,10,3.6110877990722656,54.5,55.5,7.618
1765482666.5923762,99,16,14,21,10,3.6110877990722656,54.5,55.5,7.618
1765482666.7934935,99,16,14,21,10,3.6110877990722656,54.5,55.5,7.618
1765482666.9946477,99,34,26,36,59,3.6110687255859375,54.0,55.0,7.777
1765482667.195767,99,34,26,36,59,3.6110687255859375,54.0,55.0,7.777
1765482667.396854,99,24,21,16,12,3.6113853454589844,54.5,55.0,7.046
1765482667.5978427,99,24,21,16,12,3.6113853454589844,54.5,55.0,7.046
1765482667.7991774,99,24,21,16,12,3.6113853454589844,54.5,55.0,7.046
1765482668.0002804,99,16,28,58,14,3.6124916076660156,54.5,55.5,8.108
1765482668.2011914,99,16,28,58,14,3.6124916076660156,54.5,55.5,8.108
1765482668.402074,98,14,14,6,17,3.6120872497558594,54.5,55.0,6.818
1765482668.6031063,98,14,14,6,17,3.6120872497558594,54.5,55.0,6.818
1765482668.804328,98,14,14,6,17,3.6120872497558594,54.5,55.0,6.818
1765482669.005297,99,46,40,45,28,3.6126365661621094,54.5,55.0,7.432
1765482669.2064545,99,46,40,45,28,3.6126365661621094,54.5,55.0,7.432
1765482669.4074237,99,16,12,18,23,3.6129188537597656,54.5,55.5,7.618
1765482669.608459,99,16,12,18,23,3.6129188537597656,54.5,55.5,7.618
1765482669.8095715,99,16,12,18,23,3.6129188537597656,54.5,55.5,7.618
1765482670.0106368,99,19,30,24,54,3.612682342529297,54.5,55.5,7.539
1765482670.211737,99,19,30,24,54,3.612682342529297,54.5,55.5,7.539
1765482670.412583,99,23,16,16,16,3.6131553649902344,54.5,55.0,6.669
1765482670.613784,99,23,16,16,16,3.6131553649902344,54.5,55.0,6.669
1765482670.8149924,99,23,16,16,16,3.6131553649902344,54.5,55.0,6.669
1765482671.0160592,99,38,36,32,38,3.6138534545898438,54.5,55.0,7.352
1765482671.2170925,99,38,36,32,38,3.6138534545898438,54.5,55.0,7.352
1765482671.4183009,99,38,36,32,38,3.6138534545898438,54.5,55.0,7.352
1765482671.6194108,99,17,16,10,15,3.614452362060547,54.5,56.0,7.392
1765482671.8207743,99,17,16,10,15,3.614452362060547,54.5,56.0,7.392
1765482672.0218284,99,20,28,20,60,3.613353729248047,54.5,55.0,6.937
1765482672.2229433,99,20,28,20,60,3.613353729248047,54.5,55.0,6.937
1765482672.423842,99,20,28,20,60,3.613353729248047,54.5,55.0,6.937
1765482672.625052,99,20,17,12,17,3.6135330200195312,55.0,54.5,6.32
1765482672.826153,99,20,17,12,17,3.6135330200195312,55.0,54.5,6.32
1765482673.0271091,99,69,35,28,42,3.6153411865234375,55.0,55.0,7.432
1765482673.2281106,99,69,35,28,42,3.6153411865234375,55.0,55.0,7.432
1765482673.4291086,99,69,35,28,42,3.6153411865234375,55.0,55.0,7.432
1765482673.6300378,99,11,11,8,6,3.6157760620117188,54.5,55.0,6.049
1765482673.831104,99,11,11,8,6,3.6157760620117188,54.5,55.0,6.049
1765482674.0322418,99,32,30,36,59,3.6157302856445312,54.5,55.5,6.897
1765482674.233401,99,32,30,36,59,3.6157302856445312,54.5,55.5,6.897
1765482674.4343922,99,32,30,36,59,3.6157302856445312,54.5,55.5,6.897
1765482674.6355658,65,18,19,16,22,3.6165733337402344,54.5,55.0,5.152
1765482674.8365693,65,18,19,16,22,3.6165733337402344,54.5,55.0,5.152
1765482675.0376768,99,35,56,30,28,3.6170921325683594,55.0,56.0,8.108
1765482675.2387803,99,35,56,30,28,3.6170921325683594,55.0,56.0,8.108
1765482675.440031,99,35,56,30,28,3.6170921325683594,55.0,56.0,8.108
1765482675.6412103,64,6,6,15,9,3.6161880493164062,54.0,56.0,5.617
1765482675.8422947,64,6,6,15,9,3.6161880493164062,54.0,56.0,5.617
1765482676.0433264,99,29,44,25,47,3.6182174682617188,55.0,55.5,6.818
1765482676.2445736,99,29,44,25,47,3.6182174682617188,55.0,55.5,6.818
1765482676.4459333,99,29,44,25,47,3.6182174682617188,55.0,55.5,6.818
1765482676.6470041,37,25,20,16,26,3.617542266845703,54.5,55.0,5.658
1765482676.8479774,37,25,20,16,26,3.617542266845703,54.5,55.0,5.658
1765482677.049177,99,22,19,58,23,3.6188583374023438,55.0,55.5,7.471
1765482677.250261,99,22,19,58,23,3.6188583374023438,55.0,55.5,7.471
1765482677.4515533,99,22,19,58,23,3.6188583374023438,55.0,55.5,7.471
1765482677.6526484,99,10,21,12,17,3.618000030517578,54.5,55.0,5.537
1765482677.8536174,99,10,21,12,17,3.618000030517578,54.5,55.0,5.537
1765482678.054608,99,61,26,38,22,3.6183128356933594,55.0,55.0,7.006
1765482678.2557144,99,61,26,38,22,3.6183128356933594,55.0,55.0,7.006
1765482678.4567118,99,61,26,38,22,3.6183128356933594,55.0,55.0,7.006
1765482678.6577375,0,21,21,23,24,3.61895751953125,54.5,56.0,5.778
1765482678.8588362,0,21,21,23,24,3.61895751953125,54.5,56.0,5.778
1765482679.0600512,99,17,49,18,16,3.618457794189453,55.0,55.0,6.818
1765482679.26095,99,17,49,18,16,3.618457794189453,55.0,55.0,6.818
1765482679.461982,99,17,49,18,16,3.618457794189453,55.0,55.0,6.818
1765482679.662903,99,22,28,25,29,3.6191940307617188,54.5,57.5,6.818
1765482679.8643515,99,22,28,25,29,3.6191940307617188,54.5,57.5,6.818
1765482680.0655165,99,37,37,61,36,3.6197357177734375,55.5,56.5,8.594
1765482680.2665536,99,37,37,61,36,3.6197357177734375,55.5,56.5,8.594
1765482680.46752,99,37,37,61,36,3.6197357177734375,55.5,56.5,8.594
1765482680.6687074,99,28,34,28,34,3.6203536987304688,55.0,56.5,7.618
1765482680.869754,99,28,34,28,34,3.6203536987304688,55.0,56.5,7.618
1765482681.0706573,99,19,18,24,37,3.6194725036621094,55.0,55.5,7.205
1765482681.2717056,99,19,18,24,37,3.6194725036621094,55.0,55.5,7.205
1765482681.4727075,99,19,18,24,37,3.6194725036621094,55.0,55.5,7.205
1765482681.673778,99,31,40,27,42,3.620319366455078,55.0,56.0,7.658
1765482681.8750386,99,31,40,27,42,3.620319366455078,55.0,56.0,7.658
1765482682.0759454,99,16,26,15,38,3.6205482482910156,55.0,55.5,7.658
1765482682.2770557,99,16,26,15,38,3.6205482482910156,55.0,55.5,7.658
1765482682.4780905,99,16,26,15,38,3.6205482482910156,55.0,55.5,7.658
1765482682.679251,99,20,46,20,23,3.6208267211914062,55.0,55.5,7.777
1765482682.8803902,99,20,46,20,23,3.6208267211914062,55.0,55.5,7.777
1765482683.0815687,99,20,46,20,23,3.6208267211914062,55.0,55.5,7.777
1765482683.282757,99,20,24,30,25,3.620105743408203,55.0,55.5,7.697
1765482683.4838657,99,20,24,30,25,3.620105743408203,55.0,55.5,7.697
1765482683.68516,99,56,58,72,59,3.6208877563476562,55.5,56.5,8.187
1765482683.8860888,99,56,58,72,59,3.6208877563476562,55.5,56.5,8.187
1765482684.0870128,99,56,58,72,59,3.6208877563476562,55.5,56.5,8.187
1765482684.2880793,99,31,28,30,25,3.6214256286621094,55.5,56.0,8.305
1765482684.4890084,99,31,28,30,25,3.6214256286621094,55.5,56.0,8.305
1765482684.6928875,99,24,20,42,17,3.620525360107422,55.0,56.5,7.392
1765482684.8939817,99,24,20,42,17,3.620525360107422,55.0,56.5,7.392
1765482685.095152,99,24,20,42,17,3.620525360107422,55.0,56.5,7.392
1765482685.296281,99,23,26,14,25,3.6210594177246094,55.5,55.5,7.392
1765482685.4975634,99,23,26,14,25,3.6210594177246094,55.5,55.5,7.392
1765482685.6986287,99,38,28,31,44,3.6208763122558594,55.5,56.0,7.658
1765482685.8995688,99,38,28,31,44,3.6208763122558594,55.5,56.0,7.658
1765482686.1013446,99,38,28,31,44,3.6208763122558594,55.5,56.0,7.658
1765482686.31183,99,14,18,26,19,3.6216888427734375,55.5,56.0,7.725
1765482686.5130265,99,14,18,26,19,3.6216888427734375,55.5,56.0,7.725
1765482686.7140825,99,22,58,23,14,3.62127685546875,55.5,56.0,7.432
1765482686.9150214,99,22,58,23,14,3.62127685546875,55.5,56.0,7.432
1765482687.1161132,99,22,58,23,14,3.62127685546875,55.5,56.0,7.432
1765482687.317062,98,18,16,24,20,3.6219329833984375,55.5,56.0,7.085
1765482687.5182085,98,18,16,24,20,3.6219329833984375,55.5,56.0,7.085
1765482687.719254,99,30,43,36,27,3.6221084594726562,55.5,56.5,7.843
1765482687.9202132,99,30,43,36,27,3.6221084594726562,55.5,56.5,7.843
1765482688.121407,99,30,43,36,27,3.6221084594726562,55.5,56.5,7.843
1765482688.3224149,98,19,12,15,14,3.622344970703125,55.5,56.0,7.352
1765482688.5234022,98,19,12,15,14,3.622344970703125,55.5,56.0,7.352
1765482688.7246132,99,31,28,60,23,3.6224708557128906,56.0,56.5,7.618
1765482688.925522,99,31,28,60,23,3.6224708557128906,56.0,56.5,7.618
1765482689.126548,99,31,28,60,23,3.6224708557128906,56.0,56.5,7.618
1765482689.327497,99,12,24,23,25,3.6232986450195312,55.5,56.0,7.125
1765482689.5285366,99,12,24,23,25,3.6232986450195312,55.5,56.0,7.125
1765482689.7294662,99,54,21,30,28,3.6236534118652344,55.5,57.0,8.187
1765482689.930497,99,54,21,30,28,3.6236534118652344,55.5,57.0,8.187
1765482690.1313815,99,54,21,30,28,3.6236534118652344,55.5,57.0,8.187
1765482690.3383794,99,15,10,11,10,3.6231613159179688,55.5,55.5,6.778
1765482690.5395913,99,15,10,11,10,3.6231613159179688,55.5,55.5,6.778
1765482690.7406108,99,24,70,27,31,3.623424530029297,55.5,56.5,7.923
1765482690.9415874,99,24,70,27,31,3.623424530029297,55.5,56.5,7.923
1765482691.1425588,99,24,70,27,31,3.623424530029297,55.5,56.5,7.923
1765482691.3434925,99,19,16,21,12,3.6237564086914062,55.5,56.0,7.432
1765482691.544985,99,19,16,21,12,3.6237564086914062,55.5,56.0,7.432
1765482691.7460196,99,29,44,23,38,3.6244468688964844,55.5,57.0,8.226
1765482691.9470327,99,29,44,23,38,3.6244468688964844,55.5,57.0,8.226
1765482692.1480856,99,29,44,23,38,3.6244468688964844,55.5,57.0,8.226
1765482692.3490896,99,13,12,17,16,3.6238670349121094,56.0,56.0,7.432
1765482692.550078,99,13,12,17,16,3.6238670349121094,56.0,56.0,7.432
1765482692.7511945,99,30,62,33,28,3.623760223388672,56.0,56.5,7.539
1765482692.9522808,99,30,62,33,28,3.623760223388672,56.0,56.5,7.539
1765482693.1536195,99,30,62,33,28,3.623760223388672,56.0,56.5,7.539
1765482693.354512,99,18,16,20,23,3.6242332458496094,56.0,56.5,7.539
1765482693.5556319,99,18,16,20,23,3.6242332458496094,56.0,56.5,7.539
1765482693.7566686,99,18,16,20,23,3.6242332458496094,56.0,56.5,7.539
1765482693.9583542,99,21,16,64,19,3.624736785888672,56.0,56.5,7.883
1765482694.159407,99,21,16,64,19,3.624736785888672,56.0,56.5,7.883
1765482694.3604,99,14,16,21,14,3.6248092651367188,55.5,56.0,7.046
1765482694.5616148,99,14,16,21,14,3.6248092651367188,55.5,56.0,7.046
1765482694.7626026,99,14,16,21,14,3.6248092651367188,55.5,56.0,7.046
1765482694.963562,99,34,43,38,46,3.6249961853027344,55.5,56.5,8.068
1765482695.164736,99,34,43,38,46,3.6249961853027344,55.5,56.5,8.068
1765482695.365682,99,14,16,18,13,3.6256980895996094,56.0,56.5,8.002
1765482695.5667722,99,14,16,18,13,3.6256980895996094,56.0,56.5,8.002
1765482695.7677667,99,14,16,18,13,3.6256980895996094,56.0,56.5,8.002
1765482695.9691515,99,51,23,32,18,3.625225067138672,56.0,56.0,7.511
1765482696.1701212,99,51,23,32,18,3.625225067138672,56.0,56.0,7.511
1765482696.3709903,99,18,14,16,16,3.6250762939453125,55.5,56.5,7.245
1765482696.572481,99,18,14,16,16,3.6250762939453125,55.5,56.5,7.245
1765482696.7735474,99,18,14,16,16,3.6250762939453125,55.5,56.5,7.245
1765482696.974591,99,33,54,36,34,3.6248779296875,56.0,56.5,7.618
1765482697.1756606,99,33,54,36,34,3.6248779296875,56.0,56.5,7.618
1765482697.3765342,99,14,12,12,15,3.626209259033203,56.0,56.5,7.273
1765482697.577527,99,14,12,12,15,3.626209259033203,56.0,56.5,7.273
1765482697.7786653,99,14,12,12,15,3.626209259033203,56.0,56.5,7.273
1765482697.9798422,99,23,22,27,62,3.6254501342773438,56.0,56.5,7.618
1765482698.1810718,99,23,22,27,62,3.6254501342773438,56.0,56.5,7.618
1765482698.3821084,99,18,15,17,15,3.6255950927734375,56.0,56.0,6.778
1765482698.583233,99,18,15,17,15,3.6255950927734375,56.0,56.0,6.778
1765482698.7845533,99,18,15,17,15,3.6255950927734375,56.0,56.0,6.778
1765482698.9856603,99,32,30,62,40,3.6269454956054688,56.5,57.0,8.345
1765482699.18675,99,32,30,62,40,3.6269454956054688,56.5,57.0,8.345
1765482699.3880737,99,10,11,4,7,3.6262474060058594,56.0,57.0,6.897
1765482699.5894096,99,10,11,4,7,3.6262474060058594,56.0,57.0,6.897
1765482699.7904632,99,10,11,4,7,3.6262474060058594,56.0,57.0,6.897
1765482699.9918556,99,28,25,28,64,3.6266021728515625,56.0,56.0,7.125
1765482700.1931732,99,28,25,28,64,3.6266021728515625,56.0,56.0,7.125
1765482700.3946273,99,22,25,18,14,3.6265716552734375,56.0,56.5,6.977
1765482700.5957305,99,22,25,18,14,3.6265716552734375,56.0,56.5,6.977
1765482700.7965665,99,22,25,18,14,3.6265716552734375,56.0,56.5,6.977
1765482700.9976537,99,28,27,69,31,3.6304283142089844,56.5,57.0,8.226
1765482701.1988628,99,28,27,69,31,3.6304283142089844,56.5,57.0,8.226
1765482701.4001532,98,66,64,66,76,3.632335662841797,56.5,59.0,8.594
1765482701.601123,98,66,64,66,76,3.632335662841797,56.5,59.0,8.594
1765482701.8020794,98,66,64,66,76,3.632335662841797,56.5,59.0,8.594
1765482702.0031803,99,45,44,45,50,3.6333580017089844,56.0,57.0,6.937
1765482702.2044652,99,45,44,45,50,3.6333580017089844,56.0,57.0,6.937
1765482702.405442,99,21,18,18,15,3.633930206298828,56.0,56.5,5.658
1765482702.606482,99,21,18,18,15,3.633930206298828,56.0,56.5,5.658
1765482702.8075013,99,21,18,18,15,3.633930206298828,56.0,56.5,5.658
1765482703.0088105,99,16,69,27,20,3.6349525451660156,56.0,57.0,8.002
1765482703.2098978,99,16,69,27,20,3.6349525451660156,56.0,57.0,8.002
1765482703.4111946,97,14,20,14,15,3.6339454650878906,55.5,56.5,5.769
1765482703.612509,97,14,20,14,15,3.6339454650878906,55.5,56.5,5.769
1765482703.8134794,97,14,20,14,15,3.6339454650878906,55.5,56.5,5.769
1765482704.0144475,99,28,24,54,20,3.633575439453125,56.5,57.0,7.006
1765482704.215467,99,28,24,54,20,3.633575439453125,56.5,57.0,7.006
1765482704.416601,99,28,24,54,20,3.633575439453125,56.5,57.0,7.006
1765482704.617531,16,19,16,14,18,3.6341819763183594,56.0,57.0,6.269
1765482704.8185432,16,19,16,14,18,3.6341819763183594,56.0,57.0,6.269
1765482705.0196698,99,13,15,44,12,3.633941650390625,56.5,56.5,7.165
1765482705.2209597,99,13,15,44,12,3.633941650390625,56.5,56.5,7.165
1765482705.4219604,99,13,15,44,12,3.633941650390625,56.5,56.5,7.165
1765482705.6229525,99,30,28,14,30,3.6336135864257812,56.5,57.0,7.006
1765482705.8239887,99,30,28,14,30,3.6336135864257812,56.5,57.0,7.006
1765482706.0249531,98,18,21,46,19,3.633575439453125,56.5,56.5,7.352
1765482706.226021,98,18,21,46,19,3.633575439453125,56.5,56.5,7.352
1765482706.427238,98,18,21,46,19,3.633575439453125,56.5,56.5,7.352
1765482706.6283858,99,17,25,36,27,3.6337203979492188,56.5,57.0,7.804
1765482706.829357,99,17,25,36,27,3.6337203979492188,56.5,57.0,7.804
1765482707.0304103,99,14,14,31,17,3.633556365966797,56.5,56.5,7.551
1765482707.231571,99,14,14,31,17,3.633556365966797,56.5,56.5,7.551
1765482707.4327369,99,14,14,31,17,3.633556365966797,56.5,56.5,7.551
1765482707.6336477,99,26,19,23,50,3.6338653564453125,56.0,57.0,7.578
1765482707.8347785,99,26,19,23,50,3.6338653564453125,56.0,57.0,7.578
1765482708.0358672,99,17,33,18,13,3.6336593627929688,56.5,56.5,7.499
1765482708.237042,99,17,33,18,13,3.6336593627929688,56.5,56.5,7.499
1765482708.4382305,99,17,33,18,13,3.6336593627929688,56.5,56.5,7.499
1765482708.639109,99,38,22,13,14,3.6337356567382812,56.0,57.5,7.539
1765482708.8400414,99,38,22,13,14,3.6337356567382812,56.0,57.5,7.539
1765482709.0412524,99,23,12,16,14,3.6336898803710938,56.5,56.5,7.017
1765482709.2422829,99,23,12,16,14,3.6336898803710938,56.5,56.5,7.017
1765482709.4433155,99,23,12,16,14,3.6336898803710938,56.5,56.5,7.017
1765482709.644427,99,24,58,28,20,3.634326934814453,56.5,57.0,7.658
1765482709.8455572,99,24,58,28,20,3.634326934814453,56.5,57.0,7.658
1765482710.04654,99,18,16,19,17,3.6351089477539062,56.5,56.5,7.539
1765482710.2480621,99,18,16,19,17,3.6351089477539062,56.5,56.5,7.539
1765482710.4491754,99,18,16,19,17,3.6351089477539062,56.5,56.5,7.539
1765482710.65011,98,16,16,10,55,3.6346054077148438,56.5,57.0,7.578
1765482710.8511775,98,16,16,10,55,3.6346054077148438,56.5,57.0,7.578
1765482711.052138,99,14,22,16,11,3.6343002319335938,56.5,56.5,7.046
1765482711.255388,99,14,22,16,11,3.6343002319335938,56.5,56.5,7.046
1765482711.4568295,99,14,22,16,11,3.6343002319335938,56.5,56.5,7.046
1765482711.6581223,99,22,40,42,35,3.634723663330078,56.5,57.0,7.962
1765482711.8590617,99,22,40,42,35,3.634723663330078,56.5,57.0,7.962
1765482712.0601454,99,22,16,8,13,3.6350631713867188,57.0,56.5,8.002
1765482712.2612534,99,22,16,8,13,3.6350631713867188,57.0,56.5,8.002
1765482712.4623094,99,22,16,8,13,3.6350631713867188,57.0,56.5,8.002
1765482712.663338,99,28,20,68,26,3.6350059509277344,56.5,57.0,7.539
1765482712.8643405,99,28,20,68,26,3.6350059509277344,56.5,57.0,7.539
1765482713.0654335,99,12,44,19,15,3.6274032592773438,56.5,57.0,7.843
1765482713.2668386,99,12,44,19,15,3.6274032592773438,56.5,57.0,7.843
1765482713.4680166,99,12,44,19,15,3.6274032592773438,56.5,57.0,7.843
1765482713.669184,99,60,60,32,36,3.6231231689453125,57.0,57.5,8.305
1765482713.8702106,99,60,60,32,36,3.6231231689453125,57.0,57.5,8.305
1765482714.0717165,99,3,5,4,2,3.623981475830078,57.0,56.5,6.629
1765482714.2727017,99,3,5,4,2,3.623981475830078,57.0,56.5,6.629
1765482714.4740174,99,3,5,4,2,3.623981475830078,57.0,56.5,6.629
1765482714.674971,99,27,24,30,72,3.62347412109375,56.5,57.0,7.352
1765482714.8760955,99,27,24,30,72,3.62347412109375,56.5,57.0,7.352
1765482715.0770407,99,12,12,16,15,3.6241607666015625,56.5,57.0,6.778
1765482715.2781363,99,12,12,16,15,3.6241607666015625,56.5,57.0,6.778
1765482715.4791942,99,12,12,16,15,3.6241607666015625,56.5,57.0,6.778
1765482715.6801393,99,28,62,16,16,3.624591827392578,56.5,57.0,7.697
1765482715.8811903,99,28,62,16,16,3.624591827392578,56.5,57.0,7.697
1765482716.0823214,99,11,9,4,4,3.6243667602539062,56.5,56.5,6.469
1765482716.283662,99,11,9,4,4,3.6243667602539062,56.5,56.5,6.469
1765482716.4847047,99,11,9,4,4,3.6243667602539062,56.5,56.5,6.469
1765482716.6857202,99,27,27,52,32,3.62396240234375,57.0,57.0,7.165
1765482716.8869364,99,27,27,52,32,3.62396240234375,57.0,57.0,7.165
1765482717.0880058,99,27,27,52,32,3.62396240234375,57.0,57.0,7.165
1765482717.289206,99,12,10,17,10,3.6241989135742188,57.0,57.0,5.858
1765482717.490169,99,12,10,17,10,3.6241989135742188,57.0,57.0,5.858
1765482717.6911275,99,18,62,14,21,3.6251220703125,57.0,57.5,7.471
1765482717.8926716,99,18,62,14,21,3.6251220703125,57.0,57.5,7.471
1765482718.09369,99,18,62,14,21,3.6251220703125,57.0,57.5,7.471
1765482718.294847,99,10,10,16,8,3.624797821044922,56.5,57.0,5.858
1765482718.4960532,99,10,10,16,8,3.624797821044922,56.5,57.0,5.858
1765482718.6970212,99,26,44,52,30,3.625225067138672,57.0,57.0,7.006
1765482718.8978417,99,26,44,52,30,3.625225067138672,57.0,57.0,7.006
1765482719.0988462,99,26,44,52,30,3.625225067138672,57.0,57.0,7.006
1765482719.2998257,99,12,13,21,17,3.6253700256347656,56.5,57.5,6.129
1765482719.500896,99,12,13,21,17,3.6253700256347656,56.5,57.5,6.129
1765482719.7020178,99,14,19,57,20,3.6251602172851562,57.0,57.0,6.709
1765482719.903057,99,14,19,57,20,3.6251602172851562,57.0,57.0,6.709
1765482720.1041317,99,14,19,57,20,3.6251602172851562,57.0,57.0,6.709
1765482720.3122303,38,16,21,13,16,3.6259727478027344,56.5,56.5,5.537
1765482720.513269,38,16,21,13,16,3.6259727478027344,56.5,56.5,5.537
1765482720.7145367,99,25,50,33,28,3.6265716552734375,57.0,57.0,6.897
1765482720.9156818,99,25,50,33,28,3.6265716552734375,57.0,57.0,6.897
1765482721.116522,99,25,50,33,28,3.6265716552734375,57.0,57.0,6.897
1765482721.3176527,37,10,10,11,16,3.6270751953125,56.0,57.5,5.658
1765482721.5188136,37,10,10,11,16,3.6270751953125,56.0,57.5,5.658
1765482721.7197142,99,20,16,23,64,3.6267776489257812,57.0,57.0,6.818
1765482721.9208028,99,20,16,23,64,3.6267776489257812,57.0,57.0,6.818
1765482722.121731,99,20,16,23,64,3.6267776489257812,57.0,57.0,6.818
1765482722.322839,59,23,18,10,15,3.6271209716796875,56.5,56.5,5.152
1765482722.5240436,59,23,18,10,15,3.6271209716796875,56.5,56.5,5.152
1765482722.7249198,99,28,26,25,62,3.6273651123046875,57.0,57.0,7.165
1765482722.9259102,99,28,26,25,62,3.6273651123046875,57.0,57.0,7.165
1765482723.1267796,99,28,26,25,62,3.6273651123046875,57.0,57.0,7.165
1765482723.3280594,33,13,2,6,7,3.627422332763672,56.5,57.5,5.184
1765482723.5290718,33,13,2,6,7,3.627422332763672,56.5,57.5,5.184
1765482723.7303681,99,76,56,22,28,3.621021270751953,57.0,57.0,7.499
1765482723.9314766,99,76,56,22,28,3.621021270751953,57.0,57.0,7.499
1765482724.132524,99,76,56,22,28,3.621021270751953,57.0,57.0,7.499
1765482724.3335195,99,23,14,16,10,3.623382568359375,56.0,57.5,5.969
1765482724.5347617,99,23,14,16,10,3.623382568359375,56.0,57.5,5.969
1765482724.7358625,99,18,60,24,30,3.6243133544921875,57.0,57.0,7.578
1765482724.9369864,99,18,60,24,30,3.6243133544921875,57.0,57.0,7.578
1765482725.1378863,99,18,60,24,30,3.6243133544921875,57.0,57.0,7.578
1765482725.3390539,99,13,11,18,4,3.6235885620117188,56.5,57.0,5.425
1765482725.5400405,99,13,11,18,4,3.6235885620117188,56.5,57.0,5.425
1765482725.7411056,99,31,23,43,30,3.6242523193359375,57.0,57.0,6.818
1765482725.9422376,99,31,23,43,30,3.6242523193359375,57.0,57.0,6.818
1765482726.1435966,99,31,23,43,30,3.6242523193359375,57.0,57.0,6.818
1765482726.3450747,0,20,23,22,14,3.6239585876464844,56.5,57.5,5.305
1765482726.5459766,0,20,23,22,14,3.6239585876464844,56.5,57.5,5.305
1765482726.7471642,99,28,19,12,45,3.6249122619628906,57.0,58.0,7.471
1765482726.9484503,99,28,19,12,45,3.6249122619628906,57.0,58.0,7.471
1765482727.1496978,99,28,19,12,45,3.6249122619628906,57.0,58.0,7.471
1765482727.3507476,99,20,18,27,23,3.6242027282714844,56.5,58.5,6.937
1765482727.5518332,99,20,18,27,23,3.6242027282714844,56.5,58.5,6.937
1765482727.7528436,99,16,26,46,23,3.6247787475585938,57.0,57.0,7.392
1765482727.953886,99,16,26,46,23,3.6247787475585938,57.0,57.0,7.392
1765482728.1548874,99,16,26,46,23,3.6247787475585938,57.0,57.0,7.392
1765482728.3560386,99,32,23,26,20,3.625812530517578,56.5,58.5,6.818
1765482728.557119,99,32,23,26,20,3.625812530517578,56.5,58.5,6.818
1765482728.7582004,99,32,23,26,20,3.625812530517578,56.5,58.5,6.818
1765482728.959404,99,13,43,4,8,3.6247100830078125,57.0,57.5,7.392
1765482729.16045,99,13,43,4,8,3.6247100830078125,57.0,57.5,7.392
1765482729.361429,99,25,18,34,23,3.6270790100097656,56.5,58.0,5.778
1765482729.5623271,99,25,18,34,23,3.6270790100097656,56.5,58.0,5.778
1765482729.7632797,99,25,18,34,23,3.6270790100097656,56.5,58.0,5.778
1765482729.9645038,99,18,17,22,49,3.627429962158203,57.0,57.5,7.273
1765482730.1656814,99,18,17,22,49,3.627429962158203,57.0,57.5,7.273
1765482730.3668883,99,20,27,18,25,3.6285247802734375,57.0,58.0,7.312
1765482730.5678062,99,20,27,18,25,3.6285247802734375,57.0,58.0,7.312
1765482730.7688422,99,20,27,18,25,3.6285247802734375,57.0,58.0,7.312
1765482730.9700875,99,15,39,10,16,3.6277847290039062,57.0,57.5,7.165
1765482731.171187,99,15,39,10,16,3.6277847290039062,57.0,57.5,7.165
1765482731.3724926,99,20,21,34,20,3.627666473388672,57.0,58.0,6.897
1765482731.5734022,99,20,21,34,20,3.627666473388672,57.0,58.0,6.897
1765482731.7745523,99,20,21,34,20,3.627666473388672,57.0,58.0,6.897
1765482731.975595,99,18,14,49,16,3.6279029846191406,57.5,58.0,7.352
1765482732.1765652,99,18,14,49,16,3.6279029846191406,57.5,58.0,7.352
1765482732.3777103,99,16,30,20,10,3.6289710998535156,57.0,58.0,7.432
1765482732.5787966,99,16,30,20,10,3.6289710998535156,57.0,58.0,7.432
1765482732.7798443,99,16,30,20,10,3.6289710998535156,57.0,58.0,7.432
1765482732.9811566,99,15,22,31,17,3.628551483154297,57.0,57.5,7.618
1765482733.1823072,99,15,22,31,17,3.628551483154297,57.0,57.5,7.618
1765482733.3832786,99,34,42,25,28,3.629077911376953,57.0,57.5,7.352
1765482733.5847154,99,34,42,25,28,3.629077911376953,57.0,57.5,7.352
1765482733.786002,99,34,42,25,28,3.629077911376953,57.0,57.5,7.352
1765482733.9871306,98,19,19,14,35,3.629730224609375,57.5,58.5,7.883
1765482734.1886182,98,19,19,14,35,3.629730224609375,57.5,58.5,7.883
1765482734.3897462,99,39,18,13,8,3.629314422607422,57.0,59.0,7.578
1765482734.5907087,99,39,18,13,8,3.629314422607422,57.0,59.0,7.578
1765482734.7918346,99,39,18,13,8,3.629314422607422,57.0,59.0,7.578
1765482734.9930298,99,29,14,17,14,3.6295509338378906,57.5,57.5,7.352
1765482735.1941106,99,29,14,17,14,3.6295509338378906,57.5,57.5,7.352
1765482735.395323,99,24,25,26,55,3.6295509338378906,57.5,58.0,7.618
1765482735.596361,99,24,25,26,55,3.6295509338378906,57.5,58.0,7.618
1765482735.7974925,99,24,25,26,55,3.6295509338378906,57.5,58.0,7.618
1765482735.9985135,98,13,21,13,10,3.6296844482421875,57.5,58.0,7.511
1765482736.1995516,98,13,21,13,10,3.6296844482421875,57.5,58.0,7.511
1765482736.4006324,99,14,58,14,18,3.6294326782226562,57.5,58.0,7.737
1765482736.6017172,99,14,58,14,18,3.6294326782226562,57.5,58.0,7.737
1765482736.802755,99,14,58,14,18,3.6294326782226562,57.5,58.0,7.737
1765482737.0038047,99,26,19,10,15,3.629749298095703,57.5,57.5,6.778
1765482737.205013,99,26,19,10,15,3.629749298095703,57.5,57.5,6.778
1765482737.406005,98,29,49,25,39,3.6296844482421875,57.5,58.5,8.305
1765482737.6069393,98,29,49,25,39,3.6296844482421875,57.5,58.5,8.305
1765482737.8081882,98,29,49,25,39,3.6296844482421875,57.5,58.5,8.305
1765482738.00921,99,6,6,4,8,3.630096435546875,57.0,58.0,7.578
1765482738.2102656,99,6,6,4,8,3.630096435546875,57.0,58.0,7.578
1765482738.4111218,98,68,26,17,20,3.6329727172851562,57.5,58.5,7.618
1765482738.612187,98,68,26,17,20,3.6329727172851562,57.5,58.5,7.618
1765482738.8131435,98,68,26,17,20,3.6329727172851562,57.5,58.5,7.618
1765482739.0141478,99,17,18,12,18,3.6337890625,57.5,58.0,7.432
1765482739.2152529,99,17,18,12,18,3.6337890625,57.5,58.0,7.432
1765482739.4163494,99,17,18,12,18,3.6337890625,57.5,58.0,7.432
1765482739.617228,99,22,30,63,19,3.6345252990722656,58.0,58.5,8.673
1765482739.818179,99,22,30,63,19,3.6345252990722656,58.0,58.5,8.673
1765482740.019328,99,9,6,9,6,3.634002685546875,58.0,58.0,7.352
1765482740.2205582,99,9,6,9,6,3.634002685546875,58.0,58.0,7.352
1765482740.4217474,99,9,6,9,6,3.634002685546875,58.0,58.0,7.352
1765482740.6227744,98,25,60,26,23,3.634033203125,57.5,58.5,7.578
1765482740.8239007,98,25,60,26,23,3.634033203125,57.5,58.5,7.578
1765482741.0249643,99,19,12,13,20,3.6343536376953125,58.0,58.0,6.977
1765482741.2259288,99,19,12,13,20,3.6343536376953125,58.0,58.0,6.977
1765482741.4270105,99,19,12,13,20,3.6343536376953125,58.0,58.0,6.977
1765482741.628203,99,16,29,54,17,3.635040283203125,58.0,58.5,7.883
1765482741.8293653,99,16,29,54,17,3.635040283203125,58.0,58.5,7.883
1765482742.0304496,98,16,12,8,12,3.6346702575683594,57.5,58.0,6.698
1765482742.23168,98,16,12,8,12,3.6346702575683594,57.5,58.0,6.698
1765482742.432667,98,16,12,8,12,3.6346702575683594,57.5,58.0,6.698
1765482742.6337795,99,28,63,21,34,3.63446044921875,57.5,58.5,7.511
1765482742.8349845,99,28,63,21,34,3.63446044921875,57.5,58.5,7.511
1765482743.0360677,99,21,13,14,14,3.63458251953125,58.0,58.0,7.312
1765482743.2371445,99,21,13,14,14,3.63458251953125,58.0,58.0,7.312
1765482743.4381576,99,21,13,14,14,3.63458251953125,58.0,58.0,7.312
1765482743.639103,99,17,21,13,56,3.6344680786132812,58.0,58.0,7.006
1765482743.8402336,99,17,21,13,56,3.6344680786132812,58.0,58.0,7.006
1765482744.0413017,90,14,14,14,16,3.6349563598632812,58.0,58.0,6.36
1765482744.2422657,90,14,14,14,16,3.6349563598632812,58.0,58.0,6.36
1765482744.4432502,90,14,14,14,16,3.6349563598632812,58.0,58.0,6.36
1765482744.6443317,99,28,64,27,27,3.635143280029297,58.0,58.5,7.046
1765482744.8452904,99,28,64,27,27,3.635143280029297,58.0,58.5,7.046
1765482745.0461836,96,12,10,19,7,3.6357574462890625,58.0,58.0,6.12
1765482745.2474868,96,12,10,19,7,3.6357574462890625,58.0,58.0,6.12
1765482745.448522,96,12,10,19,7,3.6357574462890625,58.0,58.0,6.12
1765482745.6497228,99,23,56,20,18,3.635204315185547,58.0,58.5,6.698
1765482745.850794,99,23,56,20,18,3.635204315185547,58.0,58.5,6.698
1765482746.0518887,36,14,19,8,16,3.6351852416992188,57.5,58.0,5.497
1765482746.2530854,36,14,19,8,16,3.6351852416992188,57.5,58.0,5.497
1765482746.453973,36,14,19,8,16,3.6351852416992188,57.5,58.0,5.497
1765482746.654906,99,22,62,26,24,3.6360206604003906,58.0,58.5,7.352
1765482746.8558235,99,22,62,26,24,3.6360206604003906,58.0,58.5,7.352
1765482747.0572162,99,4,12,10,4,3.6363677978515625,57.0,58.0,6.12
1765482747.2583916,99,4,12,10,4,3.6363677978515625,57.0,58.0,6.12
1765482747.4594543,99,4,12,10,4,3.6363677978515625,57.0,58.0,6.12
1765482747.6606197,99,52,22,24,24,3.635845184326172,58.0,58.0,6.937
1765482747.8616564,99,52,22,24,24,3.635845184326172,58.0,58.0,6.937
1765482748.06335,57,15,28,22,12,3.6361122131347656,57.5,58.0,5.425
1765482748.2645586,57,15,28,22,12,3.6361122131347656,57.5,58.0,5.425
1765482748.465646,57,15,28,22,12,3.6361122131347656,57.5,58.0,5.425
1765482748.666698,99,16,60,17,24,3.636554718017578,58.0,58.5,7.618
1765482748.8676183,99,16,60,17,24,3.636554718017578,58.0,58.5,7.618
1765482749.0687234,99,18,16,19,8,3.6359939575195312,57.5,58.5,6.658
1765482749.2696986,99,18,16,19,8,3.6359939575195312,57.5,58.5,6.658
1765482749.4706173,99,18,16,19,8,3.6359939575195312,57.5,58.5,6.658
1765482749.6716118,99,32,22,20,38,3.635955810546875,58.0,58.0,7.233
1765482749.8727448,99,32,22,20,38,3.635955810546875,58.0,58.0,7.233
1765482750.0738978,99,32,22,20,38,3.635955810546875,58.0,58.0,7.233
1765482750.2751002,99,20,20,33,27,3.635936737060547,57.5,59.0,7.165
1765482750.4761856,99,20,20,33,27,3.635936737060547,57.5,59.0,7.165
1765482750.6772866,99,15,14,42,15,3.637096405029297,58.0,58.5,7.923
1765482750.8781676,99,15,14,42,15,3.637096405029297,58.0,58.5,7.923
1765482751.0791855,99,15,14,42,15,3.637096405029297,58.0,58.5,7.923
1765482751.2803264,99,28,16,21,21,3.636058807373047,58.0,59.0,7.352
1765482751.4814239,99,28,16,21,21,3.636058807373047,58.0,59.0,7.352
1765482751.6825135,99,34,14,10,18,3.6359291076660156,58.0,58.5,7.578
1765482751.8834398,99,34,14,10,18,3.6359291076660156,58.0,58.5,7.578
1765482752.084653,99,34,14,10,18,3.6359291076660156,58.0,58.5,7.578
1765482752.2855902,99,43,20,26,17,3.636119842529297,58.0,59.0,7.843
1765482752.4866445,99,43,20,26,17,3.636119842529297,58.0,59.0,7.843
1765482752.6878774,99,27,11,9,9,3.636219024658203,58.0,58.5,7.233
1765482752.8890061,99,27,11,9,9,3.636219024658203,58.0,58.5,7.233
1765482753.0900102,99,27,11,9,9,3.636219024658203,58.0,58.5,7.233
1765482753.2909777,99,47,35,19,23,3.635913848876953,58.0,59.5,7.432
1765482753.4921114,99,47,35,19,23,3.635913848876953,58.0,59.5,7.432
1765482753.693148,99,28,16,12,16,3.636272430419922,58.5,58.5,7.205
1765482753.8941643,99,28,16,12,16,3.636272430419922,58.5,58.5,7.205
1765482754.0952988,99,28,16,12,16,3.636272430419922,58.5,58.5,7.205
1765482754.29637,99,22,30,48,20,3.6366424560546875,58.5,59.0,8.029
1765482754.4974415,99,22,30,48,20,3.6366424560546875,58.5,59.0,8.029
1765482754.6985474,99,13,13,11,15,3.635913848876953,58.5,58.5,6.897
1765482754.8995383,99,13,13,11,15,3.635913848876953,58.5,58.5,6.897
1765482755.1006074,99,13,13,11,15,3.635913848876953,58.5,58.5,6.897
1765482755.301556,99,25,30,60,22,3.635692596435547,58.5,59.0,7.618
1765482755.502528,99,25,30,60,22,3.635692596435547,58.5,59.0,7.618
1765482755.7034192,99,16,17,15,14,3.6358261108398438,58.5,58.5,7.352
1765482755.9046707,99,16,17,15,14,3.6358261108398438,58.5,58.5,7.352
1765482756.1056674,99,16,17,15,14,3.6358261108398438,58.5,58.5,7.352
1765482756.3068483,99,53,16,19,22,3.6373939514160156,58.5,59.5,8.305
1765482756.507855,99,53,16,19,22,3.6373939514160156,58.5,59.5,8.305
1765482756.7089684,99,8,10,13,15,3.636150360107422,58.5,58.5,7.392
1765482756.910363,99,8,10,13,15,3.636150360107422,58.5,58.5,7.392
1765482757.1114383,99,8,10,13,15,3.636150360107422,58.5,58.5,7.392
1765482757.3126554,98,29,34,30,48,3.6363143920898438,58.5,58.5,7.551
1765482757.5138087,98,29,34,30,48,3.6363143920898438,58.5,58.5,7.551
1765482757.7148392,99,23,20,15,13,3.636566162109375,58.5,59.0,7.618
1765482757.9160254,99,23,20,15,13,3.636566162109375,58.5,59.0,7.618
1765482758.1169922,99,23,20,15,13,3.636566162109375,58.5,59.0,7.618
1765482758.3179226,99,15,28,49,12,3.6362075805664062,58.5,58.5,7.432
1765482758.5188782,99,15,28,49,12,3.6362075805664062,58.5,58.5,7.432
1765482758.7199032,99,14,16,14,14,3.6362533569335938,58.0,58.5,6.818
1765482758.9211495,99,14,16,14,14,3.6362533569335938,58.0,58.5,6.818
1765482759.1222067,99,14,16,14,14,3.6362533569335938,58.0,58.5,6.818
1765482759.3231266,99,40,29,32,45,3.63592529296875,58.0,59.0,7.539
1765482759.5241525,99,40,29,32,45,3.63592529296875,58.0,59.0,7.539
1765482759.725129,99,8,10,11,10,3.6365623474121094,58.0,58.5,7.193
1765482759.926568,99,8,10,11,10,3.6365623474121094,58.0,58.5,7.193
1765482760.1276839,99,8,10,11,10,3.6365623474121094,58.0,58.5,7.193
1765482760.328952,99,18,18,56,14,3.636383056640625,58.5,59.0,7.125
1765482760.530059,99,18,18,56,14,3.636383056640625,58.5,59.0,7.125
1765482760.731033,97,15,14,8,15,3.636363983154297,58.0,58.5,5.818
1765482760.9321072,97,15,14,8,15,3.636363983154297,58.0,58.5,5.818
1765482761.1331115,97,15,14,8,15,3.636363983154297,58.0,58.5,5.818
1765482761.334027,99,28,24,24,66,3.6354026794433594,58.5,59.0,7.165
1765482761.5350654,99,28,24,24,66,3.6354026794433594,58.5,59.0,7.165
1765482761.7365816,99,28,24,24,66,3.6354026794433594,58.5,59.0,7.165
1765482761.937715,66,8,9,4,8,3.6362342834472656,58.0,58.0,5.305
1765482762.1386535,66,8,9,4,8,3.6362342834472656,58.0,58.0,5.305
1765482762.339765,99,56,21,20,35,3.6354141235351562,58.5,58.5,7.085
1765482762.5407395,99,56,21,20,35,3.6354141235351562,58.5,58.5,7.085
1765482762.7417123,99,56,21,20,35,3.6354141235351562,58.5,58.5,7.085
1765482762.9428647,99,10,28,10,12,3.6361007690429688,58.0,59.0,5.809
1765482763.1440942,99,10,28,10,12,3.6361007690429688,58.0,59.0,5.809
1765482763.3451219,99,22,33,62,31,3.636871337890625,59.0,59.0,7.737
1765482763.5461974,99,22,33,62,31,3.636871337890625,59.0,59.0,7.737
1765482763.7473228,99,22,33,62,31,3.636871337890625,59.0,59.0,7.737
1765482763.948657,17,4,12,7,4,3.6360130310058594,58.0,59.0,5.425
1765482764.1495733,17,4,12,7,4,3.6360130310058594,58.0,59.0,5.425
1765482764.3507123,99,25,38,37,28,3.635631561279297,59.0,59.0,6.778
1765482764.5516741,99,25,38,37,28,3.635631561279297,59.0,59.0,6.778
1765482764.757154,99,25,38,37,28,3.635631561279297,59.0,59.0,6.778
1765482764.9582677,93,14,35,18,24,3.6356277465820312,58.5,59.0,7.006
1765482765.1592886,93,14,35,18,24,3.6356277465820312,58.5,59.0,7.006
1765482765.3604887,99,19,46,14,17,3.6365013122558594,58.5,59.0,7.962
1765482765.561564,99,19,46,14,17,3.6365013122558594,58.5,59.0,7.962
1765482765.7626786,99,19,46,14,17,3.6365013122558594,58.5,59.0,7.962
1765482765.963743,99,18,19,22,25,3.636455535888672,58.0,59.0,7.205
1765482766.1646767,99,18,19,22,25,3.636455535888672,58.0,59.0,7.205
1765482766.365712,99,15,43,16,19,3.6356124877929688,59.0,59.0,7.205
1765482766.5667772,99,15,43,16,19,3.6356124877929688,59.0,59.0,7.205
1765482766.768207,99,15,43,16,19,3.6356124877929688,59.0,59.0,7.205
1765482766.9693768,99,27,26,42,25,3.635997772216797,58.5,59.5,7.962
1765482767.170326,99,27,26,42,25,3.635997772216797,58.5,59.5,7.962
1765482767.371529,99,6,11,31,8,3.635894775390625,59.0,59.0,7.471
1765482767.5724435,99,6,11,31,8,3.635894775390625,59.0,59.0,7.471
1765482767.7733648,99,6,11,31,8,3.635894775390625,59.0,59.0,7.471
1765482767.9743593,99,14,26,52,15,3.6358909606933594,59.0,59.5,7.618
1765482768.1752448,99,14,26,52,15,3.6358909606933594,59.0,59.5,7.618
1765482768.3764071,99,30,12,24,21,3.6362342834472656,59.0,59.0,7.392
1765482768.5773335,99,30,12,24,21,3.6362342834472656,59.0,59.0,7.392
1765482768.7784348,99,30,12,24,21,3.6362342834472656,59.0,59.0,7.392
1765482768.9793885,99,26,28,20,39,3.6366729736328125,59.0,59.5,8.068
1765482769.1804926,99,26,28,20,39,3.6366729736328125,59.0,59.5,8.068
1765482769.3818614,98,15,16,8,13,3.6361351013183594,59.0,59.0,7.085
1765482769.5830307,98,15,16,8,13,3.6361351013183594,59.0,59.0,7.085
1765482769.7841372,98,15,16,8,13,3.6361351013183594,59.0,59.0,7.085
1765482769.9853017,99,22,61,25,16,3.6356353759765625,59.0,59.0,7.856
1765482770.186318,99,22,61,25,16,3.6356353759765625,59.0,59.0,7.856
1765482770.3876317,99,20,19,18,14,3.6363449096679688,59.0,59.0,7.233
1765482770.5886424,99,20,19,18,14,3.6363449096679688,59.0,59.0,7.233
1765482770.7897446,99,20,19,18,14,3.6363449096679688,59.0,59.0,7.233
1765482770.990719,99,22,20,48,17,3.6371536254882812,59.0,60.0,8.345
1765482771.1917048,99,22,20,48,17,3.6371536254882812,59.0,60.0,8.345
1765482771.392662,99,10,12,8,12,3.6366615295410156,59.0,59.5,7.432
1765482771.5968852,99,10,12,8,12,3.6366615295410156,59.0,59.5,7.432
1765482771.7981544,99,10,12,8,12,3.6366615295410156,59.0,59.5,7.432
1765482771.999139,99,25,49,44,26,3.6366653442382812,59.0,59.5,7.737
1765482772.20031,99,25,49,44,26,3.6366653442382812,59.0,59.5,7.737
1765482772.401337,99,17,13,19,21,3.6363563537597656,59.0,59.5,7.618
1765482772.6023781,99,17,13,19,21,3.6363563537597656,59.0,59.5,7.618
1765482772.803364,99,17,13,19,21,3.6363563537597656,59.0,59.5,7.618
1765482773.0043678,99,12,25,17,54,3.6357879638671875,59.0,59.0,7.511
1765482773.2052732,99,12,25,17,54,3.6357879638671875,59.0,59.0,7.511
1765482773.406182,99,21,18,15,13,3.6358909606933594,59.0,59.0,6.778
1765482773.607336,99,21,18,15,13,3.6358909606933594,59.0,59.0,6.778
1765482773.8083358,99,21,18,15,13,3.6358909606933594,59.0,59.0,6.778
1765482774.009202,99,34,30,32,48,3.6361961364746094,59.0,59.5,7.205
1765482774.210222,99,34,30,32,48,3.6361961364746094,59.0,59.5,7.205
1765482774.4113743,99,34,30,32,48,3.6361961364746094,59.0,59.5,7.205
1765482774.6127412,99,8,12,4,14,3.636791229248047,59.0,59.5,7.233
1765482774.8138418,99,8,12,4,14,3.636791229248047,59.0,59.5,7.233
1765482775.014892,99,21,26,22,56,3.6363906860351562,59.0,59.0,7.125
1765482775.2158356,99,21,26,22,56,3.6363906860351562,59.0,59.0,7.125
1765482775.4168096,99,21,26,22,56,3.6363906860351562,59.0,59.0,7.125
1765482775.6177602,92,22,18,19,12,3.636005401611328,59.0,59.0,5.929
1765482775.8187723,92,22,18,19,12,3.636005401611328,59.0,59.0,5.929
1765482776.0200405,99,32,25,31,67,3.635974884033203,59.0,59.5,7.205
1765482776.2211752,99,32,25,31,67,3.635974884033203,59.0,59.5,7.205
1765482776.422156,99,32,25,31,67,3.635974884033203,59.0,59.5,7.205
1765482776.6233017,47,7,6,6,8,3.636993408203125,58.5,59.0,5.425
1765482776.8242507,47,7,6,6,8,3.636993408203125,58.5,59.0,5.425
1765482777.0252604,99,24,55,26,27,3.6361045837402344,59.0,59.5,7.125
1765482777.2264123,99,24,55,26,27,3.6361045837402344,59.0,59.5,7.125
1765482777.42742,99,24,55,26,27,3.6361045837402344,59.0,59.5,7.125
1765482777.6283603,99,15,20,16,15,3.6365394592285156,58.5,59.5,5.889
1765482777.8293486,99,15,20,16,15,3.6365394592285156,58.5,59.5,5.889
1765482778.030268,99,21,25,58,26,3.637317657470703,59.0,59.5,7.658
1765482778.231395,99,21,25,58,26,3.637317657470703,59.0,59.5,7.658
1765482778.4323452,99,21,25,58,26,3.637317657470703,59.0,59.5,7.658
1765482778.6335454,0,8,18,9,7,3.636188507080078,58.0,59.0,5.345
1765482778.834561,0,8,18,9,7,3.636188507080078,58.0,59.0,5.345
1765482779.0355885,99,33,32,35,26,3.6360702514648438,59.0,59.5,6.818
1765482779.2367,99,33,32,35,26,3.6360702514648438,59.0,59.5,6.818
1765482779.4377136,99,33,32,35,26,3.6360702514648438,59.0,59.5,6.818
1765482779.6387544,54,18,22,26,23,3.636730194091797,58.5,60.0,6.469
1765482779.8396678,54,18,22,26,23,3.636730194091797,58.5,60.0,6.469
1765482780.0407777,99,12,50,18,13,3.6373367309570312,59.0,60.0,8.068
1765482780.241771,99,12,50,18,13,3.6373367309570312,59.0,60.0,8.068
1765482780.4429388,99,12,50,18,13,3.6373367309570312,59.0,60.0,8.068
1765482780.644338,99,18,39,23,17,3.6364173889160156,58.5,59.5,7.205
1765482780.8453128,99,18,39,23,17,3.6364173889160156,58.5,59.5,7.205
1765482781.0462406,98,19,18,37,20,3.6366844177246094,59.0,60.0,7.312
1765482781.247314,98,19,18,37,20,3.6366844177246094,59.0,60.0,7.312
1765482781.4489932,98,19,18,37,20,3.6366844177246094,59.0,60.0,7.312
1765482781.6499364,99,24,26,26,28,3.637012481689453,59.0,60.5,7.962
1765482781.8509202,99,24,26,26,28,3.637012481689453,59.0,60.5,7.962
1765482782.0522087,99,6,12,8,30,3.63653564453125,59.5,59.5,7.618
1765482782.253184,99,6,12,8,30,3.63653564453125,59.5,59.5,7.618
1765482782.4541988,99,6,12,8,30,3.63653564453125,59.5,59.5,7.618
1765482782.6552162,99,21,25,23,43,3.636089324951172,59.0,59.5,7.352
1765482782.8562381,99,21,25,23,43,3.636089324951172,59.0,59.5,7.352
1765482783.0572,99,18,20,16,34,3.6363296508789062,59.0,59.5,7.245
1765482783.2581577,99,18,20,16,34,3.6363296508789062,59.0,59.5,7.245
1765482783.459255,99,18,20,16,34,3.6363296508789062,59.0,59.5,7.245
1765482783.6603827,99,34,14,20,32,3.6372146606445312,59.5,60.5,8.042
1765482783.8613448,99,34,14,20,32,3.6372146606445312,59.5,60.5,8.042
1765482784.0624106,99,14,14,11,16,3.636707305908203,59.0,59.5,7.352
1765482784.2633734,99,14,14,11,16,3.636707305908203,59.0,59.5,7.352
1765482784.4643703,99,14,14,11,16,3.636707305908203,59.0,59.5,7.352
1765482784.665471,99,49,24,44,21,3.6366806030273438,59.0,60.0,7.539
1765482784.866457,99,49,24,44,21,3.6366806030273438,59.0,60.0,7.539
1765482785.067493,99,49,24,44,21,3.6366806030273438,59.0,60.0,7.539
1765482785.2685373,99,24,58,16,21,3.630878448486328,59.5,59.5,7.125
1765482785.4697275,99,24,58,16,21,3.630878448486328,59.5,59.5,7.125
1765482785.6707757,99,20,24,45,18,3.6325836181640625,59.5,60.5,7.923
1765482785.8717787,99,20,24,45,18,3.6325836181640625,59.5,60.5,7.923
1765482786.072859,99,20,24,45,18,3.6325836181640625,59.5,60.5,7.923
1765482786.273905,98,14,12,19,12,3.6319122314453125,59.5,59.5,6.977
1765482786.4750173,98,14,12,19,12,3.6319122314453125,59.5,59.5,6.977
1765482786.6764083,99,23,21,59,24,3.6324310302734375,59.5,61.0,7.539
1765482786.8773265,99,23,21,59,24,3.6324310302734375,59.5,61.0,7.539
1765482787.078245,99,23,21,59,24,3.6324310302734375,59.5,61.0,7.539
1765482787.2791123,99,23,15,22,16,3.632549285888672,59.5,60.0,7.658
1765482787.4801986,99,23,15,22,16,3.632549285888672,59.5,60.0,7.658
1765482787.681266,99,14,12,46,17,3.6324996948242188,59.5,60.5,7.883
1765482787.8823998,99,14,12,46,17,3.6324996948242188,59.5,60.5,7.883
1765482788.08348,99,14,12,46,17,3.6324996948242188,59.5,60.5,7.883
1765482788.2849076,99,19,16,14,14,3.6336135864257812,59.5,59.5,6.966
1765482788.4860575,99,19,16,14,14,3.6336135864257812,59.5,59.5,6.966
1765482788.6870492,98,29,54,27,26,3.6336822509765625,59.5,60.0,7.962
1765482788.88827,98,29,54,27,26,3.6336822509765625,59.5,60.0,7.962
1765482789.08939,98,29,54,27,26,3.6336822509765625,59.5,60.0,7.962
1765482789.2905025,99,19,13,13,11,3.635021209716797,59.5,60.0,8.147
1765482789.4915218,99,19,13,13,11,3.635021209716797,59.5,60.0,8.147
1765482789.6926007,99,19,23,18,63,3.635120391845703,59.5,60.5,7.923
1765482789.893698,99,19,23,18,63,3.635120391845703,59.5,60.5,7.923
1765482790.0947645,99,19,23,18,63,3.635120391845703,59.5,60.5,7.923
1765482790.2957644,99,18,6,14,12,3.6359710693359375,59.5,60.0,7.551
1765482790.4970324,99,18,6,14,12,3.6359710693359375,59.5,60.0,7.551
1765482790.6980355,99,30,55,28,24,3.6355857849121094,59.5,60.5,8.147
1765482790.8991444,99,30,55,28,24,3.6355857849121094,59.5,60.5,8.147
1765482791.1002767,99,30,55,28,24,3.6355857849121094,59.5,60.5,8.147
1765482791.3013413,99,16,7,4,8,3.6365928649902344,59.5,60.0,7.511
1765482791.5026803,99,16,7,4,8,3.6365928649902344,59.5,60.0,7.511
1765482791.7036848,99,22,18,19,64,3.6363792419433594,59.5,60.0,7.499
1765482791.904792,99,22,18,19,64,3.6363792419433594,59.5,60.0,7.499
1765482792.1058795,99,22,18,19,64,3.6363792419433594,59.5,60.0,7.499
1765482792.307025,99,21,15,14,16,3.6369285583496094,59.5,60.0,7.006
1765482792.5083776,99,21,15,14,16,3.6369285583496094,59.5,60.0,7.006
1765482792.7093625,99,23,32,28,58,3.637859344482422,59.0,61.0,8.529
1765482792.9105153,99,23,32,28,58,3.637859344482422,59.0,61.0,8.529
1765482793.1116402,99,23,32,28,58,3.637859344482422,59.0,61.0,8.529
1765482793.3127518,98,8,8,7,14,3.637073516845703,59.5,60.0,6.897
1765482793.513697,98,8,8,7,14,3.637073516845703,59.5,60.0,6.897
1765482793.7146075,99,30,20,20,66,3.6375274658203125,59.5,60.0,7.697
1765482793.91576,99,30,20,20,66,3.6375274658203125,59.5,60.0,7.697
1765482794.1169372,99,30,20,20,66,3.6375274658203125,59.5,60.0,7.697
1765482794.3179483,99,12,22,13,14,3.6374435424804688,59.5,60.0,7.017
1765482794.519086,99,12,22,13,14,3.6374435424804688,59.5,60.0,7.017
1765482794.7200313,99,20,22,14,54,3.6386184692382812,59.5,60.5,8.108
1765482794.9209602,99,20,22,14,54,3.6386184692382812,59.5,60.5,8.108
1765482795.1221416,99,20,22,14,54,3.6386184692382812,59.5,60.5,8.108
1765482795.323665,98,10,34,12,6,3.636219024658203,59.5,60.5,7.658
1765482795.5251107,98,10,34,12,6,3.636219024658203,59.5,60.5,7.658
1765482795.7260532,99,36,59,29,47,3.632904052734375,60.0,60.0,7.777
1765482795.927065,99,36,59,29,47,3.632904052734375,60.0,60.0,7.777
1765482796.1283956,99,36,59,29,47,3.632904052734375,60.0,60.0,7.777
1765482796.3296144,98,16,4,16,14,3.6337623596191406,60.0,60.0,7.245
1765482796.5306277,98,16,4,16,14,3.6337623596191406,60.0,60.0,7.245
1765482796.7315314,98,16,4,16,14,3.6337623596191406,60.0,60.0,7.245
1765482796.9327927,99,24,15,10,56,3.634235382080078,60.0,60.0,7.352
1765482797.1338255,99,24,15,10,56,3.634235382080078,60.0,60.0,7.352
1765482797.3348067,99,18,15,15,16,3.635272979736328,59.5,60.0,6.698
1765482797.5357482,99,18,15,15,16,3.635272979736328,59.5,60.0,6.698
1765482797.736634,99,18,15,15,16,3.635272979736328,59.5,60.0,6.698
1765482797.9376466,99,60,34,29,28,3.6349143981933594,60.0,60.5,7.233
1765482798.138867,99,60,34,29,28,3.6349143981933594,60.0,60.5,7.233
1765482798.33984,99,17,10,10,10,3.636394500732422,59.5,60.5,7.312
1765482798.5408685,99,17,10,10,10,3.636394500732422,59.5,60.5,7.312
1765482798.7419221,99,17,10,10,10,3.636394500732422,59.5,60.5,7.312
1765482798.9429321,99,57,23,18,12,3.63623046875,59.5,60.5,7.125
1765482799.1438975,99,57,23,18,12,3.63623046875,59.5,60.5,7.125
1765482799.3448946,99,20,16,12,12,3.636272430419922,59.5,60.0,6.32
1765482799.5459988,99,20,16,12,12,3.636272430419922,59.5,60.0,6.32
1765482799.747029,99,20,16,12,12,3.636272430419922,59.5,60.0,6.32
1765482799.9483118,99,25,31,22,58,3.636943817138672,60.0,60.5,7.284
1765482800.149423,99,25,31,22,58,3.636943817138672,60.0,60.5,7.284
1765482800.350341,99,13,7,7,8,3.6372451782226562,59.5,60.0,6.009
1765482800.5512366,99,13,7,7,8,3.6372451782226562,59.5,60.0,6.009
1765482800.7523587,99,13,7,7,8,3.6372451782226562,59.5,60.0,6.009
1765482800.9535682,99,26,22,24,53,3.6371421813964844,60.0,60.0,6.857
1765482801.1546957,99,26,22,24,53,3.6371421813964844,60.0,60.0,6.857
1765482801.3556733,99,22,16,13,18,3.6372604370117188,59.5,60.0,5.112
1765482801.556587,99,22,16,13,18,3.6372604370117188,59.5,60.0,5.112
1765482801.757635,99,22,16,13,18,3.6372604370117188,59.5,60.0,5.112
1765482801.958745,99,26,67,18,29,3.6379127502441406,60.0,60.5,7.539
1765482802.1598694,99,26,67,18,29,3.6379127502441406,60.0,60.5,7.539
1765482802.363233,34,9,6,7,5,3.6374664306640625,59.5,59.5,5.305
1765482802.564404,34,9,6,7,5,3.6374664306640625,59.5,59.5,5.305
1765482802.765426,34,9,6,7,5,3.6374664306640625,59.5,59.5,5.305
1765482802.9665782,99,41,38,37,25,3.638134002685547,60.0,60.0,7.085
1765482803.1676066,99,41,38,37,25,3.638134002685547,60.0,60.0,7.085
1765482803.368721,98,14,19,17,18,3.6384124755859375,59.5,60.5,5.778
1765482803.5697463,98,14,19,17,18,3.6384124755859375,59.5,60.5,5.778
1765482803.7707646,98,14,19,17,18,3.6384124755859375,59.5,60.5,5.778
1765482803.9716618,99,20,23,60,16,3.639476776123047,60.5,60.5,7.843
1765482804.172575,99,20,23,60,16,3.639476776123047,60.5,60.5,7.843
1765482804.3737402,99,12,8,7,11,3.6389427185058594,59.5,60.0,5.858
1765482804.5749342,99,12,8,7,11,3.6389427185058594,59.5,60.0,5.858
1765482804.7759895,99,12,8,7,11,3.6389427185058594,59.5,60.0,5.858
1765482804.9771302,99,29,56,29,24,3.64056396484375,60.0,60.5,7.046
1765482805.1782203,99,29,56,29,24,3.64056396484375,60.0,60.5,7.046
1765482805.3791947,28,19,22,8,16,3.6404342651367188,59.5,61.0,5.889
1765482805.5801523,28,19,22,8,16,3.6404342651367188,59.5,61.0,5.889
1765482805.7811806,28,19,22,8,16,3.6404342651367188,59.5,61.0,5.889
1765482805.9823098,99,12,56,17,15,3.6411895751953125,60.0,60.5,7.352
1765482806.1833687,99,12,56,17,15,3.6411895751953125,60.0,60.5,7.352
1765482806.384445,99,12,11,15,19,3.6409950256347656,59.5,60.5,5.497
1765482806.585554,99,12,11,15,19,3.6409950256347656,59.5,60.5,5.497
1765482806.7864616,99,12,11,15,19,3.6409950256347656,59.5,60.5,5.497
1765482806.9874108,99,48,30,30,20,3.6413497924804688,60.0,60.5,7.006
1765482807.1884205,99,48,30,30,20,3.6413497924804688,60.0,60.5,7.006
1765482807.3895438,99,48,30,30,20,3.6413497924804688,60.0,60.5,7.006
1765482807.590712,6,18,12,23,17,3.642414093017578,59.5,61.0,5.738
1765482807.792099,6,18,12,23,17,3.642414093017578,59.5,61.0,5.738
1765482807.993093,99,50,13,12,13,3.641704559326172,60.0,60.5,6.937
1765482808.194126,99,50,13,12,13,3.641704559326172,60.0,60.5,6.937
1765482808.3967543,99,50,13,12,13,3.641704559326172,60.0,60.5,6.937
1765482808.5979009,47,16,21,14,28,3.6409873962402344,59.5,61.5,6.2
1765482808.7991476,47,16,21,14,28,3.6409873962402344,59.5,61.5,6.2
1765482809.0001953,99,56,18,15,14,3.6423377990722656,60.0,60.5,7.205
1765482809.2012713,99,56,18,15,14,3.6423377990722656,60.0,60.5,7.205
1765482809.4022357,99,56,18,15,14,3.6423377990722656,60.0,60.5,7.205
1765482809.6032372,99,21,20,19,17,3.6424293518066406,60.0,61.5,7.392
1765482809.804316,99,21,20,19,17,3.6424293518066406,60.0,61.5,7.392
1765482810.0054388,99,35,15,26,12,3.641845703125,60.5,61.0,7.284
1765482810.20643,99,35,15,26,12,3.641845703125,60.5,61.0,7.284
1765482810.4074516,99,35,15,26,12,3.641845703125,60.5,61.0,7.284
1765482810.6091535,99,20,34,18,28,3.6422119140625,60.0,60.5,7.205
1765482810.8101003,99,20,34,18,28,3.6422119140625,60.0,60.5,7.205
1765482811.0110164,99,16,43,19,16,3.642181396484375,60.0,61.0,7.804
1765482811.2120054,99,16,43,19,16,3.642181396484375,60.0,61.0,7.804
1765482811.4131348,99,16,43,19,16,3.642181396484375,60.0,61.0,7.804
1765482811.6140993,99,16,22,19,25,3.6420440673828125,60.0,61.0,7.618
1765482811.8150306,99,16,22,19,25,3.6420440673828125,60.0,61.0,7.618
1765482812.0161617,99,23,20,12,29,3.64251708984375,60.0,60.5,7.392
1765482812.2171283,99,23,20,12,29,3.64251708984375,60.0,60.5,7.392
1765482812.4183,99,23,20,12,29,3.64251708984375,60.0,60.5,7.392
1765482812.6193702,99,27,20,47,24,3.6425743103027344,60.0,61.5,7.499
1765482812.8203878,99,27,20,47,24,3.6425743103027344,60.0,61.5,7.499
1765482813.021339,98,16,16,28,24,3.643463134765625,60.0,60.5,7.804
1765482813.2222557,98,16,16,28,24,3.643463134765625,60.0,60.5,7.804
1765482813.4234157,98,16,16,28,24,3.643463134765625,60.0,60.5,7.804
1765482813.6244516,99,21,34,20,8,3.6428680419921875,60.0,60.5,7.539
1765482813.825542,99,21,34,20,8,3.6428680419921875,60.0,60.5,7.539
1765482814.0265608,99,18,15,23,27,3.6433258056640625,60.0,60.5,7.432
1765482814.227612,99,18,15,23,27,3.6433258056640625,60.0,60.5,7.432
1765482814.4287405,99,18,15,23,27,3.6433258056640625,60.0,60.5,7.432
1765482814.6299064,99,32,32,44,18,3.6431655883789062,60.0,61.0,7.816
1765482814.8310082,99,32,32,44,18,3.6431655883789062,60.0,61.0,7.816
1765482815.0322313,98,19,9,14,8,3.6441917419433594,60.5,61.0,7.658
1765482815.233359,98,19,9,14,8,3.6441917419433594,60.5,61.0,7.658
1765482815.4344494,98,19,9,14,8,3.6441917419433594,60.5,61.0,7.658
1765482815.6354468,99,18,20,62,16,3.643341064453125,60.0,61.5,7.883
1765482815.836465,99,18,20,62,16,3.643341064453125,60.0,61.5,7.883
1765482816.0375192,99,10,14,21,16,3.6437110900878906,60.0,60.5,7.006
1765482816.2385228,99,10,14,21,16,3.6437110900878906,60.0,60.5,7.006
1765482816.4396467,99,10,14,21,16,3.6437110900878906,60.0,60.5,7.006
1765482816.6409914,99,22,46,42,26,3.6439132690429688,60.5,61.5,8.489
1765482816.8421555,99,22,46,42,26,3.6439132690429688,60.5,61.5,8.489
1765482817.0433092,99,12,0,6,4,3.6434402465820312,60.0,60.5,7.618
1765482817.2446256,99,12,0,6,4,3.6434402465820312,60.0,60.5,7.618
1765482817.4455686,99,12,0,6,4,3.6434402465820312,60.0,60.5,7.618
1765482817.6465063,99,66,21,22,24,3.6435699462890625,60.5,61.0,7.471
1765482817.8475022,99,66,21,22,24,3.6435699462890625,60.5,61.0,7.471
1765482818.0485613,99,66,21,22,24,3.6435699462890625,60.5,61.0,7.471
1765482818.2495809,99,16,19,19,14,3.6437110900878906,60.5,61.0,7.125
1765482818.4507132,99,16,19,19,14,3.6437110900878906,60.5,61.0,7.125
1765482818.651714,99,22,18,54,34,3.64483642578125,60.5,61.0,8.45
1765482818.8527815,99,22,18,54,34,3.64483642578125,60.5,61.0,8.45
1765482819.053712,99,22,18,54,34,3.64483642578125,60.5,61.0,8.45
1765482819.2549212,99,6,9,5,8,3.643665313720703,60.0,61.0,6.778
1765482819.4558797,99,6,9,5,8,3.643665313720703,60.0,61.0,6.778
1765482819.656854,99,28,29,52,30,3.6438560485839844,60.0,61.0,7.245
1765482819.8579247,99,28,29,52,30,3.6438560485839844,60.0,61.0,7.245
1765482820.05876,99,28,29,52,30,3.6438560485839844,60.0,61.0,7.245
1765482820.2598689,99,10,8,16,15,3.643993377685547,60.5,60.5,6.698
1765482820.461003,99,10,8,16,15,3.643993377685547,60.5,60.5,6.698
1765482820.6620007,99,18,21,60,15,3.6441993713378906,60.5,61.0,7.392
1765482820.8629732,99,18,21,60,15,3.6441993713378906,60.5,61.0,7.392
1765482821.0638144,99,18,21,60,15,3.6441993713378906,60.5,61.0,7.392
1765482821.264823,99,12,11,15,8,3.6441421508789062,59.5,60.0,5.425
1765482821.4658792,99,12,11,15,8,3.6441421508789062,59.5,60.0,5.425
1765482821.6668668,99,32,34,48,28,3.6433639526367188,60.5,61.0,6.897
1765482821.8678696,99,32,34,48,28,3.6433639526367188,60.5,61.0,6.897
1765482822.069112,99,32,34,48,28,3.6433639526367188,60.5,61.0,6.897
1765482822.2701724,88,12,12,17,21,3.644756317138672,60.0,61.0,6.28
1765482822.4710498,88,12,12,17,21,3.644756317138672,60.0,61.0,6.28
1765482822.6722555,99,16,14,56,14,3.6440887451171875,60.5,61.0,7.006
1765482822.8733215,99,16,14,56,14,3.6440887451171875,60.5,61.0,7.006
1765482823.0745578,99,16,14,56,14,3.6440887451171875,60.5,61.0,7.006
1765482823.2755833,99,28,24,17,18,3.6441917419433594,60.0,61.0,6.16
1765482823.476507,99,28,24,17,18,3.6441917419433594,60.0,61.0,6.16
1765482823.6774168,99,26,17,58,28,3.6442489624023438,60.5,61.0,7.046
1765482823.8784337,99,26,17,58,28,3.6442489624023438,60.5,61.0,7.046
1765482824.0793934,99,26,17,58,28,3.6442489624023438,60.5,61.0,7.046
1765482824.2804446,0,19,15,20,18,3.6443023681640625,59.5,61.5,6.12
1765482824.4819539,0,19,15,20,18,3.6443023681640625,59.5,61.5,6.12
1765482824.683,99,20,21,21,41,3.6438446044921875,60.0,61.0,6.897
1765482824.8840725,99,20,21,21,41,3.6438446044921875,60.0,61.0,6.897
1765482825.0849977,99,20,21,21,41,3.6438446044921875,60.0,61.0,6.897
1765482825.2860677,99,20,28,36,20,3.6440391540527344,60.0,61.5,7.085
1765482825.4870696,99,20,28,36,20,3.6440391540527344,60.0,61.5,7.085
1765482825.6882312,99,16,52,13,16,3.6440086364746094,60.5,61.5,7.777
1765482825.8892684,99,16,52,13,16,3.6440086364746094,60.5,61.5,7.777
1765482826.0902154,99,16,52,13,16,3.6440086364746094,60.5,61.5,7.777
1765482826.2912886,99,26,12,19,13,3.6441421508789062,60.0,61.5,7.312
1765482826.4922237,99,26,12,19,13,3.6441421508789062,60.0,61.5,7.312
1765482826.6932056,99,32,19,17,28,3.6441497802734375,60.5,61.0,7.312
1765482826.8941576,99,32,19,17,28,3.6441497802734375,60.5,61.0,7.312
1765482827.0953467,99,32,19,17,28,3.6441497802734375,60.5,61.0,7.312
1765482827.296596,99,22,25,43,18,3.6440467834472656,60.0,62.0,7.578
1765482827.4975715,99,22,25,43,18,3.6440467834472656,60.0,62.0,7.578
1765482827.6985874,99,22,25,43,18,3.6440467834472656,60.0,62.0,7.578
1765482827.899707,99,17,8,40,19,3.644916534423828,60.5,61.5,8.002
1765482828.1005986,99,17,8,40,19,3.644916534423828,60.5,61.5,8.002
1765482828.3015926,99,29,22,15,19,3.6442222595214844,60.5,62.0,7.578
1765482828.5026305,99,29,22,15,19,3.6442222595214844,60.5,62.0,7.578
1765482828.703611,99,29,22,15,19,3.6442222595214844,60.5,62.0,7.578
1765482828.904691,99,25,26,14,19,3.6438217163085938,60.5,60.5,7.085
1765482829.1057107,99,25,26,14,19,3.6438217163085938,60.5,60.5,7.085
1765482829.3068388,99,22,31,41,28,3.6438522338867188,60.5,61.5,7.843
1765482829.5077069,99,22,31,41,28,3.6438522338867188,60.5,61.5,7.843
1765482829.7087018,99,22,31,41,28,3.6438522338867188,60.5,61.5,7.843
1765482829.9097455,99,14,14,23,10,3.645282745361328,60.5,61.5,8.042
1765482830.1108384,99,14,14,23,10,3.645282745361328,60.5,61.5,8.042
1765482830.3121362,99,24,16,46,28,3.645549774169922,60.5,62.5,8.002
1765482830.513167,99,24,16,46,28,3.645549774169922,60.5,62.5,8.002
1765482830.7140722,99,24,16,46,28,3.645549774169922,60.5,62.5,8.002
1765482830.9149873,98,21,23,14,28,3.64630126953125,60.5,61.0,7.006
1765482831.1160846,98,21,23,14,28,3.64630126953125,60.5,61.0,7.006
1765482831.3170683,98,40,34,18,41,3.647125244140625,61.0,61.5,8.305
1765482831.518049,98,40,34,18,41,3.647125244140625,61.0,61.5,8.305
1765482831.719211,98,40,34,18,41,3.647125244140625,61.0,61.5,8.305
1765482831.920243,99,13,6,8,10,3.6500930786132812,61.0,61.0,7.392
1765482832.1212976,99,13,6,8,10,3.6500930786132812,61.0,61.0,7.392
1765482832.322203,99,29,31,56,17,3.6500473022460938,61.0,61.5,7.923
1765482832.5232375,99,29,31,56,17,3.6500473022460938,61.0,61.5,7.923
1765482832.7244222,99,29,31,56,17,3.6500473022460938,61.0,61.5,7.923
1765482832.9253414,99,17,14,6,16,3.6500587463378906,60.5,61.5,7.284
1765482833.1264389,99,17,14,6,16,3.6500587463378906,60.5,61.5,7.284
1765482833.3274193,99,21,24,66,18,3.6507530212402344,60.5,62.5,8.608
1765482833.528537,99,21,24,66,18,3.6507530212402344,60.5,62.5,8.608
1765482833.7296307,99,21,24,66,18,3.6507530212402344,60.5,62.5,8.608
1765482833.930592,98,8,4,9,6,3.6501007080078125,60.5,61.0,6.818
1765482834.1315207,98,8,4,9,6,3.6501007080078125,60.5,61.0,6.818
1765482834.3326056,99,33,23,36,45,3.6498069763183594,61.0,61.5,7.284
1765482834.5336618,99,33,23,36,45,3.6498069763183594,61.0,61.5,7.284
1765482834.7346454,99,33,23,36,45,3.6498069763183594,61.0,61.5,7.284
1765482834.9357684,99,19,14,10,12,3.6499099731445312,61.0,61.0,6.857
1765482835.136982,99,19,14,10,12,3.6499099731445312,61.0,61.0,6.857
1765482835.3380387,99,19,20,58,20,3.650402069091797,61.0,62.0,7.578
1765482835.5392034,99,19,20,58,20,3.650402069091797,61.0,62.0,7.578
1765482835.7402601,99,19,20,58,20,3.650402069091797,61.0,62.0,7.578
1765482835.9412875,99,14,8,13,9,3.6500778198242188,60.5,61.0,5.506
1765482836.1423042,99,14,8,13,9,3.6500778198242188,60.5,61.0,5.506
1765482836.343154,99,32,42,30,43,3.650226593017578,61.0,61.0,6.857
1765482836.5441768,99,32,42,30,43,3.650226593017578,61.0,61.0,6.857
1765482836.7451098,99,32,42,30,43,3.650226593017578,61.0,61.0,6.857
1765482836.94623,25,19,16,12,15,3.650421142578125,60.5,61.5,6.2
1765482837.1472647,25,19,16,12,15,3.650421142578125,60.5,61.5,6.2
1765482837.3481872,99,51,16,13,10,3.6499786376953125,61.0,61.5,7.085
1765482837.5495298,99,51,16,13,10,3.6499786376953125,61.0,61.5,7.085
1765482837.7504365,99,51,16,13,10,3.6499786376953125,61.0,61.5,7.085
1765482837.9518983,88,18,31,19,16,3.6503448486328125,60.5,61.0,5.617
1765482838.1532183,88,18,31,19,16,3.6503448486328125,60.5,61.0,5.617
1765482838.354473,88,18,31,19,16,3.6503448486328125,60.5,61.0,5.617
1765482838.555803,99,26,60,22,19,3.6499481201171875,61.0,61.5,7.046
1765482838.757286,99,26,60,22,19,3.6499481201171875,61.0,61.5,7.046
1765482838.9585052,82,28,19,17,15,3.650524139404297,60.5,62.0,6.549
1765482839.1594086,82,28,19,17,15,3.650524139404297,60.5,62.0,6.549
1765482839.3603892,82,28,19,17,15,3.650524139404297,60.5,62.0,6.549
1765482839.5615308,99,49,18,14,10,3.6495933532714844,61.0,61.5,7.233
1765482839.7626355,99,49,18,14,10,3.6495933532714844,61.0,61.5,7.233
1765482839.9636054,99,24,20,28,26,3.6500930786132812,60.5,62.0,7.125
1765482840.1645749,99,24,20,28,26,3.6500930786132812,60.5,62.0,7.125
1765482840.3656669,99,24,20,28,26,3.6500930786132812,60.5,62.0,7.125
1765482840.5667577,99,27,18,48,16,3.6502723693847656,61.0,61.5,7.804
1765482840.7677798,99,27,18,48,16,3.6502723693847656,61.0,61.5,7.804
1765482840.9685974,99,16,14,30,10,3.6505393981933594,60.5,62.0,7.618
1765482841.1698525,99,16,14,30,10,3.6505393981933594,60.5,62.0,7.618
1765482841.3710544,99,16,14,30,10,3.6505393981933594,60.5,62.0,7.618
1765482841.572182,99,22,19,22,29,3.649799346923828,61.0,61.5,7.618
1765482841.7732177,99,22,19,22,29,3.649799346923828,61.0,61.5,7.618
1765482841.974327,99,24,19,42,25,3.6502952575683594,61.0,62.0,7.471
1765482842.1752446,99,24,19,42,25,3.6502952575683594,61.0,62.0,7.471
1765482842.3764465,99,24,19,42,25,3.6502952575683594,61.0,62.0,7.471
1765482842.5775025,98,14,12,20,34,3.6508445739746094,61.0,61.5,8.002
1765482842.7803707,98,14,12,20,34,3.6508445739746094,61.0,61.5,8.002
1765482842.9816284,99,45,10,14,10,3.649852752685547,61.0,62.0,7.539
1765482843.1830037,99,45,10,14,10,3.649852752685547,61.0,62.0,7.539
1765482843.3840427,99,45,10,14,10,3.649852752685547,61.0,62.0,7.539
1765482843.585059,99,32,17,19,18,3.650054931640625,61.5,61.5,7.471
1765482843.7869992,99,32,17,19,18,3.650054931640625,61.5,61.5,7.471
1765482843.988333,99,22,40,26,35,3.6498947143554688,61.0,61.5,7.737
1765482844.1893425,99,22,40,26,35,3.6498947143554688,61.0,61.5,7.737
1765482844.390486,99,22,40,26,35,3.6498947143554688,61.0,61.5,7.737
1765482844.5916631,98,13,26,8,15,3.650257110595703,61.0,61.5,8.042
1765482844.7925425,98,13,26,8,15,3.650257110595703,61.0,61.5,8.042
1765482844.9938638,99,18,18,59,16,3.650177001953125,61.5,62.5,7.923
1765482845.194902,99,18,18,59,16,3.650177001953125,61.5,62.5,7.923
1765482845.3957927,99,18,18,59,16,3.650177001953125,61.5,62.5,7.923
1765482845.5966618,99,23,16,21,12,3.6503829956054688,61.0,61.5,6.818
1765482845.7978141,99,23,16,21,12,3.6503829956054688,61.0,61.5,6.818
1765482845.9989305,98,38,34,30,37,3.6506500244140625,61.5,62.5,8.41
1765482846.1998584,98,38,34,30,37,3.6506500244140625,61.5,62.5,8.41
1765482846.40087,98,38,34,30,37,3.6506500244140625,61.5,62.5,8.41
1765482846.6019008,99,11,11,7,12,3.6506500244140625,61.0,61.5,7.312
1765482846.802816,99,11,11,7,12,3.6506500244140625,61.0,61.5,7.312
1765482847.0038402,99,24,33,18,63,3.650146484375,61.0,62.0,8.108
1765482847.205006,99,24,33,18,63,3.650146484375,61.0,62.0,8.108
1765482847.4061542,99,24,33,18,63,3.650146484375,61.0,62.0,8.108
1765482847.6070762,99,17,15,14,15,3.650165557861328,61.0,61.5,7.432
1765482847.8082771,99,17,15,14,15,3.650165557861328,61.0,61.5,7.432
1765482848.009195,98,26,58,23,20,3.650653839111328,61.5,62.5,8.489
1765482848.210199,98,26,58,23,20,3.650653839111328,61.5,62.5,8.489
1765482848.4113328,98,26,58,23,20,3.650653839111328,61.5,62.5,8.489
1765482848.6124861,99,6,7,10,11,3.6499290466308594,61.0,61.5,6.897
1765482848.8137407,99,6,7,10,11,3.6499290466308594,61.0,61.5,6.897
1765482849.0149627,99,29,54,28,26,3.6498985290527344,61.0,61.5,7.352
1765482849.2160153,99,29,54,28,26,3.6498985290527344,61.0,61.5,7.352
1765482849.4172006,99,29,54,28,26,3.6498985290527344,61.0,61.5,7.352
1765482849.6181698,99,19,12,15,14,3.6501502990722656,61.0,61.5,7.046
1765482849.8192525,99,19,12,15,14,3.6501502990722656,61.0,61.5,7.046
1765482850.0207427,99,19,12,15,14,3.6501502990722656,61.0,61.5,7.046
1765482850.2219286,99,22,58,12,16,3.6510086059570312,61.0,62.0,7.697
1765482850.4230108,99,22,58,12,16,3.6510086059570312,61.0,62.0,7.697
1765482850.6250658,99,18,6,11,8,3.6505203247070312,61.0,61.5,6.32
1765482850.826043,99,18,6,11,8,3.6505203247070312,61.0,61.5,6.32
1765482851.0270386,99,18,6,11,8,3.6505203247070312,61.0,61.5,6.32
1765482851.2282064,99,26,48,37,30,3.6498985290527344,61.0,61.5,7.046
1765482851.429292,99,26,48,37,30,3.6498985290527344,61.0,61.5,7.046
1765482851.6313298,99,14,14,15,14,3.6506080627441406,60.5,62.0,5.929
1765482851.8324282,99,14,14,15,14,3.6506080627441406,60.5,62.0,5.929
1765482852.0334754,99,14,14,15,14,3.6506080627441406,60.5,62.0,5.929
1765482852.2352192,99,14,14,12,58,3.6501922607421875,61.0,61.5,7.165
1765482852.4363723,99,14,14,12,58,3.6501922607421875,61.0,61.5,7.165
1765482852.6373286,99,22,6,13,12,3.650066375732422,60.5,61.5,5.929
1765482852.8384426,99,22,6,13,12,3.650066375732422,60.5,61.5,5.929
1765482853.0393567,99,22,6,13,12,3.650066375732422,60.5,61.5,5.929
1765482853.2402992,99,27,55,31,19,3.6503143310546875,61.0,62.0,7.125
1765482853.441167,99,27,55,31,19,3.6503143310546875,61.0,62.0,7.125
1765482853.642455,0,15,22,22,10,3.650981903076172,61.0,62.5,5.929
1765482853.8435428,0,15,22,22,10,3.650981903076172,61.0,62.5,5.929
1765482854.0444834,0,15,22,22,10,3.650981903076172,61.0,62.5,5.929
1765482854.2455986,99,26,18,20,41,3.650318145751953,61.5,61.5,7.193
1765482854.446475,99,26,18,20,41,3.650318145751953,61.5,61.5,7.193
1765482854.6478188,99,33,22,26,21,3.6502838134765625,61.0,62.0,7.165
1765482854.849253,99,33,22,26,21,3.6502838134765625,61.0,62.0,7.165
1765482855.050273,99,33,22,26,21,3.6502838134765625,61.0,62.0,7.165
1765482855.2514455,99,17,46,16,16,3.650066375732422,61.0,61.5,7.539
1765482855.4524627,99,17,46,16,16,3.650066375732422,61.0,61.5,7.539
1765482855.6540017,99,10,20,15,32,3.6503334045410156,61.5,62.0,7.804
1765482855.8549244,99,10,20,15,32,3.6503334045410156,61.5,62.0,7.804
1765482856.056011,99,10,20,15,32,3.6503334045410156,61.5,62.0,7.804
1765482856.2572577,99,16,27,21,24,3.6503753662109375,61.5,61.5,7.618
1765482856.458495,99,16,27,21,24,3.6503753662109375,61.5,61.5,7.618
1765482856.659533,99,28,56,34,46,3.645263671875,61.0,62.0,7.618
1765482856.860596,99,28,56,34,46,3.645263671875,61.0,62.0,7.618
1765482857.0616474,99,28,56,34,46,3.645263671875,61.0,62.0,7.618
1765482857.2625659,99,25,34,16,17,3.6495132446289062,61.5,62.5,7.923
1765482857.4638474,99,25,34,16,17,3.6495132446289062,61.5,62.5,7.923
1765482857.6650465,99,22,15,12,40,3.6494064331054688,61.5,62.0,7.578
1765482857.8659277,99,22,15,12,40,3.6494064331054688,61.5,62.0,7.578
1765482858.0668693,99,22,15,12,40,3.6494064331054688,61.5,62.0,7.578
1765482858.2678957,99,24,12,19,23,3.64971923828125,61.5,62.0,7.392
1765482858.469016,99,24,12,19,23,3.64971923828125,61.5,62.0,7.392
1765482858.6700683,99,29,24,52,18,3.649578094482422,61.0,62.5,7.816
1765482858.871062,99,29,24,52,18,3.649578094482422,61.0,62.5,7.816
1765482859.072326,99,29,24,52,18,3.649578094482422,61.0,62.5,7.816
1765482859.2733755,98,15,13,16,11,3.650310516357422,61.5,62.0,7.737
1765482859.4747245,98,15,13,16,11,3.650310516357422,61.5,62.0,7.737
1765482859.675871,98,15,13,16,11,3.650310516357422,61.5,62.0,7.737
1765482859.877009,99,21,17,27,52,3.649272918701172,61.0,62.0,8.002
1765482860.0779428,99,21,17,27,52,3.649272918701172,61.0,62.0,8.002
1765482860.2790117,99,23,16,19,17,3.6499900817871094,61.0,61.5,6.937
1765482860.4805758,99,23,16,19,17,3.6499900817871094,61.0,61.5,6.937
1765482860.681563,99,23,16,19,17,3.6499900817871094,61.0,61.5,6.937
1765482860.8825696,98,30,49,38,20,3.6494178771972656,61.5,62.5,8.371
1765482861.0835898,98,30,49,38,20,3.6494178771972656,61.5,62.5,8.371
1765482861.2851112,99,11,11,9,5,3.6488571166992188,61.0,61.5,7.459
1765482861.4861832,99,11,11,9,5,3.6488571166992188,61.0,61.5,7.459
1765482861.6871638,99,11,11,9,5,3.6488571166992188,61.0,61.5,7.459
1765482861.8881204,99,64,25,23,22,3.649402618408203,61.5,62.5,8.187
1765482862.0890355,99,64,25,23,22,3.649402618408203,61.5,62.5,8.187
1765482862.2899504,99,12,18,13,12,3.6496543884277344,61.0,62.0,7.432
1765482862.491101,99,12,18,13,12,3.6496543884277344,61.0,62.0,7.432
1765482862.692287,99,12,18,13,12,3.6496543884277344,61.0,62.0,7.432
1765482862.8932416,99,30,62,18,18,3.650714874267578,61.5,62.5,8.226
1765482863.0942636,99,30,62,18,18,3.650714874267578,61.5,62.5,8.226
1765482863.2952418,99,10,6,7,11,3.64971923828125,61.0,61.5,6.818
1765482863.496268,99,10,6,7,11,3.64971923828125,61.0,61.5,6.818
1765482863.697306,99,10,6,7,11,3.64971923828125,61.0,61.5,6.818
1765482863.898247,99,20,54,36,26,3.649616241455078,61.5,62.0,7.352
1765482864.0993,99,20,54,36,26,3.649616241455078,61.5,62.0,7.352
1765482864.3003078,99,23,14,12,12,3.6499710083007812,61.0,62.0,7.006
1765482864.5014544,99,23,14,12,12,3.6499710083007812,61.0,62.0,7.006
1765482864.7023828,99,23,14,12,12,3.6499710083007812,61.0,62.0,7.006
1765482864.9033883,99,14,54,16,22,3.6503524780273438,61.5,62.5,7.883
1765482865.1045527,99,14,54,16,22,3.6503524780273438,61.5,62.5,7.883
1765482865.3056207,99,15,9,10,6,3.6500244140625,61.5,61.5,6.469
1765482865.506713,99,15,9,10,6,3.6500244140625,61.5,61.5,6.469
1765482865.7076435,99,15,9,10,6,3.6500244140625,61.5,61.5,6.469
1765482865.9086895,99,30,26,51,32,3.6497573852539062,61.5,61.5,7.165
1765482866.109646,99,30,26,51,32,3.6497573852539062,61.5,61.5,7.165
1765482866.3105626,99,14,15,15,12,3.6495208740234375,61.0,62.0,6.089
1765482866.511558,99,14,15,15,12,3.6495208740234375,61.0,62.0,6.089
1765482866.712852,99,14,15,15,12,3.6495208740234375,61.0,62.0,6.089
1765482866.914116,99,21,10,14,60,3.645458221435547,62.0,62.0,7.085
1765482867.115164,99,21,10,14,60,3.645458221435547,62.0,62.0,7.085
1765482867.316209,57,23,19,14,16,3.648956298828125,61.0,62.0,5.617
1765482867.5186057,57,23,19,14,16,3.648956298828125,61.0,62.0,5.617
1765482867.7196658,57,23,19,14,16,3.648956298828125,61.0,62.0,5.617
1765482867.920601,99,60,22,27,22,3.649322509765625,61.5,62.0,7.125
1765482868.121628,99,60,22,27,22,3.649322509765625,61.5,62.0,7.125
1765482868.3227937,79,18,16,10,17,3.6498069763183594,61.0,62.5,6.209
1765482868.5240576,79,18,16,10,17,3.6498069763183594,61.0,62.5,6.209
1765482868.7251134,79,18,16,10,17,3.6498069763183594,61.0,62.5,6.209
1765482868.9262202,99,47,21,20,14,3.649211883544922,61.5,62.0,7.006
1765482869.1273015,99,47,21,20,14,3.649211883544922,61.5,62.0,7.006
1765482869.3289824,99,47,21,20,14,3.649211883544922,61.5,62.0,7.006
1765482869.5299208,99,20,24,24,18,3.6494140625,61.0,62.0,7.046
1765482869.7308302,99,20,24,24,18,3.6494140625,61.0,62.0,7.046
1765482869.9319751,99,22,19,51,15,3.6498870849609375,61.5,62.5,7.697
1765482870.133004,99,22,19,51,15,3.6498870849609375,61.5,62.5,7.697
1765482870.3341296,99,22,19,51,15,3.6498870849609375,61.5,62.5,7.697
1765482870.5353937,99,18,14,15,28,3.6500320434570312,61.5,62.5,7.578
1765482870.7363877,99,18,14,15,28,3.6500320434570312,61.5,62.5,7.578
1765482870.9373393,99,20,31,15,25,3.6494102478027344,61.5,62.0,7.511
1765482871.1383042,99,20,31,15,25,3.6494102478027344,61.5,62.0,7.511
1765482871.339293,99,20,31,15,25,3.6494102478027344,61.5,62.0,7.511
1765482871.540405,99,45,16,28,16,3.6494369506835938,61.5,62.0,7.539
1765482871.7413943,99,45,16,28,16,3.6494369506835938,61.5,62.0,7.539
1765482871.9425292,98,40,13,16,15,3.6498260498046875,62.0,63.0,8.002
1765482872.1434214,98,40,13,16,15,3.6498260498046875,62.0,63.0,8.002
1765482872.3446546,98,40,13,16,15,3.6498260498046875,62.0,63.0,8.002
1765482872.545544,99,20,12,12,36,3.6495208740234375,62.0,62.5,7.697
1765482872.7466018,99,20,12,12,36,3.6495208740234375,62.0,62.5,7.697
1765482872.9476824,99,18,23,10,27,3.6495895385742188,61.5,62.5,7.432
1765482873.1487198,99,18,23,10,27,3.6495895385742188,61.5,62.5,7.432
1765482873.349831,99,18,23,10,27,3.6495895385742188,61.5,62.5,7.432
1765482873.550755,99,28,24,43,20,3.6493072509765625,62.0,63.0,7.63
1765482873.7518754,99,28,24,43,20,3.6493072509765625,62.0,63.0,7.63
1765482873.9530482,99,15,9,20,15,3.6507301330566406,61.5,63.0,8.081
1765482874.1539807,99,15,9,20,15,3.6507301330566406,61.5,63.0,8.081
1765482874.3549845,99,15,9,20,15,3.6507301330566406,61.5,63.0,8.081
1765482874.556356,99,24,18,45,20,3.6495132446289062,61.5,63.5,7.658
1765482874.757282,99,24,18,45,20,3.6495132446289062,61.5,63.5,7.658
1765482874.9582334,99,19,17,24,13,3.649871826171875,61.5,62.0,6.966
1765482875.159235,99,19,17,24,13,3.649871826171875,61.5,62.0,6.966
1765482875.3603559,99,19,17,24,13,3.649871826171875,61.5,62.0,6.966
1765482875.5613868,99,37,25,42,32,3.649749755859375,62.0,63.0,8.266
1765482875.7624652,99,37,25,42,32,3.649749755859375,62.0,63.0,8.266
1765482875.9636154,99,8,4,4,6,3.649456024169922,62.0,62.5,7.392
1765482876.1645453,99,8,4,4,6,3.649456024169922,62.0,62.5,7.392
1765482876.3655622,99,8,4,4,6,3.649456024169922,62.0,62.5,7.392
1765482876.5665944,99,29,63,15,19,3.6496315002441406,62.0,62.5,7.856
1765482876.767571,99,29,63,15,19,3.6496315002441406,62.0,62.5,7.856
1765482876.9685028,99,16,18,18,12,3.6494712829589844,61.5,62.0,7.511
1765482877.1698272,99,16,18,18,12,3.6494712829589844,61.5,62.0,7.511
1765482877.3709702,99,16,18,18,12,3.6494712829589844,61.5,62.0,7.511
1765482877.5720813,99,32,60,16,21,3.6509628295898438,62.0,62.5,8.385
1765482877.7731025,99,32,60,16,21,3.6509628295898438,62.0,62.5,8.385
1765482877.9740577,99,11,7,6,6,3.6496315002441406,62.0,62.5,7.046
1765482878.1761668,99,11,7,6,6,3.6496315002441406,62.0,62.5,7.046
1765482878.3776126,99,11,7,6,6,3.6496315002441406,62.0,62.5,7.046
1765482878.5785987,99,30,25,24,63,3.6493873596191406,62.0,62.5,7.816
1765482878.7796555,99,30,25,24,63,3.6493873596191406,62.0,62.5,7.816
1765482878.980516,99,6,20,13,11,3.649913787841797,62.0,62.5,7.046
1765482879.1816108,99,6,20,13,11,3.649913787841797,62.0,62.5,7.046
1765482879.382652,99,6,20,13,11,3.649913787841797,62.0,62.5,7.046
1765482879.5837917,99,26,18,58,17,3.6506004333496094,62.0,63.0,7.816
1765482879.7847605,99,26,18,58,17,3.6506004333496094,62.0,63.0,7.816
1765482879.98562,99,16,8,8,6,3.6500396728515625,61.5,62.0,6.44
1765482880.1866207,99,16,8,8,6,3.6500396728515625,61.5,62.0,6.44
1765482880.3877618,99,16,8,8,6,3.6500396728515625,61.5,62.0,6.44
1765482880.588846,99,46,30,37,33,3.649799346923828,62.0,62.5,7.125
1765482880.7899258,99,46,30,37,33,3.649799346923828,62.0,62.5,7.125
1765482880.99094,99,46,30,37,33,3.649799346923828,62.0,62.5,7.125
1765482881.1921191,99,21,12,14,12,3.6497421264648438,62.0,62.5,5.929
1765482881.393077,99,21,12,14,12,3.6497421264648438,62.0,62.5,5.929
1765482881.594102,99,18,17,10,58,3.649505615234375,62.0,62.5,7.085
1765482881.795246,99,18,17,10,58,3.649505615234375,62.0,62.5,7.085
1765482881.9962199,99,18,17,10,58,3.649505615234375,62.0,62.5,7.085
1765482882.1972914,80,18,19,6,17,3.649566650390625,61.5,62.5,5.889
1765482882.398363,80,18,19,6,17,3.649566650390625,61.5,62.5,5.889
1765482882.5995197,99,26,24,22,57,3.649578094482422,62.0,63.0,7.125
1765482882.8006248,99,26,24,22,57,3.649578094482422,62.0,63.0,7.125
1765482883.0015898,99,26,24,22,57,3.649578094482422,62.0,63.0,7.125
1765482883.2025738,92,21,14,13,10,3.650676727294922,61.0,62.5,5.969
1765482883.4034774,92,21,14,13,10,3.650676727294922,61.0,62.5,5.969
1765482883.6044738,99,24,22,52,24,3.6500778198242188,62.0,62.5,6.977
1765482883.8053973,99,24,22,52,24,3.6500778198242188,62.0,62.5,6.977
1765482884.006532,99,24,22,52,24,3.6500778198242188,62.0,62.5,6.977
1765482884.2075534,99,26,32,21,12,3.6503143310546875,62.0,62.5,7.046
1765482884.408584,99,26,32,21,12,3.6503143310546875,62.0,62.5,7.046
1765482884.6097188,99,22,55,14,14,3.6501541137695312,62.0,63.0,7.764
1765482884.8107557,99,22,55,14,14,3.6501541137695312,62.0,63.0,7.764
1765482885.0123465,99,22,55,14,14,3.6501541137695312,62.0,63.0,7.764
1765482885.21374,99,23,16,13,20,3.650615692138672,62.0,63.0,7.539
1765482885.4146767,99,23,16,13,20,3.650615692138672,62.0,63.0,7.539
1765482885.6156228,99,36,14,19,18,3.650074005126953,62.0,62.5,7.432
1765482885.8166773,99,36,14,19,18,3.650074005126953,62.0,62.5,7.432
1765482886.0177927,99,36,14,19,18,3.650074005126953,62.0,62.5,7.432
1765482886.2188892,99,18,44,17,24,3.6501922607421875,62.0,62.5,7.658
1765482886.4198291,99,18,44,17,24,3.6501922607421875,62.0,62.5,7.658
1765482886.6207554,99,14,38,20,13,3.6505813598632812,62.5,63.5,7.962
1765482886.8216143,99,14,38,20,13,3.6505813598632812,62.5,63.5,7.962
1765482887.022784,99,14,38,20,13,3.6505813598632812,62.5,63.5,7.962
1765482887.2240252,99,15,12,38,11,3.649616241455078,62.0,64.0,7.697
1765482887.4251935,99,15,12,38,11,3.649616241455078,62.0,64.0,7.697
1765482887.6261642,99,14,29,22,12,3.6499557495117188,62.0,63.0,7.392
1765482887.8272905,99,14,29,22,12,3.6499557495117188,62.0,63.0,7.392
1765482888.0285313,99,14,29,22,12,3.6499557495117188,62.0,63.0,7.392
1765482888.2295706,99,29,28,21,46,3.649688720703125,62.0,63.0,7.618
1765482888.430697,99,29,28,21,46,3.649688720703125,62.0,63.0,7.618
1765482888.6318188,99,10,12,16,22,3.6509323120117188,62.0,63.0,7.923
1765482888.8329015,99,10,12,16,22,3.6509323120117188,62.0,63.0,7.923
1765482889.0344746,99,10,12,16,22,3.6509323120117188,62.0,63.0,7.923
1765482889.2354755,99,18,24,17,45,3.6502761840820312,62.0,63.0,7.697
1765482889.4365947,99,18,24,17,45,3.6502761840820312,62.0,63.0,7.697
1765482889.6376164,99,17,17,17,21,3.650585174560547,62.0,62.5,7.085
1765482889.838851,99,17,17,17,21,3.650585174560547,62.0,62.5,7.085
1765482890.039839,99,17,17,17,21,3.650585174560547,62.0,62.5,7.085
1765482890.240808,99,28,38,28,45,3.6503944396972656,62.5,63.5,8.292
1765482890.4418547,99,28,38,28,45,3.6503944396972656,62.5,63.5,8.292
1765482890.6429372,99,12,8,9,5,3.6503639221191406,62.5,62.5,7.432
1765482890.8439991,99,12,8,9,5,3.6503639221191406,62.5,62.5,7.432
1765482891.0449739,99,12,8,9,5,3.6503639221191406,62.5,62.5,7.432
1765482891.2458782,99,25,62,22,30,3.6500892639160156,62.0,63.0,7.883
1765482891.447057,99,25,62,22,30,3.6500892639160156,62.0,63.0,7.883
1765482891.6481574,99,25,62,22,30,3.6500892639160156,62.0,63.0,7.883
1765482891.849223,99,18,16,16,18,3.6499786376953125,62.0,63.0,7.511
1765482892.0504446,99,18,16,16,18,3.6499786376953125,62.0,63.0,7.511
1765482892.251418,98,24,25,62,18,3.650897979736328,62.0,63.5,8.568
1765482892.4524956,98,24,25,62,18,3.650897979736328,62.0,63.5,8.568
1765482892.6535068,98,24,25,62,18,3.650897979736328,62.0,63.5,8.568
1765482892.856743,99,9,11,6,7,3.649707794189453,62.0,63.0,7.057
1765482893.0578508,99,9,11,6,7,3.649707794189453,62.0,63.0,7.057
1765482893.2587593,99,29,24,30,54,3.6498031616210938,62.0,62.5,7.539
1765482893.4597135,99,29,24,30,54,3.6498031616210938,62.0,62.5,7.539
1765482893.6645534,99,29,24,30,54,3.6498031616210938,62.0,62.5,7.539
1765482893.8653998,98,16,18,8,21,3.6503562927246094,62.0,62.5,6.977
1765482894.0663998,98,16,18,8,21,3.6503562927246094,62.0,62.5,6.977
1765482894.2675867,99,12,26,54,21,3.650959014892578,62.5,63.0,8.108
1765482894.468603,99,12,26,54,21,3.650959014892578,62.5,63.0,8.108
1765482894.6696005,99,12,26,54,21,3.650959014892578,62.5,63.0,8.108
1765482894.8707092,99,10,11,8,9,3.650707244873047,62.0,62.5,6.669
1765482895.0717242,99,10,11,8,9,3.650707244873047,62.0,62.5,6.669
1765482895.2724948,99,47,24,48,28,3.6503219604492188,62.5,62.5,7.233
1765482895.4734523,99,47,24,48,28,3.6503219604492188,62.5,62.5,7.233
1765482895.674308,99,47,24,48,28,3.6503219604492188,62.5,62.5,7.233
1765482895.8753936,95,18,10,8,19,3.6499404907226562,62.0,62.5,6.4
1765482896.0766282,95,18,10,8,19,3.6499404907226562,62.0,62.5,6.4
1765482896.2778451,99,21,60,17,15,3.650482177734375,62.5,63.0,6.977
1765482896.4788647,99,21,60,17,15,3.650482177734375,62.5,63.0,6.977
1765482896.6798484,99,21,60,17,15,3.650482177734375,62.5,63.0,6.977
1765482896.8809087,38,18,16,15,8,3.6501693725585938,62.0,62.5,5.305
1765482897.081831,38,18,16,15,8,3.6501693725585938,62.0,62.5,5.305
1765482897.28286,99,25,60,24,24,3.650279998779297,62.5,63.0,7.153
1765482897.4839947,99,25,60,24,24,3.650279998779297,62.5,63.0,7.153
1765482897.685457,99,25,60,24,24,3.650279998779297,62.5,63.0,7.153
1765482897.886673,99,14,10,16,13,3.6513214111328125,62.0,63.0,6.658
1765482898.0876403,99,14,10,16,13,3.6513214111328125,62.0,63.0,6.658
1765482898.2885017,99,52,15,20,18,3.65045166015625,62.5,62.5,7.006
1765482898.4895713,99,52,15,20,18,3.65045166015625,62.5,62.5,7.006
1765482898.6905746,99,52,15,20,18,3.65045166015625,62.5,62.5,7.006
1765482898.8916988,0,15,20,22,17,3.6502418518066406,61.5,62.5,5.809
1765482899.093324,0,15,20,22,17,3.6502418518066406,61.5,62.5,5.809
1765482899.29432,99,22,26,56,16,3.6503524780273438,62.5,63.0,7.245
1765482899.4954765,99,22,26,56,16,3.6503524780273438,62.5,63.0,7.245
1765482899.6965265,99,22,26,56,16,3.6503524780273438,62.5,63.0,7.245
1765482899.8977172,99,10,17,21,15,3.6508445739746094,62.0,63.5,7.471
1765482900.0986989,99,10,17,21,15,3.6508445739746094,62.0,63.5,7.471
1765482900.299735,99,35,34,17,18,3.6502304077148438,62.5,63.0,7.392
1765482900.500629,99,35,34,17,18,3.6502304077148438,62.5,63.0,7.392
1765482900.7017164,99,35,34,17,18,3.6502304077148438,62.5,63.0,7.392
1765482900.902846,99,27,28,38,27,3.6506118774414062,62.5,63.5,7.539
1765482901.104047,99,27,28,38,27,3.6506118774414062,62.5,63.5,7.539
1765482901.3050272,99,24,22,38,18,3.6506385803222656,62.5,63.5,8.41
1765482901.506098,99,24,22,38,18,3.6506385803222656,62.5,63.5,8.41
1765482901.7072601,99,24,22,38,18,3.6506385803222656,62.5,63.5,8.41
1765482901.9084663,99,14,19,40,12,3.650257110595703,62.5,63.5,7.618
1765482902.1098037,99,14,19,40,12,3.650257110595703,62.5,63.5,7.618
1765482902.3109355,99,14,19,40,12,3.650257110595703,62.5,63.5,7.618
1765482902.51222,99,27,14,35,16,3.6506080627441406,62.5,63.0,7.205
1765482902.7132237,99,27,14,35,16,3.6506080627441406,62.5,63.0,7.205
1765482902.9142387,99,25,24,50,23,3.6504592895507812,62.5,64.0,7.737
1765482903.1151674,99,25,24,50,23,3.6504592895507812,62.5,64.0,7.737
1765482903.316184,99,25,24,50,23,3.6504592895507812,62.5,64.0,7.737
1765482903.5171912,99,14,13,22,11,3.6513938903808594,62.5,63.0,8.147
1765482903.7182887,99,14,13,22,11,3.6513938903808594,62.5,63.0,8.147
1765482903.9194243,99,29,46,12,10,3.650402069091797,62.5,63.0,7.618
1765482904.1204298,99,29,46,12,10,3.650402069091797,62.5,63.0,7.618
1765482904.3213847,99,29,46,12,10,3.650402069091797,62.5,63.0,7.618
1765482904.52226,99,18,14,20,12,3.6507492065429688,62.5,63.0,7.165
1765482904.7236736,99,18,14,20,12,3.6507492065429688,62.5,63.0,7.165
1765482904.9249718,99,44,36,31,31,3.6500587463378906,62.5,63.5,8.305
1765482905.1259925,99,44,36,31,31,3.6500587463378906,62.5,63.5,8.305
1765482905.327158,99,44,36,31,31,3.6500587463378906,62.5,63.5,8.305
1765482905.5282164,99,13,13,11,9,3.6504249572753906,62.5,63.0,7.539
1765482905.7293632,99,13,13,11,9,3.6504249572753906,62.5,63.0,7.539
1765482905.9303114,99,62,24,20,18,3.6502456665039062,62.5,63.0,7.843
1765482906.131288,99,62,24,20,18,3.6502456665039062,62.5,63.0,7.843
1765482906.3324926,99,62,24,20,18,3.6502456665039062,62.5,63.0,7.843
1765482906.5334187,99,19,29,16,14,3.6503334045410156,62.5,63.0,7.618
1765482906.734493,99,19,29,16,14,3.6503334045410156,62.5,63.0,7.618
1765482906.9355638,99,29,31,23,56,3.65191650390625,62.5,64.5,8.673
1765482907.136629,99,29,31,23,56,3.65191650390625,62.5,64.5,8.673
1765482907.337936,99,29,31,23,56,3.65191650390625,62.5,64.5,8.673
1765482907.538938,99,9,8,6,5,3.650867462158203,62.5,63.0,6.937
1765482907.7401228,99,9,8,6,5,3.650867462158203,62.5,63.0,6.937
1765482907.9422436,99,25,26,25,67,3.650554656982422,62.5,63.0,7.551
1765482908.1433616,99,25,26,25,67,3.650554656982422,62.5,63.0,7.551
1765482908.3445063,99,25,26,25,67,3.650554656982422,62.5,63.0,7.551
1765482908.5454855,98,20,16,14,18,3.650421142578125,62.5,63.0,6.977
1765482908.7464373,98,20,16,14,18,3.650421142578125,62.5,63.0,6.977
1765482908.947517,99,24,24,14,56,3.6511764526367188,62.5,63.5,8.147
1765482909.1525543,99,24,24,14,56,3.6511764526367188,62.5,63.5,8.147
1765482909.353709,99,24,24,14,56,3.6511764526367188,62.5,63.5,8.147
1765482909.5560539,99,10,10,11,6,3.6508865356445312,62.5,63.0,6.629
1765482909.7572062,99,10,10,11,6,3.6508865356445312,62.5,63.0,6.629
1765482909.958124,99,46,35,23,36,3.6506805419921875,62.5,63.5,7.352
1765482910.159166,99,46,35,23,36,3.6506805419921875,62.5,63.5,7.352
1765482910.3603816,99,46,35,23,36,3.6506805419921875,62.5,63.5,7.352
1765482910.5613596,99,12,14,15,12,3.650470733642578,63.0,63.0,6.749
1765482910.7624602,99,12,14,15,12,3.650470733642578,63.0,63.0,6.749
1765482910.963557,99,14,10,62,15,3.6506195068359375,63.0,63.0,7.006
1765482911.1645927,99,14,10,62,15,3.6506195068359375,63.0,63.0,7.006
1765482911.3655658,99,14,10,62,15,3.6506195068359375,63.0,63.0,7.006
1765482911.566661,99,17,18,17,13,3.6504974365234375,62.5,63.0,5.193
1765482911.7676318,99,17,18,17,13,3.6504974365234375,62.5,63.0,5.193
1765482911.9684892,99,21,22,54,33,3.6501731872558594,63.0,63.0,7.085
1765482912.1694195,99,21,22,54,33,3.6501731872558594,63.0,63.0,7.085
1765482912.370417,99,21,22,54,33,3.6501731872558594,63.0,63.0,7.085
1765482912.571526,58,21,15,11,10,3.6512184143066406,62.0,63.5,6.36
1765482912.7727776,58,21,15,11,10,3.6512184143066406,62.0,63.5,6.36
1765482912.973664,99,20,19,16,51,3.6502952575683594,62.5,63.5,7.125
1765482913.1746292,99,20,19,16,51,3.6502952575683594,62.5,63.5,7.125
1765482913.3755066,99,20,19,16,51,3.6502952575683594,62.5,63.5,7.125
1765482913.5765386,82,28,12,12,22,3.650188446044922,62.0,63.0,5.617
1765482913.7775443,82,28,12,12,22,3.650188446044922,62.0,63.0,5.617
1765482913.9784615,82,28,12,12,22,3.650188446044922,62.0,63.0,5.617
1765482914.1795568,99,23,23,62,23,3.6505508422851562,63.0,63.0,7.125
1765482914.380599,99,23,23,62,23,3.6505508422851562,63.0,63.0,7.125
1765482914.581627,99,15,21,15,11,3.6511611938476562,62.5,63.5,7.125
1765482914.7825677,99,15,21,15,11,3.6511611938476562,62.5,63.5,7.125
1765482914.983649,99,15,21,15,11,3.6511611938476562,62.5,63.5,7.125
1765482915.1847842,99,16,21,22,35,3.6503448486328125,63.0,63.5,7.551
1765482915.385797,99,16,21,22,35,3.6503448486328125,63.0,63.5,7.551
1765482915.5867712,99,26,26,22,31,3.6505050659179688,62.5,63.5,7.284
1765482915.787768,99,26,26,22,31,3.6505050659179688,62.5,63.5,7.284
1765482915.9885275,99,26,26,22,31,3.6505050659179688,62.5,63.5,7.284
1765482916.1897101,99,16,12,20,48,3.6508445739746094,63.0,63.5,8.081
1765482916.390724,99,16,12,20,48,3.6508445739746094,63.0,63.5,8.081
1765482916.591678,99,24,33,13,10,3.650726318359375,63.0,63.5,7.578
1765482916.7926412,99,24,33,13,10,3.650726318359375,63.0,63.5,7.578
1765482916.9936805,99,24,33,13,10,3.650726318359375,63.0,63.5,7.578
1765482917.1946485,98,19,20,30,14,3.651172637939453,63.0,63.5,7.352
1765482917.3962407,98,19,20,30,14,3.651172637939453,63.0,63.5,7.352
1765482917.5972471,99,42,28,24,24,3.6508140563964844,63.0,63.5,7.777
1765482917.7982128,99,42,28,24,24,3.6508140563964844,63.0,63.5,7.777
1765482917.9993403,99,42,28,24,24,3.6508140563964844,63.0,63.5,7.777
1765482918.2004247,99,28,21,8,13,3.651599884033203,63.0,63.5,8.305
1765482918.4016445,99,28,21,8,13,3.651599884033203,63.0,63.5,8.305
1765482918.6028051,99,17,18,50,14,3.6510658264160156,63.0,65.0,7.816
1765482918.8039784,99,17,18,50,14,3.6510658264160156,63.0,65.0,7.816
1765482919.0051157,99,17,18,50,14,3.6510658264160156,63.0,65.0,7.816
1765482919.2060788,98,8,16,28,14,3.6513023376464844,63.0,63.5,7.245
1765482919.4072313,98,8,16,28,14,3.6513023376464844,63.0,63.5,7.245
1765482919.6089618,99,56,28,18,32,3.6509361267089844,63.0,64.0,8.331
1765482919.8099043,99,56,28,18,32,3.6509361267089844,63.0,64.0,8.331
1765482920.0108266,99,56,28,18,32,3.6509361267089844,63.0,64.0,8.331
1765482920.2117274,99,13,13,6,9,3.6515541076660156,63.0,63.5,7.432
1765482920.4128828,99,13,13,6,9,3.6515541076660156,63.0,63.5,7.432
1765482920.6139917,98,19,68,26,19,3.6511383056640625,62.5,63.5,7.962
1765482920.8150272,98,19,68,26,19,3.6511383056640625,62.5,63.5,7.962
1765482921.016349,98,19,68,26,19,3.6511383056640625,62.5,63.5,7.962
1765482921.2172842,99,16,19,12,19,3.6513900756835938,63.0,63.5,7.471
1765482921.418255,99,16,19,12,19,3.6513900756835938,63.0,63.5,7.471
1765482921.6192148,99,26,32,54,26,3.652202606201172,63.0,65.0,8.752
1765482921.8203335,99,26,32,54,26,3.652202606201172,63.0,65.0,8.752
1765482922.021531,99,26,32,54,26,3.652202606201172,63.0,65.0,8.752
1765482922.2225103,99,4,5,7,2,3.651031494140625,63.0,63.5,7.312
1765482922.423531,99,4,5,7,2,3.651031494140625,63.0,63.5,7.312
1765482922.6247022,98,28,68,20,23,3.651103973388672,63.0,64.0,7.618
1765482922.8259304,98,28,68,20,23,3.651103973388672,63.0,64.0,7.618
1765482923.027085,98,28,68,20,23,3.651103973388672,63.0,64.0,7.618
1765482923.2281542,99,16,8,20,15,3.6514015197753906,63.0,63.5,7.205
1765482923.4290578,99,16,8,20,15,3.6514015197753906,63.0,63.5,7.205
1765482923.6299503,99,16,8,20,15,3.6514015197753906,63.0,63.5,7.205
1765482923.831061,99,17,70,14,20,3.6520423889160156,63.0,64.5,8.345
1765482924.0321996,99,17,70,14,20,3.6520423889160156,63.0,64.5,8.345
1765482924.2332356,98,10,8,9,13,3.651569366455078,63.0,63.5,7.046
1765482924.4342484,98,10,8,9,13,3.651569366455078,63.0,63.5,7.046
1765482924.6352339,98,10,8,9,13,3.651569366455078,63.0,63.5,7.046
1765482924.8363247,99,25,35,22,58,3.651264190673828,63.0,64.0,7.551
1765482925.037573,99,25,35,22,58,3.651264190673828,63.0,64.0,7.551
1765482925.2384982,99,17,17,14,10,3.6516189575195312,62.5,63.5,7.085
1765482925.4393976,99,17,17,14,10,3.6516189575195312,62.5,63.5,7.085
1765482925.640457,99,17,17,14,10,3.6516189575195312,62.5,63.5,7.085
1765482925.841613,99,15,58,21,15,3.6512794494628906,63.0,63.5,7.312
1765482926.0426483,99,15,58,21,15,3.6512794494628906,63.0,63.5,7.312
1765482926.2436154,98,8,14,13,8,3.6516036987304688,62.5,63.5,6.049
1765482926.4446297,98,8,14,13,8,3.6516036987304688,62.5,63.5,6.049
1765482926.6454713,98,8,14,13,8,3.6516036987304688,62.5,63.5,6.049
1765482926.846442,99,34,61,25,22,3.651264190673828,63.0,63.5,7.006
1765482927.0475557,99,34,61,25,22,3.651264190673828,63.0,63.5,7.006
1765482927.2487621,76,15,13,13,13,3.6521377563476562,63.0,63.5,6.009
1765482927.4497116,76,15,13,13,13,3.6521377563476562,63.0,63.5,6.009
1765482927.6508129,76,15,13,13,13,3.6521377563476562,63.0,63.5,6.009
1765482927.8518717,99,18,14,17,59,3.651264190673828,63.0,63.5,7.245
1765482928.0529313,99,18,14,17,59,3.651264190673828,63.0,63.5,7.245
1765482928.2539845,99,22,18,11,12,3.646728515625,62.5,63.5,6.049
1765482928.4551132,99,22,18,11,12,3.646728515625,62.5,63.5,6.049
1765482928.656437,99,22,18,11,12,3.646728515625,62.5,63.5,6.049
1765482928.8574667,99,23,26,56,22,3.650341033935547,63.0,63.5,7.165
1765482929.058386,99,23,26,56,22,3.650341033935547,63.0,63.5,7.165
1765482929.2594898,2,13,14,15,14,3.6510696411132812,62.5,63.5,6.049
1765482929.4605916,2,13,14,15,14,3.6510696411132812,62.5,63.5,6.049
1765482929.6614757,2,13,14,15,14,3.6510696411132812,62.5,63.5,6.049
1765482929.862447,99,23,36,34,18,3.6506996154785156,63.0,63.5,7.046
1765482930.0634165,99,23,36,34,18,3.6506996154785156,63.0,63.5,7.046
1765482930.2646303,99,14,29,24,24,3.6511383056640625,63.0,63.5,7.165
1765482930.465741,99,14,29,24,24,3.6511383056640625,63.0,63.5,7.165
1765482930.666789,99,14,29,24,24,3.6511383056640625,63.0,63.5,7.165
1765482930.8677187,99,18,19,22,50,3.6504859924316406,63.0,64.0,8.042
1765482931.0686443,99,18,19,22,50,3.6504859924316406,63.0,64.0,8.042
1765482931.2696934,99,22,20,4,8,3.6521568298339844,62.5,64.0,7.165
1765482931.4706783,99,22,20,4,8,3.6521568298339844,62.5,64.0,7.165
1765482931.6716805,99,22,20,4,8,3.6521568298339844,62.5,64.0,7.165
1765482931.8727717,99,38,16,21,20,3.651264190673828,63.0,63.5,7.432
1765482932.0737174,99,38,16,21,20,3.651264190673828,63.0,63.5,7.432
1765482932.2747858,99,41,29,22,19,3.650970458984375,63.0,64.0,7.737
1765482932.475679,99,41,29,22,19,3.650970458984375,63.0,64.0,7.737
1765482932.6767209,99,41,29,22,19,3.650970458984375,63.0,64.0,7.737
1765482932.8779335,99,12,32,12,15,3.651042938232422,63.0,64.0,8.068
1765482933.0789518,99,12,32,12,15,3.651042938232422,63.0,64.0,8.068
1765482933.280108,99,40,15,14,18,3.6507606506347656,63.0,64.5,7.737
1765482933.481327,99,40,15,14,18,3.6507606506347656,63.0,64.5,7.737
1765482933.682351,99,40,15,14,18,3.6507606506347656,63.0,64.5,7.737
1765482933.8832626,99,32,19,12,19,3.6507492065429688,63.0,63.5,7.551
1765482934.0843084,99,32,19,12,19,3.6507492065429688,63.0,63.5,7.551
1765482934.2853987,99,32,19,12,19,3.6507492065429688,63.0,63.5,7.551
1765482934.4864407,99,42,27,35,24,3.650604248046875,63.0,64.0,7.883
1765482934.6875646,99,42,27,35,24,3.650604248046875,63.0,64.0,7.883
1765482934.888813,99,10,22,11,8,3.6513900756835938,63.0,64.0,7.737
1765482935.0898292,99,10,22,11,8,3.6513900756835938,63.0,64.0,7.737
1765482935.2909656,99,10,22,11,8,3.6513900756835938,63.0,64.0,7.737
1765482935.4919794,99,28,17,26,48,3.650463104248047,63.0,63.5,7.777
1765482935.6930082,99,28,17,26,48,3.650463104248047,63.0,63.5,7.777
1765482935.8940938,99,14,17,19,18,3.650482177734375,63.0,64.0,7.125
1765482936.0952797,99,14,17,19,18,3.650482177734375,63.0,64.0,7.125
1765482936.2963827,99,14,17,19,18,3.650482177734375,63.0,64.0,7.125
1765482936.497559,99,32,20,34,44,3.651336669921875,63.5,65.0,8.371
1765482936.6985269,99,32,20,34,44,3.651336669921875,63.5,65.0,8.371
1765482936.8995872,99,11,13,9,4,3.6510543823242188,63.0,64.0,7.273
1765482937.1007125,99,11,13,9,4,3.6510543823242188,63.0,64.0,7.273
1765482937.3017204,99,11,13,9,4,3.6510543823242188,63.0,64.0,7.273
1765482937.5027595,99,31,18,60,25,3.6510543823242188,63.0,64.5,7.923
1765482937.70374,99,31,18,60,25,3.6510543823242188,63.0,64.5,7.923
1765482937.9047246,99,14,18,19,15,3.6515579223632812,63.0,64.0,7.697
1765482938.1057255,99,14,18,19,15,3.6515579223632812,63.0,64.0,7.697
1765482938.306869,99,14,18,19,15,3.6515579223632812,63.0,64.0,7.697
1765482938.5077589,99,18,27,14,56,3.6511917114257812,63.0,64.5,8.385
1765482938.708712,99,18,27,14,56,3.6511917114257812,63.0,64.5,8.385
1765482938.909578,99,10,10,9,6,3.6504364013671875,63.0,63.5,7.085
1765482939.1107764,99,10,10,9,6,3.6504364013671875,63.0,63.5,7.085
1765482939.311854,99,10,10,9,6,3.6504364013671875,63.0,63.5,7.085
1765482939.5128624,99,31,37,46,28,3.6507034301757812,63.5,64.5,7.923
1765482939.7140667,99,31,37,46,28,3.6507034301757812,63.5,64.5,7.923
1765482939.9149568,99,16,12,10,10,3.650806427001953,63.5,64.0,7.193
1765482940.1158676,99,16,12,10,10,3.650806427001953,63.5,64.0,7.193
1765482940.3169272,99,16,12,10,10,3.650806427001953,63.5,64.0,7.193
1765482940.5179112,99,60,19,20,11,3.6509552001953125,63.5,64.0,7.658
1765482940.7190428,99,60,19,20,11,3.6509552001953125,63.5,64.0,7.658
1765482940.9200666,99,15,14,10,10,3.6509857177734375,62.5,64.0,6.669
1765482941.1211755,99,15,14,10,10,3.6509857177734375,62.5,64.0,6.669
1765482941.3221104,99,15,14,10,10,3.6509857177734375,62.5,64.0,6.669
1765482941.5231903,99,24,36,56,21,3.6507720947265625,63.5,64.0,7.352
1765482941.724464,99,24,36,56,21,3.6507720947265625,63.5,64.0,7.352
1765482941.9256446,98,14,15,6,13,3.6515846252441406,63.5,64.5,6.669
1765482942.126609,98,14,15,6,13,3.6515846252441406,63.5,64.5,6.669
1765482942.3275442,98,14,15,6,13,3.6515846252441406,63.5,64.5,6.669
1765482942.528728,99,23,16,23,54,3.6507415771484375,63.0,64.5,7.046
1765482942.7297132,99,23,16,23,54,3.6507415771484375,63.0,64.5,7.046
1765482942.9308527,54,12,24,13,17,3.650798797607422,62.5,63.5,5.617
1765482943.1320593,54,12,24,13,17,3.650798797607422,62.5,63.5,5.617
1765482943.332939,54,12,24,13,17,3.650798797607422,62.5,63.5,5.617
1765482943.5338588,99,30,33,20,66,3.6510963439941406,63.5,64.0,7.804
1765482943.7347853,99,30,33,20,66,3.6510963439941406,63.5,64.0,7.804
1765482943.9365509,81,8,16,8,13,3.6513595581054688,62.5,64.0,6.24
1765482944.1377869,81,8,16,8,13,3.6513595581054688,62.5,64.0,6.24
1765482944.3387475,81,8,16,8,13,3.6513595581054688,62.5,64.0,6.24
1765482944.539895,99,46,32,19,22,3.650531768798828,63.5,64.5,7.006
1765482944.7410405,99,46,32,19,22,3.650531768798828,63.5,64.5,7.006
1765482944.9436662,99,46,32,19,22,3.650531768798828,63.5,64.5,7.006
1765482945.1445644,22,18,22,24,20,3.651226043701172,63.0,64.0,6.169
1765482945.3455465,22,18,22,24,20,3.651226043701172,63.0,64.0,6.169
1765482945.5465991,99,20,56,22,21,3.6506271362304688,63.5,64.5,7.923
1765482945.747698,99,20,56,22,21,3.6506271362304688,63.5,64.5,7.923
1765482945.9487631,99,20,56,22,21,3.6506271362304688,63.5,64.5,7.923
1765482946.1499784,99,14,11,15,25,3.6510238647460938,63.0,64.0,7.205
1765482946.3509462,99,14,11,15,25,3.6510238647460938,63.0,64.0,7.205
1765482946.552025,99,25,20,23,36,3.650104522705078,63.5,64.0,7.392
1765482946.7530665,99,25,20,23,36,3.650104522705078,63.5,64.0,7.392
1765482946.954168,99,25,20,23,36,3.650104522705078,63.5,64.0,7.392
1765482947.1552284,99,18,22,44,18,3.6509742736816406,63.0,65.0,7.618
1765482947.3562849,99,18,22,44,18,3.6509742736816406,63.0,65.0,7.618
1765482947.5572872,99,13,12,35,17,3.6511688232421875,63.5,64.5,8.371
1765482947.758301,99,13,12,35,17,3.6511688232421875,63.5,64.5,8.371
1765482947.9593232,99,13,12,35,17,3.6511688232421875,63.5,64.5,8.371
1765482948.1604671,99,35,19,13,14,3.6510696411132812,63.0,64.5,7.658
1765482948.3615823,99,35,19,13,14,3.6510696411132812,63.0,64.5,7.658
1765482948.562661,99,22,30,18,16,3.6510543823242188,63.5,64.0,7.352
1765482948.7636518,99,22,30,18,16,3.6510543823242188,63.5,64.0,7.352
1765482948.9650834,99,22,30,18,16,3.6510543823242188,63.5,64.0,7.352
1765482949.166023,99,35,43,28,20,3.6510543823242188,63.0,64.5,8.081
1765482949.367053,99,35,43,28,20,3.6510543823242188,63.0,64.5,8.081
1765482949.5682845,99,13,22,7,12,3.651599884033203,63.5,64.0,7.883
1765482949.7694726,99,13,22,7,12,3.651599884033203,63.5,64.0,7.883
1765482949.9706326,99,13,22,7,12,3.651599884033203,63.5,64.0,7.883
1765482950.1716669,99,24,21,23,48,3.651050567626953,63.0,64.5,7.697
1765482950.3727317,99,24,21,23,48,3.651050567626953,63.0,64.5,7.697
1765482950.5737665,98,17,14,14,25,3.651264190673828,63.5,64.0,7.165
1765482950.7747371,98,17,14,14,25,3.651264190673828,63.5,64.0,7.165
1765482950.975749,98,17,14,14,25,3.651264190673828,63.5,64.0,7.165
1765482951.1768699,99,24,23,48,26,3.6515159606933594,63.5,65.0,8.568
1765482951.3782656,99,24,23,48,26,3.6515159606933594,63.5,65.0,8.568
1765482951.579402,99,12,8,6,8,3.6508712768554688,63.5,64.0,7.273
1765482951.780442,99,12,8,6,8,3.6508712768554688,63.5,64.0,7.273
1765482951.981518,99,12,8,6,8,3.6508712768554688,63.5,64.0,7.273
1765482952.1827195,99,59,26,20,25,3.6513290405273438,63.5,64.5,7.737
1765482952.3836672,99,59,26,20,25,3.6513290405273438,63.5,64.5,7.737
1765482952.5845833,99,18,12,12,18,3.6509857177734375,63.5,64.5,7.618
1765482952.785696,99,18,12,12,18,3.6509857177734375,63.5,64.5,7.618
1765482952.9867601,99,18,12,12,18,3.6509857177734375,63.5,64.5,7.618
1765482953.1882327,99,18,25,26,52,3.6522140502929688,63.5,65.0,8.424
1765482953.3892047,99,18,25,26,52,3.6522140502929688,63.5,65.0,8.424
1765482953.590179,99,15,13,13,8,3.6505088806152344,63.5,64.5,7.245
1765482953.791308,99,15,13,13,8,3.6505088806152344,63.5,64.5,7.245
1765482953.992402,99,15,13,13,8,3.6505088806152344,63.5,64.5,7.245
1765482954.1934834,99,32,35,52,24,3.6509437561035156,63.5,64.5,7.923
1765482954.3945513,99,32,35,52,24,3.6509437561035156,63.5,64.5,7.923
1765482954.5955215,98,15,21,14,15,3.6509857177734375,63.5,64.5,7.312
1765482954.796667,98,15,21,14,15,3.6509857177734375,63.5,64.5,7.312
1765482954.9977298,98,15,21,14,15,3.6509857177734375,63.5,64.5,7.312
1765482955.1986876,99,15,19,16,60,3.651500701904297,63.5,64.5,7.816
1765482955.3995447,99,15,19,16,60,3.651500701904297,63.5,64.5,7.816
1765482955.6004226,99,12,12,10,11,3.6511001586914062,63.5,64.0,6.818
1765482955.801688,99,12,12,10,11,3.6511001586914062,63.5,64.0,6.818
1765482956.0027714,99,12,12,10,11,3.6511001586914062,63.5,64.0,6.818
1765482956.203739,99,50,43,26,26,3.6511001586914062,63.5,64.5,7.205
1765482956.4045908,99,50,43,26,26,3.6511001586914062,63.5,64.5,7.205
1765482956.605715,99,50,43,26,26,3.6511001586914062,63.5,64.5,7.205
1765482956.8066363,99,13,17,9,10,3.651592254638672,63.5,64.5,7.392
1765482957.007645,99,13,17,9,10,3.651592254638672,63.5,64.5,7.392
1765482957.2089381,99,10,64,14,17,3.6510887145996094,63.5,64.0,7.085
1765482957.4100406,99,10,64,14,17,3.6510887145996094,63.5,64.0,7.085
1765482957.6109822,99,10,64,14,17,3.6510887145996094,63.5,64.0,7.085
1765482957.8122582,99,19,14,16,6,3.651458740234375,63.0,63.5,5.586
1765482958.0132558,99,19,14,16,6,3.651458740234375,63.0,63.5,5.586
1765482958.2142918,99,30,63,24,23,3.6512069702148438,63.5,64.5,7.125
1765482958.4153333,99,30,63,24,23,3.6512069702148438,63.5,64.5,7.125
1765482958.6165538,99,30,63,24,23,3.6512069702148438,63.5,64.5,7.125
1765482958.817606,29,14,8,9,13,3.6519012451171875,63.0,64.0,5.929
1765482959.018624,29,14,8,9,13,3.6519012451171875,63.0,64.0,5.929
1765482959.2196853,99,57,24,20,26,3.6508445739746094,63.5,64.5,7.233
1765482959.4207883,99,57,24,20,26,3.6508445739746094,63.5,64.5,7.233
1765482959.6217902,99,57,24,20,26,3.6508445739746094,63.5,64.5,7.233
1765482959.8228378,99,12,20,16,10,3.6509361267089844,63.0,64.0,6.049
1765482960.025386,99,12,20,16,10,3.6509361267089844,63.0,64.0,6.049
1765482960.2265363,99,24,65,24,22,3.6513214111328125,63.5,64.5,7.843
1765482960.4275873,99,24,65,24,22,3.6513214111328125,63.5,64.5,7.843
1765482960.628511,99,24,65,24,22,3.6513214111328125,63.5,64.5,7.843
1765482960.8296537,2,4,22,6,7,3.6509971618652344,63.0,64.0,5.537
1765482961.030834,2,4,22,6,7,3.6509971618652344,63.0,64.0,5.537
1765482961.2318954,99,28,37,24,34,3.651264190673828,63.5,64.0,6.897
1765482961.4331558,99,28,37,24,34,3.651264190673828,63.5,64.0,6.897
1765482961.6348042,99,28,37,24,34,3.651264190673828,63.5,64.0,6.897
1765482961.836104,61,24,20,25,14,3.650959014892578,63.0,64.5,6.629
1765482962.0369756,61,24,20,25,14,3.650959014892578,63.0,64.5,6.629
1765482962.23792,99,12,14,53,22,3.6522903442382812,63.5,64.5,8.042
1765482962.4389005,99,12,14,53,22,3.6522903442382812,63.5,64.5,8.042
1765482962.6401262,99,12,14,53,22,3.6522903442382812,63.5,64.5,8.042
1765482962.8411684,99,26,24,10,16,3.6513099670410156,63.0,64.5,7.205
1765482963.0421684,99,26,24,10,16,3.6513099670410156,63.0,64.5,7.205
1765482963.2432725,98,18,32,26,15,3.651622772216797,63.5,64.5,7.312
1765482963.4444745,98,18,32,26,15,3.651622772216797,63.5,64.5,7.312
1765482963.6456933,98,18,32,26,15,3.651622772216797,63.5,64.5,7.312
1765482963.8469985,99,29,33,35,28,3.6513442993164062,63.0,65.0,7.432
1765482964.0482519,99,29,33,35,28,3.6513442993164062,63.0,65.0,7.432
1765482964.24998,98,20,13,40,8,3.6522140502929688,63.5,65.0,7.923
1765482964.4510574,98,20,13,40,8,3.6522140502929688,63.5,65.0,7.923
1765482964.6521306,98,20,13,40,8,3.6522140502929688,63.5,65.0,7.923
1765482964.8532095,99,34,24,40,26,3.6516494750976562,63.5,65.0,7.737
1765482965.05422,99,34,24,40,26,3.6516494750976562,63.5,65.0,7.737
1765482965.2552965,99,42,14,14,18,3.6511497497558594,64.0,64.5,7.511
1765482965.4563715,99,42,14,14,18,3.6511497497558594,64.0,64.5,7.511
1765482965.6573713,99,42,14,14,18,3.6511497497558594,64.0,64.5,7.511
1765482965.8583872,99,29,21,34,28,3.6524200439453125,63.5,65.0,8.305
1765482966.0593624,99,29,21,34,28,3.6524200439453125,63.5,65.0,8.305
1765482966.2604141,99,10,15,20,10,3.6511917114257812,63.5,64.0,7.511
1765482966.4613054,99,10,15,20,10,3.6511917114257812,63.5,64.0,7.511
1765482966.6623893,99,10,15,20,10,3.6511917114257812,63.5,64.0,7.511
1765482966.8634443,99,27,57,30,22,3.651599884033203,63.5,64.0,7.578
1765482967.0645752,99,27,57,30,22,3.651599884033203,63.5,64.0,7.578
1765482967.265788,99,18,24,10,20,3.651477813720703,63.5,64.5,7.205
1765482967.4668663,99,18,24,10,20,3.651477813720703,63.5,64.5,7.205
1765482967.6681454,99,18,24,10,20,3.651477813720703,63.5,64.5,7.205
1765482967.8692439,99,18,18,48,22,3.6518478393554688,64.0,65.5,8.568
1765482968.070389,99,18,18,48,22,3.6518478393554688,64.0,65.5,8.568
1765482968.2714493,99,18,18,48,22,3.6518478393554688,64.0,65.5,8.568
1765482968.4728806,99,17,8,15,11,3.651447296142578,63.5,64.0,6.977
1765482968.673923,99,17,8,15,11,3.651447296142578,63.5,64.0,6.977
1765482968.874897,98,28,64,24,28,3.6516952514648438,64.0,64.0,7.883
1765482969.0761762,98,28,64,24,28,3.6516952514648438,64.0,64.0,7.883
1765482969.2772787,98,28,64,24,28,3.6516952514648438,64.0,64.0,7.883
1765482969.4784186,99,17,17,12,16,3.651294708251953,63.5,64.5,7.777
1765482969.6793659,99,17,17,12,16,3.651294708251953,63.5,64.5,7.777
1765482969.8804696,99,16,19,58,6,3.6518592834472656,64.0,64.5,8.002
1765482970.081538,99,16,19,58,6,3.6518592834472656,64.0,64.5,8.002
1765482970.2831507,99,16,19,58,6,3.6518592834472656,64.0,64.5,8.002
1765482970.4841552,99,17,10,12,11,3.6517105102539062,63.5,64.5,7.471
1765482970.6851501,99,17,10,12,11,3.6517105102539062,63.5,64.5,7.471
1765482970.8863719,98,28,34,32,50,3.6518287658691406,64.0,65.0,8.068
1765482971.0875041,98,28,34,32,50,3.6518287658691406,64.0,65.0,8.068
1765482971.288734,98,28,34,32,50,3.6518287658691406,64.0,65.0,8.068
1765482971.48979,99,14,10,9,14,3.6524124145507812,64.0,64.5,7.883
1765482971.6909149,99,14,10,9,14,3.6524124145507812,64.0,64.5,7.883
1765482971.8920302,99,14,20,60,13,3.6517295837402344,64.0,64.5,7.697
1765482972.0933056,99,14,20,60,13,3.6517295837402344,64.0,64.5,7.697
1765482972.2943642,99,14,20,60,13,3.6517295837402344,64.0,64.5,7.697
1765482972.4954927,98,17,17,6,15,3.6514053344726562,64.0,64.5,6.897
1765482972.6966147,98,17,17,6,15,3.6514053344726562,64.0,64.5,6.897
1765482972.8977735,99,57,39,21,22,3.651775360107422,64.0,64.5,7.578
1765482973.0987535,99,57,39,21,22,3.651775360107422,64.0,64.5,7.578
1765482973.2998426,99,57,39,21,22,3.651775360107422,64.0,64.5,7.578
1765482973.501357,99,11,6,6,8,3.6526947021484375,63.5,64.5,7.165
1765482973.7030444,99,11,6,6,8,3.6526947021484375,63.5,64.5,7.165
1765482973.904138,99,29,57,34,25,3.6517295837402344,63.5,65.0,7.432
1765482974.1053615,99,29,57,34,25,3.6517295837402344,63.5,65.0,7.432
1765482974.306283,99,29,57,34,25,3.6517295837402344,63.5,65.0,7.432
1765482974.50738,99,12,14,18,13,3.651580810546875,64.0,64.5,6.469
1765482974.7085063,99,12,14,18,13,3.651580810546875,64.0,64.5,6.469
1765482974.909447,99,25,28,68,23,3.6517181396484375,64.0,65.0,7.883
1765482975.110402,99,25,28,68,23,3.6517181396484375,64.0,65.0,7.883
1765482975.3113594,99,25,28,68,23,3.6517181396484375,64.0,65.0,7.883
1765482975.5123732,99,6,3,2,6,3.6514358520507812,63.5,64.5,5.506
1765482975.7134397,99,6,3,2,6,3.6514358520507812,63.5,64.5,5.506
1765482975.9143622,99,30,35,30,52,3.651348114013672,63.5,64.0,6.977
1765482976.1153345,99,30,35,30,52,3.651348114013672,63.5,64.0,6.977
1765482976.3163095,99,30,35,30,52,3.651348114013672,63.5,64.0,6.977
1765482976.5174253,35,17,16,17,17,3.6509628295898438,63.0,64.0,5.345
1765482976.718635,35,17,16,17,17,3.6509628295898438,63.0,64.0,5.345
1765482976.919615,99,14,17,65,16,3.6515541076660156,64.0,65.0,7.923
1765482977.1205387,99,14,17,65,16,3.6515541076660156,64.0,65.0,7.923
1765482977.3214283,99,14,17,65,16,3.6515541076660156,64.0,65.0,7.923
1765482977.5228994,99,10,17,4,6,3.651103973388672,63.5,64.0,5.858
1765482977.7240527,99,10,17,4,6,3.651103973388672,63.5,64.0,5.858
1765482977.9250417,99,24,32,52,23,3.651336669921875,64.0,64.0,7.125
1765482978.126215,99,24,32,52,23,3.651336669921875,64.0,64.0,7.125
1765482978.3271246,99,24,32,52,23,3.651336669921875,64.0,64.0,7.125
1765482978.5284126,25,18,22,10,25,3.651134490966797,63.0,64.5,5.929
1765482978.7293856,25,18,22,10,25,3.651134490966797,63.0,64.5,5.929
1765482978.930679,99,12,12,52,16,3.6519317626953125,64.0,64.5,7.352
1765482979.1317701,99,12,12,52,16,3.6519317626953125,64.0,64.5,7.352
1765482979.3331168,99,12,12,52,16,3.6519317626953125,64.0,64.5,7.352
1765482979.5343156,99,22,22,27,16,3.651439666748047,63.5,65.0,7.165
1765482979.735255,99,22,22,27,16,3.651439666748047,63.5,65.0,7.165
1765482979.9363675,99,22,22,27,16,3.651439666748047,63.5,65.0,7.165
1765482980.1373484,99,16,50,14,12,3.6518402099609375,64.0,65.0,7.591
1765482980.338237,99,16,50,14,12,3.6518402099609375,64.0,65.0,7.591
1765482980.5392017,99,26,20,23,22,3.6521949768066406,63.5,65.5,7.777
1765482980.7402759,99,26,20,23,22,3.6521949768066406,63.5,65.5,7.777
1765482980.9413261,99,26,20,23,22,3.6521949768066406,63.5,65.5,7.777
1765482981.1423557,99,14,14,8,33,3.6516761779785156,63.5,64.5,7.471
1765482981.3434298,99,14,14,8,33,3.6516761779785156,63.5,64.5,7.471
1765482981.5447962,99,26,26,42,17,3.6519851684570312,64.0,65.0,7.816
1765482981.745727,99,26,26,42,17,3.6519851684570312,64.0,65.0,7.816
1765482981.946749,99,26,26,42,17,3.6519851684570312,64.0,65.0,7.816
1765482982.1477475,99,23,17,40,14,3.6521453857421875,64.0,65.0,7.578
1765482982.3488173,99,23,17,40,14,3.6521453857421875,64.0,65.0,7.578
1765482982.5498958,99,24,21,33,19,3.6521873474121094,64.0,65.5,8.226
1765482982.7510917,99,24,21,33,19,3.6521873474121094,64.0,65.5,8.226
1765482982.952151,99,24,21,33,19,3.6521873474121094,64.0,65.5,8.226
1765482983.1533225,99,17,22,14,10,3.6517868041992188,64.0,64.5,7.471
1765482983.3543925,99,17,22,14,10,3.6517868041992188,64.0,64.5,7.471
1765482983.5556552,99,20,20,24,56,3.651519775390625,64.0,65.0,7.618
1765482983.7568629,99,20,20,24,56,3.651519775390625,64.0,65.0,7.618
1765482983.9579256,99,20,20,24,56,3.651519775390625,64.0,65.0,7.618
1765482984.1590226,99,19,16,18,26,3.6519317626953125,64.0,65.0,7.856
1765482984.3603492,99,19,16,18,26,3.6519317626953125,64.0,65.0,7.856
1765482984.5625825,99,42,25,16,8,3.6517601013183594,63.5,65.0,8.002
1765482984.7634776,99,42,25,16,8,3.6517601013183594,63.5,65.0,8.002
1765482984.9645693,99,42,25,16,8,3.6517601013183594,63.5,65.0,8.002
1765482985.1654434,99,22,17,16,16,3.6517333984375,64.0,64.5,7.085
1765482985.3665917,99,22,17,16,16,3.6517333984375,64.0,64.5,7.085
1765482985.5681844,99,24,25,60,28,3.6516380310058594,64.0,66.0,8.002
1765482985.7694976,99,24,25,60,28,3.6516380310058594,64.0,66.0,8.002
1765482985.9705565,99,24,25,60,28,3.6516380310058594,64.0,66.0,8.002
1765482986.1715782,99,17,15,13,14,3.652393341064453,64.0,64.5,7.962
1765482986.3726065,99,17,15,13,14,3.652393341064453,64.0,64.5,7.962
1765482986.5736883,99,15,56,22,14,3.6516952514648438,64.0,65.0,8.081
1765482986.774659,99,15,56,22,14,3.6516952514648438,64.0,65.0,8.081
1765482986.975821,99,15,56,22,14,3.6516952514648438,64.0,65.0,8.081
1765482987.1768825,99,14,19,17,21,3.6512680053710938,64.0,65.0,7.551
1765482987.3782568,99,14,19,17,21,3.6512680053710938,64.0,65.0,7.551
1765482987.5791967,98,50,29,28,38,3.651153564453125,64.0,65.5,8.292
1765482987.7802258,98,50,29,28,38,3.651153564453125,64.0,65.5,8.292
1765482987.981344,98,50,29,28,38,3.651153564453125,64.0,65.5,8.292
1765482988.182321,99,9,8,4,9,3.6518211364746094,64.0,65.0,7.578
1765482988.383398,99,9,8,4,9,3.6518211364746094,64.0,65.0,7.578
1765482988.5847127,99,59,29,14,22,3.651683807373047,64.0,65.5,7.737
1765482988.7857404,99,59,29,14,22,3.651683807373047,64.0,65.5,7.737
1765482988.98671,99,59,29,14,22,3.651683807373047,64.0,65.5,7.737
1765482989.1876993,99,18,13,12,10,3.651714324951172,64.0,64.5,6.977
1765482989.3887239,99,18,13,12,10,3.651714324951172,64.0,64.5,6.977
1765482989.5900552,99,32,63,26,30,3.6517410278320312,64.5,65.5,8.042
1765482989.7911737,99,32,63,26,30,3.6517410278320312,64.5,65.5,8.042
1765482989.9922438,99,32,63,26,30,3.6517410278320312,64.5,65.5,8.042
1765482990.193446,99,8,3,3,6,3.6517715454101562,64.0,64.5,6.629
1765482990.3944948,99,8,3,3,6,3.6517715454101562,64.0,64.5,6.629
1765482990.595677,99,26,29,22,60,3.651142120361328,64.0,65.0,7.432
1765482990.7967162,99,26,29,22,60,3.651142120361328,64.0,65.0,7.432
1765482990.9977534,99,26,29,22,60,3.651142120361328,64.0,65.0,7.432
1765482991.19907,99,22,11,19,13,3.651744842529297,63.5,64.5,5.698
1765482991.40025,99,22,11,19,13,3.651744842529297,63.5,64.5,5.698
1765482991.6013584,99,22,11,19,13,3.651744842529297,63.5,64.5,5.698
1765482991.802493,99,21,26,22,59,3.6527328491210938,64.0,65.5,7.63
1765482992.0038998,99,21,26,22,59,3.6527328491210938,64.0,65.5,7.63
1765482992.205001,93,12,7,11,8,3.6516075134277344,63.5,64.5,5.617
1765482992.406123,93,12,7,11,8,3.6516075134277344,63.5,64.5,5.617
1765482992.6069877,93,12,7,11,8,3.6516075134277344,63.5,64.5,5.617
1765482992.8078582,99,33,38,26,42,3.6518936157226562,64.0,65.0,7.125
1765482993.0087967,99,33,38,26,42,3.6518936157226562,64.0,65.0,7.125
1765482993.2099352,99,14,10,19,13,3.6519317626953125,63.5,64.5,5.979
1765482993.4109924,99,14,10,19,13,3.6519317626953125,63.5,64.5,5.979
1765482993.6119623,99,14,10,19,13,3.6519317626953125,63.5,64.5,5.979
1765482993.8128967,99,54,13,16,13,3.6522598266601562,64.0,64.5,7.312
1765482994.013745,99,54,13,16,13,3.6522598266601562,64.0,64.5,7.312
1765482994.2147274,99,19,33,20,19,3.652008056640625,63.0,64.5,6.509
1765482994.4157422,99,19,33,20,19,3.652008056640625,63.0,64.5,6.509
1765482994.61684,99,19,33,20,19,3.652008056640625,63.0,64.5,6.509
1765482994.817908,99,20,14,16,50,3.651885986328125,64.5,64.5,7.392
1765482995.0190945,99,20,14,16,50,3.651885986328125,64.5,64.5,7.392
1765482995.2203538,99,23,20,28,16,3.6521072387695312,64.0,65.5,7.658
1765482995.4214242,99,23,20,28,16,3.6521072387695312,64.0,65.5,7.658
1765482995.622496,99,23,20,28,16,3.6521072387695312,64.0,65.5,7.658
1765482995.8237312,99,31,15,17,6,3.6516456604003906,64.5,65.0,7.432
1765482996.0245464,99,31,15,17,6,3.6516456604003906,64.5,65.0,7.432
1765482996.2255237,99,22,32,32,16,3.6514816284179688,64.0,65.0,7.578
1765482996.426484,99,22,32,32,16,3.6514816284179688,64.0,65.0,7.578
1765482996.6274776,99,22,32,32,16,3.6514816284179688,64.0,65.0,7.578
1765482996.8286247,99,45,10,17,18,3.6518402099609375,64.5,65.0,8.002
1765482997.0299733,99,45,10,17,18,3.6518402099609375,64.5,65.0,8.002
1765482997.233609,99,24,32,17,16,3.6522064208984375,64.0,65.5,7.989
1765482997.4346972,99,24,32,17,16,3.6522064208984375,64.0,65.5,7.989
1765482997.6357706,99,24,32,17,16,3.6522064208984375,64.0,65.5,7.989
1765482997.8369725,98,30,8,15,14,3.6517257690429688,64.0,65.0,7.38
1765482998.0379367,98,30,8,15,14,3.6517257690429688,64.0,65.0,7.38
1765482998.2389581,99,25,20,28,42,3.6518287658691406,64.0,65.5,7.764
1765482998.4400246,99,25,20,28,42,3.6518287658691406,64.0,65.5,7.764
1765482998.6411161,99,25,20,28,42,3.6518287658691406,64.0,65.5,7.764
1765482998.842103,99,14,15,20,34,3.651844024658203,64.5,65.0,7.962
1765482999.0431075,99,14,15,20,34,3.651844024658203,64.5,65.0,7.962
1765482999.2443748,99,14,27,12,38,3.652233123779297,64.0,65.5,7.685
1765482999.4453158,99,14,27,12,38,3.652233123779297,64.0,65.5,7.685
1765482999.646247,99,14,27,12,38,3.652233123779297,64.0,65.5,7.685
1765482999.8472357,99,16,16,16,22,3.6473731994628906,64.0,65.0,7.471
1765483000.0486677,99,16,16,16,22,3.6473731994628906,64.0,65.0,7.471
1765483000.2497425,99,34,20,46,21,3.6509666442871094,64.5,66.0,7.883
1765483000.4507873,99,34,20,46,21,3.6509666442871094,64.5,66.0,7.883
1765483000.6520486,99,34,20,46,21,3.6509666442871094,64.5,66.0,7.883
1765483000.853172,98,12,18,21,16,3.65301513671875,64.5,65.5,7.804
1765483001.0544066,98,12,18,21,16,3.65301513671875,64.5,65.5,7.804
1765483001.2557077,98,12,18,21,16,3.65301513671875,64.5,65.5,7.804
1765483001.4566996,99,17,60,15,13,3.6517677307128906,64.0,65.0,8.068
1765483001.6577806,99,17,60,15,13,3.6517677307128906,64.0,65.0,8.068
1765483001.85873,99,18,14,14,15,3.651824951171875,64.0,65.0,7.125
1765483002.0598538,99,18,14,14,15,3.651824951171875,64.0,65.0,7.125
1765483002.2608805,99,18,14,14,15,3.651824951171875,64.0,65.0,7.125
1765483002.4618695,98,27,34,50,30,3.6514549255371094,64.5,65.0,8.187
1765483002.6628838,98,27,34,50,30,3.6514549255371094,64.5,65.0,8.187
1765483002.8638806,99,6,12,6,10,3.6515884399414062,64.5,65.0,8.147
1765483003.0650463,99,6,12,6,10,3.6515884399414062,64.5,65.0,8.147
1765483003.266093,99,6,12,6,10,3.6515884399414062,64.5,65.0,8.147
1765483003.4671376,99,18,32,19,55,3.651226043701172,64.5,65.0,7.685
1765483003.6681664,99,18,32,19,55,3.651226043701172,64.5,65.0,7.685
1765483003.869026,99,25,14,19,27,3.6519393920898438,64.5,65.0,7.312
1765483004.0700285,99,25,14,19,27,3.6519393920898438,64.5,65.0,7.312
1765483004.2727096,99,25,14,19,27,3.6519393920898438,64.5,65.0,7.312
1765483004.4740603,99,26,24,58,31,3.651702880859375,64.5,66.0,8.752
1765483004.6751451,99,26,24,58,31,3.651702880859375,64.5,66.0,8.752
1765483004.8761806,99,2,9,7,1,3.6514663696289062,64.0,65.0,6.926
1765483005.0771005,99,2,9,7,1,3.6514663696289062,64.0,65.0,6.926
1765483005.2782369,99,2,9,7,1,3.6514663696289062,64.0,65.0,6.926
1765483005.4794137,99,28,60,27,26,3.6515541076660156,64.5,65.0,7.392
1765483005.6805246,99,28,60,27,26,3.6515541076660156,64.5,65.0,7.392
1765483005.881575,99,12,14,12,13,3.6522369384765625,64.5,65.0,6.778
1765483006.082711,99,12,14,12,13,3.6522369384765625,64.5,65.0,6.778
1765483006.2837164,99,12,14,12,13,3.6522369384765625,64.5,65.0,6.778
1765483006.4872205,99,30,59,18,16,3.6526565551757812,64.5,65.0,8.068
1765483006.6882875,99,30,59,18,16,3.6526565551757812,64.5,65.0,8.068
1765483006.8892515,99,11,4,4,9,3.6521377563476562,64.0,64.5,5.658
1765483007.0903761,99,11,4,4,9,3.6521377563476562,64.0,64.5,5.658
1765483007.2913365,99,11,4,4,9,3.6521377563476562,64.0,64.5,5.658
1765483007.4924853,99,29,40,30,48,3.6521377563476562,64.5,65.0,6.966
1765483007.6934779,99,29,40,30,48,3.6521377563476562,64.5,65.0,6.966
1765483007.895234,32,10,27,12,11,3.651844024658203,64.0,64.5,5.809
1765483008.0963652,32,10,27,12,11,3.651844024658203,64.0,64.5,5.809
1765483008.2973702,32,10,27,12,11,3.651844024658203,64.0,64.5,5.809
1765483008.4985135,99,56,17,19,12,3.652301788330078,64.5,65.0,7.658
1765483008.6995697,99,56,17,19,12,3.652301788330078,64.5,65.0,7.658
1765483008.9006424,92,12,18,14,6,3.6522254943847656,63.5,65.0,5.698
1765483009.1019225,92,12,18,14,6,3.6522254943847656,63.5,65.0,5.698
1765483009.3030243,92,12,18,14,6,3.6522254943847656,63.5,65.0,5.698
1765483009.5041454,99,58,20,26,14,3.6518707275390625,64.5,65.0,7.046
1765483009.705207,99,58,20,26,14,3.6518707275390625,64.5,65.0,7.046
1765483009.90619,99,14,17,23,23,3.6487579345703125,64.5,66.5,6.698
1765483010.107303,99,14,17,23,23,3.6487579345703125,64.5,66.5,6.698
1765483010.3082886,99,14,17,23,23,3.6487579345703125,64.5,66.5,6.698
1765483010.5092247,99,47,12,15,10,3.6500396728515625,65.0,65.0,7.499
1765483010.7101414,99,47,12,15,10,3.6500396728515625,65.0,65.0,7.499
1765483010.9112725,99,25,22,25,30,3.6513519287109375,64.5,65.5,7.233
1765483011.1123877,99,25,22,25,30,3.6513519287109375,64.5,65.5,7.233
1765483011.3135612,99,25,22,25,30,3.6513519287109375,64.5,65.5,7.233
1765483011.5145593,99,24,15,14,42,3.6516990661621094,64.5,65.0,7.459
1765483011.715464,99,24,15,14,42,3.6516990661621094,64.5,65.0,7.459
1765483011.9166017,99,24,15,14,42,3.6516990661621094,64.5,65.0,7.459
1765483012.1176448,99,28,20,23,20,3.652130126953125,64.5,65.5,8.147
1765483012.3187122,99,28,20,23,20,3.652130126953125,64.5,65.5,8.147
1765483012.5198646,99,35,15,18,10,3.651592254638672,65.0,65.0,7.697
1765483012.7208886,99,35,15,18,10,3.651592254638672,65.0,65.0,7.697
1765483012.9217794,99,35,15,18,10,3.651592254638672,65.0,65.0,7.697
1765483013.122663,99,25,45,20,22,3.651782989501953,64.5,65.0,7.685
1765483013.3238184,99,25,45,20,22,3.651782989501953,64.5,65.0,7.685
1765483013.5249183,98,18,29,22,12,3.6516036987304688,64.5,65.0,7.578
1765483013.72595,98,18,29,22,12,3.6516036987304688,64.5,65.0,7.578
1765483013.9272594,98,18,29,22,12,3.6516036987304688,64.5,65.0,7.578
1765483014.1281657,99,23,12,12,41,3.6527137756347656,64.5,65.0,7.989
1765483014.329285,99,23,12,12,41,3.6527137756347656,64.5,65.0,7.989
1765483014.530484,99,23,19,15,25,3.652801513671875,64.5,65.5,7.618
1765483014.7316616,99,23,19,15,25,3.652801513671875,64.5,65.5,7.618
1765483014.932713,99,23,19,15,25,3.652801513671875,64.5,65.5,7.618
1765483015.1337314,98,28,25,23,53,3.6529159545898438,64.5,65.5,7.764
1765483015.334972,98,28,25,23,53,3.6529159545898438,64.5,65.5,7.764
1765483015.5364034,98,21,14,14,19,3.6536636352539062,65.0,65.5,7.962
1765483015.7374208,98,21,14,14,19,3.6536636352539062,65.0,65.5,7.962
1765483015.9385006,98,21,14,14,19,3.6536636352539062,65.0,65.5,7.962
1765483016.1395009,99,23,14,52,11,3.6526718139648438,65.0,66.5,8.068
1765483016.3404737,99,23,14,52,11,3.6526718139648438,65.0,66.5,8.068
1765483016.5414083,99,20,18,19,6,3.652790069580078,64.5,65.0,7.006
1765483016.7438393,99,20,18,19,6,3.652790069580078,64.5,65.0,7.006
1765483016.9451258,99,20,18,19,6,3.652790069580078,64.5,65.0,7.006
1765483017.1460946,98,52,27,32,27,3.6526756286621094,65.0,65.5,8.226
1765483017.347187,98,52,27,32,27,3.6526756286621094,65.0,65.5,8.226
1765483017.5483212,99,12,11,10,8,3.653759002685547,64.5,65.5,7.989
1765483017.7494652,99,12,11,10,8,3.653759002685547,64.5,65.5,7.989
1765483017.9505975,99,12,11,10,8,3.653759002685547,64.5,65.5,7.989
1765483018.1516895,99,18,65,16,20,3.6528854370117188,64.5,65.5,7.923
1765483018.3541954,99,18,65,16,20,3.6528854370117188,64.5,65.5,7.923
1765483018.5551887,99,18,10,17,10,3.653095245361328,64.5,65.0,7.511
1765483018.7562325,99,18,10,17,10,3.653095245361328,64.5,65.0,7.511
1765483018.9573064,99,18,10,17,10,3.653095245361328,64.5,65.0,7.511
1765483019.158356,99,34,48,26,27,3.653156280517578,65.0,66.0,8.345
1765483019.3594654,99,34,48,26,27,3.653156280517578,65.0,66.0,8.345
1765483019.5608327,99,6,4,4,2,3.652587890625,64.5,65.5,7.153
1765483019.761825,99,6,4,4,2,3.652587890625,64.5,65.5,7.153
1765483019.9628606,99,6,4,4,2,3.652587890625,64.5,65.5,7.153
1765483020.1638348,99,24,16,29,67,3.6527366638183594,64.5,65.5,7.962
1765483020.3648398,99,24,16,29,67,3.6527366638183594,64.5,65.5,7.962
1765483020.5657122,98,20,17,19,16,3.652881622314453,64.5,65.0,6.966
1765483020.7668147,98,20,17,19,16,3.652881622314453,64.5,65.0,6.966
1765483020.9680555,98,20,17,19,16,3.652881622314453,64.5,65.0,6.966
1765483021.1690292,99,55,28,21,24,3.653636932373047,65.0,65.5,8.41
1765483021.370025,99,55,28,21,24,3.653636932373047,65.0,65.5,8.41
1765483021.5709012,99,8,6,7,6,3.652790069580078,64.5,65.0,6.738
1765483021.773048,99,8,6,7,6,3.652790069580078,64.5,65.0,6.738
1765483021.9743965,99,8,6,7,6,3.652790069580078,64.5,65.0,6.738
1765483022.1755073,99,54,24,34,30,3.6529273986816406,64.5,65.0,7.312
1765483022.3766944,99,54,24,34,30,3.6529273986816406,64.5,65.0,7.312
1765483022.5776799,95,14,12,12,11,3.6531410217285156,64.5,65.0,6.24
1765483022.7788868,95,14,12,12,11,3.6531410217285156,64.5,65.0,6.24
1765483022.9798298,95,14,12,12,11,3.6531410217285156,64.5,65.0,6.24
1765483023.1810296,99,21,19,63,16,3.6534271240234375,64.5,65.5,7.499
1765483023.3821044,99,21,19,63,16,3.6534271240234375,64.5,65.5,7.499
1765483023.58336,50,17,13,12,13,3.6530227661132812,64.5,65.0,5.345
1765483023.784551,50,17,13,12,13,3.6530227661132812,64.5,65.0,5.345
1765483023.9855134,50,17,13,12,13,3.6530227661132812,64.5,65.0,5.345
1765483024.1865804,99,62,32,25,23,3.6526947021484375,64.5,65.5,7.273
1765483024.3877065,99,62,32,25,23,3.6526947021484375,64.5,65.5,7.273
1765483024.5885344,99,62,32,25,23,3.6526947021484375,64.5,65.5,7.273
1765483024.789649,99,23,18,13,25,3.653942108154297,64.0,65.5,6.658
1765483024.9909432,99,23,18,13,25,3.653942108154297,64.0,65.5,6.658
1765483025.1923492,99,54,12,19,15,3.652873992919922,65.0,65.5,7.085
1765483025.393395,99,54,12,19,15,3.652873992919922,65.0,65.5,7.085
1765483025.5948334,99,54,12,19,15,3.652873992919922,65.0,65.5,7.085
1765483025.7958024,0,27,17,17,17,3.6527671813964844,64.0,66.0,5.305
1765483025.9967542,0,27,17,17,17,3.6527671813964844,64.0,66.0,5.305
1765483026.1977227,99,58,25,18,20,3.6533164978027344,65.0,65.0,7.153
1765483026.398671,99,58,25,18,20,3.6533164978027344,65.0,65.0,7.153
1765483026.5998495,99,58,25,18,20,3.6533164978027344,65.0,65.0,7.153
1765483026.8009136,99,22,30,24,17,3.653636932373047,64.5,65.5,7.459
1765483027.0019321,99,22,30,24,17,3.653636932373047,64.5,65.5,7.459
1765483027.202967,99,45,20,14,24,3.6529617309570312,65.0,65.5,7.618
1765483027.4040709,99,45,20,14,24,3.6529617309570312,65.0,65.5,7.618
1765483027.6050987,99,45,20,14,24,3.6529617309570312,65.0,65.5,7.618
1765483027.8061535,99,28,28,25,45,3.653339385986328,64.5,65.5,7.352
1765483028.0070565,99,28,28,25,45,3.653339385986328,64.5,65.5,7.352
1765483028.208089,99,21,41,15,19,3.6534576416015625,65.0,65.5,7.949
1765483028.4090748,99,21,41,15,19,3.6534576416015625,65.0,65.5,7.949
1765483028.6102827,99,21,41,15,19,3.6534576416015625,65.0,65.5,7.949
1765483028.811336,99,26,27,15,12,3.6536827087402344,64.5,65.5,7.843
1765483029.012266,99,26,27,15,12,3.6536827087402344,64.5,65.5,7.843
1765483029.2133389,99,34,18,15,14,3.6533584594726562,65.0,66.0,7.499
1765483029.4143288,99,34,18,15,14,3.6533584594726562,65.0,66.0,7.499
1765483029.6153111,99,34,18,15,14,3.6533584594726562,65.0,66.0,7.499
1765483029.8163795,99,28,23,21,56,3.6528587341308594,64.5,65.5,7.923
1765483030.017376,99,28,23,21,56,3.6528587341308594,64.5,65.5,7.923
1765483030.2184484,99,18,24,15,13,3.6537322998046875,64.5,65.5,8.252
1765483030.4197125,99,18,24,15,13,3.6537322998046875,64.5,65.5,8.252
1765483030.6207201,99,18,24,15,13,3.6537322998046875,64.5,65.5,8.252
1765483030.8216386,99,10,16,12,52,3.6530380249023438,65.0,65.5,7.843
1765483031.0225744,99,10,16,12,52,3.6530380249023438,65.0,65.5,7.843
1765483031.22379,99,14,19,17,18,3.6531524658203125,64.5,65.5,7.205
1765483031.4250467,99,14,19,17,18,3.6531524658203125,64.5,65.5,7.205
1765483031.6261945,99,14,19,17,18,3.6531524658203125,64.5,65.5,7.205
1765483031.827222,99,29,54,37,18,3.6529769897460938,65.0,65.5,8.147
1765483032.0283134,99,29,54,37,18,3.6529769897460938,65.0,65.5,8.147
1765483032.2293746,99,12,12,14,11,3.6536102294921875,65.0,65.5,8.147
1765483032.4303603,99,12,12,14,11,3.6536102294921875,65.0,65.5,8.147
1765483032.63146,99,12,12,14,11,3.6536102294921875,65.0,65.5,8.147
1765483032.8325753,99,18,60,20,23,3.6530113220214844,64.5,65.5,7.962
1765483033.0334797,99,18,60,20,23,3.6530113220214844,64.5,65.5,7.962
1765483033.234304,99,15,14,18,12,3.6531753540039062,65.0,65.5,7.432
1765483033.4354794,99,15,14,18,12,3.6531753540039062,65.0,65.5,7.432
1765483033.6365201,99,15,14,18,12,3.6531753540039062,65.0,65.5,7.432
1765483033.8374758,99,60,38,26,31,3.6534690856933594,65.0,66.5,8.752
1765483034.0386174,99,60,38,26,31,3.6534690856933594,65.0,66.5,8.752
1765483034.2397292,99,60,38,26,31,3.6534690856933594,65.0,66.5,8.752
1765483034.4408748,98,13,6,6,7,3.6527748107910156,65.0,65.5,7.046
1765483034.641973,98,13,6,6,7,3.6527748107910156,65.0,65.5,7.046
1765483034.842955,99,23,32,19,70,3.6530380249023438,65.0,66.0,7.804
1765483035.044164,99,23,32,19,70,3.6530380249023438,65.0,66.0,7.804
1765483035.2451217,99,23,32,19,70,3.6530380249023438,65.0,66.0,7.804
1765483035.4461005,99,17,18,15,12,3.6532936096191406,64.5,65.0,6.926
1765483035.6472774,99,17,18,15,12,3.6532936096191406,64.5,65.0,6.926
1765483035.8482175,99,24,24,25,61,3.6541213989257812,65.0,66.0,8.068
1765483036.0492587,99,24,24,25,61,3.6541213989257812,65.0,66.0,8.068
1765483036.250187,99,24,24,25,61,3.6541213989257812,65.0,66.0,8.068
1765483036.451387,99,6,6,4,6,3.65283203125,64.5,65.5,6.509
1765483036.65285,99,6,6,4,6,3.65283203125,64.5,65.5,6.509
1765483036.853776,99,34,27,56,27,3.6527252197265625,65.0,65.5,7.153
1765483037.0547569,99,34,27,56,27,3.6527252197265625,65.0,65.5,7.153
1765483037.2556276,99,34,27,56,27,3.6527252197265625,65.0,65.5,7.153
1765483037.456662,99,12,15,17,14,3.6529617309570312,64.5,65.0,5.769
1765483037.657653,99,12,15,17,14,3.6529617309570312,64.5,65.0,5.769
1765483037.8586738,99,56,25,19,16,3.6535568237304688,65.0,66.0,7.42
1765483038.059823,99,56,25,19,16,3.6535568237304688,65.0,66.0,7.42
1765483038.2609935,99,56,25,19,16,3.6535568237304688,65.0,66.0,7.42
1765483038.4622116,97,12,13,8,18,3.6530723571777344,64.5,65.0,5.929
1765483038.663811,97,12,13,8,18,3.6530723571777344,64.5,65.0,5.929
1765483038.8649278,99,30,22,53,26,3.6534385681152344,65.0,65.5,7.233
1765483039.0660775,99,30,22,53,26,3.6534385681152344,65.0,65.5,7.233
1765483039.2672203,99,30,22,53,26,3.6534385681152344,65.0,65.5,7.233
1765483039.4683545,99,14,22,16,16,3.653331756591797,64.5,66.5,6.4
1765483039.6692808,99,14,22,16,16,3.653331756591797,64.5,66.5,6.4
1765483039.8703914,99,14,19,12,48,3.6529769897460938,65.0,65.5,6.926
1765483040.0713189,99,14,19,12,48,3.6529769897460938,65.0,65.5,6.926
1765483040.27229,99,14,19,12,48,3.6529769897460938,65.0,65.5,6.926
1765483040.4736757,65,20,29,27,19,3.6531219482421875,64.0,65.5,6.738
1765483040.674791,65,20,29,27,19,3.6531219482421875,64.0,65.5,6.738
1765483040.8758917,99,19,18,53,14,3.6532859802246094,65.0,65.5,7.539
1765483041.077055,99,19,18,53,14,3.6532859802246094,65.0,65.5,7.539
1765483041.2782362,99,19,18,53,14,3.6532859802246094,65.0,65.5,7.539
1765483041.4793575,99,24,20,20,19,3.653614044189453,65.0,66.5,7.725
1765483041.6807096,99,24,20,20,19,3.653614044189453,65.0,66.5,7.725
1765483041.8818529,99,26,17,30,16,3.6531105041503906,65.0,65.5,7.432
1765483042.0828588,99,26,17,30,16,3.6531105041503906,65.0,65.5,7.432
1765483042.2840357,99,26,17,30,16,3.6531105041503906,65.0,65.5,7.432
1765483042.4851363,99,40,24,20,23,3.652679443359375,65.0,66.0,7.618
1765483042.6862173,99,40,24,20,23,3.652679443359375,65.0,66.0,7.618
1765483042.8930748,99,46,16,17,16,3.653064727783203,65.5,66.0,8.081
1765483043.0944269,99,46,16,17,16,3.653064727783203,65.5,66.0,8.081
1765483043.2955856,99,46,16,17,16,3.653064727783203,65.5,66.0,8.081
1765483043.4965966,99,12,22,33,14,3.653400421142578,65.0,66.5,8.029
1765483043.6975317,99,12,22,33,14,3.653400421142578,65.0,66.5,8.029
1765483043.8984842,99,24,15,28,12,3.6531753540039062,65.0,65.5,7.459
1765483044.0995018,99,24,15,28,12,3.6531753540039062,65.0,65.5,7.459
1765483044.3007126,99,24,15,28,12,3.6531753540039062,65.0,65.5,7.459
1765483044.5017812,99,27,24,22,50,3.6532936096191406,65.0,66.0,7.618
1765483044.702833,99,27,24,22,50,3.6532936096191406,65.0,66.0,7.618
1765483044.9037745,99,17,19,22,12,3.654155731201172,65.0,66.0,7.923
1765483045.1046746,99,17,19,22,12,3.654155731201172,65.0,66.0,7.923
1765483045.3056302,99,17,19,22,12,3.654155731201172,65.0,66.0,7.923
1765483045.506701,99,14,22,13,47,3.6532936096191406,65.0,66.0,8.002
1765483045.7077508,99,14,22,13,47,3.6532936096191406,65.0,66.0,8.002
1765483045.9087682,99,14,22,13,47,3.6532936096191406,65.0,66.0,8.002
1765483046.109721,99,14,19,14,24,3.653369903564453,65.0,65.5,7.046
1765483046.310731,99,14,19,14,24,3.653369903564453,65.0,65.5,7.046
1765483046.511589,99,36,44,25,37,3.6532020568847656,65.0,66.0,8.081
1765483046.7126105,99,36,44,25,37,3.6532020568847656,65.0,66.0,8.081
1765483046.9136953,99,36,44,25,37,3.6532020568847656,65.0,66.0,8.081
1765483047.114675,99,8,8,9,13,3.653911590576172,65.0,65.5,7.883
1765483047.315648,99,8,8,9,13,3.653911590576172,65.0,65.5,7.883
1765483047.5166159,99,21,26,61,15,3.653545379638672,65.5,66.5,8.029
1765483047.7175417,99,21,26,61,15,3.653545379638672,65.5,66.5,8.029
1765483047.9187233,99,21,26,61,15,3.653545379638672,65.5,66.5,8.029
1765483048.1196582,99,25,14,10,10,3.653076171875,65.0,65.5,7.618
1765483048.3207793,99,25,14,10,10,3.653076171875,65.0,65.5,7.618
1765483048.5221314,99,22,49,28,37,3.6535110473632812,65.0,66.0,8.371
1765483048.7232618,99,22,49,28,37,3.6535110473632812,65.0,66.0,8.371
1765483048.9242966,99,22,49,28,37,3.6535110473632812,65.0,66.0,8.371
1765483049.1252258,99,8,4,2,5,3.654052734375,65.0,65.5,7.233
1765483049.3262417,99,8,4,2,5,3.654052734375,65.0,65.5,7.233
1765483049.5272052,99,58,30,31,20,3.652942657470703,65.0,65.5,7.697
1765483049.7285414,99,58,30,31,20,3.652942657470703,65.0,65.5,7.697
1765483049.9296763,99,58,30,31,20,3.652942657470703,65.0,65.5,7.697
1765483050.1306643,99,24,10,21,10,3.653076171875,65.0,66.0,7.006
1765483050.3316734,99,24,10,21,10,3.653076171875,65.0,66.0,7.006
1765483050.5325458,99,19,58,30,21,3.6545257568359375,65.5,66.5,8.594
1765483050.7334409,99,19,58,30,21,3.6545257568359375,65.5,66.5,8.594
1765483050.934329,99,19,58,30,21,3.6545257568359375,65.5,66.5,8.594
1765483051.1355238,99,6,10,2,4,3.6539764404296875,65.0,65.5,6.966
1765483051.3365715,99,6,10,2,4,3.6539764404296875,65.0,65.5,6.966
1765483051.5377657,99,37,32,58,23,3.6532936096191406,65.0,66.0,7.432
1765483051.738719,99,37,32,58,23,3.6532936096191406,65.0,66.0,7.432
1765483051.939793,99,37,32,58,23,3.6532936096191406,65.0,66.0,7.432
1765483052.1408658,99,16,14,14,18,3.6536483764648438,65.0,65.5,6.897
1765483052.3419745,99,16,14,14,18,3.6536483764648438,65.0,65.5,6.897
1765483052.5430498,99,15,12,63,18,3.6542434692382812,65.0,66.0,7.697
1765483052.7439828,99,15,12,63,18,3.6542434692382812,65.0,66.0,7.697
1765483052.945007,99,15,12,63,18,3.6542434692382812,65.0,66.0,7.697
1765483053.146237,99,15,11,13,13,3.6536216735839844,65.0,65.5,5.617
1765483053.347416,99,15,11,13,13,3.6536216735839844,65.0,65.5,5.617
1765483053.5484242,99,26,38,28,54,3.653522491455078,65.0,66.0,7.312
1765483053.7492902,99,26,38,28,54,3.653522491455078,65.0,66.0,7.312
1765483053.950216,99,26,38,28,54,3.653522491455078,65.0,66.0,7.312
1765483054.1511335,66,14,21,18,11,3.6544113159179688,65.0,66.5,6.539
1765483054.3523903,66,14,21,18,11,3.6544113159179688,65.0,66.5,6.539
1765483054.5534098,99,15,17,55,8,3.6529579162597656,65.0,66.0,7.125
1765483054.75446,99,15,17,55,8,3.6529579162597656,65.0,66.0,7.125
1765483054.9554238,99,15,17,55,8,3.6529579162597656,65.0,66.0,7.125
1765483055.1566975,30,12,26,16,19,3.6534805297851562,64.5,65.0,5.889
1765483055.3576338,30,12,26,16,19,3.6534805297851562,64.5,65.0,5.889
1765483055.5586395,99,24,20,22,56,3.6526947021484375,65.0,66.0,7.193
1765483055.759725,99,24,20,22,56,3.6526947021484375,65.0,66.0,7.193
1765483055.9605515,99,24,20,22,56,3.6526947021484375,65.0,66.0,7.193
1765483056.1616886,99,10,26,17,17,3.653331756591797,64.5,67.0,7.618
1765483056.3628058,99,10,26,17,17,3.653331756591797,64.5,67.0,7.618
1765483056.5640903,99,10,26,17,17,3.653331756591797,64.5,67.0,7.618
1765483056.7652328,99,17,20,17,36,3.652904510498047,65.5,66.0,7.352
1765483056.966176,99,17,20,17,36,3.652904510498047,65.5,66.0,7.352
1765483057.1672301,99,30,22,41,12,3.6530799865722656,65.5,66.5,7.432
1765483057.3682747,99,30,22,41,12,3.6530799865722656,65.5,66.5,7.432
1765483057.5692647,99,30,22,41,12,3.6530799865722656,65.5,66.5,7.432
1765483057.770216,99,16,14,18,42,3.6535911560058594,65.5,66.0,8.108
1765483057.9713073,99,16,14,18,42,3.6535911560058594,65.5,66.0,8.108
1765483058.177233,99,33,22,13,13,3.6536712646484375,65.5,66.0,7.804
1765483058.3783164,99,33,22,13,13,3.6536712646484375,65.5,66.0,7.804
1765483058.5793095,99,33,22,13,13,3.6536712646484375,65.5,66.0,7.804
1765483058.780435,99,23,17,14,33,3.653514862060547,65.5,66.0,7.352
1765483058.9814103,99,23,17,14,33,3.653514862060547,65.5,66.0,7.352
1765483059.182452,99,21,20,28,48,3.6534690856933594,65.0,66.0,7.883
1765483059.3833475,99,21,20,28,48,3.6534690856933594,65.0,66.0,7.883
1765483059.584356,99,21,20,28,48,3.6534690856933594,65.0,66.0,7.883
1765483059.7853982,99,25,15,20,12,3.6543350219726562,65.5,66.5,8.331
1765483059.9865031,99,25,15,20,12,3.6543350219726562,65.5,66.5,8.331
1765483060.18756,99,50,16,18,14,3.6536598205566406,65.0,66.0,7.725
1765483060.388469,99,50,16,18,14,3.6536598205566406,65.0,66.0,7.725
1765483060.5895655,99,50,16,18,14,3.6536598205566406,65.0,66.0,7.725
1765483060.790498,99,21,21,13,18,3.6536293029785156,65.5,66.0,7.165
1765483060.9915845,99,21,21,13,18,3.6536293029785156,65.5,66.0,7.165
1765483061.1933548,99,52,21,25,34,3.6530990600585938,65.5,66.0,8.108
1765483061.3943858,99,52,21,25,34,3.6530990600585938,65.5,66.0,8.108
1765483061.595578,99,52,21,25,34,3.6530990600585938,65.5,66.0,8.108
1765483061.7965915,99,13,10,10,7,3.6542816162109375,65.0,66.5,7.883
1765483061.9976873,99,13,10,10,7,3.6542816162109375,65.0,66.5,7.883
1765483062.1986425,99,16,23,66,12,3.653583526611328,65.0,66.5,8.108
1765483062.3998704,99,16,23,66,12,3.653583526611328,65.0,66.5,8.108
1765483062.6010723,99,16,23,66,12,3.653583526611328,65.0,66.5,8.108
1765483062.802292,99,18,16,11,10,3.653949737548828,65.5,66.0,7.737
1765483063.003377,99,18,16,11,10,3.653949737548828,65.5,66.0,7.737
1765483063.2043219,99,25,44,48,20,3.6540260314941406,65.0,67.0,8.41
1765483063.4052145,99,25,44,48,20,3.6540260314941406,65.0,67.0,8.41
1765483063.6062481,99,25,44,48,20,3.6540260314941406,65.0,67.0,8.41
1765483063.807133,99,9,4,3,9,3.65411376953125,65.5,66.0,7.125
1765483064.0082955,99,9,4,3,9,3.65411376953125,65.5,66.0,7.125
1765483064.209389,99,29,35,34,64,3.6537437438964844,65.5,66.0,7.843
1765483064.4105613,99,29,35,34,64,3.6537437438964844,65.5,66.0,7.843
1765483064.6115334,99,29,35,34,64,3.6537437438964844,65.5,66.0,7.843
1765483064.812606,98,17,10,13,16,3.6538734436035156,65.0,65.5,7.006
1765483065.0137067,98,17,10,13,16,3.6538734436035156,65.0,65.5,7.006
1765483065.2146287,99,24,23,28,57,3.654499053955078,65.5,66.5,8.305
1765483065.4156885,99,24,23,28,57,3.654499053955078,65.5,66.5,8.305
1765483065.6166546,99,24,23,28,57,3.654499053955078,65.5,66.5,8.305
1765483065.817801,99,6,13,7,5,3.653575897216797,65.5,65.5,6.738
1765483066.0187643,99,6,13,7,5,3.653575897216797,65.5,65.5,6.738
1765483066.2196965,99,54,26,32,27,3.653789520263672,65.0,66.0,7.193
1765483066.4205782,99,54,26,32,27,3.653789520263672,65.0,66.0,7.193
1765483066.6216536,99,54,26,32,27,3.653789520263672,65.0,66.0,7.193
1765483066.822854,96,14,16,11,17,3.6539306640625,65.5,66.5,6.32
1765483067.0238926,96,14,16,11,17,3.6539306640625,65.5,66.5,6.32
1765483067.224929,99,16,19,64,24,3.6545791625976562,65.5,66.5,7.511
1765483067.4267676,99,16,19,64,24,3.6545791625976562,65.5,66.5,7.511
1765483067.6278243,99,16,19,64,24,3.6545791625976562,65.5,66.5,7.511
1765483067.8288958,38,18,6,13,15,3.654003143310547,64.5,65.5,5.425
1765483068.0299602,38,18,6,13,15,3.654003143310547,64.5,65.5,5.425
1765483068.231036,99,47,29,22,36,3.6538162231445312,65.5,65.5,7.352
1765483068.4320102,99,47,29,22,36,3.6538162231445312,65.5,65.5,7.352
1765483068.6329613,99,47,29,22,36,3.6538162231445312,65.5,65.5,7.352
1765483068.8340714,85,18,12,19,11,3.65447998046875,65.0,66.0,6.698
1765483069.0353017,85,18,12,19,11,3.65447998046875,65.0,66.0,6.698
1765483069.2362623,85,18,12,19,11,3.65447998046875,65.0,66.0,6.698
1765483069.4374437,99,16,10,17,54,3.6536216735839844,65.5,66.0,7.205
1765483069.638385,99,16,10,17,54,3.6536216735839844,65.5,66.0,7.205
1765483069.8393602,60,16,30,19,15,3.6540908813476562,65.0,66.0,5.738
1765483070.0404608,60,16,30,19,15,3.6540908813476562,65.0,66.0,5.738
1765483070.242026,60,16,30,19,15,3.6540908813476562,65.0,66.0,5.738
1765483070.4432123,99,18,20,57,18,3.6538238525390625,65.5,66.0,7.245
1765483070.644252,99,18,20,57,18,3.6538238525390625,65.5,66.0,7.245
1765483070.8454282,99,14,23,19,20,3.65435791015625,65.0,66.5,7.499
1765483071.046444,99,14,23,19,20,3.65435791015625,65.0,66.5,7.499
1765483071.2474377,99,14,23,19,20,3.65435791015625,65.0,66.5,7.499
1765483071.4486601,99,25,15,39,17,3.6537857055664062,65.5,66.0,7.658
1765483071.6496441,99,25,15,39,17,3.6537857055664062,65.5,66.0,7.658
1765483071.8506207,99,26,41,18,25,3.653644561767578,65.0,66.0,7.312
1765483072.0515993,99,26,41,18,25,3.653644561767578,65.0,66.0,7.312
1765483072.252693,99,26,41,18,25,3.653644561767578,65.0,66.0,7.312
1765483072.45379,99,17,44,19,17,3.6532440185546875,65.5,66.5,7.923
1765483072.6547847,99,17,44,19,17,3.6532440185546875,65.5,66.5,7.923
1765483072.855735,99,20,12,10,30,3.6534156799316406,65.5,66.0,7.843
1765483073.0566156,99,20,12,10,30,3.6534156799316406,65.5,66.0,7.843
1765483073.2577953,99,20,12,10,30,3.6534156799316406,65.5,66.0,7.843
1765483073.4589012,99,20,18,16,27,3.6532821655273438,65.5,66.0,7.499
1765483073.6603773,99,20,18,16,27,3.6532821655273438,65.5,66.0,7.499
1765483073.8613744,99,22,25,44,31,3.6525917053222656,65.5,67.0,7.923
1765483074.0624118,99,22,25,44,31,3.6525917053222656,65.5,67.0,7.923
1765483074.2635813,99,22,25,44,31,3.6525917053222656,65.5,67.0,7.923
1765483074.4647279,99,12,17,28,16,3.653980255126953,66.0,66.5,8.345
1765483074.6658692,99,12,17,28,16,3.653980255126953,66.0,66.5,8.345
1765483074.86702,99,17,54,14,13,3.653491973876953,65.5,66.0,7.843
1765483075.0680788,99,17,54,14,13,3.653491973876953,65.5,66.0,7.843
1765483075.2691207,99,17,54,14,13,3.653491973876953,65.5,66.0,7.843
1765483075.4701023,98,12,24,18,10,3.6531219482421875,65.5,66.0,7.312
1765483075.6715937,98,12,24,18,10,3.6531219482421875,65.5,66.0,7.312
1765483075.872563,99,25,32,30,45,3.6534042358398438,65.5,66.5,8.226
1765483076.0734243,99,25,32,30,45,3.6534042358398438,65.5,66.5,8.226
1765483076.2744558,99,25,32,30,45,3.6534042358398438,65.5,66.5,8.226
1765483076.4753401,99,13,11,15,10,3.6540260314941406,65.0,66.5,7.697
1765483076.6766026,99,13,11,15,10,3.6540260314941406,65.0,66.5,7.697
1765483076.8778758,99,24,66,14,16,3.6533432006835938,65.5,66.0,8.002
1765483077.0788305,99,24,66,14,16,3.6533432006835938,65.5,66.0,8.002
1765483077.2798538,99,24,66,14,16,3.6533432006835938,65.5,66.0,8.002
1765483077.4807894,99,12,16,19,14,3.65362548828125,65.5,66.0,7.658
1765483077.6820328,99,12,16,19,14,3.65362548828125,65.5,66.0,7.658
1765483077.8832004,99,27,65,20,28,3.652904510498047,65.5,66.5,8.41
1765483078.0842586,99,27,65,20,28,3.652904510498047,65.5,66.5,8.41
1765483078.285404,99,27,65,20,28,3.652904510498047,65.5,66.5,8.41
1765483078.486392,99,6,2,4,5,3.6528244018554688,65.5,66.0,7.284
1765483078.6873226,99,6,2,4,5,3.6528244018554688,65.5,66.0,7.284
1765483078.8882985,99,28,32,28,48,3.6533432006835938,65.5,66.0,7.923
1765483079.0894594,99,28,32,28,48,3.6533432006835938,65.5,66.0,7.923
1765483079.2905812,99,28,32,28,48,3.6533432006835938,65.5,66.0,7.923
1765483079.491573,98,22,17,14,15,3.653289794921875,65.5,66.0,7.046
1765483079.6926513,98,22,17,14,15,3.653289794921875,65.5,66.0,7.046
1765483079.8940878,98,22,17,14,15,3.653289794921875,65.5,66.0,7.046
1765483080.0951035,99,18,27,14,63,3.654193878173828,65.5,66.5,8.226
1765483080.296168,99,18,27,14,63,3.654193878173828,65.5,66.5,8.226
1765483080.4972258,99,12,15,10,6,3.6531982421875,65.0,66.0,6.778
1765483080.698433,99,12,15,10,6,3.6531982421875,65.0,66.0,6.778
1765483080.8993773,99,12,15,10,6,3.6531982421875,65.0,66.0,6.778
1765483081.1005225,99,44,28,44,32,3.65374755859375,65.5,66.5,7.233
1765483081.3016274,99,44,28,44,32,3.65374755859375,65.5,66.5,7.233
1765483081.5026212,94,14,18,11,10,3.653644561767578,65.5,66.0,6.469
1765483081.7036774,94,14,18,11,10,3.653644561767578,65.5,66.0,6.469
1765483081.9046803,94,14,18,11,10,3.653644561767578,65.5,66.0,6.469
1765483082.1056335,99,14,24,15,57,3.652538299560547,65.5,66.0,7.578
1765483082.3066053,99,14,24,15,57,3.652538299560547,65.5,66.0,7.578
1765483082.5077493,58,11,14,11,15,3.6530227661132812,65.0,66.0,5.345
1765483082.7114074,58,11,14,11,15,3.6530227661132812,65.0,66.0,5.345
1765483082.912519,58,11,14,11,15,3.6530227661132812,65.0,66.0,5.345
1765483083.1134684,99,64,26,25,25,3.6534652709960938,65.5,66.5,7.233
1765483083.3145773,99,64,26,25,25,3.6534652709960938,65.5,66.5,7.233
1765483083.515749,27,14,18,21,10,3.6542091369628906,65.0,66.0,6.2
1765483083.7166998,27,14,18,21,10,3.6542091369628906,65.0,66.0,6.2
1765483083.9177213,27,14,18,21,10,3.6542091369628906,65.0,66.0,6.2
1765483084.1189177,99,16,24,48,15,3.652965545654297,65.5,66.5,7.205
1765483084.3198617,99,16,24,48,15,3.652965545654297,65.5,66.5,7.205
1765483084.5210156,99,17,16,25,28,3.653514862060547,65.0,66.0,6.36
1765483084.72206,99,17,16,25,28,3.653514862060547,65.0,66.0,6.36
1765483084.9230855,99,17,16,25,28,3.653514862060547,65.0,66.0,6.36
1765483085.1242237,99,26,23,57,22,3.6534996032714844,65.5,66.0,7.233
1765483085.3252513,99,26,23,57,22,3.6534996032714844,65.5,66.0,7.233
1765483085.526925,12,17,19,10,12,3.6538124084472656,65.0,66.5,6.429
1765483085.7278717,12,17,19,10,12,3.6538124084472656,65.0,66.5,6.429
1765483085.9289188,12,17,19,10,12,3.6538124084472656,65.0,66.5,6.429
1765483086.1299164,99,16,46,16,22,3.6529273986816406,65.5,66.0,7.085
1765483086.3307896,99,16,46,16,22,3.6529273986816406,65.5,66.0,7.085
1765483086.5320406,99,25,29,30,29,3.6532630920410156,65.5,66.5,7.392
1765483086.7330513,99,25,29,30,29,3.6532630920410156,65.5,66.5,7.392
1765483086.9342222,99,25,29,30,29,3.6532630920410156,65.5,66.5,7.392
1765483087.135231,99,16,16,53,18,3.653247833251953,65.5,66.5,8.002
1765483087.3362083,99,16,16,53,18,3.653247833251953,65.5,66.5,8.002
1765483087.5373921,99,19,15,15,28,3.6531715393066406,65.5,66.0,7.459
1765483087.7383757,99,19,15,15,28,3.6531715393066406,65.5,66.0,7.459
1765483087.939428,99,19,15,15,28,3.6531715393066406,65.5,66.0,7.459
1765483088.1405666,99,18,18,19,32,3.6532630920410156,66.0,66.5,7.578
1765483088.3415656,99,18,18,19,32,3.6532630920410156,66.0,66.5,7.578
1765483088.5425937,99,23,38,22,25,3.6534690856933594,65.5,66.5,7.697
1765483088.74357,99,23,38,22,25,3.6534690856933594,65.5,66.5,7.697
1765483088.9446087,99,23,38,22,25,3.6534690856933594,65.5,66.5,7.697
1765483089.1502736,99,17,35,15,19,3.6543350219726562,65.5,66.5,8.147
1765483089.3513286,99,17,35,15,19,3.6543350219726562,65.5,66.5,8.147
1765483089.5524561,99,19,17,25,35,3.653339385986328,66.0,66.5,8.002
1765483089.7534852,99,19,17,25,35,3.653339385986328,66.0,66.5,8.002
1765483089.9545674,99,19,17,25,35,3.653339385986328,66.0,66.5,8.002
1765483090.1556847,99,21,19,10,32,3.6536407470703125,66.0,66.5,7.777
1765483090.3565881,99,21,19,10,32,3.6536407470703125,66.0,66.5,7.777
1765483090.5576794,99,21,19,10,32,3.6536407470703125,66.0,66.5,7.777
1765483090.758573,99,33,51,30,26,3.6533584594726562,66.0,66.5,8.147
1765483090.959425,99,33,51,30,26,3.6533584594726562,66.0,66.5,8.147
1765483091.1604497,98,15,16,13,9,3.654102325439453,65.5,66.5,7.843
1765483091.361713,98,15,16,13,9,3.654102325439453,65.5,66.5,7.843
1765483091.5627127,98,15,16,13,9,3.654102325439453,65.5,66.5,7.843
1765483091.7638292,99,55,18,25,16,3.6531639099121094,66.0,68.0,8.002
1765483091.964983,99,55,18,25,16,3.6531639099121094,66.0,68.0,8.002
1765483092.1659982,99,19,14,14,12,3.653606414794922,65.5,66.0,7.312
1765483092.3670435,99,19,14,14,12,3.653606414794922,65.5,66.0,7.312
1765483092.5681772,99,19,14,14,12,3.653606414794922,65.5,66.0,7.312
1765483092.769102,99,20,53,36,24,3.6539077758789062,66.0,67.0,8.673
1765483092.970106,99,20,53,36,24,3.6539077758789062,66.0,67.0,8.673
1765483093.1711874,99,9,8,4,6,3.6537704467773438,65.5,66.5,7.777
1765483093.372372,99,9,8,4,6,3.6537704467773438,65.5,66.5,7.777
1765483093.573469,99,9,8,4,6,3.6537704467773438,65.5,66.5,7.777
1765483093.7745326,99,28,25,26,62,3.6528053283691406,66.0,67.0,7.804
1765483093.9755816,99,28,25,26,62,3.6528053283691406,66.0,67.0,7.804
1765483094.1767714,99,18,14,20,18,3.6531600952148438,66.0,66.5,7.233
1765483094.3777153,99,18,14,20,18,3.6531600952148438,66.0,66.5,7.233
1765483094.5787487,99,18,14,20,18,3.6531600952148438,66.0,66.5,7.233
1765483094.779795,99,22,26,62,17,3.653533935546875,66.0,67.5,8.647
1765483094.9809556,99,22,26,62,17,3.653533935546875,66.0,67.5,8.647
1765483095.1819196,98,13,9,4,9,3.6525802612304688,66.0,66.0,6.966
1765483095.3830082,98,13,9,4,9,3.6525802612304688,66.0,66.0,6.966
1765483095.5839868,98,13,9,4,9,3.6525802612304688,66.0,66.0,6.966
1765483095.7849693,99,31,33,30,58,3.6532440185546875,66.0,66.5,7.539
1765483095.9860327,99,31,33,30,58,3.6532440185546875,66.0,66.5,7.539
1765483096.187017,99,14,12,17,16,3.6530075073242188,66.0,66.0,7.006
1765483096.3882167,99,14,12,17,16,3.6530075073242188,66.0,66.0,7.006
1765483096.5892158,99,14,12,17,16,3.6530075073242188,66.0,66.0,7.006
1765483096.79025,99,16,20,17,54,3.6539230346679688,66.0,67.5,7.777
1765483096.9913707,99,16,20,17,54,3.6539230346679688,66.0,67.5,7.777
1765483097.192518,93,20,9,10,10,3.6531219482421875,65.5,66.5,6.049
1765483097.3936737,93,20,9,10,10,3.6531219482421875,65.5,66.5,6.049
1765483097.5947628,93,20,9,10,10,3.6531219482421875,65.5,66.5,6.049
1765483097.7958329,99,27,26,61,32,3.6534767150878906,66.0,66.0,7.085
1765483097.997139,99,27,26,61,32,3.6534767150878906,66.0,66.0,7.085
1765483098.1985312,24,10,23,10,20,3.653472900390625,65.5,66.5,6.049
1765483098.3996391,24,10,23,10,20,3.653472900390625,65.5,66.5,6.049
1765483098.6005921,24,10,23,10,20,3.653472900390625,65.5,66.5,6.049
1765483098.801744,99,21,21,11,51,3.6531448364257812,66.0,66.5,7.233
1765483099.0026646,99,21,21,11,51,3.6531448364257812,66.0,66.5,7.233
1765483099.2041135,98,16,16,18,13,3.653491973876953,65.0,66.0,6.16
1765483099.4051964,98,16,16,18,13,3.653491973876953,65.0,66.0,6.16
1765483099.6061733,98,16,16,18,13,3.653491973876953,65.0,66.0,6.16
1765483099.807046,99,22,24,62,22,3.6533546447753906,65.5,66.5,7.233
1765483100.0080667,99,22,24,62,22,3.6533546447753906,65.5,66.5,7.233
1765483100.2111812,50,15,15,16,11,3.6541366577148438,65.0,66.5,6.089
1765483100.4122882,50,15,15,16,11,3.6541366577148438,65.0,66.5,6.089
1765483100.6133194,50,15,15,16,11,3.6541366577148438,65.0,66.5,6.089
1765483100.8143635,99,18,20,23,48,3.6535606384277344,66.0,66.5,7.125
1765483101.015398,99,18,20,23,48,3.6535606384277344,66.0,66.5,7.125
1765483101.2165565,99,18,20,23,48,3.6535606384277344,66.0,66.5,7.125
1765483101.4176185,99,27,30,20,16,3.6533966064453125,65.5,66.5,7.165
1765483101.6185966,99,27,30,20,16,3.6533966064453125,65.5,66.5,7.165
1765483101.819468,99,17,50,23,21,3.6538314819335938,66.0,67.0,7.962
1765483102.0204694,99,17,50,23,21,3.6538314819335938,66.0,67.0,7.962
1765483102.223816,99,17,50,23,21,3.6538314819335938,66.0,67.0,7.962
1765483102.4250472,99,27,20,11,10,3.6538963317871094,66.0,66.5,7.618
1765483102.625963,99,27,20,11,10,3.6538963317871094,66.0,66.5,7.618
1765483102.8270094,99,20,14,34,22,3.653301239013672,66.0,67.0,7.42
1765483103.0280213,99,20,14,34,22,3.653301239013672,66.0,67.0,7.42
1765483103.2289357,99,20,14,34,22,3.653301239013672,66.0,67.0,7.42
1765483103.4299664,99,33,18,21,34,3.6534194946289062,66.0,67.0,7.816
1765483103.630968,99,33,18,21,34,3.6534194946289062,66.0,67.0,7.816
1765483103.8320832,99,16,34,10,21,3.654590606689453,66.0,67.5,8.226
1765483104.03297,99,16,34,10,21,3.654590606689453,66.0,67.5,8.226
1765483104.2340338,99,16,34,10,21,3.654590606689453,66.0,67.5,8.226
1765483104.435032,99,17,16,41,14,3.6535987854003906,66.0,67.5,7.923
1765483104.6361396,99,17,16,41,14,3.6535987854003906,66.0,67.5,7.923
1765483104.8371632,99,27,22,14,15,3.6537094116210938,65.5,66.5,7.618
1765483105.038116,99,27,22,14,15,3.6537094116210938,65.5,66.5,7.618
1765483105.2390335,99,27,22,14,15,3.6537094116210938,65.5,66.5,7.618
1765483105.4400368,99,43,28,24,24,3.6533470153808594,66.0,67.0,7.962
1765483105.6410418,99,43,28,24,24,3.6533470153808594,66.0,67.0,7.962
1765483105.842149,99,21,10,6,13,3.654102325439453,66.0,66.5,7.764
1765483106.043076,99,21,10,6,13,3.654102325439453,66.0,66.5,7.764
1765483106.2440677,99,21,10,6,13,3.654102325439453,66.0,66.5,7.764
1765483106.4450336,99,22,61,14,16,3.6537017822265625,66.0,66.5,8.081
1765483106.6461337,99,22,61,14,16,3.6537017822265625,66.0,66.5,8.081
1765483106.847226,99,14,23,17,16,3.653553009033203,66.0,67.0,7.165
1765483107.0487254,99,14,23,17,16,3.653553009033203,66.0,67.0,7.165
1765483107.2501469,99,14,23,17,16,3.653553009033203,66.0,67.0,7.165
1765483107.451157,99,20,39,38,38,3.6538162231445312,66.0,67.5,8.647
1765483107.6523218,99,20,39,38,38,3.6538162231445312,66.0,67.5,8.647
1765483107.853438,99,6,6,6,4,3.6532554626464844,66.0,66.5,7.697
1765483108.0546684,99,6,6,6,4,3.6532554626464844,66.0,66.5,7.697
1765483108.25664,99,6,6,6,4,3.6532554626464844,66.0,66.5,7.697
1765483108.4576705,99,67,22,24,22,3.653461456298828,66.0,66.5,7.697
1765483108.6586955,99,67,22,24,22,3.653461456298828,66.0,66.5,7.697
1765483108.8596375,99,17,22,11,16,3.653980255126953,66.0,67.0,7.352
1765483109.0607197,99,17,22,11,16,3.653980255126953,66.0,67.0,7.352
1765483109.2617397,99,17,22,11,16,3.653980255126953,66.0,67.0,7.352
1765483109.4627128,99,18,59,29,21,3.6541976928710938,66.0,67.5,8.712
1765483109.663762,99,18,59,29,21,3.6541976928710938,66.0,67.5,8.712
1765483109.8647137,98,9,6,6,4,3.65380859375,66.0,66.5,6.937
1765483110.065862,98,9,6,6,4,3.65380859375,66.0,66.5,6.937
1765483110.2670588,98,9,6,6,4,3.65380859375,66.0,66.5,6.937
1765483110.4681911,99,28,31,66,18,3.6534767150878906,66.0,67.0,7.777
1765483110.6693363,99,28,31,66,18,3.6534767150878906,66.0,67.0,7.777
1765483110.8701901,98,16,10,10,17,3.654003143310547,66.0,67.0,7.233
1765483111.0713387,98,16,10,10,17,3.654003143310547,66.0,67.0,7.233
1765483111.2725706,98,16,10,10,17,3.654003143310547,66.0,67.0,7.233
1765483111.4734735,99,68,21,18,15,3.6542320251464844,66.0,67.0,7.883
1765483111.6746361,99,68,21,18,15,3.6542320251464844,66.0,67.0,7.883
1765483111.8754568,99,15,8,10,11,3.6532936096191406,66.0,66.5,6.738
1765483112.0765774,99,15,8,10,11,3.6532936096191406,66.0,66.5,6.738
1765483112.2775831,99,15,8,10,11,3.6532936096191406,66.0,66.5,6.738
1765483112.4786432,99,48,25,33,35,3.6534996032714844,66.0,67.0,7.233
1765483112.679772,99,48,25,33,35,3.6534996032714844,66.0,67.0,7.233
1765483112.8807306,99,48,25,33,35,3.6534996032714844,66.0,67.0,7.233
1765483113.0818906,91,13,17,10,12,3.654346466064453,66.0,66.5,6.977
1765483113.282919,91,13,17,10,12,3.654346466064453,66.0,66.5,6.977
1765483113.4841666,99,59,17,18,12,3.6537933349609375,66.0,66.5,7.006
1765483113.6852787,99,59,17,18,12,3.6537933349609375,66.0,66.5,7.006
1765483113.8863223,99,59,17,18,12,3.6537933349609375,66.0,66.5,7.006
1765483114.087486,61,20,14,12,14,3.6536636352539062,65.5,66.0,5.385
1765483114.2885497,61,20,14,12,14,3.6536636352539062,65.5,66.0,5.385
1765483114.4895961,99,59,24,22,31,3.653839111328125,66.0,67.0,7.352
1765483114.6907349,99,59,24,22,31,3.653839111328125,66.0,67.0,7.352
1765483114.8921878,99,59,24,22,31,3.653839111328125,66.0,67.0,7.352
1765483115.0933945,50,12,12,13,13,3.6538619995117188,65.5,67.0,6.549
1765483115.2944582,50,12,12,13,13,3.6538619995117188,65.5,67.0,6.549
1765483115.4959884,99,24,15,54,16,3.6534271240234375,66.0,67.0,7.165
1765483115.6970472,99,24,15,54,16,3.6534271240234375,66.0,67.0,7.165
1765483115.8979223,99,24,15,54,16,3.6534271240234375,66.0,67.0,7.165
1765483116.099026,99,26,15,12,14,3.654041290283203,65.5,66.0,5.537
1765483116.3002524,99,26,15,12,14,3.654041290283203,65.5,66.0,5.537
1765483116.5015182,99,23,59,29,22,3.654205322265625,66.0,67.0,7.471
1765483116.7026348,99,23,59,29,22,3.654205322265625,66.0,67.0,7.471
1765483116.9036188,99,23,59,29,22,3.654205322265625,66.0,67.0,7.471
1765483117.104767,67,13,16,9,10,3.6542930603027344,65.5,67.0,6.509
1765483117.3058105,67,13,16,9,10,3.6542930603027344,65.5,67.0,6.509
1765483117.5070028,99,20,25,20,44,3.6534500122070312,66.0,67.0,7.312
1765483117.7080986,99,20,25,20,44,3.6534500122070312,66.0,67.0,7.312
1765483117.9092214,99,20,25,20,44,3.6534500122070312,66.0,67.0,7.312
1765483118.1102188,99,24,27,18,24,3.6541671752929688,65.5,67.5,7.551
1765483118.3113432,99,24,27,18,24,3.6541671752929688,65.5,67.5,7.551
1765483118.512317,99,17,14,20,43,3.6551132202148438,66.0,67.5,8.147
1765483118.713394,99,17,14,20,43,3.6551132202148438,66.0,67.5,8.147
1765483118.9143121,99,17,14,20,43,3.6551132202148438,66.0,67.5,8.147
1765483119.1153734,99,19,22,12,19,3.653759002685547,66.0,67.0,7.578
1765483119.3164935,99,19,22,12,19,3.653759002685547,66.0,67.0,7.578
1765483119.5175138,99,30,36,14,15,3.654071807861328,66.0,67.0,7.777
1765483119.7185106,99,30,36,14,15,3.654071807861328,66.0,67.0,7.777
1765483119.919486,99,30,36,14,15,3.654071807861328,66.0,67.0,7.777
1765483120.1206408,99,28,33,22,36,3.6540985107421875,66.0,66.5,7.883
1765483120.321555,99,28,33,22,36,3.6540985107421875,66.0,66.5,7.883
1765483120.5225155,99,8,34,11,11,3.6547012329101562,66.0,67.0,8.068
1765483120.7233958,99,8,34,11,11,3.6547012329101562,66.0,67.0,8.068
1765483120.9245746,99,8,34,11,11,3.6547012329101562,66.0,67.0,8.068
1765483121.125661,99,23,18,42,14,3.6542282104492188,66.0,68.0,7.777
1765483121.3265676,99,23,18,42,14,3.6542282104492188,66.0,68.0,7.777
1765483121.5274696,99,20,18,33,11,3.6540870666503906,66.0,67.0,7.697
1765483121.7283695,99,20,18,33,11,3.6540870666503906,66.0,67.0,7.697
1765483121.9294918,99,20,18,33,11,3.6540870666503906,66.0,67.0,7.697
1765483122.1305578,99,29,37,22,30,3.654460906982422,66.0,67.5,8.266
1765483122.3316813,99,29,37,22,30,3.654460906982422,66.0,67.5,8.266
1765483122.5327573,98,12,6,6,14,3.653972625732422,66.5,66.5,7.233
1765483122.7337327,98,12,6,6,14,3.653972625732422,66.5,66.5,7.233
1765483122.934973,98,12,6,6,14,3.653972625732422,66.5,66.5,7.233
1765483123.1360407,99,25,20,27,58,3.6539764404296875,66.0,67.0,8.147
1765483123.3372264,99,25,20,27,58,3.6539764404296875,66.0,67.0,8.147
1765483123.5382552,99,18,14,10,16,3.6541748046875,66.5,67.0,7.273
1765483123.7391858,99,18,14,10,16,3.6541748046875,66.5,67.0,7.273
1765483123.9402435,99,18,14,10,16,3.6541748046875,66.5,67.0,7.273
1765483124.1412175,98,41,30,37,36,3.6544837951660156,66.0,67.5,8.752
1765483124.3422594,98,41,30,37,36,3.6544837951660156,66.0,67.5,8.752
1765483124.543181,98,41,30,37,36,3.6544837951660156,66.0,67.5,8.752
1765483124.7441823,99,15,10,8,4,3.6536407470703125,66.0,66.5,7.658
1765483124.945126,99,15,10,8,4,3.6536407470703125,66.0,66.5,7.658
1765483125.1461701,99,20,30,29,65,3.6536865234375,66.0,67.5,7.962
1765483125.3472912,99,20,30,29,65,3.6536865234375,66.0,67.5,7.962
1765483125.548474,99,20,30,29,65,3.6536865234375,66.0,67.5,7.962
1765483125.7495198,99,16,18,11,12,3.6541099548339844,66.0,66.5,7.511
1765483125.9505818,99,16,18,11,12,3.6541099548339844,66.0,66.5,7.511
1765483126.1522021,99,14,64,15,17,3.6545257568359375,66.0,67.0,8.305
1765483126.3532193,99,14,64,15,17,3.6545257568359375,66.0,67.0,8.305
1765483126.5541983,99,14,64,15,17,3.6545257568359375,66.0,67.0,8.305
1765483126.7553904,98,16,15,10,16,3.653900146484375,66.0,66.5,7.006
1765483126.9565449,98,16,15,10,16,3.653900146484375,66.0,66.5,7.006
1765483127.1575713,99,29,47,41,26,3.6539459228515625,66.0,67.0,7.539
1765483127.3586564,99,29,47,41,26,3.6539459228515625,66.0,67.0,7.539
1765483127.5597074,99,29,47,41,26,3.6539459228515625,66.0,67.0,7.539
1765483127.760815,99,19,19,12,12,3.654315948486328,66.0,67.0,7.578
1765483127.9618092,99,19,19,12,12,3.654315948486328,66.0,67.0,7.578
1765483128.1627738,99,30,50,10,15,3.6540298461914062,66.0,67.0,7.471
1765483128.3637524,99,30,50,10,15,3.6540298461914062,66.0,67.0,7.471
1765483128.5645392,99,30,50,10,15,3.6540298461914062,66.0,67.0,7.471
1765483128.7656927,99,12,18,14,10,3.6541061401367188,65.5,66.5,5.738
1765483128.9668162,99,12,18,14,10,3.6541061401367188,65.5,66.5,5.738
1765483129.1677423,99,26,22,30,57,3.6540908813476562,66.0,67.0,7.245
1765483129.3687644,99,26,22,30,57,3.6540908813476562,66.0,67.0,7.245
1765483129.5697513,99,26,22,30,57,3.6540908813476562,66.0,67.0,7.245
1765483129.7709346,23,11,17,15,7,3.6545677185058594,66.0,67.0,6.089
1765483129.9720438,23,11,17,15,7,3.6545677185058594,66.0,67.0,6.089
1765483130.173032,99,16,58,20,20,3.6535873413085938,66.5,67.0,7.245
1765483130.374053,99,16,58,20,20,3.6535873413085938,66.5,67.0,7.245
1765483130.5749164,99,16,58,20,20,3.6535873413085938,66.5,67.0,7.245
1765483130.7758317,84,14,20,10,15,3.6540069580078125,65.5,66.5,5.617
1765483130.977134,84,14,20,10,15,3.6540069580078125,65.5,66.5,5.617
1765483131.1781788,99,30,20,20,57,3.654216766357422,66.0,67.0,7.618
1765483131.37917,99,30,20,20,57,3.654216766357422,66.0,67.0,7.618
1765483131.580151,99,30,20,20,57,3.654216766357422,66.0,67.0,7.618
1765483131.7812834,99,4,14,9,5,3.6539573669433594,65.5,66.5,6.129
1765483131.982293,99,4,14,9,5,3.6539573669433594,65.5,66.5,6.129
1765483132.1834242,99,28,28,52,24,3.6540756225585938,66.5,66.5,7.085
1765483132.3848414,99,28,28,52,24,3.6540756225585938,66.5,66.5,7.085
1765483132.585863,99,28,28,52,24,3.6540756225585938,66.5,66.5,7.085
1765483132.7869928,5,28,21,10,25,3.6538963317871094,65.5,66.5,6.08
1765483132.987895,5,28,21,10,25,3.6538963317871094,65.5,66.5,6.08
1765483133.1888578,99,14,21,21,57,3.6548004150390625,66.0,67.0,7.843
1765483133.3898866,99,14,21,21,57,3.6548004150390625,66.0,67.0,7.843
1765483133.5908418,99,14,21,21,57,3.6548004150390625,66.0,67.0,7.843
1765483133.792069,99,26,12,12,16,3.6541595458984375,65.5,66.5,7.432
1765483133.9931307,99,26,12,12,16,3.6541595458984375,65.5,66.5,7.432
1765483134.1943042,99,34,26,25,16,3.6538619995117188,66.5,67.0,7.578
1765483134.3954308,99,34,26,25,16,3.6538619995117188,66.5,67.0,7.578
1765483134.599157,99,34,26,25,16,3.6538619995117188,66.5,67.0,7.578
1765483134.800276,99,30,20,23,30,3.6538047790527344,66.0,67.0,7.578
1765483135.0011814,99,30,20,23,30,3.6538047790527344,66.0,67.0,7.578
1765483135.2023275,99,30,20,23,30,3.6538047790527344,66.0,67.0,7.578
1765483135.4034338,99,11,14,10,38,3.6547508239746094,66.5,67.0,8.226
1765483135.6061149,99,11,14,10,38,3.6547508239746094,66.5,67.0,8.226
1765483135.807283,99,38,22,14,19,3.653778076171875,66.0,67.0,7.697
1765483136.0085516,99,38,22,14,19,3.653778076171875,66.0,67.0,7.697
1765483136.209506,99,38,22,14,19,3.653778076171875,66.0,67.0,7.697
1765483136.410585,99,37,17,19,16,3.6538963317871094,66.5,67.0,7.499
1765483136.6133962,99,37,17,19,16,3.6538963317871094,66.5,67.0,7.499
1765483136.8144188,99,17,28,28,35,3.654644012451172,66.5,67.5,8.331
1765483137.0154386,99,17,28,28,35,3.654644012451172,66.5,67.5,8.331
1765483137.2165911,99,17,28,28,35,3.654644012451172,66.5,67.5,8.331
1765483137.4175858,99,23,13,10,13,3.653278350830078,66.5,67.0,7.737
1765483137.618666,99,23,13,10,13,3.653278350830078,66.5,67.0,7.737
1765483137.820226,99,24,27,51,23,3.6542701721191406,66.0,68.0,7.923
1765483138.021137,99,24,27,51,23,3.6542701721191406,66.0,68.0,7.923
1765483138.2221773,99,24,27,51,23,3.6542701721191406,66.0,68.0,7.923
1765483138.4231038,98,17,14,26,16,3.6543006896972656,66.5,67.0,7.352
1765483138.6243026,98,17,14,26,16,3.6543006896972656,66.5,67.0,7.352
1765483138.8256092,99,25,24,22,47,3.65447998046875,66.0,67.5,8.752
1765483139.0266354,99,25,24,22,47,3.65447998046875,66.0,67.5,8.752
1765483139.2277868,99,25,24,22,47,3.65447998046875,66.0,67.5,8.752
1765483139.4287913,99,12,8,11,11,3.654094696044922,66.0,67.0,7.312
1765483139.6298764,99,12,8,11,11,3.654094696044922,66.0,67.0,7.312
1765483139.830949,99,25,30,64,18,3.654193878173828,66.5,67.5,8.042
1765483140.0321107,99,25,30,64,18,3.654193878173828,66.5,67.5,8.042
1765483140.2332065,99,25,30,64,18,3.654193878173828,66.5,67.5,8.042
1765483140.434211,99,16,20,15,20,3.653766632080078,66.5,67.0,7.962
1765483140.6351244,99,16,20,15,20,3.653766632080078,66.5,67.0,7.962
1765483140.83606,99,25,55,17,24,3.6543235778808594,66.5,67.5,8.489
1765483141.03719,99,25,55,17,24,3.6543235778808594,66.5,67.5,8.489
1765483141.238183,99,25,55,17,24,3.6543235778808594,66.5,67.5,8.489
1765483141.439216,99,15,13,9,8,3.65411376953125,66.0,67.0,7.165
1765483141.6407053,99,15,13,9,8,3.65411376953125,66.0,67.0,7.165
1765483141.8420136,99,38,19,37,41,3.653583526611328,66.5,67.0,7.856
1765483142.043047,99,38,19,37,41,3.653583526611328,66.5,67.0,7.856
1765483142.244224,99,38,19,37,41,3.653583526611328,66.5,67.0,7.856
1765483142.445389,99,10,12,10,16,3.6544113159179688,66.0,67.5,7.804
1765483142.646331,99,10,12,10,16,3.6544113159179688,66.0,67.5,7.804
1765483142.8474832,99,58,15,14,21,3.6539955139160156,66.5,67.0,7.233
1765483143.0485237,99,58,15,14,21,3.6539955139160156,66.5,67.0,7.233
1765483143.2495987,99,58,15,14,21,3.6539955139160156,66.5,67.0,7.233
1765483143.4507387,97,23,16,10,11,3.6503753662109375,66.0,66.5,6.469
1765483143.6518054,97,23,16,10,11,3.6503753662109375,66.0,66.5,6.469
1765483143.8536282,99,33,20,30,58,3.6538162231445312,66.5,67.0,7.273
1765483144.0547724,99,33,20,30,58,3.6538162231445312,66.5,67.0,7.273
1765483144.2558823,99,33,20,30,58,3.6538162231445312,66.5,67.0,7.273
1765483144.4570403,99,13,8,10,8,3.654644012451172,66.0,67.0,6.32
1765483144.6581178,99,13,8,10,8,3.654644012451172,66.0,67.0,6.32
1765483144.8589976,99,21,21,30,56,3.6540069580078125,66.0,67.0,7.085
1765483145.0600502,99,21,21,30,56,3.6540069580078125,66.0,67.0,7.085
1765483145.261076,99,21,21,30,56,3.6540069580078125,66.0,67.0,7.085
1765483145.4622405,39,17,22,8,22,3.653972625732422,66.0,66.5,5.929
1765483145.6633646,39,17,22,8,22,3.653972625732422,66.0,66.5,5.929
1765483145.8643324,99,26,60,20,30,3.6541213989257812,66.5,67.0,7.658
1765483146.065328,99,26,60,20,30,3.6541213989257812,66.5,67.0,7.658
1765483146.2662208,99,26,60,20,30,3.6541213989257812,66.5,67.0,7.658
1765483146.467183,99,14,8,7,4,3.6543006896972656,66.0,67.0,6.12
1765483146.6682773,99,14,8,7,4,3.6543006896972656,66.0,67.0,6.12
1765483146.8692236,99,14,8,7,4,3.6543006896972656,66.0,67.0,6.12
1765483147.0704145,99,26,48,22,30,3.6541671752929688,66.5,67.0,7.085
1765483147.2713945,99,26,48,22,30,3.6541671752929688,66.5,67.0,7.085
1765483147.4727926,31,30,22,10,18,3.6538658142089844,65.5,67.5,6.12
1765483147.6739357,31,30,22,10,18,3.6538658142089844,65.5,67.5,6.12
1765483147.8749423,31,30,22,10,18,3.6538658142089844,65.5,67.5,6.12
1765483148.0762043,99,20,21,15,56,3.6552047729492188,66.5,67.0,7.962
1765483148.2772043,99,20,21,15,56,3.6552047729492188,66.5,67.0,7.962
1765483148.4784963,99,20,21,11,21,3.6539878845214844,66.0,67.0,7.432
1765483148.6793678,99,20,21,11,21,3.6539878845214844,66.0,67.0,7.432
1765483148.880424,99,20,21,11,21,3.6539878845214844,66.0,67.0,7.432
1765483149.0815434,99,25,39,17,21,3.6544151306152344,66.0,67.5,7.578
1765483149.2830372,99,25,39,17,21,3.6544151306152344,66.0,67.5,7.578
1765483149.4842405,99,23,22,41,22,3.6537818908691406,66.0,68.0,7.658
1765483149.6853192,99,23,22,41,22,3.6537818908691406,66.0,68.0,7.658
1765483149.8864088,99,23,22,41,22,3.6537818908691406,66.0,68.0,7.658
1765483150.0874882,99,12,6,36,8,3.654773712158203,66.0,67.5,8.226
1765483150.2885141,99,12,6,36,8,3.654773712158203,66.0,67.5,8.226
1765483150.4895806,99,34,24,12,20,3.6539840698242188,66.0,67.0,7.658
1765483150.6906068,99,34,24,12,20,3.6539840698242188,66.0,67.0,7.658
1765483150.891678,99,34,24,12,20,3.6539840698242188,66.0,67.0,7.658
1765483151.0926466,99,37,18,16,10,3.654193878173828,66.5,67.5,7.539
1765483151.2939894,99,37,18,16,10,3.654193878173828,66.5,67.5,7.539
1765483151.4950104,99,36,24,21,30,3.655017852783203,66.5,67.5,8.331
1765483151.6961002,99,36,24,21,30,3.655017852783203,66.5,67.5,8.331
1765483151.8971968,99,36,24,21,30,3.655017852783203,66.5,67.5,8.331
1765483152.0982382,99,22,8,4,11,3.654102325439453,66.5,67.5,7.658
1765483152.2993937,99,22,8,4,11,3.654102325439453,66.5,67.5,7.658
1765483152.5005612,98,25,29,18,52,3.6543350219726562,66.5,67.5,7.843
1765483152.7016034,98,25,29,18,52,3.6543350219726562,66.5,67.5,7.843
1765483152.9026613,98,25,29,18,52,3.6543350219726562,66.5,67.5,7.843
1765483153.1038473,98,23,18,19,22,3.6537742614746094,66.5,67.5,7.511
1765483153.3051052,98,23,18,19,22,3.6537742614746094,66.5,67.5,7.511
1765483153.5062566,99,33,23,57,26,3.6536636352539062,66.5,68.5,8.712
1765483153.7072957,99,33,23,57,26,3.6536636352539062,66.5,68.5,8.712
1765483153.9084358,99,33,23,57,26,3.6536636352539062,66.5,68.5,8.712
1765483154.109382,99,15,14,8,14,3.653636932373047,66.5,67.0,8.002
1765483154.310471,99,15,14,8,14,3.653636932373047,66.5,67.0,8.002
1765483154.5115685,99,64,30,16,29,3.653881072998047,66.0,67.5,8.042
1765483154.7125142,99,64,30,16,29,3.653881072998047,66.0,67.5,8.042
1765483154.9134426,99,64,30,16,29,3.653881072998047,66.0,67.5,8.042
1765483155.1143224,99,21,10,19,12,3.654144287109375,66.5,67.5,7.962
1765483155.3156915,99,21,10,19,12,3.654144287109375,66.5,67.5,7.962
1765483155.5175774,99,58,17,14,20,3.6545181274414062,66.5,67.5,8.489
1765483155.7185817,99,58,17,14,20,3.6545181274414062,66.5,67.5,8.489
1765483155.9196532,99,58,17,14,20,3.6545181274414062,66.5,67.5,8.489
1765483156.120619,99,17,10,8,8,3.653881072998047,66.5,67.0,7.125
1765483156.3216503,99,17,10,8,8,3.653881072998047,66.5,67.0,7.125
1765483156.5225732,99,17,10,8,8,3.653881072998047,66.5,67.0,7.125
1765483156.7235591,99,52,41,23,28,3.6538925170898438,66.5,68.0,7.883
1765483156.9248796,99,52,41,23,28,3.6538925170898438,66.5,68.0,7.883
1765483157.1258223,99,18,12,10,8,3.6537132263183594,67.0,67.5,7.737
1765483157.3268318,99,18,12,10,8,3.6537132263183594,67.0,67.5,7.737
1765483157.5281348,99,18,12,10,8,3.6537132263183594,67.0,67.5,7.737
1765483157.7291114,99,14,18,46,16,3.653278350830078,66.5,67.5,7.312
1765483157.9300423,99,14,18,46,16,3.653278350830078,66.5,67.5,7.312
1765483158.130996,99,8,12,15,10,3.654010772705078,66.0,67.5,6.738
1765483158.332205,99,8,12,15,10,3.654010772705078,66.0,67.5,6.738
1765483158.5331604,99,8,12,15,10,3.654010772705078,66.0,67.5,6.738
1765483158.7343445,99,22,24,28,64,3.653514862060547,66.5,67.5,7.392
1765483158.9353304,99,22,24,28,64,3.653514862060547,66.5,67.5,7.392
1765483159.136385,92,16,8,15,4,3.6552467346191406,66.5,67.0,6.589
1765483159.3375971,92,16,8,15,4,3.6552467346191406,66.5,67.0,6.589
1765483159.5386477,92,16,8,15,4,3.6552467346191406,66.5,67.0,6.589
1765483159.74002,99,19,64,19,19,3.654094696044922,66.0,67.0,7.165
1765483159.940914,99,19,64,19,19,3.654094696044922,66.0,67.0,7.165
1765483160.1420822,70,16,17,16,14,3.6543502807617188,66.0,67.0,5.385
1765483160.3432827,70,16,17,16,14,3.6543502807617188,66.0,67.0,5.385
1765483160.5443938,70,16,17,16,14,3.6543502807617188,66.0,67.0,5.385
1765483160.7453883,99,26,19,63,23,3.654102325439453,67.0,67.5,7.658
1765483160.946385,99,26,19,63,23,3.654102325439453,67.0,67.5,7.658
1765483161.1514359,99,15,7,4,4,3.654327392578125,66.0,67.0,6.4
1765483161.352554,99,15,7,4,4,3.654327392578125,66.0,67.0,6.4
1765483161.5535462,99,15,7,4,4,3.654327392578125,66.0,67.0,6.4
1765483161.754927,99,45,33,25,26,3.654205322265625,66.5,67.5,7.205
1765483161.955894,99,45,33,25,26,3.654205322265625,66.5,67.5,7.205
1765483162.1570685,0,10,22,20,17,3.654205322265625,66.0,67.0,5.658
1765483162.358062,0,10,22,20,17,3.654205322265625,66.0,67.0,5.658
1765483162.5588446,0,10,22,20,17,3.654205322265625,66.0,67.0,5.658
1765483162.7599823,99,22,23,55,22,3.654857635498047,66.5,67.5,7.883
1765483162.96085,99,22,23,55,22,3.654857635498047,66.5,67.5,7.883
1765483163.161987,99,14,18,10,12,3.6539649963378906,66.0,67.0,7.245
1765483163.363501,99,14,18,10,12,3.6539649963378906,66.0,67.0,7.245
1765483163.5645757,99,14,18,10,12,3.6539649963378906,66.0,67.0,7.245
1765483163.7655034,99,24,46,18,17,3.6541061401367188,66.5,67.5,7.658
1765483163.9664612,99,24,46,18,17,3.6541061401367188,66.5,67.5,7.658
1765483164.1676502,99,25,22,37,19,3.654193878173828,66.0,68.0,7.618
1765483164.3686113,99,25,22,37,19,3.654193878173828,66.0,68.0,7.618
1765483164.5697556,99,25,22,37,19,3.654193878173828,66.0,68.0,7.618
1765483164.770942,99,14,12,36,8,3.6548500061035156,66.5,67.5,8.068
1765483164.9724364,99,14,12,36,8,3.6548500061035156,66.5,67.5,8.068
1765483165.1734169,99,36,16,14,18,3.6542129516601562,66.0,67.5,7.658
1765483165.3743746,99,36,16,14,18,3.6542129516601562,66.0,67.5,7.658
1765483165.5753725,99,36,16,14,18,3.6542129516601562,66.0,67.5,7.658
1765483165.7764595,98,39,23,15,12,3.653839111328125,66.5,67.5,7.499
1765483165.9773736,98,39,23,15,12,3.653839111328125,66.5,67.5,7.499
1765483166.1783013,99,25,29,36,25,3.654491424560547,66.5,68.0,8.331
1765483166.3792636,99,25,29,36,25,3.654491424560547,66.5,68.0,8.331
1765483166.5804656,99,25,29,36,25,3.654491424560547,66.5,68.0,8.331
1765483166.7821276,99,15,7,23,6,3.6536598205566406,66.5,67.0,7.737
1765483166.983253,99,15,7,23,6,3.6536598205566406,66.5,67.0,7.737
1765483167.1843367,99,30,24,51,18,3.6540184020996094,67.0,68.5,7.883
1765483167.3854978,99,30,24,51,18,3.6540184020996094,67.0,68.5,7.883
1765483167.5866234,99,30,24,51,18,3.6540184020996094,67.0,68.5,7.883
1765483167.787714,98,12,20,25,16,3.654064178466797,66.5,67.5,7.352
1765483167.9886856,98,12,20,25,16,3.654064178466797,66.5,67.5,7.352
1765483168.1900244,98,12,20,25,16,3.654064178466797,66.5,67.5,7.352
1765483168.3910363,99,31,28,46,21,3.6550559997558594,66.5,68.0,8.529
1765483168.5921273,99,31,28,46,21,3.6550559997558594,66.5,68.0,8.529
1765483168.7936137,99,11,6,9,7,3.6543006896972656,66.5,67.0,7.352
1765483168.9947748,99,11,6,9,7,3.6543006896972656,66.5,67.0,7.352
1765483169.195795,99,11,6,9,7,3.6543006896972656,66.5,67.0,7.352
1765483169.3968115,99,62,25,16,35,3.6544647216796875,66.5,67.5,8.068
1765483169.5978541,99,62,25,16,35,3.6544647216796875,66.5,67.5,8.068
1765483169.7987561,99,19,15,12,18,3.6545333862304688,66.5,67.5,7.883
1765483169.999904,99,19,15,12,18,3.6545333862304688,66.5,67.5,7.883
1765483170.2015038,99,19,15,12,18,3.6545333862304688,66.5,67.5,7.883
1765483170.402417,99,16,28,17,58,3.654693603515625,66.5,68.0,8.529
1765483170.6033375,99,16,28,17,58,3.654693603515625,66.5,68.0,8.529
1765483170.8042395,99,10,15,11,10,3.654338836669922,66.5,67.5,7.233
1765483171.0051446,99,10,15,11,10,3.654338836669922,66.5,67.5,7.233
1765483171.2061954,99,10,15,11,10,3.654338836669922,66.5,67.5,7.233
1765483171.4072087,99,42,37,38,27,3.6538314819335938,66.5,68.0,7.923
1765483171.6085427,99,42,37,38,27,3.6538314819335938,66.5,68.0,7.923
1765483171.8095198,99,17,14,12,12,3.6545791625976562,66.5,68.0,7.804
1765483172.0104225,99,17,14,12,12,3.6545791625976562,66.5,68.0,7.804
1765483172.211648,99,17,14,12,12,3.6545791625976562,66.5,68.0,7.804
1765483172.4127226,99,14,26,14,49,3.6540870666503906,66.5,68.5,7.737
1765483172.6138713,99,14,26,14,49,3.6540870666503906,66.5,68.5,7.737
1765483172.8148823,99,16,12,14,12,3.654216766357422,66.5,67.5,6.738
1765483173.015849,99,16,12,14,12,3.654216766357422,66.5,67.5,6.738
1765483173.2168524,99,16,12,14,12,3.654216766357422,66.5,67.5,6.738
1765483173.4179568,99,57,23,30,27,3.654541015625,67.0,67.5,7.539
1765483173.6189115,99,57,23,30,27,3.654541015625,67.0,67.5,7.539
1765483173.8199794,98,13,11,11,7,3.6551475524902344,66.0,67.5,6.669
1765483174.0212536,98,13,11,11,7,3.6551475524902344,66.0,67.5,6.669
1765483174.2223248,98,13,11,11,7,3.6551475524902344,66.0,67.5,6.669
1765483174.423492,99,58,16,19,22,3.6542320251464844,66.5,67.5,7.085
1765483174.624598,99,58,16,19,22,3.6542320251464844,66.5,67.5,7.085
1765483174.8257337,38,18,13,12,22,3.6542892456054688,66.0,67.0,5.617
1765483175.0268366,38,18,13,12,22,3.6542892456054688,66.0,67.0,5.617
1765483175.2278373,38,18,13,12,22,3.6542892456054688,66.0,67.0,5.617
1765483175.4288716,99,26,60,26,25,3.653919219970703,66.5,67.5,7.618
1765483175.6299832,99,26,60,26,25,3.653919219970703,66.5,67.5,7.618
1765483175.8312025,99,8,8,11,8,3.654083251953125,66.0,67.5,6.16
1765483176.032345,99,8,8,11,8,3.654083251953125,66.0,67.5,6.16
1765483176.2333694,99,8,8,11,8,3.654083251953125,66.0,67.5,6.16
1765483176.4344456,99,22,48,26,24,3.654125213623047,66.0,67.5,7.165
1765483176.6354046,99,22,48,26,24,3.654125213623047,66.0,67.5,7.165
1765483176.836715,74,20,18,10,24,3.6543655395507812,66.0,67.5,6.2
1765483177.0376804,74,20,18,10,24,3.6543655395507812,66.0,67.5,6.2
1765483177.2386181,74,20,18,10,24,3.6543655395507812,66.0,67.5,6.2
1765483177.439657,99,17,24,23,51,3.6550216674804688,66.5,67.5,8.068
1765483177.6406298,99,17,24,23,51,3.6550216674804688,66.5,67.5,8.068
1765483177.8417873,99,25,19,10,11,3.6544151306152344,66.5,67.5,7.352
1765483178.0432465,99,25,19,10,11,3.6544151306152344,66.5,67.5,7.352
1765483178.2442875,99,25,19,10,11,3.6544151306152344,66.5,67.5,7.352
1765483178.4453604,99,37,14,25,18,3.6544113159179688,66.5,67.5,7.511
1765483178.646346,99,37,14,25,18,3.6544113159179688,66.5,67.5,7.511
1765483178.8480108,99,22,32,26,20,3.6540298461914062,66.5,68.0,7.432
1765483179.04905,99,22,32,26,20,3.6540298461914062,66.5,68.0,7.432
1765483179.2500107,99,22,32,26,20,3.6540298461914062,66.5,68.0,7.432
1765483179.4510279,99,10,10,18,37,3.655010223388672,66.5,68.5,8.292
1765483179.652107,99,10,10,18,37,3.655010223388672,66.5,68.5,8.292
1765483179.853283,99,10,10,18,37,3.655010223388672,66.5,68.5,8.292
1765483180.054247,99,12,20,41,23,3.6536636352539062,66.5,68.5,7.737
1765483180.2552488,99,12,20,41,23,3.6536636352539062,66.5,68.5,7.737
1765483180.4564157,98,20,12,39,8,3.654399871826172,66.5,67.5,7.499
1765483180.657674,98,20,12,39,8,3.654399871826172,66.5,67.5,7.499
1765483180.8587801,98,20,12,39,8,3.654399871826172,66.5,67.5,7.499
1765483181.0596893,99,25,29,20,39,3.6546249389648438,66.5,68.0,8.371
1765483181.260739,99,25,29,20,39,3.6546249389648438,66.5,68.0,8.371
1765483181.4619172,99,6,8,9,20,3.6544876098632812,66.5,68.0,7.764
1765483181.663002,99,6,8,9,20,3.6544876098632812,66.5,68.0,7.764
1765483181.868648,99,6,8,9,20,3.6544876098632812,66.5,68.0,7.764
1765483182.0696497,99,23,53,18,27,3.6545448303222656,66.5,67.5,7.923
1765483182.2706878,99,23,53,18,27,3.6545448303222656,66.5,67.5,7.923
1765483182.4716723,98,14,26,14,14,3.654621124267578,66.5,67.5,7.312
1765483182.6725447,98,14,26,14,14,3.654621124267578,66.5,67.5,7.312
1765483182.8736827,98,14,26,14,14,3.654621124267578,66.5,67.5,7.312
1765483183.0746622,99,23,30,44,16,3.6550216674804688,66.5,68.5,8.712
1765483183.2756186,99,23,30,44,16,3.6550216674804688,66.5,68.5,8.712
1765483183.4765172,99,15,9,6,8,3.6540298461914062,66.5,67.0,7.352
1765483183.6796756,99,15,9,6,8,3.6540298461914062,66.5,67.0,7.352
1765483183.8807406,99,15,9,6,8,3.6540298461914062,66.5,67.0,7.352
1765483184.0819876,98,28,28,63,16,3.65435791015625,67.0,68.0,8.042
1765483184.2829826,98,28,28,63,16,3.65435791015625,67.0,68.0,8.042
1765483184.4840348,99,18,14,24,18,3.6540451049804688,67.0,67.5,7.816
1765483184.6873765,99,18,14,24,18,3.6540451049804688,67.0,67.5,7.816
1765483184.888661,99,18,14,24,18,3.6540451049804688,67.0,67.5,7.816
1765483185.089935,99,18,18,60,17,3.6548728942871094,67.0,68.5,8.489
1765483185.2910233,99,18,18,60,17,3.6548728942871094,67.0,68.5,8.489
1765483185.4920566,99,10,10,15,12,3.6541481018066406,66.5,67.5,7.392
1765483185.6932333,99,10,10,15,12,3.6541481018066406,66.5,67.5,7.392
1765483185.8942416,99,10,10,15,12,3.6541481018066406,66.5,67.5,7.392
1765483186.0951993,99,30,27,55,32,3.6540184020996094,66.5,68.0,8.002
1765483186.2963176,99,30,27,55,32,3.6540184020996094,66.5,68.0,8.002
1765483186.4972737,98,12,23,13,11,3.654460906982422,66.5,67.5,7.578
1765483186.698352,98,12,23,13,11,3.654460906982422,66.5,67.5,7.578
1765483186.8993478,98,12,23,13,11,3.654460906982422,66.5,67.5,7.578
1765483187.1006896,99,12,59,17,13,3.654266357421875,66.5,68.0,7.658
1765483187.3016374,99,12,59,17,13,3.654266357421875,66.5,68.0,7.658
1765483187.5026305,99,10,17,17,8,3.6541099548339844,66.5,67.5,6.857
1765483187.7037816,99,10,17,17,8,3.6541099548339844,66.5,67.5,6.857
1765483187.9048052,99,10,17,17,8,3.6541099548339844,66.5,67.5,6.857
1765483188.1058671,99,32,54,26,24,3.6540985107421875,67.0,68.0,7.432
1765483188.3070428,99,32,54,26,24,3.6540985107421875,67.0,68.0,7.432
1765483188.5081418,99,10,8,11,11,3.655029296875,66.5,67.5,6.549
1765483188.7092113,99,10,8,11,11,3.655029296875,66.5,67.5,6.549
1765483188.9102626,99,10,8,11,11,3.655029296875,66.5,67.5,6.549
1765483189.1112971,99,64,20,18,16,3.6542892456054688,66.5,68.0,7.165
1765483189.312488,99,64,20,18,16,3.6542892456054688,66.5,68.0,7.165
1765483189.5133922,52,18,19,17,15,3.654376983642578,66.5,67.5,5.577
1765483189.714504,52,18,19,17,15,3.654376983642578,66.5,67.5,5.577
1765483189.9154935,52,18,19,17,15,3.654376983642578,66.5,67.5,5.577
1765483190.1166887,99,20,64,26,20,3.653827667236328,67.0,67.5,7.697
1765483190.3177707,99,20,64,26,20,3.653827667236328,67.0,67.5,7.697
1765483190.5187912,99,20,64,26,20,3.653827667236328,67.0,67.5,7.697
1765483190.720124,99,7,16,6,8,3.654560089111328,66.0,67.5,6.32
1765483190.9211006,99,7,16,6,8,3.654560089111328,66.0,67.5,6.32
1765483191.1221611,99,26,24,21,54,3.6539649963378906,66.5,68.0,7.205
1765483191.3232045,99,26,24,21,54,3.6539649963378906,66.5,68.0,7.205
1765483191.524664,99,26,24,21,54,3.6539649963378906,66.5,68.0,7.205
1765483191.7258291,12,12,28,13,16,3.654346466064453,66.0,67.5,6.049
1765483191.9268055,12,12,28,13,16,3.654346466064453,66.0,67.5,6.049
1765483192.1279056,99,23,21,23,59,3.6550827026367188,67.0,68.0,7.883
1765483192.3290403,99,23,21,23,59,3.6550827026367188,67.0,68.0,7.883
1765483192.5300457,99,23,21,23,59,3.6550827026367188,67.0,68.0,7.883
1765483192.7311378,99,15,25,16,18,3.6544570922851562,66.5,68.0,7.471
1765483192.9321103,99,15,25,16,18,3.6544570922851562,66.5,68.0,7.471
1765483193.133217,99,20,15,43,14,3.6540298461914062,66.5,68.0,7.551
1765483193.334243,99,20,15,43,14,3.6540298461914062,66.5,68.0,7.551
1765483193.5353384,99,20,15,43,14,3.6540298461914062,66.5,68.0,7.551
1765483193.7364995,99,26,30,29,25,3.65423583984375,67.0,68.5,7.618
1765483193.937343,99,26,30,29,25,3.65423583984375,67.0,68.5,7.618
1765483194.1383893,99,10,15,10,38,3.654949188232422,67.0,68.5,8.266
1765483194.3393226,99,10,15,10,38,3.654949188232422,67.0,68.5,8.266
1765483194.5405197,99,10,15,10,38,3.654949188232422,67.0,68.5,8.266
1765483194.7416909,99,22,38,17,8,3.654247283935547,66.5,68.0,7.737
1765483194.9426467,99,22,38,17,8,3.654247283935547,66.5,68.0,7.737
1765483195.1435585,98,18,33,18,14,3.654327392578125,66.5,68.0,7.67
1765483195.3444762,98,18,33,18,14,3.654327392578125,66.5,68.0,7.67
1765483195.545582,98,18,33,18,14,3.654327392578125,66.5,68.0,7.67
1765483195.7466047,99,34,25,34,23,3.654735565185547,66.5,68.5,8.45
1765483195.9475207,99,34,25,34,23,3.654735565185547,66.5,68.5,8.45
1765483196.148734,99,9,8,20,11,3.6541748046875,67.0,67.5,7.697
1765483196.349688,99,9,8,20,11,3.6541748046875,67.0,67.5,7.697
1765483196.5505748,99,9,8,20,11,3.6541748046875,67.0,67.5,7.697
1765483196.751585,99,24,58,21,16,3.6543045043945312,66.5,68.0,7.804
1765483196.9526448,99,24,58,21,16,3.6543045043945312,66.5,68.0,7.804
1765483197.1537628,98,19,22,19,16,3.6542739868164062,66.5,68.0,7.312
1765483197.3547173,98,19,22,19,16,3.6542739868164062,66.5,68.0,7.312
1765483197.5557017,98,19,22,19,16,3.6542739868164062,66.5,68.0,7.312
1765483197.7566895,99,25,56,20,16,3.655010223388672,67.0,68.0,8.608
1765483197.9576364,99,25,56,20,16,3.655010223388672,67.0,68.0,8.608
1765483198.1586573,99,9,11,9,9,3.6540489196777344,66.5,68.0,7.125
1765483198.3595805,99,9,11,9,9,3.6540489196777344,66.5,68.0,7.125
1765483198.5605533,99,9,11,9,9,3.6540489196777344,66.5,68.0,7.125
1765483198.7618093,98,22,22,18,69,3.654193878173828,66.5,68.5,8.147
1765483198.9630964,98,22,22,18,69,3.654193878173828,66.5,68.5,8.147
1765483199.16421,99,14,18,12,15,3.6542434692382812,67.0,68.0,7.737
1765483199.3652468,99,14,18,12,15,3.6542434692382812,67.0,68.0,7.737
1765483199.566289,99,14,18,12,15,3.6542434692382812,67.0,68.0,7.737
1765483199.7675195,99,22,58,14,14,3.6548614501953125,67.0,68.5,8.424
1765483199.9685588,99,22,58,14,14,3.6548614501953125,67.0,68.5,8.424
1765483200.1694617,99,19,10,10,14,3.654296875,67.0,68.0,7.392
1765483200.3706105,99,19,10,10,14,3.654296875,67.0,68.0,7.392
1765483200.5716643,99,19,10,10,14,3.654296875,67.0,68.0,7.392
1765483200.7726512,99,28,50,29,37,3.654285430908203,67.0,68.5,7.843
1765483200.9736967,99,28,50,29,37,3.654285430908203,67.0,68.5,7.843
1765483201.174675,99,28,50,29,37,3.654285430908203,67.0,68.5,7.843
1765483201.3756485,99,16,16,12,12,3.6543731689453125,67.0,68.0,7.658
1765483201.5767827,99,16,16,12,12,3.6543731689453125,67.0,68.0,7.658
1765483201.777868,99,62,12,10,16,3.654003143310547,66.5,68.0,7.777
1765483201.9789608,99,62,12,10,16,3.654003143310547,66.5,68.0,7.777
1765483202.1800194,99,62,12,10,16,3.654003143310547,66.5,68.0,7.777
1765483202.3812306,99,14,10,13,14,3.6545944213867188,66.5,67.5,6.937
1765483202.5821717,99,14,10,13,14,3.6545944213867188,66.5,67.5,6.937
1765483202.7831135,99,43,24,30,46,3.6545333862304688,66.5,68.0,7.392
1765483202.9841468,99,43,24,30,46,3.6545333862304688,66.5,68.0,7.392
1765483203.1851459,99,43,24,30,46,3.6545333862304688,66.5,68.0,7.392
1765483203.3862507,94,10,15,15,5,3.655048370361328,66.5,68.0,7.352
1765483203.5875525,94,10,15,15,5,3.655048370361328,66.5,68.0,7.352
1765483203.7885952,99,14,63,14,21,3.6543655395507812,67.0,68.0,7.245
1765483203.9896264,99,14,63,14,21,3.6543655395507812,67.0,68.0,7.245
1765483204.1905837,99,14,63,14,21,3.6543655395507812,67.0,68.0,7.245
1765483204.3917215,99,19,12,14,12,3.654571533203125,66.5,67.5,5.698
1765483204.592611,99,19,12,14,12,3.654571533203125,66.5,67.5,5.698
1765483204.7936683,99,42,49,20,36,3.6544113159179688,67.0,68.0,7.658
1765483204.9947717,99,42,49,20,36,3.6544113159179688,67.0,68.0,7.658
1765483205.195845,99,42,49,20,36,3.6544113159179688,67.0,68.0,7.658
1765483205.3970065,99,8,16,11,11,3.6549301147460938,66.5,67.5,6.48
1765483205.5979548,99,8,16,11,11,3.6549301147460938,66.5,67.5,6.48
1765483205.7989655,99,41,42,30,26,3.6544532775878906,67.0,68.0,7.273
1765483206.0002096,99,41,42,30,26,3.6544532775878906,67.0,68.0,7.273
1765483206.2013142,99,41,42,30,26,3.6544532775878906,67.0,68.0,7.273
1765483206.4023545,5,21,22,18,14,3.6539764404296875,66.5,67.5,5.537
1765483206.6036055,5,21,22,18,14,3.6539764404296875,66.5,67.5,5.537
1765483206.804598,99,18,58,23,22,3.654865264892578,67.0,68.5,7.883
1765483207.0055583,99,18,58,23,22,3.654865264892578,67.0,68.5,7.883
1765483207.2064896,99,18,58,23,22,3.654865264892578,67.0,68.5,7.883
1765483207.4081802,99,19,22,9,8,3.654376983642578,66.0,68.0,7.006
1765483207.609211,99,19,22,9,8,3.654376983642578,66.0,68.0,7.006
1765483207.8102922,99,23,42,20,26,3.6541404724121094,67.0,68.0,7.539
1765483208.0114412,99,23,42,20,26,3.6541404724121094,67.0,68.0,7.539
1765483208.2124727,99,23,42,20,26,3.6541404724121094,67.0,68.0,7.539
1765483208.41372,99,30,25,19,26,3.6545143127441406,66.5,68.5,7.511
1765483208.6146948,99,30,25,19,26,3.6545143127441406,66.5,68.5,7.511
1765483208.815759,99,50,10,10,10,3.655078887939453,67.0,68.5,8.187
1765483209.0165079,99,50,10,10,10,3.655078887939453,67.0,68.5,8.187
1765483209.2177148,99,50,10,10,10,3.655078887939453,67.0,68.5,8.187
1765483209.4188974,99,21,22,22,17,3.6543235778808594,66.5,68.0,7.618
1765483209.6200078,99,21,22,22,17,3.6543235778808594,66.5,68.0,7.618
1765483209.8210444,99,39,14,12,20,3.6548118591308594,67.0,68.0,7.843
1765483210.0220008,99,39,14,12,20,3.6548118591308594,67.0,68.0,7.843
1765483210.2232096,99,39,14,12,20,3.6548118591308594,67.0,68.0,7.843
1765483210.42429,99,25,34,33,30,3.654766082763672,67.0,68.5,8.266
1765483210.625364,99,25,34,33,30,3.654766082763672,67.0,68.5,8.266
1765483210.8264422,99,9,26,8,4,3.6543617248535156,67.0,68.5,7.737
1765483211.027456,99,9,26,8,4,3.6543617248535156,67.0,68.5,7.737
1765483211.2286973,99,9,26,8,4,3.6543617248535156,67.0,68.5,7.737
1765483211.4298053,99,23,20,23,53,3.6545257568359375,67.0,68.0,7.923
1765483211.6308448,99,23,20,23,53,3.6545257568359375,67.0,68.0,7.923
1765483211.8317184,99,23,20,23,53,3.6545257568359375,67.0,68.0,7.923
1765483212.0324752,99,14,17,12,32,3.654674530029297,67.0,68.0,7.777
1765483212.2337763,99,14,17,12,32,3.654674530029297,67.0,68.0,7.777
1765483212.4348886,99,20,48,20,24,3.654735565185547,67.0,68.5,8.41
1765483212.635789,99,20,48,20,24,3.654735565185547,67.0,68.5,8.41
1765483212.8365085,99,20,48,20,24,3.654735565185547,67.0,68.5,8.41
1765483213.037472,98,10,12,12,15,3.6545372009277344,67.0,68.0,7.312
1765483213.2388651,98,10,12,12,15,3.6545372009277344,67.0,68.0,7.312
1765483213.4404092,99,20,62,19,28,3.6544876098632812,67.0,68.0,8.226
1765483213.6415722,99,20,62,19,28,3.6544876098632812,67.0,68.0,8.226
1765483213.8427217,99,20,62,19,28,3.6544876098632812,67.0,68.0,8.226
1765483214.0437832,99,20,16,17,20,3.6549911499023438,67.0,68.5,7.432
1765483214.2448938,99,20,16,17,20,3.6549911499023438,67.0,68.5,7.432
1765483214.4458482,98,24,23,22,60,3.655120849609375,67.0,69.0,8.568
1765483214.6469045,98,24,23,22,60,3.655120849609375,67.0,69.0,8.568
1765483214.8481472,98,24,23,22,60,3.655120849609375,67.0,69.0,8.568
1765483215.0492258,99,12,8,12,10,3.6502609252929688,67.0,68.5,7.737
1765483215.2501373,99,12,8,12,10,3.6502609252929688,67.0,68.5,7.737
1765483215.4510293,99,27,26,26,58,3.654155731201172,67.0,68.5,7.896
1765483215.6520717,99,27,26,26,58,3.654155731201172,67.0,68.5,7.896
1765483215.8530543,99,27,26,26,58,3.654155731201172,67.0,68.5,7.896
1765483216.054053,99,26,20,12,10,3.6539077758789062,67.5,68.0,8.16
1765483216.2551033,99,26,20,12,10,3.6539077758789062,67.5,68.0,8.16
1765483216.456228,99,28,12,58,19,3.654094696044922,67.5,68.0,8.226
1765483216.6573699,99,28,12,58,19,3.654094696044922,67.5,68.0,8.226
1765483216.858371,99,28,12,58,19,3.654094696044922,67.5,68.0,8.226
1765483217.0597167,98,8,19,14,6,3.6543617248535156,67.0,67.5,7.006
1765483217.260809,98,8,19,14,6,3.6543617248535156,67.0,67.5,7.006
1765483217.4617848,99,33,25,49,36,3.654010772705078,67.5,68.5,7.658
1765483217.6628683,99,33,25,49,36,3.654010772705078,67.5,68.5,7.658
1765483217.8639002,99,33,25,49,36,3.654010772705078,67.5,68.5,7.658
1765483218.0651665,99,6,11,14,15,3.6549034118652344,67.5,68.0,7.539
1765483218.2665637,99,6,11,14,15,3.6549034118652344,67.5,68.0,7.539
1765483218.4676447,99,16,23,20,54,3.6544723510742188,67.5,68.0,7.312
1765483218.6687224,99,16,23,20,54,3.6544723510742188,67.5,68.0,7.312
1765483218.870152,99,16,23,20,54,3.6544723510742188,67.5,68.0,7.312
1765483219.071143,96,12,13,16,15,3.654449462890625,67.0,67.5,5.929
1765483219.2725947,96,12,13,16,15,3.654449462890625,67.0,67.5,5.929
1765483219.4734724,99,26,24,31,55,3.6547012329101562,67.0,68.0,7.392
1765483219.6744714,99,26,24,31,55,3.6547012329101562,67.0,68.0,7.392
1765483219.875404,99,26,24,31,55,3.6547012329101562,67.0,68.0,7.392
1765483220.0767105,32,5,2,7,11,3.654998779296875,66.5,68.5,5.769
1765483220.277828,32,5,2,7,11,3.654998779296875,66.5,68.5,5.769
1765483220.4787796,99,18,58,28,21,3.6543121337890625,67.0,68.0,7.352
1765483220.6796987,99,18,58,28,21,3.6543121337890625,67.0,68.0,7.352
1765483220.8805003,99,18,58,28,21,3.6543121337890625,67.0,68.0,7.352
1765483221.082026,99,14,17,17,24,3.654712677001953,66.5,68.0,6.16
1765483221.2830482,99,14,17,17,24,3.654712677001953,66.5,68.0,6.16
1765483221.4840279,99,20,22,63,24,3.6552352905273438,67.0,68.5,8.002
1765483221.6850722,99,20,22,63,24,3.6552352905273438,67.0,68.5,8.002
1765483221.8866522,99,20,22,63,24,3.6552352905273438,67.0,68.5,8.002
1765483222.0877702,41,15,13,7,11,3.6545562744140625,66.5,67.5,5.929
1765483222.288734,41,15,13,7,11,3.6545562744140625,66.5,67.5,5.929
1765483222.4897234,99,24,49,25,27,3.6541671752929688,67.0,68.0,7.205
1765483222.6907804,99,24,49,25,27,3.6541671752929688,67.0,68.0,7.205
1765483222.892073,99,24,49,25,27,3.6541671752929688,67.0,68.0,7.205
1765483223.093132,99,26,17,22,19,3.654388427734375,67.0,68.5,7.233
1765483223.2940946,99,26,17,22,19,3.654388427734375,67.0,68.5,7.233
1765483223.49517,99,26,17,22,19,3.654388427734375,67.0,68.5,7.233
1765483223.6964293,99,19,45,14,15,3.6550064086914062,67.5,69.0,8.345
1765483223.8974361,99,19,45,14,15,3.6550064086914062,67.5,69.0,8.345
1765483224.0985382,99,16,37,17,12,3.6543350219726562,67.0,68.0,7.432
1765483224.2996328,99,16,37,17,12,3.6543350219726562,67.0,68.0,7.432
1765483224.5006087,99,16,37,17,12,3.6543350219726562,67.0,68.0,7.432
1765483224.7017014,99,23,45,16,12,3.6546897888183594,67.0,68.0,7.499
1765483224.9032815,99,23,45,16,12,3.6546897888183594,67.0,68.0,7.499
1765483225.1044567,99,39,24,26,24,3.6539039611816406,67.0,69.0,8.187
1765483225.3054385,99,39,24,26,24,3.6539039611816406,67.0,69.0,8.187
1765483225.5064752,99,39,24,26,24,3.6539039611816406,67.0,69.0,8.187
1765483225.707514,99,4,10,32,9,3.6541709899902344,67.5,68.0,8.042
1765483225.9086666,99,4,10,32,9,3.6541709899902344,67.5,68.0,8.042
1765483226.1096585,99,23,23,18,46,3.6548194885253906,67.5,68.0,7.658
1765483226.3106384,99,23,23,18,46,3.6548194885253906,67.5,68.0,7.658
1765483226.511792,99,23,23,18,46,3.6548194885253906,67.5,68.0,7.658
1765483226.7129629,98,20,30,16,14,3.654644012451172,67.0,68.0,7.551
1765483226.9141161,98,20,30,16,14,3.654644012451172,67.0,68.0,7.551
1765483227.1152463,99,20,19,32,27,3.6549835205078125,67.0,69.0,8.529
1765483227.3163638,99,20,19,32,27,3.6549835205078125,67.0,69.0,8.529
1765483227.5174136,99,20,19,32,27,3.6549835205078125,67.0,69.0,8.529
1765483227.71849,99,15,15,21,12,3.654376983642578,67.5,68.5,7.658
1765483227.919561,99,15,15,21,12,3.654376983642578,67.5,68.5,7.658
1765483228.120619,99,48,22,29,23,3.6543312072753906,67.0,68.5,7.816
1765483228.3216505,99,48,22,29,23,3.6543312072753906,67.0,68.5,7.816
1765483228.5226188,99,48,22,29,23,3.6543312072753906,67.0,68.5,7.816
1765483228.7235687,99,25,15,20,12,3.6546096801757812,67.5,68.0,7.471
1765483228.9247234,99,25,15,20,12,3.6546096801757812,67.5,68.0,7.471
1765483229.125794,99,12,59,17,16,3.6548805236816406,67.0,69.0,8.489
1765483229.3268282,99,12,59,17,16,3.6548805236816406,67.0,69.0,8.489
1765483229.5278106,99,12,59,17,16,3.6548805236816406,67.0,69.0,8.489
1765483229.7288415,99,15,6,19,11,3.6542434692382812,67.0,68.5,7.471
1765483229.9297993,99,15,6,19,11,3.6542434692382812,67.0,68.5,7.471
1765483230.130898,99,38,20,61,14,3.654064178466797,67.5,68.5,8.187
1765483230.3318725,99,38,20,61,14,3.654064178466797,67.5,68.5,8.187
1765483230.533178,99,38,20,61,14,3.654064178466797,67.5,68.5,8.187
1765483230.7341733,99,18,22,12,15,3.6542015075683594,67.5,68.5,8.45
1765483230.935283,99,18,22,12,15,3.6542015075683594,67.5,68.5,8.45
1765483231.1362615,99,10,51,14,16,3.6541366577148438,67.0,68.0,7.843
1765483231.3372333,99,10,51,14,16,3.6541366577148438,67.0,68.0,7.843
1765483231.5383077,99,10,51,14,16,3.6541366577148438,67.0,68.0,7.843
1765483231.739223,99,19,12,13,21,3.6541786193847656,67.0,68.5,7.312
1765483231.940216,99,19,12,13,21,3.6541786193847656,67.0,68.5,7.312
1765483232.1410775,99,52,28,27,31,3.6537818908691406,67.0,68.5,8.226
1765483232.342105,99,52,28,27,31,3.6537818908691406,67.0,68.5,8.226
1765483232.5430276,99,52,28,27,31,3.6537818908691406,67.0,68.5,8.226
1765483232.7440376,99,10,7,12,10,3.6549530029296875,67.0,68.5,7.777
1765483232.9453166,99,10,7,12,10,3.6549530029296875,67.0,68.5,7.777
1765483233.1462479,99,25,65,16,13,3.654388427734375,67.5,68.5,7.471
1765483233.3475053,99,25,65,16,13,3.654388427734375,67.5,68.5,7.471
1765483233.5486226,99,25,65,16,13,3.654388427734375,67.5,68.5,7.471
1765483233.7497842,99,13,15,14,14,3.653942108154297,67.0,68.5,6.818
1765483233.9509118,99,13,15,14,14,3.653942108154297,67.0,68.5,6.818
1765483234.1518161,99,26,22,64,29,3.65423583984375,67.5,68.5,7.737
1765483234.352945,99,26,22,64,29,3.65423583984375,67.5,68.5,7.737
1765483234.5539918,99,26,22,64,29,3.65423583984375,67.5,68.5,7.737
1765483234.7551384,99,8,4,4,9,3.6546630859375,66.5,68.0,6.129
1765483234.9563978,99,8,4,4,9,3.6546630859375,66.5,68.0,6.129
1765483235.1574447,99,8,4,4,9,3.6546630859375,66.5,68.0,6.129
1765483235.3585887,99,61,25,16,30,3.6538047790527344,67.5,68.5,6.966
1765483235.559512,99,61,25,16,30,3.6538047790527344,67.5,68.5,6.966
1765483235.7605073,57,10,16,22,16,3.6540985107421875,66.5,67.5,5.537
1765483235.9615524,57,10,16,22,16,3.6540985107421875,66.5,67.5,5.537
1765483236.1624835,57,10,16,22,16,3.6540985107421875,66.5,67.5,5.537
1765483236.3635743,99,22,26,26,51,3.6548080444335938,67.5,69.0,8.187
1765483236.5645754,99,22,26,26,51,3.6548080444335938,67.5,69.0,8.187
1765483236.76576,99,17,2,6,6,3.6540069580078125,66.5,67.5,6.12
1765483236.966784,99,17,2,6,6,3.6540069580078125,66.5,67.5,6.12
1765483237.1679919,99,17,2,6,6,3.6540069580078125,66.5,67.5,6.12
1765483237.3690794,99,42,22,44,20,3.6544837951660156,67.5,68.0,7.205
1765483237.5702147,99,42,22,44,20,3.6544837951660156,67.5,68.0,7.205
1765483237.772808,19,25,15,18,23,3.6544265747070312,67.0,68.0,5.818
1765483237.9738274,19,25,15,18,23,3.6544265747070312,67.0,68.0,5.818
1765483238.1748807,19,25,15,18,23,3.6544265747070312,67.0,68.0,5.818
1765483238.3758786,99,52,16,18,12,3.6549720764160156,67.5,68.5,7.843
1765483238.576805,99,52,16,18,12,3.6549720764160156,67.5,68.5,7.843
1765483238.7781286,99,21,16,20,13,3.6544113159179688,67.0,68.5,7.125
1765483238.979068,99,21,16,20,13,3.6544113159179688,67.0,68.5,7.125
1765483239.1802013,99,21,16,20,13,3.6544113159179688,67.0,68.5,7.125
1765483239.3813791,99,27,47,18,14,3.6548118591308594,67.5,68.5,7.697
1765483239.585107,99,27,47,18,14,3.6548118591308594,67.5,68.5,7.697
1765483239.7862406,99,28,22,24,25,3.654560089111328,67.0,69.0,7.816
1765483239.987222,99,28,22,24,25,3.654560089111328,67.0,69.0,7.816
1765483240.1889977,99,28,22,24,25,3.654560089111328,67.0,69.0,7.816
1765483240.390067,99,12,37,8,4,3.6544723510742188,67.5,68.0,7.578
1765483240.5910811,99,12,37,8,4,3.6544723510742188,67.5,68.0,7.578
1765483240.7920809,99,26,26,38,21,3.654266357421875,67.0,69.0,7.658
1765483240.993074,99,26,26,38,21,3.654266357421875,67.0,69.0,7.658
1765483241.1940699,99,26,26,38,21,3.654266357421875,67.0,69.0,7.658
1765483241.395149,99,43,16,17,15,3.654560089111328,67.0,68.5,7.923
1765483241.5968919,99,43,16,17,15,3.654560089111328,67.0,68.5,7.923
1765483241.7982283,99,26,26,28,13,3.6549339294433594,67.0,69.0,8.187
1765483241.9992855,99,26,26,28,13,3.6549339294433594,67.0,69.0,8.187
1765483242.2005277,99,26,26,28,13,3.6549339294433594,67.0,69.0,8.187
1765483242.4017,98,29,18,13,10,3.654468536376953,67.5,68.5,7.392
1765483242.603178,98,29,18,13,10,3.654468536376953,67.5,68.5,7.392
1765483242.8043244,99,20,44,32,20,3.6545257568359375,67.0,68.5,7.923
1765483243.0052257,99,20,44,32,20,3.6545257568359375,67.0,68.5,7.923
1765483243.2063193,99,20,44,32,20,3.6545257568359375,67.0,68.5,7.923
1765483243.4072812,99,17,16,12,28,3.654582977294922,67.0,68.5,7.816
1765483243.6085002,99,17,16,12,28,3.654582977294922,67.0,68.5,7.816
1765483243.8094869,99,20,43,18,20,3.6552047729492188,67.0,68.5,8.345
1765483244.0104086,99,20,43,18,20,3.6552047729492188,67.0,68.5,8.345
1765483244.21152,99,20,43,18,20,3.6552047729492188,67.0,68.5,8.345
1765483244.4126692,98,23,20,21,21,3.6544570922851562,67.5,68.5,7.352
1765483244.6137643,98,23,20,21,21,3.6544570922851562,67.5,68.5,7.352
1765483244.81473,99,49,27,36,27,3.6539993286132812,68.0,69.5,8.147
1765483245.015649,99,49,27,36,27,3.6539993286132812,68.0,69.5,8.147
1765483245.216734,99,49,27,36,27,3.6539993286132812,68.0,69.5,8.147
1765483245.417813,99,16,21,19,20,3.6544265747070312,67.5,68.5,7.843
1765483245.618791,99,16,21,19,20,3.6544265747070312,67.5,68.5,7.843
1765483245.820284,99,16,21,19,20,3.6544265747070312,67.5,68.5,7.843
1765483246.0212786,99,12,19,12,50,3.654205322265625,67.5,68.5,8.029
1765483246.2223396,99,12,19,12,50,3.654205322265625,67.5,68.5,8.029
1765483246.4232013,99,22,8,17,15,3.654224395751953,67.5,68.5,7.764
1765483246.6245162,99,22,8,17,15,3.654224395751953,67.5,68.5,7.764
1765483246.8255014,99,22,8,17,15,3.654224395751953,67.5,68.5,7.764
1765483247.0263767,99,33,25,30,50,3.6539764404296875,67.5,68.5,8.147
1765483247.227361,99,33,25,30,50,3.6539764404296875,67.5,68.5,8.147
1765483247.4282804,99,14,10,15,4,3.654937744140625,67.5,68.5,8.029
1765483247.6292684,99,14,10,15,4,3.654937744140625,67.5,68.5,8.029
1765483247.8302393,99,14,10,15,4,3.654937744140625,67.5,68.5,8.029
1765483248.0315812,99,18,14,63,21,3.654644012451172,67.5,68.5,7.962
1765483248.232741,99,18,14,63,21,3.654644012451172,67.5,68.5,7.962
1765483248.4336872,98,19,10,19,10,3.654315948486328,67.0,68.5,7.046
1765483248.6348548,98,19,10,19,10,3.654315948486328,67.0,68.5,7.046
1765483248.8357975,98,19,10,19,10,3.654315948486328,67.0,68.5,7.046
1765483249.0367398,99,28,64,27,22,3.6543426513671875,68.0,69.0,7.816
1765483249.2378628,99,28,64,27,22,3.6543426513671875,68.0,69.0,7.816
1765483249.4388504,99,8,6,4,5,3.6549415588378906,67.5,68.5,7.165
1765483249.6398866,99,8,6,4,5,3.6549415588378906,67.5,68.5,7.165
1765483249.840947,99,8,6,4,5,3.6549415588378906,67.5,68.5,7.165
1765483250.042097,99,20,22,25,62,3.6544227600097656,67.5,68.5,7.245
1765483250.2431343,99,20,22,25,62,3.6544227600097656,67.5,68.5,7.245
1765483250.4445662,99,18,12,22,17,3.6543350219726562,67.0,68.5,5.577
1765483250.6456106,99,18,12,22,17,3.6543350219726562,67.0,68.5,5.577
1765483250.8465912,99,18,12,22,17,3.6543350219726562,67.0,68.5,5.577
1765483251.0474763,99,24,20,20,70,3.6545867919921875,67.5,69.0,8.042
1765483251.2484553,99,24,20,20,70,3.6545867919921875,67.5,69.0,8.042
1765483251.4494143,99,13,9,7,7,3.6543045043945312,67.0,68.0,6.129
1765483251.650501,99,13,9,7,7,3.6543045043945312,67.0,68.0,6.129
1765483251.8515403,99,13,9,7,7,3.6543045043945312,67.0,68.0,6.129
1765483252.0526683,99,28,32,28,49,3.6543350219726562,67.0,68.5,7.284
1765483252.2536807,99,28,32,28,49,3.6543350219726562,67.0,68.5,7.284
1765483252.4547536,48,14,16,21,28,3.654468536376953,67.0,68.0,6.169
1765483252.655821,48,14,16,21,28,3.654468536376953,67.0,68.0,6.169
1765483252.8568473,48,14,16,21,28,3.654468536376953,67.0,68.0,6.169
1765483253.057696,99,21,17,15,52,3.655506134033203,67.5,69.0,8.108
1765483253.2585554,99,21,17,15,52,3.655506134033203,67.5,69.0,8.108
1765483253.4597204,99,25,22,19,25,3.654407501220703,66.5,69.0,7.312
1765483253.6608803,99,25,22,19,25,3.654407501220703,66.5,69.0,7.312
1765483253.8618383,99,25,22,19,25,3.654407501220703,66.5,69.0,7.312
1765483254.0627692,99,45,16,16,12,3.6547584533691406,67.5,68.5,7.511
1765483254.263765,99,45,16,16,12,3.6547584533691406,67.5,68.5,7.511
1765483254.465336,99,25,32,28,27,3.6546630859375,67.5,69.0,8.029
1765483254.66642,99,25,32,28,27,3.6546630859375,67.5,69.0,8.029
1765483254.8674486,99,25,32,28,27,3.6546630859375,67.5,69.0,8.029
1765483255.0687726,99,9,32,9,8,3.6550331115722656,67.5,69.0,8.108
1765483255.2697225,99,9,32,9,8,3.6550331115722656,67.5,69.0,8.108
1765483255.470902,99,9,32,9,8,3.6550331115722656,67.5,69.0,8.108
1765483255.6720655,99,21,41,19,22,3.6542739868164062,67.5,69.0,7.658
1765483255.8731182,99,21,41,19,22,3.6542739868164062,67.5,69.0,7.658
1765483256.0742269,98,20,33,14,18,3.6546859741210938,67.5,68.5,7.511
1765483256.2752154,98,20,33,14,18,3.6546859741210938,67.5,68.5,7.511
1765483256.4762058,98,20,33,14,18,3.6546859741210938,67.5,68.5,7.511
1765483256.677192,99,28,30,23,32,3.6549224853515625,67.5,69.0,8.371
1765483256.878263,99,28,30,23,32,3.6549224853515625,67.5,69.0,8.371
1765483257.0794342,99,22,13,10,6,3.654388427734375,67.5,68.5,7.618
1765483257.2805002,99,22,13,10,6,3.654388427734375,67.5,68.5,7.618
1765483257.4816103,99,22,13,10,6,3.654388427734375,67.5,68.5,7.618
1765483257.6826382,99,25,23,57,24,3.6545028686523438,67.5,70.0,7.804
1765483257.8837426,99,25,23,57,24,3.6545028686523438,67.5,70.0,7.804
1765483258.0848653,99,19,16,26,16,3.6545639038085938,67.5,68.5,7.392
1765483258.2859755,99,19,16,26,16,3.6545639038085938,67.5,68.5,7.392
1765483258.4870958,99,19,16,26,16,3.6545639038085938,67.5,68.5,7.392
1765483258.6882458,99,23,52,18,20,3.6551856994628906,67.5,69.5,8.673
1765483258.889302,99,23,52,18,20,3.6551856994628906,67.5,69.5,8.673
1765483259.0903068,99,17,10,12,15,3.6541671752929688,67.0,68.5,7.006
1765483259.2915683,99,17,10,12,15,3.6541671752929688,67.0,68.5,7.006
1765483259.4976428,99,17,10,12,15,3.6541671752929688,67.0,68.5,7.006
1765483259.698757,98,25,27,60,23,3.654682159423828,67.5,69.5,7.989
1765483259.8998182,98,25,27,60,23,3.654682159423828,67.5,69.5,7.989
1765483260.1009247,99,25,16,15,17,3.6547584533691406,67.5,69.0,8.226
1765483260.3032062,99,25,16,15,17,3.6547584533691406,67.5,69.0,8.226
1765483260.5044727,99,25,16,15,17,3.6547584533691406,67.5,69.0,8.226
1765483260.7054653,99,64,15,21,14,3.6545791625976562,67.5,69.0,8.042
1765483260.9065394,99,64,15,21,14,3.6545791625976562,67.5,69.0,8.042
1765483261.1075113,99,15,19,8,20,3.6546287536621094,67.0,68.5,7.618
1765483261.3090453,99,15,19,8,20,3.6546287536621094,67.0,68.5,7.618
1765483261.5103402,99,15,19,8,20,3.6546287536621094,67.0,68.5,7.618
1765483261.71123,98,34,33,26,44,3.6541595458984375,67.5,68.5,7.816
1765483261.9122605,98,34,33,26,44,3.6541595458984375,67.5,68.5,7.816
1765483262.1132298,99,12,11,13,10,3.6549148559570312,67.5,69.0,7.962
1765483262.3143752,99,12,11,13,10,3.6549148559570312,67.5,69.0,7.962
1765483262.515336,99,12,11,13,10,3.6549148559570312,67.5,69.0,7.962
1765483262.716322,99,19,56,22,20,3.6543045043945312,67.5,69.0,8.081
1765483262.9174073,99,19,56,22,20,3.6543045043945312,67.5,69.0,8.081
1765483263.118294,99,15,17,17,13,3.654407501220703,67.0,68.5,7.085
1765483263.31929,99,15,17,17,13,3.654407501220703,67.0,68.5,7.085
1765483263.520362,99,15,17,17,13,3.654407501220703,67.0,68.5,7.085
1765483263.7213376,99,25,64,30,22,3.654315948486328,67.5,68.5,7.697
1765483263.9223514,99,25,64,30,22,3.654315948486328,67.5,68.5,7.697
1765483264.1232588,99,4,7,8,6,3.6551475524902344,67.5,68.5,7.312
1765483264.3245425,99,4,7,8,6,3.6551475524902344,67.5,68.5,7.312
1765483264.5255237,99,4,7,8,6,3.6551475524902344,67.5,68.5,7.312
1765483264.7266064,99,32,24,56,33,3.654033660888672,67.5,68.5,7.392
1765483264.9277947,99,32,24,56,33,3.654033660888672,67.5,68.5,7.392
1765483265.1288466,90,14,12,17,13,3.654388427734375,66.5,68.0,5.818
1765483265.329828,90,14,12,17,13,3.654388427734375,66.5,68.0,5.818
1765483265.5308888,90,14,12,17,13,3.654388427734375,66.5,68.0,5.818
1765483265.7319863,99,24,28,70,33,3.6549644470214844,67.5,68.5,7.843
1765483265.9330726,99,24,28,70,33,3.6549644470214844,67.5,68.5,7.843
1765483266.1341124,32,4,6,2,6,3.6542091369628906,67.0,67.5,5.778
1765483266.33527,32,4,6,2,6,3.6542091369628906,67.0,67.5,5.778
1765483266.5363374,32,4,6,2,6,3.6542091369628906,67.0,67.5,5.778
1765483266.737468,99,28,42,39,27,3.6543807983398438,67.5,68.5,7.352
1765483266.9386196,99,28,42,39,27,3.6543807983398438,67.5,68.5,7.352
1765483267.1398902,99,28,42,39,27,3.6543807983398438,67.5,68.5,7.352
1765483267.3413498,99,16,25,16,8,3.654735565185547,67.0,68.5,6.169
1765483267.5424795,99,16,25,16,8,3.654735565185547,67.0,68.5,6.169
1765483267.7434313,99,14,21,22,58,3.6555404663085938,67.5,69.0,7.843
1765483267.9444711,99,14,21,22,58,3.6555404663085938,67.5,69.0,7.843
1765483268.1454597,99,14,21,22,58,3.6555404663085938,67.5,69.0,7.843
1765483268.3465974,98,15,27,11,8,3.6547203063964844,66.5,69.0,6.509
1765483268.5476465,98,15,27,11,8,3.6547203063964844,66.5,69.0,6.509
1765483268.7487066,99,25,49,18,22,3.6544952392578125,67.0,69.0,7.392
1765483268.9496553,99,25,49,18,22,3.6544952392578125,67.0,69.0,7.392
1765483269.150744,99,25,49,18,22,3.6544952392578125,67.0,69.0,7.392
1765483269.352111,99,27,26,24,32,3.654407501220703,67.0,69.5,7.843
1765483269.553058,99,27,26,24,32,3.654407501220703,67.0,69.5,7.843
1765483269.7540972,99,6,43,8,4,3.65509033203125,67.5,69.0,7.777
1765483269.9551477,99,6,43,8,4,3.65509033203125,67.5,69.0,7.777
1765483270.1563356,99,6,43,8,4,3.65509033203125,67.5,69.0,7.777
1765483270.357447,99,27,34,26,18,3.654510498046875,67.0,69.0,7.578
1765483270.5583887,99,27,34,26,18,3.654510498046875,67.0,69.0,7.578
1765483270.7593627,99,16,19,12,42,3.6545562744140625,68.0,68.5,7.697
1765483270.9602902,99,16,19,12,42,3.6545562744140625,68.0,68.5,7.697
1765483271.1615021,99,16,19,12,42,3.6545562744140625,68.0,68.5,7.697
1765483271.3625987,99,18,22,28,28,3.655242919921875,67.5,69.0,8.371
1765483271.5634885,99,18,22,28,28,3.655242919921875,67.5,69.0,8.371
1765483271.7646143,98,33,10,15,11,3.6546058654785156,67.5,68.5,7.511
1765483271.9654863,98,33,10,15,11,3.6546058654785156,67.5,68.5,7.511
1765483272.1665246,98,33,10,15,11,3.6546058654785156,67.5,68.5,7.511
1765483272.367542,99,18,27,20,50,3.6546058654785156,67.0,69.0,8.002
1765483272.5687687,99,18,27,20,50,3.6546058654785156,67.0,69.0,8.002
1765483272.7698221,99,19,17,13,39,3.6546173095703125,67.0,68.5,7.618
1765483272.97073,99,19,17,13,39,3.6546173095703125,67.0,68.5,7.618
1765483273.1718774,99,19,17,13,39,3.6546173095703125,67.0,68.5,7.618
1765483273.3729203,99,19,45,18,22,3.6547012329101562,67.5,69.0,8.187
1765483273.5739238,99,19,45,18,22,3.6547012329101562,67.5,69.0,8.187
1765483273.7749808,99,12,27,12,14,3.654834747314453,67.5,69.0,7.539
1765483273.976254,99,12,27,12,14,3.654834747314453,67.5,69.0,7.539
1765483274.1774316,99,12,27,12,14,3.654834747314453,67.5,69.0,7.539
1765483274.378411,99,22,30,32,52,3.6546897888183594,67.5,70.0,8.345
1765483274.5795002,99,22,30,32,52,3.6546897888183594,67.5,70.0,8.345
1765483274.7805681,98,20,20,22,15,3.6547775268554688,67.5,69.0,7.843
1765483274.9818587,98,20,20,22,15,3.6547775268554688,67.5,69.0,7.843
1765483275.1830199,98,20,20,22,15,3.6547775268554688,67.5,69.0,7.843
1765483275.3841636,99,16,12,11,55,3.6553497314453125,68.0,69.0,8.029
1765483275.5851965,99,16,12,11,55,3.6553497314453125,68.0,69.0,8.029
1765483275.7865052,99,19,20,14,11,3.654712677001953,67.5,69.0,7.352
1765483275.9875798,99,19,20,14,11,3.654712677001953,67.5,69.0,7.352
1765483276.1886213,99,19,20,14,11,3.654712677001953,67.5,69.0,7.352
1765483276.3894958,99,24,33,31,54,3.6545791625976562,67.5,69.5,8.187
1765483276.590427,99,24,33,31,54,3.6545791625976562,67.5,69.5,8.187
1765483276.791333,99,11,14,14,6,3.6549644470214844,68.0,69.0,8.529
1765483276.9927917,99,11,14,14,6,3.6549644470214844,68.0,69.0,8.529
1765483277.193783,99,11,14,14,6,3.6549644470214844,68.0,69.0,8.529
1765483277.3948674,99,12,24,54,16,3.65435791015625,68.0,69.0,7.883
1765483277.5958169,99,12,24,54,16,3.65435791015625,68.0,69.0,7.883
1765483277.7968907,99,22,12,12,12,3.6546554565429688,68.0,68.5,7.273
1765483277.9979496,99,22,12,12,12,3.6546554565429688,68.0,68.5,7.273
1765483278.1990438,99,22,12,12,12,3.6546554565429688,68.0,68.5,7.273
1765483278.4001138,99,29,63,25,22,3.654560089111328,67.5,69.0,8.305
1765483278.6010807,99,29,63,25,22,3.654560089111328,67.5,69.0,8.305
1765483278.8026235,99,29,63,25,22,3.654560089111328,67.5,69.0,8.305
1765483279.0069318,99,14,11,5,8,3.655406951904297,67.5,69.0,7.658
1765483279.2080154,99,14,11,5,8,3.655406951904297,67.5,69.0,7.658
1765483279.4090056,99,29,64,25,27,3.6548194885253906,67.5,69.0,7.42
1765483279.6099098,99,29,64,25,27,3.6548194885253906,67.5,69.0,7.42
1765483279.8107984,99,29,64,25,27,3.6548194885253906,67.5,69.0,7.42
1765483280.0123494,99,18,19,15,22,3.6547470092773438,67.5,68.5,6.4
1765483280.213995,99,18,19,15,22,3.6547470092773438,67.5,68.5,6.4
1765483280.4150503,99,22,31,63,22,3.6550445556640625,67.5,69.5,8.002
1765483280.6161633,99,22,31,63,22,3.6550445556640625,67.5,69.5,8.002
1765483280.8172424,99,22,31,63,22,3.6550445556640625,67.5,69.5,8.002
1765483281.0183396,54,5,8,2,4,3.654644012451172,67.0,68.5,5.425
1765483281.2192812,54,5,8,2,4,3.654644012451172,67.0,68.5,5.425
1765483281.4205217,99,24,30,32,54,3.6543350219726562,67.5,69.0,7.392
1765483281.6217065,99,24,30,32,54,3.6543350219726562,67.5,69.0,7.392
1765483281.8228223,99,24,30,32,54,3.6543350219726562,67.5,69.0,7.392
1765483282.023887,99,12,23,16,16,3.654926300048828,67.0,69.0,6.24
1765483282.2248337,99,12,23,16,16,3.654926300048828,67.0,69.0,6.24
1765483282.425962,99,20,17,61,16,3.6555633544921875,67.5,69.5,7.883
1765483282.6269243,99,20,17,61,16,3.6555633544921875,67.5,69.5,7.883
1765483282.8278263,99,20,17,61,16,3.6555633544921875,67.5,69.5,7.883
1765483283.0294528,8,14,15,22,14,3.6546897888183594,67.0,69.0,5.658
1765483283.2304645,8,14,15,22,14,3.6546897888183594,67.0,69.0,5.658
1765483283.431514,99,32,23,25,44,3.654682159423828,68.0,69.0,7.245
1765483283.6325579,99,32,23,25,44,3.654682159423828,68.0,69.0,7.245
1765483283.8335571,99,32,23,25,44,3.654682159423828,68.0,69.0,7.245
1765483284.0345194,78,27,19,18,22,3.6551551818847656,67.0,69.5,7.205
1765483284.2353919,78,27,19,18,22,3.6551551818847656,67.0,69.5,7.205
1765483284.436385,99,8,45,9,13,3.6550636291503906,67.5,68.5,8.042
1765483284.6373618,99,8,45,9,13,3.6550636291503906,67.5,68.5,8.042
1765483284.8385117,99,8,45,9,13,3.6550636291503906,67.5,68.5,8.042
1765483285.0394967,99,27,22,21,28,3.6547927856445312,67.0,69.0,7.432
1765483285.2407665,99,27,22,21,28,3.6547927856445312,67.0,69.0,7.432
1765483285.441727,98,16,18,46,10,3.654735565185547,68.0,69.0,7.511
1765483285.6427362,98,16,18,46,10,3.654735565185547,68.0,69.0,7.511
1765483285.8441615,98,16,18,46,10,3.654735565185547,68.0,69.0,7.511
1765483286.0454447,99,32,16,28,21,3.6554718017578125,67.5,69.0,8.266
1765483286.2465255,99,32,16,28,21,3.6554718017578125,67.5,69.0,8.266
1765483286.4475312,99,31,12,6,12,3.650177001953125,67.5,69.0,7.777
1765483286.6489758,99,31,12,6,12,3.650177001953125,67.5,69.0,7.777
1765483286.849983,99,31,12,6,12,3.650177001953125,67.5,69.0,7.777
1765483287.051054,99,18,30,18,48,3.65447998046875,67.5,69.0,7.804
1765483287.2520113,99,18,30,18,48,3.65447998046875,67.5,69.0,7.804
1765483287.4529052,99,17,21,19,37,3.6545372009277344,67.5,69.0,7.539
1765483287.653765,99,17,21,19,37,3.6545372009277344,67.5,69.0,7.539
1765483287.854923,99,17,21,19,37,3.6545372009277344,67.5,69.0,7.539
1765483288.0560696,99,22,43,14,19,3.655292510986328,68.0,69.5,8.226
1765483288.2570019,99,22,43,14,19,3.655292510986328,68.0,69.5,8.226
1765483288.4583356,99,16,20,15,10,3.6544456481933594,67.5,69.5,7.658
1765483288.6592922,99,16,20,15,10,3.6544456481933594,67.5,69.5,7.658
1765483288.860287,99,16,20,15,10,3.6544456481933594,67.5,69.5,7.658
1765483289.061502,99,18,30,51,25,3.6542396545410156,67.5,70.5,7.962
1765483289.2625299,99,18,30,51,25,3.6542396545410156,67.5,70.5,7.962
1765483289.463566,99,18,30,51,25,3.6542396545410156,67.5,70.5,7.962
1765483289.664503,99,19,26,17,10,3.6540908813476562,68.0,69.0,7.816
1765483289.8655994,99,19,26,17,10,3.6540908813476562,68.0,69.0,7.816
1765483290.066543,99,10,21,10,50,3.6541061401367188,67.5,69.0,8.226
1765483290.2676716,99,10,21,10,50,3.6541061401367188,67.5,69.0,8.226
1765483290.4686801,99,10,21,10,50,3.6541061401367188,67.5,69.0,8.226
1765483290.6699605,99,16,16,12,16,3.6541786193847656,67.5,69.0,7.165
1765483290.8710623,99,16,16,12,16,3.6541786193847656,67.5,69.0,7.165
1765483291.072086,98,20,34,34,51,3.654144287109375,68.0,69.5,8.266
1765483291.2730646,98,20,34,34,51,3.654144287109375,68.0,69.5,8.266
1765483291.4744651,98,20,34,34,51,3.654144287109375,68.0,69.5,8.266
1765483291.6756544,99,13,16,17,10,3.655323028564453,68.0,69.5,8.331
1765483291.8767135,99,13,16,17,10,3.655323028564453,68.0,69.5,8.331
1765483292.078072,99,16,17,60,12,3.654613494873047,68.0,69.5,8.081
1765483292.2790556,99,16,17,60,12,3.654613494873047,68.0,69.5,8.081
1765483292.4800696,99,16,17,60,12,3.654613494873047,68.0,69.5,8.081
1765483292.6813836,99,19,19,16,16,3.6546401977539062,68.0,68.5,7.392
1765483292.8825142,99,19,19,16,16,3.6546401977539062,68.0,68.5,7.392
1765483293.0834439,99,35,36,46,34,3.654460906982422,68.0,69.5,8.41
1765483293.2845876,99,35,36,46,34,3.654460906982422,68.0,69.5,8.41
1765483293.4857783,99,35,36,46,34,3.654460906982422,68.0,69.5,8.41
1765483293.6870577,98,8,8,4,13,3.6553382873535156,68.0,69.0,7.471
1765483293.8882732,98,8,8,4,13,3.6553382873535156,68.0,69.0,7.471
1765483294.0892313,99,69,21,20,20,3.6549530029296875,68.0,69.0,7.764
1765483294.2902327,99,69,21,20,20,3.6549530029296875,68.0,69.0,7.764
1765483294.4912255,99,69,21,20,20,3.6549530029296875,68.0,69.0,7.764
1765483294.6923206,99,17,22,17,8,3.655132293701172,67.5,69.0,7.046
1765483294.8934746,99,17,22,17,8,3.655132293701172,67.5,69.0,7.046
1765483295.0943878,99,37,26,20,56,3.6552200317382812,68.0,69.5,8.266
1765483295.2954593,99,37,26,20,56,3.6552200317382812,68.0,69.5,8.266
1765483295.4964178,99,37,26,20,56,3.6552200317382812,68.0,69.5,8.266
1765483295.6974027,99,5,9,5,14,3.654521942138672,67.5,69.0,6.709
1765483295.899561,99,5,9,5,14,3.654521942138672,67.5,69.0,6.709
1765483296.1004314,99,58,26,33,21,3.654571533203125,67.5,69.0,7.312
1765483296.3013477,99,58,26,33,21,3.654571533203125,67.5,69.0,7.312
1765483296.5023384,99,58,26,33,21,3.654571533203125,67.5,69.0,7.312
1765483296.7034874,99,14,14,13,10,3.655048370361328,67.5,68.5,5.778
1765483296.9044871,99,14,14,13,10,3.655048370361328,67.5,68.5,5.778
1765483297.105451,99,20,18,69,23,3.6546974182128906,67.5,69.5,7.804
1765483297.3065195,99,20,18,69,23,3.6546974182128906,67.5,69.5,7.804
1765483297.5074058,99,20,18,69,23,3.6546974182128906,67.5,69.5,7.804
1765483297.708483,62,12,11,10,9,3.6546974182128906,67.0,68.5,5.778
1765483297.9094777,62,12,11,10,9,3.6546974182128906,67.0,68.5,5.778
1765483298.1104527,99,31,50,32,26,3.6548995971679688,68.0,69.0,7.284
1765483298.3115456,99,31,50,32,26,3.6548995971679688,68.0,69.0,7.284
1765483298.5125277,99,31,50,32,26,3.6548995971679688,68.0,69.0,7.284
1765483298.713596,42,17,16,14,18,3.6545639038085938,67.5,69.0,6.08
1765483298.9145,42,17,16,14,18,3.6545639038085938,67.5,69.0,6.08
1765483299.115603,99,19,11,14,50,3.655170440673828,68.0,69.0,7.312
1765483299.3167143,99,19,11,14,50,3.655170440673828,68.0,69.0,7.312
1765483299.5178945,99,19,11,14,50,3.655170440673828,68.0,69.0,7.312
1765483299.718835,63,24,16,16,24,3.65472412109375,67.5,69.0,6.818
1765483299.9197814,63,24,16,16,24,3.65472412109375,67.5,69.0,6.818
1765483300.120936,99,24,46,18,19,3.654956817626953,68.0,69.5,7.578
1765483300.3220046,99,24,46,18,19,3.654956817626953,68.0,69.5,7.578
1765483300.5229352,99,24,46,18,19,3.654956817626953,68.0,69.5,7.578
1765483300.7241364,99,27,24,16,22,3.655506134033203,67.5,70.5,7.777
1765483300.9253564,99,27,24,16,22,3.655506134033203,67.5,70.5,7.777
1765483301.1264555,99,27,24,16,22,3.655506134033203,67.5,70.5,7.777
1765483301.327684,98,15,36,15,13,3.654956817626953,68.0,69.0,7.539
1765483301.5285637,98,15,36,15,13,3.654956817626953,68.0,69.0,7.539
1765483301.729655,99,32,35,21,24,3.654743194580078,67.5,69.0,7.618
1765483301.9308105,99,32,35,21,24,3.654743194580078,67.5,69.0,7.618
1765483302.1318166,99,32,35,21,24,3.654743194580078,67.5,69.0,7.618
1765483302.3327613,99,14,40,16,18,3.6546096801757812,68.0,69.5,8.002
1765483302.533882,99,14,40,16,18,3.6546096801757812,68.0,69.5,8.002
1765483302.7349398,99,19,14,32,21,3.6554489135742188,68.0,70.0,8.147
1765483302.9363213,99,19,14,32,21,3.6554489135742188,68.0,70.0,8.147
1765483303.137289,99,19,14,32,21,3.6554489135742188,68.0,70.0,8.147
1765483303.3383431,99,18,22,15,12,3.654796600341797,68.0,69.0,7.432
1765483303.5394044,99,18,22,15,12,3.654796600341797,68.0,69.0,7.432
1765483303.7405283,99,27,48,20,19,3.6543121337890625,68.0,69.0,7.777
1765483303.9415686,99,27,48,20,19,3.6543121337890625,68.0,69.0,7.777
1765483304.142583,99,27,48,20,19,3.6543121337890625,68.0,69.0,7.777
1765483304.3439782,99,16,26,15,18,3.6549530029296875,68.0,69.0,8.108
1765483304.545029,99,16,26,15,18,3.6549530029296875,68.0,69.0,8.108
1765483304.7461524,99,53,12,16,18,3.654735565185547,68.0,69.5,7.843
1765483304.9470468,99,53,12,16,18,3.654735565185547,68.0,69.5,7.843
1765483305.148005,99,53,12,16,18,3.654735565185547,68.0,69.5,7.843
1765483305.3488574,98,17,14,23,14,3.655029296875,68.0,69.5,7.245
1765483305.5500474,98,17,14,23,14,3.655029296875,68.0,69.5,7.245
1765483305.7512605,99,28,24,62,20,3.6546173095703125,68.0,70.5,8.226
1765483305.9522803,99,28,24,62,20,3.6546173095703125,68.0,70.5,8.226
1765483306.1532004,99,28,24,62,20,3.6546173095703125,68.0,70.5,8.226
1765483306.3541284,99,14,17,8,16,3.655750274658203,68.0,69.5,8.068
1765483306.555441,99,14,17,8,16,3.655750274658203,68.0,69.5,8.068
1765483306.7565105,99,58,18,14,10,3.6550254821777344,68.0,69.0,8.108
1765483306.957604,99,58,18,14,10,3.6550254821777344,68.0,69.0,8.108
1765483307.1587083,99,58,18,14,10,3.6550254821777344,68.0,69.0,8.108
1765483307.3597717,99,19,20,15,20,3.6549034118652344,68.5,69.5,7.737
1765483307.5605562,99,19,20,15,20,3.6549034118652344,68.5,69.5,7.737
1765483307.7614832,98,40,24,40,37,3.654743194580078,68.0,69.5,8.41
1765483307.9625,98,40,24,40,37,3.654743194580078,68.0,69.5,8.41
1765483308.1636171,98,40,24,40,37,3.654743194580078,68.0,69.5,8.41
1765483308.3646753,99,10,9,8,9,3.6554832458496094,68.0,69.0,7.843
1765483308.5657992,99,10,9,8,9,3.6554832458496094,68.0,69.0,7.843
1765483308.7667024,99,26,20,17,65,3.6547279357910156,68.0,69.5,7.883
1765483308.9677224,99,26,20,17,65,3.6547279357910156,68.0,69.5,7.883
1765483309.1688313,99,26,20,17,65,3.6547279357910156,68.0,69.5,7.883
1765483309.369871,98,17,10,13,15,3.6545448303222656,68.0,69.0,6.966
1765483309.570962,98,17,10,13,15,3.6545448303222656,68.0,69.0,6.966
1765483309.772171,99,26,32,54,26,3.6549606323242188,68.0,69.5,8.331
1765483309.9732087,99,26,32,54,26,3.6549606323242188,68.0,69.5,8.331
1765483310.1741889,99,26,32,54,26,3.6549606323242188,68.0,69.5,8.331
1765483310.375166,99,13,5,0,7,3.6544723510742188,68.0,69.0,7.017
1765483310.5761983,99,13,5,0,7,3.6544723510742188,68.0,69.0,7.017
1765483310.777447,99,26,56,28,33,3.6547508239746094,68.0,69.0,7.352
1765483310.9785624,99,26,56,28,33,3.6547508239746094,68.0,69.0,7.352
1765483311.1796162,99,26,56,28,33,3.6547508239746094,68.0,69.0,7.352
1765483311.381154,99,16,20,10,6,3.654705047607422,68.0,69.5,6.818
1765483311.582281,99,16,20,10,6,3.654705047607422,68.0,69.5,6.818
1765483311.7833195,99,16,20,10,6,3.654705047607422,68.0,69.5,6.818
1765483311.9844255,99,20,66,21,20,3.6555404663085938,68.0,70.0,8.002
1765483312.185477,99,20,66,21,20,3.6555404663085938,68.0,70.0,8.002
1765483312.3865745,99,10,8,11,9,3.6546669006347656,67.5,69.0,5.778
1765483312.5876825,99,10,8,11,9,3.6546669006347656,67.5,69.0,5.778
1765483312.7885592,99,10,8,11,9,3.6546669006347656,67.5,69.0,5.778
1765483312.9896367,99,30,52,32,26,3.6547622680664062,68.0,69.0,7.273
1765483313.191005,99,30,52,32,26,3.6547622680664062,68.0,69.0,7.273
1765483313.3922486,99,21,19,20,14,3.654815673828125,67.5,69.5,6.629
1765483313.5933647,99,21,19,20,14,3.654815673828125,67.5,69.5,6.629
1765483313.7943003,99,21,19,20,14,3.654815673828125,67.5,69.5,6.629
1765483313.995437,99,16,55,15,16,3.6550636291503906,68.0,69.0,7.578
1765483314.196431,99,16,55,15,16,3.6550636291503906,68.0,69.0,7.578
1765483314.3975163,38,24,20,16,16,3.6544227600097656,67.0,69.5,6.12
1765483314.5987105,38,24,20,16,16,3.6544227600097656,67.0,69.5,6.12
1765483314.7997465,38,24,20,16,16,3.6544227600097656,67.0,69.5,6.12
1765483315.0009189,99,18,19,19,50,3.654754638671875,67.5,69.5,7.42
1765483315.2018864,99,18,19,19,50,3.654754638671875,67.5,69.5,7.42
1765483315.4029953,99,17,22,24,24,3.655078887939453,67.5,70.0,7.843
1765483315.6040492,99,17,22,24,24,3.655078887939453,67.5,70.0,7.843
1765483315.805081,99,17,22,24,24,3.655078887939453,67.5,70.0,7.843
1765483316.0063465,99,19,34,13,10,3.655040740966797,68.0,69.5,7.63
1765483316.2073421,99,19,34,13,10,3.655040740966797,68.0,69.5,7.63
1765483316.4082823,99,30,24,23,36,3.6547012329101562,68.0,69.5,7.697
1765483316.6092553,99,30,24,23,36,3.6547012329101562,68.0,69.5,7.697
1765483316.8103018,99,30,24,23,36,3.6547012329101562,68.0,69.5,7.697
1765483317.0114124,99,10,16,16,43,3.655078887939453,67.5,69.5,7.962
1765483317.2124372,99,10,16,16,43,3.655078887939453,67.5,69.5,7.962
1765483317.4135914,99,25,18,18,29,3.6556434631347656,68.0,70.0,8.45
1765483317.6147554,99,25,18,18,29,3.6556434631347656,68.0,70.0,8.45
1765483317.8159919,99,25,18,18,29,3.6556434631347656,68.0,70.0,8.45
1765483318.0171502,99,14,26,14,10,3.654876708984375,68.0,69.0,7.618
1765483318.218307,99,14,26,14,10,3.654876708984375,68.0,69.0,7.618
1765483318.4194913,99,23,23,56,26,3.6547012329101562,68.0,70.5,7.923
1765483318.6209586,99,23,23,56,26,3.6547012329101562,68.0,70.5,7.923
1765483318.8221364,99,23,23,56,26,3.6547012329101562,68.0,70.5,7.923
1765483319.0231414,99,42,41,44,34,3.6556015014648438,68.5,70.0,8.87
1765483319.2248316,99,42,41,44,34,3.6556015014648438,68.5,70.0,8.87
1765483319.4261034,99,42,41,44,34,3.6556015014648438,68.5,70.0,8.87
1765483319.6272814,99,92,75,69,71,3.6610107421875,68.0,71.5,9.572
1765483319.8284848,99,92,75,69,71,3.6610107421875,68.0,71.5,9.572
1765483320.0296566,99,50,40,47,46,3.661212921142578,68.0,70.0,8.002
1765483320.2307408,99,50,40,47,46,3.661212921142578,68.0,70.0,8.002
1765483320.4317849,99,66,30,36,32,3.661304473876953,68.0,69.0,7.962
1765483320.632905,99,66,30,36,32,3.661304473876953,68.0,69.0,7.962
1765483320.8341513,99,66,30,36,32,3.661304473876953,68.0,69.0,7.962
1765483321.0351598,99,33,21,18,20,3.6625328063964844,68.5,69.5,8.305
1765483321.2380657,99,33,21,18,20,3.6625328063964844,68.5,69.5,8.305
1765483321.439123,99,33,21,18,20,3.6625328063964844,68.5,69.5,8.305
1765483321.6401854,99,30,20,53,22,3.6615982055664062,68.0,70.5,8.108
1765483321.8413074,99,30,20,53,22,3.6615982055664062,68.0,70.5,8.108
1765483322.042308,99,12,18,25,14,3.6617202758789062,68.0,69.0,7.499
1765483322.2432704,99,12,18,25,14,3.6617202758789062,68.0,69.0,7.499
1765483322.444293,99,12,18,25,14,3.6617202758789062,68.0,69.0,7.499
1765483322.6453474,99,38,46,37,26,3.6616783142089844,68.0,69.5,8.385
1765483322.8464372,99,38,46,37,26,3.6616783142089844,68.0,69.5,8.385
1765483323.0474985,99,12,12,14,14,3.66217041015625,68.0,69.0,7.962
1765483323.2564373,99,12,12,14,14,3.66217041015625,68.0,69.0,7.962
1765483323.457456,99,12,12,14,14,3.66217041015625,68.0,69.0,7.962
1765483323.6584523,99,22,22,64,29,3.6613845825195312,68.5,69.5,8.108
1765483323.8595345,99,22,22,64,29,3.6613845825195312,68.5,69.5,8.108
1765483324.0605123,99,14,18,26,14,3.6616744995117188,68.0,69.5,7.843
1765483324.2617044,99,14,18,26,14,3.6616744995117188,68.0,69.5,7.843
1765483324.463534,99,14,18,26,14,3.6616744995117188,68.0,69.5,7.843
1765483324.6645184,99,30,46,35,49,3.6619186401367188,68.5,70.0,9.131
1765483324.86545,99,30,46,35,49,3.6619186401367188,68.5,70.0,9.131
1765483325.0664518,99,17,6,8,9,3.662090301513672,68.0,69.0,7.432
1765483325.267671,99,17,6,8,9,3.662090301513672,68.0,69.0,7.432
1765483325.468787,99,17,6,8,9,3.662090301513672,68.0,69.0,7.432
1765483325.669691,99,36,63,34,26,3.6618270874023438,68.0,69.5,7.658
1765483325.8706028,99,36,63,34,26,3.6618270874023438,68.0,69.5,7.658
1765483326.0714834,99,26,17,16,14,3.66156005859375,68.0,69.0,7.085
1765483326.272505,99,26,17,16,14,3.66156005859375,68.0,69.0,7.085
1765483326.4734821,99,26,17,16,14,3.66156005859375,68.0,69.0,7.085
1765483326.6745284,99,22,20,30,68,3.6625633239746094,68.0,70.0,8.608
1765483326.8756232,99,22,20,30,68,3.6625633239746094,68.0,70.0,8.608
1765483327.0767393,99,12,11,6,11,3.6618804931640625,68.0,69.5,7.352
1765483327.2778413,99,12,11,6,11,3.6618804931640625,68.0,69.5,7.352
1765483327.478809,99,12,11,6,11,3.6618804931640625,68.0,69.5,7.352
1765483327.6798265,99,34,40,33,54,3.661487579345703,68.0,69.5,7.432
1765483327.8810184,99,34,40,33,54,3.661487579345703,68.0,69.5,7.432
1765483328.08212,99,19,18,19,17,3.661724090576172,68.0,69.5,7.006
1765483328.2831693,99,19,18,19,17,3.661724090576172,68.0,69.5,7.006
1765483328.484184,99,19,18,19,17,3.661724090576172,68.0,69.5,7.006
1765483328.6852365,99,20,22,60,26,3.6619491577148438,68.0,70.0,8.226
1765483328.8864305,99,20,22,60,26,3.6619491577148438,68.0,70.0,8.226
1765483329.0874722,99,14,17,10,13,3.661945343017578,67.5,68.5,5.738
1765483329.288756,99,14,17,10,13,3.661945343017578,67.5,68.5,5.738
1765483329.489766,99,14,17,10,13,3.661945343017578,67.5,68.5,5.738
1765483329.6909108,99,36,34,28,62,3.6612777709960938,68.5,69.0,7.245
1765483329.892215,99,36,34,28,62,3.6612777709960938,68.5,69.0,7.245
1765483330.0933716,63,19,15,23,16,3.6623001098632812,67.5,69.5,6.629
1765483330.2945204,63,19,15,23,16,3.6623001098632812,67.5,69.5,6.629
1765483330.4954197,63,19,15,23,16,3.6623001098632812,67.5,69.5,6.629
1765483330.6965683,99,18,16,53,17,3.6615142822265625,68.0,69.0,7.312
1765483330.8975158,99,18,16,53,17,3.6615142822265625,68.0,69.0,7.312
1765483331.0992582,99,25,16,22,18,3.6614303588867188,68.0,69.0,6.009
1765483331.3023422,99,25,16,22,18,3.6614303588867188,68.0,69.0,6.009
1765483331.5035095,99,25,16,22,18,3.6614303588867188,68.0,69.0,6.009
1765483331.7044837,99,24,60,25,32,3.661640167236328,68.5,69.5,7.273
1765483331.9056008,99,24,60,25,32,3.661640167236328,68.5,69.5,7.273
1765483332.108336,99,24,60,25,32,3.661640167236328,68.5,69.5,7.273
1765483332.3093896,18,18,14,21,16,3.6620445251464844,68.0,69.5,6.738
1765483332.5105076,18,18,14,21,16,3.6620445251464844,68.0,69.5,6.738
1765483332.7119386,99,32,42,25,30,3.661773681640625,68.5,69.5,7.392
1765483332.9132445,99,32,42,25,30,3.661773681640625,68.5,69.5,7.392
1765483333.1147401,99,32,42,25,30,3.661773681640625,68.5,69.5,7.392
1765483333.315901,99,23,33,28,22,3.6612396240234375,68.0,69.5,7.511
1765483333.5169106,99,23,33,28,22,3.6612396240234375,68.0,69.5,7.511
1765483333.717899,99,21,20,50,22,3.661579132080078,68.5,69.5,7.883
1765483333.9187703,99,21,20,50,22,3.661579132080078,68.5,69.5,7.883
1765483334.1196692,99,21,20,50,22,3.661579132080078,68.5,69.5,7.883
1765483334.3206828,99,22,33,16,12,3.668895721435547,68.0,69.0,7.233
1765483334.5217912,99,22,33,16,12,3.668895721435547,68.0,69.0,7.233
1765483334.7229095,99,32,33,29,41,3.669261932373047,68.5,69.5,7.816
1765483334.9241598,99,32,33,29,41,3.669261932373047,68.5,69.5,7.816
1765483335.1257057,99,32,33,29,41,3.669261932373047,68.5,69.5,7.816
1765483335.3267694,40,30,18,33,31,3.6750106811523438,67.5,70.5,6.2
1765483335.5278783,40,30,18,33,31,3.6750106811523438,67.5,70.5,6.2
1765483335.7289977,99,23,18,56,21,3.6762542724609375,68.5,69.0,7.989
1765483335.9300508,99,23,18,56,21,3.6762542724609375,68.5,69.0,7.989
1765483336.1312232,99,23,18,56,21,3.6762542724609375,68.5,69.0,7.989
1765483336.3324273,99,19,15,16,18,3.6755294799804688,67.0,69.5,7.046
1765483336.5336313,99,19,15,16,18,3.6755294799804688,67.0,69.5,7.046
1765483336.7346406,99,44,22,24,20,3.67547607421875,68.0,69.0,7.697
1765483336.9357762,99,44,22,24,20,3.67547607421875,68.0,69.0,7.697
1765483337.1368954,99,44,22,24,20,3.67547607421875,68.0,69.0,7.697
1765483337.3378422,99,24,31,28,36,3.675090789794922,68.5,70.0,7.737
1765483337.5388815,99,24,31,28,36,3.675090789794922,68.5,70.0,7.737
1765483337.7401593,99,17,47,15,12,3.676250457763672,68.5,69.5,8.292
1765483337.9411948,99,17,47,15,12,3.676250457763672,68.5,69.5,8.292
1765483338.1423433,99,17,47,15,12,3.676250457763672,68.5,69.5,8.292
1765483338.3434272,99,26,26,19,36,3.6751708984375,68.0,69.5,8.108
1765483338.5443676,99,26,26,19,36,3.6751708984375,68.0,69.5,8.108
1765483338.745335,99,21,26,18,39,3.6748580932617188,68.5,69.5,7.883
1765483338.9463801,99,21,26,18,39,3.6748580932617188,68.5,69.5,7.883
1765483339.147669,99,21,26,18,39,3.6748580932617188,68.5,69.5,7.883
1765483339.348717,99,28,31,32,32,3.6758956909179688,68.5,70.0,8.633
1765483339.549708,99,28,31,32,32,3.6758956909179688,68.5,70.0,8.633
1765483339.7507455,98,14,8,12,30,3.6758346557617188,68.5,69.0,7.459
1765483339.9516504,98,14,8,12,30,3.6758346557617188,68.5,69.0,7.459
1765483340.1528392,98,14,8,12,30,3.6758346557617188,68.5,69.0,7.459
1765483340.3537946,99,32,23,25,54,3.6748275756835938,68.5,69.5,8.081
1765483340.5547085,99,32,23,25,54,3.6748275756835938,68.5,69.5,8.081
1765483340.755663,99,24,14,19,35,3.675212860107422,68.5,69.5,7.697
1765483340.9565866,99,24,14,19,35,3.675212860107422,68.5,69.5,7.697
1765483341.1576025,99,24,14,19,35,3.675212860107422,68.5,69.5,7.697
1765483341.3587413,99,32,38,30,20,3.6756134033203125,68.5,70.0,8.266
1765483341.5597796,99,32,38,30,20,3.6756134033203125,68.5,70.0,8.266
1765483341.7608466,98,26,22,20,18,3.6754379272460938,68.5,69.5,7.658
1765483341.9618506,98,26,22,20,18,3.6754379272460938,68.5,69.5,7.658
1765483342.1628544,98,26,22,20,18,3.6754379272460938,68.5,69.5,7.658
1765483342.363743,99,30,64,32,25,3.6753921508789062,68.0,69.5,8.266
1765483342.5647628,99,30,64,32,25,3.6753921508789062,68.0,69.5,8.266
1765483342.7658286,99,28,26,22,20,3.6754226684570312,68.0,69.5,7.392
1765483342.9668722,99,28,26,22,20,3.6754226684570312,68.0,69.5,7.392
1765483343.1678674,99,28,26,22,20,3.6754226684570312,68.0,69.5,7.392
1765483343.3689003,98,26,23,58,16,3.6757469177246094,68.5,70.5,8.608
1765483343.5699487,98,26,23,58,16,3.6757469177246094,68.5,70.5,8.608
1765483343.7709963,98,26,23,58,16,3.6757469177246094,68.5,70.5,8.608
1765483343.9720254,99,17,18,15,14,3.6757659912109375,68.5,69.5,7.883
1765483344.1731908,99,17,18,15,14,3.6757659912109375,68.5,69.5,7.883
1765483344.374146,99,31,36,23,57,3.6756362915039062,68.0,69.5,8.147
1765483344.5754056,99,31,36,23,57,3.6756362915039062,68.0,69.5,8.147
1765483344.7764792,99,31,36,23,57,3.6756362915039062,68.0,69.5,8.147
1765483344.977465,99,24,12,19,15,3.6756362915039062,68.5,69.5,8.529
1765483345.1785555,99,24,12,19,15,3.6756362915039062,68.5,69.5,8.529
1765483345.3795955,99,55,21,21,24,3.6751747131347656,68.5,69.5,8.385
1765483345.580757,99,55,21,21,24,3.6751747131347656,68.5,69.5,8.385
1765483345.7817855,99,55,21,21,24,3.6751747131347656,68.5,69.5,8.385
1765483345.9830792,99,20,8,13,15,3.6755142211914062,68.5,69.0,7.245
1765483346.1844866,99,20,8,13,15,3.6755142211914062,68.5,69.0,7.245
1765483346.3857822,99,48,28,37,50,3.6746139526367188,68.5,69.5,8.226
1765483346.5868175,99,48,28,37,50,3.6746139526367188,68.5,69.5,8.226
1765483346.7878625,99,48,28,37,50,3.6746139526367188,68.5,69.5,8.226
1765483346.9949448,99,13,18,16,14,3.6762428283691406,68.5,70.0,8.002
1765483347.1960473,99,13,18,16,14,3.6762428283691406,68.5,70.0,8.002
1765483347.3970284,99,24,25,66,19,3.6754379272460938,68.0,69.5,7.432
1765483347.598053,99,24,25,66,19,3.6754379272460938,68.0,69.5,7.432
1765483347.7997403,99,24,25,66,19,3.6754379272460938,68.0,69.5,7.432
1765483348.0025983,99,20,18,19,17,3.675445556640625,68.0,69.0,6.897
1765483348.2046719,99,20,18,19,17,3.675445556640625,68.0,69.0,6.897
1765483348.4056356,99,35,55,21,45,3.6756248474121094,68.5,69.5,8.081
1765483348.6067867,99,35,55,21,45,3.6756248474121094,68.5,69.5,8.081
1765483348.8078246,99,35,55,21,45,3.6756248474121094,68.5,69.5,8.081
1765483349.009201,99,9,8,11,6,3.6754798889160156,68.0,69.5,6.009
1765483349.210411,99,9,8,11,6,3.6754798889160156,68.0,69.5,6.009
1765483349.411697,99,34,60,30,35,3.675434112548828,68.5,69.5,7.352
1765483349.612881,99,34,60,30,35,3.675434112548828,68.5,69.5,7.352
1765483349.8140116,99,34,60,30,35,3.675434112548828,68.5,69.5,7.352
1765483350.015046,50,20,22,14,21,3.6760520935058594,68.0,69.0,5.617
1765483350.216149,50,20,22,14,21,3.6760520935058594,68.0,69.0,5.617
1765483350.4172504,99,28,27,64,33,3.676654815673828,68.5,70.5,8.345
1765483350.6184158,99,28,27,64,33,3.676654815673828,68.5,70.5,8.345
1765483350.8196018,99,28,27,64,33,3.676654815673828,68.5,70.5,8.345
1765483351.0207677,99,8,9,9,12,3.675457000732422,68.0,69.0,6.129
1765483351.2216787,99,8,9,9,12,3.675457000732422,68.0,69.0,6.129
1765483351.4226646,99,45,37,41,34,3.6757164001464844,68.5,69.5,7.312
1765483351.6239731,99,45,37,41,34,3.6757164001464844,68.5,69.5,7.312
1765483351.824983,99,45,37,41,34,3.6757164001464844,68.5,69.5,7.312
1765483352.026036,36,23,16,18,30,3.6757736206054688,68.0,69.5,6.28
1765483352.2270572,36,23,16,18,30,3.6757736206054688,68.0,69.5,6.28
1765483352.4281774,99,16,12,17,51,3.6760597229003906,68.5,69.5,7.697
1765483352.62915,99,16,12,17,51,3.6760597229003906,68.5,69.5,7.697
1765483352.8301067,99,16,12,17,51,3.6760597229003906,68.5,69.5,7.697
1765483353.0313127,99,18,17,29,16,3.675769805908203,68.5,69.5,7.539
1765483353.232422,99,18,17,29,16,3.675769805908203,68.5,69.5,7.539
1765483353.4336991,99,21,25,42,20,3.6758575439453125,68.5,70.0,7.737
1765483353.6347136,99,21,25,42,20,3.6758575439453125,68.5,70.0,7.737
1765483353.835721,99,21,25,42,20,3.6758575439453125,68.5,70.0,7.737
1765483354.0369053,99,27,28,26,28,3.6764564514160156,68.0,70.5,8.042
1765483354.2378683,99,27,28,26,28,3.6764564514160156,68.0,70.5,8.042
1765483354.4389935,99,14,17,34,12,3.675548553466797,68.5,70.0,7.618
1765483354.64067,99,14,17,34,12,3.675548553466797,68.5,70.0,7.618
1765483354.8417842,99,14,17,34,12,3.675548553466797,68.5,70.0,7.618
1765483355.0428486,99,27,49,28,24,3.675811767578125,68.5,69.5,7.962
1765483355.2442849,99,27,49,28,24,3.675811767578125,68.5,69.5,7.962
1765483355.4454448,99,24,43,22,19,3.675811767578125,68.5,70.0,7.923
1765483355.646479,99,24,43,22,19,3.675811767578125,68.5,70.0,7.923
1765483355.847627,99,24,43,22,19,3.675811767578125,68.5,70.0,7.923
1765483356.0486553,99,32,22,26,28,3.6763954162597656,68.5,70.5,8.489
1765483356.24974,99,32,22,26,28,3.6763954162597656,68.5,70.5,8.489
1765483356.4509425,99,32,22,26,28,3.6763954162597656,68.5,70.5,8.489
1765483356.652331,99,19,12,18,25,3.6754150390625,68.5,70.0,7.42
1765483356.8537197,99,19,12,18,25,3.6754150390625,68.5,70.0,7.42
1765483357.055109,99,28,30,30,50,3.6756515502929688,68.5,70.0,7.804
1765483357.2562943,99,28,30,30,50,3.6756515502929688,68.5,70.0,7.804
1765483357.4573216,99,28,30,30,50,3.6756515502929688,68.5,70.0,7.804
1765483357.6587377,99,18,25,28,23,3.675426483154297,68.5,70.0,7.804
1765483357.859994,99,18,25,28,23,3.675426483154297,68.5,70.0,7.804
1765483358.0611231,99,22,48,26,25,3.6759033203125,69.0,70.5,8.529
1765483358.262119,99,22,48,26,25,3.6759033203125,69.0,70.5,8.529
1765483358.4629939,99,22,48,26,25,3.6759033203125,69.0,70.5,8.529
1765483358.663899,99,25,12,19,12,3.675121307373047,68.5,69.5,7.284
1765483358.8651445,99,25,12,19,12,3.675121307373047,68.5,69.5,7.284
1765483359.0665145,99,55,32,22,34,3.6754188537597656,68.5,70.0,8.121
1765483359.2675908,99,55,32,22,34,3.6754188537597656,68.5,70.0,8.121
1765483359.4685862,99,55,32,22,34,3.6754188537597656,68.5,70.0,8.121
1765483359.6697013,99,21,18,18,22,3.675029754638672,68.5,70.0,8.385
1765483359.8707678,99,21,18,18,22,3.675029754638672,68.5,70.0,8.385
1765483360.0717206,99,14,64,15,13,3.675060272216797,68.5,70.0,8.108
1765483360.2727466,99,14,64,15,13,3.675060272216797,68.5,70.0,8.108
1765483360.4737918,99,14,64,15,13,3.675060272216797,68.5,70.0,8.108
1765483360.6748831,99,21,16,18,16,3.674762725830078,69.0,70.0,7.843
1765483360.876247,99,21,16,18,16,3.674762725830078,69.0,70.0,7.843
1765483361.0772355,99,32,62,32,24,3.6751785278320312,68.5,69.5,8.042
1765483361.2781873,99,32,62,32,24,3.6751785278320312,68.5,69.5,8.042
1765483361.479338,99,32,62,32,24,3.6751785278320312,68.5,69.5,8.042
1765483361.680349,99,20,15,12,14,3.6757125854492188,68.5,70.0,8.108
1765483361.8814347,99,20,15,12,14,3.6757125854492188,68.5,70.0,8.108
1765483362.0824485,99,64,25,25,22,3.6752395629882812,68.5,70.5,8.121
1765483362.283715,99,64,25,25,22,3.6752395629882812,68.5,70.5,8.121
1765483362.484843,99,64,25,25,22,3.6752395629882812,68.5,70.5,8.121
1765483362.6858711,98,20,16,18,20,3.675098419189453,68.5,69.5,7.205
1765483362.886988,98,20,16,18,20,3.675098419189453,68.5,69.5,7.205
1765483363.0881245,99,28,37,31,60,3.6752395629882812,68.5,70.5,7.962
1765483363.2891922,99,28,37,31,60,3.6752395629882812,68.5,70.5,7.962
1765483363.4902308,99,28,37,31,60,3.6752395629882812,68.5,70.5,7.962
1765483363.6913705,99,16,6,7,7,3.6757049560546875,68.5,70.0,7.245
1765483363.8925543,99,16,6,7,7,3.6757049560546875,68.5,70.0,7.245
1765483364.0935593,99,22,63,26,24,3.6750221252441406,68.5,69.5,7.312
1765483364.2945366,99,22,63,26,24,3.6750221252441406,68.5,69.5,7.312
1765483364.495554,99,22,63,26,24,3.6750221252441406,68.5,69.5,7.312
1765483364.696592,99,25,18,22,22,3.6754798889160156,68.5,69.5,6.16
1765483364.897626,99,25,18,22,22,3.6754798889160156,68.5,69.5,6.16
1765483365.0986025,99,34,70,22,27,3.676025390625,68.5,70.5,8.305
1765483365.2997007,99,34,70,22,27,3.676025390625,68.5,70.5,8.305
1765483365.5008788,99,34,70,22,27,3.676025390625,68.5,70.5,8.305
1765483365.7020378,66,12,10,11,10,3.675212860107422,68.0,69.5,5.658
1765483365.903387,66,12,10,11,10,3.675212860107422,68.0,69.5,5.658
1765483366.1042454,99,39,39,40,30,3.6754913330078125,68.5,70.0,7.539
1765483366.3053122,99,39,39,40,30,3.6754913330078125,68.5,70.0,7.539
1765483366.5061898,99,39,39,40,30,3.6754913330078125,68.5,70.0,7.539
1765483366.7072363,99,16,25,14,25,3.6773529052734375,68.0,70.0,6.2
1765483366.9082637,99,16,25,14,25,3.6773529052734375,68.0,70.0,6.2
1765483367.1091418,99,16,25,14,25,3.6773529052734375,68.0,70.0,6.2
1765483367.3100832,99,60,21,26,26,3.6779327392578125,68.5,70.0,8.16
1765483367.5110939,99,60,21,26,26,3.6779327392578125,68.5,70.0,8.16
1765483367.7121024,68,14,18,16,18,3.6771888732910156,67.5,70.0,5.778
1765483367.913298,68,14,18,16,18,3.6771888732910156,67.5,70.0,5.778
1765483368.1141906,68,14,18,16,18,3.6771888732910156,67.5,70.0,5.778
1765483368.31533,99,37,56,26,27,3.6777114868164062,68.5,70.0,7.352
1765483368.5164497,99,37,56,26,27,3.6777114868164062,68.5,70.0,7.352
1765483368.7175877,99,25,22,16,16,3.6769981384277344,68.5,70.0,6.629
1765483368.9186137,99,25,22,16,16,3.6769981384277344,68.5,70.0,6.629
1765483369.1195643,99,25,22,16,16,3.6769981384277344,68.5,70.0,6.629
1765483369.3207188,99,22,14,20,57,3.677501678466797,68.5,70.0,7.539
1765483369.5217202,99,22,14,20,57,3.677501678466797,68.5,70.0,7.539
1765483369.7228434,35,19,28,22,14,3.6772193908691406,67.5,69.0,5.969
1765483369.9240332,35,19,28,22,14,3.6772193908691406,67.5,69.0,5.969
1765483370.1250625,35,19,28,22,14,3.6772193908691406,67.5,69.0,5.969
1765483370.3260844,99,26,18,28,53,3.676982879638672,68.5,70.0,7.245
1765483370.527186,99,26,18,28,53,3.676982879638672,68.5,70.0,7.245
1765483370.7289162,99,20,21,24,27,3.678070068359375,68.0,71.5,7.843
1765483370.9300134,99,20,21,24,27,3.678070068359375,68.0,71.5,7.843
1765483371.131035,99,20,21,24,27,3.678070068359375,68.0,71.5,7.843
1765483371.3322358,99,22,20,41,13,3.6776084899902344,68.5,70.5,7.697
1765483371.5331376,99,22,20,41,13,3.6776084899902344,68.5,70.5,7.697
1765483371.734275,99,23,43,31,25,3.6775283813476562,68.0,70.5,7.697
1765483371.9352722,99,23,43,31,25,3.6775283813476562,68.0,70.5,7.697
1765483372.1363213,99,23,43,31,25,3.6775283813476562,68.0,70.5,7.697
1765483372.3374753,99,24,26,44,14,3.67791748046875,69.0,70.0,7.777
1765483372.5384831,99,24,26,44,14,3.67791748046875,69.0,70.0,7.777
1765483372.7396286,99,23,26,27,31,3.6790199279785156,68.5,70.5,8.371
1765483372.94074,99,23,26,27,31,3.6790199279785156,68.5,70.5,8.371
1765483373.1476045,99,23,26,27,31,3.6790199279785156,68.5,70.5,8.371
1765483373.3489654,99,26,16,14,26,3.6785011291503906,68.5,70.5,7.766
1765483373.5499046,99,26,16,14,26,3.6785011291503906,68.5,70.5,7.766
1765483373.7509491,99,34,39,27,22,3.6783409118652344,68.5,70.0,7.884
1765483373.9523082,99,34,39,27,22,3.6783409118652344,68.5,70.0,7.884
1765483374.1533926,99,34,39,27,22,3.6783409118652344,68.5,70.0,7.884
1765483374.3543534,99,31,30,20,16,3.678874969482422,69.0,70.5,8.265
1765483374.5553417,99,31,30,20,16,3.678874969482422,69.0,70.5,8.265
1765483374.7578368,99,12,12,47,15,3.6798057556152344,69.0,71.0,8.003
1765483374.9590175,99,12,12,47,15,3.6798057556152344,69.0,71.0,8.003
1765483375.1602383,99,12,12,47,15,3.6798057556152344,69.0,71.0,8.003
1765483375.3613598,99,26,20,26,22,3.6781959533691406,68.5,70.0,8.081
1765483375.5624259,99,26,20,26,22,3.6781959533691406,68.5,70.0,8.081
1765483375.763558,99,22,20,29,55,3.6779403686523438,68.5,70.5,7.924
1765483375.9644604,99,22,20,29,55,3.6779403686523438,68.5,70.5,7.924
1765483376.1665285,99,22,20,29,55,3.6779403686523438,68.5,70.5,7.924
1765483376.3678339,99,22,18,21,20,3.6788558959960938,69.0,70.5,8.16
1765483376.5692139,99,22,18,21,20,3.6788558959960938,69.0,70.5,8.16
1765483376.7707107,99,22,18,21,20,3.6788558959960938,69.0,70.5,8.16
1765483376.9723852,99,53,25,18,20,3.6782073974609375,68.5,70.0,8.265
1765483377.1734867,99,53,25,18,20,3.6782073974609375,68.5,70.0,8.265
1765483377.3746102,99,27,20,20,19,3.6784744262695312,68.5,70.0,7.142
1765483377.5758028,99,27,20,20,19,3.6784744262695312,68.5,70.0,7.142
1765483377.7769058,99,27,20,20,19,3.6784744262695312,68.5,70.0,7.142
1765483377.977938,99,35,30,35,58,3.6786842346191406,68.5,71.0,8.566
1765483378.179532,99,35,30,35,58,3.6786842346191406,68.5,71.0,8.566
1765483378.3806138,99,13,12,8,10,3.678852081298828,68.5,70.0,8.081
1765483378.5816453,99,13,12,8,10,3.678852081298828,68.5,70.0,8.081
1765483378.7856655,99,13,12,8,10,3.678852081298828,68.5,70.0,8.081
1765483378.9866767,99,27,68,22,24,3.678497314453125,68.5,70.0,8.383
1765483379.1877875,99,27,68,22,24,3.678497314453125,68.5,70.0,8.383
1765483379.389732,99,18,14,23,19,3.6787681579589844,69.0,70.5,7.739
1765483379.5908835,99,18,14,23,19,3.6787681579589844,69.0,70.5,7.739
1765483379.7932162,99,18,14,23,19,3.6787681579589844,69.0,70.5,7.739
1765483379.9942641,99,27,67,31,27,3.6787796020507812,69.0,71.0,8.866
1765483380.1951702,99,27,67,31,27,3.6787796020507812,69.0,71.0,8.866
1765483380.3961978,99,10,8,8,9,3.6785850524902344,68.5,70.0,7.182
1765483380.597334,99,10,8,8,9,3.6785850524902344,68.5,70.0,7.182
1765483380.7986498,99,10,8,8,9,3.6785850524902344,68.5,70.0,7.182
1765483380.9997826,99,35,29,33,68,3.6787796020507812,68.5,70.0,7.976
1765483381.2010689,99,35,29,33,68,3.6787796020507812,68.5,70.0,7.976
1765483381.4020493,99,16,14,19,20,3.6789093017578125,68.5,70.0,7.249
1765483381.6032534,99,16,14,19,20,3.6789093017578125,68.5,70.0,7.249
1765483381.804301,99,16,14,19,20,3.6789093017578125,68.5,70.0,7.249
1765483382.0053334,99,68,22,25,18,3.6797256469726562,69.0,70.5,8.383
1765483382.2064393,99,68,22,25,18,3.6797256469726562,69.0,70.5,8.383
1765483382.4078333,99,17,6,4,13,3.678791046142578,68.5,69.5,6.647
1765483382.6131406,99,17,6,4,13,3.678791046142578,68.5,69.5,6.647
1765483382.8141317,99,17,6,4,13,3.678791046142578,68.5,69.5,6.647
1765483383.0152402,99,34,33,49,45,3.678821563720703,69.0,70.0,7.712
1765483383.2167058,99,34,33,49,45,3.678821563720703,69.0,70.0,7.712
1765483383.4177425,99,22,24,19,16,3.6784591674804688,69.0,69.5,6.349
1765483383.6188312,99,22,24,19,16,3.6784591674804688,69.0,69.5,6.349
1765483383.8198416,99,22,24,19,16,3.6784591674804688,69.0,69.5,6.349
1765483384.021038,99,22,22,23,62,3.6788597106933594,69.0,70.0,7.633
1765483384.2221117,99,22,22,23,62,3.6788597106933594,69.0,70.0,7.633
1765483384.4232645,76,20,13,23,8,3.6789321899414062,68.5,69.5,5.76
1765483384.6247752,76,20,13,23,8,3.6789321899414062,68.5,69.5,5.76
1765483384.8256717,76,20,13,23,8,3.6789321899414062,68.5,69.5,5.76
1765483385.0266795,99,32,59,28,40,3.6787681579589844,69.0,70.0,7.527
1765483385.2278628,99,32,59,28,40,3.6787681579589844,69.0,70.0,7.527
1765483385.4288049,92,14,17,25,23,3.6792869567871094,68.5,70.5,7.063
1765483385.6298935,92,14,17,25,23,3.6792869567871094,68.5,70.5,7.063
1765483385.8309245,92,14,17,25,23,3.6792869567871094,68.5,70.5,7.063
1765483386.0327744,99,20,56,17,25,3.678722381591797,69.0,70.0,7.301
1765483386.233844,99,20,56,17,25,3.678722381591797,69.0,70.0,7.301
1765483386.4351172,99,29,22,22,20,3.6791648864746094,68.5,70.0,5.689
1765483386.6363885,99,29,22,22,20,3.6791648864746094,68.5,70.0,5.689
1765483386.837578,99,29,22,22,20,3.6791648864746094,68.5,70.0,5.689
1765483387.0386899,99,25,24,62,29,3.6790390014648438,69.0,70.0,7.34
1765483387.2397661,99,25,24,62,29,3.6790390014648438,69.0,70.0,7.34
1765483387.4431214,99,25,24,62,29,3.6790390014648438,69.0,70.0,7.34
1765483387.6441858,69,16,24,24,18,3.6794776916503906,68.5,70.0,7.221
1765483387.8452535,69,16,24,24,18,3.6794776916503906,68.5,70.0,7.221
1765483388.046318,99,27,26,22,34,3.6785430908203125,69.0,70.0,7.831
1765483388.2476575,99,27,26,22,34,3.6785430908203125,69.0,70.0,7.831
1765483388.4533432,99,27,26,22,34,3.6785430908203125,69.0,70.0,7.831
1765483388.6587558,99,25,31,36,34,3.6791038513183594,69.0,70.5,7.897
1765483388.8597345,99,25,31,36,34,3.6791038513183594,69.0,70.5,7.897
1765483389.0606792,99,25,16,40,16,3.6790237426757812,69.5,70.0,7.976
1765483389.2615526,99,25,16,40,16,3.6790237426757812,69.5,70.0,7.976
1765483389.4626777,99,25,16,40,16,3.6790237426757812,69.5,70.0,7.976
1765483389.6640465,99,25,27,30,14,3.6793479919433594,69.0,71.0,8.318
1765483389.8651702,99,25,27,30,14,3.6793479919433594,69.0,71.0,8.318
1765483390.066112,99,28,25,20,22,3.6789474487304688,69.0,70.5,7.673
1765483390.2672791,99,28,25,20,22,3.6789474487304688,69.0,70.5,7.673
1765483390.468375,99,28,25,20,22,3.6789474487304688,69.0,70.5,7.673
1765483390.6694021,99,45,25,28,30,3.6788902282714844,69.0,70.0,8.121
1765483390.870514,99,45,25,28,30,3.6788902282714844,69.0,70.0,8.121
1765483391.0716593,99,35,20,19,23,3.679718017578125,69.5,70.5,8.423
1765483391.2727182,99,35,20,19,23,3.679718017578125,69.5,70.5,8.423
1765483391.4736683,99,35,20,19,23,3.679718017578125,69.5,70.5,8.423
1765483391.6754544,99,22,19,21,44,3.6789474487304688,69.0,70.0,7.897
1765483391.876409,99,22,19,21,44,3.6789474487304688,69.0,70.0,7.897
1765483392.0775747,99,16,18,19,20,3.6792030334472656,69.0,70.5,7.447
1765483392.2787745,99,16,18,19,20,3.6792030334472656,69.0,70.5,7.447
1765483392.4800186,99,16,18,19,20,3.6792030334472656,69.0,70.5,7.447
1765483392.6810644,99,37,33,52,26,3.6785240173339844,69.0,71.0,8.16
1765483392.8821902,99,37,33,52,26,3.6785240173339844,69.0,71.0,8.16
1765483393.0833647,98,14,25,15,8,3.6798095703125,69.0,70.5,8.095
1765483393.2843196,98,14,25,15,8,3.6798095703125,69.0,70.5,8.095
1765483393.4853556,98,14,25,15,8,3.6798095703125,69.0,70.5,8.095
1765483393.6865034,99,58,30,20,23,3.678680419921875,69.0,70.5,8.383
1765483393.88766,99,58,30,20,23,3.678680419921875,69.0,70.5,8.383
1765483394.0887606,99,19,14,20,19,3.6791839599609375,69.0,70.0,7.368
1765483394.2896976,99,19,14,20,19,3.6791839599609375,69.0,70.0,7.368
1765483394.4909253,99,19,14,20,19,3.6791839599609375,69.0,70.0,7.368
1765483394.6920168,99,32,49,50,44,3.679840087890625,69.0,71.5,9.141
1765483394.8932507,99,32,49,50,44,3.679840087890625,69.0,71.5,9.141
1765483395.0945694,99,15,13,10,11,3.679058074951172,69.0,70.0,8.16
1765483395.2962844,99,15,13,10,11,3.679058074951172,69.0,70.0,8.16
1765483395.4972615,99,15,13,10,11,3.679058074951172,69.0,70.0,8.16
1765483395.6984148,99,22,28,27,65,3.678997039794922,68.5,70.5,7.87
1765483395.8996964,99,22,28,27,65,3.678997039794922,68.5,70.5,7.87
1765483396.100661,99,21,23,17,18,3.6789703369140625,68.5,70.0,7.447
1765483396.3017137,99,21,23,17,18,3.6789703369140625,68.5,70.0,7.447
1765483396.5028322,99,21,23,17,18,3.6789703369140625,68.5,70.0,7.447
1765483396.7038612,99,57,32,28,22,3.6802902221679688,69.0,71.0,8.984
1765483396.9050562,99,57,32,28,22,3.6802902221679688,69.0,71.0,8.984
1765483397.106541,98,10,9,8,9,3.6789703369140625,69.0,70.0,7.063
1765483397.3077164,98,10,9,8,9,3.6789703369140625,69.0,70.0,7.063
1765483397.5086417,98,10,9,8,9,3.6789703369140625,69.0,70.0,7.063
1765483397.7096105,99,37,36,29,62,3.678546905517578,69.0,70.0,7.897
1765483397.9105997,99,37,36,29,62,3.678546905517578,69.0,70.0,7.897
1765483398.1115928,99,37,36,29,62,3.678546905517578,69.0,70.0,7.897
1765483398.3127108,99,18,19,16,15,3.6789779663085938,69.0,70.5,7.606
1765483398.514026,99,18,19,16,15,3.6789779663085938,69.0,70.5,7.606
1765483398.715002,99,60,26,21,25,3.6799278259277344,69.0,70.5,8.016
1765483398.9160745,99,60,26,21,25,3.6799278259277344,69.0,70.5,8.016
1765483399.117179,99,60,26,21,25,3.6799278259277344,69.0,70.5,8.016
1765483399.3183577,99,16,21,11,9,3.679107666015625,68.5,70.0,6.727
1765483399.519645,99,16,21,11,9,3.679107666015625,68.5,70.0,6.727
1765483399.720829,99,49,30,45,34,3.6791458129882812,69.0,70.5,7.447
1765483399.9218216,99,49,30,45,34,3.6791458129882812,69.0,70.5,7.447
1765483400.1225917,99,49,30,45,34,3.6791458129882812,69.0,70.5,7.447
1765483400.3240855,99,17,10,21,17,3.6788177490234375,68.5,70.0,6.459
1765483400.5251322,99,17,10,21,17,3.6788177490234375,68.5,70.0,6.459
1765483400.726358,99,16,32,49,23,3.6786537170410156,69.0,70.0,7.142
1765483400.9275303,99,16,32,49,23,3.6786537170410156,69.0,70.0,7.142
1765483401.1286314,99,16,32,49,23,3.6786537170410156,69.0,70.0,7.142
1765483401.329753,50,17,21,19,24,3.6790847778320312,68.5,69.5,5.8
1765483401.5306127,50,17,21,19,24,3.6790847778320312,68.5,69.5,5.8
1765483401.7316816,99,30,62,28,24,3.679290771484375,69.0,70.0,7.487
1765483401.9328403,99,30,62,28,24,3.679290771484375,69.0,70.0,7.487
1765483402.1338272,99,30,62,28,24,3.679290771484375,69.0,70.0,7.487
1765483402.334743,82,14,27,15,15,3.6796493530273438,68.5,70.5,6.767
1765483402.5356565,82,14,27,15,15,3.6796493530273438,68.5,70.5,6.767
1765483402.7366655,99,54,24,23,26,3.6787376403808594,69.5,70.5,7.368
1765483402.9377744,99,54,24,23,26,3.6787376403808594,69.5,70.5,7.368
1765483403.1387246,99,54,24,23,26,3.6787376403808594,69.5,70.5,7.368
1765483403.3397975,20,16,29,21,21,3.6790390014648438,68.5,70.0,5.88
1765483403.5409477,20,16,29,21,21,3.6790390014648438,68.5,70.0,5.88
1765483403.742087,99,20,27,62,28,3.6790695190429688,69.0,70.5,7.606
1765483403.943162,99,20,27,62,28,3.6790695190429688,69.0,70.5,7.606
1765483404.1445513,99,20,27,62,28,3.6790695190429688,69.0,70.5,7.606
1765483404.3457417,99,14,24,17,12,3.678924560546875,68.0,70.5,7.593
1765483404.546697,99,14,24,17,12,3.678924560546875,68.0,70.5,7.593
1765483404.747745,99,32,33,40,30,3.6786155700683594,69.5,70.5,8.279
1765483404.9486823,99,32,33,40,30,3.6786155700683594,69.5,70.5,8.279
1765483405.1500983,99,32,33,40,30,3.6786155700683594,69.5,70.5,8.279
1765483405.351236,99,27,38,29,22,3.6792373657226562,69.0,71.5,7.752
1765483405.552311,99,27,38,29,22,3.6792373657226562,69.0,71.5,7.752
1765483405.7532861,99,49,24,26,24,3.679767608642578,69.0,70.5,8.279
1765483405.9542663,99,49,24,26,24,3.679767608642578,69.0,70.5,8.279
1765483406.1555808,99,49,24,26,24,3.679767608642578,69.0,70.5,8.279
1765483406.3568003,99,34,24,19,17,3.6783714294433594,69.0,70.5,8.16
1765483406.5578587,99,34,24,19,17,3.6783714294433594,69.0,70.5,8.16
1765483406.7588408,99,34,21,17,30,3.678638458251953,69.5,70.5,8.2
1765483406.959865,99,34,21,17,30,3.678638458251953,69.5,70.5,8.2
1765483407.1610072,99,34,21,17,30,3.678638458251953,69.5,70.5,8.2
1765483407.3622801,99,29,28,44,28,3.6787109375,69.0,71.0,8.055
1765483407.563382,99,29,28,44,28,3.6787109375,69.0,71.0,8.055
1765483407.764465,99,18,15,36,14,3.679851531982422,69.0,70.5,8.541
1765483407.9655788,99,18,15,36,14,3.679851531982422,69.0,70.5,8.541
1765483408.1666737,99,18,15,36,14,3.679851531982422,69.0,70.5,8.541
1765483408.3678427,99,50,25,20,12,3.6788673400878906,69.0,70.0,8.055
1765483408.5687656,99,50,25,20,12,3.6788673400878906,69.0,70.0,8.055
1765483408.7696652,99,50,25,20,12,3.6788673400878906,69.0,70.0,8.055
1765483408.9705725,99,36,19,10,25,3.6790733337402344,69.0,70.5,7.858
1765483409.180164,99,36,19,10,25,3.6790733337402344,69.0,70.5,7.858
1765483409.381373,99,50,35,28,28,3.68011474609375,69.0,71.0,8.541
1765483409.5824327,99,50,35,28,28,3.68011474609375,69.0,71.0,8.541
1765483409.783348,99,50,35,28,28,3.68011474609375,69.0,71.0,8.541
1765483409.984416,98,15,20,11,10,3.679035186767578,69.5,70.0,7.566
1765483410.1855924,98,15,20,11,10,3.679035186767578,69.5,70.0,7.566
1765483410.386635,99,29,27,22,67,3.679004669189453,69.5,70.5,8.279
1765483410.5878952,99,29,27,22,67,3.679004669189453,69.5,70.5,8.279
1765483410.7889798,99,29,27,22,67,3.679004669189453,69.5,70.5,8.279
1765483410.9900143,99,21,21,14,16,3.6789169311523438,69.0,70.5,7.487
1765483411.1912339,99,21,21,14,16,3.6789169311523438,69.0,70.5,7.487
1765483411.3922365,98,18,38,29,50,3.6799964904785156,69.0,71.0,8.841
1765483411.5932832,98,18,38,29,50,3.6799964904785156,69.0,71.0,8.841
1765483411.7945175,98,18,38,29,50,3.6799964904785156,69.0,71.0,8.841
1765483411.9955046,99,17,8,13,18,3.679035186767578,69.0,70.0,7.712
1765483412.1965241,99,17,8,13,18,3.679035186767578,69.0,70.0,7.712
1765483412.3977976,99,34,65,30,29,3.6787376403808594,69.5,70.5,8.134
1765483412.5989788,99,34,65,30,29,3.6787376403808594,69.5,70.5,8.134
1765483412.80004,99,34,65,30,29,3.6787376403808594,69.5,70.5,8.134
1765483413.0010073,99,14,18,14,18,3.6792869567871094,69.0,70.0,7.791
1765483413.2023098,99,14,18,14,18,3.6792869567871094,69.0,70.0,7.791
1765483413.4033747,99,26,21,63,18,3.679595947265625,69.5,71.0,8.659
1765483413.6045806,99,26,21,63,18,3.679595947265625,69.5,71.0,8.659
1765483413.8057215,99,26,21,63,18,3.679595947265625,69.5,71.0,8.659
1765483414.0067255,99,16,13,18,10,3.6794471740722656,69.5,70.0,7.182
1765483414.20784,99,16,13,18,10,3.6794471740722656,69.5,70.0,7.182
1765483414.4088097,99,42,34,30,55,3.6786155700683594,69.0,71.0,8.383
1765483414.6100414,99,42,34,30,55,3.6786155700683594,69.0,71.0,8.383
1765483414.8110745,99,42,34,30,55,3.6786155700683594,69.0,71.0,8.383
1765483415.012225,99,18,16,16,13,3.6793899536132812,69.5,70.5,7.752
1765483415.2131727,99,18,16,16,13,3.6793899536132812,69.5,70.5,7.752
1765483415.4141734,99,16,53,16,28,3.6791419982910156,69.5,70.5,7.673
1765483415.6154447,99,16,53,16,28,3.6791419982910156,69.5,70.5,7.673
1765483415.8166997,99,16,53,16,28,3.6791419982910156,69.5,70.5,7.673
1765483416.020274,99,16,20,22,17,3.678760528564453,69.0,70.0,7.153
1765483416.2214305,99,16,20,22,17,3.678760528564453,69.0,70.0,7.153
1765483416.4224496,99,29,36,31,56,3.6791725158691406,69.0,70.5,7.566
1765483416.6235104,99,29,36,31,56,3.6791725158691406,69.0,70.5,7.566
1765483416.8247244,99,29,36,31,56,3.6791725158691406,69.0,70.5,7.566
1765483417.0302749,91,15,12,14,8,3.6802139282226562,69.0,70.5,7.42
1765483417.2313201,91,15,12,14,8,3.6802139282226562,69.0,70.5,7.42
1765483417.4322755,99,28,20,30,60,3.6790199279785156,69.0,70.5,7.527
1765483417.6334088,99,28,20,30,60,3.6790199279785156,69.0,70.5,7.527
1765483417.834406,99,28,20,30,60,3.6790199279785156,69.0,70.5,7.527
1765483418.0355036,99,12,17,14,16,3.6793479919433594,69.0,69.5,5.729
1765483418.236969,99,12,17,14,16,3.6793479919433594,69.0,69.5,5.729
1765483418.4379528,99,30,28,69,21,3.6790542602539062,69.5,70.5,7.527
1765483418.6389222,99,30,28,69,21,3.6790542602539062,69.5,70.5,7.527
1765483418.8397954,99,30,28,69,21,3.6790542602539062,69.5,70.5,7.527
1765483419.0418038,9,12,6,13,14,3.6796226501464844,68.5,70.0,5.88
1765483419.2428691,9,12,6,13,14,3.6796226501464844,68.5,70.0,5.88
1765483419.4438555,99,31,33,46,32,3.6790809631347656,69.0,70.5,7.527
1765483419.6450183,99,31,33,46,32,3.6790809631347656,69.0,70.5,7.527
1765483419.8459241,99,31,33,46,32,3.6790809631347656,69.0,70.5,7.527
1765483420.0470471,91,18,22,17,20,3.6791915893554688,68.5,70.0,6.15
1765483420.2483332,91,18,22,17,20,3.6791915893554688,68.5,70.0,6.15
1765483420.4494169,99,29,26,65,28,3.6802749633789062,69.5,71.0,8.397
1765483420.6504588,99,29,26,65,28,3.6802749633789062,69.5,71.0,8.397
1765483420.8515406,99,29,26,65,28,3.6802749633789062,69.5,71.0,8.397
1765483421.0525854,62,16,4,14,8,3.6794891357421875,68.5,70.5,5.729
1765483421.253753,62,16,4,14,8,3.6794891357421875,68.5,70.5,5.729
1765483421.4548798,99,36,34,26,42,3.6791305541992188,69.0,70.0,7.193
1765483421.6561005,99,36,34,26,42,3.6791305541992188,69.0,70.0,7.193
1765483421.8572054,99,36,34,26,42,3.6791305541992188,69.0,70.0,7.193
1765483422.0584238,70,19,24,25,29,3.679027557373047,68.5,70.5,6.419
1765483422.2592804,70,19,24,25,29,3.679027557373047,68.5,70.5,6.419
1765483422.4608252,70,19,24,25,29,3.679027557373047,68.5,70.5,6.419
1765483422.661906,99,23,23,16,53,3.679859161376953,69.5,71.0,8.016
1765483422.8629956,99,23,23,16,53,3.679859161376953,69.5,71.0,8.016
1765483423.064297,99,24,16,24,14,3.67901611328125,69.0,70.5,7.566
1765483423.2651613,99,24,16,24,14,3.67901611328125,69.0,70.5,7.566
1765483423.4662282,99,24,16,24,14,3.67901611328125,69.0,70.5,7.566
1765483423.667739,99,50,27,18,22,3.679119110107422,69.5,70.5,7.87
1765483423.8687022,99,50,27,18,22,3.679119110107422,69.5,70.5,7.87
1765483424.0697777,99,26,30,26,30,3.6793556213378906,69.0,71.0,8.095
1765483424.2706544,99,26,30,26,30,3.6793556213378906,69.0,71.0,8.095
1765483424.4717855,99,26,30,26,30,3.6793556213378906,69.0,71.0,8.095
1765483424.6736348,98,33,9,13,15,3.679340362548828,69.5,70.5,7.633
1765483424.87463,98,33,9,13,15,3.679340362548828,69.5,70.5,7.633
1765483425.075893,99,30,25,37,41,3.6787452697753906,69.0,71.0,8.095
1765483425.2769825,99,30,25,37,41,3.6787452697753906,69.0,71.0,8.095
1765483425.478168,99,30,25,37,41,3.6787452697753906,69.0,71.0,8.095
1765483425.6793387,99,18,20,20,40,3.6791114807128906,69.5,70.5,8.134
1765483425.8806202,99,18,20,20,40,3.6791114807128906,69.5,70.5,8.134
1765483426.081771,99,29,28,28,26,3.6796302795410156,69.5,71.0,8.436
1765483426.2829068,99,29,28,28,26,3.6796302795410156,69.5,71.0,8.436
1765483426.4840765,99,29,28,28,26,3.6796302795410156,69.5,71.0,8.436
1765483426.6850972,99,20,26,18,19,3.6789016723632812,69.5,70.5,7.487
1765483426.8862028,99,20,26,18,19,3.6789016723632812,69.5,70.5,7.487
1765483427.087341,99,25,20,63,24,3.6790237426757812,69.5,71.5,8.055
1765483427.2884307,99,25,20,63,24,3.6790237426757812,69.5,71.5,8.055
1765483427.4894743,99,25,20,63,24,3.6790237426757812,69.5,71.5,8.055
1765483427.6905193,99,21,35,18,18,3.679462432861328,69.5,71.0,7.989
1765483427.8918257,99,21,35,18,18,3.679462432861328,69.5,71.0,7.989
1765483428.0929277,99,26,18,54,18,3.679859161376953,69.5,71.5,8.397
1765483428.2938058,99,26,18,54,18,3.679859161376953,69.5,71.5,8.397
1765483428.4950147,99,26,18,54,18,3.679859161376953,69.5,71.5,8.397
1765483428.6966608,98,18,20,18,16,3.6794281005859375,69.5,70.5,7.487
1765483428.8977492,98,18,20,18,16,3.6794281005859375,69.5,70.5,7.487
1765483429.0988345,99,31,32,28,58,3.6791610717773438,69.0,71.0,8.515
1765483429.2997403,99,31,32,28,58,3.6791610717773438,69.0,71.0,8.515
1765483429.5006707,99,31,32,28,58,3.6791610717773438,69.0,71.0,8.515
1765483429.7017455,99,20,14,18,22,3.679492950439453,69.5,71.0,8.357
1765483429.9026754,99,20,14,18,22,3.679492950439453,69.5,71.0,8.357
1765483430.1041791,99,16,52,27,8,3.6752243041992188,69.5,71.0,8.501
1765483430.3052585,99,16,52,27,8,3.6752243041992188,69.5,71.0,8.501
1765483430.506391,99,16,52,27,8,3.6752243041992188,69.5,71.0,8.501
1765483430.7073557,99,19,20,14,13,3.678466796875,69.5,70.5,7.87
1765483430.908433,99,19,20,14,13,3.678466796875,69.5,70.5,7.87
1765483431.1094234,99,50,37,48,25,3.678577423095703,69.5,71.0,8.029
1765483431.310419,99,50,37,48,25,3.678577423095703,69.5,71.0,8.029
1765483431.5116026,99,50,37,48,25,3.678577423095703,69.5,71.0,8.029
1765483431.71254,99,16,12,21,15,3.679889678955078,69.5,71.0,8.279
1765483431.9134655,99,16,12,21,15,3.679889678955078,69.5,71.0,8.279
1765483432.114316,99,26,20,17,64,3.6788368225097656,69.5,70.5,8.2
1765483432.3153446,99,26,20,17,64,3.6788368225097656,69.5,70.5,8.2
1765483432.516545,99,26,20,17,64,3.6788368225097656,69.5,70.5,8.2
1765483432.7175763,99,25,12,10,21,3.6790428161621094,69.0,70.5,7.114
1765483432.9185894,99,25,12,10,21,3.6790428161621094,69.0,70.5,7.114
1765483433.1194317,99,34,31,33,64,3.6787185668945312,69.5,71.0,8.397
1765483433.3204882,99,34,31,33,64,3.6787185668945312,69.5,71.0,8.397
1765483433.521547,99,34,31,33,64,3.6787185668945312,69.5,71.0,8.397
1765483433.7225232,99,12,7,4,9,3.679607391357422,69.0,70.0,7.487
1765483433.923535,99,12,7,4,9,3.679607391357422,69.0,70.0,7.487
1765483434.1245735,99,12,7,4,9,3.679607391357422,69.0,70.0,7.487
1765483434.325626,99,28,26,76,29,3.679088592529297,69.0,70.5,7.752
1765483434.5267336,99,28,26,76,29,3.679088592529297,69.0,70.5,7.752
1765483434.7278295,99,16,15,10,22,3.67950439453125,69.0,70.5,7.301
1765483434.9290082,99,16,15,10,22,3.67950439453125,69.0,70.5,7.301
1765483435.129883,99,16,15,10,22,3.67950439453125,69.0,70.5,7.301
1765483435.330933,99,26,27,34,60,3.6802291870117188,69.5,71.0,8.659
1765483435.5321927,99,26,27,34,60,3.6802291870117188,69.5,71.0,8.659
1765483435.7332952,99,6,9,13,7,3.679492950439453,69.5,70.5,6.994
1765483435.9344075,99,6,9,13,7,3.679492950439453,69.5,70.5,6.994
1765483436.1354132,99,6,9,13,7,3.679492950439453,69.5,70.5,6.994
1765483436.336514,99,32,39,29,60,3.679492950439453,69.5,71.0,7.606
1765483436.5376453,99,32,39,29,60,3.679492950439453,69.5,71.0,7.606
1765483436.7385685,99,21,15,20,14,3.6798439025878906,69.0,70.5,7.034
1765483436.939872,99,21,15,20,14,3.6798439025878906,69.0,70.5,7.034
1765483437.1412559,99,21,15,20,14,3.6798439025878906,69.0,70.5,7.034
1765483437.3423915,99,22,52,32,22,3.6803512573242188,69.5,71.0,7.949
1765483437.5435014,99,22,52,32,22,3.6803512573242188,69.5,71.0,7.949
1765483437.7449715,99,14,15,20,15,3.6793365478515625,69.0,70.0,5.809
1765483437.9462488,99,14,15,20,15,3.6793365478515625,69.0,70.0,5.809
1765483438.1476305,99,14,15,20,15,3.6793365478515625,69.0,70.0,5.809
1765483438.348765,99,48,54,28,23,3.679767608642578,69.5,70.5,7.685
1765483438.5498176,99,48,54,28,23,3.679767608642578,69.5,70.5,7.685
1765483438.7512448,90,12,16,30,14,3.6795616149902344,69.0,71.0,6.647
1765483438.9525285,90,12,16,30,14,3.6795616149902344,69.0,71.0,6.647
1765483439.153542,90,12,16,30,14,3.6795616149902344,69.0,71.0,6.647
1765483439.3544724,99,18,18,56,17,3.679485321044922,69.5,70.5,7.42
1765483439.5554695,99,18,18,56,17,3.679485321044922,69.5,70.5,7.42
1765483439.7565882,35,20,27,24,17,3.679931640625,69.0,71.0,6.2
1765483439.9577227,35,20,27,24,17,3.679931640625,69.0,71.0,6.2
1765483440.1586385,35,20,27,24,17,3.679931640625,69.0,71.0,6.2
1765483440.3596942,99,32,34,56,21,3.6792984008789062,69.5,71.0,7.34
1765483440.560696,99,32,34,56,21,3.6792984008789062,69.5,71.0,7.34
1765483440.761849,0,22,18,26,28,3.692485809326172,68.5,72.0,5.809
1765483440.9631183,0,22,18,26,28,3.692485809326172,68.5,72.0,5.809
1765483441.1643708,0,22,18,26,28,3.692485809326172,68.5,72.0,5.809
1765483441.3655727,99,20,10,60,19,3.6929664611816406,69.5,70.5,7.566
1765483441.5665648,99,20,10,60,19,3.6929664611816406,69.5,70.5,7.566
1765483441.7675157,0,25,21,17,23,3.693359375,68.0,70.0,4.515
1765483441.968468,0,25,21,17,23,3.693359375,68.0,70.0,4.515
1765483442.1695879,0,25,21,17,23,3.693359375,68.0,70.0,4.515
1765483442.3710508,99,27,31,62,28,3.6544532775878906,69.5,70.5,7.752
1765483442.5722704,99,27,31,62,28,3.6544532775878906,69.5,70.5,7.752
1765483442.7732441,32,20,9,16,8,3.6552352905273438,68.5,71.0,6.379
1765483442.9742558,32,20,9,16,8,3.6552352905273438,68.5,71.0,6.379
1765483443.1752837,32,20,9,16,8,3.6552352905273438,68.5,71.0,6.379
1765483443.3762293,99,26,23,55,32,3.6545677185058594,69.5,71.0,7.459
1765483443.577191,99,26,23,55,32,3.6545677185058594,69.5,71.0,7.459
1765483443.7786248,99,26,14,26,21,3.6545143127441406,69.0,70.5,5.809
1765483443.9797032,99,26,14,26,21,3.6545143127441406,69.0,70.5,5.809
1765483444.1806378,99,26,14,26,21,3.6545143127441406,69.0,70.5,5.809
1765483444.3817677,99,28,59,30,22,3.6551589965820312,69.5,71.0,8.279
1765483444.5828156,99,28,59,30,22,3.6551589965820312,69.5,71.0,8.279
1765483444.7837803,99,28,59,30,22,3.6551589965820312,69.5,71.0,8.279
1765483444.98486,15,8,24,20,8,3.6546363830566406,69.0,70.5,6.349
1765483445.1859035,15,8,24,20,8,3.6546363830566406,69.0,70.5,6.349
1765483445.387171,99,34,49,32,31,3.654888153076172,69.5,71.0,7.725
1765483445.5883534,99,34,49,32,31,3.654888153076172,69.5,71.0,7.725
1765483445.7896874,99,34,49,32,31,3.654888153076172,69.5,71.0,7.725
1765483445.9978273,99,28,32,31,22,3.6547927856445312,68.5,71.0,7.566
1765483446.1988413,99,28,32,31,22,3.6547927856445312,68.5,71.0,7.566
1765483446.3998725,99,46,18,12,18,3.6556472778320312,69.5,71.0,8.476
1765483446.6010387,99,46,18,12,18,3.6556472778320312,69.5,71.0,8.476
1765483446.802059,99,46,18,12,18,3.6556472778320312,69.5,71.0,8.476
1765483447.0031557,99,24,19,30,29,3.6546058654785156,69.5,72.0,7.725
1765483447.2040722,99,24,19,30,29,3.6546058654785156,69.5,72.0,7.725
1765483447.4050655,99,30,21,21,42,3.6551437377929688,69.5,71.0,7.633
1765483447.6059825,99,30,21,21,42,3.6551437377929688,69.5,71.0,7.633
1765483447.8071275,99,30,21,21,42,3.6551437377929688,69.5,71.0,7.633
1765483448.0082114,99,37,26,24,30,3.655162811279297,69.0,71.0,7.91
1765483448.2090669,99,37,26,24,30,3.655162811279297,69.0,71.0,7.91
1765483448.4100857,99,37,13,13,20,3.6553916931152344,69.5,71.0,8.016
1765483448.611142,99,37,13,13,20,3.6553916931152344,69.5,71.0,8.016
1765483448.8124142,99,37,13,13,20,3.6553916931152344,69.5,71.0,8.016
1765483449.0134928,99,18,32,27,28,3.65478515625,69.0,70.5,7.87
1765483449.2147446,99,18,32,27,28,3.65478515625,69.0,70.5,7.87
1765483449.415685,99,21,38,17,23,3.655048370361328,69.5,71.0,8.029
1765483449.6166859,99,21,38,17,23,3.655048370361328,69.5,71.0,8.029
1765483449.8176568,99,21,38,17,23,3.655048370361328,69.5,71.0,8.029
1765483450.0187666,0,38,24,36,22,3.700420379638672,68.0,71.5,4.87
1765483450.2197642,0,38,24,36,22,3.700420379638672,68.0,71.5,4.87
1765483450.4207757,99,17,15,49,14,3.700000762939453,69.5,70.5,7.261
1765483450.621717,99,17,15,49,14,3.700000762939453,69.5,70.5,7.261
1765483450.8230476,99,17,15,49,14,3.700000762939453,69.5,70.5,7.261
1765483451.024255,99,26,22,26,20,3.6496810913085938,69.0,70.5,5.769
1765483451.2251666,99,26,22,26,20,3.6496810913085938,69.0,70.5,5.769
1765483451.4261618,99,27,66,22,18,3.6509475708007812,69.5,70.5,7.42
1765483451.6272573,99,27,66,22,18,3.6509475708007812,69.5,70.5,7.42
1765483451.8285213,99,27,66,22,18,3.6509475708007812,69.5,70.5,7.42
1765483452.0295212,1,18,18,17,17,3.6519851684570312,68.5,71.0,6.499
1765483452.2305145,1,18,18,17,17,3.6519851684570312,68.5,71.0,6.499
1765483452.4314082,99,25,25,26,49,3.650798797607422,69.5,70.5,7.459
1765483452.6324856,99,25,25,26,49,3.650798797607422,69.5,70.5,7.459
1765483452.8335147,99,25,25,26,49,3.650798797607422,69.5,70.5,7.459
1765483453.034548,99,14,26,40,22,3.6511001586914062,69.5,71.0,7.447
1765483453.2358305,99,14,26,40,22,3.6511001586914062,69.5,71.0,7.447
1765483453.4369166,99,24,17,28,50,3.6511611938476562,69.5,71.0,8.436
1765483453.6380196,99,24,17,28,50,3.6511611938476562,69.5,71.0,8.436
1765483453.8426614,99,24,17,28,50,3.6511611938476562,69.5,71.0,8.436
1765483454.043691,99,25,28,22,14,3.650836944580078,69.5,71.0,7.989
1765483454.2449625,99,25,28,22,14,3.650836944580078,69.5,71.0,7.989
1765483454.4459264,99,40,22,19,26,3.6511611938476562,69.5,71.0,7.791
1765483454.6470387,99,40,22,19,26,3.6511611938476562,69.5,71.0,7.791
1765483454.8482244,99,40,22,19,26,3.6511611938476562,69.5,71.0,7.791
1765483455.0495095,99,36,32,49,32,3.651470184326172,69.5,71.5,8.397
1765483455.2506368,99,36,32,49,32,3.651470184326172,69.5,71.5,8.397
1765483455.4517057,99,64,61,53,61,3.6603736877441406,70.0,72.5,9.815
1765483455.652691,99,64,61,53,61,3.6603736877441406,70.0,72.5,9.815
1765483455.8537595,99,64,61,53,61,3.6603736877441406,70.0,72.5,9.815
1765483456.0549843,99,26,27,53,29,3.660003662109375,69.5,71.5,8.252
1765483456.2558842,99,26,27,53,29,3.660003662109375,69.5,71.5,8.252
1765483456.4568872,99,26,27,53,29,3.660003662109375,69.5,71.5,8.252
1765483456.657764,99,22,19,32,21,3.6610984802246094,69.5,70.5,7.712
1765483456.858884,99,22,19,32,21,3.6610984802246094,69.5,70.5,7.712
1765483457.0603197,99,36,41,39,28,3.6607437133789062,69.5,71.0,8.279
1765483457.2613401,99,36,41,39,28,3.6607437133789062,69.5,71.0,8.279
1765483457.4622562,99,36,41,39,28,3.6607437133789062,69.5,71.0,8.279
1765483457.6631548,99,10,26,24,26,3.6619491577148438,69.5,71.5,8.029
1765483457.8644783,99,10,26,24,26,3.6619491577148438,69.5,71.5,8.029
1765483458.0655267,99,21,38,19,46,3.6631011962890625,69.5,71.0,8.055
1765483458.2667496,99,21,38,19,46,3.6631011962890625,69.5,71.0,8.055
1765483458.4677465,99,21,38,19,46,3.6631011962890625,69.5,71.0,8.055
1765483458.6687071,99,25,32,28,26,3.663604736328125,69.5,70.5,7.38
1765483458.8696902,99,25,32,28,26,3.663604736328125,69.5,70.5,7.38
1765483459.0707178,99,32,28,41,50,3.6642417907714844,70.0,72.0,8.88
1765483459.271796,99,32,28,41,50,3.6642417907714844,70.0,72.0,8.88
1765483459.4730184,99,32,28,41,50,3.6642417907714844,70.0,72.0,8.88
1765483459.674027,99,26,14,14,12,3.663776397705078,69.5,71.0,7.193
1765483459.8751824,99,26,14,14,12,3.663776397705078,69.5,71.0,7.193
1765483460.0762937,98,29,64,34,27,3.6638641357421875,69.5,71.0,8.318
1765483460.2773898,98,29,64,34,27,3.6638641357421875,69.5,71.0,8.318
1765483460.4784863,98,29,64,34,27,3.6638641357421875,69.5,71.0,8.318
1765483460.6794586,99,26,22,24,26,3.6639556884765625,69.5,71.0,7.91
1765483460.8805993,99,26,22,24,26,3.6639556884765625,69.5,71.0,7.91
1765483461.0816245,99,25,56,22,32,3.6643409729003906,70.0,71.0,8.841
1765483461.2826416,99,25,56,22,32,3.6643409729003906,70.0,71.0,8.841
1765483461.4837508,99,25,56,22,32,3.6643409729003906,70.0,71.0,8.841
1765483461.6849773,99,23,20,17,12,3.6638870239257812,69.5,71.0,7.606
1765483461.885888,99,23,20,17,12,3.6638870239257812,69.5,71.0,7.606
1765483462.0870368,99,60,35,32,31,3.6635475158691406,69.5,71.0,7.897
1765483462.2883801,99,60,35,32,31,3.6635475158691406,69.5,71.0,7.897
1765483462.489416,99,60,35,32,31,3.6635475158691406,69.5,71.0,7.897
1765483462.6904032,99,22,28,25,26,3.6642227172851562,70.0,71.0,7.764
1765483462.8914988,99,22,28,25,26,3.6642227172851562,70.0,71.0,7.764
1765483463.0949078,99,23,23,65,20,3.6643638610839844,69.5,71.5,8.737
1765483463.2960882,99,23,23,65,20,3.6643638610839844,69.5,71.5,8.737
1765483463.4971697,99,23,23,65,20,3.6643638610839844,69.5,71.5,8.737
1765483463.698202,98,21,21,19,23,3.6641502380371094,69.5,71.0,7.499
1765483463.8993843,98,21,21,19,23,3.6641502380371094,69.5,71.0,7.499
1765483464.1004388,99,30,39,61,29,3.664165496826172,69.5,71.5,8.095
1765483464.3014898,99,30,39,61,29,3.664165496826172,69.5,71.5,8.095
1765483464.5024972,99,30,39,61,29,3.664165496826172,69.5,71.5,8.095
1765483464.7037914,99,25,21,35,23,3.6650314331054688,69.5,71.5,7.989
1765483464.905083,99,25,21,35,23,3.6650314331054688,69.5,71.5,7.989
1765483465.1061153,99,53,27,12,34,3.6644744873046875,69.5,71.0,8.292
1765483465.3070982,99,53,27,12,34,3.6644744873046875,69.5,71.0,8.292
1765483465.5082803,99,53,27,12,34,3.6644744873046875,69.5,71.0,8.292
1765483465.7249928,96,18,26,19,14,3.6641502380371094,69.5,70.5,6.349
1765483465.9261572,96,18,26,19,14,3.6641502380371094,69.5,70.5,6.349
1765483466.1270504,99,29,73,40,32,3.664386749267578,69.5,71.0,8.134
1765483466.3282626,99,29,73,40,32,3.664386749267578,69.5,71.0,8.134
1765483466.533374,99,29,73,40,32,3.664386749267578,69.5,71.0,8.134
1765483466.7345173,99,19,12,13,16,3.6648902893066406,69.0,70.5,6.499
1765483466.9355304,99,19,12,13,16,3.6648902893066406,69.0,70.5,6.499
1765483467.136481,99,46,47,36,29,3.66497802734375,69.5,71.5,8.055
1765483467.3373654,99,46,47,36,29,3.66497802734375,69.5,71.5,8.055
1765483467.5382843,99,46,47,36,29,3.66497802734375,69.5,71.5,8.055
1765483467.740419,32,22,22,26,29,3.665088653564453,69.0,70.5,5.8
1765483467.9428241,32,22,22,26,29,3.665088653564453,69.0,70.5,5.8
1765483468.1437404,99,35,74,37,40,3.6653823852539062,70.0,72.0,8.998
1765483468.3477461,99,35,74,37,40,3.6653823852539062,70.0,72.0,8.998
1765483468.5486913,99,35,74,37,40,3.6653823852539062,70.0,72.0,8.998
1765483468.7496076,99,19,12,12,21,3.6650848388671875,69.5,71.0,6.687
1765483468.9508386,99,19,12,12,21,3.6650848388671875,69.5,71.0,6.687
1765483469.1518579,99,48,31,54,32,3.665008544921875,69.5,71.0,7.831
1765483469.3529646,99,48,31,54,32,3.665008544921875,69.5,71.0,7.831
1765483469.5538802,99,48,31,54,32,3.665008544921875,69.5,71.0,7.831
1765483469.7550135,0,28,26,18,37,3.667896270751953,69.0,71.0,6.578
1765483469.95603,0,28,26,18,37,3.667896270751953,69.0,71.0,6.578
1765483470.1573305,0,28,26,18,37,3.667896270751953,69.0,71.0,6.578
1765483470.3584003,99,20,33,24,64,3.6686744689941406,70.0,71.5,8.555
1765483470.5593977,99,20,33,24,64,3.6686744689941406,70.0,71.5,8.555
1765483470.7611628,99,18,28,24,18,3.67022705078125,69.0,70.5,6.886
1765483470.962274,99,18,28,24,18,3.67022705078125,69.0,70.5,6.886
1765483471.163564,99,18,28,24,18,3.67022705078125,69.0,70.5,6.886
1765483471.364748,99,31,30,31,52,3.670166015625,70.0,71.0,7.989
1765483471.5658038,99,31,30,31,52,3.670166015625,70.0,71.0,7.989
1765483471.7668793,99,34,22,32,24,3.6701583862304688,69.0,71.5,7.685
1765483471.9678295,99,34,22,32,24,3.6701583862304688,69.0,71.5,7.685
1765483472.1688926,99,34,22,32,24,3.6701583862304688,69.0,71.5,7.685
1765483472.3700786,99,56,19,14,17,3.6715011596679688,70.0,71.0,8.619
1765483472.5709827,99,56,19,14,17,3.6715011596679688,70.0,71.0,8.619
1765483472.7721252,99,28,34,32,18,3.670391082763672,69.5,71.0,7.725
1765483472.9731452,99,28,34,32,18,3.670391082763672,69.5,71.0,7.725
1765483473.1742969,99,28,34,32,18,3.670391082763672,69.5,71.0,7.725
1765483473.3753934,99,18,52,27,24,3.6705093383789062,70.0,71.0,8.016
1765483473.5765214,99,18,52,27,24,3.6705093383789062,70.0,71.0,8.016
1765483473.7776368,99,29,34,36,31,3.671375274658203,70.0,71.5,8.594
1765483473.9785526,99,29,34,36,31,3.671375274658203,70.0,71.5,8.594
1765483474.1797466,99,29,34,36,31,3.671375274658203,70.0,71.5,8.594
1765483474.3808916,98,20,17,42,15,3.670734405517578,69.5,71.0,7.831
1765483474.5820339,98,20,17,42,15,3.670734405517578,69.5,71.0,7.831
1765483474.7830994,99,48,28,27,46,3.670299530029297,69.5,71.0,8.174
1765483474.9845903,99,48,28,27,46,3.670299530029297,69.5,71.0,8.174
1765483475.1856287,99,48,28,27,46,3.670299530029297,69.5,71.0,8.174
1765483475.3867095,99,22,28,38,27,3.6709060668945312,70.0,71.0,8.055
1765483475.5877638,99,22,28,38,27,3.6709060668945312,70.0,71.0,8.055
1765483475.788934,99,26,38,48,21,3.6706390380859375,69.5,71.5,8.555
1765483475.9898202,99,26,38,48,21,3.6706390380859375,69.5,71.5,8.555
1765483476.1909437,99,26,38,48,21,3.6706390380859375,69.5,71.5,8.555
1765483476.3920543,98,23,23,19,22,3.670551300048828,70.0,71.0,7.949
1765483476.5931592,98,23,23,19,22,3.670551300048828,70.0,71.0,7.949
1765483476.7943053,99,26,27,22,67,3.6702613830566406,70.0,71.5,8.213
1765483476.9952202,99,26,27,22,67,3.6702613830566406,70.0,71.5,8.213
1765483477.1968236,99,26,27,22,67,3.6702613830566406,70.0,71.5,8.213
1765483477.398574,99,23,30,26,28,3.6702919006347656,70.0,71.0,8.279
1765483477.6000187,99,23,30,26,28,3.6702919006347656,70.0,71.0,8.279
1765483477.8011367,99,20,32,55,22,3.6705093383789062,70.0,72.0,8.698
1765483478.0026703,99,20,32,55,22,3.6705093383789062,70.0,72.0,8.698
1765483478.203779,99,20,32,55,22,3.6705093383789062,70.0,72.0,8.698
1765483478.4047399,99,20,23,31,25,3.670612335205078,70.0,71.5,8.134
1765483478.6058974,99,20,23,31,25,3.670612335205078,70.0,71.5,8.134
1765483478.8068657,99,44,45,36,34,3.670612335205078,70.0,71.5,8.397
1765483479.007963,99,44,45,36,34,3.670612335205078,70.0,71.5,8.397
1765483479.2096086,99,44,45,36,34,3.670612335205078,70.0,71.5,8.397
1765483479.410645,99,18,29,21,24,3.671398162841797,70.0,71.5,8.58
1765483479.6116242,99,18,29,21,24,3.671398162841797,70.0,71.5,8.58
1765483479.812714,99,20,24,21,58,3.670703887939453,69.5,71.0,8.068
1765483480.01366,99,20,24,21,58,3.670703887939453,69.5,71.0,8.068
1765483480.2147157,99,20,24,21,58,3.670703887939453,69.5,71.0,8.068
1765483480.415827,98,23,22,18,32,3.6703147888183594,69.5,71.0,7.153
1765483480.6170235,98,23,22,18,32,3.6703147888183594,69.5,71.0,7.153
1765483480.8179708,99,27,46,50,31,3.670673370361328,70.0,71.0,7.831
1765483481.0191965,99,27,46,50,31,3.670673370361328,70.0,71.0,7.831
1765483481.2203975,99,27,46,50,31,3.670673370361328,70.0,71.0,7.831
1765483481.421384,99,22,15,21,13,3.6712646484375,70.0,71.5,7.989
1765483481.6224632,99,22,15,21,13,3.6712646484375,70.0,71.5,7.989
1765483481.823419,99,22,15,21,13,3.6712646484375,70.0,71.5,7.989
1765483482.0246572,99,32,18,63,24,3.6701278686523438,70.0,71.0,7.831
1765483482.22586,99,32,18,63,24,3.6701278686523438,70.0,71.0,7.831
1765483482.4270527,99,27,19,20,16,3.6706581115722656,70.0,71.0,7.034
1765483482.6325884,99,27,19,20,16,3.6706581115722656,70.0,71.0,7.034
1765483482.8337839,99,27,19,20,16,3.6706581115722656,70.0,71.0,7.034
1765483483.0347219,99,33,31,68,27,3.6707687377929688,70.0,71.0,8.213
1765483483.235779,99,33,31,68,27,3.6707687377929688,70.0,71.0,8.213
1765483483.4368742,99,10,14,8,14,3.670745849609375,69.5,70.5,6.08
1765483483.6379802,99,10,14,8,14,3.670745849609375,69.5,70.5,6.08
1765483483.8390248,99,10,14,8,14,3.670745849609375,69.5,70.5,6.08
1765483484.040108,99,55,21,36,27,3.670269012451172,69.5,70.5,7.114
1765483484.241205,99,55,21,36,27,3.670269012451172,69.5,70.5,7.114
1765483484.4429955,33,27,25,18,21,3.6708602905273438,69.5,70.5,5.849
1765483484.6450763,33,27,25,18,21,3.6708602905273438,69.5,70.5,5.849
1765483484.8463912,33,27,25,18,21,3.6708602905273438,69.5,70.5,5.849
1765483485.0474656,99,29,27,34,67,3.671600341796875,70.0,71.5,8.555
1765483485.2489853,99,29,27,34,67,3.671600341796875,70.0,71.5,8.555
1765483485.450211,99,20,29,18,12,3.671092987060547,69.0,71.0,6.499
1765483485.6512628,99,20,29,18,12,3.671092987060547,69.0,71.0,6.499
1765483485.8521814,99,20,29,18,12,3.671092987060547,69.0,71.0,6.499
1765483486.0532446,99,54,28,36,28,3.6703529357910156,70.0,71.0,7.38
1765483486.2542644,99,54,28,36,28,3.6703529357910156,70.0,71.0,7.38
1765483486.4555936,42,29,28,27,19,3.6711196899414062,69.5,71.0,6.16
1765483486.6567419,42,29,28,27,19,3.6711196899414062,69.5,71.0,6.16
1765483486.8576975,42,29,28,27,19,3.6711196899414062,69.5,71.0,6.16
1765483487.058789,99,25,20,57,18,3.6716957092285156,70.5,71.5,7.87
1765483487.2597191,99,25,20,57,18,3.6716957092285156,70.5,71.5,7.87
1765483487.4608715,71,25,31,27,32,3.6706886291503906,69.5,71.0,7.193
1765483487.6619732,71,25,31,27,32,3.6706886291503906,69.5,71.0,7.193
1765483487.863082,71,25,31,27,32,3.6706886291503906,69.5,71.0,7.193
1765483488.0641308,99,26,23,22,48,3.671031951904297,70.0,71.0,7.725
1765483488.265166,99,26,23,22,48,3.671031951904297,70.0,71.0,7.725
1765483488.4662607,99,38,38,27,39,3.671314239501953,69.5,72.5,8.134
1765483488.6690807,99,38,38,27,39,3.671314239501953,69.5,72.5,8.134
1765483488.8703017,99,38,38,27,39,3.671314239501953,69.5,72.5,8.134
1765483489.0714989,99,14,12,46,14,3.6707763671875,70.0,71.0,7.87
1765483489.272524,99,14,12,46,14,3.6707763671875,70.0,71.0,7.87
1765483489.4737344,99,45,37,33,34,3.6710739135742188,70.0,71.5,7.949
1765483489.6744971,99,45,37,33,34,3.6710739135742188,70.0,71.5,7.949
1765483489.8756125,99,45,37,33,34,3.6710739135742188,70.0,71.5,7.949
1765483490.0767927,99,46,14,19,22,3.671161651611328,70.0,71.0,8.174
1765483490.2777975,99,46,14,19,22,3.671161651611328,70.0,71.0,8.174
1765483490.4787712,99,37,41,31,28,3.6717262268066406,70.0,72.0,8.659
1765483490.6797833,99,37,41,31,28,3.6717262268066406,70.0,72.0,8.659
1765483490.8808455,99,37,41,31,28,3.6717262268066406,70.0,72.0,8.659
1765483491.0818768,99,16,20,25,14,3.670940399169922,70.0,71.0,7.606
1765483491.2828403,99,16,20,25,14,3.670940399169922,70.0,71.0,7.606
1765483491.4839637,99,36,50,41,33,3.6713104248046875,70.0,71.0,8.174
1765483491.6850634,99,36,50,41,33,3.6713104248046875,70.0,71.0,8.174
1765483491.8861883,99,36,50,41,33,3.6713104248046875,70.0,71.0,8.174
1765483492.08725,99,22,20,25,33,3.6711196899414062,70.0,71.0,8.174
1765483492.288488,99,22,20,25,33,3.6711196899414062,70.0,71.0,8.174
1765483492.4895692,99,25,42,35,30,3.6716270446777344,70.0,71.0,8.318
1765483492.6906505,99,25,42,35,30,3.6716270446777344,70.0,71.0,8.318
1765483492.8916101,99,25,42,35,30,3.6716270446777344,70.0,71.0,8.318
1765483493.092639,99,24,16,18,17,3.6710548400878906,70.0,71.0,7.34
1765483493.2937346,99,24,16,18,17,3.6710548400878906,70.0,71.0,7.34
1765483493.4946787,99,24,16,18,17,3.6710548400878906,70.0,71.0,7.34
1765483493.6956701,98,40,59,46,32,3.670970916748047,70.0,71.0,8.292
1765483493.896761,98,40,59,46,32,3.670970916748047,70.0,71.0,8.292
1765483494.0981765,99,19,17,17,16,3.6720542907714844,70.5,71.0,8.292
1765483494.2995946,99,19,17,17,16,3.6720542907714844,70.5,71.0,8.292
1765483494.5004902,99,19,17,17,16,3.6720542907714844,70.5,71.0,8.292
1765483494.7013843,99,32,30,54,38,3.670970916748047,69.5,71.5,8.292
1765483494.9024177,99,32,30,54,38,3.670970916748047,69.5,71.5,8.292
1765483495.1033022,99,21,18,20,18,3.6711769104003906,70.0,71.0,7.764
1765483495.30464,99,21,18,20,18,3.6711769104003906,70.0,71.0,7.764
1765483495.5056,99,21,18,20,18,3.6711769104003906,70.0,71.0,7.764
1765483495.7066283,98,53,47,36,34,3.6710586547851562,70.5,71.0,8.213
1765483495.9076395,98,53,47,36,34,3.6710586547851562,70.5,71.0,8.213
1765483496.108711,99,15,10,13,9,3.6719322204589844,70.0,71.5,7.87
1765483496.3096662,99,15,10,13,9,3.6719322204589844,70.0,71.5,7.87
1765483496.5108597,99,15,10,13,9,3.6719322204589844,70.0,71.5,7.87
1765483496.7121675,99,33,31,26,61,3.6711463928222656,70.0,71.0,7.87
1765483496.9133337,99,33,31,26,61,3.6711463928222656,70.0,71.0,7.87
1765483497.1144433,98,16,18,16,14,3.6711463928222656,70.0,71.0,7.153
1765483497.3155234,98,16,18,16,14,3.6711463928222656,70.0,71.0,7.153
1765483497.5164905,98,16,18,16,14,3.6711463928222656,70.0,71.0,7.153
1765483497.7175152,99,53,39,37,72,3.671398162841797,70.0,71.5,8.476
1765483497.9186687,99,53,39,37,72,3.671398162841797,70.0,71.5,8.476
1765483498.1197839,99,8,4,8,4,3.6713104248046875,70.0,71.0,7.193
1765483498.32115,99,8,4,8,4,3.6713104248046875,70.0,71.0,7.193
1765483498.5221214,99,8,4,8,4,3.6713104248046875,70.0,71.0,7.193
1765483498.7231512,99,34,30,66,44,3.6710586547851562,70.0,71.0,7.527
1765483498.9244232,99,34,30,66,44,3.6710586547851562,70.0,71.0,7.527
1765483499.12566,90,22,18,22,14,3.6712646484375,70.0,70.5,6.727
1765483499.3267066,90,22,18,22,14,3.6712646484375,70.0,70.5,6.727
1765483499.5278738,90,22,18,22,14,3.6712646484375,70.0,70.5,6.727
1765483499.728938,99,29,33,70,36,3.6720619201660156,70.0,71.5,8.095
1765483499.92987,99,29,33,70,36,3.6720619201660156,70.0,71.5,8.095
1765483500.130796,99,17,12,11,4,3.6714248657226562,69.5,70.5,6.04
1765483500.3321316,99,17,12,11,4,3.6714248657226562,69.5,70.5,6.04
1765483500.533212,99,17,12,11,4,3.6714248657226562,69.5,70.5,6.04
1765483500.734208,99,61,44,50,60,3.671276092529297,70.0,71.0,7.685
1765483500.9353244,99,61,44,50,60,3.671276092529297,70.0,71.0,7.685
1765483501.1363318,99,18,25,26,12,3.6708908081054688,69.5,70.5,5.809
1765483501.3374372,99,18,25,26,12,3.6708908081054688,69.5,70.5,5.809
1765483501.539041,99,18,25,26,12,3.6708908081054688,69.5,70.5,5.809
1765483501.740237,99,28,66,26,20,3.6682281494140625,70.0,71.5,8.213
1765483501.9412947,99,28,66,26,20,3.6682281494140625,70.0,71.5,8.213
1765483502.1424925,99,10,17,16,18,3.669281005859375,69.5,71.0,6.509
1765483502.343482,99,10,17,16,18,3.669281005859375,69.5,71.0,6.509
1765483502.5447116,99,10,17,16,18,3.669281005859375,69.5,71.0,6.509
1765483502.745672,99,50,38,47,54,3.668994903564453,70.0,71.0,7.459
1765483502.946712,99,50,38,47,54,3.668994903564453,70.0,71.0,7.459
1765483503.1490047,20,22,31,20,20,3.6699676513671875,69.5,72.0,6.658
1765483503.350103,20,22,31,20,20,3.6699676513671875,69.5,72.0,6.658
1765483503.5511584,20,22,31,20,20,3.6699676513671875,69.5,72.0,6.658
1765483503.7523541,99,40,14,38,38,3.6691970825195312,70.0,71.0,7.301
1765483503.953678,99,40,14,38,38,3.6691970825195312,70.0,71.0,7.301
1765483504.1547387,99,40,14,38,38,3.6691970825195312,70.0,71.0,7.301
1765483504.3561382,99,25,27,41,24,3.6689910888671875,70.0,71.0,7.843
1765483504.5570323,99,25,27,41,24,3.6689910888671875,70.0,71.0,7.843
1765483504.758083,99,54,40,28,26,3.6693153381347656,70.5,71.5,8.134
1765483504.959039,99,54,40,28,26,3.6693153381347656,70.5,71.5,8.134
1765483505.1603212,99,54,40,28,26,3.6693153381347656,70.5,71.5,8.134
1765483505.3614314,99,28,24,20,28,3.6699066162109375,70.0,72.0,8.279
1765483505.5623336,99,28,24,20,28,3.6699066162109375,70.0,72.0,8.279
1765483505.7633202,99,24,26,41,27,3.66949462890625,70.5,71.0,7.949
1765483505.9643023,99,24,26,41,27,3.66949462890625,70.5,71.0,7.949
1765483506.165655,99,24,26,41,27,3.66949462890625,70.5,71.0,7.949
1765483506.3667772,99,38,49,30,32,3.6697006225585938,70.5,71.5,8.476
1765483506.5680246,99,38,49,30,32,3.6697006225585938,70.5,71.5,8.476
1765483506.7691164,98,42,22,26,14,3.66949462890625,70.5,71.5,7.949
1765483506.9700308,98,42,22,26,14,3.66949462890625,70.5,71.5,7.949
1765483507.171246,98,42,22,26,14,3.66949462890625,70.5,71.5,7.949
1765483507.3723087,99,41,35,23,22,3.6702919006347656,70.5,71.5,8.659
1765483507.5733163,99,41,35,23,22,3.6702919006347656,70.5,71.5,8.659
1765483507.7743733,99,27,26,29,28,3.669872283935547,70.0,71.5,8.029
1765483507.9756515,99,27,26,29,28,3.669872283935547,70.0,71.5,8.029
1765483508.1766903,99,27,26,29,28,3.669872283935547,70.0,71.5,8.029
1765483508.3775153,99,50,30,31,38,3.6694564819335938,70.0,71.5,8.555
1765483508.5785913,99,50,30,31,38,3.6694564819335938,70.0,71.5,8.555
1765483508.77967,98,33,18,27,18,3.6707305908203125,70.5,71.5,8.055
1765483508.9809206,98,33,18,27,18,3.6707305908203125,70.5,71.5,8.055
1765483509.1822882,98,33,18,27,18,3.6707305908203125,70.5,71.5,8.055
1765483509.3833702,99,18,32,52,32,3.6694412231445312,70.5,72.0,8.698
1765483509.584488,99,18,32,52,32,3.6694412231445312,70.5,72.0,8.698
1765483509.78564,99,22,15,23,20,3.6694869995117188,70.0,70.5,7.114
1765483509.9869318,99,22,15,23,20,3.6694869995117188,70.0,70.5,7.114
1765483510.1882749,99,22,15,23,20,3.6694869995117188,70.0,70.5,7.114
1765483510.389237,99,41,42,38,55,3.683116912841797,70.5,72.0,8.476
1765483510.5902295,99,41,42,38,55,3.683116912841797,70.5,72.0,8.476
1765483510.7913344,98,14,12,15,28,3.683929443359375,70.0,71.5,8.068
1765483510.9923935,98,14,12,15,28,3.683929443359375,70.0,71.5,8.068
1765483511.193638,98,14,12,15,28,3.683929443359375,70.0,71.5,8.068
1765483511.3945873,99,24,35,22,60,3.6831893920898438,70.0,71.5,8.318
1765483511.5956917,99,24,35,22,60,3.6831893920898438,70.0,71.5,8.318
1765483511.796736,99,26,21,21,27,3.678752899169922,70.0,71.0,7.38
1765483511.997724,99,26,21,21,27,3.678752899169922,70.0,71.0,7.38
1765483512.1986897,99,26,21,21,27,3.678752899169922,70.0,71.0,7.38
1765483512.3996613,99,41,54,38,34,3.6825714111328125,70.0,72.0,8.998
1765483512.600607,99,41,54,38,34,3.6825714111328125,70.0,72.0,8.998
1765483512.8016968,99,17,14,13,12,3.6831626892089844,70.0,71.0,7.791
1765483513.002673,99,17,14,13,12,3.6831626892089844,70.0,71.0,7.791
1765483513.2038233,99,17,14,13,12,3.6831626892089844,70.0,71.0,7.791
1765483513.405017,98,35,26,37,68,3.683116912841797,70.0,71.5,8.331
1765483513.6062016,98,35,26,37,68,3.683116912841797,70.0,71.5,8.331
1765483513.80712,99,19,20,19,18,3.683307647705078,70.0,71.0,7.831
1765483514.0081666,99,19,20,19,18,3.683307647705078,70.0,71.0,7.831
1765483514.209279,99,19,20,19,18,3.683307647705078,70.0,71.0,7.831
1765483514.4103696,99,30,54,35,43,3.6837844848632812,70.5,72.5,9.077
1765483514.6114407,99,30,54,35,43,3.6837844848632812,70.5,72.5,9.077
1765483514.8126729,99,30,54,35,43,3.6837844848632812,70.5,72.5,9.077
1765483515.0152059,99,16,12,16,20,3.6834869384765625,70.0,71.0,7.764
1765483515.2171767,99,16,12,16,20,3.6834869384765625,70.0,71.0,7.764
1765483515.418231,99,44,43,66,36,3.6829910278320312,70.5,71.0,8.213
1765483515.6193776,99,44,43,66,36,3.6829910278320312,70.5,71.0,8.213
1765483515.8203127,99,44,43,66,36,3.6829910278320312,70.5,71.0,8.213
1765483516.0212526,99,25,16,12,20,3.6834678649902344,70.5,71.0,7.539
1765483516.2223659,99,25,16,12,20,3.6834678649902344,70.5,71.0,7.539
1765483516.4234114,99,30,28,55,40,3.683612823486328,70.5,71.5,8.856
1765483516.6244602,99,30,28,55,40,3.683612823486328,70.5,71.5,8.856
1765483516.8255565,99,30,28,55,40,3.683612823486328,70.5,71.5,8.856
1765483517.0267713,98,16,13,8,12,3.6829299926757812,70.5,71.5,7.233
1765483517.2279007,98,16,13,8,12,3.6829299926757812,70.5,71.5,7.233
1765483517.4290462,99,42,55,48,56,3.682861328125,70.5,71.5,8.476
1765483517.6301644,99,42,55,48,56,3.682861328125,70.5,71.5,8.476
1765483517.8312995,99,42,55,48,56,3.682861328125,70.5,71.5,8.476
1765483518.0323076,99,22,12,14,16,3.6831016540527344,70.5,71.5,7.459
1765483518.2333722,99,22,12,14,16,3.6831016540527344,70.5,71.5,7.459
1765483518.4343548,99,34,34,19,56,3.6831207275390625,70.5,71.5,7.606
1765483518.6352994,99,34,34,19,56,3.6831207275390625,70.5,71.5,7.606
1765483518.8362842,99,34,34,19,56,3.6831207275390625,70.5,71.5,7.606
1765483519.0373769,96,21,16,21,20,3.6834449768066406,70.5,71.0,6.578
1765483519.2385457,96,21,16,21,20,3.6834449768066406,70.5,71.0,6.578
1765483519.4396331,99,53,37,61,36,3.683269500732422,70.5,71.5,7.566
1765483519.6406121,99,53,37,61,36,3.683269500732422,70.5,71.5,7.566
1765483519.8415015,99,53,37,61,36,3.683269500732422,70.5,71.5,7.566
1765483520.0425994,74,16,22,10,13,3.683734893798828,70.0,71.5,6.429
1765483520.2436175,74,16,22,10,13,3.683734893798828,70.0,71.5,6.429
1765483520.4447484,99,34,24,60,29,3.683147430419922,70.5,71.5,7.499
1765483520.6462727,99,34,24,60,29,3.683147430419922,70.5,71.5,7.499
1765483520.8472986,99,34,24,60,29,3.683147430419922,70.5,71.5,7.499
1765483521.0485454,99,22,21,21,16,3.6832809448242188,69.5,71.0,6.11
1765483521.2495086,99,22,21,21,16,3.6832809448242188,69.5,71.0,6.11
1765483521.4505577,99,43,32,35,68,3.6833953857421875,70.0,72.0,7.87
1765483521.651683,99,43,32,35,68,3.6833953857421875,70.0,72.0,7.87
1765483521.852681,99,43,32,35,68,3.6833953857421875,70.0,72.0,7.87
1765483522.0538752,95,17,19,12,15,3.6837387084960938,69.5,71.5,6.429
1765483522.2548597,95,17,19,12,15,3.6837387084960938,69.5,71.5,6.429
1765483522.4557395,99,53,37,31,31,3.683086395263672,70.5,71.5,7.38
1765483522.656983,99,53,37,31,31,3.683086395263672,70.5,71.5,7.38
1765483522.8579087,99,53,37,31,31,3.683086395263672,70.5,71.5,7.38
1765483523.0590038,62,26,21,21,30,3.6833267211914062,69.5,71.5,6.618
1765483523.2605321,62,26,21,21,30,3.6833267211914062,69.5,71.5,6.618
1765483523.4615414,99,42,33,24,56,3.6837387084960938,70.5,72.5,8.777
1765483523.6625931,99,42,33,24,56,3.6837387084960938,70.5,72.5,8.777
1765483523.8636289,99,42,33,24,56,3.6837387084960938,70.5,72.5,8.777
1765483524.064645,99,19,25,16,12,3.6827774047851562,70.0,72.0,7.725
1765483524.2658489,99,19,25,16,12,3.6827774047851562,70.0,72.0,7.725
1765483524.4668002,99,41,45,43,25,3.6833648681640625,70.5,71.5,8.174
1765483524.6677852,99,41,45,43,25,3.6833648681640625,70.5,71.5,8.174
1765483524.868857,99,41,45,43,25,3.6833648681640625,70.5,71.5,8.174
1765483525.06995,99,28,35,25,23,3.6829681396484375,70.0,71.5,7.87
1765483525.2712345,99,28,35,25,23,3.6829681396484375,70.0,71.5,7.87
1765483525.472893,99,28,35,25,23,3.6829681396484375,70.0,71.5,7.87
1765483525.674144,99,21,45,19,25,3.6838607788085938,70.5,72.0,8.737
1765483525.8752685,99,21,45,19,25,3.6838607788085938,70.5,72.0,8.737
1765483526.076628,99,25,30,32,16,3.6829147338867188,70.0,71.5,7.949
1765483526.2776914,99,25,30,32,16,3.6829147338867188,70.0,71.5,7.949
1765483526.4786723,99,25,30,32,16,3.6829147338867188,70.0,71.5,7.949
1765483526.679691,99,32,44,27,27,3.6829986572265625,70.0,71.5,7.712
1765483526.880928,99,32,44,27,27,3.6829986572265625,70.0,71.5,7.712
1765483527.0822558,99,28,32,41,33,3.683391571044922,70.0,72.0,8.619
1765483527.2833714,99,28,32,41,33,3.683391571044922,70.0,72.0,8.619
1765483527.4846125,99,28,32,41,33,3.683391571044922,70.0,72.0,8.619
1765483527.6855648,99,26,23,29,26,3.6834945678710938,70.5,71.5,8.213
1765483527.8867092,99,26,23,29,26,3.6834945678710938,70.5,71.5,8.213
1765483528.0878427,99,20,28,56,27,3.6835670471191406,70.5,72.0,7.87
1765483528.288828,99,20,28,56,27,3.6835670471191406,70.5,72.0,7.87
1765483528.4898736,99,20,28,56,27,3.6835670471191406,70.5,72.0,7.87
1765483528.6909933,99,24,22,34,25,3.6831588745117188,70.0,71.5,7.539
1765483528.8922257,99,24,22,34,25,3.6831588745117188,70.0,71.5,7.539
1765483529.0933619,99,51,36,22,28,3.683856964111328,70.0,72.0,8.659
1765483529.294323,99,51,36,22,28,3.683856964111328,70.0,72.0,8.659
1765483529.4953032,99,51,36,22,28,3.683856964111328,70.0,72.0,8.659
1765483529.6963308,99,24,21,19,12,3.6834030151367188,70.0,71.5,7.38
1765483529.8975139,99,24,21,19,12,3.6834030151367188,70.0,71.5,7.38
1765483530.0985336,99,31,24,25,73,3.6836090087890625,70.0,72.0,8.318
1765483530.2996824,99,31,24,25,73,3.6836090087890625,70.0,72.0,8.318
1765483530.500688,99,31,24,25,73,3.6836090087890625,70.0,72.0,8.318
1765483530.7015984,99,20,24,16,27,3.683147430419922,70.0,71.5,7.725
1765483530.903035,99,20,24,16,27,3.683147430419922,70.0,71.5,7.725
1765483531.104266,99,30,33,28,56,3.684436798095703,70.5,72.0,8.841
1765483531.3053424,99,30,33,28,56,3.684436798095703,70.5,72.0,8.841
1765483531.5064003,99,30,33,28,56,3.684436798095703,70.5,72.0,8.841
1765483531.7073336,99,34,18,16,20,3.6831626892089844,70.5,71.5,7.989
1765483531.9084954,99,34,18,16,20,3.6831626892089844,70.5,71.5,7.989
1765483532.1093845,99,35,31,28,56,3.682689666748047,70.5,71.5,7.91
1765483532.3104627,99,35,31,28,56,3.682689666748047,70.5,71.5,7.91
1765483532.511615,99,35,31,28,56,3.682689666748047,70.5,71.5,7.91
1765483532.712631,99,18,20,30,25,3.683368682861328,70.5,71.5,8.174
1765483532.9135888,99,18,20,30,25,3.683368682861328,70.5,71.5,8.174
1765483533.1148415,98,19,15,60,20,3.6834259033203125,70.5,71.5,8.331
1765483533.3158565,98,19,15,60,20,3.6834259033203125,70.5,71.5,8.331
1765483533.5171053,98,19,15,60,20,3.6834259033203125,70.5,71.5,8.331
1765483533.7181437,99,20,26,19,19,3.6834487915039062,70.5,71.0,7.193
1765483533.919284,99,20,26,19,19,3.6834487915039062,70.5,71.0,7.193
1765483534.1203775,99,43,43,39,34,3.6832008361816406,70.5,71.5,7.949
1765483534.3214407,99,43,43,39,34,3.6832008361816406,70.5,71.5,7.949
1765483534.5227606,99,43,43,39,34,3.6832008361816406,70.5,71.5,7.949
1765483534.7238123,99,19,29,18,30,3.683879852294922,70.0,71.5,8.029
1765483534.9250104,99,19,29,18,30,3.683879852294922,70.0,71.5,8.029
1765483535.1261716,99,31,18,54,24,3.6832542419433594,70.5,71.5,7.725
1765483535.3272889,99,31,18,54,24,3.6832542419433594,70.5,71.5,7.725
1765483535.528505,99,31,18,54,24,3.6832542419433594,70.5,71.5,7.725
1765483535.730169,99,26,19,25,22,3.6835708618164062,70.0,71.0,6.926
1765483535.9313214,99,26,19,25,22,3.6835708618164062,70.0,71.0,6.926
1765483536.1323488,99,26,19,25,22,3.6835708618164062,70.0,71.0,6.926
1765483536.3334248,99,30,26,66,35,3.683422088623047,70.5,71.5,7.91
1765483536.534373,99,30,26,66,35,3.683422088623047,70.5,71.5,7.91
1765483536.7356017,97,14,14,20,11,3.683734893798828,70.0,71.5,6.698
1765483536.9367,97,14,14,20,11,3.683734893798828,70.0,71.5,6.698
1765483537.1377857,97,14,14,20,11,3.683734893798828,70.0,71.5,6.698
1765483537.339627,99,33,27,30,61,3.6826133728027344,70.5,71.5,7.34
1765483537.5406644,99,33,27,30,61,3.6826133728027344,70.5,71.5,7.34
1765483537.7420547,99,23,21,35,32,3.6830978393554688,69.5,71.0,5.698
1765483537.9432373,99,23,21,35,32,3.6830978393554688,69.5,71.0,5.698
1765483538.144277,99,23,21,35,32,3.6830978393554688,69.5,71.0,5.698
1765483538.3453417,99,31,29,46,50,3.6838035583496094,70.5,71.5,8.555
1765483538.546771,99,31,29,46,50,3.6838035583496094,70.5,71.5,8.555
1765483538.7504635,99,12,12,16,14,3.683025360107422,69.5,71.0,6.2
1765483538.9514382,99,12,12,16,14,3.683025360107422,69.5,71.0,6.2
1765483539.1525512,99,12,12,16,14,3.683025360107422,69.5,71.0,6.2
1765483539.3535447,99,34,34,52,44,3.6831703186035156,70.5,72.0,7.527
1765483539.5544128,99,34,34,52,44,3.6831703186035156,70.5,72.0,7.527
1765483539.7555068,17,18,25,42,14,3.6832656860351562,70.0,71.5,6.12
1765483539.9569638,17,18,25,42,14,3.6832656860351562,70.0,71.5,6.12
1765483540.1580055,17,18,25,42,14,3.6832656860351562,70.0,71.5,6.12
1765483540.3589706,99,28,24,52,22,3.6839027404785156,70.5,71.5,8.2
1765483540.5599031,99,28,24,52,22,3.6839027404785156,70.5,71.5,8.2
1765483540.7610295,99,28,20,26,28,3.6832618713378906,69.5,71.5,7.459
1765483540.962194,99,28,20,26,28,3.6832618713378906,69.5,71.5,7.459
1765483541.1632311,99,28,20,26,28,3.6832618713378906,69.5,71.5,7.459
1765483541.3643858,99,20,31,28,36,3.6829185485839844,70.5,71.5,8.436
1765483541.5653114,99,20,31,28,36,3.6829185485839844,70.5,71.5,8.436
1765483541.7664561,99,41,33,33,31,3.683349609375,70.0,72.0,8.108
1765483541.9673688,99,41,33,33,31,3.683349609375,70.0,72.0,8.108
1765483542.1685863,99,41,33,33,31,3.683349609375,70.0,72.0,8.108
1765483542.3699226,99,21,50,10,14,3.683837890625,70.5,72.5,8.555
1765483542.5710208,99,21,50,10,14,3.683837890625,70.5,72.5,8.555
1765483542.7722015,99,31,35,31,42,3.6833763122558594,70.0,71.0,8.213
1765483542.973181,99,31,35,31,42,3.6833763122558594,70.0,71.0,8.213
1765483543.1742373,99,31,35,31,42,3.6833763122558594,70.0,71.0,8.213
1765483543.3754606,99,26,40,21,10,3.6834793090820312,70.5,71.5,8.331
1765483543.5764925,99,26,40,21,10,3.6834793090820312,70.5,71.5,8.331
1765483543.7776375,99,37,28,28,39,3.6839027404785156,70.5,72.5,8.619
1765483543.9788048,99,37,28,28,39,3.6839027404785156,70.5,72.5,8.619
1765483544.1798635,99,37,28,28,39,3.6839027404785156,70.5,72.5,8.619
1765483544.3810024,98,26,25,19,23,3.683460235595703,70.5,72.0,8.41
1765483544.581946,98,26,25,19,23,3.683460235595703,70.5,72.0,8.41
1765483544.7829218,99,38,33,52,32,3.683460235595703,70.5,72.5,8.292
1765483544.9842343,99,38,33,52,32,3.683460235595703,70.5,72.5,8.292
1765483545.1854765,99,38,33,52,32,3.683460235595703,70.5,72.5,8.292
1765483545.3866014,99,31,26,37,25,3.6832199096679688,70.5,72.0,8.594
1765483545.5876107,99,31,26,37,25,3.6832199096679688,70.5,72.0,8.594
1765483545.7888796,99,31,26,37,25,3.6832199096679688,70.5,72.0,8.594
1765483545.9898105,99,38,20,34,27,3.68341064453125,70.5,72.5,8.476
1765483546.1908762,99,38,20,34,27,3.68341064453125,70.5,72.5,8.476
1765483546.3917968,99,16,23,24,12,3.683185577392578,70.5,72.0,7.831
1765483546.5928278,99,16,23,24,12,3.683185577392578,70.5,72.0,7.831
1765483546.7937655,99,16,23,24,12,3.683185577392578,70.5,72.0,7.831
1765483546.9947507,99,28,62,29,26,3.6834182739257812,70.5,71.5,8.095
1765483547.1960497,99,28,62,29,26,3.6834182739257812,70.5,71.5,8.095
1765483547.397108,99,23,33,28,31,3.6834793090820312,70.5,72.0,8.555
1765483547.598388,99,23,33,28,31,3.6834793090820312,70.5,72.0,8.555
1765483547.7993867,99,23,33,28,31,3.6834793090820312,70.5,72.0,8.555
1765483548.0005405,99,20,58,19,25,3.6834640502929688,70.0,72.5,8.594
1765483548.2017255,99,20,58,19,25,3.6834640502929688,70.0,72.5,8.594
1765483548.4027646,99,22,20,20,25,3.6831512451171875,70.5,71.5,7.685
1765483548.6063347,99,22,20,20,25,3.6831512451171875,70.5,71.5,7.685
1765483548.8074484,99,22,20,20,25,3.6831512451171875,70.5,71.5,7.685
1765483549.0085788,98,38,67,29,30,3.68353271484375,70.5,71.5,8.397
1765483549.2096758,98,38,67,29,30,3.68353271484375,70.5,71.5,8.397
1765483549.410737,99,20,14,22,26,3.6842994689941406,70.5,72.5,8.92
1765483549.6117113,99,20,14,22,26,3.6842994689941406,70.5,72.5,8.92
1765483549.8127096,99,20,14,22,26,3.6842994689941406,70.5,72.5,8.92
1765483550.0138376,99,58,22,18,24,3.683349609375,70.5,71.5,8.174
1765483550.2149966,99,58,22,18,24,3.683349609375,70.5,71.5,8.174
1765483550.4163635,99,20,28,25,22,3.6833534240722656,70.5,72.0,7.949
1765483550.6174164,99,20,28,25,22,3.6833534240722656,70.5,72.0,7.949
1765483550.81851,99,20,28,25,22,3.6833534240722656,70.5,72.0,7.949
1765483551.0194628,99,36,38,56,32,3.6826171875,70.5,71.5,8.252
1765483551.220458,99,36,38,56,32,3.6826171875,70.5,71.5,8.252
1765483551.421367,99,18,15,24,19,3.6839599609375,70.5,72.0,8.108
1765483551.6225228,99,18,15,24,19,3.6839599609375,70.5,72.0,8.108
1765483551.823693,99,18,15,24,19,3.6839599609375,70.5,72.0,8.108
1765483552.024533,99,36,62,25,18,3.683624267578125,70.5,72.0,8.147
1765483552.2258909,99,36,62,25,18,3.683624267578125,70.5,72.0,8.147
1765483552.426857,99,20,20,19,30,3.6833534240722656,70.5,71.5,7.606
1765483552.627845,99,20,20,19,30,3.6833534240722656,70.5,71.5,7.606
1765483552.8290632,99,20,20,19,30,3.6833534240722656,70.5,71.5,7.606
1765483553.0300436,99,29,32,67,30,3.6838035583496094,70.5,72.0,8.331
1765483553.2312505,99,29,32,67,30,3.6838035583496094,70.5,72.0,8.331
1765483553.432248,99,23,12,8,8,3.6840591430664062,70.5,71.5,7.074
1765483553.6333983,99,23,12,8,8,3.6840591430664062,70.5,71.5,7.074
1765483553.8342538,99,23,12,8,8,3.6840591430664062,70.5,71.5,7.074
1765483554.0354135,99,36,30,30,62,3.6835365295410156,70.5,71.5,7.539
1765483554.2367852,99,36,30,30,62,3.6835365295410156,70.5,71.5,7.539
1765483554.4378476,99,22,28,22,20,3.683696746826172,70.0,71.0,6.349
1765483554.638774,99,22,28,22,20,3.683696746826172,70.0,71.0,6.349
1765483554.8397558,99,22,28,22,20,3.683696746826172,70.0,71.0,6.349
1765483555.0407612,99,27,67,25,30,3.6844215393066406,70.5,71.5,8.252
1765483555.2420876,99,27,67,25,30,3.6844215393066406,70.5,71.5,8.252
1765483555.4430087,41,18,17,22,12,3.683307647705078,70.0,71.0,6.269
1765483555.6454132,41,18,17,22,12,3.683307647705078,70.0,71.0,6.269
1765483555.8464084,41,18,17,22,12,3.683307647705078,70.0,71.0,6.269
1765483556.0476058,99,50,32,48,34,3.6833534240722656,70.5,71.5,7.459
1765483556.2487402,99,50,32,48,34,3.6833534240722656,70.5,71.5,7.459
1765483556.449726,99,22,20,30,22,3.6835479736328125,70.0,71.5,6.658
1765483556.6508129,99,22,20,30,22,3.6835479736328125,70.0,71.5,6.658
1765483556.8520997,99,22,20,30,22,3.6835479736328125,70.0,71.5,6.658
1765483557.0530515,99,56,29,27,23,3.6840667724609375,70.5,71.5,7.949
1765483557.254078,99,56,29,27,23,3.6840667724609375,70.5,71.5,7.949
1765483557.4553616,99,56,29,27,23,3.6840667724609375,70.5,71.5,7.949
1765483557.6568408,13,23,23,38,33,3.6831321716308594,70.0,71.5,6.389
1765483557.8579924,13,23,23,38,33,3.6831321716308594,70.0,71.5,6.389
1765483558.0590365,99,31,32,23,55,3.6832962036132812,70.5,71.5,7.301
1765483558.2603192,99,31,32,23,55,3.6832962036132812,70.5,71.5,7.301
1765483558.4613898,99,31,32,23,55,3.6832962036132812,70.5,71.5,7.301
1765483558.662398,99,26,33,36,26,3.684467315673828,70.0,72.0,7.989
1765483558.8633554,99,26,33,36,26,3.684467315673828,70.0,72.0,7.989
1765483559.0645444,99,18,42,12,19,3.6833229064941406,71.0,72.0,8.068
1765483559.2656043,99,18,42,12,19,3.6833229064941406,71.0,72.0,8.068
1765483559.4681418,99,18,42,12,19,3.6833229064941406,71.0,72.0,8.068
1765483559.669166,99,35,34,36,23,3.683685302734375,70.5,73.0,8.213
1765483559.8700957,99,35,34,36,23,3.683685302734375,70.5,73.0,8.213
1765483560.071099,99,21,22,20,45,3.6836624145507812,70.5,72.0,8.055
1765483560.2723022,99,21,22,20,45,3.6836624145507812,70.5,72.0,8.055
1765483560.4778302,99,21,22,20,45,3.6836624145507812,70.5,72.0,8.055
1765483560.678965,99,36,32,34,51,3.684101104736328,70.5,72.5,8.659
1765483560.8798769,99,36,32,34,51,3.684101104736328,70.5,72.5,8.659
1765483561.081126,99,16,26,25,24,3.6834335327148438,70.5,71.5,7.566
1765483561.282007,99,16,26,25,24,3.6834335327148438,70.5,71.5,7.566
1765483561.483165,99,16,26,25,24,3.6834335327148438,70.5,71.5,7.566
1765483561.6843472,99,49,36,36,30,3.6838035583496094,70.5,71.5,8.068
1765483561.8852737,99,49,36,36,30,3.6838035583496094,70.5,71.5,8.068
1765483562.0863771,98,40,12,19,19,3.6835975646972656,71.0,71.5,7.949
1765483562.2873392,98,40,12,19,19,3.6835975646972656,71.0,71.5,7.949
1765483562.488471,98,40,12,19,19,3.6835975646972656,71.0,71.5,7.949
1765483562.6894805,99,22,23,53,28,3.684276580810547,70.0,72.5,8.436
1765483562.890466,99,22,23,53,28,3.684276580810547,70.0,72.5,8.436
1765483563.09158,99,18,20,19,18,3.6836509704589844,70.5,71.5,7.843
1765483563.2924795,99,18,20,19,18,3.6836509704589844,70.5,71.5,7.843
1765483563.493585,99,18,20,19,18,3.6836509704589844,70.5,71.5,7.843
1765483563.6947489,99,40,30,28,70,3.68353271484375,71.0,72.0,8.213
1765483563.8959615,99,40,30,28,70,3.68353271484375,71.0,72.0,8.213
1765483564.097106,98,24,27,18,19,3.6841163635253906,70.5,72.5,8.357
1765483564.298416,98,24,27,18,19,3.6841163635253906,70.5,72.5,8.357
1765483564.499368,98,24,27,18,19,3.6841163635253906,70.5,72.5,8.357
1765483564.7003398,99,20,66,17,26,3.683757781982422,70.5,71.5,8.331
1765483564.901329,99,20,66,17,26,3.683757781982422,70.5,71.5,8.331
1765483565.1023886,99,19,21,18,20,3.6838035583496094,70.5,71.5,7.539
1765483565.3033864,99,19,21,18,20,3.6838035583496094,70.5,71.5,7.539
1765483565.5046887,99,19,21,18,20,3.6838035583496094,70.5,71.5,7.539
1765483565.7057223,98,64,32,30,38,3.6832809448242188,70.5,72.0,8.331
1765483565.9068859,98,64,32,30,38,3.6832809448242188,70.5,72.0,8.331
1765483566.1081603,99,14,19,15,16,3.6846580505371094,70.5,71.5,8.515
1765483566.3091881,99,14,19,15,16,3.6846580505371094,70.5,71.5,8.515
1765483566.5102818,99,14,19,15,16,3.6846580505371094,70.5,71.5,8.515
1765483566.711265,99,45,68,28,30,3.683452606201172,71.0,72.0,8.252
1765483566.912423,99,45,68,28,30,3.683452606201172,71.0,72.0,8.252
1765483567.1134636,99,45,68,28,30,3.683452606201172,71.0,72.0,8.252
1765483567.3144994,99,12,19,23,20,3.6839752197265625,70.5,71.5,7.685
1765483567.515614,99,12,19,23,20,3.6839752197265625,70.5,71.5,7.685
1765483567.7165282,98,52,48,44,46,3.6837539672851562,71.0,72.0,8.633
1765483567.9174378,98,52,48,44,46,3.6837539672851562,71.0,72.0,8.633
1765483568.1183667,98,52,48,44,46,3.6837539672851562,71.0,72.0,8.633
1765483568.3192794,99,17,8,11,6,3.6840362548828125,70.0,71.5,7.606
1765483568.5202475,99,17,8,11,6,3.6840362548828125,70.0,71.5,7.606
1765483568.7212532,99,38,34,34,70,3.6841087341308594,71.0,72.0,8.213
1765483568.922318,99,38,34,34,70,3.6841087341308594,71.0,72.0,8.213
1765483569.1232991,99,38,34,34,70,3.6841087341308594,71.0,72.0,8.213
1765483569.3245392,99,21,14,14,18,3.6834487915039062,70.5,71.5,7.193
1765483569.5256424,99,21,14,14,18,3.6834487915039062,70.5,71.5,7.193
1765483569.726791,99,33,75,34,27,3.6846656799316406,70.5,72.5,8.659
1765483569.927843,99,33,75,34,27,3.6846656799316406,70.5,72.5,8.659
1765483570.1289442,99,33,75,34,27,3.6846656799316406,70.5,72.5,8.659
1765483570.3300366,99,15,10,4,10,3.6838912963867188,70.5,71.5,7.459
1765483570.5311003,99,15,10,4,10,3.6838912963867188,70.5,71.5,7.459
1765483570.732185,99,48,26,65,36,3.683910369873047,70.5,71.5,7.725
1765483570.9334211,99,48,26,65,36,3.683910369873047,70.5,71.5,7.725
1765483571.134582,99,48,26,65,36,3.683910369873047,70.5,71.5,7.725
