ts,gpu,cpu1,cpu2,cpu3,cpu4,ram,temp_gpu,temp_cpu,power
1765478903.613704,0,38,26,43,33,3.5445404052734375,26.5,28.5,4.78
1765478903.8150969,99,76,88,38,62,3.542095184326172,27.0,29.0,7.934
1765478904.0166829,99,76,88,38,62,3.542095184326172,27.0,29.0,7.934
1765478904.2180922,99,76,88,38,62,3.542095184326172,27.0,29.0,7.934
1765478904.4192433,99,27,43,25,23,3.5428390502929688,27.0,28.5,7.36
1765478904.6205404,99,27,43,25,23,3.5428390502929688,27.0,28.5,7.36
1765478904.8222485,99,27,43,25,23,3.5428390502929688,27.0,28.5,7.36
1765478905.0233037,99,16,41,35,21,3.526744842529297,27.0,28.5,7.32
1765478905.2249293,99,16,41,35,21,3.526744842529297,27.0,28.5,7.32
1765478905.4264088,99,16,41,35,21,3.526744842529297,27.0,28.5,7.32
1765478905.628586,98,27,40,34,29,3.5220260620117188,27.5,28.0,7.011
1765478905.8296833,98,27,40,34,29,3.5220260620117188,27.5,28.0,7.011
1765478906.0307398,61,36,31,36,38,3.5206222534179688,27.5,29.0,6.511
1765478906.2319312,61,36,31,36,38,3.5206222534179688,27.5,29.0,6.511
1765478906.4331117,99,20,24,30,56,3.5219802856445312,28.0,29.0,8.12
1765478906.634376,99,20,24,30,56,3.5219802856445312,28.0,29.0,8.12
1765478906.835436,99,20,24,30,56,3.5219802856445312,28.0,29.0,8.12
1765478907.0445032,99,40,42,32,32,3.5252304077148438,27.5,28.5,6.741
1765478907.2456074,99,40,42,32,32,3.5252304077148438,27.5,28.5,6.741
1765478907.446816,99,38,45,43,54,3.5266380310058594,27.5,28.5,6.931
1765478907.6479745,99,38,45,43,54,3.5266380310058594,27.5,28.5,6.931
1765478907.8494682,99,38,45,43,54,3.5266380310058594,27.5,28.5,6.931
1765478908.0507135,99,23,27,24,29,3.529003143310547,27.5,28.0,6.551
1765478908.2520492,99,23,27,24,29,3.529003143310547,27.5,28.0,6.551
1765478908.4533312,99,23,27,24,29,3.529003143310547,27.5,28.0,6.551
1765478908.6544,99,60,21,41,21,3.5313873291015625,27.5,29.5,7.854
1765478908.8562376,99,60,21,41,21,3.5313873291015625,27.5,29.5,7.854
1765478909.0573356,99,42,38,33,42,3.5401611328125,28.0,28.5,7.28
1765478909.258431,99,42,38,33,42,3.5401611328125,28.0,28.5,7.28
1765478909.4596128,99,52,52,48,71,3.5420265197753906,28.0,28.5,7.131
1765478909.6607687,99,52,52,48,71,3.5420265197753906,28.0,28.5,7.131
1765478909.8621626,99,52,52,48,71,3.5420265197753906,28.0,28.5,7.131
1765478910.0639703,99,36,32,34,28,3.5437583923339844,28.0,29.0,7.32
1765478910.2656507,99,36,32,34,28,3.5437583923339844,28.0,29.0,7.32
1765478910.466867,0,22,28,17,16,3.5427207946777344,27.5,28.0,5.371
1765478910.6680558,0,22,28,17,16,3.5427207946777344,27.5,28.0,5.371
1765478910.8698666,0,22,28,17,16,3.5427207946777344,27.5,28.0,5.371
1765478911.072305,99,42,45,36,26,3.5437965393066406,28.0,28.5,6.971
1765478911.274248,99,42,45,36,26,3.5437965393066406,28.0,28.5,6.971
1765478911.4751267,99,25,28,28,22,3.543384552001953,28.0,28.5,6.39
1765478911.6761515,99,25,28,28,22,3.543384552001953,28.0,28.5,6.39
1765478911.877152,99,25,28,28,22,3.543384552001953,28.0,28.5,6.39
1765478912.0789623,99,28,56,22,31,3.54400634765625,28.0,29.0,7.091
1765478912.281627,99,28,56,22,31,3.54400634765625,28.0,29.0,7.091
1765478912.4831533,0,26,24,20,20,3.5436058044433594,27.0,29.5,3.982
1765478912.6851988,0,26,24,20,20,3.5436058044433594,27.0,29.5,3.982
1765478912.886364,0,26,24,20,20,3.5436058044433594,27.0,29.5,3.982
1765478913.0881412,99,32,58,37,37,3.543842315673828,28.0,28.5,7.131
1765478913.2893665,99,32,58,37,37,3.543842315673828,28.0,28.5,7.131
1765478913.4909496,99,24,20,25,19,3.543487548828125,28.0,29.0,6.47
1765478913.6921835,99,24,20,25,19,3.543487548828125,28.0,29.0,6.47
1765478913.8933039,99,24,20,25,19,3.543487548828125,28.0,29.0,6.47
1765478914.094534,99,46,61,38,24,3.54888916015625,28.5,30.0,8.014
1765478914.2982051,99,46,61,38,24,3.54888916015625,28.5,30.0,8.014
1765478914.4999502,99,30,19,32,14,3.546875,28.0,29.0,7.24
1765478914.7011158,99,30,19,32,14,3.546875,28.0,29.0,7.24
1765478914.9023366,99,30,19,32,14,3.546875,28.0,29.0,7.24
1765478915.1034317,99,37,56,30,37,3.5476341247558594,28.0,29.5,7.131
1765478915.3064597,99,37,56,30,37,3.5476341247558594,28.0,29.5,7.131
1765478915.5075245,99,25,34,14,20,3.549560546875,28.5,29.0,7.468
1765478915.7104828,99,25,34,14,20,3.549560546875,28.5,29.0,7.468
1765478915.9130137,99,25,34,14,20,3.549560546875,28.5,29.0,7.468
1765478916.1142764,99,22,26,25,29,3.5487747192382812,27.5,29.5,6.199
1765478916.3158734,99,22,26,25,29,3.5487747192382812,27.5,29.5,6.199
1765478916.5174112,99,42,34,22,38,3.5487289428710938,28.5,29.0,6.621
1765478916.7211046,99,42,34,22,38,3.5487289428710938,28.5,29.0,6.621
1765478916.9225385,99,42,34,22,38,3.5487289428710938,28.5,29.0,6.621
1765478917.12365,99,33,22,33,24,3.547870635986328,28.5,29.0,6.35
1765478917.3248448,99,33,22,33,24,3.547870635986328,28.5,29.0,6.35
1765478917.5265994,99,33,22,33,24,3.547870635986328,28.5,29.0,6.35
1765478917.72873,99,62,22,23,22,3.54901123046875,28.5,29.0,6.931
1765478917.9386363,99,62,22,23,22,3.54901123046875,28.5,29.0,6.931
1765478918.1398356,99,24,27,27,12,3.5493316650390625,28.0,29.0,5.644
1765478918.3411481,99,24,27,27,12,3.5493316650390625,28.0,29.0,5.644
1765478918.5434773,99,24,27,27,12,3.5493316650390625,28.0,29.0,5.644
1765478918.7468526,99,42,48,34,35,3.5494613647460938,28.5,29.0,6.58
1765478918.9484432,99,42,48,34,35,3.5494613647460938,28.5,29.0,6.58
1765478919.149628,95,19,31,22,27,3.5491943359375,28.0,30.0,5.613
1765478919.350723,95,19,31,22,27,3.5491943359375,28.0,30.0,5.613
1765478919.5516024,95,19,31,22,27,3.5491943359375,28.0,30.0,5.613
1765478919.7530763,99,62,27,24,26,3.549591064453125,28.5,29.5,7.4
1765478919.9548287,99,62,27,24,26,3.549591064453125,28.5,29.5,7.4
1765478920.1569378,99,25,24,20,21,3.5489730834960938,28.0,29.0,6.39
1765478920.358031,99,25,24,20,21,3.5489730834960938,28.0,29.0,6.39
1765478920.5590873,99,25,24,20,21,3.5489730834960938,28.0,29.0,6.39
1765478920.7603707,98,34,28,63,34,3.549663543701172,29.0,29.5,6.931
1765478920.9616435,98,34,28,63,34,3.549663543701172,29.0,29.5,6.931
1765478921.162923,99,28,27,24,19,3.550750732421875,28.5,30.0,6.902
1765478921.3642354,99,28,27,24,19,3.550750732421875,28.5,30.0,6.902
1765478921.5656626,99,28,27,24,19,3.550750732421875,28.5,30.0,6.902
1765478921.7667027,99,41,28,28,29,3.549549102783203,28.5,31.0,7.051
1765478921.9695535,99,41,28,28,29,3.549549102783203,28.5,31.0,7.051
1765478922.171486,98,31,22,20,34,3.549671173095703,29.0,30.0,6.661
1765478922.372566,98,31,22,20,34,3.549671173095703,29.0,30.0,6.661
1765478922.5741358,98,31,22,20,34,3.549671173095703,29.0,30.0,6.661
1765478922.775296,4,38,26,25,25,3.5495071411132812,28.5,29.5,5.532
1765478922.9770937,4,38,26,25,25,3.5495071411132812,28.5,29.5,5.532
1765478923.178748,99,27,55,28,28,3.5501365661621094,29.0,29.5,6.85
1765478923.3803256,99,27,55,28,28,3.5501365661621094,29.0,29.5,6.85
1765478923.5826433,99,27,55,28,28,3.5501365661621094,29.0,29.5,6.85
1765478923.7838614,99,24,24,18,25,3.5493087768554688,29.0,29.5,6.229
1765478923.9849741,99,24,24,18,25,3.5493087768554688,29.0,29.5,6.229
1765478924.1860216,99,39,41,39,48,3.549274444580078,29.0,29.5,6.701
1765478924.3876643,99,39,41,39,48,3.549274444580078,29.0,29.5,6.701
1765478924.5887356,99,39,41,39,48,3.549274444580078,29.0,29.5,6.701
1765478924.79102,41,32,30,25,26,3.549701690673828,28.0,30.5,5.33
1765478924.9923167,41,32,30,25,26,3.549701690673828,28.0,30.5,5.33
1765478925.1934114,99,55,23,21,24,3.5494956970214844,29.0,29.5,6.931
1765478925.395753,99,55,23,21,24,3.5494956970214844,29.0,29.5,6.931
1765478925.5985916,99,55,23,21,24,3.5494956970214844,29.0,29.5,6.931
1765478925.7998543,99,25,21,25,22,3.5504608154296875,28.5,29.5,5.765
1765478926.0011024,99,25,21,25,22,3.5504608154296875,28.5,29.5,5.765
1765478926.2025614,99,38,31,54,40,3.549854278564453,29.0,30.0,7.051
1765478926.404679,99,38,31,54,40,3.549854278564453,29.0,30.0,7.051
1765478926.606563,99,38,31,54,40,3.549854278564453,29.0,30.0,7.051
1765478926.8076956,99,26,20,23,27,3.5506668090820312,29.0,30.5,7.36
1765478927.0086193,99,26,20,23,27,3.5506668090820312,29.0,30.5,7.36
1765478927.2096488,99,48,25,33,22,3.5505027770996094,29.0,31.0,6.931
1765478927.410512,99,48,25,33,22,3.5505027770996094,29.0,31.0,6.931
1765478927.6127613,99,48,25,33,22,3.5505027770996094,29.0,31.0,6.931
1765478927.8150735,98,34,33,20,20,3.5450096130371094,29.0,29.5,6.39
1765478928.016519,98,34,33,20,20,3.5450096130371094,29.0,29.5,6.39
1765478928.2176495,98,34,33,20,20,3.5450096130371094,29.0,29.5,6.39
1765478928.419457,99,44,30,43,35,3.5449867248535156,29.0,30.5,6.931
1765478928.6221187,99,44,30,43,35,3.5449867248535156,29.0,30.5,6.931
1765478928.8235312,99,40,20,16,18,3.5459022521972656,29.0,30.0,7.2
1765478929.024421,99,40,20,16,18,3.5459022521972656,29.0,30.0,7.2
1765478929.2271073,99,40,20,16,18,3.5459022521972656,29.0,30.0,7.2
1765478929.4283264,99,23,25,30,18,3.54443359375,29.0,30.0,6.078
1765478929.6306307,99,23,25,30,18,3.54443359375,29.0,30.0,6.078
1765478929.8330996,99,36,30,46,42,3.5450706481933594,29.5,30.0,6.39
1765478930.0354693,99,36,30,46,42,3.5450706481933594,29.5,30.0,6.39
1765478930.237072,99,36,30,46,42,3.5450706481933594,29.5,30.0,6.39
1765478930.4382787,99,28,32,26,34,3.5451011657714844,29.5,31.0,7.011
1765478930.639438,99,28,32,26,34,3.5451011657714844,29.5,31.0,7.011
1765478930.8409114,99,45,35,21,16,3.5452041625976562,29.5,31.0,6.971
1765478931.0433633,99,45,35,21,16,3.5452041625976562,29.5,31.0,6.971
1765478931.2452188,99,45,35,21,16,3.5452041625976562,29.5,31.0,6.971
1765478931.4566617,33,26,26,19,23,3.545764923095703,29.0,31.0,4.145
1765478931.6577852,33,26,26,19,23,3.545764923095703,29.0,31.0,4.145
1765478931.8592305,99,36,36,46,53,3.5458717346191406,29.5,30.5,7.051
1765478932.060426,99,36,36,46,53,3.5458717346191406,29.5,30.5,7.051
1765478932.2614634,99,36,36,46,53,3.5458717346191406,29.5,30.5,7.051
1765478932.4629867,98,26,24,14,29,3.5466270446777344,29.5,30.5,6.701
1765478932.6641316,98,26,24,14,29,3.5466270446777344,29.5,30.5,6.701
1765478932.8651907,99,32,30,20,50,3.5469627380371094,29.5,30.5,6.821
1765478933.0668845,99,32,30,20,50,3.5469627380371094,29.5,30.5,6.821
1765478933.2681808,99,32,30,20,50,3.5469627380371094,29.5,30.5,6.821
1765478933.4709594,99,26,20,30,26,3.547893524169922,29.5,30.0,6.551
1765478933.6721373,99,26,20,30,26,3.547893524169922,29.5,30.0,6.551
1765478933.8733203,99,38,40,32,41,3.5482444763183594,30.0,32.0,7.051
1765478934.0744586,99,38,40,32,41,3.5482444763183594,30.0,32.0,7.051
1765478934.2756221,99,38,40,32,41,3.5482444763183594,30.0,32.0,7.051
1765478934.4767475,99,17,32,16,18,3.549407958984375,30.0,30.0,7.2
1765478934.6778343,99,17,32,16,18,3.549407958984375,30.0,30.0,7.2
1765478934.8790424,99,48,34,36,33,3.5411224365234375,29.5,31.5,7.32
1765478935.0801435,99,48,34,36,33,3.5411224365234375,29.5,31.5,7.32
1765478935.2824292,99,48,34,36,33,3.5411224365234375,29.5,31.5,7.32
1765478935.4858136,99,36,36,36,54,3.5419273376464844,30.0,30.0,6.31
1765478935.687442,99,36,36,36,54,3.5419273376464844,30.0,30.0,6.31
1765478935.8888264,99,27,38,26,22,3.541973114013672,30.0,31.0,5.957
1765478936.0900567,99,27,38,26,22,3.541973114013672,30.0,31.0,5.957
1765478936.2914917,99,27,38,26,22,3.541973114013672,30.0,31.0,5.957
1765478936.492971,99,27,22,26,57,3.5435791015625,30.0,30.5,7.24
1765478936.6948059,99,27,22,26,57,3.5435791015625,30.0,30.5,7.24
1765478936.8962069,99,26,22,21,27,3.5380401611328125,29.5,30.5,4.739
1765478937.0971897,99,26,22,21,27,3.5380401611328125,29.5,30.5,4.739
1765478937.2984643,99,26,22,21,27,3.5380401611328125,29.5,30.5,4.739
1765478937.5000994,99,38,49,52,40,3.5389404296875,30.0,31.0,7.171
1765478937.7024562,99,38,49,52,40,3.5389404296875,30.0,31.0,7.171
1765478937.9037626,99,26,27,24,14,3.5401687622070312,30.0,30.5,6.821
1765478938.1050649,99,26,27,24,14,3.5401687622070312,30.0,30.5,6.821
1765478938.3062747,99,26,27,24,14,3.5401687622070312,30.0,30.5,6.821
1765478938.5080695,99,24,23,50,34,3.5395164489746094,30.0,31.5,7.16
1765478938.7097778,99,24,23,50,34,3.5395164489746094,30.0,31.5,7.16
1765478938.9216397,99,24,23,50,34,3.5395164489746094,30.0,31.5,7.16
1765478939.1225104,99,26,33,22,17,3.5396194458007812,30.0,30.5,6.31
1765478939.324185,99,26,33,22,17,3.5396194458007812,30.0,30.5,6.31
1765478939.5252702,99,45,38,32,38,3.540508270263672,30.0,31.5,6.81
1765478939.7293453,99,45,38,32,38,3.540508270263672,30.0,31.5,6.81
1765478939.9304638,99,45,38,32,38,3.540508270263672,30.0,31.5,6.81
1765478940.1316967,99,21,18,38,25,3.5411415100097656,30.5,31.5,7.4
1765478940.3333323,99,21,18,38,25,3.5411415100097656,30.5,31.5,7.4
1765478940.534455,0,31,24,25,24,3.5401611328125,30.0,31.0,5.371
1765478940.735458,0,31,24,25,24,3.5401611328125,30.0,31.0,5.371
1765478940.937439,0,31,24,25,24,3.5401611328125,30.0,31.0,5.371
1765478941.1402695,99,38,35,41,50,3.5343704223632812,30.5,31.0,7.24
1765478941.3416297,99,38,35,41,50,3.5343704223632812,30.5,31.0,7.24
1765478941.5428321,99,30,35,26,15,3.5340919494628906,30.0,31.5,7.171
1765478941.7441037,99,30,35,26,15,3.5340919494628906,30.0,31.5,7.171
1765478941.945351,99,30,35,26,15,3.5340919494628906,30.0,31.5,7.171
1765478942.146808,99,30,55,21,18,3.534374237060547,31.0,31.0,7.011
1765478942.3491185,99,30,55,21,18,3.534374237060547,31.0,31.0,7.011
1765478942.5514376,99,27,25,22,29,3.5341873168945312,29.5,31.5,5.29
1765478942.7529685,99,27,25,22,29,3.5341873168945312,29.5,31.5,5.29
1765478942.954238,99,27,25,22,29,3.5341873168945312,29.5,31.5,5.29
1765478943.1572075,99,53,33,35,30,3.5339508056640625,30.5,31.0,6.661
1765478943.3624897,99,53,33,35,30,3.5339508056640625,30.5,31.0,6.661
1765478943.5644944,99,22,22,27,23,3.534709930419922,30.0,31.5,5.653
1765478943.7656405,99,22,22,27,23,3.534709930419922,30.0,31.5,5.653
1765478943.966637,99,22,22,27,23,3.534709930419922,30.0,31.5,5.653
1765478944.1677394,99,24,55,20,29,3.5342178344726562,30.5,31.5,7.091
1765478944.3694937,99,24,55,20,29,3.5342178344726562,30.5,31.5,7.091
1765478944.5711212,99,29,19,35,15,3.5342254638671875,30.5,31.5,7.051
1765478944.7723606,99,29,19,35,15,3.5342254638671875,30.5,31.5,7.051
1765478944.9735777,99,29,19,35,15,3.5342254638671875,30.5,31.5,7.051
1765478945.174601,99,34,33,47,45,3.5343666076660156,30.5,31.5,7.2
1765478945.377845,99,34,33,47,45,3.5343666076660156,30.5,31.5,7.2
1765478945.5798848,99,27,18,26,22,3.5353622436523438,30.5,31.5,6.861
1765478945.7809558,99,27,18,26,22,3.5353622436523438,30.5,31.5,6.861
1765478945.9819398,99,27,18,26,22,3.5353622436523438,30.5,31.5,6.861
1765478946.182963,0,27,35,29,25,3.543834686279297,29.5,31.5,3.744
1765478946.3839898,0,27,35,29,25,3.543834686279297,29.5,31.5,3.744
1765478946.5852296,99,28,31,30,46,3.5442543029785156,31.0,31.0,6.269
1765478946.7885003,99,28,31,30,46,3.5442543029785156,31.0,31.0,6.269
1765478946.9896126,99,28,31,30,46,3.5442543029785156,31.0,31.0,6.269
1765478947.190484,99,30,40,26,19,3.5441436767578125,30.5,32.0,5.957
1765478947.391358,99,30,40,26,19,3.5441436767578125,30.5,32.0,5.957
1765478947.5923367,99,26,20,52,17,3.544292449951172,31.0,31.5,6.701
1765478947.7940922,99,26,20,52,17,3.544292449951172,31.0,31.5,6.701
1765478947.996622,99,26,20,52,17,3.544292449951172,31.0,31.5,6.701
1765478948.1982074,99,28,22,25,20,3.5449447631835938,30.5,31.5,5.056
1765478948.4015589,99,28,22,25,20,3.5449447631835938,30.5,31.5,5.056
1765478948.6026356,99,28,22,25,20,3.5449447631835938,30.5,31.5,5.056
1765478948.8047142,99,44,32,38,57,3.5446243286132812,31.0,32.0,6.971
1765478949.0080009,99,44,32,38,57,3.5446243286132812,31.0,32.0,6.971
1765478949.2091138,99,26,28,24,16,3.545074462890625,31.0,32.5,7.051
1765478949.4100957,99,26,28,24,16,3.545074462890625,31.0,32.5,7.051
1765478949.619464,99,26,28,24,16,3.545074462890625,31.0,32.5,7.051
1765478949.8208654,99,18,33,25,50,3.5445518493652344,31.0,32.0,7.091
1765478950.0228848,99,18,33,25,50,3.5445518493652344,31.0,32.0,7.091
1765478950.2242482,99,28,28,20,20,3.5442886352539062,31.0,31.5,6.159
1765478950.4256165,99,28,28,20,20,3.5442886352539062,31.0,31.5,6.159
1765478950.6268108,99,28,28,20,20,3.5442886352539062,31.0,31.5,6.159
1765478950.8278518,99,36,42,39,23,3.544086456298828,31.0,32.5,6.971
1765478951.029855,99,36,42,39,23,3.544086456298828,31.0,32.5,6.971
1765478951.2314134,98,22,42,16,21,3.545196533203125,31.0,32.0,7.24
1765478951.4331248,98,22,42,16,21,3.545196533203125,31.0,32.0,7.24
1765478951.6342185,98,22,42,16,21,3.545196533203125,31.0,32.0,7.24
1765478951.8352404,0,25,24,22,24,3.5443992614746094,31.0,31.5,4.861
1765478952.036139,0,25,24,22,24,3.5443992614746094,31.0,31.5,4.861
1765478952.2383428,99,34,55,31,32,3.543792724609375,31.5,32.0,6.5
1765478952.441432,99,34,55,31,32,3.543792724609375,31.5,32.0,6.5
1765478952.6432722,99,34,55,31,32,3.543792724609375,31.5,32.0,6.5
1765478952.8444045,99,34,32,29,21,3.544811248779297,31.5,33.0,7.051
1765478953.0455062,99,34,32,29,21,3.544811248779297,31.5,33.0,7.051
1765478953.247746,99,23,53,21,25,3.5455856323242188,31.5,31.5,6.269
1765478953.4502897,99,23,53,21,25,3.5455856323242188,31.5,31.5,6.269
1765478953.651563,99,23,53,21,25,3.5455856323242188,31.5,31.5,6.269
1765478953.8526325,0,26,30,20,20,3.545440673828125,30.5,32.0,4.185
1765478954.054227,0,26,30,20,20,3.545440673828125,30.5,32.0,4.185
1765478954.255805,99,36,37,54,40,3.5446815490722656,31.0,32.0,7.211
1765478954.4575145,99,36,37,54,40,3.5446815490722656,31.0,32.0,7.211
1765478954.6590195,99,36,37,54,40,3.5446815490722656,31.0,32.0,7.211
1765478954.8604195,99,25,25,23,22,3.545391082763672,31.5,32.5,6.971
1765478955.061664,99,25,25,23,22,3.545391082763672,31.5,32.5,6.971
1765478955.2627807,99,28,26,23,60,3.5443687438964844,31.5,32.5,6.971
1765478955.4639661,99,28,26,23,60,3.5443687438964844,31.5,32.5,6.971
1765478955.6658425,99,28,26,23,60,3.5443687438964844,31.5,32.5,6.971
1765478955.8679426,99,24,26,18,25,3.5443687438964844,31.5,32.0,6.891
1765478956.0702581,99,24,26,18,25,3.5443687438964844,31.5,32.0,6.891
1765478956.2712421,99,33,48,40,38,3.5442428588867188,31.5,32.5,7.36
1765478956.4725213,99,33,48,40,38,3.5442428588867188,31.5,32.5,7.36
1765478956.6742492,99,33,48,40,38,3.5442428588867188,31.5,32.5,7.36
1765478956.875489,99,18,27,20,24,3.5451316833496094,31.5,32.0,7.011
1765478957.0768619,99,18,27,20,24,3.5451316833496094,31.5,32.0,7.011
1765478957.2788322,99,33,30,37,29,3.5439491271972656,31.5,33.0,6.781
1765478957.4799109,99,33,30,37,29,3.5439491271972656,31.5,33.0,6.781
1765478957.682466,99,33,30,37,29,3.5439491271972656,31.5,33.0,6.781
1765478957.8846962,99,21,31,48,22,3.5443878173828125,31.5,32.5,6.971
1765478958.0857742,99,21,31,48,22,3.5443878173828125,31.5,32.5,6.971
1765478958.2865255,99,32,31,16,32,3.540180206298828,31.5,33.0,7.051
1765478958.4875395,99,32,31,16,32,3.540180206298828,31.5,33.0,7.051
1765478958.6893818,99,32,31,16,32,3.540180206298828,31.5,33.0,7.051
1765478958.8907037,99,25,22,22,53,3.5405807495117188,31.5,32.0,6.39
1765478959.092826,99,25,22,22,53,3.5405807495117188,31.5,32.0,6.39
1765478959.2947712,99,25,22,22,53,3.5405807495117188,31.5,32.0,6.39
1765478959.4964106,99,29,22,23,25,3.5399551391601562,31.5,32.5,5.917
1765478959.6976297,99,29,22,23,25,3.5399551391601562,31.5,32.5,5.917
1765478959.8995774,99,46,37,47,36,3.540130615234375,32.0,32.5,6.661
1765478960.1028755,99,46,37,47,36,3.540130615234375,32.0,32.5,6.661
1765478960.3048763,99,46,37,47,36,3.540130615234375,32.0,32.5,6.661
1765478960.5066032,99,22,22,22,18,3.5404434204101562,31.5,32.5,5.298
1765478960.70818,99,22,22,22,18,3.5404434204101562,31.5,32.5,5.298
1765478960.9111562,99,60,30,29,26,3.5396728515625,32.0,32.5,7.44
1765478961.1128225,99,60,30,29,26,3.5396728515625,32.0,32.5,7.44
1765478961.3153605,99,60,30,29,26,3.5396728515625,32.0,32.5,7.44
1765478961.5165484,99,26,25,23,21,3.5399703979492188,31.5,32.5,6.39
1765478961.717797,99,26,25,23,21,3.5399703979492188,31.5,32.5,6.39
1765478961.9193282,99,40,30,52,49,3.540477752685547,31.5,33.0,7.36
1765478962.121178,99,40,30,52,49,3.540477752685547,31.5,33.0,7.36
1765478962.3227952,99,40,30,52,49,3.540477752685547,31.5,33.0,7.36
1765478962.5239196,99,22,22,20,16,3.5405845642089844,32.0,33.0,6.77
1765478962.7250214,99,22,22,20,16,3.5405845642089844,32.0,33.0,6.77
1765478962.926222,99,39,43,25,27,3.5400238037109375,32.0,33.0,7.091
1765478963.127296,99,39,43,25,27,3.5400238037109375,32.0,33.0,7.091
1765478963.330834,99,39,43,25,27,3.5400238037109375,32.0,33.0,7.091
1765478963.534716,98,24,40,25,19,3.54052734375,32.0,32.5,6.661
1765478963.7360635,98,24,40,25,19,3.54052734375,32.0,32.5,6.661
1765478963.937349,5,34,20,25,40,3.5401153564453125,31.5,33.5,6.39
1765478964.1385796,5,34,20,25,40,3.5401153564453125,31.5,33.5,6.39
1765478964.3399768,5,34,20,25,40,3.5401153564453125,31.5,33.5,6.39
1765478964.541515,99,22,50,20,23,3.540058135986328,32.0,33.0,7.091
1765478964.7426095,99,22,50,20,23,3.540058135986328,32.0,33.0,7.091
1765478964.9436958,99,22,23,25,25,3.54071044921875,32.0,32.5,6.39
1765478965.1469,99,22,23,25,25,3.54071044921875,32.0,32.5,6.39
1765478965.34834,99,22,23,25,25,3.54071044921875,32.0,32.5,6.39
1765478965.5496674,99,42,35,22,57,3.5403404235839844,32.5,33.0,6.58
1765478965.7522562,99,42,35,22,57,3.5403404235839844,32.5,33.0,6.58
1765478965.9535925,99,26,21,24,30,3.5408477783203125,31.5,33.5,5.917
1765478966.1546893,99,26,21,24,30,3.5408477783203125,31.5,33.5,5.917
1765478966.355983,99,26,21,24,30,3.5408477783203125,31.5,33.5,5.917
1765478966.5571518,99,28,26,30,48,3.5402793884277344,32.0,33.0,6.621
1765478966.7587042,99,28,26,30,48,3.5402793884277344,32.0,33.0,6.621
1765478966.9611638,95,34,28,20,25,3.540210723876953,32.0,33.0,5.411
1765478967.1622827,95,34,28,20,25,3.540210723876953,32.0,33.0,5.411
1765478967.3636012,95,34,28,20,25,3.540210723876953,32.0,33.0,5.411
1765478967.564945,99,38,54,53,33,3.540760040283203,32.5,33.5,7.547
1765478967.767343,99,38,54,53,33,3.540760040283203,32.5,33.5,7.547
1765478967.9688084,99,24,21,18,20,3.5416259765625,32.0,33.5,7.051
1765478968.1706548,99,24,21,18,20,3.5416259765625,32.0,33.5,7.051
1765478968.3717706,99,24,21,18,20,3.5416259765625,32.0,33.5,7.051
1765478968.5729241,99,29,27,61,26,3.540771484375,33.0,33.0,7.131
1765478968.7742882,99,29,27,61,26,3.540771484375,33.0,33.0,7.131
1765478968.9755566,99,29,27,61,26,3.540771484375,33.0,33.0,7.131
1765478969.1766164,99,24,30,28,30,3.540802001953125,32.5,33.5,6.35
1765478969.3782008,99,24,30,28,30,3.540802001953125,32.5,33.5,6.35
1765478969.5795832,99,39,38,38,34,3.5414581298828125,32.5,34.5,7.787
1765478969.7813537,99,39,38,38,34,3.5414581298828125,32.5,34.5,7.787
1765478969.9845097,99,39,38,38,34,3.5414581298828125,32.5,34.5,7.787
1765478970.1865687,99,19,38,26,17,3.541015625,32.5,33.0,6.891
1765478970.3885915,99,19,38,26,17,3.541015625,32.5,33.0,6.891
1765478970.5901716,0,28,27,28,22,3.5428428649902344,32.0,33.0,4.78
1765478970.7953455,0,28,27,28,22,3.5428428649902344,32.0,33.0,4.78
1765478970.9976554,0,28,27,28,22,3.5428428649902344,32.0,33.0,4.78
1765478971.199729,99,31,33,52,29,3.5366554260253906,32.5,33.5,6.741
1765478971.4008381,99,31,33,52,29,3.5366554260253906,32.5,33.5,6.741
1765478971.6018362,99,32,38,28,29,3.5374717712402344,32.5,33.5,6.891
1765478971.8029783,99,32,38,28,29,3.5374717712402344,32.5,33.5,6.891
1765478972.0053625,99,32,38,28,29,3.5374717712402344,32.5,33.5,6.891
1765478972.2085404,99,54,28,28,26,3.5363426208496094,32.5,33.0,6.47
1765478972.4101386,99,54,28,28,26,3.5363426208496094,32.5,33.0,6.47
1765478972.611922,0,30,21,25,26,3.536548614501953,32.0,33.5,4.064
1765478972.813106,0,30,21,25,26,3.536548614501953,32.0,33.5,4.064
1765478973.0147436,0,30,21,25,26,3.536548614501953,32.0,33.5,4.064
1765478973.2159784,99,53,56,45,43,3.5550155639648438,32.0,35.0,6.701
1765478973.41713,99,53,56,45,43,3.5550155639648438,32.0,35.0,6.701
1765478973.6184103,99,51,36,23,15,3.5482330322265625,32.5,33.5,7.507
1765478973.8214889,99,51,36,23,15,3.5482330322265625,32.5,33.5,7.507
1765478974.0233984,99,51,36,23,15,3.5482330322265625,32.5,33.5,7.507
1765478974.2245848,99,35,20,26,20,3.547840118408203,32.5,33.0,6.741
1765478974.4258654,99,35,20,26,20,3.547840118408203,32.5,33.0,6.741
1765478974.6276138,99,32,26,54,37,3.5066566467285156,33.0,33.5,6.741
1765478974.82966,99,32,26,54,37,3.5066566467285156,33.0,33.5,6.741
1765478975.0315511,99,32,26,54,37,3.5066566467285156,33.0,33.5,6.741
1765478975.232974,99,27,32,16,24,3.507598876953125,33.0,34.0,6.821
1765478975.4342217,99,27,32,16,24,3.507598876953125,33.0,34.0,6.821
1765478975.6370997,99,34,57,23,19,3.5104827880859375,32.5,34.0,7.2
1765478975.838867,99,34,57,23,19,3.5104827880859375,32.5,34.0,7.2
1765478976.0410118,99,34,57,23,19,3.5104827880859375,32.5,34.0,7.2
1765478976.2441783,99,22,30,16,24,3.5112686157226562,33.0,33.5,6.821
1765478976.4457006,99,22,30,16,24,3.5112686157226562,33.0,33.5,6.821
1765478976.6466005,99,30,32,42,49,3.5108375549316406,33.0,34.5,7.28
1765478976.847702,99,30,32,42,49,3.5108375549316406,33.0,34.5,7.28
1765478977.0488727,99,30,32,42,49,3.5108375549316406,33.0,34.5,7.28
1765478977.2500803,98,42,21,14,18,3.5117721557617188,33.0,33.5,7.011
1765478977.451088,98,42,21,14,18,3.5117721557617188,33.0,33.5,7.011
1765478977.6523783,0,30,22,16,18,3.511383056640625,32.5,33.5,5.177
1765478977.8536735,0,30,22,16,18,3.511383056640625,32.5,33.5,5.177
1765478978.0549207,0,30,22,16,18,3.511383056640625,32.5,33.5,5.177
1765478978.257666,99,51,35,28,36,3.51104736328125,33.0,33.5,6.821
1765478978.4592745,99,51,35,28,36,3.51104736328125,33.0,33.5,6.821
1765478978.6605382,99,51,35,28,36,3.51104736328125,33.0,33.5,6.821
1765478978.8614886,99,36,20,34,30,3.5115928649902344,33.0,34.0,6.621
1765478979.0628934,99,36,20,34,30,3.5115928649902344,33.0,34.0,6.621
1765478979.264003,99,28,31,23,54,3.5125083923339844,33.5,33.5,7.051
1765478979.4672694,99,28,31,23,54,3.5125083923339844,33.5,33.5,7.051
1765478979.6689985,99,28,31,23,54,3.5125083923339844,33.5,33.5,7.051
1765478979.8837035,48,33,26,18,25,3.5122413635253906,32.0,35.0,5.177
1765478980.0849073,48,33,26,18,25,3.5122413635253906,32.0,35.0,5.177
1765478980.287117,99,52,32,32,31,3.5117340087890625,33.5,34.0,7.051
1765478980.4893942,99,52,32,32,31,3.5117340087890625,33.5,34.0,7.051
1765478980.6909492,99,22,22,30,25,3.5125160217285156,33.5,34.0,6.551
1765478980.893167,99,22,22,30,25,3.5125160217285156,33.5,34.0,6.551
1765478981.0946062,99,22,22,30,25,3.5125160217285156,33.5,34.0,6.551
1765478981.2965786,99,54,25,24,20,3.511798858642578,33.5,34.0,7.011
1765478981.4988995,99,54,25,24,20,3.511798858642578,33.5,34.0,7.011
1765478981.7003376,99,54,25,24,20,3.511798858642578,33.5,34.0,7.011
1765478981.9017198,99,21,32,20,23,3.5120849609375,33.5,33.5,6.551
1765478982.1051066,99,21,32,20,23,3.5120849609375,33.5,33.5,6.551
1765478982.3063183,99,50,38,36,39,3.511951446533203,33.5,35.0,7.131
1765478982.50879,99,50,38,36,39,3.511951446533203,33.5,35.0,7.131
1765478982.7102668,99,50,38,36,39,3.511951446533203,33.5,35.0,7.131
1765478982.9128623,98,32,20,10,26,3.512805938720703,33.5,34.0,6.902
1765478983.1156766,98,32,20,10,26,3.512805938720703,33.5,34.0,6.902
1765478983.317766,99,39,29,33,33,3.512256622314453,33.0,35.0,6.942
1765478983.5205307,99,39,29,33,33,3.512256622314453,33.0,35.0,6.942
1765478983.7222245,99,39,29,33,33,3.512256622314453,33.0,35.0,6.942
1765478983.9246285,99,28,44,24,20,3.5120811462402344,34.0,34.0,7.091
1765478984.1258447,99,28,44,24,20,3.5120811462402344,34.0,34.0,7.091
1765478984.3270264,99,27,26,28,22,3.5120201110839844,33.5,34.0,6.551
1765478984.529041,99,27,26,28,22,3.5120201110839844,33.5,34.0,6.551
1765478984.7301881,99,27,26,28,22,3.5120201110839844,33.5,34.0,6.551
1765478984.9317458,99,28,20,61,28,3.51287841796875,33.5,34.0,6.661
1765478985.1341443,99,28,20,61,28,3.51287841796875,33.5,34.0,6.661
1765478985.3367991,99,22,26,27,28,3.513019561767578,33.5,34.5,5.886
1765478985.5384314,99,22,26,27,28,3.513019561767578,33.5,34.5,5.886
1765478985.7401762,99,22,26,27,28,3.513019561767578,33.5,34.5,5.886
1765478985.9425185,99,50,33,32,44,3.5140037536621094,33.5,34.5,6.891
1765478986.1440217,99,50,33,32,44,3.5140037536621094,33.5,34.5,6.891
1765478986.345153,99,26,29,14,23,3.5145263671875,33.5,34.5,5.532
1765478986.5462825,99,26,29,14,23,3.5145263671875,33.5,34.5,5.532
1765478986.7474263,99,26,29,14,23,3.5145263671875,33.5,34.5,5.532
1765478986.948694,98,28,26,26,65,3.5141448974609375,33.5,34.5,7.171
1765478987.1508565,98,28,26,26,65,3.5141448974609375,33.5,34.5,7.171
1765478987.3530602,99,22,25,23,20,3.514568328857422,33.5,34.0,6.701
1765478987.5545256,99,22,25,23,20,3.514568328857422,33.5,34.0,6.701
1765478987.755813,99,22,25,23,20,3.514568328857422,33.5,34.0,6.701
1765478987.957174,99,36,44,32,52,3.5148048400878906,33.0,34.5,7.011
1765478988.158726,99,36,44,32,52,3.5148048400878906,33.0,34.5,7.011
1765478988.3602183,99,24,30,23,31,3.5160484313964844,34.0,34.5,7.28
1765478988.5614703,99,24,30,23,31,3.5160484313964844,34.0,34.5,7.28
1765478988.762597,99,24,30,23,31,3.5160484313964844,34.0,34.5,7.28
1765478988.963688,99,33,30,30,24,3.515277862548828,33.5,35.0,6.821
1765478989.165036,99,33,30,30,24,3.515277862548828,33.5,35.0,6.821
1765478989.3665073,99,26,18,28,43,3.515277862548828,34.0,34.0,6.701
1765478989.5692034,99,26,18,28,43,3.515277862548828,34.0,34.0,6.701
1765478989.771019,99,26,18,28,43,3.515277862548828,34.0,34.0,6.701
1765478989.9721756,99,31,30,32,21,3.5151443481445312,34.0,34.5,6.43
1765478990.173716,99,31,30,32,21,3.5151443481445312,34.0,34.5,6.43
1765478990.3747633,99,58,22,24,23,3.5164146423339844,34.0,35.0,7.011
1765478990.5760784,99,58,22,24,23,3.5164146423339844,34.0,35.0,7.011
1765478990.7789977,99,58,22,24,23,3.5164146423339844,34.0,35.0,7.011
1765478990.9813302,99,24,27,21,20,3.516132354736328,33.0,35.0,5.015
1765478991.182734,99,24,27,21,20,3.516132354736328,33.0,35.0,5.015
1765478991.384886,99,51,24,36,49,3.5174293518066406,34.0,34.5,7.051
1765478991.588025,99,51,24,36,49,3.5174293518066406,34.0,34.5,7.051
1765478991.7896526,99,51,24,36,49,3.5174293518066406,34.0,34.5,7.051
1765478991.9907289,99,25,31,18,16,3.5177879333496094,34.5,35.0,6.821
1765478992.1917665,99,25,31,18,16,3.5177879333496094,34.5,35.0,6.821
1765478992.3929026,99,25,31,18,16,3.5177879333496094,34.5,35.0,6.821
1765478992.594439,98,28,23,25,60,3.5176658630371094,34.0,35.0,7.011
1765478992.7959166,98,28,23,25,60,3.5176658630371094,34.0,35.0,7.011
1765478992.9988832,99,26,22,25,25,3.5179901123046875,34.5,34.5,6.31
1765478993.2005298,99,26,22,25,25,3.5179901123046875,34.5,34.5,6.31
1765478993.4015818,99,26,22,25,25,3.5179901123046875,34.5,34.5,6.31
1765478993.6026797,99,36,32,38,32,3.5185546875,34.0,35.5,6.781
1765478993.804779,99,36,32,38,32,3.5185546875,34.0,35.5,6.781
1765478994.006355,99,25,16,18,43,3.519458770751953,34.5,35.0,7.24
1765478994.2089038,99,25,16,18,43,3.519458770751953,34.5,35.0,7.24
1765478994.4115381,99,25,16,18,43,3.519458770751953,34.5,35.0,7.24
1765478994.6129694,99,22,18,25,26,3.5186729431152344,34.0,34.5,6.269
1765478994.814116,99,22,18,25,26,3.5186729431152344,34.0,34.5,6.269
1765478995.0152116,99,36,52,42,32,3.5199623107910156,34.0,35.0,7.011
1765478995.2163393,99,36,52,42,32,3.5199623107910156,34.0,35.0,7.011
1765478995.4175663,99,36,52,42,32,3.5199623107910156,34.0,35.0,7.011
1765478995.6185133,99,43,34,40,44,3.5242538452148438,34.0,35.5,6.189
1765478995.8195672,99,43,34,40,44,3.5242538452148438,34.0,35.5,6.189
1765478996.0206242,99,26,23,20,58,3.5259246826171875,34.5,35.0,7.468
1765478996.222863,99,26,23,20,58,3.5259246826171875,34.5,35.0,7.468
1765478996.4243767,99,26,23,20,58,3.5259246826171875,34.5,35.0,7.468
1765478996.6255329,99,19,16,25,21,3.5254859924316406,34.5,34.5,6.269
1765478996.8265886,99,19,16,25,21,3.5254859924316406,34.5,34.5,6.269
1765478997.0275846,98,36,40,31,68,3.5263519287109375,34.5,35.0,7.051
1765478997.2305663,98,36,40,31,68,3.5263519287109375,34.5,35.0,7.051
1765478997.4323626,98,36,40,31,68,3.5263519287109375,34.5,35.0,7.051
1765478997.6336586,99,26,20,26,26,3.5273590087890625,34.5,35.5,6.971
1765478997.8364644,99,26,20,26,26,3.5273590087890625,34.5,35.5,6.971
1765478998.038272,99,26,33,21,34,3.5281105041503906,34.0,35.5,6.511
1765478998.2393072,99,26,33,21,34,3.5281105041503906,34.0,35.5,6.511
1765478998.440702,99,26,33,21,34,3.5281105041503906,34.0,35.5,6.511
1765478998.6431243,99,30,43,28,25,3.5291748046875,34.5,35.0,6.971
1765478998.8446739,99,30,43,28,25,3.5291748046875,34.5,35.0,6.971
1765478999.0457075,99,35,26,25,24,3.5287628173828125,34.5,35.0,6.279
1765478999.2468712,99,35,26,25,24,3.5287628173828125,34.5,35.0,6.279
1765478999.4479442,99,35,26,25,24,3.5287628173828125,34.5,35.0,6.279
1765478999.649685,99,63,21,18,25,3.5300216674804688,34.5,35.5,7.28
1765478999.8527112,99,63,21,18,25,3.5300216674804688,34.5,35.5,7.28
1765479000.0544028,99,20,22,16,22,3.529102325439453,34.0,35.0,5.998
1765479000.2554853,99,20,22,16,22,3.529102325439453,34.0,35.0,5.998
1765479000.4567478,99,20,22,16,22,3.529102325439453,34.0,35.0,5.998
1765479000.6582901,99,64,36,32,32,3.5298080444335938,34.5,35.0,7.16
1765479000.8601055,99,64,36,32,32,3.5298080444335938,34.5,35.0,7.16
1765479001.0615616,99,28,23,22,22,3.5295982360839844,34.5,35.5,6.621
1765479001.2640293,99,28,23,22,22,3.5295982360839844,34.5,35.5,6.621
1765479001.4655433,99,28,23,22,22,3.5295982360839844,34.5,35.5,6.621
1765479001.666547,99,28,26,32,58,3.5304946899414062,34.5,35.5,7.787
1765479001.8684647,99,28,26,32,58,3.5304946899414062,34.5,35.5,7.787
1765479002.069869,99,28,26,32,58,3.5304946899414062,34.5,35.5,7.787
1765479002.2755163,99,23,22,23,24,3.5301856994628906,34.5,35.0,6.821
1765479002.4794755,99,23,22,23,24,3.5301856994628906,34.5,35.0,6.821
1765479002.6807292,99,32,36,37,49,3.5311012268066406,34.0,35.5,6.931
1765479002.8835816,99,32,36,37,49,3.5311012268066406,34.0,35.5,6.931
1765479003.0852988,99,42,21,18,22,3.5324325561523438,34.5,36.0,7.48
1765479003.286739,99,42,21,18,22,3.5324325561523438,34.5,36.0,7.48
1765479003.4889336,99,42,21,18,22,3.5324325561523438,34.5,36.0,7.48
1765479003.690829,0,22,18,25,18,3.532470703125,34.0,37.0,5.29
1765479003.8922763,0,22,18,25,18,3.532470703125,34.0,37.0,5.29
1765479004.0934234,0,22,18,25,18,3.532470703125,34.0,37.0,5.29
1765479004.2957683,99,36,49,28,28,3.5329437255859375,35.0,35.5,6.891
1765479004.497021,99,36,49,28,28,3.5329437255859375,35.0,35.5,6.891
1765479004.6983078,99,36,26,25,36,3.5325889587402344,34.5,36.0,6.54
1765479004.899468,99,36,26,25,36,3.5325889587402344,34.5,36.0,6.54
1765479005.1005785,99,36,26,25,36,3.5325889587402344,34.5,36.0,6.54
1765479005.3025565,99,48,26,64,32,3.536895751953125,35.0,37.0,7.775
1765479005.504871,99,48,26,64,32,3.536895751953125,35.0,37.0,7.775
1765479005.7065318,0,25,21,18,21,3.5357437133789062,34.0,36.5,4.023
1765479005.90765,0,25,21,18,21,3.5357437133789062,34.0,36.5,4.023
1765479006.1094074,0,25,21,18,21,3.5357437133789062,34.0,36.5,4.023
1765479006.3113575,99,35,28,62,25,3.536945343017578,34.5,35.5,7.251
1765479006.512806,99,35,28,62,25,3.536945343017578,34.5,35.5,7.251
1765479006.7143953,99,26,28,24,23,3.5369338989257812,34.5,36.5,7.28
1765479006.91624,99,26,28,24,23,3.5369338989257812,34.5,36.5,7.28
1765479007.1178474,99,26,28,24,23,3.5369338989257812,34.5,36.5,7.28
1765479007.3192482,99,28,22,40,21,3.5381622314453125,34.5,35.5,6.821
1765479007.521587,99,28,22,40,21,3.5381622314453125,34.5,35.5,6.821
1765479007.724174,99,30,24,31,22,3.5383758544921875,34.5,35.5,6.741
1765479007.9253998,99,30,24,31,22,3.5383758544921875,34.5,35.5,6.741
1765479008.1265697,99,30,24,31,22,3.5383758544921875,34.5,35.5,6.741
1765479008.3276882,0,34,30,26,32,3.5387840270996094,34.5,36.0,4.739
1765479008.5289123,0,34,30,26,32,3.5387840270996094,34.5,36.0,4.739
1765479008.7301695,99,32,31,25,58,3.5447921752929688,35.5,36.5,7.775
1765479008.9331753,99,32,31,25,58,3.5447921752929688,35.5,36.5,7.775
1765479009.134702,99,32,31,25,58,3.5447921752929688,35.5,36.5,7.775
1765479009.3357904,99,22,19,22,15,3.5443763732910156,35.0,35.5,6.39
1765479009.5368874,99,22,19,22,15,3.5443763732910156,35.0,35.5,6.39
1765479009.7383134,99,55,38,27,35,3.544292449951172,35.0,35.5,6.43
1765479009.9395251,99,55,38,27,35,3.544292449951172,35.0,35.5,6.43
1765479010.1407294,99,55,38,27,35,3.544292449951172,35.0,35.5,6.43
1765479010.3427496,0,27,25,31,27,3.5437469482421875,34.5,36.5,4.625
1765479010.5440567,0,27,25,31,27,3.5437469482421875,34.5,36.5,4.625
1765479010.745215,99,27,60,32,23,3.5453720092773438,35.0,36.5,7.974
1765479010.9480941,99,27,60,32,23,3.5453720092773438,35.0,36.5,7.974
1765479011.1523743,99,27,60,32,23,3.5453720092773438,35.0,36.5,7.974
1765479011.3552058,99,25,21,15,12,3.544597625732422,35.0,35.5,6.31
1765479011.5561688,99,25,21,15,12,3.544597625732422,35.0,35.5,6.31
1765479011.7571974,99,42,44,30,38,3.544757843017578,35.0,36.0,7.011
1765479011.9592795,99,42,44,30,38,3.544757843017578,35.0,36.0,7.011
1765479012.160899,99,42,44,30,38,3.544757843017578,35.0,36.0,7.011
1765479012.3625138,99,30,27,30,22,3.545063018798828,35.5,36.0,7.011
1765479012.5640123,99,30,27,30,22,3.545063018798828,35.5,36.0,7.011
1765479012.7651463,99,32,28,23,26,3.5454483032226562,35.0,37.5,6.511
1765479012.9663773,99,32,28,23,26,3.5454483032226562,35.0,37.5,6.511
1765479013.168619,99,32,28,23,26,3.5454483032226562,35.0,37.5,6.511
1765479013.3709955,99,34,35,32,36,3.545654296875,35.5,36.0,6.971
1765479013.5724444,99,34,35,32,36,3.545654296875,35.5,36.0,6.971
1765479013.7737355,99,34,35,32,36,3.545654296875,35.5,36.0,6.971
1765479013.974944,99,23,32,22,23,3.5458641052246094,35.5,35.5,6.31
1765479014.1763558,99,23,32,22,23,3.5458641052246094,35.5,35.5,6.31
1765479014.3787632,99,34,29,22,55,3.546764373779297,35.5,36.0,7.24
1765479014.5818672,99,34,29,22,55,3.546764373779297,35.5,36.0,7.24
1765479014.784039,99,34,29,22,55,3.546764373779297,35.5,36.0,7.24
1765479014.985386,99,20,16,25,16,3.5461273193359375,35.5,36.0,6.038
1765479015.186746,99,20,16,25,16,3.5461273193359375,35.5,36.0,6.038
1765479015.3890078,99,41,32,35,49,3.546367645263672,35.5,36.0,6.701
1765479015.59057,99,41,32,35,49,3.546367645263672,35.5,36.0,6.701
1765479015.7920153,99,41,32,35,49,3.546367645263672,35.5,36.0,6.701
1765479015.9944797,99,21,28,20,27,3.5464324951171875,35.0,36.0,5.451
1765479016.1960287,99,21,28,20,27,3.5464324951171875,35.0,36.0,5.451
1765479016.3970382,99,33,65,24,30,3.5475311279296875,35.5,37.0,7.854
1765479016.5988574,99,33,65,24,30,3.5475311279296875,35.5,37.0,7.854
1765479016.8022234,99,33,65,24,30,3.5475311279296875,35.5,37.0,7.854
1765479017.0051515,99,26,20,22,14,3.5472679138183594,35.5,36.0,6.741
1765479017.2066202,99,26,20,22,14,3.5472679138183594,35.5,36.0,6.741
1765479017.4076893,99,37,52,28,37,3.547100067138672,35.5,37.5,7.32
1765479017.6094968,99,37,52,28,37,3.547100067138672,35.5,37.5,7.32
1765479017.8108509,99,37,52,28,37,3.547100067138672,35.5,37.5,7.32
1765479018.0129733,99,14,42,18,12,3.547943115234375,36.0,36.5,6.891
1765479018.2152452,99,14,42,18,12,3.547943115234375,36.0,36.5,6.891
1765479018.416662,61,32,28,25,22,3.5485801696777344,35.0,37.5,5.29
1765479018.6180458,61,32,28,25,22,3.5485801696777344,35.0,37.5,5.29
1765479018.821571,61,32,28,25,22,3.5485801696777344,35.0,37.5,5.29
1765479019.024845,99,38,21,44,30,3.5481796264648438,36.0,37.0,7.24
1765479019.226346,99,38,21,44,30,3.5481796264648438,36.0,37.0,7.24
1765479019.4274714,99,28,24,27,22,3.5479278564453125,36.0,36.5,6.591
1765479019.6287465,99,28,24,27,22,3.5479278564453125,36.0,36.5,6.591
1765479019.8297532,99,28,24,27,22,3.5479278564453125,36.0,36.5,6.591
1765479020.031297,99,31,26,30,63,3.5495262145996094,36.0,37.5,7.667
1765479020.2345576,99,31,26,30,63,3.5495262145996094,36.0,37.5,7.667
1765479020.436401,52,20,26,18,25,3.5412673950195312,34.5,37.0,5.29
1765479020.6373978,52,20,26,18,25,3.5412673950195312,34.5,37.0,5.29
1765479020.8388157,52,20,26,18,25,3.5412673950195312,34.5,37.0,5.29
1765479021.0408452,99,26,58,23,26,3.54095458984375,35.5,37.0,6.971
1765479021.2424796,99,26,58,23,26,3.54095458984375,35.5,37.0,6.971
1765479021.4440804,98,32,15,24,23,3.5415496826171875,36.0,36.5,6.39
1765479021.6462176,98,32,15,24,23,3.5415496826171875,36.0,36.5,6.39
1765479021.8475492,98,32,15,24,23,3.5415496826171875,36.0,36.5,6.39
1765479022.0487068,99,24,33,38,43,3.5419540405273438,35.5,37.0,7.28
1765479022.2517195,99,24,33,38,43,3.5419540405273438,35.5,37.0,7.28
1765479022.4541008,99,27,22,24,20,3.541210174560547,35.5,36.0,6.39
1765479022.6552906,99,27,22,24,20,3.541210174560547,35.5,36.0,6.39
1765479022.8563046,99,27,22,24,20,3.541210174560547,35.5,36.0,6.39
1765479023.057483,99,36,32,31,47,3.541492462158203,35.5,37.0,6.47
1765479023.258609,99,36,32,31,47,3.541492462158203,35.5,37.0,6.47
1765479023.459969,99,22,24,25,51,3.5419960021972656,36.0,37.5,7.667
1765479023.662304,99,22,24,25,51,3.5419960021972656,36.0,37.5,7.667
1765479023.8647857,99,22,24,25,51,3.5419960021972656,36.0,37.5,7.667
1765479024.0664592,99,23,19,23,17,3.5420684814453125,36.0,36.5,6.621
1765479024.2676277,99,23,19,23,17,3.5420684814453125,36.0,36.5,6.621
1765479024.4690967,99,23,19,23,17,3.5420684814453125,36.0,36.5,6.621
1765479024.6703548,99,56,36,26,29,3.542621612548828,36.0,36.5,6.47
1765479024.8717637,99,56,36,26,29,3.542621612548828,36.0,36.5,6.47
1765479025.0732725,99,37,26,22,20,3.542400360107422,36.0,36.5,6.078
1765479025.2746875,99,37,26,22,20,3.542400360107422,36.0,36.5,6.078
1765479025.4764433,99,37,26,22,20,3.542400360107422,36.0,36.5,6.078
1765479025.6801004,99,30,69,28,34,3.5440330505371094,36.0,37.5,7.854
1765479025.883688,99,30,69,28,34,3.5440330505371094,36.0,37.5,7.854
1765479026.0855892,99,12,12,18,19,3.5430221557617188,36.0,37.0,6.078
1765479026.289564,99,12,12,18,19,3.5430221557617188,36.0,37.0,6.078
1765479026.4907663,99,12,12,18,19,3.5430221557617188,36.0,37.0,6.078
1765479026.6921802,99,35,25,71,28,3.5430870056152344,36.0,37.0,7.4
1765479026.8935099,99,35,25,71,28,3.5430870056152344,36.0,37.0,7.4
1765479027.095473,99,28,23,18,32,3.5438690185546875,36.0,36.5,7.2
1765479027.2981164,99,28,23,18,32,3.5438690185546875,36.0,36.5,7.2
1765479027.499876,99,28,23,18,32,3.5438690185546875,36.0,36.5,7.2
1765479027.7010572,99,40,28,33,35,3.5457191467285156,36.0,38.0,6.31
1765479027.9042542,99,40,28,33,35,3.5457191467285156,36.0,38.0,6.31
1765479028.1064305,99,28,14,38,18,3.544994354248047,36.0,37.0,6.891
1765479028.3074603,99,28,14,38,18,3.544994354248047,36.0,37.0,6.891
1765479028.509718,99,28,14,38,18,3.544994354248047,36.0,37.0,6.891
1765479028.711399,99,38,22,31,26,3.5453224182128906,36.0,37.0,6.31
1765479028.9125516,99,38,22,31,26,3.5453224182128906,36.0,37.0,6.31
1765479029.1142197,99,29,60,28,26,3.5461807250976562,36.5,37.5,6.971
1765479029.315983,99,29,60,28,26,3.5461807250976562,36.5,37.5,6.971
1765479029.5173786,99,29,60,28,26,3.5461807250976562,36.5,37.5,6.971
1765479029.7185383,99,32,23,20,16,3.5459976196289062,35.5,37.0,6.078
1765479029.9196398,99,32,23,20,16,3.5459976196289062,35.5,37.0,6.078
1765479030.1211035,99,54,37,29,37,3.5459976196289062,36.5,37.0,6.621
1765479030.3234994,99,54,37,29,37,3.5459976196289062,36.5,37.0,6.621
1765479030.5247855,99,54,37,29,37,3.5459976196289062,36.5,37.0,6.621
1765479030.7265904,81,31,22,18,25,3.5463104248046875,36.0,37.0,4.585
1765479030.927906,81,31,22,18,25,3.5463104248046875,36.0,37.0,4.585
1765479031.1289053,99,32,34,35,58,3.547077178955078,36.5,38.0,8.014
1765479031.3318853,99,32,34,35,58,3.547077178955078,36.5,38.0,8.014
1765479031.5357924,99,32,34,35,58,3.547077178955078,36.5,38.0,8.014
1765479031.7383733,99,25,14,14,12,3.5465431213378906,36.0,37.0,6.239
1765479031.939394,99,25,14,14,12,3.5465431213378906,36.0,37.0,6.239
1765479032.140603,99,35,32,55,32,3.5466995239257812,36.5,37.5,6.971
1765479032.34236,99,35,32,55,32,3.5466995239257812,36.5,37.5,6.971
1765479032.5444987,99,35,32,55,32,3.5466995239257812,36.5,37.5,6.971
1765479032.746661,99,29,18,38,22,3.5469017028808594,37.0,37.0,7.091
1765479032.9483538,99,29,18,38,22,3.5469017028808594,37.0,37.0,7.091
1765479033.1520329,99,29,18,38,22,3.5469017028808594,37.0,37.0,7.091
1765479033.3531382,72,32,20,25,30,3.5475845336914062,36.0,38.5,6.46
1765479033.5549111,72,32,20,25,30,3.5475845336914062,36.0,38.5,6.46
1765479033.762776,99,38,35,22,16,3.5478591918945312,37.0,37.0,6.821
1765479033.9640672,99,38,35,22,16,3.5478591918945312,37.0,37.0,6.821
1765479034.1674416,99,38,35,22,16,3.5478591918945312,37.0,37.0,6.821
1765479034.368874,99,29,28,21,24,3.547637939453125,36.5,37.5,6.511
1765479034.570418,99,29,28,21,24,3.547637939453125,36.5,37.5,6.511
1765479034.7720892,99,26,30,63,25,3.5479774475097656,37.0,37.0,6.621
1765479034.9735782,99,26,30,63,25,3.5479774475097656,37.0,37.0,6.621
1765479035.174656,99,26,30,63,25,3.5479774475097656,37.0,37.0,6.621
1765479035.37577,99,24,20,21,18,3.54815673828125,36.5,37.5,6.781
1765479035.5773368,99,24,20,21,18,3.54815673828125,36.5,37.5,6.781
1765479035.7800462,99,32,29,31,60,3.5484237670898438,37.0,37.5,6.861
1765479035.98158,99,32,29,31,60,3.5484237670898438,37.0,37.5,6.861
1765479036.1831853,99,32,29,31,60,3.5484237670898438,37.0,37.5,6.861
1765479036.3851836,97,20,26,24,25,3.5484085083007812,37.0,37.5,5.967
1765479036.586838,97,20,26,24,25,3.5484085083007812,37.0,37.5,5.967
1765479036.7879968,99,40,35,22,53,3.549175262451172,37.0,38.0,7.894
1765479036.9907923,99,40,35,22,53,3.549175262451172,37.0,38.0,7.894
1765479037.1931372,99,40,35,22,53,3.549175262451172,37.0,38.0,7.894
1765479037.395755,99,24,16,14,12,3.548084259033203,36.5,37.5,6.31
1765479037.5971754,99,24,16,14,12,3.548084259033203,36.5,37.5,6.31
1765479037.798382,99,33,55,31,42,3.5476646423339844,37.0,38.0,7.211
1765479037.999598,99,33,55,31,42,3.5476646423339844,37.0,38.0,7.211
1765479038.2009509,99,33,55,31,42,3.5476646423339844,37.0,38.0,7.211
1765479038.4032845,99,28,36,16,20,3.548542022705078,37.0,37.0,6.821
1765479038.6060078,99,28,36,16,20,3.548542022705078,37.0,37.0,6.821
1765479038.8076117,99,31,30,38,28,3.549072265625,37.0,39.0,7.28
1765479039.0087214,99,31,30,38,28,3.549072265625,37.0,39.0,7.28
1765479039.2118645,99,31,30,38,28,3.549072265625,37.0,39.0,7.28
1765479039.413863,99,30,26,35,26,3.5483016967773438,37.0,37.5,6.701
1765479039.6150866,99,30,26,35,26,3.5483016967773438,37.0,37.5,6.701
1765479039.8163168,26,27,22,32,25,3.5485687255859375,37.0,37.5,5.023
1765479040.0180278,26,27,22,32,25,3.5485687255859375,37.0,37.5,5.023
1765479040.2191815,26,27,22,32,25,3.5485687255859375,37.0,37.5,5.023
1765479040.4212737,99,28,30,59,27,3.548656463623047,37.0,37.0,6.661
1765479040.6233664,99,28,30,59,27,3.548656463623047,37.0,37.0,6.661
1765479040.824687,99,20,24,26,20,3.5495872497558594,36.5,38.5,6.861
1765479041.0263972,99,20,24,26,20,3.5495872497558594,36.5,38.5,6.861
1765479041.2277248,99,20,24,26,20,3.5495872497558594,36.5,38.5,6.861
1765479041.428969,99,29,27,32,62,3.5491294860839844,37.0,37.5,6.5
1765479041.6302042,99,29,27,32,62,3.5491294860839844,37.0,37.5,6.5
1765479041.831218,99,29,27,32,62,3.5491294860839844,37.0,37.5,6.5
1765479042.0324738,18,25,30,26,16,3.5491905212402344,37.0,38.0,5.056
1765479042.2335682,18,25,30,26,16,3.5491905212402344,37.0,38.0,5.056
1765479042.4349978,99,34,33,55,30,3.5494766235351562,37.5,38.5,7.854
1765479042.6368122,99,34,33,55,30,3.5494766235351562,37.5,38.5,7.854
1765479042.8391626,99,34,33,55,30,3.5494766235351562,37.5,38.5,7.854
1765479043.04067,99,14,8,20,20,3.5496749877929688,37.0,37.5,6.078
1765479043.2418451,99,14,8,20,20,3.5496749877929688,37.0,37.5,6.078
1765479043.4438324,99,30,40,66,35,3.5491676330566406,37.0,38.0,7.4
1765479043.6455233,99,30,40,66,35,3.5491676330566406,37.0,38.0,7.4
1765479043.8476868,99,30,40,66,35,3.5491676330566406,37.0,38.0,7.4
1765479044.049032,99,27,17,22,20,3.54937744140625,37.0,38.0,6.781
1765479044.2504785,99,27,17,22,20,3.54937744140625,37.0,38.0,6.781
1765479044.4517484,99,38,29,24,45,3.5497589111328125,37.0,38.0,7.507
1765479044.6535869,99,38,29,24,45,3.5497589111328125,37.0,38.0,7.507
1765479044.8558557,99,38,29,24,45,3.5497589111328125,37.0,38.0,7.507
1765479045.057367,99,20,33,25,24,3.5494384765625,37.5,38.0,6.891
1765479045.2596726,99,20,33,25,24,3.5494384765625,37.5,38.0,6.891
1765479045.4613297,92,31,29,25,36,3.549488067626953,37.0,38.5,5.998
1765479045.6628473,92,31,29,25,36,3.549488067626953,37.0,38.5,5.998
1765479045.8644705,92,31,29,25,36,3.549488067626953,37.0,38.5,5.998
1765479046.067264,99,56,20,23,20,3.5490684509277344,37.5,37.5,7.051
1765479046.2694175,99,56,20,23,20,3.5490684509277344,37.5,37.5,7.051
1765479046.4706914,99,28,23,24,19,3.5503768920898438,37.0,38.0,6.661
1765479046.6716902,99,28,23,24,19,3.5503768920898438,37.0,38.0,6.661
1765479046.8731892,99,28,23,24,19,3.5503768920898438,37.0,38.0,6.661
1765479047.0746963,99,27,37,24,62,3.5501556396484375,37.0,38.0,6.511
1765479047.276173,99,27,37,24,62,3.5501556396484375,37.0,38.0,6.511
1765479047.477448,35,23,32,24,25,3.5504722595214844,36.5,38.5,4.78
1765479047.6787207,35,23,32,24,25,3.5504722595214844,36.5,38.5,4.78
1765479047.8799157,35,23,32,24,25,3.5504722595214844,36.5,38.5,4.78
1765479048.0813317,99,38,28,37,54,3.5509872436523438,37.5,38.5,7.934
1765479048.28433,99,38,28,37,54,3.5509872436523438,37.5,38.5,7.934
1765479048.4860265,99,24,16,15,12,3.550212860107422,37.5,37.5,6.229
1765479048.690906,99,24,16,15,12,3.550212860107422,37.5,37.5,6.229
1765479048.892048,99,24,16,15,12,3.550212860107422,37.5,37.5,6.229
1765479049.0941184,98,71,28,24,31,3.5504684448242188,37.5,38.5,7.24
1765479049.2956321,98,71,28,24,31,3.5504684448242188,37.5,38.5,7.24
1765479049.4975696,99,31,26,20,21,3.550769805908203,37.5,38.0,6.821
1765479049.6989155,99,31,26,20,21,3.550769805908203,37.5,38.0,6.821
1765479049.9003162,99,31,26,20,21,3.550769805908203,37.5,38.0,6.821
1765479050.1016145,99,52,36,34,37,3.5507354736328125,37.5,39.0,7.667
1765479050.3037183,99,52,36,34,37,3.5507354736328125,37.5,39.0,7.667
1765479050.506002,99,52,36,34,37,3.5507354736328125,37.5,39.0,7.667
1765479050.7070858,99,25,26,18,17,3.550189971923828,37.5,38.0,6.47
1765479050.909202,99,25,26,18,17,3.550189971923828,37.5,38.0,6.47
1765479051.1105764,99,40,44,25,23,3.550384521484375,37.5,39.5,6.781
1765479051.3117733,99,40,44,25,23,3.550384521484375,37.5,39.5,6.781
1765479051.513595,99,40,44,25,23,3.550384521484375,37.5,39.5,6.781
1765479051.7174695,99,48,23,28,22,3.551116943359375,37.5,38.5,7.48
1765479051.9199834,99,48,23,28,22,3.551116943359375,37.5,38.5,7.48
1765479052.1245468,53,27,26,24,24,3.5516319274902344,37.5,38.5,6.269
1765479052.3263795,53,27,26,24,24,3.5516319274902344,37.5,38.5,6.269
1765479052.5287595,53,27,26,24,24,3.5516319274902344,37.5,38.5,6.269
1765479052.730583,99,36,30,31,50,3.5506591796875,37.5,38.0,6.58
1765479052.9317174,99,36,30,31,50,3.5506591796875,37.5,38.0,6.58
1765479053.1330364,99,26,28,21,26,3.5508575439453125,37.5,38.5,6.229
1765479053.334336,99,26,28,21,26,3.5508575439453125,37.5,38.5,6.229
1765479053.5360348,99,26,28,21,26,3.5508575439453125,37.5,38.5,6.229
1765479053.7384548,99,61,25,34,22,3.5511131286621094,38.0,39.0,7.48
1765479053.9410236,99,61,25,34,22,3.5511131286621094,38.0,39.0,7.48
1765479054.1466858,0,27,23,13,16,3.5508346557617188,37.5,38.0,4.226
1765479054.347943,0,27,23,13,16,3.5508346557617188,37.5,38.0,4.226
1765479054.5498796,0,27,23,13,16,3.5508346557617188,37.5,38.0,4.226
1765479054.7527142,99,33,46,50,28,3.543621063232422,38.0,38.5,7.011
1765479054.954216,99,33,46,50,28,3.543621063232422,38.0,38.5,7.011
1765479055.155324,99,22,22,32,19,3.5434303283691406,37.5,38.5,6.39
1765479055.3581924,99,22,22,32,19,3.5434303283691406,37.5,38.5,6.39
1765479055.559327,99,22,22,32,19,3.5434303283691406,37.5,38.5,6.39
1765479055.7613468,98,45,51,28,34,3.5439186096191406,38.0,39.0,7.615
1765479055.963449,98,45,51,28,34,3.5439186096191406,38.0,39.0,7.615
1765479056.1653903,99,19,16,17,16,3.5434913635253906,38.0,38.0,6.781
1765479056.3671365,99,19,16,17,16,3.5434913635253906,38.0,38.0,6.781
1765479056.569247,99,19,16,17,16,3.5434913635253906,38.0,38.0,6.781
1765479056.771053,99,34,30,40,54,3.54351806640625,38.0,38.5,7.24
1765479056.9726024,99,34,30,40,54,3.54351806640625,38.0,38.5,7.24
1765479057.1752577,98,20,26,26,37,3.543975830078125,38.0,38.5,6.781
1765479057.3763998,98,20,26,26,37,3.543975830078125,38.0,38.5,6.781
1765479057.5808299,98,20,26,26,37,3.543975830078125,38.0,38.5,6.781
1765479057.7824876,99,30,36,28,23,3.5444908142089844,37.5,41.0,6.511
1765479057.9836864,99,30,36,28,23,3.5444908142089844,37.5,41.0,6.511
1765479058.1853206,99,20,34,31,34,3.543720245361328,38.0,38.5,6.861
1765479058.3866994,99,20,34,31,34,3.543720245361328,38.0,38.5,6.861
1765479058.588484,99,20,34,31,34,3.543720245361328,38.0,38.5,6.861
1765479058.7902172,99,32,22,19,30,3.5437469482421875,38.0,39.0,6.58
1765479058.9916465,99,32,22,19,30,3.5437469482421875,38.0,39.0,6.58
1765479059.1936278,99,35,58,33,24,3.544097900390625,38.0,39.0,6.781
1765479059.3960474,99,35,58,33,24,3.544097900390625,38.0,39.0,6.781
1765479059.5975816,99,35,58,33,24,3.544097900390625,38.0,39.0,6.781
1765479059.7986104,99,20,20,25,16,3.54412841796875,38.0,38.5,6.47
1765479059.9997213,99,20,20,25,16,3.54412841796875,38.0,38.5,6.47
1765479060.2009706,99,20,20,25,16,3.54412841796875,38.0,38.5,6.47
1765479060.4025006,99,20,64,29,29,3.5443077087402344,38.5,38.5,7.011
1765479060.6044667,99,20,64,29,29,3.5443077087402344,38.5,38.5,7.011
1765479060.8061485,97,23,19,26,25,3.5442047119140625,38.0,38.5,5.765
1765479061.0110161,97,23,19,26,25,3.5442047119140625,38.0,38.5,5.765
1765479061.212176,97,23,19,26,25,3.5442047119140625,38.0,38.5,5.765
1765479061.4161344,99,40,26,34,53,3.545398712158203,38.5,39.0,7.894
1765479061.6176045,99,40,26,34,53,3.545398712158203,38.5,39.0,7.894
1765479061.8187826,99,21,18,19,18,3.5444107055664062,38.5,38.5,6.551
1765479062.0203018,99,21,18,19,18,3.5444107055664062,38.5,38.5,6.551
1765479062.2216787,99,21,18,19,18,3.5444107055664062,38.5,38.5,6.551
1765479062.4240208,99,34,36,59,34,3.544647216796875,38.5,40.0,7.36
1765479062.6253564,99,34,36,59,34,3.544647216796875,38.5,40.0,7.36
1765479062.827117,98,22,12,32,23,3.5455169677734375,38.5,38.5,6.661
1765479063.02829,98,22,12,32,23,3.5455169677734375,38.5,38.5,6.661
1765479063.2297392,98,22,12,32,23,3.5455169677734375,38.5,38.5,6.661
1765479063.431038,99,36,25,21,28,3.545867919921875,38.0,40.0,6.701
1765479063.6325266,99,36,25,21,28,3.545867919921875,38.0,40.0,6.701
1765479063.8344002,99,22,22,45,29,3.54534912109375,38.5,38.5,6.701
1765479064.035868,99,22,22,45,29,3.54534912109375,38.5,38.5,6.701
1765479064.23799,99,22,22,45,29,3.54534912109375,38.5,38.5,6.701
1765479064.439179,99,35,23,26,22,3.5458221435546875,38.5,39.0,6.511
1765479064.640382,99,35,23,26,22,3.5458221435546875,38.5,39.0,6.511
1765479064.8422098,99,31,60,31,26,3.546417236328125,38.5,39.0,6.971
1765479065.045313,99,31,60,31,26,3.546417236328125,38.5,39.0,6.971
1765479065.2472134,99,31,60,31,26,3.546417236328125,38.5,39.0,6.971
1765479065.4496024,99,18,26,22,19,3.5464744567871094,38.5,39.0,6.31
1765479065.6506674,99,18,26,22,19,3.5464744567871094,38.5,39.0,6.31
1765479065.8523943,99,30,30,32,62,3.5466384887695312,38.5,38.5,6.85
1765479066.053606,99,30,30,32,62,3.5466384887695312,38.5,38.5,6.85
1765479066.2551978,99,30,30,32,62,3.5466384887695312,38.5,38.5,6.85
1765479066.4567869,99,25,27,18,20,3.5464439392089844,38.5,38.5,5.998
1765479066.6586049,99,25,27,18,20,3.5464439392089844,38.5,38.5,5.998
1765479066.8597498,98,42,40,43,32,3.5482635498046875,38.5,40.0,7.667
1765479067.0616553,98,42,40,43,32,3.5482635498046875,38.5,40.0,7.667
1765479067.2648158,98,42,40,43,32,3.5482635498046875,38.5,40.0,7.667
1765479067.4665933,99,20,23,12,25,3.5475082397460938,38.5,38.5,7.051
1765479067.6682498,99,20,23,12,25,3.5475082397460938,38.5,38.5,7.051
1765479067.8697104,99,26,36,27,57,3.5467567443847656,38.0,39.0,6.931
1765479068.071725,99,26,36,27,57,3.5467567443847656,38.0,39.0,6.931
1765479068.2734044,99,26,36,27,57,3.5467567443847656,38.0,39.0,6.931
1765479068.4759028,99,26,22,16,38,3.5479736328125,38.0,39.0,7.24
1765479068.6774638,99,26,22,16,38,3.5479736328125,38.0,39.0,7.24
1765479068.881838,0,28,28,26,24,3.54901123046875,37.5,40.0,4.861
1765479069.083151,0,28,28,26,24,3.54901123046875,37.5,40.0,4.861
1765479069.2855787,0,28,28,26,24,3.54901123046875,37.5,40.0,4.861
1765479069.487538,99,25,40,30,21,3.5484466552734375,38.5,39.0,6.971
1765479069.688806,99,25,40,30,21,3.5484466552734375,38.5,39.0,6.971
1765479069.8899558,99,25,40,30,21,3.5484466552734375,38.5,39.0,6.971
1765479070.0909963,99,35,22,18,23,3.548748016357422,38.5,39.0,6.591
1765479070.2919912,99,35,22,18,23,3.548748016357422,38.5,39.0,6.591
1765479070.494299,99,32,63,32,34,3.549083709716797,39.0,39.0,6.931
1765479070.6983886,99,32,63,32,34,3.549083709716797,39.0,39.0,6.931
1765479070.9009771,99,32,63,32,34,3.549083709716797,39.0,39.0,6.931
1765479071.106006,0,26,26,18,16,3.5494537353515625,38.0,40.0,4.901
1765479071.3072052,0,26,26,18,16,3.5494537353515625,38.0,40.0,4.901
1765479071.508871,99,60,25,24,28,3.548328399658203,39.0,39.0,7.011
1765479071.710264,99,60,25,24,28,3.548328399658203,39.0,39.0,7.011
1765479071.9142437,99,60,25,24,28,3.548328399658203,39.0,39.0,7.011
1765479072.1163404,99,24,28,13,20,3.5490493774414062,38.5,39.0,5.927
1765479072.3178039,99,24,28,13,20,3.5490493774414062,38.5,39.0,5.927
1765479072.5197136,99,64,35,30,30,3.549274444580078,39.0,40.0,7.934
1765479072.7229557,99,64,35,30,30,3.549274444580078,39.0,40.0,7.934
1765479072.9250906,99,64,35,30,30,3.549274444580078,39.0,40.0,7.934
1765479073.126634,99,21,20,14,14,3.5483131408691406,39.0,39.0,6.741
1765479073.3305326,99,21,20,14,14,3.5483131408691406,39.0,39.0,6.741
1765479073.5317395,99,32,56,29,30,3.548198699951172,38.5,39.5,6.741
1765479073.7329416,99,32,56,29,30,3.548198699951172,38.5,39.5,6.741
1765479073.9346392,99,32,56,29,30,3.548198699951172,38.5,39.5,6.741
1765479074.1369596,99,24,32,30,25,3.5493812561035156,39.0,39.5,7.2
1765479074.3395379,99,24,32,30,25,3.5493812561035156,39.0,39.5,7.2
1765479074.5411868,99,38,30,24,25,3.5499305725097656,38.5,40.5,7.211
1765479074.7424176,99,38,30,24,25,3.5499305725097656,38.5,40.5,7.211
1765479074.9453056,99,38,30,24,25,3.5499305725097656,38.5,40.5,7.211
1765479075.147536,99,29,28,16,42,3.5496978759765625,39.0,39.0,6.931
1765479075.3487322,99,29,28,16,42,3.5496978759765625,39.0,39.0,6.931
1765479075.5498018,99,24,25,28,23,3.5496177673339844,38.5,39.5,6.39
1765479075.7509646,99,24,25,28,23,3.5496177673339844,38.5,39.5,6.39
1765479075.9519637,99,24,25,28,23,3.5496177673339844,38.5,39.5,6.39
1765479076.1538298,99,35,65,31,28,3.5472373962402344,39.0,39.5,7.2
1765479076.3568072,99,35,65,31,28,3.5472373962402344,39.0,39.5,7.2
1765479076.5583255,0,23,21,24,20,3.5479469299316406,38.0,40.5,4.226
1765479076.7594638,0,23,21,24,20,3.5479469299316406,38.0,40.5,4.226
1765479076.9608305,0,23,21,24,20,3.5479469299316406,38.0,40.5,4.226
1765479077.1627107,98,28,33,64,26,3.5484657287597656,39.0,40.0,7.24
1765479077.3641248,98,28,33,64,26,3.5484657287597656,39.0,40.0,7.24
1765479077.5656397,99,26,28,19,14,3.5495071411132812,39.0,39.5,6.701
1765479077.7673347,99,26,28,19,14,3.5495071411132812,39.0,39.5,6.701
1765479077.9698024,99,26,28,19,14,3.5495071411132812,39.0,39.5,6.701
1765479078.1741135,99,48,33,35,32,3.5498275756835938,39.0,40.5,7.667
1765479078.376285,99,48,33,35,32,3.5498275756835938,39.0,40.5,7.667
1765479078.578262,99,30,26,12,16,3.5494651794433594,39.0,39.5,6.861
1765479078.7797048,99,30,26,12,16,3.5494651794433594,39.0,39.5,6.861
1765479078.9826145,99,30,26,12,16,3.5494651794433594,39.0,39.5,6.861
1765479079.1839635,99,33,32,43,35,3.550579071044922,38.5,41.5,6.551
1765479079.3853586,99,33,32,43,35,3.550579071044922,38.5,41.5,6.551
1765479079.5864275,99,33,32,43,35,3.550579071044922,38.5,41.5,6.551
1765479079.7889085,99,12,31,23,51,3.5513267517089844,39.0,40.0,7.011
1765479079.9904847,99,12,31,23,51,3.5513267517089844,39.0,40.0,7.011
1765479080.1916137,99,25,23,23,23,3.5519638061523438,39.0,40.0,6.891
1765479080.3933268,99,25,23,23,23,3.5519638061523438,39.0,40.0,6.891
1765479080.5947123,99,25,23,23,23,3.5519638061523438,39.0,40.0,6.891
1765479080.7960188,99,24,58,28,24,3.551799774169922,39.0,40.0,6.621
1765479080.997187,99,24,58,28,24,3.551799774169922,39.0,40.0,6.621
1765479081.1996326,99,30,35,20,26,3.5440750122070312,38.5,40.0,5.765
1765479081.4012647,99,30,35,20,26,3.5440750122070312,38.5,40.0,5.765
1765479081.6023953,99,30,35,20,26,3.5440750122070312,38.5,40.0,5.765
1765479081.8051662,99,56,34,34,30,3.5445785522460938,40.0,40.0,7.468
1765479082.0078347,99,56,34,34,30,3.5445785522460938,40.0,40.0,7.468
1765479082.2093518,99,23,16,16,14,3.544757843017578,39.0,39.5,6.31
1765479082.4106266,99,23,16,16,14,3.544757843017578,39.0,39.5,6.31
1765479082.6117423,99,23,16,16,14,3.544757843017578,39.0,39.5,6.31
1765479082.8141637,99,23,34,31,63,3.5445327758789062,39.0,39.5,7.36
1765479083.0154984,99,23,34,31,63,3.5445327758789062,39.0,39.5,7.36
1765479083.2177331,99,24,26,18,31,3.5448989868164062,39.0,40.0,6.931
1765479083.4201274,99,24,26,18,31,3.5448989868164062,39.0,40.0,6.931
1765479083.6214604,99,24,26,18,31,3.5448989868164062,39.0,40.0,6.931
1765479083.823184,99,44,34,38,36,3.5447731018066406,39.5,41.0,7.667
1765479084.0281975,99,44,34,38,36,3.5447731018066406,39.5,41.0,7.667
1765479084.230275,99,28,32,21,10,3.5439605712890625,39.5,40.0,6.971
1765479084.4320948,99,28,32,21,10,3.5439605712890625,39.5,40.0,6.971
1765479084.6389012,99,28,32,21,10,3.5439605712890625,39.5,40.0,6.971
1765479084.8401437,91,38,42,40,43,3.5445594787597656,38.5,41.0,6.118
1765479085.0412865,91,38,42,40,43,3.5445594787597656,38.5,41.0,6.118
1765479085.242432,99,60,45,52,51,3.533405303955078,39.5,40.0,7.707
1765479085.4435358,99,60,45,52,51,3.533405303955078,39.5,40.0,7.707
1765479085.644754,99,60,45,52,51,3.533405303955078,39.5,40.0,7.707
1765479085.8458023,99,41,28,26,31,3.533855438232422,39.5,40.0,7.24
1765479086.0471509,99,41,28,26,31,3.533855438232422,39.5,40.0,7.24
1765479086.2489884,99,54,27,28,25,3.533069610595703,40.0,40.0,6.54
1765479086.4505882,99,54,27,28,25,3.533069610595703,40.0,40.0,6.54
1765479086.6517265,99,54,27,28,25,3.533069610595703,40.0,40.0,6.54
1765479086.8531792,99,29,34,18,17,3.5339126586914062,39.0,40.0,6.239
1765479087.0544293,99,29,34,18,17,3.5339126586914062,39.0,40.0,6.239
1765479087.2566423,99,63,21,34,33,3.5333480834960938,39.5,40.0,7.28
1765479087.4590194,99,63,21,34,33,3.5333480834960938,39.5,40.0,7.28
1765479087.6623292,99,63,21,34,33,3.5333480834960938,39.5,40.0,7.28
1765479087.8639524,99,28,21,12,24,3.5333938598632812,39.0,41.0,4.975
1765479088.0649197,99,28,21,12,24,3.5333938598632812,39.0,41.0,4.975
1765479088.2665238,99,33,26,63,27,3.533184051513672,39.5,40.0,7.171
1765479088.4680166,99,33,26,63,27,3.533184051513672,39.5,40.0,7.171
1765479088.67051,99,33,26,63,27,3.533184051513672,39.5,40.0,7.171
1765479088.8720915,99,26,28,24,27,3.5336151123046875,40.0,40.0,6.621
1765479089.0737073,99,26,28,24,27,3.5336151123046875,40.0,40.0,6.621
1765479089.27541,99,26,28,24,27,3.5336151123046875,40.0,40.0,6.621
1765479089.477438,99,40,27,49,30,3.5338592529296875,40.0,40.5,7.627
1765479089.6797633,99,40,27,49,30,3.5338592529296875,40.0,40.5,7.627
1765479089.8812401,99,26,23,21,20,3.533184051513672,40.0,40.0,6.5
1765479090.082965,99,26,23,21,20,3.533184051513672,40.0,40.0,6.5
1765479090.284258,99,26,23,21,20,3.533184051513672,40.0,40.0,6.5
1765479090.4854374,99,42,29,32,48,3.533496856689453,39.5,41.0,7.547
1765479090.6868262,99,42,29,32,48,3.533496856689453,39.5,41.0,7.547
1765479090.8890216,98,18,26,20,37,3.533733367919922,39.5,40.0,6.741
1765479091.090509,98,18,26,20,37,3.533733367919922,39.5,40.0,6.741
1765479091.2917895,98,18,26,20,37,3.533733367919922,39.5,40.0,6.741
1765479091.4931269,15,23,28,33,25,3.5345306396484375,39.5,41.0,6.199
1765479091.6948977,15,23,28,33,25,3.5345306396484375,39.5,41.0,6.199
1765479091.8977406,98,45,35,43,29,3.531421661376953,40.0,40.0,7.24
1765479092.0992906,98,45,35,43,29,3.531421661376953,40.0,40.0,7.24
1765479092.301873,98,45,35,43,29,3.531421661376953,40.0,40.0,7.24
1765479092.5030446,99,37,26,20,25,3.5315399169921875,39.5,40.5,6.741
1765479092.7041419,99,37,26,20,25,3.5315399169921875,39.5,40.5,6.741
1765479092.9060683,99,30,22,28,62,3.5318069458007812,40.0,41.5,6.861
1765479093.1085768,99,30,22,28,62,3.5318069458007812,40.0,41.5,6.861
1765479093.3102224,99,30,22,28,62,3.5318069458007812,40.0,41.5,6.861
1765479093.5112722,99,34,22,21,10,3.532123565673828,39.5,41.0,6.269
1765479093.7124069,99,34,22,21,10,3.532123565673828,39.5,41.0,6.269
1765479093.9142323,99,25,25,22,56,3.53118896484375,40.0,41.0,6.971
1765479094.1154866,99,25,25,22,56,3.53118896484375,40.0,41.0,6.971
1765479094.3173149,99,25,25,22,56,3.53118896484375,40.0,41.0,6.971
1765479094.5201879,97,25,20,28,23,3.5317459106445312,40.0,40.0,5.694
1765479094.7215424,97,25,20,28,23,3.5317459106445312,40.0,40.0,5.694
1765479094.9224546,99,39,35,45,44,3.532367706298828,40.0,41.0,7.974
1765479095.1246436,99,39,35,45,44,3.532367706298828,40.0,41.0,7.974
1765479095.3262029,99,39,35,45,44,3.532367706298828,40.0,41.0,7.974
1765479095.5274348,99,25,22,16,18,3.531505584716797,40.0,40.0,6.701
1765479095.7284985,99,25,22,16,18,3.531505584716797,40.0,40.0,6.701
1765479095.929677,99,32,21,56,31,3.5317001342773438,40.0,41.0,7.16
1765479096.1305623,99,32,21,56,31,3.5317001342773438,40.0,41.0,7.16
1765479096.3320317,99,32,21,56,31,3.5317001342773438,40.0,41.0,7.16
1765479096.5334127,99,24,31,25,22,3.5320472717285156,40.0,40.5,6.661
1765479096.7351463,99,24,31,25,22,3.5320472717285156,40.0,40.5,6.661
1765479096.936675,99,31,28,37,33,3.5325279235839844,39.5,42.5,6.43
1765479097.1381469,99,31,28,37,33,3.5325279235839844,39.5,42.5,6.43
1765479097.3407798,99,31,28,37,33,3.5325279235839844,39.5,42.5,6.43
1765479097.542582,99,26,16,44,21,3.5319366455078125,40.0,40.5,6.781
1765479097.7436452,99,26,16,44,21,3.5319366455078125,40.0,40.5,6.781
1765479097.945027,99,26,16,44,21,3.5319366455078125,40.0,40.5,6.781
1765479098.1463628,99,27,22,20,35,3.532398223876953,40.0,40.5,6.31
1765479098.3474126,99,27,22,20,35,3.532398223876953,40.0,40.5,6.31
1765479098.5493546,99,64,31,28,28,3.5333023071289062,40.0,41.0,6.902
1765479098.7526608,99,64,31,28,28,3.5333023071289062,40.0,41.0,6.902
1765479098.9541843,99,64,31,28,28,3.5333023071289062,40.0,41.0,6.902
1765479099.1554768,62,22,22,26,20,3.533550262451172,39.0,42.0,5.451
1765479099.3566365,62,22,22,26,20,3.533550262451172,39.0,42.0,5.451
1765479099.5578532,99,28,28,26,60,3.5333595275878906,40.0,40.5,7.011
1765479099.7596316,99,28,28,26,60,3.5333595275878906,40.0,40.5,7.011
1765479099.9629886,99,28,28,26,60,3.5333595275878906,40.0,40.5,7.011
1765479100.1646316,99,24,28,26,26,3.5342636108398438,40.0,41.0,6.279
1765479100.3661177,99,24,28,26,26,3.5342636108398438,40.0,41.0,6.279
1765479100.5673356,99,42,32,42,31,3.5346908569335938,40.0,41.0,7.468
1765479100.7689414,99,42,32,42,31,3.5346908569335938,40.0,41.0,7.468
1765479100.972372,99,42,32,42,31,3.5346908569335938,40.0,41.0,7.468
1765479101.1742313,99,26,22,16,22,3.534423828125,40.0,40.5,6.781
1765479101.3754325,99,26,22,16,22,3.534423828125,40.0,40.5,6.781
1765479101.576747,99,29,48,30,27,3.5341873168945312,40.0,41.0,6.931
1765479101.7778237,99,29,48,30,27,3.5341873168945312,40.0,41.0,6.931
1765479101.9792213,99,29,48,30,27,3.5341873168945312,40.0,41.0,6.931
1765479102.1805835,98,18,44,21,20,3.5352096557617188,40.5,41.0,6.821
1765479102.3817844,98,18,44,21,20,3.5352096557617188,40.5,41.0,6.821
1765479102.5831635,0,31,16,27,19,3.5360183715820312,39.5,41.0,5.136
1765479102.7852995,0,31,16,27,19,3.5360183715820312,39.5,41.0,5.136
1765479102.9871767,0,31,16,27,19,3.5360183715820312,39.5,41.0,5.136
1765479103.1883745,99,22,22,51,22,3.5357208251953125,40.5,41.0,6.43
1765479103.3893886,99,22,22,51,22,3.5357208251953125,40.5,41.0,6.43
1765479103.5907862,99,26,24,33,26,3.5360488891601562,40.5,41.0,6.279
1765479103.7919307,99,26,24,33,26,3.5360488891601562,40.5,41.0,6.279
1765479103.9928946,99,26,24,33,26,3.5360488891601562,40.5,41.0,6.279
1765479104.195852,99,26,36,32,56,3.5364036560058594,40.5,41.5,7.171
1765479104.398116,99,26,36,32,56,3.5364036560058594,40.5,41.5,7.171
1765479104.599436,99,25,22,21,22,3.5369110107421875,40.0,41.0,5.056
1765479104.8007104,99,25,22,21,22,3.5369110107421875,40.0,41.0,5.056
1765479105.0018642,99,25,22,21,22,3.5369110107421875,40.0,41.0,5.056
1765479105.203255,99,32,29,30,63,3.5367469787597656,40.5,41.0,7.24
1765479105.4046361,99,32,29,30,63,3.5367469787597656,40.5,41.0,7.24
1765479105.6057646,99,32,29,30,63,3.5367469787597656,40.5,41.0,7.24
1765479105.8070128,99,27,22,22,23,3.5369110107421875,40.5,40.5,6.971
1765479106.008446,99,27,22,22,23,3.5369110107421875,40.5,40.5,6.971
1765479106.2095647,99,37,31,36,32,3.5382766723632812,40.5,41.5,6.621
1765479106.4117298,99,37,31,36,32,3.5382766723632812,40.5,41.5,6.621
1765479106.6186335,99,37,31,36,32,3.5382766723632812,40.5,41.5,6.621
1765479106.8204095,99,22,18,21,36,3.5376358032226562,40.5,40.5,6.741
1765479107.0224361,99,22,18,21,36,3.5376358032226562,40.5,40.5,6.741
1765479107.2240677,19,30,23,26,29,3.5376663208007812,40.0,41.0,5.177
1765479107.4253573,19,30,23,26,29,3.5376663208007812,40.0,41.0,5.177
1765479107.6276603,19,30,23,26,29,3.5376663208007812,40.0,41.0,5.177
1765479107.8292298,99,35,58,31,25,3.5376052856445312,40.5,41.0,6.551
1765479108.0304065,99,35,58,31,25,3.5376052856445312,40.5,41.0,6.551
1765479108.2314222,99,28,27,33,23,3.5389480590820312,40.5,41.5,7.091
1765479108.4325883,99,28,27,33,23,3.5389480590820312,40.5,41.5,7.091
1765479108.6357093,99,28,27,33,23,3.5389480590820312,40.5,41.5,7.091
1765479108.8438444,99,49,33,25,14,3.5379562377929688,40.5,41.0,6.511
1765479109.045221,99,49,33,25,14,3.5379562377929688,40.5,41.0,6.511
1765479109.2467172,95,26,29,18,28,3.53826904296875,40.0,41.0,4.226
1765479109.4513168,95,26,29,18,28,3.53826904296875,40.0,41.0,4.226
1765479109.6524162,95,26,29,18,28,3.53826904296875,40.0,41.0,4.226
1765479109.8545432,99,44,58,38,38,3.538829803466797,40.5,41.5,7.48
1765479110.0574625,99,44,58,38,38,3.538829803466797,40.5,41.5,7.48
1765479110.2589273,99,14,18,26,16,3.5393600463867188,40.5,41.0,6.971
1765479110.4631255,99,14,18,26,16,3.5393600463867188,40.5,41.0,6.971
1765479110.6645062,99,14,18,26,16,3.5393600463867188,40.5,41.0,6.971
1765479110.8656013,99,31,23,54,31,3.539093017578125,40.5,41.5,7.011
1765479111.0674431,99,31,23,54,31,3.539093017578125,40.5,41.5,7.011
1765479111.2697835,98,32,22,25,26,3.539600372314453,41.0,41.5,6.591
1765479111.4713886,98,32,22,25,26,3.539600372314453,41.0,41.5,6.591
1765479111.6724193,98,32,22,25,26,3.539600372314453,41.0,41.5,6.591
1765479111.873572,99,38,42,30,39,3.5396881103515625,40.5,42.5,6.621
1765479112.0753744,99,38,42,30,39,3.5396881103515625,40.5,42.5,6.621
1765479112.2767887,99,8,46,17,14,3.5396270751953125,40.5,41.0,6.81
1765479112.4787986,99,8,46,17,14,3.5396270751953125,40.5,41.0,6.81
1765479112.680469,99,8,46,17,14,3.5396270751953125,40.5,41.0,6.81
1765479112.8818238,99,25,20,18,21,3.5401763916015625,40.5,41.0,6.43
1765479113.0831742,99,25,20,18,21,3.5401763916015625,40.5,41.0,6.43
1765479113.2847826,99,62,36,31,30,3.5405426025390625,41.0,41.5,6.821
1765479113.4877863,99,62,36,31,30,3.5405426025390625,41.0,41.5,6.821
1765479113.6891673,99,62,36,31,30,3.5405426025390625,41.0,41.5,6.821
1765479113.8904183,99,29,30,24,15,3.5406761169433594,40.5,42.5,5.917
1765479114.0914278,99,29,30,24,15,3.5406761169433594,40.5,42.5,5.917
1765479114.292582,99,26,26,27,56,3.5405006408691406,40.5,41.0,6.821
1765479114.4939947,99,26,26,27,56,3.5405006408691406,40.5,41.0,6.821
1765479114.6971679,99,26,26,27,56,3.5405006408691406,40.5,41.0,6.821
1765479114.8997962,99,16,23,22,26,3.5413894653320312,41.0,41.0,6.159
1765479115.1012619,99,16,23,22,26,3.5413894653320312,41.0,41.0,6.159
1765479115.3026507,99,39,57,46,41,3.536823272705078,41.0,41.5,7.747
1765479115.5050159,99,39,57,46,41,3.536823272705078,41.0,41.5,7.747
1765479115.7075138,99,39,57,46,41,3.536823272705078,41.0,41.5,7.747
1765479115.9091048,99,26,19,23,16,3.537029266357422,41.0,41.5,7.131
1765479116.1107533,99,26,19,23,16,3.537029266357422,41.0,41.5,7.131
1765479116.3121982,99,26,19,23,16,3.537029266357422,41.0,41.5,7.131
1765479116.5133252,99,40,32,28,28,3.5363502502441406,40.5,42.5,6.741
1765479116.7154176,99,40,32,28,28,3.5363502502441406,40.5,42.5,6.741
1765479116.9169848,98,39,21,26,30,3.536724090576172,41.0,41.0,6.821
1765479117.1181436,98,39,21,26,30,3.536724090576172,41.0,41.0,6.821
1765479117.3191006,98,39,21,26,30,3.536724090576172,41.0,41.0,6.821
1765479117.5201192,99,40,32,28,26,3.5368080139160156,41.0,41.5,6.821
1765479117.7224667,99,40,32,28,26,3.5368080139160156,41.0,41.5,6.821
1765479117.9240024,99,56,20,19,18,3.5372085571289062,41.0,41.0,6.35
1765479118.1264532,99,56,20,19,18,3.5372085571289062,41.0,41.0,6.35
1765479118.3281665,99,56,20,19,18,3.5372085571289062,41.0,41.0,6.35
1765479118.5293756,99,27,32,32,24,3.5370864868164062,40.5,41.5,6.199
1765479118.7305956,99,27,32,32,24,3.5370864868164062,40.5,41.5,6.199
1765479118.9323213,99,39,42,30,42,3.538135528564453,41.0,41.5,6.701
1765479119.1352763,99,39,42,30,42,3.538135528564453,41.0,41.5,6.701
1765479119.336679,99,39,42,30,42,3.538135528564453,41.0,41.5,6.701
1765479119.538015,99,18,31,23,20,3.5390243530273438,41.0,41.5,6.159
1765479119.739362,99,18,31,23,20,3.5390243530273438,41.0,41.5,6.159
1765479119.9417844,99,23,25,63,24,3.538318634033203,41.0,42.0,7.36
1765479120.143275,99,23,25,63,24,3.538318634033203,41.0,42.0,7.36
1765479120.34671,99,23,25,63,24,3.538318634033203,41.0,42.0,7.36
1765479120.5485306,99,22,25,24,26,3.538555145263672,41.5,41.5,6.891
1765479120.7495196,99,22,25,24,26,3.538555145263672,41.5,41.5,6.891
1765479120.9506035,99,41,36,28,44,3.5392074584960938,41.0,41.5,6.821
1765479121.1525419,99,41,36,28,44,3.5392074584960938,41.0,41.5,6.821
1765479121.3540912,99,41,36,28,44,3.5392074584960938,41.0,41.5,6.821
1765479121.5556374,98,24,20,23,32,3.5399932861328125,41.0,42.0,7.32
1765479121.756874,98,24,20,23,32,3.5399932861328125,41.0,42.0,7.32
1765479121.958134,27,30,28,22,17,3.53948974609375,41.0,41.0,5.096
1765479122.1595023,27,30,28,22,17,3.53948974609375,41.0,41.0,5.096
1765479122.3634193,27,30,28,22,17,3.53948974609375,41.0,41.0,5.096
1765479122.5653484,99,34,30,53,32,3.5396499633789062,41.5,41.5,6.47
1765479122.7668126,99,34,30,53,32,3.5396499633789062,41.5,41.5,6.47
1765479122.9681218,99,30,20,28,34,3.5405845642089844,41.0,42.5,6.58
1765479123.1693377,99,30,20,28,34,3.5405845642089844,41.0,42.5,6.58
1765479123.3706772,99,30,20,28,34,3.5405845642089844,41.0,42.5,6.58
1765479123.5717282,99,23,56,15,25,3.5403404235839844,41.0,42.5,7.4
1765479123.773762,99,23,56,15,25,3.5403404235839844,41.0,42.5,7.4
1765479123.975049,99,23,56,15,25,3.5403404235839844,41.0,42.5,7.4
1765479124.1815984,99,26,25,19,15,3.5404739379882812,41.0,41.5,5.998
1765479124.3828764,99,26,25,19,15,3.5404739379882812,41.0,41.5,5.998
1765479124.5843616,98,48,49,25,41,3.5410842895507812,41.0,42.5,7.091
1765479124.7874053,98,48,49,25,41,3.5410842895507812,41.0,42.5,7.091
1765479124.9906387,98,48,49,25,41,3.5410842895507812,41.0,42.5,7.091
1765479125.1919835,99,24,31,19,23,3.5417213439941406,41.0,41.5,6.861
1765479125.393075,99,24,31,19,23,3.5417213439941406,41.0,41.5,6.861
1765479125.5943012,99,38,20,25,39,3.54132080078125,41.0,42.5,6.511
1765479125.7957606,99,38,20,25,39,3.54132080078125,41.0,42.5,6.511
1765479125.9973962,99,38,20,25,39,3.54132080078125,41.0,42.5,6.511
1765479126.1995282,99,40,24,18,34,3.5414581298828125,41.0,41.5,6.701
1765479126.4009402,99,40,24,18,34,3.5414581298828125,41.0,41.5,6.701
1765479126.6021614,79,31,29,20,25,3.5413131713867188,41.5,41.5,5.886
1765479126.8036249,79,31,29,20,25,3.5413131713867188,41.5,41.5,5.886
1765479127.004911,79,31,29,20,25,3.5413131713867188,41.5,41.5,5.886
1765479127.2077632,99,50,24,38,24,3.5423049926757812,41.5,42.5,7.051
1765479127.4110224,99,50,24,38,24,3.5423049926757812,41.5,42.5,7.051
1765479127.6137767,99,22,20,27,18,3.5417861938476562,41.0,41.5,5.877
1765479127.8154473,99,22,20,27,18,3.5417861938476562,41.0,41.5,5.877
1765479128.01718,99,22,20,27,18,3.5417861938476562,41.0,41.5,5.877
1765479128.219688,99,32,42,48,28,3.5427093505859375,41.5,41.5,6.58
1765479128.4210567,99,32,42,48,28,3.5427093505859375,41.5,41.5,6.58
1765479128.6222978,99,24,32,25,13,3.542491912841797,41.5,42.0,5.411
1765479128.8234546,99,24,32,25,13,3.542491912841797,41.5,42.0,5.411
1765479129.0253391,99,24,32,25,13,3.542491912841797,41.5,42.0,5.411
1765479129.2273872,99,24,28,28,56,3.5431289672851562,41.5,41.5,7.4
1765479129.4305055,99,24,28,28,56,3.5431289672851562,41.5,41.5,7.4
1765479129.6335464,99,28,25,20,16,3.537322998046875,42.0,42.0,6.621
1765479129.835281,99,28,25,20,16,3.537322998046875,42.0,42.0,6.621
1765479130.0364022,99,28,25,20,16,3.537322998046875,42.0,42.0,6.621
1765479130.2374976,98,38,54,38,30,3.5367355346679688,41.5,43.0,7.24
1765479130.4391143,98,38,54,38,30,3.5367355346679688,41.5,43.0,7.24
1765479130.6403975,99,25,26,20,26,3.5371246337890625,41.5,41.5,6.891
1765479130.8422542,99,25,26,20,26,3.5371246337890625,41.5,41.5,6.891
1765479131.0521426,99,25,26,20,26,3.5371246337890625,41.5,41.5,6.891
1765479131.253675,99,26,44,22,25,3.5364112854003906,41.0,43.0,6.85
1765479131.4558446,99,26,44,22,25,3.5364112854003906,41.0,43.0,6.85
1765479131.6584756,99,32,44,22,25,3.5366897583007812,41.5,42.0,6.821
1765479131.8599617,99,32,44,22,25,3.5366897583007812,41.5,42.0,6.821
1765479132.0613532,99,32,44,22,25,3.5366897583007812,41.5,42.0,6.821
1765479132.2626398,13,27,21,31,23,3.5364952087402344,41.0,42.5,5.411
1765479132.4637575,13,27,21,31,23,3.5364952087402344,41.0,42.5,5.411
1765479132.6649365,99,60,19,18,18,3.5369796752929688,41.5,42.0,6.891
1765479132.8674414,99,60,19,18,18,3.5369796752929688,41.5,42.0,6.891
1765479133.069452,99,60,19,18,18,3.5369796752929688,41.5,42.0,6.891
1765479133.2707348,99,25,30,20,24,3.536968231201172,41.5,42.0,6.269
1765479133.4716866,99,25,30,20,24,3.536968231201172,41.5,42.0,6.269
1765479133.6730628,99,50,31,37,36,3.5375328063964844,42.0,42.0,6.781
1765479133.8752687,99,50,31,37,36,3.5375328063964844,42.0,42.0,6.781
1765479134.0768578,99,50,31,37,36,3.5375328063964844,42.0,42.0,6.781
1765479134.2780151,96,24,23,24,25,3.5375595092773438,41.5,42.5,6.007
1765479134.479256,96,24,23,24,25,3.5375595092773438,41.5,42.5,6.007
1765479134.6829908,99,24,24,62,25,3.53759765625,41.5,42.5,7.16
1765479134.8844235,99,24,24,62,25,3.53759765625,41.5,42.5,7.16
1765479135.0869398,99,24,24,62,25,3.53759765625,41.5,42.5,7.16
1765479135.2882514,99,32,26,18,23,3.5381011962890625,41.5,42.0,6.781
1765479135.4892387,99,32,26,18,23,3.5381011962890625,41.5,42.0,6.781
1765479135.6904235,99,34,33,49,26,3.5381736755371094,42.0,42.5,7.131
1765479135.8926508,99,34,33,49,26,3.5381736755371094,42.0,42.5,7.131
1765479136.09408,99,34,33,49,26,3.5381736755371094,42.0,42.5,7.131
1765479136.2958107,99,22,24,28,18,3.539325714111328,42.0,42.5,7.44
1765479136.4972296,99,22,24,28,18,3.539325714111328,42.0,42.5,7.44
1765479136.6987236,99,22,24,28,18,3.539325714111328,42.0,42.5,7.44
1765479136.8999553,52,20,26,28,16,3.5384063720703125,41.0,43.5,5.411
1765479137.102346,52,20,26,28,16,3.5384063720703125,41.0,43.5,5.411
1765479137.303896,99,31,37,22,40,3.538909912109375,42.0,42.0,6.931
1765479137.5048573,99,31,37,22,40,3.538909912109375,42.0,42.0,6.931
1765479137.7062428,99,31,37,22,40,3.538909912109375,42.0,42.0,6.931
1765479137.9073055,99,30,32,30,28,3.5388565063476562,42.0,42.5,6.741
1765479138.1086426,99,30,32,30,28,3.5388565063476562,42.0,42.5,6.741
1765479138.3098557,99,59,22,20,18,3.5402259826660156,41.5,43.0,7.12
1765479138.5112262,99,59,22,20,18,3.5402259826660156,41.5,43.0,7.12
1765479138.712431,99,59,22,20,18,3.5402259826660156,41.5,43.0,7.12
1765479138.914221,0,25,27,21,18,3.539997100830078,41.0,43.0,4.341
1765479139.1153219,0,25,27,21,18,3.539997100830078,41.0,43.0,4.341
1765479139.317051,99,35,39,34,48,3.539684295654297,42.0,42.5,7.24
1765479139.5187807,99,35,39,34,48,3.539684295654297,42.0,42.5,7.24
1765479139.7199228,99,35,39,34,48,3.539684295654297,42.0,42.5,7.24
1765479139.92116,98,34,20,16,25,3.5405426025390625,42.0,42.0,6.821
1765479140.1225429,98,34,20,16,25,3.5405426025390625,42.0,42.0,6.821
1765479140.3237271,99,28,30,20,47,3.5412445068359375,41.5,42.5,6.971
1765479140.5256004,99,28,30,20,47,3.5412445068359375,41.5,42.5,6.971
1765479140.7273216,99,28,30,20,47,3.5412445068359375,41.5,42.5,6.971
1765479140.9304352,98,28,26,26,22,3.540618896484375,42.0,43.0,6.781
1765479141.1322782,98,28,26,26,22,3.540618896484375,42.0,43.0,6.781
1765479141.3334625,99,35,28,39,36,3.5410919189453125,42.0,43.5,6.47
1765479141.5350935,99,35,28,39,36,3.5410919189453125,42.0,43.5,6.47
1765479141.7365377,99,35,28,39,36,3.5410919189453125,42.0,43.5,6.47
1765479141.9376519,99,42,21,22,19,3.5418777465820312,42.0,42.5,7.587
1765479142.1388602,99,42,21,22,19,3.5418777465820312,42.0,42.5,7.587
1765479142.340104,99,25,20,18,22,3.5411224365234375,42.0,42.5,6.511
1765479142.5413394,99,25,20,18,22,3.5411224365234375,42.0,42.5,6.511
1765479142.7443612,99,25,20,18,22,3.5411224365234375,42.0,42.5,6.511
1765479142.9480987,99,34,35,40,48,3.5420265197753906,42.0,42.5,6.511
1765479143.1503866,99,34,35,40,48,3.5420265197753906,42.0,42.5,6.511
1765479143.3519955,99,25,30,30,28,3.5415725708007812,41.5,42.5,6.199
1765479143.5532823,99,25,30,30,28,3.5415725708007812,41.5,42.5,6.199
1765479143.755529,99,25,30,30,28,3.5415725708007812,41.5,42.5,6.199
1765479143.9570057,99,22,18,20,59,3.543376922607422,42.0,43.0,7.547
1765479144.1594524,99,22,18,20,59,3.543376922607422,42.0,43.0,7.547
1765479144.3612003,92,18,18,13,23,3.54241943359375,41.5,42.5,5.532
1765479144.5624282,92,18,18,13,23,3.54241943359375,41.5,42.5,5.532
1765479144.7635436,92,18,18,13,23,3.54241943359375,41.5,42.5,5.532
1765479144.9650676,98,64,36,35,34,3.543163299560547,42.0,43.5,7.171
1765479145.1671576,98,64,36,35,34,3.543163299560547,42.0,43.5,7.171
1765479145.3686807,99,20,28,15,33,3.543926239013672,42.5,42.5,7.707
1765479145.5708363,99,20,28,15,33,3.543926239013672,42.5,42.5,7.707
1765479145.7719884,99,20,28,15,33,3.543926239013672,42.5,42.5,7.707
1765479145.97316,99,32,24,38,30,3.5430679321289062,42.0,42.5,6.971
1765479146.1746478,99,32,24,38,30,3.5430679321289062,42.0,42.5,6.971
1765479146.3759089,99,24,32,20,28,3.5434494018554688,42.5,42.5,7.011
1765479146.5770738,99,24,32,20,28,3.5434494018554688,42.5,42.5,7.011
1765479146.7784529,99,24,32,20,28,3.5434494018554688,42.5,42.5,7.011
1765479146.979702,0,32,28,33,40,3.5434913635253906,41.5,42.5,4.861
1765479147.1810706,0,32,28,33,40,3.5434913635253906,41.5,42.5,4.861
1765479147.3840473,99,31,33,54,24,3.5401344299316406,42.5,44.0,7.934
1765479147.5857258,99,31,33,54,24,3.5401344299316406,42.5,44.0,7.934
1765479147.7871706,99,31,33,54,24,3.5401344299316406,42.5,44.0,7.934
1765479147.988443,99,20,20,24,14,3.5390243530273438,42.0,42.5,6.47
1765479148.1896844,99,20,20,24,14,3.5390243530273438,42.0,42.5,6.47
1765479148.3906744,99,20,20,24,14,3.5390243530273438,42.0,42.5,6.47
1765479148.5918832,99,40,34,54,32,3.5393333435058594,42.0,42.5,6.43
1765479148.7930384,99,40,34,54,32,3.5393333435058594,42.0,42.5,6.43
1765479148.9949334,0,22,32,23,29,3.539764404296875,42.0,43.0,5.096
1765479149.1964123,0,22,32,23,29,3.539764404296875,42.0,43.0,5.096
1765479149.3975964,0,22,32,23,29,3.539764404296875,42.0,43.0,5.096
1765479149.5992682,99,25,16,19,62,3.541271209716797,42.5,43.0,7.36
1765479149.8020983,99,25,16,19,62,3.541271209716797,42.5,43.0,7.36
1765479150.003493,99,24,24,19,20,3.5408706665039062,42.0,42.5,6.239
1765479150.2053545,99,24,24,19,20,3.5408706665039062,42.0,42.5,6.239
1765479150.406563,99,24,24,19,20,3.5408706665039062,42.0,42.5,6.239
1765479150.608448,98,25,25,31,59,3.5410995483398438,42.0,43.0,6.971
1765479150.8102689,98,25,25,31,59,3.5410995483398438,42.0,43.0,6.971
1765479151.0121965,99,22,28,20,26,3.5420761108398438,42.5,43.0,7.36
1765479151.2141953,99,22,28,20,26,3.5420761108398438,42.5,43.0,7.36
1765479151.4153588,99,22,28,20,26,3.5420761108398438,42.5,43.0,7.36
1765479151.617004,0,27,17,28,26,3.5432281494140625,41.5,43.5,4.145
1765479151.8190756,0,27,17,28,26,3.5432281494140625,41.5,43.5,4.145
1765479152.0210545,99,37,22,29,45,3.5438194274902344,42.0,42.5,6.661
1765479152.2226057,99,37,22,29,45,3.5438194274902344,42.0,42.5,6.661
1765479152.4238508,99,37,22,29,45,3.5438194274902344,42.0,42.5,6.661
1765479152.6250935,99,36,26,25,25,3.5441360473632812,42.0,43.0,6.54
1765479152.826608,99,36,26,25,25,3.5441360473632812,42.0,43.0,6.54
1765479153.0275815,99,30,24,25,55,3.5448875427246094,42.5,43.5,7.4
1765479153.229191,99,30,24,25,55,3.5448875427246094,42.5,43.5,7.4
1765479153.4324143,99,30,24,25,55,3.5448875427246094,42.5,43.5,7.4
1765479153.6339946,84,21,19,19,26,3.544086456298828,41.5,42.5,4.267
1765479153.8387995,84,21,19,19,26,3.544086456298828,41.5,42.5,4.267
1765479154.0399277,99,36,36,58,34,3.5449295043945312,42.5,43.0,6.971
1765479154.2422802,99,36,36,58,34,3.5449295043945312,42.5,43.0,6.971
1765479154.443703,99,36,36,58,34,3.5449295043945312,42.5,43.0,6.971
1765479154.6448805,99,31,28,28,18,3.5452117919921875,42.5,43.5,7.011
1765479154.846465,99,31,28,28,18,3.5452117919921875,42.5,43.5,7.011
1765479155.0478344,99,26,20,26,50,3.5459518432617188,42.5,43.5,7.28
1765479155.2495303,99,26,20,26,50,3.5459518432617188,42.5,43.5,7.28
1765479155.4527216,99,26,20,26,50,3.5459518432617188,42.5,43.5,7.28
1765479155.655162,99,27,25,23,30,3.545501708984375,42.5,43.0,6.47
1765479155.8564098,99,27,25,23,30,3.545501708984375,42.5,43.0,6.47
1765479156.0576282,99,33,31,27,44,3.5456390380859375,42.5,45.0,6.621
1765479156.2589629,99,33,31,27,44,3.5456390380859375,42.5,45.0,6.621
1765479156.4603143,99,33,31,27,44,3.5456390380859375,42.5,45.0,6.621
1765479156.6628137,99,27,25,18,48,3.5471458435058594,42.5,43.5,7.627
1765479156.8642664,99,27,25,18,48,3.5471458435058594,42.5,43.5,7.627
1765479157.0655556,99,20,12,18,22,3.5462989807128906,42.5,43.0,6.35
1765479157.2666616,99,20,12,18,22,3.5462989807128906,42.5,43.0,6.35
1765479157.467804,99,20,12,18,22,3.5462989807128906,42.5,43.0,6.35
1765479157.6701136,99,41,40,42,34,3.5465736389160156,43.0,44.5,6.591
1765479157.8715458,99,41,40,42,34,3.5465736389160156,43.0,44.5,6.591
1765479158.072607,99,20,16,34,30,3.5452919006347656,42.0,44.0,6.31
1765479158.2736812,99,20,16,34,30,3.5452919006347656,42.0,44.0,6.31
1765479158.4748228,99,20,16,34,30,3.5452919006347656,42.0,44.0,6.31
1765479158.6760783,99,25,23,27,62,3.54559326171875,43.0,43.5,7.48
1765479158.8791516,99,25,23,27,62,3.54559326171875,43.0,43.5,7.48
1765479159.0808005,99,25,23,27,62,3.54559326171875,43.0,43.5,7.48
1765479159.2818136,99,25,22,20,15,3.54522705078125,42.0,43.0,5.806
1765479159.4828444,99,25,22,20,15,3.54522705078125,42.0,43.0,5.806
1765479159.684525,99,35,28,38,66,3.5462112426757812,42.5,43.5,7.2
1765479159.8861835,99,35,28,38,66,3.5462112426757812,42.5,43.5,7.2
1765479160.0873463,99,35,28,38,66,3.5462112426757812,42.5,43.5,7.2
1765479160.288415,99,28,20,26,26,3.545825958251953,43.0,44.0,7.44
1765479160.4897177,99,28,20,26,26,3.545825958251953,43.0,44.0,7.44
1765479160.6909158,99,40,31,18,22,3.546306610107422,42.5,44.0,7.051
1765479160.8930101,99,40,31,18,22,3.546306610107422,42.5,44.0,7.051
1765479161.095266,99,40,31,18,22,3.546306610107422,42.5,44.0,7.051
1765479161.2967703,99,36,22,17,26,3.5462913513183594,42.5,43.0,7.131
1765479161.4978685,99,36,22,17,26,3.5462913513183594,42.5,43.0,7.131
1765479161.6992307,0,38,28,24,33,3.546703338623047,42.5,43.0,5.096
1765479161.9022045,0,38,28,24,33,3.546703338623047,42.5,43.0,5.096
1765479162.1041174,0,38,28,24,33,3.546703338623047,42.5,43.0,5.096
1765479162.3069224,99,23,28,24,56,3.5475311279296875,43.0,43.0,7.36
1765479162.5104868,99,23,28,24,56,3.5475311279296875,43.0,43.0,7.36
1765479162.711431,99,20,25,19,12,3.54644775390625,42.5,43.0,6.47
1765479162.9126444,99,20,25,19,12,3.54644775390625,42.5,43.0,6.47
1765479163.114768,99,20,25,19,12,3.54644775390625,42.5,43.0,6.47
1765479163.3181586,99,34,49,34,32,3.5472335815429688,43.0,43.5,6.47
1765479163.519808,99,34,49,34,32,3.5472335815429688,43.0,43.5,6.47
1765479163.7207973,7,22,25,28,29,3.547649383544922,42.5,43.0,4.463
1765479163.9217844,7,22,25,28,29,3.547649383544922,42.5,43.0,4.463
1765479164.122949,7,22,25,28,29,3.547649383544922,42.5,43.0,4.463
1765479164.3249881,99,56,28,30,27,3.5491714477539062,42.5,44.0,7.587
1765479164.5276356,99,56,28,30,27,3.5491714477539062,42.5,44.0,7.587
1765479164.7295983,98,22,20,16,14,3.548015594482422,43.0,43.0,6.39
1765479164.9310188,98,22,20,16,14,3.548015594482422,43.0,43.0,6.39
1765479165.1323004,98,22,20,16,14,3.548015594482422,43.0,43.0,6.39
1765479165.3335743,98,31,58,35,26,3.5480804443359375,43.0,43.5,7.011
1765479165.5345654,98,31,58,35,26,3.5480804443359375,43.0,43.5,7.011
1765479165.7360504,99,25,29,25,22,3.5490379333496094,43.5,43.5,6.931
1765479165.9374273,99,25,29,25,22,3.5490379333496094,43.5,43.5,6.931
1765479166.1385915,99,25,29,25,22,3.5490379333496094,43.5,43.5,6.931
1765479166.339857,99,35,18,20,34,3.549488067626953,42.5,44.5,6.54
1765479166.5423608,99,35,18,20,34,3.549488067626953,42.5,44.5,6.54
1765479166.7440615,99,35,25,26,40,3.5487747192382812,43.0,43.5,7.011
1765479166.9453752,99,35,25,26,40,3.5487747192382812,43.0,43.5,7.011
1765479167.1468265,99,35,25,26,40,3.5487747192382812,43.0,43.5,7.011
1765479167.348078,99,31,26,27,29,3.549041748046875,43.0,43.5,6.35
1765479167.5502913,99,31,26,27,29,3.549041748046875,43.0,43.5,6.35
1765479167.7517674,99,20,30,30,65,3.550189971923828,43.5,44.0,7.171
1765479167.9533987,99,20,30,30,65,3.550189971923828,43.5,44.0,7.171
1765479168.1600914,99,20,30,30,65,3.550189971923828,43.5,44.0,7.171
1765479168.3611004,99,16,22,17,18,3.5493316650390625,43.0,44.0,6.279
1765479168.5621734,99,16,22,17,18,3.5493316650390625,43.0,44.0,6.279
1765479168.7630582,99,25,58,29,32,3.5499000549316406,43.0,43.5,6.781
1765479168.964941,99,25,58,29,32,3.5499000549316406,43.0,43.5,6.781
1765479169.16655,99,25,58,29,32,3.5499000549316406,43.0,43.5,6.781
1765479169.3680398,99,27,28,26,16,3.5499534606933594,43.0,43.5,5.298
1765479169.5693314,99,27,28,26,16,3.5499534606933594,43.0,43.5,5.298
1765479169.7710383,99,27,28,26,16,3.5499534606933594,43.0,43.5,5.298
1765479169.9733179,98,32,25,32,64,3.5506935119628906,43.5,44.0,7.747
1765479170.1762068,98,32,25,32,64,3.5506935119628906,43.5,44.0,7.747
1765479170.3782773,99,27,20,21,16,3.5499534606933594,43.5,43.0,6.661
1765479170.5795894,99,27,20,21,16,3.5499534606933594,43.5,43.0,6.661
1765479170.7806468,99,27,20,21,16,3.5499534606933594,43.5,43.0,6.661
1765479170.9817939,99,26,62,37,29,3.5506935119628906,43.0,44.0,7.2
1765479171.1837409,99,26,62,37,29,3.5506935119628906,43.0,44.0,7.2
1765479171.385488,99,24,41,28,18,3.550884246826172,43.5,44.5,7.627
1765479171.5873578,99,24,41,28,18,3.550884246826172,43.5,44.5,7.627
1765479171.7887056,99,24,41,28,18,3.550884246826172,43.5,44.5,7.627
1765479171.9900162,99,25,26,27,28,3.5515060424804688,42.5,45.5,6.58
1765479172.192245,99,25,26,27,28,3.5515060424804688,42.5,45.5,6.58
1765479172.3948672,99,42,26,29,27,3.5443344116210938,43.0,43.5,6.701
1765479172.5964968,99,42,26,29,27,3.5443344116210938,43.0,43.5,6.701
1765479172.798051,99,42,26,29,27,3.5443344116210938,43.0,43.5,6.701
1765479172.9993784,99,28,25,20,27,3.5442962646484375,43.0,43.5,6.511
1765479173.2005115,99,28,25,20,27,3.5442962646484375,43.0,43.5,6.511
1765479173.4022326,99,66,30,30,15,3.5457725524902344,43.5,43.5,7.051
1765479173.6035607,99,66,30,30,15,3.5457725524902344,43.5,43.5,7.051
1765479173.8056867,99,66,30,30,15,3.5457725524902344,43.5,43.5,7.051
1765479174.0070684,99,27,17,20,20,3.544483184814453,42.5,43.5,5.998
1765479174.2082446,99,27,17,20,20,3.544483184814453,42.5,43.5,5.998
1765479174.4096477,99,33,29,32,56,3.544452667236328,43.0,43.5,6.701
1765479174.6110728,99,33,29,32,56,3.544452667236328,43.0,43.5,6.701
1765479174.8127725,99,33,29,32,56,3.544452667236328,43.0,43.5,6.701
1765479175.0140474,95,22,20,27,14,3.545001983642578,43.5,43.5,5.806
1765479175.2153146,95,22,20,27,14,3.545001983642578,43.5,43.5,5.806
1765479175.4163291,98,39,60,28,25,3.5467147827148438,43.5,45.0,7.787
1765479175.6186066,98,39,60,28,25,3.5467147827148438,43.5,45.0,7.787
1765479175.821437,98,39,60,28,25,3.5467147827148438,43.5,45.0,7.787
1765479176.023168,99,28,12,19,19,3.5458297729492188,43.5,43.5,7.091
1765479176.2244875,99,28,12,19,19,3.5458297729492188,43.5,43.5,7.091
1765479176.4257753,99,37,49,34,35,3.5462265014648438,43.5,44.0,6.931
1765479176.627493,99,37,49,34,35,3.5462265014648438,43.5,44.0,6.931
1765479176.8291888,99,37,49,34,35,3.5462265014648438,43.5,44.0,6.931
1765479177.030383,99,22,34,24,30,3.5464859008789062,43.5,44.0,7.587
1765479177.231424,99,22,34,24,30,3.5464859008789062,43.5,44.0,7.587
1765479177.43251,99,22,34,24,30,3.5464859008789062,43.5,44.0,7.587
1765479177.6341114,5,33,33,26,23,3.546722412109375,42.5,45.0,5.015
1765479177.8365355,5,33,33,26,23,3.546722412109375,42.5,45.0,5.015
1765479178.038635,99,32,35,27,47,3.5465469360351562,43.5,43.5,6.891
1765479178.2399645,99,32,35,27,47,3.5465469360351562,43.5,43.5,6.891
1765479178.4410443,99,32,35,27,47,3.5465469360351562,43.5,43.5,6.891
1765479178.6421933,99,24,17,35,25,3.5468521118164062,43.5,43.5,6.621
1765479178.8433375,99,24,17,35,25,3.5468521118164062,43.5,43.5,6.621
1765479179.0453055,99,28,33,59,30,3.5482711791992188,43.5,45.0,7.507
1765479179.2479584,99,28,33,59,30,3.5482711791992188,43.5,45.0,7.507
1765479179.449338,99,28,33,59,30,3.5482711791992188,43.5,45.0,7.507
1765479179.654583,0,24,17,24,12,3.5477523803710938,42.5,44.5,4.658
1765479179.8556616,0,24,17,24,12,3.5477523803710938,42.5,44.5,4.658
1765479180.0572023,99,35,65,25,27,3.5479774475097656,44.0,44.0,7.24
1765479180.2586837,99,35,65,25,27,3.5479774475097656,44.0,44.0,7.24
1765479180.46026,99,35,65,25,27,3.5479774475097656,44.0,44.0,7.24
1765479180.661768,99,29,27,25,18,3.5480918884277344,43.5,44.0,6.551
1765479180.8632352,99,29,27,25,18,3.5480918884277344,43.5,44.0,6.551
1765479181.066289,99,22,24,39,53,3.549335479736328,43.5,44.5,7.36
1765479181.2687294,99,22,24,39,53,3.549335479736328,43.5,44.5,7.36
1765479181.471918,99,22,24,39,53,3.549335479736328,43.5,44.5,7.36
1765479181.6737514,99,24,23,26,22,3.5484466552734375,43.5,44.0,6.511
1765479181.8759072,99,24,23,26,22,3.5484466552734375,43.5,44.0,6.511
1765479182.0773106,99,35,34,30,40,3.5489845275878906,43.0,45.5,6.5
1765479182.2800052,99,35,34,30,40,3.5489845275878906,43.0,45.5,6.5
1765479182.4825845,99,35,34,30,40,3.5489845275878906,43.0,45.5,6.5
1765479182.6864617,99,18,25,26,50,3.5493316650390625,44.0,44.0,7.627
1765479182.8878987,99,18,25,26,50,3.5493316650390625,44.0,44.0,7.627
1765479183.0893867,99,21,16,20,14,3.5498085021972656,43.5,43.5,6.47
1765479183.290519,99,21,16,20,14,3.5498085021972656,43.5,43.5,6.47
1765479183.4924312,99,21,16,20,14,3.5498085021972656,43.5,43.5,6.47
1765479183.6941302,99,38,52,34,24,3.5496139526367188,44.0,43.5,6.511
1765479183.895585,99,38,52,34,24,3.5496139526367188,44.0,43.5,6.511
1765479184.0971308,99,30,32,22,22,3.5496597290039062,43.0,44.5,5.685
1765479184.2985647,99,30,32,22,22,3.5496597290039062,43.0,44.5,5.685
1765479184.4996166,99,30,32,22,22,3.5496597290039062,43.0,44.5,5.685
1765479184.701614,99,61,34,29,32,3.551197052001953,44.0,45.0,8.014
1765479184.904451,99,61,34,29,32,3.551197052001953,44.0,45.0,8.014
1765479185.1058004,99,23,10,19,17,3.5504493713378906,43.5,43.5,5.967
1765479185.3070061,99,23,10,19,17,3.5504493713378906,43.5,43.5,5.967
1765479185.5081313,99,23,10,19,17,3.5504493713378906,43.5,43.5,5.967
1765479185.7098346,99,66,32,40,29,3.5505523681640625,43.5,45.5,7.4
1765479185.9115307,99,66,32,40,29,3.5505523681640625,43.5,45.5,7.4
1765479186.1133368,99,22,22,28,19,3.551361083984375,43.5,44.0,7.2
1765479186.3145528,99,22,22,28,19,3.551361083984375,43.5,44.0,7.2
1765479186.5163379,99,22,22,28,19,3.551361083984375,43.5,44.0,7.2
1765479186.7177207,99,36,39,36,26,3.55181884765625,43.5,45.0,7.48
1765479186.919501,99,36,39,36,26,3.55181884765625,43.5,45.0,7.48
1765479187.1207442,99,26,26,36,23,3.55126953125,43.5,44.0,6.781
1765479187.3218412,99,26,26,36,23,3.55126953125,43.5,44.0,6.781
1765479187.523882,99,26,26,36,23,3.55126953125,43.5,44.0,6.781
1765479187.7253726,0,30,30,28,30,3.5516433715820312,43.0,44.0,5.015
1765479187.9264262,0,30,30,28,30,3.5516433715820312,43.0,44.0,5.015
1765479188.1277163,0,30,30,28,30,3.5516433715820312,43.0,44.0,5.015
1765479188.3288531,99,25,31,28,68,3.545970916748047,44.0,44.5,7.747
1765479188.5302458,99,25,31,28,68,3.545970916748047,44.0,44.5,7.747
1765479188.7315853,99,17,66,24,22,3.539215087890625,44.0,44.5,7.16
1765479188.9327545,99,17,66,24,22,3.539215087890625,44.0,44.5,7.16
1765479189.134222,99,17,66,24,22,3.539215087890625,44.0,44.5,7.16
1765479189.335222,99,62,28,27,28,3.5396499633789062,44.0,44.5,6.511
1765479189.5370939,99,62,28,27,28,3.5396499633789062,44.0,44.5,6.511
1765479189.7388892,73,30,30,25,23,3.540088653564453,43.0,44.5,4.975
1765479189.9402897,73,30,30,25,23,3.540088653564453,43.0,44.5,4.975
1765479190.1415179,73,30,30,25,23,3.540088653564453,43.0,44.5,4.975
1765479190.3437715,99,56,35,28,29,3.5404739379882812,44.0,45.0,7.814
1765479190.545786,99,56,35,28,29,3.5404739379882812,44.0,45.0,7.814
1765479190.7471833,98,20,16,17,14,3.5399932861328125,44.0,44.0,6.269
1765479190.9484513,98,20,16,17,14,3.5399932861328125,44.0,44.0,6.269
1765479191.1495264,98,20,16,17,14,3.5399932861328125,44.0,44.0,6.269
1765479191.3512926,98,68,33,34,29,3.5402297973632812,44.0,46.0,7.16
1765479191.5527139,98,68,33,34,29,3.5402297973632812,44.0,46.0,7.16
1765479191.7543218,99,30,18,25,18,3.541015625,44.0,44.0,6.43
1765479191.9554675,99,30,18,25,18,3.541015625,44.0,44.0,6.43
1765479192.1580877,99,30,18,25,18,3.541015625,44.0,44.0,6.43
1765479192.3593538,99,32,31,33,36,3.541534423828125,43.5,45.5,6.85
1765479192.5613728,99,32,31,33,36,3.541534423828125,43.5,45.5,6.85
1765479192.7636297,99,25,30,34,24,3.541454315185547,44.0,44.5,7.16
1765479192.9650738,99,25,30,34,24,3.541454315185547,44.0,44.5,7.16
1765479193.1668596,99,25,30,34,24,3.541454315185547,44.0,44.5,7.16
1765479193.3681412,99,30,22,24,21,3.541675567626953,44.0,44.0,6.47
1765479193.5722544,99,30,22,24,21,3.541675567626953,44.0,44.0,6.47
1765479193.7742734,99,22,61,19,30,3.5423431396484375,44.5,44.5,6.741
1765479193.976584,99,22,61,19,30,3.5423431396484375,44.5,44.5,6.741
1765479194.178108,99,22,61,19,30,3.5423431396484375,44.5,44.5,6.741
1765479194.3792167,99,30,14,20,16,3.542652130126953,43.5,44.5,6.511
1765479194.5803564,99,30,14,20,16,3.542652130126953,43.5,44.5,6.511
1765479194.7814794,99,23,66,25,20,3.5427818298339844,44.0,45.0,7.16
1765479194.9829545,99,23,66,25,20,3.5427818298339844,44.0,45.0,7.16
1765479195.1852732,99,23,66,25,20,3.5427818298339844,44.0,45.0,7.16
1765479195.3867564,99,23,16,22,21,3.5434303283691406,44.0,44.0,6.39
1765479195.5904822,99,23,16,22,21,3.5434303283691406,44.0,44.0,6.39
1765479195.7916174,99,48,39,32,33,3.5448379516601562,44.0,45.0,7.587
1765479195.9936182,99,48,39,32,33,3.5448379516601562,44.0,45.0,7.587
1765479196.1954253,99,48,39,32,33,3.5448379516601562,44.0,45.0,7.587
1765479196.3967102,99,26,19,26,12,3.5442543029785156,44.5,44.0,6.701
1765479196.5982502,99,26,19,26,12,3.5442543029785156,44.5,44.0,6.701
1765479196.7994678,99,29,38,30,34,3.544281005859375,44.0,47.0,6.31
1765479197.0007033,99,29,38,30,34,3.544281005859375,44.0,47.0,6.31
1765479197.202237,99,29,38,30,34,3.544281005859375,44.0,47.0,6.31
1765479197.4036994,99,20,52,18,14,3.544605255126953,44.0,44.5,6.861
1765479197.6072042,99,20,52,18,14,3.544605255126953,44.0,44.5,6.861
1765479197.811498,99,26,23,20,26,3.5457305908203125,44.5,44.5,7.011
1765479198.0125437,99,26,23,20,26,3.5457305908203125,44.5,44.5,7.011
1765479198.2140124,99,26,23,20,26,3.5457305908203125,44.5,44.5,7.011
1765479198.4151897,99,44,42,26,19,3.5449600219726562,44.0,44.5,6.931
1765479198.6163251,99,44,42,26,19,3.5449600219726562,44.0,44.5,6.931
1765479198.8173752,99,44,42,26,19,3.5449600219726562,44.0,44.5,6.931
1765479199.0187047,95,29,24,20,27,3.5450592041015625,44.0,45.5,5.177
1765479199.2198339,95,29,24,20,27,3.5450592041015625,44.0,45.5,5.177
1765479199.4222136,99,36,37,32,54,3.5467605590820312,44.5,45.5,7.747
1765479199.6270373,99,36,37,32,54,3.5467605590820312,44.5,45.5,7.747
1765479199.8286479,99,36,37,32,54,3.5467605590820312,44.5,45.5,7.747
1765479200.0304246,99,19,20,16,22,3.547412872314453,44.0,45.5,6.891
1765479200.2318256,99,19,20,16,22,3.547412872314453,44.0,45.5,6.891
1765479200.4331722,99,28,24,64,30,3.547321319580078,44.5,45.5,7.24
1765479200.6346433,99,28,24,64,30,3.547321319580078,44.5,45.5,7.24
1765479200.8369548,99,28,24,64,30,3.547321319580078,44.5,45.5,7.24
1765479201.038494,99,27,25,22,20,3.548595428466797,44.5,44.5,6.861
1765479201.2422278,99,27,25,22,20,3.548595428466797,44.5,44.5,6.861
1765479201.443282,99,31,38,37,37,3.5493316650390625,44.5,45.5,7.587
1765479201.6448908,99,31,38,37,37,3.5493316650390625,44.5,45.5,7.587
1765479201.8471882,99,31,38,37,37,3.5493316650390625,44.5,45.5,7.587
1765479202.0489209,99,28,18,32,14,3.548919677734375,44.0,45.0,6.891
1765479202.2503104,99,28,18,32,14,3.548919677734375,44.0,45.0,6.891
1765479202.4578383,48,26,32,25,29,3.548858642578125,43.5,44.5,5.136
1765479202.660818,48,26,32,25,29,3.548858642578125,43.5,44.5,5.136
1765479202.8628974,48,26,32,25,29,3.548858642578125,43.5,44.5,5.136
1765479203.0652132,99,56,20,24,30,3.5485191345214844,44.5,44.5,7.211
1765479203.2664878,99,56,20,24,30,3.5485191345214844,44.5,44.5,7.211
1765479203.46745,99,24,31,23,18,3.549694061279297,44.5,45.0,7.28
1765479203.669054,99,24,31,23,18,3.549694061279297,44.5,45.0,7.28
1765479203.8710513,99,24,31,23,18,3.549694061279297,44.5,45.0,7.28
1765479204.0727286,99,25,44,37,12,3.549560546875,44.5,45.0,6.511
1765479204.275128,99,25,44,37,12,3.549560546875,44.5,45.0,6.511
1765479204.4768078,0,33,27,27,20,3.5492095947265625,44.0,45.0,4.585
1765479204.6781082,0,33,27,27,20,3.5492095947265625,44.0,45.0,4.585
1765479204.8796477,0,33,27,27,20,3.5492095947265625,44.0,45.0,4.585
1765479205.082079,99,33,54,37,30,3.549571990966797,44.5,45.0,7.507
1765479205.285502,99,33,54,37,30,3.549571990966797,44.5,45.0,7.507
1765479205.4871845,98,16,20,19,28,3.5499801635742188,44.5,45.0,6.511
1765479205.6886103,98,16,20,19,28,3.5499801635742188,44.5,45.0,6.511
1765479205.8899453,98,16,20,19,28,3.5499801635742188,44.5,45.0,6.511
1765479206.0910876,99,30,32,29,59,3.550395965576172,44.5,45.0,7.091
1765479206.2924213,99,30,32,29,59,3.550395965576172,44.5,45.0,7.091
1765479206.4942079,98,29,21,23,29,3.550994873046875,44.5,45.0,6.821
1765479206.7016232,98,29,21,23,29,3.550994873046875,44.5,45.0,6.821
1765479206.902607,98,29,21,23,29,3.550994873046875,44.5,45.0,6.821
1765479207.1037643,99,22,35,36,28,3.551483154296875,44.5,45.5,6.781
1765479207.3058603,99,22,35,36,28,3.551483154296875,44.5,45.5,6.781
1765479207.508299,99,22,35,36,28,3.551483154296875,44.5,45.5,6.781
1765479207.7098608,99,44,12,28,18,3.5508499145507812,45.0,44.5,6.741
1765479207.9115624,99,44,12,28,18,3.5508499145507812,45.0,44.5,6.741
1765479208.1130319,99,19,29,22,26,3.551280975341797,44.5,45.0,6.511
1765479208.316479,99,19,29,22,26,3.551280975341797,44.5,45.0,6.511
1765479208.5182216,99,19,29,22,26,3.551280975341797,44.5,45.0,6.511
1765479208.7198849,99,36,58,32,23,3.5521163940429688,45.0,45.0,6.621
1765479208.9213805,99,36,58,32,23,3.5521163940429688,45.0,45.0,6.621
1765479209.1227305,99,27,28,26,20,3.552623748779297,44.0,46.0,5.957
1765479209.323984,99,27,28,26,20,3.552623748779297,44.0,46.0,5.957
1765479209.5253544,99,27,28,26,20,3.552623748779297,44.0,46.0,5.957
1765479209.726842,99,32,23,23,60,3.5530929565429688,44.5,45.0,7.507
1765479209.9283159,99,32,23,23,60,3.5530929565429688,44.5,45.0,7.507
1765479210.1296673,99,40,45,34,46,3.549224853515625,44.5,45.0,7.32
1765479210.330726,99,40,45,34,46,3.549224853515625,44.5,45.0,7.32
1765479210.5319939,99,40,45,34,46,3.549224853515625,44.5,45.0,7.32
1765479210.7332056,99,26,35,25,59,3.5486831665039062,45.0,46.0,7.667
1765479210.9350092,99,26,35,25,59,3.5486831665039062,45.0,46.0,7.667
1765479211.1363606,99,31,38,30,30,3.5484237670898438,45.0,45.5,7.894
1765479211.3375695,99,31,38,30,30,3.5484237670898438,45.0,45.5,7.894
1765479211.5388708,99,31,38,30,30,3.5484237670898438,45.0,45.5,7.894
1765479211.7409027,46,36,54,38,32,3.5499839782714844,44.5,46.0,5.917
1765479211.9429073,46,36,54,38,32,3.5499839782714844,44.5,46.0,5.917
1765479212.144099,46,36,54,38,32,3.5499839782714844,44.5,46.0,5.917
1765479212.3480103,46,36,54,38,32,3.5499839782714844,44.5,46.0,5.917
1765479212.54932,99,56,36,36,45,3.517101287841797,45.0,45.5,7.667
1765479212.7504723,99,52,40,56,64,3.521076202392578,45.0,45.5,8.014
1765479212.9517274,99,52,40,56,64,3.521076202392578,45.0,45.5,8.014
1765479213.1528854,99,45,56,98,53,3.5206680297851562,45.0,46.0,8.054
1765479213.354744,99,45,56,98,53,3.5206680297851562,45.0,46.0,8.054
1765479213.5560715,99,45,56,98,53,3.5206680297851562,45.0,46.0,8.054
1765479213.7574406,99,26,25,44,22,3.509449005126953,45.0,46.5,6.861
1765479213.9586666,99,26,25,44,22,3.509449005126953,45.0,46.5,6.861
1765479214.1604743,99,26,25,44,22,3.509449005126953,45.0,46.5,6.861
1765479214.361676,99,30,51,30,26,3.5099945068359375,44.5,46.5,7.507
1765479214.564141,99,30,51,30,26,3.5099945068359375,44.5,46.5,7.507
1765479214.7663324,99,39,24,20,31,3.506439208984375,45.0,45.5,6.741
1765479214.9677825,99,39,24,20,31,3.506439208984375,45.0,45.5,6.741
1765479215.1689508,99,39,24,20,31,3.506439208984375,45.0,45.5,6.741
1765479215.3702614,0,38,30,32,27,3.507495880126953,43.5,45.5,4.226
1765479215.5717146,0,38,30,32,27,3.507495880126953,43.5,45.5,4.226
1765479215.7732751,99,50,18,22,41,3.5076751708984375,45.0,45.5,7.051
1765479215.9750395,99,50,18,22,41,3.5076751708984375,45.0,45.5,7.051
1765479216.1763012,99,50,18,22,41,3.5076751708984375,45.0,45.5,7.051
1765479216.3772953,99,20,20,19,19,3.5075416564941406,44.5,45.5,6.701
1765479216.5788379,99,20,20,19,19,3.5075416564941406,44.5,45.5,6.701
1765479216.7809527,99,34,58,29,27,3.5083656311035156,45.0,45.0,6.741
1765479216.9825242,99,34,58,29,27,3.5083656311035156,45.0,45.0,6.741
1765479217.184035,99,34,58,29,27,3.5083656311035156,45.0,45.0,6.741
1765479217.3856463,99,28,28,20,19,3.5078163146972656,44.5,45.0,5.136
1765479217.5869603,99,28,28,20,19,3.5078163146972656,44.5,45.0,5.136
1765479217.7881489,99,37,30,60,26,3.5094871520996094,45.0,46.0,7.894
1765479217.991198,99,37,30,60,26,3.5094871520996094,45.0,46.0,7.894
1765479218.1946704,99,37,30,60,26,3.5094871520996094,45.0,46.0,7.894
1765479218.396187,99,19,17,21,22,3.508869171142578,45.0,45.0,6.511
1765479218.5972016,99,19,17,21,22,3.508869171142578,45.0,45.0,6.511
1765479218.7983449,99,30,60,28,24,3.5084877014160156,44.5,45.0,6.931
1765479218.999939,99,30,60,28,24,3.5084877014160156,44.5,45.0,6.931
1765479219.2010887,99,30,60,28,24,3.5084877014160156,44.5,45.0,6.931
1765479219.4033666,99,22,26,28,26,3.509429931640625,45.0,45.5,7.24
1765479219.6054518,99,22,26,28,26,3.509429931640625,45.0,45.5,7.24
1765479219.806622,65,26,25,25,32,3.510272979736328,44.5,47.0,5.806
1765479220.0078866,65,26,25,25,32,3.510272979736328,44.5,47.0,5.806
1765479220.2109919,65,26,25,25,32,3.510272979736328,44.5,47.0,5.806
1765479220.4127588,99,43,29,23,17,3.5099945068359375,45.0,45.5,6.821
1765479220.6143973,99,43,29,23,17,3.5099945068359375,45.0,45.5,6.821
1765479220.8155997,99,43,29,23,17,3.5099945068359375,45.0,45.5,6.821
1765479221.0167475,99,25,26,29,18,3.5099220275878906,45.0,45.5,6.47
1765479221.2181168,99,25,26,29,18,3.5099220275878906,45.0,45.5,6.47
1765479221.4204884,99,27,32,24,63,3.5103912353515625,45.0,45.5,7.011
1765479221.62283,99,27,32,24,63,3.5103912353515625,45.0,45.5,7.011
1765479221.824191,99,27,32,24,63,3.5103912353515625,45.0,45.5,7.011
1765479222.0253243,99,25,18,32,18,3.5110130310058594,45.0,46.0,6.35
1765479222.227142,99,25,18,32,18,3.5110130310058594,45.0,46.0,6.35
1765479222.4293313,99,21,25,54,26,3.5104942321777344,45.0,45.0,6.861
1765479222.632188,99,21,25,54,26,3.5104942321777344,45.0,45.0,6.861
1765479222.8338115,99,21,25,54,26,3.5104942321777344,45.0,45.0,6.861
1765479223.0349507,96,28,20,27,20,3.5110130310058594,45.0,45.5,5.765
1765479223.2362554,96,28,20,27,20,3.5110130310058594,45.0,45.5,5.765
1765479223.4376874,98,35,40,33,52,3.5132675170898438,45.0,46.5,7.894
1765479223.6398065,98,35,40,33,52,3.5132675170898438,45.0,46.5,7.894
1765479223.8426964,98,35,40,33,52,3.5132675170898438,45.0,46.5,7.894
1765479224.0441997,99,25,14,12,16,3.5126609802246094,45.0,45.0,6.781
1765479224.2454267,99,25,14,12,16,3.5126609802246094,45.0,45.0,6.781
1765479224.4464703,99,36,34,59,22,3.5126113891601562,45.0,46.0,7.091
1765479224.6479523,99,36,34,59,22,3.5126113891601562,45.0,46.0,7.091
1765479224.8516688,99,36,34,59,22,3.5126113891601562,45.0,46.0,7.091
1765479225.0551012,99,24,37,26,25,3.5130844116210938,45.0,45.5,7.24
1765479225.2570665,99,24,37,26,25,3.5130844116210938,45.0,45.5,7.24
1765479225.4585197,99,23,33,24,32,3.514251708984375,44.5,46.5,6.35
1765479225.6598496,99,23,33,24,32,3.514251708984375,44.5,46.5,6.35
1765479225.8615022,99,23,33,24,32,3.514251708984375,44.5,46.5,6.35
1765479226.0630438,99,24,40,23,23,3.513202667236328,45.5,45.5,6.891
1765479226.2640264,99,24,40,23,23,3.513202667236328,45.5,45.5,6.891
1765479226.4652464,99,28,32,16,22,3.513671875,45.0,45.5,6.701
1765479226.6664743,99,28,32,16,22,3.513671875,45.0,45.5,6.701
1765479226.8675463,99,28,32,16,22,3.513671875,45.0,45.5,6.701
1765479227.0695937,99,31,28,59,29,3.51416015625,45.0,47.0,6.861
1765479227.2720828,99,31,28,59,29,3.51416015625,45.0,47.0,6.861
1765479227.4733746,99,33,24,25,16,3.5143814086914062,44.5,47.5,5.765
1765479227.6746309,99,33,24,25,16,3.5143814086914062,44.5,47.5,5.765
1765479227.8759181,99,33,24,25,16,3.5143814086914062,44.5,47.5,5.765
1765479228.0791173,99,28,60,30,26,3.5141983032226562,45.5,46.0,7.011
1765479228.2808895,99,28,60,30,26,3.5141983032226562,45.5,46.0,7.011
1765479228.482266,99,26,21,23,17,3.5145530700683594,45.0,45.5,6.39
1765479228.684732,99,26,21,23,17,3.5145530700683594,45.0,45.5,6.39
1765479228.8864052,99,26,21,23,17,3.5145530700683594,45.0,45.5,6.39
1765479229.0875518,99,35,34,56,39,3.5155372619628906,45.5,46.0,7.775
1765479229.2907727,99,35,34,56,39,3.5155372619628906,45.5,46.0,7.775
1765479229.4926083,99,35,34,56,39,3.5155372619628906,45.5,46.0,7.775
1765479229.6936636,99,22,18,17,16,3.515716552734375,45.0,45.5,6.861
1765479229.894539,99,22,18,17,16,3.515716552734375,45.0,45.5,6.861
1765479230.0956762,99,29,33,32,39,3.5152435302734375,45.0,45.5,6.861
1765479230.2969735,99,29,33,32,39,3.5152435302734375,45.0,45.5,6.861
1765479230.4983437,99,29,33,32,39,3.5152435302734375,45.0,45.5,6.861
1765479230.7008593,98,20,24,22,46,3.5159988403320312,45.0,46.5,7.131
1765479230.9023697,98,20,24,22,46,3.5159988403320312,45.0,46.5,7.131
1765479231.1034896,0,26,20,30,21,3.5168418884277344,45.5,47.5,5.371
1765479231.3045967,0,26,20,30,21,3.5168418884277344,45.5,47.5,5.371
1765479231.50688,0,26,20,30,21,3.5168418884277344,45.5,47.5,5.371
1765479231.708481,99,27,28,23,46,3.5160560607910156,45.5,45.5,6.511
1765479231.9118693,99,27,28,23,46,3.5160560607910156,45.5,45.5,6.511
1765479232.1146924,99,27,25,29,29,3.5165443420410156,45.0,45.5,6.279
1765479232.3165913,99,27,25,29,29,3.5165443420410156,45.0,45.5,6.279
1765479232.5177615,99,27,25,29,29,3.5165443420410156,45.0,45.5,6.279
1765479232.7199316,99,34,30,28,58,3.5168838500976562,45.5,46.0,6.971
1765479232.9217155,99,34,30,28,58,3.5168838500976562,45.5,46.0,6.971
1765479233.1231334,99,22,18,23,17,3.517162322998047,45.0,45.5,5.532
1765479233.324356,99,22,18,23,17,3.517162322998047,45.0,45.5,5.532
1765479233.5254564,99,22,18,23,17,3.517162322998047,45.0,45.5,5.532
1765479233.7265124,99,30,28,24,69,3.516643524169922,45.5,46.0,7.547
1765479233.9279327,99,30,28,24,69,3.516643524169922,45.5,46.0,7.547
1765479234.1293285,99,20,23,24,18,3.5174636840820312,45.5,45.5,6.931
1765479234.3308442,99,20,23,24,18,3.5174636840820312,45.5,45.5,6.931
1765479234.5321496,99,20,23,24,18,3.5174636840820312,45.5,45.5,6.931
1765479234.7333238,99,45,36,33,35,3.5179824829101562,45.5,47.0,7.547
1765479234.9362767,99,45,36,33,35,3.5179824829101562,45.5,47.0,7.547
1765479235.1383398,99,22,18,16,29,3.5174942016601562,45.5,45.5,7.051
1765479235.3397653,99,22,18,16,29,3.5174942016601562,45.5,45.5,7.051
1765479235.5425558,99,22,18,16,29,3.5174942016601562,45.5,45.5,7.051
1765479235.7435825,98,32,33,34,21,3.517864227294922,45.0,46.0,5.846
1765479235.944691,98,32,33,34,21,3.517864227294922,45.0,46.0,5.846
1765479236.1461065,99,22,22,50,25,3.5179214477539062,45.5,46.0,6.971
1765479236.3486233,99,22,22,50,25,3.5179214477539062,45.5,46.0,6.971
1765479236.5500386,99,22,22,50,25,3.5179214477539062,45.5,46.0,6.971
1765479236.7512107,99,30,29,27,26,3.5190162658691406,45.5,46.5,7.24
1765479236.952408,99,30,29,27,26,3.5190162658691406,45.5,46.5,7.24
1765479237.153313,99,22,16,57,14,3.5179214477539062,45.5,46.0,6.931
1765479237.3546526,99,22,16,57,14,3.5179214477539062,45.5,46.0,6.931
1765479237.556879,99,22,16,57,14,3.5179214477539062,45.5,46.0,6.931
1765479237.7584999,99,36,28,16,25,3.5043869018554688,45.5,46.0,5.015
1765479237.9596834,99,36,28,16,25,3.5043869018554688,45.5,46.0,5.015
1765479238.1607752,99,36,28,16,25,3.5043869018554688,45.5,46.0,5.015
1765479238.3624036,99,37,45,54,35,3.5047149658203125,45.5,46.5,7.32
1765479238.5653377,99,37,45,54,35,3.5047149658203125,45.5,46.5,7.32
1765479238.7677896,99,27,23,21,16,3.505207061767578,45.5,46.0,7.4
1765479238.9695814,99,27,23,21,16,3.505207061767578,45.5,46.0,7.4
1765479239.171257,99,27,23,21,16,3.505207061767578,45.5,46.0,7.4
1765479239.3724408,99,26,54,25,28,3.5047950744628906,45.5,46.5,7.36
1765479239.5743191,99,26,54,25,28,3.5047950744628906,45.5,46.5,7.36
1765479239.7773173,99,29,37,16,18,3.5055389404296875,46.0,46.0,6.701
1765479239.9793484,99,29,37,16,18,3.5055389404296875,46.0,46.0,6.701
1765479240.1823742,99,29,37,16,18,3.5055389404296875,46.0,46.0,6.701
1765479240.3833623,99,49,34,41,35,3.506267547607422,45.5,48.0,7.011
1765479240.5867379,99,49,34,41,35,3.506267547607422,45.5,48.0,7.011
1765479240.7883441,99,23,45,22,14,3.5057144165039062,46.0,46.0,6.971
1765479240.9906693,99,23,45,22,14,3.5057144165039062,46.0,46.0,6.971
1765479241.1930828,99,23,45,22,14,3.5057144165039062,46.0,46.0,6.971
1765479241.3946311,99,25,20,25,26,3.5060386657714844,45.5,46.0,6.35
1765479241.595686,99,25,20,25,26,3.5060386657714844,45.5,46.0,6.35
1765479241.7980962,99,28,33,59,20,3.5065269470214844,46.0,46.0,6.701
1765479242.0015545,99,28,33,59,20,3.5065269470214844,46.0,46.0,6.701
1765479242.2111547,99,28,33,59,20,3.5065269470214844,46.0,46.0,6.701
1765479242.4129837,99,35,16,20,34,3.5069351196289062,45.5,47.5,6.118
1765479242.6142175,99,35,16,20,34,3.5069351196289062,45.5,47.5,6.118
1765479242.8155098,99,55,20,18,21,3.506683349609375,46.0,46.0,6.971
1765479243.0170736,99,55,20,18,21,3.506683349609375,46.0,46.0,6.971
1765479243.2201822,99,55,20,18,21,3.506683349609375,46.0,46.0,6.971
1765479243.4223847,99,30,22,18,12,3.5069923400878906,45.5,46.0,6.118
1765479243.623843,99,30,22,18,12,3.5069923400878906,45.5,46.0,6.118
1765479243.825096,99,56,43,29,42,3.5083274841308594,45.5,47.5,7.468
1765479244.0273173,99,56,43,29,42,3.5083274841308594,45.5,47.5,7.468
1765479244.2294214,99,56,43,29,42,3.5083274841308594,45.5,47.5,7.468
1765479244.4305482,99,27,18,21,18,3.508617401123047,46.0,47.0,7.627
1765479244.6319754,99,27,18,21,18,3.508617401123047,46.0,47.0,7.627
1765479244.833222,99,35,28,44,22,3.5083961486816406,46.0,46.5,6.931
1765479245.0344017,99,35,28,44,22,3.5083961486816406,46.0,46.5,6.931
1765479245.236453,99,35,28,44,22,3.5083961486816406,46.0,46.5,6.931
1765479245.439392,99,35,32,30,18,3.508617401123047,46.0,46.0,6.931
1765479245.6410596,99,35,32,30,18,3.508617401123047,46.0,46.0,6.931
1765479245.842519,0,34,34,29,28,3.509075164794922,45.5,47.0,5.685
1765479246.0449345,0,34,34,29,28,3.509075164794922,45.5,47.0,5.685
1765479246.2473779,0,34,34,29,28,3.509075164794922,45.5,47.0,5.685
1765479246.4488328,99,20,17,50,19,3.50946044921875,46.0,46.0,7.16
1765479246.6518412,99,20,17,50,19,3.50946044921875,46.0,46.0,7.16
1765479246.8534913,99,20,17,50,19,3.50946044921875,46.0,46.0,7.16
1765479247.0549707,99,30,18,23,24,3.509654998779297,45.5,46.0,6.511
1765479247.256303,99,30,18,23,24,3.509654998779297,45.5,46.0,6.511
1765479247.4594913,99,27,36,50,43,3.5097694396972656,46.0,46.5,6.701
1765479247.662535,99,27,36,50,43,3.5097694396972656,46.0,46.5,6.701
1765479247.864954,99,27,36,50,43,3.5097694396972656,46.0,46.5,6.701
1765479248.0660148,22,23,28,30,24,3.510448455810547,45.0,46.0,4.975
1765479248.2672708,22,23,28,30,24,3.510448455810547,45.0,46.0,4.975
1765479248.4684563,99,59,25,28,23,3.5094146728515625,46.0,46.5,6.971
1765479248.6707895,99,59,25,28,23,3.5094146728515625,46.0,46.5,6.971
1765479248.8728607,99,59,25,28,23,3.5094146728515625,46.0,46.5,6.971
1765479249.0749707,99,21,26,20,25,3.510540008544922,45.5,46.0,6.31
1765479249.2761405,99,21,26,20,25,3.510540008544922,45.5,46.0,6.31
1765479249.4786994,99,34,28,38,61,3.5108489990234375,46.0,46.5,7.28
1765479249.681411,99,34,28,38,61,3.5108489990234375,46.0,46.5,7.28
1765479249.8834395,99,34,28,38,61,3.5108489990234375,46.0,46.5,7.28
1765479250.085544,98,26,22,17,22,3.5119171142578125,46.0,46.0,7.131
1765479250.2877545,98,26,22,17,22,3.5119171142578125,46.0,46.0,7.131
1765479250.4889438,99,26,29,33,36,3.511066436767578,45.5,47.0,6.661
1765479250.6899924,99,26,29,33,36,3.511066436767578,45.5,47.0,6.661
1765479250.8918202,99,26,29,33,36,3.511066436767578,45.5,47.0,6.661
1765479251.0953205,99,29,22,23,42,3.5116004943847656,46.5,46.0,7.32
1765479251.296992,99,29,22,23,42,3.5116004943847656,46.5,46.0,7.32
1765479251.4986846,99,24,32,30,25,3.5113754272460938,46.0,46.5,7.011
1765479251.7008767,99,24,32,30,25,3.5113754272460938,46.0,46.5,7.011
1765479251.904102,99,24,32,30,25,3.5113754272460938,46.0,46.5,7.011
1765479252.1061869,99,26,20,18,56,3.5119171142578125,46.5,46.0,6.701
1765479252.3089058,99,26,20,18,56,3.5119171142578125,46.5,46.0,6.701
1765479252.5107167,99,30,26,28,22,3.5121536254882812,45.5,47.0,5.957
1765479252.7118583,99,30,26,28,22,3.5121536254882812,45.5,47.0,5.957
1765479252.9132729,99,30,26,28,22,3.5121536254882812,45.5,47.0,5.957
1765479253.1163254,99,28,51,40,33,3.5120201110839844,46.0,46.5,7.011
1765479253.3185406,99,28,51,40,33,3.5120201110839844,46.0,46.5,7.011
1765479253.519595,99,18,23,26,16,3.5132102966308594,46.0,46.5,6.741
1765479253.7206273,99,18,23,26,16,3.5132102966308594,46.0,46.5,6.741
1765479253.921784,99,18,23,26,16,3.5132102966308594,46.0,46.5,6.741
1765479254.1229048,99,24,26,62,20,3.512401580810547,46.5,47.0,7.4
1765479254.325237,99,24,26,62,20,3.512401580810547,46.5,47.0,7.4
1765479254.527452,99,24,30,21,22,3.5126495361328125,46.0,46.5,7.2
1765479254.7290757,99,24,30,21,22,3.5126495361328125,46.0,46.5,7.2
1765479254.9303057,99,24,30,21,22,3.5126495361328125,46.0,46.5,7.2
1765479255.13176,99,53,31,27,31,3.513622283935547,46.5,47.5,7.171
1765479255.334299,99,53,31,27,31,3.513622283935547,46.5,47.5,7.171
1765479255.5361967,99,21,22,40,19,3.5137100219726562,46.5,46.5,7.2
1765479255.7384982,99,21,22,40,19,3.5137100219726562,46.5,46.5,7.2
1765479255.9406295,99,21,22,40,19,3.5137100219726562,46.5,46.5,7.2
1765479256.1429904,0,22,20,26,31,3.5132064819335938,45.5,46.5,4.78
1765479256.3442364,0,22,20,26,31,3.5132064819335938,45.5,46.5,4.78
1765479256.5458004,99,30,55,28,28,3.5135040283203125,46.0,46.5,6.81
1765479256.749012,99,30,55,28,28,3.5135040283203125,46.0,46.5,6.81
1765479256.950822,99,30,55,28,28,3.5135040283203125,46.0,46.5,6.81
1765479257.1519465,99,29,27,34,28,3.513092041015625,46.0,47.0,7.131
1765479257.3553104,99,29,27,34,28,3.513092041015625,46.0,47.0,7.131
1765479257.5571969,99,21,18,54,21,3.5134963989257812,46.0,46.5,6.58
1765479257.7587948,99,21,18,54,21,3.5134963989257812,46.0,46.5,6.58
1765479257.961563,99,21,18,54,21,3.5134963989257812,46.0,46.5,6.58
1765479258.1637595,0,25,23,26,30,3.5133094787597656,45.5,48.0,4.382
1765479258.3660736,0,25,23,26,30,3.5133094787597656,45.5,48.0,4.382
1765479258.5672793,99,30,34,35,53,3.5135116577148438,46.5,46.5,7.091
1765479258.7694223,99,30,34,35,53,3.5135116577148438,46.5,46.5,7.091
1765479258.97201,99,30,34,35,53,3.5135116577148438,46.5,46.5,7.091
1765479259.1732986,99,29,28,22,16,3.5140457153320312,46.0,46.5,6.931
1765479259.3751788,99,29,28,22,16,3.5140457153320312,46.0,46.5,6.931
1765479259.576237,99,19,50,31,27,3.5131263732910156,46.5,47.5,7.2
1765479259.7773194,99,19,50,31,27,3.5131263732910156,46.5,47.5,7.2
1765479259.9794853,99,19,50,31,27,3.5131263732910156,46.5,47.5,7.2
1765479260.1818314,99,30,24,16,23,3.513263702392578,46.5,47.0,7.051
1765479260.3834639,99,30,24,16,23,3.513263702392578,46.5,47.0,7.051
1765479260.5847633,99,32,30,42,31,3.5136985778808594,46.0,47.0,6.39
1765479260.7861173,99,32,30,42,31,3.5136985778808594,46.0,47.0,6.39
1765479260.9894123,99,32,30,42,31,3.5136985778808594,46.0,47.0,6.39
1765479261.1913762,99,22,42,18,19,3.5144386291503906,46.5,47.0,7.707
1765479261.3931057,99,22,42,18,19,3.5144386291503906,46.5,47.0,7.707
1765479261.5946689,99,22,42,18,19,3.5144386291503906,46.5,47.0,7.707
1765479261.795912,99,25,20,18,18,3.5141868591308594,46.5,46.5,6.43
1765479261.9972532,99,25,20,18,18,3.5141868591308594,46.5,46.5,6.43
1765479262.1994066,99,34,37,28,52,3.514007568359375,46.5,47.0,6.43
1765479262.4029238,99,34,37,28,52,3.514007568359375,46.5,47.0,6.43
1765479262.604374,99,34,37,28,52,3.514007568359375,46.5,47.0,6.43
1765479262.811542,99,22,28,39,22,3.514202117919922,46.5,48.0,6.54
1765479263.0127957,99,22,28,39,22,3.514202117919922,46.5,48.0,6.54
1765479263.2141914,99,20,21,19,56,3.5143508911132812,47.0,47.0,7.24
1765479263.4152925,99,20,21,19,56,3.5143508911132812,47.0,47.0,7.24
1765479263.6174915,99,20,21,19,56,3.5143508911132812,47.0,47.0,7.24
1765479263.8193607,99,26,23,24,23,3.514537811279297,46.5,47.0,6.39
1765479264.0204954,99,26,23,24,23,3.514537811279297,46.5,47.0,6.39
1765479264.2215567,99,25,57,27,38,3.515087127685547,46.5,47.5,7.131
1765479264.4246106,99,25,57,27,38,3.515087127685547,46.5,47.5,7.131
1765479264.6263812,99,25,57,27,38,3.515087127685547,46.5,47.5,7.131
1765479264.8274803,98,31,20,20,30,3.5166587829589844,46.5,47.5,7.24
1765479265.0294607,98,31,20,20,30,3.5166587829589844,46.5,47.5,7.24
1765479265.2310781,99,34,26,28,20,3.516429901123047,46.0,48.5,6.54
1765479265.4321961,99,34,26,28,20,3.516429901123047,46.0,48.5,6.54
1765479265.6346962,99,34,26,28,20,3.516429901123047,46.0,48.5,6.54
1765479265.8377776,98,31,30,44,25,3.5170555114746094,46.5,47.0,6.971
1765479266.0395076,98,31,30,44,25,3.5170555114746094,46.5,47.0,6.971
1765479266.2405217,99,28,25,29,30,3.517627716064453,46.5,47.0,6.781
1765479266.4415245,99,28,25,29,30,3.517627716064453,46.5,47.0,6.781
1765479266.642794,99,28,25,29,30,3.517627716064453,46.5,47.0,6.781
1765479266.8444393,99,60,26,29,22,3.5190200805664062,46.5,47.0,7.2
1765479267.046825,99,60,26,29,22,3.5190200805664062,46.5,47.0,7.2
1765479267.2483382,0,20,22,24,20,3.5185317993164062,46.0,47.0,4.26
1765479267.4496086,0,20,22,24,20,3.5185317993164062,46.0,47.0,4.26
1765479267.6510177,0,20,22,24,20,3.5185317993164062,46.0,47.0,4.26
1765479267.8527448,99,57,43,36,35,3.5186729431152344,46.5,47.0,7.051
1765479268.0544443,99,57,43,36,35,3.5186729431152344,46.5,47.0,7.051
1765479268.2555773,98,22,30,30,24,3.519512176513672,47.0,47.5,7.2
1765479268.4569263,98,22,30,30,24,3.519512176513672,47.0,47.5,7.2
1765479268.6582496,98,22,30,30,24,3.519512176513672,47.0,47.5,7.2
1765479268.8595743,98,19,17,62,18,3.5200157165527344,47.0,47.5,7.28
1765479269.0639157,98,19,17,62,18,3.5200157165527344,47.0,47.5,7.28
1765479269.2660687,99,22,25,32,27,3.5190353393554688,46.5,47.0,6.47
1765479269.467543,99,22,25,32,27,3.5190353393554688,46.5,47.0,6.47
1765479269.6687102,99,22,25,32,27,3.5190353393554688,46.5,47.0,6.47
1765479269.8701618,99,33,39,26,46,3.5194358825683594,45.5,48.0,6.078
1765479270.0722835,99,33,39,26,46,3.5194358825683594,45.5,48.0,6.078
1765479270.275396,99,18,16,23,51,3.5204086303710938,46.5,47.0,7.28
1765479270.4778073,99,18,16,23,51,3.5204086303710938,46.5,47.0,7.28
1765479270.6798947,99,18,16,23,51,3.5204086303710938,46.5,47.0,7.28
1765479270.8812265,99,23,29,18,21,3.5196304321289062,46.5,47.0,6.47
1765479271.0829413,99,23,29,18,21,3.5196304321289062,46.5,47.0,6.47
1765479271.2841177,99,23,29,18,21,3.5196304321289062,46.5,47.0,6.47
1765479271.48576,99,52,44,30,26,3.52056884765625,47.0,47.0,6.58
1765479271.6872032,99,52,44,30,26,3.52056884765625,47.0,47.0,6.58
1765479271.8890264,0,34,22,26,20,3.5202598571777344,46.0,48.0,4.699
1765479272.0903332,0,34,22,26,20,3.5202598571777344,46.0,48.0,4.699
1765479272.291491,0,34,22,26,20,3.5202598571777344,46.0,48.0,4.699
1765479272.493133,99,62,19,20,20,3.5219955444335938,46.5,47.5,7.707
1765479272.6963396,99,62,19,20,20,3.5219955444335938,46.5,47.5,7.707
1765479272.8992157,99,32,20,19,21,3.5213584899902344,46.5,47.5,6.661
1765479273.1006339,99,32,20,19,21,3.5213584899902344,46.5,47.5,6.661
1765479273.3016827,99,32,20,19,21,3.5213584899902344,46.5,47.5,6.661
1765479273.5030165,99,54,32,22,34,3.521404266357422,46.5,48.5,6.821
1765479273.7043562,99,54,32,22,34,3.521404266357422,46.5,48.5,6.821
1765479273.9061768,99,37,24,22,24,3.5224876403808594,47.0,47.0,7.507
1765479274.1074312,99,37,24,22,24,3.5224876403808594,47.0,47.0,7.507
1765479274.3083975,99,37,24,22,24,3.5224876403808594,47.0,47.0,7.507
1765479274.5094812,0,22,18,16,29,3.5218772888183594,46.0,47.0,4.625
1765479274.711603,0,22,18,16,29,3.5218772888183594,46.0,47.0,4.625
1765479274.9146967,99,35,24,42,39,3.522296905517578,47.0,47.0,6.661
1765479275.1161575,99,35,24,42,39,3.522296905517578,47.0,47.0,6.661
1765479275.3181977,99,35,24,42,39,3.522296905517578,47.0,47.0,6.661
1765479275.5196955,99,28,26,26,23,3.522350311279297,46.5,47.5,6.701
1765479275.7207303,99,28,26,26,23,3.522350311279297,46.5,47.5,6.701
1765479275.9217625,99,29,19,60,20,3.523632049560547,47.0,47.5,7.36
1765479276.1239505,99,29,19,60,20,3.523632049560547,47.0,47.5,7.36
1765479276.3252892,99,29,19,60,20,3.523632049560547,47.0,47.5,7.36
1765479276.5265734,5,23,21,17,26,3.522815704345703,46.5,48.0,4.861
1765479276.7276752,5,23,21,17,26,3.522815704345703,46.5,48.0,4.861
1765479276.9292932,99,25,33,28,63,3.5233078002929688,47.0,47.5,7.2
1765479277.1318264,99,25,33,28,63,3.5233078002929688,47.0,47.5,7.2
1765479277.3331966,99,25,33,28,63,3.5233078002929688,47.0,47.5,7.2
1765479277.5344942,98,29,20,26,19,3.5236587524414062,47.0,47.5,6.781
1765479277.7358196,98,29,20,26,19,3.5236587524414062,47.0,47.5,6.781
1765479277.9371345,99,22,29,49,32,3.5247535705566406,47.0,47.5,7.507
1765479278.1387017,99,22,29,49,32,3.5247535705566406,47.0,47.5,7.507
1765479278.3425844,99,22,29,49,32,3.5247535705566406,47.0,47.5,7.507
1765479278.5448818,99,24,29,27,14,3.5241165161132812,46.5,47.0,6.551
1765479278.746226,99,24,29,27,14,3.5241165161132812,46.5,47.0,6.551
1765479278.947341,99,40,42,33,38,3.5241775512695312,46.5,48.0,6.5
1765479279.1485054,99,40,42,33,38,3.5241775512695312,46.5,48.0,6.5
1765479279.349793,99,40,42,33,38,3.5241775512695312,46.5,48.0,6.5
1765479279.552165,99,50,21,22,25,3.525745391845703,47.5,47.5,7.747
1765479279.7535453,99,50,21,22,25,3.525745391845703,47.5,47.5,7.747
1765479279.9545355,99,24,17,18,12,3.5247840881347656,47.0,48.0,6.701
1765479280.1557186,99,24,17,18,12,3.5247840881347656,47.0,48.0,6.701
1765479280.357251,99,24,17,18,12,3.5247840881347656,47.0,48.0,6.701
1765479280.5594168,99,33,42,22,53,3.525096893310547,47.0,47.0,6.701
1765479280.7610786,99,33,42,22,53,3.525096893310547,47.0,47.0,6.701
1765479280.962514,99,26,30,22,22,3.5255279541015625,46.5,47.5,6.239
1765479281.1640737,99,26,30,22,22,3.5255279541015625,46.5,47.5,6.239
1765479281.365289,99,26,30,22,22,3.5255279541015625,46.5,47.5,6.239
1765479281.5670307,99,26,33,34,50,3.526885986328125,47.0,48.0,7.747
1765479281.7690957,99,26,33,34,50,3.526885986328125,47.0,48.0,7.747
1765479281.9709806,99,18,18,19,17,3.5256996154785156,47.0,47.0,5.886
1765479282.1719286,99,18,18,19,17,3.5256996154785156,47.0,47.0,5.886
1765479282.3730397,99,18,18,19,17,3.5256996154785156,47.0,47.0,5.886
1765479282.5745308,98,28,63,33,27,3.526630401611328,47.5,48.0,7.32
1765479282.7758605,98,28,63,33,27,3.526630401611328,47.5,48.0,7.32
1765479282.977437,98,28,63,33,27,3.526630401611328,47.5,48.0,7.32
1765479283.178574,99,18,22,33,24,3.52691650390625,47.5,47.5,7.587
1765479283.3798814,99,18,22,33,24,3.52691650390625,47.5,47.5,7.587
1765479283.5811691,99,26,26,36,26,3.52777099609375,47.0,48.0,7.32
1765479283.7833524,99,26,26,36,26,3.52777099609375,47.0,48.0,7.32
1765479283.9851665,99,26,26,36,26,3.52777099609375,47.0,48.0,7.32
1765479284.1867483,99,31,25,27,20,3.527698516845703,47.0,47.0,6.902
1765479284.3882709,99,31,25,27,20,3.527698516845703,47.0,47.0,6.902
1765479284.5895708,0,28,30,34,29,3.527606964111328,47.0,48.0,5.298
1765479284.7907307,0,28,30,34,29,3.527606964111328,47.0,48.0,5.298
1765479284.9920678,0,28,30,34,29,3.527606964111328,47.0,48.0,5.298
1765479285.194077,99,23,21,60,27,3.5285682678222656,47.5,48.0,7.24
1765479285.3952274,99,23,21,60,27,3.5285682678222656,47.5,48.0,7.24
1765479285.596292,99,20,22,19,14,3.5280494689941406,47.0,47.5,6.43
1765479285.7973506,99,20,22,19,14,3.5280494689941406,47.0,47.5,6.43
1765479285.9987588,99,20,22,19,14,3.5280494689941406,47.0,47.5,6.43
1765479286.2016842,99,32,27,40,60,3.5282249450683594,47.5,47.5,6.971
1765479286.4045205,99,32,27,40,60,3.5282249450683594,47.5,47.5,6.971
1765479286.6055784,74,25,22,30,25,3.528106689453125,47.0,47.5,4.861
1765479286.80703,74,25,22,30,25,3.528106689453125,47.0,47.5,4.861
1765479287.0082197,74,25,22,30,25,3.528106689453125,47.0,47.5,4.861
1765479287.2102358,99,61,21,21,22,3.530284881591797,47.0,49.0,7.775
1765479287.4127448,99,61,21,21,22,3.530284881591797,47.0,49.0,7.775
1765479287.6160145,99,22,22,26,20,3.5294723510742188,47.5,47.5,7.131
1765479287.8175423,99,22,22,26,20,3.5294723510742188,47.5,47.5,7.131
1765479288.018763,99,22,22,26,20,3.5294723510742188,47.5,47.5,7.131
1765479288.222587,99,36,34,46,30,3.529888153076172,47.0,48.0,7.12
1765479288.424395,99,36,34,46,30,3.529888153076172,47.0,48.0,7.12
1765479288.6256819,99,22,23,45,27,3.530487060546875,47.5,47.5,7.468
1765479288.827181,99,22,23,45,27,3.530487060546875,47.5,47.5,7.468
1765479289.0285687,99,22,23,45,27,3.530487060546875,47.5,47.5,7.468
1765479289.2298248,0,25,26,12,22,3.53094482421875,46.0,49.5,4.861
1765479289.4316103,0,25,26,12,22,3.53094482421875,46.0,49.5,4.861
1765479289.6333683,99,31,22,48,34,3.530811309814453,47.5,48.0,7.051
1765479289.834927,99,31,22,48,34,3.530811309814453,47.5,48.0,7.051
1765479290.0360057,99,31,22,48,34,3.530811309814453,47.5,48.0,7.051
1765479290.2370436,99,33,24,26,30,3.5302772521972656,47.5,48.0,6.701
1765479290.438933,99,33,24,26,30,3.5302772521972656,47.5,48.0,6.701
1765479290.6400237,99,63,37,26,17,3.531475067138672,47.5,48.0,7.171
1765479290.8433268,99,63,37,26,17,3.531475067138672,47.5,48.0,7.171
1765479291.0458498,99,63,37,26,17,3.531475067138672,47.5,48.0,7.171
1765479291.2473493,0,25,14,22,16,3.531238555908203,47.0,48.0,4.618
1765479291.4484007,0,25,14,22,16,3.531238555908203,47.0,48.0,4.618
1765479291.651054,0,25,14,22,16,3.531238555908203,47.0,48.0,4.618
1765479291.8544023,99,22,27,62,30,3.5318374633789062,47.5,48.0,7.24
1765479292.0559888,99,22,27,62,30,3.5318374633789062,47.5,48.0,7.24
1765479292.257187,98,22,27,23,23,3.532146453857422,47.0,47.5,6.511
1765479292.4584172,98,22,27,23,23,3.532146453857422,47.0,47.5,6.511
1765479292.6596403,98,22,27,23,23,3.532146453857422,47.0,47.5,6.511
1765479292.8614461,99,28,55,25,35,3.5331802368164062,47.0,48.5,7.695
1765479293.0628598,99,28,55,25,35,3.5331802368164062,47.0,48.5,7.695
1765479293.2640274,99,28,18,21,16,3.5328102111816406,47.5,48.0,6.821
1765479293.465082,99,28,18,21,16,3.5328102111816406,47.5,48.0,6.821
1765479293.6663978,99,28,18,21,16,3.5328102111816406,47.5,48.0,6.821
1765479293.8680384,99,36,36,44,29,3.5328102111816406,47.5,48.5,7.091
1765479294.0696316,99,36,36,44,29,3.5328102111816406,47.5,48.5,7.091
1765479294.271226,98,24,25,44,20,3.533313751220703,47.5,48.0,7.171
1765479294.472456,98,24,25,44,20,3.533313751220703,47.5,48.0,7.171
1765479294.6734772,98,24,25,44,20,3.533313751220703,47.5,48.0,7.171
1765479294.8746824,0,30,20,26,40,3.535003662109375,47.0,48.5,6.078
1765479295.076488,0,30,20,26,40,3.535003662109375,47.0,48.5,6.078
1765479295.2786555,99,26,25,28,51,3.5342788696289062,47.5,48.0,7.011
1765479295.4800289,99,26,25,28,51,3.5342788696289062,47.5,48.0,7.011
1765479295.6812472,99,26,25,28,51,3.5342788696289062,47.5,48.0,7.011
1765479295.8823235,99,25,23,19,32,3.5349884033203125,47.5,48.0,6.661
1765479296.0834382,99,25,23,19,32,3.5349884033203125,47.5,48.0,6.661
1765479296.284583,99,32,32,68,26,3.5355300903320312,47.5,48.0,7.171
1765479296.4869363,99,32,32,68,26,3.5355300903320312,47.5,48.0,7.171
1765479296.6886022,99,32,32,68,26,3.5355300903320312,47.5,48.0,7.171
1765479296.8900943,41,22,16,16,15,3.535900115966797,46.5,48.0,4.544
1765479297.091476,41,22,16,16,15,3.535900115966797,46.5,48.0,4.544
1765479297.2934637,99,29,33,30,66,3.535797119140625,47.5,48.0,7.32
1765479297.4946883,99,29,33,30,66,3.535797119140625,47.5,48.0,7.32
1765479297.696307,99,29,33,30,66,3.535797119140625,47.5,48.0,7.32
1765479297.8975956,98,26,30,22,16,3.5358924865722656,47.0,47.5,6.39
1765479298.0985832,98,26,30,22,16,3.5358924865722656,47.0,47.5,6.39
1765479298.2995744,99,30,34,50,29,3.536907196044922,47.0,48.0,7.547
1765479298.5017147,99,30,34,50,29,3.536907196044922,47.0,48.0,7.547
1765479298.7034597,99,30,34,50,29,3.536907196044922,47.0,48.0,7.547
1765479298.9047918,99,22,16,25,18,3.5366859436035156,47.5,47.5,6.621
1765479299.1066568,99,22,16,25,18,3.5366859436035156,47.5,47.5,6.621
1765479299.3081355,99,34,32,32,39,3.5362701416015625,46.5,49.0,6.229
1765479299.509604,99,34,32,32,39,3.5362701416015625,46.5,49.0,6.229
1765479299.7106023,99,34,32,32,39,3.5362701416015625,46.5,49.0,6.229
1765479299.9119098,99,22,14,53,25,3.537212371826172,47.5,48.0,7.171
1765479300.1136417,99,22,14,53,25,3.537212371826172,47.5,48.0,7.171
1765479300.31515,99,22,14,53,25,3.537212371826172,47.5,48.0,7.171
1765479300.5166173,99,20,20,22,24,3.5378952026367188,47.0,48.5,7.211
1765479300.7178175,99,20,20,22,24,3.5378952026367188,47.0,48.5,7.211
1765479300.9208689,99,30,30,26,55,3.5376434326171875,47.0,47.5,6.551
1765479301.1226294,99,30,30,26,55,3.5376434326171875,47.0,47.5,6.551
1765479301.323706,99,30,30,26,55,3.5376434326171875,47.0,47.5,6.551
1765479301.5281193,0,24,24,27,22,3.5375022888183594,47.0,48.5,4.382
1765479301.7292657,0,24,24,27,22,3.5375022888183594,47.0,48.5,4.382
1765479301.9307904,98,34,58,39,21,3.5390548706054688,47.5,48.5,8.16
1765479302.133674,98,34,58,39,21,3.5390548706054688,47.5,48.5,8.16
1765479302.3356397,98,34,58,39,21,3.5390548706054688,47.5,48.5,8.16
1765479302.5366845,98,21,10,12,18,3.537975311279297,47.0,48.0,6.551
1765479302.7380576,98,21,10,12,18,3.537975311279297,47.0,48.0,6.551
1765479302.9393067,99,31,64,28,26,3.5377426147460938,47.5,48.5,7.2
1765479303.1405387,99,31,64,28,26,3.5377426147460938,47.5,48.5,7.2
1765479303.343422,99,31,64,28,26,3.5377426147460938,47.5,48.5,7.2
1765479303.54473,99,26,25,22,18,3.538005828857422,47.5,47.5,6.621
1765479303.7471838,99,26,25,22,18,3.538005828857422,47.5,47.5,6.621
1765479303.948552,99,34,37,31,39,3.5385398864746094,47.0,48.5,7.28
1765479304.1500683,99,34,37,31,39,3.5385398864746094,47.0,48.5,7.28
1765479304.352173,99,34,37,31,39,3.5385398864746094,47.0,48.5,7.28
1765479304.553711,98,28,20,23,34,3.5376205444335938,47.5,48.0,6.77
1765479304.754979,98,28,20,23,34,3.5376205444335938,47.5,48.0,6.77
1765479304.9561267,99,34,30,32,27,3.5378036499023438,47.5,48.0,5.613
1765479305.1574154,99,34,30,32,27,3.5378036499023438,47.5,48.0,5.613
1765479305.3586643,99,34,30,32,27,3.5378036499023438,47.5,48.0,5.613
1765479305.560807,99,26,19,60,40,3.53790283203125,47.5,48.0,6.891
1765479305.7643392,99,26,19,60,40,3.53790283203125,47.5,48.0,6.891
1765479305.9657788,99,27,18,17,22,3.5379486083984375,47.5,48.5,6.891
1765479306.166806,99,27,18,17,22,3.5379486083984375,47.5,48.5,6.891
1765479306.368717,99,27,18,17,22,3.5379486083984375,47.5,48.5,6.891
1765479306.5709589,99,25,21,33,52,3.537738800048828,48.0,48.0,6.821
1765479306.7723243,99,25,21,33,52,3.537738800048828,48.0,48.0,6.821
1765479306.9736311,83,27,24,21,24,3.5378570556640625,47.5,47.5,4.422
1765479307.1749077,83,27,24,21,24,3.5378570556640625,47.5,47.5,4.422
1765479307.3762898,83,27,24,21,24,3.5378570556640625,47.5,47.5,4.422
1765479307.57875,99,58,32,31,38,3.5386695861816406,47.5,48.5,8.094
1765479307.7814245,99,58,32,31,38,3.5386695861816406,47.5,48.5,8.094
1765479307.9834564,99,22,17,17,16,3.5384178161621094,47.5,48.0,6.43
1765479308.1848085,99,22,17,17,16,3.5384178161621094,47.5,48.0,6.43
1765479308.3863149,99,22,17,17,16,3.5384178161621094,47.5,48.0,6.43
1765479308.587596,99,38,55,33,31,3.538562774658203,47.5,48.5,7.16
1765479308.7889538,99,38,55,33,31,3.538562774658203,47.5,48.5,7.16
1765479308.9902692,98,27,26,26,32,3.5391578674316406,47.5,48.5,6.931
1765479309.1919303,98,27,26,26,32,3.5391578674316406,47.5,48.5,6.931
1765479309.3930874,98,27,26,26,32,3.5391578674316406,47.5,48.5,6.931
1765479309.594244,99,29,34,28,28,3.5318527221679688,47.0,49.5,7.131
1765479309.7958343,99,29,34,28,28,3.5318527221679688,47.0,49.5,7.131
1765479309.9971063,99,29,34,28,28,3.5318527221679688,47.0,49.5,7.131
1765479310.1985357,99,46,14,22,24,3.525707244873047,47.5,48.0,6.861
1765479310.4018142,99,46,14,22,24,3.525707244873047,47.5,48.0,6.861
1765479310.6032016,99,24,20,21,30,3.5253067016601562,47.5,48.0,6.511
1765479310.8043582,99,24,20,21,30,3.5253067016601562,47.5,48.0,6.511
1765479311.0054932,99,24,20,21,30,3.5253067016601562,47.5,48.0,6.511
1765479311.207761,99,30,28,62,28,3.525615692138672,48.0,50.0,6.971
1765479311.4110916,99,30,28,62,28,3.525615692138672,48.0,50.0,6.971
1765479311.6128957,99,28,16,23,34,3.5269012451171875,47.5,48.5,6.741
1765479311.814485,99,28,16,23,34,3.5269012451171875,47.5,48.5,6.741
1765479312.0162685,99,28,16,23,34,3.5269012451171875,47.5,48.5,6.741
1765479312.2174041,99,24,55,21,26,3.5264892578125,47.5,48.0,7.171
1765479312.4202223,99,24,55,21,26,3.5264892578125,47.5,48.0,7.171
1765479312.6217997,99,28,19,23,20,3.5276832580566406,48.0,48.5,6.31
1765479312.8229854,99,28,19,23,20,3.5276832580566406,48.0,48.5,6.31
1765479313.024369,99,28,19,23,20,3.5276832580566406,48.0,48.5,6.31
1765479313.2267632,99,44,48,35,42,3.5284881591796875,48.0,49.5,8.081
1765479313.4292996,99,44,48,35,42,3.5284881591796875,48.0,49.5,8.081
1765479313.6312895,99,22,10,17,19,3.5279922485351562,48.0,48.0,6.931
1765479313.8328078,99,22,10,17,19,3.5279922485351562,48.0,48.0,6.931
1765479314.03438,99,22,10,17,19,3.5279922485351562,48.0,48.0,6.931
1765479314.2358873,99,36,39,41,29,3.5281410217285156,48.0,48.5,6.891
1765479314.436928,99,36,39,41,29,3.5281410217285156,48.0,48.5,6.891
1765479314.6390078,98,20,25,42,20,3.528644561767578,48.0,48.5,7.091
1765479314.8408833,98,20,25,42,20,3.528644561767578,48.0,48.5,7.091
1765479315.0498497,98,20,25,42,20,3.528644561767578,48.0,48.5,7.091
1765479315.2509851,12,26,24,29,18,3.529338836669922,47.0,48.0,5.613
1765479315.452055,12,26,24,29,18,3.529338836669922,47.0,48.0,5.613
1765479315.6544058,99,24,58,23,20,3.528820037841797,48.0,48.5,6.701
1765479315.8574545,99,24,58,23,20,3.528820037841797,48.0,48.5,6.701
1765479316.0584948,99,24,58,23,20,3.528820037841797,48.0,48.5,6.701
1765479316.259444,99,39,26,22,27,3.5289535522460938,47.0,50.0,5.015
1765479316.4605765,99,39,26,22,27,3.5289535522460938,47.0,50.0,5.015
1765479316.6618614,99,41,52,26,29,3.529804229736328,47.5,48.0,7.52
1765479316.8642936,99,41,52,26,29,3.529804229736328,47.5,48.0,7.52
1765479317.0717921,99,41,52,26,29,3.529804229736328,47.5,48.0,7.52
1765479317.2730746,99,18,25,16,20,3.529998779296875,47.5,48.0,6.661
1765479317.474094,99,18,25,16,20,3.529998779296875,47.5,48.0,6.661
1765479317.67541,99,62,32,30,26,3.5295257568359375,48.0,50.0,7.32
1765479317.8765564,99,62,32,30,26,3.5295257568359375,48.0,50.0,7.32
1765479318.0786138,99,62,32,30,26,3.5295257568359375,48.0,50.0,7.32
1765479318.2817936,99,29,22,22,28,3.5302352905273438,48.5,48.5,7.011
1765479318.4836006,99,29,22,22,28,3.5302352905273438,48.5,48.5,7.011
1765479318.6847794,99,41,34,28,32,3.5312156677246094,48.0,49.5,7.28
1765479318.8860466,99,41,34,28,32,3.5312156677246094,48.0,49.5,7.28
1765479319.0876071,99,41,34,28,32,3.5312156677246094,48.0,49.5,7.28
1765479319.2890234,99,22,23,35,19,3.53070068359375,48.0,48.5,6.982
1765479319.4905124,99,22,23,35,19,3.53070068359375,48.0,48.5,6.982
1765479319.6914647,90,33,29,30,24,3.517101287841797,47.5,48.5,5.957
1765479319.8926578,90,33,29,30,24,3.517101287841797,47.5,48.5,5.957
1765479320.0941732,90,33,29,30,24,3.517101287841797,47.5,48.5,5.957
1765479320.2961679,99,62,30,23,23,3.5179290771484375,48.0,48.5,6.781
1765479320.5007756,99,62,30,23,23,3.5179290771484375,48.0,48.5,6.781
1765479320.7026691,51,22,27,26,25,3.5186309814453125,47.0,50.0,5.604
1765479320.903796,51,22,27,26,25,3.5186309814453125,47.0,50.0,5.604
1765479321.1062024,51,22,27,26,25,3.5186309814453125,47.0,50.0,5.604
1765479321.307575,99,19,22,26,59,3.5181961059570312,48.0,48.5,7.4
1765479321.508838,99,19,22,26,59,3.5181961059570312,48.0,48.5,7.4
1765479321.7100253,99,19,22,26,59,3.5181961059570312,48.0,48.5,7.4
1765479321.9121053,99,24,29,19,24,3.5187644958496094,48.0,48.0,6.511
1765479322.1136382,99,24,29,19,24,3.5187644958496094,48.0,48.0,6.511
1765479322.3150032,99,47,38,54,32,3.518524169921875,48.0,49.0,7.934
1765479322.5191638,99,47,38,54,32,3.518524169921875,48.0,49.0,7.934
1765479322.7209368,99,47,38,54,32,3.518524169921875,48.0,49.0,7.934
1765479322.9220598,99,14,20,16,24,3.5190162658691406,48.0,49.0,7.32
1765479323.1233091,99,14,20,16,24,3.5190162658691406,48.0,49.0,7.32
1765479323.3244436,99,28,28,28,38,3.518524169921875,47.5,48.5,6.701
1765479323.5256217,99,28,28,28,38,3.518524169921875,47.5,48.5,6.701
1765479323.7274792,99,28,28,28,38,3.518524169921875,47.5,48.5,6.701
1765479323.9297502,99,24,28,24,42,3.5191116333007812,48.0,48.5,6.821
1765479324.1315782,99,24,28,24,42,3.5191116333007812,48.0,48.5,6.821
1765479324.3326795,0,31,22,27,29,3.520221710205078,47.5,49.5,6.078
1765479324.5338311,0,31,22,27,29,3.520221710205078,47.5,49.5,6.078
1765479324.735095,0,31,22,27,29,3.520221710205078,47.5,49.5,6.078
1765479324.936241,99,24,54,17,23,3.5198822021484375,48.0,49.0,6.781
1765479325.1382487,99,24,54,17,23,3.5198822021484375,48.0,49.0,6.781
1765479325.340512,99,23,26,22,20,3.5198211669921875,47.5,48.5,5.998
1765479325.5421875,99,23,26,22,20,3.5198211669921875,47.5,48.5,5.998
1765479325.743237,99,23,26,22,20,3.5198211669921875,47.5,48.5,5.998
1765479325.9445968,99,35,42,49,32,3.5204544067382812,48.0,49.0,7.28
1765479326.1472287,99,35,42,49,32,3.5204544067382812,48.0,49.0,7.28
1765479326.3485851,99,25,24,20,15,3.5211334228515625,48.0,49.0,6.931
1765479326.549675,99,25,24,20,15,3.5211334228515625,48.0,49.0,6.931
1765479326.7511225,99,25,24,20,15,3.5211334228515625,48.0,49.0,6.931
1765479326.952151,99,28,65,24,24,3.520660400390625,48.0,49.0,7.48
1765479327.153725,99,28,65,24,24,3.520660400390625,48.0,49.0,7.48
1765479327.3559914,99,27,21,20,23,3.5212364196777344,48.0,48.5,6.971
1765479327.557465,99,27,21,20,23,3.5212364196777344,48.0,48.5,6.971
1765479327.761732,99,27,21,20,23,3.5212364196777344,48.0,48.5,6.971
1765479327.9668903,99,42,31,42,40,3.522174835205078,48.0,50.0,7.48
1765479328.1689856,99,42,31,42,40,3.522174835205078,48.0,50.0,7.48
1765479328.3704445,98,19,18,20,35,3.5224685668945312,48.5,48.5,7.131
1765479328.5726683,98,19,18,20,35,3.5224685668945312,48.5,48.5,7.131
1765479328.774952,98,19,18,20,35,3.5224685668945312,48.5,48.5,7.131
1765479328.9763503,19,23,29,24,26,3.522357940673828,48.0,48.5,5.177
1765479329.1773407,19,23,29,24,26,3.522357940673828,48.0,48.5,5.177
1765479329.3792841,99,22,38,56,28,3.522754669189453,48.5,48.5,6.781
1765479329.5816572,99,22,38,56,28,3.522754669189453,48.5,48.5,6.781
1765479329.7834191,99,22,38,56,28,3.522754669189453,48.5,48.5,6.781
1765479329.9853992,99,26,33,25,24,3.5233497619628906,48.0,49.0,6.741
1765479330.1865945,99,26,33,25,24,3.5233497619628906,48.0,49.0,6.741
1765479330.388017,99,19,21,58,16,3.522869110107422,48.5,48.5,7.28
1765479330.5894842,99,19,21,58,16,3.522869110107422,48.5,48.5,7.28
1765479330.791538,99,19,21,58,16,3.522869110107422,48.5,48.5,7.28
1765479330.99361,99,25,24,22,25,3.5238380432128906,48.0,48.5,6.239
1765479331.1952226,99,25,24,22,25,3.5238380432128906,48.0,48.5,6.239
1765479331.3961704,99,32,58,32,43,3.5243873596191406,48.0,49.0,7.587
1765479331.598381,99,32,58,32,43,3.5243873596191406,48.0,49.0,7.587
1765479331.8015509,99,32,58,32,43,3.5243873596191406,48.0,49.0,7.587
1765479332.002587,99,23,22,21,18,3.5250396728515625,48.5,48.5,7.36
1765479332.205645,99,23,22,21,18,3.5250396728515625,48.5,48.5,7.36
1765479332.407496,99,20,26,44,31,3.5244522094726562,48.0,49.0,6.038
1765479332.6086686,99,20,26,44,31,3.5244522094726562,48.0,49.0,6.038
1765479332.8119507,99,20,26,44,31,3.5244522094726562,48.0,49.0,6.038
1765479333.0156786,99,21,26,48,25,3.524852752685547,48.5,48.5,7.507
1765479333.2172995,99,21,26,48,25,3.524852752685547,48.5,48.5,7.507
1765479333.418471,99,28,29,25,28,3.5245590209960938,48.5,49.0,7.051
1765479333.6195602,99,28,29,25,28,3.5245590209960938,48.5,49.0,7.051
1765479333.8209558,99,28,29,25,28,3.5245590209960938,48.5,49.0,7.051
1765479334.0232813,99,55,16,25,18,3.5251197814941406,48.5,48.5,6.701
1765479334.2255971,99,55,16,25,18,3.5251197814941406,48.5,48.5,6.701
1765479334.427819,99,25,26,28,20,3.5247154235839844,48.0,49.0,6.078
1765479334.6301486,99,25,26,28,20,3.5247154235839844,48.0,49.0,6.078
1765479334.8321648,99,25,26,28,20,3.5247154235839844,48.0,49.0,6.078
1765479335.0344722,99,57,33,33,36,3.524627685546875,48.5,49.0,7.131
1765479335.2398741,99,57,33,33,36,3.524627685546875,48.5,49.0,7.131
1765479335.4411185,99,57,33,33,36,3.524627685546875,48.5,49.0,7.131
1765479335.6430466,99,26,23,32,22,3.525737762451172,48.0,49.5,6.931
1765479335.8445055,99,26,23,32,22,3.525737762451172,48.0,49.5,6.931
1765479336.0455103,99,24,24,29,57,3.5253372192382812,48.5,49.0,7.667
1765479336.2473505,99,24,24,29,57,3.5253372192382812,48.5,49.0,7.667
1765479336.4490206,99,24,24,29,57,3.5253372192382812,48.5,49.0,7.667
1765479336.650214,99,18,24,26,21,3.5251846313476562,48.0,49.0,6.85
1765479336.853966,99,18,24,26,21,3.5251846313476562,48.0,49.0,6.85
1765479337.0550046,99,29,50,36,32,3.5258941650390625,48.0,49.5,7.24
1765479337.2571418,99,29,50,36,32,3.5258941650390625,48.0,49.5,7.24
1765479337.4597325,99,29,50,36,32,3.5258941650390625,48.0,49.5,7.24
1765479337.6613643,98,12,41,19,20,3.5265426635742188,48.5,49.0,7.2
1765479337.863261,98,12,41,19,20,3.5265426635742188,48.5,49.0,7.2
1765479338.06443,0,37,20,21,22,3.5266151428222656,48.0,49.5,4.861
1765479338.2654707,0,37,20,21,22,3.5266151428222656,48.0,49.5,4.861
1765479338.4680204,0,37,20,21,22,3.5266151428222656,48.0,49.5,4.861
1765479338.6713424,99,26,32,56,26,3.5269241333007812,48.5,49.0,6.47
1765479338.8736093,99,26,32,56,26,3.5269241333007812,48.5,49.0,6.47
1765479339.07499,99,30,30,33,22,3.5276641845703125,48.0,50.0,6.931
1765479339.2761462,99,30,30,33,22,3.5276641845703125,48.0,50.0,6.931
1765479339.4778085,99,30,30,33,22,3.5276641845703125,48.0,50.0,6.931
1765479339.679383,99,57,16,22,19,3.5279579162597656,48.5,49.0,7.171
1765479339.8825185,99,57,16,22,19,3.5279579162597656,48.5,49.0,7.171
1765479340.084,97,21,19,26,22,3.527973175048828,48.5,48.5,5.33
1765479340.2887232,97,21,19,26,22,3.527973175048828,48.5,48.5,5.33
1765479340.4899993,97,21,19,26,22,3.527973175048828,48.5,48.5,5.33
1765479340.6911879,99,39,50,42,35,3.5284347534179688,48.5,49.5,7.32
1765479340.8944926,99,39,50,42,35,3.5284347534179688,48.5,49.5,7.32
1765479341.095906,99,19,22,25,25,3.5288314819335938,49.0,49.0,7.587
1765479341.2972403,99,19,22,25,25,3.5288314819335938,49.0,49.0,7.587
1765479341.4983587,99,19,22,25,25,3.5288314819335938,49.0,49.0,7.587
1765479341.699569,99,51,20,27,22,3.528400421142578,48.5,50.0,7.24
1765479341.9008636,99,51,20,27,22,3.528400421142578,48.5,50.0,7.24
1765479342.102824,99,24,29,22,23,3.5286521911621094,48.5,49.0,6.661
1765479342.3040447,99,24,29,22,23,3.5286521911621094,48.5,49.0,6.661
1765479342.5105348,99,24,29,22,23,3.5286521911621094,48.5,49.0,6.661
1765479342.7116816,0,31,29,28,37,3.5289535522460938,48.0,49.5,5.217
1765479342.9131174,0,31,29,28,37,3.5289535522460938,48.0,49.5,5.217
1765479343.1146288,99,17,56,17,15,3.5301361083984375,49.0,49.0,7.468
1765479343.3162322,99,17,56,17,15,3.5301361083984375,49.0,49.0,7.468
1765479343.518436,99,17,56,17,15,3.5301361083984375,49.0,49.0,7.468
1765479343.7197309,99,27,16,22,22,3.5293502807617188,49.0,49.0,6.511
1765479343.9208155,99,27,16,22,22,3.5293502807617188,49.0,49.0,6.511
1765479344.1227336,99,32,50,39,32,3.5301361083984375,49.0,49.0,6.511
1765479344.3250175,99,32,50,39,32,3.5301361083984375,49.0,49.0,6.511
1765479344.5262752,99,32,50,39,32,3.5301361083984375,49.0,49.0,6.511
1765479344.727928,0,30,26,34,27,3.5308914184570312,48.0,50.5,5.371
1765479344.929459,0,30,26,34,27,3.5308914184570312,48.0,50.5,5.371
1765479345.1304777,99,29,55,25,18,3.5305213928222656,48.5,49.0,7.4
1765479345.3326447,99,29,55,25,18,3.5305213928222656,48.5,49.0,7.4
1765479345.5350327,99,29,55,25,18,3.5305213928222656,48.5,49.0,7.4
1765479345.7366562,99,26,24,19,20,3.530414581298828,49.0,49.0,6.43
1765479345.9380894,99,26,24,19,20,3.530414581298828,49.0,49.0,6.43
1765479346.1412134,99,39,36,35,66,3.517345428466797,49.0,49.5,7.48
1765479346.3432057,99,39,36,35,66,3.517345428466797,49.0,49.5,7.48
1765479346.5446904,99,39,36,35,66,3.517345428466797,49.0,49.5,7.48
1765479346.7461576,99,27,22,19,22,3.5182533264160156,48.5,49.5,7.051
1765479346.9477193,99,27,22,19,22,3.5182533264160156,48.5,49.5,7.051
1765479347.149102,99,27,22,19,22,3.5182533264160156,48.5,49.5,7.051
1765479347.3504615,99,32,22,25,30,3.517780303955078,48.5,50.0,6.661
1765479347.553121,99,32,22,25,30,3.517780303955078,48.5,50.0,6.661
1765479347.756434,99,35,36,23,24,3.5175323486328125,49.0,49.5,7.32
1765479347.9580889,99,35,36,23,24,3.5175323486328125,49.0,49.5,7.32
1765479348.1590617,99,35,36,23,24,3.5175323486328125,49.0,49.5,7.32
1765479348.3601227,99,34,26,24,29,3.5178871154785156,49.0,49.5,6.931
1765479348.5615408,99,34,26,24,29,3.5178871154785156,49.0,49.5,6.931
1765479348.7630122,99,22,24,23,58,3.5193214416503906,49.0,49.5,7.131
1765479348.964938,99,22,24,23,58,3.5193214416503906,49.0,49.5,7.131
1765479349.1671557,99,22,24,23,58,3.5193214416503906,49.0,49.5,7.131
1765479349.3687522,99,26,25,25,26,3.518848419189453,48.5,49.5,6.038
1765479349.5702221,99,26,25,25,26,3.518848419189453,48.5,49.5,6.038
1765479349.7720788,99,42,46,39,29,3.51910400390625,49.0,49.5,7.36
1765479349.9736626,99,42,46,39,29,3.51910400390625,49.0,49.5,7.36
1765479350.1752844,99,42,46,39,29,3.51910400390625,49.0,49.5,7.36
1765479350.3775089,99,24,22,22,18,3.5199317932128906,49.0,49.5,6.621
1765479350.5792456,99,24,22,22,18,3.5199317932128906,49.0,49.5,6.621
1765479350.7802422,98,18,26,62,25,3.5195579528808594,49.0,49.5,7.36
1765479350.9826806,98,18,26,62,25,3.5195579528808594,49.0,49.5,7.36
1765479351.1842463,98,18,26,62,25,3.5195579528808594,49.0,49.5,7.36
1765479351.3854203,99,24,26,25,22,3.519519805908203,49.0,49.0,7.211
1765479351.58649,99,24,26,25,22,3.519519805908203,49.0,49.0,7.211
1765479351.7875946,99,48,31,29,40,3.519763946533203,49.0,50.0,7.24
1765479351.9898732,99,48,31,29,40,3.519763946533203,49.0,50.0,7.24
1765479352.1917112,99,48,31,29,40,3.519763946533203,49.0,50.0,7.24
1765479352.393198,98,28,37,12,24,3.5204544067382812,49.0,49.5,7.44
1765479352.595538,98,28,37,12,24,3.5204544067382812,49.0,49.5,7.44
1765479352.802291,0,22,24,30,21,3.519702911376953,48.5,49.5,4.934
1765479353.0033698,0,22,24,30,21,3.519702911376953,48.5,49.5,4.934
1765479353.2064123,0,22,24,30,21,3.519702911376953,48.5,49.5,4.934
1765479353.4108143,99,33,43,26,40,3.520008087158203,49.0,49.0,6.58
1765479353.6123915,99,33,43,26,40,3.520008087158203,49.0,49.0,6.58
1765479353.8138301,99,25,22,30,28,3.5201148986816406,49.0,49.5,6.741
1765479354.0151675,99,25,22,30,28,3.5201148986816406,49.0,49.5,6.741
1765479354.2163458,99,25,22,30,28,3.5201148986816406,49.0,49.5,6.741
1765479354.4177732,99,29,21,58,20,3.5207443237304688,49.5,50.0,7.44
1765479354.620799,99,29,21,58,20,3.5207443237304688,49.5,50.0,7.44
1765479354.822439,99,26,16,24,21,3.5205841064453125,48.5,49.0,5.177
1765479355.026517,99,26,16,24,21,3.5205841064453125,48.5,49.0,5.177
1765479355.2277977,99,26,16,24,21,3.5205841064453125,48.5,49.0,5.177
1765479355.4304378,99,38,27,56,30,3.521068572998047,49.0,49.5,7.32
1765479355.6320107,99,38,27,56,30,3.521068572998047,49.0,49.5,7.32
1765479355.8334517,99,29,22,20,20,3.521099090576172,49.5,49.5,7.211
1765479356.0357974,99,29,22,20,20,3.521099090576172,49.5,49.5,7.211
1765479356.2373192,99,29,22,20,20,3.521099090576172,49.5,49.5,7.211
1765479356.4390366,99,48,22,24,18,3.52142333984375,49.0,50.5,7.12
1765479356.6410735,99,48,22,24,18,3.52142333984375,49.0,50.5,7.12
1765479356.8426182,99,34,30,26,25,3.5223236083984375,49.0,49.0,7.011
1765479357.0447278,99,34,30,26,25,3.5223236083984375,49.0,49.0,7.011
1765479357.2463486,99,34,30,26,25,3.5223236083984375,49.0,49.0,7.011
1765479357.4477587,0,31,31,30,35,3.5222511291503906,48.0,50.0,5.33
1765479357.6493678,0,31,31,30,35,3.5222511291503906,48.0,50.0,5.33
1765479357.8507917,0,31,31,30,35,3.5222511291503906,48.0,50.0,5.33
1765479358.0524006,99,54,23,25,32,3.5240554809570312,49.0,50.0,7.934
1765479358.2536683,99,54,23,25,32,3.5240554809570312,49.0,50.0,7.934
1765479358.457009,99,22,26,16,19,3.5233116149902344,49.0,49.5,6.781
1765479358.65828,99,22,26,16,19,3.5233116149902344,49.0,49.5,6.781
1765479358.8604712,99,22,26,16,19,3.5233116149902344,49.0,49.5,6.781
1765479359.0635555,99,34,34,30,55,3.52374267578125,49.5,50.5,6.661
1765479359.2652876,99,34,34,30,55,3.52374267578125,49.5,50.5,6.661
1765479359.4667392,31,24,21,34,28,3.5238304138183594,48.5,50.5,5.371
1765479359.6681364,31,24,21,34,28,3.5238304138183594,48.5,50.5,5.371
1765479359.869281,31,24,21,34,28,3.5238304138183594,48.5,50.5,5.371
1765479360.0707734,99,21,27,56,18,3.525348663330078,49.5,50.0,7.854
1765479360.2737007,99,21,27,56,18,3.525348663330078,49.5,50.0,7.854
1765479360.4753237,99,25,14,22,22,3.5253334045410156,49.0,49.5,6.701
1765479360.6765358,99,25,14,22,22,3.5253334045410156,49.0,49.5,6.701
1765479360.8777175,99,25,14,22,22,3.5253334045410156,49.0,49.5,6.701
1765479361.0793543,99,59,30,22,37,3.5260162353515625,49.0,51.0,7.2
1765479361.2806346,99,59,30,22,37,3.5260162353515625,49.0,51.0,7.2
1765479361.4821541,99,34,26,19,18,3.5267677307128906,49.5,50.5,7.428
1765479361.683591,99,34,26,19,18,3.5267677307128906,49.5,50.5,7.428
1765479361.884665,99,34,26,19,18,3.5267677307128906,49.5,50.5,7.428
1765479362.0870934,99,30,18,25,31,3.5263099670410156,48.5,50.0,6.741
1765479362.2889123,99,30,18,25,31,3.5263099670410156,48.5,50.0,6.741
1765479362.4916854,99,27,24,29,36,3.525684356689453,49.5,49.5,7.051
1765479362.6933355,99,27,24,29,36,3.525684356689453,49.5,49.5,7.051
1765479362.8948507,99,27,24,29,36,3.525684356689453,49.5,49.5,7.051
1765479363.0962508,20,27,27,30,26,3.526203155517578,49.0,50.0,5.725
1765479363.2978091,20,27,27,30,26,3.526203155517578,49.0,50.0,5.725
1765479363.4993258,99,24,60,31,22,3.5271835327148438,49.0,50.5,7.667
1765479363.7022686,99,24,60,31,22,3.5271835327148438,49.0,50.5,7.667
1765479363.903821,99,24,60,31,22,3.5271835327148438,49.0,50.5,7.667
1765479364.1056476,99,20,22,27,20,3.5041236877441406,48.5,49.5,6.39
1765479364.3068964,99,20,22,27,20,3.5041236877441406,48.5,49.5,6.39
1765479364.5084076,99,50,36,42,43,3.503997802734375,49.0,50.0,7.091
1765479364.7108603,99,50,36,42,43,3.503997802734375,49.0,50.0,7.091
1765479364.9124875,99,50,36,42,43,3.503997802734375,49.0,50.0,7.091
1765479365.1138096,92,27,25,22,24,3.5047569274902344,49.0,50.0,5.927
1765479365.315189,92,27,25,22,24,3.5047569274902344,49.0,50.0,5.927
1765479365.5163133,99,38,58,26,24,3.505847930908203,49.0,51.0,8.12
1765479365.7192273,99,38,58,26,24,3.505847930908203,49.0,51.0,8.12
1765479365.922103,99,38,58,26,24,3.505847930908203,49.0,51.0,8.12
1765479366.1235287,99,20,21,13,20,3.5051956176757812,49.5,49.5,6.741
1765479366.3247852,99,20,21,13,20,3.5051956176757812,49.5,49.5,6.741
1765479366.5260987,99,40,30,30,56,3.505420684814453,49.5,50.0,7.32
1765479366.727882,99,40,30,30,56,3.505420684814453,49.5,50.0,7.32
1765479366.929749,99,40,30,30,56,3.505420684814453,49.5,50.0,7.32
1765479367.1324527,99,26,24,24,34,3.506500244140625,49.5,50.0,7.627
1765479367.3342364,99,26,24,24,34,3.506500244140625,49.5,50.0,7.627
1765479367.535577,99,26,24,24,34,3.506500244140625,49.5,50.0,7.627
1765479367.736724,99,28,20,23,32,3.506610870361328,49.5,51.0,6.821
1765479367.9384367,99,28,20,23,32,3.506610870361328,49.5,51.0,6.821
1765479368.140884,99,28,33,23,38,3.5050125122070312,49.5,49.5,7.131
1765479368.342666,99,28,33,23,38,3.5050125122070312,49.5,49.5,7.131
1765479368.5440047,99,28,33,23,38,3.5050125122070312,49.5,49.5,7.131
1765479368.7455351,99,27,29,25,22,3.5054283142089844,49.0,50.0,6.661
1765479368.9466588,99,27,29,25,22,3.5054283142089844,49.0,50.0,6.661
1765479369.1480575,99,28,62,18,28,3.5060157775878906,49.5,50.0,7.468
1765479369.3511455,99,28,62,18,28,3.5060157775878906,49.5,50.0,7.468
1765479369.5531025,99,28,62,18,28,3.5060157775878906,49.5,50.0,7.468
1765479369.754907,99,23,28,12,16,3.5061187744140625,49.0,50.0,5.572
1765479369.9562118,99,23,28,12,16,3.5061187744140625,49.0,50.0,5.572
1765479370.1586885,99,31,31,31,57,3.5057907104492188,49.5,50.0,7.051
1765479370.3606575,99,31,31,31,57,3.5057907104492188,49.5,50.0,7.051
1765479370.5621507,99,31,31,31,57,3.5057907104492188,49.5,50.0,7.051
1765479370.7637513,99,25,22,26,30,3.5067672729492188,49.5,50.0,6.85
1765479370.9651406,99,25,22,26,30,3.5067672729492188,49.5,50.0,6.85
1765479371.1674743,99,25,26,23,57,3.5081634521484375,49.0,50.0,7.587
1765479371.3707716,99,25,26,23,57,3.5081634521484375,49.0,50.0,7.587
1765479371.5741274,99,25,26,23,57,3.5081634521484375,49.0,50.0,7.587
1765479371.7756207,99,28,26,24,24,3.5075340270996094,49.0,49.5,6.47
1765479371.97695,99,28,26,24,24,3.5075340270996094,49.0,49.5,6.47
1765479372.1781862,99,36,41,38,34,3.5076828002929688,49.0,50.5,7.171
1765479372.3795066,99,36,41,38,34,3.5076828002929688,49.0,50.5,7.171
1765479372.5821395,99,36,41,38,34,3.5076828002929688,49.0,50.5,7.171
1765479372.7844493,99,43,23,24,19,3.5087318420410156,49.5,50.0,7.547
1765479372.9862638,99,43,23,24,19,3.5087318420410156,49.5,50.0,7.547
1765479373.1874394,51,18,19,18,18,3.5081825256347656,49.0,49.5,5.846
1765479373.3886464,51,18,19,18,18,3.5081825256347656,49.0,49.5,5.846
1765479373.5901954,51,18,19,18,18,3.5081825256347656,49.0,49.5,5.846
1765479373.7931123,99,30,38,57,30,3.507823944091797,49.5,50.0,7.051
1765479373.9955535,99,30,38,57,30,3.507823944091797,49.5,50.0,7.051
1765479374.1970644,58,22,29,22,19,3.5083389282226562,49.0,50.5,5.572
1765479374.3984542,58,22,29,22,19,3.5083389282226562,49.0,50.5,5.572
1765479374.599606,58,22,29,22,19,3.5083389282226562,49.0,50.5,5.572
1765479374.8009958,99,60,25,32,25,3.5095252990722656,50.0,50.5,7.974
1765479375.0034437,99,60,25,32,25,3.5095252990722656,50.0,50.5,7.974
1765479375.2047765,99,20,22,18,18,3.5091400146484375,49.5,50.0,6.269
1765479375.405839,99,20,22,18,18,3.5091400146484375,49.5,50.0,6.269
1765479375.60691,99,20,22,18,18,3.5091400146484375,49.5,50.0,6.269
1765479375.808446,99,67,29,23,34,3.5094337463378906,49.5,51.0,7.36
1765479376.0099306,99,67,29,23,34,3.5094337463378906,49.5,51.0,7.36
1765479376.2113988,99,34,21,22,22,3.5102310180664062,49.5,50.0,6.85
1765479376.4128528,99,34,21,22,22,3.5102310180664062,49.5,50.0,6.85
1765479376.614254,99,34,21,22,22,3.5102310180664062,49.5,50.0,6.85
1765479376.815496,99,26,28,27,35,3.5109405517578125,49.5,50.5,6.54
1765479377.017484,99,26,28,27,35,3.5109405517578125,49.5,50.5,6.54
1765479377.2193015,99,23,33,40,21,3.5098495483398438,49.5,50.0,7.091
1765479377.420566,99,23,33,40,21,3.5098495483398438,49.5,50.0,7.091
1765479377.622453,99,23,33,40,21,3.5098495483398438,49.5,50.0,7.091
1765479377.8238661,99,22,26,30,20,3.510040283203125,49.5,50.0,6.511
1765479378.0262756,99,22,26,30,20,3.510040283203125,49.5,50.0,6.511
1765479378.2273252,99,30,61,20,27,3.5111770629882812,50.0,50.5,7.48
1765479378.429073,99,30,61,20,27,3.5111770629882812,50.0,50.5,7.48
1765479378.6310143,99,30,61,20,27,3.5111770629882812,50.0,50.5,7.48
1765479378.8321788,99,22,18,27,10,3.5102500915527344,49.0,50.0,5.644
1765479379.0333178,99,22,18,27,10,3.5102500915527344,49.0,50.0,5.644
1765479379.2343628,99,33,29,26,57,3.5108375549316406,49.5,50.0,7.16
1765479379.436063,99,33,29,26,57,3.5108375549316406,49.5,50.0,7.16
1765479379.637378,99,33,29,26,57,3.5108375549316406,49.5,50.0,7.16
1765479379.838888,99,25,25,22,27,3.51190185546875,49.5,50.0,6.35
1765479380.0399308,99,25,25,22,27,3.51190185546875,49.5,50.0,6.35
1765479380.241009,99,25,25,22,27,3.51190185546875,49.5,50.0,6.35
1765479380.442845,99,26,32,54,35,3.5126876831054688,50.0,50.5,7.787
1765479380.6465075,99,26,32,54,35,3.5126876831054688,50.0,50.5,7.787
1765479380.8479824,99,22,26,18,20,3.5123023986816406,49.5,50.0,6.621
1765479381.0491533,99,22,26,18,20,3.5123023986816406,49.5,50.0,6.621
1765479381.2502866,99,22,26,18,20,3.5123023986816406,49.5,50.0,6.621
1765479381.4516985,99,29,40,27,33,3.5125389099121094,49.5,50.5,6.199
1765479381.6530786,99,29,40,27,33,3.5125389099121094,49.5,50.5,6.199
1765479381.8556368,99,25,38,32,35,3.513111114501953,50.0,50.0,7.36
1765479382.0580206,99,25,38,32,35,3.513111114501953,50.0,50.0,7.36
1765479382.2597997,99,25,38,32,35,3.513111114501953,50.0,50.0,7.36
1765479382.4614475,99,22,22,23,19,3.5127182006835938,49.5,50.0,7.131
1765479382.6636782,99,22,22,23,19,3.5127182006835938,49.5,50.0,7.131
1765479382.8657067,99,28,30,31,49,3.5125694274902344,50.0,50.0,6.621
1765479383.067379,99,28,30,31,49,3.5125694274902344,50.0,50.0,6.621
1765479383.2684894,99,28,30,31,49,3.5125694274902344,50.0,50.0,6.621
1765479383.4700847,99,31,26,24,22,3.5126571655273438,49.5,51.5,6.269
1765479383.671798,99,31,26,24,22,3.5126571655273438,49.5,51.5,6.269
1765479383.8730667,99,65,32,26,27,3.514141082763672,50.0,50.5,7.814
1765479384.0749285,99,65,32,26,27,3.514141082763672,50.0,50.5,7.814
1765479384.2795537,99,65,32,26,27,3.514141082763672,50.0,50.5,7.814
1765479384.4822557,99,20,17,12,24,3.5130043029785156,49.5,49.5,5.096
1765479384.6844893,99,20,17,12,24,3.5130043029785156,49.5,49.5,5.096
1765479384.8871624,99,52,64,60,50,3.5010643005371094,50.0,51.0,8.28
1765479385.0884082,99,52,64,60,50,3.5010643005371094,50.0,51.0,8.28
1765479385.2896369,99,52,64,60,50,3.5010643005371094,50.0,51.0,8.28
1765479385.490844,99,43,34,43,46,3.506450653076172,50.0,50.5,7.974
1765479385.6918864,99,43,34,43,46,3.506450653076172,50.0,50.5,7.974
1765479385.893028,99,33,22,39,33,3.5078353881835938,50.0,50.5,7.507
1765479386.0947495,99,33,22,39,33,3.5078353881835938,50.0,50.5,7.507
1765479386.2976754,99,33,22,39,33,3.5078353881835938,50.0,50.5,7.507
1765479386.4994318,99,30,24,28,22,3.5070457458496094,50.0,50.0,7.051
1765479386.7012162,99,30,24,28,22,3.5070457458496094,50.0,50.0,7.051
1765479386.9026427,99,28,26,43,30,3.5072975158691406,49.0,51.5,6.118
1765479387.1043346,99,28,26,43,30,3.5072975158691406,49.0,51.5,6.118
1765479387.3061767,99,28,26,43,30,3.5072975158691406,49.0,51.5,6.118
1765479387.5085073,99,22,28,51,16,3.5079498291015625,50.0,50.5,7.667
1765479387.7114387,99,22,28,51,16,3.5079498291015625,50.0,50.5,7.667
1765479387.9129095,99,20,22,26,16,3.5084915161132812,49.5,50.0,7.28
1765479388.114252,99,20,22,26,16,3.5084915161132812,49.5,50.0,7.28
1765479388.3154612,99,20,22,26,16,3.5084915161132812,49.5,50.0,7.28
1765479388.517316,99,40,48,45,28,3.5027198791503906,50.0,50.0,7.32
1765479388.718838,99,40,48,45,28,3.5027198791503906,50.0,50.0,7.32
1765479388.9227638,96,24,24,24,31,3.5016937255859375,50.0,50.0,6.54
1765479389.124123,96,24,24,24,31,3.5016937255859375,50.0,50.0,6.54
1765479389.3251448,96,24,24,24,31,3.5016937255859375,50.0,50.0,6.54
1765479389.526571,99,32,30,21,50,3.501953125,49.5,50.5,7.4
1765479389.7286315,99,32,30,21,50,3.501953125,49.5,50.5,7.4
1765479389.9299648,99,32,30,21,50,3.501953125,49.5,50.5,7.4
1765479390.130808,99,21,24,25,26,3.501331329345703,50.0,50.0,7.131
1765479390.3329246,99,21,24,25,26,3.501331329345703,50.0,50.0,7.131
1765479390.5344515,91,31,41,28,28,3.501270294189453,49.5,52.0,6.551
1765479390.7357688,91,31,41,28,28,3.501270294189453,49.5,52.0,6.551
1765479390.9373646,91,31,41,28,28,3.501270294189453,49.5,52.0,6.551
1765479391.1394644,99,16,24,48,17,3.5018043518066406,50.0,50.0,6.971
1765479391.3410463,99,16,24,48,17,3.5018043518066406,50.0,50.0,6.971
1765479391.5424514,99,30,30,23,19,3.501983642578125,50.0,50.5,7.2
1765479391.7437565,99,30,30,23,19,3.501983642578125,50.0,50.5,7.2
1765479391.9457645,99,30,30,23,19,3.501983642578125,50.0,50.5,7.2
1765479392.1474419,99,20,57,20,21,3.5021743774414062,50.0,50.0,6.821
1765479392.349408,99,20,57,20,21,3.5021743774414062,50.0,50.0,6.821
1765479392.5513794,99,31,21,23,25,3.502513885498047,49.5,50.5,5.604
1765479392.764736,99,31,21,23,25,3.502513885498047,49.5,50.5,5.604
1765479392.9661312,99,31,21,23,25,3.502513885498047,49.5,50.5,5.604
1765479393.1690738,99,33,52,32,34,3.502410888671875,50.0,50.0,7.547
1765479393.37117,99,33,52,32,34,3.502410888671875,50.0,50.0,7.547
1765479393.572346,99,19,20,18,12,3.5026931762695312,49.5,50.0,6.621
1765479393.7738478,99,19,20,18,12,3.5026931762695312,49.5,50.0,6.621
1765479393.9751704,99,19,20,18,12,3.5026931762695312,49.5,50.0,6.621
1765479394.1762993,99,31,60,34,27,3.50384521484375,49.5,50.5,7.36
1765479394.3783522,99,31,60,34,27,3.50384521484375,49.5,50.5,7.36
1765479394.5798008,99,20,25,18,18,3.504138946533203,50.0,50.0,6.631
1765479394.7814157,99,20,25,18,18,3.504138946533203,50.0,50.0,6.631
1765479394.9833233,99,20,25,18,18,3.504138946533203,50.0,50.0,6.631
1765479395.1845553,99,38,31,40,27,3.5052032470703125,49.5,51.5,6.931
1765479395.38791,99,38,31,40,27,3.5052032470703125,49.5,51.5,6.931
1765479395.5901058,99,44,20,20,19,3.5045166015625,49.5,50.0,7.131
1765479395.7914042,99,44,20,20,19,3.5045166015625,49.5,50.0,7.131
1765479395.9928708,99,44,20,20,19,3.5045166015625,49.5,50.0,7.131
1765479396.194776,99,26,24,30,27,3.5047264099121094,49.5,50.0,6.54
1765479396.3961563,99,26,24,30,27,3.5047264099121094,49.5,50.0,6.54
1765479396.5985208,99,35,30,24,60,3.5053443908691406,50.0,50.0,6.781
1765479396.8008304,99,35,30,24,60,3.5053443908691406,50.0,50.0,6.781
1765479397.0022988,99,35,30,24,60,3.5053443908691406,50.0,50.0,6.781
1765479397.2033215,99,32,26,29,29,3.5071144104003906,49.5,51.0,6.47
1765479397.404406,99,32,26,29,29,3.5071144104003906,49.5,51.0,6.47
1765479397.6055532,99,26,18,27,54,3.5059852600097656,50.0,50.0,7.051
1765479397.80677,99,26,18,27,54,3.5059852600097656,50.0,50.0,7.051
1765479398.0094187,99,26,18,27,54,3.5059852600097656,50.0,50.0,7.051
1765479398.2117782,96,27,16,22,25,3.5059852600097656,49.5,50.0,6.078
1765479398.4130373,96,27,16,22,25,3.5059852600097656,49.5,50.0,6.078
1765479398.61423,99,54,38,38,41,3.506938934326172,50.0,51.5,7.775
1765479398.8159533,99,54,38,38,41,3.506938934326172,50.0,51.5,7.775
1765479399.0178766,99,54,38,38,41,3.506938934326172,50.0,51.5,7.775
1765479399.2191195,99,19,22,21,22,3.507488250732422,50.0,50.5,7.627
1765479399.4233053,99,19,22,21,22,3.507488250732422,50.0,50.5,7.627
1765479399.6244795,99,25,26,27,47,3.5074081420898438,49.5,51.0,6.511
1765479399.8254762,99,25,26,27,47,3.5074081420898438,49.5,51.0,6.511
1765479400.0272405,99,25,26,27,47,3.5074081420898438,49.5,51.0,6.511
1765479400.2290323,98,20,26,22,45,3.508220672607422,50.0,50.5,7.091
1765479400.4303184,98,20,26,22,45,3.508220672607422,50.0,50.5,7.091
1765479400.632026,89,23,32,27,25,3.5093345642089844,49.5,50.0,5.927
1765479400.8332098,89,23,32,27,25,3.5093345642089844,49.5,50.0,5.927
1765479401.034917,89,23,32,27,25,3.5093345642089844,49.5,50.0,5.927
1765479401.2361882,99,21,16,55,16,3.5088119506835938,50.0,50.0,6.621
1765479401.4382262,99,21,16,55,16,3.5088119506835938,50.0,50.0,6.621
1765479401.6400514,99,21,16,55,16,3.5088119506835938,50.0,50.0,6.621
1765479401.8412971,99,25,30,22,28,3.5090293884277344,50.0,50.5,6.149
1765479402.0424783,99,25,30,22,28,3.5090293884277344,50.0,50.5,6.149
1765479402.244614,99,44,28,33,46,3.5099639892578125,50.0,50.5,6.861
1765479402.4463947,99,44,28,33,46,3.5099639892578125,50.0,50.5,6.861
1765479402.647798,99,44,28,33,46,3.5099639892578125,50.0,50.5,6.861
1765479402.8492413,94,30,21,12,19,3.5103607177734375,50.0,50.5,5.967
1765479403.0506492,94,30,21,12,19,3.5103607177734375,50.0,50.5,5.967
1765479403.25214,99,61,30,26,30,3.5099449157714844,50.5,51.0,7.4
1765479403.4540815,99,61,30,26,30,3.5099449157714844,50.5,51.0,7.4
1765479403.6554267,99,61,30,26,30,3.5099449157714844,50.5,51.0,7.4
1765479403.8564947,99,30,20,25,14,3.510387420654297,50.0,52.0,7.32
1765479404.0587854,99,30,20,25,14,3.510387420654297,50.0,52.0,7.32
1765479404.259896,99,47,34,39,26,3.5102386474609375,50.0,51.5,7.547
1765479404.462104,99,47,34,39,26,3.5102386474609375,50.0,51.5,7.547
1765479404.6640518,99,47,34,39,26,3.5102386474609375,50.0,51.5,7.547
1765479404.8652782,99,32,20,14,18,3.5105018615722656,50.0,50.5,7.4
1765479405.066868,99,32,20,14,18,3.5105018615722656,50.0,50.5,7.4
1765479405.2684858,0,30,28,35,33,3.5112266540527344,49.5,52.5,5.096
1765479405.469788,0,30,28,35,33,3.5112266540527344,49.5,52.5,5.096
1765479405.672896,0,30,28,35,33,3.5112266540527344,49.5,52.5,5.096
1765479405.8765366,99,35,22,24,49,3.5118751525878906,50.0,50.5,7.091
1765479406.07819,99,35,22,24,49,3.5118751525878906,50.0,50.5,7.091
1765479406.2793472,99,30,29,26,28,3.512157440185547,50.0,51.0,7.36
1765479406.4804401,99,30,29,26,28,3.512157440185547,50.0,51.0,7.36
1765479406.6820865,99,30,29,26,28,3.512157440185547,50.0,51.0,7.36
1765479406.8834946,99,21,18,53,18,3.5114173889160156,50.0,51.0,6.701
1765479407.085766,99,21,18,53,18,3.5114173889160156,50.0,51.0,6.701
1765479407.2875473,0,29,19,20,18,3.511768341064453,49.5,52.0,4.307
1765479407.4915707,0,29,19,20,18,3.511768341064453,49.5,52.0,4.307
1765479407.6927102,0,29,19,20,18,3.511768341064453,49.5,52.0,4.307
1765479407.894357,98,32,37,52,42,3.505035400390625,50.5,51.0,7.52
1765479408.0967174,98,32,37,52,42,3.505035400390625,50.5,51.0,7.52
1765479408.2983942,99,18,31,20,16,3.505573272705078,50.0,50.5,7.48
1765479408.499664,99,18,31,20,16,3.505573272705078,50.0,50.5,7.48
1765479408.7009556,99,18,31,20,16,3.505573272705078,50.0,50.5,7.48
1765479408.9025087,99,27,26,22,53,3.504802703857422,50.0,50.5,7.4
1765479409.1041346,99,27,26,22,53,3.504802703857422,50.0,50.5,7.4
1765479409.3057637,99,28,19,21,26,3.5053176879882812,50.5,50.5,6.861
1765479409.5074074,99,28,19,21,26,3.5053176879882812,50.5,50.5,6.861
1765479409.708606,99,28,19,21,26,3.5053176879882812,50.5,50.5,6.861
1765479409.9097204,99,38,39,27,31,3.5052719116210938,50.0,53.0,7.24
1765479410.1113172,99,38,39,27,31,3.5052719116210938,50.0,53.0,7.24
1765479410.312505,98,17,49,14,14,3.5057601928710938,50.5,51.0,7.468
1765479410.513779,98,17,49,14,14,3.5057601928710938,50.5,51.0,7.468
1765479410.7151525,98,17,49,14,14,3.5057601928710938,50.5,51.0,7.468
1765479410.9163628,99,34,13,12,19,3.5052261352539062,50.0,50.5,6.54
1765479411.1175973,99,34,13,12,19,3.5052261352539062,50.0,50.5,6.54
1765479411.3186374,99,34,13,12,19,3.5052261352539062,50.0,50.5,6.54
1765479411.5202835,99,25,20,53,28,3.5068740844726562,50.0,50.5,6.701
1765479411.7214913,99,25,20,53,28,3.5068740844726562,50.0,50.5,6.701
1765479411.9230337,99,26,30,30,25,3.5066375732421875,49.5,51.5,6.54
1765479412.124325,99,26,30,30,25,3.5066375732421875,49.5,51.5,6.54
1765479412.3256633,99,26,30,30,25,3.5066375732421875,49.5,51.5,6.54
1765479412.527204,99,58,16,21,17,3.5068740844726562,50.5,51.0,7.051
1765479412.7304928,99,58,16,21,17,3.5068740844726562,50.5,51.0,7.051
1765479412.9319475,99,26,23,26,20,3.507335662841797,50.0,50.5,5.967
1765479413.1347618,99,26,23,26,20,3.507335662841797,50.0,50.5,5.967
1765479413.3358314,99,26,23,26,20,3.507335662841797,50.0,50.5,5.967
1765479413.5382476,99,41,38,57,36,3.5079421997070312,50.5,52.0,7.854
1765479413.7413607,99,41,38,57,36,3.5079421997070312,50.5,52.0,7.854
1765479413.9433935,99,27,27,12,19,3.5084762573242188,50.0,51.0,7.747
1765479414.144857,99,27,27,12,19,3.5084762573242188,50.0,51.0,7.747
1765479414.3463037,99,27,27,12,19,3.5084762573242188,50.0,51.0,7.747
1765479414.5476723,99,26,25,30,42,3.5077171325683594,50.5,51.0,7.131
1765479414.7497504,99,26,25,30,42,3.5077171325683594,50.5,51.0,7.131
1765479414.9521313,98,26,30,22,38,3.5083351135253906,50.5,50.5,6.891
1765479415.1533995,98,26,30,22,38,3.5083351135253906,50.5,50.5,6.891
1765479415.354547,98,26,30,22,38,3.5083351135253906,50.5,50.5,6.891
1765479415.5557196,0,34,40,32,24,3.508655548095703,49.5,51.5,5.725
1765479415.757154,0,34,40,32,24,3.508655548095703,49.5,51.5,5.725
1765479415.9583368,99,23,16,47,21,3.5095596313476562,50.5,51.0,7.507
1765479416.160412,99,23,16,47,21,3.5095596313476562,50.5,51.0,7.507
1765479416.3621247,99,23,16,47,21,3.5095596313476562,50.5,51.0,7.507
1765479416.5633602,99,26,26,22,16,3.508892059326172,50.5,51.0,6.54
1765479416.764439,99,26,26,22,16,3.508892059326172,50.5,51.0,6.54
1765479416.9657886,99,42,47,27,36,3.50933837890625,50.5,51.0,6.701
1765479417.1681771,99,42,47,27,36,3.50933837890625,50.5,51.0,6.701
1765479417.3697197,99,42,47,27,36,3.50933837890625,50.5,51.0,6.701
1765479417.5714529,0,26,32,28,22,3.510417938232422,50.0,52.5,5.371
1765479417.7728438,0,26,32,28,22,3.510417938232422,50.0,52.5,5.371
1765479417.9745424,99,33,20,51,20,3.509349822998047,50.5,51.5,7.894
1765479418.1765275,99,33,20,51,20,3.509349822998047,50.5,51.5,7.894
1765479418.3797247,99,33,20,51,20,3.509349822998047,50.5,51.5,7.894
1765479418.5816302,99,20,34,20,16,3.50970458984375,50.5,51.0,6.35
1765479418.7842884,99,20,34,20,16,3.50970458984375,50.5,51.0,6.35
1765479418.9854217,99,33,34,63,35,3.50970458984375,51.0,52.0,7.787
1765479419.1896417,99,33,34,63,35,3.50970458984375,51.0,52.0,7.787
1765479419.391163,99,33,34,63,35,3.50970458984375,51.0,52.0,7.787
1765479419.592361,99,19,28,21,21,3.5109901428222656,50.5,51.0,7.667
1765479419.7936609,99,19,28,21,21,3.5109901428222656,50.5,51.0,7.667
1765479419.99562,99,26,26,43,23,3.510334014892578,50.5,51.5,7.011
1765479420.1969903,99,26,26,43,23,3.510334014892578,50.5,51.5,7.011
1765479420.3984547,99,26,26,43,23,3.510334014892578,50.5,51.5,7.011
1765479420.601444,98,25,27,30,42,3.5105247497558594,50.5,51.0,7.091
1765479420.8032453,98,25,27,30,42,3.5105247497558594,50.5,51.0,7.091
1765479421.004259,98,25,27,30,42,3.5105247497558594,50.5,51.0,7.091
1765479421.2053776,99,34,22,28,24,3.510631561279297,50.5,51.0,6.35
1765479421.4083636,99,34,22,28,24,3.510631561279297,50.5,51.0,6.35
1765479421.6106772,99,22,20,12,51,3.5112648010253906,51.0,51.0,6.931
1765479421.8124344,99,22,20,12,51,3.5112648010253906,51.0,51.0,6.931
1765479422.0142345,99,22,20,12,51,3.5112648010253906,51.0,51.0,6.931
1765479422.2156718,99,24,20,26,23,3.5108184814453125,50.5,51.0,6.39
1765479422.41691,99,24,20,26,23,3.5108184814453125,50.5,51.0,6.39
1765479422.6197627,99,40,34,36,51,3.5114593505859375,51.0,51.0,7.091
1765479422.8213158,99,40,34,36,51,3.5114593505859375,51.0,51.0,7.091
1765479423.022478,99,40,34,36,51,3.5114593505859375,51.0,51.0,7.091
1765479423.224558,71,30,27,19,30,3.5115890502929688,50.5,52.5,5.734
1765479423.4261982,71,30,27,19,30,3.5115890502929688,50.5,52.5,5.734
1765479423.6272416,99,22,21,21,55,3.5111160278320312,50.5,51.0,7.051
1765479423.829371,99,22,21,21,55,3.5111160278320312,50.5,51.0,7.051
1765479424.0327334,99,22,21,21,55,3.5111160278320312,50.5,51.0,7.051
1765479424.2343185,99,29,28,21,26,3.5120201110839844,50.5,51.0,6.821
1765479424.435447,99,29,28,21,26,3.5120201110839844,50.5,51.0,6.821
1765479424.6365776,99,59,44,31,28,3.5038414001464844,51.0,52.5,7.2
1765479424.8388925,99,59,44,31,28,3.5038414001464844,51.0,52.5,7.2
1765479425.04057,99,59,44,31,28,3.5038414001464844,51.0,52.5,7.2
1765479425.2424603,99,18,21,33,20,3.5047836303710938,51.0,51.0,7.854
1765479425.4442666,99,18,21,33,20,3.5047836303710938,51.0,51.0,7.854
1765479425.6460574,13,32,26,27,28,3.504314422607422,50.0,52.0,5.765
1765479425.8472412,13,32,26,27,28,3.504314422607422,50.0,52.0,5.765
1765479426.0489173,13,32,26,27,28,3.504314422607422,50.0,52.0,5.765
1765479426.252049,99,38,30,45,22,3.5049514770507812,51.0,51.0,7.131
1765479426.4533775,99,38,30,45,22,3.5049514770507812,51.0,51.0,7.131
1765479426.6547976,99,36,28,30,20,3.5048179626464844,50.5,51.5,7.2
1765479426.855998,99,36,28,30,20,3.5048179626464844,50.5,51.5,7.2
1765479427.057458,99,36,28,30,20,3.5048179626464844,50.5,51.5,7.2
1765479427.2587616,99,18,22,52,24,3.505084991455078,50.5,51.0,7.12
1765479427.4618511,99,18,22,52,24,3.505084991455078,50.5,51.0,7.12
1765479427.6637738,45,30,20,22,26,3.5045089721679688,50.0,52.0,5.492
1765479427.8649545,45,30,20,22,26,3.5045089721679688,50.0,52.0,5.492
1765479428.0662549,45,30,20,22,26,3.5045089721679688,50.0,52.0,5.492
1765479428.2688363,99,40,46,35,37,3.505218505859375,51.0,52.0,7.934
1765479428.4722097,99,40,46,35,37,3.505218505859375,51.0,52.0,7.934
1765479428.6743038,99,16,21,28,14,3.5055999755859375,51.0,51.0,6.971
1765479428.8763587,99,16,21,28,14,3.5055999755859375,51.0,51.0,6.971
1765479429.077991,99,16,21,28,14,3.5055999755859375,51.0,51.0,6.971
1765479429.2790592,99,29,58,20,22,3.505035400390625,51.0,51.5,7.468
1765479429.4810483,99,29,58,20,22,3.505035400390625,51.0,51.5,7.468
1765479429.6829045,99,26,19,24,30,3.506145477294922,51.0,51.5,7.051
1765479429.884524,99,26,19,24,30,3.506145477294922,51.0,51.5,7.051
1765479430.0858014,99,26,19,24,30,3.506145477294922,51.0,51.5,7.051
1765479430.287103,99,40,30,38,29,3.5064544677734375,50.5,52.5,7.171
1765479430.4892442,99,40,30,38,29,3.5064544677734375,50.5,52.5,7.171
1765479430.6906714,98,38,16,21,16,3.506877899169922,51.0,51.5,7.32
1765479430.892946,98,38,16,21,16,3.506877899169922,51.0,51.5,7.32
1765479431.0947776,98,38,16,21,16,3.506877899169922,51.0,51.5,7.32
1765479431.2960007,22,33,25,25,19,3.506805419921875,50.5,51.5,5.217
1765479431.4975843,22,33,25,25,19,3.506805419921875,50.5,51.5,5.217
1765479431.698681,22,33,25,25,19,3.506805419921875,50.5,51.5,5.217
1765479431.9016657,99,34,31,50,24,3.5065231323242188,50.5,51.0,6.621
1765479432.1036382,99,34,31,50,24,3.5065231323242188,50.5,51.0,6.621
1765479432.3046975,99,28,29,27,24,3.507049560546875,51.0,51.5,7.051
1765479432.5058725,99,28,29,27,24,3.507049560546875,51.0,51.5,7.051
1765479432.7069795,99,28,29,27,24,3.507049560546875,51.0,51.5,7.051
1765479432.9082756,99,19,21,48,18,3.5073165893554688,51.0,51.0,6.821
1765479433.111261,99,19,21,48,18,3.5073165893554688,51.0,51.0,6.821
1765479433.3135939,99,22,25,26,25,3.5072860717773438,50.5,51.0,4.78
1765479433.515133,99,22,25,26,25,3.5072860717773438,50.5,51.0,4.78
1765479433.7163146,99,22,25,26,25,3.5072860717773438,50.5,51.0,4.78
1765479433.9186258,99,36,55,43,36,3.5079116821289062,50.5,52.0,7.468
1765479434.1200588,99,36,55,43,36,3.5079116821289062,50.5,52.0,7.468
1765479434.3214316,99,20,21,16,26,3.5088844299316406,51.0,51.5,7.32
1765479434.5236478,99,20,21,16,26,3.5088844299316406,51.0,51.5,7.32
1765479434.7252657,99,20,21,16,26,3.5088844299316406,51.0,51.5,7.32
1765479434.926383,99,51,26,23,26,3.508220672607422,50.5,52.5,7.28
1765479435.1289287,99,51,26,23,26,3.508220672607422,50.5,52.5,7.28
1765479435.3324664,99,37,25,27,24,3.508617401123047,51.0,51.0,6.85
1765479435.5338764,99,37,25,27,24,3.508617401123047,51.0,51.0,6.85
1765479435.7404828,99,37,25,27,24,3.508617401123047,51.0,51.0,6.85
1765479435.9424517,99,26,38,32,28,3.508502960205078,50.5,51.5,6.891
1765479436.1474347,99,26,38,32,28,3.508502960205078,50.5,51.5,6.891
1765479436.3492045,99,25,23,46,14,3.5092811584472656,51.0,51.5,7.48
1765479436.551886,99,25,23,46,14,3.5092811584472656,51.0,51.5,7.48
1765479436.7538416,99,25,23,46,14,3.5092811584472656,51.0,51.5,7.48
1765479436.9552286,99,22,26,23,18,3.508686065673828,51.0,51.0,6.621
1765479437.156383,99,22,26,23,18,3.508686065673828,51.0,51.0,6.621
1765479437.3582892,99,32,35,51,36,3.5086135864257812,51.0,51.5,7.011
1765479437.5602412,99,32,35,51,36,3.5086135864257812,51.0,51.5,7.011
1765479437.7621398,99,32,35,51,36,3.5086135864257812,51.0,51.5,7.011
1765479437.9631248,1,32,23,24,27,3.5091476440429688,50.5,52.5,5.572
1765479438.164676,1,32,23,24,27,3.5091476440429688,50.5,52.5,5.572
1765479438.3658595,99,24,12,21,54,3.509471893310547,51.0,51.0,7.131
1765479438.5679376,99,24,12,21,54,3.509471893310547,51.0,51.0,7.131
1765479438.7708273,99,24,12,21,54,3.509471893310547,51.0,51.0,7.131
1765479438.9726744,99,22,25,24,17,3.508869171142578,51.0,51.5,6.551
1765479439.1740384,99,22,25,24,17,3.508869171142578,51.0,51.5,6.551
1765479439.3752298,99,38,34,28,59,3.50885009765625,51.0,51.5,7.28
1765479439.5782242,99,38,34,28,59,3.50885009765625,51.0,51.5,7.28
1765479439.7800114,99,38,34,28,59,3.50885009765625,51.0,51.5,7.28
1765479439.9812562,99,28,22,20,21,3.5098419189453125,51.0,51.0,7.44
1765479440.1831036,99,28,22,20,21,3.5098419189453125,51.0,51.0,7.44
1765479440.3844283,99,23,27,43,24,3.5095596313476562,51.0,51.5,7.091
1765479440.5855927,99,23,27,43,24,3.5095596313476562,51.0,51.5,7.091
1765479440.7885494,99,23,27,43,24,3.5095596313476562,51.0,51.5,7.091
1765479440.9914987,99,30,24,38,25,3.5100326538085938,51.0,52.0,7.16
1765479441.192923,99,30,24,38,25,3.5100326538085938,51.0,52.0,7.16
1765479441.3941338,0,39,25,25,20,3.509765625,50.0,52.0,4.861
1765479441.5954952,0,39,25,25,20,3.509765625,50.0,52.0,4.861
1765479441.7967396,0,39,25,25,20,3.509765625,50.0,52.0,4.861
1765479441.998517,99,39,38,26,18,3.5105934143066406,51.0,51.5,7.16
1765479442.200826,99,39,38,26,18,3.5105934143066406,51.0,51.5,7.16
1765479442.4021387,99,25,17,22,20,3.5099105834960938,51.0,51.5,6.199
1765479442.6033769,99,25,17,22,20,3.5099105834960938,51.0,51.5,6.199
1765479442.804736,99,25,17,22,20,3.5099105834960938,51.0,51.5,6.199
1765479443.0060678,99,32,47,32,46,3.5106201171875,51.0,51.5,6.85
1765479443.2076185,99,32,47,32,46,3.5106201171875,51.0,51.5,6.85
1765479443.408737,99,23,20,25,23,3.5106353759765625,51.0,51.5,5.846
1765479443.6107318,99,23,20,25,23,3.5106353759765625,51.0,51.5,5.846
1765479443.8117456,99,23,20,25,23,3.5106353759765625,51.0,51.5,5.846
1765479444.0128298,99,62,23,22,24,3.5111083984375,51.0,52.5,7.468
1765479444.2143707,99,62,23,22,24,3.5111083984375,51.0,52.5,7.468
1765479444.4162216,99,62,23,22,24,3.5111083984375,51.0,52.5,7.468
1765479444.6174574,99,26,18,17,23,3.511444091796875,51.0,51.0,6.781
1765479444.8186343,99,26,18,17,23,3.511444091796875,51.0,51.0,6.781
1765479445.0196888,99,32,54,34,32,3.5117568969726562,51.0,51.5,7.36
1765479445.221717,99,32,54,34,32,3.5117568969726562,51.0,51.5,7.36
1765479445.423721,99,32,54,34,32,3.5117568969726562,51.0,51.5,7.36
1765479445.626277,99,24,41,27,22,3.505016326904297,51.5,52.5,8.319
1765479445.8289287,99,24,41,27,22,3.505016326904297,51.5,52.5,8.319
1765479446.030664,99,26,22,26,27,3.50372314453125,50.5,53.0,6.701
1765479446.2317643,99,26,22,26,27,3.50372314453125,50.5,53.0,6.701
1765479446.4347897,99,26,22,26,27,3.50372314453125,50.5,53.0,6.701
1765479446.638267,99,21,26,18,42,3.504596710205078,51.0,51.5,6.85
1765479446.8401191,99,21,26,18,42,3.504596710205078,51.0,51.5,6.85
1765479447.0446522,99,26,28,26,27,3.504425048828125,51.0,51.5,6.85
1765479447.2466042,99,26,28,26,27,3.504425048828125,51.0,51.5,6.85
1765479447.4478457,99,26,28,26,27,3.504425048828125,51.0,51.5,6.85
1765479447.649672,99,21,64,22,22,3.5060653686523438,51.0,51.5,7.44
1765479447.8527353,99,21,64,22,22,3.5060653686523438,51.0,51.5,7.44
1765479448.0543945,0,28,29,25,24,3.5046119689941406,50.0,52.0,4.658
1765479448.2558117,0,28,29,25,24,3.5046119689941406,50.0,52.0,4.658
1765479448.457351,0,28,29,25,24,3.5046119689941406,50.0,52.0,4.658
1765479448.6598704,99,50,30,37,40,3.5057640075683594,51.5,52.0,7.547
1765479448.8614411,99,50,30,37,40,3.5057640075683594,51.5,52.0,7.547
1765479449.0631235,98,20,29,23,25,3.5057334899902344,51.0,52.0,7.28
1765479449.2677639,98,20,29,23,25,3.5057334899902344,51.0,52.0,7.28
1765479449.4691582,98,20,29,23,25,3.5057334899902344,51.0,52.0,7.28
1765479449.670176,99,28,50,22,18,3.5058059692382812,51.0,52.5,7.32
1765479449.8724208,99,28,50,22,18,3.5058059692382812,51.0,52.5,7.32
1765479450.0746055,99,29,26,26,16,3.506267547607422,51.0,51.5,6.621
1765479450.2759328,99,29,26,26,16,3.506267547607422,51.0,51.5,6.621
1765479450.4770975,99,29,26,26,16,3.506267547607422,51.0,51.5,6.621
1765479450.6783867,99,40,31,34,37,3.505908966064453,51.0,52.5,6.741
1765479450.8804107,99,40,31,34,37,3.505908966064453,51.0,52.5,6.741
1765479451.0820334,99,18,19,51,25,3.5071258544921875,51.5,52.0,8.081
1765479451.284125,99,18,19,51,25,3.5071258544921875,51.5,52.0,8.081
1765479451.4862742,99,18,19,51,25,3.5071258544921875,51.5,52.0,8.081
1765479451.6877913,99,22,14,18,26,3.506244659423828,51.5,51.5,6.741
1765479451.889683,99,22,14,18,26,3.506244659423828,51.5,51.5,6.741
1765479452.0917304,99,42,32,32,42,3.506824493408203,51.0,52.0,6.701
1765479452.2955482,99,42,32,32,42,3.506824493408203,51.0,52.0,6.701
1765479452.497204,99,42,32,32,42,3.506824493408203,51.0,52.0,6.701
1765479452.6983209,99,32,28,28,32,3.507110595703125,51.0,52.0,5.917
1765479452.8994677,99,32,28,28,32,3.507110595703125,51.0,52.0,5.917
1765479453.1008809,99,58,23,25,26,3.5086936950683594,51.5,52.0,7.735
1765479453.3031268,99,58,23,25,26,3.5086936950683594,51.5,52.0,7.735
1765479453.505604,99,58,23,25,26,3.5086936950683594,51.5,52.0,7.735
1765479453.707431,99,23,25,23,14,3.5076217651367188,51.0,51.5,6.239
1765479453.9085555,99,23,25,23,14,3.5076217651367188,51.0,51.5,6.239
1765479454.1096528,99,62,30,31,32,3.5082130432128906,51.5,52.5,7.36
1765479454.3106308,99,62,30,31,32,3.5082130432128906,51.5,52.5,7.36
1765479454.5118632,99,62,30,31,32,3.5082130432128906,51.5,52.5,7.36
1765479454.713461,99,28,26,30,18,3.509235382080078,51.5,52.0,7.667
1765479454.914963,99,28,26,30,18,3.509235382080078,51.5,52.0,7.667
1765479455.1162326,99,28,26,30,18,3.509235382080078,51.5,52.0,7.667
1765479455.3172214,99,50,20,20,25,3.508758544921875,51.0,52.5,7.091
1765479455.5190523,99,50,20,20,25,3.508758544921875,51.0,52.5,7.091
1765479455.7212863,99,36,24,30,27,3.509113311767578,51.5,52.0,7.08
1765479455.9229317,99,36,24,30,27,3.509113311767578,51.5,52.0,7.08
1765479456.1240435,99,36,24,30,27,3.509113311767578,51.5,52.0,7.08
1765479456.3250773,0,32,29,24,28,3.508808135986328,50.5,51.5,4.463
1765479456.5262072,0,32,29,24,28,3.508808135986328,50.5,51.5,4.463
1765479456.7272651,99,21,59,20,18,3.510040283203125,51.5,52.0,7.2
1765479456.9307458,99,21,59,20,18,3.510040283203125,51.5,52.0,7.2
1765479457.133054,99,21,59,20,18,3.510040283203125,51.5,52.0,7.2
1765479457.3345587,99,29,23,22,19,3.5094757080078125,51.5,51.5,6.511
1765479457.5355594,99,29,23,22,19,3.5094757080078125,51.5,51.5,6.511
1765479457.7375731,99,55,33,26,37,3.509990692138672,51.5,52.0,6.821
1765479457.9392583,99,55,33,26,37,3.509990692138672,51.5,52.0,6.821
1765479458.1407585,99,55,33,26,37,3.509990692138672,51.5,52.0,6.821
1765479458.343027,32,18,26,22,34,3.5101661682128906,51.0,52.0,4.975
1765479458.5448647,32,18,26,22,34,3.5101661682128906,51.0,52.0,4.975
1765479458.7460644,99,29,61,29,23,3.51123046875,51.5,52.5,8.2
1765479458.9481359,99,29,61,29,23,3.51123046875,51.5,52.5,8.2
1765479459.1506667,99,29,61,29,23,3.51123046875,51.5,52.5,8.2
1765479459.352187,99,25,20,22,18,3.5106239318847656,51.5,51.5,6.58
1765479459.553408,99,25,20,22,18,3.5106239318847656,51.5,51.5,6.58
1765479459.754673,99,38,60,30,30,3.510852813720703,51.5,52.5,7.4
1765479459.9563055,99,38,60,30,30,3.510852813720703,51.5,52.5,7.4
1765479460.158063,99,38,60,30,30,3.510852813720703,51.5,52.5,7.4
1765479460.3603694,99,24,29,26,28,3.511859893798828,51.5,52.5,7.28
1765479460.5626752,99,24,29,26,28,3.511859893798828,51.5,52.5,7.28
1765479460.7642078,99,28,22,37,20,3.5112342834472656,51.0,54.0,6.58
1765479460.96552,99,28,22,37,20,3.5112342834472656,51.0,54.0,6.58
1765479461.1672614,99,28,22,37,20,3.5112342834472656,51.0,54.0,6.58
1765479461.3706145,99,24,26,41,36,3.5114707946777344,51.5,52.0,7.28
1765479461.5724645,99,24,26,41,36,3.5114707946777344,51.5,52.0,7.28
1765479461.7734528,99,26,32,28,32,3.5115432739257812,51.0,52.0,6.661
1765479461.9745991,99,26,32,28,32,3.5115432739257812,51.0,52.0,6.661
1765479462.1756003,99,26,32,28,32,3.5115432739257812,51.0,52.0,6.661
1765479462.3771086,99,31,26,22,61,3.512664794921875,51.5,53.0,7.667
1765479462.5803444,99,31,26,22,61,3.512664794921875,51.5,53.0,7.667
1765479462.7823577,99,24,18,14,21,3.5117340087890625,51.0,52.0,5.846
1765479462.9838583,99,24,18,14,21,3.5117340087890625,51.0,52.0,5.846
1765479463.186141,99,24,18,14,21,3.5117340087890625,51.0,52.0,5.846
1765479463.3883266,99,56,27,34,29,3.5124130249023438,51.5,52.0,7.131
1765479463.5900688,99,56,27,34,29,3.5124130249023438,51.5,52.0,7.131
1765479463.7914953,99,33,30,20,20,3.497180938720703,51.5,52.0,6.511
1765479463.9928794,99,33,30,20,20,3.497180938720703,51.5,52.0,6.511
1765479464.1939766,99,33,30,20,20,3.497180938720703,51.5,52.0,6.511
1765479464.3949873,99,26,22,34,56,3.498485565185547,51.5,52.5,7.747
1765479464.5971797,99,26,22,34,56,3.498485565185547,51.5,52.5,7.747
1765479464.7985861,99,26,22,34,56,3.498485565185547,51.5,52.5,7.747
1765479464.9997506,99,26,22,26,20,3.498485565185547,51.5,51.5,7.091
1765479465.2029552,99,26,22,26,20,3.498485565185547,51.5,51.5,7.091
1765479465.4041796,99,32,33,36,39,3.4978904724121094,51.5,52.5,7.131
1765479465.6058815,99,32,33,36,39,3.4978904724121094,51.5,52.5,7.131
1765479465.8073645,99,32,33,36,39,3.4978904724121094,51.5,52.5,7.131
1765479466.0094223,99,30,21,42,24,3.4988975524902344,52.0,52.5,7.787
1765479466.2125773,99,30,21,42,24,3.4988975524902344,52.0,52.5,7.787
1765479466.4142873,13,24,12,19,16,3.4989547729492188,51.0,52.5,5.846
1765479466.6159978,13,24,12,19,16,3.4989547729492188,51.0,52.5,5.846
1765479466.8176827,13,24,12,19,16,3.4989547729492188,51.0,52.5,5.846
1765479467.0207329,99,42,42,33,21,3.4991493225097656,52.0,52.0,6.551
1765479467.2218378,99,42,42,33,21,3.4991493225097656,52.0,52.0,6.551
1765479467.424645,99,35,19,35,20,3.4990692138671875,51.5,52.5,6.54
1765479467.6261504,99,35,19,35,20,3.4990692138671875,51.5,52.5,6.54
1765479467.8272364,99,35,19,35,20,3.4990692138671875,51.5,52.5,6.54
1765479468.0292675,99,62,20,26,28,3.5004348754882812,52.0,53.0,7.707
1765479468.2326105,99,62,20,26,28,3.5004348754882812,52.0,53.0,7.707
1765479468.434614,98,21,13,17,18,3.4998931884765625,51.5,52.0,6.279
1765479468.6359107,98,21,13,17,18,3.4998931884765625,51.5,52.0,6.279
1765479468.837876,98,21,13,17,18,3.4998931884765625,51.5,52.0,6.279
1765479469.041292,99,32,68,29,18,3.5004310607910156,51.5,52.5,7.428
1765479469.2434285,99,32,68,29,18,3.5004310607910156,51.5,52.5,7.428
1765479469.4453502,99,22,21,24,28,3.5001754760742188,51.5,52.0,7.4
1765479469.6477382,99,22,21,24,28,3.5001754760742188,51.5,52.0,7.4
1765479469.8496554,99,22,21,24,28,3.5001754760742188,51.5,52.0,7.4
1765479470.060891,99,30,36,27,41,3.5012741088867188,51.5,52.5,7.587
1765479470.2633796,99,30,36,27,41,3.5012741088867188,51.5,52.5,7.587
1765479470.465611,99,30,26,23,16,3.500873565673828,51.5,52.0,6.931
1765479470.667139,99,30,26,23,16,3.500873565673828,51.5,52.0,6.931
1765479470.8692474,99,30,26,23,16,3.500873565673828,51.5,52.0,6.931
1765479471.0705433,0,29,35,27,33,3.5009613037109375,51.0,52.5,4.658
1765479471.271619,0,29,35,27,33,3.5009613037109375,51.0,52.5,4.658
1765479471.4731724,99,30,28,22,58,3.501953125,51.5,52.5,7.24
1765479471.6752021,99,30,28,22,58,3.501953125,51.5,52.5,7.24
1765479471.8765614,99,30,28,22,58,3.501953125,51.5,52.5,7.24
1765479472.0777924,99,18,24,19,23,3.501079559326172,51.5,52.0,6.47
1765479472.2790303,99,18,24,19,23,3.501079559326172,51.5,52.0,6.47
1765479472.480333,99,40,56,30,22,3.501667022705078,52.0,52.0,6.931
1765479472.6823533,99,40,56,30,22,3.501667022705078,52.0,52.0,6.931
1765479472.8838015,99,40,56,30,22,3.501667022705078,52.0,52.0,6.931
1765479473.086762,99,27,30,21,26,3.5019989013671875,51.5,52.0,5.33
1765479473.2887766,99,27,30,21,26,3.5019989013671875,51.5,52.0,5.33
1765479473.490097,99,40,69,28,20,3.5023040771484375,52.0,53.5,8.544
1765479473.6918817,99,40,69,28,20,3.5023040771484375,52.0,53.5,8.544
1765479473.895777,99,40,69,28,20,3.5023040771484375,52.0,53.5,8.544
1765479474.0984082,99,25,13,15,19,3.5016708374023438,52.0,52.0,6.661
1765479474.2998433,99,25,13,15,19,3.5016708374023438,52.0,52.0,6.661
1765479474.5009086,99,34,50,30,32,3.5016708374023438,51.5,52.5,7.28
1765479474.7028167,99,34,50,30,32,3.5016708374023438,51.5,52.5,7.28
1765479474.904225,99,34,50,30,32,3.5016708374023438,51.5,52.5,7.28
1765479475.1074595,99,24,32,18,22,3.502857208251953,52.0,52.5,7.091
1765479475.3092663,99,24,32,18,22,3.502857208251953,52.0,52.5,7.091
1765479475.5150898,99,24,32,18,22,3.502857208251953,52.0,52.5,7.091
1765479475.7167091,78,31,30,20,28,3.50335693359375,51.0,54.0,5.927
1765479475.9189353,78,31,30,20,28,3.50335693359375,51.0,54.0,5.927
1765479476.1223037,99,29,22,46,26,3.5032081604003906,51.5,52.5,7.011
1765479476.3236852,99,29,22,46,26,3.5032081604003906,51.5,52.5,7.011
1765479476.524802,99,29,22,46,26,3.5032081604003906,51.5,52.5,7.011
1765479476.726039,99,28,35,22,18,3.5033912658691406,52.0,52.0,6.58
1765479476.9270704,99,28,35,22,18,3.5033912658691406,52.0,52.0,6.58
1765479477.1287162,99,64,27,25,30,3.5037269592285156,52.0,53.0,7.747
1765479477.3318536,99,64,27,25,30,3.5037269592285156,52.0,53.0,7.747
1765479477.5332704,99,64,27,25,30,3.5037269592285156,52.0,53.0,7.747
1765479477.734694,99,26,20,18,10,3.5034713745117188,51.5,52.0,5.613
1765479477.935894,99,26,20,18,10,3.5034713745117188,51.5,52.0,5.613
1765479478.1375713,99,62,33,28,34,3.504425048828125,52.0,53.0,7.707
1765479478.3390415,99,62,33,28,34,3.504425048828125,52.0,53.0,7.707
1765479478.5402815,99,62,33,28,34,3.504425048828125,52.0,53.0,7.707
1765479478.7425435,99,26,28,20,18,3.504619598388672,52.0,52.5,6.591
1765479478.9440103,99,26,28,20,18,3.504619598388672,52.0,52.5,6.591
1765479479.14513,99,53,25,40,26,3.5054168701171875,52.0,53.0,8.2
1765479479.347411,99,53,25,40,26,3.5054168701171875,52.0,53.0,8.2
1765479479.5498352,99,53,25,40,26,3.5054168701171875,52.0,53.0,8.2
1765479479.7514143,99,22,17,18,16,3.504039764404297,52.0,52.0,7.2
1765479479.9524915,99,22,17,18,16,3.504039764404297,52.0,52.0,7.2
1765479480.1536863,99,43,37,35,29,3.504680633544922,51.5,53.0,7.32
1765479480.3550096,99,43,37,35,29,3.504680633544922,51.5,53.0,7.32
1765479480.5565355,99,43,37,35,29,3.504680633544922,51.5,53.0,7.32
1765479480.759019,98,46,23,26,12,3.5047035217285156,52.0,52.5,7.52
1765479480.9605129,98,46,23,26,12,3.5047035217285156,52.0,52.5,7.52
1765479481.1621606,0,25,28,17,19,3.5055618286132812,51.0,52.5,5.532
1765479481.3648953,0,25,28,17,19,3.5055618286132812,51.0,52.5,5.532
1765479481.5681295,0,25,28,17,19,3.5055618286132812,51.0,52.5,5.532
1765479481.7697902,99,55,33,31,24,3.5058250427246094,52.0,52.5,6.551
1765479481.9713426,99,55,33,31,24,3.5058250427246094,52.0,52.5,6.551
1765479482.1728656,99,28,31,26,18,3.5055389404296875,51.5,52.5,6.31
1765479482.3753126,99,28,31,26,18,3.5055389404296875,51.5,52.5,6.31
1765479482.5767813,99,28,31,26,18,3.5055389404296875,51.5,52.5,6.31
1765479482.7791169,99,62,28,27,28,3.5061874389648438,52.0,53.0,7.468
1765479482.9808156,99,62,28,27,28,3.5061874389648438,52.0,53.0,7.468
1765479483.1820688,99,14,22,19,16,3.506084442138672,51.5,52.0,5.339
1765479483.3882492,99,14,22,19,16,3.506084442138672,51.5,52.0,5.339
1765479483.5895343,99,14,22,19,16,3.506084442138672,51.5,52.0,5.339
1765479483.7912123,98,66,33,36,34,3.5058631896972656,52.0,53.0,7.36
1765479483.9927742,98,66,33,36,34,3.5058631896972656,52.0,53.0,7.36
1765479484.1941948,99,25,16,20,18,3.506542205810547,52.0,52.5,6.902
1765479484.395199,99,25,16,20,18,3.506542205810547,52.0,52.5,6.902
1765479484.5964165,99,25,16,20,18,3.506542205810547,52.0,52.5,6.902
1765479484.797462,99,34,43,36,34,3.5075035095214844,52.0,53.5,7.775
1765479484.9996083,99,34,43,36,34,3.5075035095214844,52.0,53.5,7.775
1765479485.2012122,99,28,36,14,16,3.506824493408203,52.0,53.0,6.971
1765479485.4023557,99,28,36,14,16,3.506824493408203,52.0,53.0,6.971
1765479485.6038349,99,28,36,14,16,3.506824493408203,52.0,53.0,6.971
1765479485.805136,99,29,38,32,30,3.5069580078125,51.5,53.5,6.741
1765479486.0064008,99,29,38,32,30,3.5069580078125,51.5,53.5,6.741
1765479486.2076542,99,29,38,32,30,3.5069580078125,51.5,53.5,6.741
1765479486.410615,99,51,19,18,21,3.5076370239257812,52.0,52.5,7.2
1765479486.611988,99,51,19,18,21,3.5076370239257812,52.0,52.5,7.2
1765479486.8143427,99,15,22,23,28,3.5081863403320312,52.0,52.5,7.2
1765479487.0154119,99,15,22,23,28,3.5081863403320312,52.0,52.5,7.2
1765479487.2164955,99,15,22,23,28,3.5081863403320312,52.0,52.5,7.2
1765479487.4177127,99,23,30,26,57,3.50836181640625,52.0,53.0,7.011
1765479487.6201718,99,23,30,26,57,3.50836181640625,52.0,53.0,7.011
1765479487.8218756,0,38,24,22,19,3.509002685546875,51.0,54.0,4.658
1765479488.0266542,0,38,24,22,19,3.509002685546875,51.0,54.0,4.658
1765479488.2307832,0,38,24,22,19,3.509002685546875,51.0,54.0,4.658
1765479488.4330807,99,64,34,29,22,3.5090789794921875,52.0,53.0,7.854
1765479488.636418,99,64,34,29,22,3.5090789794921875,52.0,53.0,7.854
1765479488.8381433,98,18,21,18,15,3.509937286376953,52.0,52.5,6.701
1765479489.039129,98,18,21,18,15,3.509937286376953,52.0,52.5,6.701
1765479489.240192,98,18,21,18,15,3.509937286376953,52.0,52.5,6.701
1765479489.4420085,99,32,70,30,28,3.5087242126464844,52.0,53.0,7.854
1765479489.643354,99,32,70,30,28,3.5087242126464844,52.0,53.0,7.854
1765479489.8454158,99,25,23,23,21,3.509540557861328,52.5,52.5,7.011
1765479490.0475745,99,25,23,23,21,3.509540557861328,52.5,52.5,7.011
1765479490.2488132,99,25,23,23,21,3.509540557861328,52.5,52.5,7.011
1765479490.4502347,99,31,31,42,25,3.5097618103027344,52.0,53.5,7.775
1765479490.6532292,99,31,31,42,25,3.5097618103027344,52.0,53.5,7.775
1765479490.8552816,99,33,24,26,22,3.509387969970703,52.5,52.5,7.211
1765479491.0563574,99,33,24,26,22,3.509387969970703,52.5,52.5,7.211
1765479491.2575035,99,33,24,26,22,3.509387969970703,52.5,52.5,7.211
1765479491.4589283,41,34,26,26,37,3.509197235107422,51.5,53.0,6.038
1765479491.6601255,41,34,26,26,37,3.509197235107422,51.5,53.0,6.038
1765479491.8615217,99,50,22,18,18,3.5097312927246094,52.5,52.5,7.12
1765479492.0646124,99,50,22,18,18,3.5097312927246094,52.5,52.5,7.12
1765479492.2664862,99,50,22,18,18,3.5097312927246094,52.5,52.5,7.12
1765479492.467653,99,19,24,24,28,3.510303497314453,52.0,52.5,7.2
1765479492.670837,99,19,24,24,28,3.510303497314453,52.0,52.5,7.2
1765479492.8728058,99,58,26,22,25,3.5103187561035156,52.0,52.5,6.701
1765479493.074161,99,58,26,22,25,3.5103187561035156,52.0,52.5,6.701
1765479493.2778468,99,58,26,22,25,3.5103187561035156,52.0,52.5,6.701
1765479493.4805872,19,18,28,32,22,3.5103721618652344,51.5,53.0,4.658
1765479493.6822464,19,18,28,32,22,3.5103721618652344,51.5,53.0,4.658
1765479493.8833752,99,60,37,32,31,3.5112762451171875,52.5,53.0,8.28
1765479494.0852485,99,60,37,32,31,3.5112762451171875,52.5,53.0,8.28
1765479494.2871559,99,60,37,32,31,3.5112762451171875,52.5,53.0,8.28
1765479494.488512,98,22,16,18,13,3.511333465576172,52.0,52.5,6.58
1765479494.6900442,98,22,16,18,13,3.511333465576172,52.0,52.5,6.58
1765479494.8912437,98,64,21,38,28,3.5103759765625,52.0,54.0,7.36
1765479495.0925982,98,64,21,38,28,3.5103759765625,52.0,54.0,7.36
1765479495.2948585,98,64,21,38,28,3.5103759765625,52.0,54.0,7.36
1765479495.4965467,99,32,29,20,21,3.511333465576172,52.5,52.5,6.621
1765479495.698788,99,32,29,20,21,3.511333465576172,52.5,52.5,6.621
1765479495.9005113,99,32,33,36,30,3.5126380920410156,52.0,53.5,7.091
1765479496.102096,99,32,33,36,30,3.5126380920410156,52.0,53.5,7.091
1765479496.3036177,99,32,33,36,30,3.5126380920410156,52.0,53.5,7.091
1765479496.5049822,99,47,20,16,20,3.5116729736328125,52.5,52.5,7.44
1765479496.7061884,99,47,20,16,20,3.5116729736328125,52.5,52.5,7.44
1765479496.908034,99,47,20,16,20,3.5116729736328125,52.5,52.5,7.44
1765479497.109023,99,20,25,24,30,3.5118026733398438,52.0,52.0,5.967
1765479497.3101661,99,20,25,24,30,3.5118026733398438,52.0,52.0,5.967
1765479497.5111938,99,29,25,20,61,3.512065887451172,52.0,52.5,6.821
1765479497.7142906,99,29,25,20,61,3.512065887451172,52.0,52.5,6.821
1765479497.9157107,99,29,25,20,61,3.512065887451172,52.0,52.5,6.821
1765479498.116741,99,23,20,33,25,3.5132598876953125,52.0,53.0,6.971
1765479498.3178153,99,23,20,33,25,3.5132598876953125,52.0,53.0,6.971
1765479498.5193348,99,24,20,58,21,3.5124893188476562,52.0,52.5,6.971
1765479498.7207112,99,24,20,58,21,3.5124893188476562,52.0,52.5,6.971
1765479498.9230573,99,24,20,58,21,3.5124893188476562,52.0,52.5,6.971
1765479499.1250846,99,24,24,22,22,3.5129623413085938,52.0,52.5,5.339
1765479499.3268075,99,24,24,22,22,3.5129623413085938,52.0,52.5,5.339
1765479499.5283403,99,58,38,32,45,3.505462646484375,52.5,53.5,8.24
1765479499.7304783,99,58,38,32,45,3.505462646484375,52.5,53.5,8.24
1765479499.9338167,99,58,38,32,45,3.505462646484375,52.5,53.5,8.24
1765479500.135712,99,20,25,17,12,3.504901885986328,52.5,53.0,6.821
1765479500.3403354,99,20,25,17,12,3.504901885986328,52.5,53.0,6.821
1765479500.5417106,99,54,30,28,32,3.5053443908691406,52.5,54.0,7.2
1765479500.746533,99,54,30,28,32,3.5053443908691406,52.5,54.0,7.2
1765479500.9487085,99,54,30,28,32,3.5053443908691406,52.5,54.0,7.2
1765479501.151815,99,22,32,26,20,3.5056495666503906,52.5,52.5,6.891
1765479501.3536365,99,22,32,26,20,3.5056495666503906,52.5,52.5,6.891
1765479501.555158,99,30,36,34,28,3.5065879821777344,52.0,54.0,7.051
1765479501.757646,99,30,36,34,28,3.5065879821777344,52.0,54.0,7.051
1765479501.9605188,99,30,36,34,28,3.5065879821777344,52.0,54.0,7.051
1765479502.1624217,99,22,27,22,40,3.506053924560547,52.5,52.5,7.131
1765479502.363501,99,22,27,22,40,3.506053924560547,52.5,52.5,7.131
1765479502.564694,99,30,18,20,25,3.505950927734375,52.0,52.5,6.551
1765479502.7660146,99,30,18,20,25,3.505950927734375,52.0,52.5,6.551
1765479502.967443,99,30,18,20,25,3.505950927734375,52.0,52.5,6.551
1765479503.1687393,99,27,27,20,58,3.5070648193359375,52.5,53.0,6.781
1765479503.37101,99,27,27,20,58,3.5070648193359375,52.5,53.0,6.781
1765479503.5725093,99,31,29,18,30,3.5069656372070312,51.5,53.5,6.47
1765479503.7735202,99,31,29,18,30,3.5069656372070312,51.5,53.5,6.47
1765479503.9747715,99,31,29,18,30,3.5069656372070312,51.5,53.5,6.47
1765479504.175763,99,25,61,19,22,3.50665283203125,52.5,53.0,7.051
1765479504.376792,99,25,61,19,22,3.50665283203125,52.5,53.0,7.051
1765479504.5778227,99,25,61,19,22,3.50665283203125,52.5,53.0,7.051
1765479504.7800682,99,25,27,30,12,3.5070343017578125,52.5,52.5,6.199
1765479504.9816766,99,25,27,30,12,3.5070343017578125,52.5,52.5,6.199
1765479505.1833231,99,41,54,28,43,3.509319305419922,52.0,53.5,7.468
1765479505.3851154,99,41,54,28,43,3.509319305419922,52.0,53.5,7.468
1765479505.5865173,99,41,54,28,43,3.509319305419922,52.0,53.5,7.468
1765479505.788345,98,25,8,24,16,3.5092124938964844,52.5,52.5,7.091
1765479505.9905484,98,25,8,24,16,3.5092124938964844,52.5,52.5,7.091
1765479506.1919599,99,37,32,26,36,3.509166717529297,52.0,54.5,6.741
1765479506.3935144,99,37,32,26,36,3.509166717529297,52.0,54.5,6.741
1765479506.5956557,99,37,32,26,36,3.509166717529297,52.0,54.5,6.741
1765479506.7976239,99,52,21,22,23,3.509521484375,52.5,52.5,6.971
1765479507.0000386,99,52,21,22,23,3.509521484375,52.5,52.5,6.971
1765479507.2011595,99,28,32,20,36,3.5103073120117188,52.5,53.5,7.468
1765479507.4025836,99,28,32,20,36,3.5103073120117188,52.5,53.5,7.468
1765479507.6047347,99,28,32,20,36,3.5103073120117188,52.5,53.5,7.468
1765479507.8063931,99,53,18,18,16,3.5096359252929688,52.0,53.0,6.861
1765479508.0080578,99,53,18,18,16,3.5096359252929688,52.0,53.0,6.861
1765479508.2169561,52,29,33,32,28,3.510509490966797,52.0,54.5,5.564
1765479508.4183586,52,29,33,32,28,3.510509490966797,52.0,54.5,5.564
1765479508.6198978,52,29,33,32,28,3.510509490966797,52.0,54.5,5.564
1765479508.822186,99,50,31,28,48,3.5105857849121094,52.5,52.5,7.507
1765479509.0256176,99,50,31,28,48,3.5105857849121094,52.5,52.5,7.507
1765479509.2273054,99,30,18,20,16,3.5114402770996094,52.0,52.5,6.931
1765479509.428433,99,30,18,20,16,3.5114402770996094,52.0,52.5,6.931
1765479509.6296895,99,30,18,20,16,3.5114402770996094,52.0,52.5,6.931
1765479509.8310895,99,61,32,24,23,3.511505126953125,52.5,54.5,7.32
1765479510.0333297,99,61,32,24,23,3.511505126953125,52.5,54.5,7.32
1765479510.2363877,99,30,24,22,32,3.509014129638672,52.5,53.0,7.171
1765479510.438443,99,30,24,22,32,3.509014129638672,52.5,53.0,7.171
1765479510.639933,99,30,24,22,32,3.509014129638672,52.5,53.0,7.171
1765479510.841045,99,42,31,46,36,3.5085525512695312,52.0,54.0,7.011
1765479511.0429163,99,42,31,46,36,3.5085525512695312,52.0,54.0,7.011
1765479511.2444453,99,10,42,13,16,3.5087738037109375,52.5,53.0,7.011
1765479511.4461813,99,10,42,13,16,3.5087738037109375,52.5,53.0,7.011
1765479511.6479008,99,10,42,13,16,3.5087738037109375,52.5,53.0,7.011
1765479511.8491075,99,28,16,26,29,3.507720947265625,52.0,52.5,6.58
1765479512.050403,99,28,16,26,29,3.507720947265625,52.0,52.5,6.58
1765479512.2519507,99,36,29,29,55,3.5084762573242188,52.5,53.0,7.2
1765479512.4550512,99,36,29,29,55,3.5084762573242188,52.5,53.0,7.2
1765479512.6566894,99,36,29,29,55,3.5084762573242188,52.5,53.0,7.2
1765479512.8579535,99,28,31,24,22,3.5088768005371094,52.5,53.5,6.621
1765479513.0591502,99,28,31,24,22,3.5088768005371094,52.5,53.5,6.621
1765479513.260719,99,62,20,21,22,3.5090103149414062,52.5,53.0,7.32
1765479513.462154,99,62,20,21,22,3.5090103149414062,52.5,53.0,7.32
1765479513.664847,99,62,20,21,22,3.5090103149414062,52.5,53.0,7.32
1765479513.8667903,99,31,16,25,16,3.5094566345214844,52.5,52.5,6.54
1765479514.068089,99,31,16,25,16,3.5094566345214844,52.5,52.5,6.54
1765479514.2691576,99,34,43,45,28,3.5100479125976562,52.5,53.0,7.787
1765479514.4722455,99,34,43,45,28,3.5100479125976562,52.5,53.0,7.787
1765479514.6735654,99,34,43,45,28,3.5100479125976562,52.5,53.0,7.787
1765479514.8747687,99,20,18,21,18,3.510662078857422,53.0,52.5,7.707
1765479515.0768979,99,20,18,21,18,3.510662078857422,53.0,52.5,7.707
1765479515.2785895,99,46,37,26,34,3.5100479125976562,52.5,54.0,7.4
1765479515.4796348,99,46,37,26,34,3.5100479125976562,52.5,54.0,7.4
1765479515.6817822,99,46,37,26,34,3.5100479125976562,52.5,54.0,7.4
1765479515.8844826,99,37,24,20,14,3.510417938232422,52.5,52.5,7.051
1765479516.0877128,99,37,24,20,14,3.510417938232422,52.5,52.5,7.051
1765479516.2888372,0,35,31,27,37,3.5109596252441406,52.0,53.0,5.29
1765479516.490183,0,35,31,27,37,3.5109596252441406,52.0,53.0,5.29
1765479516.6928506,0,35,31,27,37,3.5109596252441406,52.0,53.0,5.29
1765479516.8947554,99,20,53,16,19,3.5108718872070312,52.5,52.5,6.85
1765479517.0972424,99,20,53,16,19,3.5108718872070312,52.5,52.5,6.85
1765479517.2989151,99,20,53,16,19,3.5108718872070312,52.5,52.5,6.85
1765479517.501332,99,25,25,30,20,3.510723114013672,52.0,53.0,6.701
1765479517.7028306,99,25,25,30,20,3.510723114013672,52.0,53.0,6.701
1765479517.9050498,99,36,58,29,28,3.512012481689453,52.5,53.0,7.011
1765479518.1078722,99,36,58,29,28,3.512012481689453,52.5,53.0,7.011
1765479518.3093104,99,36,58,29,28,3.512012481689453,52.5,53.0,7.011
1765479518.5103395,81,25,18,22,23,3.5125389099121094,52.5,53.0,5.694
1765479518.7115855,81,25,18,22,23,3.5125389099121094,52.5,53.0,5.694
1765479518.9127262,99,26,24,22,57,3.5113258361816406,53.0,53.0,7.667
1765479519.1145055,99,26,24,22,57,3.5113258361816406,53.0,53.0,7.667
1765479519.3178132,99,26,24,22,57,3.5113258361816406,53.0,53.0,7.667
1765479519.5204244,99,28,26,23,18,3.512256622314453,52.5,53.0,6.551
1765479519.7219648,99,28,26,23,18,3.512256622314453,52.5,53.0,6.551
1765479519.9236617,99,34,35,36,56,3.512481689453125,52.5,53.0,7.44
1765479520.1258152,99,34,35,36,56,3.512481689453125,52.5,53.0,7.44
1765479520.327478,99,34,35,36,56,3.512481689453125,52.5,53.0,7.44
1765479520.5293872,99,25,18,18,22,3.5134239196777344,52.5,53.0,7.211
1765479520.732272,99,25,18,18,22,3.5134239196777344,52.5,53.0,7.211
1765479520.933554,99,30,25,32,35,3.5133628845214844,52.0,53.5,6.078
1765479521.1356232,99,30,25,32,35,3.5133628845214844,52.0,53.5,6.078
1765479521.338805,99,30,25,32,35,3.5133628845214844,52.0,53.5,6.078
1765479521.5425534,99,28,50,20,32,3.497753143310547,52.5,53.0,6.971
1765479521.7441993,99,28,50,20,32,3.497753143310547,52.5,53.0,6.971
1765479521.9451835,99,32,32,27,22,3.497638702392578,52.5,54.0,7.547
1765479522.1465259,99,32,32,27,22,3.497638702392578,52.5,54.0,7.547
1765479522.348157,99,32,32,27,22,3.497638702392578,52.5,54.0,7.547
1765479522.5494487,99,21,55,21,19,3.4980201721191406,52.5,53.0,6.781
1765479522.7504885,99,21,55,21,19,3.4980201721191406,52.5,53.0,6.781
1765479522.9518077,12,24,22,20,25,3.498638153076172,52.0,54.5,5.056
1765479523.152983,12,24,22,20,25,3.498638153076172,52.0,54.5,5.056
1765479523.354424,12,24,22,20,25,3.498638153076172,52.0,54.5,5.056
1765479523.5572507,99,60,34,30,41,3.498607635498047,52.5,53.0,7.587
1765479523.7605276,99,60,34,30,41,3.498607635498047,52.5,53.0,7.587
1765479523.9635103,98,21,28,18,26,3.499603271484375,52.5,53.5,7.011
1765479524.166721,98,21,28,18,26,3.499603271484375,52.5,53.5,7.011
1765479524.3684702,98,21,28,18,26,3.499603271484375,52.5,53.5,7.011
1765479524.5696487,99,28,55,25,21,3.4988174438476562,52.5,53.5,7.32
1765479524.7720242,99,28,55,25,21,3.4988174438476562,52.5,53.5,7.32
1765479524.9743724,99,27,30,26,20,3.499645233154297,52.5,53.0,6.621
1765479525.1756446,99,27,30,26,20,3.499645233154297,52.5,53.0,6.621
1765479525.377022,99,27,30,26,20,3.499645233154297,52.5,53.0,6.621
1765479525.578311,99,30,32,32,47,3.5001373291015625,52.5,54.5,6.942
1765479525.7812862,99,30,32,32,47,3.5001373291015625,52.5,54.5,6.942
1765479525.9826832,99,14,19,14,38,3.5003890991210938,52.5,53.0,7.587
1765479526.1846144,99,14,19,14,38,3.5003890991210938,52.5,53.0,7.587
1765479526.3871696,99,14,19,14,38,3.5003890991210938,52.5,53.0,7.587
1765479526.58867,99,24,17,23,22,3.5,52.5,53.0,5.806
1765479526.7898254,99,24,17,23,22,3.5,52.5,53.0,5.806
1765479526.9913566,99,42,30,30,55,3.500354766845703,53.0,53.0,6.701
1765479527.1936822,99,42,30,30,55,3.500354766845703,53.0,53.0,6.701
1765479527.3951535,99,42,30,30,55,3.500354766845703,53.0,53.0,6.701
1765479527.5967789,99,29,31,30,29,3.5014915466308594,52.5,54.0,6.931
1765479527.7980032,99,29,31,30,29,3.5014915466308594,52.5,54.0,6.931
1765479527.9989698,99,29,18,59,19,3.5022850036621094,53.0,53.0,7.587
1765479528.2013168,99,29,18,59,19,3.5022850036621094,53.0,53.0,7.587
1765479528.403148,99,29,18,59,19,3.5022850036621094,53.0,53.0,7.587
1765479528.604633,99,20,25,19,29,3.502605438232422,53.0,53.0,6.551
1765479528.8067684,99,20,25,19,29,3.502605438232422,53.0,53.0,6.551
1765479529.0078802,99,20,25,19,29,3.502605438232422,53.0,53.0,6.551
1765479529.210318,99,34,32,36,56,3.5027198791503906,53.0,53.5,7.854
1765479529.4119735,99,34,32,36,56,3.5027198791503906,53.0,53.5,7.854
1765479529.6133254,99,20,21,18,18,3.5035934448242188,53.0,53.5,7.587
1765479529.8146436,99,20,21,18,18,3.5035934448242188,53.0,53.5,7.587
1765479530.0158818,99,20,21,18,18,3.5035934448242188,53.0,53.5,7.587
1765479530.2170916,99,32,41,24,27,3.503063201904297,52.5,53.0,7.171
1765479530.4214728,99,32,41,24,27,3.503063201904297,52.5,53.0,7.171
1765479530.6244423,98,28,41,31,16,3.5035476684570312,53.0,53.0,7.051
1765479530.8261313,98,28,41,31,16,3.5035476684570312,53.0,53.0,7.051
1765479531.027272,98,28,41,31,16,3.5035476684570312,53.0,53.0,7.051
1765479531.228364,0,36,31,31,25,3.503429412841797,52.5,53.0,5.532
1765479531.430406,0,36,31,31,25,3.503429412841797,52.5,53.0,5.532
1765479531.632053,99,16,24,54,18,3.504505157470703,53.0,53.5,7.547
1765479531.835088,99,16,24,54,18,3.504505157470703,53.0,53.5,7.547
1765479532.0369887,99,16,24,54,18,3.504505157470703,53.0,53.5,7.547
1765479532.2383685,99,33,28,21,18,3.5039291381835938,53.0,53.0,6.781
1765479532.4406383,99,33,28,21,18,3.5039291381835938,53.0,53.0,6.781
1765479532.642792,99,57,35,25,35,3.504383087158203,53.0,53.5,6.741
1765479532.8464558,99,57,35,25,35,3.504383087158203,53.0,53.5,6.741
1765479533.049743,99,57,35,25,35,3.504383087158203,53.0,53.5,6.741
1765479533.2508183,0,32,28,20,27,3.504901885986328,52.5,55.0,5.371
1765479533.4518237,0,32,28,20,27,3.504901885986328,52.5,55.0,5.371
1765479533.6529913,99,26,22,23,58,3.505596160888672,53.0,54.0,7.627
1765479533.855084,99,26,22,23,58,3.505596160888672,53.0,54.0,7.627
1765479534.0569544,99,26,22,23,58,3.505596160888672,53.0,54.0,7.627
1765479534.2584734,99,30,22,18,25,3.5051956176757812,53.0,53.5,6.701
1765479534.4597623,99,30,22,18,25,3.5051956176757812,53.0,53.5,6.701
1765479534.660984,99,44,53,28,21,3.50537109375,53.0,54.0,7.44
1765479534.8631253,99,44,53,28,21,3.50537109375,53.0,54.0,7.44
1765479535.064776,99,44,53,28,21,3.50537109375,53.0,54.0,7.44
1765479535.2665894,99,28,22,20,17,3.5063095092773438,53.0,54.0,7.4
1765479535.4704115,99,28,22,20,17,3.5063095092773438,53.0,54.0,7.4
1765479535.6720965,99,32,38,28,23,3.5056800842285156,53.0,54.0,7.011
1765479535.873174,99,32,38,28,23,3.5056800842285156,53.0,54.0,7.011
1765479536.0753815,99,32,38,28,23,3.5056800842285156,53.0,54.0,7.011
1765479536.278112,99,24,43,21,16,3.5060081481933594,53.0,53.0,6.891
1765479536.4798205,99,24,43,21,16,3.5060081481933594,53.0,53.0,6.891
1765479536.6811635,25,34,31,31,22,3.5064125061035156,53.0,53.5,5.846
1765479536.8833675,25,34,31,31,22,3.5064125061035156,53.0,53.5,5.846
1765479537.0865407,25,34,31,31,22,3.5064125061035156,53.0,53.5,5.846
1765479537.2879424,99,20,54,8,16,3.5067214965820312,53.0,53.5,7.051
1765479537.489567,99,20,54,8,16,3.5067214965820312,53.0,53.5,7.051
1765479537.6914642,99,32,29,21,20,3.5062713623046875,53.0,53.5,6.46
1765479537.8927853,99,32,29,21,20,3.5062713623046875,53.0,53.5,6.46
1765479538.0941308,99,32,29,21,20,3.5062713623046875,53.0,53.5,6.46
1765479538.2962017,99,33,32,42,54,3.506580352783203,53.0,53.5,7.051
1765479538.498039,99,33,32,42,54,3.506580352783203,53.0,53.5,7.051
1765479538.69907,99,24,25,26,26,3.507854461669922,53.0,53.5,5.685
1765479538.9001782,99,24,25,26,26,3.507854461669922,53.0,53.5,5.685
1765479539.1012309,99,24,25,26,26,3.507854461669922,53.0,53.5,5.685
1765479539.3023386,98,28,18,20,58,3.5068702697753906,53.5,53.5,7.32
1765479539.5040338,98,28,18,20,58,3.5068702697753906,53.5,53.5,7.32
1765479539.7053845,99,25,32,18,27,3.507366180419922,53.0,54.0,7.28
1765479539.906657,99,25,32,18,27,3.507366180419922,53.0,54.0,7.28
1765479540.107783,99,25,32,18,27,3.507366180419922,53.0,54.0,7.28
1765479540.3090146,99,34,27,55,35,3.5078353881835938,53.0,54.0,7.16
1765479540.5135944,99,34,27,55,35,3.5078353881835938,53.0,54.0,7.16
1765479540.7147229,99,19,20,41,22,3.5089187622070312,53.0,54.0,7.854
1765479540.9165978,99,19,20,41,22,3.5089187622070312,53.0,54.0,7.854
1765479541.119149,99,19,20,41,22,3.5089187622070312,53.0,54.0,7.854
1765479541.3205533,61,26,24,28,26,3.5078811645507812,52.5,54.0,5.877
1765479541.5215044,61,26,24,28,26,3.5078811645507812,52.5,54.0,5.877
1765479541.722772,61,26,24,28,26,3.5078811645507812,52.5,54.0,5.877
1765479541.9246576,99,30,41,40,26,3.5083084106445312,53.0,53.0,7.051
1765479542.1263447,99,30,41,40,26,3.5083084106445312,53.0,53.0,7.051
1765479542.3278162,99,30,36,23,20,3.5080718994140625,53.0,54.0,7.091
1765479542.528948,99,30,36,23,20,3.5080718994140625,53.0,54.0,7.091
1765479542.7301917,99,30,36,23,20,3.5080718994140625,53.0,54.0,7.091
1765479542.9315066,99,25,60,20,22,3.5094337463378906,53.5,53.5,7.24
1765479543.1343756,99,25,60,20,22,3.5094337463378906,53.5,53.5,7.24
1765479543.3362043,0,32,23,21,18,3.508899688720703,52.5,54.0,4.658
1765479543.5374942,0,32,23,21,18,3.508899688720703,52.5,54.0,4.658
1765479543.7392342,0,32,23,21,18,3.508899688720703,52.5,54.0,4.658
1765479543.9420922,99,36,56,33,27,3.5092544555664062,53.0,53.5,7.24
1765479544.143774,99,36,56,33,27,3.5092544555664062,53.0,53.5,7.24
1765479544.3448126,98,29,25,30,14,3.5094528198242188,53.0,54.0,7.32
1765479544.5460794,98,29,25,30,14,3.5094528198242188,53.0,54.0,7.32
1765479544.7470694,98,29,25,30,14,3.5094528198242188,53.0,54.0,7.32
1765479544.9480839,99,19,56,27,28,3.5086517333984375,53.0,54.0,7.627
1765479545.1491616,99,19,56,27,28,3.5086517333984375,53.0,54.0,7.627
1765479545.3507023,99,30,21,27,23,3.5094757080078125,53.0,53.5,6.85
1765479545.5520108,99,30,21,27,23,3.5094757080078125,53.0,53.5,6.85
1765479545.753108,99,30,21,27,23,3.5094757080078125,53.0,53.5,6.85
1765479545.9545002,99,30,53,32,26,3.5092849731445312,53.0,54.0,7.4
1765479546.1564891,99,30,53,32,26,3.5092849731445312,53.0,54.0,7.4
1765479546.3586686,98,20,28,25,18,3.510173797607422,53.5,54.5,7.707
1765479546.5606747,98,20,28,25,18,3.510173797607422,53.5,54.5,7.707
1765479546.7639372,98,20,28,25,18,3.510173797607422,53.5,54.5,7.707
1765479546.965473,0,24,23,23,23,3.509777069091797,52.5,53.5,4.739
1765479547.1664653,0,24,23,23,23,3.509777069091797,52.5,53.5,4.739
1765479547.3678396,99,28,45,42,25,3.5100364685058594,53.0,53.5,6.701
1765479547.5703344,99,28,45,42,25,3.5100364685058594,53.0,53.5,6.701
1765479547.7718995,99,28,45,42,25,3.5100364685058594,53.0,53.5,6.701
1765479547.9733014,99,34,31,28,24,3.5102005004882812,53.0,54.0,6.701
1765479548.1745355,99,34,31,28,24,3.5102005004882812,53.0,54.0,6.701
1765479548.3756092,99,58,21,14,17,3.51092529296875,53.0,53.5,7.2
1765479548.5769243,99,58,21,14,17,3.51092529296875,53.0,53.5,7.2
1765479548.7801113,99,58,21,14,17,3.51092529296875,53.0,53.5,7.2
1765479548.982905,99,26,26,23,19,3.5107650756835938,53.0,53.5,5.33
1765479549.1845236,99,26,26,23,19,3.5107650756835938,53.0,53.5,5.33
1765479549.385881,99,29,38,58,32,3.5119972229003906,53.5,54.5,7.468
1765479549.5888057,99,29,38,58,32,3.5119972229003906,53.5,54.5,7.468
1765479549.790759,99,29,38,58,32,3.5119972229003906,53.5,54.5,7.468
1765479549.996931,99,28,25,19,25,3.5123367309570312,53.5,54.5,7.747
1765479550.1981032,99,28,25,19,25,3.5123367309570312,53.5,54.5,7.747
1765479550.3993928,99,28,25,19,25,3.5123367309570312,53.5,54.5,7.747
1765479550.600394,99,64,35,40,26,3.5076942443847656,53.0,54.5,6.861
1765479550.8027673,99,64,35,40,26,3.5076942443847656,53.0,54.5,6.861
1765479551.0051582,99,45,25,21,31,3.507526397705078,53.5,53.5,7.48
1765479551.2064018,99,45,25,21,31,3.507526397705078,53.5,53.5,7.48
1765479551.4074423,99,30,28,32,27,3.5063819885253906,53.0,53.5,6.942
1765479551.6089268,99,30,28,32,27,3.5063819885253906,53.0,53.5,6.942
1765479551.8100822,99,30,28,32,27,3.5063819885253906,53.0,53.5,6.942
1765479552.0115025,99,19,24,30,62,3.5067672729492188,53.5,55.0,7.974
1765479552.2163467,99,19,24,30,62,3.5067672729492188,53.5,55.0,7.974
1765479552.4177048,99,19,24,30,62,3.5067672729492188,53.5,55.0,7.974
1765479552.6189048,0,20,31,21,18,3.5052719116210938,52.5,53.5,4.625
1765479552.8200538,0,20,31,21,18,3.5052719116210938,52.5,53.5,4.625
1765479553.0214396,99,27,20,51,46,3.5051536560058594,53.5,54.0,7.16
1765479553.2227535,99,27,20,51,46,3.5051536560058594,53.5,54.0,7.16
1765479553.4238465,99,27,20,51,46,3.5051536560058594,53.5,54.0,7.16
1765479553.6252754,98,32,21,22,28,3.5062789916992188,53.5,54.0,7.32
1765479553.826459,98,32,21,22,28,3.5062789916992188,53.5,54.0,7.32
1765479554.027607,99,31,26,47,23,3.5068283081054688,53.5,54.0,7.468
1765479554.2297118,99,31,26,47,23,3.5068283081054688,53.5,54.0,7.468
1765479554.432382,99,31,26,47,23,3.5068283081054688,53.5,54.0,7.468
1765479554.6338243,98,25,27,27,27,3.5062789916992188,53.0,54.0,6.741
1765479554.8352304,98,25,27,27,27,3.5062789916992188,53.0,54.0,6.741
1765479555.036582,0,30,32,32,25,3.5059738159179688,52.0,54.0,3.866
1765479555.2377582,0,30,32,32,25,3.5059738159179688,52.0,54.0,3.866
1765479555.4392135,0,30,32,32,25,3.5059738159179688,52.0,54.0,3.866
1765479555.6413417,99,56,22,16,21,3.5075531005859375,53.5,54.0,7.36
1765479555.8433702,99,56,22,16,21,3.5075531005859375,53.5,54.0,7.36
1765479556.0445373,99,18,22,32,19,3.5070343017578125,53.0,53.5,6.621
1765479556.2456832,99,18,22,32,19,3.5070343017578125,53.0,53.5,6.621
1765479556.4471529,99,18,22,32,19,3.5070343017578125,53.0,53.5,6.621
1765479556.6508932,99,27,64,28,26,3.5078773498535156,53.5,54.0,7.091
1765479556.8525505,99,27,64,28,26,3.5078773498535156,53.5,54.0,7.091
1765479557.053692,90,25,20,21,26,3.5077743530273438,53.0,54.5,6.47
1765479557.2548895,90,25,20,21,26,3.5077743530273438,53.0,54.5,6.47
1765479557.456037,90,25,20,21,26,3.5077743530273438,53.0,54.5,6.47
1765479557.6575086,98,26,58,23,31,3.5092697143554688,53.5,54.5,7.974
1765479557.8597803,98,26,58,23,31,3.5092697143554688,53.5,54.5,7.974
1765479558.0636678,99,26,23,15,19,3.508190155029297,53.5,54.0,7.24
1765479558.2650564,99,26,23,15,19,3.508190155029297,53.5,54.0,7.24
1765479558.466364,99,26,23,15,19,3.508190155029297,53.5,54.0,7.24
1765479558.6674922,99,36,26,50,31,3.508831024169922,53.0,54.5,7.2
1765479558.8685765,99,36,26,50,31,3.508831024169922,53.0,54.5,7.2
1765479559.070193,99,30,24,40,20,3.5093002319335938,53.5,54.0,7.547
1765479559.2733562,99,30,24,40,20,3.5093002319335938,53.5,54.0,7.547
1765479559.4763176,99,30,24,40,20,3.5093002319335938,53.5,54.0,7.547
1765479559.677634,48,23,28,24,19,3.509429931640625,52.5,54.0,5.492
1765479559.8798256,48,23,28,24,19,3.509429931640625,52.5,54.0,5.492
1765479560.0815666,99,34,42,30,25,3.5086402893066406,53.5,53.5,7.2
1765479560.2829616,99,34,42,30,25,3.5086402893066406,53.5,53.5,7.2
1765479560.4839709,99,34,42,30,25,3.5086402893066406,53.5,53.5,7.2
1765479560.6850648,99,21,26,21,22,3.50921630859375,53.5,54.0,6.861
1765479560.8871894,99,21,26,21,22,3.50921630859375,53.5,54.0,6.861
1765479561.0886333,99,30,24,63,26,3.510204315185547,53.5,54.5,7.667
1765479561.2928061,99,30,24,63,26,3.510204315185547,53.5,54.5,7.667
1765479561.495541,99,30,24,63,26,3.510204315185547,53.5,54.5,7.667
1765479561.697266,14,18,23,21,27,3.5094642639160156,53.0,54.0,4.942
1765479561.898506,14,18,23,21,27,3.5094642639160156,53.0,54.0,4.942
1765479562.099633,99,28,22,23,64,3.5103530883789062,54.0,54.0,7.24
1765479562.3015745,99,28,22,23,64,3.5103530883789062,54.0,54.0,7.24
1765479562.5035894,99,28,22,23,64,3.5103530883789062,54.0,54.0,7.24
1765479562.7048182,99,32,19,14,22,3.5107078552246094,53.5,53.5,6.741
1765479562.9063463,99,32,19,14,22,3.5107078552246094,53.5,53.5,6.741
1765479563.1080043,99,32,19,14,22,3.5107078552246094,53.5,53.5,6.741
1765479563.3096085,99,29,33,22,48,3.5115203857421875,53.5,54.5,8.001
1765479563.5127332,99,29,33,22,48,3.5115203857421875,53.5,54.5,8.001
1765479563.715428,99,26,26,24,22,3.511119842529297,53.5,55.0,7.48
1765479563.916728,99,26,26,24,22,3.511119842529297,53.5,55.0,7.48
1765479564.1181335,99,26,26,24,22,3.511119842529297,53.5,55.0,7.48
1765479564.3195465,99,31,41,32,35,3.5105133056640625,53.5,54.5,6.891
1765479564.52088,99,31,41,32,35,3.5105133056640625,53.5,54.5,6.891
1765479564.7229137,98,24,46,20,22,3.5115928649902344,54.0,54.0,7.428
1765479564.9250755,98,24,46,20,22,3.5115928649902344,54.0,54.0,7.428
1765479565.126081,98,24,46,20,22,3.5115928649902344,54.0,54.0,7.428
1765479565.3270338,99,26,22,21,15,3.5118408203125,53.0,53.5,5.957
1765479565.5282032,99,26,22,21,15,3.5118408203125,53.0,53.5,5.957
1765479565.7305958,99,31,35,57,29,3.512012481689453,53.5,53.5,6.781
1765479565.9321585,99,31,35,57,29,3.512012481689453,53.5,53.5,6.781
1765479566.1334727,99,31,35,57,29,3.512012481689453,53.5,53.5,6.781
1765479566.3345435,99,28,20,32,29,3.4923782348632812,53.5,54.5,6.54
1765479566.535749,99,28,20,32,29,3.4923782348632812,53.5,54.5,6.54
1765479566.736964,99,24,62,26,26,3.4938697814941406,53.5,54.5,7.867
1765479566.939433,99,24,62,26,26,3.4938697814941406,53.5,54.5,7.867
1765479567.1428988,99,24,62,26,26,3.4938697814941406,53.5,54.5,7.867
1765479567.3444953,96,21,12,14,16,3.4933509826660156,53.5,53.5,5.886
1765479567.5456426,96,21,12,14,16,3.4933509826660156,53.5,53.5,5.886
1765479567.746741,99,31,29,66,35,3.493602752685547,53.5,54.5,7.507
1765479567.947747,99,31,29,66,35,3.493602752685547,53.5,54.5,7.507
1765479568.1495025,99,31,29,66,35,3.493602752685547,53.5,54.5,7.507
1765479568.3509367,99,24,23,22,18,3.4936904907226562,53.5,54.0,6.971
1765479568.5521781,99,24,23,22,18,3.4936904907226562,53.5,54.0,6.971
1765479568.7533436,99,32,36,51,26,3.494800567626953,54.0,54.5,7.627
1765479568.9559164,99,32,36,51,26,3.494800567626953,54.0,54.5,7.627
1765479569.1575403,99,32,36,51,26,3.494800567626953,54.0,54.5,7.627
1765479569.3587215,99,22,22,27,22,3.4942054748535156,53.5,53.5,6.902
1765479569.5600064,99,22,22,27,22,3.4942054748535156,53.5,53.5,6.902
1765479569.7610972,99,30,29,42,36,3.493968963623047,53.5,54.5,7.011
1765479569.9627557,99,30,29,42,36,3.493968963623047,53.5,54.5,7.011
1765479570.164454,99,30,29,42,36,3.493968963623047,53.5,54.5,7.011
1765479570.3664255,99,25,23,46,22,3.49420166015625,53.5,54.0,7.655
1765479570.5676818,99,25,23,46,22,3.49420166015625,53.5,54.0,7.655
1765479570.7688565,87,20,22,17,26,3.494098663330078,53.5,53.5,6.038
1765479570.9699893,87,20,22,17,26,3.494098663330078,53.5,53.5,6.038
1765479571.171991,87,20,22,17,26,3.494098663330078,53.5,53.5,6.038
1765479571.3737245,99,30,17,28,58,3.494091033935547,53.5,54.0,6.85
1765479571.5752103,99,30,17,28,58,3.494091033935547,53.5,54.0,6.85
1765479571.7763667,99,30,17,28,58,3.494091033935547,53.5,54.0,6.85
1765479571.9778335,99,30,25,20,34,3.4945945739746094,53.0,54.0,5.806
1765479572.1791084,99,30,25,20,34,3.4945945739746094,53.0,54.0,5.806
1765479572.3806052,99,36,25,60,25,3.495586395263672,54.0,55.0,8.319
1765479572.5869555,99,36,25,60,25,3.495586395263672,54.0,55.0,8.319
1765479572.788527,99,36,25,60,25,3.495586395263672,54.0,55.0,8.319
1765479572.9897463,99,19,4,20,19,3.4946556091308594,53.5,54.0,6.43
1765479573.1910386,99,19,4,20,19,3.4946556091308594,53.5,54.0,6.43
1765479573.392351,99,64,28,32,36,3.4951248168945312,54.0,55.5,7.4
1765479573.5941217,99,64,28,32,36,3.4951248168945312,54.0,55.5,7.4
1765479573.795567,99,64,28,32,36,3.4951248168945312,54.0,55.5,7.4
1765479573.9979703,99,27,28,26,25,3.495716094970703,54.0,54.0,7.28
1765479574.2005904,99,27,28,26,25,3.495716094970703,54.0,54.0,7.28
1765479574.4025488,99,30,35,22,34,3.4968223571777344,53.5,54.5,6.621
1765479574.6045709,99,30,35,22,34,3.4968223571777344,53.5,54.5,6.621
1765479574.807652,99,30,35,22,34,3.4968223571777344,53.5,54.5,6.621
1765479575.00929,99,20,24,29,36,3.4962310791015625,54.0,54.0,7.24
1765479575.2105618,99,20,24,29,36,3.4962310791015625,54.0,54.0,7.24
1765479575.412204,99,27,32,22,22,3.496417999267578,53.5,53.5,6.58
1765479575.614107,99,27,32,22,22,3.496417999267578,53.5,53.5,6.58
1765479575.8155382,99,27,32,22,22,3.496417999267578,53.5,53.5,6.58
1765479576.0200315,99,32,24,20,60,3.4970855712890625,54.0,54.0,7.011
1765479576.2217097,99,32,24,20,60,3.4970855712890625,54.0,54.0,7.011
1765479576.4229896,99,28,27,22,8,3.4972496032714844,53.5,54.0,6.31
1765479576.6240468,99,28,27,22,8,3.4972496032714844,53.5,54.0,6.31
1765479576.8256025,99,28,27,22,8,3.4972496032714844,53.5,54.0,6.31
1765479577.027369,99,27,25,63,26,3.4970016479492188,54.0,54.0,7.2
1765479577.2291834,99,27,25,63,26,3.4970016479492188,54.0,54.0,7.2
1765479577.4305503,99,27,21,20,24,3.49700927734375,53.5,53.5,6.159
1765479577.6317823,99,27,21,20,24,3.49700927734375,53.5,53.5,6.159
1765479577.8329837,99,27,21,20,24,3.49700927734375,53.5,53.5,6.159
1765479578.0350358,98,33,56,35,37,3.4988441467285156,54.0,55.0,8.054
1765479578.2392235,98,33,56,35,37,3.4988441467285156,54.0,55.0,8.054
1765479578.4412568,99,18,22,23,10,3.497364044189453,54.0,54.0,7.011
1765479578.6423519,99,18,22,23,10,3.497364044189453,54.0,54.0,7.011
1765479578.8435204,99,18,22,23,10,3.497364044189453,54.0,54.0,7.011
1765479579.0448134,99,50,35,38,28,3.498004913330078,54.0,55.0,7.36
1765479579.2460084,99,50,35,38,28,3.498004913330078,54.0,55.0,7.36
1765479579.4527347,99,36,21,20,22,3.498401641845703,54.0,54.0,7.171
1765479579.6552844,99,36,21,20,22,3.498401641845703,54.0,54.0,7.171
1765479579.856703,99,36,21,20,22,3.498401641845703,54.0,54.0,7.171
1765479580.057664,99,29,23,28,35,3.499256134033203,53.5,55.0,7.011
1765479580.2593746,99,29,23,28,35,3.499256134033203,53.5,55.0,7.011
1765479580.4606555,99,37,38,22,25,3.498779296875,54.0,54.0,7.16
1765479580.6618125,99,37,38,22,25,3.498779296875,54.0,54.0,7.16
1765479580.863608,99,37,38,22,25,3.498779296875,54.0,54.0,7.16
1765479581.064806,99,21,23,24,26,3.4985733032226562,53.5,54.0,6.671
1765479581.2661319,99,21,23,24,26,3.4985733032226562,53.5,54.0,6.671
1765479581.4672134,99,21,23,24,26,3.4985733032226562,53.5,54.0,6.671
1765479581.6701987,99,29,59,30,23,3.4993667602539062,54.0,54.0,7.131
1765479581.872429,99,29,59,30,23,3.4993667602539062,54.0,54.0,7.131
1765479582.073841,0,27,25,22,20,3.4996490478515625,53.0,55.0,4.78
1765479582.2750244,0,27,25,22,20,3.4996490478515625,53.0,55.0,4.78
1765479582.4767416,0,27,25,22,20,3.4996490478515625,53.0,55.0,4.78
1765479582.6783252,99,22,60,23,22,3.4993667602539062,53.5,54.0,7.24
1765479582.879974,99,22,60,23,22,3.4993667602539062,53.5,54.0,7.24
1765479583.0813613,99,25,20,27,27,3.4999656677246094,53.5,54.0,6.54
1765479583.2825253,99,25,20,27,27,3.4999656677246094,53.5,54.0,6.54
1765479583.4837425,99,25,20,27,27,3.4999656677246094,53.5,54.0,6.54
1765479583.686499,99,33,41,60,31,3.5013198852539062,54.0,54.5,8.12
1765479583.8894799,99,33,41,60,31,3.5013198852539062,54.0,54.5,8.12
1765479584.0910149,99,26,8,17,18,3.500415802001953,54.0,54.0,7.131
1765479584.292464,99,26,8,17,18,3.500415802001953,54.0,54.0,7.131
1765479584.4937458,99,26,8,17,18,3.500415802001953,54.0,54.0,7.131
1765479584.6952045,99,42,30,27,42,3.5000076293945312,54.0,55.0,7.28
1765479584.8963366,99,42,30,27,42,3.5000076293945312,54.0,55.0,7.28
1765479585.0986054,98,21,38,25,26,3.5005264282226562,54.0,54.0,7.011
1765479585.3000307,98,21,38,25,26,3.5005264282226562,54.0,54.0,7.011
1765479585.501128,98,21,38,25,26,3.5005264282226562,54.0,54.0,7.011
1765479585.702297,0,27,35,24,18,3.5011138916015625,53.5,55.0,5.604
1765479585.9036303,0,27,35,24,18,3.5011138916015625,53.5,55.0,5.604
1765479586.1055224,99,28,26,48,21,3.5005531311035156,54.0,54.5,7.36
1765479586.306982,99,28,26,48,21,3.5005531311035156,54.0,54.5,7.36
1765479586.508422,99,28,26,48,21,3.5005531311035156,54.0,54.5,7.36
1765479586.709505,99,25,19,26,26,3.5009384155273438,53.5,54.0,6.741
1765479586.910717,99,25,19,26,26,3.5009384155273438,53.5,54.0,6.741
1765479587.112007,99,60,28,28,29,3.501453399658203,54.0,54.5,7.131
1765479587.3146713,99,60,28,28,29,3.501453399658203,54.0,54.5,7.131
1765479587.5174015,99,60,28,28,29,3.501453399658203,54.0,54.5,7.131
1765479587.7189982,0,26,24,19,22,3.5012779235839844,53.0,55.5,4.861
1765479587.9203148,0,26,24,19,22,3.5012779235839844,53.0,55.5,4.861
1765479588.1213963,99,29,27,26,60,3.5007286071777344,54.0,54.0,7.507
1765479588.3227484,99,29,27,26,60,3.5007286071777344,54.0,54.0,7.507
1765479588.5249462,99,29,27,26,60,3.5007286071777344,54.0,54.0,7.507
1765479588.727785,99,24,23,13,23,3.5013427734375,54.0,54.0,6.621
1765479588.9289174,99,24,23,13,23,3.5013427734375,54.0,54.0,6.621
1765479589.1301382,99,24,23,13,23,3.5013427734375,54.0,54.0,6.621
1765479589.333054,99,50,39,41,37,3.50299072265625,54.0,55.0,7.974
1765479589.5361814,99,50,39,41,37,3.50299072265625,54.0,55.0,7.974
1765479589.7381868,99,18,16,22,17,3.5021286010742188,54.0,54.0,6.891
1765479589.939831,99,18,16,22,17,3.5021286010742188,54.0,54.0,6.891
1765479590.141254,99,18,16,22,17,3.5021286010742188,54.0,54.0,6.891
1765479590.3425221,99,31,28,50,33,3.5024986267089844,54.0,55.0,7.2
1765479590.543985,99,31,28,50,33,3.5024986267089844,54.0,55.0,7.2
1765479590.7465029,98,22,37,22,20,3.502849578857422,54.0,54.0,7.131
1765479590.9480038,98,22,37,22,20,3.502849578857422,54.0,54.0,7.131
1765479591.1490273,98,22,37,22,20,3.502849578857422,54.0,54.0,7.131
1765479591.3504133,0,29,22,26,26,3.5038223266601562,53.5,54.5,5.33
1765479591.5534065,0,29,22,26,26,3.5038223266601562,53.5,54.5,5.33
1765479591.7551613,99,29,26,23,49,3.5032424926757812,54.0,54.5,6.661
1765479591.9564693,99,29,26,23,49,3.5032424926757812,54.0,54.5,6.661
1765479592.1583486,99,29,26,23,49,3.5032424926757812,54.0,54.5,6.661
1765479592.359733,99,24,26,26,28,3.5033302307128906,54.0,54.0,6.701
1765479592.5608745,99,24,26,26,28,3.5033302307128906,54.0,54.0,6.701
1765479592.7626772,99,26,62,35,31,3.5041160583496094,54.0,54.5,7.24
1765479592.965165,99,26,62,35,31,3.5041160583496094,54.0,54.5,7.24
1765479593.1665652,99,26,62,35,31,3.5041160583496094,54.0,54.5,7.24
1765479593.3677619,99,22,22,19,17,3.5046730041503906,53.5,54.5,5.411
1765479593.5689528,99,22,22,19,17,3.5046730041503906,53.5,54.5,5.411
1765479593.7700186,99,28,25,64,22,3.5039329528808594,54.0,54.5,7.44
1765479593.9715438,99,28,25,64,22,3.5039329528808594,54.0,54.5,7.44
1765479594.1752176,99,28,25,64,22,3.5039329528808594,54.0,54.5,7.44
1765479594.3769217,99,27,23,25,18,3.5043907165527344,54.0,54.0,6.821
1765479594.5782373,99,27,23,25,18,3.5043907165527344,54.0,54.0,6.821
1765479594.779372,99,39,40,42,41,3.505664825439453,54.5,55.0,7.894
1765479594.980935,99,39,40,42,41,3.505664825439453,54.5,55.0,7.894
1765479595.1843529,99,39,40,42,41,3.505664825439453,54.5,55.0,7.894
1765479595.3861353,99,24,24,20,21,3.5050125122070312,54.5,54.0,6.741
1765479595.5877078,99,24,24,20,21,3.5050125122070312,54.5,54.0,6.741
1765479595.7890027,99,31,26,44,26,3.5054550170898438,53.5,56.0,6.43
1765479595.9901822,99,31,26,44,26,3.5054550170898438,53.5,56.0,6.43
1765479596.1916003,99,31,26,44,26,3.5054550170898438,53.5,56.0,6.43
1765479596.3956406,99,26,22,51,18,3.505451202392578,54.5,54.0,7.131
1765479596.5992732,99,26,22,51,18,3.505451202392578,54.5,54.0,7.131
1765479596.8009753,99,38,26,26,18,3.5062828063964844,54.0,55.0,7.507
1765479597.002093,99,38,26,26,18,3.5062828063964844,54.0,55.0,7.507
1765479597.2040865,99,38,26,26,18,3.5062828063964844,54.0,55.0,7.507
1765479597.4061563,99,20,18,54,22,3.5061569213867188,54.0,54.5,6.81
1765479597.6082134,99,20,18,54,22,3.5061569213867188,54.0,54.5,6.81
1765479597.8097765,99,20,18,54,22,3.5061569213867188,54.0,54.5,6.81
1765479598.0114138,99,23,39,19,20,3.5056838989257812,53.5,55.0,5.451
1765479598.2128358,99,23,39,19,20,3.5056838989257812,53.5,55.0,5.451
1765479598.4141963,98,35,38,58,40,3.5061683654785156,54.5,54.5,7.747
1765479598.6164181,98,35,38,58,40,3.5061683654785156,54.5,54.5,7.747
1765479598.8177996,98,35,38,58,40,3.5061683654785156,54.5,54.5,7.747
1765479599.0204973,99,22,14,14,26,3.5070571899414062,54.0,54.5,6.971
1765479599.222125,99,22,14,14,26,3.5070571899414062,54.0,54.5,6.971
1765479599.4234128,99,29,36,56,28,3.506153106689453,54.5,55.0,7.44
1765479599.62475,99,29,36,56,28,3.506153106689453,54.5,55.0,7.44
1765479599.827001,99,29,36,56,28,3.506153106689453,54.5,55.0,7.44
1765479600.0282989,99,26,24,27,12,3.506481170654297,54.5,54.5,6.621
1765479600.2293475,99,26,24,27,12,3.506481170654297,54.5,54.5,6.621
1765479600.430511,99,37,44,38,34,3.507678985595703,54.0,56.0,7.131
1765479600.6319065,99,37,44,38,34,3.507678985595703,54.0,56.0,7.131
1765479600.8351867,99,37,44,38,34,3.507678985595703,54.0,56.0,7.131
1765479601.037053,99,16,39,21,23,3.5070877075195312,54.0,54.5,7.4
1765479601.2383518,99,16,39,21,23,3.5070877075195312,54.0,54.5,7.4
1765479601.4398115,99,20,26,22,28,3.5068588256835938,54.0,54.5,6.701
1765479601.641058,99,20,26,22,28,3.5068588256835938,54.0,54.5,6.701
1765479601.8435647,99,20,26,22,28,3.5068588256835938,54.0,54.5,6.701
1765479602.0469954,99,33,28,63,33,3.5074234008789062,54.0,54.5,7.2
1765479602.249366,99,33,28,63,33,3.5074234008789062,54.0,54.5,7.2
1765479602.4510534,99,30,16,22,29,3.5083084106445312,53.5,55.0,6.5
1765479602.652515,99,30,16,22,29,3.5083084106445312,53.5,55.0,6.5
1765479602.8545177,99,30,16,22,29,3.5083084106445312,53.5,55.0,6.5
1765479603.0560937,99,25,58,25,24,3.507740020751953,54.0,54.5,7.16
1765479603.2585154,99,25,58,25,24,3.507740020751953,54.0,54.5,7.16
1765479603.4598794,99,31,16,22,18,3.5086708068847656,54.0,54.5,6.118
1765479603.6609874,99,31,16,22,18,3.5086708068847656,54.0,54.5,6.118
1765479603.8623388,99,31,16,22,18,3.5086708068847656,54.0,54.5,6.118
1765479604.0645742,98,36,40,31,55,3.5087890625,54.0,55.0,7.627
1765479604.2663171,98,36,40,31,55,3.5087890625,54.0,55.0,7.627
1765479604.4675262,99,32,20,28,11,3.5094528198242188,54.0,55.5,7.934
1765479604.6689045,99,32,20,28,11,3.5094528198242188,54.0,55.5,7.934
1765479604.8705714,99,32,20,28,11,3.5094528198242188,54.0,55.5,7.934
1765479605.0721736,99,30,27,40,31,3.509185791015625,54.0,55.5,7.36
1765479605.2741337,99,30,27,40,31,3.509185791015625,54.0,55.5,7.36
1765479605.4759986,99,19,29,38,21,3.5097274780273438,54.5,54.5,7.211
1765479605.6771598,99,19,29,38,21,3.5097274780273438,54.5,54.5,7.211
1765479605.8785787,99,19,29,38,21,3.5097274780273438,54.5,54.5,7.211
1765479606.0797095,99,37,31,27,30,3.510650634765625,53.5,55.5,7.011
1765479606.2925,99,37,31,27,30,3.510650634765625,53.5,55.5,7.011
1765479606.4935927,99,24,8,15,38,3.5102272033691406,54.0,54.5,7.011
1765479606.6951196,99,24,8,15,38,3.5102272033691406,54.0,54.5,7.011
1765479606.896493,99,24,8,15,38,3.5102272033691406,54.0,54.5,7.011
1765479607.0976367,99,35,27,18,26,3.509857177734375,54.0,54.5,6.781
1765479607.2986832,99,35,27,18,26,3.509857177734375,54.0,54.5,6.781
1765479607.499928,99,28,34,36,54,3.5098724365234375,54.5,54.5,7.24
1765479607.7023592,99,28,34,36,54,3.5098724365234375,54.5,54.5,7.24
1765479607.9038613,99,28,34,36,54,3.5098724365234375,54.5,54.5,7.24
1765479608.1056955,0,30,30,22,18,3.510822296142578,53.5,55.5,5.29
1765479608.3070128,0,30,30,22,18,3.510822296142578,53.5,55.5,5.29
1765479608.5080295,99,30,20,24,57,3.5101966857910156,54.5,54.5,7.52
1765479608.7092466,99,30,20,24,57,3.5101966857910156,54.5,54.5,7.52
1765479608.911606,99,30,20,24,57,3.5101966857910156,54.5,54.5,7.52
1765479609.1131842,99,28,25,28,24,3.5110244750976562,54.0,54.5,6.85
1765479609.3145092,99,28,25,28,24,3.5110244750976562,54.0,54.5,6.85
1765479609.5156207,99,28,25,28,24,3.5110244750976562,54.0,54.5,6.85
1765479609.7176924,99,31,42,43,35,3.5108070373535156,54.0,55.0,7.775
1765479609.9204137,99,31,42,43,35,3.5108070373535156,54.0,55.0,7.775
1765479610.1220098,99,23,22,18,18,3.511249542236328,54.0,54.5,7.2
1765479610.323898,99,23,22,18,18,3.511249542236328,54.0,54.5,7.2
1765479610.525178,99,23,22,18,18,3.511249542236328,54.0,54.5,7.2
1765479610.7263463,99,31,30,27,42,3.5111427307128906,54.0,55.0,7.32
1765479610.9289365,99,31,30,27,42,3.5111427307128906,54.0,55.0,7.32
1765479611.1314898,98,40,23,27,22,3.5113754272460938,54.5,54.5,6.971
1765479611.3329132,98,40,23,27,22,3.5113754272460938,54.5,54.5,6.971
1765479611.5339863,98,40,23,27,22,3.5113754272460938,54.5,54.5,6.971
1765479611.7350135,0,26,32,27,24,3.5120010375976562,54.0,55.0,5.685
1765479611.9373674,0,26,32,27,24,3.5120010375976562,54.0,55.0,5.685
1765479612.1391592,99,44,16,32,18,3.511730194091797,54.5,54.5,6.971
1765479612.3408988,99,44,16,32,18,3.511730194091797,54.5,54.5,6.971
1765479612.5426598,99,44,16,32,18,3.511730194091797,54.5,54.5,6.971
1765479612.7443388,99,26,25,20,25,3.5123138427734375,54.5,54.5,6.701
1765479612.9455562,99,26,25,20,25,3.5123138427734375,54.5,54.5,6.701
1765479613.1478705,99,39,58,33,31,3.512420654296875,54.0,54.5,6.891
1765479613.3508992,99,39,58,33,31,3.512420654296875,54.0,54.5,6.891
1765479613.5530305,99,39,58,33,31,3.512420654296875,54.0,54.5,6.891
1765479613.7549245,0,27,22,25,28,3.5132789611816406,53.5,56.5,5.177
1765479613.9563446,0,27,22,25,28,3.5132789611816406,53.5,56.5,5.177
1765479614.157818,99,18,23,20,59,3.512359619140625,54.0,54.5,7.36
1765479614.359173,99,18,23,20,59,3.512359619140625,54.0,54.5,7.36
1765479614.5614855,99,18,23,20,59,3.512359619140625,54.0,54.5,7.36
1765479614.7634196,99,30,19,21,24,3.5030784606933594,54.0,54.5,6.511
1765479614.964603,99,30,19,21,24,3.5030784606933594,54.0,54.5,6.511
1765479615.1663203,99,42,49,45,39,3.5032005310058594,54.5,55.5,8.081
1765479615.3682144,99,42,49,45,39,3.5032005310058594,54.5,55.5,8.081
1765479615.5697935,99,42,49,45,39,3.5032005310058594,54.5,55.5,8.081
1765479615.7711608,99,17,16,21,25,3.5039901733398438,54.5,55.0,7.787
1765479615.9732513,99,17,16,21,25,3.5039901733398438,54.5,55.0,7.787
1765479616.1750615,99,36,28,25,38,3.5038223266601562,53.5,55.0,6.47
1765479616.3760498,99,36,28,25,38,3.5038223266601562,53.5,55.0,6.47
1765479616.5791006,99,36,28,25,38,3.5038223266601562,53.5,55.0,6.47
1765479616.7818,99,19,22,39,22,3.504375457763672,54.5,54.5,7.4
1765479616.9856634,99,19,22,39,22,3.504375457763672,54.5,54.5,7.4
1765479617.1889846,99,27,30,29,20,3.504138946533203,54.5,54.5,7.2
1765479617.3901768,99,27,30,29,20,3.504138946533203,54.5,54.5,7.2
1765479617.5916297,99,27,30,29,20,3.504138946533203,54.5,54.5,7.2
1765479617.792997,99,56,20,23,15,3.5047607421875,54.5,54.5,6.821
1765479617.9957275,99,56,20,23,15,3.5047607421875,54.5,54.5,6.821
1765479618.1975052,99,31,30,26,14,3.504528045654297,54.0,54.5,6.149
1765479618.399173,99,31,30,26,14,3.504528045654297,54.0,54.5,6.149
1765479618.600383,99,31,30,26,14,3.504528045654297,54.0,54.5,6.149
1765479618.802095,99,44,37,42,30,3.5050811767578125,54.5,55.0,7.16
1765479619.0049872,99,44,37,42,30,3.5050811767578125,54.5,55.0,7.16
1765479619.2065442,95,26,19,19,20,3.5053482055664062,54.5,55.0,6.621
1765479619.4080443,95,26,19,19,20,3.5053482055664062,54.5,55.0,6.621
1765479619.6093445,95,26,19,19,20,3.5053482055664062,54.5,55.0,6.621
1765479619.8105636,99,28,25,64,24,3.5048446655273438,54.5,56.0,7.667
1765479620.0129933,99,28,25,64,24,3.5048446655273438,54.5,56.0,7.667
1765479620.2146955,99,28,25,64,24,3.5048446655273438,54.5,56.0,7.667
1765479620.4160826,99,25,16,24,26,3.50555419921875,54.5,54.5,7.28
1765479620.6178527,99,25,16,24,26,3.50555419921875,54.5,54.5,7.28
1765479620.8191557,99,50,24,38,34,3.5062294006347656,54.5,55.5,7.4
1765479621.021362,99,50,24,38,34,3.5062294006347656,54.5,55.5,7.4
1765479621.2231836,99,50,24,38,34,3.5062294006347656,54.5,55.5,7.4
1765479621.4249725,99,38,16,14,20,3.506511688232422,54.5,54.5,7.587
1765479621.6335778,99,38,16,14,20,3.506511688232422,54.5,54.5,7.587
1765479621.8353217,61,34,28,31,22,3.5060348510742188,53.5,56.0,5.765
1765479622.0363572,61,34,28,31,22,3.5060348510742188,53.5,56.0,5.765
1765479622.2383277,61,34,28,31,22,3.5060348510742188,53.5,56.0,5.765
1765479622.440326,99,56,27,27,17,3.5063438415527344,54.5,54.5,7.2
1765479622.6421356,99,56,27,27,17,3.5063438415527344,54.5,54.5,7.2
1765479622.8441508,99,37,30,20,26,3.5059890747070312,54.5,55.5,7.52
1765479623.0452726,99,37,30,20,26,3.5059890747070312,54.5,55.5,7.52
1765479623.246619,99,37,30,20,26,3.5059890747070312,54.5,55.5,7.52
1765479623.4477673,99,53,26,18,18,3.5065956115722656,54.5,54.5,6.931
1765479623.6502314,99,53,26,18,18,3.5065956115722656,54.5,54.5,6.931
1765479623.8519065,0,26,31,26,22,3.5067062377929688,53.5,54.5,4.267
1765479624.053127,0,26,31,26,22,3.5067062377929688,53.5,54.5,4.267
1765479624.2543294,0,26,31,26,22,3.5067062377929688,53.5,54.5,4.267
1765479624.4568858,99,36,50,44,27,3.5066986083984375,54.5,55.0,7.32
1765479624.6591642,99,36,50,44,27,3.5066986083984375,54.5,55.0,7.32
1765479624.8607316,98,27,24,19,24,3.507709503173828,54.0,55.0,7.32
1765479625.0617006,98,27,24,19,24,3.507709503173828,54.0,55.0,7.32
1765479625.2627296,98,27,24,19,24,3.507709503173828,54.0,55.0,7.32
1765479625.4638014,99,25,28,60,22,3.5070724487304688,54.5,56.0,7.4
1765479625.6654055,99,25,28,60,22,3.5070724487304688,54.5,56.0,7.4
1765479625.8671994,99,25,26,26,21,3.508197784423828,54.5,55.0,6.81
1765479626.0686152,99,25,26,26,21,3.508197784423828,54.5,55.0,6.81
1765479626.269737,99,25,26,26,21,3.508197784423828,54.5,55.0,6.81
1765479626.4708693,99,41,30,35,40,3.5083885192871094,54.0,55.5,7.547
1765479626.6732044,99,41,30,35,40,3.5083885192871094,54.0,55.5,7.547
1765479626.8755867,98,14,18,35,22,3.509052276611328,54.0,55.5,7.468
1765479627.0774772,98,14,18,35,22,3.509052276611328,54.0,55.5,7.468
1765479627.2801473,98,14,18,35,22,3.509052276611328,54.0,55.5,7.468
1765479627.4817104,57,20,25,32,20,3.5084877014160156,54.5,54.5,5.096
1765479627.6830876,57,20,25,32,20,3.5084877014160156,54.5,54.5,5.096
1765479627.8852131,99,55,24,27,33,3.509288787841797,54.5,55.0,6.58
1765479628.0876477,99,55,24,27,33,3.509288787841797,54.5,55.0,6.58
1765479628.2893553,99,55,24,27,33,3.509288787841797,54.5,55.0,6.58
1765479628.4906344,99,30,32,29,28,3.509967803955078,54.0,56.0,7.16
1765479628.6918044,99,30,32,29,28,3.509967803955078,54.0,56.0,7.16
1765479628.8928883,99,63,21,21,25,3.509124755859375,54.5,55.0,7.011
1765479629.0945647,99,63,21,21,25,3.509124755859375,54.5,55.0,7.011
1765479629.2966678,99,63,21,21,25,3.509124755859375,54.5,55.0,7.011
1765479629.4985092,99,20,29,22,21,3.5094337463378906,54.5,54.5,5.177
1765479629.6997893,99,20,29,22,21,3.5094337463378906,54.5,54.5,5.177
1765479629.900856,99,42,31,57,40,3.50958251953125,54.5,56.0,7.934
1765479630.1038067,99,42,31,57,40,3.50958251953125,54.5,56.0,7.934
1765479630.3053567,99,42,31,57,40,3.50958251953125,54.5,56.0,7.934
1765479630.5065515,99,22,30,25,24,3.5103530883789062,54.5,55.5,7.747
1765479630.7075887,99,22,30,25,24,3.5103530883789062,54.5,55.5,7.747
1765479630.9089916,99,48,20,22,24,3.509937286376953,54.5,56.0,7.28
1765479631.1103134,99,48,20,22,24,3.509937286376953,54.5,56.0,7.28
1765479631.3122013,99,48,20,22,24,3.509937286376953,54.5,56.0,7.28
1765479631.5155203,98,33,20,22,25,3.5102615356445312,55.0,55.0,6.781
1765479631.717201,98,33,20,22,25,3.5102615356445312,55.0,55.0,6.781
1765479631.9183547,98,33,20,22,25,3.5102615356445312,55.0,55.0,6.781
1765479632.1208317,99,38,31,35,40,3.5106658935546875,54.5,56.0,7.28
1765479632.3238006,99,38,31,35,40,3.5106658935546875,54.5,56.0,7.28
1765479632.5255642,99,16,18,14,42,3.510894775390625,55.0,55.0,7.36
1765479632.7272382,99,16,18,14,42,3.510894775390625,55.0,55.0,7.36
1765479632.9290397,99,16,18,14,42,3.510894775390625,55.0,55.0,7.36
1765479633.1302798,99,24,19,31,16,3.5104217529296875,54.5,54.5,6.621
1765479633.331659,99,24,19,31,16,3.5104217529296875,54.5,54.5,6.621
1765479633.5337741,99,36,41,24,48,3.5110130310058594,55.0,55.0,6.931
1765479633.7363017,99,36,41,24,48,3.5110130310058594,55.0,55.0,6.931
1765479633.9388995,99,36,41,24,48,3.5110130310058594,55.0,55.0,6.931
1765479634.1411207,91,28,33,28,28,3.5116806030273438,54.5,55.5,6.269
1765479634.3424215,91,28,33,28,28,3.5116806030273438,54.5,55.5,6.269
1765479634.5436482,99,58,24,22,23,3.5110855102539062,55.0,55.5,7.4
1765479634.745708,99,58,24,22,23,3.5110855102539062,55.0,55.5,7.4
1765479634.9486015,99,58,24,22,23,3.5110855102539062,55.0,55.5,7.4
1765479635.1505766,99,20,26,27,12,3.5116043090820312,54.5,55.0,6.511
1765479635.3518398,99,20,26,27,12,3.5116043090820312,54.5,55.0,6.511
1765479635.5532568,99,34,31,33,70,3.5118751525878906,55.0,55.5,7.667
1765479635.75608,99,34,31,33,70,3.5118751525878906,55.0,55.5,7.667
1765479635.95761,99,34,31,33,70,3.5118751525878906,55.0,55.5,7.667
1765479636.1587422,99,22,23,18,18,3.5131607055664062,54.5,55.0,7.547
1765479636.36019,99,22,23,18,18,3.5131607055664062,54.5,55.0,7.547
1765479636.5613184,99,23,31,21,44,3.512737274169922,54.5,55.0,7.24
1765479636.7624576,99,23,31,21,44,3.512737274169922,54.5,55.0,7.24
1765479636.9635026,99,23,31,21,44,3.512737274169922,54.5,55.0,7.24
1765479637.1656117,99,31,35,40,24,3.496532440185547,54.5,55.0,7.32
1765479637.367281,99,31,35,40,24,3.496532440185547,54.5,55.0,7.32
1765479637.5697458,0,32,35,29,20,3.496692657470703,54.0,55.0,5.725
1765479637.7725484,0,32,35,29,20,3.496692657470703,54.0,55.0,5.725
1765479637.975981,0,32,35,29,20,3.496692657470703,54.0,55.0,5.725
1765479638.1779792,99,48,23,20,19,3.4977455139160156,54.5,55.0,7.547
1765479638.380707,99,48,23,20,19,3.4977455139160156,54.5,55.0,7.547
1765479638.58271,99,21,16,36,23,3.4974517822265625,54.5,55.0,6.81
1765479638.7840252,99,21,16,36,23,3.4974517822265625,54.5,55.0,6.81
1765479638.9854,99,21,16,36,23,3.4974517822265625,54.5,55.0,6.81
1765479639.1882715,99,45,46,30,32,3.4977188110351562,55.0,55.0,6.85
1765479639.3904812,99,45,46,30,32,3.4977188110351562,55.0,55.0,6.85
1765479639.5915642,12,27,21,25,22,3.4985809326171875,54.5,55.0,5.451
1765479639.7926748,12,27,21,25,22,3.4985809326171875,54.5,55.0,5.451
1765479639.9938786,12,27,21,25,22,3.4985809326171875,54.5,55.0,5.451
1765479640.1950603,99,59,22,21,27,3.4980735778808594,54.5,55.5,7.48
1765479640.397355,99,59,22,21,27,3.4980735778808594,54.5,55.5,7.48
1765479640.5998173,99,26,20,23,26,3.498310089111328,55.0,55.0,6.861
1765479640.8013031,99,26,20,23,26,3.498310089111328,55.0,55.0,6.861
1765479641.0026615,99,26,20,23,26,3.498310089111328,55.0,55.0,6.861
1765479641.2053854,99,54,36,37,28,3.4987411499023438,54.5,56.0,7.707
1765479641.408028,99,54,36,37,28,3.4987411499023438,54.5,56.0,7.707
1765479641.6094582,98,29,18,14,22,3.4992752075195312,55.0,55.5,7.36
1765479641.8111885,98,29,18,14,22,3.4992752075195312,55.0,55.5,7.36
1765479642.0132337,98,29,18,14,22,3.4992752075195312,55.0,55.5,7.36
1765479642.2144866,99,24,24,31,32,3.498443603515625,54.5,56.5,6.781
1765479642.416074,99,24,24,31,32,3.498443603515625,54.5,56.5,6.781
1765479642.6176162,99,24,24,31,32,3.498443603515625,54.5,56.5,6.781
1765479642.8201077,99,46,20,20,34,3.49871826171875,55.0,55.0,7.051
1765479643.0216725,99,46,20,20,34,3.49871826171875,55.0,55.0,7.051
1765479643.2229571,99,30,24,30,28,3.4988975524902344,54.5,55.0,7.011
1765479643.4242423,99,30,24,30,28,3.4988975524902344,54.5,55.0,7.011
1765479643.62523,99,30,24,30,28,3.4988975524902344,54.5,55.0,7.011
1765479643.8268416,99,23,18,59,21,3.500202178955078,54.5,56.0,7.28
1765479644.0290642,99,23,18,59,21,3.500202178955078,54.5,56.0,7.28
1765479644.2316039,99,28,27,22,21,3.499866485595703,54.5,55.0,6.118
1765479644.4331298,99,28,27,22,21,3.499866485595703,54.5,55.0,6.118
1765479644.6346018,99,28,27,22,21,3.499866485595703,54.5,55.0,6.118
1765479644.838247,99,29,35,55,30,3.500244140625,55.0,55.0,7.4
1765479645.0399117,99,29,35,55,30,3.500244140625,55.0,55.0,7.4
1765479645.2412431,99,22,22,14,26,3.5009231567382812,54.5,55.0,6.891
1765479645.442803,99,22,22,14,26,3.5009231567382812,54.5,55.0,6.891
1765479645.6452777,99,22,22,14,26,3.5009231567382812,54.5,55.0,6.891
1765479645.8465083,98,26,23,22,60,3.499988555908203,55.0,55.5,7.468
1765479646.049422,98,26,23,22,60,3.499988555908203,55.0,55.5,7.468
1765479646.2520936,99,24,25,24,17,3.5005226135253906,54.5,55.0,7.171
1765479646.455141,99,24,25,24,17,3.5005226135253906,54.5,55.0,7.171
1765479646.656137,99,24,25,24,17,3.5005226135253906,54.5,55.0,7.171
1765479646.857363,99,53,37,23,25,3.5011634826660156,54.5,56.0,7.36
1765479647.058878,99,53,37,23,25,3.5011634826660156,54.5,56.0,7.36
1765479647.260219,99,37,21,16,30,3.5018997192382812,55.0,55.5,7.747
1765479647.461469,99,37,21,16,30,3.5018997192382812,55.0,55.5,7.747
1765479647.6626503,99,37,21,16,30,3.5018997192382812,55.0,55.5,7.747
1765479647.8637698,58,33,24,29,29,3.5013465881347656,54.0,56.0,5.564
1765479648.0653493,58,33,24,29,29,3.5013465881347656,54.0,56.0,5.564
1765479648.2665365,99,50,28,18,16,3.5017013549804688,55.0,55.5,7.171
1765479648.4688556,99,50,28,18,16,3.5017013549804688,55.0,55.5,7.171
1765479648.6703966,99,50,28,18,16,3.5017013549804688,55.0,55.5,7.171
1765479648.871531,99,20,30,23,29,3.501689910888672,55.0,55.5,7.131
1765479649.0732903,99,20,30,23,29,3.501689910888672,55.0,55.5,7.131
1765479649.2745035,99,29,25,20,57,3.5028076171875,55.0,55.5,7.32
1765479649.4755468,99,29,25,20,57,3.5028076171875,55.0,55.5,7.32
1765479649.6791167,99,29,25,20,57,3.5028076171875,55.0,55.5,7.32
1765479649.8820748,0,30,20,23,26,3.5025253295898438,54.0,55.5,4.739
1765479650.0835552,0,30,20,23,26,3.5025253295898438,54.0,55.5,4.739
1765479650.2845614,99,47,35,46,27,3.502880096435547,55.0,55.5,7.587
1765479650.4875538,99,47,35,46,27,3.502880096435547,55.0,55.5,7.587
1765479650.6892383,99,47,35,46,27,3.502880096435547,55.0,55.5,7.587
1765479650.890344,99,16,30,21,20,3.503681182861328,55.0,55.0,7.011
1765479651.091798,99,16,30,21,20,3.503681182861328,55.0,55.0,7.011
1765479651.292989,98,26,30,53,19,3.5029983520507812,55.0,56.5,7.4
1765479651.494446,98,26,30,53,19,3.5029983520507812,55.0,56.5,7.4
1765479651.6972537,98,26,30,53,19,3.5029983520507812,55.0,56.5,7.4
1765479651.9001334,99,21,22,32,17,3.5037384033203125,55.0,55.5,6.85
1765479652.1016357,99,21,22,32,17,3.5037384033203125,55.0,55.5,6.85
1765479652.302537,99,32,26,50,33,3.5033836364746094,54.5,56.0,7.051
1765479652.5038257,99,32,26,50,33,3.5033836364746094,54.5,56.0,7.051
1765479652.7055402,99,32,26,50,33,3.5033836364746094,54.5,56.0,7.051
1765479652.9067945,98,18,21,41,24,3.5046234130859375,55.0,55.5,7.348
1765479653.108156,98,18,21,41,24,3.5046234130859375,55.0,55.5,7.348
1765479653.309195,99,24,20,28,23,3.50408935546875,55.0,55.5,6.199
1765479653.5104132,99,24,20,28,23,3.50408935546875,55.0,55.5,6.199
1765479653.7119982,99,24,20,28,23,3.50408935546875,55.0,55.5,6.199
1765479653.914031,99,29,36,28,52,3.504547119140625,55.0,55.5,6.661
1765479654.1152742,99,29,36,28,52,3.504547119140625,55.0,55.5,6.661
1765479654.3162358,99,29,36,28,52,3.504547119140625,55.0,55.5,6.661
1765479654.5173028,99,30,24,36,25,3.5042495727539062,55.0,55.5,6.58
1765479654.7184718,99,30,24,36,25,3.5042495727539062,55.0,55.5,6.58
1765479654.9195085,99,56,23,21,26,3.5051231384277344,55.0,55.5,7.735
1765479655.121099,99,56,23,21,26,3.5051231384277344,55.0,55.5,7.735
1765479655.3242106,99,56,23,21,26,3.5051231384277344,55.0,55.5,7.735
1765479655.5266125,97,29,12,22,18,3.505035400390625,55.0,55.0,6.038
1765479655.7277384,97,29,12,22,18,3.505035400390625,55.0,55.0,6.038
1765479655.9290001,99,42,54,34,34,3.505584716796875,55.5,55.5,7.44
1765479656.133275,99,42,54,34,34,3.505584716796875,55.5,55.5,7.44
1765479656.3352249,99,42,54,34,34,3.505584716796875,55.5,55.5,7.44
1765479656.5364077,99,32,22,30,18,3.505931854248047,55.5,56.0,7.507
1765479656.7377036,99,32,22,30,18,3.505931854248047,55.5,56.0,7.507
1765479656.940952,99,51,20,21,20,3.5051498413085938,54.5,56.5,7.36
1765479657.1424663,99,51,20,21,20,3.5051498413085938,54.5,56.5,7.36
1765479657.3455403,99,51,20,21,20,3.5051498413085938,54.5,56.5,7.36
1765479657.5484903,99,31,35,30,16,3.5053977966308594,55.0,55.0,7.051
1765479657.7507799,99,31,35,30,16,3.5053977966308594,55.0,55.0,7.051
1765479657.9519088,99,39,38,36,33,3.5047950744628906,55.0,57.0,7.051
1765479658.153388,99,39,38,36,33,3.5047950744628906,55.0,57.0,7.051
1765479658.3572547,99,39,38,36,33,3.5047950744628906,55.0,57.0,7.051
1765479658.558608,99,25,16,21,50,3.5066375732421875,55.5,56.0,8.014
1765479658.7597876,99,25,16,21,50,3.5066375732421875,55.5,56.0,8.014
1765479658.9607778,99,24,15,28,18,3.5060157775878906,55.0,55.5,6.621
1765479659.162686,99,24,15,28,18,3.5060157775878906,55.0,55.5,6.621
1765479659.3644998,99,24,15,28,18,3.5060157775878906,55.0,55.5,6.621
1765479659.5663772,99,27,38,40,26,3.506572723388672,55.0,55.5,6.931
1765479659.7679138,99,27,38,40,26,3.506572723388672,55.0,55.5,6.931
1765479659.96919,48,28,26,35,34,3.5065040588378906,55.0,56.0,5.837
1765479660.1704879,48,28,26,35,34,3.5065040588378906,55.0,56.0,5.837
1765479660.37151,48,28,26,35,34,3.5065040588378906,55.0,56.0,5.837
1765479660.5725324,99,22,28,56,26,3.5072097778320312,55.0,56.0,7.547
1765479660.7736986,99,22,28,56,26,3.5072097778320312,55.0,56.0,7.547
1765479660.9763508,99,24,24,19,23,3.5068092346191406,55.0,55.5,6.39
1765479661.1777582,99,24,24,19,23,3.5068092346191406,55.0,55.5,6.39
1765479661.3790054,99,24,24,19,23,3.5068092346191406,55.0,55.5,6.39
1765479661.5808258,99,33,25,66,43,3.5072250366210938,55.5,56.5,7.667
1765479661.7844634,99,33,25,66,43,3.5072250366210938,55.5,56.5,7.667
1765479661.9863214,99,20,24,20,28,3.508068084716797,55.5,56.0,7.854
1765479662.187663,99,20,24,20,28,3.508068084716797,55.5,56.0,7.854
1765479662.3888586,99,20,24,20,28,3.508068084716797,55.5,56.0,7.854
1765479662.5902483,99,26,32,42,20,3.5076370239257812,55.0,56.0,7.32
1765479662.7918396,99,26,32,42,20,3.5076370239257812,55.0,56.0,7.32
1765479662.9933429,99,22,39,25,21,3.5079612731933594,55.0,55.5,6.971
1765479663.196229,99,22,39,25,21,3.5079612731933594,55.0,55.5,6.971
1765479663.39807,99,22,39,25,21,3.5079612731933594,55.0,55.5,6.971
1765479663.599328,0,28,30,25,31,3.508136749267578,55.0,55.0,5.177
1765479663.8011081,0,28,30,25,31,3.508136749267578,55.0,55.0,5.177
1765479664.002353,0,28,30,25,31,3.508136749267578,55.0,55.0,5.177
1765479664.2041547,99,24,23,42,42,3.509197235107422,55.5,56.0,7.4
1765479664.405364,99,24,23,42,42,3.509197235107422,55.5,56.0,7.4
1765479664.6064773,99,24,22,30,22,3.5080718994140625,54.5,55.5,6.781
1765479664.8079746,99,24,22,30,22,3.5080718994140625,54.5,55.5,6.781
1765479665.0093424,99,24,22,30,22,3.5080718994140625,54.5,55.5,6.781
1765479665.211379,99,41,28,51,32,3.5091400146484375,55.5,56.0,7.011
1765479665.4127922,99,41,28,51,32,3.5091400146484375,55.5,56.0,7.011
1765479665.613984,99,22,25,27,23,3.5093040466308594,55.0,55.5,6.159
1765479665.8151453,99,22,25,27,23,3.5093040466308594,55.0,55.5,6.159
1765479666.017861,99,22,25,27,23,3.5093040466308594,55.0,55.5,6.159
1765479666.2194324,99,27,64,24,30,3.509716033935547,55.5,56.0,7.735
1765479666.4216928,99,27,64,24,30,3.509716033935547,55.5,56.0,7.735
1765479666.6244798,99,14,26,26,15,3.5099639892578125,55.0,55.5,6.85
1765479666.8257978,99,14,26,26,15,3.5099639892578125,55.0,55.5,6.85
1765479667.0271032,99,14,26,26,15,3.5099639892578125,55.0,55.5,6.85
1765479667.2286758,99,33,56,37,34,3.5098609924316406,55.0,56.0,7.28
1765479667.4302082,99,33,56,37,34,3.5098609924316406,55.0,56.0,7.28
1765479667.6314187,98,27,31,19,21,3.5114059448242188,55.0,56.0,7.547
1765479667.8325584,98,27,31,19,21,3.5114059448242188,55.0,56.0,7.547
1765479668.0379848,98,27,31,19,21,3.5114059448242188,55.0,56.0,7.547
1765479668.2392442,99,28,30,28,27,3.5108070373535156,54.5,56.5,6.931
1765479668.4408529,99,28,30,28,27,3.5108070373535156,54.5,56.5,6.931
1765479668.6432843,99,44,23,26,26,3.5108184814453125,55.5,55.5,7.28
1765479668.8448386,99,44,23,26,26,3.5108184814453125,55.5,55.5,7.28
1765479669.0460026,99,44,23,26,26,3.5108184814453125,55.5,55.5,7.28
1765479669.2475548,99,26,26,29,30,3.510700225830078,55.0,55.5,7.131
1765479669.449061,99,26,26,29,30,3.510700225830078,55.0,55.5,7.131
1765479669.6504102,99,32,24,53,26,3.511871337890625,55.5,55.5,7.12
1765479669.8532922,99,32,24,53,26,3.511871337890625,55.5,55.5,7.12
1765479670.0553358,99,32,24,53,26,3.511871337890625,55.5,55.5,7.12
1765479670.2581537,99,24,25,22,23,3.511341094970703,54.5,55.5,6.118
1765479670.4668427,99,24,25,22,23,3.511341094970703,54.5,55.5,6.118
1765479670.6684916,99,33,43,36,49,3.5113487243652344,55.5,56.0,7.32
1765479670.8702579,99,33,43,36,49,3.5113487243652344,55.5,56.0,7.32
1765479671.0716953,99,33,43,36,49,3.5113487243652344,55.5,56.0,7.32
1765479671.273745,90,26,22,25,22,3.511882781982422,55.5,56.0,7.131
1765479671.4754748,90,26,22,25,22,3.511882781982422,55.5,56.0,7.131
1765479671.6766906,98,22,57,18,25,3.5118980407714844,55.0,56.0,7.667
1765479671.8793209,98,22,57,18,25,3.5118980407714844,55.0,56.0,7.667
1765479672.0816467,98,22,57,18,25,3.5118980407714844,55.0,56.0,7.667
1765479672.283174,99,24,26,25,20,3.5127906799316406,55.5,56.0,7.28
1765479672.4842136,99,24,26,25,20,3.5127906799316406,55.5,56.0,7.28
1765479672.6854134,99,34,26,47,32,3.512104034423828,55.5,56.0,7.28
1765479672.8869197,99,34,26,47,32,3.512104034423828,55.5,56.0,7.28
1765479673.0883396,99,34,26,47,32,3.512104034423828,55.5,56.0,7.28
1765479673.2924945,99,22,21,36,12,3.5128707885742188,55.5,56.5,8.081
1765479673.4938745,99,22,21,36,12,3.5128707885742188,55.5,56.5,8.081
1765479673.6950586,0,24,25,24,19,3.512348175048828,54.0,55.5,5.249
1765479673.8962224,0,24,25,24,19,3.512348175048828,54.0,55.5,5.249
1765479674.0976648,0,24,25,24,19,3.512348175048828,54.0,55.5,5.249
1765479674.2998612,99,36,30,50,16,3.512767791748047,55.5,55.5,7.16
1765479674.5013146,99,36,30,50,16,3.512767791748047,55.5,55.5,7.16
1765479674.7024832,99,34,20,27,23,3.512969970703125,55.5,56.0,7.091
1765479674.9036958,99,34,20,27,23,3.512969970703125,55.5,56.0,7.091
1765479675.1051395,99,34,20,27,23,3.512969970703125,55.5,56.0,7.091
1765479675.3064208,99,58,22,32,16,3.5141677856445312,55.0,56.0,7.468
1765479675.5093737,99,58,22,32,16,3.5141677856445312,55.0,56.0,7.468
1765479675.7115827,0,27,29,25,19,3.506450653076172,54.0,56.0,4.585
1765479675.9142878,0,27,29,25,19,3.506450653076172,54.0,56.0,4.585
1765479676.1156511,0,27,29,25,19,3.506450653076172,54.0,56.0,4.585
1765479676.3183138,99,33,58,24,34,3.506389617919922,55.5,56.0,7.48
1765479676.5203745,99,33,58,24,34,3.506389617919922,55.5,56.0,7.48
1765479676.721713,99,33,58,24,34,3.506389617919922,55.5,56.0,7.48
1765479676.9237878,98,26,14,15,27,3.5073013305664062,55.5,56.0,7.051
1765479677.1254914,98,26,14,15,27,3.5073013305664062,55.5,56.0,7.051
1765479677.3268316,99,26,22,24,56,3.5068817138671875,55.5,56.0,7.4
1765479677.5290174,99,26,22,24,56,3.5068817138671875,55.5,56.0,7.4
1765479677.731047,99,26,22,24,56,3.5068817138671875,55.5,56.0,7.4
1765479677.9322624,99,31,24,25,27,3.5073280334472656,55.5,55.5,6.85
1765479678.1334822,99,31,24,25,27,3.5073280334472656,55.5,55.5,6.85
1765479678.339362,99,34,30,34,39,3.506610870361328,55.0,56.0,6.39
1765479678.5403593,99,34,30,34,39,3.506610870361328,55.0,56.0,6.39
1765479678.7417815,99,34,30,34,39,3.506610870361328,55.0,56.0,6.39
1765479678.9441862,99,22,17,14,49,3.5086517333984375,55.5,56.0,7.735
1765479679.1456366,99,22,17,14,49,3.5086517333984375,55.5,56.0,7.735
1765479679.3470676,99,20,22,32,13,3.5077781677246094,55.0,55.5,6.701
1765479679.54822,99,20,22,32,13,3.5077781677246094,55.0,55.5,6.701
1765479679.7497504,99,20,22,32,13,3.5077781677246094,55.0,55.5,6.701
1765479679.951793,99,47,32,31,42,3.5087547302246094,55.5,56.0,7.091
1765479680.1531212,99,47,32,31,42,3.5087547302246094,55.5,56.0,7.091
1765479680.354313,99,33,23,32,18,3.508502960205078,55.0,56.5,5.837
1765479680.5553584,99,33,23,32,18,3.508502960205078,55.0,56.5,5.837
1765479680.7564418,99,33,23,32,18,3.508502960205078,55.0,56.5,5.837
1765479680.9578426,99,20,27,23,59,3.5096702575683594,55.5,56.5,7.854
1765479681.159538,99,20,27,23,59,3.5096702575683594,55.5,56.5,7.854
1765479681.3606849,99,18,22,20,10,3.50909423828125,55.0,55.5,6.269
1765479681.561802,99,18,22,20,10,3.50909423828125,55.0,55.5,6.269
1765479681.7631125,99,18,22,20,10,3.50909423828125,55.0,55.5,6.269
1765479681.9644887,98,30,34,28,66,3.509082794189453,55.0,56.0,7.547
1765479682.1656308,98,30,34,28,66,3.509082794189453,55.0,56.0,7.547
1765479682.3670442,99,30,26,25,19,3.510040283203125,55.5,56.5,7.627
1765479682.5689216,99,30,26,25,19,3.510040283203125,55.5,56.5,7.627
1765479682.7707524,99,30,26,25,19,3.510040283203125,55.5,56.5,7.627
1765479682.9718704,99,29,43,29,21,3.5098342895507812,55.5,56.0,7.468
1765479683.1750803,99,29,43,29,21,3.5098342895507812,55.5,56.0,7.468
1765479683.3773444,99,34,31,14,18,3.510040283203125,55.5,55.5,7.131
1765479683.578504,99,34,31,14,18,3.510040283203125,55.5,55.5,7.131
1765479683.7815711,99,34,31,14,18,3.510040283203125,55.5,55.5,7.131
1765479683.9829879,94,33,33,35,28,3.5105857849121094,55.0,57.5,6.43
1765479684.1846848,94,33,33,35,28,3.5105857849121094,55.0,57.5,6.43
1765479684.3864386,99,28,14,18,46,3.5116310119628906,55.5,56.0,7.547
1765479684.588458,99,28,14,18,46,3.5116310119628906,55.5,56.0,7.547
1765479684.789595,99,28,14,18,46,3.5116310119628906,55.5,56.0,7.547
1765479684.9909148,99,23,28,19,26,3.5106239318847656,55.5,55.5,6.741
1765479685.1923149,99,23,28,19,26,3.5106239318847656,55.5,55.5,6.741
1765479685.3943665,99,23,28,19,26,3.5106239318847656,55.5,55.5,6.741
1765479685.599447,99,35,37,28,53,3.511974334716797,55.5,55.5,6.77
1765479685.8009791,99,35,37,28,53,3.511974334716797,55.5,55.5,6.77
1765479686.0025444,0,28,25,28,25,3.511798858642578,55.0,57.0,5.371
1765479686.203829,0,28,25,28,25,3.511798858642578,55.0,57.0,5.371
1765479686.4066901,0,28,25,28,25,3.511798858642578,55.0,57.0,5.371
1765479686.6085927,99,26,22,62,23,3.5135574340820312,55.5,56.5,8.12
1765479686.8128626,99,26,22,62,23,3.5135574340820312,55.5,56.5,8.12
1765479687.0141938,99,32,16,25,19,3.4981651306152344,55.5,56.0,6.661
1765479687.2153778,99,32,16,25,19,3.4981651306152344,55.5,56.0,6.661
1765479687.4165308,99,32,16,25,19,3.4981651306152344,55.5,56.0,6.661
1765479687.6184654,99,25,38,24,64,3.4980239868164062,55.5,56.0,7.735
1765479687.8201907,99,25,38,24,64,3.4980239868164062,55.5,56.0,7.735
1765479688.0220969,99,25,25,23,17,3.499359130859375,55.5,56.5,7.44
1765479688.224252,99,25,25,23,17,3.499359130859375,55.5,56.5,7.44
1765479688.4260745,99,25,25,23,17,3.499359130859375,55.5,56.5,7.44
1765479688.6274648,99,26,42,25,29,3.498748779296875,55.5,56.0,7.507
1765479688.8306108,99,26,42,25,29,3.498748779296875,55.5,56.0,7.507
1765479689.0327332,98,37,42,24,25,3.49920654296875,55.5,56.0,7.011
1765479689.2341518,98,37,42,24,25,3.49920654296875,55.5,56.0,7.011
1765479689.4361439,98,37,42,24,25,3.49920654296875,55.5,56.0,7.011
1765479689.6375878,59,31,32,28,27,3.498889923095703,55.5,55.5,5.532
1765479689.8393536,59,31,32,28,27,3.498889923095703,55.5,55.5,5.532
1765479690.040681,99,30,18,29,58,3.5000457763671875,55.5,56.0,7.32
1765479690.2436404,99,30,18,29,58,3.5000457763671875,55.5,56.0,7.32
1765479690.445101,99,30,18,29,58,3.5000457763671875,55.5,56.0,7.32
1765479690.6462731,99,28,25,10,16,3.499317169189453,55.0,56.0,6.58
1765479690.8479705,99,28,25,10,16,3.499317169189453,55.0,56.0,6.58
1765479691.0493252,99,37,32,32,51,3.49951171875,55.5,56.0,7.131
1765479691.2508097,99,37,32,32,51,3.49951171875,55.5,56.0,7.131
1765479691.4522626,99,37,32,32,51,3.49951171875,55.5,56.0,7.131
1765479691.6536849,99,27,26,23,22,3.5001220703125,55.5,55.5,5.451
1765479691.855351,99,27,26,23,22,3.5001220703125,55.5,55.5,5.451
1765479692.0565462,99,31,64,32,24,3.501220703125,55.5,56.5,8.2
1765479692.2579842,99,31,64,32,24,3.501220703125,55.5,56.5,8.2
1765479692.4604,99,31,64,32,24,3.501220703125,55.5,56.5,8.2
1765479692.6617987,98,25,17,23,21,3.5004348754882812,55.5,56.0,6.621
1765479692.863082,98,25,17,23,21,3.5004348754882812,55.5,56.0,6.621
1765479693.0641458,99,34,35,56,33,3.500263214111328,56.0,57.0,7.428
1765479693.2657914,99,34,35,56,33,3.500263214111328,56.0,57.0,7.428
1765479693.4672704,99,34,35,56,33,3.500263214111328,56.0,57.0,7.428
1765479693.669382,99,24,21,30,22,3.5007781982421875,55.5,56.0,7.28
1765479693.8725576,99,24,21,30,22,3.5007781982421875,55.5,56.0,7.28
1765479694.0744152,99,24,21,30,22,3.5007781982421875,55.5,56.0,7.28
1765479694.2756996,99,22,33,22,35,3.5015602111816406,55.0,57.0,7.16
1765479694.4784882,99,22,33,22,35,3.5015602111816406,55.0,57.0,7.16
1765479694.680605,99,40,33,20,18,3.5014801025390625,55.5,56.0,7.4
1765479694.882197,99,40,33,20,18,3.5014801025390625,55.5,56.0,7.4
1765479695.0833776,99,40,33,20,18,3.5014801025390625,55.5,56.0,7.4
1765479695.2844915,99,27,22,31,30,3.5018692016601562,55.5,56.0,6.821
1765479695.4861095,99,27,22,31,30,3.5018692016601562,55.5,56.0,6.821
1765479695.688151,99,27,63,25,25,3.503032684326172,55.5,56.5,7.36
1765479695.891502,99,27,63,25,25,3.503032684326172,55.5,56.5,7.36
1765479696.093294,99,27,63,25,25,3.503032684326172,55.5,56.5,7.36
1765479696.2946136,99,22,19,19,23,3.5021591186523438,55.0,56.0,5.796
1765479696.496404,99,22,19,19,23,3.5021591186523438,55.0,56.0,5.796
1765479696.6987827,99,26,35,37,56,3.5024261474609375,55.5,56.5,7.32
1765479696.9000716,99,26,35,37,56,3.5024261474609375,55.5,56.5,7.32
1765479697.1022506,99,26,35,37,56,3.5024261474609375,55.5,56.5,7.32
1765479697.3042731,99,29,27,16,20,3.5029754638671875,55.5,55.5,6.35
1765479697.5057054,99,29,27,16,20,3.5029754638671875,55.5,55.5,6.35
1765479697.7067583,98,24,64,35,18,3.5042190551757812,55.5,56.5,8.16
1765479697.9104939,98,24,64,35,18,3.5042190551757812,55.5,56.5,8.16
1765479698.1133215,98,24,64,35,18,3.5042190551757812,55.5,56.5,8.16
1765479698.315001,99,19,26,20,16,3.5036964416503906,56.0,56.0,7.16
1765479698.5162063,99,19,26,20,16,3.5036964416503906,56.0,56.0,7.16
1765479698.7198465,99,27,31,35,53,3.5031051635742188,55.5,56.0,7.4
1765479698.922548,99,27,31,35,53,3.5031051635742188,55.5,56.0,7.4
1765479699.1241121,99,27,31,35,53,3.5031051635742188,55.5,56.0,7.4
1765479699.3265054,99,21,38,25,20,3.503856658935547,55.5,56.5,7.747
1765479699.52873,99,21,38,25,20,3.503856658935547,55.5,56.5,7.747
1765479699.7304943,99,17,26,24,32,3.503826141357422,55.0,57.0,6.701
1765479699.932911,99,17,26,24,32,3.503826141357422,55.0,57.0,6.701
1765479700.1364734,99,17,26,24,32,3.503826141357422,55.0,57.0,6.701
1765479700.3388724,99,22,24,49,34,3.504138946533203,55.5,56.5,7.131
1765479700.5400777,99,22,24,49,34,3.504138946533203,55.5,56.5,7.131
1765479700.7411206,99,26,26,24,26,3.504405975341797,55.0,56.0,6.781
1765479700.9422233,99,26,26,24,26,3.504405975341797,55.0,56.0,6.781
1765479701.1431913,99,26,26,24,26,3.504405975341797,55.0,56.0,6.781
1765479701.3453276,99,25,64,26,30,3.5056495666503906,55.5,56.5,7.934
1765479701.5482364,99,25,64,26,30,3.5056495666503906,55.5,56.5,7.934
1765479701.7497735,81,30,12,20,12,3.5047569274902344,55.0,56.5,5.492
1765479701.9510202,81,30,12,20,12,3.5047569274902344,55.0,56.5,5.492
1765479702.1522422,81,30,12,20,12,3.5047569274902344,55.0,56.5,5.492
1765479702.353554,99,31,62,35,31,3.5054283142089844,55.5,56.5,7.627
1765479702.554767,99,31,62,35,31,3.5054283142089844,55.5,56.5,7.627
1765479702.7561839,99,22,24,24,18,3.5057640075683594,56.0,56.5,6.781
1765479702.9577096,99,22,24,24,18,3.5057640075683594,56.0,56.5,6.781
1765479703.1591954,99,22,24,24,18,3.5057640075683594,56.0,56.5,6.781
1765479703.360218,99,29,36,54,24,3.5071678161621094,56.0,57.0,8.001
1765479703.5617342,99,29,36,54,24,3.5071678161621094,56.0,57.0,8.001
1765479703.7633286,99,22,20,18,18,3.5066184997558594,55.5,56.0,6.971
1765479703.9644902,99,22,20,18,18,3.5066184997558594,55.5,56.0,6.971
1765479704.1654887,99,22,20,18,18,3.5066184997558594,55.5,56.0,6.971
1765479704.3664937,99,34,38,33,34,3.5061721801757812,55.5,56.0,6.591
1765479704.5675492,99,34,38,33,34,3.5061721801757812,55.5,56.0,6.591
1765479704.7685523,99,34,38,33,34,3.5061721801757812,55.5,56.0,6.591
1765479704.9702618,99,19,52,20,23,3.5067062377929688,56.0,57.0,8.399
1765479705.17201,99,19,52,20,23,3.5067062377929688,56.0,57.0,8.399
1765479705.3733685,99,23,18,18,18,3.5064544677734375,55.5,56.0,6.701
1765479705.5745733,99,23,18,18,18,3.5064544677734375,55.5,56.0,6.701
1765479705.7760446,99,23,18,18,18,3.5064544677734375,55.5,56.0,6.701
1765479705.977364,99,54,33,19,28,3.5067787170410156,56.0,56.0,6.931
1765479706.1791408,99,54,33,19,28,3.5067787170410156,56.0,56.0,6.931
1765479706.3808115,99,38,25,27,28,3.5073509216308594,55.0,56.5,5.917
1765479706.582146,99,38,25,27,28,3.5073509216308594,55.0,56.5,5.917
1765479706.7833617,99,38,25,27,28,3.5073509216308594,55.0,56.5,5.917
1765479706.9855292,99,28,24,56,25,3.5080032348632812,56.0,56.5,7.934
1765479707.1891222,99,28,24,56,25,3.5080032348632812,56.0,56.5,7.934
1765479707.3909638,99,21,14,17,19,3.507232666015625,55.5,56.0,6.43
1765479707.5923429,99,21,14,17,19,3.507232666015625,55.5,56.0,6.43
1765479707.7936969,99,21,14,17,19,3.507232666015625,55.5,56.0,6.43
1765479707.9965942,99,33,28,64,34,3.507648468017578,56.0,57.0,7.428
1765479708.1982067,99,33,28,64,34,3.507648468017578,56.0,57.0,7.428
1765479708.4000175,99,31,21,22,20,3.5078086853027344,56.0,56.5,7.091
1765479708.601711,99,31,21,22,20,3.5078086853027344,56.0,56.5,7.091
1765479708.803013,99,31,21,22,20,3.5078086853027344,56.0,56.5,7.091
1765479709.0047896,99,36,26,19,39,3.5090103149414062,55.5,57.0,6.81
1765479709.2069042,99,36,26,19,39,3.5090103149414062,55.5,57.0,6.81
1765479709.4089892,99,32,39,20,22,3.5079421997070312,56.0,56.0,7.28
1765479709.6104906,99,32,39,20,22,3.5079421997070312,56.0,56.0,7.28
1765479709.8118927,99,32,39,20,22,3.5079421997070312,56.0,56.0,7.28
1765479710.0130324,99,33,25,23,28,3.5082054138183594,55.5,56.0,6.741
1765479710.2141647,99,33,25,23,28,3.5082054138183594,55.5,56.0,6.741
1765479710.4153676,99,32,22,29,61,3.509532928466797,56.0,56.5,7.171
1765479710.6176193,99,32,22,29,61,3.509532928466797,56.0,56.5,7.171
1765479710.8193634,99,32,22,29,61,3.509532928466797,56.0,56.5,7.171
1765479711.0202508,99,22,16,22,17,3.50946044921875,55.0,56.0,6.159
1765479711.2213085,99,22,16,22,17,3.50946044921875,55.0,56.0,6.159
1765479711.422745,99,35,28,56,24,3.509357452392578,56.0,56.5,7.468
1765479711.6242092,99,35,28,56,24,3.509357452392578,56.0,56.5,7.468
1765479711.8265758,99,35,28,56,24,3.509357452392578,56.0,56.5,7.468
1765479712.028417,99,26,26,23,26,3.50994873046875,55.5,56.0,6.621
1765479712.2297413,99,26,26,23,26,3.50994873046875,55.5,56.0,6.621
1765479712.4310906,98,31,56,33,25,3.5110435485839844,56.0,57.0,8.081
1765479712.6334167,98,31,56,33,25,3.5110435485839844,56.0,57.0,8.081
1765479712.8361502,98,31,56,33,25,3.5110435485839844,56.0,57.0,8.081
1765479713.0376656,99,20,20,20,21,3.5105667114257812,56.0,56.0,7.2
1765479713.23955,99,20,20,20,21,3.5105667114257812,56.0,56.0,7.2
1765479713.4408376,99,35,53,29,35,3.5105667114257812,56.0,56.5,7.36
1765479713.6418068,99,35,53,29,35,3.5105667114257812,56.0,56.5,7.36
1765479713.8432617,99,35,53,29,35,3.5105667114257812,56.0,56.5,7.36
1765479714.0455093,99,20,25,60,25,3.5040130615234375,56.0,56.0,7.894
1765479714.2470376,99,20,25,60,25,3.5040130615234375,56.0,56.0,7.894
1765479714.448101,0,25,26,12,35,3.5025672912597656,55.0,55.5,4.861
1765479714.6493363,0,25,26,12,35,3.5025672912597656,55.0,55.5,4.861
1765479714.851338,0,25,26,12,35,3.5025672912597656,55.0,55.5,4.861
1765479715.0534556,99,33,27,50,40,3.5014076232910156,56.0,56.5,7.2
1765479715.2549443,99,33,27,50,40,3.5014076232910156,56.0,56.5,7.2
1765479715.4558907,99,33,27,50,40,3.5014076232910156,56.0,56.5,7.2
1765479715.657196,99,30,28,28,28,3.500396728515625,55.5,56.0,6.77
1765479715.8584,99,30,28,28,28,3.500396728515625,55.5,56.0,6.77
1765479716.061059,99,38,56,21,31,3.5011672973632812,56.0,56.5,7.747
1765479716.264188,99,38,56,21,31,3.5011672973632812,56.0,56.5,7.747
1765479716.4667296,99,38,56,21,31,3.5011672973632812,56.0,56.5,7.747
1765479716.6681206,99,25,17,10,15,3.501239776611328,55.0,55.5,5.136
1765479716.8695908,99,25,17,10,15,3.501239776611328,55.0,55.5,5.136
1765479717.0709293,99,64,26,30,30,3.5008392333984375,56.0,56.5,7.547
1765479717.2724452,99,64,26,30,30,3.5008392333984375,56.0,56.5,7.547
1765479717.4761117,99,64,26,30,30,3.5008392333984375,56.0,56.5,7.547
1765479717.677617,99,26,26,22,16,3.501728057861328,56.0,56.5,6.861
1765479717.8805358,99,26,26,22,16,3.501728057861328,56.0,56.5,6.861
1765479718.0816257,99,38,32,30,46,3.502605438232422,55.5,57.5,7.775
1765479718.2830453,99,38,32,30,46,3.502605438232422,55.5,57.5,7.775
1765479718.485296,99,38,32,30,46,3.502605438232422,55.5,57.5,7.775
1765479718.6865141,98,19,28,16,15,3.5021400451660156,56.0,56.5,6.85
1765479718.8886557,98,19,28,16,15,3.5021400451660156,56.0,56.5,6.85
1765479719.0903463,99,32,29,43,41,3.502056121826172,55.5,57.0,6.781
1765479719.2913418,99,32,29,43,41,3.502056121826172,55.5,57.0,6.781
1765479719.4930472,99,32,29,43,41,3.502056121826172,55.5,57.0,6.781
1765479719.6951132,99,23,23,44,22,3.5024871826171875,56.0,56.5,7.547
1765479719.896374,99,23,23,44,22,3.5024871826171875,56.0,56.5,7.547
1765479720.0973542,86,36,29,26,25,3.5035324096679688,56.0,57.0,7.32
1765479720.2983515,86,36,29,26,25,3.5035324096679688,56.0,57.0,7.32
1765479720.4995682,86,36,29,26,25,3.5035324096679688,56.0,57.0,7.32
1765479720.7011545,99,26,30,54,28,3.5028953552246094,56.0,56.5,6.891
1765479720.9024856,99,26,30,54,28,3.5028953552246094,56.0,56.5,6.891
1765479721.1040077,99,30,21,34,26,3.5036087036132812,55.5,56.5,5.927
1765479721.3051307,99,30,21,34,26,3.5036087036132812,55.5,56.5,5.927
1765479721.506476,99,30,21,34,26,3.5036087036132812,55.5,56.5,5.927
1765479721.7080755,99,62,34,28,28,3.504314422607422,56.5,57.0,7.735
1765479721.9111948,99,62,34,28,28,3.504314422607422,56.5,57.0,7.735
1765479722.1127245,96,20,20,12,27,3.5044784545898438,55.5,56.5,6.81
1765479722.313684,96,20,20,12,27,3.5044784545898438,55.5,56.5,6.81
1765479722.5148802,96,20,20,12,27,3.5044784545898438,55.5,56.5,6.81
1765479722.7164416,99,17,28,69,29,3.5039596557617188,56.0,57.0,7.547
1765479722.9177263,99,17,28,69,29,3.5039596557617188,56.0,57.0,7.547
1765479723.1196327,99,17,28,69,29,3.5039596557617188,56.0,57.0,7.547
1765479723.3210301,99,28,30,12,24,3.504711151123047,56.0,56.5,7.4
1765479723.5226219,99,28,30,12,24,3.504711151123047,56.0,56.5,7.4
1765479723.7238023,99,36,30,33,48,3.5056610107421875,56.0,57.0,7.707
1765479723.925811,99,36,30,33,48,3.5056610107421875,56.0,57.0,7.707
1765479724.1284459,99,36,30,33,48,3.5056610107421875,56.0,57.0,7.707
1765479724.3302839,99,28,16,18,34,3.5041542053222656,55.5,56.5,7.12
1765479724.532084,99,28,16,18,34,3.5041542053222656,55.5,56.5,7.12
1765479724.7337854,48,30,38,23,35,3.5047378540039062,55.5,57.0,5.725
1765479724.9350553,48,30,38,23,35,3.5047378540039062,55.5,57.0,5.725
1765479725.1362772,48,30,38,23,35,3.5047378540039062,55.5,57.0,5.725
1765479725.3484704,99,26,21,57,29,3.5051727294921875,56.0,57.0,7.627
1765479725.549655,99,26,21,57,29,3.5051727294921875,56.0,57.0,7.627
1765479725.7509873,99,20,26,28,20,3.5049057006835938,56.0,56.5,7.747
1765479725.9520173,99,20,26,28,20,3.5049057006835938,56.0,56.5,7.747
1765479726.1535017,99,20,26,28,20,3.5049057006835938,56.0,56.5,7.747
1765479726.354908,99,25,18,21,58,3.5049667358398438,56.0,56.5,6.85
1765479726.5562532,99,25,18,21,58,3.5049667358398438,56.0,56.5,6.85
1765479726.757437,19,33,25,22,20,3.505340576171875,55.5,56.0,4.544
1765479726.9585278,19,33,25,22,20,3.505340576171875,55.5,56.0,4.544
1765479727.159492,19,33,25,22,20,3.505340576171875,55.5,56.0,4.544
1765479727.3618205,99,54,28,41,42,3.5061683654785156,56.0,57.0,8.359
1765479727.5647702,99,54,28,41,42,3.5061683654785156,56.0,57.0,8.359
1765479727.7663245,99,14,19,14,12,3.5065994262695312,56.0,56.5,7.011
1765479727.9677217,99,14,19,14,12,3.5065994262695312,56.0,56.5,7.011
1765479728.1690168,99,14,19,14,12,3.5065994262695312,56.0,56.5,7.011
1765479728.370684,99,28,55,28,27,3.5063209533691406,56.0,56.5,7.36
1765479728.5720448,99,28,55,28,27,3.5063209533691406,56.0,56.5,7.36
1765479728.7740312,99,22,17,22,32,3.506420135498047,56.5,57.0,7.131
1765479728.9753256,99,22,17,22,32,3.506420135498047,56.5,57.0,7.131
1765479729.1763475,99,22,17,22,32,3.506420135498047,56.5,57.0,7.131
1765479729.37746,99,34,25,23,34,3.5075149536132812,55.5,57.0,7.12
1765479729.5797877,99,34,25,23,34,3.5075149536132812,55.5,57.0,7.12
1765479729.7816346,99,18,43,20,17,3.5070114135742188,56.0,56.5,7.051
1765479729.9830816,99,18,43,20,17,3.5070114135742188,56.0,56.5,7.051
1765479730.1848905,99,18,43,20,17,3.5070114135742188,56.0,56.5,7.051
1765479730.3866224,99,31,22,22,22,3.5074806213378906,56.0,56.5,6.701
1765479730.5878315,99,31,22,22,22,3.5074806213378906,56.0,56.5,6.701
1765479730.7889745,99,32,29,26,56,3.5074119567871094,56.0,56.5,6.931
1765479730.9905446,99,32,29,26,56,3.5074119567871094,56.0,56.5,6.931
1765479731.1916866,99,32,29,26,56,3.5074119567871094,56.0,56.5,6.931
1765479731.3929257,99,22,26,26,30,3.507762908935547,55.5,57.0,6.31
1765479731.5941477,99,22,26,26,30,3.507762908935547,55.5,57.0,6.31
1765479731.795093,99,24,22,54,24,3.5071258544921875,56.0,56.5,7.32
1765479731.996309,99,24,22,54,24,3.5071258544921875,56.0,56.5,7.32
1765479732.1974533,99,24,22,54,24,3.5071258544921875,56.0,56.5,7.32
1765479732.3991096,96,26,17,25,22,3.5074081420898438,56.0,56.5,6.239
1765479732.6003113,96,26,17,25,22,3.5074081420898438,56.0,56.5,6.239
1765479732.8013601,96,26,17,25,22,3.5074081420898438,56.0,56.5,6.239
1765479733.0033543,99,40,35,54,37,3.5079002380371094,56.0,57.5,8.319
1765479733.205606,99,40,35,54,37,3.5079002380371094,56.0,57.5,8.319
1765479733.4070995,99,20,22,14,16,3.508159637451172,56.0,56.5,7.4
1765479733.6084807,99,20,22,14,16,3.508159637451172,56.0,56.5,7.4
1765479733.8097558,99,20,22,14,16,3.508159637451172,56.0,56.5,7.4
1765479734.0108128,99,30,28,52,31,3.508350372314453,56.0,57.5,7.468
1765479734.212506,99,30,28,52,31,3.508350372314453,56.0,57.5,7.468
1765479734.4151747,99,30,25,32,21,3.5088233947753906,56.0,56.5,7.24
1765479734.616608,99,30,25,32,21,3.5088233947753906,56.0,56.5,7.24
1765479734.8176312,99,30,25,32,21,3.5088233947753906,56.0,56.5,7.24
1765479735.0236912,43,28,28,30,37,3.509624481201172,55.0,57.5,5.957
1765479735.2253532,43,28,28,30,37,3.509624481201172,55.0,57.5,5.957
1765479735.4268026,99,28,24,41,17,3.5090560913085938,56.0,57.0,7.28
1765479735.6286488,99,28,24,41,17,3.5090560913085938,56.0,57.0,7.28
1765479735.8302984,99,28,24,41,17,3.5090560913085938,56.0,57.0,7.28
1765479736.0315213,99,24,30,21,24,3.5097618103027344,55.5,56.5,7.051
1765479736.2326963,99,24,30,21,24,3.5097618103027344,55.5,56.5,7.051
1765479736.4341905,99,35,29,31,56,3.5102500915527344,56.0,56.5,6.931
1765479736.6370027,99,35,29,31,56,3.5102500915527344,56.0,56.5,6.931
1765479736.8384743,99,35,29,31,56,3.5102500915527344,56.0,56.5,6.931
1765479737.0398731,0,27,28,18,17,3.5108299255371094,55.5,57.5,5.136
1765479737.2409625,0,27,28,18,17,3.5108299255371094,55.5,57.5,5.136
1765479737.4422305,99,58,21,23,22,3.510242462158203,56.0,57.0,7.36
1765479737.6436334,99,58,21,23,22,3.510242462158203,56.0,57.0,7.36
1765479737.8456132,99,58,21,23,22,3.510242462158203,56.0,57.0,7.36
1765479738.0480146,99,30,22,26,24,3.5111770629882812,56.0,56.5,6.821
1765479738.2497125,99,30,22,26,24,3.5111770629882812,56.0,56.5,6.821
1765479738.4545271,99,55,43,29,34,3.5109519958496094,56.0,57.5,8.041
1765479738.6565611,99,55,43,29,34,3.5109519958496094,56.0,57.5,8.041
1765479738.8595002,99,55,43,29,34,3.5109519958496094,56.0,57.5,8.041
1765479739.0607944,99,25,17,12,18,3.5113525390625,56.0,56.5,7.32
1765479739.2632673,99,25,17,12,18,3.5113525390625,56.0,56.5,7.32
1765479739.4648674,99,23,30,29,50,3.5105972290039062,56.0,57.5,7.587
1765479739.666,99,23,30,29,50,3.5105972290039062,56.0,57.5,7.587
1765479739.868372,99,23,30,29,50,3.5105972290039062,56.0,57.5,7.587
1765479740.071557,98,22,22,22,35,3.511383056640625,56.0,56.5,7.051
1765479740.273719,98,22,22,22,35,3.511383056640625,56.0,56.5,7.051
1765479740.4749348,0,34,34,24,19,3.512866973876953,55.0,56.5,5.532
1765479740.6760838,0,34,34,24,19,3.512866973876953,55.0,56.5,5.532
1765479740.8788047,0,34,34,24,19,3.512866973876953,55.0,56.5,5.532
1765479741.0803387,99,21,21,12,54,3.51202392578125,56.0,57.0,6.661
1765479741.2817588,99,21,21,12,54,3.51202392578125,56.0,57.0,6.661
1765479741.4832299,99,21,21,12,54,3.51202392578125,56.0,57.0,6.661
1765479741.6846392,99,28,22,25,24,3.5116653442382812,56.0,56.5,6.5
1765479741.8858237,99,28,22,25,24,3.5116653442382812,56.0,56.5,6.5
1765479742.088287,99,54,40,30,24,3.5112380981445312,56.5,57.0,7.16
1765479742.2907264,99,54,40,30,24,3.5112380981445312,56.5,57.0,7.16
1765479742.4919572,99,54,40,30,24,3.5112380981445312,56.5,57.0,7.16
1765479742.6934037,99,24,24,16,16,3.5126571655273438,56.0,56.5,5.653
1765479742.894518,99,24,24,16,16,3.5126571655273438,56.0,56.5,5.653
1765479743.0959716,99,28,28,62,26,3.5122222900390625,56.5,57.0,7.627
1765479743.297987,99,28,28,62,26,3.5122222900390625,56.5,57.0,7.627
1765479743.4999952,99,28,28,62,26,3.5122222900390625,56.5,57.0,7.627
1765479743.7025597,99,24,23,20,24,3.5129470825195312,56.0,56.5,7.011
1765479743.9038918,99,24,23,20,24,3.5129470825195312,56.0,56.5,7.011
1765479744.1050704,99,38,30,37,46,3.512500762939453,56.0,57.5,7.747
1765479744.306792,99,38,30,37,46,3.512500762939453,56.0,57.5,7.747
1765479744.5083284,99,38,30,37,46,3.512500762939453,56.0,57.5,7.747
1765479744.709576,99,22,22,26,14,3.5133895874023438,56.0,56.5,7.08
1765479744.9117484,99,22,22,26,14,3.5133895874023438,56.0,56.5,7.08
1765479745.1133227,46,37,36,32,29,3.51318359375,55.0,58.0,5.411
1765479745.3144786,46,37,36,32,29,3.51318359375,55.0,58.0,5.411
1765479745.516444,46,37,36,32,29,3.51318359375,55.0,58.0,5.411
1765479745.7204015,99,31,30,20,42,3.495880126953125,56.5,57.0,7.36
1765479745.9217288,99,31,30,20,42,3.495880126953125,56.5,57.0,7.36
1765479746.1231227,99,23,27,25,35,3.49639892578125,56.5,57.5,7.747
1765479746.3244874,99,23,27,25,35,3.49639892578125,56.5,57.5,7.747
1765479746.5263114,99,23,27,25,35,3.49639892578125,56.5,57.5,7.747
1765479746.7276692,99,25,12,62,18,3.4992446899414062,56.5,56.5,7.011
1765479746.931074,99,25,12,62,18,3.4992446899414062,56.5,56.5,7.011
1765479747.132834,99,20,22,20,29,3.50048828125,56.0,56.5,5.572
1765479747.3350077,99,20,22,20,29,3.50048828125,56.0,56.5,5.572
1765479747.5360742,99,20,22,20,29,3.50048828125,56.0,56.5,5.572
1765479747.738303,99,36,42,30,56,3.500873565673828,56.0,57.0,7.468
1765479747.9415047,99,36,42,30,56,3.500873565673828,56.0,57.0,7.468
1765479748.1434965,99,25,22,21,25,3.5020713806152344,56.5,57.0,7.587
1765479748.3448205,99,25,22,21,25,3.5020713806152344,56.5,57.0,7.587
1765479748.5460546,99,25,22,21,25,3.5020713806152344,56.5,57.0,7.587
1765479748.7475288,99,25,24,27,49,3.5014915466308594,56.0,57.0,7.24
1765479748.949242,99,25,24,27,49,3.5014915466308594,56.0,57.0,7.24
1765479749.1511428,98,34,30,44,22,3.5021591186523438,56.0,56.5,7.011
1765479749.3535824,98,34,30,44,22,3.5021591186523438,56.0,56.5,7.011
1765479749.555037,98,34,30,44,22,3.5021591186523438,56.0,56.5,7.011
1765479749.7561622,0,25,30,26,34,3.5022621154785156,55.5,56.5,5.492
1765479749.957638,0,25,30,26,34,3.5022621154785156,55.5,56.5,5.492
1765479750.1590722,99,46,20,25,26,3.5029869079589844,56.5,57.0,7.2
1765479750.3645709,99,46,20,25,26,3.5029869079589844,56.5,57.0,7.2
1765479750.565735,99,46,20,25,26,3.5029869079589844,56.5,57.0,7.2
1765479750.7669668,99,22,20,26,23,3.5026283264160156,56.0,57.0,6.189
1765479750.9681473,99,22,20,26,23,3.5026283264160156,56.0,57.0,6.189
1765479751.1691997,99,50,38,36,26,3.50323486328125,56.0,57.5,7.171
1765479751.371435,99,50,38,36,26,3.50323486328125,56.0,57.5,7.171
1765479751.572925,99,50,38,36,26,3.50323486328125,56.0,57.5,7.171
1765479751.7742949,96,27,19,20,20,3.5038414001464844,56.5,56.5,6.39
1765479751.9753456,96,27,19,20,20,3.5038414001464844,56.5,56.5,6.39
1765479752.17631,98,25,58,21,20,3.5034141540527344,56.5,57.0,7.48
1765479752.3774738,98,25,58,21,20,3.5034141540527344,56.5,57.0,7.48
1765479752.579681,98,25,58,21,20,3.5034141540527344,56.5,57.0,7.48
1765479752.7813776,99,31,23,22,20,3.503734588623047,56.5,56.5,7.131
1765479752.982972,99,31,23,22,20,3.503734588623047,56.5,56.5,7.131
1765479753.1842883,99,31,23,22,20,3.503734588623047,56.5,56.5,7.131
1765479753.3861876,99,44,36,40,36,3.5042076110839844,56.5,57.5,7.627
1765479753.5892031,99,44,36,40,36,3.5042076110839844,56.5,57.5,7.627
1765479753.790693,99,22,22,28,16,3.505035400390625,56.5,57.0,7.707
1765479753.9919434,99,22,22,28,16,3.505035400390625,56.5,57.0,7.707
1765479754.1930335,99,22,22,28,16,3.505035400390625,56.5,57.0,7.707
1765479754.3943107,97,28,28,23,34,3.5040740966796875,56.0,58.0,6.43
1765479754.595996,97,28,28,23,34,3.5040740966796875,56.0,58.0,6.43
1765479754.798623,99,46,18,26,24,3.504772186279297,56.5,57.0,7.131
1765479755.0002477,99,46,18,26,24,3.504772186279297,56.5,57.0,7.131
1765479755.2013948,99,46,18,26,24,3.504772186279297,56.5,57.0,7.131
1765479755.4024792,99,35,32,30,28,3.5047378540039062,56.5,57.0,7.48
1765479755.604054,99,35,32,30,28,3.5047378540039062,56.5,57.0,7.48
1765479755.8053129,99,18,61,17,20,3.5055084228515625,56.5,57.0,7.2
1765479756.0076494,99,18,61,17,20,3.5055084228515625,56.5,57.0,7.2
1765479756.2090893,99,18,61,17,20,3.5055084228515625,56.5,57.0,7.2
1765479756.4109406,15,29,20,29,22,3.5053863525390625,55.5,57.0,5.29
1765479756.612004,15,29,20,29,22,3.5053863525390625,55.5,57.0,5.29
1765479756.8135068,99,31,37,31,56,3.5047340393066406,56.5,57.0,7.735
1765479757.0172377,99,31,37,31,56,3.5047340393066406,56.5,57.0,7.735
1765479757.219132,99,31,37,31,56,3.5047340393066406,56.5,57.0,7.735
1765479757.420551,99,24,22,26,16,3.505931854248047,56.5,57.0,7.011
1765479757.6220527,99,24,22,26,16,3.505931854248047,56.5,57.0,7.011
1765479757.8232627,99,62,25,25,26,3.5052719116210938,56.5,57.5,7.44
1765479758.0246477,99,62,25,25,26,3.5052719116210938,56.5,57.5,7.44
1765479758.2260787,99,62,25,25,26,3.5052719116210938,56.5,57.5,7.44
1765479758.4287043,99,27,24,28,22,3.5055007934570312,56.5,57.0,6.81
1765479758.6305904,99,27,24,28,22,3.5055007934570312,56.5,57.0,6.81
1765479758.831615,99,33,43,37,27,3.5062408447265625,56.5,57.5,7.011
1765479759.0330062,99,33,43,37,27,3.5062408447265625,56.5,57.5,7.011
1765479759.2343302,99,33,43,37,27,3.5062408447265625,56.5,57.5,7.011
1765479759.4357264,99,23,24,42,18,3.507305145263672,56.5,57.0,7.934
1765479759.637366,99,23,24,42,18,3.507305145263672,56.5,57.0,7.934
1765479759.8389564,99,31,17,20,22,3.506359100341797,56.5,56.5,6.671
1765479760.0401344,99,31,17,20,22,3.506359100341797,56.5,56.5,6.671
1765479760.2424273,99,31,17,20,22,3.506359100341797,56.5,56.5,6.671
1765479760.4452972,99,31,33,55,28,3.506683349609375,56.5,56.5,6.741
1765479760.647444,99,31,33,55,28,3.506683349609375,56.5,56.5,6.741
1765479760.8488631,99,35,31,28,18,3.506580352783203,56.0,57.5,6.621
1765479761.0503209,99,35,31,28,18,3.506580352783203,56.0,57.5,6.621
1765479761.2519367,99,35,31,28,18,3.506580352783203,56.0,57.5,6.621
1765479761.4536097,99,30,18,18,52,3.5065841674804688,56.5,57.0,7.32
1765479761.6558218,99,30,18,18,52,3.5065841674804688,56.5,57.0,7.32
1765479761.8601608,90,20,26,14,30,3.5068359375,56.5,56.5,6.159
1765479762.0631309,90,20,26,14,30,3.5068359375,56.5,56.5,6.159
1765479762.2642627,90,20,26,14,30,3.5068359375,56.5,56.5,6.159
1765479762.4672277,99,40,58,32,31,3.507160186767578,56.5,57.0,7.707
1765479762.669373,99,40,58,32,31,3.507160186767578,56.5,57.0,7.707
1765479762.8710456,99,17,30,22,15,3.5080299377441406,56.5,57.0,7.547
1765479763.0726807,99,17,30,22,15,3.5080299377441406,56.5,57.0,7.547
1765479763.2743268,99,17,30,22,15,3.5080299377441406,56.5,57.0,7.547
1765479763.4757986,0,25,23,24,32,3.504131317138672,55.0,56.5,3.587
1765479763.6770377,0,25,23,24,32,3.504131317138672,55.0,56.5,3.587
1765479763.8781695,99,37,22,36,28,3.5046463012695312,56.5,57.0,6.931
1765479764.0804577,99,37,22,36,28,3.5046463012695312,56.5,57.0,6.931
1765479764.281793,99,37,22,36,28,3.5046463012695312,56.5,57.0,6.931
1765479764.4833515,99,24,28,31,25,3.5042991638183594,56.0,56.5,6.118
1765479764.6846554,99,24,28,31,25,3.5042991638183594,56.0,56.5,6.118
1765479764.886076,99,24,28,31,25,3.5042991638183594,56.0,56.5,6.118
1765479765.0879984,99,19,26,57,34,3.5105514526367188,56.5,58.0,8.28
1765479765.2904618,99,19,26,57,34,3.5105514526367188,56.5,58.0,8.28
1765479765.493591,99,23,16,18,21,3.5100326538085938,56.5,57.0,7.171
1765479765.6954074,99,23,16,18,21,3.5100326538085938,56.5,57.0,7.171
1765479765.8965468,99,23,16,18,21,3.5100326538085938,56.5,57.0,7.171
1765479766.0982494,99,38,30,47,32,3.5098419189453125,56.0,57.5,6.861
1765479766.2995212,99,38,30,47,32,3.5098419189453125,56.0,57.5,6.861
1765479766.5014935,99,24,24,50,23,3.5110855102539062,56.5,57.0,7.934
1765479766.7048187,99,24,24,50,23,3.5110855102539062,56.5,57.0,7.934
1765479766.9069347,99,24,24,50,23,3.5110855102539062,56.5,57.0,7.934
1765479767.1098688,99,16,19,14,23,3.510417938232422,56.5,56.5,6.36
1765479767.3113945,99,16,19,14,23,3.510417938232422,56.5,56.5,6.36
1765479767.5136974,99,44,40,27,30,3.511211395263672,56.5,57.0,7.131
1765479767.715344,99,44,40,27,30,3.511211395263672,56.5,57.0,7.131
1765479767.916715,99,44,40,27,30,3.511211395263672,56.5,57.0,7.131
1765479768.118533,99,22,16,28,29,3.511302947998047,56.0,57.0,6.159
1765479768.3197572,99,22,16,28,29,3.511302947998047,56.0,57.0,6.159
1765479768.521374,99,25,30,64,26,3.5121612548828125,56.5,57.5,7.974
1765479768.7242427,99,25,30,64,26,3.5121612548828125,56.5,57.5,7.974
1765479768.9261725,99,25,30,64,26,3.5121612548828125,56.5,57.5,7.974
1765479769.127769,96,24,16,14,14,3.5116729736328125,56.5,56.5,6.279
1765479769.3288927,96,24,16,14,14,3.5116729736328125,56.5,56.5,6.279
1765479769.5301664,98,27,70,24,18,3.5116844177246094,56.5,57.0,7.4
1765479769.7314813,98,27,70,24,18,3.5116844177246094,56.5,57.0,7.4
1765479769.9328284,98,27,70,24,18,3.5116844177246094,56.5,57.0,7.4
1765479770.1340983,99,31,24,23,26,3.4947052001953125,57.0,57.5,7.28
1765479770.335279,99,31,24,23,26,3.4947052001953125,57.0,57.5,7.28
1765479770.536693,99,38,30,37,32,3.4954566955566406,56.5,57.5,7.814
1765479770.73874,99,38,30,37,32,3.4954566955566406,56.5,57.5,7.814
1765479770.9405632,99,38,30,37,32,3.4954566955566406,56.5,57.5,7.814
1765479771.14203,99,39,20,22,17,3.495025634765625,56.5,57.5,7.28
1765479771.3430288,99,39,20,22,17,3.495025634765625,56.5,57.5,7.28
1765479771.544184,99,23,26,35,36,3.495067596435547,55.5,58.5,5.877
1765479771.745717,99,23,26,35,36,3.495067596435547,55.5,58.5,5.877
1765479771.9470334,99,23,26,35,36,3.495067596435547,55.5,58.5,5.877
1765479772.1498652,99,26,55,21,22,3.49554443359375,56.5,57.5,7.934
1765479772.3553996,99,26,55,21,22,3.49554443359375,56.5,57.5,7.934
1765479772.557004,99,18,25,18,16,3.495319366455078,56.5,57.5,7.131
1765479772.7581196,99,18,25,18,16,3.495319366455078,56.5,57.5,7.131
1765479772.95946,99,18,25,18,16,3.495319366455078,56.5,57.5,7.131
1765479773.1617482,99,34,28,31,56,3.4956893920898438,56.5,57.0,6.85
1765479773.363666,99,34,28,31,56,3.4956893920898438,56.5,57.0,6.85
1765479773.5651605,70,25,30,27,31,3.4959564208984375,55.5,57.0,5.249
1765479773.7664623,70,25,30,27,31,3.4959564208984375,55.5,57.0,5.249
1765479773.967638,70,25,30,27,31,3.4959564208984375,55.5,57.0,5.249
1765479774.1694555,99,24,58,19,30,3.4969329833984375,56.5,58.0,8.385
1765479774.372218,99,24,58,19,30,3.4969329833984375,56.5,58.0,8.385
1765479774.5737343,99,26,18,19,14,3.496570587158203,56.5,57.0,6.511
1765479774.7748446,99,26,18,19,14,3.496570587158203,56.5,57.0,6.511
1765479774.9759521,99,26,18,19,14,3.496570587158203,56.5,57.0,6.511
1765479775.1775193,99,32,36,62,28,3.4965858459472656,56.5,58.5,7.627
1765479775.3793588,99,32,36,62,28,3.4965858459472656,56.5,58.5,7.627
1765479775.5805817,99,32,36,62,28,3.4965858459472656,56.5,58.5,7.627
1765479775.781694,99,30,21,24,23,3.496570587158203,56.5,57.0,7.32
1765479775.9827955,99,30,21,24,23,3.496570587158203,56.5,57.0,7.32
1765479776.1840625,99,30,29,32,37,3.4973716735839844,56.5,58.0,7.507
1765479776.386075,99,30,29,32,37,3.4973716735839844,56.5,58.0,7.507
1765479776.5876715,99,30,29,32,37,3.4973716735839844,56.5,58.0,7.507
1765479776.789048,99,38,16,23,22,3.4972763061523438,56.5,57.0,7.051
1765479776.990406,99,38,16,23,22,3.4972763061523438,56.5,57.0,7.051
1765479777.1916788,28,33,31,25,28,3.4970855712890625,56.0,57.0,5.33
1765479777.393052,28,33,31,25,28,3.4970855712890625,56.0,57.0,5.33
1765479777.594684,28,33,31,25,28,3.4970855712890625,56.0,57.0,5.33
1765479777.797698,99,21,30,22,62,3.4978256225585938,56.5,57.0,7.36
1765479778.0008872,99,21,30,22,62,3.4978256225585938,56.5,57.0,7.36
1765479778.202306,99,23,19,17,23,3.4982528686523438,56.0,57.0,6.54
1765479778.4033933,99,23,19,17,23,3.4982528686523438,56.0,57.0,6.54
1765479778.6051195,99,23,19,17,23,3.4982528686523438,56.0,57.0,6.54
1765479778.8063953,99,32,35,61,31,3.4981002807617188,57.0,57.0,7.2
1765479779.007583,99,32,35,61,31,3.4981002807617188,57.0,57.0,7.2
1765479779.2088442,99,26,19,24,30,3.4981002807617188,56.0,57.0,5.572
1765479779.409964,99,26,19,24,30,3.4981002807617188,56.0,57.0,5.572
1765479779.6111135,99,26,19,24,30,3.4981002807617188,56.0,57.0,5.572
1765479779.8127801,99,28,28,26,60,3.4997901916503906,57.0,58.0,8.319
1765479780.0146055,99,28,28,26,60,3.4997901916503906,57.0,58.0,8.319
1765479780.2164261,99,26,23,20,16,3.4986839294433594,56.5,57.0,6.971
1765479780.4179971,99,26,23,20,16,3.4986839294433594,56.5,57.0,6.971
1765479780.6192956,99,26,23,20,16,3.4986839294433594,56.5,57.0,6.971
1765479780.8206558,99,55,30,34,33,3.499279022216797,56.5,58.0,7.428
1765479781.0219631,99,55,30,34,33,3.499279022216797,56.5,58.0,7.428
1765479781.2235625,99,38,22,18,24,3.4994239807128906,56.5,57.5,7.48
1765479781.4251175,99,38,22,18,24,3.4994239807128906,56.5,57.5,7.48
1765479781.6264138,99,38,22,18,24,3.4994239807128906,56.5,57.5,7.48
1765479781.8275526,0,25,24,26,36,3.500579833984375,56.0,57.5,5.837
1765479782.029245,0,25,24,26,36,3.500579833984375,56.0,57.5,5.837
1765479782.230829,99,27,41,29,35,3.5000534057617188,56.5,57.0,7.28
1765479782.431962,99,27,41,29,35,3.5000534057617188,56.5,57.0,7.28
1765479782.6334608,99,27,41,29,35,3.5000534057617188,56.5,57.0,7.28
1765479782.834827,99,27,28,32,20,3.4998016357421875,56.5,57.0,6.931
1765479783.036046,99,27,28,32,20,3.4998016357421875,56.5,57.0,6.931
1765479783.2370133,99,26,30,61,26,3.500865936279297,57.0,57.0,7.2
1765479783.4396055,99,26,30,61,26,3.500865936279297,57.0,57.0,7.2
1765479783.642505,99,26,30,61,26,3.500865936279297,57.0,57.0,7.2
1765479783.8440247,0,20,20,16,14,3.5005111694335938,56.0,57.5,4.463
1765479784.045098,0,20,20,16,14,3.5005111694335938,56.0,57.5,4.463
1765479784.2461967,0,20,20,16,14,3.5005111694335938,56.0,57.5,4.463
1765479784.4474003,99,64,23,24,35,3.500865936279297,56.5,57.0,7.44
1765479784.6491394,99,64,23,24,35,3.500865936279297,56.5,57.0,7.44
1765479784.8505545,98,18,24,21,32,3.501220703125,56.5,57.0,6.85
1765479785.0515792,98,18,24,21,32,3.501220703125,56.5,57.0,6.85
1765479785.2527533,98,18,24,21,32,3.501220703125,56.5,57.0,6.85
1765479785.4540887,99,33,40,44,28,3.502330780029297,56.5,58.0,7.974
1765479785.6559901,99,33,40,44,28,3.502330780029297,56.5,58.0,7.974
1765479785.8575282,99,25,18,14,23,3.5011940002441406,56.5,56.5,6.971
1765479786.0586517,99,25,18,14,23,3.5011940002441406,56.5,56.5,6.971
1765479786.259635,99,25,18,14,23,3.5011940002441406,56.5,56.5,6.971
1765479786.460885,99,34,35,31,48,3.501689910888672,56.5,57.5,7.011
1765479786.662073,99,34,35,31,48,3.501689910888672,56.5,57.5,7.011
1765479786.8636086,99,19,22,16,46,3.5018348693847656,56.5,57.5,7.36
1765479787.0674696,99,19,22,16,46,3.5018348693847656,56.5,57.5,7.36
1765479787.2701209,99,19,22,16,46,3.5018348693847656,56.5,57.5,7.36
1765479787.471224,86,20,21,30,22,3.5025291442871094,56.5,57.0,6.741
1765479787.6727588,86,20,21,30,22,3.5025291442871094,56.5,57.0,6.741
1765479787.875178,99,55,19,33,26,3.5026626586914062,56.5,57.0,6.741
1765479788.0769796,99,55,19,33,26,3.5026626586914062,56.5,57.0,6.741
1765479788.2782512,99,55,19,33,26,3.5026626586914062,56.5,57.0,6.741
1765479788.4795837,99,23,17,28,26,3.502277374267578,56.5,57.0,6.701
1765479788.6809363,99,23,17,28,26,3.502277374267578,56.5,57.0,6.701
1765479788.8823922,99,39,32,26,53,3.5032577514648438,57.0,57.0,7.468
1765479789.0855525,99,39,32,26,53,3.5032577514648438,57.0,57.0,7.468
1765479789.2884977,99,39,32,26,53,3.5032577514648438,57.0,57.0,7.468
1765479789.4933944,99,21,22,19,10,3.5026626586914062,56.5,56.5,5.33
1765479789.694458,99,21,22,19,10,3.5026626586914062,56.5,56.5,5.33
1765479789.8960056,98,30,31,28,64,3.5032386779785156,57.0,57.5,7.627
1765479790.0974972,98,30,31,28,64,3.5032386779785156,57.0,57.5,7.627
1765479790.2998576,98,30,31,28,64,3.5032386779785156,57.0,57.5,7.627
1765479790.5013287,99,29,23,18,16,3.5033416748046875,57.0,57.0,7.011
1765479790.7024322,99,29,23,18,16,3.5033416748046875,57.0,57.0,7.011
1765479790.9035864,99,39,40,32,29,3.5048828125,56.5,57.5,7.934
1765479791.1052377,99,39,40,32,29,3.5048828125,56.5,57.5,7.934
1765479791.3074884,99,39,40,32,29,3.5048828125,56.5,57.5,7.934
1765479791.508994,99,22,28,18,20,3.5036964416503906,57.0,57.0,6.891
1765479791.710581,99,22,28,18,20,3.5036964416503906,57.0,57.0,6.891
1765479791.9120142,99,34,32,34,38,3.5041961669921875,56.0,58.5,6.701
1765479792.1131537,99,34,32,34,38,3.5041961669921875,56.0,58.5,6.701
1765479792.314515,99,34,32,34,38,3.5041961669921875,56.0,58.5,6.701
1765479792.516928,99,53,23,24,16,3.504596710205078,57.0,57.5,7.24
1765479792.7197082,99,53,23,24,16,3.504596710205078,57.0,57.5,7.24
1765479792.9217954,99,25,20,22,22,3.5054244995117188,57.0,57.0,7.32
1765479793.1229389,99,25,20,22,22,3.5054244995117188,57.0,57.0,7.32
1765479793.3247347,99,25,20,22,22,3.5054244995117188,57.0,57.0,7.32
1765479793.5270934,99,20,56,30,27,3.504993438720703,57.0,57.5,7.16
1765479793.7286873,99,20,56,30,27,3.504993438720703,57.0,57.5,7.16
1765479793.9298174,99,20,56,30,27,3.504993438720703,57.0,57.5,7.16
1765479794.1310215,99,17,25,22,29,3.505218505859375,56.0,57.0,5.685
1765479794.3320723,99,17,25,22,29,3.505218505859375,56.0,57.0,5.685
1765479794.5336123,99,69,28,28,25,3.504993438720703,56.5,58.5,8.24
1765479794.7360091,99,69,28,28,25,3.504993438720703,56.5,58.5,8.24
1765479794.9380891,99,69,28,28,25,3.504993438720703,56.5,58.5,8.24
1765479795.1393044,99,24,18,13,17,3.5053787231445312,56.5,57.5,6.43
1765479795.3405137,99,24,18,13,17,3.5053787231445312,56.5,57.5,6.43
1765479795.5416887,99,42,44,67,42,3.5076980590820312,57.0,58.0,8.16
1765479795.7435493,99,42,44,67,42,3.5076980590820312,57.0,58.0,8.16
1765479795.946093,99,42,44,67,42,3.5076980590820312,57.0,58.0,8.16
1765479796.1475806,99,23,25,18,26,3.508495330810547,56.5,57.5,7.32
1765479796.3506722,99,23,25,18,26,3.508495330810547,56.5,57.5,7.32
1765479796.5521536,99,25,33,34,29,3.509593963623047,56.0,57.5,6.58
1765479796.7535667,99,25,33,34,29,3.509593963623047,56.0,57.5,6.58
1765479796.9558308,99,25,33,34,29,3.509593963623047,56.0,57.5,6.58
1765479797.1570816,99,18,46,17,16,3.5096054077148438,57.0,57.5,7.24
1765479797.3581188,99,18,46,17,16,3.5096054077148438,57.0,57.5,7.24
1765479797.5593479,99,30,25,20,19,3.509593963623047,57.0,57.0,6.661
1765479797.7605903,99,30,25,20,19,3.509593963623047,57.0,57.0,6.661
1765479797.9622512,99,30,25,20,19,3.509593963623047,57.0,57.0,6.661
1765479798.1635947,99,31,26,26,62,3.5097999572753906,57.0,57.5,7.091
1765479798.366555,99,31,26,26,62,3.5097999572753906,57.0,57.5,7.091
1765479798.5681047,99,27,19,27,24,3.511058807373047,56.5,58.0,6.58
1765479798.7692883,99,27,19,27,24,3.511058807373047,56.5,58.0,6.58
1765479798.9704692,99,27,19,27,24,3.511058807373047,56.5,58.0,6.58
1765479799.1718776,99,26,23,25,54,3.5104217529296875,57.0,57.5,7.2
1765479799.3733506,99,26,23,25,54,3.5104217529296875,57.0,57.5,7.2
1765479799.574711,99,26,23,25,54,3.5104217529296875,57.0,57.5,7.2
1765479799.7758403,99,46,28,20,23,3.5035018920898438,57.0,57.5,6.701
1765479799.9770925,99,46,28,20,23,3.5035018920898438,57.0,57.5,6.701
1765479800.1784441,98,41,42,31,63,3.5032920837402344,57.0,58.0,8.584
1765479800.381595,98,41,42,31,63,3.5032920837402344,57.0,58.0,8.584
1765479800.5836759,99,22,16,17,16,3.501171112060547,57.0,57.0,7.4
1765479800.7851155,99,22,16,17,16,3.501171112060547,57.0,57.0,7.4
1765479800.9865117,99,22,16,17,16,3.501171112060547,57.0,57.0,7.4
1765479801.1877425,0,31,34,33,30,3.5016136169433594,56.0,57.0,2.98
1765479801.3886728,0,31,34,33,30,3.5016136169433594,56.0,57.0,2.98
1765479801.5901442,57,30,41,20,14,3.509357452392578,55.5,58.0,4.463
1765479801.791266,57,30,41,20,14,3.509357452392578,55.5,58.0,4.463
1765479801.9923007,57,30,41,20,14,3.509357452392578,55.5,58.0,4.463
1765479802.1937008,99,12,23,52,18,3.5108184814453125,57.0,58.0,8.054
1765479802.3954806,99,12,23,52,18,3.5108184814453125,57.0,58.0,8.054
1765479802.5972009,99,12,23,52,18,3.5108184814453125,57.0,58.0,8.054
1765479802.7985833,99,14,16,16,25,3.510181427001953,56.5,57.0,6.741
1765479803.000313,99,14,16,16,25,3.510181427001953,56.5,57.0,6.741
1765479803.2023928,99,41,51,28,22,3.5105361938476562,57.0,57.0,6.971
1765479803.4040391,99,41,51,28,22,3.5105361938476562,57.0,57.0,6.971
1765479803.606087,99,41,51,28,22,3.5105361938476562,57.0,57.0,6.971
1765479803.807275,99,20,24,22,28,3.5104141235351562,56.5,57.0,5.806
1765479804.008317,99,20,24,22,28,3.5104141235351562,56.5,57.0,5.806
1765479804.2092752,99,30,18,62,20,3.5118789672851562,57.0,58.0,8.014
1765479804.4111204,99,30,18,62,20,3.5118789672851562,57.0,58.0,8.014
1765479804.6131718,99,30,18,62,20,3.5118789672851562,57.0,58.0,8.014
1765479804.8164706,99,25,25,22,21,3.5108871459960938,57.0,57.0,6.971
1765479805.0177515,99,25,25,22,21,3.5108871459960938,57.0,57.0,6.971
1765479805.2192712,99,58,34,33,32,3.5111541748046875,57.0,58.0,7.468
1765479805.4210413,99,58,34,33,32,3.5111541748046875,57.0,58.0,7.468
1765479805.6224725,99,58,34,33,32,3.5111541748046875,57.0,58.0,7.468
1765479805.8240914,99,22,10,43,20,3.5118751525878906,57.0,57.5,7.854
1765479806.0263588,99,22,10,43,20,3.5118751525878906,57.0,57.5,7.854
1765479806.2278593,99,23,29,29,21,3.512866973876953,56.0,58.5,6.118
1765479806.4290867,99,23,29,29,21,3.512866973876953,56.0,58.5,6.118
1765479806.6313412,99,23,29,29,21,3.512866973876953,56.0,58.5,6.118
1765479806.8333986,99,31,38,26,32,3.5123329162597656,57.0,57.0,7.12
1765479807.034616,99,31,38,26,32,3.5123329162597656,57.0,57.0,7.12
1765479807.2359078,99,28,28,25,26,3.5122032165527344,57.0,57.0,6.931
1765479807.4370713,99,28,28,25,26,3.5122032165527344,57.0,57.0,6.931
1765479807.6384857,99,28,28,25,26,3.5122032165527344,57.0,57.0,6.931
1765479807.8400693,99,25,63,27,32,3.493450164794922,57.0,58.0,8.12
1765479808.04176,99,25,63,27,32,3.493450164794922,57.0,58.0,8.12
1765479808.243446,99,18,20,28,12,3.4925613403320312,56.0,57.5,5.644
1765479808.4448006,99,18,20,28,12,3.4925613403320312,56.0,57.5,5.644
1765479808.6460302,99,18,20,28,12,3.4925613403320312,56.0,57.5,5.644
1765479808.847192,99,27,31,54,28,3.4930038452148438,57.0,57.5,7.32
1765479809.0483825,99,27,31,54,28,3.4930038452148438,57.0,57.5,7.32
1765479809.249776,99,22,24,28,23,3.4934120178222656,57.0,57.0,6.621
1765479809.4510128,99,22,24,28,23,3.4934120178222656,57.0,57.0,6.621
1765479809.6521227,99,22,24,28,23,3.4934120178222656,57.0,57.0,6.621
1765479809.8532593,99,26,22,22,63,3.4945907592773438,57.0,58.5,8.2
1765479810.0563462,99,26,22,22,63,3.4945907592773438,57.0,58.5,8.2
1765479810.2582278,99,24,25,23,10,3.493732452392578,57.0,57.5,7.32
1765479810.4595258,99,24,25,23,10,3.493732452392578,57.0,57.5,7.32
1765479810.6606798,99,24,25,23,10,3.493732452392578,57.0,57.5,7.32
1765479810.8621738,99,28,40,31,45,3.4943389892578125,56.5,57.5,7.08
1765479811.0632927,99,28,40,31,45,3.4943389892578125,56.5,57.5,7.08
1765479811.2643979,98,28,16,43,24,3.495513916015625,57.0,57.5,7.707
1765479811.4674983,98,28,16,43,24,3.495513916015625,57.0,57.5,7.707
1765479811.6698418,98,28,16,43,24,3.495513916015625,57.0,57.5,7.707
1765479811.8715308,0,30,18,14,18,3.4948196411132812,56.5,57.0,5.258
1765479812.0727732,0,30,18,14,18,3.4948196411132812,56.5,57.0,5.258
1765479812.2809615,99,32,47,34,32,3.4952621459960938,57.0,57.5,6.821
1765479812.4828365,99,32,47,34,32,3.4952621459960938,57.0,57.5,6.821
1765479812.6917894,99,32,47,34,32,3.4952621459960938,57.0,57.5,6.821
1765479812.8928082,99,28,26,38,20,3.4957809448242188,56.5,57.5,6.621
1765479813.0938742,99,28,26,38,20,3.4957809448242188,56.5,57.5,6.621
1765479813.2951195,99,22,58,26,26,3.4968719482421875,57.0,58.0,7.814
1765479813.4978507,99,22,58,26,26,3.4968719482421875,57.0,58.0,7.814
1765479813.6998367,99,22,58,26,26,3.4968719482421875,57.0,58.0,7.814
1765479813.9010305,99,21,23,16,16,3.496204376220703,57.0,57.0,5.572
1765479814.1022458,99,21,23,16,16,3.496204376220703,57.0,57.0,5.572
1765479814.303611,99,21,23,16,16,3.496204376220703,57.0,57.0,5.572
1765479814.505472,98,68,33,24,33,3.496612548828125,57.0,58.5,7.814
1765479814.7073,98,68,33,24,33,3.496612548828125,57.0,58.5,7.814
1765479814.9083316,99,27,23,19,26,3.4976043701171875,57.0,57.5,7.547
1765479815.110143,99,27,23,19,26,3.4976043701171875,57.0,57.5,7.547
1765479815.3114967,99,27,23,19,26,3.4976043701171875,57.0,57.5,7.547
1765479815.5127234,99,34,46,20,28,3.498565673828125,57.0,58.0,7.627
1765479815.7165952,99,34,46,20,28,3.498565673828125,57.0,58.0,7.627
1765479815.919324,99,31,32,16,20,3.4979591369628906,57.0,57.0,7.24
1765479816.1206856,99,31,32,16,20,3.4979591369628906,57.0,57.0,7.24
1765479816.3218014,99,31,32,16,20,3.4979591369628906,57.0,57.0,7.24
1765479816.523013,0,26,26,30,37,3.4980316162109375,56.5,56.5,4.942
1765479816.7244036,0,26,26,30,37,3.4980316162109375,56.5,56.5,4.942
1765479816.926647,99,24,26,28,58,3.4984474182128906,57.0,57.5,7.28
1765479817.1295938,99,24,26,28,58,3.4984474182128906,57.0,57.5,7.28
1765479817.3317323,99,24,26,28,58,3.4984474182128906,57.0,57.5,7.28
1765479817.5330064,99,30,22,21,19,3.498149871826172,56.5,57.5,6.781
1765479817.7343273,99,30,22,21,19,3.498149871826172,56.5,57.5,6.781
1765479817.9355576,99,58,27,33,26,3.4986495971679688,57.0,57.0,6.971
1765479818.136963,99,58,27,33,26,3.4986495971679688,57.0,57.0,6.971
1765479818.339127,99,58,27,33,26,3.4986495971679688,57.0,57.0,6.971
1765479818.5411022,70,27,24,24,26,3.498973846435547,56.5,57.0,4.82
1765479818.7423823,70,27,24,24,26,3.498973846435547,56.5,57.0,4.82
1765479818.94351,99,25,34,63,29,3.500202178955078,57.0,58.0,8.24
1765479819.1452155,99,25,34,63,29,3.500202178955078,57.0,58.0,8.24
1765479819.3481183,99,25,34,63,29,3.500202178955078,57.0,58.0,8.24
1765479819.5500648,99,25,24,10,16,3.498973846435547,57.0,57.0,6.701
1765479819.751496,99,25,24,10,16,3.498973846435547,57.0,57.0,6.701
1765479819.9526525,99,60,28,26,32,3.4992599487304688,57.0,58.5,7.32
1765479820.1549468,99,60,28,26,32,3.4992599487304688,57.0,58.5,7.32
1765479820.3565207,99,60,28,26,32,3.4992599487304688,57.0,58.5,7.32
1765479820.5583854,99,30,18,24,26,3.4994468688964844,57.0,57.0,7.28
1765479820.7605176,99,30,18,24,26,3.4994468688964844,57.0,57.0,7.28
1765479820.9622211,99,29,31,28,24,3.500202178955078,57.0,58.0,6.971
1765479821.1637516,99,29,31,28,24,3.500202178955078,57.0,58.0,6.971
1765479821.3656433,99,29,31,28,24,3.500202178955078,57.0,58.0,6.971
1765479821.5672746,99,27,36,29,16,3.4995651245117188,57.0,57.5,7.2
1765479821.7683282,99,27,36,29,16,3.4995651245117188,57.0,57.5,7.2
1765479821.96939,99,22,30,25,19,3.499950408935547,57.0,57.0,6.741
1765479822.1703916,99,22,30,25,19,3.499950408935547,57.0,57.0,6.741
1765479822.3714972,99,22,30,25,19,3.499950408935547,57.0,57.0,6.741
1765479822.5745928,99,30,23,60,21,3.5007476806640625,57.5,57.5,7.587
1765479822.7774036,99,30,23,60,21,3.5007476806640625,57.5,57.5,7.587
1765479822.979743,99,20,18,16,26,3.5001869201660156,56.5,57.5,5.837
1765479823.1808758,99,20,18,16,26,3.5001869201660156,56.5,57.5,5.837
1765479823.3822315,99,20,18,16,26,3.5001869201660156,56.5,57.5,5.837
1765479823.5841904,99,64,22,30,25,3.5012168884277344,57.5,57.5,7.507
1765479823.785843,99,64,22,30,25,3.5012168884277344,57.5,57.5,7.507
1765479823.9868588,99,64,22,30,25,3.5012168884277344,57.5,57.5,7.507
1765479824.1886718,99,28,21,21,25,3.5023269653320312,57.5,57.0,6.661
1765479824.390171,99,28,21,21,25,3.5023269653320312,57.5,57.0,6.661
1765479824.5914385,99,32,53,36,38,3.5034523010253906,57.0,58.5,8.041
1765479824.7936368,99,32,53,36,38,3.5034523010253906,57.0,58.5,8.041
1765479824.9959438,99,32,53,36,38,3.5034523010253906,57.0,58.5,8.041
1765479825.1971292,99,18,26,18,12,3.5019683837890625,57.0,57.5,6.77
1765479825.3981931,99,18,26,18,12,3.5019683837890625,57.0,57.5,6.77
1765479825.5993614,99,35,36,26,44,3.502399444580078,57.0,57.5,6.891
1765479825.80048,99,35,36,26,44,3.502399444580078,57.0,57.5,6.891
1765479826.0020473,99,35,36,26,44,3.502399444580078,57.0,57.5,6.891
1765479826.205021,99,26,20,19,46,3.5026206970214844,57.5,57.5,7.627
1765479826.406621,99,26,20,19,46,3.5026206970214844,57.5,57.5,7.627
1765479826.608126,59,15,26,16,27,3.502857208251953,57.5,57.5,6.47
1765479826.8101847,59,15,26,16,27,3.502857208251953,57.5,57.5,6.47
1765479827.012898,59,15,26,16,27,3.502857208251953,57.5,57.5,6.47
1765479827.214536,99,25,26,54,28,3.5028419494628906,57.0,57.5,6.861
1765479827.416349,99,25,26,54,28,3.5028419494628906,57.0,57.5,6.861
1765479827.6187005,99,25,33,32,25,3.5027732849121094,57.0,57.5,6.269
1765479827.8201768,99,25,33,32,25,3.5027732849121094,57.0,57.5,6.269
1765479828.02125,99,25,33,32,25,3.5027732849121094,57.0,57.5,6.269
1765479828.2230253,99,34,29,26,61,3.503520965576172,57.0,58.0,7.814
1765479828.4261734,99,34,29,26,61,3.503520965576172,57.0,58.0,7.814
1765479828.628053,97,14,16,17,22,3.503429412841797,57.0,57.0,5.967
1765479828.829631,97,14,16,17,22,3.503429412841797,57.0,57.0,5.967
1765479829.0308115,97,14,16,17,22,3.503429412841797,57.0,57.0,5.967
1765479829.2324276,98,36,31,72,28,3.503772735595703,57.0,57.5,7.587
1765479829.4335985,98,36,31,72,28,3.503772735595703,57.0,57.5,7.587
1765479829.6355224,99,27,25,20,12,3.503856658935547,57.0,58.0,7.16
1765479829.8378277,99,27,25,20,12,3.503856658935547,57.0,58.0,7.16
1765479830.03941,99,27,25,20,12,3.503856658935547,57.0,58.0,7.16
1765479830.240532,99,37,40,31,26,3.505512237548828,57.0,58.0,7.587
1765479830.4428246,99,37,40,31,26,3.505512237548828,57.0,58.0,7.587
1765479830.6449213,98,40,18,22,21,3.5045928955078125,57.0,57.5,6.971
1765479830.8462405,98,40,18,22,21,3.5045928955078125,57.0,57.5,6.971
1765479831.048402,98,40,18,22,21,3.5045928955078125,57.0,57.5,6.971
1765479831.2500184,16,28,36,22,28,3.5049209594726562,56.0,58.0,5.765
1765479831.4511871,16,28,36,22,28,3.5049209594726562,56.0,58.0,5.765
1765479831.6527014,99,36,19,23,55,3.5054779052734375,57.0,57.5,7.428
1765479831.8559518,99,36,19,23,55,3.5054779052734375,57.0,57.5,7.428
1765479832.0584304,99,36,19,23,55,3.5054779052734375,57.0,57.5,7.428
1765479832.263656,99,25,20,26,19,3.505748748779297,57.5,58.0,7.36
1765479832.4649158,99,25,20,26,19,3.505748748779297,57.5,58.0,7.36
1765479832.6662395,99,26,46,25,19,3.5058059692382812,57.0,57.5,6.931
1765479832.8673906,99,26,46,25,19,3.5058059692382812,57.0,57.5,6.931
1765479833.0693944,99,26,46,25,19,3.5058059692382812,57.0,57.5,6.931
1765479833.2723148,58,28,25,26,22,3.506275177001953,56.5,57.5,5.411
1765479833.4740345,58,28,25,26,22,3.506275177001953,56.5,57.5,5.411
1765479833.6749625,99,31,32,31,61,3.506511688232422,57.5,58.0,8.346
1765479833.8778577,99,31,32,31,61,3.506511688232422,57.5,58.0,8.346
1765479834.0806355,99,31,32,31,61,3.506511688232422,57.5,58.0,8.346
1765479834.2826998,99,23,18,14,13,3.5073699951171875,57.0,57.5,6.54
1765479834.4839697,99,23,18,14,13,3.5073699951171875,57.0,57.5,6.54
1765479834.6850944,99,23,18,14,13,3.5073699951171875,57.0,57.5,6.54
1765479834.8863199,99,34,34,65,26,3.506542205810547,57.5,58.5,7.775
1765479835.0880327,99,34,34,65,26,3.506542205810547,57.5,58.5,7.775
1765479835.2898028,99,21,29,19,16,3.5073699951171875,57.0,57.5,7.051
1765479835.4915364,99,21,29,19,16,3.5073699951171875,57.0,57.5,7.051
1765479835.6929858,99,21,29,19,16,3.5073699951171875,57.0,57.5,7.051
1765479835.8998103,99,29,36,33,34,3.50823974609375,57.0,58.0,7.507
1765479836.1041048,99,29,36,33,34,3.50823974609375,57.0,58.0,7.507
1765479836.306306,99,23,25,18,39,3.5074310302734375,57.0,57.5,7.091
1765479836.5073123,99,23,25,18,39,3.5074310302734375,57.0,57.5,7.091
1765479836.7088976,99,23,25,18,39,3.5074310302734375,57.0,57.5,7.091
1765479836.9101844,0,28,35,27,26,3.5080528259277344,57.0,57.0,5.492
1765479837.1112666,0,28,35,27,26,3.5080528259277344,57.0,57.0,5.492
1765479837.312791,99,28,29,23,60,3.508380889892578,57.5,57.5,6.971
1765479837.5158517,99,28,29,23,60,3.508380889892578,57.5,57.5,6.971
1765479837.7174454,99,28,29,23,60,3.508380889892578,57.5,57.5,6.971
1765479837.9185653,99,16,25,22,22,3.5089073181152344,56.5,58.0,7.24
1765479838.1208322,99,16,25,22,22,3.5089073181152344,56.5,58.0,7.24
1765479838.323149,99,26,29,22,62,3.5082550048828125,57.0,57.5,7.507
1765479838.5246663,99,26,29,22,62,3.5082550048828125,57.0,57.5,7.507
1765479838.7274508,99,26,29,22,62,3.5082550048828125,57.0,57.5,7.507
1765479838.9304242,99,30,23,25,19,3.5089950561523438,57.0,57.0,5.249
1765479839.1319752,99,30,23,25,19,3.5089950561523438,57.0,57.0,5.249
1765479839.3330941,99,34,47,41,48,3.5095672607421875,57.0,58.5,8.319
1765479839.5350025,99,34,47,41,48,3.5095672607421875,57.0,58.5,8.319
1765479839.7366161,99,34,47,41,48,3.5095672607421875,57.0,58.5,8.319
1765479839.9377675,99,24,22,15,8,3.509449005126953,57.5,57.5,7.051
1765479840.1389227,99,24,22,15,8,3.509449005126953,57.5,57.5,7.051
1765479840.340017,99,33,38,55,36,3.5093154907226562,57.0,59.0,7.627
1765479840.5413713,99,33,38,55,36,3.5093154907226562,57.0,59.0,7.627
1765479840.7432115,99,33,38,55,36,3.5093154907226562,57.0,59.0,7.627
1765479840.9445496,99,20,20,36,22,3.5103187561035156,57.5,58.0,6.971
1765479841.1462922,99,20,20,36,22,3.5103187561035156,57.5,58.0,6.971
1765479841.347943,99,35,30,29,28,3.5102806091308594,57.0,59.0,7.468
1765479841.5497468,99,35,30,29,28,3.5102806091308594,57.0,59.0,7.468
1765479841.7530832,99,35,30,29,28,3.5102806091308594,57.0,59.0,7.468
1765479841.9547424,99,34,25,25,22,3.509838104248047,57.5,57.5,7.131
1765479842.1563733,99,34,25,25,22,3.509838104248047,57.5,57.5,7.131
1765479842.3574646,99,22,20,26,30,3.510295867919922,57.5,57.5,6.701
1765479842.5586796,99,22,20,26,30,3.510295867919922,57.5,57.5,6.701
1765479842.7599049,99,22,20,26,30,3.510295867919922,57.5,57.5,6.701
1765479842.9621215,99,29,26,31,61,3.5108184814453125,57.0,57.5,7.051
1765479843.1644356,99,29,26,31,61,3.5108184814453125,57.0,57.5,7.051
1765479843.3660145,99,29,26,31,61,3.5108184814453125,57.0,57.5,7.051
1765479843.5670304,99,28,22,34,20,3.510944366455078,56.5,58.5,6.269
1765479843.7690609,99,28,22,34,20,3.510944366455078,56.5,58.5,6.269
1765479843.9714262,99,22,23,20,57,3.5106468200683594,57.5,58.5,7.507
1765479844.1729817,99,22,23,20,57,3.5106468200683594,57.5,58.5,7.507
1765479844.37406,99,22,23,20,57,3.5106468200683594,57.5,58.5,7.507
1765479844.577013,99,22,19,24,18,3.5110626220703125,57.0,57.5,6.199
1765479844.7803264,99,22,19,24,18,3.5110626220703125,57.0,57.5,6.199
1765479844.9815311,99,35,53,40,46,3.511882781982422,57.5,58.5,8.28
1765479845.1832762,99,35,53,40,46,3.511882781982422,57.5,58.5,8.28
1765479845.3846989,99,35,53,40,46,3.511882781982422,57.5,58.5,8.28
1765479845.5860708,99,25,20,10,14,3.511444091796875,57.5,58.0,7.547
1765479845.787199,99,25,20,10,14,3.511444091796875,57.5,58.0,7.547
1765479845.9884975,99,33,35,28,42,3.5112228393554688,57.5,58.0,7.32
1765479846.1898248,99,33,35,28,42,3.5112228393554688,57.5,58.0,7.32
1765479846.3927488,99,33,35,28,42,3.5112228393554688,57.5,58.0,7.32
1765479846.595344,99,24,30,35,23,3.511829376220703,57.5,57.5,7.2
1765479846.7978296,99,24,30,35,23,3.511829376220703,57.5,57.5,7.2
1765479846.9991329,0,30,38,26,30,3.5122146606445312,56.5,59.0,5.846
1765479847.2007363,0,30,38,26,30,3.5122146606445312,56.5,59.0,5.846
1765479847.4033782,0,30,38,26,30,3.5122146606445312,56.5,59.0,5.846
1765479847.6050968,99,21,44,23,17,3.5036697387695312,57.5,58.0,7.2
1765479847.813518,99,21,44,23,17,3.5036697387695312,57.5,58.0,7.2
1765479848.014644,99,29,29,20,18,3.503448486328125,57.0,57.5,6.661
1765479848.2158062,99,29,29,20,18,3.503448486328125,57.0,57.5,6.661
1765479848.4172657,99,29,29,20,18,3.503448486328125,57.0,57.5,6.661
1765479848.6196194,99,26,28,58,27,3.5038375854492188,57.5,58.0,6.971
1765479848.8234155,99,26,28,58,27,3.5038375854492188,57.5,58.0,6.971
1765479849.0253208,99,32,22,27,21,3.504100799560547,57.0,59.0,6.149
1765479849.2266898,99,32,22,27,21,3.504100799560547,57.0,59.0,6.149
1765479849.428913,99,32,22,27,21,3.504100799560547,57.0,59.0,6.149
1765479849.6301622,99,28,50,25,12,3.503673553466797,57.5,58.0,7.24
1765479849.8317168,99,28,50,25,12,3.503673553466797,57.5,58.0,7.24
1765479850.033692,99,25,28,20,25,3.5043106079101562,57.0,57.5,6.31
1765479850.2350774,99,25,28,20,25,3.5043106079101562,57.0,57.5,6.31
1765479850.4360926,99,25,28,20,25,3.5043106079101562,57.0,57.5,6.31
1765479850.6382222,98,48,39,50,32,3.504589080810547,57.5,59.0,7.934
1765479850.8412337,98,48,39,50,32,3.504589080810547,57.5,59.0,7.934
1765479851.0432904,99,16,24,18,18,3.5051498413085938,57.5,58.0,7.854
1765479851.2444205,99,16,24,18,18,3.5051498413085938,57.5,58.0,7.854
1765479851.4456012,99,16,24,18,18,3.5051498413085938,57.5,58.0,7.854
1765479851.6470487,99,45,26,29,24,3.5046157836914062,57.5,58.5,7.28
1765479851.848271,99,45,26,29,24,3.5046157836914062,57.5,58.5,7.28
1765479852.049385,99,45,26,29,24,3.5046157836914062,57.5,58.5,7.28
1765479852.2515028,99,41,21,22,25,3.5047073364257812,57.5,58.0,7.428
1765479852.4529543,99,41,21,22,25,3.5047073364257812,57.5,58.0,7.428
1765479852.6542091,60,26,29,36,26,3.505786895751953,57.0,59.5,6.35
1765479852.8557541,60,26,29,36,26,3.505786895751953,57.0,59.5,6.35
1765479853.0586028,60,26,29,36,26,3.505786895751953,57.0,59.5,6.35
1765479853.2603273,99,14,44,17,20,3.5050621032714844,57.5,58.0,7.16
1765479853.4616506,99,14,44,17,20,3.5050621032714844,57.5,58.0,7.16
1765479853.6625926,99,30,25,24,25,3.5059051513671875,57.0,58.0,6.931
1765479853.8638198,99,30,25,24,25,3.5059051513671875,57.0,58.0,6.931
1765479854.0654383,99,30,25,24,25,3.5059051513671875,57.0,58.0,6.931
1765479854.2686727,99,32,29,29,55,3.506389617919922,57.5,58.0,7.051
1765479854.4723098,99,32,29,29,55,3.506389617919922,57.5,58.0,7.051
1765479854.6742513,17,31,18,22,27,3.5074501037597656,56.5,59.0,5.532
1765479854.8754034,17,31,18,22,27,3.5074501037597656,56.5,59.0,5.532
1765479855.0766802,17,31,18,22,27,3.5074501037597656,56.5,59.0,5.532
1765479855.2780344,99,24,55,20,22,3.5066909790039062,57.0,58.0,7.707
1765479855.4802117,99,24,55,20,22,3.5066909790039062,57.0,58.0,7.707
1765479855.6821222,99,24,27,18,16,3.507061004638672,57.5,57.5,6.54
1765479855.883757,99,24,27,18,16,3.507061004638672,57.5,57.5,6.54
1765479856.0872386,99,24,27,18,16,3.507061004638672,57.5,57.5,6.54
1765479856.2885153,99,32,40,48,44,3.5077552795410156,57.5,58.5,8.054
1765479856.491145,99,32,40,48,44,3.5077552795410156,57.5,58.5,8.054
1765479856.692745,99,12,26,20,16,3.5083274841308594,57.5,58.5,7.587
1765479856.893809,99,12,26,20,16,3.5083274841308594,57.5,58.5,7.587
1765479857.0950136,99,12,26,20,16,3.5083274841308594,57.5,58.5,7.587
1765479857.2960858,99,30,30,42,25,3.5074691772460938,57.0,58.5,7.171
1765479857.497588,99,30,30,42,25,3.5074691772460938,57.0,58.5,7.171
1765479857.6996708,98,30,18,39,21,3.5083236694335938,57.0,58.0,7.171
1765479857.902057,98,30,18,39,21,3.5083236694335938,57.0,58.0,7.171
1765479858.1065276,98,30,18,39,21,3.5083236694335938,57.0,58.0,7.171
1765479858.308392,0,20,30,27,37,3.5086822509765625,57.5,58.5,6.31
1765479858.510324,0,20,30,27,37,3.5086822509765625,57.5,58.5,6.31
1765479858.7119057,99,24,17,22,53,3.5086212158203125,57.5,58.0,6.971
1765479858.9135096,99,24,17,22,53,3.5086212158203125,57.5,58.0,6.971
1765479859.1148438,99,24,17,22,53,3.5086212158203125,57.5,58.0,6.971
1765479859.3158913,99,27,25,34,16,3.5083961486816406,57.0,58.0,6.43
1765479859.5171442,99,27,25,34,16,3.5083961486816406,57.0,58.0,6.43
1765479859.7186887,99,33,45,29,45,3.5089035034179688,57.5,58.0,7.16
1765479859.9208386,99,33,45,29,45,3.5089035034179688,57.5,58.0,7.16
1765479860.1222384,99,33,45,29,45,3.5089035034179688,57.5,58.0,7.16
1765479860.3233101,90,23,17,20,23,3.5090370178222656,57.5,58.5,6.269
1765479860.5244377,90,23,17,20,23,3.5090370178222656,57.5,58.5,6.269
1765479860.7256734,90,23,17,20,23,3.5090370178222656,57.5,58.5,6.269
1765479860.926848,98,62,23,24,27,3.50885009765625,57.5,58.0,7.48
1765479861.128921,98,62,23,24,27,3.50885009765625,57.5,58.0,7.48
1765479861.332213,99,26,20,26,23,3.508880615234375,57.5,58.0,7.091
1765479861.5344033,99,26,20,26,23,3.508880615234375,57.5,58.0,7.091
1765479861.7356062,99,26,20,26,23,3.508880615234375,57.5,58.0,7.091
1765479861.936704,99,35,34,31,56,3.509979248046875,57.5,58.5,7.667
1765479862.1397934,99,35,34,31,56,3.509979248046875,57.5,58.5,7.667
1765479862.3414176,99,17,32,20,21,3.510345458984375,57.5,58.0,7.667
1765479862.5426586,99,17,32,20,21,3.510345458984375,57.5,58.0,7.667
1765479862.7465446,99,17,32,20,21,3.510345458984375,57.5,58.0,7.667
1765479862.947801,16,25,24,23,39,3.5097084045410156,56.5,59.0,5.451
1765479863.149555,16,25,24,23,39,3.5097084045410156,56.5,59.0,5.451
1765479863.3523812,99,29,32,30,48,3.510417938232422,57.5,58.5,7.468
1765479863.5568523,99,29,32,30,48,3.510417938232422,57.5,58.5,7.468
1765479863.7587085,99,29,32,30,48,3.510417938232422,57.5,58.5,7.468
1765479863.959958,99,31,27,23,29,3.510448455810547,57.5,59.0,7.627
1765479864.1623504,99,31,27,23,29,3.510448455810547,57.5,59.0,7.627
1765479864.364283,99,22,12,25,55,3.5107688903808594,58.0,58.5,6.85
1765479864.5664074,99,22,12,25,55,3.5107688903808594,58.0,58.5,6.85
1765479864.767791,99,22,12,25,55,3.5107688903808594,58.0,58.5,6.85
1765479864.971067,0,23,28,22,25,3.5107383728027344,56.5,58.5,4.618
1765479865.1731308,0,23,28,22,25,3.5107383728027344,56.5,58.5,4.618
1765479865.3744113,99,28,43,50,37,3.5118026733398438,57.5,58.0,7.894
1765479865.5774972,99,28,43,50,37,3.5118026733398438,57.5,58.0,7.894
1765479865.7795982,99,28,43,50,37,3.5118026733398438,57.5,58.0,7.894
1765479865.980832,99,20,20,21,16,3.512542724609375,57.5,58.5,7.36
1765479866.1822515,99,20,20,21,16,3.512542724609375,57.5,58.5,7.36
1765479866.3833501,99,53,22,25,28,3.511920928955078,57.5,58.5,7.36
1765479866.5846536,99,53,22,25,28,3.511920928955078,57.5,58.5,7.36
1765479866.7864676,99,53,22,25,28,3.511920928955078,57.5,58.5,7.36
1765479866.9888566,98,23,24,21,32,3.5039939880371094,57.5,58.0,7.011
1765479867.1905184,98,23,24,21,32,3.5039939880371094,57.5,58.0,7.011
1765479867.3917456,99,35,34,25,33,3.5041427612304688,57.0,58.5,6.971
1765479867.5934012,99,35,34,25,33,3.5041427612304688,57.0,58.5,6.971
1765479867.7958434,99,35,34,25,33,3.5041427612304688,57.0,58.5,6.971
1765479867.9973626,99,45,12,18,15,3.505359649658203,57.5,58.5,7.468
1765479868.198456,99,45,12,18,15,3.505359649658203,57.5,58.5,7.468
1765479868.3999062,99,26,27,22,18,3.5049400329589844,57.5,58.0,6.701
1765479868.601075,99,26,27,22,18,3.5049400329589844,57.5,58.0,6.701
1765479868.802479,99,26,27,22,18,3.5049400329589844,57.5,58.0,6.701
1765479869.004942,99,33,29,40,52,3.5051918029785156,58.0,58.0,7.051
1765479869.2086003,99,33,29,40,52,3.5051918029785156,58.0,58.0,7.051
1765479869.4096954,99,22,25,37,28,3.5062217712402344,57.0,58.5,6.39
1765479869.610983,99,22,25,37,28,3.5062217712402344,57.0,58.5,6.39
1765479869.8121085,99,22,25,37,28,3.5062217712402344,57.0,58.5,6.39
1765479870.0130994,99,21,58,15,24,3.505359649658203,57.5,58.0,7.28
1765479870.2156756,99,21,58,15,24,3.505359649658203,57.5,58.0,7.28
1765479870.4173422,99,25,24,32,21,3.5056381225585938,57.5,58.0,6.701
1765479870.6187012,99,25,24,32,21,3.5056381225585938,57.5,58.0,6.701
1765479870.8198876,99,25,24,32,21,3.5056381225585938,57.5,58.0,6.701
1765479871.0213752,99,43,29,26,56,3.5062599182128906,57.5,58.5,7.787
1765479871.2236223,99,43,29,26,56,3.5062599182128906,57.5,58.5,7.787
1765479871.4248478,99,43,29,26,56,3.5062599182128906,57.5,58.5,7.787
1765479871.6261199,99,34,30,22,22,3.5017356872558594,58.0,58.5,8.399
1765479871.8293972,99,34,30,22,22,3.5017356872558594,58.0,58.5,8.399
1765479872.03077,99,25,44,23,28,3.5016136169433594,57.5,57.5,7.4
1765479872.2323103,99,25,44,23,28,3.5016136169433594,57.5,57.5,7.4
1765479872.4337487,99,25,44,23,28,3.5016136169433594,57.5,57.5,7.4
1765479872.6382964,99,26,37,26,16,3.5016517639160156,57.5,58.5,6.971
1765479872.8397448,99,26,37,26,16,3.5016517639160156,57.5,58.5,6.971
1765479873.0409956,54,39,27,22,37,3.5015830993652344,56.5,58.0,5.725
1765479873.242601,54,39,27,22,37,3.5015830993652344,56.5,58.0,5.725
1765479873.4438748,54,39,27,22,37,3.5015830993652344,56.5,58.0,5.725
1765479873.645508,99,50,19,23,22,3.502185821533203,57.5,58.0,7.32
1765479873.8464744,99,50,19,23,22,3.502185821533203,57.5,58.0,7.32
1765479874.047872,99,28,25,14,22,3.5017547607421875,57.5,58.0,6.621
1765479874.2490094,99,28,25,14,22,3.5017547607421875,57.5,58.0,6.621
1765479874.4508042,99,28,25,14,22,3.5017547607421875,57.5,58.0,6.621
1765479874.6532454,99,32,36,30,56,3.5024642944335938,57.5,58.0,6.971
1765479874.855247,99,32,36,30,56,3.5024642944335938,57.5,58.0,6.971
1765479875.0564005,99,30,28,24,25,3.5029029846191406,57.0,58.0,5.806
1765479875.2575016,99,30,28,24,25,3.5029029846191406,57.0,58.0,5.806
1765479875.4586236,99,30,28,24,25,3.5029029846191406,57.0,58.0,5.806
1765479875.65977,99,63,23,25,21,3.502452850341797,57.5,58.5,7.707
1765479875.8620648,99,63,23,25,21,3.502452850341797,57.5,58.5,7.707
1765479876.0637243,99,20,18,24,20,3.503192901611328,57.5,58.0,6.821
1765479876.2650537,99,20,18,24,20,3.503192901611328,57.5,58.0,6.821
1765479876.4663813,99,20,18,24,20,3.503192901611328,57.5,58.0,6.821
1765479876.6676693,99,32,44,55,28,3.50323486328125,57.5,59.0,7.4
1765479876.8708065,99,32,44,55,28,3.50323486328125,57.5,59.0,7.4
1765479877.0724328,99,16,28,31,16,3.5043907165527344,57.5,59.0,7.747
1765479877.2735014,99,16,28,31,16,3.5043907165527344,57.5,59.0,7.747
1765479877.4747765,99,16,28,31,16,3.5043907165527344,57.5,59.0,7.747
1765479877.6759083,99,28,32,28,28,3.5035438537597656,57.0,58.5,6.661
1765479877.877567,99,28,32,28,28,3.5035438537597656,57.0,58.5,6.661
1765479878.0791168,99,27,22,26,43,3.503692626953125,58.0,58.5,7.507
1765479878.2815201,99,27,22,26,43,3.503692626953125,58.0,58.5,7.507
1765479878.4833894,99,27,22,26,43,3.503692626953125,58.0,58.5,7.507
1765479878.684435,99,27,34,28,16,3.5039901733398438,57.5,58.0,7.2
1765479878.8857427,99,27,34,28,16,3.5039901733398438,57.5,58.0,7.2
1765479879.0870848,99,60,28,28,13,3.4976043701171875,57.5,58.5,7.627
1765479879.288824,99,60,28,28,13,3.4976043701171875,57.5,58.5,7.627
1765479879.4919584,99,60,28,28,13,3.4976043701171875,57.5,58.5,7.627
1765479879.6935194,99,29,14,18,20,3.4971923828125,57.5,58.0,6.47
1765479879.894921,99,29,14,18,20,3.4971923828125,57.5,58.0,6.47
1765479880.0959473,99,31,27,27,64,3.4977569580078125,57.5,58.5,7.747
1765479880.2981727,99,31,27,27,64,3.4977569580078125,57.5,58.5,7.747
1765479880.4997885,99,31,27,27,64,3.4977569580078125,57.5,58.5,7.747
1765479880.7012906,99,22,28,26,12,3.498302459716797,58.0,58.5,7.934
1765479880.9041739,99,22,28,26,12,3.498302459716797,58.0,58.5,7.934
1765479881.1054976,99,28,34,28,24,3.4974288940429688,57.5,58.5,7.667
1765479881.306498,99,28,34,28,24,3.4974288940429688,57.5,58.5,7.667
1765479881.508638,99,28,34,28,24,3.4974288940429688,57.5,58.5,7.667
1765479881.71046,99,20,30,34,21,3.4983787536621094,57.5,58.0,7.2
1765479881.9119062,99,20,30,34,21,3.4983787536621094,57.5,58.0,7.2
1765479882.1131885,99,20,30,34,21,3.4983787536621094,57.5,58.0,7.2
1765479882.3144228,40,30,36,33,25,3.498180389404297,57.5,58.0,6.038
1765479882.5169935,40,30,36,33,25,3.498180389404297,57.5,58.0,6.038
1765479882.718521,99,22,50,25,25,3.499187469482422,58.0,58.5,8.16
1765479882.920269,99,22,50,25,25,3.499187469482422,58.0,58.5,8.16
1765479883.1215293,99,22,50,25,25,3.499187469482422,58.0,58.5,8.16
1765479883.3227432,99,18,22,15,28,3.49859619140625,57.5,58.5,7.091
1765479883.5242207,99,18,22,15,28,3.49859619140625,57.5,58.5,7.091
1765479883.726418,99,38,28,29,50,3.4986610412597656,58.0,58.0,7.051
1765479883.9280865,99,38,28,29,50,3.4986610412597656,58.0,58.0,7.051
1765479884.1292765,99,38,28,29,50,3.4986610412597656,58.0,58.0,7.051
1765479884.3304644,60,28,27,30,26,3.4985885620117188,57.0,59.5,5.765
1765479884.5318024,60,28,27,30,26,3.4985885620117188,57.0,59.5,5.765
1765479884.73277,98,22,19,58,20,3.499828338623047,57.5,58.5,8.12
1765479884.9348743,98,22,19,58,20,3.499828338623047,57.5,58.5,8.12
1765479885.137324,98,22,19,58,20,3.499828338623047,57.5,58.5,8.12
1765479885.3388066,99,22,23,21,24,3.4996109008789062,57.5,57.5,6.661
1765479885.5398228,99,22,23,21,24,3.4996109008789062,57.5,57.5,6.661
1765479885.7408888,98,39,23,34,59,3.499858856201172,57.5,58.5,7.547
1765479885.943126,98,39,23,34,59,3.499858856201172,57.5,58.5,7.547
1765479886.1455822,98,39,23,34,59,3.499858856201172,57.5,58.5,7.547
1765479886.3485634,99,21,32,24,21,3.500438690185547,58.0,59.0,7.707
1765479886.5517309,99,21,32,24,21,3.500438690185547,58.0,59.0,7.707
1765479886.7529864,0,29,23,26,30,3.5044403076171875,56.5,57.5,3.424
1765479886.95421,0,29,23,26,30,3.5044403076171875,56.5,57.5,3.424
1765479887.1556866,0,29,23,26,30,3.5044403076171875,56.5,57.5,3.424
1765479887.3587992,99,38,46,48,42,3.506725311279297,57.5,58.0,7.4
1765479887.560219,99,38,46,48,42,3.506725311279297,57.5,58.0,7.4
1765479887.7612345,98,29,17,28,27,3.5056724548339844,57.0,58.0,5.644
1765479887.9624453,98,29,17,28,27,3.5056724548339844,57.0,58.0,5.644
1765479888.1636636,98,29,17,28,27,3.5056724548339844,57.0,58.0,5.644
1765479888.3651648,99,26,30,32,64,3.469409942626953,58.0,59.0,8.2
1765479888.5669467,99,26,30,32,64,3.469409942626953,58.0,59.0,8.2
1765479888.7686617,99,21,18,18,14,3.468536376953125,58.0,58.0,6.971
1765479888.970175,99,21,18,18,14,3.468536376953125,58.0,58.0,6.971
1765479889.1713448,99,21,18,18,14,3.468536376953125,58.0,58.0,6.971
1765479889.374624,99,55,28,33,32,3.468536376953125,58.0,59.0,7.44
1765479889.576354,99,55,28,33,32,3.468536376953125,58.0,59.0,7.44
1765479889.7777462,98,35,21,21,19,3.4692726135253906,57.5,58.0,7.507
1765479889.9793773,98,35,21,21,19,3.4692726135253906,57.5,58.0,7.507
1765479890.1804805,98,35,21,21,19,3.4692726135253906,57.5,58.0,7.507
1765479890.3817213,99,28,22,27,28,3.469776153564453,57.0,59.5,6.931
1765479890.584861,99,28,22,27,28,3.469776153564453,57.0,59.5,6.931
1765479890.7862656,99,28,22,27,28,3.469776153564453,57.0,59.5,6.931
1765479890.9873035,99,40,24,30,32,3.4693603515625,58.0,58.0,7.091
1765479891.1886091,99,40,24,30,32,3.4693603515625,58.0,58.0,7.091
1765479891.3898046,99,26,26,31,22,3.4694786071777344,58.0,58.0,6.821
1765479891.5914032,99,26,26,31,22,3.4694786071777344,58.0,58.0,6.821
1765479891.7927725,99,26,26,31,22,3.4694786071777344,58.0,58.0,6.821
1765479891.9950342,99,33,24,21,68,3.470722198486328,57.5,58.0,7.787
1765479892.1984005,99,33,24,21,68,3.470722198486328,57.5,58.0,7.787
1765479892.399769,0,22,14,18,12,3.470184326171875,57.0,57.5,4.503
1765479892.6009824,0,22,14,18,12,3.470184326171875,57.0,57.5,4.503
1765479892.8025937,0,22,14,18,12,3.470184326171875,57.0,57.5,4.503
1765479893.0044775,99,31,31,37,59,3.4708900451660156,58.0,58.5,7.587
1765479893.2062333,99,31,31,37,59,3.4708900451660156,58.0,58.5,7.587
1765479893.4084578,99,29,25,25,20,3.4715118408203125,58.0,58.5,7.131
1765479893.610666,99,29,25,25,20,3.4715118408203125,58.0,58.5,7.131
1765479893.8119826,99,29,25,25,20,3.4715118408203125,58.0,58.5,7.131
1765479894.0135748,99,46,22,32,26,3.472400665283203,57.5,59.0,7.974
1765479894.215369,99,46,22,32,26,3.472400665283203,57.5,59.0,7.974
1765479894.4177456,98,28,22,22,12,3.4717178344726562,58.0,58.0,6.931
1765479894.619418,98,28,22,22,12,3.4717178344726562,58.0,58.0,6.931
1765479894.8205311,98,28,22,22,12,3.4717178344726562,58.0,58.0,6.931
1765479895.021666,0,40,37,32,34,3.472148895263672,56.5,60.0,4.382
1765479895.2228112,0,40,37,32,34,3.472148895263672,56.5,60.0,4.382
1765479895.4246418,99,21,22,26,60,3.4730606079101562,58.0,58.5,7.24
1765479895.628713,99,21,22,26,60,3.4730606079101562,58.0,58.5,7.24
1765479895.830652,99,21,22,26,60,3.4730606079101562,58.0,58.5,7.24
1765479896.031752,99,20,24,16,24,3.4728851318359375,57.5,58.0,6.891
1765479896.2337344,99,20,24,16,24,3.4728851318359375,57.5,58.0,6.891
1765479896.4355545,99,30,28,28,60,3.4726600646972656,58.0,58.0,7.091
1765479896.6370137,99,30,28,28,60,3.4726600646972656,58.0,58.0,7.091
1765479896.839267,99,30,28,28,60,3.4726600646972656,58.0,58.0,7.091
1765479897.0417354,99,22,21,22,24,3.472869873046875,57.0,57.5,4.82
1765479897.2431397,99,22,21,22,24,3.472869873046875,57.0,57.5,4.82
1765479897.4444997,0,32,38,40,25,3.4999923706054688,56.5,58.0,3.383
1765479897.6456954,0,32,38,40,25,3.4999923706054688,56.5,58.0,3.383
1765479897.8480003,0,32,38,40,25,3.4999923706054688,56.5,58.0,3.383
1765479898.0495408,99,35,64,19,14,3.5000648498535156,57.5,58.0,6.931
1765479898.2514784,99,35,64,19,14,3.5000648498535156,57.5,58.0,6.931
1765479898.4527717,99,28,16,24,14,3.5009841918945312,57.0,57.5,5.096
1765479898.6537948,99,28,16,24,14,3.5009841918945312,57.0,57.5,5.096
1765479898.854864,99,28,16,24,14,3.5009841918945312,57.0,57.5,5.096
1765479899.056161,98,53,43,26,28,3.4523391723632812,57.5,59.5,7.428
1765479899.258116,98,53,43,26,28,3.4523391723632812,57.5,59.5,7.428
1765479899.4595363,98,35,22,33,21,3.4536819458007812,57.5,58.5,7.428
1765479899.6605334,98,35,22,33,21,3.4536819458007812,57.5,58.5,7.428
1765479899.861645,98,35,22,33,21,3.4536819458007812,57.5,58.5,7.428
1765479900.062654,99,32,34,24,28,3.4531593322753906,57.5,58.5,7.011
1765479900.264672,99,32,34,24,28,3.4531593322753906,57.5,58.5,7.011
1765479900.4658039,99,32,34,24,28,3.4531593322753906,57.5,58.5,7.011
1765479900.6688814,99,27,47,25,32,3.453632354736328,57.5,58.0,7.388
1765479900.8705416,99,27,47,25,32,3.453632354736328,57.5,58.0,7.388
1765479901.0717256,99,32,29,22,18,3.4534530639648438,57.5,58.5,7.051
1765479901.2733238,99,32,29,22,18,3.4534530639648438,57.5,58.5,7.051
1765479901.4746785,99,32,29,22,18,3.4534530639648438,57.5,58.5,7.051
1765479901.6761339,99,16,25,55,20,3.4543838500976562,57.5,58.5,7.011
1765479901.8781915,99,16,25,55,20,3.4543838500976562,57.5,58.5,7.011
1765479902.0802956,99,30,28,22,22,3.4540748596191406,57.5,58.0,6.159
1765479902.28177,99,30,28,22,22,3.4540748596191406,57.5,58.0,6.159
1765479902.482979,99,30,28,22,22,3.4540748596191406,57.5,58.0,6.159
1765479902.6863136,99,32,39,33,49,3.4538955688476562,58.0,58.5,7.28
1765479902.8880126,99,32,39,33,49,3.4538955688476562,58.0,58.5,7.28
1765479903.0893595,96,21,25,32,14,3.4550933837890625,57.5,58.5,6.661
1765479903.2906322,96,21,25,32,14,3.4550933837890625,57.5,58.5,6.661
1765479903.492522,96,21,25,32,14,3.4550933837890625,57.5,58.5,6.661
1765479903.6944363,98,60,30,22,21,3.454456329345703,57.5,58.5,7.627
1765479903.8968775,98,60,30,22,21,3.454456329345703,57.5,58.5,7.627
1765479904.0994132,99,26,30,24,25,3.4552688598632812,57.5,58.5,7.468
1765479904.300961,99,26,30,24,25,3.4552688598632812,57.5,58.5,7.468
1765479904.5022557,99,26,30,24,25,3.4552688598632812,57.5,58.5,7.468
1765479904.7037559,99,48,32,38,32,3.4553298950195312,57.5,59.5,7.36
1765479904.9071496,99,48,32,38,32,3.4553298950195312,57.5,59.5,7.36
1765479905.1094902,99,30,20,29,22,3.4557723999023438,58.0,58.5,7.655
1765479905.3105352,99,30,20,29,22,3.4557723999023438,58.0,58.5,7.655
1765479905.5124512,99,30,20,29,22,3.4557723999023438,58.0,58.5,7.655
1765479905.7136037,0,28,26,30,30,3.4556884765625,57.0,58.5,5.523
1765479905.9149547,0,28,26,30,30,3.4556884765625,57.0,58.5,5.523
1765479906.116956,99,32,24,31,50,3.456073760986328,58.0,58.5,7.36
1765479906.3200514,99,32,24,31,50,3.456073760986328,58.0,58.5,7.36
1765479906.5217795,99,32,24,31,50,3.456073760986328,58.0,58.5,7.36
1765479906.722906,99,34,24,26,29,3.4560203552246094,58.0,58.5,7.48
1765479906.9241257,99,34,24,26,29,3.4560203552246094,58.0,58.5,7.48
1765479907.1252398,99,62,21,16,19,3.4582672119140625,58.0,58.5,7.4
1765479907.3274434,99,62,21,16,19,3.4582672119140625,58.0,58.5,7.4
1765479907.5311222,99,62,21,16,19,3.4582672119140625,58.0,58.5,7.4
1765479907.7352376,37,22,20,14,30,3.458751678466797,57.5,58.0,4.666
1765479907.9365609,37,22,20,14,30,3.458751678466797,57.5,58.0,4.666
1765479908.1377115,98,34,35,60,34,3.459095001220703,58.0,58.5,7.587
1765479908.3405266,98,34,35,60,34,3.459095001220703,58.0,58.5,7.587
1765479908.5424964,98,34,35,60,34,3.459095001220703,58.0,58.5,7.587
1765479908.7435312,99,29,16,27,30,3.4599533081054688,58.0,59.0,7.934
1765479908.9458332,99,29,16,27,30,3.4599533081054688,58.0,59.0,7.934
1765479909.147372,99,21,26,40,26,3.4594764709472656,58.0,59.0,7.48
1765479909.3487153,99,21,26,40,26,3.4594764709472656,58.0,59.0,7.48
1765479909.5511198,99,21,26,40,26,3.4594764709472656,58.0,59.0,7.48
1765479909.753448,99,26,23,31,27,3.4597434997558594,57.5,58.0,7.36
1765479909.9548883,99,26,23,31,27,3.4597434997558594,57.5,58.0,7.36
1765479910.1560302,0,30,31,34,35,3.459545135498047,57.0,58.5,5.725
1765479910.3571913,0,30,31,34,35,3.459545135498047,57.0,58.5,5.725
1765479910.5582771,0,30,31,34,35,3.459545135498047,57.0,58.5,5.725
1765479910.7594678,99,24,51,16,23,3.4609336853027344,58.0,59.5,8.16
1765479910.9610531,99,24,51,16,23,3.4609336853027344,58.0,59.5,8.16
1765479911.1625748,99,24,25,16,16,3.459705352783203,57.5,58.0,6.661
1765479911.364043,99,24,25,16,16,3.459705352783203,57.5,58.0,6.661
1765479911.5651455,99,24,25,16,16,3.459705352783203,57.5,58.0,6.661
1765479911.7681692,99,36,48,34,46,3.4610214233398438,58.0,58.5,6.891
1765479911.9702082,99,36,48,34,46,3.4610214233398438,58.0,58.5,6.891
1765479912.1718152,47,30,27,27,25,3.4610061645507812,57.5,59.5,5.765
1765479912.3734963,47,30,27,27,25,3.4610061645507812,57.5,59.5,5.765
1765479912.5746434,47,30,27,27,25,3.4610061645507812,57.5,59.5,5.765
1765479912.7759106,99,59,16,14,17,3.4613609313964844,57.5,58.5,7.974
1765479912.977101,99,59,16,14,17,3.4613609313964844,57.5,58.5,7.974
1765479913.1782196,99,59,16,14,17,3.4613609313964844,57.5,58.5,7.974
1765479913.3795528,98,22,26,19,20,3.46136474609375,58.0,58.0,6.54
1765479913.5807586,98,22,26,19,20,3.46136474609375,58.0,58.0,6.54
1765479913.7822607,98,34,53,26,36,3.461475372314453,57.5,58.5,7.507
1765479913.984323,98,34,53,26,36,3.461475372314453,57.5,58.5,7.507
1765479914.1860564,98,34,53,26,36,3.461475372314453,57.5,58.5,7.507
1765479914.3877382,99,20,24,24,23,3.462512969970703,58.0,58.5,7.667
1765479914.5894804,99,20,24,24,23,3.462512969970703,58.0,58.5,7.667
1765479914.7908185,99,24,36,27,17,3.4616966247558594,57.5,58.5,6.821
1765479914.9922085,99,24,36,27,17,3.4616966247558594,57.5,58.5,6.821
1765479915.1943266,99,24,36,27,17,3.4616966247558594,57.5,58.5,6.821
1765479915.396119,99,24,34,30,35,3.462200164794922,58.0,59.0,7.388
1765479915.5973673,99,24,34,30,35,3.462200164794922,58.0,59.0,7.388
1765479915.7988124,99,31,30,32,24,3.4620323181152344,58.0,58.5,7.011
1765479915.9999835,99,31,30,32,24,3.4620323181152344,58.0,58.5,7.011
1765479916.2009497,99,31,30,32,24,3.4620323181152344,58.0,58.5,7.011
1765479916.4028347,99,24,18,60,22,3.464252471923828,58.0,59.0,7.468
1765479916.6044388,99,24,18,60,22,3.464252471923828,58.0,59.0,7.468
1765479916.8062987,99,28,28,14,18,3.4633941650390625,57.5,58.5,6.229
1765479917.0076869,99,28,28,14,18,3.4633941650390625,57.5,58.5,6.229
1765479917.2088351,99,28,28,14,18,3.4633941650390625,57.5,58.5,6.229
1765479917.4121509,99,44,28,56,26,3.463672637939453,58.0,58.5,7.507
1765479917.61395,99,44,28,56,26,3.463672637939453,58.0,58.5,7.507
1765479917.815044,99,25,26,28,24,3.464405059814453,57.5,58.5,6.81
1765479918.0194972,99,25,26,28,24,3.464405059814453,57.5,58.5,6.81
1765479918.2207341,99,25,26,28,24,3.464405059814453,57.5,58.5,6.81
1765479918.4217966,99,22,20,26,60,3.4644927978515625,58.0,58.5,7.667
1765479918.6238592,99,22,20,26,60,3.4644927978515625,58.0,58.5,7.667
1765479918.8265562,99,26,24,25,17,3.4647598266601562,58.0,58.5,7.32
1765479919.0280464,99,26,24,25,17,3.4647598266601562,58.0,58.5,7.32
1765479919.2293634,99,26,24,25,17,3.4647598266601562,58.0,58.5,7.32
1765479919.431158,99,47,34,31,31,3.4652023315429688,58.0,59.0,7.747
1765479919.633271,99,47,34,31,31,3.4652023315429688,58.0,59.0,7.747
1765479919.834899,99,33,20,18,21,3.4665794372558594,58.5,59.0,7.627
1765479920.0360935,99,33,20,18,21,3.4665794372558594,58.5,59.0,7.627
1765479920.2371736,99,33,20,18,21,3.4665794372558594,58.5,59.0,7.627
1765479920.4388332,99,32,26,36,28,3.465911865234375,57.5,58.5,7.051
1765479920.640433,99,32,26,36,28,3.465911865234375,57.5,58.5,7.051
1765479920.8421617,99,48,26,20,30,3.466236114501953,58.5,59.0,7.44
1765479921.0445666,99,48,26,20,30,3.466236114501953,58.5,59.0,7.44
1765479921.2461035,99,48,26,20,30,3.466236114501953,58.5,59.0,7.44
1765479921.4473298,99,24,33,27,22,3.4669723510742188,58.0,58.5,6.891
1765479921.64881,99,24,33,27,22,3.4669723510742188,58.0,58.5,6.891
1765479921.8498669,99,20,24,26,54,3.4701919555664062,58.5,59.0,7.44
1765479922.0518641,99,20,24,26,54,3.4701919555664062,58.5,59.0,7.44
1765479922.2548084,99,20,24,26,54,3.4701919555664062,58.5,59.0,7.44
1765479922.456738,26,26,25,33,22,3.4695701599121094,57.0,59.0,5.33
1765479922.657836,26,26,25,33,22,3.4695701599121094,57.0,59.0,5.33
1765479922.858867,99,35,45,30,36,3.4697799682617188,58.5,58.5,7.32
1765479923.061863,99,35,45,30,36,3.4697799682617188,58.5,58.5,7.32
1765479923.2637947,99,35,45,30,36,3.4697799682617188,58.5,58.5,7.32
1765479923.465007,99,21,30,26,17,3.469928741455078,58.0,59.0,7.12
1765479923.6662214,99,21,30,26,17,3.469928741455078,58.0,59.0,7.12
1765479923.8674707,99,21,30,26,17,3.469928741455078,58.0,59.0,7.12
1765479924.0689232,99,56,22,21,17,3.4699859619140625,58.0,59.5,7.667
1765479924.2704778,99,56,22,21,17,3.4699859619140625,58.0,59.5,7.667
1765479924.472925,99,24,26,16,26,3.4701614379882812,58.0,59.0,7.4
1765479924.6745753,99,24,26,16,26,3.4701614379882812,58.0,59.0,7.4
1765479924.8758469,99,24,26,16,26,3.4701614379882812,58.0,59.0,7.4
1765479925.0772839,99,37,42,30,39,3.470226287841797,58.0,59.0,7.707
1765479925.278709,99,37,42,30,39,3.470226287841797,58.0,59.0,7.707
1765479925.4798863,99,18,25,22,31,3.4711952209472656,58.5,59.0,7.854
1765479925.6809597,99,18,25,22,31,3.4711952209472656,58.5,59.0,7.854
1765479925.8821843,99,18,25,22,31,3.4711952209472656,58.5,59.0,7.854
1765479926.085759,96,30,25,21,24,3.4705429077148438,57.0,60.0,5.927
1765479926.2884595,96,30,25,21,24,3.4705429077148438,57.0,60.0,5.927
1765479926.4918754,99,30,47,27,32,3.4709815979003906,58.5,59.0,7.428
1765479926.6937563,99,30,47,27,32,3.4709815979003906,58.5,59.0,7.428
1765479926.8950138,99,30,47,27,32,3.4709815979003906,58.5,59.0,7.428
1765479927.0960624,99,26,26,35,28,3.4703636169433594,58.0,58.5,7.4
1765479927.2977285,99,26,26,35,28,3.4703636169433594,58.0,58.5,7.4
1765479927.4994135,99,26,22,22,52,3.47149658203125,58.0,58.5,7.44
1765479927.7024174,99,26,22,22,52,3.47149658203125,58.0,58.5,7.44
1765479927.9037673,99,26,22,22,52,3.47149658203125,58.0,58.5,7.44
1765479928.1057618,80,24,22,31,25,3.4712142944335938,57.5,59.5,5.371
1765479928.3069227,80,24,22,31,25,3.4712142944335938,57.5,59.5,5.371
1765479928.5081735,99,57,35,34,34,3.471691131591797,58.5,59.0,8.014
1765479928.7112308,99,57,35,34,34,3.471691131591797,58.5,59.0,8.014
1765479928.9126983,99,57,35,34,34,3.471691131591797,58.5,59.0,8.014
1765479929.114056,99,20,34,20,20,3.4726295471191406,58.0,59.0,7.24
1765479929.3152504,99,20,34,20,20,3.4726295471191406,58.0,59.0,7.24
1765479929.516449,99,31,25,50,31,3.4721450805664062,58.0,59.0,7.28
1765479929.7182257,99,31,25,50,31,3.4721450805664062,58.0,59.0,7.28
1765479929.9215024,99,31,25,50,31,3.4721450805664062,58.0,59.0,7.28
1765479930.1251903,98,24,31,30,26,3.4721031188964844,58.0,58.5,6.85
1765479930.3274636,98,24,31,30,26,3.4721031188964844,58.0,58.5,6.85
1765479930.5286312,99,35,37,35,41,3.472118377685547,58.0,61.0,7.051
1765479930.7297976,99,35,37,35,41,3.472118377685547,58.0,61.0,7.051
1765479930.9315445,99,35,37,35,41,3.472118377685547,58.0,61.0,7.051
1765479931.1332734,99,19,43,19,28,3.473590850830078,58.5,59.0,7.894
1765479931.3346019,99,19,43,19,28,3.473590850830078,58.5,59.0,7.894
1765479931.5357027,99,29,16,24,18,3.472454071044922,58.0,58.5,7.011
1765479931.7367952,99,29,16,24,18,3.472454071044922,58.0,58.5,7.011
1765479931.9397004,99,29,16,24,18,3.472454071044922,58.0,58.5,7.011
1765479932.142344,99,51,32,36,37,3.4729156494140625,58.5,58.5,6.931
1765479932.3438303,99,51,32,36,37,3.4729156494140625,58.5,58.5,6.931
1765479932.5454664,99,22,24,28,32,3.4727134704589844,57.5,58.5,6.189
1765479932.746889,99,22,24,28,32,3.4727134704589844,57.5,58.5,6.189
1765479932.9481492,99,22,24,28,32,3.4727134704589844,57.5,58.5,6.189
1765479933.1494272,99,25,26,21,57,3.4738845825195312,58.0,59.0,7.974
1765479933.351564,99,25,26,21,57,3.4738845825195312,58.0,59.0,7.974
1765479933.5530643,99,18,22,16,21,3.4729652404785156,58.0,58.5,6.39
1765479933.75434,99,18,22,16,21,3.4729652404785156,58.0,58.5,6.39
1765479933.9555006,99,18,22,16,21,3.4729652404785156,58.0,58.5,6.39
1765479934.1576886,98,59,38,33,32,3.4736175537109375,58.5,59.5,7.667
1765479934.3630683,98,59,38,33,32,3.4736175537109375,58.5,59.5,7.667
1765479934.5643413,99,28,21,26,24,3.4742965698242188,58.5,58.5,8.16
1765479934.7653606,99,28,21,26,24,3.4742965698242188,58.5,58.5,8.16
1765479934.966556,99,28,21,26,24,3.4742965698242188,58.5,58.5,8.16
1765479935.1676326,99,26,27,37,19,3.474029541015625,58.0,59.0,7.28
1765479935.369732,99,26,27,37,19,3.474029541015625,58.0,59.0,7.28
1765479935.5712335,99,30,30,27,20,3.473407745361328,58.5,58.5,7.44
1765479935.7728584,99,30,30,27,20,3.473407745361328,58.5,58.5,7.44
1765479935.9743452,99,30,30,27,20,3.473407745361328,58.5,58.5,7.44
1765479936.1755407,0,30,30,33,22,3.4741592407226562,57.0,58.5,5.136
1765479936.37684,0,30,30,33,22,3.4741592407226562,57.0,58.5,5.136
1765479936.5798848,0,30,30,33,22,3.4741592407226562,57.0,58.5,5.136
1765479936.7816672,99,22,25,23,50,3.474945068359375,58.0,59.0,7.627
1765479936.9832463,99,22,25,23,50,3.474945068359375,58.0,59.0,7.627
1765479937.185017,99,30,20,20,20,3.4749755859375,58.0,59.0,6.971
1765479937.3863435,99,30,20,20,20,3.4749755859375,58.0,59.0,6.971
1765479937.5877306,99,30,20,20,20,3.4749755859375,58.0,59.0,6.971
1765479937.7910573,99,51,32,42,28,3.4748268127441406,58.5,58.5,7.051
1765479937.992452,99,51,32,42,28,3.4748268127441406,58.5,58.5,7.051
1765479938.1940694,32,25,31,24,25,3.4750633239746094,57.5,59.5,5.532
1765479938.395474,32,25,31,24,25,3.4750633239746094,57.5,59.5,5.532
1765479938.5968494,32,25,31,24,25,3.4750633239746094,57.5,59.5,5.532
1765479938.7988248,99,28,20,58,14,3.4758338928222656,58.5,59.5,7.934
1765479939.0023527,99,28,20,58,14,3.4758338928222656,58.5,59.5,7.934
1765479939.2045608,99,21,16,23,18,3.4759254455566406,58.0,58.5,6.621
1765479939.4057434,99,21,16,23,18,3.4759254455566406,58.0,58.5,6.621
1765479939.6070116,99,21,16,23,18,3.4759254455566406,58.0,58.5,6.621
1765479939.8089795,99,22,36,33,65,3.475818634033203,58.0,59.0,7.854
1765479940.0104337,99,22,36,33,65,3.475818634033203,58.0,59.0,7.854
1765479940.2120218,99,24,24,22,24,3.4766769409179688,58.0,59.0,7.974
1765479940.4136353,99,24,24,22,24,3.4766769409179688,58.0,59.0,7.974
1765479940.61508,99,24,24,22,24,3.4766769409179688,58.0,59.0,7.974
1765479940.816318,99,27,25,18,39,3.4760398864746094,58.0,59.0,7.28
1765479941.018656,99,27,25,18,39,3.4760398864746094,58.0,59.0,7.28
1765479941.22058,99,31,26,26,32,3.4765777587890625,58.0,58.5,7.011
1765479941.422179,99,31,26,26,32,3.4765777587890625,58.0,58.5,7.011
1765479941.623595,99,31,26,26,32,3.4765777587890625,58.0,58.5,7.011
1765479941.8247442,8,26,30,30,27,3.4760360717773438,58.0,58.5,5.451
1765479942.0263364,8,26,30,30,27,3.4760360717773438,58.0,58.5,5.451
1765479942.2277625,99,25,29,55,16,3.4774856567382812,58.5,59.5,7.814
1765479942.4292555,99,25,29,55,16,3.4774856567382812,58.5,59.5,7.814
1765479942.6306953,99,25,29,55,16,3.4774856567382812,58.5,59.5,7.814
1765479942.8318486,99,28,18,16,19,3.4765243530273438,58.0,58.5,6.661
1765479943.0331962,99,28,18,16,19,3.4765243530273438,58.0,58.5,6.661
1765479943.235573,99,42,29,46,40,3.4775238037109375,58.5,58.5,6.931
1765479943.4383988,99,42,29,46,40,3.4775238037109375,58.5,58.5,6.931
1765479943.639877,99,42,29,46,40,3.4775238037109375,58.5,58.5,6.931
1765479943.841605,99,36,28,22,23,3.477203369140625,58.0,59.0,6.038
1765479944.0430775,99,36,28,22,23,3.477203369140625,58.0,59.0,6.038
1765479944.2442236,99,22,24,60,19,3.4791717529296875,58.5,60.0,7.814
1765479944.4465146,99,22,24,60,19,3.4791717529296875,58.5,60.0,7.814
1765479944.6488779,99,22,24,60,19,3.4791717529296875,58.5,60.0,7.814
1765479944.8519106,99,28,16,16,27,3.4788856506347656,58.5,59.0,7.36
1765479945.0534267,99,28,16,16,27,3.4788856506347656,58.5,59.0,7.36
1765479945.2546222,99,38,36,27,44,3.4787521362304688,58.5,58.5,7.627
1765479945.4557438,99,38,36,27,44,3.4787521362304688,58.5,58.5,7.627
1765479945.6569555,99,38,36,27,44,3.4787521362304688,58.5,58.5,7.627
1765479945.8592231,99,22,22,19,37,3.4799842834472656,58.5,59.5,7.627
1765479946.060396,99,22,22,19,37,3.4799842834472656,58.5,59.5,7.627
1765479946.2616773,99,22,22,19,37,3.4799842834472656,58.5,59.5,7.627
1765479946.4715574,39,22,22,26,25,3.4791946411132812,57.5,60.0,5.451
1765479946.6748042,39,22,22,26,25,3.4791946411132812,57.5,60.0,5.451
1765479946.8768413,99,44,22,44,22,3.4794464111328125,58.0,59.0,7.24
1765479947.0786483,99,44,22,44,22,3.4794464111328125,58.0,59.0,7.24
1765479947.2804372,99,44,22,44,22,3.4794464111328125,58.0,59.0,7.24
1765479947.4817643,99,30,31,20,33,3.4791908264160156,58.0,59.0,6.81
1765479947.6831932,99,30,31,20,33,3.4791908264160156,58.0,59.0,6.81
1765479947.884629,99,28,28,57,22,3.4797401428222656,58.0,59.5,7.587
1765479948.0864985,99,28,28,57,22,3.4797401428222656,58.0,59.5,7.587
1765479948.287794,99,28,28,57,22,3.4797401428222656,58.0,59.5,7.587
1765479948.4889252,0,21,20,22,25,3.479663848876953,57.0,59.5,4.699
1765479948.6901507,0,21,20,22,25,3.479663848876953,57.0,59.5,4.699
1765479948.8917358,99,28,52,24,43,3.4806594848632812,58.5,59.0,7.627
1765479949.0930436,99,28,52,24,43,3.4806594848632812,58.5,59.0,7.627
1765479949.294062,99,28,52,24,43,3.4806594848632812,58.5,59.0,7.627
1765479949.49559,98,30,20,28,26,3.4805068969726562,58.5,59.0,7.24
1765479949.6967685,98,30,20,28,26,3.4805068969726562,58.5,59.0,7.24
1765479949.900431,99,22,22,20,55,3.481128692626953,58.5,59.0,7.695
1765479950.1035538,99,22,22,20,55,3.481128692626953,58.5,59.0,7.695
1765479950.3055558,99,22,22,20,55,3.481128692626953,58.5,59.0,7.695
1765479950.5074139,99,28,23,22,22,3.4813194274902344,58.0,59.0,6.781
1765479950.7086735,99,28,23,22,22,3.4813194274902344,58.0,59.0,6.781
1765479950.9099648,99,35,33,38,37,3.4811019897460938,57.5,59.5,6.861
1765479951.1109817,99,35,33,38,37,3.4811019897460938,57.5,59.5,6.861
1765479951.3124487,99,35,33,38,37,3.4811019897460938,57.5,59.5,6.861
1765479951.5147202,99,26,14,50,25,3.482189178466797,59.0,60.0,8.465
1765479951.7161167,99,26,14,50,25,3.482189178466797,59.0,60.0,8.465
1765479951.9191232,61,22,21,15,12,3.481670379638672,58.0,58.5,6.078
1765479952.1202765,61,22,21,15,12,3.481670379638672,58.0,58.5,6.078
1765479952.322534,61,22,21,15,12,3.481670379638672,58.0,58.5,6.078
1765479952.523836,99,58,32,34,32,3.4815521240234375,58.5,59.0,6.902
1765479952.7250142,99,58,32,34,32,3.4815521240234375,58.5,59.0,6.902
1765479952.9264855,99,26,28,26,30,3.4820556640625,57.5,59.0,6.701
1765479953.1278358,99,26,28,26,30,3.4820556640625,57.5,59.0,6.701
1765479953.3293166,99,26,28,26,30,3.4820556640625,57.5,59.0,6.701
1765479953.5309985,99,30,30,55,25,3.4831314086914062,58.5,59.5,8.014
1765479953.732835,99,30,30,55,25,3.4831314086914062,58.5,59.5,8.014
1765479953.9341018,94,18,17,20,21,3.4823760986328125,58.0,58.5,5.998
1765479954.1350803,94,18,17,20,21,3.4823760986328125,58.0,58.5,5.998
1765479954.3366354,94,18,17,20,21,3.4823760986328125,58.0,58.5,5.998
1765479954.538779,99,62,36,35,30,3.4830856323242188,58.5,59.0,7.695
1765479954.7404368,99,62,36,35,30,3.4830856323242188,58.5,59.0,7.695
1765479954.941657,99,22,24,30,20,3.4833412170410156,58.5,59.0,7.667
1765479955.1430705,99,22,24,30,20,3.4833412170410156,58.5,59.0,7.667
1765479955.3441694,99,22,24,30,20,3.4833412170410156,58.5,59.0,7.667
1765479955.5457447,99,30,43,23,28,3.484241485595703,58.5,59.5,7.735
1765479955.7487686,99,30,43,23,28,3.484241485595703,58.5,59.5,7.735
1765479955.9505038,99,30,43,23,28,3.484241485595703,58.5,59.5,7.735
1765479956.1514633,99,20,30,20,23,3.4834556579589844,58.0,59.0,7.28
1765479956.3531458,99,20,30,20,23,3.4834556579589844,58.0,59.0,7.28
1765479956.5547614,61,34,30,33,32,3.4838714599609375,58.0,59.5,6.39
1765479956.7558615,61,34,30,33,32,3.4838714599609375,58.0,59.5,6.39
1765479956.9570408,61,34,30,33,32,3.4838714599609375,58.0,59.5,6.39
1765479957.1593442,99,22,29,47,23,3.4849929809570312,58.5,59.0,7.775
1765479957.360917,99,22,29,47,23,3.4849929809570312,58.5,59.0,7.775
1765479957.5627768,99,20,22,20,23,3.484142303466797,58.0,59.0,6.701
1765479957.7639604,99,20,22,20,23,3.484142303466797,58.0,59.0,6.701
1765479957.9663723,99,20,22,20,23,3.484142303466797,58.0,59.0,6.701
1765479958.1681287,99,57,27,34,22,3.4840850830078125,58.5,59.0,7.011
1765479958.369264,99,57,27,34,22,3.4840850830078125,58.5,59.0,7.011
1765479958.571063,99,30,19,29,25,3.483654022216797,58.0,59.0,6.269
1765479958.7724757,99,30,19,29,25,3.483654022216797,58.0,59.0,6.269
1765479958.973448,99,30,19,29,25,3.483654022216797,58.0,59.0,6.269
1765479959.1755247,99,29,24,28,56,3.4851455688476562,58.5,59.5,7.934
1765479959.3769011,99,29,24,28,56,3.4851455688476562,58.5,59.5,7.934
1765479959.5782177,97,26,19,18,25,3.484760284423828,58.0,59.0,5.806
1765479959.7794518,97,26,19,18,25,3.484760284423828,58.0,59.0,5.806
1765479959.9805152,97,26,19,18,25,3.484760284423828,58.0,59.0,5.806
1765479960.1828454,98,65,34,34,24,3.484813690185547,58.5,59.0,7.934
1765479960.3848555,98,65,34,34,24,3.484813690185547,58.5,59.0,7.934
1765479960.58654,99,25,28,25,26,3.485363006591797,58.5,59.0,7.48
1765479960.7885342,99,25,28,25,26,3.485363006591797,58.5,59.0,7.48
1765479960.9896414,99,25,28,25,26,3.485363006591797,58.5,59.0,7.48
1765479961.190569,99,28,40,34,23,3.4859237670898438,58.5,59.5,7.775
1765479961.392746,99,28,40,34,23,3.4859237670898438,58.5,59.5,7.775
1765479961.5955203,99,28,30,16,24,3.4857635498046875,58.5,58.5,6.931
1765479961.7969787,99,28,30,16,24,3.4857635498046875,58.5,58.5,6.931
1765479961.9981368,99,28,30,16,24,3.4857635498046875,58.5,58.5,6.931
1765479962.1991167,99,36,34,42,30,3.485687255859375,58.5,59.5,7.24
1765479962.400621,99,36,34,42,30,3.485687255859375,58.5,59.5,7.24
1765479962.6021137,99,20,19,50,18,3.4869041442871094,59.0,59.5,7.934
1765479962.8051803,99,20,19,50,18,3.4869041442871094,59.0,59.5,7.934
1765479963.0073764,99,20,19,50,18,3.4869041442871094,59.0,59.5,7.934
1765479963.208882,99,31,19,6,23,3.4859886169433594,59.0,58.5,6.781
1765479963.4109097,99,31,19,6,23,3.4859886169433594,59.0,58.5,6.781
1765479963.6126983,99,36,33,32,57,3.486125946044922,58.5,59.0,7.16
1765479963.814824,99,36,33,32,57,3.486125946044922,58.5,59.0,7.16
1765479964.01848,99,36,33,32,57,3.486125946044922,58.5,59.0,7.16
1765479964.2195961,99,33,36,18,21,3.4867324829101562,58.5,59.0,6.35
1765479964.4208264,99,33,36,18,21,3.4867324829101562,58.5,59.0,6.35
1765479964.6221256,99,28,60,29,22,3.4877395629882812,59.0,59.5,7.854
1765479964.8242931,99,28,60,29,22,3.4877395629882812,59.0,59.5,7.854
1765479965.0266826,99,28,60,29,22,3.4877395629882812,59.0,59.5,7.854
1765479965.2281246,99,26,22,19,21,3.486896514892578,58.5,59.5,6.239
1765479965.4293423,99,26,22,19,21,3.486896514892578,58.5,59.5,6.239
1765479965.6308177,99,32,25,60,25,3.4868202209472656,59.0,59.0,7.547
1765479965.8343596,99,32,25,60,25,3.4868202209472656,59.0,59.0,7.547
1765479966.035875,99,32,25,60,25,3.4868202209472656,59.0,59.0,7.547
1765479966.2381268,99,30,26,22,16,3.487323760986328,59.0,59.0,7.36
1765479966.4413755,99,30,26,22,16,3.487323760986328,59.0,59.0,7.36
1765479966.6437743,99,30,26,22,16,3.487323760986328,59.0,59.0,7.36
1765479966.8451993,0,30,28,28,27,3.505725860595703,57.5,61.0,4.503
1765479967.0528312,0,30,28,28,27,3.505725860595703,57.5,61.0,4.503
1765479967.255544,99,36,42,28,31,3.5057830810546875,58.5,58.5,7.28
1765479967.457044,99,36,42,28,31,3.5057830810546875,58.5,58.5,7.28
1765479967.6581063,99,36,42,28,31,3.5057830810546875,58.5,58.5,7.28
1765479967.8591664,99,28,33,20,23,3.505359649658203,58.5,59.0,6.58
1765479968.0616043,99,28,33,20,23,3.505359649658203,58.5,59.0,6.58
1765479968.2645304,99,35,25,19,60,3.5078887939453125,59.0,59.5,7.974
1765479968.4679408,99,35,25,19,60,3.5078887939453125,59.0,59.5,7.974
1765479968.66966,99,35,25,19,60,3.5078887939453125,59.0,59.5,7.974
1765479968.8709948,96,14,18,13,15,3.5067787170410156,58.5,58.5,6.239
1765479969.0720112,96,14,18,13,15,3.5067787170410156,58.5,58.5,6.239
1765479969.2732043,98,64,32,28,32,3.507080078125,59.0,59.0,7.587
1765479969.4745998,98,64,32,28,32,3.507080078125,59.0,59.0,7.587
1765479969.6764417,98,64,32,28,32,3.507080078125,59.0,59.0,7.587
1765479969.8778288,99,22,20,19,23,3.5074844360351562,59.0,59.0,7.507
1765479970.0789595,99,22,20,19,23,3.5074844360351562,59.0,59.0,7.507
1765479970.2801495,99,30,31,27,42,3.508697509765625,58.5,59.5,7.775
1765479970.4816365,99,30,31,27,42,3.508697509765625,58.5,59.5,7.775
1765479970.6840804,99,30,31,27,42,3.508697509765625,58.5,59.5,7.775
1765479970.885834,98,32,26,26,23,3.508106231689453,59.0,59.0,6.971
1765479971.0877228,98,32,26,26,23,3.508106231689453,59.0,59.0,6.971
1765479971.2889123,0,27,28,21,39,3.5078392028808594,58.5,58.5,5.217
1765479971.491093,0,27,28,21,39,3.5078392028808594,58.5,58.5,5.217
1765479971.6923552,0,27,28,21,39,3.5078392028808594,58.5,58.5,5.217
1765479971.8952334,99,29,28,59,26,3.5086212158203125,58.5,59.0,7.28
1765479972.0978646,99,29,28,59,26,3.5086212158203125,58.5,59.0,7.28
1765479972.2994764,99,18,27,16,23,3.5088424682617188,58.5,59.0,7.2
1765479972.5006633,99,18,27,16,23,3.5088424682617188,58.5,59.0,7.2
1765479972.7021587,99,18,27,16,23,3.5088424682617188,58.5,59.0,7.2
1765479972.9040487,99,58,26,24,25,3.5085906982421875,58.5,59.0,7.011
1765479973.1057296,99,58,26,24,25,3.5085906982421875,58.5,59.0,7.011
1765479973.3069942,99,34,25,22,20,3.5086631774902344,58.0,58.5,4.942
1765479973.5082798,99,34,25,22,20,3.5086631774902344,58.0,58.5,4.942
1765479973.709402,99,34,25,22,20,3.5086631774902344,58.0,58.5,4.942
1765479973.9111485,99,36,32,30,62,3.5101470947265625,59.0,60.0,8.544
1765479974.113629,99,36,32,30,62,3.5101470947265625,59.0,60.0,8.544
1765479974.3151531,99,23,14,23,11,3.509166717529297,59.0,59.0,6.861
1765479974.516358,99,23,14,23,11,3.509166717529297,59.0,59.0,6.861
1765479974.7174578,99,23,14,23,11,3.509166717529297,59.0,59.0,6.861
1765479974.91857,99,29,33,60,27,3.509326934814453,58.5,60.0,7.36
1765479975.11977,99,29,33,60,27,3.509326934814453,58.5,60.0,7.36
1765479975.3213415,98,26,18,32,20,3.5096664428710938,59.0,59.0,7.091
1765479975.5228658,98,26,18,32,20,3.5096664428710938,59.0,59.0,7.091
1765479975.7239864,98,26,18,32,20,3.5096664428710938,59.0,59.0,7.091
1765479975.9250715,99,27,31,28,34,3.510334014892578,58.5,59.5,7.051
1765479976.1267717,99,27,31,28,34,3.510334014892578,58.5,59.5,7.051
1765479976.3283393,99,27,31,28,34,3.510334014892578,58.5,59.5,7.051
1765479976.5294259,99,25,21,32,35,3.510021209716797,59.0,59.0,7.4
1765479976.7309256,99,25,21,32,35,3.510021209716797,59.0,59.0,7.4
1765479976.9322214,99,39,25,20,16,3.5098609924316406,59.0,59.0,6.821
1765479977.133365,99,39,25,20,16,3.5098609924316406,59.0,59.0,6.821
1765479977.3346648,99,39,25,20,16,3.5098609924316406,59.0,59.0,6.821
1765479977.536914,99,25,27,60,26,3.5098876953125,59.0,59.5,7.24
1765479977.7408602,99,25,27,60,26,3.5098876953125,59.0,59.5,7.24
1765479977.9433064,99,25,21,14,26,3.510021209716797,58.5,59.0,6.621
1765479978.1443043,99,25,21,14,26,3.510021209716797,58.5,59.0,6.621
1765479978.34634,99,25,21,14,26,3.510021209716797,58.5,59.0,6.621
1765479978.5479388,99,22,24,30,60,3.510528564453125,58.5,59.0,7.091
1765479978.7503347,99,22,24,30,60,3.510528564453125,58.5,59.0,7.091
1765479978.952224,92,21,28,26,20,3.5107574462890625,58.5,58.5,5.846
1765479979.15355,92,21,28,26,20,3.5107574462890625,58.5,58.5,5.846
1765479979.3545969,92,21,28,26,20,3.5107574462890625,58.5,58.5,5.846
1765479979.5567358,99,35,42,56,26,3.511638641357422,59.0,59.5,8.24
1765479979.7582774,99,35,42,56,26,3.511638641357422,59.0,59.5,8.24
1765479979.9593766,99,20,12,16,12,3.510723114013672,58.5,59.0,6.971
1765479980.160728,99,20,12,16,12,3.510723114013672,58.5,59.0,6.971
1765479980.3624976,99,20,12,16,12,3.510723114013672,58.5,59.0,6.971
1765479980.5637486,99,33,51,32,34,3.5112533569335938,58.5,59.0,7.587
1765479980.7652662,99,33,51,32,34,3.5112533569335938,58.5,59.0,7.587
1765479980.9672794,99,28,37,23,18,3.5119361877441406,58.5,59.0,7.468
1765479981.1686008,99,28,37,23,18,3.5119361877441406,58.5,59.0,7.468
1765479981.369738,99,28,37,23,18,3.5119361877441406,58.5,59.0,7.468
1765479981.5710797,99,30,26,26,28,3.512420654296875,58.0,60.5,6.85
1765479981.7730584,99,30,26,26,28,3.512420654296875,58.0,60.5,6.85
1765479981.975272,99,28,19,43,18,3.5115623474121094,58.5,59.5,7.091
1765479982.1768694,99,28,19,43,18,3.5115623474121094,58.5,59.5,7.091
1765479982.3787196,99,28,19,43,18,3.5115623474121094,58.5,59.5,7.091
1765479982.5801775,99,25,32,26,24,3.5118370056152344,58.5,59.0,6.781
1765479982.782258,99,25,32,26,24,3.5118370056152344,58.5,59.0,6.781
1765479982.9837635,99,25,32,26,24,3.5118370056152344,58.5,59.0,6.781
1765479983.1866534,99,56,54,34,26,3.5039024353027344,59.0,60.0,8.624
1765479983.3882003,99,56,54,34,26,3.5039024353027344,59.0,60.0,8.624
1765479983.589322,99,36,18,25,18,3.4884910583496094,58.0,59.5,6.038
1765479983.7905982,99,36,18,25,18,3.4884910583496094,58.0,59.5,6.038
1765479983.9917176,99,49,44,31,28,3.4886207580566406,59.0,59.5,8.014
1765479984.1929247,99,49,44,31,28,3.4886207580566406,59.0,59.5,8.014
1765479984.3954618,99,49,44,31,28,3.4886207580566406,59.0,59.5,8.014
1765479984.5969439,99,24,31,18,18,3.4872512817382812,59.0,59.5,7.854
1765479984.7980616,99,24,31,18,18,3.4872512817382812,59.0,59.5,7.854
1765479984.9995031,99,42,43,38,44,3.4918441772460938,58.5,60.0,7.854
1765479985.2012725,99,42,43,38,44,3.4918441772460938,58.5,60.0,7.854
1765479985.402521,99,42,43,38,44,3.4918441772460938,58.5,60.0,7.854
1765479985.6038456,99,44,36,50,36,3.494152069091797,59.0,59.5,8.16
1765479985.8048482,99,44,36,50,36,3.494152069091797,59.0,59.5,8.16
1765479986.0060267,99,44,36,43,33,3.496166229248047,58.5,59.0,6.31
1765479986.2070432,99,44,36,43,33,3.496166229248047,58.5,59.0,6.31
1765479986.4085958,99,44,36,43,33,3.496166229248047,58.5,59.0,6.31
1765479986.6105943,99,36,25,22,61,3.4974746704101562,59.0,59.5,6.971
1765479986.8146188,99,36,25,22,61,3.4974746704101562,59.0,59.5,6.971
1765479987.0164204,99,36,25,22,61,3.4974746704101562,59.0,59.5,6.971
1765479987.2175665,99,23,33,16,24,3.498188018798828,58.0,59.5,6.661
1765479987.4187965,99,23,33,16,24,3.498188018798828,58.0,59.5,6.661
1765479987.620421,99,29,56,28,21,3.497539520263672,59.0,59.5,7.28
1765479987.8220162,99,29,56,28,21,3.497539520263672,59.0,59.5,7.28
1765479988.0233803,99,29,56,28,21,3.497539520263672,59.0,59.5,7.28
1765479988.2270925,97,28,27,14,18,3.4982337951660156,58.5,58.5,5.967
1765479988.428732,97,28,27,14,18,3.4982337951660156,58.5,58.5,5.967
1765479988.629733,99,40,40,55,34,3.4980316162109375,59.0,60.0,8.081
1765479988.8316054,99,40,40,55,34,3.4980316162109375,59.0,60.0,8.081
1765479989.03342,99,40,40,55,34,3.4980316162109375,59.0,60.0,8.081
1765479989.2346225,99,17,21,19,12,3.4987106323242188,58.5,59.0,7.507
1765479989.435961,99,17,21,19,12,3.4987106323242188,58.5,59.0,7.507
1765479989.6371121,99,38,34,50,38,3.4992218017578125,59.0,60.5,7.428
1765479989.838516,99,38,34,50,38,3.4992218017578125,59.0,60.5,7.428
1765479990.0414515,99,38,34,50,38,3.4992218017578125,59.0,60.5,7.428
1765479990.2456152,99,28,24,38,14,3.499469757080078,59.0,59.5,7.4
1765479990.454075,99,28,24,38,14,3.499469757080078,59.0,59.5,7.4
1765479990.6578588,99,34,31,21,30,3.500263214111328,58.0,60.0,7.051
1765479990.8597696,99,34,31,21,30,3.500263214111328,58.0,60.0,7.051
1765479991.0631387,99,34,31,21,30,3.500263214111328,58.0,60.0,7.051
1765479991.2645612,99,24,22,47,20,3.499744415283203,58.5,60.0,7.547
1765479991.4656937,99,24,22,47,20,3.499744415283203,58.5,60.0,7.547
1765479991.6668258,99,20,27,21,22,3.5000534057617188,59.0,59.0,6.971
1765479991.8679686,99,20,27,21,22,3.5000534057617188,59.0,59.0,6.971
1765479992.0694482,99,20,27,21,22,3.5000534057617188,59.0,59.0,6.971
1765479992.2712402,99,30,62,32,24,3.5004043579101562,59.0,59.0,7.091
1765479992.4742162,99,30,62,32,24,3.5004043579101562,59.0,59.0,7.091
1765479992.6759923,0,23,27,21,20,3.5010223388671875,58.0,60.5,5.249
1765479992.8772151,0,23,27,21,20,3.5010223388671875,58.0,60.5,5.249
1765479993.0782974,0,23,27,21,20,3.5010223388671875,58.0,60.5,5.249
1765479993.279749,99,22,25,30,58,3.5005035400390625,59.0,59.5,7.4
1765479993.4812112,99,22,25,30,58,3.5005035400390625,59.0,59.5,7.4
1765479993.683092,98,22,24,25,29,3.5008697509765625,58.5,59.0,6.661
1765479993.8863404,98,22,24,25,29,3.5008697509765625,58.5,59.0,6.661
1765479994.0881488,98,22,24,25,29,3.5008697509765625,58.5,59.0,6.661
1765479994.2894168,99,38,39,45,46,3.5017051696777344,59.0,60.0,7.934
1765479994.4923081,99,38,39,45,46,3.5017051696777344,59.0,60.0,7.934
1765479994.6946898,99,25,20,10,16,3.5018997192382812,59.0,59.0,6.971
1765479994.8957756,99,25,20,10,16,3.5018997192382812,59.0,59.0,6.971
1765479995.0968723,99,25,20,10,16,3.5018997192382812,59.0,59.0,6.971
1765479995.2982078,99,35,28,36,38,3.5018310546875,58.0,59.5,6.81
1765479995.4997485,99,35,28,36,38,3.5018310546875,58.0,59.5,6.81
1765479995.701175,99,29,44,22,20,3.501941680908203,59.0,59.0,7.547
1765479995.9027405,99,29,44,22,20,3.501941680908203,59.0,59.0,7.547
1765479996.104009,99,29,44,22,20,3.501941680908203,59.0,59.0,7.547
1765479996.3052473,99,21,26,29,24,3.502696990966797,59.0,60.0,7.707
1765479996.5070384,99,21,26,29,24,3.502696990966797,59.0,60.0,7.707
1765479996.7081532,99,24,21,45,24,3.502532958984375,58.5,59.5,6.891
1765479996.909414,99,24,21,45,24,3.502532958984375,58.5,59.5,6.891
1765479997.1106622,99,24,21,45,24,3.502532958984375,58.5,59.5,6.891
1765479997.3117719,99,29,22,22,37,3.5041236877441406,58.5,59.0,6.31
1765479997.5130064,99,29,22,22,37,3.5041236877441406,58.5,59.0,6.31
1765479997.7144403,99,29,22,22,37,3.5041236877441406,58.5,59.0,6.31
1765479997.9165947,99,28,59,34,31,3.5050048828125,59.0,59.5,7.587
1765479998.1211853,99,28,59,34,31,3.5050048828125,59.0,59.5,7.587
1765479998.3233683,95,18,22,12,18,3.505077362060547,58.5,59.0,6.701
1765479998.5244546,95,18,22,12,18,3.505077362060547,58.5,59.0,6.701
1765479998.7258487,95,18,22,12,18,3.505077362060547,58.5,59.0,6.701
1765479998.9269125,98,27,70,28,24,3.505329132080078,58.5,59.5,7.747
1765479999.1289182,98,27,70,28,24,3.505329132080078,58.5,59.5,7.747
1765479999.3312736,99,25,14,25,20,3.505359649658203,59.0,59.0,7.468
1765479999.5328937,99,25,14,25,20,3.505359649658203,59.0,59.0,7.468
1765479999.7341933,99,25,14,25,20,3.505359649658203,59.0,59.0,7.468
1765479999.9355257,99,47,39,38,33,3.50555419921875,59.0,60.0,7.894
1765480000.1376898,99,47,39,38,33,3.50555419921875,59.0,60.0,7.894
1765480000.3396127,99,32,14,28,17,3.5052871704101562,59.0,59.0,7.28
1765480000.542182,99,32,14,28,17,3.5052871704101562,59.0,59.0,7.28
1765480000.7432637,99,32,14,28,17,3.5052871704101562,59.0,59.0,7.28
1765480000.9445636,0,30,31,25,26,3.505626678466797,58.0,59.5,5.523
1765480001.1461017,0,30,31,25,26,3.505626678466797,58.0,59.5,5.523
1765480001.3475432,99,31,54,23,19,3.5062026977539062,59.0,59.5,7.4
1765480001.5490649,99,31,54,23,19,3.5062026977539062,59.0,59.5,7.4
1765480001.750295,99,31,54,23,19,3.5062026977539062,59.0,59.5,7.4
1765480001.9515257,99,24,28,24,31,3.506885528564453,59.0,59.5,7.627
1765480002.152459,99,24,28,24,31,3.506885528564453,59.0,59.5,7.627
1765480002.353517,99,60,14,23,17,3.5066757202148438,59.0,59.5,6.781
1765480002.554743,99,60,14,23,17,3.5066757202148438,59.0,59.5,6.781
1765480002.7557578,99,60,14,23,17,3.5066757202148438,59.0,59.5,6.781
1765480002.9577882,7,26,26,32,26,3.50653076171875,58.0,59.5,5.209
1765480003.1658747,7,26,26,32,26,3.50653076171875,58.0,59.5,5.209
1765480003.367396,99,35,26,62,38,3.506786346435547,59.0,60.0,8.12
1765480003.5705168,99,35,26,62,38,3.506786346435547,59.0,60.0,8.12
1765480003.7720108,99,35,26,62,38,3.506786346435547,59.0,60.0,8.12
1765480003.973304,99,22,19,16,20,3.507659912109375,59.0,59.5,7.36
1765480004.1748912,99,22,19,16,20,3.507659912109375,59.0,59.5,7.36
1765480004.3760278,99,28,24,33,58,3.5070228576660156,59.0,59.5,7.36
1765480004.5772955,99,28,24,33,58,3.5070228576660156,59.0,59.5,7.36
1765480004.7802885,99,28,24,33,58,3.5070228576660156,59.0,59.5,7.36
1765480004.9832354,98,22,35,24,19,3.5077667236328125,59.0,59.0,7.2
1765480005.184795,98,22,35,24,19,3.5077667236328125,59.0,59.0,7.2
1765480005.3864129,99,32,40,32,32,3.5081024169921875,58.5,60.5,7.4
1765480005.5887363,99,32,40,32,32,3.5081024169921875,58.5,60.5,7.4
1765480005.7916062,99,32,40,32,32,3.5081024169921875,58.5,60.5,7.4
1765480005.993499,99,20,12,44,12,3.5083847045898438,59.0,59.5,7.2
1765480006.1945302,99,20,12,44,12,3.5083847045898438,59.0,59.5,7.2
1765480006.3957322,99,26,20,32,26,3.508441925048828,58.5,59.0,6.81
1765480006.5970526,99,26,20,32,26,3.508441925048828,58.5,59.0,6.81
1765480006.798741,99,26,20,32,26,3.508441925048828,58.5,59.0,6.81
1765480007.0011685,99,33,31,58,33,3.509136199951172,59.0,59.0,7.051
1765480007.20467,99,33,31,58,33,3.509136199951172,59.0,59.0,7.051
1765480007.4058456,99,33,21,30,25,3.5095367431640625,58.0,60.0,6.39
1765480007.6070008,99,33,21,30,25,3.5095367431640625,58.0,60.0,6.39
1765480007.8084111,99,33,21,30,25,3.5095367431640625,58.0,60.0,6.39
1765480008.0095768,99,21,57,20,17,3.5086936950683594,59.0,59.0,7.507
1765480008.2114341,99,21,57,20,17,3.5086936950683594,59.0,59.0,7.507
1765480008.4127939,99,21,57,20,17,3.5086936950683594,59.0,59.0,7.507
1765480008.6161184,99,26,23,30,16,3.5090293884277344,59.0,59.0,6.43
1765480008.817709,99,26,23,30,16,3.5090293884277344,59.0,59.0,6.43
1765480009.0188105,99,36,44,54,36,3.5096282958984375,59.0,60.0,7.894
1765480009.221301,99,36,44,54,36,3.5096282958984375,59.0,60.0,7.894
1765480009.422588,99,36,44,54,36,3.5096282958984375,59.0,60.0,7.894
1765480009.623578,99,30,20,19,18,3.510101318359375,59.0,59.5,7.894
1765480009.8249037,99,30,20,19,18,3.510101318359375,59.0,59.5,7.894
1765480010.026174,99,27,30,25,46,3.5098228454589844,59.0,59.5,7.428
1765480010.2272737,99,27,30,25,46,3.5098228454589844,59.0,59.5,7.428
1765480010.4292412,99,27,30,25,46,3.5098228454589844,59.0,59.5,7.428
1765480010.6323586,99,24,25,23,35,3.5099945068359375,59.0,59.5,7.32
1765480010.834207,99,24,25,23,35,3.5099945068359375,59.0,59.5,7.32
1765480011.0353796,10,31,35,32,24,3.5105056762695312,58.0,59.5,6.229
1765480011.236628,10,31,35,32,24,3.5105056762695312,58.0,59.5,6.229
1765480011.437833,10,31,35,32,24,3.5105056762695312,58.0,59.5,6.229
1765480011.6393757,99,51,22,19,15,3.5105857849121094,59.0,60.0,7.775
1765480011.8405054,99,51,22,19,15,3.5105857849121094,59.0,60.0,7.775
1765480012.0416412,99,28,18,28,16,3.5105743408203125,58.5,59.5,6.821
1765480012.2430758,99,28,18,28,16,3.5105743408203125,58.5,59.5,6.821
1765480012.4446018,99,28,18,28,16,3.5105743408203125,58.5,59.5,6.821
1765480012.6460514,99,27,60,30,34,3.5110015869140625,59.0,59.5,7.091
1765480012.8473904,99,27,60,30,34,3.5110015869140625,59.0,59.5,7.091
1765480013.0485144,0,30,31,20,25,3.511089324951172,58.5,61.0,5.492
1765480013.2495859,0,30,31,20,25,3.511089324951172,58.5,61.0,5.492
1765480013.4505558,0,30,31,20,25,3.511089324951172,58.5,61.0,5.492
1765480013.6517475,99,57,21,22,25,3.5109405517578125,59.0,60.0,7.707
1765480013.8532119,99,57,21,22,25,3.5109405517578125,59.0,60.0,7.707
1765480014.055416,99,26,22,23,23,3.5111007690429688,58.5,59.5,6.741
1765480014.2569122,99,26,22,23,23,3.5111007690429688,58.5,59.5,6.741
1765480014.458184,99,26,22,23,23,3.5111007690429688,58.5,59.5,6.741
1765480014.659263,99,32,52,44,29,3.5114974975585938,58.5,59.5,7.775
1765480014.8625839,99,32,52,44,29,3.5114974975585938,58.5,59.5,7.775
1765480015.0642424,99,22,20,21,18,3.5124168395996094,58.5,59.5,7.48
1765480015.2653039,99,22,20,21,18,3.5124168395996094,58.5,59.5,7.48
1765480015.4667106,99,22,20,21,18,3.5124168395996094,58.5,59.5,7.48
1765480015.6678648,99,33,32,30,33,3.511524200439453,59.0,59.5,7.16
1765480015.8692915,99,33,32,30,33,3.511524200439453,59.0,59.5,7.16
1765480016.0712047,99,19,18,42,30,3.51202392578125,59.0,59.0,7.2
1765480016.2742305,99,19,18,42,30,3.51202392578125,59.0,59.0,7.2
1765480016.4759898,99,19,18,42,30,3.51202392578125,59.0,59.0,7.2
1765480016.6771276,99,31,30,29,33,3.5120010375976562,59.0,59.5,7.24
1765480016.8786933,99,31,30,29,33,3.5120010375976562,59.0,59.5,7.24
1765480017.0798113,99,16,22,26,53,3.5122833251953125,59.0,59.5,6.971
1765480017.2816036,99,16,22,26,53,3.5122833251953125,59.0,59.5,6.971
1765480017.4831307,99,16,22,26,53,3.5122833251953125,59.0,59.5,6.971
1765480017.6840959,99,24,24,26,27,3.5123519897460938,58.5,59.0,6.31
1765480017.8853312,99,24,24,26,27,3.5123519897460938,58.5,59.0,6.31
1765480018.0871897,99,32,33,39,52,3.5132179260253906,59.0,59.5,7.44
1765480018.2905746,99,32,33,39,52,3.5132179260253906,59.0,59.5,7.44
1765480018.4923246,99,32,33,39,52,3.5132179260253906,59.0,59.5,7.44
1765480018.69346,98,30,18,21,22,3.5138587951660156,59.0,60.0,6.931
1765480018.8946671,98,30,18,21,22,3.5138587951660156,59.0,60.0,6.931
1765480019.095952,98,30,18,21,22,3.5138587951660156,59.0,60.0,6.931
1765480019.296973,98,19,26,14,64,3.5127182006835938,59.0,60.5,7.627
1765480019.4980028,98,19,26,14,64,3.5127182006835938,59.0,60.5,7.627
1765480019.700141,99,29,32,27,14,3.513885498046875,59.0,59.5,7.775
1765480019.9016774,99,29,32,27,14,3.513885498046875,59.0,59.5,7.775
1765480020.1027882,99,29,32,27,14,3.513885498046875,59.0,59.5,7.775
1765480020.3041995,99,46,37,43,36,3.514415740966797,59.0,60.5,7.934
1765480020.5066385,99,46,37,43,36,3.514415740966797,59.0,60.5,7.934
1765480020.7080631,99,26,23,34,18,3.5152587890625,59.0,60.0,8.054
1765480020.9095438,99,26,23,34,18,3.5152587890625,59.0,60.0,8.054
1765480021.1109443,99,26,23,34,18,3.5152587890625,59.0,60.0,8.054
1765480021.312144,61,30,28,30,25,3.5139999389648438,58.0,61.5,6.269
1765480021.5136602,61,30,28,30,25,3.5139999389648438,58.0,61.5,6.269
1765480021.716069,99,28,24,50,27,3.51470947265625,59.5,59.0,7.24
1765480021.9186814,99,28,24,50,27,3.51470947265625,59.5,59.0,7.24
1765480022.1216962,99,28,24,50,27,3.51470947265625,59.5,59.0,7.24
1765480022.3229082,99,31,30,27,33,3.514354705810547,59.0,60.0,8.001
1765480022.5249045,99,31,30,27,33,3.514354705810547,59.0,60.0,8.001
1765480022.7267416,99,18,22,16,50,3.514972686767578,59.0,59.5,7.051
1765480022.9301314,99,18,22,16,50,3.514972686767578,59.0,59.5,7.051
1765480023.13153,99,18,22,16,50,3.514972686767578,59.0,59.5,7.051
1765480023.332855,99,26,22,29,26,3.5153274536132812,58.0,59.5,5.644
1765480023.534152,99,26,22,29,26,3.5153274536132812,58.0,59.5,5.644
1765480023.7360523,99,35,43,38,37,3.515117645263672,59.0,59.5,7.587
1765480023.9374795,99,35,43,38,37,3.515117645263672,59.0,59.5,7.587
1765480024.1386654,99,35,43,38,37,3.515117645263672,59.0,59.5,7.587
1765480024.3401978,99,28,24,19,22,3.516254425048828,59.0,59.5,7.051
1765480024.541541,99,28,24,19,22,3.516254425048828,59.0,59.5,7.051
1765480024.742745,98,24,24,22,65,3.5155258178710938,59.0,59.5,7.627
1765480024.944215,98,24,24,22,65,3.5155258178710938,59.0,59.5,7.627
1765480025.1454341,98,24,24,22,65,3.5155258178710938,59.0,59.5,7.627
1765480025.3469024,99,29,25,24,21,3.5161476135253906,59.0,59.5,7.32
1765480025.548503,99,29,25,24,21,3.5161476135253906,59.0,59.5,7.32
1765480025.7497256,99,30,50,33,32,3.5166358947753906,58.5,59.5,7.36
1765480025.9512768,99,30,50,33,32,3.5166358947753906,58.5,59.5,7.36
1765480026.1537426,99,30,50,33,32,3.5166358947753906,58.5,59.5,7.36
1765480026.3556805,98,18,40,12,18,3.5175819396972656,59.0,59.5,7.894
1765480026.5567873,98,18,40,12,18,3.5175819396972656,59.0,59.5,7.894
1765480026.7578125,0,20,24,20,14,3.5167388916015625,58.5,59.0,5.217
1765480026.9590216,0,20,24,20,14,3.5167388916015625,58.5,59.0,5.217
1765480027.160461,0,20,24,20,14,3.5167388916015625,58.5,59.0,5.217
1765480027.3639345,99,60,31,27,33,3.5172996520996094,59.0,59.5,6.741
1765480027.5655944,99,60,31,27,33,3.5172996520996094,59.0,59.5,6.741
1765480027.7669976,99,28,30,32,26,3.517375946044922,59.0,60.0,7.091
1765480027.9683397,99,28,30,32,26,3.517375946044922,59.0,60.0,7.091
1765480028.1696696,99,28,30,32,26,3.517375946044922,59.0,60.0,7.091
1765480028.3706503,99,20,18,54,22,3.5170936584472656,59.0,59.5,7.12
1765480028.5726855,99,20,18,54,22,3.5170936584472656,59.0,59.5,7.12
1765480028.7746546,99,20,18,54,22,3.5170936584472656,59.0,59.5,7.12
1765480028.9757483,99,27,25,26,19,3.517578125,59.0,59.0,5.532
1765480029.1768558,99,27,25,26,19,3.517578125,59.0,59.0,5.532
1765480029.3788338,99,38,31,47,46,3.5178871154785156,59.0,59.5,7.775
1765480029.5806835,99,38,31,47,46,3.5178871154785156,59.0,59.5,7.775
1765480029.78239,99,38,31,47,46,3.5178871154785156,59.0,59.5,7.775
1765480029.9835212,99,23,22,20,20,3.5183029174804688,59.0,59.5,7.854
1765480030.1847713,99,23,22,20,20,3.5183029174804688,59.0,59.5,7.854
1765480030.386071,99,27,55,27,17,3.5177764892578125,59.0,59.5,7.587
1765480030.5874135,99,27,55,27,17,3.5177764892578125,59.0,59.5,7.587
1765480030.7896435,99,27,55,27,17,3.5177764892578125,59.0,59.5,7.587
1765480030.991334,98,30,30,23,23,3.5181045532226562,59.0,60.0,6.971
1765480031.1925151,98,30,30,23,23,3.5181045532226562,59.0,60.0,6.971
1765480031.3935,99,39,31,30,35,3.5184860229492188,58.5,60.0,7.08
1765480031.5945098,99,39,31,30,35,3.5184860229492188,58.5,60.0,7.08
1765480031.7957568,99,39,31,30,35,3.5184860229492188,58.5,60.0,7.08
1765480031.9972126,99,18,16,16,43,3.5195655822753906,59.5,60.0,8.054
1765480032.1984308,99,18,16,16,43,3.5195655822753906,59.5,60.0,8.054
1765480032.3996816,99,20,25,20,23,3.5187225341796875,59.0,59.0,6.741
1765480032.6008854,99,20,25,20,23,3.5187225341796875,59.0,59.0,6.741
1765480032.8055723,99,20,25,20,23,3.5187225341796875,59.0,59.0,6.741
1765480033.0083191,99,28,48,30,43,3.518810272216797,59.0,59.5,7.051
1765480033.2095783,99,28,48,30,43,3.518810272216797,59.0,59.5,7.051
1765480033.4106305,99,33,29,19,29,3.5189552307128906,59.0,60.0,7.131
1765480033.6119664,99,33,29,19,29,3.5189552307128906,59.0,60.0,7.131
1765480033.8136988,99,33,29,19,29,3.5189552307128906,59.0,60.0,7.131
1765480034.0150778,99,16,32,42,18,3.5188674926757812,59.0,59.5,7.36
1765480034.2171292,99,16,32,42,18,3.5188674926757812,59.0,59.5,7.36
1765480034.4185681,99,26,18,23,27,3.5190696716308594,59.0,59.0,5.298
1765480034.6207411,99,26,18,23,27,3.5190696716308594,59.0,59.0,5.298
1765480034.8218606,99,26,18,23,27,3.5190696716308594,59.0,59.0,5.298
1765480035.0241728,98,58,36,36,31,3.5195465087890625,59.0,59.5,7.775
1765480035.226215,98,58,36,36,31,3.5195465087890625,59.0,59.5,7.775
1765480035.4274652,99,22,19,22,19,3.5201797485351562,59.0,60.0,7.814
1765480035.6288087,99,22,19,22,19,3.5201797485351562,59.0,60.0,7.814
1765480035.830326,99,22,19,22,19,3.5201797485351562,59.0,60.0,7.814
1765480036.031525,99,30,24,50,26,3.5191879272460938,59.0,60.5,7.667
1765480036.2333217,99,30,24,50,26,3.5191879272460938,59.0,60.5,7.667
1765480036.4348252,99,24,24,30,27,3.5194244384765625,59.0,60.0,7.091
1765480036.6371672,99,24,24,30,27,3.5194244384765625,59.0,60.0,7.091
1765480036.8386662,99,24,24,30,27,3.5194244384765625,59.0,60.0,7.091
