ts,gpu,cpu1,cpu2,cpu3,cpu4,ram,temp_gpu,temp_cpu,power
1765482272.7811637,0,22,13,23,25,3.6962547302246094,65.0,63.5,2.58
1765482272.9823518,0,22,13,23,25,3.6962547302246094,65.0,63.5,2.58
1765482273.1836994,0,22,13,23,25,3.6962547302246094,65.0,63.5,2.58
1765482273.3846118,0,22,13,23,25,3.6962547302246094,65.0,63.5,2.58
1765482273.6080842,99,18,37,35,23,3.7392501831054688,35.0,35.0,7.934
1765482273.8097923,99,18,37,35,23,3.7392501831054688,35.0,35.0,7.934
1765482274.0108755,99,63,64,56,77,3.7319183349609375,35.0,35.5,8.888
1765482274.2122047,99,63,64,56,77,3.7319183349609375,35.0,35.5,8.888
1765482274.413277,91,38,43,42,19,3.7375030517578125,34.5,35.0,6.741
1765482274.620047,91,38,43,42,19,3.7375030517578125,34.5,35.0,6.741
1765482274.8211203,91,38,43,42,19,3.7375030517578125,34.5,35.0,6.741
1765482275.0225875,99,28,30,54,24,3.741649627685547,35.0,35.5,9.072
1765482275.2280335,99,28,30,54,24,3.741649627685547,35.0,35.5,9.072
1765482275.4290426,99,28,30,54,24,3.741649627685547,35.0,35.5,9.072
1765482275.6303294,99,44,40,45,72,3.728687286376953,35.0,35.5,8.359
1765482275.8315685,99,44,40,45,72,3.728687286376953,35.0,35.5,8.359
1765482276.0446987,99,28,29,28,25,3.724811553955078,35.0,35.0,7.787
1765482276.2462616,99,28,29,28,25,3.724811553955078,35.0,35.0,7.787
1765482276.4474483,99,64,36,34,31,3.7261085510253906,35.0,35.5,8.584
1765482276.6492033,99,64,36,34,31,3.7261085510253906,35.0,35.5,8.584
1765482276.850328,99,64,36,34,31,3.7261085510253906,35.0,35.5,8.584
1765482277.0515897,64,28,28,36,37,3.7308197021484375,34.0,35.5,5.806
1765482277.2531745,64,28,28,36,37,3.7308197021484375,34.0,35.5,5.806
1765482277.455603,99,42,34,43,35,3.7326316833496094,35.0,35.5,7.934
1765482277.6568427,99,42,34,43,35,3.7326316833496094,35.0,35.5,7.934
1765482277.8580008,99,42,34,43,35,3.7326316833496094,35.0,35.5,7.934
1765482278.0590355,99,40,28,34,50,3.7330780029296875,35.0,36.0,8.12
1765482278.2625194,99,40,28,34,50,3.7330780029296875,35.0,36.0,8.12
1765482278.4643087,99,25,20,22,17,3.7330169677734375,35.0,34.5,6.661
1765482278.6657398,99,25,20,22,17,3.7330169677734375,35.0,34.5,6.661
1765482278.8671641,99,25,20,22,17,3.7330169677734375,35.0,34.5,6.661
1765482279.0704021,99,58,33,40,42,3.733356475830078,35.5,35.0,7.547
1765482279.271588,99,58,33,40,42,3.733356475830078,35.5,35.0,7.547
1765482279.4726171,99,34,28,35,48,3.7238235473632812,35.0,36.0,7.428
1765482279.673602,99,34,28,35,48,3.7238235473632812,35.0,36.0,7.428
1765482279.8747065,99,34,28,35,48,3.7238235473632812,35.0,36.0,7.428
1765482280.0759404,99,25,30,22,30,3.7254180908203125,35.5,36.0,7.974
1765482280.276989,99,25,30,22,30,3.7254180908203125,35.5,36.0,7.974
1765482280.4810777,99,28,18,26,41,3.7241859436035156,35.0,35.5,7.587
1765482280.6876225,99,28,18,26,41,3.7241859436035156,35.0,35.5,7.587
1765482280.8889117,99,28,18,26,41,3.7241859436035156,35.0,35.5,7.587
1765482281.090284,99,30,21,24,21,3.7245445251464844,35.5,35.0,6.118
1765482281.291349,99,30,21,24,21,3.7245445251464844,35.5,35.0,6.118
1765482281.4927523,99,33,31,63,26,3.7248764038085938,35.5,35.5,7.44
1765482281.6952732,99,33,31,63,26,3.7248764038085938,35.5,35.5,7.44
1765482281.8966007,99,33,31,63,26,3.7248764038085938,35.5,35.5,7.44
1765482282.097648,99,28,41,26,22,3.7253456115722656,35.0,36.0,7.587
1765482282.2990248,99,28,41,26,22,3.7253456115722656,35.0,36.0,7.587
1765482282.5037816,99,36,28,21,30,3.7243194580078125,35.5,35.5,7.667
1765482282.711512,99,36,28,21,30,3.7243194580078125,35.5,35.5,7.667
1765482282.9133391,99,36,28,21,30,3.7243194580078125,35.5,35.5,7.667
1765482283.1160514,99,32,44,50,31,3.7246360778808594,36.0,35.5,7.787
1765482283.317334,99,32,44,50,31,3.7246360778808594,36.0,35.5,7.787
1765482283.5183995,58,35,31,27,21,3.7250823974609375,35.0,36.0,5.877
1765482283.720648,58,35,31,27,21,3.7250823974609375,35.0,36.0,5.877
1765482283.9227023,58,35,31,27,21,3.7250823974609375,35.0,36.0,5.877
1765482284.1242626,99,22,24,28,43,3.7251548767089844,36.0,35.5,7.854
1765482284.3254886,99,22,24,28,43,3.7251548767089844,36.0,35.5,7.854
1765482284.5266075,99,52,28,34,26,3.725109100341797,35.5,36.5,7.547
1765482284.7282226,99,52,28,34,26,3.725109100341797,35.5,36.5,7.547
1765482284.929802,99,52,28,34,26,3.725109100341797,35.5,36.5,7.547
1765482285.1310701,99,30,23,21,23,3.724750518798828,35.5,35.5,7.011
1765482285.3324604,99,30,23,21,23,3.724750518798828,35.5,35.5,7.011
1765482285.5334146,99,29,51,38,27,3.7260818481445312,36.0,36.5,8.2
1765482285.7348807,99,29,51,38,27,3.7260818481445312,36.0,36.5,8.2
1765482285.9362493,99,29,51,38,27,3.7260818481445312,36.0,36.5,8.2
1765482286.1372998,0,31,26,28,24,3.724590301513672,35.0,36.5,5.015
1765482286.3385031,0,31,26,28,24,3.724590301513672,35.0,36.5,5.015
1765482286.539604,0,31,26,28,24,3.724590301513672,35.0,36.5,5.015
1765482286.7406008,99,32,30,47,22,3.725811004638672,36.0,36.0,7.854
1765482286.9417741,99,32,30,47,22,3.725811004638672,36.0,36.0,7.854
1765482287.143389,99,40,40,45,42,3.7261962890625,36.0,36.0,7.854
1765482287.3463705,99,40,40,45,42,3.7261962890625,36.0,36.0,7.854
1765482287.5475538,99,40,40,45,42,3.7261962890625,36.0,36.0,7.854
1765482287.7495573,99,24,25,21,20,3.7265701293945312,36.0,37.0,7.587
1765482287.9507477,99,24,25,21,20,3.7265701293945312,36.0,37.0,7.587
1765482288.152158,99,35,48,50,40,3.7128829956054688,36.0,37.0,7.814
1765482288.353229,99,35,48,50,40,3.7128829956054688,36.0,37.0,7.814
1765482288.5603807,99,35,48,50,40,3.7128829956054688,36.0,37.0,7.814
1765482288.7616467,96,30,29,31,19,3.713184356689453,35.5,37.0,5.957
1765482288.9629962,96,30,29,31,19,3.713184356689453,35.5,37.0,5.957
1765482289.164842,99,51,24,28,28,3.7130203247070312,36.5,36.5,8.544
1765482289.3660471,99,51,24,28,28,3.7130203247070312,36.5,36.5,8.544
1765482289.567415,99,51,24,28,28,3.7130203247070312,36.5,36.5,8.544
1765482289.768766,99,51,25,14,15,3.7127342224121094,36.0,36.5,7.775
1765482289.9705951,99,51,25,14,15,3.7127342224121094,36.0,36.5,7.775
1765482290.171687,99,26,24,25,21,3.712921142578125,35.5,36.0,5.967
1765482290.3727472,99,26,24,25,21,3.712921142578125,35.5,36.0,5.967
1765482290.5747232,99,26,24,25,21,3.712921142578125,35.5,36.0,5.967
1765482290.7767613,99,38,30,39,54,3.7134666442871094,36.0,36.5,7.28
1765482290.9781418,99,38,30,39,54,3.7134666442871094,36.0,36.5,7.28
1765482291.179403,99,34,32,22,35,3.7146568298339844,36.0,37.5,8.081
1765482291.3809154,99,34,32,22,35,3.7146568298339844,36.0,37.5,8.081
1765482291.5835016,99,34,32,22,35,3.7146568298339844,36.0,37.5,8.081
1765482291.7847636,99,26,28,28,22,3.7137222290039062,36.5,36.0,7.747
1765482291.9860756,99,26,28,28,22,3.7137222290039062,36.5,36.0,7.747
1765482292.1874552,99,44,32,57,26,3.7144012451171875,36.5,36.5,7.747
1765482292.3887904,99,44,32,57,26,3.7144012451171875,36.5,36.5,7.747
1765482292.5897977,99,44,32,57,26,3.7144012451171875,36.5,36.5,7.747
1765482292.7909756,91,26,22,18,37,3.7149620056152344,36.0,36.5,6.47
1765482292.9927292,91,26,22,18,37,3.7149620056152344,36.0,36.5,6.47
1765482293.193869,99,28,18,40,18,3.717609405517578,36.5,37.0,8.16
1765482293.3961103,99,28,18,40,18,3.717609405517578,36.5,37.0,8.16
1765482293.5982769,99,28,18,40,18,3.717609405517578,36.5,37.0,8.16
1765482293.7995887,99,54,24,22,22,3.7164688110351562,36.0,37.5,7.4
1765482294.0011623,99,54,24,22,22,3.7164688110351562,36.0,37.5,7.4
1765482294.2024517,99,34,24,20,19,3.717090606689453,36.5,36.5,7.587
1765482294.4035807,99,34,24,20,19,3.717090606689453,36.5,36.5,7.587
1765482294.6047726,99,34,24,20,19,3.717090606689453,36.5,36.5,7.587
1765482294.8062563,99,34,52,52,26,3.7175445556640625,36.5,37.5,8.624
1765482295.0081825,99,34,52,52,26,3.7175445556640625,36.5,37.5,8.624
1765482295.2094023,93,24,20,25,10,3.7174720764160156,36.0,37.0,5.917
1765482295.4106789,93,24,20,25,10,3.7174720764160156,36.0,37.0,5.917
1765482295.6122591,93,24,20,25,10,3.7174720764160156,36.0,37.0,5.917
1765482295.814684,99,55,34,34,34,3.7188262939453125,37.0,37.0,7.827
1765482296.0158577,99,55,34,34,34,3.7188262939453125,37.0,37.0,7.827
1765482296.222466,99,47,44,30,26,3.719287872314453,36.5,38.0,7.44
1765482296.4242687,99,47,44,30,26,3.719287872314453,36.5,38.0,7.44
1765482296.6256135,99,47,44,30,26,3.719287872314453,36.5,38.0,7.44
1765482296.8265874,99,29,27,14,20,3.720813751220703,37.0,37.0,8.505
1765482297.02774,99,29,27,14,20,3.720813751220703,37.0,37.0,8.505
1765482297.2306685,99,29,27,14,20,3.720813751220703,37.0,37.0,8.505
1765482297.4321651,99,19,26,52,23,3.7207107543945312,36.5,37.0,7.36
1765482297.6343756,99,19,26,52,23,3.7207107543945312,36.5,37.0,7.36
1765482297.8359149,81,28,23,19,35,3.7209434509277344,36.5,37.0,5.927
1765482298.0370994,81,28,23,19,35,3.7209434509277344,36.5,37.0,5.927
1765482298.2386708,81,28,23,19,35,3.7209434509277344,36.5,37.0,5.927
1765482298.4404588,99,45,26,27,31,3.7209434509277344,37.0,37.0,7.854
1765482298.6415577,99,45,26,27,31,3.7209434509277344,37.0,37.0,7.854
1765482298.8425176,99,30,47,27,31,3.7225570678710938,37.0,38.0,8.2
1765482299.0436344,99,30,47,27,31,3.7225570678710938,37.0,38.0,8.2
1765482299.2446263,99,30,47,27,31,3.7225570678710938,37.0,38.0,8.2
1765482299.4549935,99,25,30,28,36,3.7228355407714844,37.5,37.5,7.894
1765482299.658595,99,25,30,28,36,3.7228355407714844,37.5,37.5,7.894
1765482299.8600717,99,71,76,58,63,3.7194252014160156,37.0,38.5,8.359
1765482300.0617568,99,71,76,58,63,3.7194252014160156,37.0,38.5,8.359
1765482300.262985,99,71,76,58,63,3.7194252014160156,37.0,38.5,8.359
1765482300.4640727,99,36,37,23,25,3.719562530517578,37.0,38.5,7.28
1765482300.665791,99,36,37,23,25,3.719562530517578,37.0,38.5,7.28
1765482300.8671584,99,32,32,38,36,3.7185287475585938,37.5,37.0,7.667
1765482301.0682657,99,32,32,38,36,3.7185287475585938,37.5,37.0,7.667
1765482301.2706954,99,32,32,38,36,3.7185287475585938,37.5,37.0,7.667
1765482301.473498,99,28,24,48,34,3.7191925048828125,37.0,37.0,7.667
1765482301.6755943,99,28,24,48,34,3.7191925048828125,37.0,37.0,7.667
1765482301.8768265,45,22,26,33,30,3.7191848754882812,36.5,37.0,5.411
1765482302.078556,45,22,26,33,30,3.7191848754882812,36.5,37.0,5.411
1765482302.2799294,45,22,26,33,30,3.7191848754882812,36.5,37.0,5.411
1765482302.482405,99,36,26,50,24,3.7203025817871094,37.5,38.0,8.425
1765482302.6838496,99,36,26,50,24,3.7203025817871094,37.5,38.0,8.425
1765482302.884971,99,53,20,23,18,3.7191009521484375,37.0,38.5,7.707
1765482303.0862985,99,53,20,23,18,3.7191009521484375,37.0,38.5,7.707
1765482303.2883275,99,53,20,23,18,3.7191009521484375,37.0,38.5,7.707
1765482303.4895244,99,24,24,26,28,3.7192306518554688,37.5,37.0,7.36
1765482303.690692,99,24,24,26,28,3.7192306518554688,37.5,37.0,7.36
1765482303.891707,99,45,34,32,58,3.719257354736328,37.5,37.5,7.787
1765482304.093353,99,45,34,32,58,3.719257354736328,37.5,37.5,7.787
1765482304.2946632,99,45,34,32,58,3.719257354736328,37.5,37.5,7.787
1765482304.4957209,14,16,24,26,16,3.7201309204101562,37.0,38.0,5.492
1765482304.697036,14,16,24,26,16,3.7201309204101562,37.0,38.0,5.492
1765482304.8985314,99,26,52,21,33,3.7252197265625,37.5,37.0,7.52
1765482305.0998535,99,26,52,21,33,3.7252197265625,37.5,37.0,7.52
1765482305.3008525,99,26,52,21,33,3.7252197265625,37.5,37.0,7.52
1765482305.5019774,99,36,33,42,32,3.7183494567871094,37.0,38.0,6.891
1765482305.703062,99,36,33,42,32,3.7183494567871094,37.0,38.0,6.891
1765482305.9040258,99,26,38,29,16,3.718475341796875,38.0,38.5,8.014
1765482306.104972,99,26,38,29,16,3.718475341796875,38.0,38.5,8.014
1765482306.306099,99,26,38,29,16,3.718475341796875,38.0,38.5,8.014
1765482306.5072508,99,22,18,35,42,3.7185630798339844,37.5,37.0,7.894
1765482306.7092278,99,22,18,35,42,3.7185630798339844,37.5,37.0,7.894
1765482306.9108317,99,22,18,35,42,3.7185630798339844,37.5,37.0,7.894
1765482307.1121142,20,21,29,25,27,3.719005584716797,37.0,38.0,5.136
1765482307.3134112,20,21,29,25,27,3.719005584716797,37.0,38.0,5.136
1765482307.5155993,99,39,50,56,48,3.7208023071289062,37.5,37.5,7.735
1765482307.71683,99,39,50,56,48,3.7208023071289062,37.5,37.5,7.735
1765482307.9184635,99,39,50,56,48,3.7208023071289062,37.5,37.5,7.735
1765482308.1200716,99,32,28,36,41,3.721996307373047,37.5,38.5,8.054
1765482308.3221827,99,32,28,36,41,3.721996307373047,37.5,38.5,8.054
1765482308.5234337,99,22,34,25,18,3.7206497192382812,38.0,37.5,7.854
1765482308.724616,99,22,34,25,18,3.7206497192382812,38.0,37.5,7.854
1765482308.9265513,99,22,34,25,18,3.7206497192382812,38.0,37.5,7.854
1765482309.1295779,99,36,23,34,53,3.7208824157714844,38.0,38.0,7.667
1765482309.331773,99,36,23,34,53,3.7208824157714844,38.0,38.0,7.667
1765482309.533008,77,33,30,21,25,3.7212677001953125,37.5,38.5,6.47
1765482309.7341173,77,33,30,21,25,3.7212677001953125,37.5,38.5,6.47
1765482309.9352663,77,33,30,21,25,3.7212677001953125,37.5,38.5,6.47
1765482310.1366796,99,31,50,92,34,3.716217041015625,38.0,38.5,8.992
1765482310.3378003,99,31,50,92,34,3.716217041015625,38.0,38.5,8.992
1765482310.539095,99,64,27,28,34,3.7185935974121094,38.0,39.0,7.854
1765482310.7404444,99,64,27,28,34,3.7185935974121094,38.0,39.0,7.854
1765482310.94306,99,64,27,28,34,3.7185935974121094,38.0,39.0,7.854
1765482311.1444366,99,25,19,25,23,3.7218170166015625,38.0,38.0,7.091
1765482311.3456655,99,25,19,25,23,3.7218170166015625,38.0,38.0,7.091
1765482311.5470476,99,27,40,27,48,3.7215652465820312,38.0,38.5,8.319
1765482311.7490976,99,27,40,27,48,3.7215652465820312,38.0,38.5,8.319
1765482311.9504268,99,27,40,27,48,3.7215652465820312,38.0,38.5,8.319
1765482312.1516051,99,15,19,35,28,3.72137451171875,37.5,39.0,6.971
1765482312.352898,99,15,19,35,28,3.72137451171875,37.5,39.0,6.971
1765482312.5546052,99,32,20,32,28,3.7217788696289062,38.0,38.0,7.32
1765482312.7559335,99,32,20,32,28,3.7217788696289062,38.0,38.0,7.32
1765482312.9570687,99,32,20,32,28,3.7217788696289062,38.0,38.0,7.32
1765482313.1582727,99,40,34,54,44,3.7209625244140625,38.5,38.5,8.054
1765482313.361108,99,40,34,54,44,3.7209625244140625,38.5,38.5,8.054
1765482313.563644,19,19,26,25,20,3.7225189208984375,37.5,38.5,5.967
1765482313.764964,19,19,26,25,20,3.7225189208984375,37.5,38.5,5.967
1765482313.9667256,19,19,26,25,20,3.7225189208984375,37.5,38.5,5.967
1765482314.1684642,99,34,42,27,27,3.7214088439941406,38.5,38.0,7.32
1765482314.3694875,99,34,42,27,27,3.7214088439941406,38.5,38.0,7.32
1765482314.5706902,99,26,42,30,40,3.721752166748047,38.0,39.0,7.667
1765482314.7719228,99,26,42,30,40,3.721752166748047,38.0,39.0,7.667
1765482314.972955,99,26,42,30,40,3.721752166748047,38.0,39.0,7.667
1765482315.1756675,99,26,27,22,29,3.7216033935546875,38.5,38.0,7.974
1765482315.377163,99,26,27,22,29,3.7216033935546875,38.5,38.0,7.974
1765482315.578751,99,16,24,37,44,3.722442626953125,38.5,38.0,8.16
1765482315.7807646,99,16,24,37,44,3.722442626953125,38.5,38.0,8.16
1765482315.9829104,99,16,24,37,44,3.722442626953125,38.5,38.0,8.16
1765482316.1844633,86,26,23,20,25,3.7211990356445312,38.0,39.0,6.149
1765482316.3855388,86,26,23,20,25,3.7211990356445312,38.0,39.0,6.149
1765482316.586783,86,26,23,20,25,3.7211990356445312,38.0,39.0,6.149
1765482316.7894318,99,37,27,29,51,3.720966339111328,39.0,38.5,7.974
1765482316.9912398,99,37,27,29,51,3.720966339111328,39.0,38.5,7.974
1765482317.1924524,99,31,39,46,40,3.7222518920898438,38.0,39.0,8.16
1765482317.395712,99,31,39,46,40,3.7222518920898438,38.0,39.0,8.16
1765482317.597599,99,31,39,46,40,3.7222518920898438,38.0,39.0,8.16
1765482317.7987683,99,18,18,14,25,3.7209548950195312,38.5,38.5,7.051
1765482318.0004935,99,18,18,14,25,3.7209548950195312,38.5,38.5,7.051
1765482318.2023017,99,42,50,38,33,3.7212448120117188,38.5,39.0,7.787
1765482318.4036534,99,42,50,38,33,3.7212448120117188,38.5,39.0,7.787
1765482318.6082134,99,42,50,38,33,3.7212448120117188,38.5,39.0,7.787
1765482318.8102639,99,22,37,38,26,3.7219696044921875,38.0,39.0,7.32
1765482319.011625,99,22,37,38,26,3.7219696044921875,38.0,39.0,7.32
1765482319.2131429,99,23,33,22,25,3.7225990295410156,39.0,39.0,7.934
1765482319.414467,99,23,33,22,25,3.7225990295410156,39.0,39.0,7.934
1765482319.615684,99,23,33,22,25,3.7225990295410156,39.0,39.0,7.934
1765482319.816806,99,38,24,43,16,3.721637725830078,38.5,39.0,7.854
1765482320.0186708,99,38,24,43,16,3.721637725830078,38.5,39.0,7.854
1765482320.2198503,0,19,30,25,22,3.7213134765625,38.0,38.5,4.658
1765482320.4210398,0,19,30,25,22,3.7213134765625,38.0,38.5,4.658
1765482320.6222873,0,19,30,25,22,3.7213134765625,38.0,38.5,4.658
1765482320.8254118,99,36,43,33,33,3.7212791442871094,38.5,39.0,8.014
1765482321.0271256,99,36,43,33,33,3.7212791442871094,38.5,39.0,8.014
1765482321.2284856,99,26,41,40,24,3.7220191955566406,38.5,40.0,8.16
1765482321.430596,99,26,41,40,24,3.7220191955566406,38.5,40.0,8.16
1765482321.6328804,99,26,41,40,24,3.7220191955566406,38.5,40.0,8.16
1765482321.8344886,99,32,23,26,23,3.7216949462890625,38.5,39.0,7.36
1765482322.0356581,99,32,23,26,23,3.7216949462890625,38.5,39.0,7.36
1765482322.2376244,99,44,44,46,39,3.7219161987304688,38.5,39.5,7.707
1765482322.4401338,99,44,44,46,39,3.7219161987304688,38.5,39.5,7.707
1765482322.6413257,99,44,44,46,39,3.7219161987304688,38.5,39.5,7.707
1765482322.8424973,65,31,22,26,35,3.7221603393554688,38.0,40.0,5.886
1765482323.0438545,65,31,22,26,35,3.7221603393554688,38.0,40.0,5.886
1765482323.246597,99,24,41,23,19,3.7221908569335938,39.0,39.0,7.854
1765482323.448247,99,24,41,23,19,3.7221908569335938,39.0,39.0,7.854
1765482323.649283,99,24,41,23,19,3.7221908569335938,39.0,39.0,7.854
1765482323.851248,99,35,30,20,58,3.7220802307128906,39.0,39.0,7.627
1765482324.052499,99,35,30,20,58,3.7220802307128906,39.0,39.0,7.627
1765482324.2536247,99,25,27,22,18,3.7221412658691406,39.0,39.0,6.591
1765482324.4548893,99,25,27,22,18,3.7221412658691406,39.0,39.0,6.591
1765482324.6562862,99,25,27,22,18,3.7221412658691406,39.0,39.0,6.591
1765482324.8572516,99,57,34,29,61,3.7441444396972656,38.5,40.5,8.319
1765482325.0590906,99,57,34,29,61,3.7441444396972656,38.5,40.5,8.319
1765482325.260325,99,57,34,29,61,3.7441444396972656,38.5,40.5,8.319
1765482325.461269,99,32,27,19,33,3.7423095703125,38.5,39.0,7.507
1765482325.6627362,99,32,27,19,33,3.7423095703125,38.5,39.0,7.507
1765482325.86412,99,42,30,40,54,3.708904266357422,39.0,39.0,7.827
1765482326.0653677,99,42,30,40,54,3.708904266357422,39.0,39.0,7.827
1765482326.266345,99,42,30,40,54,3.708904266357422,39.0,39.0,7.827
1765482326.46783,99,29,28,37,19,3.7083091735839844,39.0,39.5,6.821
1765482326.6692789,99,29,28,37,19,3.7083091735839844,39.0,39.5,6.821
1765482326.8707843,99,20,24,47,15,3.7154579162597656,39.5,39.0,8.28
1765482327.0717907,99,20,24,47,15,3.7154579162597656,39.5,39.0,8.28
1765482327.2727802,99,20,24,47,15,3.7154579162597656,39.5,39.0,8.28
1765482327.4743671,99,26,42,38,18,3.714447021484375,39.0,40.0,7.667
1765482327.6760385,99,26,42,38,18,3.714447021484375,39.0,40.0,7.667
1765482327.8776035,99,22,27,24,23,3.714935302734375,39.5,39.5,7.4
1765482328.0788224,99,22,27,24,23,3.714935302734375,39.5,39.5,7.4
1765482328.2797925,99,22,27,24,23,3.714935302734375,39.5,39.5,7.4
1765482328.482013,99,43,30,31,42,3.7149429321289062,39.5,40.0,8.12
1765482328.683135,99,43,30,31,42,3.7149429321289062,39.5,40.0,8.12
1765482328.8842835,99,33,32,15,14,3.7147369384765625,38.5,40.5,6.85
1765482329.0857675,99,33,32,15,14,3.7147369384765625,38.5,40.5,6.85
1765482329.2878995,99,33,32,15,14,3.7147369384765625,38.5,40.5,6.85
1765482329.4903784,99,27,34,35,41,3.7148818969726562,39.0,39.5,7.667
1765482329.6921692,99,27,34,35,41,3.7148818969726562,39.0,39.5,7.667
1765482329.8934784,99,37,36,46,52,3.7150306701660156,39.5,40.0,8.12
1765482330.096102,99,37,36,46,52,3.7150306701660156,39.5,40.0,8.12
1765482330.297544,99,37,36,46,52,3.7150306701660156,39.5,40.0,8.12
1765482330.498996,50,19,22,23,21,3.7158584594726562,39.0,39.5,6.038
1765482330.7005877,50,19,22,23,21,3.7158584594726562,39.0,39.5,6.038
1765482330.9034173,99,31,28,50,24,3.7144813537597656,39.5,39.5,7.171
1765482331.104586,99,31,28,50,24,3.7144813537597656,39.5,39.5,7.171
1765482331.3058035,99,31,28,50,24,3.7144813537597656,39.5,39.5,7.171
1765482331.5072021,99,28,42,25,42,3.7148513793945312,39.5,40.0,7.707
1765482331.7085884,99,28,42,25,42,3.7148513793945312,39.5,40.0,7.707
1765482331.910047,99,24,30,24,27,3.7149658203125,39.5,39.5,8.16
1765482332.1112888,99,24,30,24,27,3.7149658203125,39.5,39.5,8.16
1765482332.3149118,99,24,30,24,27,3.7149658203125,39.5,39.5,8.16
1765482332.5161293,99,54,24,22,18,3.715259552001953,39.5,40.0,8.094
1765482332.718234,99,54,24,22,18,3.715259552001953,39.5,40.0,8.094
1765482332.9198616,99,33,22,20,27,3.714813232421875,39.0,40.0,5.927
1765482333.1209753,99,33,22,20,27,3.714813232421875,39.0,40.0,5.927
1765482333.3229854,99,33,22,20,27,3.714813232421875,39.0,40.0,5.927
1765482333.5250895,99,52,31,34,28,3.7148399353027344,40.0,39.5,7.775
1765482333.7271543,99,52,31,34,28,3.7148399353027344,40.0,39.5,7.775
1765482333.9283168,99,36,31,59,33,3.7156105041503906,40.0,40.5,8.359
1765482334.1300578,99,36,31,59,33,3.7156105041503906,40.0,40.5,8.359
1765482334.332064,99,36,31,59,33,3.7156105041503906,40.0,40.5,8.359
1765482334.5333416,99,21,23,26,18,3.7140274047851562,40.0,39.5,6.741
1765482334.7349415,99,21,23,26,18,3.7140274047851562,40.0,39.5,6.741
1765482334.936377,99,21,23,26,18,3.7140274047851562,40.0,39.5,6.741
1765482335.137546,99,52,33,38,33,3.714855194091797,40.0,40.0,7.507
1765482335.3386612,99,52,33,38,33,3.714855194091797,40.0,40.0,7.507
1765482335.5398436,99,44,38,27,29,3.714611053466797,39.0,41.0,6.781
1765482335.7411952,99,44,38,27,29,3.714611053466797,39.0,41.0,6.781
1765482335.942388,99,44,38,27,29,3.714611053466797,39.0,41.0,6.781
1765482336.143439,99,24,41,22,23,3.7161788940429688,40.0,40.0,8.12
1765482336.3446305,99,24,41,22,23,3.7161788940429688,40.0,40.0,8.12
1765482336.546487,99,20,32,40,32,3.715526580810547,40.0,40.0,7.894
1765482336.753247,99,20,32,40,32,3.715526580810547,40.0,40.0,7.894
1765482336.9550676,99,20,32,40,32,3.715526580810547,40.0,40.0,7.894
1765482337.1562197,99,24,19,26,26,3.715312957763672,39.0,39.0,4.982
1765482337.3574395,99,24,19,26,26,3.715312957763672,39.0,39.0,4.982
1765482337.5597813,99,31,61,25,30,3.7159156799316406,40.0,40.0,7.547
1765482337.7623844,99,31,61,25,30,3.7159156799316406,40.0,40.0,7.547
1765482337.966666,99,31,61,25,30,3.7159156799316406,40.0,40.0,7.547
1765482338.1689694,99,29,30,38,24,3.717113494873047,39.5,41.0,7.16
1765482338.3712778,99,29,30,38,24,3.717113494873047,39.5,41.0,7.16
1765482338.573496,99,22,32,23,38,3.7162246704101562,40.0,40.0,7.4
1765482338.77493,99,22,32,23,38,3.7162246704101562,40.0,40.0,7.4
1765482338.9761212,99,22,32,23,38,3.7162246704101562,40.0,40.0,7.4
1765482339.178445,99,38,35,23,49,3.716461181640625,40.0,40.0,7.894
1765482339.3799095,99,38,35,23,49,3.716461181640625,40.0,40.0,7.894
1765482339.5808704,40,23,17,22,26,3.7175865173339844,40.0,40.0,5.492
1765482339.7819848,40,23,17,22,26,3.7175865173339844,40.0,40.0,5.492
1765482339.9833589,40,23,17,22,26,3.7175865173339844,40.0,40.0,5.492
1765482340.18483,99,46,26,16,20,3.7179107666015625,40.0,40.0,7.28
1765482340.386014,99,46,26,16,20,3.7179107666015625,40.0,40.0,7.28
1765482340.5870996,99,26,28,38,40,3.7191390991210938,39.5,40.5,7.24
1765482340.7882247,99,26,28,38,40,3.7191390991210938,39.5,40.5,7.24
1765482340.99049,99,26,28,38,40,3.7191390991210938,39.5,40.5,7.24
1765482341.191749,99,25,24,26,33,3.7200279235839844,40.5,40.5,7.667
1765482341.3929348,99,25,24,26,33,3.7200279235839844,40.5,40.5,7.667
1765482341.593993,99,32,50,28,29,3.720958709716797,40.5,40.5,8.465
1765482341.79733,99,32,50,28,29,3.720958709716797,40.5,40.5,8.465
1765482341.9989653,99,32,50,28,29,3.720958709716797,40.5,40.5,8.465
1765482342.2004964,99,20,20,27,19,3.7198944091796875,39.5,40.5,5.846
1765482342.4016051,99,20,20,27,19,3.7198944091796875,39.5,40.5,5.846
1765482342.6028197,99,40,30,41,38,3.7214889526367188,40.5,40.0,7.2
1765482342.805183,99,40,30,41,38,3.7214889526367188,40.5,40.0,7.2
1765482343.006496,99,40,30,41,38,3.7214889526367188,40.5,40.0,7.2
1765482343.2119625,99,36,36,39,35,3.7220497131347656,39.5,41.0,7.051
1765482343.4142132,99,36,36,39,35,3.7220497131347656,39.5,41.0,7.051
1765482343.615826,99,19,21,30,24,3.7228927612304688,40.5,41.0,7.894
1765482343.8167808,99,19,21,30,24,3.7228927612304688,40.5,41.0,7.894
1765482344.0178216,99,19,21,30,24,3.7228927612304688,40.5,41.0,7.894
1765482344.2190907,99,50,22,36,24,3.72216796875,40.5,40.5,8.054
1765482344.4202201,99,50,22,36,24,3.72216796875,40.5,40.5,8.054
1765482344.6212635,5,30,20,27,22,3.7228775024414062,40.0,40.0,4.82
1765482344.822258,5,30,20,27,22,3.7228775024414062,40.0,40.0,4.82
1765482345.0232666,5,30,20,27,22,3.7228775024414062,40.0,40.0,4.82
1765482345.2251983,99,36,28,46,32,3.723865509033203,40.5,40.5,8.28
1765482345.426488,99,36,28,46,32,3.723865509033203,40.5,40.5,8.28
1765482345.6279297,99,36,28,46,32,3.723865509033203,40.5,40.5,8.28
1765482345.8290315,99,33,18,30,20,3.7231674194335938,40.0,40.5,7.507
1765482346.031395,99,33,18,30,20,3.7231674194335938,40.0,40.5,7.507
1765482346.2325332,99,32,30,32,23,3.7229080200195312,40.5,40.5,7.547
1765482346.4335866,99,32,30,32,23,3.7229080200195312,40.5,40.5,7.547
1765482346.6346762,99,32,30,32,23,3.7229080200195312,40.5,40.5,7.547
1765482346.8358314,99,27,39,46,49,3.7244529724121094,40.5,41.0,7.934
1765482347.0369515,99,27,39,46,49,3.7244529724121094,40.5,41.0,7.934
1765482347.2392716,54,28,23,19,23,3.7249984741210938,39.5,40.5,5.685
1765482347.440773,54,28,23,19,23,3.7249984741210938,39.5,40.5,5.685
1765482347.6423419,54,28,23,19,23,3.7249984741210938,39.5,40.5,5.685
1765482347.8435462,99,33,24,44,30,3.7240753173828125,40.5,41.0,7.667
1765482348.0444677,99,33,24,44,30,3.7240753173828125,40.5,41.0,7.667
1765482348.2458394,99,33,30,39,41,3.725025177001953,39.5,41.5,7.131
1765482348.4468913,99,33,30,39,41,3.725025177001953,39.5,41.5,7.131
1765482348.6483128,99,33,30,39,41,3.725025177001953,39.5,41.5,7.131
1765482348.849463,99,42,25,20,23,3.724903106689453,40.5,40.5,7.814
1765482349.0505433,99,42,25,20,23,3.724903106689453,40.5,40.5,7.814
1765482349.2515888,99,44,17,28,25,3.726470947265625,40.5,41.0,7.814
1765482349.4536738,99,44,17,28,25,3.726470947265625,40.5,41.0,7.814
1765482349.6566234,99,44,17,28,25,3.726470947265625,40.5,41.0,7.814
1765482349.8583536,99,27,25,22,14,3.725738525390625,40.5,40.5,6.551
1765482350.0597303,99,27,25,22,14,3.725738525390625,40.5,40.5,6.551
1765482350.2614586,99,36,25,56,34,3.726287841796875,41.0,41.0,7.587
1765482350.4628868,99,36,25,56,34,3.726287841796875,41.0,41.0,7.587
1765482350.6638489,99,36,25,56,34,3.726287841796875,41.0,41.0,7.587
1765482350.8648503,0,30,30,28,36,3.7276458740234375,40.0,41.5,5.136
1765482351.0665286,0,30,30,28,36,3.7276458740234375,40.0,41.5,5.136
1765482351.2678545,99,18,37,17,19,3.72735595703125,41.0,41.0,7.854
1765482351.4687328,99,18,37,17,19,3.72735595703125,41.0,41.0,7.854
1765482351.6698823,99,18,37,17,19,3.72735595703125,41.0,41.0,7.854
1765482351.8725393,99,62,29,32,24,3.7267303466796875,40.5,41.0,7.547
1765482352.0806935,99,62,29,32,24,3.7267303466796875,40.5,41.0,7.547
1765482352.2815797,99,28,19,10,31,3.7270774841308594,41.0,40.5,7.091
1765482352.4832942,99,28,19,10,31,3.7270774841308594,41.0,40.5,7.091
1765482352.6844754,99,28,19,10,31,3.7270774841308594,41.0,40.5,7.091
1765482352.8866901,99,27,52,33,28,3.72796630859375,41.0,41.0,8.359
1765482353.0903227,99,27,52,33,28,3.72796630859375,41.0,41.0,8.359
1765482353.2914975,99,20,30,33,18,3.7277870178222656,40.0,41.5,6.85
1765482353.4925978,99,20,30,33,18,3.7277870178222656,40.0,41.5,6.85
1765482353.6942961,99,20,30,33,18,3.7277870178222656,40.0,41.5,6.85
1765482353.8963459,99,38,27,29,22,3.727550506591797,41.0,41.0,7.48
1765482354.098331,99,38,27,29,22,3.727550506591797,41.0,41.0,7.48
1765482354.299695,99,44,43,43,30,3.7279319763183594,41.0,41.5,8.2
1765482354.501758,99,44,43,43,30,3.7279319763183594,41.0,41.5,8.2
1765482354.7035577,99,44,43,43,30,3.7279319763183594,41.0,41.5,8.2
1765482354.904732,99,23,24,21,18,3.7284927368164062,41.0,41.0,6.239
1765482355.1064954,99,23,24,21,18,3.7284927368164062,41.0,41.0,6.239
1765482355.3077326,99,23,24,21,18,3.7284927368164062,41.0,41.0,6.239
1765482355.5087924,99,33,43,33,27,3.7281341552734375,41.5,41.0,7.36
1765482355.7098684,99,33,43,33,27,3.7281341552734375,41.5,41.0,7.36
1765482355.9109988,99,38,37,33,40,3.7282142639160156,41.0,42.0,7.627
1765482356.1120265,99,38,37,33,40,3.7282142639160156,41.0,42.0,7.627
1765482356.3131728,99,38,37,33,40,3.7282142639160156,41.0,42.0,7.627
1765482356.5142515,99,40,15,24,21,3.7294921875,41.0,41.5,8.28
1765482356.7152503,99,40,15,24,21,3.7294921875,41.0,41.5,8.28
1765482356.9162757,99,55,21,21,20,3.7289772033691406,41.0,41.0,7.787
1765482357.1183236,99,55,21,21,20,3.7289772033691406,41.0,41.0,7.787
1765482357.319628,99,55,21,21,20,3.7289772033691406,41.0,41.0,7.787
1765482357.5207195,89,31,26,26,22,3.72943115234375,40.5,42.0,5.604
1765482357.7220266,89,31,26,26,22,3.72943115234375,40.5,42.0,5.604
1765482357.9238014,99,22,29,50,30,3.7298660278320312,41.0,41.0,7.747
1765482358.1249616,99,22,29,50,30,3.7298660278320312,41.0,41.0,7.747
1765482358.3262286,99,22,29,50,30,3.7298660278320312,41.0,41.0,7.747
1765482358.527405,99,27,42,37,31,3.730510711669922,41.0,41.5,8.054
1765482358.7286108,99,27,42,37,31,3.730510711669922,41.0,41.5,8.054
1765482358.9300349,99,23,23,21,23,3.7298126220703125,41.0,41.0,6.971
1765482359.1315038,99,23,23,21,23,3.7298126220703125,41.0,41.0,6.971
1765482359.3331552,99,23,23,21,23,3.7298126220703125,41.0,41.0,6.971
1765482359.5361865,99,33,55,40,30,3.7296600341796875,41.5,41.0,7.24
1765482359.7375789,99,33,55,40,30,3.7296600341796875,41.5,41.0,7.24
1765482359.9387221,23,26,40,20,32,3.729724884033203,40.5,42.0,6.078
1765482360.1406639,23,26,40,20,32,3.729724884033203,40.5,42.0,6.078
1765482360.342268,23,26,40,20,32,3.729724884033203,40.5,42.0,6.078
1765482360.5432696,99,23,24,44,28,3.7304458618164062,41.5,42.0,8.28
1765482360.7444303,99,23,24,44,28,3.7304458618164062,41.5,42.0,8.28
1765482360.9456143,99,24,32,21,50,3.729869842529297,41.0,41.5,7.48
1765482361.1468325,99,24,32,21,50,3.729869842529297,41.0,41.5,7.48
1765482361.3490667,99,24,32,21,50,3.729869842529297,41.0,41.5,7.48
1765482361.5506206,99,26,23,23,18,3.730266571044922,41.5,41.5,6.35
1765482361.7580907,99,26,23,23,18,3.730266571044922,41.5,41.5,6.35
1765482361.9591832,99,66,44,46,46,3.7310523986816406,42.0,43.5,8.848
1765482362.1603308,99,66,44,46,46,3.7310523986816406,42.0,43.5,8.848
1765482362.3616426,99,66,44,46,46,3.7310523986816406,42.0,43.5,8.848
1765482362.5631855,99,29,22,18,50,3.7298240661621094,41.0,42.5,7.854
1765482362.7645802,99,29,22,18,50,3.7298240661621094,41.0,42.5,7.854
1765482362.9665258,99,28,24,29,32,3.730377197265625,41.5,41.5,7.547
1765482363.1676905,99,28,24,29,32,3.730377197265625,41.5,41.5,7.547
1765482363.3694847,99,28,24,29,32,3.730377197265625,41.5,41.5,7.547
1765482363.5712292,99,36,42,50,55,3.730640411376953,41.5,42.0,8.28
1765482363.773083,99,36,42,50,55,3.730640411376953,41.5,42.0,8.28
1765482363.9746044,99,36,42,50,55,3.730640411376953,41.5,42.0,8.28
1765482364.175866,55,25,25,28,23,3.7313804626464844,40.5,42.5,5.564
1765482364.3769422,55,25,25,28,23,3.7313804626464844,40.5,42.5,5.564
1765482364.5780222,99,30,40,20,20,3.7308273315429688,41.5,41.5,7.2
1765482364.7796073,99,30,40,20,20,3.7308273315429688,41.5,41.5,7.2
1765482364.980785,99,30,40,20,20,3.7308273315429688,41.5,41.5,7.2
1765482365.1824121,99,31,38,24,37,3.7310638427734375,41.5,42.0,6.43
1765482365.3840122,99,31,38,24,37,3.7310638427734375,41.5,42.0,6.43
1765482365.585693,99,28,30,28,30,3.7318191528320312,42.0,42.0,7.627
1765482365.7877018,99,28,30,28,30,3.7318191528320312,42.0,42.0,7.627
1765482365.9889126,99,28,30,28,30,3.7318191528320312,42.0,42.0,7.627
1765482366.1906972,99,45,33,19,20,3.732574462890625,41.5,42.5,8.2
1765482366.3930755,99,45,33,19,20,3.732574462890625,41.5,42.5,8.2
1765482366.5944316,99,28,25,20,16,3.731891632080078,41.5,41.5,5.886
1765482366.7955997,99,28,25,20,16,3.731891632080078,41.5,41.5,5.886
1765482366.9969592,99,28,25,20,16,3.731891632080078,41.5,41.5,5.886
1765482367.198588,99,31,36,48,51,3.7318344116210938,42.0,42.0,7.28
1765482367.3996542,99,31,36,48,51,3.7318344116210938,42.0,42.0,7.28
1765482367.6008866,99,34,35,22,36,3.732952117919922,42.0,42.5,7.4
1765482367.8036606,99,34,35,22,36,3.732952117919922,42.0,42.5,7.4
1765482368.0066993,99,34,35,22,36,3.732952117919922,42.0,42.5,7.4
1765482368.2079444,99,24,20,32,19,3.732555389404297,41.5,42.0,7.32
1765482368.4090033,99,24,20,32,19,3.732555389404297,41.5,42.0,7.32
1765482368.6104503,99,32,40,51,31,3.7323646545410156,42.0,42.0,7.587
1765482368.8118167,99,32,40,51,31,3.7323646545410156,42.0,42.0,7.587
1765482369.014221,99,32,40,51,31,3.7323646545410156,42.0,42.0,7.587
1765482369.2154026,0,22,21,22,33,3.7322120666503906,41.5,42.5,5.451
1765482369.417379,0,22,21,22,33,3.7322120666503906,41.5,42.5,5.451
1765482369.6186574,99,27,28,19,52,3.73382568359375,42.0,43.0,8.12
1765482369.820982,99,27,28,19,52,3.73382568359375,42.0,43.0,8.12
1765482370.0226529,99,27,28,19,52,3.73382568359375,42.0,43.0,8.12
1765482370.2237418,99,25,36,37,21,3.7333221435546875,42.0,43.0,7.507
1765482370.425503,99,25,36,37,21,3.7333221435546875,42.0,43.0,7.507
1765482370.627255,99,26,25,25,34,3.733184814453125,42.0,42.5,7.934
1765482370.8300552,99,26,25,25,34,3.733184814453125,42.0,42.5,7.934
1765482371.0314345,99,26,25,25,34,3.733184814453125,42.0,42.5,7.934
1765482371.2335906,99,51,58,32,59,3.7331771850585938,42.0,43.0,8.703
1765482371.4351058,99,51,58,32,59,3.7331771850585938,42.0,43.0,8.703
1765482371.6361253,61,23,24,20,62,3.72857666015625,41.5,43.0,5.564
1765482371.8372455,61,23,24,20,62,3.72857666015625,41.5,43.0,5.564
1765482372.039471,61,23,24,20,62,3.72857666015625,41.5,43.0,5.564
1765482372.2425556,99,47,27,37,36,3.729969024658203,42.0,42.5,7.547
1765482372.4438055,99,47,27,37,36,3.729969024658203,42.0,42.5,7.547
1765482372.6449516,99,34,52,27,40,3.729869842529297,42.0,42.5,7.854
1765482372.8461301,99,34,52,27,40,3.729869842529297,42.0,42.5,7.854
1765482373.0472503,99,34,52,27,40,3.729869842529297,42.0,42.5,7.854
1765482373.248507,99,34,25,18,24,3.729755401611328,42.0,43.0,8.28
1765482373.4496226,99,34,25,18,24,3.729755401611328,42.0,43.0,8.28
1765482373.6508563,99,34,25,18,24,3.729755401611328,42.0,43.0,8.28
1765482373.8522174,99,23,12,30,37,3.729320526123047,42.0,42.5,7.4
1765482374.053347,99,23,12,30,37,3.729320526123047,42.0,42.5,7.4
1765482374.254661,0,27,48,19,24,3.7289962768554688,41.5,43.0,5.685
1765482374.4556887,0,27,48,19,24,3.7289962768554688,41.5,43.0,5.685
1765482374.656781,0,27,48,19,24,3.7289962768554688,41.5,43.0,5.685
1765482374.8589523,99,29,38,44,22,3.729633331298828,42.5,42.5,7.854
1765482375.0604885,99,29,38,44,22,3.729633331298828,42.5,42.5,7.854
1765482375.2614133,99,25,26,53,36,3.7304153442382812,42.5,43.0,8.28
1765482375.464377,99,25,26,53,36,3.7304153442382812,42.5,43.0,8.28
1765482375.6667008,99,25,26,53,36,3.7304153442382812,42.5,43.0,8.28
1765482375.8679693,99,22,21,23,19,3.7297935485839844,42.0,42.5,6.551
1765482376.0691037,99,22,21,23,19,3.7297935485839844,42.0,42.5,6.551
1765482376.271943,99,61,40,29,38,3.7298240661621094,42.0,42.5,7.211
1765482376.4731998,99,61,40,29,38,3.7298240661621094,42.0,42.5,7.211
1765482376.6745348,99,61,40,29,38,3.7298240661621094,42.0,42.5,7.211
1765482376.8757694,99,38,33,48,33,3.7302093505859375,42.0,43.5,7.894
1765482377.079072,99,38,33,48,33,3.7302093505859375,42.0,43.5,7.894
1765482377.281174,99,29,20,12,15,3.7300758361816406,42.5,42.5,7.854
1765482377.482508,99,29,20,12,15,3.7300758361816406,42.5,42.5,7.854
1765482377.6840339,99,29,20,12,15,3.7300758361816406,42.5,42.5,7.854
1765482377.8858848,99,62,23,24,29,3.7296905517578125,42.5,42.5,7.814
1765482378.0874758,99,62,23,24,29,3.7296905517578125,42.5,42.5,7.814
1765482378.2889333,71,30,33,32,33,3.7302322387695312,42.0,43.0,6.078
1765482378.4906795,71,30,33,32,33,3.7302322387695312,42.0,43.0,6.078
1765482378.6925187,71,30,33,32,33,3.7302322387695312,42.0,43.0,6.078
1765482378.894888,99,34,26,31,48,3.73046875,42.5,43.0,8.505
1765482379.0961697,99,34,26,31,48,3.73046875,42.5,43.0,8.505
1765482379.2973306,99,20,36,25,17,3.729816436767578,42.5,43.0,7.547
1765482379.4988694,99,20,36,25,17,3.729816436767578,42.5,43.0,7.547
1765482379.7033043,99,20,36,25,17,3.729816436767578,42.5,43.0,7.547
1765482379.9044287,99,26,26,23,22,3.7300186157226562,42.5,43.0,7.52
1765482380.1055217,99,26,26,23,22,3.7300186157226562,42.5,43.0,7.52
1765482380.3066325,99,36,56,28,48,3.7307586669921875,42.5,43.0,7.707
1765482380.5095673,99,36,56,28,48,3.7307586669921875,42.5,43.0,7.707
1765482380.7119172,99,36,56,28,48,3.7307586669921875,42.5,43.0,7.707
1765482380.9132192,38,26,22,20,28,3.7318687438964844,42.5,43.5,6.078
1765482381.1148884,38,26,22,20,28,3.7318687438964844,42.5,43.5,6.078
1765482381.3163788,99,42,30,30,24,3.731109619140625,42.5,43.0,7.707
1765482381.5174153,99,42,30,30,24,3.731109619140625,42.5,43.0,7.707
1765482381.718711,99,42,30,30,24,3.731109619140625,42.5,43.0,7.707
1765482381.920234,99,64,38,54,26,3.7294883728027344,42.5,43.5,8.16
1765482382.1215408,99,64,38,54,26,3.7294883728027344,42.5,43.5,8.16
1765482382.3226936,99,26,24,40,24,3.727100372314453,42.5,43.0,7.36
1765482382.5238574,99,26,24,40,24,3.727100372314453,42.5,43.0,7.36
1765482382.7250247,99,26,24,40,24,3.727100372314453,42.5,43.0,7.36
1765482382.9266863,99,31,35,23,47,3.7278480529785156,42.5,43.0,7.934
1765482383.1294816,99,31,35,23,47,3.7278480529785156,42.5,43.0,7.934
1765482383.3313506,0,21,27,34,25,3.727802276611328,42.0,44.0,5.33
1765482383.5325468,0,21,27,34,25,3.727802276611328,42.0,44.0,5.33
1765482383.7335927,0,21,27,34,25,3.727802276611328,42.0,44.0,5.33
1765482383.9359264,99,28,29,24,49,3.7285118103027344,42.5,43.0,8.24
1765482384.1442094,99,28,29,24,49,3.7285118103027344,42.5,43.0,8.24
1765482384.347566,99,28,29,24,49,3.7285118103027344,42.5,43.0,8.24
1765482384.5487347,99,30,42,25,35,3.729644775390625,42.5,44.0,8.081
1765482384.7508287,99,30,42,25,35,3.729644775390625,42.5,44.0,8.081
1765482384.9518216,99,39,39,29,34,3.72833251953125,43.0,44.0,8.014
1765482385.154168,99,39,39,29,34,3.72833251953125,43.0,44.0,8.014
1765482385.3550797,99,39,39,29,34,3.72833251953125,43.0,44.0,8.014
1765482385.5572429,99,48,42,44,60,3.729877471923828,42.5,43.5,7.894
1765482385.7584126,99,48,42,44,60,3.729877471923828,42.5,43.5,7.894
1765482385.9597812,18,30,19,30,20,3.730113983154297,42.5,43.5,5.653
1765482386.1620736,18,30,19,30,20,3.730113983154297,42.5,43.5,5.653
1765482386.363678,18,30,19,30,20,3.730113983154297,42.5,43.5,5.653
1765482386.5652204,99,20,27,44,24,3.731426239013672,43.0,43.5,8.16
1765482386.766609,99,20,27,44,24,3.731426239013672,43.0,43.5,8.16
1765482386.9679253,99,26,26,37,44,3.7307891845703125,43.0,43.5,7.52
1765482387.169235,99,26,26,37,44,3.7307891845703125,43.0,43.5,7.52
1765482387.37108,99,26,26,37,44,3.7307891845703125,43.0,43.5,7.52
1765482387.5722628,99,24,20,18,20,3.7311439514160156,43.0,43.0,6.931
1765482387.773505,99,24,20,18,20,3.7311439514160156,43.0,43.0,6.931
1765482387.9753323,99,30,50,28,40,3.7318153381347656,43.5,43.5,7.894
1765482388.1785922,99,30,50,28,40,3.7318153381347656,43.5,43.5,7.894
1765482388.3798773,99,30,50,28,40,3.7318153381347656,43.5,43.5,7.894
1765482388.581138,99,32,25,30,22,3.732379913330078,42.5,44.0,7.051
1765482388.78332,99,32,25,30,22,3.732379913330078,42.5,44.0,7.051
1765482388.9849014,99,23,36,33,29,3.7322006225585938,43.0,43.0,7.2
1765482389.186355,99,23,36,33,29,3.7322006225585938,43.0,43.0,7.2
1765482389.3878667,99,23,36,33,29,3.7322006225585938,43.0,43.0,7.2
1765482389.5894022,99,35,37,44,47,3.7321128845214844,43.0,43.5,7.827
1765482389.7907639,99,35,37,44,47,3.7321128845214844,43.0,43.5,7.827
1765482389.9918616,0,26,25,24,25,3.7325286865234375,43.0,43.5,5.685
1765482390.1929705,0,26,25,24,25,3.7325286865234375,43.0,43.5,5.685
1765482390.3943224,0,26,25,24,25,3.7325286865234375,43.0,43.5,5.685
1765482390.5960958,99,46,25,26,18,3.732341766357422,43.5,43.0,7.867
1765482390.7973335,99,46,25,26,18,3.732341766357422,43.5,43.0,7.867
1765482390.9984627,99,48,30,38,28,3.7325363159179688,43.5,44.0,7.507
1765482391.1996064,99,48,30,38,28,3.7325363159179688,43.5,44.0,7.507
1765482391.4009628,99,48,30,38,28,3.7325363159179688,43.5,44.0,7.507
1765482391.6021469,99,22,28,22,24,3.732391357421875,43.5,43.5,7.52
1765482391.8031933,99,22,28,22,24,3.732391357421875,43.5,43.5,7.52
1765482392.0042064,99,28,57,22,25,3.7327919006347656,43.0,44.5,8.399
1765482392.2055886,99,28,57,22,25,3.7327919006347656,43.0,44.5,8.399
1765482392.406901,99,28,57,22,25,3.7327919006347656,43.0,44.5,8.399
1765482392.6079626,11,34,14,10,19,3.7327423095703125,42.5,43.5,5.644
1765482392.8092637,11,34,14,10,19,3.7327423095703125,42.5,43.5,5.644
1765482393.0104296,11,34,14,10,19,3.7327423095703125,42.5,43.5,5.644
1765482393.2117062,99,51,30,33,30,3.7329368591308594,43.5,43.5,7.667
1765482393.4149568,99,51,30,33,30,3.7329368591308594,43.5,43.5,7.667
1765482393.616527,99,51,32,36,48,3.733470916748047,43.5,44.5,8.014
1765482393.8187976,99,51,32,36,48,3.733470916748047,43.5,44.5,8.014
1765482394.0201643,99,51,32,36,48,3.733470916748047,43.5,44.5,8.014
1765482394.2217352,99,20,20,21,20,3.7342262268066406,43.5,43.5,7.28
1765482394.4235728,99,20,20,21,20,3.7342262268066406,43.5,43.5,7.28
1765482394.625048,99,26,30,56,33,3.734264373779297,43.5,44.0,7.48
1765482394.8264585,99,26,30,56,33,3.734264373779297,43.5,44.0,7.48
1765482395.0277154,99,26,30,56,33,3.734264373779297,43.5,44.0,7.48
1765482395.2297728,0,26,38,26,26,3.734508514404297,43.0,44.5,5.015
1765482395.4314823,0,26,38,26,26,3.734508514404297,43.0,44.5,5.015
1765482395.6330264,99,29,26,42,20,3.7353591918945312,43.5,44.0,8.319
1765482395.8340888,99,29,26,42,20,3.7353591918945312,43.5,44.0,8.319
1765482396.0358253,99,29,26,42,20,3.7353591918945312,43.5,44.0,8.319
1765482396.2370765,99,18,32,18,42,3.7348861694335938,43.5,44.0,7.28
1765482396.4393942,99,18,32,18,42,3.7348861694335938,43.5,44.0,7.28
1765482396.6408427,99,28,18,18,28,3.735729217529297,44.0,44.0,7.171
1765482396.8425665,99,28,18,18,28,3.735729217529297,44.0,44.0,7.171
1765482397.0441265,99,28,18,18,28,3.735729217529297,44.0,44.0,7.171
1765482397.2475126,99,32,30,53,44,3.7360992431640625,44.0,44.0,7.547
1765482397.448741,99,32,30,53,44,3.7360992431640625,44.0,44.0,7.547
1765482397.65034,99,31,30,22,27,3.7365150451660156,43.0,45.0,6.81
1765482397.8519163,99,31,30,22,27,3.7365150451660156,43.0,45.0,6.81
1765482398.0531473,99,31,30,22,27,3.7365150451660156,43.0,45.0,6.81
1765482398.2625456,99,33,44,22,26,3.736011505126953,43.5,44.0,7.707
1765482398.4637315,99,33,44,22,26,3.736011505126953,43.5,44.0,7.707
1765482398.6647742,99,30,30,60,26,3.7359237670898438,44.0,44.0,7.587
1765482398.86781,99,30,30,60,26,3.7359237670898438,44.0,44.0,7.587
1765482399.0694249,99,30,30,60,26,3.7359237670898438,44.0,44.0,7.587
1765482399.2708354,99,32,20,21,28,3.7362594604492188,43.5,43.5,5.886
1765482399.4724855,99,32,20,21,28,3.7362594604492188,43.5,43.5,5.886
1765482399.673752,99,27,38,20,30,3.737262725830078,44.0,44.0,7.667
1765482399.875131,99,27,38,20,30,3.737262725830078,44.0,44.0,7.667
1765482400.0775063,99,27,38,20,30,3.737262725830078,44.0,44.0,7.667
1765482400.2787657,99,26,40,25,30,3.736713409423828,43.5,44.0,7.747
1765482400.479948,99,26,40,25,30,3.736713409423828,43.5,44.0,7.747
1765482400.6818423,99,35,29,19,16,3.736907958984375,44.0,44.0,7.707
1765482400.8839414,99,35,29,19,16,3.736907958984375,44.0,44.0,7.707
1765482401.085131,99,35,29,19,16,3.736907958984375,44.0,44.0,7.707
1765482401.287069,99,33,51,27,36,3.738666534423828,43.5,44.5,8.399
1765482401.4893026,99,33,51,27,36,3.738666534423828,43.5,44.5,8.399
1765482401.690472,99,28,18,21,16,3.7378807067871094,43.5,43.5,6.591
1765482401.8919098,99,28,18,21,16,3.7378807067871094,43.5,43.5,6.591
1765482402.0932915,99,28,18,21,16,3.7378807067871094,43.5,43.5,6.591
1765482402.2952602,99,32,30,34,55,3.7381629943847656,44.0,44.0,7.36
1765482402.4965558,99,32,30,34,55,3.7381629943847656,44.0,44.0,7.36
1765482402.6977675,99,34,35,44,22,3.73834228515625,43.5,45.0,7.48
1765482402.8993578,99,34,35,44,22,3.73834228515625,43.5,45.0,7.48
1765482403.101036,99,34,35,44,22,3.73834228515625,43.5,45.0,7.48
1765482403.302356,99,22,16,25,35,3.739215850830078,44.0,45.0,7.974
1765482403.503441,99,22,16,25,35,3.739215850830078,44.0,45.0,7.974
1765482403.7043843,99,22,16,25,35,3.739215850830078,44.0,45.0,7.974
1765482403.9055283,99,24,53,21,18,3.738330841064453,44.0,44.0,7.747
1765482404.1075418,99,24,53,21,18,3.738330841064453,44.0,44.0,7.747
1765482404.3088691,0,22,28,18,24,3.738567352294922,43.0,44.0,4.658
1765482404.5102043,0,22,28,18,24,3.738567352294922,43.0,44.0,4.658
1765482404.7113268,0,22,28,18,24,3.738567352294922,43.0,44.0,4.658
1765482404.9134703,99,40,48,29,23,3.7394142150878906,44.0,44.0,7.587
1765482405.1145895,99,40,48,29,23,3.7394142150878906,44.0,44.0,7.587
1765482405.3157246,99,35,18,18,41,3.740264892578125,44.0,45.0,7.707
1765482405.5171192,99,35,18,18,41,3.740264892578125,44.0,45.0,7.707
1765482405.7197165,99,35,18,18,41,3.740264892578125,44.0,45.0,7.707
1765482405.9208136,99,28,36,33,22,3.7396278381347656,44.0,44.0,7.667
1765482406.1218593,99,28,36,33,22,3.7396278381347656,44.0,44.0,7.667
1765482406.3233037,99,36,37,60,34,3.7404556274414062,44.0,44.0,7.854
1765482406.5270905,99,36,37,60,34,3.7404556274414062,44.0,44.0,7.854
1765482406.7284927,99,36,37,60,34,3.7404556274414062,44.0,44.0,7.854
1765482406.9301262,0,29,26,25,25,3.741168975830078,44.0,45.0,5.967
1765482407.131673,0,29,26,25,25,3.741168975830078,44.0,45.0,5.967
1765482407.33292,99,23,39,22,32,3.7404556274414062,44.5,44.5,7.627
1765482407.5338333,99,23,39,22,32,3.7404556274414062,44.5,44.5,7.627
1765482407.735016,99,23,39,22,32,3.7404556274414062,44.5,44.5,7.627
1765482407.9373639,99,28,38,46,25,3.7407073974609375,44.0,45.0,7.52
1765482408.1388006,99,28,38,46,25,3.7407073974609375,44.0,45.0,7.52
1765482408.3402162,99,24,29,28,18,3.74163818359375,44.5,44.0,7.974
1765482408.5413852,99,24,29,28,18,3.74163818359375,44.5,44.0,7.974
1765482408.7424824,99,24,29,28,18,3.74163818359375,44.5,44.0,7.974
1765482408.9439337,99,49,29,30,20,3.7427749633789062,44.5,44.5,8.359
1765482409.146478,99,49,29,30,20,3.7427749633789062,44.5,44.5,8.359
1765482409.3477135,67,27,26,22,19,3.741748809814453,44.0,44.0,5.998
1765482409.5488632,67,27,26,22,19,3.741748809814453,44.0,44.0,5.998
1765482409.750975,67,27,26,22,19,3.741748809814453,44.0,44.0,5.998
1765482409.9527614,99,29,50,29,33,3.742828369140625,44.5,44.5,7.507
1765482410.1538439,99,29,50,29,33,3.742828369140625,44.5,44.5,7.507
1765482410.3551028,99,35,34,34,42,3.7432861328125,44.0,46.0,6.85
1765482410.5571723,99,35,34,34,42,3.7432861328125,44.0,46.0,6.85
1765482410.759529,99,35,34,34,42,3.7432861328125,44.0,46.0,6.85
1765482410.9607792,99,25,23,18,30,3.7430801391601562,45.0,45.0,7.974
1765482411.162209,99,25,23,18,30,3.7430801391601562,45.0,45.0,7.974
1765482411.3638167,99,46,32,24,26,3.7432861328125,44.5,44.5,7.747
1765482411.5652072,99,46,32,24,26,3.7432861328125,44.5,44.5,7.747
1765482411.7669818,99,46,32,24,26,3.7432861328125,44.5,44.5,7.747
1765482411.9681492,46,24,31,23,25,3.743610382080078,44.5,44.5,5.258
1765482412.169381,46,24,31,23,25,3.743610382080078,44.5,44.5,5.258
1765482412.3705344,99,24,58,24,26,3.744853973388672,44.5,44.5,8.24
1765482412.5736036,99,24,58,24,26,3.744853973388672,44.5,44.5,8.24
1765482412.775295,99,24,58,24,26,3.744853973388672,44.5,44.5,8.24
1765482412.976417,99,19,33,30,16,3.7442054748535156,44.0,46.5,6.931
1765482413.1783001,99,19,33,30,16,3.7442054748535156,44.0,46.5,6.931
1765482413.379641,99,19,33,30,16,3.7442054748535156,44.0,46.5,6.931
1765482413.5808892,99,33,29,20,40,3.7447052001953125,44.5,44.5,7.36
1765482413.7822978,99,33,29,20,40,3.7447052001953125,44.5,44.5,7.36
1765482413.9915223,99,44,36,59,28,3.7449493408203125,45.0,45.0,8.359
1765482414.1941872,99,44,36,59,28,3.7449493408203125,45.0,45.0,8.359
1765482414.398418,99,44,36,59,28,3.7449493408203125,45.0,45.0,8.359
1765482414.5996234,65,21,16,20,18,3.7456626892089844,44.0,45.0,5.451
1765482414.8015904,65,21,16,20,18,3.7456626892089844,44.0,45.0,5.451
1765482415.0032206,99,35,46,25,35,3.7458343505859375,44.5,44.5,7.28
1765482415.2044096,99,35,46,25,35,3.7458343505859375,44.5,44.5,7.28
1765482415.4056275,99,35,46,25,35,3.7458343505859375,44.5,44.5,7.28
1765482415.606873,99,28,43,36,36,3.7459945678710938,44.0,45.5,7.32
1765482415.8083358,99,28,43,36,36,3.7459945678710938,44.0,45.5,7.32
1765482416.0124893,99,24,28,31,21,3.746662139892578,45.0,45.0,7.894
1765482416.2140539,99,24,28,31,21,3.746662139892578,45.0,45.0,7.894
1765482416.4158123,99,24,28,31,21,3.746662139892578,45.0,45.0,7.894
1765482416.6187232,99,14,48,36,23,3.7469863891601562,45.0,45.0,8.054
1765482416.8209875,99,14,48,36,23,3.7469863891601562,45.0,45.0,8.054
1765482417.0225985,11,26,24,25,23,3.746662139892578,44.0,44.5,5.096
1765482417.224026,11,26,24,25,23,3.746662139892578,44.0,44.5,5.096
1765482417.4260588,11,26,24,25,23,3.746662139892578,44.0,44.5,5.096
1765482417.6276834,99,52,32,39,26,3.7473983764648438,45.0,44.5,7.428
1765482417.8289096,99,52,32,39,26,3.7473983764648438,45.0,44.5,7.428
1765482418.0301597,99,34,28,46,30,3.7488059997558594,44.5,46.0,7.814
1765482418.2313883,99,34,28,46,30,3.7488059997558594,44.5,46.0,7.814
1765482418.4334693,99,34,28,46,30,3.7488059997558594,44.5,46.0,7.814
1765482418.636057,99,36,23,22,15,3.7477569580078125,45.0,45.0,7.468
1765482418.8375216,99,36,23,22,15,3.7477569580078125,45.0,45.0,7.468
1765482419.0393226,99,35,33,57,32,3.7477989196777344,45.0,45.0,7.747
1765482419.2407117,99,35,33,57,32,3.7477989196777344,45.0,45.0,7.747
1765482419.4420476,99,35,33,57,32,3.7477989196777344,45.0,45.0,7.747
1765482419.6431925,83,23,27,25,30,3.7484588623046875,44.5,45.0,5.258
1765482419.8446362,83,23,27,25,30,3.7484588623046875,44.5,45.0,5.258
1765482420.046133,99,58,26,14,20,3.7494049072265625,45.0,45.5,7.814
1765482420.2477996,99,58,26,14,20,3.7494049072265625,45.0,45.5,7.814
1765482420.4490688,99,58,26,14,20,3.7494049072265625,45.0,45.5,7.814
1765482420.6514363,99,50,32,38,37,3.7509193420410156,44.5,46.5,6.931
1765482420.8526733,99,50,32,38,37,3.7509193420410156,44.5,46.5,6.931
1765482421.0542896,99,29,45,38,28,3.7387046813964844,45.0,45.0,7.667
1765482421.2554786,99,29,45,38,28,3.7387046813964844,45.0,45.0,7.667
1765482421.4566967,99,29,45,38,28,3.7387046813964844,45.0,45.0,7.667
1765482421.6581001,99,35,56,38,46,3.739288330078125,45.0,46.0,8.544
1765482421.8595243,99,35,56,38,46,3.739288330078125,45.0,46.0,8.544
1765482422.0605164,99,18,15,14,17,3.7394065856933594,44.5,45.0,6.902
1765482422.2616498,99,18,15,14,17,3.7394065856933594,44.5,45.0,6.902
1765482422.4629257,99,18,15,14,17,3.7394065856933594,44.5,45.0,6.902
1765482422.665324,99,35,38,47,29,3.7398414611816406,45.0,45.0,7.627
1765482422.866862,99,35,38,47,29,3.7398414611816406,45.0,45.0,7.627
1765482423.0694633,99,29,29,40,32,3.740020751953125,44.5,47.0,6.902
1765482423.2717884,99,29,29,40,32,3.740020751953125,44.5,47.0,6.902
1765482423.4731243,99,29,29,40,32,3.740020751953125,44.5,47.0,6.902
1765482423.6746786,99,50,19,20,28,3.7415122985839844,45.5,45.0,8.319
1765482423.8761234,99,50,19,20,28,3.7415122985839844,45.5,45.0,8.319
1765482424.0771685,99,50,19,20,28,3.7415122985839844,45.5,45.0,8.319
1765482424.2782123,99,22,52,23,19,3.7401771545410156,45.0,45.0,7.787
1765482424.4798589,99,22,52,23,19,3.7401771545410156,45.0,45.0,7.787
1765482424.681206,99,33,15,24,14,3.740306854248047,44.5,45.0,5.379
1765482424.882412,99,33,15,24,14,3.740306854248047,44.5,45.0,5.379
1765482425.0837586,99,33,15,24,14,3.740306854248047,44.5,45.0,5.379
1765482425.2869215,99,28,26,57,41,3.741016387939453,44.5,45.5,7.587
1765482425.4886177,99,28,26,57,41,3.741016387939453,44.5,45.5,7.587
1765482425.689992,99,35,28,24,40,3.742351531982422,45.0,46.5,7.4
1765482425.8910785,99,35,28,24,40,3.742351531982422,45.0,46.5,7.4
1765482426.0925236,99,35,28,24,40,3.742351531982422,45.0,46.5,7.4
1765482426.2936332,99,30,34,25,27,3.7416839599609375,45.0,45.5,7.547
1765482426.4946187,99,30,34,25,27,3.7416839599609375,45.0,45.5,7.547
1765482426.696092,99,32,61,32,28,3.7418441772460938,45.0,45.5,7.587
1765482426.8985775,99,32,61,32,28,3.7418441772460938,45.0,45.5,7.587
1765482427.0998015,99,32,61,32,28,3.7418441772460938,45.0,45.5,7.587
1765482427.3009458,99,24,21,25,24,3.7417259216308594,45.0,45.5,6.971
1765482427.5023577,99,24,21,25,24,3.7417259216308594,45.0,45.5,6.971
1765482427.7035058,99,14,31,22,41,3.7419891357421875,45.0,45.0,7.28
1765482427.9053526,99,14,31,22,41,3.7419891357421875,45.0,45.0,7.28
1765482428.1067927,99,14,31,22,41,3.7419891357421875,45.0,45.0,7.28
1765482428.308091,99,27,38,33,31,3.7422218322753906,45.0,47.5,7.2
1765482428.5093832,99,27,38,33,31,3.7422218322753906,45.0,47.5,7.2
1765482428.7110684,99,26,19,28,22,3.7428359985351562,45.5,45.5,7.28
1765482428.912281,99,26,19,28,22,3.7428359985351562,45.5,45.5,7.28
1765482429.1133945,99,26,19,28,22,3.7428359985351562,45.5,45.5,7.28
1765482429.3147404,99,32,51,32,38,3.7435874938964844,45.0,46.0,8.544
1765482429.5177462,99,32,51,32,38,3.7435874938964844,45.0,46.0,8.544
1765482429.7198231,99,18,18,17,19,3.742900848388672,44.5,45.0,5.056
1765482429.920929,99,18,18,17,19,3.742900848388672,44.5,45.0,5.056
1765482430.1230288,99,18,18,17,19,3.742900848388672,44.5,45.0,5.056
1765482430.326297,99,37,50,31,50,3.743640899658203,45.5,46.0,7.24
1765482430.5275178,99,37,50,31,50,3.743640899658203,45.5,46.0,7.24
1765482430.7286167,99,39,29,38,32,3.7441177368164062,44.5,47.5,7.131
1765482430.9314473,99,39,29,38,32,3.7441177368164062,44.5,47.5,7.131
1765482431.1331384,99,39,29,38,32,3.7441177368164062,44.5,47.5,7.131
1765482431.3346424,99,24,20,39,18,3.7448272705078125,45.5,45.5,7.934
1765482431.5359037,99,24,20,39,18,3.7448272705078125,45.5,45.5,7.934
1765482431.736835,99,26,40,32,25,3.7442283630371094,45.5,45.0,7.934
1765482431.9380941,99,26,40,32,25,3.7442283630371094,45.5,45.0,7.934
1765482432.1409347,99,26,40,32,25,3.7442283630371094,45.5,45.0,7.934
1765482432.3423874,27,25,27,20,28,3.7449493408203125,45.0,45.0,4.982
1765482432.543832,27,25,27,20,28,3.7449493408203125,45.0,45.0,4.982
1765482432.7462564,99,28,60,29,22,3.7454986572265625,45.5,46.0,7.827
1765482432.9485407,99,28,60,29,22,3.7454986572265625,45.5,46.0,7.827
1765482433.1498065,99,28,60,29,22,3.7454986572265625,45.5,46.0,7.827
1765482433.3515282,99,28,13,45,26,3.7458839416503906,45.0,46.5,7.468
1765482433.5529757,99,28,13,45,26,3.7458839416503906,45.0,46.5,7.468
1765482433.7542176,99,28,35,26,17,3.7461776733398438,45.5,46.0,7.52
1765482433.9551764,99,28,35,26,17,3.7461776733398438,45.5,46.0,7.52
1765482434.1562743,99,28,35,26,17,3.7461776733398438,45.5,46.0,7.52
1765482434.3577442,99,39,45,50,30,3.7460861206054688,45.5,46.0,8.014
1765482434.5608006,99,39,45,50,30,3.7460861206054688,45.5,46.0,8.014
1765482434.7641935,99,39,45,50,30,3.7460861206054688,45.5,46.0,8.014
1765482434.965487,0,29,25,24,25,3.7468299865722656,45.0,47.0,6.078
1765482435.166951,0,29,25,24,25,3.7468299865722656,45.0,47.0,6.078
1765482435.3686466,99,50,18,33,22,3.746906280517578,45.5,46.0,7.32
1765482435.5697129,99,50,18,33,22,3.746906280517578,45.5,46.0,7.32
1765482435.7707605,99,50,18,33,22,3.746906280517578,45.5,46.0,7.32
1765482435.9728374,99,36,42,23,39,3.7470245361328125,45.5,46.0,7.44
1765482436.174125,99,36,42,23,39,3.7470245361328125,45.5,46.0,7.44
1765482436.3762772,99,21,29,35,18,3.747142791748047,45.5,46.0,7.854
1765482436.57761,99,21,29,35,18,3.747142791748047,45.5,46.0,7.854
1765482436.7787697,99,21,29,35,18,3.747142791748047,45.5,46.0,7.854
1765482436.9806147,99,32,22,18,52,3.7485809326171875,46.0,47.0,8.28
1765482437.1837463,99,32,22,18,52,3.7485809326171875,46.0,47.0,8.28
1765482437.385588,94,25,19,32,10,3.748088836669922,45.0,46.0,6.038
1765482437.5866983,94,25,19,32,10,3.748088836669922,45.0,46.0,6.038
1765482437.788771,94,25,19,32,10,3.748088836669922,45.0,46.0,6.038
1765482437.990807,99,30,32,53,37,3.748504638671875,46.0,46.0,7.747
1765482438.1919262,99,30,32,53,37,3.748504638671875,46.0,46.0,7.747
1765482438.3930483,99,34,36,42,36,3.750011444091797,46.0,47.0,8.054
1765482438.5945854,99,34,36,42,36,3.750011444091797,46.0,47.0,8.054
1765482438.7973235,99,34,36,42,36,3.750011444091797,46.0,47.0,8.054
1765482438.9987164,99,32,23,25,20,3.7496566772460938,46.0,46.0,7.627
1765482439.1999426,99,32,23,25,20,3.7496566772460938,46.0,46.0,7.627
1765482439.401024,99,28,29,32,54,3.7493858337402344,46.0,46.0,7.36
1765482439.602187,99,28,29,32,54,3.7493858337402344,46.0,46.0,7.36
1765482439.8040788,99,28,29,32,54,3.7493858337402344,46.0,46.0,7.36
1765482440.00521,99,22,21,32,29,3.7499427795410156,45.5,46.0,6.621
1765482440.2074761,99,22,21,32,29,3.7499427795410156,45.5,46.0,6.621
1765482440.4087799,99,32,50,26,18,3.738842010498047,46.5,47.0,9.047
1765482440.609713,99,32,50,26,18,3.738842010498047,46.5,47.0,9.047
1765482440.8106267,99,32,50,26,18,3.738842010498047,46.5,47.0,9.047
1765482441.0116498,99,25,44,34,28,3.7384071350097656,46.0,47.0,8.133
1765482441.2137656,99,25,44,34,28,3.7384071350097656,46.0,47.0,8.133
1765482441.4158494,99,20,21,23,20,3.7383880615234375,46.0,46.0,7.051
1765482441.6170938,99,20,21,23,20,3.7383880615234375,46.0,46.0,7.051
1765482441.818073,99,20,21,23,20,3.7383880615234375,46.0,46.0,7.051
1765482442.0203838,99,37,31,64,32,3.738506317138672,46.5,46.0,7.787
1765482442.223515,99,37,31,64,32,3.738506317138672,46.5,46.0,7.787
1765482442.426869,99,37,31,64,32,3.738506317138672,46.5,46.0,7.787
1765482442.6281273,99,26,36,23,26,3.7391815185546875,46.0,46.5,7.28
1765482442.8295279,99,26,36,23,26,3.7391815185546875,46.0,46.5,7.28
1765482443.030721,99,22,30,39,70,3.7309417724609375,46.5,46.0,7.587
1765482443.2337928,99,22,30,39,70,3.7309417724609375,46.5,46.0,7.587
1765482443.435109,99,22,30,39,70,3.7309417724609375,46.5,46.0,7.587
1765482443.6374006,99,40,32,37,50,3.733295440673828,46.0,46.0,7.787
1765482443.8389363,99,40,32,37,50,3.733295440673828,46.0,46.0,7.787
1765482444.0400689,71,35,27,22,21,3.7330894470214844,46.0,46.5,6.078
1765482444.2423053,71,35,27,22,21,3.7330894470214844,46.0,46.5,6.078
1765482444.4439197,71,35,27,22,21,3.7330894470214844,46.0,46.5,6.078
1765482444.6456647,99,22,22,25,52,3.733592987060547,46.5,46.0,8.054
1765482444.8477707,99,22,22,25,52,3.733592987060547,46.5,46.0,8.054
1765482445.0490146,99,30,28,51,24,3.7333412170410156,46.5,46.5,7.52
1765482445.250238,99,30,28,51,24,3.7333412170410156,46.5,46.5,7.52
1765482445.4520392,99,30,28,51,24,3.7333412170410156,46.5,46.5,7.52
1765482445.6531816,99,26,36,27,26,3.7337074279785156,46.5,46.5,7.787
1765482445.8546116,99,26,36,27,26,3.7337074279785156,46.5,46.5,7.787
1765482446.0556946,99,29,47,47,26,3.7348175048828125,46.5,47.0,8.16
1765482446.2636118,99,29,47,47,26,3.7348175048828125,46.5,47.0,8.16
1765482446.464987,99,29,47,47,26,3.7348175048828125,46.5,47.0,8.16
1765482446.666744,77,28,16,18,14,3.733928680419922,46.0,47.0,6.038
1765482446.8677762,77,28,16,18,14,3.733928680419922,46.0,47.0,6.038
1765482447.069789,99,52,40,34,26,3.7336807250976562,46.5,46.5,7.894
1765482447.2710955,99,52,40,34,26,3.7336807250976562,46.5,46.5,7.894
1765482447.4721727,99,52,40,34,26,3.7336807250976562,46.5,46.5,7.894
1765482447.6732757,99,33,48,34,54,3.733928680419922,46.5,46.5,8.094
1765482447.8760064,99,33,48,34,54,3.733928680419922,46.5,46.5,8.094
1765482448.07745,99,23,10,16,24,3.7354812622070312,46.5,46.5,7.667
1765482448.2788956,99,23,10,16,24,3.7354812622070312,46.5,46.5,7.667
1765482448.4816484,99,23,10,16,24,3.7354812622070312,46.5,46.5,7.667
1765482448.68317,99,34,32,33,44,3.733776092529297,46.5,46.0,7.4
1765482448.8845522,99,34,32,33,44,3.733776092529297,46.5,46.0,7.4
1765482449.0858138,93,36,25,32,31,3.7340316772460938,46.0,47.0,6.701
1765482449.2870107,93,36,25,32,31,3.7340316772460938,46.0,47.0,6.701
1765482449.4882364,93,36,25,32,31,3.7340316772460938,46.0,47.0,6.701
1765482449.6914792,99,28,28,42,26,3.734516143798828,47.0,47.0,8.2
1765482449.8931353,99,28,28,42,26,3.734516143798828,47.0,47.0,8.2
1765482450.0943272,99,22,38,19,42,3.7349205017089844,46.5,47.0,7.974
1765482450.2963443,99,22,38,19,42,3.7349205017089844,46.5,47.0,7.974
1765482450.4989088,99,22,38,19,42,3.7349205017089844,46.5,47.0,7.974
1765482450.7004116,99,20,23,26,12,3.7347412109375,46.5,46.5,5.734
1765482450.901631,99,20,23,26,12,3.7347412109375,46.5,46.5,5.734
1765482451.1027923,99,37,48,39,25,3.7350540161132812,46.5,46.5,7.2
1765482451.3041894,99,37,48,39,25,3.7350540161132812,46.5,46.5,7.2
1765482451.5063608,99,37,48,39,25,3.7350540161132812,46.5,46.5,7.2
1765482451.707414,99,35,44,39,20,3.736736297607422,46.0,48.0,7.468
1765482451.9087534,99,35,44,39,20,3.736736297607422,46.0,48.0,7.468
1765482452.1101558,99,35,44,39,20,3.736736297607422,46.0,48.0,7.468
1765482452.311208,99,26,27,20,28,3.73565673828125,46.5,46.5,7.36
1765482452.5123081,99,26,27,20,28,3.73565673828125,46.5,46.5,7.36
1765482452.7136397,99,46,33,45,25,3.7358627319335938,46.5,47.0,7.814
1765482452.9153883,99,46,33,45,25,3.7358627319335938,46.5,47.0,7.814
1765482453.1162636,99,46,33,45,25,3.7358627319335938,46.5,47.0,7.814
1765482453.31939,12,30,26,32,27,3.7356796264648438,46.0,47.5,6.078
1765482453.520975,12,30,26,32,27,3.7356796264648438,46.0,47.5,6.078
1765482453.7222848,99,64,29,58,27,3.7336463928222656,47.0,47.0,7.934
1765482453.924299,99,64,29,58,27,3.7336463928222656,47.0,47.0,7.934
1765482454.1256022,99,64,29,58,27,3.7336463928222656,47.0,47.0,7.934
1765482454.3266544,99,28,28,25,40,3.7327919006347656,46.5,47.0,7.171
1765482454.5279799,99,28,28,25,40,3.7327919006347656,46.5,47.0,7.171
1765482454.731775,99,30,24,20,36,3.733356475830078,47.0,46.5,7.36
1765482454.9329627,99,30,24,20,36,3.733356475830078,47.0,46.5,7.36
1765482455.1341279,99,30,24,20,36,3.733356475830078,47.0,46.5,7.36
1765482455.336124,99,36,29,31,64,3.7333717346191406,46.5,48.0,8.465
1765482455.5377028,99,36,29,31,64,3.7333717346191406,46.5,48.0,8.465
1765482455.7389467,99,11,25,19,6,3.7340011596679688,47.0,47.0,6.781
1765482455.9399948,99,11,25,19,6,3.7340011596679688,47.0,47.0,6.781
1765482456.1410108,99,11,25,19,6,3.7340011596679688,47.0,47.0,6.781
1765482456.3423321,99,37,31,29,56,3.7338027954101562,47.0,47.0,7.667
1765482456.543312,99,37,31,29,56,3.7338027954101562,47.0,47.0,7.667
1765482456.7447798,99,35,44,24,26,3.7335205078125,46.5,48.0,7.507
1765482456.946729,99,35,44,24,26,3.7335205078125,46.5,48.0,7.507
1765482457.149164,99,35,44,24,26,3.7335205078125,46.5,48.0,7.507
1765482457.3502614,99,24,26,27,35,3.7349281311035156,47.0,47.0,7.735
1765482457.5514002,99,24,26,27,35,3.7349281311035156,47.0,47.0,7.735
1765482457.7526712,99,22,46,22,30,3.7375259399414062,47.0,47.0,7.547
1765482457.9541123,99,22,46,22,30,3.7375259399414062,47.0,47.0,7.547
1765482458.1569135,99,22,46,22,30,3.7375259399414062,47.0,47.0,7.547
1765482458.3590736,99,27,17,25,18,3.738147735595703,47.0,47.0,6.47
1765482458.5604062,99,27,17,25,18,3.738147735595703,47.0,47.0,6.47
1765482458.7616413,99,30,28,52,47,3.738933563232422,47.0,47.0,7.4
1765482458.9639444,99,30,28,52,47,3.738933563232422,47.0,47.0,7.4
1765482459.165163,99,30,28,52,47,3.738933563232422,47.0,47.0,7.4
1765482459.3665316,99,30,30,40,24,3.7399368286132812,46.5,48.5,7.28
1765482459.5685673,99,30,30,40,24,3.7399368286132812,46.5,48.5,7.28
1765482459.7703958,99,36,24,33,27,3.7394180297851562,47.0,47.0,7.707
1765482459.971624,99,36,24,33,27,3.7394180297851562,47.0,47.0,7.707
1765482460.172711,99,36,24,33,27,3.7394180297851562,47.0,47.0,7.707
1765482460.3743668,99,30,46,38,34,3.7394142150878906,47.0,47.0,7.747
1765482460.5783632,99,30,46,38,34,3.7394142150878906,47.0,47.0,7.747
1765482460.7795196,99,31,26,18,29,3.739887237548828,47.0,47.0,6.47
1765482460.9805827,99,31,26,18,29,3.739887237548828,47.0,47.0,6.47
1765482461.182415,99,31,26,18,29,3.739887237548828,47.0,47.0,6.47
1765482461.3836598,99,21,24,36,44,3.74029541015625,47.0,47.0,7.707
1765482461.5848708,99,21,24,36,44,3.74029541015625,47.0,47.0,7.707
1765482461.7861974,99,21,24,36,44,3.74029541015625,47.0,47.0,7.707
1765482461.9873328,99,30,34,47,22,3.7397613525390625,46.5,48.0,7.787
1765482462.1894667,99,30,34,47,22,3.7397613525390625,46.5,48.0,7.787
1765482462.3921294,99,25,17,33,26,3.7399978637695312,47.0,47.0,7.775
1765482462.5936148,99,25,17,33,26,3.7399978637695312,47.0,47.0,7.775
1765482462.7947378,99,25,17,33,26,3.7399978637695312,47.0,47.0,7.775
1765482462.9971013,99,35,51,28,32,3.741008758544922,47.5,48.0,8.385
1765482463.1984215,99,35,51,28,32,3.741008758544922,47.5,48.0,8.385
1765482463.3996024,99,20,16,29,10,3.7398338317871094,46.5,47.5,6.701
1765482463.6007838,99,20,16,29,10,3.7398338317871094,46.5,47.5,6.701
1765482463.802429,99,20,16,29,10,3.7398338317871094,46.5,47.5,6.701
1765482464.00441,99,44,27,47,40,3.7398300170898438,47.0,47.5,8.16
1765482464.205695,99,44,27,47,40,3.7398300170898438,47.0,47.5,8.16
1765482464.4068933,99,41,39,54,38,3.7398452758789062,47.5,48.0,8.014
1765482464.6089973,99,41,39,54,38,3.7398452758789062,47.5,48.0,8.014
1765482464.8105361,99,41,39,54,38,3.7398452758789062,47.5,48.0,8.014
1765482465.0117152,99,24,20,26,21,3.7406959533691406,47.5,47.5,7.667
1765482465.2143908,99,24,20,26,21,3.7406959533691406,47.5,47.5,7.667
1765482465.4164324,99,32,35,25,43,3.7399635314941406,47.0,47.0,7.48
1765482465.6178112,99,32,35,25,43,3.7399635314941406,47.0,47.0,7.48
1765482465.8202605,99,32,35,25,43,3.7399635314941406,47.0,47.0,7.48
1765482466.022556,39,20,28,34,24,3.740062713623047,47.0,48.0,5.217
1765482466.2238657,39,20,28,34,24,3.740062713623047,47.0,48.0,5.217
1765482466.4263303,99,20,28,32,48,3.74029541015625,47.5,47.5,8.399
1765482466.6276317,99,20,28,32,48,3.74029541015625,47.5,47.5,8.399
1765482466.8288028,99,20,28,32,48,3.74029541015625,47.5,47.5,8.399
1765482467.0301042,99,47,23,16,34,3.7406959533691406,47.0,48.0,7.934
1765482467.2317443,99,47,23,16,34,3.7406959533691406,47.0,48.0,7.934
1765482467.4328053,99,24,21,19,30,3.74078369140625,47.5,47.5,7.28
1765482467.6344967,99,24,21,19,30,3.74078369140625,47.5,47.5,7.28
1765482467.8358564,99,24,21,19,30,3.74078369140625,47.5,47.5,7.28
1765482468.0382533,99,30,36,48,48,3.741313934326172,47.0,47.5,7.627
1765482468.2402725,99,30,36,48,48,3.741313934326172,47.0,47.5,7.627
1765482468.442121,20,35,16,29,26,3.7429580688476562,47.0,48.0,5.917
1765482468.6434872,20,35,16,29,26,3.7429580688476562,47.0,48.0,5.917
1765482468.8464696,20,35,16,29,26,3.7429580688476562,47.0,48.0,5.917
1765482469.047924,99,48,29,38,32,3.742321014404297,47.5,47.5,7.934
1765482469.249084,99,48,29,38,32,3.742321014404297,47.5,47.5,7.934
1765482469.450574,99,53,33,34,27,3.742321014404297,47.5,47.5,7.667
1765482469.6517224,99,53,33,34,27,3.742321014404297,47.5,47.5,7.667
1765482469.8531775,99,53,33,34,27,3.742321014404297,47.5,47.5,7.667
1765482470.0542681,99,26,31,15,20,3.7431373596191406,47.5,47.5,7.48
1765482470.255965,99,26,31,15,20,3.7431373596191406,47.5,47.5,7.48
1765482470.457193,99,33,31,42,22,3.7443504333496094,47.5,48.5,8.24
1765482470.6596045,99,33,31,42,22,3.7443504333496094,47.5,48.5,8.24
1765482470.860806,99,33,31,42,22,3.7443504333496094,47.5,48.5,8.24
1765482471.0625694,79,22,38,25,24,3.7433700561523438,47.0,49.0,6.47
1765482471.2636526,79,22,38,25,24,3.7433700561523438,47.0,49.0,6.47
1765482471.4653375,99,43,30,24,23,3.7434959411621094,47.5,47.5,7.707
1765482471.6666517,99,43,30,24,23,3.7434959411621094,47.5,47.5,7.707
1765482471.8677328,99,43,30,24,23,3.7434959411621094,47.5,47.5,7.707
1765482472.069076,99,32,42,50,44,3.7454185485839844,47.5,48.5,8.808
1765482472.2710488,99,32,42,50,44,3.7454185485839844,47.5,48.5,8.808
1765482472.4721785,99,32,42,50,44,3.7454185485839844,47.5,48.5,8.808
1765482472.6735988,99,23,18,15,11,3.7451515197753906,47.5,47.0,6.038
1765482472.8752291,99,23,18,15,11,3.7451515197753906,47.5,47.0,6.038
1765482473.0769532,99,34,58,26,39,3.7457923889160156,47.5,47.5,7.4
1765482473.2781863,99,34,58,26,39,3.7457923889160156,47.5,47.5,7.4
1765482473.479828,99,34,58,26,39,3.7457923889160156,47.5,47.5,7.4
1765482473.681595,99,48,32,26,25,3.7464523315429688,47.0,49.5,6.971
1765482473.882882,99,48,32,26,25,3.7464523315429688,47.0,49.5,6.971
1765482474.084434,99,20,28,20,37,3.7477989196777344,48.0,48.5,8.24
1765482474.2869294,99,20,28,20,37,3.7477989196777344,48.0,48.5,8.24
1765482474.4881048,99,20,28,20,37,3.7477989196777344,48.0,48.5,8.24
1765482474.689273,99,25,55,25,18,3.746570587158203,47.5,48.0,7.854
1765482474.8942447,99,25,55,25,18,3.746570587158203,47.5,48.0,7.854
1765482475.0953093,99,24,26,20,26,3.747089385986328,47.5,47.5,5.451
1765482475.2964587,99,24,26,20,26,3.747089385986328,47.5,47.5,5.451
1765482475.4982302,99,24,26,20,26,3.747089385986328,47.5,47.5,5.451
1765482475.7015831,99,33,24,44,34,3.747516632080078,48.0,48.0,7.547
1765482475.9034877,99,33,24,44,34,3.747516632080078,48.0,48.0,7.547
1765482476.1047442,99,36,28,35,32,3.7483863830566406,47.5,48.5,7.934
1765482476.3062062,99,36,28,35,32,3.7483863830566406,47.5,48.5,7.934
1765482476.509041,99,36,28,35,32,3.7483863830566406,47.5,48.5,7.934
1765482476.71067,99,37,20,24,29,3.7479820251464844,48.0,47.5,7.814
1765482476.9117334,99,37,20,24,29,3.7479820251464844,48.0,47.5,7.814
1765482477.1128237,99,32,46,38,30,3.7481155395507812,48.0,47.5,7.894
1765482477.3155923,99,32,46,38,30,3.7481155395507812,48.0,47.5,7.894
1765482477.5176024,99,32,46,38,30,3.7481155395507812,48.0,47.5,7.894
1765482477.7187424,82,30,26,30,19,3.748241424560547,47.0,48.5,6.229
1765482477.9202192,82,30,26,30,19,3.748241424560547,47.0,48.5,6.229
1765482478.1216261,99,26,26,46,19,3.7481307983398438,47.5,48.0,7.894
1765482478.322725,99,26,26,46,19,3.7481307983398438,47.5,48.0,7.894
1765482478.5241704,99,26,26,46,19,3.7481307983398438,47.5,48.0,7.894
1765482478.726245,99,30,30,54,20,3.7484703063964844,47.5,48.5,7.747
1765482478.9274344,99,30,30,54,20,3.7484703063964844,47.5,48.5,7.747
1765482479.1289575,99,27,25,25,19,3.7486190795898438,47.5,47.5,7.091
1765482479.3302274,99,27,25,25,19,3.7486190795898438,47.5,47.5,7.091
1765482479.5313876,99,27,25,25,19,3.7486190795898438,47.5,47.5,7.091
1765482479.7335124,99,45,28,26,36,3.749950408935547,48.0,48.5,8.359
1765482479.9357724,99,45,28,26,36,3.749950408935547,48.0,48.5,8.359
1765482480.1371179,96,21,27,20,25,3.7490921020507812,47.5,48.5,6.661
1765482480.3383005,96,21,27,20,25,3.7490921020507812,47.5,48.5,6.661
1765482480.5402038,96,21,27,20,25,3.7490921020507812,47.5,48.5,6.661
1765482480.7425556,99,42,50,36,30,3.749225616455078,48.0,48.0,8.054
1765482480.9440994,99,42,50,36,30,3.749225616455078,48.0,48.0,8.054
1765482481.145621,99,38,36,41,56,3.7493934631347656,47.5,48.5,8.16
1765482481.3472316,99,38,36,41,56,3.7493934631347656,47.5,48.5,8.16
1765482481.5503283,99,38,36,41,56,3.7493934631347656,47.5,48.5,8.16
1765482481.7516448,99,25,18,12,23,3.7503128051757812,48.0,48.5,8.014
1765482481.9528713,99,25,18,12,23,3.7503128051757812,48.0,48.5,8.014
1765482482.1543531,99,25,18,12,23,3.7503128051757812,48.0,48.5,8.014
1765482482.3555622,99,28,39,35,19,3.7502670288085938,48.0,48.0,7.32
1765482482.5566018,99,28,39,35,19,3.7502670288085938,48.0,48.0,7.32
1765482482.75801,0,26,34,33,22,3.7506942749023438,47.5,48.0,5.258
1765482482.9591334,0,26,34,33,22,3.7506942749023438,47.5,48.0,5.258
1765482483.1603093,0,26,34,33,22,3.7506942749023438,47.5,48.0,5.258
1765482483.363509,99,29,44,34,27,3.75128173828125,48.0,48.5,8.319
1765482483.5650706,99,29,44,34,27,3.75128173828125,48.0,48.5,8.319
1765482483.7662556,99,28,45,28,14,3.751415252685547,47.5,48.0,7.587
1765482483.9684107,99,28,45,28,14,3.751415252685547,47.5,48.0,7.587
1765482484.1710248,99,28,45,28,14,3.751415252685547,47.5,48.0,7.587
1765482484.3723805,99,26,28,26,20,3.7514610290527344,48.0,48.0,7.091
1765482484.5734158,99,26,28,26,20,3.7514610290527344,48.0,48.0,7.091
1765482484.7751849,99,34,47,35,42,3.752227783203125,48.0,48.5,7.747
1765482484.9770846,99,34,47,35,42,3.752227783203125,48.0,48.5,7.747
1765482485.1782763,99,34,47,35,42,3.752227783203125,48.0,48.5,7.747
1765482485.3794806,0,37,28,22,40,3.7529830932617188,47.0,48.5,5.917
1765482485.5807583,0,37,28,22,40,3.7529830932617188,47.0,48.5,5.917
1765482485.7824886,99,25,24,42,23,3.7528343200683594,48.0,48.5,7.827
1765482485.9836144,99,25,24,42,23,3.7528343200683594,48.0,48.5,7.827
1765482486.184602,99,25,24,42,23,3.7528343200683594,48.0,48.5,7.827
1765482486.3865893,99,34,43,36,24,3.752338409423828,48.0,48.5,7.974
1765482486.587821,99,34,43,36,24,3.752338409423828,48.0,48.5,7.974
1765482486.789023,99,19,24,21,30,3.7531814575195312,48.0,48.0,6.551
1765482486.9901998,99,19,24,21,30,3.7531814575195312,48.0,48.0,6.551
1765482487.1914032,99,19,24,21,30,3.7531814575195312,48.0,48.0,6.551
1765482487.392906,99,26,36,47,25,3.7540855407714844,48.0,48.5,7.974
1765482487.594758,99,26,36,47,25,3.7540855407714844,48.0,48.5,7.974
1765482487.7959642,99,31,32,24,25,3.7536849975585938,48.0,50.5,7.2
1765482487.996932,99,31,32,24,25,3.7536849975585938,48.0,50.5,7.2
1765482488.200088,99,31,32,24,25,3.7536849975585938,48.0,50.5,7.2
1765482488.4030418,99,25,18,35,18,3.753551483154297,48.0,48.0,7.4
1765482488.60686,99,25,18,35,18,3.753551483154297,48.0,48.0,7.4
1765482488.8081462,99,34,58,35,27,3.7547760009765625,48.5,49.0,8.664
1765482489.01041,99,34,58,35,27,3.7547760009765625,48.5,49.0,8.664
1765482489.2127805,99,34,58,35,27,3.7547760009765625,48.5,49.0,8.664
1765482489.4142063,32,19,20,22,20,3.7545166015625,48.0,48.0,4.942
1765482489.6152346,32,19,20,22,20,3.7545166015625,48.0,48.0,4.942
1765482489.8165474,32,19,20,22,20,3.7545166015625,48.0,48.0,4.942
1765482490.0177574,99,35,36,38,41,3.7534103393554688,48.5,48.0,7.28
1765482490.218878,99,35,36,38,41,3.7534103393554688,48.5,48.0,7.28
1765482490.420182,99,36,40,40,33,3.754070281982422,48.0,49.0,7.707
1765482490.6216662,99,36,40,40,33,3.754070281982422,48.0,49.0,7.707
1765482490.8228643,99,36,40,40,33,3.754070281982422,48.0,49.0,7.707
1765482491.0239048,99,25,37,16,20,3.7547378540039062,49.0,48.5,8.465
1765482491.2250524,99,25,37,16,20,3.7547378540039062,49.0,48.5,8.465
1765482491.4261482,99,19,42,36,14,3.754425048828125,48.5,49.0,8.2
1765482491.6277182,99,19,42,36,14,3.754425048828125,48.5,49.0,8.2
1765482491.8288653,99,19,42,36,14,3.754425048828125,48.5,49.0,8.2
1765482492.0300784,98,20,34,18,29,3.7544593811035156,48.0,48.5,5.532
1765482492.2311165,98,20,34,18,29,3.7544593811035156,48.0,48.5,5.532
1765482492.433219,99,36,28,42,25,3.7544403076171875,48.5,48.5,7.735
1765482492.634476,99,36,28,42,25,3.7544403076171875,48.5,48.5,7.735
1765482492.8356822,99,36,28,42,25,3.7544403076171875,48.5,48.5,7.735
1765482493.0371804,99,36,44,26,30,3.754974365234375,48.0,49.0,8.24
1765482493.2394693,99,36,44,26,30,3.754974365234375,48.0,49.0,8.24
1765482493.4411283,99,26,26,20,22,3.754413604736328,48.5,48.5,7.44
1765482493.6428301,99,26,26,20,22,3.754413604736328,48.5,48.5,7.44
1765482493.8443465,99,26,26,20,22,3.754413604736328,48.5,48.5,7.44
1765482494.0467384,99,34,42,42,50,3.7541656494140625,48.5,48.5,7.36
1765482494.2482731,99,34,42,42,50,3.7541656494140625,48.5,48.5,7.36
1765482494.4497106,74,40,25,28,25,3.7544898986816406,48.0,49.5,6.43
1765482494.6516414,74,40,25,28,25,3.7544898986816406,48.0,49.5,6.43
1765482494.8540614,74,40,25,28,25,3.7544898986816406,48.0,49.5,6.43
1765482495.0552454,99,18,20,24,43,3.7547988891601562,48.5,49.0,8.2
1765482495.2566147,99,18,20,24,43,3.7547988891601562,48.5,49.0,8.2
1765482495.4583073,99,32,27,30,56,3.7543983459472656,48.5,49.0,7.627
1765482495.6595588,99,32,27,30,56,3.7543983459472656,48.5,49.0,7.627
1765482495.86116,99,32,27,30,56,3.7543983459472656,48.5,49.0,7.627
1765482496.0625887,99,24,22,23,25,3.7548866271972656,48.5,49.0,7.171
1765482496.2639935,99,24,22,23,25,3.7548866271972656,48.5,49.0,7.171
1765482496.4652355,99,28,34,35,46,3.7548789978027344,49.0,49.0,8.24
1765482496.668374,99,28,34,35,46,3.7548789978027344,49.0,49.0,8.24
1765482496.869398,99,28,34,35,46,3.7548789978027344,49.0,49.0,8.24
1765482497.0707674,99,32,27,18,28,3.7546424865722656,48.5,49.5,7.28
1765482497.2723422,99,32,27,18,28,3.7546424865722656,48.5,49.5,7.28
1765482497.4737995,99,34,27,24,41,3.7545089721679688,49.0,49.0,7.627
1765482497.6751103,99,34,27,24,41,3.7545089721679688,49.0,49.0,7.627
1765482497.8766625,99,34,27,24,41,3.7545089721679688,49.0,49.0,7.627
1765482498.0777462,99,31,32,41,64,3.75433349609375,49.0,49.0,8.319
1765482498.2790842,99,31,32,41,64,3.75433349609375,49.0,49.0,8.319
1765482498.4802248,41,31,20,25,20,3.7549972534179688,48.5,48.5,5.572
1765482498.6812382,41,31,20,25,20,3.7549972534179688,48.5,48.5,5.572
1765482498.8842292,41,31,20,25,20,3.7549972534179688,48.5,48.5,5.572
1765482499.085751,99,39,34,26,53,3.754405975341797,49.0,49.0,7.507
1765482499.286789,99,39,34,26,53,3.754405975341797,49.0,49.0,7.507
1765482499.487949,99,39,34,26,53,3.754405975341797,49.0,49.0,7.507
1765482499.68922,99,30,37,35,45,3.754436492919922,49.0,49.5,8.054
1765482499.8904903,99,30,37,35,45,3.754436492919922,49.0,49.5,8.054
1765482500.092857,99,27,19,23,33,3.7550735473632812,49.0,49.0,8.465
1765482500.2944999,99,27,19,23,33,3.7550735473632812,49.0,49.0,8.465
1765482500.4954548,99,27,19,23,33,3.7550735473632812,49.0,49.0,8.465
1765482500.6969945,99,22,25,39,28,3.755279541015625,49.0,49.0,7.707
1765482500.89991,99,22,25,39,28,3.755279541015625,49.0,49.0,7.707
1765482501.1013846,99,30,26,28,32,3.75482177734375,48.5,49.0,6.661
1765482501.302637,99,30,26,28,32,3.75482177734375,48.5,49.0,6.661
1765482501.5045156,99,30,26,28,32,3.75482177734375,48.5,49.0,6.661
1765482501.7073283,99,30,22,26,42,3.754913330078125,49.0,49.0,7.894
1765482501.911886,99,30,22,26,42,3.754913330078125,49.0,49.0,7.894
1765482502.1129272,99,40,48,34,38,3.755016326904297,48.5,49.5,8.359
1765482502.315414,99,40,48,34,38,3.755016326904297,48.5,49.5,8.359
1765482502.5168917,99,40,48,34,38,3.755016326904297,48.5,49.5,8.359
1765482502.722592,99,20,24,25,21,3.754261016845703,49.0,49.0,7.36
1765482502.923813,99,20,24,25,21,3.754261016845703,49.0,49.0,7.36
1765482503.1256127,99,34,49,32,38,3.7542762756347656,49.0,49.0,7.507
1765482503.3269355,99,34,49,32,38,3.7542762756347656,49.0,49.0,7.507
1765482503.5280929,99,34,49,32,38,3.7542762756347656,49.0,49.0,7.507
1765482503.729113,16,29,29,30,34,3.7540245056152344,48.0,49.0,5.806
1765482503.9302206,16,29,29,30,34,3.7540245056152344,48.0,49.0,5.806
1765482504.1314173,99,31,39,28,23,3.7541885375976562,49.0,50.0,8.808
1765482504.3325522,99,31,39,28,23,3.7541885375976562,49.0,50.0,8.808
1765482504.534449,99,31,39,28,23,3.7541885375976562,49.0,50.0,8.808
1765482504.7356148,99,26,24,43,32,3.75390625,49.0,49.0,7.747
1765482504.9371567,99,26,24,43,32,3.75390625,49.0,49.0,7.747
1765482505.1384892,99,28,16,24,27,3.754100799560547,49.0,49.0,6.661
1765482505.3396194,99,28,16,24,27,3.754100799560547,49.0,49.0,6.661
1765482505.543429,99,28,16,24,27,3.754100799560547,49.0,49.0,6.661
1765482505.7468154,99,30,44,38,35,3.7541427612304688,49.5,49.5,7.747
1765482505.9486394,99,30,44,38,35,3.7541427612304688,49.5,49.5,7.747
1765482506.1501043,99,22,25,44,18,3.754322052001953,48.5,49.5,7.507
1765482506.351501,99,22,25,44,18,3.754322052001953,48.5,49.5,7.507
1765482506.554228,99,22,25,44,18,3.754322052001953,48.5,49.5,7.507
1765482506.7552218,99,24,26,34,22,3.7542076110839844,49.5,49.0,7.547
1765482506.9564524,99,24,26,34,22,3.7542076110839844,49.5,49.0,7.547
1765482507.1578717,99,31,37,36,58,3.754680633544922,49.5,49.5,8.054
1765482507.3602443,99,31,37,36,58,3.754680633544922,49.5,49.5,8.054
1765482507.5613627,99,31,37,36,58,3.754680633544922,49.5,49.5,8.054
1765482507.7625241,32,24,28,22,26,3.7555999755859375,48.5,49.5,5.846
1765482507.964667,32,24,28,22,26,3.7555999755859375,48.5,49.5,5.846
1765482508.16611,99,28,27,48,23,3.7550811767578125,49.0,49.0,7.547
1765482508.3673193,99,28,27,48,23,3.7550811767578125,49.0,49.0,7.547
1765482508.5685372,99,28,27,48,23,3.7550811767578125,49.0,49.0,7.547
1765482508.7704725,99,26,29,53,23,3.7553634643554688,49.0,50.0,7.667
1765482508.9717999,99,26,29,53,23,3.7553634643554688,49.0,50.0,7.667
1765482509.1730297,99,30,19,32,29,3.7562522888183594,49.0,49.0,8.2
1765482509.3744154,99,30,19,32,29,3.7562522888183594,49.0,49.0,8.2
1765482509.5755532,99,30,19,32,29,3.7562522888183594,49.0,49.0,8.2
1765482509.776632,99,44,29,35,22,3.7570343017578125,49.5,50.0,8.703
1765482509.979011,99,44,29,35,22,3.7570343017578125,49.5,50.0,8.703
1765482510.1807172,99,44,29,35,22,3.7570343017578125,49.5,50.0,8.703
1765482510.382162,84,20,18,31,23,3.7561607360839844,48.5,49.0,6.43
1765482510.5842125,84,20,18,31,23,3.7561607360839844,48.5,49.0,6.43
1765482510.787096,99,38,44,32,58,3.752582550048828,49.5,49.5,8.133
1765482510.9882684,99,38,44,32,58,3.752582550048828,49.5,49.5,8.133
1765482511.1892796,99,38,44,32,58,3.752582550048828,49.5,49.5,8.133
1765482511.39039,99,36,37,39,44,3.7535133361816406,49.0,50.0,8.28
1765482511.5924735,99,36,37,39,44,3.7535133361816406,49.0,50.0,8.28
1765482511.7937183,99,21,24,10,20,3.7530746459960938,49.5,49.5,8.014
1765482511.9947383,99,21,24,10,20,3.7530746459960938,49.5,49.5,8.014
1765482512.1960585,99,21,24,10,20,3.7530746459960938,49.5,49.5,8.014
1765482512.3974335,99,30,48,33,32,3.7528953552246094,49.5,49.0,7.894
1765482512.5986917,99,30,48,33,32,3.7528953552246094,49.5,49.0,7.894
1765482512.7999704,64,37,30,26,29,3.7536849975585938,49.0,49.5,6.43
1765482513.002169,64,37,30,26,29,3.7536849975585938,49.0,49.5,6.43
1765482513.2035441,64,37,30,26,29,3.7536849975585938,49.0,49.5,6.43
1765482513.4065096,99,27,24,46,27,3.7549476623535156,49.5,50.5,8.65
1765482513.607815,99,27,24,46,27,3.7549476623535156,49.5,50.5,8.65
1765482513.8089707,99,38,30,25,27,3.7537193298339844,49.0,50.0,7.667
1765482514.0102563,99,38,30,25,27,3.7537193298339844,49.0,50.0,7.667
1765482514.21238,99,38,30,25,27,3.7537193298339844,49.0,50.0,7.667
1765482514.4136293,99,25,24,30,16,3.7538375854492188,49.5,49.5,7.587
1765482514.6150682,99,25,24,30,16,3.7538375854492188,49.5,49.5,7.587
1765482514.816338,99,78,56,57,66,3.747699737548828,50.0,50.0,8.967
1765482515.0196424,99,78,56,57,66,3.747699737548828,50.0,50.0,8.967
1765482515.2215118,99,78,56,57,66,3.747699737548828,50.0,50.0,8.967
1765482515.4227118,60,22,18,20,26,3.7488937377929688,48.5,50.0,6.35
1765482515.623941,60,22,18,20,26,3.7488937377929688,48.5,50.0,6.35
1765482515.8257186,99,46,30,28,30,3.7490272521972656,50.0,49.5,7.707
1765482516.0268788,99,46,30,28,30,3.7490272521972656,50.0,49.5,7.707
1765482516.2281795,99,46,30,28,30,3.7490272521972656,50.0,49.5,7.707
1765482516.4303832,99,25,38,34,58,3.74896240234375,49.0,50.5,7.934
1765482516.631824,99,25,38,34,58,3.74896240234375,49.0,50.5,7.934
1765482516.8336444,99,34,16,12,19,3.74896240234375,49.5,50.0,7.974
1765482517.0351734,99,34,16,12,19,3.74896240234375,49.5,50.0,7.974
1765482517.236605,99,34,16,12,19,3.74896240234375,49.5,50.0,7.974
1765482517.4381926,99,18,23,30,40,3.749561309814453,49.5,50.0,7.627
1765482517.6396878,99,18,23,30,40,3.749561309814453,49.5,50.0,7.627
1765482517.843598,61,26,27,31,16,3.749755859375,49.0,49.5,5.685
1765482518.0448627,61,26,27,31,16,3.749755859375,49.0,49.5,5.685
1765482518.2464435,61,26,27,31,16,3.749755859375,49.0,49.5,5.685
1765482518.4480383,99,51,30,30,24,3.7504920959472656,50.0,50.0,8.054
1765482518.649552,99,51,30,30,24,3.7504920959472656,50.0,50.0,8.054
1765482518.8509033,99,41,54,32,25,3.7512359619140625,49.5,50.5,8.703
1765482519.0522115,99,41,54,32,25,3.7512359619140625,49.5,50.5,8.703
1765482519.255216,99,41,54,32,25,3.7512359619140625,49.5,50.5,8.703
1765482519.4587252,99,22,18,18,27,3.7506103515625,49.5,49.5,6.701
1765482519.659792,99,22,18,18,27,3.7506103515625,49.5,49.5,6.701
1765482519.8613548,99,22,18,18,27,3.7506103515625,49.5,49.5,6.701
1765482520.063302,99,43,38,38,48,3.7509536743164062,49.5,50.0,7.547
1765482520.264484,99,43,38,38,48,3.7509536743164062,49.5,50.0,7.547
1765482520.4656467,96,35,33,29,45,3.7511024475097656,49.0,50.5,6.741
1765482520.6670341,96,35,33,29,45,3.7511024475097656,49.0,50.5,6.741
1765482520.8682606,96,35,33,29,45,3.7511024475097656,49.0,50.5,6.741
1765482521.0691953,99,14,36,21,25,3.7519454956054688,50.0,50.0,8.465
1765482521.2703252,99,14,36,21,25,3.7519454956054688,50.0,50.0,8.465
1765482521.472021,99,24,23,55,25,3.751556396484375,50.0,49.5,7.747
1765482521.673319,99,24,23,55,25,3.751556396484375,50.0,49.5,7.747
1765482521.8748865,99,24,23,55,25,3.751556396484375,50.0,49.5,7.747
1765482522.0760484,99,26,26,22,20,3.7520294189453125,49.5,49.5,6.159
1765482522.277324,99,26,26,22,20,3.7520294189453125,49.5,49.5,6.159
1765482522.4791644,99,33,31,30,61,3.752544403076172,50.0,50.5,8.439
1765482522.6806252,99,33,31,30,61,3.752544403076172,50.0,50.5,8.439
1765482522.8824213,99,33,31,30,61,3.752544403076172,50.0,50.5,8.439
1765482523.0838687,99,25,20,34,21,3.7525291442871094,49.5,51.0,6.971
1765482523.2854793,99,25,20,34,21,3.7525291442871094,49.5,51.0,6.971
1765482523.4871302,99,31,30,35,36,3.753082275390625,50.0,50.0,7.587
1765482523.688433,99,31,30,35,36,3.753082275390625,50.0,50.0,7.587
1765482523.8895197,99,31,30,35,36,3.753082275390625,50.0,50.0,7.587
1765482524.090567,99,27,50,52,31,3.753498077392578,50.0,50.5,7.894
1765482524.292738,99,27,50,52,31,3.753498077392578,50.0,50.5,7.894
1765482524.4942093,99,22,21,12,28,3.754253387451172,50.0,50.0,7.36
1765482524.6953816,99,22,21,12,28,3.754253387451172,50.0,50.0,7.36
1765482524.8974671,99,22,21,12,28,3.754253387451172,50.0,50.0,7.36
1765482525.098759,99,52,24,25,20,3.7536849975585938,50.0,50.5,7.894
1765482525.2997081,99,52,24,25,20,3.7536849975585938,50.0,50.5,7.894
1765482525.5009067,0,32,42,64,53,3.7486343383789062,49.5,50.0,5.096
1765482525.7021325,0,32,42,64,53,3.7486343383789062,49.5,50.0,5.096
1765482525.9036322,0,32,42,64,53,3.7486343383789062,49.5,50.0,5.096
1765482526.1052887,99,44,22,25,26,3.750408172607422,50.0,50.0,8.014
1765482526.3064737,99,44,22,25,26,3.750408172607422,50.0,50.0,8.014
1765482526.507463,99,48,22,18,43,3.751781463623047,49.5,50.5,8.081
1765482526.708919,99,48,22,18,43,3.751781463623047,49.5,50.5,8.081
1765482526.9108932,99,48,22,18,43,3.751781463623047,49.5,50.5,8.081
1765482527.1122231,99,24,22,17,22,3.75067138671875,50.0,50.0,7.171
1765482527.3133614,99,24,22,17,22,3.75067138671875,50.0,50.0,7.171
1765482527.5161972,99,24,22,17,22,3.75067138671875,50.0,50.0,7.171
1765482527.7191792,99,32,38,44,39,3.751800537109375,50.0,50.0,7.36
1765482527.9205678,99,32,38,44,39,3.751800537109375,50.0,50.0,7.36
1765482528.1217673,26,28,32,30,34,3.7518463134765625,49.5,50.5,5.927
1765482528.32496,26,28,32,30,34,3.7518463134765625,49.5,50.5,5.927
1765482528.5263226,26,28,32,30,34,3.7518463134765625,49.5,50.5,5.927
1765482528.72739,99,44,24,16,23,3.75213623046875,50.5,50.0,8.014
1765482528.9286005,99,44,24,16,23,3.75213623046875,50.5,50.0,8.014
1765482529.1304646,99,44,56,30,35,3.752490997314453,50.5,50.5,7.827
1765482529.3317966,99,44,56,30,35,3.752490997314453,50.5,50.5,7.827
1765482529.5335968,99,44,56,30,35,3.752490997314453,50.5,50.5,7.827
1765482529.7351508,99,21,18,22,31,3.75311279296875,50.5,50.0,7.24
1765482529.9365916,99,21,18,22,31,3.75311279296875,50.5,50.0,7.24
1765482530.1382213,99,28,32,34,46,3.754505157470703,50.5,51.0,8.319
1765482530.3410451,99,28,32,34,46,3.754505157470703,50.5,51.0,8.319
1765482530.5423532,99,28,32,34,46,3.754505157470703,50.5,51.0,8.319
1765482530.743535,0,22,12,37,18,3.753673553466797,49.5,51.0,5.806
1765482530.9451993,0,22,12,37,18,3.753673553466797,49.5,51.0,5.806
1765482531.1470551,99,40,33,40,32,3.7537765502929688,50.5,50.5,8.28
1765482531.3485088,99,40,33,40,32,3.7537765502929688,50.5,50.5,8.28
1765482531.5496335,99,40,33,40,32,3.7537765502929688,50.5,50.5,8.28
1765482531.7509265,99,40,33,36,55,3.7544937133789062,50.0,50.5,7.974
1765482531.952618,99,40,33,36,55,3.7544937133789062,50.0,50.5,7.974
1765482532.1548862,99,21,20,19,18,3.755603790283203,50.5,50.5,7.587
1765482532.356045,99,21,20,19,18,3.755603790283203,50.5,50.5,7.587
1765482532.5593793,99,21,20,19,18,3.755603790283203,50.5,50.5,7.587
1765482532.7608593,99,26,40,29,45,3.7546043395996094,50.5,50.5,7.707
1765482532.9620717,99,26,40,29,45,3.7546043395996094,50.5,50.5,7.707
1765482533.1632016,0,26,24,33,20,3.755615234375,49.5,50.0,5.136
1765482533.3653693,0,26,24,33,20,3.755615234375,49.5,50.0,5.136
1765482533.5672965,0,26,24,33,20,3.755615234375,49.5,50.0,5.136
1765482533.7692955,99,32,27,30,45,3.7566604614257812,50.5,50.5,8.584
1765482533.970709,99,32,27,30,45,3.7566604614257812,50.5,50.5,8.584
1765482534.1719239,99,22,41,30,26,3.7569122314453125,50.0,51.0,7.814
1765482534.373734,99,22,41,30,26,3.7569122314453125,50.0,51.0,7.814
1765482534.5763361,99,22,41,30,26,3.7569122314453125,50.0,51.0,7.814
1765482534.777451,99,26,30,25,18,3.7581520080566406,50.5,50.0,7.28
1765482534.97918,99,26,30,25,18,3.7581520080566406,50.5,50.0,7.28
1765482535.1806073,99,36,34,54,44,3.7584495544433594,50.5,51.0,7.747
1765482535.3838854,99,36,34,54,44,3.7584495544433594,50.5,51.0,7.747
1765482535.5852766,99,36,34,54,44,3.7584495544433594,50.5,51.0,7.747
1765482535.7863748,95,30,31,25,24,3.7600784301757812,50.5,51.0,6.54
1765482535.987786,95,30,31,25,24,3.7600784301757812,50.5,51.0,6.54
1765482536.1894133,99,25,42,20,22,3.7594223022460938,50.5,51.0,8.28
1765482536.3907468,99,25,42,20,22,3.7594223022460938,50.5,51.0,8.28
1765482536.5919404,99,25,42,20,22,3.7594223022460938,50.5,51.0,8.28
1765482536.7941265,99,32,42,44,34,3.7598495483398438,50.5,51.0,7.827
1765482536.9953344,99,32,42,44,34,3.7598495483398438,50.5,51.0,7.827
1765482537.1965973,99,22,24,23,16,3.7596282958984375,51.0,50.5,7.707
1765482537.3976607,99,22,24,23,16,3.7596282958984375,51.0,50.5,7.707
1765482537.5991356,99,22,24,23,16,3.7596282958984375,51.0,50.5,7.707
1765482537.801496,99,24,42,28,32,3.7606735229492188,50.5,51.5,8.24
1765482538.0037353,99,24,42,28,32,3.7606735229492188,50.5,51.5,8.24
1765482538.2050638,17,26,30,18,17,3.7607040405273438,50.0,50.5,5.685
1765482538.406491,17,26,30,18,17,3.7607040405273438,50.0,50.5,5.685
1765482538.6084392,17,26,30,18,17,3.7607040405273438,50.0,50.5,5.685
1765482538.8110352,99,33,47,28,32,3.760448455810547,51.0,50.5,7.787
1765482539.0121436,99,33,47,28,32,3.760448455810547,51.0,50.5,7.787
1765482539.2131817,99,33,47,28,32,3.760448455810547,51.0,50.5,7.787
1765482539.4154432,99,25,50,46,28,3.7623863220214844,50.5,51.0,8.359
1765482539.6178315,99,25,50,46,28,3.7623863220214844,50.5,51.0,8.359
1765482539.819483,99,24,14,18,25,3.761157989501953,50.5,50.0,7.28
1765482540.0275147,99,24,14,18,25,3.761157989501953,50.5,50.0,7.28
1765482540.2288418,99,24,14,18,25,3.761157989501953,50.5,50.0,7.28
1765482540.430575,99,36,50,27,55,3.7621917724609375,50.5,50.5,7.747
1765482540.6314695,99,36,50,27,55,3.7621917724609375,50.5,50.5,7.747
1765482540.8329074,1,30,24,36,23,3.7622833251953125,50.0,50.5,5.371
1765482541.0352201,1,30,24,36,23,3.7622833251953125,50.0,50.5,5.371
1765482541.2367063,1,30,24,36,23,3.7622833251953125,50.0,50.5,5.371
1765482541.4383106,99,32,24,42,22,3.7630653381347656,50.5,50.5,8.425
1765482541.6394892,99,32,24,42,22,3.7630653381347656,50.5,50.5,8.425
1765482541.8405046,99,25,44,19,31,3.762859344482422,50.5,50.5,7.814
1765482542.0421622,99,25,44,19,31,3.762859344482422,50.5,50.5,7.814
1765482542.2441664,99,25,44,19,31,3.762859344482422,50.5,50.5,7.814
1765482542.4455528,99,28,21,17,25,3.7634925842285156,50.5,50.5,6.741
1765482542.647101,99,28,21,17,25,3.7634925842285156,50.5,50.5,6.741
1765482542.8492186,99,30,40,29,50,3.7636985778808594,50.5,51.0,7.747
1765482543.052155,99,30,40,29,50,3.7636985778808594,50.5,51.0,7.747
1765482543.2566254,99,30,40,29,50,3.7636985778808594,50.5,51.0,7.747
1765482543.4579902,0,24,26,34,21,3.76507568359375,50.5,51.5,5.765
1765482543.6596568,0,24,26,34,21,3.76507568359375,50.5,51.5,5.765
1765482543.8610404,99,45,35,31,34,3.7646408081054688,50.5,51.0,7.827
1765482544.062074,99,45,35,31,34,3.7646408081054688,50.5,51.0,7.827
1765482544.2631342,99,45,35,31,34,3.7646408081054688,50.5,51.0,7.827
1765482544.4643888,99,31,57,25,33,3.7649574279785156,50.5,51.0,7.587
1765482544.6657698,99,31,57,25,33,3.7649574279785156,50.5,51.0,7.587
1765482544.867007,99,27,24,22,20,3.7658309936523438,51.0,51.5,7.894
1765482545.0681567,99,27,24,22,20,3.7658309936523438,51.0,51.5,7.894
1765482545.2703195,99,27,24,22,20,3.7658309936523438,51.0,51.5,7.894
1765482545.471714,99,25,21,42,44,3.7656822204589844,50.5,50.5,7.587
1765482545.6729238,99,25,21,42,44,3.7656822204589844,50.5,50.5,7.587
1765482545.8742898,51,29,42,29,34,3.7658767700195312,49.5,52.0,6.189
1765482546.0771656,51,29,42,29,34,3.7658767700195312,49.5,52.0,6.189
1765482546.2793396,51,29,42,29,34,3.7658767700195312,49.5,52.0,6.189
1765482546.4824593,99,26,37,19,24,3.7662582397460938,51.0,51.0,8.054
1765482546.6838813,99,26,37,19,24,3.7662582397460938,51.0,51.0,8.054
1765482546.884942,99,48,25,34,44,3.7676963806152344,51.0,51.0,8.769
1765482547.0873096,99,48,25,34,44,3.7676963806152344,51.0,51.0,8.769
1765482547.2893033,99,48,25,34,44,3.7676963806152344,51.0,51.0,8.769
1765482547.4944465,99,20,16,12,19,3.7670860290527344,50.5,50.5,6.007
1765482547.6955743,99,20,16,12,19,3.7670860290527344,50.5,50.5,6.007
1765482547.8965745,99,20,16,12,19,3.7670860290527344,50.5,50.5,6.007
1765482548.0983367,99,44,50,40,30,3.7679176330566406,51.0,51.0,7.747
1765482548.2994902,99,44,50,40,30,3.7679176330566406,51.0,51.0,7.747
1765482548.5005322,99,34,30,24,45,3.7682571411132812,50.5,53.0,7.011
1765482548.702067,99,34,30,24,45,3.7682571411132812,50.5,53.0,7.011
1765482548.9032238,99,34,30,24,45,3.7682571411132812,50.5,53.0,7.011
1765482549.1044564,99,26,18,34,14,3.7687759399414062,51.0,51.0,8.2
1765482549.3056252,99,26,18,34,14,3.7687759399414062,51.0,51.0,8.2
1765482549.5073988,99,26,37,26,43,3.7687301635742188,51.0,51.0,7.707
1765482549.7087996,99,26,37,26,43,3.7687301635742188,51.0,51.0,7.707
1765482549.9104652,99,26,37,26,43,3.7687301635742188,51.0,51.0,7.707
1765482550.1118526,99,23,22,24,30,3.7688064575195312,51.0,50.5,6.118
1765482550.3129582,99,23,22,24,30,3.7688064575195312,51.0,50.5,6.118
1765482550.5146194,99,51,32,37,30,3.7640953063964844,51.0,51.0,8.12
1765482550.7171073,99,51,32,37,30,3.7640953063964844,51.0,51.0,8.12
1765482550.919306,99,51,32,37,30,3.7640953063964844,51.0,51.0,8.12
1765482551.12062,99,33,30,24,18,3.7645835876464844,50.5,51.5,7.547
1765482551.323102,99,33,30,24,18,3.7645835876464844,50.5,51.5,7.547
1765482551.524974,99,27,28,30,24,3.7644081115722656,50.5,51.0,7.507
1765482551.7267768,99,27,28,30,24,3.7644081115722656,50.5,51.0,7.507
1765482551.9280205,99,27,28,30,24,3.7644081115722656,50.5,51.0,7.507
1765482552.1295478,99,37,42,47,34,3.7654457092285156,51.0,51.0,8.094
1765482552.3308554,99,37,42,47,34,3.7654457092285156,51.0,51.0,8.094
1765482552.5318933,44,22,33,13,21,3.7662582397460938,50.5,52.0,6.32
1765482552.732976,44,22,33,13,21,3.7662582397460938,50.5,52.0,6.32
1765482552.9344919,44,22,33,13,21,3.7662582397460938,50.5,52.0,6.32
1765482553.135654,99,32,24,23,44,3.7651634216308594,51.0,50.5,7.24
1765482553.3368351,99,32,24,23,44,3.7651634216308594,51.0,50.5,7.24
1765482553.537996,99,28,34,37,38,3.765819549560547,50.5,52.5,7.627
1765482553.738996,99,28,34,37,38,3.765819549560547,50.5,52.5,7.627
1765482553.9403305,99,28,34,37,38,3.765819549560547,50.5,52.5,7.627
1765482554.141771,99,26,18,17,36,3.766132354736328,51.0,51.0,7.827
1765482554.3430398,99,26,18,17,36,3.766132354736328,51.0,51.0,7.827
1765482554.544116,99,28,22,48,29,3.767284393310547,51.0,51.0,8.28
1765482554.746335,99,28,22,48,29,3.767284393310547,51.0,51.0,8.28
1765482554.9495995,99,28,22,48,29,3.767284393310547,51.0,51.0,8.28
1765482555.1523244,99,24,22,16,16,3.767120361328125,51.0,50.5,5.339
1765482555.353429,99,24,22,16,16,3.767120361328125,51.0,50.5,5.339
1765482555.5545924,99,56,36,34,44,3.767017364501953,51.0,51.0,7.587
1765482555.7566385,99,56,36,34,44,3.767017364501953,51.0,51.0,7.587
1765482555.9577599,99,56,36,34,44,3.767017364501953,51.0,51.0,7.587
1765482556.1587565,99,35,34,43,35,3.767932891845703,51.0,52.5,7.4
1765482556.3604286,99,35,34,43,35,3.767932891845703,51.0,52.5,7.4
1765482556.5617838,99,35,34,43,35,3.767932891845703,51.0,52.5,7.4
1765482556.7630785,99,34,18,18,17,3.7680816650390625,51.0,51.5,7.507
1765482556.9642816,99,34,18,18,17,3.7680816650390625,51.0,51.5,7.507
1765482557.1653247,99,30,36,25,48,3.7681732177734375,51.5,51.5,7.854
1765482557.3667245,99,30,36,25,48,3.7681732177734375,51.5,51.5,7.854
1765482557.567879,99,30,36,25,48,3.7681732177734375,51.5,51.5,7.854
1765482557.7692373,80,28,32,16,25,3.76800537109375,50.5,51.5,5.998
1765482557.9704154,80,28,32,16,25,3.76800537109375,50.5,51.5,5.998
1765482558.1716774,99,26,47,25,33,3.770397186279297,51.5,51.5,8.24
1765482558.3747482,99,26,47,25,33,3.770397186279297,51.5,51.5,8.24
1765482558.5762591,99,26,47,25,33,3.770397186279297,51.5,51.5,8.24
1765482558.777199,99,32,17,26,35,3.7693557739257812,51.0,51.5,7.707
1765482558.9806383,99,32,17,26,35,3.7693557739257812,51.0,51.5,7.707
1765482559.1829624,99,36,24,33,32,3.7700538635253906,51.5,51.5,8.014
1765482559.3847148,99,36,24,33,32,3.7700538635253906,51.5,51.5,8.014
1765482559.5860193,99,36,24,33,32,3.7700538635253906,51.5,51.5,8.014
1765482559.7890902,99,48,37,46,35,3.7701187133789062,51.5,51.5,8.319
1765482559.9915745,99,48,37,46,35,3.7701187133789062,51.5,51.5,8.319
1765482560.1933208,71,24,28,18,26,3.7707862854003906,50.5,51.5,5.765
1765482560.394379,71,24,28,18,26,3.7707862854003906,50.5,51.5,5.765
1765482560.5962913,71,24,28,18,26,3.7707862854003906,50.5,51.5,5.765
1765482560.7978327,99,25,50,32,26,3.770313262939453,51.5,51.5,7.974
1765482560.999403,99,25,50,32,26,3.770313262939453,51.5,51.5,7.974
1765482561.2007065,99,33,33,27,54,3.770343780517578,51.0,51.5,7.627
1765482561.4038577,99,33,33,27,54,3.770343780517578,51.0,51.5,7.627
1765482561.60545,99,33,33,27,54,3.770343780517578,51.0,51.5,7.627
1765482561.8071427,99,26,26,26,28,3.771923065185547,51.5,52.5,8.769
1765482562.0081685,99,26,26,26,28,3.771923065185547,51.5,52.5,8.769
1765482562.209256,99,25,26,20,38,3.7709617614746094,51.0,51.0,7.787
1765482562.4116297,99,25,26,20,38,3.7709617614746094,51.0,51.0,7.787
1765482562.6130059,99,25,26,20,38,3.7709617614746094,51.0,51.0,7.787
1765482562.8145833,98,22,31,26,22,3.770740509033203,50.5,51.5,6.54
1765482563.0155988,98,22,31,26,22,3.770740509033203,50.5,51.5,6.54
1765482563.2170007,99,43,23,30,32,3.7711219787597656,51.5,52.0,8.094
1765482563.4187667,99,43,23,30,32,3.7711219787597656,51.5,52.0,8.094
1765482563.619956,99,43,23,30,32,3.7711219787597656,51.5,52.0,8.094
1765482563.8275511,99,30,44,36,31,3.7717247009277344,51.0,52.0,8.319
1765482564.0287662,99,30,44,36,31,3.7717247009277344,51.0,52.0,8.319
1765482564.2303507,99,21,25,22,21,3.7717514038085938,51.5,51.5,7.24
1765482564.4316263,99,21,25,22,21,3.7717514038085938,51.5,51.5,7.24
1765482564.6329818,99,21,25,22,21,3.7717514038085938,51.5,51.5,7.24
1765482564.8352814,99,36,35,39,50,3.7720603942871094,51.5,52.0,7.894
1765482565.0367467,99,36,35,39,50,3.7720603942871094,51.5,52.0,7.894
1765482565.2378483,99,23,36,26,16,3.7717056274414062,51.0,52.0,6.902
1765482565.4401767,99,23,36,26,16,3.7717056274414062,51.0,52.0,6.902
1765482565.6418822,99,23,36,26,16,3.7717056274414062,51.0,52.0,6.902
1765482565.8432558,99,27,20,20,43,3.773021697998047,51.5,52.0,8.584
1765482566.0443065,99,27,20,20,43,3.773021697998047,51.5,52.0,8.584
1765482566.2453325,99,30,34,49,26,3.7723121643066406,51.0,52.0,7.974
1765482566.4463265,99,30,34,49,26,3.7723121643066406,51.0,52.0,7.974
1765482566.6483228,99,30,34,49,26,3.7723121643066406,51.0,52.0,7.974
1765482566.8495235,99,30,21,19,22,3.7726669311523438,51.5,51.5,7.28
1765482567.050555,99,30,21,19,22,3.7726669311523438,51.5,51.5,7.28
1765482567.2515569,99,30,21,19,22,3.7726669311523438,51.5,51.5,7.28
1765482567.4538188,99,32,30,36,47,3.7737159729003906,51.5,52.0,8.24
1765482567.6553493,99,32,30,36,47,3.7737159729003906,51.5,52.0,8.24
1765482567.8588855,0,24,24,24,15,3.773998260498047,51.5,51.5,5.217
1765482568.0603266,0,24,24,24,15,3.773998260498047,51.5,51.5,5.217
1765482568.2616642,0,24,24,24,15,3.773998260498047,51.5,51.5,5.217
1765482568.46253,99,38,31,40,39,3.7738265991210938,51.5,52.0,8.28
1765482568.664626,99,38,31,40,39,3.7738265991210938,51.5,52.0,8.28
1765482568.8662164,99,40,51,40,33,3.7689247131347656,51.5,52.0,8.319
1765482569.0676785,99,40,51,40,33,3.7689247131347656,51.5,52.0,8.319
1765482569.2701485,99,40,51,40,33,3.7689247131347656,51.5,52.0,8.319
1765482569.4755957,99,26,12,22,22,3.770092010498047,51.5,52.0,7.787
1765482569.6781595,99,26,12,22,22,3.770092010498047,51.5,52.0,7.787
1765482569.8796787,99,18,20,40,26,3.7694129943847656,51.5,52.0,7.468
1765482570.0812082,99,18,20,40,26,3.7694129943847656,51.5,52.0,7.468
1765482570.282634,99,18,20,40,26,3.7694129943847656,51.5,52.0,7.468
1765482570.4839303,26,23,28,36,29,3.769927978515625,50.5,52.0,5.725
1765482570.6851287,26,23,28,36,29,3.769927978515625,50.5,52.0,5.725
1765482570.8866866,99,26,26,24,45,3.770740509033203,51.5,52.0,8.24
1765482571.087724,99,26,26,24,45,3.770740509033203,51.5,52.0,8.24
1765482571.2891514,99,26,26,24,45,3.770740509033203,51.5,52.0,8.24
1765482571.4904478,99,58,28,33,21,3.7716445922851562,51.5,52.5,8.544
1765482571.6951394,99,58,28,33,21,3.7716445922851562,51.5,52.5,8.544
1765482571.8963666,99,23,21,20,12,3.770801544189453,51.5,51.0,6.661
1765482572.0976422,99,23,21,20,12,3.770801544189453,51.5,51.0,6.661
1765482572.2989724,99,23,21,20,12,3.770801544189453,51.5,51.0,6.661
1765482572.5010111,99,45,50,40,41,3.7708740234375,52.0,51.5,7.547
1765482572.7024536,99,45,50,40,41,3.7708740234375,52.0,51.5,7.547
1765482572.9034796,99,34,40,48,29,3.7715415954589844,51.5,52.5,7.814
1765482573.1065776,99,34,40,48,29,3.7715415954589844,51.5,52.5,7.814
1765482573.3111477,99,34,40,48,29,3.7715415954589844,51.5,52.5,7.814
1765482573.5123208,99,23,18,28,16,3.7712631225585938,51.5,51.5,7.667
1765482573.7136686,99,23,18,28,16,3.7712631225585938,51.5,51.5,7.667
1765482573.9146562,99,29,27,32,55,3.770923614501953,52.0,52.0,7.934
1765482574.1157396,99,29,27,32,55,3.770923614501953,52.0,52.0,7.934
1765482574.3177419,99,29,27,32,55,3.770923614501953,52.0,52.0,7.934
1765482574.5192149,0,20,26,31,32,3.7717018127441406,51.0,51.5,5.29
1765482574.7211568,0,20,26,31,32,3.7717018127441406,51.0,51.5,5.29
1765482574.9224913,99,23,32,49,22,3.7731246948242188,52.0,52.0,8.544
1765482575.125129,99,23,32,49,22,3.7731246948242188,52.0,52.0,8.544
1765482575.3269954,99,23,32,49,22,3.7731246948242188,52.0,52.0,8.544
1765482575.5284855,99,32,28,39,19,3.77227783203125,51.0,52.0,7.854
1765482575.7302713,99,32,28,39,19,3.77227783203125,51.0,52.0,7.854
1765482575.9314919,99,20,35,24,27,3.772449493408203,51.5,52.5,8.16
1765482576.132577,99,20,35,24,27,3.772449493408203,51.5,52.5,8.16
1765482576.3337102,99,20,35,24,27,3.772449493408203,51.5,52.5,8.16
1765482576.53607,99,33,50,35,44,3.773029327392578,52.0,52.0,8.584
1765482576.738572,99,33,50,35,44,3.773029327392578,52.0,52.0,8.584
1765482576.9396508,8,34,19,17,19,3.7736968994140625,51.0,52.5,5.846
1765482577.1406765,8,34,19,17,19,3.7736968994140625,51.0,52.5,5.846
1765482577.3420675,8,34,19,17,19,3.7736968994140625,51.0,52.5,5.846
1765482577.5444577,99,42,29,48,31,3.7731285095214844,52.0,52.0,7.814
1765482577.7460337,99,42,29,48,31,3.7731285095214844,52.0,52.0,7.814
1765482577.9473884,99,42,29,48,31,3.7731285095214844,52.0,52.0,7.814
1765482578.1495469,99,29,45,27,37,3.77374267578125,51.5,52.0,7.787
1765482578.3511522,99,29,45,27,37,3.77374267578125,51.5,52.0,7.787
1765482578.5533533,99,21,25,28,28,3.7740554809570312,52.0,53.0,8.664
1765482578.7547228,99,21,25,28,28,3.7740554809570312,52.0,53.0,8.664
1765482578.9558823,99,21,25,28,28,3.7740554809570312,52.0,53.0,8.664
1765482579.157726,99,32,27,34,25,3.7752532958984375,52.0,52.0,8.2
1765482579.3612363,99,32,27,34,25,3.7752532958984375,52.0,52.0,8.2
1765482579.5651722,91,31,20,20,16,3.7744216918945312,51.0,52.5,5.564
1765482579.766362,91,31,20,20,16,3.7744216918945312,51.0,52.5,5.564
1765482579.9675832,91,31,20,20,16,3.7744216918945312,51.0,52.5,5.564
1765482580.1712205,99,32,35,28,52,3.774658203125,52.5,52.5,8.014
1765482580.3746653,99,32,35,28,52,3.774658203125,52.5,52.5,8.014
1765482580.5757873,99,34,30,46,35,3.7754592895507812,51.5,52.5,8.12
1765482580.7780237,99,34,30,46,35,3.7754592895507812,51.5,52.5,8.12
1765482580.9794514,99,34,30,46,35,3.7754592895507812,51.5,52.5,8.12
1765482581.1804805,99,24,29,28,30,3.7752685546875,52.0,52.5,7.894
1765482581.382216,99,24,29,28,30,3.7752685546875,52.0,52.5,7.894
1765482581.583385,99,44,34,50,20,3.7752456665039062,52.0,52.5,7.934
1765482581.7845461,99,44,34,50,20,3.7752456665039062,52.0,52.5,7.934
1765482581.9857528,99,44,34,50,20,3.7752456665039062,52.0,52.5,7.934
1765482582.186977,41,33,20,28,31,3.775482177734375,51.5,52.5,6.239
1765482582.3925478,41,33,20,28,31,3.775482177734375,51.5,52.5,6.239
1765482582.594084,99,37,24,20,42,3.777141571044922,52.0,53.0,8.465
1765482582.7950761,99,37,24,20,42,3.777141571044922,52.0,53.0,8.465
1765482582.996114,99,37,24,20,42,3.777141571044922,52.0,53.0,8.465
1765482583.1975076,99,42,32,26,18,3.7759742736816406,51.5,52.5,7.627
1765482583.3988872,99,42,32,26,18,3.7759742736816406,51.5,52.5,7.627
1765482583.6009057,99,29,29,22,22,3.776348114013672,52.0,52.5,8.12
1765482583.8021774,99,29,29,22,22,3.776348114013672,52.0,52.5,8.12
1765482584.0035853,99,29,29,22,22,3.776348114013672,52.0,52.5,8.12
1765482584.20583,99,34,36,26,48,3.7770729064941406,52.0,53.5,9.047
1765482584.409447,99,34,36,26,48,3.7770729064941406,52.0,53.5,9.047
1765482584.6113405,92,27,18,14,17,3.7763023376464844,51.0,52.5,6.149
1765482584.8124175,92,27,18,14,17,3.7763023376464844,51.0,52.5,6.149
1765482585.0143614,92,27,18,14,17,3.7763023376464844,51.0,52.5,6.149
1765482585.2172298,99,41,43,45,27,3.7770004272460938,52.0,52.0,7.934
1765482585.4185598,99,41,43,45,27,3.7770004272460938,52.0,52.0,7.934
1765482585.6196136,99,46,36,39,30,3.7768898010253906,52.0,53.0,7.894
1765482585.8215399,99,46,36,39,30,3.7768898010253906,52.0,53.0,7.894
1765482586.0228004,99,46,36,39,30,3.7768898010253906,52.0,53.0,7.894
1765482586.2241554,99,47,27,31,16,3.776935577392578,52.0,53.5,8.967
1765482586.4254365,99,47,27,31,16,3.776935577392578,52.0,53.5,8.967
1765482586.6266198,99,48,50,52,37,3.7689056396484375,52.0,52.5,7.587
1765482586.827966,99,48,50,52,37,3.7689056396484375,52.0,52.5,7.587
1765482587.0290537,99,48,50,52,37,3.7689056396484375,52.0,52.5,7.587
1765482587.230381,19,28,31,29,25,3.7735328674316406,51.5,52.5,5.806
1765482587.4313886,19,28,31,29,25,3.7735328674316406,51.5,52.5,5.806
1765482587.633229,99,26,28,25,41,3.7732086181640625,52.5,52.5,8.24
1765482587.8347218,99,26,28,25,41,3.7732086181640625,52.5,52.5,8.24
1765482588.03575,99,26,28,25,41,3.7732086181640625,52.5,52.5,8.24
1765482588.236718,99,24,33,40,36,3.7745895385742188,52.0,53.0,8.319
1765482588.438842,99,24,33,40,36,3.7745895385742188,52.0,53.0,8.319
1765482588.640176,99,24,33,40,36,3.7745895385742188,52.0,53.0,8.319
1765482588.841456,99,23,24,20,18,3.7740249633789062,52.0,52.5,7.28
1765482589.042764,99,23,24,20,18,3.7740249633789062,52.0,52.5,7.28
1765482589.2441926,99,64,40,39,54,3.7744293212890625,52.0,53.5,8.399
1765482589.447149,99,64,40,39,54,3.7744293212890625,52.0,53.5,8.399
1765482589.6489317,99,64,40,39,54,3.7744293212890625,52.0,53.5,8.399
1765482589.8501225,0,27,30,36,28,3.776569366455078,51.0,53.0,5.927
1765482590.0518105,0,27,30,36,28,3.776569366455078,51.0,53.0,5.927
1765482590.2531893,99,38,22,14,25,3.7758750915527344,52.0,52.5,8.2
1765482590.4544914,99,38,22,14,25,3.7758750915527344,52.0,52.5,8.2
1765482590.6560597,99,38,22,14,25,3.7758750915527344,52.0,52.5,8.2
1765482590.85935,99,48,30,30,28,3.7756614685058594,52.0,52.5,7.707
1765482591.060531,99,48,30,30,28,3.7756614685058594,52.0,52.5,7.707
1765482591.2614765,99,24,23,24,25,3.7764892578125,52.0,52.0,7.32
1765482591.4626217,99,24,23,24,25,3.7764892578125,52.0,52.0,7.32
1765482591.6636906,99,24,23,24,25,3.7764892578125,52.0,52.0,7.32
1765482591.865702,99,13,50,25,39,3.7763099670410156,52.5,52.5,8.425
1765482592.0670083,99,13,50,25,39,3.7763099670410156,52.5,52.5,8.425
1765482592.2685025,29,30,22,23,22,3.775928497314453,51.5,52.5,6.269
1765482592.4698331,29,30,22,23,22,3.775928497314453,51.5,52.5,6.269
1765482592.6719704,29,30,22,23,22,3.775928497314453,51.5,52.5,6.269
1765482592.8737044,99,26,28,29,46,3.7765769958496094,52.5,52.5,7.974
1765482593.0750046,99,26,28,29,46,3.7765769958496094,52.5,52.5,7.974
1765482593.2763245,99,50,41,36,44,3.7770042419433594,52.5,53.0,8.465
1765482593.478772,99,50,41,36,44,3.7770042419433594,52.5,53.0,8.465
1765482593.6800616,99,50,41,36,44,3.7770042419433594,52.5,53.0,8.465
1765482593.8812509,99,24,16,15,12,3.7774429321289062,52.0,52.5,7.28
1765482594.0824244,99,24,16,15,12,3.7774429321289062,52.0,52.5,7.28
1765482594.2840507,99,46,29,38,28,3.7777061462402344,52.0,52.5,7.587
1765482594.485189,99,46,29,38,28,3.7777061462402344,52.0,52.5,7.587
1765482594.6861768,99,46,29,38,28,3.7777061462402344,52.0,52.5,7.587
1765482594.8873255,99,28,28,33,34,3.778003692626953,52.0,53.0,7.051
1765482595.0887508,99,28,28,33,34,3.778003692626953,52.0,53.0,7.051
1765482595.290143,99,28,40,33,23,3.777782440185547,53.0,53.5,8.505
1765482595.491237,99,28,40,33,23,3.777782440185547,53.0,53.5,8.505
1765482595.6922443,99,28,40,33,23,3.777782440185547,53.0,53.5,8.505
1765482595.8933191,99,43,27,18,16,3.7788162231445312,52.5,52.5,7.894
1765482596.0957875,99,43,27,18,16,3.7788162231445312,52.5,52.5,7.894
1765482596.296961,83,31,20,18,22,3.7782974243164062,52.0,52.0,5.492
1765482596.4985244,83,31,20,18,22,3.7782974243164062,52.0,52.0,5.492
1765482596.6996493,83,31,20,18,22,3.7782974243164062,52.0,52.0,5.492
1765482596.9008074,99,56,71,39,54,3.7735023498535156,52.5,53.0,7.747
1765482597.1029067,99,56,71,39,54,3.7735023498535156,52.5,53.0,7.747
1765482597.3043702,99,56,71,39,54,3.7735023498535156,52.5,53.0,7.747
1765482597.5055606,99,35,44,28,27,3.778350830078125,52.0,54.0,7.4
1765482597.7082844,99,35,44,28,27,3.778350830078125,52.0,54.0,7.4
1765482597.9098787,99,24,23,20,32,3.7777862548828125,52.5,52.5,7.667
1765482598.1113641,99,24,23,20,32,3.7777862548828125,52.5,52.5,7.667
1765482598.3128,99,24,23,20,32,3.7777862548828125,52.5,52.5,7.667
1765482598.5152633,99,30,44,25,38,3.7779197692871094,52.5,53.0,7.894
1765482598.7167964,99,30,44,25,38,3.7779197692871094,52.5,53.0,7.894
1765482598.917841,63,28,30,23,25,3.778247833251953,51.5,52.5,5.644
1765482599.1205604,63,28,30,23,25,3.778247833251953,51.5,52.5,5.644
1765482599.3218083,63,28,30,23,25,3.778247833251953,51.5,52.5,5.644
1765482599.5235474,99,29,23,30,45,3.7793197631835938,52.5,53.5,8.054
1765482599.724615,99,29,23,30,45,3.7793197631835938,52.5,53.5,8.054
1765482599.9257033,99,24,32,31,25,3.7790374755859375,52.0,53.0,7.28
1765482600.1266215,99,24,32,31,25,3.7790374755859375,52.0,53.0,7.28
1765482600.3278713,99,24,32,31,25,3.7790374755859375,52.0,53.0,7.28
1765482600.5290217,99,27,38,22,26,3.779682159423828,53.0,52.5,7.707
1765482600.7304382,99,27,38,22,26,3.779682159423828,53.0,52.5,7.707
1765482600.9315991,99,51,39,44,37,3.7777786254882812,53.0,54.0,9.294
1765482601.1332455,99,51,39,44,37,3.7777786254882812,53.0,54.0,9.294
1765482601.3348722,99,51,39,44,37,3.7777786254882812,53.0,54.0,9.294
1765482601.5360765,21,20,14,29,14,3.7740440368652344,52.0,53.0,5.298
1765482601.7372117,21,20,14,29,14,3.7740440368652344,52.0,53.0,5.298
1765482601.9424071,99,52,32,38,32,3.775318145751953,52.5,52.5,7.627
1765482602.1450589,99,52,32,38,32,3.775318145751953,52.5,52.5,7.627
1765482602.3460703,99,52,32,38,32,3.775318145751953,52.5,52.5,7.627
1765482602.5472763,99,35,33,38,30,3.7754058837890625,52.0,54.0,6.821
1765482602.75043,99,35,33,38,30,3.7754058837890625,52.0,54.0,6.821
1765482602.9520502,99,20,22,22,36,3.7762489318847656,53.0,53.0,8.584
1765482603.153547,99,20,22,22,36,3.7762489318847656,53.0,53.0,8.584
1765482603.3553903,99,20,22,22,36,3.7762489318847656,53.0,53.0,8.584
1765482603.556581,99,26,21,43,38,3.7759971618652344,52.5,53.0,8.081
1765482603.758948,99,26,21,43,38,3.7759971618652344,52.5,53.0,8.081
1765482603.960218,99,31,22,20,28,3.776531219482422,52.5,52.0,5.886
1765482604.1612833,99,31,22,20,28,3.776531219482422,52.5,52.0,5.886
1765482604.3625455,99,31,22,20,28,3.776531219482422,52.5,52.0,5.886
1765482604.5655024,99,19,29,50,50,3.776714324951172,53.0,52.5,7.468
1765482604.7671466,99,19,29,50,50,3.776714324951172,53.0,52.5,7.468
1765482604.9684012,99,19,29,50,50,3.776714324951172,53.0,52.5,7.468
1765482605.169362,99,34,24,24,44,3.7780723571777344,52.5,53.5,7.707
1765482605.3717477,99,34,24,24,44,3.7780723571777344,52.5,53.5,7.707
1765482605.5735602,99,30,37,35,30,3.7775230407714844,52.5,53.0,7.587
1765482605.7751486,99,30,37,35,30,3.7775230407714844,52.5,53.0,7.587
1765482605.9761875,99,30,37,35,30,3.7775230407714844,52.5,53.0,7.587
1765482606.17824,99,32,50,32,40,3.7776565551757812,53.0,53.0,8.133
1765482606.379555,99,32,50,32,40,3.7776565551757812,53.0,53.0,8.133
1765482606.580694,40,31,26,26,26,3.778003692626953,52.5,53.5,6.269
1765482606.7818718,40,31,26,26,26,3.778003692626953,52.5,53.5,6.269
1765482606.9832246,40,31,26,26,26,3.778003692626953,52.5,53.5,6.269
1765482607.184818,99,46,15,26,26,3.7777099609375,53.0,53.0,8.2
1765482607.3858516,99,46,15,26,26,3.7777099609375,53.0,53.0,8.2
1765482607.5870242,99,25,27,35,43,3.778240203857422,52.5,53.0,7.787
1765482607.7879896,99,25,27,35,43,3.778240203857422,52.5,53.0,7.787
1765482607.9902349,99,25,27,35,43,3.778240203857422,52.5,53.0,7.787
1765482608.1914847,99,30,28,24,20,3.7783050537109375,53.0,53.0,8.16
1765482608.3926277,99,30,28,24,20,3.7783050537109375,53.0,53.0,8.16
1765482608.5937996,99,58,28,30,32,3.780323028564453,53.5,54.0,9.111
1765482608.7961218,99,58,28,30,32,3.780323028564453,53.5,54.0,9.111
1765482608.9976373,99,58,28,30,32,3.780323028564453,53.5,54.0,9.111
1765482609.1987221,82,27,23,17,8,3.7792129516601562,52.0,53.5,6.279
1765482609.399757,82,27,23,17,8,3.7792129516601562,52.0,53.5,6.279
1765482609.6012542,99,37,26,51,26,3.7794837951660156,53.0,53.0,7.28
1765482609.80269,99,37,26,51,26,3.7794837951660156,53.0,53.0,7.28
1765482610.0039613,99,37,26,51,26,3.7794837951660156,53.0,53.0,7.28
1765482610.205292,99,38,38,39,33,3.7800636291503906,52.5,55.0,7.32
1765482610.40732,99,38,38,39,33,3.7800636291503906,52.5,55.0,7.32
1765482610.6085453,99,20,33,22,16,3.7808151245117188,53.0,53.0,8.014
1765482610.8102584,99,20,33,22,16,3.7808151245117188,53.0,53.0,8.014
1765482611.011459,99,20,33,22,16,3.7808151245117188,53.0,53.0,8.014
1765482611.2125893,99,50,24,23,32,3.7806129455566406,53.0,53.0,8.014
1765482611.4145312,99,50,24,23,32,3.7806129455566406,53.0,53.0,8.014
1765482611.6159506,29,25,30,24,22,3.7804908752441406,52.5,52.5,5.258
1765482611.8174932,29,25,30,24,22,3.7804908752441406,52.5,52.5,5.258
1765482612.0188797,29,25,30,24,22,3.7804908752441406,52.5,52.5,5.258
1765482612.2209687,99,27,41,53,26,3.7811431884765625,53.0,53.0,8.28
1765482612.4244275,99,27,41,53,26,3.7811431884765625,53.0,53.0,8.28
1765482612.6263008,99,22,25,25,26,3.7812881469726562,52.5,55.0,6.85
1765482612.827575,99,22,25,25,26,3.7812881469726562,52.5,55.0,6.85
1765482613.0297093,99,22,25,25,26,3.7812881469726562,52.5,55.0,6.85
1765482613.2343717,99,42,35,24,31,3.7818031311035156,53.5,53.0,7.627
1765482613.437405,99,42,35,24,31,3.7818031311035156,53.5,53.0,7.627
1765482613.6396139,99,39,40,45,35,3.7827987670898438,52.5,53.5,8.2
1765482613.843863,99,39,40,45,35,3.7827987670898438,52.5,53.5,8.2
1765482614.0452354,99,39,40,45,35,3.7827987670898438,52.5,53.5,8.2
1765482614.2464504,99,21,28,18,23,3.7831153869628906,53.0,53.0,7.36
1765482614.4475172,99,21,28,18,23,3.7831153869628906,53.0,53.0,7.36
1765482614.6485717,99,21,28,18,23,3.7831153869628906,53.0,53.0,7.36
1765482614.849688,99,45,30,22,21,3.7825279235839844,53.0,53.0,7.814
1765482615.0507946,99,45,30,22,21,3.7825279235839844,53.0,53.0,7.814
1765482615.2522724,99,40,25,33,36,3.7834739685058594,52.5,54.5,7.171
1765482615.4535062,99,40,25,33,36,3.7834739685058594,52.5,54.5,7.171
1765482615.6549754,99,40,25,33,36,3.7834739685058594,52.5,54.5,7.171
1765482615.8576143,99,27,16,13,36,3.7836380004882812,53.0,53.0,7.627
1765482616.058787,99,27,16,13,36,3.7836380004882812,53.0,53.0,7.627
1765482616.2598164,99,62,24,22,22,3.7850303649902344,53.0,54.0,8.703
1765482616.4628475,99,62,24,22,22,3.7850303649902344,53.0,54.0,8.703
1765482616.6673563,99,62,24,22,22,3.7850303649902344,53.0,54.0,8.703
1765482616.8687623,99,23,14,17,24,3.784435272216797,52.5,52.5,5.411
1765482617.0702722,99,23,14,17,24,3.784435272216797,52.5,52.5,5.411
1765482617.2721698,99,49,45,32,44,3.784748077392578,53.0,53.0,7.667
1765482617.4743927,99,49,45,32,44,3.784748077392578,53.0,53.0,7.667
1765482617.6763978,99,49,45,32,44,3.784748077392578,53.0,53.0,7.667
1765482617.8775973,99,40,40,36,27,3.7846755981445312,53.0,54.5,7.507
1765482618.0792594,99,40,40,36,27,3.7846755981445312,53.0,54.5,7.507
1765482618.2806919,99,20,28,10,21,3.7849082946777344,53.5,53.5,7.587
1765482618.4820828,99,20,28,10,21,3.7849082946777344,53.5,53.5,7.587
1765482618.683853,99,20,28,10,21,3.7849082946777344,53.5,53.5,7.587
1765482618.885793,99,29,39,33,42,3.785144805908203,53.5,53.5,8.014
1765482619.087095,99,29,39,33,42,3.785144805908203,53.5,53.5,8.014
1765482619.2883832,83,28,32,29,20,3.7853622436523438,53.0,53.0,5.492
1765482619.4894578,83,28,32,29,20,3.7853622436523438,53.0,53.0,5.492
1765482619.6908114,83,28,32,29,20,3.7853622436523438,53.0,53.0,5.492
1765482619.8925245,99,43,37,23,39,3.7873992919921875,53.5,53.5,7.775
1765482620.093618,99,43,37,23,39,3.7873992919921875,53.5,53.5,7.775
1765482620.2947245,99,31,42,26,22,3.7866439819335938,53.0,54.5,7.28
1765482620.495853,99,31,42,26,22,3.7866439819335938,53.0,54.5,7.28
1765482620.6987994,99,31,42,26,22,3.7866439819335938,53.0,54.5,7.28
1765482620.90065,99,31,37,20,20,3.787586212158203,53.5,53.0,7.627
1765482621.1024044,99,31,37,20,20,3.787586212158203,53.5,53.0,7.627
1765482621.3035595,99,38,32,40,47,3.7874679565429688,53.5,53.5,8.439
1765482621.5055394,99,38,32,40,47,3.7874679565429688,53.5,53.5,8.439
1765482621.7069345,99,38,32,40,47,3.7874679565429688,53.5,53.5,8.439
1765482621.9083834,69,20,27,14,20,3.7881622314453125,52.5,53.5,5.886
1765482622.1107209,69,20,27,14,20,3.7881622314453125,52.5,53.5,5.886
1765482622.3125105,99,28,33,36,43,3.7872314453125,53.5,53.5,7.787
1765482622.5137026,99,28,33,36,43,3.7872314453125,53.5,53.5,7.787
1765482622.7152097,99,28,33,36,43,3.7872314453125,53.5,53.5,7.787
1765482622.9169006,99,61,32,24,31,3.774219512939453,53.0,54.5,7.787
1765482623.118223,99,61,32,24,31,3.774219512939453,53.0,54.5,7.787
1765482623.319258,99,27,28,23,21,3.7745742797851562,53.5,54.0,8.664
1765482623.5202925,99,27,28,23,21,3.7745742797851562,53.5,54.0,8.664
1765482623.722561,99,27,28,23,21,3.7745742797851562,53.5,54.0,8.664
1765482623.9235396,99,26,44,25,23,3.775787353515625,53.0,53.0,8.24
1765482624.1266088,99,26,44,25,23,3.775787353515625,53.0,53.0,8.24
1765482624.3278472,6,25,26,21,25,3.7767257690429688,52.5,53.5,5.136
1765482624.5290952,6,25,26,21,25,3.7767257690429688,52.5,53.5,5.136
1765482624.7313268,6,25,26,21,25,3.7767257690429688,52.5,53.5,5.136
1765482624.9352422,99,52,36,34,28,3.777477264404297,53.5,53.5,7.507
1765482625.1365921,99,52,36,34,28,3.777477264404297,53.5,53.5,7.507
1765482625.337866,99,52,36,34,28,3.777477264404297,53.5,53.5,7.507
1765482625.5400913,99,42,32,36,30,3.778850555419922,53.0,54.5,8.054
1765482625.742569,99,42,32,36,30,3.778850555419922,53.0,54.5,8.054
1765482625.943956,99,24,20,30,22,3.7780532836914062,53.5,53.5,7.747
1765482626.145401,99,24,20,30,22,3.7780532836914062,53.5,53.5,7.747
1765482626.3469129,99,24,20,30,22,3.7780532836914062,53.5,53.5,7.747
1765482626.5496957,99,45,34,36,30,3.7776641845703125,53.5,53.5,7.974
1765482626.7521572,99,45,34,36,30,3.7776641845703125,53.5,53.5,7.974
1765482626.9533672,44,30,22,28,23,3.778270721435547,53.0,53.5,5.957
1765482627.1548867,44,30,22,28,23,3.778270721435547,53.0,53.5,5.957
1765482627.3559418,44,30,22,28,23,3.778270721435547,53.0,53.5,5.957
1765482627.557567,99,22,46,21,26,3.77960205078125,53.5,53.5,8.399
1765482627.7588892,99,22,46,21,26,3.77960205078125,53.5,53.5,8.399
1765482627.9600096,99,48,26,33,26,3.778491973876953,53.5,54.0,7.934
1765482628.1612623,99,48,26,33,26,3.778491973876953,53.5,54.0,7.934
1765482628.3633592,99,48,26,33,26,3.778491973876953,53.5,54.0,7.934
1765482628.5645072,99,26,30,23,12,3.7789649963378906,54.0,54.0,8.133
1765482628.765632,99,26,30,23,12,3.7789649963378906,54.0,54.0,8.133
1765482628.9669352,99,32,48,32,45,3.7792816162109375,53.5,54.0,8.689
1765482629.1689312,99,32,48,32,45,3.7792816162109375,53.5,54.0,8.689
1765482629.3702884,99,32,48,32,45,3.7792816162109375,53.5,54.0,8.689
1765482629.5714793,89,20,22,15,25,3.77886962890625,53.5,54.0,6.781
1765482629.7730093,89,20,22,15,25,3.77886962890625,53.5,54.0,6.781
1765482629.9743724,99,50,28,38,29,3.7796669006347656,54.0,53.5,7.894
1765482630.1755927,99,50,28,38,29,3.7796669006347656,54.0,53.5,7.894
1765482630.3767292,99,50,28,38,29,3.7796669006347656,54.0,53.5,7.894
1765482630.5782201,99,42,33,34,38,3.779430389404297,53.5,54.5,7.707
1765482630.7803838,99,42,33,34,38,3.779430389404297,53.5,54.5,7.707
1765482630.9816515,99,24,27,27,21,3.7801971435546875,53.5,54.0,8.769
1765482631.1828282,99,24,27,27,21,3.7801971435546875,53.5,54.0,8.769
1765482631.3855147,99,24,27,27,21,3.7801971435546875,53.5,54.0,8.769
1765482631.5873647,99,53,23,16,19,3.7799110412597656,53.5,54.0,7.547
1765482631.7889354,99,53,23,16,19,3.7799110412597656,53.5,54.0,7.547
1765482631.990312,99,27,22,34,27,3.780609130859375,53.0,53.5,6.58
1765482632.191518,99,27,22,34,27,3.780609130859375,53.0,53.5,6.58
1765482632.392663,99,27,22,34,27,3.780609130859375,53.0,53.5,6.58
1765482632.595964,99,36,28,20,42,3.781017303466797,53.5,54.0,8.505
1765482632.7973537,99,36,28,20,42,3.781017303466797,53.5,54.0,8.505
1765482632.9987636,99,48,25,25,38,3.7817153930664062,53.5,54.5,8.624
1765482633.2008307,99,48,25,25,38,3.7817153930664062,53.5,54.5,8.624
1765482633.4032834,99,48,25,25,38,3.7817153930664062,53.5,54.5,8.624
1765482633.604615,99,26,26,17,20,3.7806167602539062,53.5,54.0,6.891
1765482633.8057554,99,26,26,17,20,3.7806167602539062,53.5,54.0,6.891
1765482634.0069132,99,41,62,31,37,3.781139373779297,53.5,54.0,7.974
1765482634.2087083,99,41,62,31,37,3.781139373779297,53.5,54.0,7.974
1765482634.409875,99,41,62,31,37,3.781139373779297,53.5,54.0,7.974
1765482634.6168516,0,34,40,28,24,3.7824630737304688,53.0,55.0,5.877
1765482634.819038,0,34,40,28,24,3.7824630737304688,53.0,55.0,5.877
1765482635.0208626,0,34,40,28,24,3.7824630737304688,53.0,55.0,5.877
1765482635.2224884,99,18,42,19,22,3.7814712524414062,54.0,54.0,8.054
1765482635.4237723,99,18,42,19,22,3.7814712524414062,54.0,54.0,8.054
1765482635.6253717,99,51,32,30,36,3.781200408935547,53.5,53.5,7.894
1765482635.826761,99,51,32,30,36,3.781200408935547,53.5,53.5,7.894
1765482636.0279458,99,51,32,30,36,3.781200408935547,53.5,53.5,7.894
1765482636.2290275,99,23,25,21,18,3.7812347412109375,53.5,53.5,6.971
1765482636.4300487,99,23,25,21,18,3.7812347412109375,53.5,53.5,6.971
1765482636.6311796,99,31,51,31,25,3.7821922302246094,54.0,54.5,8.16
1765482636.8330264,99,31,51,31,25,3.7821922302246094,54.0,54.5,8.16
1765482637.0342417,99,31,51,31,25,3.7821922302246094,54.0,54.5,8.16
1765482637.2357085,99,30,22,26,40,3.7819252014160156,53.0,54.5,6.511
1765482637.4384537,99,30,22,26,40,3.7819252014160156,53.0,54.5,6.511
1765482637.6407166,99,26,28,25,43,3.783008575439453,54.0,54.0,7.894
1765482637.8420267,99,26,28,25,43,3.783008575439453,54.0,54.0,7.894
1765482638.0431218,99,26,28,25,43,3.783008575439453,54.0,54.0,7.894
1765482638.2449446,99,48,33,50,41,3.783039093017578,54.0,54.5,8.664
1765482638.4471815,99,48,33,50,41,3.783039093017578,54.0,54.5,8.664
1765482638.6486604,99,22,20,24,10,3.7837448120117188,53.5,54.0,7.211
1765482638.849778,99,22,20,24,10,3.7837448120117188,53.5,54.0,7.211
1765482639.0515237,99,22,20,24,10,3.7837448120117188,53.5,54.0,7.211
1765482639.2530885,99,36,45,34,43,3.7831497192382812,54.0,54.5,8.014
1765482639.4542305,99,36,45,34,43,3.7831497192382812,54.0,54.5,8.014
1765482639.6565566,99,24,32,40,31,3.7834548950195312,53.5,55.0,7.28
1765482639.859423,99,24,32,40,31,3.7834548950195312,53.5,55.0,7.28
1765482640.0608346,99,24,32,40,31,3.7834548950195312,53.5,55.0,7.28
1765482640.2620275,99,28,29,25,31,3.784473419189453,54.0,54.5,8.399
1765482640.4630437,99,28,29,25,31,3.784473419189453,54.0,54.5,8.399
1765482640.6639795,99,22,24,51,19,3.784862518310547,54.0,54.0,8.094
1765482640.8676467,99,22,24,51,19,3.784862518310547,54.0,54.0,8.094
1765482641.0703328,99,22,24,51,19,3.784862518310547,54.0,54.0,8.094
1765482641.2720354,74,29,24,21,27,3.7845687866210938,53.0,53.5,5.217
1765482641.4730754,74,29,24,21,27,3.7845687866210938,53.0,53.5,5.217
1765482641.6750185,99,30,63,28,32,3.7845535278320312,54.0,54.0,7.52
1765482641.8772254,99,30,63,28,32,3.7845535278320312,54.0,54.0,7.52
1765482642.0789356,99,30,63,28,32,3.7845535278320312,54.0,54.0,7.52
1765482642.2800941,99,32,36,34,28,3.7853660583496094,53.5,55.0,8.2
1765482642.4821508,99,32,36,34,28,3.7853660583496094,53.5,55.0,8.2
1765482642.683543,99,22,21,30,28,3.7846107482910156,54.0,54.0,7.775
1765482642.8846104,99,22,21,30,28,3.7846107482910156,54.0,54.0,7.775
1765482643.0858042,99,22,21,30,28,3.7846107482910156,54.0,54.0,7.775
1765482643.2869804,99,29,53,36,29,3.784954071044922,54.0,54.5,8.054
1765482643.4882743,99,29,53,36,29,3.784954071044922,54.0,54.5,8.054
1765482643.689374,84,24,30,34,31,3.785144805908203,53.5,54.5,7.011
1765482643.8912835,84,24,30,34,31,3.785144805908203,53.5,54.5,7.011
1765482644.0929294,84,24,30,34,31,3.785144805908203,53.5,54.5,7.011
1765482644.2944102,99,31,20,41,27,3.7858848571777344,54.5,55.0,8.703
1765482644.4954371,99,31,20,41,27,3.7858848571777344,54.5,55.0,8.703
1765482644.6966376,99,24,29,21,54,3.785552978515625,54.0,54.5,7.894
1765482644.8977108,99,24,29,21,54,3.785552978515625,54.0,54.5,7.894
1765482645.099227,99,24,29,21,54,3.785552978515625,54.0,54.5,7.894
1765482645.3004668,99,20,27,22,21,3.784923553466797,54.0,54.0,7.36
1765482645.50166,99,20,27,22,21,3.784923553466797,54.0,54.0,7.36
1765482645.7026088,99,20,27,22,21,3.784923553466797,54.0,54.0,7.36
1765482645.904324,99,27,50,40,26,3.785411834716797,54.5,55.0,8.729
1765482646.1054618,99,27,50,40,26,3.785411834716797,54.5,55.0,8.729
1765482646.3066938,11,20,18,12,24,3.784923553466797,53.5,54.0,6.159
1765482646.5079186,11,20,18,12,24,3.784923553466797,53.5,54.0,6.159
1765482646.7096276,11,20,18,12,24,3.784923553466797,53.5,54.0,6.159
1765482646.9109728,99,38,30,44,33,3.7850723266601562,54.0,54.5,8.173
1765482647.1121933,99,38,30,44,33,3.7850723266601562,54.0,54.5,8.173
1765482647.3142445,99,34,41,63,27,3.785320281982422,54.0,54.5,8.094
1765482647.5158474,99,34,41,63,27,3.785320281982422,54.0,54.5,8.094
1765482647.7171493,99,34,41,63,27,3.785320281982422,54.0,54.5,8.094
1765482647.9208896,99,25,16,14,22,3.786121368408203,54.0,54.0,7.28
1765482648.1228995,99,25,16,14,22,3.786121368408203,54.0,54.0,7.28
1765482648.3242266,99,24,28,24,53,3.785186767578125,54.5,54.5,7.974
1765482648.5255566,99,24,28,24,53,3.785186767578125,54.5,54.5,7.974
1765482648.7269256,99,24,28,24,53,3.785186767578125,54.5,54.5,7.974
1765482648.9282844,99,33,38,34,30,3.78564453125,53.5,55.0,7.547
1765482649.129626,99,33,38,34,30,3.78564453125,53.5,55.0,7.547
1765482649.3309093,99,37,25,26,30,3.7854461669921875,54.5,54.0,7.854
1765482649.5324717,99,37,25,26,30,3.7854461669921875,54.5,54.0,7.854
1765482649.7337172,99,37,25,26,30,3.7854461669921875,54.5,54.0,7.854
1765482649.9350467,99,25,56,22,18,3.785686492919922,54.5,55.0,8.479
1765482650.1369932,99,25,56,22,18,3.785686492919922,54.5,55.0,8.479
1765482650.3382237,62,24,18,18,24,3.785675048828125,53.5,54.0,4.982
1765482650.5393875,62,24,18,18,24,3.785675048828125,53.5,54.0,4.982
1765482650.7403572,62,24,18,18,24,3.785675048828125,53.5,54.0,4.982
1765482650.9433577,99,36,29,38,49,3.785411834716797,54.5,54.5,7.854
1765482651.1447825,99,36,29,38,49,3.785411834716797,54.5,54.5,7.854
1765482651.3460042,99,39,32,43,35,3.78619384765625,54.0,55.0,8.28
1765482651.5474105,99,39,32,43,35,3.78619384765625,54.0,55.0,8.28
1765482651.749012,99,39,32,43,35,3.78619384765625,54.0,55.0,8.28
1765482651.9502683,99,24,32,18,23,3.78521728515625,54.5,54.5,7.934
1765482652.1513646,99,24,32,18,23,3.78521728515625,54.5,54.5,7.934
1765482652.352668,99,35,24,38,49,3.7852020263671875,54.0,54.0,7.934
1765482652.553809,99,35,24,38,49,3.7852020263671875,54.0,54.0,7.934
1765482652.7552128,99,35,24,38,49,3.7852020263671875,54.0,54.0,7.934
1765482652.9563935,76,35,26,24,29,3.7857589721679688,54.0,55.0,6.078
1765482653.1595986,76,35,26,24,29,3.7857589721679688,54.0,55.0,6.078
1765482653.361155,99,26,33,48,24,3.786304473876953,54.5,54.5,8.544
1765482653.5635953,99,26,33,48,24,3.786304473876953,54.5,54.5,8.544
1765482653.76513,99,26,33,48,24,3.786304473876953,54.5,54.5,8.544
1765482653.9662986,99,47,28,31,25,3.785625457763672,54.5,55.0,8.014
1765482654.1676493,99,47,28,31,25,3.785625457763672,54.5,55.0,8.014
1765482654.3688102,99,47,28,31,25,3.785625457763672,54.5,55.0,8.014
1765482654.5701447,99,20,22,16,28,3.785785675048828,54.5,54.0,7.211
1765482654.771265,99,20,22,16,28,3.785785675048828,54.5,54.0,7.211
1765482654.973013,99,44,30,50,28,3.78594970703125,54.5,54.5,8.24
1765482655.1760936,99,44,30,50,28,3.78594970703125,54.5,54.5,8.24
1765482655.3775747,99,44,30,50,28,3.78594970703125,54.5,54.5,8.24
1765482655.5786595,99,23,25,30,32,3.786346435546875,54.0,55.0,7.4
1765482655.7805457,99,23,25,30,32,3.786346435546875,54.0,55.0,7.4
1765482655.982757,99,27,31,28,43,3.7855758666992188,54.5,54.5,7.775
1765482656.1844516,99,27,31,28,43,3.7855758666992188,54.5,54.5,7.775
1765482656.386194,99,27,31,28,43,3.7855758666992188,54.5,54.5,7.775
1765482656.587614,99,51,34,39,32,3.7856597900390625,54.5,54.5,7.894
1765482656.7925575,99,51,34,39,32,3.7856597900390625,54.5,54.5,7.894
1765482656.9937012,99,20,30,26,22,3.7865333557128906,54.5,54.5,6.661
1765482657.195179,99,20,30,26,22,3.7865333557128906,54.5,54.5,6.661
1765482657.3972862,99,20,30,26,22,3.7865333557128906,54.5,54.5,6.661
1765482657.5987701,99,44,20,26,26,3.7861328125,54.5,54.5,7.547
1765482657.7997186,99,44,20,26,26,3.7861328125,54.5,54.5,7.547
1765482658.0007749,99,31,34,28,50,3.781635284423828,54.5,54.5,7.934
1765482658.20172,99,31,34,28,50,3.781635284423828,54.5,54.5,7.934
1765482658.4032454,99,31,34,28,50,3.781635284423828,54.5,54.5,7.934
1765482658.6044893,99,29,21,32,24,3.7853240966796875,55.0,54.5,8.081
1765482658.8056154,99,29,21,32,24,3.7853240966796875,55.0,54.5,8.081
1765482659.0065653,99,22,26,36,42,3.7859039306640625,55.0,55.0,8.888
1765482659.2079673,99,22,26,36,42,3.7859039306640625,55.0,55.0,8.888
1765482659.409119,99,22,26,36,42,3.7859039306640625,55.0,55.0,8.888
1765482659.6104405,94,14,16,21,29,3.7852783203125,54.5,54.5,6.54
1765482659.8116956,94,14,16,21,29,3.7852783203125,54.5,54.5,6.54
1765482660.018183,99,50,36,33,33,3.7859458923339844,55.0,55.0,7.974
1765482660.2201316,99,50,36,33,33,3.7859458923339844,55.0,55.0,7.974
1765482660.421511,99,50,36,33,33,3.7859458923339844,55.0,55.0,7.974
1765482660.622973,99,39,37,36,44,3.7862167358398438,54.5,55.5,8.24
1765482660.8262446,99,39,37,36,44,3.7862167358398438,54.5,55.5,8.24
1765482661.0279112,99,24,22,12,8,3.7866783142089844,54.5,55.0,8.319
1765482661.2316988,99,24,22,12,8,3.7866783142089844,54.5,55.0,8.319
1765482661.4333515,99,24,22,12,8,3.7866783142089844,54.5,55.0,8.319
1765482661.6347713,99,40,25,39,32,3.7860984802246094,54.5,54.5,7.44
1765482661.8359993,99,40,25,39,32,3.7860984802246094,54.5,54.5,7.44
1765482662.0393326,99,30,36,18,26,3.7869873046875,54.5,55.0,6.038
1765482662.240968,99,30,36,18,26,3.7869873046875,54.5,55.0,6.038
1765482662.4422345,99,30,36,18,26,3.7869873046875,54.5,55.0,6.038
1765482662.6445272,99,52,27,27,26,3.7873306274414062,55.0,55.5,8.967
1765482662.846076,99,52,27,27,26,3.7873306274414062,55.0,55.5,8.967
1765482663.0471752,99,18,37,22,29,3.787109375,54.5,55.0,7.587
1765482663.2483795,99,18,37,22,29,3.787109375,54.5,55.0,7.587
1765482663.449876,99,18,37,22,29,3.787109375,54.5,55.0,7.587
1765482663.6510623,99,23,28,23,27,3.787281036376953,54.5,54.5,7.36
1765482663.852274,99,23,28,23,27,3.787281036376953,54.5,54.5,7.36
1765482664.0539649,99,37,30,27,64,3.7868804931640625,55.0,55.0,8.16
1765482664.256652,99,37,30,27,64,3.7868804931640625,55.0,55.0,8.16
1765482664.4581838,99,37,30,27,64,3.7868804931640625,55.0,55.0,8.16
1765482664.6627798,99,24,24,20,36,3.787769317626953,54.5,55.5,7.011
1765482664.864445,99,24,24,20,36,3.787769317626953,54.5,55.5,7.011
1765482665.0661,99,24,24,20,36,3.787769317626953,54.5,55.5,7.011
1765482665.2670715,99,27,45,18,28,3.7871627807617188,55.0,55.0,7.854
1765482665.4682567,99,27,45,18,28,3.7871627807617188,55.0,55.0,7.854
1765482665.670473,99,48,34,44,33,3.7867355346679688,54.5,54.5,7.974
1765482665.8719149,99,48,34,44,33,3.7867355346679688,54.5,54.5,7.974
1765482666.0727942,99,48,34,44,33,3.7867355346679688,54.5,54.5,7.974
1765482666.2737765,99,24,25,21,25,3.7875022888183594,54.5,55.0,6.47
1765482666.4761941,99,24,25,21,25,3.7875022888183594,54.5,55.0,6.47
1765482666.677623,99,28,22,33,46,3.7880821228027344,55.0,55.0,7.974
1765482666.8803985,99,28,22,33,46,3.7880821228027344,55.0,55.0,7.974
1765482667.085311,99,28,22,33,46,3.7880821228027344,55.0,55.0,7.974
1765482667.2877064,99,24,27,32,44,3.787433624267578,54.5,54.5,7.787
1765482667.4896767,99,24,27,32,44,3.787433624267578,54.5,54.5,7.787
1765482667.6926937,99,18,25,18,26,3.787029266357422,55.0,55.0,8.319
1765482667.8943923,99,18,25,18,26,3.787029266357422,55.0,55.0,8.319
1765482668.0954652,99,18,25,18,26,3.787029266357422,55.0,55.0,8.319
1765482668.2977462,99,63,34,27,35,3.787220001220703,55.0,55.0,8.24
1765482668.5003648,99,63,34,27,35,3.787220001220703,55.0,55.0,8.24
1765482668.7018032,58,17,21,14,32,3.7871017456054688,54.5,54.5,6.118
1765482668.9028566,58,17,21,14,32,3.7871017456054688,54.5,54.5,6.118
1765482669.1049597,58,17,21,14,32,3.7871017456054688,54.5,54.5,6.118
1765482669.308558,99,43,39,40,27,3.787311553955078,55.0,55.0,7.974
1765482669.5100985,99,43,39,40,27,3.787311553955078,55.0,55.0,7.974
1765482669.711336,99,40,54,38,32,3.7869834899902344,54.5,55.5,8.054
1765482669.9134982,99,40,54,38,32,3.7869834899902344,54.5,55.5,8.054
1765482670.1148007,99,40,54,38,32,3.7869834899902344,54.5,55.5,8.054
1765482670.316862,99,23,19,22,20,3.7879676818847656,54.5,55.0,7.787
1765482670.518346,99,23,19,22,20,3.7879676818847656,54.5,55.0,7.787
1765482670.7199285,99,22,24,23,54,3.787567138671875,55.0,55.0,7.587
1765482670.9212048,99,22,24,23,54,3.787567138671875,55.0,55.0,7.587
1765482671.1222384,99,22,24,23,54,3.787567138671875,55.0,55.0,7.587
1765482671.3232698,99,28,33,25,43,3.787761688232422,54.0,55.5,7.32
1765482671.5243874,99,28,33,25,43,3.787761688232422,54.0,55.5,7.32
1765482671.7259347,99,25,18,33,38,3.7877578735351562,55.5,55.0,7.854
1765482671.927592,99,25,18,33,38,3.7877578735351562,55.5,55.0,7.854
1765482672.1294503,99,25,18,33,38,3.7877578735351562,55.5,55.0,7.854
1765482672.330991,99,27,25,40,20,3.7883224487304688,55.0,55.5,8.465
1765482672.5337088,99,27,25,40,20,3.7883224487304688,55.0,55.5,8.465
1765482672.7355523,0,22,31,18,18,3.7877845764160156,54.0,54.5,5.564
1765482672.9370854,0,22,31,18,18,3.7877845764160156,54.0,54.5,5.564
1765482673.1384199,0,22,31,18,18,3.7877845764160156,54.0,54.5,5.564
1765482673.3407214,99,29,59,32,33,3.7878265380859375,55.0,55.0,8.2
1765482673.5431364,99,29,59,32,33,3.7878265380859375,55.0,55.0,8.2
1765482673.748703,99,26,30,32,51,3.788341522216797,54.5,55.5,8.054
1765482673.9533272,99,26,30,32,51,3.788341522216797,54.5,55.5,8.054
1765482674.1555893,99,26,30,32,51,3.788341522216797,54.5,55.5,8.054
1765482674.3567379,99,26,16,19,26,3.788440704345703,55.0,55.0,7.787
1765482674.5583708,99,26,16,19,26,3.788440704345703,55.0,55.0,7.787
1765482674.7595906,99,26,16,19,26,3.788440704345703,55.0,55.0,7.787
1765482674.9608748,99,30,34,60,30,3.7879676818847656,55.0,55.0,7.894
1765482675.1623356,99,30,34,60,30,3.7879676818847656,55.0,55.0,7.894
1765482675.3635263,45,30,36,25,25,3.7879371643066406,54.5,55.5,6.43
1765482675.5647364,45,30,36,25,25,3.7879371643066406,54.5,55.5,6.43
1765482675.7657647,45,30,36,25,25,3.7879371643066406,54.5,55.5,6.43
1765482675.967727,99,21,28,29,47,3.7888031005859375,55.5,55.5,8.624
1765482676.1716459,99,21,28,29,47,3.7888031005859375,55.5,55.5,8.624
1765482676.3729277,99,35,21,46,26,3.788043975830078,55.0,56.0,8.014
1765482676.5745003,99,35,21,46,26,3.788043975830078,55.0,56.0,8.014
1765482676.7758486,99,35,21,46,26,3.788043975830078,55.0,56.0,8.014
1765482676.9769282,99,20,24,22,20,3.7879905700683594,55.0,55.0,7.32
1765482677.1783066,99,20,24,22,20,3.7879905700683594,55.0,55.0,7.32
1765482677.381046,99,36,23,59,31,3.787994384765625,55.5,55.0,7.894
1765482677.5847676,99,36,23,59,31,3.787994384765625,55.5,55.0,7.894
1765482677.7862518,99,36,23,59,31,3.787994384765625,55.5,55.0,7.894
1765482677.990908,99,24,31,31,20,3.788127899169922,54.5,55.5,7.36
1765482678.1936014,99,24,31,31,20,3.788127899169922,54.5,55.5,7.36
1765482678.396106,99,34,46,27,25,3.787830352783203,55.0,55.5,8.094
1765482678.5972986,99,34,46,27,25,3.787830352783203,55.0,55.5,8.094
1765482678.7984297,99,34,46,27,25,3.787830352783203,55.0,55.5,8.094
1765482679.0001333,99,32,49,45,34,3.7883758544921875,55.0,55.5,7.974
1765482679.2016714,99,32,49,45,34,3.7883758544921875,55.0,55.5,7.974
1765482679.402602,99,26,25,24,28,3.7886734008789062,55.0,55.5,7.091
1765482679.603638,99,26,25,24,28,3.7886734008789062,55.0,55.5,7.091
1765482679.8050098,99,26,25,24,28,3.7886734008789062,55.0,55.5,7.091
1765482680.006554,99,21,22,20,48,3.7886581420898438,55.0,55.0,7.547
1765482680.2077036,99,21,22,20,48,3.7886581420898438,55.0,55.0,7.547
1765482680.408938,99,40,25,25,42,3.7889556884765625,55.0,55.5,7.974
1765482680.6102116,99,40,25,25,42,3.7889556884765625,55.0,55.5,7.974
1765482680.8124092,99,40,25,25,42,3.7889556884765625,55.0,55.5,7.974
1765482681.013825,99,31,22,26,24,3.7887420654296875,55.5,55.0,8.014
1765482681.215089,99,31,22,26,24,3.7887420654296875,55.5,55.0,8.014
1765482681.4203725,99,24,31,32,49,3.7893295288085938,55.5,55.5,8.624
1765482681.6220434,99,24,31,32,49,3.7893295288085938,55.5,55.5,8.624
1765482681.8230674,99,24,31,32,49,3.7893295288085938,55.5,55.5,8.624
1765482682.0241694,45,33,18,25,20,3.7884063720703125,54.5,55.5,6.58
1765482682.225597,45,33,18,25,20,3.7884063720703125,54.5,55.5,6.58
1765482682.4270184,99,52,33,26,40,3.7886810302734375,55.5,55.5,8.014
1765482682.6295211,99,52,33,26,40,3.7886810302734375,55.5,55.5,8.014
1765482682.8313935,99,52,33,26,40,3.7886810302734375,55.5,55.5,8.014
1765482683.0328069,99,41,50,42,37,3.7887611389160156,55.5,55.5,8.584
1765482683.2372284,99,41,50,42,37,3.7887611389160156,55.5,55.5,8.584
1765482683.438582,99,16,16,13,28,3.789081573486328,55.5,55.5,7.707
1765482683.639682,99,16,16,13,28,3.789081573486328,55.5,55.5,7.707
1765482683.8418448,99,16,16,13,28,3.789081573486328,55.5,55.5,7.707
1765482684.0445042,99,38,29,23,36,3.7888145446777344,55.0,55.0,7.4
1765482684.2457433,99,38,29,23,36,3.7888145446777344,55.0,55.0,7.4
1765482684.447476,99,38,29,23,36,3.7888145446777344,55.0,55.0,7.4
1765482684.655944,60,33,34,24,24,3.7889328002929688,54.5,55.5,6.31
1765482684.8575842,60,33,34,24,24,3.7889328002929688,54.5,55.5,6.31
1765482685.0596561,99,20,33,45,25,3.7892112731933594,55.5,55.5,8.848
1765482685.265687,99,20,33,45,25,3.7892112731933594,55.5,55.5,8.848
1765482685.4666846,99,22,26,50,16,3.788928985595703,55.0,55.5,8.041
1765482685.6680408,99,22,26,50,16,3.788928985595703,55.0,55.5,8.041
1765482685.8700385,99,22,26,50,16,3.788928985595703,55.0,55.5,8.041
1765482686.071501,99,20,20,29,24,3.7889747619628906,54.5,55.0,5.806
1765482686.2726214,99,20,20,29,24,3.7889747619628906,54.5,55.0,5.806
1765482686.4736574,99,20,20,29,24,3.7889747619628906,54.5,55.0,5.806
1765482686.6759496,99,34,31,60,34,3.7892189025878906,55.5,55.5,7.747
1765482686.8778496,99,34,31,60,34,3.7892189025878906,55.5,55.5,7.747
1765482687.0793152,99,41,28,30,28,3.7893714904785156,55.0,56.0,8.319
1765482687.2812912,99,41,28,30,28,3.7893714904785156,55.0,56.0,8.319
1765482687.4828086,99,41,28,30,28,3.7893714904785156,55.0,56.0,8.319
1765482687.684011,99,42,25,18,14,3.7888031005859375,55.0,55.5,7.854
1765482687.885164,99,42,25,18,14,3.7888031005859375,55.0,55.5,7.854
1765482688.0861537,99,48,28,38,38,3.789264678955078,55.5,56.0,8.054
1765482688.2880306,99,48,28,38,38,3.789264678955078,55.5,56.0,8.054
1765482688.4890544,99,48,28,38,38,3.789264678955078,55.5,56.0,8.054
1765482688.690416,79,38,24,26,27,3.7884483337402344,55.0,56.0,6.971
1765482688.8928568,79,38,24,26,27,3.7884483337402344,55.0,56.0,6.971
1765482689.0946276,99,34,25,39,20,3.7889251708984375,55.5,56.0,8.624
1765482689.2957506,99,34,25,39,20,3.7889251708984375,55.5,56.0,8.624
1765482689.496838,99,34,25,39,20,3.7889251708984375,55.5,56.0,8.624
1765482689.6979513,99,43,26,19,41,3.789031982421875,55.5,56.0,7.934
1765482689.899293,99,43,26,19,41,3.789031982421875,55.5,56.0,7.934
1765482690.102056,99,33,22,27,22,3.789318084716797,55.5,55.5,7.4
1765482690.3030944,99,33,22,27,22,3.789318084716797,55.5,55.5,7.4
1765482690.5042799,99,33,22,27,22,3.789318084716797,55.5,55.5,7.4
1765482690.706548,99,24,33,47,24,3.7901573181152344,55.5,56.0,8.094
1765482690.9093988,99,24,33,47,24,3.7901573181152344,55.5,56.0,8.094
1765482691.110852,99,20,30,18,33,3.7896080017089844,55.0,55.5,6.821
1765482691.3121452,99,20,30,18,33,3.7896080017089844,55.0,55.5,6.821
1765482691.514325,99,20,30,18,33,3.7896080017089844,55.0,55.5,6.821
1765482691.715789,99,35,30,30,42,3.789142608642578,55.5,56.0,7.934
1765482691.917152,99,35,30,30,42,3.789142608642578,55.5,56.0,7.934
1765482692.118728,99,34,44,53,36,3.7892608642578125,55.5,55.5,8.359
1765482692.321175,99,34,44,53,36,3.7892608642578125,55.5,55.5,8.359
1765482692.5227451,99,34,44,53,36,3.7892608642578125,55.5,55.5,8.359
1765482692.7240098,99,26,20,18,26,3.790019989013672,54.5,56.0,6.741
1765482692.925174,99,26,20,18,26,3.790019989013672,54.5,56.0,6.741
1765482693.1266718,99,33,22,45,30,3.7895431518554688,55.5,55.5,7.36
1765482693.3278873,99,33,22,45,30,3.7895431518554688,55.5,55.5,7.36
1765482693.528898,99,33,22,45,30,3.7895431518554688,55.5,55.5,7.36
1765482693.730702,99,41,29,31,36,3.789813995361328,55.5,56.5,7.974
1765482693.9320257,99,41,29,31,36,3.789813995361328,55.5,56.5,7.974
1765482694.1332994,99,41,29,31,36,3.789813995361328,55.5,56.5,7.974
1765482694.3345025,99,26,52,25,26,3.7797927856445312,55.5,56.5,9.27
1765482694.5356216,99,26,52,25,26,3.7797927856445312,55.5,56.5,9.27
1765482694.7365322,99,50,21,32,25,3.7741432189941406,55.5,56.0,8.544
1765482694.9387524,99,50,21,32,25,3.7741432189941406,55.5,56.0,8.544
1765482695.1400435,99,50,21,32,25,3.7741432189941406,55.5,56.0,8.544
1765482695.3412619,86,28,30,18,23,3.7737655639648438,54.5,55.0,6.43
1765482695.5426173,86,28,30,18,23,3.7737655639648438,54.5,55.0,6.43
1765482695.7448256,99,32,50,25,23,3.7735061645507812,55.5,56.0,8.16
1765482695.9461806,99,32,50,25,23,3.7735061645507812,55.5,56.0,8.16
1765482696.1473932,99,32,50,25,23,3.7735061645507812,55.5,56.0,8.16
1765482696.3488383,99,32,36,55,37,3.7739219665527344,55.5,56.5,8.584
1765482696.5515943,99,32,36,55,37,3.7739219665527344,55.5,56.5,8.584
1765482696.7527728,99,32,16,16,16,3.7735061645507812,55.5,56.0,7.667
1765482696.9537714,99,32,16,16,16,3.7735061645507812,55.5,56.0,7.667
1765482697.1564283,99,32,16,16,16,3.7735061645507812,55.5,56.0,7.667
1765482697.3583286,99,33,26,37,53,3.7731971740722656,56.0,56.0,7.44
1765482697.5593987,99,33,26,37,53,3.7731971740722656,56.0,56.0,7.44
1765482697.7605455,38,34,24,28,31,3.7735023498535156,55.5,56.5,6.821
1765482697.9627614,38,34,24,28,31,3.7735023498535156,55.5,56.5,6.821
1765482698.1645913,38,34,24,28,31,3.7735023498535156,55.5,56.5,6.821
1765482698.3672314,99,28,18,35,30,3.7740211486816406,56.0,56.0,8.743
1765482698.5685523,99,28,18,35,30,3.7740211486816406,56.0,56.0,8.743
1765482698.769686,99,30,56,21,21,3.773357391357422,55.5,56.0,7.934
1765482698.9708102,99,30,56,21,21,3.773357391357422,55.5,56.0,7.934
1765482699.1734264,99,30,56,21,21,3.773357391357422,55.5,56.0,7.934
1765482699.3755114,99,29,25,24,20,3.7735214233398438,55.5,55.0,5.886
1765482699.5766072,99,29,25,24,20,3.7735214233398438,55.5,55.0,5.886
1765482699.7786143,99,52,34,32,26,3.7735061645507812,56.0,56.0,7.707
1765482699.9828098,99,52,34,32,26,3.7735061645507812,56.0,56.0,7.707
1765482700.1844609,99,52,34,32,26,3.7735061645507812,56.0,56.0,7.707
1765482700.3854506,99,30,46,23,26,3.7742462158203125,55.5,56.5,8.319
1765482700.5869083,99,30,46,23,26,3.7742462158203125,55.5,56.5,8.319
1765482700.7885962,99,32,28,25,20,3.773479461669922,55.5,56.0,7.974
1765482700.9926527,99,32,28,25,20,3.773479461669922,55.5,56.0,7.974
1765482701.1941323,99,32,28,25,20,3.773479461669922,55.5,56.0,7.974
1765482701.3955681,99,38,45,42,36,3.7733612060546875,56.0,56.0,8.24
1765482701.5967968,99,38,45,42,36,3.7733612060546875,56.0,56.0,8.24
1765482701.7981772,57,28,14,20,33,3.7743911743164062,55.0,56.5,6.199
1765482702.0022147,57,28,14,20,33,3.7743911743164062,55.0,56.5,6.199
1765482702.2044954,57,28,14,20,33,3.7743911743164062,55.0,56.5,6.199
1765482702.4061036,99,28,20,40,22,3.7733993530273438,56.0,56.0,7.934
1765482702.6073031,99,28,20,40,22,3.7733993530273438,56.0,56.0,7.934
1765482702.808323,99,44,20,49,30,3.7740516662597656,55.5,56.5,7.974
1765482703.0095723,99,44,20,49,30,3.7740516662597656,55.5,56.5,7.974
1765482703.2111928,99,44,20,49,30,3.7740516662597656,55.5,56.5,7.974
1765482703.4126356,99,22,22,25,28,3.7733688354492188,55.5,56.0,7.667
1765482703.6138144,99,22,22,25,28,3.7733688354492188,55.5,56.0,7.667
1765482703.8149176,99,28,39,29,48,3.7751312255859375,56.0,56.5,8.425
1765482704.0170467,99,28,39,29,48,3.7751312255859375,56.0,56.5,8.425
1765482704.2182913,99,28,39,29,48,3.7751312255859375,56.0,56.5,8.425
1765482704.4197888,74,34,14,14,27,3.7738380432128906,55.5,56.0,6.199
1765482704.6213639,74,34,14,14,27,3.7738380432128906,55.5,56.0,6.199
1765482704.8225217,74,34,14,14,27,3.7738380432128906,55.5,56.0,6.199
1765482705.0248954,99,42,37,37,36,3.7742385864257812,56.0,56.0,8.16
1765482705.2265062,99,42,37,37,36,3.7742385864257812,56.0,56.0,8.16
1765482705.4278822,99,43,35,36,38,3.774547576904297,56.0,57.0,8.24
1765482705.6303544,99,43,35,36,38,3.774547576904297,56.0,57.0,8.24
1765482705.8316185,99,43,35,36,38,3.774547576904297,56.0,57.0,8.24
1765482706.03296,99,28,16,21,21,3.7749786376953125,56.0,56.5,7.667
1765482706.234461,99,28,16,21,21,3.7749786376953125,56.0,56.5,7.667
1765482706.43666,99,28,26,28,56,3.774547576904297,56.0,56.0,7.547
1765482706.6379914,99,28,26,28,56,3.774547576904297,56.0,56.0,7.547
1765482706.8407173,99,28,26,28,56,3.774547576904297,56.0,56.0,7.547
1765482707.042724,50,38,20,29,16,3.7747459411621094,55.5,56.0,5.957
1765482707.2440708,50,38,20,29,16,3.7747459411621094,55.5,56.0,5.957
1765482707.4460988,99,28,32,25,48,3.7750320434570312,56.0,56.5,8.689
1765482707.647141,99,28,32,25,48,3.7750320434570312,56.0,56.5,8.689
1765482707.8482678,99,28,32,25,48,3.7750320434570312,56.0,56.5,8.689
1765482708.0509233,99,42,22,36,21,3.774425506591797,56.0,56.0,8.041
1765482708.2537477,99,42,22,36,21,3.774425506591797,56.0,56.0,8.041
1765482708.45565,99,19,26,20,14,3.7743072509765625,56.0,56.0,6.861
1765482708.6567771,99,19,26,20,14,3.7743072509765625,56.0,56.0,6.861
1765482708.858162,99,19,26,20,14,3.7743072509765625,56.0,56.0,6.861
1765482709.0595827,99,42,33,19,60,3.7751083374023438,56.0,56.0,7.747
1765482709.2607338,99,42,33,19,60,3.7751083374023438,56.0,56.0,7.747
1765482709.4620438,99,35,33,39,41,3.775501251220703,56.0,57.0,8.2
1765482709.6634715,99,35,33,39,41,3.775501251220703,56.0,57.0,8.2
1765482709.8656657,99,35,33,39,41,3.775501251220703,56.0,57.0,8.2
1765482710.0670195,99,20,17,21,32,3.774658203125,56.0,56.5,7.707
1765482710.268055,99,20,17,21,32,3.774658203125,56.0,56.5,7.707
1765482710.469249,99,35,39,50,32,3.775012969970703,56.0,56.5,8.094
1765482710.6714344,99,35,39,50,32,3.775012969970703,56.0,56.5,8.094
1765482710.8726203,99,35,39,50,32,3.775012969970703,56.0,56.5,8.094
1765482711.0737367,96,32,27,19,22,3.7752227783203125,55.5,56.0,6.118
1765482711.2755463,96,32,27,19,22,3.7752227783203125,55.5,56.0,6.118
1765482711.476803,99,55,23,23,22,3.7757835388183594,56.0,56.5,8.346
1765482711.6795278,99,55,23,23,22,3.7757835388183594,56.0,56.5,8.346
1765482711.8809652,99,55,23,23,22,3.7757835388183594,56.0,56.5,8.346
1765482712.0826647,99,26,23,17,57,3.775043487548828,55.5,56.5,7.814
1765482712.2841103,99,26,23,17,57,3.775043487548828,55.5,56.5,7.814
1765482712.485585,99,20,24,27,24,3.7753219604492188,56.0,56.0,8.081
1765482712.6867359,99,20,24,27,24,3.7753219604492188,56.0,56.0,8.081
1765482712.8878434,99,20,24,27,24,3.7753219604492188,56.0,56.0,8.081
1765482713.08947,99,32,42,45,31,3.775707244873047,56.0,57.0,8.584
1765482713.2912967,99,32,42,45,31,3.775707244873047,56.0,57.0,8.584
1765482713.4926877,99,18,21,16,22,3.774890899658203,56.0,56.0,6.591
1765482713.6938674,99,18,21,16,22,3.774890899658203,56.0,56.0,6.591
1765482713.8953688,99,18,21,16,22,3.774890899658203,56.0,56.0,6.591
1765482714.09839,99,46,38,30,51,3.7751426696777344,56.5,56.5,8.2
1765482714.299696,99,46,38,30,51,3.7751426696777344,56.5,56.5,8.2
1765482714.5006514,99,48,40,32,44,3.7750701904296875,56.0,56.5,8.359
1765482714.701705,99,48,40,32,44,3.7750701904296875,56.0,56.5,8.359
1765482714.90279,99,48,40,32,44,3.7750701904296875,56.0,56.5,8.359
1765482715.1038601,99,18,20,20,15,3.7760581970214844,56.0,56.5,7.787
1765482715.3055146,99,18,20,20,15,3.7760581970214844,56.0,56.5,7.787
1765482715.507152,99,18,20,20,15,3.7760581970214844,56.0,56.5,7.787
1765482715.7083788,99,29,30,24,50,3.7748870849609375,56.0,56.5,7.775
1765482715.9094326,99,29,30,24,50,3.7748870849609375,56.0,56.5,7.775
1765482716.1105216,80,30,25,23,44,3.775165557861328,55.5,56.5,7.091
1765482716.3117337,80,30,25,23,44,3.775165557861328,55.5,56.5,7.091
1765482716.5130649,80,30,25,23,44,3.775165557861328,55.5,56.5,7.091
1765482716.714197,99,26,32,22,41,3.775360107421875,56.0,56.5,8.319
1765482716.9153485,99,26,32,22,41,3.775360107421875,56.0,56.5,8.319
1765482717.1165435,99,25,23,21,54,3.7760086059570312,56.0,56.5,8.399
1765482717.3194659,99,25,23,21,54,3.7760086059570312,56.0,56.5,8.399
1765482717.5223885,99,25,23,21,54,3.7760086059570312,56.0,56.5,8.399
1765482717.723673,98,20,28,25,18,3.775348663330078,56.0,56.0,5.492
1765482717.9248064,98,20,28,25,18,3.775348663330078,56.0,56.0,5.492
1765482718.1272786,99,43,46,33,26,3.774921417236328,56.0,56.0,7.587
1765482718.3306527,99,43,46,33,26,3.774921417236328,56.0,56.0,7.587
1765482718.532288,99,43,46,33,26,3.774921417236328,56.0,56.0,7.587
1765482718.7343636,99,46,27,33,47,3.7762680053710938,56.0,57.5,8.16
1765482718.9364815,99,46,27,33,47,3.7762680053710938,56.0,57.5,8.16
1765482719.138969,99,25,24,30,17,3.7753944396972656,56.0,56.0,7.854
1765482719.341819,99,25,24,30,17,3.7753944396972656,56.0,56.0,7.854
1765482719.5436103,99,25,24,30,17,3.7753944396972656,56.0,56.0,7.854
1765482719.745277,99,52,27,24,34,3.775482177734375,56.5,56.5,8.12
1765482719.9466553,99,52,27,24,34,3.775482177734375,56.5,56.5,8.12
1765482720.1481676,93,30,39,17,26,3.7753448486328125,55.5,56.5,6.58
1765482720.3493948,93,30,39,17,26,3.7753448486328125,55.5,56.5,6.58
1765482720.5521243,93,30,39,17,26,3.7753448486328125,55.5,56.5,6.58
1765482720.7534547,99,43,26,20,35,3.7763290405273438,56.5,56.5,8.544
1765482720.9545197,99,43,26,20,35,3.7763290405273438,56.5,56.5,8.544
1765482721.1558564,99,37,33,61,25,3.7768287658691406,56.0,56.5,7.974
1765482721.357017,99,37,33,61,25,3.7768287658691406,56.0,56.5,7.974
1765482721.5590348,99,37,33,61,25,3.7768287658691406,56.0,56.5,7.974
1765482721.7605972,99,20,24,18,24,3.777374267578125,56.0,56.5,7.4
1765482721.9618685,99,20,24,18,24,3.777374267578125,56.0,56.5,7.4
1765482722.1631014,99,56,28,44,30,3.7769432067871094,56.5,56.0,8.12
1765482722.3648481,99,56,28,44,30,3.7769432067871094,56.5,56.0,8.12
1765482722.566221,99,56,28,44,30,3.7769432067871094,56.5,56.0,8.12
1765482722.7674477,65,28,24,18,28,3.7784080505371094,55.5,57.0,6.661
1765482722.9686131,65,28,24,18,28,3.7784080505371094,55.5,57.0,6.661
1765482723.1702168,65,28,24,18,28,3.7784080505371094,55.5,57.0,6.661
1765482723.3712392,99,27,45,30,32,3.777843475341797,56.0,56.5,8.054
1765482723.572661,99,27,45,30,32,3.777843475341797,56.0,56.5,8.054
1765482723.7746038,99,38,42,58,35,3.777912139892578,56.0,56.5,8.24
1765482723.9763644,99,38,42,58,35,3.777912139892578,56.0,56.5,8.24
1765482724.177526,99,38,42,58,35,3.777912139892578,56.0,56.5,8.24
1765482724.378716,99,32,20,17,20,3.7786788940429688,56.0,56.5,7.36
1765482724.580516,99,32,20,17,20,3.7786788940429688,56.0,56.5,7.36
1765482724.7818644,99,22,20,52,22,3.7776565551757812,56.5,56.5,7.44
1765482724.983966,99,22,20,52,22,3.7776565551757812,56.5,56.5,7.44
1765482725.1856728,99,22,20,52,22,3.7776565551757812,56.5,56.5,7.44
1765482725.3870215,99,38,45,31,40,3.7779808044433594,55.5,57.5,7.44
1765482725.588076,99,38,45,31,40,3.7779808044433594,55.5,57.5,7.44
1765482725.7897925,99,25,36,23,21,3.7783203125,56.5,57.0,7.827
1765482725.9910314,99,25,36,23,21,3.7783203125,56.5,57.0,7.827
1765482726.192302,99,25,36,23,21,3.7783203125,56.5,57.0,7.827
1765482726.3936844,99,45,26,44,28,3.779460906982422,56.5,57.5,8.743
1765482726.597085,99,45,26,44,28,3.779460906982422,56.5,57.5,8.743
1765482726.798444,99,20,22,18,14,3.7784080505371094,56.0,56.0,6.118
1765482726.999542,99,20,22,18,14,3.7784080505371094,56.0,56.0,6.118
1765482727.2011561,99,20,22,18,14,3.7784080505371094,56.0,56.0,6.118
1765482727.4035609,99,34,40,47,46,3.77880859375,56.5,56.5,7.32
1765482727.6048913,99,34,40,47,46,3.77880859375,56.5,56.5,7.32
1765482727.8062334,99,38,36,42,33,3.7790603637695312,56.0,57.5,7.507
1765482728.008445,99,38,36,42,33,3.7790603637695312,56.0,57.5,7.507
1765482728.209645,99,38,36,42,33,3.7790603637695312,56.0,57.5,7.507
1765482728.4106665,99,22,19,31,21,3.7801513671875,56.5,57.0,8.054
1765482728.611855,99,22,19,31,21,3.7801513671875,56.5,57.0,8.054
1765482728.8131208,99,22,24,38,50,3.7795143127441406,56.5,56.5,8.081
1765482729.0142446,99,22,24,38,50,3.7795143127441406,56.5,56.5,8.081
1765482729.2158768,99,22,24,38,50,3.7795143127441406,56.5,56.5,8.081
1765482729.4227464,27,28,30,22,23,3.7793045043945312,56.0,56.0,5.249
1765482729.6238334,27,28,30,22,23,3.7793045043945312,56.0,56.0,5.249
1765482729.8249815,99,54,46,62,50,3.7733535766601562,56.5,57.5,8.888
1765482730.0269299,99,54,46,62,50,3.7733535766601562,56.5,57.5,8.888
1765482730.228625,99,54,46,62,50,3.7733535766601562,56.5,57.5,8.888
1765482730.4299834,99,48,18,21,20,3.7728843688964844,56.0,57.0,7.934
1765482730.6323838,99,48,18,21,20,3.7728843688964844,56.0,57.0,7.934
1765482730.8340158,99,38,26,23,23,3.7730484008789062,56.5,56.5,8.014
1765482731.0351372,99,38,26,23,23,3.7730484008789062,56.5,56.5,8.014
1765482731.2362673,99,38,26,23,23,3.7730484008789062,56.5,56.5,8.014
1765482731.4383144,99,45,45,25,50,3.7728843688964844,57.0,57.0,8.465
1765482731.6403785,99,45,45,25,50,3.7728843688964844,57.0,57.0,8.465
1765482731.8417573,59,26,22,28,20,3.773670196533203,56.0,57.0,6.189
1765482732.0430994,59,26,22,28,20,3.773670196533203,56.0,57.0,6.189
1765482732.2440875,59,26,22,28,20,3.773670196533203,56.0,57.0,6.189
1765482732.4452095,99,34,33,45,23,3.773120880126953,56.5,57.0,8.054
1765482732.646587,99,34,33,45,23,3.773120880126953,56.5,57.0,8.054
1765482732.8478699,99,34,33,45,23,3.773120880126953,56.5,57.0,8.054
1765482733.0496182,99,36,23,34,55,3.7732391357421875,56.5,57.0,8.081
1765482733.2507727,99,36,23,34,55,3.7732391357421875,56.5,57.0,8.081
1765482733.451944,99,22,26,21,27,3.773059844970703,56.5,56.5,7.854
1765482733.6532934,99,22,26,21,27,3.773059844970703,56.5,56.5,7.854
1765482733.8543813,99,22,26,21,27,3.773059844970703,56.5,56.5,7.854
1765482734.0557556,99,28,22,32,38,3.7735939025878906,56.5,56.5,7.827
1765482734.2570384,99,28,22,32,38,3.7735939025878906,56.5,56.5,7.827
1765482734.4582963,15,22,32,26,30,3.7728805541992188,56.0,57.0,5.725
1765482734.659339,15,22,32,26,30,3.7728805541992188,56.0,57.0,5.725
1765482734.86056,15,22,32,26,30,3.7728805541992188,56.0,57.0,5.725
1765482735.063371,99,25,33,46,29,3.773357391357422,57.0,57.0,8.385
1765482735.264833,99,25,33,46,29,3.773357391357422,57.0,57.0,8.385
1765482735.4661303,99,40,36,49,34,3.7739601135253906,56.5,57.5,8.769
1765482735.668158,99,40,36,49,34,3.7739601135253906,56.5,57.5,8.769
1765482735.870552,99,40,36,49,34,3.7739601135253906,56.5,57.5,8.769
1765482736.0719094,99,19,18,22,17,3.773265838623047,56.5,56.5,6.891
1765482736.2744482,99,19,18,22,17,3.773265838623047,56.5,56.5,6.891
1765482736.4763556,99,31,38,61,46,3.7737350463867188,57.0,57.5,8.2
1765482736.6775882,99,31,38,61,46,3.7737350463867188,57.0,57.5,8.2
1765482736.8786402,99,31,38,61,46,3.7737350463867188,57.0,57.5,8.2
1765482737.0802743,99,32,26,38,36,3.773754119873047,56.5,57.0,7.587
1765482737.2816596,99,32,26,38,36,3.773754119873047,56.5,57.0,7.587
1765482737.482667,99,20,26,34,22,3.7745628356933594,56.5,57.0,8.16
1765482737.6841516,99,20,26,34,22,3.7745628356933594,56.5,57.0,8.16
1765482737.8914855,99,20,26,34,22,3.7745628356933594,56.5,57.0,8.16
1765482738.092741,99,44,18,33,32,3.7737655639648438,57.0,57.0,8.094
1765482738.2947779,99,44,18,33,32,3.7737655639648438,57.0,57.0,8.094
1765482738.4958613,8,24,30,28,21,3.7738494873046875,56.0,56.5,5.096
1765482738.6969981,8,24,30,28,21,3.7738494873046875,56.0,56.5,5.096
1765482738.8985462,8,24,30,28,21,3.7738494873046875,56.0,56.5,5.096
1765482739.1015499,99,50,26,46,24,3.7741851806640625,56.5,57.0,8.28
1765482739.3033288,99,50,26,46,24,3.7741851806640625,56.5,57.0,8.28
1765482739.5045047,99,40,30,29,33,3.774383544921875,56.5,57.0,8.24
1765482739.7058141,99,40,30,29,33,3.774383544921875,56.5,57.0,8.24
1765482739.9070656,99,40,30,29,33,3.774383544921875,56.5,57.0,8.24
1765482740.1083176,99,17,14,52,32,3.7698898315429688,57.0,58.0,8.848
1765482740.3095224,99,17,14,52,32,3.7698898315429688,57.0,58.0,8.848
1765482740.5107353,99,50,36,34,46,3.769927978515625,57.0,57.0,8.2
1765482740.7135198,99,50,36,34,46,3.769927978515625,57.0,57.0,8.2
1765482740.9151332,99,50,36,34,46,3.769927978515625,57.0,57.0,8.2
1765482741.1161711,78,32,32,21,21,3.770854949951172,56.0,57.5,6.551
1765482741.3181832,78,32,32,21,21,3.770854949951172,56.0,57.5,6.551
1765482741.5195844,99,35,34,20,18,3.7692604064941406,57.0,57.0,8.001
1765482741.7209313,99,35,34,20,18,3.7692604064941406,57.0,57.0,8.001
1765482741.9222553,99,35,34,20,18,3.7692604064941406,57.0,57.0,8.001
1765482742.124238,99,22,58,17,40,3.769481658935547,56.5,57.0,7.934
1765482742.3256793,99,22,58,17,40,3.769481658935547,56.5,57.0,7.934
1765482742.5267742,99,23,27,20,21,3.7699737548828125,56.5,56.5,7.775
1765482742.7352307,99,23,27,20,21,3.7699737548828125,56.5,56.5,7.775
1765482742.9414933,99,23,27,20,21,3.7699737548828125,56.5,56.5,7.775
1765482743.1429532,99,44,28,32,25,3.7710189819335938,57.0,57.5,8.689
1765482743.345827,99,44,28,32,25,3.7710189819335938,57.0,57.5,8.689
1765482743.54738,3,23,30,16,18,3.769847869873047,56.0,57.0,6.078
1765482743.7487755,3,23,30,16,18,3.769847869873047,56.0,57.0,6.078
1765482743.9507854,3,23,30,16,18,3.769847869873047,56.0,57.0,6.078
1765482744.1543057,99,41,32,48,25,3.769573211669922,57.0,56.5,8.094
1765482744.3557057,99,41,32,48,25,3.769573211669922,57.0,56.5,8.094
1765482744.557212,99,44,38,44,34,3.7708358764648438,57.0,57.5,8.928
1765482744.7596347,99,44,38,44,34,3.7708358764648438,57.0,57.5,8.928
1765482744.9630988,99,44,38,44,34,3.7708358764648438,57.0,57.5,8.928
1765482745.1644902,99,25,20,14,19,3.769756317138672,57.0,56.5,7.051
1765482745.3665826,99,25,20,14,19,3.769756317138672,57.0,56.5,7.051
1765482745.567579,99,25,20,14,19,3.769756317138672,57.0,56.5,7.051
1765482745.7689555,99,44,31,30,52,3.7698440551757812,57.0,57.0,7.854
1765482745.9709325,99,44,31,30,52,3.7698440551757812,57.0,57.0,7.854
1765482746.1724522,99,28,36,36,31,3.7698020935058594,56.5,58.0,7.547
1765482746.373662,99,28,36,36,31,3.7698020935058594,56.5,58.0,7.547
1765482746.5747924,99,28,36,36,31,3.7698020935058594,56.5,58.0,7.547
1765482746.7759006,99,20,34,16,25,3.7708168029785156,57.0,57.0,8.28
1765482746.9771106,99,20,34,16,25,3.7708168029785156,57.0,57.0,8.28
1765482747.1783376,99,58,19,16,16,3.7700042724609375,57.0,57.0,7.854
1765482747.380344,99,58,19,16,16,3.7700042724609375,57.0,57.0,7.854
1765482747.5824964,99,58,19,16,16,3.7700042724609375,57.0,57.0,7.854
1765482747.7891908,99,34,22,23,19,3.7704315185546875,56.5,56.5,6.048
1765482747.9903772,99,34,22,23,19,3.7704315185546875,56.5,56.5,6.048
1765482748.1923327,99,46,40,41,29,3.7702980041503906,57.0,57.0,7.854
1765482748.3937185,99,46,40,41,29,3.7702980041503906,57.0,57.0,7.854
1765482748.5947876,99,46,40,41,29,3.7702980041503906,57.0,57.0,7.854
1765482748.795866,99,29,31,24,41,3.7710189819335938,57.0,58.0,8.584
1765482748.9972,99,29,31,24,41,3.7710189819335938,57.0,58.0,8.584
1765482749.1996539,99,28,23,30,28,3.770496368408203,57.0,57.0,8.014
1765482749.4011304,99,28,23,30,28,3.770496368408203,57.0,57.0,8.014
1765482749.602289,99,28,23,30,28,3.770496368408203,57.0,57.0,8.014
1765482749.804438,99,40,46,32,39,3.770153045654297,57.5,57.5,8.425
1765482750.005544,99,40,46,32,39,3.770153045654297,57.5,57.5,8.425
1765482750.2067122,52,30,23,22,29,3.769989013671875,56.5,57.5,6.42
1765482750.409259,52,30,23,22,29,3.769989013671875,56.5,57.5,6.42
1765482750.6117792,52,30,23,22,29,3.769989013671875,56.5,57.5,6.42
1765482750.813209,99,33,18,16,37,3.7708663940429688,57.5,57.0,8.385
1765482751.0147042,99,33,18,16,37,3.7708663940429688,57.5,57.0,8.385
1765482751.2163472,99,34,28,22,58,3.7702903747558594,57.0,57.5,8.16
1765482751.417518,99,34,28,22,58,3.7702903747558594,57.0,57.5,8.16
1765482751.619762,99,34,28,22,58,3.7702903747558594,57.0,57.5,8.16
1765482751.820929,99,29,27,24,19,3.7702407836914062,57.0,57.0,7.627
1765482752.0220687,99,29,27,24,19,3.7702407836914062,57.0,57.0,7.627
1765482752.2240036,99,30,32,50,31,3.771099090576172,57.0,57.0,8.094
1765482752.4279878,99,30,32,50,31,3.771099090576172,57.0,57.0,8.094
1765482752.6292636,99,30,32,50,31,3.771099090576172,57.0,57.0,8.094
1765482752.830409,14,38,20,21,17,3.7703094482421875,56.5,57.0,6.269
1765482753.031685,14,38,20,21,17,3.7703094482421875,56.5,57.0,6.269
1765482753.233022,99,44,39,28,30,3.77044677734375,57.0,57.5,8.12
1765482753.4341867,99,44,39,28,30,3.77044677734375,57.0,57.5,8.12
1765482753.635434,99,44,39,28,30,3.77044677734375,57.0,57.5,8.12
1765482753.836781,99,43,51,33,42,3.770191192626953,57.0,58.0,8.425
1765482754.039981,99,43,51,33,42,3.770191192626953,57.0,58.0,8.425
1765482754.2412553,99,20,27,22,22,3.7710037231445312,57.0,57.5,7.36
1765482754.4428504,99,20,27,22,22,3.7710037231445312,57.0,57.5,7.36
1765482754.6445885,99,20,27,22,22,3.7710037231445312,57.0,57.5,7.36
1765482754.8459866,99,39,33,43,30,3.7704315185546875,57.0,57.5,7.627
1765482755.0471284,99,39,33,43,30,3.7704315185546875,57.0,57.5,7.627
1765482755.2481842,99,32,36,42,30,3.770416259765625,57.0,58.0,7.867
1765482755.450154,99,32,36,42,30,3.770416259765625,57.0,58.0,7.867
1765482755.6515756,99,32,36,42,30,3.770416259765625,57.0,58.0,7.867
1765482755.853008,99,31,30,36,18,3.7704315185546875,57.5,57.5,8.24
1765482756.0543149,99,31,30,36,18,3.7704315185546875,57.5,57.5,8.24
1765482756.2555056,99,31,30,36,18,3.7704315185546875,57.5,57.5,8.24
1765482756.4571252,99,25,32,47,20,3.7705955505371094,57.0,58.0,8.624
1765482756.6596432,99,25,32,47,20,3.7705955505371094,57.0,58.0,8.624
1765482756.860975,0,31,26,21,18,3.7705078125,56.5,56.5,5.29
1765482757.0623307,0,31,26,21,18,3.7705078125,56.5,56.5,5.29
1765482757.2639456,0,31,26,21,18,3.7705078125,56.5,56.5,5.29
1765482757.465538,99,31,24,54,33,3.7704200744628906,57.0,57.0,7.974
1765482757.6669407,99,31,24,54,33,3.7704200744628906,57.0,57.0,7.974
1765482757.867994,99,32,31,28,47,3.771453857421875,57.0,58.0,8.385
1765482758.069462,99,32,31,28,47,3.771453857421875,57.0,58.0,8.385
1765482758.2716494,99,32,31,28,47,3.771453857421875,57.0,58.0,8.385
1765482758.4727526,99,20,22,31,19,3.7705345153808594,57.5,57.5,7.787
1765482758.6742563,99,20,22,31,19,3.7705345153808594,57.5,57.5,7.787
1765482758.87544,99,28,41,52,32,3.7704010009765625,57.5,57.5,7.587
1765482759.076766,99,28,41,52,32,3.7704010009765625,57.5,57.5,7.587
1765482759.2780426,99,28,41,52,32,3.7704010009765625,57.5,57.5,7.587
1765482759.4794905,98,35,29,18,22,3.7704124450683594,56.5,58.0,7.011
1765482759.6816604,98,35,29,18,22,3.7704124450683594,56.5,58.0,7.011
1765482759.8832307,99,42,28,20,22,3.7714004516601562,57.5,57.5,8.465
1765482760.0845041,99,42,28,20,22,3.7714004516601562,57.5,57.5,8.465
1765482760.2855465,99,42,28,20,22,3.7714004516601562,57.5,57.5,8.465
1765482760.4866607,99,26,28,26,53,3.770763397216797,57.5,57.5,7.735
1765482760.6878572,99,26,28,26,53,3.770763397216797,57.5,57.5,7.735
1765482760.8889205,99,22,32,22,19,3.7707290649414062,57.5,57.5,7.171
1765482761.090154,99,22,32,22,19,3.7707290649414062,57.5,57.5,7.171
1765482761.2916632,99,22,32,22,19,3.7707290649414062,57.5,57.5,7.171
1765482761.4946127,99,32,60,26,28,3.7709999084472656,57.5,57.5,8.213
1765482761.6959288,99,32,60,26,28,3.7709999084472656,57.5,57.5,8.213
1765482761.898841,99,26,24,34,22,3.7709426879882812,57.0,58.5,7.507
1765482762.1002407,99,26,24,34,22,3.7709426879882812,57.0,58.5,7.507
1765482762.3034558,99,26,24,34,22,3.7709426879882812,57.0,58.5,7.507
1765482762.505806,99,28,26,37,16,3.7702903747558594,57.5,57.5,7.667
1765482762.7081072,99,28,26,37,16,3.7702903747558594,57.5,57.5,7.667
1765482762.9096007,99,38,48,42,34,3.770709991455078,57.5,57.5,8.319
1765482763.1112912,99,38,48,42,34,3.770709991455078,57.5,57.5,8.319
1765482763.3124309,99,38,48,42,34,3.770709991455078,57.5,57.5,8.319
1765482763.515445,32,32,25,28,20,3.7718353271484375,57.5,58.0,6.007
1765482763.7229974,32,32,25,28,20,3.7718353271484375,57.5,58.0,6.007
1765482763.9243996,99,36,24,44,18,3.7708702087402344,57.5,57.5,7.775
1765482764.1255577,99,36,24,44,18,3.7708702087402344,57.5,57.5,7.775
1765482764.3282938,99,36,24,44,18,3.7708702087402344,57.5,57.5,7.775
1765482764.5302782,99,23,35,41,38,3.770984649658203,57.0,57.5,7.974
1765482764.7314856,99,23,35,41,38,3.770984649658203,57.0,57.5,7.974
1765482764.93267,99,23,35,41,38,3.770984649658203,57.0,57.5,7.974
1765482765.133697,99,22,30,26,22,3.771198272705078,57.5,57.5,8.2
1765482765.334861,99,22,30,26,22,3.771198272705078,57.5,57.5,8.2
1765482765.535846,99,23,44,29,34,3.771617889404297,57.5,58.5,8.928
1765482765.7378237,99,23,44,29,34,3.771617889404297,57.5,58.5,8.928
1765482765.9391983,99,23,44,29,34,3.771617889404297,57.5,58.5,8.928
1765482766.1403894,84,18,26,18,20,3.7713356018066406,57.0,57.5,6.068
1765482766.3414285,84,18,26,18,20,3.7713356018066406,57.0,57.5,6.068
1765482766.543503,99,38,52,35,26,3.771350860595703,57.5,57.5,7.974
1765482766.744639,99,38,52,35,26,3.771350860595703,57.5,57.5,7.974
1765482766.9457593,99,38,52,35,26,3.771350860595703,57.5,57.5,7.974
1765482767.148056,99,46,33,46,33,3.7727699279785156,57.0,58.0,8.2
1765482767.3506076,99,46,33,46,33,3.7727699279785156,57.0,58.0,8.2
1765482767.551823,99,26,18,21,15,3.7722244262695312,57.0,57.5,7.974
1765482767.7533412,99,26,18,21,15,3.7722244262695312,57.0,57.5,7.974
1765482767.9552188,99,26,18,21,15,3.7722244262695312,57.0,57.5,7.974
1765482768.1565516,99,42,48,29,29,3.7721786499023438,57.5,57.5,7.854
1765482768.358158,99,42,48,29,29,3.7721786499023438,57.5,57.5,7.854
1765482768.559289,87,26,26,32,29,3.772533416748047,57.0,57.5,6.58
1765482768.7612264,87,26,26,32,29,3.772533416748047,57.0,57.5,6.58
1765482768.9626472,87,26,26,32,29,3.772533416748047,57.0,57.5,6.58
1765482769.164659,99,43,28,31,27,3.774219512939453,57.5,57.5,8.61
1765482769.3658633,99,43,28,31,27,3.774219512939453,57.5,57.5,8.61
1765482769.5671637,99,33,26,54,28,3.773193359375,57.5,58.0,7.894
1765482769.7685032,99,33,26,54,28,3.773193359375,57.5,58.0,7.894
1765482769.970815,99,33,26,54,28,3.773193359375,57.5,58.0,7.894
1765482770.171942,99,22,29,32,16,3.773845672607422,57.5,58.0,7.747
1765482770.3730502,99,22,29,32,16,3.773845672607422,57.5,58.0,7.747
1765482770.5741496,99,41,24,26,50,3.7743759155273438,57.5,57.5,7.707
1765482770.776953,99,41,24,26,50,3.7743759155273438,57.5,57.5,7.707
1765482770.9784946,99,41,24,26,50,3.7743759155273438,57.5,57.5,7.707
1765482771.179592,72,28,32,25,16,3.7748794555664062,57.0,58.5,6.701
1765482771.3815815,72,28,32,25,16,3.7748794555664062,57.0,58.5,6.701
1765482771.5832424,99,37,31,46,26,3.774639129638672,58.0,58.0,8.24
1765482771.7841854,99,37,31,46,26,3.774639129638672,58.0,58.0,8.24
1765482771.9853668,99,37,31,46,26,3.774639129638672,58.0,58.0,8.24
1765482772.1875072,99,28,65,27,30,3.7750282287597656,57.5,57.5,8.28
1765482772.3888452,99,28,65,27,30,3.7750282287597656,57.5,57.5,8.28
1765482772.5900743,99,22,18,25,21,3.7751922607421875,58.0,57.5,7.974
1765482772.7911823,99,22,18,25,21,3.7751922607421875,58.0,57.5,7.974
1765482772.9932752,99,22,18,25,21,3.7751922607421875,58.0,57.5,7.974
1765482773.1947832,99,31,16,31,40,3.775592803955078,57.5,57.5,8.081
1765482773.3963306,99,31,16,31,40,3.775592803955078,57.5,57.5,8.081
1765482773.5974789,73,28,18,27,24,3.7752761840820312,57.0,57.5,5.998
1765482773.798765,73,28,18,27,24,3.7752761840820312,57.0,57.5,5.998
1765482774.0002778,73,28,18,27,24,3.7752761840820312,57.0,57.5,5.998
1765482774.2041855,99,36,51,26,28,3.7757797241210938,57.5,58.0,7.974
1765482774.405487,99,36,51,26,28,3.7757797241210938,57.5,58.0,7.974
1765482774.6067805,99,30,37,38,50,3.7766342163085938,57.5,58.5,8.848
1765482774.8083992,99,30,37,38,50,3.7766342163085938,57.5,58.5,8.848
1765482775.011803,99,30,37,38,50,3.7766342163085938,57.5,58.5,8.848
1765482775.2130399,99,22,22,17,18,3.7761611938476562,57.5,57.5,6.931
1765482775.4143286,99,22,22,17,18,3.7761611938476562,57.5,57.5,6.931
1765482775.6154463,99,22,22,17,18,3.7761611938476562,57.5,57.5,6.931
1765482775.8172483,99,44,32,38,47,3.776691436767578,57.5,58.0,7.735
1765482776.0184247,99,44,32,38,47,3.776691436767578,57.5,58.0,7.735
1765482776.2195451,0,43,34,25,28,3.7768478393554688,57.0,58.0,5.886
1765482776.4211302,0,43,34,25,28,3.7768478393554688,57.0,58.0,5.886
1765482776.622563,0,43,34,25,28,3.7768478393554688,57.0,58.0,5.886
1765482776.824173,99,26,22,36,25,3.7782058715820312,57.5,58.5,8.769
1765482777.0253968,99,26,22,36,25,3.7782058715820312,57.5,58.5,8.769
1765482777.227792,99,22,38,22,43,3.7771263122558594,57.5,58.0,7.787
1765482777.4292777,99,22,38,22,43,3.7771263122558594,57.5,58.0,7.787
1765482777.6314564,99,22,38,22,43,3.7771263122558594,57.5,58.0,7.787
1765482777.8326907,99,32,25,23,18,3.7774658203125,57.5,57.5,6.971
1765482778.0340548,99,32,25,23,18,3.7774658203125,57.5,57.5,6.971
1765482778.2356317,99,25,32,21,62,3.7783851623535156,57.5,58.5,8.399
1765482778.4384894,99,25,32,21,62,3.7783851623535156,57.5,58.5,8.399
1765482778.6402974,99,25,32,21,62,3.7783851623535156,57.5,58.5,8.399
1765482778.8415163,99,26,29,32,20,3.779064178466797,57.0,59.0,7.547
1765482779.0428157,99,26,29,32,20,3.779064178466797,57.0,59.0,7.547
1765482779.2444694,99,28,36,32,27,3.7784690856933594,57.5,57.5,7.627
1765482779.447437,99,28,36,32,27,3.7784690856933594,57.5,57.5,7.627
1765482779.6485116,99,28,36,32,27,3.7784690856933594,57.5,57.5,7.627
1765482779.8498142,99,45,42,38,32,3.779949188232422,57.5,57.5,8.081
1765482780.051163,99,45,42,38,32,3.779949188232422,57.5,57.5,8.081
1765482780.2525022,99,29,31,20,19,3.7805213928222656,57.5,58.0,7.627
1765482780.453711,99,29,31,20,19,3.7805213928222656,57.5,58.0,7.627
1765482780.6554496,99,29,31,20,19,3.7805213928222656,57.5,58.0,7.627
1765482780.8566847,99,27,23,32,44,3.779590606689453,57.5,57.5,7.507
1765482781.0578165,99,27,23,32,44,3.779590606689453,57.5,57.5,7.507
1765482781.2590373,99,30,47,20,34,3.7800636291503906,57.0,58.0,7.775
1765482781.4601786,99,30,47,20,34,3.7800636291503906,57.0,58.0,7.775
1765482781.6620698,99,30,47,20,34,3.7800636291503906,57.0,58.0,7.775
1765482781.8653665,99,22,22,24,28,3.7810592651367188,57.5,58.0,7.854
1765482782.0667493,99,22,22,24,28,3.7810592651367188,57.5,58.0,7.854
1765482782.267695,99,30,31,46,28,3.781646728515625,57.5,58.0,8.624
1765482782.4705043,99,30,31,46,28,3.781646728515625,57.5,58.0,8.624
1765482782.6728897,99,30,31,46,28,3.781646728515625,57.5,58.0,8.624
1765482782.8747013,0,25,19,25,20,3.7814102172851562,57.0,58.0,5.604
1765482783.0760038,0,25,19,25,20,3.7814102172851562,57.0,58.0,5.604
1765482783.2773576,99,35,45,53,28,3.781719207763672,58.0,58.0,8.12
1765482783.4788733,99,35,45,53,28,3.781719207763672,58.0,58.0,8.12
1765482783.6799147,99,35,45,53,28,3.781719207763672,58.0,58.0,8.12
1765482783.880933,99,42,38,37,39,3.7818832397460938,57.5,58.5,7.934
1765482784.0832593,99,42,38,37,39,3.7818832397460938,57.5,58.5,7.934
1765482784.2848816,99,42,38,37,39,3.7818832397460938,57.5,58.5,7.934
1765482784.4862514,99,24,12,11,30,3.7812881469726562,57.5,57.5,7.627
1765482784.6874397,99,24,12,11,30,3.7812881469726562,57.5,57.5,7.627
1765482784.8885112,99,46,32,23,38,3.781848907470703,57.5,58.0,8.094
1765482785.0896547,99,46,32,23,38,3.781848907470703,57.5,58.0,8.094
1765482785.2907715,99,46,32,23,38,3.781848907470703,57.5,58.0,8.094
1765482785.4994261,18,34,25,22,27,3.7823028564453125,57.5,57.0,5.451
1765482785.7006571,18,34,25,22,27,3.7823028564453125,57.5,57.0,5.451
1765482785.902601,99,52,22,35,28,3.783344268798828,58.0,58.5,8.743
1765482786.1041787,99,52,22,35,28,3.783344268798828,58.0,58.5,8.743
1765482786.3052163,99,52,22,35,28,3.783344268798828,58.0,58.5,8.743
1765482786.5065043,99,32,36,24,24,3.78277587890625,57.5,58.0,7.854
1765482786.7077708,99,32,36,24,24,3.78277587890625,57.5,58.0,7.854
1765482786.9105597,99,25,29,24,23,3.7820816040039062,58.0,57.5,8.16
1765482787.1120782,99,25,29,24,23,3.7820816040039062,58.0,57.5,8.16
1765482787.3130956,99,25,29,24,23,3.7820816040039062,58.0,57.5,8.16
1765482787.5150805,99,35,36,42,50,3.7823638916015625,58.0,58.0,8.465
1765482787.7188127,99,35,36,42,50,3.7823638916015625,58.0,58.0,8.465
1765482787.920457,51,28,22,16,24,3.7831649780273438,57.0,58.5,6.47
1765482788.121645,51,28,22,16,24,3.7831649780273438,57.0,58.5,6.47
1765482788.3233268,51,28,22,16,24,3.7831649780273438,57.0,58.5,6.47
1765482788.5245342,99,36,38,26,32,3.7826576232910156,57.5,58.0,8.24
1765482788.7259939,99,36,38,26,32,3.7826576232910156,57.5,58.0,8.24
1765482788.927108,99,55,35,26,35,3.782939910888672,58.0,58.5,8.2
1765482789.1284413,99,55,35,26,35,3.782939910888672,58.0,58.5,8.2
1765482789.3302672,99,55,35,26,35,3.782939910888672,58.0,58.5,8.2
1765482789.531487,99,20,36,18,16,3.7831382751464844,58.0,58.5,8.465
1765482789.7325706,99,20,36,18,16,3.7831382751464844,58.0,58.5,8.465
1765482789.9336452,99,18,40,29,19,3.782695770263672,58.0,57.5,7.547
1765482790.135764,99,18,40,29,19,3.782695770263672,58.0,57.5,7.547
1765482790.337456,99,18,40,29,19,3.782695770263672,58.0,57.5,7.547
1765482790.539375,23,33,24,16,44,3.7828826904296875,57.0,58.0,6.35
1765482790.7405286,23,33,24,16,44,3.7828826904296875,57.0,58.0,6.35
1765482790.9418545,99,36,23,43,26,3.7829017639160156,58.0,58.0,8.24
1765482791.142979,99,36,23,43,26,3.7829017639160156,58.0,58.0,8.24
1765482791.344423,99,36,23,43,26,3.7829017639160156,58.0,58.0,8.24
1765482791.5455508,99,40,54,35,28,3.7837142944335938,58.0,58.5,8.848
1765482791.7484918,99,40,54,35,28,3.7837142944335938,58.0,58.5,8.848
1765482791.949833,99,20,21,18,20,3.7831192016601562,57.5,57.5,6.199
1765482792.1512785,99,20,21,18,20,3.7831192016601562,57.5,57.5,6.199
1765482792.3531535,99,20,21,18,20,3.7831192016601562,57.5,57.5,6.199
1765482792.5555756,99,48,36,37,47,3.7821731567382812,58.0,58.0,7.587
1765482792.7566907,99,48,36,37,47,3.7821731567382812,58.0,58.0,7.587
1765482792.9576943,99,36,49,32,28,3.7822952270507812,58.0,59.5,7.775
1765482793.1586292,99,36,49,32,28,3.7822952270507812,58.0,59.5,7.775
1765482793.3598337,99,36,49,32,28,3.7822952270507812,58.0,59.5,7.775
1765482793.561371,99,18,20,40,14,3.78302001953125,58.0,58.0,8.16
1765482793.7626972,99,18,20,40,14,3.78302001953125,58.0,58.0,8.16
1765482793.9635434,99,30,24,58,17,3.783061981201172,58.0,58.0,8.399
1765482794.1647768,99,30,24,58,17,3.783061981201172,58.0,58.0,8.399
1765482794.3671782,99,30,24,58,17,3.783061981201172,58.0,58.0,8.399
1765482794.5692892,55,21,22,21,32,3.782573699951172,57.5,58.0,5.29
1765482794.7708197,55,21,22,21,32,3.782573699951172,57.5,58.0,5.29
1765482794.9721148,55,21,22,21,32,3.782573699951172,57.5,58.0,5.29
1765482795.1734197,99,39,28,25,50,3.7831497192382812,58.5,58.5,8.703
1765482795.3745766,99,39,28,25,50,3.7831497192382812,58.5,58.5,8.703
1765482795.5757148,99,21,22,21,51,3.7831153869628906,58.0,58.5,8.28
1765482795.7773159,99,21,22,21,51,3.7831153869628906,58.0,58.5,8.28
1765482795.9787889,99,21,22,21,51,3.7831153869628906,58.0,58.5,8.28
1765482796.1798456,99,28,24,26,22,3.7829818725585938,58.0,58.0,7.814
1765482796.3809948,99,28,24,26,22,3.7829818725585938,58.0,58.0,7.814
1765482796.5825891,99,32,45,38,46,3.782428741455078,58.5,58.0,7.747
1765482796.7865653,99,32,45,38,46,3.782428741455078,58.5,58.0,7.747
1765482796.9923759,99,32,45,38,46,3.782428741455078,58.5,58.0,7.747
1765482797.1935844,60,37,28,23,25,3.7840309143066406,57.5,59.0,6.781
1765482797.394782,60,37,28,23,25,3.7840309143066406,57.5,59.0,6.781
1765482797.5959835,99,28,43,18,20,3.783000946044922,58.0,58.5,8.399
1765482797.7972648,99,28,43,18,20,3.783000946044922,58.0,58.5,8.399
1765482797.998381,99,28,43,18,20,3.783000946044922,58.0,58.5,8.399
1765482798.1997502,99,34,30,52,36,3.7830772399902344,58.0,58.5,8.094
1765482798.4012513,99,34,30,52,36,3.7830772399902344,58.0,58.5,8.094
1765482798.6023247,99,20,32,16,23,3.7832489013671875,58.0,58.0,7.667
1765482798.8032932,99,20,32,16,23,3.7832489013671875,58.0,58.0,7.667
1765482799.0043006,99,20,32,16,23,3.7832489013671875,58.0,58.0,7.667
1765482799.2063155,99,28,22,32,45,3.78424072265625,58.0,58.5,8.544
1765482799.407348,99,28,22,32,45,3.78424072265625,58.0,58.5,8.544
1765482799.6086705,99,32,25,24,38,3.7835311889648438,58.0,59.0,6.971
1765482799.810234,99,32,25,24,38,3.7835311889648438,58.0,59.0,6.971
1765482800.0116773,99,32,25,24,38,3.7835311889648438,58.0,59.0,6.971
1765482800.2159724,99,32,29,42,30,3.783458709716797,58.5,58.5,8.094
1765482800.4172735,99,32,29,42,30,3.783458709716797,58.5,58.5,8.094
1765482800.6183484,99,39,59,38,27,3.7842369079589844,58.0,59.0,9.111
1765482800.8203678,99,39,59,38,27,3.7842369079589844,58.0,59.0,9.111
1765482801.0217526,99,39,59,38,27,3.7842369079589844,58.0,59.0,9.111
1765482801.226747,99,16,34,12,16,3.781147003173828,58.0,58.5,6.861
1765482801.4277818,99,16,34,12,16,3.781147003173828,58.0,58.5,6.861
1765482801.629109,99,44,62,47,38,3.7767562866210938,58.5,58.0,7.587
1765482801.830556,99,44,62,47,38,3.7767562866210938,58.5,58.0,7.587
1765482802.0315785,99,44,62,47,38,3.7767562866210938,58.5,58.0,7.587
1765482802.2326436,99,35,33,30,46,3.7770957946777344,58.0,59.0,7.814
1765482802.4346526,99,35,33,30,46,3.7770957946777344,58.0,59.0,7.814
1765482802.6359549,99,22,35,17,22,3.778270721435547,58.5,58.5,8.319
1765482802.8369715,99,22,35,17,22,3.778270721435547,58.5,58.5,8.319
1765482803.0382028,99,22,35,17,22,3.778270721435547,58.5,58.5,8.319
1765482803.2393126,99,46,23,25,28,3.7774276733398438,58.5,58.5,8.16
1765482803.4411266,99,46,23,25,28,3.7774276733398438,58.5,58.5,8.16
1765482803.6422353,85,33,17,21,31,3.7773666381835938,57.5,58.0,6.741
1765482803.8433468,85,33,17,21,31,3.7773666381835938,57.5,58.0,6.741
1765482804.0442097,85,33,17,21,31,3.7773666381835938,57.5,58.0,6.741
1765482804.2466307,99,48,23,28,26,3.777812957763672,58.5,58.5,8.425
1765482804.4478881,99,48,23,28,26,3.777812957763672,58.5,58.5,8.425
1765482804.6505213,99,48,23,28,26,3.777812957763672,58.5,58.5,8.425
1765482804.8518112,99,30,28,36,38,3.778179168701172,58.0,59.0,8.425
1765482805.0542843,99,30,28,36,38,3.778179168701172,58.0,59.0,8.425
1765482805.2554798,99,26,22,26,25,3.777454376220703,58.5,58.0,7.44
1765482805.4566517,99,26,22,26,25,3.777454376220703,58.5,58.0,7.44
1765482805.6582248,99,26,22,26,25,3.777454376220703,58.5,58.0,7.44
1765482805.861111,99,37,41,40,56,3.776885986328125,58.5,58.5,7.854
1765482806.0624595,99,37,41,40,56,3.776885986328125,58.5,58.5,7.854
1765482806.264026,4,40,29,24,14,3.7775955200195312,58.0,59.0,6.5
1765482806.4685187,4,40,29,24,14,3.7775955200195312,58.0,59.0,6.5
1765482806.6707711,4,40,29,24,14,3.7775955200195312,58.0,59.0,6.5
1765482806.8717988,99,27,23,19,35,3.7772674560546875,58.0,58.5,8.359
1765482807.073292,99,27,23,19,35,3.7772674560546875,58.0,58.5,8.359
1765482807.2754555,99,32,55,25,35,3.7772789001464844,58.5,58.5,8.014
1765482807.4767244,99,32,55,25,35,3.7772789001464844,58.5,58.5,8.014
1765482807.6776555,99,32,55,25,35,3.7772789001464844,58.5,58.5,8.014
1765482807.8787935,99,26,20,25,20,3.7769699096679688,58.0,58.5,6.39
1765482808.0800169,99,26,20,25,20,3.7769699096679688,58.0,58.5,6.39
1765482808.2811801,99,36,48,18,33,3.7779884338378906,58.5,59.0,8.425
1765482808.4839904,99,36,48,18,33,3.7779884338378906,58.5,59.0,8.425
1765482808.6863124,99,36,48,18,33,3.7779884338378906,58.5,59.0,8.425
1765482808.8874195,99,49,21,21,25,3.7773513793945312,58.0,59.0,8.014
1765482809.0893915,99,49,21,21,25,3.7773513793945312,58.0,59.0,8.014
1765482809.2918355,99,36,32,21,24,3.7774505615234375,58.5,58.5,8.16
1765482809.4930658,99,36,32,21,24,3.7774505615234375,58.5,58.5,8.16
1765482809.6941648,99,36,32,21,24,3.7774505615234375,58.5,58.5,8.16
1765482809.8966308,99,37,49,42,23,3.7774887084960938,58.5,58.5,8.505
1765482810.0984502,99,37,49,42,23,3.7774887084960938,58.5,58.5,8.505
1765482810.3049154,77,17,25,25,18,3.7783203125,57.5,59.0,5.886
1765482810.5059605,77,17,25,25,18,3.7783203125,57.5,59.0,5.886
1765482810.7074947,77,17,25,25,18,3.7783203125,57.5,59.0,5.886
1765482810.908935,99,50,34,26,33,3.7773284912109375,58.5,58.5,7.974
1765482811.1101146,99,50,34,26,33,3.7773284912109375,58.5,58.5,7.974
1765482811.3112857,99,50,30,28,35,3.777587890625,58.5,59.0,7.894
1765482811.5122402,99,50,30,28,35,3.777587890625,58.5,59.0,7.894
1765482811.7133195,99,50,30,28,35,3.777587890625,58.5,59.0,7.894
1765482811.9146104,99,30,25,66,16,3.7738113403320312,59.0,59.0,8.689
1765482812.1156228,99,30,25,66,16,3.7738113403320312,59.0,59.0,8.689
1765482812.3167264,99,29,26,42,22,3.7736129760742188,58.5,58.5,7.627
1765482812.5180683,99,29,26,42,22,3.7736129760742188,58.5,58.5,7.627
1765482812.7191057,99,29,26,42,22,3.7736129760742188,58.5,58.5,7.627
1765482812.9201818,0,31,28,21,28,3.773967742919922,58.0,59.0,6.159
1765482813.1212728,0,31,28,21,28,3.773967742919922,58.0,59.0,6.159
1765482813.322988,0,31,28,21,28,3.773967742919922,58.0,59.0,6.159
1765482813.525013,99,27,45,30,18,3.773937225341797,58.5,59.0,8.014
1765482813.7266037,99,27,45,30,18,3.773937225341797,58.5,59.0,8.014
1765482813.9275668,99,34,32,37,48,3.7760543823242188,58.0,59.5,8.544
1765482814.1296146,99,34,32,37,48,3.7760543823242188,58.0,59.5,8.544
1765482814.3316245,99,34,32,37,48,3.7760543823242188,58.0,59.5,8.544
1765482814.5334196,99,21,25,16,18,3.775238037109375,58.0,58.5,7.4
1765482814.735079,99,21,25,16,18,3.775238037109375,58.0,58.5,7.4
1765482814.9370477,99,36,32,40,50,3.7755775451660156,58.5,59.0,7.507
1765482815.138563,99,36,32,40,50,3.7755775451660156,58.5,59.0,7.507
1765482815.3396142,99,36,32,40,50,3.7755775451660156,58.5,59.0,7.507
1765482815.5406525,21,33,24,26,40,3.775562286376953,57.5,58.5,5.846
1765482815.7425354,21,33,24,26,40,3.775562286376953,57.5,58.5,5.846
1765482815.9438984,99,49,25,16,22,3.7768020629882812,58.5,59.0,9.032
1765482816.1449668,99,49,25,16,22,3.7768020629882812,58.5,59.0,9.032
1765482816.3469765,99,49,25,16,22,3.7768020629882812,58.5,59.0,9.032
1765482816.5492222,99,28,30,24,44,3.77606201171875,58.0,58.5,7.814
1765482816.75089,99,28,30,24,44,3.77606201171875,58.0,58.5,7.814
1765482816.9520745,99,28,28,23,18,3.7764892578125,58.0,58.5,6.971
1765482817.1530862,99,28,28,23,18,3.7764892578125,58.0,58.5,6.971
1765482817.3541405,99,28,28,23,18,3.7764892578125,58.0,58.5,6.971
1765482817.5561824,99,50,41,28,22,3.77703857421875,58.5,58.5,8.054
1765482817.7573447,99,50,41,28,22,3.77703857421875,58.5,58.5,8.054
1765482817.9590547,99,20,24,39,22,3.777423858642578,57.5,59.5,7.4
1765482818.160464,99,20,24,39,22,3.777423858642578,57.5,59.5,7.4
1765482818.3634045,99,20,24,39,22,3.777423858642578,57.5,59.5,7.4
1765482818.5652602,99,38,29,33,32,3.7777175903320312,58.5,59.0,7.667
1765482818.7665908,99,38,29,33,32,3.7777175903320312,58.5,59.0,7.667
1765482818.9678276,99,39,35,33,60,3.7787208557128906,58.5,59.0,8.16
1765482819.1706975,99,39,35,33,60,3.7787208557128906,58.5,59.0,8.16
1765482819.3724265,99,39,35,33,60,3.7787208557128906,58.5,59.0,8.16
1765482819.5748224,99,26,28,20,17,3.7804412841796875,58.5,59.0,7.2
1765482819.7765846,99,26,28,20,17,3.7804412841796875,58.5,59.0,7.2
1765482819.9778743,99,30,27,37,22,3.7796096801757812,58.5,59.0,7.747
1765482820.1814332,99,30,27,37,22,3.7796096801757812,58.5,59.0,7.747
1765482820.382519,99,30,27,37,22,3.7796096801757812,58.5,59.0,7.747
1765482820.5834641,99,33,48,28,26,3.7801971435546875,58.0,59.5,7.32
1765482820.784381,99,33,48,28,26,3.7801971435546875,58.0,59.5,7.32
1765482820.9856427,99,22,39,29,16,3.7810134887695312,59.0,59.0,8.054
1765482821.1869588,99,22,39,29,16,3.7810134887695312,59.0,59.0,8.054
1765482821.3880768,99,22,39,29,16,3.7810134887695312,59.0,59.0,8.054
1765482821.5893536,99,25,35,44,25,3.7814674377441406,58.5,59.5,8.689
1765482821.791551,99,25,35,44,25,3.7814674377441406,58.5,59.5,8.689
1765482821.9931762,99,25,35,44,25,3.7814674377441406,58.5,59.5,8.689
1765482822.1945856,75,20,23,14,14,3.7806968688964844,58.5,58.5,5.725
1765482822.3957717,75,20,23,14,14,3.7806968688964844,58.5,58.5,5.725
1765482822.5980856,99,45,56,31,37,3.781036376953125,58.5,58.5,7.627
1765482822.800566,99,45,56,31,37,3.781036376953125,58.5,58.5,7.627
1765482823.0038486,99,45,56,31,37,3.781036376953125,58.5,58.5,7.627
1765482823.2056828,99,42,35,32,25,3.7821311950683594,58.0,61.0,7.587
1765482823.4080489,99,42,35,32,25,3.7821311950683594,58.0,61.0,7.587
1765482823.6095233,99,25,28,18,14,3.7822494506835938,59.0,59.0,7.814
1765482823.8108487,99,25,28,18,14,3.7822494506835938,59.0,59.0,7.814
1765482824.0125563,99,25,28,18,14,3.7822494506835938,59.0,59.0,7.814
1765482824.2141714,99,25,46,38,22,3.7824440002441406,59.0,59.0,8.12
1765482824.4156492,99,25,46,38,22,3.7824440002441406,59.0,59.0,8.12
1765482824.6166582,99,26,26,27,26,3.7826004028320312,58.0,58.5,5.572
1765482824.818381,99,26,26,27,26,3.7826004028320312,58.0,58.5,5.572
1765482825.019853,99,26,26,27,26,3.7826004028320312,58.0,58.5,5.572
1765482825.2221973,99,35,20,49,27,3.7841835021972656,58.5,59.5,8.359
1765482825.4236734,99,35,20,49,27,3.7841835021972656,58.5,59.5,8.359
1765482825.6254697,99,18,48,16,26,3.7835006713867188,58.5,59.5,8.12
1765482825.8266604,99,18,48,16,26,3.7835006713867188,58.5,59.5,8.12
1765482826.0293288,99,18,48,16,26,3.7835006713867188,58.5,59.5,8.12
1765482826.2307742,99,26,25,25,26,3.783447265625,58.5,58.5,8.2
1765482826.4319348,99,26,25,25,26,3.783447265625,58.5,58.5,8.2
1765482826.6334264,99,32,51,43,39,3.7834243774414062,59.0,59.5,8.505
1765482826.836565,99,32,51,43,39,3.7834243774414062,59.0,59.5,8.505
1765482827.038062,99,32,51,43,39,3.7834243774414062,59.0,59.5,8.505
1765482827.239411,68,22,22,20,27,3.7840309143066406,58.0,60.0,6.038
1765482827.4426181,68,22,22,20,27,3.7840309143066406,58.0,60.0,6.038
1765482827.6443791,99,30,30,48,32,3.7833633422851562,59.0,59.0,8.133
1765482827.8455484,99,30,30,48,32,3.7833633422851562,59.0,59.0,8.133
1765482828.046703,99,30,30,48,32,3.7833633422851562,59.0,59.0,8.133
1765482828.2481654,99,58,38,22,28,3.7831878662109375,58.0,59.5,8.014
1765482828.4493432,99,58,38,22,28,3.7831878662109375,58.0,59.5,8.014
1765482828.6506689,99,34,17,12,19,3.7834510803222656,58.5,59.5,8.729
1765482828.8518424,99,34,17,12,19,3.7834510803222656,58.5,59.5,8.729
1765482829.0534613,99,34,17,12,19,3.7834510803222656,58.5,59.5,8.729
1765482829.254738,99,40,23,21,29,3.783660888671875,58.5,58.5,7.587
1765482829.4559722,99,40,23,21,29,3.783660888671875,58.5,58.5,7.587
1765482829.6574075,99,35,30,39,30,3.78314208984375,58.0,59.0,6.199
1765482829.8586094,99,35,30,39,30,3.78314208984375,58.0,59.0,6.199
1765482830.06033,99,35,30,39,30,3.78314208984375,58.0,59.0,6.199
1765482830.2637923,99,50,26,20,31,3.7838706970214844,58.5,59.5,8.041
1765482830.465216,99,50,26,20,31,3.7838706970214844,58.5,59.5,8.041
1765482830.666367,99,37,31,48,30,3.7841415405273438,59.0,59.5,8.584
1765482830.8685734,99,37,31,48,30,3.7841415405273438,59.0,59.5,8.584
1765482831.0712945,99,37,31,48,30,3.7841415405273438,59.0,59.5,8.584
1765482831.2726007,99,20,26,17,29,3.783580780029297,58.5,59.0,7.28
1765482831.4737635,99,20,26,17,29,3.783580780029297,58.5,59.0,7.28
1765482831.6749022,99,36,52,31,45,3.7830162048339844,59.0,59.5,8.28
1765482831.8762352,99,36,52,31,45,3.7830162048339844,59.0,59.5,8.28
1765482832.0782802,99,36,52,31,45,3.7830162048339844,59.0,59.5,8.28
1765482832.2793267,58,24,36,23,37,3.783313751220703,58.0,59.0,6.551
1765482832.4815323,58,24,36,23,37,3.783313751220703,58.0,59.0,6.551
1765482832.68492,58,24,36,23,37,3.783313751220703,58.0,59.0,6.551
1765482832.8861816,99,30,21,21,40,3.784404754638672,59.0,59.5,8.505
1765482833.087338,99,30,21,21,40,3.784404754638672,59.0,59.5,8.505
1765482833.28906,99,40,49,25,26,3.7835464477539062,58.5,59.0,8.054
1765482833.4906292,99,40,49,25,26,3.7835464477539062,58.5,59.0,8.054
1765482833.6916685,99,40,49,25,26,3.7835464477539062,58.5,59.0,8.054
1765482833.8926597,99,22,22,23,20,3.7838287353515625,58.5,58.5,6.199
1765482834.0939937,99,22,22,23,20,3.7838287353515625,58.5,58.5,6.199
1765482834.2955537,99,53,27,40,25,3.7838973999023438,59.0,59.5,8.28
1765482834.4974697,99,53,27,40,25,3.7838973999023438,59.0,59.5,8.28
1765482834.699004,99,53,27,40,25,3.7838973999023438,59.0,59.5,8.28
1765482834.8999734,99,18,22,45,20,3.7833824157714844,58.0,59.5,8.081
1765482835.1025903,99,18,22,45,20,3.7833824157714844,58.0,59.5,8.081
1765482835.3052578,99,28,33,30,27,3.783618927001953,59.0,59.0,8.28
1765482835.5109181,99,28,33,30,27,3.783618927001953,59.0,59.0,8.28
1765482835.7131011,99,28,33,30,27,3.783618927001953,59.0,59.0,8.28
1765482835.91545,99,43,61,30,26,3.783672332763672,58.5,59.0,8.306
1765482836.1168191,99,43,61,30,26,3.783672332763672,58.5,59.0,8.306
1765482836.3181078,59,26,31,30,25,3.784332275390625,58.5,59.5,6.229
1765482836.5200815,59,26,31,30,25,3.784332275390625,58.5,59.5,6.229
1765482836.7226155,59,26,31,30,25,3.784332275390625,58.5,59.5,6.229
1765482836.923893,99,26,26,41,35,3.7835922241210938,59.0,59.5,7.974
1765482837.1248791,99,26,26,41,35,3.7835922241210938,59.0,59.5,7.974
1765482837.3261514,99,30,44,32,48,3.7836952209472656,59.0,59.5,8.054
1765482837.5273278,99,30,44,32,48,3.7836952209472656,59.0,59.5,8.054
1765482837.7287128,99,30,44,32,48,3.7836952209472656,59.0,59.5,8.054
1765482837.9298115,99,25,22,25,25,3.784290313720703,59.0,59.0,7.974
1765482838.1310048,99,25,22,25,25,3.784290313720703,59.0,59.0,7.974
1765482838.3320494,99,27,52,28,18,3.7848167419433594,59.0,59.5,8.2
1765482838.5343382,99,27,52,28,18,3.7848167419433594,59.0,59.5,8.2
1765482838.735576,99,27,52,28,18,3.7848167419433594,59.0,59.5,8.2
1765482838.936732,99,25,20,36,16,3.78424072265625,58.5,59.0,6.511
1765482839.138096,99,25,20,36,16,3.78424072265625,58.5,59.0,6.511
1765482839.3397043,99,32,29,46,30,3.78369140625,59.0,59.0,8.014
1765482839.5409362,99,32,29,46,30,3.78369140625,59.0,59.0,8.014
1765482839.7422078,99,32,29,46,30,3.78369140625,59.0,59.0,8.014
1765482839.9437194,99,34,46,42,40,3.7844009399414062,59.0,59.5,8.967
1765482840.145426,99,34,46,42,40,3.7844009399414062,59.0,59.5,8.967
1765482840.3465142,99,22,24,16,22,3.7840919494628906,58.5,59.0,7.16
1765482840.5476727,99,22,24,16,22,3.7840919494628906,58.5,59.0,7.16
1765482840.748707,99,22,24,16,22,3.7840919494628906,58.5,59.0,7.16
1765482840.9510293,99,34,28,59,34,3.7832489013671875,59.0,59.5,7.627
1765482841.1523988,99,34,28,59,34,3.7832489013671875,59.0,59.5,7.627
1765482841.355768,99,34,28,59,34,3.7832489013671875,59.0,59.5,7.627
1765482841.5574844,99,42,38,32,34,3.7835655212402344,58.0,60.0,7.667
1765482841.7587461,99,42,38,32,34,3.7835655212402344,58.0,60.0,7.667
1765482841.960087,99,27,33,29,18,3.7845916748046875,59.0,60.5,8.624
1765482842.1613586,99,27,33,29,18,3.7845916748046875,59.0,60.5,8.624
1765482842.3624837,99,27,33,29,18,3.7845916748046875,59.0,60.5,8.624
1765482842.5637062,99,27,38,27,17,3.7839202880859375,59.0,59.0,8.133
1765482842.7656105,99,27,38,27,17,3.7839202880859375,59.0,59.0,8.133
1765482842.967788,0,22,32,28,18,3.7843055725097656,58.0,59.0,4.901
1765482843.1690762,0,22,32,28,18,3.7843055725097656,58.0,59.0,4.901
1765482843.3704216,0,22,32,28,18,3.7843055725097656,58.0,59.0,4.901
1765482843.5732417,99,27,44,49,25,3.784130096435547,59.0,59.0,8.12
1765482843.7748368,99,27,44,49,25,3.784130096435547,59.0,59.0,8.12
1765482843.9760833,99,35,33,38,32,3.7846641540527344,59.0,60.0,8.359
1765482844.1782866,99,35,33,38,32,3.7846641540527344,59.0,60.0,8.359
1765482844.38105,99,35,33,38,32,3.7846641540527344,59.0,60.0,8.359
1765482844.5839143,99,30,23,24,25,3.7839202880859375,59.0,59.0,7.934
1765482844.7850807,99,30,23,24,25,3.7839202880859375,59.0,59.0,7.934
1765482844.9866643,99,29,39,48,46,3.784038543701172,59.0,59.0,7.854
1765482845.1900332,99,29,39,48,46,3.784038543701172,59.0,59.0,7.854
1765482845.3912306,99,29,39,48,46,3.784038543701172,59.0,59.0,7.854
1765482845.5923471,75,34,26,20,34,3.7837600708007812,58.5,59.5,7.051
1765482845.7943976,75,34,26,20,34,3.7837600708007812,58.5,59.5,7.051
1765482845.995667,99,26,36,22,23,3.7838783264160156,59.5,59.0,8.359
1765482846.1966903,99,26,36,22,23,3.7838783264160156,59.5,59.0,8.359
1765482846.3978317,99,26,36,22,23,3.7838783264160156,59.5,59.0,8.359
1765482846.5992067,99,38,50,23,35,3.7839088439941406,58.5,59.5,8.24
1765482846.8004463,99,38,50,23,35,3.7839088439941406,58.5,59.5,8.24
1765482847.001843,99,30,22,20,19,3.7838058471679688,58.5,59.5,7.468
1765482847.2037678,99,30,22,20,19,3.7838058471679688,58.5,59.5,7.468
1765482847.4049706,99,30,22,20,19,3.7838058471679688,58.5,59.5,7.468
1765482847.6073384,99,34,29,46,32,3.784015655517578,59.0,59.0,8.544
1765482847.8089025,99,34,29,46,32,3.784015655517578,59.0,59.0,8.544
1765482848.0103555,99,18,37,22,24,3.783733367919922,58.5,60.0,7.32
1765482848.2113154,99,18,37,22,24,3.783733367919922,58.5,60.0,7.32
1765482848.41416,99,18,37,22,24,3.783733367919922,58.5,60.0,7.32
1765482848.6168883,99,35,30,32,38,3.7841415405273438,59.5,59.5,8.28
1765482848.8192813,99,35,30,32,38,3.7841415405273438,59.5,59.5,8.28
1765482849.0208628,99,40,36,54,32,3.7845420837402344,59.5,59.5,8.689
1765482849.2229385,99,40,36,54,32,3.7845420837402344,59.5,59.5,8.689
1765482849.4241717,99,40,36,54,32,3.7845420837402344,59.5,59.5,8.689
1765482849.6253142,79,26,22,19,17,3.7845726013183594,58.5,59.5,6.43
1765482849.8267698,79,26,22,19,17,3.7845726013183594,58.5,59.5,6.43
1765482850.0281255,99,33,35,29,50,3.7842445373535156,59.0,59.5,7.934
1765482850.2292957,99,33,35,29,50,3.7842445373535156,59.0,59.5,7.934
1765482850.431953,99,33,35,29,50,3.7842445373535156,59.0,59.5,7.934
1765482850.6343973,99,27,35,39,38,3.783905029296875,59.0,60.0,8.054
1765482850.8359506,99,27,35,39,38,3.783905029296875,59.0,60.0,8.054
1765482851.0369422,99,27,35,39,38,3.783905029296875,59.0,60.0,8.054
1765482851.2380695,99,31,20,30,22,3.7855453491210938,59.5,60.5,9.19
1765482851.4394362,99,31,20,30,22,3.7855453491210938,59.5,60.5,9.19
1765482851.6406207,99,24,34,25,41,3.7860565185546875,59.5,59.5,7.667
1765482851.8428097,99,24,34,25,41,3.7860565185546875,59.5,59.5,7.667
1765482852.0441356,99,24,34,25,41,3.7860565185546875,59.5,59.5,7.667
1765482852.2453163,99,26,27,21,34,3.7861289978027344,58.5,59.5,6.511
1765482852.4468675,99,26,27,21,34,3.7861289978027344,58.5,59.5,6.511
1765482852.6503706,99,47,34,26,28,3.7860641479492188,59.5,59.5,8.2
1765482852.8515832,99,47,34,26,28,3.7860641479492188,59.5,59.5,8.2
1765482853.0527236,99,47,34,26,28,3.7860641479492188,59.5,59.5,8.2
1765482853.2538242,99,42,40,39,27,3.786327362060547,59.0,60.0,8.544
1765482853.4554489,99,42,40,39,27,3.786327362060547,59.0,60.0,8.544
1765482853.6565552,99,24,18,17,28,3.7860183715820312,59.0,59.0,7.24
1765482853.8577185,99,24,18,17,28,3.7860183715820312,59.0,59.0,7.24
1765482854.059295,99,24,18,17,28,3.7860183715820312,59.0,59.0,7.24
1765482854.2622607,99,50,40,32,37,3.7857818603515625,59.0,59.5,7.747
1765482854.4634204,99,50,40,32,37,3.7857818603515625,59.0,59.5,7.747
1765482854.66457,71,38,30,20,36,3.7859764099121094,58.5,60.0,6.701
1765482854.8656468,71,38,30,20,36,3.7859764099121094,58.5,60.0,6.701
1765482855.0668037,71,38,30,20,36,3.7859764099121094,58.5,60.0,6.701
1765482855.2680013,99,22,38,28,20,3.785858154296875,59.5,59.5,8.703
1765482855.4691226,99,22,38,28,20,3.785858154296875,59.5,59.5,8.703
1765482855.670485,99,39,24,29,34,3.785900115966797,59.0,60.0,8.014
1765482855.871776,99,39,24,29,34,3.785900115966797,59.0,60.0,8.014
1765482856.0735836,99,39,24,29,34,3.785900115966797,59.0,60.0,8.014
1765482856.2751153,99,25,22,25,28,3.785930633544922,59.0,59.0,6.32
1765482856.4761329,99,25,22,25,28,3.785930633544922,59.0,59.0,6.32
1765482856.6775408,99,33,51,32,18,3.7860450744628906,59.5,59.5,8.359
1765482856.879414,99,33,51,32,18,3.7860450744628906,59.5,59.5,8.359
1765482857.080693,99,33,51,32,18,3.7860450744628906,59.5,59.5,8.359
1765482857.2818527,99,27,20,39,18,3.785968780517578,59.5,60.0,8.28
1765482857.4841099,99,27,20,39,18,3.785968780517578,59.5,60.0,8.28
1765482857.6855922,99,34,34,20,23,3.7860565185546875,59.5,59.5,8.24
1765482857.8869407,99,34,34,20,23,3.7860565185546875,59.5,59.5,8.24
1765482858.0880136,99,34,34,20,23,3.7860565185546875,59.5,59.5,8.24
1765482858.2895985,99,50,34,31,44,3.785938262939453,59.0,59.5,8.16
1765482858.491076,99,50,34,31,44,3.785938262939453,59.0,59.5,8.16
1765482858.692145,70,26,25,28,26,3.7863082885742188,58.5,60.0,6.931
1765482858.893392,70,26,25,28,26,3.7863082885742188,58.5,60.0,6.931
1765482859.0947433,70,26,25,28,26,3.7863082885742188,58.5,60.0,6.931
1765482859.2961125,99,30,23,44,19,3.7860260009765625,59.5,59.5,8.014
1765482859.4972308,99,30,23,44,19,3.7860260009765625,59.5,59.5,8.014
1765482859.698463,99,44,40,48,39,3.7868690490722656,59.0,60.0,8.319
1765482859.900091,99,44,40,48,39,3.7868690490722656,59.0,60.0,8.319
1765482860.1013372,99,44,40,48,39,3.7868690490722656,59.0,60.0,8.319
1765482860.3025424,99,21,22,31,18,3.7866783142089844,59.5,59.5,7.854
1765482860.5036297,99,21,22,31,18,3.7866783142089844,59.5,59.5,7.854
1765482860.7046807,99,21,22,31,18,3.7866783142089844,59.5,59.5,7.854
1765482860.906604,99,36,27,38,27,3.7876815795898438,59.0,60.0,8.319
1765482861.1089523,99,36,27,38,27,3.7876815795898438,59.0,60.0,8.319
1765482861.3102577,99,24,33,16,26,3.7875328063964844,59.0,59.0,6.048
1765482861.5111923,99,24,33,16,26,3.7875328063964844,59.0,59.0,6.048
1765482861.712799,99,24,33,16,26,3.7875328063964844,59.0,59.0,6.048
1765482861.9153275,99,52,36,32,21,3.78741455078125,59.5,59.5,8.24
1765482862.1172466,99,52,36,32,21,3.78741455078125,59.5,59.5,8.24
1765482862.3190782,99,49,32,36,40,3.7884063720703125,59.5,60.5,8.689
1765482862.5218513,99,49,32,36,40,3.7884063720703125,59.5,60.5,8.689
1765482862.7240646,99,49,32,36,40,3.7884063720703125,59.5,60.5,8.689
1765482862.9268537,99,21,16,25,17,3.7878150939941406,59.5,59.5,7.547
1765482863.1294138,99,21,16,25,17,3.7878150939941406,59.5,59.5,7.547
1765482863.3312123,99,31,36,40,44,3.7885971069335938,59.5,60.0,7.894
1765482863.5326827,99,31,36,40,44,3.7885971069335938,59.5,60.0,7.894
1765482863.733616,99,31,36,40,44,3.7885971069335938,59.5,60.0,7.894
1765482863.93496,51,27,28,39,25,3.7885704040527344,58.5,60.0,6.5
1765482864.1362681,51,27,28,39,25,3.7885704040527344,58.5,60.0,6.5
1765482864.3375204,99,29,28,44,28,3.789348602294922,60.0,60.5,9.072
1765482864.5387263,99,29,28,44,28,3.789348602294922,60.0,60.5,9.072
1765482864.7402267,99,29,28,44,28,3.789348602294922,60.0,60.5,9.072
1765482864.941233,99,28,28,35,34,3.7882843017578125,59.5,60.0,8.2
1765482865.1435368,99,28,28,35,34,3.7882843017578125,59.5,60.0,8.2
1765482865.3448691,99,28,23,18,27,3.7881202697753906,59.0,59.5,6.671
1765482865.5463386,99,28,23,18,27,3.7881202697753906,59.0,59.5,6.671
1765482865.7474842,99,28,23,18,27,3.7881202697753906,59.0,59.5,6.671
1765482865.94941,99,49,33,26,36,3.788299560546875,59.5,60.0,7.814
1765482866.1511562,99,49,33,26,36,3.788299560546875,59.5,60.0,7.814
1765482866.3523757,99,30,31,26,44,3.7886962890625,59.5,60.5,8.61
1765482866.554402,99,30,31,26,44,3.7886962890625,59.5,60.5,8.61
1765482866.7578328,99,30,31,26,44,3.7886962890625,59.5,60.5,8.61
1765482866.9597394,99,22,21,37,22,3.788745880126953,60.0,59.5,8.094
1765482867.1609085,99,22,21,37,22,3.788745880126953,60.0,59.5,8.094
1765482867.3622591,99,47,33,37,46,3.788349151611328,59.5,59.5,8.24
1765482867.5643888,99,47,33,37,46,3.788349151611328,59.5,59.5,8.24
1765482867.765604,99,47,33,37,46,3.788349151611328,59.5,59.5,8.24
1765482867.9822066,71,30,33,22,31,3.7889862060546875,58.5,60.5,6.118
1765482868.1844978,71,30,33,22,31,3.7889862060546875,58.5,60.5,6.118
1765482868.3860137,99,26,24,22,40,3.78851318359375,60.0,59.5,8.12
1765482868.5877476,99,26,24,22,40,3.78851318359375,60.0,59.5,8.12
1765482868.7918017,99,26,24,22,40,3.78851318359375,60.0,59.5,8.12
1765482868.9931715,99,36,33,22,39,3.78887939453125,59.5,60.5,7.854
1765482869.194437,99,36,33,22,39,3.78887939453125,59.5,60.5,7.854
1765482869.3956106,99,29,23,21,20,3.788585662841797,59.5,60.0,8.28
1765482869.5967705,99,29,23,21,20,3.788585662841797,59.5,60.0,8.28
1765482869.7979994,99,29,23,21,20,3.788585662841797,59.5,60.0,8.28
1765482869.9996655,99,37,32,51,25,3.790008544921875,59.5,60.0,8.544
1765482870.202926,99,37,32,51,25,3.790008544921875,59.5,60.0,8.544
1765482870.4046082,99,37,32,51,25,3.790008544921875,59.5,60.0,8.544
1765482870.6057117,99,14,20,18,18,3.7891769409179688,59.0,59.5,6.159
1765482870.8075662,99,14,20,18,18,3.7891769409179688,59.0,59.5,6.159
1765482871.0105004,99,31,34,53,36,3.7886009216308594,59.5,59.5,8.014
1765482871.2129974,99,31,34,53,36,3.7886009216308594,59.5,59.5,8.014
1765482871.4141455,99,31,34,53,36,3.7886009216308594,59.5,59.5,8.014
1765482871.616658,99,52,38,52,28,3.7888221740722656,59.5,60.5,8.465
1765482871.8198018,99,52,38,52,28,3.7888221740722656,59.5,60.5,8.465
1765482872.0214496,99,23,16,16,21,3.7892303466796875,59.5,59.5,7.747
1765482872.2231028,99,23,16,16,21,3.7892303466796875,59.5,59.5,7.747
1765482872.424253,99,23,16,16,21,3.7892303466796875,59.5,59.5,7.747
1765482872.625338,99,30,34,32,56,3.7890472412109375,59.5,60.0,8.133
1765482872.8265626,99,30,34,32,56,3.7890472412109375,59.5,60.0,8.133
1765482873.027703,83,40,61,28,39,3.7807884216308594,59.0,60.5,7.24
1765482873.2297697,83,40,61,28,39,3.7807884216308594,59.0,60.5,7.24
1765482873.4314284,83,40,61,28,39,3.7807884216308594,59.0,60.5,7.24
1765482873.6354892,99,42,23,25,29,3.7843704223632812,59.5,60.0,8.425
1765482873.8371232,99,42,23,25,29,3.7843704223632812,59.5,60.0,8.425
1765482874.038185,99,26,23,29,38,3.7851409912109375,59.5,60.0,8.24
1765482874.240297,99,26,23,29,38,3.7851409912109375,59.5,60.0,8.24
1765482874.4431198,99,26,23,29,38,3.7851409912109375,59.5,60.0,8.24
1765482874.6446075,95,25,19,23,24,3.78448486328125,59.0,59.5,6.007
1765482874.845564,95,25,19,23,24,3.78448486328125,59.0,59.5,6.007
1765482875.046952,99,28,35,40,60,3.7842674255371094,59.5,59.5,7.667
1765482875.2502024,99,28,35,40,60,3.7842674255371094,59.5,59.5,7.667
1765482875.4514923,99,28,35,40,60,3.7842674255371094,59.5,59.5,7.667
1765482875.6531231,99,29,39,30,31,3.784961700439453,59.5,60.5,7.974
1765482875.8549798,99,29,39,30,31,3.784961700439453,59.5,60.5,7.974
1765482876.0561688,99,26,20,32,19,3.784679412841797,59.5,59.5,7.854
1765482876.2570379,99,26,20,32,19,3.784679412841797,59.5,59.5,7.854
1765482876.4597955,99,26,20,32,19,3.784679412841797,59.5,59.5,7.854
1765482876.661505,99,37,28,32,48,3.7842788696289062,59.5,60.0,8.094
1765482876.862718,99,37,28,32,48,3.7842788696289062,59.5,60.0,8.094
1765482877.0637941,0,31,25,21,30,3.7848739624023438,59.5,59.5,5.411
1765482877.2650747,0,31,25,21,30,3.7848739624023438,59.5,59.5,5.411
1765482877.4664497,0,31,25,21,30,3.7848739624023438,59.5,59.5,5.411
1765482877.6678534,99,22,32,23,50,3.784687042236328,59.5,60.0,8.359
1765482877.8690805,99,22,32,23,50,3.784687042236328,59.5,60.0,8.359
1765482878.0702481,99,37,22,27,34,3.7845497131347656,59.5,60.5,7.934
1765482878.2714179,99,37,22,27,34,3.7845497131347656,59.5,60.5,7.934
1765482878.4743793,99,37,22,27,34,3.7845497131347656,59.5,60.5,7.934
1765482878.6757903,99,25,21,25,29,3.7845420837402344,59.5,60.0,8.24
1765482878.8769746,99,25,21,25,29,3.7845420837402344,59.5,60.0,8.24
1765482879.077877,99,38,32,63,30,3.784748077392578,60.0,60.5,8.664
1765482879.2791345,99,38,32,63,30,3.784748077392578,60.0,60.5,8.664
1765482879.480125,99,38,32,63,30,3.784748077392578,60.0,60.5,8.664
1765482879.6816545,54,30,22,14,18,3.78466796875,59.0,60.0,7.051
1765482879.8832593,54,30,22,14,18,3.78466796875,59.0,60.0,7.051
1765482880.0844495,54,30,22,14,18,3.78466796875,59.0,60.0,7.051
1765482880.2856054,99,46,27,31,37,3.7844200134277344,60.0,60.0,8.16
1765482880.487534,99,46,27,31,37,3.7844200134277344,60.0,60.0,8.16
1765482880.6908503,99,41,30,51,28,3.7847442626953125,60.0,60.0,8.2
1765482880.8927433,99,41,30,51,28,3.7847442626953125,60.0,60.0,8.2
1765482881.0942037,99,41,30,51,28,3.7847442626953125,60.0,60.0,8.2
1765482881.2954092,99,28,18,23,20,3.7850265502929688,59.5,60.5,8.2
1765482881.4970117,99,28,18,23,20,3.7850265502929688,59.5,60.5,8.2
1765482881.6985116,99,50,18,23,34,3.7847137451171875,60.0,60.0,8.014
1765482881.9005127,99,50,18,23,34,3.7847137451171875,60.0,60.0,8.014
1765482882.102227,99,50,18,23,34,3.7847137451171875,60.0,60.0,8.014
1765482882.3034801,99,38,37,31,25,3.7845191955566406,59.5,60.5,7.587
1765482882.504653,99,38,37,31,25,3.7845191955566406,59.5,60.5,7.587
1765482882.7067423,99,26,44,23,23,3.7841415405273438,60.0,59.5,8.094
1765482882.9083464,99,26,44,23,23,3.7841415405273438,60.0,59.5,8.094
1765482883.109869,99,26,44,23,23,3.7841415405273438,60.0,59.5,8.094
1765482883.311634,99,26,24,53,18,3.781963348388672,60.0,60.5,8.769
1765482883.5145342,99,26,24,53,18,3.781963348388672,60.0,60.5,8.769
1765482883.717347,18,26,16,24,26,3.7844924926757812,59.0,59.5,4.942
1765482883.9187355,18,26,16,24,26,3.7844924926757812,59.0,59.5,4.942
1765482884.1206121,18,26,16,24,26,3.7844924926757812,59.0,59.5,4.942
1765482884.3229902,99,40,50,36,34,3.7845077514648438,60.0,60.0,7.974
1765482884.5243843,99,40,50,36,34,3.7845077514648438,60.0,60.0,7.974
1765482884.7257922,99,36,33,40,34,3.7850379943847656,60.0,60.5,8.465
1765482884.9269826,99,36,33,40,34,3.7850379943847656,60.0,60.5,8.465
1765482885.1304479,99,36,33,40,34,3.7850379943847656,60.0,60.5,8.465
1765482885.3328896,99,20,12,27,25,3.7853050231933594,60.0,60.5,8.081
1765482885.5341752,99,20,12,27,25,3.7853050231933594,60.0,60.5,8.081
1765482885.7355394,99,30,25,25,56,3.784534454345703,59.5,60.0,8.014
1765482885.9369917,99,30,25,25,56,3.784534454345703,59.5,60.0,8.014
1765482886.1380208,99,30,25,25,56,3.784534454345703,59.5,60.0,8.014
1765482886.3391855,80,30,28,28,28,3.7846221923828125,59.5,60.0,6.511
1765482886.5404737,80,30,28,28,28,3.7846221923828125,59.5,60.0,6.511
1765482886.7415886,99,34,22,51,28,3.784862518310547,60.0,60.5,9.334
1765482886.9439037,99,34,22,51,28,3.784862518310547,60.0,60.5,9.334
1765482887.1454053,99,34,22,51,28,3.784862518310547,60.0,60.5,9.334
1765482887.3468745,99,18,23,36,42,3.7844886779785156,60.0,60.5,8.014
1765482887.5489378,99,18,23,36,42,3.7844886779785156,60.0,60.5,8.014
1765482887.7507386,99,29,22,16,25,3.7846298217773438,60.0,60.0,7.4
1765482887.952186,99,29,22,16,25,3.7846298217773438,60.0,60.0,7.4
1765482888.1532016,99,29,22,16,25,3.7846298217773438,60.0,60.0,7.4
1765482888.3555384,99,33,32,27,66,3.7850074768066406,60.0,60.5,8.544
1765482888.5581656,99,33,32,27,66,3.7850074768066406,60.0,60.5,8.544
1765482888.7633646,53,22,21,33,20,3.7850303649902344,59.5,60.5,6.891
1765482888.9649072,53,22,21,33,20,3.7850303649902344,59.5,60.5,6.891
1765482889.1681826,53,22,21,33,20,3.7850303649902344,59.5,60.5,6.891
1765482889.369852,99,33,34,41,28,3.783771514892578,60.0,60.0,8.054
1765482889.5711036,99,33,34,41,28,3.783771514892578,60.0,60.0,8.054
1765482889.7721558,99,38,40,43,62,3.7844581604003906,60.0,60.5,8.624
1765482889.9738474,99,38,40,43,62,3.7844581604003906,60.0,60.5,8.624
1765482890.17571,99,38,40,43,62,3.7844581604003906,60.0,60.5,8.624
1765482890.3769493,99,24,23,22,28,3.784881591796875,59.5,60.5,7.091
1765482890.5783892,99,24,23,22,28,3.784881591796875,59.5,60.5,7.091
1765482890.7794626,99,24,23,22,28,3.784881591796875,59.5,60.5,7.091
1765482890.9806821,99,28,22,28,40,3.784912109375,60.0,59.5,7.707
1765482891.1821778,99,28,22,28,40,3.784912109375,60.0,59.5,7.707
1765482891.3838422,99,38,42,32,26,3.7845993041992188,60.0,60.5,8.094
1765482891.585187,99,38,42,32,26,3.7845993041992188,60.0,60.5,8.094
1765482891.786879,99,38,42,32,26,3.7845993041992188,60.0,60.5,8.094
1765482891.987907,99,28,18,19,20,3.784839630126953,60.0,60.0,8.28
1765482892.1889846,99,28,18,19,20,3.784839630126953,60.0,60.0,8.28
1765482892.3901296,99,31,30,38,44,3.785602569580078,60.0,60.5,8.584
1765482892.592324,99,31,30,38,44,3.785602569580078,60.0,60.5,8.584
1765482892.7938573,99,31,30,38,44,3.785602569580078,60.0,60.5,8.584
1765482892.9951317,99,25,14,25,12,3.7847251892089844,59.5,60.0,6.77
1765482893.1973975,99,25,14,25,12,3.7847251892089844,59.5,60.0,6.77
1765482893.3995984,99,48,28,42,31,3.784229278564453,60.0,60.0,8.319
1765482893.6008763,99,48,28,42,31,3.784229278564453,60.0,60.0,8.319
1765482893.8023138,99,48,28,42,31,3.784229278564453,60.0,60.0,8.319
1765482894.0038118,99,34,40,38,52,3.7846603393554688,59.5,60.0,8.28
1765482894.205495,99,34,40,38,52,3.7846603393554688,59.5,60.0,8.28
1765482894.4064956,99,26,20,17,28,3.785369873046875,60.0,60.5,7.934
1765482894.6075914,99,26,20,17,28,3.785369873046875,60.0,60.5,7.934
1765482894.808899,99,26,20,17,28,3.785369873046875,60.0,60.5,7.934
1765482895.0102582,99,35,45,38,26,3.7846298217773438,60.5,60.5,7.894
1765482895.211842,99,35,45,38,26,3.7846298217773438,60.5,60.5,7.894
1765482895.4133077,95,27,27,28,28,3.7849388122558594,60.0,60.5,6.85
1765482895.6150765,95,27,27,28,28,3.7849388122558594,60.0,60.5,6.85
1765482895.8164752,95,27,27,28,28,3.7849388122558594,60.0,60.5,6.85
1765482896.0186083,99,26,32,38,28,3.7850303649902344,60.0,60.5,8.624
1765482896.219995,99,26,32,38,28,3.7850303649902344,60.0,60.5,8.624
1765482896.4211977,99,20,28,40,16,3.7853355407714844,60.0,60.0,7.934
1765482896.6235206,99,20,28,40,16,3.7853355407714844,60.0,60.0,7.934
1765482896.8258016,99,20,28,40,16,3.7853355407714844,60.0,60.0,7.934
1765482897.0358365,99,27,24,18,28,3.7851219177246094,59.5,60.0,6.199
1765482897.2369015,99,27,24,18,28,3.7851219177246094,59.5,60.0,6.199
1765482897.4385188,99,33,66,28,28,3.7855377197265625,60.0,60.5,7.974
1765482897.639691,99,33,66,28,28,3.7855377197265625,60.0,60.5,7.974
1765482897.8456838,99,33,66,28,28,3.7855377197265625,60.0,60.5,7.974
1765482898.052012,99,30,31,40,40,3.7858734130859375,60.0,61.0,8.544
1765482898.2543962,99,30,31,40,40,3.7858734130859375,60.0,61.0,8.544
1765482898.457764,99,26,18,32,18,3.7853927612304688,60.0,60.5,8.014
1765482898.6592257,99,26,18,32,18,3.7853927612304688,60.0,60.5,8.014
1765482898.8602993,99,26,18,32,18,3.7853927612304688,60.0,60.5,8.014
1765482899.0626118,99,32,55,28,40,3.785320281982422,60.0,60.5,8.2
1765482899.2638714,99,32,55,28,40,3.785320281982422,60.0,60.5,8.2
1765482899.4648502,97,24,29,31,23,3.785186767578125,59.5,60.0,6.54
1765482899.667858,97,24,29,31,23,3.785186767578125,59.5,60.0,6.54
1765482899.8695524,97,24,29,31,23,3.785186767578125,59.5,60.0,6.54
1765482900.0707884,99,28,44,22,20,3.785839080810547,60.0,60.5,8.584
1765482900.2718518,99,28,44,22,20,3.785839080810547,60.0,60.5,8.584
1765482900.4728925,99,34,26,44,40,3.7849197387695312,60.0,61.0,8.319
1765482900.6741283,99,34,26,44,40,3.7849197387695312,60.0,61.0,8.319
1765482900.8762546,99,34,26,44,40,3.7849197387695312,60.0,61.0,8.319
1765482901.0777717,99,23,25,24,20,3.7852630615234375,60.5,60.0,7.587
1765482901.2791367,99,23,25,24,20,3.7852630615234375,60.5,60.0,7.587
1765482901.4800696,99,32,26,64,30,3.785381317138672,60.0,61.0,8.425
1765482901.682367,99,32,26,64,30,3.785381317138672,60.0,61.0,8.425
1765482901.8836808,99,32,26,64,30,3.785381317138672,60.0,61.0,8.425
1765482902.0849624,42,20,12,28,18,3.7853355407714844,59.5,60.5,6.46
1765482902.2867446,42,20,12,28,18,3.7853355407714844,59.5,60.5,6.46
1765482902.4880855,42,20,12,28,18,3.7853355407714844,59.5,60.5,6.46
1765482902.689123,99,32,36,29,48,3.7853927612304688,60.0,60.0,8.385
1765482902.890325,99,32,36,29,48,3.7853927612304688,60.0,60.0,8.385
1765482903.0913517,99,30,43,43,46,3.7850570678710938,60.0,60.5,8.346
1765482903.293823,99,30,43,43,46,3.7850570678710938,60.0,60.5,8.346
1765482903.495419,99,30,43,43,46,3.7850570678710938,60.0,60.5,8.346
1765482903.6966157,99,20,23,16,30,3.785816192626953,60.0,60.5,7.747
1765482903.8990982,99,20,23,16,30,3.785816192626953,60.0,60.5,7.747
1765482904.1014426,99,45,24,28,36,3.7847824096679688,60.0,60.0,8.014
1765482904.302914,99,45,24,28,36,3.7847824096679688,60.0,60.0,8.014
1765482904.5041654,99,45,24,28,36,3.7847824096679688,60.0,60.0,8.014
1765482904.7056305,99,43,34,26,32,3.785400390625,60.0,60.5,7.775
1765482904.9066265,99,43,34,26,32,3.785400390625,60.0,60.5,7.775
1765482905.1076493,99,24,25,18,35,3.7853546142578125,60.0,60.5,7.854
1765482905.308728,99,24,25,18,35,3.7853546142578125,60.0,60.5,7.854
1765482905.5101998,99,24,25,18,35,3.7853546142578125,60.0,60.5,7.854
1765482905.7118182,99,28,32,27,48,3.7855186462402344,60.0,61.0,8.928
1765482905.9135566,99,28,32,27,48,3.7855186462402344,60.0,61.0,8.928
1765482906.1147099,6,30,20,17,21,3.7851524353027344,59.5,61.0,5.217
1765482906.315822,6,30,20,17,21,3.7851524353027344,59.5,61.0,5.217
1765482906.51723,6,30,20,17,21,3.7851524353027344,59.5,61.0,5.217
1765482906.7192614,99,31,46,40,40,3.7852821350097656,60.5,60.5,8.12
1765482906.9204478,99,31,46,40,40,3.7852821350097656,60.5,60.5,8.12
1765482907.1215615,99,34,39,28,40,3.7858924865722656,60.0,61.5,8.584
1765482907.3231194,99,34,39,28,40,3.7858924865722656,60.0,61.5,8.584
1765482907.5254135,99,34,39,28,40,3.7858924865722656,60.0,61.5,8.584
1765482907.7267172,99,26,26,13,15,3.7849273681640625,60.0,60.0,8.12
1765482907.928133,99,26,26,13,15,3.7849273681640625,60.0,60.0,8.12
1765482908.1293926,99,38,26,42,38,3.785137176513672,60.0,60.5,7.934
1765482908.3309436,99,38,26,42,38,3.785137176513672,60.0,60.5,7.934
1765482908.531878,99,38,26,42,38,3.785137176513672,60.0,60.5,7.934
1765482908.7330346,85,28,27,28,35,3.78515625,60.0,60.5,7.091
1765482908.935874,85,28,27,28,35,3.78515625,60.0,60.5,7.091
1765482909.1373742,99,47,28,24,32,3.7930526733398438,60.5,61.0,8.888
1765482909.3407876,99,47,28,24,32,3.7930526733398438,60.5,61.0,8.888
1765482909.542451,99,47,28,24,32,3.7930526733398438,60.5,61.0,8.888
1765482909.7435522,99,40,42,27,16,3.798023223876953,60.0,60.5,7.36
1765482909.945209,99,40,42,27,16,3.798023223876953,60.0,60.5,7.36
1765482910.1465483,99,21,36,28,18,3.7982330322265625,60.0,60.5,7.854
1765482910.3474941,99,21,36,28,18,3.7982330322265625,60.0,60.5,7.854
1765482910.54878,99,21,36,28,18,3.7982330322265625,60.0,60.5,7.854
1765482910.7503378,99,70,37,32,36,3.7969589233398438,60.5,61.0,9.032
1765482910.9518225,99,70,37,32,36,3.7969589233398438,60.5,61.0,9.032
1765482911.1528194,99,70,37,32,36,3.7969589233398438,60.5,61.0,9.032
1765482911.354062,11,26,25,18,10,3.798542022705078,59.5,60.5,5.957
1765482911.5550992,11,26,25,18,10,3.798542022705078,59.5,60.5,5.957
1765482911.757205,99,34,33,49,35,3.797740936279297,60.0,60.5,7.814
1765482911.958381,99,34,33,49,35,3.797740936279297,60.0,60.5,7.814
1765482912.1595685,99,34,33,49,35,3.797740936279297,60.0,60.5,7.814
1765482912.3610218,99,25,42,49,29,3.798614501953125,60.0,60.5,7.934
1765482912.562561,99,25,42,49,29,3.798614501953125,60.0,60.5,7.934
1765482912.764175,99,28,28,26,18,3.7991905212402344,60.0,60.5,9.032
1765482912.9658759,99,28,28,26,18,3.7991905212402344,60.0,60.5,9.032
1765482913.1681676,99,28,28,26,18,3.7991905212402344,60.0,60.5,9.032
1765482913.3694682,99,35,22,16,41,3.7983932495117188,60.0,60.0,7.507
1765482913.572355,99,35,22,16,41,3.7983932495117188,60.0,60.0,7.507
1765482913.7738578,99,39,28,17,29,3.798450469970703,59.5,60.5,6.39
1765482913.9749522,99,39,28,17,29,3.798450469970703,59.5,60.5,6.39
1765482914.1770167,99,39,28,17,29,3.798450469970703,59.5,60.5,6.39
1765482914.3798897,99,46,26,28,25,3.7984542846679688,60.0,60.5,8.2
1765482914.5812771,99,46,26,28,25,3.7984542846679688,60.0,60.5,8.2
1765482914.7828326,99,28,29,60,41,3.79876708984375,60.5,61.0,8.769
1765482914.9857166,99,28,29,60,41,3.79876708984375,60.5,61.0,8.769
1765482915.1890442,99,28,29,60,41,3.79876708984375,60.5,61.0,8.769
1765482915.3948026,99,26,17,18,17,3.798839569091797,60.0,60.5,7.051
1765482915.5959089,99,26,17,18,17,3.798839569091797,60.0,60.5,7.051
1765482915.797881,99,29,46,43,36,3.7986373901367188,60.0,60.5,8.014
1765482916.000425,99,29,46,43,36,3.7986373901367188,60.0,60.5,8.014
1765482916.2016795,99,29,46,43,36,3.7986373901367188,60.0,60.5,8.014
1765482916.4026835,99,45,19,36,23,3.7981300354003906,59.5,61.0,7.32
1765482916.6042447,99,45,19,36,23,3.7981300354003906,59.5,61.0,7.32
1765482916.8058834,99,29,24,38,21,3.7991180419921875,60.5,61.0,8.544
1765482917.0074167,99,29,24,38,21,3.7991180419921875,60.5,61.0,8.544
1765482917.2088246,99,29,24,38,21,3.7991180419921875,60.5,61.0,8.544
1765482917.410106,99,30,50,27,20,3.7987213134765625,60.0,60.5,8.385
1765482917.61152,99,30,50,27,20,3.7987213134765625,60.0,60.5,8.385
1765482917.8127968,99,24,27,22,21,3.798736572265625,59.5,60.0,5.371
1765482918.0143728,99,24,27,22,21,3.798736572265625,59.5,60.0,5.371
1765482918.2156076,99,24,27,22,21,3.798736572265625,59.5,60.0,5.371
1765482918.417476,99,33,32,30,50,3.7989845275878906,60.5,61.0,8.24
1765482918.6189363,99,33,32,30,50,3.7989845275878906,60.5,61.0,8.24
1765482918.820139,99,24,42,24,21,3.7988662719726562,60.0,61.5,8.399
1765482919.021803,99,24,42,24,21,3.7988662719726562,60.0,61.5,8.399
1765482919.2249503,99,24,42,24,21,3.7988662719726562,60.0,61.5,8.399
1765482919.4262707,99,27,32,28,23,3.798828125,60.5,60.5,8.12
1765482919.627465,99,27,32,28,23,3.798828125,60.5,60.5,8.12
1765482919.8284411,99,51,36,54,38,3.798664093017578,60.5,61.5,8.729
1765482920.030759,99,51,36,54,38,3.798664093017578,60.5,61.5,8.729
1765482920.2321763,99,51,36,54,38,3.798664093017578,60.5,61.5,8.729
1765482920.433347,66,27,28,20,32,3.7994537353515625,59.5,61.5,6.781
1765482920.6354237,66,27,28,20,32,3.7994537353515625,59.5,61.5,6.781
1765482920.83661,66,27,28,20,32,3.7994537353515625,59.5,61.5,6.781
1765482921.038103,99,26,28,44,30,3.798797607421875,60.0,60.5,8.2
1765482921.2392304,99,26,28,44,30,3.798797607421875,60.0,60.5,8.2
1765482921.4408715,99,32,62,34,20,3.7990493774414062,60.0,61.0,8.12
1765482921.6423259,99,32,62,34,20,3.7990493774414062,60.0,61.0,8.12
1765482921.8434942,99,32,62,34,20,3.7990493774414062,60.0,61.0,8.12
1765482922.04472,99,29,17,23,22,3.7989044189453125,60.5,60.5,7.787
1765482922.2464502,99,29,17,23,22,3.7989044189453125,60.5,60.5,7.787
1765482922.447619,99,21,51,28,25,3.7996444702148438,60.0,61.0,8.425
1765482922.6495876,99,21,51,28,25,3.7996444702148438,60.0,61.0,8.425
1765482922.852241,99,21,51,28,25,3.7996444702148438,60.0,61.0,8.425
1765482923.0533488,99,26,26,36,26,3.7991409301757812,60.0,61.0,7.428
1765482923.255288,99,26,26,36,26,3.7991409301757812,60.0,61.0,7.428
1765482923.4573135,99,26,26,36,17,3.7990493774414062,60.5,60.5,8.12
1765482923.658863,99,26,26,36,17,3.7990493774414062,60.5,60.5,8.12
1765482923.8599424,99,26,26,36,17,3.7990493774414062,60.5,60.5,8.12
1765482924.0630627,99,30,46,52,32,3.799175262451172,60.5,61.5,9.151
1765482924.2668831,99,30,46,52,32,3.799175262451172,60.5,61.5,9.151
1765482924.4685907,0,22,29,17,8,3.7993087768554688,59.5,60.0,5.33
1765482924.6702056,0,22,29,17,8,3.7993087768554688,59.5,60.0,5.33
1765482924.8718863,0,22,29,17,8,3.7993087768554688,59.5,60.0,5.33
1765482925.0769098,99,41,36,48,32,3.7983360290527344,60.5,61.0,8.16
1765482925.2781296,99,41,36,48,32,3.7983360290527344,60.5,61.0,8.16
1765482925.479424,99,44,35,34,44,3.7982139587402344,60.5,60.5,8.054
1765482925.68215,99,44,35,34,44,3.7982139587402344,60.5,60.5,8.054
1765482925.883536,99,44,35,34,44,3.7982139587402344,60.5,60.5,8.054
1765482926.0850835,99,24,27,12,22,3.7991065979003906,60.5,61.0,8.888
1765482926.2867231,99,24,27,12,22,3.7991065979003906,60.5,61.0,8.888
1765482926.4880676,99,23,39,26,28,3.7983322143554688,60.5,60.5,7.627
1765482926.689572,99,23,39,26,28,3.7983322143554688,60.5,60.5,7.627
1765482926.8908033,99,23,39,26,28,3.7983322143554688,60.5,60.5,7.627
1765482927.0924416,98,29,21,38,31,3.7983169555664062,60.5,61.0,6.269
1765482927.2936385,98,29,21,38,31,3.7983169555664062,60.5,61.0,6.269
1765482927.4957538,99,22,28,19,44,3.7988319396972656,60.5,60.5,8.28
1765482927.6967518,99,22,28,19,44,3.7988319396972656,60.5,60.5,8.28
1765482927.8979385,99,22,28,19,44,3.7988319396972656,60.5,60.5,8.28
1765482928.09935,99,25,58,22,29,3.7992019653320312,60.5,61.0,8.689
1765482928.3014793,99,25,58,22,29,3.7992019653320312,60.5,61.0,8.689
1765482928.5025713,99,20,14,25,18,3.797893524169922,60.0,60.5,7.2
1765482928.7051184,99,20,14,25,18,3.797893524169922,60.0,60.5,7.2
1765482928.9137907,99,20,14,25,18,3.797893524169922,60.0,60.5,7.2
1765482929.115853,99,50,44,34,48,3.7985572814941406,60.5,60.5,7.934
1765482929.3169167,99,50,44,34,48,3.7985572814941406,60.5,60.5,7.934
1765482929.5179787,99,44,27,32,28,3.7993087768554688,60.0,61.5,8.094
1765482929.7206545,99,44,27,32,28,3.7993087768554688,60.0,61.5,8.094
1765482929.9235532,99,44,27,32,28,3.7993087768554688,60.0,61.5,8.094
1765482930.1249802,99,23,18,29,17,3.7987594604492188,60.5,60.5,7.667
1765482930.3262603,99,23,18,29,17,3.7987594604492188,60.5,60.5,7.667
1765482930.5273852,99,48,33,36,22,3.798595428466797,60.5,61.0,8.2
1765482930.7286184,99,48,33,36,22,3.798595428466797,60.5,61.0,8.2
1765482930.9304159,99,48,33,36,22,3.798595428466797,60.5,61.0,8.2
1765482931.1316996,94,26,28,27,25,3.7981529235839844,60.0,61.0,6.229
1765482931.3333163,94,26,28,27,25,3.7981529235839844,60.0,61.0,6.229
1765482931.5347726,94,26,28,27,25,3.7981529235839844,60.0,61.0,6.229
1765482931.7373376,99,27,28,33,48,3.799072265625,61.0,61.5,8.992
1765482931.9389596,99,27,28,33,48,3.799072265625,61.0,61.5,8.992
1765482932.1402326,99,19,24,42,34,3.7984085083007812,61.0,61.0,8.014
1765482932.3417857,99,19,24,42,34,3.7984085083007812,61.0,61.0,8.014
1765482932.5433261,99,19,24,42,34,3.7984085083007812,61.0,61.0,8.014
1765482932.7443993,99,23,28,20,19,3.7984886169433594,61.0,61.0,7.894
1765482932.9455464,99,23,28,20,19,3.7984886169433594,61.0,61.0,7.894
1765482933.1470723,99,30,48,53,31,3.79888916015625,61.0,61.0,8.385
1765482933.34888,99,30,48,53,31,3.79888916015625,61.0,61.0,8.385
1765482933.550508,99,30,48,53,31,3.79888916015625,61.0,61.0,8.385
1765482933.7515879,58,27,20,21,16,3.7995567321777344,60.0,61.0,6.43
1765482933.9536257,58,27,20,21,16,3.7995567321777344,60.0,61.0,6.43
1765482934.156036,99,49,32,26,31,3.7988624572753906,61.0,61.0,8.24
1765482934.3572512,99,49,32,26,31,3.7988624572753906,61.0,61.0,8.24
1765482934.5584524,99,49,32,26,31,3.7988624572753906,61.0,61.0,8.24
1765482934.7596157,99,34,46,25,46,3.7987747192382812,60.0,61.0,8.24
1765482934.9607923,99,34,46,25,46,3.7987747192382812,60.0,61.0,8.24
1765482935.1673386,99,22,26,24,23,3.799327850341797,60.5,61.0,8.12
1765482935.3683934,99,22,26,24,23,3.799327850341797,60.5,61.0,8.12
1765482935.5705657,99,22,26,24,23,3.799327850341797,60.5,61.0,8.12
1765482935.7717485,99,50,18,23,16,3.7988357543945312,61.0,61.0,7.707
1765482935.9735074,99,50,18,23,16,3.7988357543945312,61.0,61.0,7.707
1765482936.1746573,34,24,22,45,31,3.798717498779297,60.0,61.0,5.957
1765482936.376008,34,24,22,45,31,3.798717498779297,60.0,61.0,5.957
1765482936.5783217,34,24,22,45,31,3.798717498779297,60.0,61.0,5.957
1765482936.781509,99,29,26,26,42,3.7978897094726562,61.0,60.5,8.385
1765482936.983156,99,29,26,26,42,3.7978897094726562,61.0,60.5,8.385
1765482937.1843107,99,36,38,40,28,3.7989578247070312,60.5,61.0,8.544
1765482937.3857048,99,36,38,40,28,3.7989578247070312,60.5,61.0,8.544
1765482937.5876017,99,36,38,40,28,3.7989578247070312,60.5,61.0,8.544
1765482937.788848,99,25,21,26,14,3.798938751220703,61.0,60.5,7.787
1765482937.9903166,99,25,21,26,14,3.798938751220703,61.0,60.5,7.787
1765482938.1928031,99,26,46,36,28,3.7984962463378906,60.5,60.5,7.587
1765482938.3954375,99,26,46,36,28,3.7984962463378906,60.5,60.5,7.587
1765482938.596656,99,26,46,36,28,3.7984962463378906,60.5,60.5,7.587
1765482938.7978435,87,31,17,31,24,3.7984237670898438,60.5,60.5,6.39
1765482938.9993963,87,31,17,31,24,3.7984237670898438,60.5,60.5,6.39
1765482939.20058,99,30,27,41,29,3.7994308471679688,61.0,61.0,8.808
1765482939.4021924,99,30,27,41,29,3.7994308471679688,61.0,61.0,8.808
1765482939.6037204,99,30,27,41,29,3.7994308471679688,61.0,61.0,8.808
1765482939.8050857,99,28,29,42,34,3.7990493774414062,60.5,61.0,8.319
1765482940.0063694,99,28,29,42,34,3.7990493774414062,60.5,61.0,8.319
1765482940.2075188,99,28,29,42,34,3.7990493774414062,60.5,61.0,8.319
1765482940.4087055,99,26,20,12,21,3.7985763549804688,60.5,61.0,7.48
1765482940.6098049,99,26,20,12,21,3.7985763549804688,60.5,61.0,7.48
1765482940.8123994,99,35,30,56,28,3.799022674560547,61.0,61.5,8.425
1765482941.0146096,99,35,30,56,28,3.799022674560547,61.0,61.5,8.425
1765482941.2169852,99,35,30,56,28,3.799022674560547,61.0,61.5,8.425
1765482941.4181638,99,28,25,32,12,3.7986068725585938,60.0,61.5,7.547
1765482941.6201644,99,28,25,32,12,3.7986068725585938,60.0,61.5,7.547
1765482941.8223064,99,27,37,24,35,3.799285888671875,61.0,61.0,7.787
1765482942.0240705,99,27,37,24,35,3.799285888671875,61.0,61.0,7.787
1765482942.2253768,99,27,37,24,35,3.799285888671875,61.0,61.0,7.787
1765482942.4275312,99,37,49,39,35,3.799285888671875,61.0,61.0,8.505
1765482942.6290402,99,37,49,39,35,3.799285888671875,61.0,61.0,8.505
1765482942.8301313,99,21,16,32,21,3.799896240234375,60.5,60.5,6.239
1765482943.0316782,99,21,16,32,21,3.799896240234375,60.5,60.5,6.239
1765482943.2331476,99,21,16,32,21,3.799896240234375,60.5,60.5,6.239
1765482943.435179,99,26,43,30,28,3.7988128662109375,61.0,61.0,7.667
1765482943.6362152,99,26,43,30,28,3.7988128662109375,61.0,61.0,7.667
1765482943.8373015,99,30,34,36,30,3.7990493774414062,60.5,61.5,7.894
1765482944.038397,99,30,34,36,30,3.7990493774414062,60.5,61.5,7.894
1765482944.239818,99,30,34,36,30,3.7990493774414062,60.5,61.5,7.894
1765482944.441063,99,36,28,18,22,3.7994003295898438,61.0,61.0,8.094
1765482944.642304,99,36,28,18,22,3.7994003295898438,61.0,61.0,8.094
1765482944.8436532,99,35,90,36,64,3.7978363037109375,60.5,62.0,9.674
1765482945.0447965,99,35,90,36,64,3.7978363037109375,60.5,62.0,9.674
1765482945.2464771,99,35,90,36,64,3.7978363037109375,60.5,62.0,9.674
1765482945.4480221,2,30,54,14,20,3.7912254333496094,60.0,61.0,5.492
1765482945.6489666,2,30,54,14,20,3.7912254333496094,60.0,61.0,5.492
1765482945.8504784,99,33,41,30,54,3.7932395935058594,60.5,61.5,8.359
1765482946.0538204,99,33,41,30,54,3.7932395935058594,60.5,61.5,8.359
1765482946.2559752,99,33,41,30,54,3.7932395935058594,60.5,61.5,8.359
1765482946.4571629,99,36,33,46,30,3.794452667236328,60.5,61.5,8.465
1765482946.6588144,99,36,33,46,30,3.794452667236328,60.5,61.5,8.465
1765482946.8599808,99,30,14,21,19,3.793548583984375,61.0,61.0,8.054
1765482947.0611181,99,30,14,21,19,3.793548583984375,61.0,61.0,8.054
1765482947.2626736,99,30,14,21,19,3.793548583984375,61.0,61.0,8.054
1765482947.4646373,99,40,28,25,50,3.7932357788085938,61.0,60.5,8.054
1765482947.6663501,99,40,28,25,50,3.7932357788085938,61.0,60.5,8.054
1765482947.8676007,65,24,34,27,32,3.7937240600585938,60.5,61.5,6.781
1765482948.0708265,65,24,34,27,32,3.7937240600585938,60.5,61.5,6.781
1765482948.2725275,65,24,34,27,32,3.7937240600585938,60.5,61.5,6.781
1765482948.474051,99,32,41,25,20,3.7943153381347656,61.0,61.5,9.072
1765482948.6750212,99,32,41,25,20,3.7943153381347656,61.0,61.5,9.072
1765482948.8759263,99,26,54,21,27,3.7936058044433594,60.5,61.0,8.28
1765482949.0768259,99,26,54,21,27,3.7936058044433594,60.5,61.0,8.28
1765482949.279847,99,26,54,21,27,3.7936058044433594,60.5,61.0,8.28
1765482949.4815927,99,22,25,25,25,3.7935867309570312,60.5,61.0,7.547
1765482949.6828306,99,22,25,25,25,3.7935867309570312,60.5,61.0,7.547
1765482949.88374,99,22,25,25,25,3.7935867309570312,60.5,61.0,7.547
1765482950.0855348,99,37,32,48,49,3.7938499450683594,60.5,61.0,8.703
1765482950.2867355,99,37,32,48,49,3.7938499450683594,60.5,61.0,8.703
1765482950.4880087,99,26,39,32,28,3.7945022583007812,60.5,62.0,8.28
1765482950.6892006,99,26,39,32,28,3.7945022583007812,60.5,62.0,8.28
1765482950.89088,99,26,39,32,28,3.7945022583007812,60.5,62.0,8.28
1765482951.0923169,99,30,26,21,37,3.7931861877441406,61.0,61.0,8.094
1765482951.2934034,99,30,26,21,37,3.7931861877441406,61.0,61.0,8.094
1765482951.4956496,99,34,24,43,39,3.793346405029297,61.0,61.0,8.16
1765482951.69924,99,34,24,43,39,3.793346405029297,61.0,61.0,8.16
1765482951.900629,99,34,24,43,39,3.793346405029297,61.0,61.0,8.16
1765482952.1017835,53,31,28,24,22,3.7932395935058594,60.5,61.0,6.54
1765482952.3033183,53,31,28,24,22,3.7932395935058594,60.5,61.0,6.54
1765482952.5045578,99,22,31,20,43,3.7938804626464844,61.0,61.0,8.385
1765482952.7070343,99,22,31,20,43,3.7938804626464844,61.0,61.0,8.385
1765482952.9086733,99,22,31,20,43,3.7938804626464844,61.0,61.0,8.385
1765482953.111137,99,29,47,28,25,3.793834686279297,60.5,61.0,8.12
1765482953.3124554,99,29,47,28,25,3.793834686279297,60.5,61.0,8.12
1765482953.5145411,99,30,24,26,19,3.7939529418945312,61.0,61.0,7.854
1765482953.7159035,99,30,24,26,19,3.7939529418945312,61.0,61.0,7.854
1765482953.9169273,99,30,24,26,19,3.7939529418945312,61.0,61.0,7.854
1765482954.1191652,99,35,28,57,30,3.7948265075683594,61.0,61.5,8.808
1765482954.322813,99,35,28,57,30,3.7948265075683594,61.0,61.5,8.808
1765482954.5243943,26,14,22,32,16,3.7938194274902344,60.5,61.0,6.159
1765482954.7326987,26,14,22,32,16,3.7938194274902344,60.5,61.0,6.159
1765482954.9350932,26,14,22,32,16,3.7938194274902344,60.5,61.0,6.159
1765482955.1365905,99,37,37,33,50,3.7938461303710938,61.5,61.5,8.12
1765482955.3380904,99,37,37,33,50,3.7938461303710938,61.5,61.5,8.12
1765482955.5391564,99,36,47,41,51,3.792491912841797,61.0,61.5,8.425
1765482955.741266,99,36,47,41,51,3.792491912841797,61.0,61.5,8.425
1765482955.942886,99,36,47,41,51,3.792491912841797,61.0,61.5,8.425
1765482956.1439476,99,21,12,24,16,3.793701171875,61.0,61.0,7.974
1765482956.3450713,99,21,12,24,16,3.793701171875,61.0,61.0,7.974
1765482956.5465205,99,46,30,32,17,3.792724609375,61.0,61.0,7.787
1765482956.7477484,99,46,30,32,17,3.792724609375,61.0,61.0,7.787
1765482956.9487655,99,46,30,32,17,3.792724609375,61.0,61.0,7.787
1765482957.1502311,99,31,40,27,45,3.793132781982422,60.5,62.0,7.468
1765482957.3512456,99,31,40,27,45,3.793132781982422,60.5,62.0,7.468
1765482957.5521882,99,25,20,38,31,3.7931747436523438,61.5,61.5,8.584
1765482957.7532938,99,25,20,38,31,3.7931747436523438,61.5,61.5,8.584
1765482957.9545214,99,25,20,38,31,3.7931747436523438,61.5,61.5,8.584
1765482958.1570115,99,20,30,16,34,3.793384552001953,61.0,61.0,8.319
1765482958.3600824,99,20,30,16,34,3.793384552001953,61.0,61.0,8.319
1765482958.5613685,74,28,25,26,22,3.7929611206054688,60.5,60.5,5.33
1765482958.7626684,74,28,25,26,22,3.7929611206054688,60.5,60.5,5.33
1765482958.963782,74,28,25,26,22,3.7929611206054688,60.5,60.5,5.33
1765482959.1658328,99,30,62,36,33,3.7932777404785156,61.0,61.0,8.014
1765482959.3671234,99,30,62,36,33,3.7932777404785156,61.0,61.0,8.014
1765482959.5688307,99,30,62,36,33,3.7932777404785156,61.0,61.0,8.014
1765482959.770864,99,32,35,36,28,3.7933616638183594,61.0,62.0,8.584
1765482959.9745867,99,32,35,36,28,3.7933616638183594,61.0,62.0,8.584
1765482960.1761055,99,26,26,36,20,3.7928733825683594,61.0,61.5,8.465
1765482960.3773413,99,26,26,36,20,3.7928733825683594,61.0,61.5,8.465
1765482960.5787349,99,26,26,36,20,3.7928733825683594,61.0,61.5,8.465
1765482960.7811182,99,38,31,33,62,3.7924423217773438,61.0,61.5,8.054
1765482960.9828367,99,38,31,33,62,3.7924423217773438,61.0,61.5,8.054
1765482961.184024,99,31,34,22,22,3.793121337890625,60.5,61.0,7.32
1765482961.3863866,99,31,34,22,22,3.793121337890625,60.5,61.0,7.32
1765482961.588739,99,31,34,22,22,3.793121337890625,60.5,61.0,7.32
1765482961.791246,99,20,26,23,40,3.794464111328125,61.5,61.5,8.769
1765482961.9938202,99,20,26,23,40,3.794464111328125,61.5,61.5,8.769
1765482962.1973076,99,33,29,28,50,3.792999267578125,61.0,61.5,8.2
1765482962.3988135,99,33,29,28,50,3.792999267578125,61.0,61.5,8.2
1765482962.600988,99,33,29,28,50,3.792999267578125,61.0,61.5,8.2
1765482962.8040514,99,16,24,14,27,3.793193817138672,61.0,61.0,7.171
1765482963.0051908,99,16,24,14,27,3.793193817138672,61.0,61.0,7.171
1765482963.2072349,99,24,61,24,26,3.7933425903320312,61.0,61.5,8.12
1765482963.4088564,99,24,61,24,26,3.7933425903320312,61.0,61.5,8.12
1765482963.610932,99,24,61,24,26,3.7933425903320312,61.0,61.5,8.12
1765482963.812262,99,23,32,22,29,3.7928848266601562,61.0,62.0,8.12
1765482964.0141501,99,23,32,22,29,3.7928848266601562,61.0,62.0,8.12
1765482964.2154584,99,30,30,20,38,3.7934608459472656,61.0,61.5,7.894
1765482964.416721,99,30,30,20,38,3.7934608459472656,61.0,61.5,7.894
1765482964.618148,99,30,30,20,38,3.7934608459472656,61.0,61.5,7.894
1765482964.8195045,99,45,44,42,51,3.7930335998535156,61.0,61.0,8.584
1765482965.0215771,99,45,44,42,51,3.7930335998535156,61.0,61.0,8.584
1765482965.2233446,11,26,31,22,28,3.7939453125,60.0,62.0,6.621
1765482965.4244018,11,26,31,22,28,3.7939453125,60.0,62.0,6.621
1765482965.6266818,11,26,31,22,28,3.7939453125,60.0,62.0,6.621
1765482965.8281631,99,30,24,18,45,3.7931594848632812,61.0,61.5,8.054
1765482966.0292745,99,30,24,18,45,3.7931594848632812,61.0,61.5,8.054
1765482966.2304726,99,52,32,43,26,3.7931442260742188,61.0,62.0,8.054
1765482966.4314468,99,52,32,43,26,3.7931442260742188,61.0,62.0,8.054
1765482966.6325345,99,52,32,43,26,3.7931442260742188,61.0,62.0,8.054
1765482966.83353,99,28,24,22,22,3.793365478515625,61.0,61.0,7.894
1765482967.034498,99,28,24,22,22,3.793365478515625,61.0,61.0,7.894
1765482967.235614,99,28,24,22,22,3.793365478515625,61.0,61.0,7.894
1765482967.4381194,99,28,58,27,29,3.7940902709960938,61.0,62.0,8.584
1765482967.6392455,99,28,58,27,29,3.7940902709960938,61.0,62.0,8.584
1765482967.8403885,18,24,30,20,26,3.7933349609375,60.5,61.0,6.269
1765482968.041524,18,24,30,20,26,3.7933349609375,60.5,61.0,6.269
1765482968.2440434,18,24,30,20,26,3.7933349609375,60.5,61.0,6.269
1765482968.4462032,99,32,42,28,31,3.7932167053222656,61.5,61.0,8.425
1765482968.64737,99,32,42,28,31,3.7932167053222656,61.5,61.0,8.425
1765482968.8483617,99,32,43,46,42,3.7940330505371094,61.0,61.5,9.047
1765482969.0497282,99,32,43,46,42,3.7940330505371094,61.0,61.5,9.047
1765482969.2510262,99,32,43,46,42,3.7940330505371094,61.0,61.5,9.047
1765482969.4523911,99,24,16,16,20,3.7937355041503906,61.0,61.5,7.24
1765482969.6542723,99,24,16,16,20,3.7937355041503906,61.0,61.5,7.24
1765482969.8566573,99,39,32,54,22,3.7935714721679688,61.0,61.0,7.787
1765482970.0581136,99,39,32,54,22,3.7935714721679688,61.0,61.0,7.787
1765482970.2608495,99,39,32,54,22,3.7935714721679688,61.0,61.0,7.787
1765482970.4627209,99,32,39,34,32,3.7934494018554688,61.0,62.0,8.054
1765482970.6641657,99,32,39,34,32,3.7934494018554688,61.0,62.0,8.054
1765482970.8655536,99,23,21,22,34,3.7945480346679688,61.5,61.5,8.505
1765482971.0669568,99,23,21,22,34,3.7945480346679688,61.5,61.5,8.505
1765482971.2685862,99,23,21,22,34,3.7945480346679688,61.5,61.5,8.505
1765482971.469859,99,45,13,32,25,3.7935638427734375,61.5,61.5,8.319
1765482971.672137,99,45,13,32,25,3.7935638427734375,61.5,61.5,8.319
1765482971.87337,13,30,31,23,23,3.794036865234375,60.5,61.0,5.886
1765482972.0747027,13,30,31,23,23,3.794036865234375,60.5,61.0,5.886
1765482972.276411,13,30,31,23,23,3.794036865234375,60.5,61.0,5.886
1765482972.4787276,99,24,34,26,48,3.793682098388672,61.5,61.5,8.2
1765482972.6798942,99,24,34,26,48,3.793682098388672,61.5,61.5,8.2
1765482972.8810744,99,34,29,32,38,3.7947654724121094,61.5,62.0,8.544
1765482973.0820494,99,34,29,32,38,3.7947654724121094,61.5,62.0,8.544
1765482973.284322,99,34,29,32,38,3.7947654724121094,61.5,62.0,8.544
1765482973.4857395,99,26,23,24,23,3.7938003540039062,61.0,61.5,7.547
1765482973.6866434,99,26,23,24,23,3.7938003540039062,61.0,61.5,7.547
1765482973.8880024,99,35,37,55,31,3.793682098388672,61.5,61.0,7.587
1765482974.0902817,99,35,37,55,31,3.793682098388672,61.5,61.0,7.587
1765482974.291545,99,35,37,55,31,3.793682098388672,61.5,61.0,7.587
1765482974.4925835,88,30,26,27,30,3.793682098388672,60.5,61.5,6.58
1765482974.693682,88,30,26,27,30,3.793682098388672,60.5,61.5,6.58
1765482974.894675,88,30,26,27,30,3.793682098388672,60.5,61.5,6.58
1765482975.096444,99,38,23,18,20,3.7942581176757812,61.5,61.5,8.385
1765482975.297606,99,38,23,18,20,3.7942581176757812,61.5,61.5,8.385
1765482975.4994588,99,33,43,40,26,3.7940330505371094,61.5,61.5,8.041
1765482975.7006345,99,33,43,40,26,3.7940330505371094,61.5,61.5,8.041
1765482975.9016507,99,33,43,40,26,3.7940330505371094,61.5,61.5,8.041
1765482976.102761,99,20,30,15,23,3.7940826416015625,61.0,61.0,7.32
1765482976.303788,99,20,30,15,23,3.7940826416015625,61.0,61.0,7.32
1765482976.5054107,99,26,24,28,60,3.7942276000976562,61.5,62.0,8.544
1765482976.7081187,99,26,24,28,60,3.7942276000976562,61.5,62.0,8.544
1765482976.9209278,99,26,24,28,60,3.7942276000976562,61.5,62.0,8.544
1765482977.1220505,99,26,26,21,38,3.7936363220214844,60.5,61.5,7.627
1765482977.325007,99,26,26,21,38,3.7936363220214844,60.5,61.5,7.627
1765482977.5274913,99,41,38,20,29,3.7936782836914062,61.0,61.5,8.081
1765482977.7291024,99,41,38,20,29,3.7936782836914062,61.0,61.5,8.081
1765482977.9301965,99,41,38,20,29,3.7936782836914062,61.0,61.5,8.081
1765482978.1324944,99,48,54,36,25,3.7940330505371094,61.5,61.5,8.689
1765482978.3349903,99,48,54,36,25,3.7940330505371094,61.5,61.5,8.689
1765482978.536588,11,24,23,19,23,3.794403076171875,60.5,61.0,6.118
1765482978.7382293,11,24,23,19,23,3.794403076171875,60.5,61.0,6.118
1765482978.9395485,11,24,23,19,23,3.794403076171875,60.5,61.0,6.118
1765482979.1412838,99,28,44,22,46,3.794139862060547,61.5,61.5,8.094
1765482979.342466,99,28,44,22,46,3.794139862060547,61.5,61.5,8.094
1765482979.5442553,99,38,25,30,48,3.794147491455078,61.0,62.0,8.094
1765482979.7456212,99,38,25,30,48,3.794147491455078,61.0,62.0,8.094
1765482979.9471712,99,38,25,30,48,3.794147491455078,61.0,62.0,8.094
1765482980.148636,99,29,29,24,27,3.7955093383789062,61.5,61.5,9.032
1765482980.3500013,99,29,29,24,27,3.7955093383789062,61.5,61.5,9.032
1765482980.5509405,99,27,25,50,23,3.795886993408203,61.5,61.0,8.28
1765482980.753081,99,27,25,50,23,3.795886993408203,61.5,61.0,8.28
1765482980.9544258,99,27,25,50,23,3.795886993408203,61.5,61.0,8.28
1765482981.1558573,99,26,24,33,10,3.7955055236816406,61.0,61.5,6.931
1765482981.357204,99,26,24,33,10,3.7955055236816406,61.0,61.5,6.931
1765482981.5595562,99,26,19,40,27,3.7952728271484375,61.5,61.5,8.12
1765482981.7609797,99,26,19,40,27,3.7952728271484375,61.5,61.5,8.12
1765482981.9623477,99,26,19,40,27,3.7952728271484375,61.5,61.5,8.12
1765482982.1636662,99,48,38,39,42,3.7965049743652344,61.0,62.0,8.928
1765482982.3660977,99,48,38,39,42,3.7965049743652344,61.0,62.0,8.928
1765482982.567264,99,20,25,16,22,3.7953338623046875,61.0,61.5,7.24
1765482982.7683706,99,20,25,16,22,3.7953338623046875,61.0,61.5,7.24
1765482982.9704692,99,20,25,16,22,3.7953338623046875,61.0,61.5,7.24
1765482983.172458,99,38,41,37,37,3.7952003479003906,61.5,61.5,7.854
1765482983.3735554,99,38,41,37,37,3.7952003479003906,61.5,61.5,7.854
1765482983.574787,99,34,28,31,29,3.7949790954589844,61.0,62.0,7.4
1765482983.7761889,99,34,28,31,29,3.7949790954589844,61.0,62.0,7.4
1765482983.9774928,99,34,28,31,29,3.7949790954589844,61.0,62.0,7.4
1765482984.1792233,99,26,38,19,20,3.7962074279785156,62.0,62.5,8.808
1765482984.3805757,99,26,38,19,20,3.7962074279785156,62.0,62.5,8.808
1765482984.5816188,99,49,23,20,35,3.795215606689453,61.5,61.5,8.28
1765482984.7827916,99,49,23,20,35,3.795215606689453,61.5,61.5,8.28
1765482984.9847682,99,49,23,20,35,3.795215606689453,61.5,61.5,8.28
1765482985.1864293,77,27,25,25,21,3.795482635498047,61.0,61.0,5.492
1765482985.387508,77,27,25,25,21,3.795482635498047,61.0,61.0,5.492
1765482985.5884814,77,27,25,25,21,3.795482635498047,61.0,61.0,5.492
1765482985.7919781,99,35,20,26,60,3.795330047607422,61.5,61.5,8.12
1765482985.9931433,99,35,20,26,60,3.795330047607422,61.5,61.5,8.12
1765482986.1948106,99,46,21,22,24,3.795848846435547,61.0,62.5,8.505
1765482986.3969505,99,46,21,22,24,3.795848846435547,61.0,62.5,8.505
1765482986.5983644,99,46,21,22,24,3.795848846435547,61.0,62.5,8.505
1765482986.7995129,99,38,24,20,24,3.7954139709472656,61.5,61.5,8.081
1765482987.0008414,99,38,24,20,24,3.7954139709472656,61.5,61.5,8.081
1765482987.2022698,99,41,48,37,38,3.795337677001953,61.5,61.5,8.479
1765482987.4043872,99,41,48,37,38,3.795337677001953,61.5,61.5,8.479
1765482987.6056447,99,41,48,37,38,3.795337677001953,61.5,61.5,8.479
1765482987.807,64,24,25,28,25,3.7962722778320312,61.0,62.0,6.43
1765482988.0089297,64,24,25,28,25,3.7962722778320312,61.0,62.0,6.43
1765482988.2103548,99,26,24,28,42,3.7956695556640625,61.5,61.5,8.12
1765482988.4113786,99,26,24,28,42,3.7956695556640625,61.5,61.5,8.12
1765482988.6125555,99,26,24,28,42,3.7956695556640625,61.5,61.5,8.12
1765482988.8142111,99,31,34,45,28,3.7957420349121094,61.5,62.5,8.16
1765482989.015576,99,31,34,45,28,3.7957420349121094,61.5,62.5,8.16
1765482989.2184007,99,25,29,23,16,3.7958145141601562,62.0,62.0,7.814
1765482989.4199977,99,25,29,23,16,3.7958145141601562,62.0,62.0,7.814
1765482989.6213715,99,25,29,23,16,3.7958145141601562,62.0,62.0,7.814
1765482989.8231273,99,38,28,48,17,3.79644775390625,62.0,62.5,8.808
1765482990.0263,99,38,28,48,17,3.79644775390625,62.0,62.5,8.808
1765482990.2310498,13,16,28,29,22,3.7955093383789062,61.5,61.5,6.038
1765482990.4322252,13,16,28,29,22,3.7955093383789062,61.5,61.5,6.038
1765482990.6345131,13,16,28,29,22,3.7955093383789062,61.5,61.5,6.038
1765482990.8362055,99,31,46,31,33,3.7959022521972656,61.5,61.5,8.319
1765482991.0382469,99,31,46,31,33,3.7959022521972656,61.5,61.5,8.319
1765482991.2395325,99,39,32,45,50,3.795501708984375,61.5,62.5,9.047
1765482991.440792,99,39,32,45,50,3.795501708984375,61.5,62.5,9.047
1765482991.6432903,99,39,32,45,50,3.795501708984375,61.5,62.5,9.047
1765482991.846964,99,18,18,22,20,3.796192169189453,61.5,62.0,7.36
1765482992.0480871,99,18,18,22,20,3.796192169189453,61.5,62.0,7.36
1765482992.25005,99,29,36,28,51,3.796161651611328,61.5,61.5,8.094
1765482992.45144,99,29,36,28,51,3.796161651611328,61.5,61.5,8.094
1765482992.6524184,99,29,36,28,51,3.796161651611328,61.5,61.5,8.094
1765482992.854223,34,29,50,26,28,3.796722412109375,60.5,62.5,6.269
1765482993.0558982,34,29,50,26,28,3.796722412109375,60.5,62.5,6.269
1765482993.2571871,99,23,38,16,21,3.798053741455078,61.5,62.5,8.967
1765482993.4589074,99,23,38,16,21,3.798053741455078,61.5,62.5,8.967
1765482993.6600397,99,23,38,16,21,3.798053741455078,61.5,62.5,8.967
1765482993.8610275,99,22,26,14,48,3.797374725341797,62.0,61.5,8.054
1765482994.0634027,99,22,26,14,48,3.797374725341797,62.0,61.5,8.054
1765482994.2645192,99,30,22,26,20,3.797863006591797,61.0,61.0,6.861
1765482994.4656143,99,30,22,26,20,3.797863006591797,61.0,61.0,6.861
1765482994.6667566,99,30,22,26,20,3.797863006591797,61.0,61.0,6.861
1765482994.8721163,99,45,52,30,33,3.7977142333984375,62.0,61.5,7.667
1765482995.074169,99,45,52,30,33,3.7977142333984375,62.0,61.5,7.667
1765482995.275842,99,45,52,30,33,3.7977142333984375,62.0,61.5,7.667
1765482995.4770932,99,39,28,34,22,3.798187255859375,61.5,63.0,8.624
1765482995.678455,99,39,28,34,22,3.798187255859375,61.5,63.0,8.624
1765482995.87966,99,32,26,28,24,3.7975540161132812,61.5,61.5,8.12
1765482996.0810566,99,32,26,28,24,3.7975540161132812,61.5,61.5,8.12
1765482996.2823467,99,32,26,28,24,3.7975540161132812,61.5,61.5,8.12
1765482996.4846914,99,38,46,35,32,3.7977828979492188,62.0,62.0,8.346
1765482996.6864085,99,38,46,35,32,3.7977828979492188,62.0,62.0,8.346
1765482996.8875694,74,22,29,24,29,3.797992706298828,61.0,62.5,6.701
1765482997.0890274,74,22,29,24,29,3.797992706298828,61.0,62.5,6.701
1765482997.2904859,74,22,29,24,29,3.797992706298828,61.0,62.5,6.701
1765482997.4918425,99,18,45,24,26,3.7983474731445312,62.0,62.0,8.624
1765482997.6931655,99,18,45,24,26,3.7983474731445312,62.0,62.0,8.624
1765482997.8947282,99,56,27,25,27,3.7974853515625,62.0,62.0,8.24
1765482998.0959916,99,56,27,25,27,3.7974853515625,62.0,62.0,8.24
1765482998.2983093,99,56,27,25,27,3.7974853515625,62.0,62.0,8.24
1765482998.4998722,99,22,23,24,18,3.7978973388671875,61.5,61.5,7.44
1765482998.701297,99,22,23,24,18,3.7978973388671875,61.5,61.5,7.44
1765482998.9024866,99,22,23,24,18,3.7978973388671875,61.5,61.5,7.44
1765482999.1044526,99,22,23,24,18,3.7978973388671875,61.5,61.5,7.44
1765482999.305597,99,58,30,37,52,3.79766845703125,61.5,62.0,9.032
1765482999.506657,37,26,30,20,26,3.796977996826172,60.5,62.0,5.371
1765482999.7079241,37,26,30,20,26,3.796977996826172,60.5,62.0,5.371
1765482999.9095023,99,46,38,29,54,3.7606582641601562,62.0,62.0,8.544
1765483000.1109834,99,46,38,29,54,3.7606582641601562,62.0,62.0,8.544
1765483000.312184,99,46,38,29,54,3.7606582641601562,62.0,62.0,8.544
1765483000.5134418,99,35,32,40,48,3.761829376220703,61.5,62.0,8.24
1765483000.7162168,99,35,32,40,48,3.761829376220703,61.5,62.0,8.24
1765483000.9176571,99,16,20,18,28,3.7632789611816406,62.0,62.0,8.953
1765483001.1187634,99,16,20,18,28,3.7632789611816406,62.0,62.0,8.953
1765483001.3198695,99,16,20,18,28,3.7632789611816406,62.0,62.0,8.953
1765483001.5210767,99,29,29,44,28,3.76275634765625,62.0,61.5,7.974
1765483001.7226396,99,29,29,44,28,3.76275634765625,62.0,61.5,7.974
1765483001.9238596,93,33,17,28,27,3.7629737854003906,61.0,62.0,6.931
1765483002.1256013,93,33,17,28,27,3.7629737854003906,61.0,62.0,6.931
1765483002.326999,93,33,17,28,27,3.7629737854003906,61.0,62.0,6.931
1765483002.5287755,99,42,33,35,26,3.7632408142089844,62.0,62.0,8.848
1765483002.7298715,99,42,33,35,26,3.7632408142089844,62.0,62.0,8.848
1765483002.9311237,99,26,22,28,44,3.7631797790527344,61.5,62.5,8.544
1765483003.1325943,99,26,22,28,44,3.7631797790527344,61.5,62.5,8.544
1765483003.335641,99,26,22,28,44,3.7631797790527344,61.5,62.5,8.544
1765483003.5368958,99,18,22,24,16,3.7626609802246094,61.5,61.5,7.36
1765483003.738145,99,18,22,24,16,3.7626609802246094,61.5,61.5,7.36
1765483003.9393263,99,18,22,24,16,3.7626609802246094,61.5,61.5,7.36
1765483004.1415002,99,39,41,46,46,3.7632293701171875,62.0,62.0,7.854
1765483004.3428676,99,39,41,46,46,3.7632293701171875,62.0,62.0,7.854
1765483004.5440297,99,32,34,35,30,3.7637863159179688,61.5,62.5,7.388
1765483004.7453506,99,32,34,35,30,3.7637863159179688,61.5,62.5,7.388
1765483004.9472299,99,32,34,35,30,3.7637863159179688,61.5,62.5,7.388
1765483005.150199,99,30,21,23,32,3.7632827758789062,62.0,62.0,7.934
1765483005.351398,99,30,21,23,32,3.7632827758789062,62.0,62.0,7.934
1765483005.5537632,99,26,25,25,63,3.7630157470703125,61.5,62.0,8.16
1765483005.7556775,99,26,25,25,63,3.7630157470703125,61.5,62.0,8.16
1765483005.9566548,99,26,25,25,63,3.7630157470703125,61.5,62.0,8.16
1765483006.1575878,49,26,27,21,26,3.7632102966308594,61.5,61.5,5.411
1765483006.35862,49,26,27,21,26,3.7632102966308594,61.5,61.5,5.411
1765483006.5596855,99,28,71,29,32,3.8063888549804688,62.0,62.0,9.23
1765483006.7613287,99,28,71,29,32,3.8063888549804688,62.0,62.0,9.23
1765483006.9624808,99,28,71,29,32,3.8063888549804688,62.0,62.0,9.23
1765483007.1639879,0,19,21,12,28,3.8053550720214844,60.5,61.5,4.307
1765483007.3651614,0,19,21,12,28,3.8053550720214844,60.5,61.5,4.307
1765483007.5679603,99,43,43,32,45,3.754680633544922,61.5,61.5,7.547
1765483007.7706935,99,43,43,32,45,3.754680633544922,61.5,61.5,7.547
1765483007.9725046,99,43,43,32,45,3.754680633544922,61.5,61.5,7.547
1765483008.1737761,99,34,36,48,40,3.7544593811035156,61.5,62.5,8.584
1765483008.3760407,99,34,36,48,40,3.7544593811035156,61.5,62.5,8.584
1765483008.577322,99,20,7,14,30,3.7548141479492188,62.0,61.5,8.346
1765483008.7787697,99,20,7,14,30,3.7548141479492188,62.0,61.5,8.346
1765483008.9802594,99,20,7,14,30,3.7548141479492188,62.0,61.5,8.346
1765483009.1814606,99,29,59,28,25,3.7545089721679688,62.0,62.0,8.133
1765483009.3828213,99,29,59,28,25,3.7545089721679688,62.0,62.0,8.133
1765483009.5840619,99,31,20,30,22,3.7548294067382812,61.5,62.5,7.131
1765483009.7854407,99,31,20,30,22,3.7548294067382812,61.5,62.5,7.131
1765483009.9866831,99,31,20,30,22,3.7548294067382812,61.5,62.5,7.131
1765483010.1882334,99,36,35,51,35,3.7554092407226562,62.5,63.0,9.674
1765483010.3895361,99,36,35,51,35,3.7554092407226562,62.5,63.0,9.674
1765483010.5907333,99,21,52,19,16,3.7541122436523438,61.5,62.0,7.814
1765483010.7920935,99,21,52,19,16,3.7541122436523438,61.5,62.0,7.814
1765483010.9943664,99,21,52,19,16,3.7541122436523438,61.5,62.0,7.814
1765483011.1957176,99,24,16,25,28,3.7545928955078125,62.0,61.5,7.48
1765483011.3969939,99,24,16,25,28,3.7545928955078125,62.0,61.5,7.48
1765483011.598226,99,35,36,32,63,3.7542266845703125,62.0,62.5,8.584
1765483011.8003366,99,35,36,32,63,3.7542266845703125,62.0,62.5,8.584
1765483012.0017223,99,35,36,32,63,3.7542266845703125,62.0,62.5,8.584
1765483012.203042,99,28,30,30,26,3.755115509033203,61.5,62.5,7.747
1765483012.4041138,99,28,30,30,26,3.755115509033203,61.5,62.5,7.747
1765483012.605553,99,28,30,30,26,3.755115509033203,61.5,62.5,7.747
1765483012.8074987,99,28,18,37,26,3.754344940185547,62.0,62.5,7.707
1765483013.0086436,99,28,18,37,26,3.754344940185547,62.0,62.5,7.707
1765483013.2102492,99,40,55,28,30,3.7581024169921875,62.0,62.0,8.2
1765483013.4114654,99,40,55,28,30,3.7581024169921875,62.0,62.0,8.2
1765483013.6125858,99,40,55,28,30,3.7581024169921875,62.0,62.0,8.2
1765483013.814135,99,22,18,18,33,3.758953094482422,61.0,61.5,6.35
1765483014.0158188,99,22,18,18,33,3.758953094482422,61.0,61.5,6.35
1765483014.217209,99,30,23,51,16,3.759471893310547,62.0,62.0,8.24
1765483014.4194627,99,30,23,51,16,3.759471893310547,62.0,62.0,8.24
1765483014.6207876,99,30,23,51,16,3.759471893310547,62.0,62.0,8.24
1765483014.8220477,99,26,51,26,26,3.7594871520996094,62.0,62.0,8.16
1765483015.0248988,99,26,51,26,26,3.7594871520996094,62.0,62.0,8.16
1765483015.2266867,99,23,30,24,17,3.7594757080078125,62.0,62.0,8.24
1765483015.4279273,99,23,30,24,17,3.7594757080078125,62.0,62.0,8.24
1765483015.6289113,99,23,30,24,17,3.7594757080078125,62.0,62.0,8.24
1765483015.8305767,99,31,35,49,36,3.7591896057128906,62.0,62.5,8.385
1765483016.032451,99,31,35,49,36,3.7591896057128906,62.0,62.5,8.385
1765483016.2338352,99,18,19,29,20,3.760150909423828,61.5,62.0,6.39
1765483016.4350536,99,18,19,29,20,3.760150909423828,61.5,62.0,6.39
1765483016.6364,99,18,19,29,20,3.760150909423828,61.5,62.0,6.39
1765483016.8393412,99,36,48,40,30,3.760162353515625,62.0,62.5,8.319
1765483017.040926,99,36,48,40,30,3.760162353515625,62.0,62.5,8.319
1765483017.2424543,99,44,34,30,52,3.7602195739746094,61.5,62.5,8.399
1765483017.4441388,99,44,34,30,52,3.7602195739746094,61.5,62.5,8.399
1765483017.6453726,99,44,34,30,52,3.7602195739746094,61.5,62.5,8.399
1765483017.8463726,99,24,26,20,16,3.7612266540527344,62.0,62.0,8.094
1765483018.048741,99,24,26,20,16,3.7612266540527344,62.0,62.0,8.094
1765483018.2500072,99,19,24,52,27,3.7603836059570312,62.0,62.5,8.16
1765483018.4513452,99,19,24,52,27,3.7603836059570312,62.0,62.5,8.16
1765483018.652406,99,19,24,52,27,3.7603836059570312,62.0,62.5,8.16
1765483018.853617,99,34,22,30,25,3.7606773376464844,61.0,63.0,7.36
1765483019.0546553,99,34,22,30,25,3.7606773376464844,61.0,63.0,7.36
1765483019.2557118,99,28,23,27,43,3.760364532470703,62.0,62.5,8.28
1765483019.4569864,99,28,23,27,43,3.760364532470703,62.0,62.5,8.28
1765483019.6584609,99,28,23,27,43,3.760364532470703,62.0,62.5,8.28
1765483019.8595998,99,44,17,32,26,3.7613449096679688,62.0,63.0,8.928
1765483020.0609002,99,44,17,32,26,3.7613449096679688,62.0,63.0,8.928
1765483020.279825,99,44,17,32,26,3.7613449096679688,62.0,63.0,8.928
1765483020.4810166,75,21,22,18,24,3.7602462768554688,62.0,61.5,5.33
1765483020.68281,75,21,22,18,24,3.7602462768554688,62.0,61.5,5.33
1765483020.8841488,99,42,38,44,46,3.760364532470703,62.0,62.5,8.24
1765483021.0850787,99,42,38,44,46,3.760364532470703,62.0,62.5,8.24
1765483021.2862637,99,42,38,44,46,3.760364532470703,62.0,62.5,8.24
1765483021.4874246,99,43,45,38,34,3.761341094970703,62.0,64.0,8.359
1765483021.6893132,99,43,45,38,34,3.761341094970703,62.0,64.0,8.359
1765483021.8905377,99,19,20,25,33,3.7601890563964844,62.0,62.5,7.814
1765483022.0916698,99,19,20,25,33,3.7601890563964844,62.0,62.5,7.814
1765483022.2928479,99,19,20,25,33,3.7601890563964844,62.0,62.5,7.814
1765483022.4942176,99,32,32,22,50,3.7610244750976562,62.0,62.5,8.359
1765483022.695702,99,32,32,22,50,3.7610244750976562,62.0,62.5,8.359
1765483022.8972714,0,28,24,22,32,3.7612037658691406,60.5,62.0,5.685
1765483023.0990014,0,28,24,22,32,3.7612037658691406,60.5,62.0,5.685
1765483023.3001564,0,28,24,22,32,3.7612037658691406,60.5,62.0,5.685
1765483023.5024917,99,28,51,26,25,3.7618446350097656,62.0,63.0,8.953
1765483023.7038043,99,28,51,26,25,3.7618446350097656,62.0,63.0,8.953
1765483023.9048088,99,24,38,37,24,3.7630386352539062,61.5,62.5,8.054
1765483024.1062114,99,24,38,37,24,3.7630386352539062,61.5,62.5,8.054
1765483024.3094285,99,24,38,37,24,3.7630386352539062,61.5,62.5,8.054
1765483024.5117893,99,31,21,22,25,3.763507843017578,62.0,62.5,8.094
1765483024.7129521,99,31,21,22,25,3.763507843017578,62.0,62.5,8.094
1765483024.9160604,99,41,40,63,28,3.7636756896972656,62.0,62.5,8.505
1765483025.117403,99,41,40,63,28,3.7636756896972656,62.0,62.5,8.505
1765483025.3186562,99,41,40,63,28,3.7636756896972656,62.0,62.5,8.505
1765483025.5199063,86,27,14,26,14,3.764263153076172,61.5,62.5,6.942
1765483025.7211397,86,27,14,26,14,3.764263153076172,61.5,62.5,6.942
1765483025.923592,99,51,34,26,21,3.763538360595703,62.0,62.0,8.399
1765483026.1262643,99,51,34,26,21,3.763538360595703,62.0,62.0,8.399
1765483026.3425927,99,51,34,26,21,3.763538360595703,62.0,62.0,8.399
1765483026.544776,99,30,42,29,60,3.7633895874023438,61.5,62.5,8.319
1765483026.7461567,99,30,42,29,60,3.7633895874023438,61.5,62.5,8.319
1765483026.9471757,99,28,15,31,24,3.7642059326171875,62.0,62.5,8.16
1765483027.1483061,99,28,15,31,24,3.7642059326171875,62.0,62.5,8.16
1765483027.3504856,99,28,15,31,24,3.7642059326171875,62.0,62.5,8.16
1765483027.5518367,99,40,21,35,20,3.763153076171875,62.0,62.5,8.544
1765483027.7528474,99,40,21,35,20,3.763153076171875,62.0,62.5,8.544
1765483027.9540446,99,22,24,34,36,3.7637405395507812,61.0,62.0,7.28
1765483028.1559916,99,22,24,34,36,3.7637405395507812,61.0,62.0,7.28
1765483028.3580651,99,22,24,34,36,3.7637405395507812,61.0,62.0,7.28
1765483028.5598514,99,29,39,24,27,3.763427734375,62.0,62.0,8.12
1765483028.7609541,99,29,39,24,27,3.763427734375,62.0,62.0,8.12
1765483028.9619815,99,23,38,32,43,3.7644500732421875,62.0,62.5,9.19
1765483029.1632934,99,23,38,32,43,3.7644500732421875,62.0,62.5,9.19
1765483029.36564,99,23,38,32,43,3.7644500732421875,62.0,62.5,9.19
1765483029.5673912,48,20,25,20,22,3.763500213623047,61.5,62.0,5.492
1765483029.7684178,48,20,25,20,22,3.763500213623047,61.5,62.0,5.492
1765483029.9704638,99,31,58,31,31,3.7634735107421875,62.0,62.0,7.974
1765483030.173678,99,31,58,31,31,3.7634735107421875,62.0,62.0,7.974
1765483030.375248,99,31,58,31,31,3.7634735107421875,62.0,62.0,7.974
1765483030.5778701,99,39,30,34,48,3.7631454467773438,62.0,62.5,8.729
1765483030.7801666,99,39,30,34,48,3.7631454467773438,62.0,62.5,8.729
1765483030.9814937,99,20,17,25,17,3.7641334533691406,62.0,62.5,8.465
1765483031.1830978,99,20,17,25,17,3.7641334533691406,62.0,62.5,8.465
1765483031.3845458,99,20,17,25,17,3.7641334533691406,62.0,62.5,8.465
1765483031.5866785,99,30,37,20,36,3.7632598876953125,62.0,62.0,7.787
1765483031.7877865,99,30,37,20,36,3.7632598876953125,62.0,62.0,7.787
1765483031.9891233,99,25,34,27,22,3.7634544372558594,61.5,62.5,6.971
1765483032.190395,99,25,34,27,22,3.7634544372558594,61.5,62.5,6.971
1765483032.3915281,99,25,34,27,22,3.7634544372558594,61.5,62.5,6.971
1765483032.593467,99,35,24,25,49,3.764129638671875,62.5,62.5,9.27
1765483032.7946048,99,35,24,25,49,3.764129638671875,62.5,62.5,9.27
1765483032.996027,99,22,34,40,22,3.7637290954589844,62.5,62.5,8.054
1765483033.197316,99,22,34,40,22,3.7637290954589844,62.5,62.5,8.054
1765483033.3998203,99,22,34,40,22,3.7637290954589844,62.5,62.5,8.054
1765483033.6008296,99,28,24,24,25,3.763256072998047,62.0,62.0,7.44
1765483033.8021176,99,28,24,24,25,3.763256072998047,62.0,62.0,7.44
1765483034.003004,99,28,44,38,56,3.7636032104492188,62.0,62.0,8.094
1765483034.2043543,99,28,44,38,56,3.7636032104492188,62.0,62.0,8.094
1765483034.4061222,99,28,44,38,56,3.7636032104492188,62.0,62.0,8.094
1765483034.6073232,99,31,37,37,24,3.764232635498047,62.0,63.0,7.814
1765483034.809316,99,31,37,37,24,3.764232635498047,62.0,63.0,7.814
1765483035.0106165,99,31,37,37,24,3.764232635498047,62.0,63.0,7.814
1765483035.211859,99,33,25,34,20,3.76361083984375,62.5,62.5,8.081
1765483035.4131424,99,33,25,34,20,3.76361083984375,62.5,62.5,8.081
1765483035.6149397,99,27,58,28,34,3.7637290954589844,62.5,62.0,8.24
1765483035.8161669,99,27,58,28,34,3.7637290954589844,62.5,62.0,8.24
1765483036.0170875,99,27,58,28,34,3.7637290954589844,62.5,62.0,8.24
1765483036.2184472,87,23,22,22,28,3.7633743286132812,62.0,62.5,6.239
1765483036.420682,87,23,22,22,28,3.7633743286132812,62.0,62.5,6.239
1765483036.622749,99,44,34,20,20,3.764751434326172,62.0,63.0,8.689
1765483036.8241417,99,44,34,20,20,3.764751434326172,62.0,63.0,8.689
1765483037.0255327,99,44,34,20,20,3.764751434326172,62.0,63.0,8.689
1765483037.2266147,99,29,29,54,25,3.763751983642578,62.5,63.0,8.014
1765483037.4283006,99,29,29,54,25,3.763751983642578,62.5,63.0,8.014
1765483037.6309714,99,24,20,21,28,3.7637100219726562,62.0,62.5,8.16
1765483037.8322957,99,24,20,21,28,3.7637100219726562,62.0,62.5,8.16
1765483038.0332043,99,24,20,21,28,3.7637100219726562,62.0,62.5,8.16
1765483038.23632,99,24,49,46,17,3.7639007568359375,62.5,63.0,8.769
1765483038.4383256,99,24,49,46,17,3.7639007568359375,62.5,63.0,8.769
1765483038.6396677,99,25,12,16,30,3.7633934020996094,61.5,62.5,6.31
1765483038.840635,99,25,12,16,30,3.7633934020996094,61.5,62.5,6.31
1765483039.0434585,99,25,12,16,30,3.7633934020996094,61.5,62.5,6.31
1765483039.2452981,99,38,34,48,34,3.7636032104492188,62.5,62.5,8.24
1765483039.4465525,99,38,34,48,34,3.7636032104492188,62.5,62.5,8.24
1765483039.647673,99,37,37,32,64,3.7639236450195312,62.5,62.5,8.584
1765483039.8491316,99,37,37,32,64,3.7639236450195312,62.5,62.5,8.584
1765483040.0505602,99,37,37,32,64,3.7639236450195312,62.5,62.5,8.584
1765483040.2515936,99,26,18,25,17,3.765361785888672,62.5,63.0,8.544
1765483040.4527278,99,26,18,25,17,3.765361785888672,62.5,63.0,8.544
1765483040.6544316,99,32,46,35,31,3.7636566162109375,62.5,62.5,8.12
1765483040.8556442,99,32,46,35,31,3.7636566162109375,62.5,62.5,8.12
1765483041.0565886,99,32,46,35,31,3.7636566162109375,62.5,62.5,8.12
1765483041.2576542,99,33,33,26,24,3.7637786865234375,61.5,63.0,7.507
1765483041.4586082,99,33,33,26,24,3.7637786865234375,61.5,63.0,7.507
1765483041.6598208,99,47,25,24,24,3.76373291015625,62.5,62.5,8.425
1765483041.8609178,99,47,25,24,24,3.76373291015625,62.5,62.5,8.425
1765483042.0628474,99,47,25,24,24,3.76373291015625,62.5,62.5,8.425
1765483042.2638834,99,23,24,56,20,3.7636451721191406,62.5,62.5,8.505
1765483042.467332,99,23,24,56,20,3.7636451721191406,62.5,62.5,8.505
1765483042.6684947,35,28,16,23,16,3.7636680603027344,62.0,62.0,5.532
1765483042.8697503,35,28,16,23,16,3.7636680603027344,62.0,62.0,5.532
1765483043.0710833,35,28,16,23,16,3.7636680603027344,62.0,62.0,5.532
1765483043.27322,99,38,41,38,32,3.763530731201172,62.0,62.5,7.974
1765483043.4745817,99,38,41,38,32,3.763530731201172,62.0,62.5,7.974
1765483043.6759908,99,46,38,23,33,3.7641944885253906,62.0,63.0,8.769
1765483043.877736,99,46,38,23,33,3.7641944885253906,62.0,63.0,8.769
1765483044.0820756,99,46,38,23,33,3.7641944885253906,62.0,63.0,8.769
1765483044.2831514,99,30,14,19,14,3.7633094787597656,62.5,62.5,8.24
1765483044.4846132,99,30,14,19,14,3.7633094787597656,62.5,62.5,8.24
1765483044.6867585,99,30,14,19,14,3.7633094787597656,62.5,62.5,8.24
1765483044.8893588,99,30,45,52,25,3.7636146545410156,62.5,62.5,7.894
1765483045.091537,99,30,45,52,25,3.7636146545410156,62.5,62.5,7.894
1765483045.2927508,83,34,34,17,23,3.763580322265625,61.5,62.5,7.2
1765483045.4945588,83,34,34,17,23,3.763580322265625,61.5,62.5,7.2
1765483045.6957035,83,34,34,17,23,3.763580322265625,61.5,62.5,7.2
1765483045.897742,99,26,24,39,28,3.7642478942871094,62.5,63.0,8.928
1765483046.0992596,99,26,24,39,28,3.7642478942871094,62.5,63.0,8.928
1765483046.3026633,99,30,48,30,22,3.763446807861328,62.5,62.5,8.16
1765483046.5041943,99,30,48,30,22,3.763446807861328,62.5,62.5,8.16
1765483046.705548,99,30,48,30,22,3.763446807861328,62.5,62.5,8.16
1765483046.906791,99,24,20,23,28,3.7638626098632812,62.5,62.5,7.587
1765483047.107943,99,24,20,23,28,3.7638626098632812,62.5,62.5,7.587
1765483047.3101156,99,50,32,29,36,3.763427734375,62.5,63.0,8.465
1765483047.5129356,99,50,32,29,36,3.763427734375,62.5,63.0,8.465
1765483047.7143807,99,50,32,29,36,3.763427734375,62.5,63.0,8.465
1765483047.9298792,99,25,21,22,40,3.7634544372558594,62.0,63.0,7.814
1765483048.1331143,99,25,21,22,40,3.7634544372558594,62.0,63.0,7.814
1765483048.335377,99,32,31,35,29,3.7630691528320312,62.5,63.0,7.814
1765483048.5369632,99,32,31,35,29,3.7630691528320312,62.5,63.0,7.814
1765483048.738574,99,32,31,35,29,3.7630691528320312,62.5,63.0,7.814
1765483048.9407136,99,33,29,52,50,3.7633209228515625,62.5,62.5,8.808
1765483049.1427023,99,33,29,52,50,3.7633209228515625,62.5,62.5,8.808
1765483049.3437262,47,22,23,23,17,3.7641220092773438,62.0,63.5,5.998
1765483049.5449958,47,22,23,23,17,3.7641220092773438,62.0,63.5,5.998
1765483049.7467062,47,22,23,23,17,3.7641220092773438,62.0,63.5,5.998
1765483049.9482107,99,28,26,42,28,3.7636337280273438,62.5,62.5,8.094
1765483050.150893,99,28,26,42,28,3.7636337280273438,62.5,62.5,8.094
1765483050.352418,99,45,32,27,39,3.7635726928710938,62.5,63.5,8.24
1765483050.5564442,99,45,32,27,39,3.7635726928710938,62.5,63.5,8.24
1765483050.7587144,99,45,32,27,39,3.7635726928710938,62.5,63.5,8.24
1765483050.9601352,99,27,18,24,26,3.763530731201172,62.5,62.5,8.425
1765483051.1613162,99,27,18,24,26,3.763530731201172,62.5,62.5,8.425
1765483051.3625357,99,28,30,48,19,3.7642669677734375,62.5,63.0,8.2
1765483051.5649,99,28,30,48,19,3.7642669677734375,62.5,63.0,8.2
1765483051.7663126,99,28,30,48,19,3.7642669677734375,62.5,63.0,8.2
1765483051.9675713,95,24,30,21,27,3.7637977600097656,62.0,62.5,6.931
1765483052.1689246,95,24,30,21,27,3.7637977600097656,62.0,62.5,6.931
1765483052.3701916,99,30,34,46,32,3.7634544372558594,62.5,63.0,8.24
1765483052.571171,99,30,34,46,32,3.7634544372558594,62.5,63.0,8.24
1765483052.772348,99,30,34,46,32,3.7634544372558594,62.5,63.0,8.24
1765483052.9822464,99,35,42,37,42,3.7638511657714844,62.5,63.0,8.769
1765483053.1856437,99,35,42,37,42,3.7638511657714844,62.5,63.0,8.769
1765483053.3872526,99,21,23,25,18,3.7639846801757812,62.5,63.0,7.814
1765483053.5884464,99,21,23,25,18,3.7639846801757812,62.5,63.0,7.814
1765483053.7913337,99,21,23,25,18,3.7639846801757812,62.5,63.0,7.814
1765483053.9947648,99,55,33,22,43,3.7636146545410156,62.5,62.5,8.094
1765483054.1969337,99,55,33,22,43,3.7636146545410156,62.5,62.5,8.094
1765483054.3981662,99,32,27,34,25,3.763568878173828,62.0,63.0,7.468
1765483054.6001766,99,32,27,34,25,3.763568878173828,62.0,63.0,7.468
1765483054.801423,99,32,27,34,25,3.763568878173828,62.0,63.0,7.468
1765483055.0032973,99,36,23,32,16,3.7641334533691406,62.5,63.5,8.664
1765483055.2045875,99,36,23,32,16,3.7641334533691406,62.5,63.5,8.664
1765483055.4058619,99,18,31,39,23,3.7634506225585938,62.5,62.5,8.28
1765483055.6071122,99,18,31,39,23,3.7634506225585938,62.5,62.5,8.28
1765483055.8088677,99,18,31,39,23,3.7634506225585938,62.5,62.5,8.28
1765483056.0103698,28,24,26,27,28,3.7633323669433594,62.5,62.5,5.298
1765483056.2119455,28,24,26,27,28,3.7633323669433594,62.5,62.5,5.298
1765483056.4129345,99,28,23,55,30,3.7636871337890625,62.5,63.0,8.081
1765483056.6159565,99,28,23,55,30,3.7636871337890625,62.5,63.0,8.081
1765483056.8173225,99,28,23,55,30,3.7636871337890625,62.5,63.0,8.081
1765483057.0185976,99,38,31,36,26,3.775379180908203,61.5,63.5,7.32
1765483057.2197692,99,38,31,36,26,3.775379180908203,61.5,63.5,7.32
1765483057.4207952,99,38,31,36,26,3.775379180908203,61.5,63.5,7.32
1765483057.6218753,99,31,27,42,54,3.7662391662597656,62.5,63.0,8.16
1765483057.8232927,99,31,27,42,54,3.7662391662597656,62.5,63.0,8.16
1765483058.0252142,99,32,40,48,26,3.7685623168945312,62.5,62.5,8.054
1765483058.2266495,99,32,40,48,26,3.7685623168945312,62.5,62.5,8.054
1765483058.4276872,99,32,40,48,26,3.7685623168945312,62.5,62.5,8.054
1765483058.628855,99,24,32,27,24,3.7683944702148438,62.5,63.0,7.587
1765483058.8307798,99,24,32,27,24,3.7683944702148438,62.5,63.0,7.587
1765483059.0325248,99,32,30,19,36,3.7684097290039062,62.5,63.0,7.787
1765483059.2348473,99,32,30,19,36,3.7684097290039062,62.5,63.0,7.787
1765483059.4362545,99,32,30,19,36,3.7684097290039062,62.5,63.0,7.787
1765483059.6375618,99,34,23,46,27,3.76812744140625,62.5,63.5,8.12
1765483059.8389275,99,34,23,46,27,3.76812744140625,62.5,63.5,8.12
1765483060.040145,99,21,24,35,25,3.768321990966797,63.0,63.0,7.974
1765483060.2414107,99,21,24,35,25,3.768321990966797,63.0,63.0,7.974
1765483060.4425414,99,21,24,35,25,3.768321990966797,63.0,63.0,7.974
1765483060.644343,99,49,34,28,29,3.769268035888672,63.0,63.0,9.19
1765483060.84725,99,49,34,28,29,3.769268035888672,63.0,63.0,9.19
1765483061.0487678,54,19,12,23,19,3.7686309814453125,61.5,62.5,5.492
1765483061.249849,54,19,12,23,19,3.7686309814453125,61.5,62.5,5.492
1765483061.451939,54,19,12,23,19,3.7686309814453125,61.5,62.5,5.492
1765483061.6545155,99,42,47,42,29,3.7684974670410156,62.5,62.5,8.2
1765483061.8557575,99,42,47,42,29,3.7684974670410156,62.5,62.5,8.2
1765483062.0568979,99,42,38,40,40,3.7683372497558594,62.5,63.0,8.399
1765483062.2583659,99,42,38,40,40,3.7683372497558594,62.5,63.0,8.399
1765483062.4595866,99,42,38,40,40,3.7683372497558594,62.5,63.0,8.399
1765483062.660617,99,24,20,24,22,3.76910400390625,63.0,63.5,8.967
1765483062.8617442,99,24,20,24,22,3.76910400390625,63.0,63.5,8.967
1765483063.0629628,99,29,47,32,31,3.7683372497558594,63.0,63.0,8.094
1765483063.2643092,99,29,47,32,31,3.7683372497558594,63.0,63.0,8.094
1765483063.4652798,99,29,47,32,31,3.7683372497558594,63.0,63.0,8.094
1765483063.666575,99,32,22,20,22,3.768604278564453,62.5,63.0,6.971
1765483063.8676982,99,32,22,20,22,3.768604278564453,62.5,63.0,6.971
1765483064.0690753,99,31,31,24,51,3.7685699462890625,63.0,63.0,9.19
1765483064.2701995,99,31,31,24,51,3.7685699462890625,63.0,63.0,9.19
1765483064.4713964,99,31,31,24,51,3.7685699462890625,63.0,63.0,9.19
1765483064.672554,99,54,21,18,21,3.768390655517578,62.5,63.0,8.16
1765483064.8743806,99,54,21,18,21,3.768390655517578,62.5,63.0,8.16
1765483065.0762572,99,25,21,28,22,3.7684402465820312,62.5,62.5,7.507
1765483065.2775779,99,25,21,28,22,3.7684402465820312,62.5,62.5,7.507
1765483065.4787378,99,25,21,28,22,3.7684402465820312,62.5,62.5,7.507
1765483065.6808467,99,42,34,42,56,3.7681541442871094,62.5,63.0,8.16
1765483065.8832517,99,42,34,42,56,3.7681541442871094,62.5,63.0,8.16
1765483066.0848324,99,42,34,42,56,3.7681541442871094,62.5,63.0,8.16
1765483066.288411,68,44,33,17,21,3.7691307067871094,62.0,63.5,7.011
1765483066.4903963,68,44,33,17,21,3.7691307067871094,62.0,63.5,7.011
1765483066.6915753,99,32,28,37,22,3.768596649169922,62.5,63.0,8.2
1765483066.8927622,99,32,28,37,22,3.768596649169922,62.5,63.0,8.2
1765483067.0943758,99,32,28,37,22,3.768596649169922,62.5,63.0,8.2
1765483067.296331,99,56,38,27,38,3.768585205078125,62.5,63.0,8.16
1765483067.4976816,99,56,38,27,38,3.768585205078125,62.5,63.0,8.16
1765483067.698606,99,18,18,26,19,3.7681236267089844,62.5,62.5,6.511
1765483067.8997395,99,18,18,26,19,3.7681236267089844,62.5,62.5,6.511
1765483068.1007893,99,18,18,26,19,3.7681236267089844,62.5,62.5,6.511
1765483068.3026943,99,20,49,30,29,3.7692184448242188,62.5,63.0,8.16
1765483068.5042694,99,20,49,30,29,3.7692184448242188,62.5,63.0,8.16
1765483068.7061133,99,36,25,25,34,3.7684783935546875,62.5,63.5,8.2
1765483068.9071312,99,36,25,25,34,3.7684783935546875,62.5,63.5,8.2
1765483069.1090302,99,36,25,25,34,3.7684783935546875,62.5,63.5,8.2
1765483069.310302,99,25,23,22,35,3.7686004638671875,62.5,63.0,8.12
1765483069.5115747,99,25,23,22,35,3.7686004638671875,62.5,63.0,8.12
1765483069.7127657,99,38,41,62,28,3.7683563232421875,62.5,63.0,9.032
1765483069.9156513,99,38,41,62,28,3.7683563232421875,62.5,63.0,9.032
1765483070.1170769,99,38,41,62,28,3.7683563232421875,62.5,63.0,9.032
1765483070.3184912,41,23,28,23,22,3.7697486877441406,62.0,63.0,6.118
1765483070.520351,41,23,28,23,22,3.7697486877441406,62.0,63.0,6.118
1765483070.7222915,99,44,34,44,39,3.768329620361328,63.0,63.5,8.425
1765483070.9234772,99,44,34,44,39,3.768329620361328,63.0,63.5,8.425
1765483071.1245956,99,44,34,44,39,3.768329620361328,63.0,63.5,8.425
1765483071.326425,99,58,28,28,29,3.7683486938476562,62.5,63.0,7.934
1765483071.5280051,99,58,28,28,29,3.7683486938476562,62.5,63.0,7.934
1765483071.7292733,99,29,25,20,18,3.7693328857421875,62.5,63.0,8.808
1765483071.930703,99,29,25,20,18,3.7693328857421875,62.5,63.0,8.808
1765483072.13186,99,29,25,20,18,3.7693328857421875,62.5,63.0,8.808
1765483072.333169,99,23,24,29,39,3.7687110900878906,62.5,62.5,7.827
1765483072.535307,99,23,24,29,39,3.7687110900878906,62.5,62.5,7.827
1765483072.7369456,96,25,22,40,26,3.768566131591797,62.5,63.5,6.891
1765483072.9382188,96,25,22,40,26,3.768566131591797,62.5,63.5,6.891
1765483073.1393075,96,25,22,40,26,3.768566131591797,62.5,63.5,6.891
1765483073.3408449,99,28,28,49,22,3.768474578857422,63.0,63.0,8.584
1765483073.541872,99,28,28,49,22,3.768474578857422,63.0,63.0,8.584
1765483073.7431555,99,41,48,28,28,3.7691078186035156,62.5,63.5,8.769
1765483073.9447348,99,41,48,28,28,3.7691078186035156,62.5,63.5,8.769
1765483074.1479034,99,41,48,28,28,3.7691078186035156,62.5,63.5,8.769
1765483074.3493814,99,22,24,25,18,3.7685890197753906,62.5,63.0,7.547
1765483074.5506625,99,22,24,25,18,3.7685890197753906,62.5,63.0,7.547
1765483074.7520597,99,22,24,25,18,3.7685890197753906,62.5,63.0,7.547
1765483074.9536436,99,38,35,52,50,3.7687721252441406,62.5,63.5,8.319
1765483075.1544757,99,38,35,52,50,3.7687721252441406,62.5,63.5,8.319
1765483075.3556228,99,25,29,38,36,3.7689437866210938,62.0,63.0,7.44
1765483075.5576687,99,25,29,38,36,3.7689437866210938,62.0,63.0,7.44
1765483075.7591376,99,25,29,38,36,3.7689437866210938,62.0,63.0,7.44
1765483075.960137,99,28,22,19,29,3.7690048217773438,62.5,63.0,8.505
1765483076.1612196,99,28,22,19,29,3.7690048217773438,62.5,63.0,8.505
1765483076.3624103,99,62,26,22,25,3.7688217163085938,63.0,63.0,8.081
1765483076.5637336,99,62,26,22,25,3.7688217163085938,63.0,63.0,8.081
1765483076.765314,99,62,26,22,25,3.7688217163085938,63.0,63.0,8.081
1765483076.9666686,99,31,22,18,21,3.768810272216797,62.0,62.5,6.32
1765483077.1676283,99,31,22,18,21,3.768810272216797,62.0,62.5,6.32
1765483077.3689198,99,55,33,30,27,3.7693557739257812,62.5,63.5,8.848
1765483077.5712838,99,55,33,30,27,3.7693557739257812,62.5,63.5,8.848
1765483077.772529,99,55,33,30,27,3.7693557739257812,62.5,63.5,8.848
1765483077.97358,99,25,31,25,29,3.7688827514648438,62.5,63.5,8.28
1765483078.1751373,99,25,31,25,29,3.7688827514648438,62.5,63.5,8.28
1765483078.376844,99,20,30,27,26,3.768585205078125,63.0,63.0,8.16
1765483078.5785463,99,20,30,27,26,3.768585205078125,63.0,63.0,8.16
1765483078.784263,99,20,30,27,26,3.768585205078125,63.0,63.0,8.16
1765483078.98712,99,27,32,53,54,3.7686729431152344,63.0,63.0,8.848
1765483079.190521,99,27,32,53,54,3.7686729431152344,63.0,63.0,8.848
1765483079.3921883,50,22,24,30,17,3.768787384033203,62.0,63.0,6.159
1765483079.600974,50,22,24,30,17,3.768787384033203,62.0,63.0,6.159
1765483079.803187,50,22,24,30,17,3.768787384033203,62.0,63.0,6.159
1765483080.0047052,99,44,24,28,34,3.7687225341796875,62.5,63.5,8.28
1765483080.2064247,99,44,24,28,34,3.7687225341796875,62.5,63.5,8.28
1765483080.4077644,99,36,40,56,32,3.7689285278320312,62.5,63.5,8.544
1765483080.609807,99,36,40,56,32,3.7689285278320312,62.5,63.5,8.544
1765483080.8114429,99,36,40,56,32,3.7689285278320312,62.5,63.5,8.544
1765483081.0124896,99,24,19,22,18,3.7688751220703125,62.5,63.5,8.319
1765483081.2143657,99,24,19,22,18,3.7688751220703125,62.5,63.5,8.319
1765483081.4155777,99,35,21,43,20,3.7683677673339844,62.5,63.5,7.707
1765483081.6172926,99,35,21,43,20,3.7683677673339844,62.5,63.5,7.707
1765483081.8185275,99,35,21,43,20,3.7683677673339844,62.5,63.5,7.707
1765483082.0204823,99,32,29,18,34,3.7684860229492188,62.5,63.0,7.28
1765483082.2218187,99,32,29,18,34,3.7684860229492188,62.5,63.0,7.28
1765483082.4235106,99,17,29,43,33,3.768573760986328,63.0,63.5,8.425
1765483082.6246402,99,17,29,43,33,3.768573760986328,63.0,63.5,8.425
1765483082.8257802,99,17,29,43,33,3.768573760986328,63.0,63.5,8.425
1765483083.0268314,99,38,29,43,24,3.7696990966796875,63.0,63.5,9.151
1765483083.2290914,99,38,29,43,24,3.7696990966796875,63.0,63.5,9.151
1765483083.4304388,26,20,14,18,19,3.7686920166015625,62.5,63.0,5.532
1765483083.6316614,26,20,14,18,19,3.7686920166015625,62.5,63.0,5.532
1765483083.8333852,26,20,14,18,19,3.7686920166015625,62.5,63.0,5.532
1765483084.0357363,99,52,40,40,31,3.768543243408203,62.5,64.0,7.934
1765483084.237031,99,52,40,40,31,3.768543243408203,62.5,64.0,7.934
1765483084.438344,99,49,27,39,32,3.7685508728027344,62.5,63.5,8.24
1765483084.6399665,99,49,27,39,32,3.7685508728027344,62.5,63.5,8.24
1765483084.8421052,99,49,27,39,32,3.7685508728027344,62.5,63.5,8.24
1765483085.046199,99,24,29,14,14,3.7696762084960938,63.0,63.5,8.584
1765483085.2473369,99,24,29,14,14,3.7696762084960938,63.0,63.5,8.584
1765483085.4484723,99,38,28,44,34,3.768566131591797,63.0,63.5,8.584
1765483085.6497364,99,38,28,44,34,3.768566131591797,63.0,63.5,8.584
1765483085.8519335,99,38,28,44,34,3.768566131591797,63.0,63.5,8.584
1765483086.053428,55,24,28,33,14,3.7691307067871094,62.5,63.0,5.765
1765483086.2546854,55,24,28,33,14,3.7691307067871094,62.5,63.0,5.765
1765483086.4558282,99,38,26,53,32,3.7686805725097656,63.0,63.5,8.967
1765483086.6581912,99,38,26,53,32,3.7686805725097656,63.0,63.5,8.967
1765483086.859631,99,38,26,53,32,3.7686805725097656,63.0,63.5,8.967
1765483087.0607662,99,22,20,48,23,3.769184112548828,62.5,64.0,8.425
1765483087.262877,99,22,20,48,23,3.769184112548828,62.5,64.0,8.425
1765483087.4642985,99,22,20,48,23,3.769184112548828,62.5,64.0,8.425
1765483087.6653764,99,32,23,23,20,3.7685585021972656,63.0,63.0,7.854
1765483087.8664842,99,32,23,23,20,3.7685585021972656,63.0,63.0,7.854
1765483088.0680153,99,50,29,33,40,3.7686195373535156,62.5,63.5,7.934
1765483088.2691803,99,50,29,33,40,3.7686195373535156,62.5,63.5,7.934
1765483088.470386,99,50,29,33,40,3.7686195373535156,62.5,63.5,7.934
1765483088.671943,87,32,22,28,35,3.7694625854492188,62.0,63.5,6.661
1765483088.8731916,87,32,22,28,35,3.7694625854492188,62.0,63.5,6.661
1765483089.0744772,99,30,22,25,40,3.7686195373535156,63.0,63.5,8.28
1765483089.2758095,99,30,22,25,40,3.7686195373535156,63.0,63.5,8.28
1765483089.4769735,99,30,22,25,40,3.7686195373535156,63.0,63.5,8.28
1765483089.6782188,99,32,38,26,58,3.7683181762695312,62.5,63.5,8.399
1765483089.8795106,99,32,38,26,58,3.7683181762695312,62.5,63.5,8.399
1765483090.0806203,99,31,23,21,12,3.768688201904297,63.0,63.0,7.36
1765483090.2824864,99,31,23,21,12,3.768688201904297,63.0,63.0,7.36
1765483090.4836411,99,31,23,21,12,3.768688201904297,63.0,63.0,7.36
1765483090.6851842,99,22,20,42,46,3.7692832946777344,62.5,64.0,8.385
1765483090.8864522,99,22,20,42,46,3.7692832946777344,62.5,64.0,8.385
1765483091.0875437,99,32,18,43,21,3.7686004638671875,62.5,64.0,8.319
1765483091.288653,99,32,18,43,21,3.7686004638671875,62.5,64.0,8.319
1765483091.4908204,99,32,18,43,21,3.7686004638671875,62.5,64.0,8.319
1765483091.692072,99,24,25,37,22,3.7687759399414062,63.0,63.0,8.081
1765483091.8933034,99,24,25,37,22,3.7687759399414062,63.0,63.0,8.081
1765483092.0948527,99,28,34,42,54,3.7690582275390625,63.0,63.5,9.176
1765483092.2978501,99,28,34,42,54,3.7690582275390625,63.0,63.5,9.176
1765483092.4994657,99,28,34,42,54,3.7690582275390625,63.0,63.5,9.176
1765483092.7009904,22,21,22,14,16,3.768909454345703,62.0,64.0,5.927
1765483092.903517,22,21,22,14,16,3.768909454345703,62.0,64.0,5.927
1765483093.1050904,99,46,47,32,33,3.768749237060547,62.5,63.5,8.16
1765483093.3064983,99,46,47,32,33,3.768749237060547,62.5,63.5,8.16
1765483093.5076473,99,46,47,32,33,3.768749237060547,62.5,63.5,8.16
1765483093.709231,99,38,48,33,42,3.7685699462890625,62.5,63.0,8.12
1765483093.9108524,99,38,48,33,42,3.7685699462890625,62.5,63.0,8.12
1765483094.1121507,99,20,20,27,20,3.7692947387695312,62.5,63.5,8.928
1765483094.319136,99,20,20,27,20,3.7692947387695312,62.5,63.5,8.928
1765483094.5214956,99,20,20,27,20,3.7692947387695312,62.5,63.5,8.928
1765483094.722925,99,33,43,20,22,3.7689056396484375,63.0,63.5,7.827
1765483094.9243913,99,33,43,20,22,3.7689056396484375,63.0,63.5,7.827
1765483095.1258433,99,22,20,35,32,3.7686843872070312,62.0,63.5,6.701
1765483095.327213,99,22,20,35,32,3.7686843872070312,62.0,63.5,6.701
1765483095.5285044,99,22,20,35,32,3.7686843872070312,62.0,63.5,6.701
1765483095.7318711,99,48,26,31,26,3.768402099609375,63.0,63.5,8.743
1765483095.93526,99,48,26,31,26,3.768402099609375,63.0,63.5,8.743
1765483096.1363773,99,54,25,25,28,3.769481658935547,62.5,64.0,8.888
1765483096.3378105,99,54,25,25,28,3.769481658935547,62.5,64.0,8.888
1765483096.5401235,99,54,25,25,28,3.769481658935547,62.5,64.0,8.888
1765483096.7413058,99,20,18,23,14,3.768901824951172,62.5,63.0,7.171
1765483096.9424927,99,20,18,23,14,3.768901824951172,62.5,63.0,7.171
1765483097.1437044,99,32,44,45,54,3.7689056396484375,63.0,63.5,8.2
1765483097.345757,99,32,44,45,54,3.7689056396484375,63.0,63.5,8.2
1765483097.550627,99,32,44,45,54,3.7689056396484375,63.0,63.5,8.2
1765483097.751949,99,34,28,37,35,3.769451141357422,62.5,63.5,7.52
1765483097.9531178,99,34,28,37,35,3.769451141357422,62.5,63.5,7.52
1765483098.154385,99,34,28,37,35,3.769451141357422,62.5,63.5,7.52
1765483098.3554194,99,26,34,19,21,3.7693634033203125,63.0,63.5,8.081
1765483098.5565894,99,26,34,19,21,3.7693634033203125,63.0,63.5,8.081
1765483098.7584102,99,28,28,43,51,3.7686996459960938,63.0,63.5,8.28
1765483098.9600897,99,28,28,43,51,3.7686996459960938,63.0,63.5,8.28
1765483099.1610951,99,28,28,43,51,3.7686996459960938,63.0,63.5,8.28
1765483099.3623974,77,24,30,26,25,3.7686805725097656,62.0,63.0,5.371
1765483099.5635264,77,24,30,26,25,3.7686805725097656,62.0,63.0,5.371
1765483099.7648287,99,36,24,25,42,3.769329071044922,63.5,64.5,8.848
1765483099.9674063,99,36,24,25,42,3.769329071044922,63.5,64.5,8.848
1765483100.1687562,99,36,24,25,42,3.769329071044922,63.5,64.5,8.848
1765483100.369747,99,25,44,30,27,3.768604278564453,63.0,64.0,8.16
1765483100.5716817,99,25,44,30,27,3.768604278564453,63.0,64.0,8.16
1765483100.7735958,99,34,28,23,23,3.7690467834472656,63.0,63.5,8.28
1765483100.975043,99,34,28,23,23,3.7690467834472656,63.0,63.5,8.28
1765483101.1760144,99,34,28,23,23,3.7690467834472656,63.0,63.5,8.28
1765483101.3775885,99,32,44,50,41,3.7684249877929688,62.5,63.5,8.359
1765483101.5796437,99,32,44,50,41,3.7684249877929688,62.5,63.5,8.359
1765483101.7809367,77,29,18,21,22,3.7688255310058594,62.0,63.5,5.877
1765483101.982488,77,29,18,21,22,3.7688255310058594,62.0,63.5,5.877
1765483102.1855967,77,29,18,21,22,3.7688255310058594,62.0,63.5,5.877
1765483102.3867552,99,43,32,26,36,3.768840789794922,63.0,63.5,8.041
1765483102.5878856,99,43,32,26,36,3.768840789794922,63.0,63.5,8.041
1765483102.7889512,99,39,29,53,26,3.7693023681640625,63.0,64.5,8.24
1765483102.9903462,99,39,29,53,26,3.7693023681640625,63.0,64.5,8.24
1765483103.1916242,99,39,29,53,26,3.7693023681640625,63.0,64.5,8.24
1765483103.3927848,99,18,29,26,24,3.769390106201172,63.5,64.5,8.624
1765483103.5943294,99,18,29,26,24,3.769390106201172,63.5,64.5,8.624
1765483103.7953765,99,30,33,19,38,3.769359588623047,63.0,63.5,7.974
1765483103.997064,99,30,33,19,38,3.769359588623047,63.0,63.5,7.974
1765483104.1983178,99,30,33,19,38,3.769359588623047,63.0,63.5,7.974
1765483104.3993263,32,23,24,41,18,3.7688980102539062,62.5,63.5,5.957
1765483104.6003678,32,23,24,41,18,3.7688980102539062,62.5,63.5,5.957
1765483104.8018274,99,30,32,25,44,3.7690467834472656,63.5,63.5,8.306
1765483105.0030584,99,30,32,25,44,3.7690467834472656,63.5,63.5,8.306
1765483105.2042074,99,30,32,25,44,3.7690467834472656,63.5,63.5,8.306
1765483105.40525,99,39,30,30,51,3.7694129943847656,63.0,64.0,9.19
1765483105.6069872,99,39,30,30,51,3.7694129943847656,63.0,64.0,9.19
1765483105.8081343,99,39,30,30,51,3.7694129943847656,63.0,64.0,9.19
1765483106.0094695,99,20,10,15,22,3.768890380859375,62.5,63.0,7.011
1765483106.210689,99,20,10,15,22,3.768890380859375,62.5,63.0,7.011
1765483106.4123228,99,42,47,48,31,3.7687721252441406,63.0,63.5,7.587
1765483106.6135209,99,42,47,48,31,3.7687721252441406,63.0,63.5,7.587
1765483106.814694,99,42,47,48,31,3.7687721252441406,63.0,63.5,7.587
1765483107.0169353,99,27,38,34,41,3.769084930419922,63.0,64.5,8.24
1765483107.2193432,99,27,38,34,41,3.769084930419922,63.0,64.5,8.24
1765483107.4206393,99,18,31,14,16,3.7693939208984375,63.0,64.0,8.081
1765483107.6218448,99,18,31,14,16,3.7693939208984375,63.0,64.0,8.081
1765483107.8249762,99,18,31,14,16,3.7693939208984375,63.0,64.0,8.081
1765483108.0268133,99,31,23,28,56,3.7691268920898438,63.0,63.5,8.2
1765483108.2289445,99,31,23,28,56,3.7691268920898438,63.0,63.5,8.2
