ts,gpu,cpu1,cpu2,cpu3,cpu4,ram,temp_gpu,temp_cpu,power
1765485628.00034,0,26,31,16,32,3.679840087890625,69.0,71.0,3.373
1765485628.2017353,0,26,31,16,32,3.679840087890625,69.0,71.0,3.373
1765485628.4034076,0,26,31,16,32,3.679840087890625,69.0,71.0,3.373
1765485628.6047392,99,59,51,50,51,3.6676673889160156,58.5,59.5,9.352
1765485628.8057516,99,59,51,50,51,3.6676673889160156,58.5,59.5,9.352
1765485629.0071156,99,59,51,50,51,3.6676673889160156,58.5,59.5,9.352
1765485629.208291,99,63,58,69,91,3.6632041931152344,58.5,59.5,9.013
1765485629.4094672,99,63,58,69,91,3.6632041931152344,58.5,59.5,9.013
1765485629.6107173,99,28,24,47,46,3.6573448181152344,58.0,59.0,8.687
1765485629.8117368,99,28,24,47,46,3.6573448181152344,58.0,59.0,8.687
1765485630.0128076,99,28,24,47,46,3.6573448181152344,58.0,59.0,8.687
1765485630.2137468,99,33,56,32,36,3.651763916015625,58.0,58.5,7.697
1765485630.4150991,99,33,56,32,36,3.651763916015625,58.0,58.5,7.697
1765485630.6161795,98,17,24,16,20,3.652080535888672,58.0,58.5,7.057
1765485630.819279,98,17,24,16,20,3.652080535888672,58.0,58.5,7.057
1765485631.0204341,98,17,24,16,20,3.652080535888672,58.0,58.5,7.057
1765485631.2215374,99,28,34,33,52,3.6520347595214844,58.0,58.5,7.883
1765485631.4226024,99,28,34,33,52,3.6520347595214844,58.0,58.5,7.883
1765485631.623804,99,17,21,13,27,3.6531524658203125,58.0,58.5,7.816
1765485631.824827,99,17,21,13,27,3.6531524658203125,58.0,58.5,7.816
1765485632.0257819,99,17,21,13,27,3.6531524658203125,58.0,58.5,7.816
1765485632.2268693,99,28,21,24,54,3.6540069580078125,58.0,58.5,7.551
1765485632.4279056,99,28,21,24,54,3.6540069580078125,58.0,58.5,7.551
1765485632.629035,99,17,16,16,24,3.6545143127441406,58.0,58.5,7.432
1765485632.8300047,99,17,16,16,24,3.6545143127441406,58.0,58.5,7.432
1765485633.0313456,99,17,16,16,24,3.6545143127441406,58.0,58.5,7.432
1765485633.2327688,99,32,41,38,35,3.654743194580078,58.5,59.5,8.002
1765485633.433944,99,32,41,38,35,3.654743194580078,58.5,59.5,8.002
1765485633.635336,99,32,41,38,35,3.654743194580078,58.5,59.5,8.002
1765485633.836366,99,58,27,19,12,3.6538619995117188,58.5,59.5,8.489
1765485634.0375311,99,58,27,19,12,3.6538619995117188,58.5,59.5,8.489
1765485634.2387464,99,54,32,26,28,3.6555938720703125,58.0,59.0,7.591
1765485634.4397244,99,54,32,26,28,3.6555938720703125,58.0,59.0,7.591
1765485634.6412501,99,22,24,18,29,3.6559677124023438,58.0,58.5,7.324
1765485634.8421383,99,22,24,18,29,3.6559677124023438,58.0,58.5,7.324
1765485635.044231,99,22,24,18,29,3.6559677124023438,58.0,58.5,7.324
1765485635.2453108,99,32,41,27,29,3.6565895080566406,58.0,59.0,7.962
1765485635.4462552,99,32,41,27,29,3.6565895080566406,58.0,59.0,7.962
1765485635.6473134,99,32,41,27,29,3.6565895080566406,58.0,59.0,7.962
1765485635.848262,99,14,12,14,21,3.6559677124023438,58.0,59.0,7.352
1765485636.049352,99,14,12,14,21,3.6559677124023438,58.0,59.0,7.352
1765485636.2503176,99,26,31,54,24,3.656024932861328,58.5,59.5,7.432
1765485636.4513197,99,26,31,54,24,3.656024932861328,58.5,59.5,7.432
1765485636.6525753,99,26,31,54,24,3.656024932861328,58.5,59.5,7.432
1765485636.8535316,99,22,24,29,24,3.6564559936523438,58.5,59.0,7.364
1765485637.0545535,99,22,24,29,24,3.6564559936523438,58.5,59.0,7.364
1765485637.2555075,99,40,23,26,33,3.6570701599121094,58.5,59.5,7.936
1765485637.4564235,99,40,23,26,33,3.6570701599121094,58.5,59.5,7.936
1765485637.6575723,99,40,23,26,33,3.6570701599121094,58.5,59.5,7.936
1765485637.8585262,99,19,16,22,14,3.6560440063476562,58.0,58.5,7.245
1765485638.0594652,99,19,16,22,14,3.6560440063476562,58.0,58.5,7.245
1765485638.2605011,99,25,27,60,20,3.656604766845703,58.0,60.0,7.432
1765485638.461577,99,25,27,60,20,3.656604766845703,58.0,60.0,7.432
1765485638.6626494,99,25,27,60,20,3.656604766845703,58.0,60.0,7.432
1765485638.8637047,99,18,18,25,18,3.6567459106445312,58.5,59.0,7.936
1765485639.0646868,99,18,18,25,18,3.6567459106445312,58.5,59.0,7.936
1765485639.2658,99,27,42,18,13,3.656139373779297,58.0,59.0,7.511
1765485639.4669192,99,27,42,18,13,3.656139373779297,58.0,59.0,7.511
1765485639.668098,99,27,42,18,13,3.656139373779297,58.0,59.0,7.511
1765485639.8691432,98,19,26,16,24,3.656597137451172,58.5,59.0,7.245
1765485640.0705779,98,19,26,16,24,3.656597137451172,58.5,59.0,7.245
1765485640.2716475,99,54,28,28,27,3.6565093994140625,58.0,59.5,7.432
1765485640.4726896,99,54,28,28,27,3.6565093994140625,58.0,59.5,7.432
1765485640.6738281,99,54,28,28,27,3.6565093994140625,58.0,59.5,7.432
1765485640.8748994,99,25,14,25,16,3.6575279235839844,58.5,59.0,7.737
1765485641.0759866,99,25,14,25,16,3.6575279235839844,58.5,59.0,7.737
1765485641.2771168,99,21,26,48,20,3.656768798828125,58.5,59.5,7.551
1765485641.4780731,99,21,26,48,20,3.656768798828125,58.5,59.5,7.551
1765485641.6791353,99,21,26,48,20,3.656768798828125,58.5,59.5,7.551
1765485641.8803,99,22,17,27,20,3.656536102294922,58.5,58.5,7.284
1765485642.081606,99,22,17,27,20,3.656536102294922,58.5,58.5,7.284
1765485642.2827652,99,36,32,26,48,3.6572494506835938,58.0,59.0,7.816
1765485642.483672,99,36,32,26,48,3.6572494506835938,58.0,59.0,7.816
1765485642.6847234,99,36,32,26,48,3.6572494506835938,58.0,59.0,7.816
1765485642.8856397,99,8,26,12,18,3.6579666137695312,58.5,59.0,7.962
1765485643.0865262,99,8,26,12,18,3.6579666137695312,58.5,59.0,7.962
1765485643.2875876,99,28,24,29,42,3.657268524169922,58.0,59.0,6.897
1765485643.4885967,99,28,24,29,42,3.657268524169922,58.0,59.0,6.897
1765485643.6896472,99,28,24,29,42,3.657268524169922,58.0,59.0,6.897
1765485643.890784,99,18,19,14,42,3.6582260131835938,58.5,59.0,7.471
1765485644.0918822,99,18,19,14,42,3.6582260131835938,58.5,59.0,7.471
1765485644.3036957,99,36,27,35,30,3.6572952270507812,58.0,59.5,7.962
1765485644.5049589,99,36,27,35,30,3.6572952270507812,58.0,59.5,7.962
1765485644.7060046,99,36,27,35,30,3.6572952270507812,58.0,59.5,7.962
1765485644.9072077,99,40,27,19,17,3.656646728515625,58.5,59.0,7.511
1765485645.108161,99,40,27,19,17,3.656646728515625,58.5,59.0,7.511
1765485645.3092794,99,30,25,26,43,3.656932830810547,58.5,60.0,7.471
1765485645.5103867,99,30,25,26,43,3.656932830810547,58.5,60.0,7.471
1765485645.7114363,99,30,25,26,43,3.656932830810547,58.5,60.0,7.471
1765485645.9126382,99,43,16,26,22,3.6568450927734375,59.0,59.0,7.511
1765485646.1136568,99,43,16,26,22,3.6568450927734375,59.0,59.0,7.511
1765485646.3148668,99,43,16,26,22,3.6568450927734375,59.0,59.0,7.511
1765485646.5162954,99,25,16,32,28,3.6574668884277344,58.5,59.5,7.618
1765485646.7172742,99,25,16,32,28,3.6574668884277344,58.5,59.5,7.618
1765485646.918246,99,34,12,15,19,3.6566696166992188,59.0,58.5,7.591
1765485647.1189914,99,34,12,15,19,3.6566696166992188,59.0,58.5,7.591
1765485647.3200884,99,34,12,15,19,3.6566696166992188,59.0,58.5,7.591
1765485647.5211883,99,26,37,40,26,3.657512664794922,58.5,60.0,7.324
1765485647.7222486,99,26,37,40,26,3.657512664794922,58.5,60.0,7.324
1765485647.9234238,99,29,23,16,38,3.6575660705566406,59.0,59.0,7.618
1765485648.1243696,99,29,23,16,38,3.6575660705566406,59.0,59.0,7.618
1765485648.325567,99,29,23,16,38,3.6575660705566406,59.0,59.0,7.618
1765485648.5265956,99,22,23,26,22,3.6579856872558594,58.5,59.5,7.697
1765485648.7274847,99,22,23,26,22,3.6579856872558594,58.5,59.5,7.697
1765485648.928805,99,23,19,29,28,3.657684326171875,59.0,59.5,7.471
1765485649.129778,99,23,19,29,28,3.657684326171875,59.0,59.5,7.471
1765485649.3308995,99,23,19,29,28,3.657684326171875,59.0,59.5,7.471
1765485649.5320501,99,34,39,26,24,3.6577110290527344,58.5,59.0,6.509
1765485649.7331333,99,34,39,26,24,3.6577110290527344,58.5,59.0,6.509
1765485649.9341872,99,22,47,17,18,3.6589126586914062,59.0,60.0,8.45
1765485650.1351042,99,22,47,17,18,3.6589126586914062,59.0,60.0,8.45
1765485650.3362896,99,22,47,17,18,3.6589126586914062,59.0,60.0,8.45
1765485650.5374272,0,14,16,13,23,3.658336639404297,58.0,60.0,4.999
1765485650.7385492,0,14,16,13,23,3.658336639404297,58.0,60.0,4.999
1765485650.9396808,99,18,50,23,20,3.6583328247070312,58.5,59.0,6.857
1765485651.1408334,99,18,50,23,20,3.6583328247070312,58.5,59.0,6.857
1765485651.3418963,99,18,50,23,20,3.6583328247070312,58.5,59.0,6.857
1765485651.543047,0,30,20,21,20,3.658599853515625,58.5,59.0,5.152
1765485651.7440083,0,30,20,21,20,3.658599853515625,58.5,59.0,5.152
1765485651.9451761,99,61,18,29,21,3.659942626953125,59.0,59.5,7.697
1765485652.1462688,99,61,18,29,21,3.659942626953125,59.0,59.5,7.697
1765485652.3475525,99,61,18,29,21,3.659942626953125,59.0,59.5,7.697
1765485652.5488284,99,15,15,12,19,3.659069061279297,58.5,58.5,6.32
1765485652.7497756,99,15,15,12,19,3.659069061279297,58.5,58.5,6.32
1765485652.9507875,99,27,33,33,50,3.6591148376464844,59.0,59.0,6.977
1765485653.151873,99,27,33,33,50,3.6591148376464844,59.0,59.0,6.977
1765485653.3529923,99,27,33,33,50,3.6591148376464844,59.0,59.0,6.977
1765485653.5545466,99,21,24,19,28,3.6587066650390625,58.5,59.0,6.738
1765485653.7557235,99,21,24,19,28,3.6587066650390625,58.5,59.0,6.738
1765485653.9572167,99,17,19,52,26,3.6599349975585938,59.0,59.5,7.245
1765485654.1584268,99,17,19,52,26,3.6599349975585938,59.0,59.5,7.245
1765485654.3593624,99,17,19,52,26,3.6599349975585938,59.0,59.5,7.245
1765485654.5603428,99,18,14,18,18,3.659862518310547,58.5,59.0,6.28
1765485654.7615507,99,18,14,18,18,3.659862518310547,58.5,59.0,6.28
1765485654.9625661,99,30,23,32,57,3.6599464416503906,59.0,59.0,7.017
1765485655.1637404,99,30,23,32,57,3.6599464416503906,59.0,59.0,7.017
1765485655.3645713,99,30,23,32,57,3.6599464416503906,59.0,59.0,7.017
1765485655.5656598,99,19,18,12,21,3.660717010498047,58.5,60.0,7.057
1765485655.7667453,99,19,18,12,21,3.660717010498047,58.5,60.0,7.057
1765485655.9676208,99,22,60,20,20,3.6617355346679688,58.5,59.5,7.205
1765485656.1686409,99,22,60,20,20,3.6617355346679688,58.5,59.5,7.205
1765485656.3696296,99,22,60,20,20,3.6617355346679688,58.5,59.5,7.205
1765485656.57082,99,22,20,14,24,3.6618385314941406,58.5,59.0,6.2
1765485656.7720013,99,22,20,14,24,3.6618385314941406,58.5,59.0,6.2
1765485656.9729471,99,26,26,64,32,3.6617965698242188,59.5,59.5,7.471
1765485657.1739323,99,26,26,64,32,3.6617965698242188,59.5,59.5,7.471
1765485657.3749034,99,26,26,64,32,3.6617965698242188,59.5,59.5,7.471
1765485657.5779424,99,15,13,19,9,3.661945343017578,59.0,59.5,6.709
1765485657.7790527,99,15,13,19,9,3.661945343017578,59.0,59.5,6.709
1765485657.9798703,99,15,13,19,9,3.661945343017578,59.0,59.5,6.709
1765485658.1811597,99,35,20,34,46,3.6621055603027344,59.0,59.5,7.165
1765485658.3820083,99,35,20,34,46,3.6621055603027344,59.0,59.5,7.165
1765485658.5830894,99,29,22,12,21,3.6619300842285156,59.0,59.5,6.4
1765485658.7842414,99,29,22,12,21,3.6619300842285156,59.0,59.5,6.4
1765485658.9852774,99,29,22,12,21,3.6619300842285156,59.0,59.5,6.4
1765485659.1863055,99,26,25,34,61,3.6617660522460938,59.0,59.5,7.737
1765485659.3872943,99,26,25,34,61,3.6617660522460938,59.0,59.5,7.737
1765485659.588632,99,15,17,7,6,3.6616783142089844,58.5,59.0,6.169
1765485659.7896538,99,15,17,7,6,3.6616783142089844,58.5,59.0,6.169
1765485659.9906433,99,15,17,7,6,3.6616783142089844,58.5,59.0,6.169
1765485660.1917603,99,40,58,28,32,3.6622695922851562,59.0,59.5,7.205
1765485660.393367,99,40,58,28,32,3.6622695922851562,59.0,59.5,7.205
1765485660.594449,99,26,26,14,18,3.662578582763672,58.5,59.5,6.009
1765485660.7957084,99,26,26,14,18,3.662578582763672,58.5,59.5,6.009
1765485660.99678,99,26,26,14,18,3.662578582763672,58.5,59.5,6.009
1765485661.1978366,99,49,35,30,21,3.6639862060546875,59.5,59.5,7.697
1765485661.399029,99,49,35,30,21,3.6639862060546875,59.5,59.5,7.697
1765485661.600227,99,15,10,9,16,3.663623809814453,58.5,59.5,6.049
1765485661.8014164,99,15,10,9,16,3.663623809814453,58.5,59.5,6.049
1765485662.0024312,99,15,10,9,16,3.663623809814453,58.5,59.5,6.049
1765485662.2035294,99,34,40,45,20,3.6640052795410156,59.5,59.5,7.165
1765485662.404707,99,34,40,45,20,3.6640052795410156,59.5,59.5,7.165
1765485662.605985,99,26,23,20,24,3.6639938354492188,59.0,60.0,6.429
1765485662.8070042,99,26,23,20,24,3.6639938354492188,59.0,60.0,6.429
1765485663.0085485,99,26,23,20,24,3.6639938354492188,59.0,60.0,6.429
1765485663.209542,99,20,24,54,18,3.664539337158203,59.5,59.5,7.658
1765485663.410568,99,20,24,54,18,3.664539337158203,59.5,59.5,7.658
1765485663.612703,96,14,15,20,16,3.6640968322753906,59.0,59.5,5.929
1765485663.8139079,96,14,15,20,16,3.6640968322753906,59.0,59.5,5.929
1765485664.0148277,96,14,15,20,16,3.6640968322753906,59.0,59.5,5.929
1765485664.2161856,99,50,28,52,25,3.664684295654297,59.5,59.5,7.245
1765485664.4172513,99,50,28,52,25,3.664684295654297,59.5,59.5,7.245
1765485664.6182036,85,18,22,16,16,3.6649856567382812,58.5,60.5,6.44
1765485664.8192384,85,18,22,16,16,3.6649856567382812,58.5,60.5,6.44
1765485665.0201013,85,18,22,16,16,3.6649856567382812,58.5,60.5,6.44
1765485665.2210598,99,25,19,18,59,3.6641998291015625,60.0,60.0,7.125
1765485665.4220903,99,25,19,18,59,3.6641998291015625,60.0,60.0,7.125
1765485665.62331,99,20,26,19,16,3.6641693115234375,59.0,59.5,5.969
1765485665.8245528,99,20,26,19,16,3.6641693115234375,59.0,59.5,5.969
1765485666.0254178,99,20,26,19,16,3.6641693115234375,59.0,59.5,5.969
1765485666.2263641,99,29,31,60,29,3.6635780334472656,59.0,60.0,7.551
1765485666.427431,99,29,31,60,29,3.6635780334472656,59.0,60.0,7.551
1765485666.6286612,99,16,17,8,12,3.664691925048828,59.0,60.0,6.549
1765485666.8297484,99,16,17,8,12,3.664691925048828,59.0,60.0,6.549
1765485667.030855,99,16,17,8,12,3.664691925048828,59.0,60.0,6.549
1765485667.2321572,99,30,26,27,52,3.664600372314453,59.5,60.0,7.165
1765485667.4332616,99,30,26,27,52,3.664600372314453,59.5,60.0,7.165
1765485667.6341374,93,16,23,19,22,3.664905548095703,59.0,59.5,5.969
1765485667.8353014,93,16,23,19,22,3.664905548095703,59.0,59.5,5.969
1765485668.0366309,93,16,23,19,22,3.664905548095703,59.0,59.5,5.969
1765485668.237698,99,33,36,32,43,3.6762771606445312,59.0,59.5,7.284
1765485668.438834,99,33,36,32,43,3.6762771606445312,59.0,59.5,7.284
1765485668.6398346,99,15,11,11,31,3.6762008666992188,59.5,59.5,7.737
1765485668.8410206,99,15,11,11,31,3.6762008666992188,59.5,59.5,7.737
1765485669.041999,99,15,11,11,31,3.6762008666992188,59.5,59.5,7.737
1765485669.2430751,99,30,28,33,32,3.6759262084960938,59.5,60.5,7.205
1765485669.4445217,99,30,28,33,32,3.6759262084960938,59.5,60.5,7.205
1765485669.6456544,99,30,28,33,32,3.6759262084960938,59.5,60.5,7.205
1765485669.846688,98,22,18,19,48,3.6763954162597656,59.5,60.0,7.245
1765485670.047636,98,22,18,19,48,3.6763954162597656,59.5,60.0,7.245
1765485670.2489371,99,28,30,23,30,3.676708221435547,59.5,61.0,7.883
1765485670.45,99,28,30,23,30,3.676708221435547,59.5,61.0,7.883
1765485670.6512494,99,28,30,23,30,3.676708221435547,59.5,61.0,7.883
1765485670.852496,99,33,27,14,26,3.676555633544922,60.0,60.0,7.432
1765485671.0543904,99,33,27,14,26,3.676555633544922,60.0,60.0,7.432
1765485671.255369,99,25,29,28,36,3.6762351989746094,59.5,61.0,7.392
1765485671.4565568,99,25,29,28,36,3.6762351989746094,59.5,61.0,7.392
1765485671.6576443,99,25,29,28,36,3.6762351989746094,59.5,61.0,7.392
1765485671.858569,98,19,22,23,47,3.6767120361328125,60.0,60.5,7.392
1765485672.0597243,98,19,22,23,47,3.6767120361328125,60.0,60.5,7.392
1765485672.2609022,99,28,31,23,18,3.677093505859375,59.5,61.0,7.777
1765485672.4617825,99,28,31,23,18,3.677093505859375,59.5,61.0,7.777
1765485672.6627505,99,28,31,23,18,3.677093505859375,59.5,61.0,7.777
1765485672.8640404,99,42,18,23,21,3.6763534545898438,59.5,60.0,7.284
1765485673.0650327,99,42,18,23,21,3.6763534545898438,59.5,60.0,7.284
1765485673.2661042,99,35,24,27,30,3.6764564514160156,59.0,61.0,7.364
1765485673.4670267,99,35,24,27,30,3.6764564514160156,59.0,61.0,7.364
1765485673.6681595,99,35,24,27,30,3.6764564514160156,59.0,61.0,7.364
1765485673.8692787,99,46,20,10,18,3.6762237548828125,60.0,60.0,7.896
1765485674.0703092,99,46,20,10,18,3.6762237548828125,60.0,60.0,7.896
1765485674.2741177,99,20,12,23,22,3.6756324768066406,59.5,61.0,7.312
1765485674.4751103,99,20,12,23,22,3.6756324768066406,59.5,61.0,7.312
1765485674.6762888,99,20,12,23,22,3.6756324768066406,59.5,61.0,7.312
1765485674.8774068,99,40,27,34,32,3.6765975952148438,60.0,60.0,7.392
1765485675.0794058,99,40,27,34,32,3.6765975952148438,60.0,60.0,7.392
1765485675.2808821,99,30,30,29,25,3.6762428283691406,59.0,60.5,7.392
1765485675.4822268,99,30,30,29,25,3.6762428283691406,59.0,60.5,7.392
1765485675.6835372,99,30,30,29,25,3.6762428283691406,59.0,60.5,7.392
1765485675.8847165,99,28,43,17,12,3.676605224609375,60.0,60.5,8.081
1765485676.0864763,99,28,43,17,12,3.676605224609375,60.0,60.5,8.081
1765485676.28752,99,20,20,37,21,3.6764259338378906,59.5,60.5,7.432
1765485676.488597,99,20,20,37,21,3.6764259338378906,59.5,60.5,7.432
1765485676.6896062,99,20,20,37,21,3.6764259338378906,59.5,60.5,7.432
1765485676.8907857,99,20,26,36,25,3.676891326904297,60.0,60.0,7.591
1765485677.0917377,99,20,26,36,25,3.676891326904297,60.0,60.0,7.591
1765485677.2927647,99,26,22,35,26,3.676239013671875,59.5,60.5,7.551
1765485677.4940279,99,26,22,35,26,3.676239013671875,59.5,60.5,7.551
1765485677.694995,99,26,22,35,26,3.676239013671875,59.5,60.5,7.551
1765485677.8960388,99,18,12,45,11,3.677215576171875,59.5,60.5,7.856
1765485678.0969124,99,18,12,45,11,3.677215576171875,59.5,60.5,7.856
1765485678.2981176,99,18,12,45,11,3.677215576171875,59.5,60.5,7.856
1765485678.4992828,99,39,28,30,25,3.677032470703125,59.5,61.0,7.737
1765485678.7004192,99,39,28,30,25,3.677032470703125,59.5,61.0,7.737
1765485678.901418,99,36,48,48,56,3.6821060180664062,60.0,60.5,7.511
1765485679.1024542,99,36,48,48,56,3.6821060180664062,60.0,60.5,7.511
1765485679.3038166,99,36,48,48,56,3.6821060180664062,60.0,60.5,7.511
1765485679.5049503,2,32,27,23,26,3.682659149169922,59.0,61.5,6.089
1765485679.705959,2,32,27,23,26,3.682659149169922,59.0,61.5,6.089
1765485679.907035,99,10,45,12,10,3.6840057373046875,60.0,60.0,7.046
1765485680.1081054,99,10,45,12,10,3.6840057373046875,60.0,60.0,7.046
1765485680.309021,99,10,45,12,10,3.6840057373046875,60.0,60.0,7.046
1765485680.510352,0,23,22,20,30,3.6826744079589844,59.5,60.0,5.072
1765485680.7122383,0,23,22,20,30,3.6826744079589844,59.5,60.0,5.072
1765485680.913322,99,22,51,24,27,3.682910919189453,59.5,60.0,6.937
1765485681.1144457,99,22,51,24,27,3.682910919189453,59.5,60.0,6.937
1765485681.315563,99,22,51,24,27,3.682910919189453,59.5,60.0,6.937
1765485681.5164945,99,19,21,21,20,3.6841506958007812,59.5,60.5,6.44
1765485681.7174582,99,19,21,21,20,3.6841506958007812,59.5,60.5,6.44
1765485681.9185648,99,36,22,16,44,3.683521270751953,59.5,60.5,7.205
1765485682.1197007,99,36,22,16,44,3.683521270751953,59.5,60.5,7.205
1765485682.320764,99,36,22,16,44,3.683521270751953,59.5,60.5,7.205
1765485682.5218143,1,25,10,20,16,3.683521270751953,59.5,59.5,5.385
1765485682.722951,1,25,10,20,16,3.683521270751953,59.5,59.5,5.385
1765485682.9240227,99,33,31,31,66,3.6844215393066406,60.0,60.5,7.432
1765485683.1250925,99,33,31,31,66,3.6844215393066406,60.0,60.5,7.432
1765485683.3262274,99,33,31,31,66,3.6844215393066406,60.0,60.5,7.432
1765485683.5273147,96,26,24,26,38,3.6856346130371094,60.0,62.0,7.551
1765485683.7285275,96,26,24,26,38,3.6856346130371094,60.0,62.0,7.551
1765485683.9296005,99,62,50,70,56,3.6851768493652344,60.0,61.0,7.816
1765485684.1307385,99,62,50,70,56,3.6851768493652344,60.0,61.0,7.816
1765485684.3317127,99,62,50,70,56,3.6851768493652344,60.0,61.0,7.816
1765485684.5325198,99,23,20,12,18,3.685565948486328,60.0,60.5,6.818
1765485684.733648,99,23,20,12,18,3.685565948486328,60.0,60.5,6.818
1765485684.9346948,99,34,25,60,22,3.6855316162109375,60.0,61.0,8.187
1765485685.1358888,99,34,25,60,22,3.6855316162109375,60.0,61.0,8.187
1765485685.3370256,99,34,25,60,22,3.6855316162109375,60.0,61.0,8.187
1765485685.5381148,99,8,9,4,4,3.6851425170898438,59.5,60.0,6.589
1765485685.7394066,99,8,9,4,4,3.6851425170898438,59.5,60.0,6.589
1765485685.9405012,99,62,38,33,33,3.685779571533203,59.5,60.5,7.511
1765485686.1416867,99,62,38,33,33,3.685779571533203,59.5,60.5,7.511
1765485686.3435616,99,62,38,33,33,3.685779571533203,59.5,60.5,7.511
1765485686.5445998,99,15,17,17,18,3.68572998046875,60.0,60.0,6.977
1765485686.745547,99,15,17,17,18,3.68572998046875,60.0,60.0,6.977
1765485686.9467504,99,24,26,48,43,3.6865577697753906,60.5,61.0,8.226
1765485687.1509633,99,24,26,48,43,3.6865577697753906,60.5,61.0,8.226
1765485687.3519046,99,24,26,48,43,3.6865577697753906,60.5,61.0,8.226
1765485687.5530868,99,16,12,11,11,3.6857681274414062,60.5,60.0,6.789
1765485687.7539728,99,16,12,11,11,3.6857681274414062,60.5,60.0,6.789
1765485687.9552517,99,16,12,11,11,3.6857681274414062,60.5,60.0,6.789
1765485688.15676,99,43,57,32,27,3.685718536376953,60.5,60.5,7.364
1765485688.3579147,99,43,57,32,27,3.685718536376953,60.5,60.5,7.364
1765485688.5587947,99,26,16,26,16,3.686267852783203,60.5,60.5,7.245
1765485688.760237,99,26,16,26,16,3.686267852783203,60.5,60.5,7.245
1765485688.9612515,99,26,16,26,16,3.686267852783203,60.5,60.5,7.245
1765485689.1622336,99,18,21,22,56,3.6860809326171875,60.5,61.0,7.896
1765485689.3635976,99,18,21,22,56,3.6860809326171875,60.5,61.0,7.896
1765485689.5644982,99,18,18,10,18,3.6858444213867188,60.0,60.5,6.857
1765485689.765728,99,18,18,10,18,3.6858444213867188,60.0,60.5,6.857
1765485689.96677,99,18,18,10,18,3.6858444213867188,60.0,60.5,6.857
1765485690.1677847,99,57,26,46,28,3.686321258544922,60.5,60.5,7.936
1765485690.369077,99,57,26,46,28,3.686321258544922,60.5,60.5,7.936
1765485690.5704985,99,18,14,11,15,3.687274932861328,60.0,61.0,7.392
1765485690.7716346,99,18,14,11,15,3.687274932861328,60.0,61.0,7.392
1765485690.972572,99,18,14,11,15,3.687274932861328,60.0,61.0,7.392
1765485691.1746871,99,22,64,20,20,3.6868743896484375,60.5,60.5,7.352
1765485691.376036,99,22,64,20,20,3.6868743896484375,60.5,60.5,7.352
1765485691.5770216,99,18,22,16,20,3.6874046325683594,60.0,60.5,6.937
1765485691.7781944,99,18,22,16,20,3.6874046325683594,60.0,60.5,6.937
1765485691.9792008,99,18,22,16,20,3.6874046325683594,60.0,60.5,6.937
1765485692.180368,99,38,31,27,48,3.6873931884765625,60.5,60.5,7.352
1765485692.3815236,99,38,31,27,48,3.6873931884765625,60.5,60.5,7.352
1765485692.582467,99,17,16,14,10,3.6882057189941406,60.0,60.5,7.324
1765485692.783455,99,17,16,14,10,3.6882057189941406,60.0,60.5,7.324
1765485692.9844828,99,17,16,14,10,3.6882057189941406,60.0,60.5,7.324
1765485693.1853023,0,52,48,66,59,3.687175750732422,59.5,62.0,4.563
1765485693.3863456,0,52,48,66,59,3.687175750732422,59.5,62.0,4.563
1765485693.5872917,99,35,26,42,65,3.7089271545410156,60.0,60.5,7.618
1765485693.788268,99,35,26,42,65,3.7089271545410156,60.0,60.5,7.618
1765485693.989412,99,35,26,42,65,3.7089271545410156,60.0,60.5,7.618
1765485694.190342,99,18,16,16,17,3.7094192504882812,60.0,60.5,7.697
1765485694.3916101,99,18,16,16,17,3.7094192504882812,60.0,60.5,7.697
1765485694.5926335,98,25,58,21,30,3.6721038818359375,60.5,60.5,7.936
1765485694.7938719,98,25,58,21,30,3.6721038818359375,60.5,60.5,7.936
1765485694.9948347,98,25,58,21,30,3.6721038818359375,60.5,60.5,7.936
1765485695.1957912,99,23,15,14,12,3.6721839904785156,60.0,60.5,7.312
1765485695.3975933,99,23,15,14,12,3.6721839904785156,60.0,60.5,7.312
1765485695.598812,99,54,40,21,43,3.675079345703125,60.5,61.5,7.923
1765485695.7997894,99,54,40,21,43,3.675079345703125,60.5,61.5,7.923
1765485696.0007687,99,54,40,21,43,3.675079345703125,60.5,61.5,7.923
1765485696.2018738,99,21,16,16,13,3.6762542724609375,60.0,60.5,7.511
1765485696.4030676,99,21,16,16,13,3.6762542724609375,60.0,60.5,7.511
1765485696.6040561,99,19,24,16,58,3.6749000549316406,60.0,61.0,7.856
1765485696.805001,99,19,24,16,58,3.6749000549316406,60.0,61.0,7.856
1765485697.0060983,99,19,24,16,58,3.6749000549316406,60.0,61.0,7.856
1765485697.207219,99,16,20,16,23,3.6753463745117188,60.5,60.5,7.017
1765485697.4092464,99,16,20,16,23,3.6753463745117188,60.5,60.5,7.017
1765485697.6103363,99,31,46,32,46,3.675273895263672,60.5,61.5,8.187
1765485697.8114407,99,31,46,32,46,3.675273895263672,60.5,61.5,8.187
1765485698.012665,99,31,46,32,46,3.675273895263672,60.5,61.5,8.187
1765485698.2137976,98,8,8,14,17,3.6763229370117188,60.5,61.0,7.551
1765485698.4148288,98,8,8,14,17,3.6763229370117188,60.5,61.0,7.551
1765485698.6158624,99,22,50,37,24,3.6751441955566406,60.5,61.0,7.737
1765485698.8171008,99,22,50,37,24,3.6751441955566406,60.5,61.0,7.737
1765485699.0181136,99,22,50,37,24,3.6751441955566406,60.5,61.0,7.737
1765485699.219256,98,20,24,16,23,3.6757240295410156,60.0,61.0,7.312
1765485699.4205546,98,20,24,16,23,3.6757240295410156,60.0,61.0,7.312
1765485699.621766,98,20,24,16,23,3.6757240295410156,60.0,61.0,7.312
1765485699.8284101,99,27,34,36,44,3.6762466430664062,60.5,61.5,8.226
1765485700.0293622,99,27,34,36,44,3.6762466430664062,60.5,61.5,8.226
1765485700.2303252,98,15,19,15,15,3.6755447387695312,60.5,60.5,7.165
1765485700.4312985,98,15,19,15,15,3.6755447387695312,60.5,60.5,7.165
1765485700.6324697,98,15,19,15,15,3.6755447387695312,60.5,60.5,7.165
1765485700.8334215,99,36,61,30,20,3.6756553649902344,60.5,60.5,7.777
1765485701.0345287,99,36,61,30,20,3.6756553649902344,60.5,60.5,7.777
1765485701.2355602,98,27,22,14,17,3.6759300231933594,60.5,60.5,7.125
1765485701.4366238,98,27,22,14,17,3.6759300231933594,60.5,60.5,7.125
1765485701.6377125,98,27,22,14,17,3.6759300231933594,60.5,60.5,7.125
1765485701.8386643,99,27,27,52,22,3.676311492919922,60.5,61.5,8.081
1765485702.0397148,99,27,27,52,22,3.676311492919922,60.5,61.5,8.081
1765485702.2406702,99,21,18,14,17,3.6757164001464844,60.5,61.0,7.085
1765485702.4416142,99,21,18,14,17,3.6757164001464844,60.5,61.0,7.085
1765485702.6426551,99,21,18,14,17,3.6757164001464844,60.5,61.0,7.085
1765485702.8439019,99,26,58,26,24,3.6759185791015625,60.5,61.0,7.591
1765485703.045017,99,26,58,26,24,3.6759185791015625,60.5,61.0,7.591
1765485703.2460074,98,20,25,12,25,3.6760711669921875,61.0,61.0,7.312
1765485703.4469745,98,20,25,12,25,3.6760711669921875,61.0,61.0,7.312
1765485703.6479375,98,20,25,12,25,3.6760711669921875,61.0,61.0,7.312
1765485703.8489347,99,28,24,21,52,3.67730712890625,60.5,62.0,8.002
1765485704.0500143,99,28,24,21,52,3.67730712890625,60.5,62.0,8.002
1765485704.2509754,98,22,17,23,14,3.677093505859375,61.0,61.0,7.205
1765485704.4518738,98,22,17,23,14,3.677093505859375,61.0,61.0,7.205
1765485704.6529515,98,22,17,23,14,3.677093505859375,61.0,61.0,7.205
1765485704.864107,99,42,27,50,38,3.6776123046875,61.0,61.5,8.147
1765485705.0652575,99,42,27,50,38,3.6776123046875,61.0,61.5,8.147
1765485705.266246,98,33,16,22,20,3.6756629943847656,61.0,61.5,8.081
1765485705.4672618,98,33,16,22,20,3.6756629943847656,61.0,61.5,8.081
1765485705.6683753,98,33,16,22,20,3.6756629943847656,61.0,61.5,8.081
1765485705.873396,99,22,23,17,48,3.6749114990234375,60.5,61.5,7.856
1765485706.074471,99,22,23,17,48,3.6749114990234375,60.5,61.5,7.856
1765485706.2753766,98,23,10,20,29,3.674732208251953,61.0,61.0,7.125
1765485706.4766278,98,23,10,20,29,3.674732208251953,61.0,61.0,7.125
1765485706.6776927,98,23,10,20,29,3.674732208251953,61.0,61.0,7.125
1765485706.8787494,99,27,30,50,24,3.6754684448242188,61.0,61.5,7.658
1765485707.0798106,99,27,30,50,24,3.6754684448242188,61.0,61.5,7.658
1765485707.2810168,99,19,28,9,13,3.6761436462402344,60.5,62.0,8.345
1765485707.4845328,99,19,28,9,13,3.6761436462402344,60.5,62.0,8.345
1765485707.68547,99,19,28,9,13,3.6761436462402344,60.5,62.0,8.345
1765485707.8875382,99,42,20,32,21,3.6756057739257812,60.5,61.5,7.658
1765485708.0885677,99,42,20,32,21,3.6756057739257812,60.5,61.5,7.658
1765485708.2896278,99,27,23,16,14,3.675281524658203,60.5,61.0,7.697
1765485708.490609,99,27,23,16,14,3.675281524658203,60.5,61.0,7.697
1765485708.6918316,99,27,23,16,14,3.675281524658203,60.5,61.0,7.697
1765485708.893168,99,33,34,30,33,3.6763038635253906,60.5,61.5,7.936
1765485709.094049,99,33,34,30,33,3.6763038635253906,60.5,61.5,7.936
1765485709.295159,99,17,15,26,6,3.676227569580078,60.5,61.5,7.245
1765485709.4960656,99,17,15,26,6,3.676227569580078,60.5,61.5,7.245
1765485709.6983776,99,17,15,26,6,3.676227569580078,60.5,61.5,7.245
1765485709.8995423,99,24,51,22,30,3.676433563232422,60.5,61.0,7.591
1765485710.101454,99,24,51,22,30,3.676433563232422,60.5,61.0,7.591
1765485710.302516,98,22,37,24,20,3.677135467529297,61.0,61.5,7.471
1765485710.5033529,98,22,37,24,20,3.677135467529297,61.0,61.5,7.471
1765485710.7045796,98,22,37,24,20,3.677135467529297,61.0,61.5,7.471
1765485710.9056346,99,26,19,36,31,3.6776275634765625,60.5,62.0,8.187
1765485711.1067097,99,26,19,36,31,3.6776275634765625,60.5,62.0,8.187
1765485711.3077934,99,22,20,18,31,3.6766624450683594,61.0,61.0,7.404
1765485711.5088778,99,22,20,18,31,3.6766624450683594,61.0,61.0,7.404
1765485711.7101898,99,22,20,18,31,3.6766624450683594,61.0,61.0,7.404
1765485711.9112868,99,31,18,25,43,3.6778411865234375,60.5,61.5,7.591
1765485712.1126013,99,31,18,25,43,3.6778411865234375,60.5,61.5,7.591
1765485712.3137085,99,20,18,24,43,3.6787872314453125,61.0,61.5,7.777
1765485712.5147288,99,20,18,24,43,3.6787872314453125,61.0,61.5,7.777
1765485712.7157302,99,20,18,24,43,3.6787872314453125,61.0,61.5,7.777
1765485712.9166949,99,25,31,28,20,3.6793479919433594,61.0,62.0,7.432
1765485713.1177962,99,25,31,28,20,3.6793479919433594,61.0,62.0,7.432
1765485713.318873,99,25,31,28,20,3.6793479919433594,61.0,62.0,7.432
1765485713.520221,99,29,21,32,25,3.679363250732422,61.0,61.0,7.392
1765485713.7211738,99,29,21,32,25,3.679363250732422,61.0,61.0,7.392
1765485713.9222422,99,30,22,29,35,3.6792144775390625,61.0,62.0,7.284
1765485714.1232498,99,30,22,29,35,3.6792144775390625,61.0,62.0,7.284
1765485714.3245003,99,30,22,29,35,3.6792144775390625,61.0,62.0,7.284
1765485714.5256147,99,25,20,20,48,3.679027557373047,61.5,61.5,8.081
1765485714.726609,99,25,20,20,48,3.679027557373047,61.5,61.5,8.081
1765485714.9333687,36,18,16,23,8,3.6809234619140625,60.5,62.0,5.698
1765485715.1343122,36,18,16,23,8,3.6809234619140625,60.5,62.0,5.698
1765485715.3354259,36,18,16,23,8,3.6809234619140625,60.5,62.0,5.698
1765485715.5366259,99,31,40,31,19,3.6809463500976562,61.5,62.5,7.816
1765485715.7376077,99,31,40,31,19,3.6809463500976562,61.5,62.5,7.816
1765485715.9387977,0,30,28,50,26,3.6789588928222656,60.0,61.0,5.193
1765485716.1398027,0,30,28,50,26,3.6789588928222656,60.0,61.0,5.193
1765485716.3408566,0,30,28,50,26,3.6789588928222656,60.0,61.0,5.193
1765485716.5418482,99,25,20,57,23,3.6803436279296875,61.0,62.0,7.936
1765485716.7427664,99,25,20,57,23,3.6803436279296875,61.0,62.0,7.936
1765485716.9438124,0,15,15,22,25,3.6799964904785156,60.5,61.0,5.385
1765485717.1448402,0,15,15,22,25,3.6799964904785156,60.5,61.0,5.385
1765485717.345815,0,15,15,22,25,3.6799964904785156,60.5,61.0,5.385
1765485717.5467317,99,28,30,50,26,3.680286407470703,61.0,61.5,6.818
1765485717.7476897,99,28,30,50,26,3.680286407470703,61.0,61.5,6.818
1765485717.9488435,99,27,19,19,25,3.6800880432128906,60.5,61.0,6.44
1765485718.1499279,99,27,19,19,25,3.6800880432128906,60.5,61.0,6.44
1765485718.3510928,99,27,19,19,25,3.6800880432128906,60.5,61.0,6.44
1765485718.5521545,99,24,58,16,18,3.6812400817871094,61.0,61.5,7.511
1765485718.7532446,99,24,58,16,18,3.6812400817871094,61.0,61.5,7.511
1765485718.9543188,99,16,17,20,16,3.6807899475097656,60.5,61.5,6.2
1765485719.155453,99,16,17,20,16,3.6807899475097656,60.5,61.5,6.2
1765485719.3563824,99,16,17,20,16,3.6807899475097656,60.5,61.5,6.2
1765485719.557385,99,38,57,23,24,3.681079864501953,61.0,61.0,7.165
1765485719.7586768,99,38,57,23,24,3.681079864501953,61.0,61.0,7.165
1765485719.9598098,99,24,16,20,23,3.6819915771484375,61.0,62.0,6.709
1765485720.161051,99,24,16,20,23,3.6819915771484375,61.0,62.0,6.709
1765485720.3621378,99,24,16,20,23,3.6819915771484375,61.0,62.0,6.709
1765485720.5633705,99,22,24,21,58,3.681896209716797,61.0,61.5,7.245
1765485720.764644,99,22,24,21,58,3.681896209716797,61.0,61.5,7.245
1765485720.9656765,83,10,17,19,22,3.6819992065429688,61.0,61.0,5.658
1765485721.1667395,83,10,17,19,22,3.6819992065429688,61.0,61.0,5.658
1765485721.3676078,83,10,17,19,22,3.6819992065429688,61.0,61.0,5.658
1765485721.5686307,99,35,32,38,62,3.68231201171875,61.5,61.5,7.085
1765485721.7697318,99,35,32,38,62,3.68231201171875,61.5,61.5,7.085
1765485721.9710145,99,35,32,38,62,3.68231201171875,61.5,61.5,7.085
1765485722.1720936,0,18,12,12,10,3.6829376220703125,60.5,62.0,5.425
1765485722.3732328,0,18,12,12,10,3.6829376220703125,60.5,62.0,5.425
1765485722.5742671,99,33,30,44,64,3.6831092834472656,61.0,61.5,7.471
1765485722.7753778,99,33,30,44,64,3.6831092834472656,61.0,61.5,7.471
1765485722.976384,99,33,30,44,64,3.6831092834472656,61.0,61.5,7.471
1765485723.177486,99,16,23,8,20,3.686420440673828,61.0,61.0,5.506
1765485723.3787248,99,16,23,8,20,3.686420440673828,61.0,61.0,5.506
1765485723.5797238,99,33,34,60,38,3.686725616455078,61.5,62.0,7.67
1765485723.7807336,99,33,34,60,38,3.686725616455078,61.5,62.0,7.67
1765485723.9817798,99,33,34,60,38,3.686725616455078,61.5,62.0,7.67
1765485724.182854,99,10,13,9,6,3.687213897705078,61.5,62.0,6.937
1765485724.384022,99,10,13,9,6,3.687213897705078,61.5,62.0,6.937
1765485724.5849197,99,37,30,25,62,3.6869125366210938,61.5,62.0,7.816
1765485724.7861433,99,37,30,25,62,3.6869125366210938,61.5,62.0,7.816
1765485724.9870937,99,37,30,25,62,3.6869125366210938,61.5,62.0,7.816
1765485725.1881447,98,24,20,20,14,3.687389373779297,61.0,62.0,7.125
1765485725.3896017,98,24,20,20,14,3.687389373779297,61.0,62.0,7.125
1765485725.590522,99,32,33,43,33,3.6890830993652344,61.5,62.5,8.305
1765485725.791479,99,32,33,43,33,3.6890830993652344,61.5,62.5,8.305
1765485725.992596,99,32,33,43,33,3.6890830993652344,61.5,62.5,8.305
1765485726.1936555,99,11,6,8,10,3.6883277893066406,61.5,61.5,7.205
1765485726.3946512,99,11,6,8,10,3.6883277893066406,61.5,61.5,7.205
1765485726.5954883,99,28,27,30,68,3.688232421875,61.5,62.0,7.737
1765485726.7965748,99,28,27,30,68,3.688232421875,61.5,62.0,7.737
1765485726.9977198,99,28,27,30,68,3.688232421875,61.5,62.0,7.737
1765485727.1988661,99,25,20,14,10,3.6885604858398438,61.5,62.0,7.324
1765485727.3998055,99,25,20,14,10,3.6885604858398438,61.5,62.0,7.324
1765485727.6007624,99,26,30,30,61,3.689434051513672,61.5,62.5,8.647
1765485727.80181,99,26,30,30,61,3.689434051513672,61.5,62.5,8.647
1765485728.002971,99,26,30,30,61,3.689434051513672,61.5,62.5,8.647
1765485728.2051105,99,12,17,14,11,3.688915252685547,62.0,62.0,7.511
1765485728.4061496,99,12,17,14,11,3.688915252685547,62.0,62.0,7.511
1765485728.607206,98,52,27,43,30,3.6890602111816406,61.5,63.0,7.975
1765485728.8087237,98,52,27,43,30,3.6890602111816406,61.5,63.0,7.975
1765485729.009879,98,52,27,43,30,3.6890602111816406,61.5,63.0,7.975
1765485729.2109253,99,21,16,22,16,3.689922332763672,61.5,62.0,7.896
1765485729.412235,99,21,16,22,16,3.689922332763672,61.5,62.0,7.896
1765485729.613648,99,26,54,22,14,3.6900100708007812,61.5,61.5,7.777
1765485729.8146203,99,26,54,22,14,3.6900100708007812,61.5,61.5,7.777
1765485730.0158222,99,26,54,22,14,3.6900100708007812,61.5,61.5,7.777
1765485730.2168384,99,17,19,20,22,3.6899490356445312,61.5,61.5,7.432
1765485730.4179773,99,17,19,20,22,3.6899490356445312,61.5,61.5,7.432
1765485730.6189945,98,30,32,48,31,3.6900177001953125,61.5,63.0,7.896
1765485730.8198633,98,30,32,48,31,3.6900177001953125,61.5,63.0,7.896
1765485731.021019,98,30,32,48,31,3.6900177001953125,61.5,63.0,7.896
1765485731.2219174,99,21,17,17,17,3.6904144287109375,61.5,62.5,8.081
1765485731.4229758,99,21,17,17,17,3.6904144287109375,61.5,62.5,8.081
1765485731.6239922,99,23,19,52,30,3.689788818359375,61.5,63.0,8.187
1765485731.8249428,99,23,19,52,30,3.689788818359375,61.5,63.0,8.187
1765485732.0261643,99,23,19,52,30,3.689788818359375,61.5,63.0,8.187
1765485732.2280126,99,20,16,20,18,3.690204620361328,61.5,61.5,7.017
1765485732.429204,99,20,16,20,18,3.690204620361328,61.5,61.5,7.017
1765485732.6302264,99,42,49,33,26,3.691211700439453,61.5,62.5,7.962
1765485732.8312461,99,42,49,33,26,3.691211700439453,61.5,62.5,7.962
1765485733.0323582,99,42,49,33,26,3.691211700439453,61.5,62.5,7.962
1765485733.2333748,98,13,18,18,18,3.691181182861328,61.5,62.0,7.737
1765485733.4343588,98,13,18,18,18,3.691181182861328,61.5,62.0,7.737
1765485733.6357093,98,13,18,18,18,3.691181182861328,61.5,62.0,7.737
1765485733.8369462,99,32,26,54,22,3.6906776428222656,61.5,63.0,8.002
1765485734.0380726,99,32,26,54,22,3.6906776428222656,61.5,63.0,8.002
1765485734.2390316,98,22,20,24,19,3.6909141540527344,61.5,62.0,7.125
1765485734.4404151,98,22,20,24,19,3.6909141540527344,61.5,62.0,7.125
1765485734.6416233,98,22,20,24,19,3.6909141540527344,61.5,62.0,7.125
1765485734.8427374,99,38,35,27,34,3.6925010681152344,61.5,62.5,8.121
1765485735.0438533,99,38,35,27,34,3.6925010681152344,61.5,62.5,8.121
1765485735.2451823,99,24,13,17,19,3.6918869018554688,61.5,62.0,7.364
1765485735.4463327,99,24,13,17,19,3.6918869018554688,61.5,62.0,7.364
1765485735.6538856,99,24,13,17,19,3.6918869018554688,61.5,62.0,7.364
1765485735.8551118,99,37,52,33,31,3.6920852661132812,61.5,62.0,7.591
1765485736.0562153,99,37,52,33,31,3.6920852661132812,61.5,62.0,7.591
1765485736.2571084,99,18,29,25,14,3.6927947998046875,61.5,62.0,7.551
1765485736.458189,99,18,29,25,14,3.6927947998046875,61.5,62.0,7.551
1765485736.6592305,99,18,29,25,14,3.6927947998046875,61.5,62.0,7.551
1765485736.8602343,99,27,20,46,25,3.6934127807617188,61.5,62.5,8.464
1765485737.0611897,99,27,20,46,25,3.6934127807617188,61.5,62.5,8.464
1765485737.262333,99,19,14,21,20,3.692291259765625,62.0,62.0,7.471
1765485737.4632862,99,19,14,21,20,3.692291259765625,62.0,62.0,7.471
1765485737.6650093,99,19,14,21,20,3.692291259765625,62.0,62.0,7.471
1765485737.866021,99,48,40,38,33,3.6923294067382812,62.0,63.0,8.608
1765485738.0671473,99,48,40,38,33,3.6923294067382812,62.0,63.0,8.608
1765485738.2683995,99,49,45,37,52,3.6974411010742188,62.0,63.0,8.687
1765485738.469485,99,49,45,37,52,3.6974411010742188,62.0,63.0,8.687
1765485738.6706808,99,49,45,37,52,3.6974411010742188,62.0,63.0,8.687
1765485738.8716269,99,29,44,27,28,3.6977310180664062,61.5,62.5,8.2
1765485739.0727222,99,29,44,27,28,3.6977310180664062,61.5,62.5,8.2
1765485739.2737944,99,24,21,20,24,3.6970291137695312,61.5,62.0,7.591
1765485739.474792,99,24,21,20,24,3.6970291137695312,61.5,62.0,7.591
1765485739.6758745,99,24,21,20,24,3.6970291137695312,61.5,62.0,7.591
1765485739.8770986,99,50,23,30,28,3.6977157592773438,61.5,63.0,7.737
1765485740.0782201,99,50,23,30,28,3.6977157592773438,61.5,63.0,7.737
1765485740.279454,99,36,14,23,10,3.6984100341796875,62.0,62.5,8.424
1765485740.4804573,99,36,14,23,10,3.6984100341796875,62.0,62.5,8.424
1765485740.6813982,99,36,14,23,10,3.6984100341796875,62.0,62.5,8.424
1765485740.8824894,99,27,14,43,19,3.6976547241210938,61.5,62.5,7.312
1765485741.0835762,99,27,14,43,19,3.6976547241210938,61.5,62.5,7.312
1765485741.284696,99,31,24,37,25,3.698223114013672,61.5,62.5,7.75
1765485741.4856853,99,31,24,37,25,3.698223114013672,61.5,62.5,7.75
1765485741.6866803,99,31,24,37,25,3.698223114013672,61.5,62.5,7.75
1765485741.887772,99,35,37,26,48,3.6987342834472656,61.5,62.0,7.618
1765485742.0889742,99,35,37,26,48,3.6987342834472656,61.5,62.0,7.618
1765485742.2901807,99,12,14,12,37,3.6992225646972656,62.0,63.0,8.489
1765485742.4911833,99,12,14,12,37,3.6992225646972656,62.0,63.0,8.489
1765485742.6920633,99,12,14,12,37,3.6992225646972656,62.0,63.0,8.489
1765485742.893186,99,36,25,28,37,3.6988601684570312,61.0,62.0,6.629
1765485743.094249,99,36,25,28,37,3.6988601684570312,61.0,62.0,6.629
1765485743.2953022,99,20,20,23,47,3.700031280517578,62.0,62.5,7.352
1765485743.4963858,99,20,20,23,47,3.700031280517578,62.0,62.5,7.352
1765485743.6977215,99,20,20,23,47,3.700031280517578,62.0,62.5,7.352
1765485743.898872,99,27,23,28,29,3.699939727783203,61.5,63.0,7.165
1765485744.1000764,99,27,23,28,29,3.699939727783203,61.5,63.0,7.165
1765485744.3011365,99,27,23,28,29,3.699939727783203,61.5,63.0,7.165
1765485744.5021996,99,14,11,47,14,3.7005271911621094,62.0,62.0,7.777
1765485744.7032683,99,14,11,47,14,3.7005271911621094,62.0,62.0,7.777
1765485744.9048047,99,37,19,26,23,3.7007408142089844,61.0,63.5,7.006
1765485745.1057436,99,37,19,26,23,3.7007408142089844,61.0,63.5,7.006
1765485745.3068216,99,37,19,26,23,3.7007408142089844,61.0,63.5,7.006
1765485745.5080898,99,50,20,27,24,3.700176239013672,61.5,62.5,7.658
1765485745.709212,99,50,20,27,24,3.700176239013672,61.5,62.5,7.658
1765485745.9101515,40,21,26,18,26,3.7016258239746094,61.0,63.0,6.509
1765485746.111235,40,21,26,18,26,3.7016258239746094,61.0,63.0,6.509
1765485746.312374,40,21,26,18,26,3.7016258239746094,61.0,63.0,6.509
1765485746.5135448,99,16,20,16,40,3.700946807861328,62.0,62.5,7.017
1765485746.715587,99,16,20,16,40,3.700946807861328,62.0,62.5,7.017
1765485746.916672,0,30,18,29,25,3.701641082763672,61.0,62.0,5.233
1765485747.1179252,0,30,18,29,25,3.701641082763672,61.0,62.0,5.233
1765485747.3188756,0,30,18,29,25,3.701641082763672,61.0,62.0,5.233
1765485747.519888,99,28,24,28,60,3.7022132873535156,62.0,62.5,7.245
1765485747.7209353,99,28,24,28,60,3.7022132873535156,62.0,62.5,7.245
1765485747.9219484,8,20,16,21,10,3.702747344970703,61.0,63.0,6.24
1765485748.1229677,8,20,16,21,10,3.702747344970703,61.0,63.0,6.24
1765485748.324534,8,20,16,21,10,3.702747344970703,61.0,63.0,6.24
1765485748.525865,99,28,45,29,35,3.702362060546875,62.0,62.5,7.245
1765485748.7270086,99,28,45,29,35,3.702362060546875,62.0,62.5,7.245
1765485748.9284515,99,27,24,19,17,3.7026329040527344,61.5,62.5,6.669
1765485749.129596,99,27,24,19,17,3.7026329040527344,61.5,62.5,6.669
1765485749.3306422,99,27,24,19,17,3.7026329040527344,61.5,62.5,6.669
1765485749.5317018,99,25,58,24,26,3.70263671875,61.5,62.5,7.551
1765485749.73268,99,25,58,24,26,3.70263671875,61.5,62.5,7.551
1765485749.933817,99,13,10,6,17,3.7023277282714844,61.5,62.0,6.4
1765485750.134899,99,13,10,6,17,3.7023277282714844,61.5,62.0,6.4
1765485750.3361993,99,13,10,6,17,3.7023277282714844,61.5,62.0,6.4
1765485750.5372746,99,42,45,29,38,3.7025070190429688,62.0,62.5,7.324
1765485750.738422,99,42,45,29,38,3.7025070190429688,62.0,62.5,7.324
1765485750.939428,99,12,18,26,19,3.7026939392089844,61.0,62.5,6.629
1765485751.1406195,99,12,18,26,19,3.7026939392089844,61.0,62.5,6.629
1765485751.3416796,99,12,18,26,19,3.7026939392089844,61.0,62.5,6.629
1765485751.542658,99,20,21,64,29,3.7033615112304688,62.0,63.0,7.883
1765485751.743579,99,20,21,64,29,3.7033615112304688,62.0,63.0,7.883
1765485751.944676,99,17,15,10,6,3.7024154663085938,61.5,62.5,6.778
1765485752.145823,99,17,15,10,6,3.7024154663085938,61.5,62.5,6.778
1765485752.3468537,99,17,15,10,6,3.7024154663085938,61.5,62.5,6.778
1765485752.5477808,99,32,36,53,28,3.7029190063476562,62.0,62.5,7.125
1765485752.7488246,99,32,36,53,28,3.7029190063476562,62.0,62.5,7.125
1765485752.9498367,99,20,26,21,14,3.7031593322753906,62.0,62.5,6.629
1765485753.1509347,99,20,26,21,14,3.7031593322753906,62.0,62.5,6.629
1765485753.3519676,99,20,26,21,14,3.7031593322753906,62.0,62.5,6.629
1765485753.553059,99,19,20,54,15,3.703907012939453,62.0,62.5,7.591
1765485753.753999,99,19,20,54,15,3.703907012939453,62.0,62.5,7.591
1765485753.9549837,99,12,25,14,14,3.702587127685547,62.0,62.5,6.469
1765485754.156328,99,12,25,14,14,3.702587127685547,62.0,62.5,6.469
1765485754.3573508,99,12,25,14,14,3.702587127685547,62.0,62.5,6.469
1765485754.5584905,99,33,32,51,30,3.7030258178710938,62.0,62.5,7.125
1765485754.7595935,99,33,32,51,30,3.7030258178710938,62.0,62.5,7.125
1765485754.9605432,99,33,32,51,30,3.7030258178710938,62.0,62.5,7.125
1765485755.1617641,99,17,26,20,21,3.7033157348632812,61.5,63.5,7.125
1765485755.3630362,99,17,26,20,21,3.7033157348632812,61.5,63.5,7.125
1765485755.564472,99,16,26,14,52,3.702709197998047,62.0,63.0,7.205
1765485755.7656457,99,16,26,14,52,3.702709197998047,62.0,63.0,7.205
1765485755.9666078,99,16,26,14,52,3.702709197998047,62.0,63.0,7.205
1765485756.1676972,99,21,16,26,19,3.702991485595703,62.0,62.5,6.48
1765485756.3685696,99,21,16,26,19,3.702991485595703,62.0,62.5,6.48
1765485756.570001,99,28,28,25,59,3.70263671875,62.0,62.5,7.165
1765485756.7712874,99,28,28,25,59,3.70263671875,62.0,62.5,7.165
1765485756.9723725,99,28,28,25,59,3.70263671875,62.0,62.5,7.165
1765485757.173293,99,14,12,18,14,3.7030792236328125,62.0,63.0,7.125
1765485757.3743796,99,14,12,18,14,3.7030792236328125,62.0,63.0,7.125
1765485757.5754735,99,30,26,55,28,3.702991485595703,62.5,63.0,7.205
1765485757.7768502,99,30,26,55,28,3.702991485595703,62.5,63.0,7.205
1765485757.9779232,99,30,26,55,28,3.702991485595703,62.5,63.0,7.205
1765485758.1791542,99,25,16,23,12,3.7032432556152344,61.5,62.5,6.24
1765485758.3803751,99,25,16,23,12,3.7032432556152344,61.5,62.5,6.24
1765485758.5817668,99,30,28,66,24,3.7040557861328125,62.5,63.0,7.432
1765485758.7827966,99,30,28,66,24,3.7040557861328125,62.5,63.0,7.432
1765485758.9837053,99,30,28,66,24,3.7040557861328125,62.5,63.0,7.432
1765485759.1871068,99,11,9,14,9,3.7040748596191406,62.0,62.5,5.738
1765485759.3881803,99,11,9,14,9,3.7040748596191406,62.0,62.5,5.738
1765485759.5891335,99,29,56,28,35,3.703510284423828,62.5,62.5,7.284
1765485759.7900965,99,29,56,28,35,3.703510284423828,62.5,62.5,7.284
1765485759.9911482,99,29,56,28,35,3.703510284423828,62.5,62.5,7.284
1765485760.1921425,96,20,14,18,14,3.70416259765625,62.0,62.5,6.169
1765485760.3932118,96,20,14,18,14,3.70416259765625,62.0,62.5,6.169
1765485760.5944219,99,25,28,27,68,3.705036163330078,62.5,63.5,7.962
1765485760.795628,99,25,28,27,68,3.705036163330078,62.5,63.5,7.962
1765485760.9967468,99,25,28,27,68,3.705036163330078,62.5,63.5,7.962
1765485761.1979325,94,10,4,9,6,3.7038345336914062,62.0,62.5,6.209
1765485761.399028,94,10,4,9,6,3.7038345336914062,62.0,62.5,6.209
1765485761.6003416,99,37,32,60,37,3.7052383422851562,62.5,63.0,7.432
1765485761.8013208,99,37,32,60,37,3.7052383422851562,62.5,63.0,7.432
1765485762.0024447,99,37,32,60,37,3.7052383422851562,62.5,63.0,7.432
1765485762.2035456,99,23,19,12,14,3.7055931091308594,62.0,62.5,7.017
1765485762.4047318,99,23,19,12,14,3.7055931091308594,62.0,62.5,7.017
1765485762.6059139,99,20,24,66,20,3.7069168090820312,62.5,63.0,7.962
1765485762.8070357,99,20,24,66,20,3.7069168090820312,62.5,63.0,7.962
1765485763.0081615,99,20,24,66,20,3.7069168090820312,62.5,63.0,7.962
1765485763.2094088,99,19,12,12,12,3.7056236267089844,62.5,62.5,6.749
1765485763.4106057,99,19,12,12,12,3.7056236267089844,62.5,62.5,6.749
1765485763.611594,99,53,42,32,38,3.7063026428222656,62.5,63.5,8.002
1765485763.812724,99,53,42,32,38,3.7063026428222656,62.5,63.5,8.002
1765485764.013788,99,53,42,32,38,3.7063026428222656,62.5,63.5,8.002
1765485764.2149184,99,26,13,14,21,3.706562042236328,62.5,63.5,7.63
1765485764.4159875,99,26,13,14,21,3.706562042236328,62.5,63.5,7.63
1765485764.6169372,99,26,26,21,64,3.706531524658203,62.5,63.0,7.697
1765485764.8179243,99,26,26,21,64,3.706531524658203,62.5,63.0,7.697
1765485765.019091,99,26,26,21,64,3.706531524658203,62.5,63.0,7.697
1765485765.2201595,98,22,15,19,20,3.706501007080078,62.0,63.5,6.857
1765485765.421345,98,22,15,19,20,3.706501007080078,62.0,63.5,6.857
1765485765.6223993,99,44,60,40,32,3.7066917419433594,62.5,63.0,8.345
1765485765.8233387,99,44,60,40,32,3.7066917419433594,62.5,63.0,8.345
1765485766.0244665,99,44,60,40,32,3.7066917419433594,62.5,63.0,8.345
1765485766.225392,99,14,16,8,10,3.7079811096191406,62.5,63.5,8.529
1765485766.426338,99,14,16,8,10,3.7079811096191406,62.5,63.5,8.529
1765485766.6272352,98,24,12,68,21,3.707183837890625,62.5,63.5,7.923
1765485766.8283913,98,24,12,68,21,3.707183837890625,62.5,63.5,7.923
1765485767.0292797,98,24,12,68,21,3.707183837890625,62.5,63.5,7.923
1765485767.230158,99,20,18,14,14,3.707569122314453,62.5,63.0,7.578
1765485767.4314249,99,20,18,14,14,3.707569122314453,62.5,63.0,7.578
1765485767.6326163,99,20,18,14,14,3.707569122314453,62.5,63.0,7.578
1765485767.8336687,98,34,47,31,54,3.7077369689941406,62.5,63.5,8.529
1765485768.0347216,98,34,47,31,54,3.7077369689941406,62.5,63.5,8.529
1765485768.2358885,99,16,15,13,13,3.7084312438964844,62.5,63.0,8.081
1765485768.4371452,99,16,15,13,13,3.7084312438964844,62.5,63.0,8.081
1765485768.6389952,99,16,15,13,13,3.7084312438964844,62.5,63.0,8.081
1765485768.840102,98,32,23,64,20,3.708240509033203,62.5,64.0,7.816
1765485769.0412247,98,32,23,64,20,3.708240509033203,62.5,64.0,7.816
1765485769.2422538,99,25,22,14,25,3.708770751953125,62.5,63.0,7.551
1765485769.4433796,99,25,22,14,25,3.708770751953125,62.5,63.0,7.551
1765485769.644632,99,25,22,14,25,3.708770751953125,62.5,63.0,7.551
1765485769.845631,98,21,30,58,30,3.7093124389648438,62.5,64.5,8.608
1765485770.0466747,98,21,30,58,30,3.7093124389648438,62.5,64.5,8.608
1765485770.2476263,99,12,10,11,10,3.7086563110351562,62.5,63.0,7.511
1765485770.44908,99,12,10,11,10,3.7086563110351562,62.5,63.0,7.511
1765485770.6501205,99,12,10,11,10,3.7086563110351562,62.5,63.0,7.511
1765485770.8512745,98,31,69,28,31,3.7084503173828125,62.5,63.5,8.081
1765485771.0523312,98,31,69,28,31,3.7084503173828125,62.5,63.5,8.081
1765485771.2533433,99,16,21,22,21,3.7091140747070312,62.5,63.0,7.737
1765485771.4545975,99,16,21,22,21,3.7091140747070312,62.5,63.0,7.737
1765485771.6559055,99,16,21,22,21,3.7091140747070312,62.5,63.0,7.737
1765485771.857384,98,19,20,56,30,3.7096214294433594,63.0,64.5,8.568
1765485772.058577,98,19,20,56,30,3.7096214294433594,63.0,64.5,8.568
1765485772.2596564,99,10,12,15,11,3.7084617614746094,62.5,63.0,7.697
1765485772.4608185,99,10,12,15,11,3.7084617614746094,62.5,63.0,7.697
1765485772.6633267,99,10,12,15,11,3.7084617614746094,62.5,63.0,7.697
1765485772.8643937,98,65,28,35,33,3.7090225219726562,62.5,63.5,8.266
1765485773.065529,98,65,28,35,33,3.7090225219726562,62.5,63.5,8.266
1765485773.2668087,99,14,16,16,14,3.708984375,63.0,63.0,8.002
1765485773.4682245,99,14,16,16,14,3.708984375,63.0,63.0,8.002
1765485773.6694052,99,14,16,16,14,3.708984375,63.0,63.0,8.002
1765485773.87056,99,22,60,20,14,3.7085227966308594,63.0,63.0,7.923
1765485774.072038,99,22,60,20,14,3.7085227966308594,63.0,63.0,7.923
1765485774.2729077,99,29,23,36,17,3.7058258056640625,62.5,63.0,7.737
1765485774.4738832,99,29,23,36,17,3.7058258056640625,62.5,63.0,7.737
1765485774.6749554,99,29,23,36,17,3.7058258056640625,62.5,63.0,7.737
1765485774.876123,99,37,30,27,56,3.705799102783203,63.0,63.5,7.883
1765485775.077577,99,37,30,27,56,3.705799102783203,63.0,63.5,7.883
1765485775.2785344,99,21,10,14,15,3.70648193359375,63.0,63.5,8.305
1765485775.479622,99,21,10,14,15,3.70648193359375,63.0,63.5,8.305
1765485775.6806347,99,21,10,14,15,3.70648193359375,63.0,63.5,8.305
1765485775.8816173,99,18,28,19,58,3.705577850341797,62.5,63.5,7.883
1765485776.0826926,99,18,28,19,58,3.705577850341797,62.5,63.5,7.883
1765485776.2836757,99,25,14,23,10,3.7057418823242188,63.0,63.0,7.591
1765485776.484634,99,25,14,23,10,3.7057418823242188,63.0,63.0,7.591
1765485776.6860247,99,25,14,23,10,3.7057418823242188,63.0,63.0,7.591
1765485776.8871086,99,40,41,58,25,3.705078125,63.0,64.0,8.766
1765485777.088275,99,40,41,58,25,3.705078125,63.0,64.0,8.766
1765485777.2895923,99,52,13,15,15,3.7014083862304688,62.5,63.5,8.16
1765485777.490495,99,52,13,15,15,3.7014083862304688,62.5,63.5,8.16
1765485777.691394,99,52,13,15,15,3.7014083862304688,62.5,63.5,8.16
1765485777.8930762,99,28,28,20,58,3.7005767822265625,63.0,64.0,7.923
1765485778.0942664,99,28,28,20,58,3.7005767822265625,63.0,64.0,7.923
1765485778.2952144,99,16,14,20,16,3.7005462646484375,62.5,63.5,7.618
1765485778.49651,99,16,14,20,16,3.7005462646484375,62.5,63.5,7.618
1765485778.6977303,99,16,14,20,16,3.7005462646484375,62.5,63.5,7.618
1765485778.8988032,99,41,28,35,50,3.7013168334960938,63.0,64.5,8.45
1765485779.1001456,99,41,28,35,50,3.7013168334960938,63.0,64.5,8.45
1765485779.301149,99,41,28,35,50,3.7013168334960938,63.0,64.5,8.45
1765485779.5021272,99,11,9,8,8,3.7002220153808594,63.0,63.5,7.511
1765485779.7032154,99,11,9,8,8,3.7002220153808594,63.0,63.5,7.511
1765485779.9043038,98,26,24,76,30,3.7011375427246094,63.0,64.0,8.081
1765485780.1053286,98,26,24,76,30,3.7011375427246094,63.0,64.0,8.081
1765485780.3064656,98,26,24,76,30,3.7011375427246094,63.0,64.0,8.081
1765485780.5076106,99,26,24,23,12,3.701366424560547,63.0,63.5,7.883
1765485780.7087982,99,26,24,23,12,3.701366424560547,63.0,63.5,7.883
1765485780.9097342,99,28,26,23,60,3.7019271850585938,63.0,64.5,8.464
1765485781.1106448,99,28,26,23,60,3.7019271850585938,63.0,64.5,8.464
1765485781.3116248,99,28,26,23,60,3.7019271850585938,63.0,64.5,8.464
1765485781.512858,99,17,14,14,12,3.7015113830566406,63.0,63.5,7.618
1765485781.7139628,99,17,14,14,12,3.7015113830566406,63.0,63.5,7.618
1765485781.9150589,98,30,29,35,66,3.7011680603027344,63.0,64.0,8.081
1765485782.116319,98,30,29,35,66,3.7011680603027344,63.0,64.0,8.081
1765485782.3172925,98,30,29,35,66,3.7011680603027344,63.0,64.0,8.081
1765485782.5183406,99,22,22,23,20,3.7010231018066406,63.0,63.5,7.883
1765485782.7193654,99,22,22,23,20,3.7010231018066406,63.0,63.5,7.883
1765485782.9203901,98,24,31,28,54,3.7019081115722656,62.5,64.5,8.345
1765485783.1214266,98,24,31,28,54,3.7019081115722656,62.5,64.5,8.345
1765485783.3225822,98,24,31,28,54,3.7019081115722656,62.5,64.5,8.345
1765485783.5236654,99,16,24,16,13,3.7010841369628906,63.0,63.5,7.618
1765485783.724563,99,16,24,16,13,3.7010841369628906,63.0,63.5,7.618
1765485783.9255483,99,62,29,24,36,3.7010269165039062,62.5,64.5,7.883
1765485784.1265786,99,62,29,24,36,3.7010269165039062,62.5,64.5,7.883
1765485784.3277268,99,62,29,24,36,3.7010269165039062,62.5,64.5,7.883
1765485784.5287297,99,19,20,14,12,3.702594757080078,63.0,63.5,8.121
1765485784.7299602,99,19,20,14,12,3.702594757080078,63.0,63.5,8.121
1765485784.9310539,98,58,18,29,16,3.7019424438476562,63.0,64.5,8.002
1765485785.132208,98,58,18,29,16,3.7019424438476562,63.0,64.5,8.002
1765485785.3333158,98,58,18,29,16,3.7019424438476562,63.0,64.5,8.002
1765485785.5342875,99,17,17,14,21,3.7016944885253906,62.5,63.5,7.432
1765485785.7354596,99,17,17,14,21,3.7016944885253906,62.5,63.5,7.432
1765485785.936863,98,58,35,35,33,3.7013397216796875,63.0,64.0,8.187
1765485786.1377683,98,58,35,35,33,3.7013397216796875,63.0,64.0,8.187
1765485786.3387375,98,58,35,35,33,3.7013397216796875,63.0,64.0,8.187
1765485786.5396063,99,10,14,17,10,3.702617645263672,63.0,64.0,8.16
1765485786.7407088,99,10,14,17,10,3.702617645263672,63.0,64.0,8.16
1765485786.941817,98,62,21,26,24,3.7047996520996094,63.0,64.5,7.816
1765485787.1428115,98,62,21,26,24,3.7047996520996094,63.0,64.5,7.816
1765485787.3440611,98,62,21,26,24,3.7047996520996094,63.0,64.5,7.816
1765485787.5449417,99,30,23,14,18,3.7010040283203125,63.0,63.0,7.364
1765485787.746154,99,30,23,14,18,3.7010040283203125,63.0,63.0,7.364
1765485787.9471252,99,34,30,44,42,3.7041473388671875,63.0,64.5,8.568
1765485788.1481967,99,34,30,44,42,3.7041473388671875,63.0,64.5,8.568
1765485788.3492296,99,34,30,44,42,3.7041473388671875,63.0,64.5,8.568
1765485788.5502813,99,10,10,8,11,3.703022003173828,63.0,63.5,7.312
1765485788.751414,99,10,10,8,11,3.703022003173828,63.0,63.5,7.312
1765485788.9524744,99,29,58,38,25,3.7032623291015625,63.0,63.5,7.975
1765485789.1538103,99,29,58,38,25,3.7032623291015625,63.0,63.5,7.975
1765485789.3548973,99,29,58,38,25,3.7032623291015625,63.0,63.5,7.975
1765485789.5561066,99,21,22,16,21,3.7031898498535156,63.0,63.5,7.324
1765485789.7583551,99,21,22,16,21,3.7031898498535156,63.0,63.5,7.324
1765485789.9594688,99,21,22,16,21,3.7031898498535156,63.0,63.5,7.324
1765485790.1605997,99,25,28,61,23,3.7035560607910156,63.0,64.5,8.424
1765485790.3616598,99,25,28,61,23,3.7035560607910156,63.0,64.5,8.424
1765485790.5626872,99,12,19,6,10,3.703266143798828,63.0,63.5,7.364
1765485790.7659044,99,12,19,6,10,3.703266143798828,63.0,63.5,7.364
1765485790.967195,99,12,19,6,10,3.703266143798828,63.0,63.5,7.364
1765485791.1682718,99,25,36,26,64,3.7032928466796875,63.0,64.0,8.081
1765485791.3697674,99,25,36,26,64,3.7032928466796875,63.0,64.0,8.081
1765485791.5711694,99,22,20,20,17,3.7036361694335938,63.0,63.5,7.364
1765485791.7723415,99,22,20,20,17,3.7036361694335938,63.0,63.5,7.364
1765485791.9734256,99,22,20,20,17,3.7036361694335938,63.0,63.5,7.364
1765485792.1747344,99,51,22,20,23,3.7043190002441406,63.0,64.0,8.464
1765485792.3774598,99,51,22,20,23,3.7043190002441406,63.0,64.0,8.464
1765485792.5785942,99,21,14,16,12,3.7040023803710938,63.0,63.5,7.017
1765485792.7804356,99,21,14,16,12,3.7040023803710938,63.0,63.5,7.017
1765485792.9815264,99,21,14,16,12,3.7040023803710938,63.0,63.5,7.017
1765485793.1825833,99,31,31,59,30,3.7046356201171875,63.0,65.0,7.896
1765485793.3837197,99,31,31,59,30,3.7046356201171875,63.0,65.0,7.896
1765485793.5847328,98,18,26,24,10,3.7049903869628906,63.0,64.0,7.896
1765485793.7857301,98,18,26,24,10,3.7049903869628906,63.0,64.0,7.896
1765485793.9869492,98,18,26,24,10,3.7049903869628906,63.0,64.0,7.896
1765485794.188016,99,22,40,14,26,3.70458984375,63.0,63.0,7.658
1765485794.3890462,99,22,40,14,26,3.70458984375,63.0,63.0,7.658
1765485794.5901983,99,25,20,28,14,3.705028533935547,63.0,64.0,7.816
1765485794.7912402,99,25,20,28,14,3.705028533935547,63.0,64.0,7.816
1765485794.9977183,99,25,20,28,14,3.705028533935547,63.0,64.0,7.816
1765485795.2068512,99,40,36,35,28,3.705638885498047,62.5,64.0,7.697
1765485795.407904,99,40,36,35,28,3.705638885498047,62.5,64.0,7.697
1765485795.6089785,99,18,19,14,33,3.70654296875,63.0,64.5,8.2
1765485795.8102384,99,18,19,14,33,3.70654296875,63.0,64.5,8.2
1765485796.011866,99,18,19,14,33,3.70654296875,63.0,64.5,8.2
1765485796.2130826,99,26,25,32,20,3.70556640625,62.5,64.0,7.591
1765485796.4140642,99,26,25,32,20,3.70556640625,62.5,64.0,7.591
1765485796.61521,99,26,26,28,31,3.7057418823242188,63.0,64.5,8.081
1765485796.8162048,99,26,26,28,31,3.7057418823242188,63.0,64.5,8.081
1765485797.0244808,99,26,26,28,31,3.7057418823242188,63.0,64.5,8.081
1765485797.2282364,99,32,30,36,36,3.7065277099609375,63.0,64.5,7.816
1765485797.4293358,99,32,30,36,36,3.7065277099609375,63.0,64.5,7.816
1765485797.630409,99,21,16,20,36,3.7067909240722656,63.0,64.0,7.856
1765485797.831356,99,21,16,20,36,3.7067909240722656,63.0,64.0,7.856
1765485798.032693,99,21,16,20,36,3.7067909240722656,63.0,64.0,7.856
1765485798.233918,99,30,28,26,27,3.7063140869140625,63.0,65.0,7.165
1765485798.4349802,99,30,28,26,27,3.7063140869140625,63.0,65.0,7.165
1765485798.6360564,99,46,16,16,22,3.707103729248047,63.0,64.5,7.471
1765485798.8370726,99,46,16,16,22,3.707103729248047,63.0,64.5,7.471
1765485799.039123,99,46,16,16,22,3.707103729248047,63.0,64.5,7.471
1765485799.2401423,99,24,22,24,31,3.7081222534179688,62.0,64.5,6.897
1765485799.4412365,99,24,22,24,31,3.7081222534179688,62.0,64.5,6.897
1765485799.642386,99,18,14,44,16,3.7073936462402344,63.0,64.0,7.245
1765485799.8434904,99,18,14,44,16,3.7073936462402344,63.0,64.0,7.245
1765485800.044525,99,18,14,44,16,3.7073936462402344,63.0,64.0,7.245
1765485800.245451,0,23,23,23,24,3.7077369689941406,62.5,63.5,4.919
1765485800.446726,0,23,23,23,24,3.7077369689941406,62.5,63.5,4.919
1765485800.6480415,99,26,24,59,25,3.7082176208496094,63.0,64.0,7.245
1765485800.849274,99,26,24,59,25,3.7082176208496094,63.0,64.0,7.245
1765485801.050203,99,26,24,59,25,3.7082176208496094,63.0,64.0,7.245
1765485801.2513742,99,17,16,14,13,3.708721160888672,62.5,64.0,6.977
1765485801.4524667,99,17,16,14,13,3.708721160888672,62.5,64.0,6.977
1765485801.6532989,99,58,28,22,24,3.7080955505371094,63.0,64.0,7.551
1765485801.8543968,99,58,28,22,24,3.7080955505371094,63.0,64.0,7.551
1765485802.0554228,99,58,28,22,24,3.7080955505371094,63.0,64.0,7.551
1765485802.2564752,65,22,12,21,15,3.708507537841797,62.5,64.0,5.969
1765485802.4576461,65,22,12,21,15,3.708507537841797,62.5,64.0,5.969
1765485802.6584933,99,28,60,32,22,3.7091217041015625,63.0,64.5,7.324
1765485802.8594837,99,28,60,32,22,3.7091217041015625,63.0,64.5,7.324
1765485803.0605013,99,28,60,32,22,3.7091217041015625,63.0,64.5,7.324
1765485803.261739,4,11,10,12,10,3.7094955444335938,62.5,63.5,5.546
1765485803.4628215,4,11,10,12,10,3.7094955444335938,62.5,63.5,5.546
1765485803.6637647,99,62,28,32,30,3.7093353271484375,63.0,64.5,7.125
1765485803.8646953,99,62,28,32,30,3.7093353271484375,63.0,64.5,7.125
1765485804.0657585,99,62,28,32,30,3.7093353271484375,63.0,64.5,7.125
1765485804.2670538,99,12,16,18,18,3.7096214294433594,62.5,63.5,5.506
1765485804.4682567,99,12,16,18,18,3.7096214294433594,62.5,63.5,5.506
1765485804.6693614,99,12,16,18,18,3.7096214294433594,62.5,63.5,5.506
1765485804.8707156,99,30,28,28,75,3.7110862731933594,63.5,64.5,8.266
1765485805.071649,99,30,28,28,75,3.7110862731933594,63.5,64.5,8.266
1765485805.2725878,99,8,10,8,9,3.7103309631347656,63.0,63.5,5.546
1765485805.4736538,99,8,10,8,9,3.7103309631347656,63.0,63.5,5.546
1765485805.6747622,99,8,10,8,9,3.7103309631347656,63.0,63.5,5.546
1765485805.876038,99,36,36,60,31,3.7108993530273438,63.5,64.0,7.471
1765485806.0771184,99,36,36,60,31,3.7108993530273438,63.5,64.0,7.471
1765485806.2781577,99,19,18,18,18,3.7113609313964844,63.5,64.0,6.709
1765485806.4792309,99,19,18,18,18,3.7113609313964844,63.5,64.0,6.709
1765485806.6804183,99,19,18,18,18,3.7113609313964844,63.5,64.0,6.709
1765485806.8815114,99,28,56,30,16,3.712543487548828,63.5,64.5,8.081
1765485807.0826998,99,28,56,30,16,3.712543487548828,63.5,64.5,8.081
1765485807.2837799,99,14,10,8,18,3.7123641967773438,63.5,64.0,6.829
1765485807.4847605,99,14,10,8,18,3.7123641967773438,63.5,64.0,6.829
1765485807.6857097,99,14,10,8,18,3.7123641967773438,63.5,64.0,6.829
1765485807.8867671,99,43,46,40,34,3.7136611938476562,63.5,64.0,7.551
1765485808.0880797,99,43,46,40,34,3.7136611938476562,63.5,64.0,7.551
1765485808.2891123,99,18,21,16,12,3.7138404846191406,63.5,64.0,7.511
1765485808.4900794,99,18,21,16,12,3.7138404846191406,63.5,64.0,7.511
1765485808.691315,99,18,21,16,12,3.7138404846191406,63.5,64.0,7.511
1765485808.8925607,99,20,16,22,62,3.713359832763672,63.5,64.5,7.777
1765485809.0937693,99,20,16,22,62,3.713359832763672,63.5,64.5,7.777
1765485809.2948306,99,22,19,18,12,3.7138938903808594,63.5,64.0,6.977
1765485809.496125,99,22,19,18,12,3.7138938903808594,63.5,64.0,6.977
1765485809.6972268,99,22,19,18,12,3.7138938903808594,63.5,64.0,6.977
1765485809.8981948,99,42,53,23,30,3.714458465576172,63.5,64.0,7.936
1765485810.0991945,99,42,53,23,30,3.714458465576172,63.5,64.0,7.936
1765485810.300156,98,10,17,12,15,3.715198516845703,63.0,64.5,7.63
1765485810.5011299,98,10,17,12,15,3.715198516845703,63.0,64.5,7.63
1765485810.7022448,98,10,17,12,15,3.715198516845703,63.0,64.5,7.63
1765485810.903423,99,58,30,22,23,3.7147674560546875,63.0,64.5,7.962
1765485811.1045237,99,58,30,22,23,3.7147674560546875,63.0,64.5,7.962
1765485811.305541,99,26,19,10,14,3.7153472900390625,63.0,64.0,7.125
1765485811.5065322,99,26,19,10,14,3.7153472900390625,63.0,64.0,7.125
1765485811.7078195,99,26,19,10,14,3.7153472900390625,63.0,64.0,7.125
1765485811.9089258,99,52,34,30,41,3.7158241271972656,63.5,64.5,8.279
1765485812.1099808,99,52,34,30,41,3.7158241271972656,63.5,64.5,8.279
1765485812.3109362,99,11,8,6,10,3.716106414794922,63.5,64.5,7.63
1765485812.512209,99,11,8,6,10,3.716106414794922,63.5,64.5,7.63
1765485812.7132614,99,11,8,6,10,3.716106414794922,63.5,64.5,7.63
1765485812.9142995,99,32,32,62,24,3.7160491943359375,63.0,64.5,8.121
1765485813.1152225,99,32,32,62,24,3.7160491943359375,63.0,64.5,8.121
1765485813.3163962,99,25,14,16,22,3.7161941528320312,63.5,64.5,7.896
1765485813.5174735,99,25,14,16,22,3.7161941528320312,63.5,64.5,7.896
1765485813.718491,99,25,14,16,22,3.7161941528320312,63.5,64.5,7.896
1765485813.9198182,98,27,42,50,24,3.7178993225097656,63.5,65.5,8.647
1765485814.1210814,98,27,42,50,24,3.7178993225097656,63.5,65.5,8.647
1765485814.3221328,99,14,10,10,13,3.7169342041015625,63.0,64.5,7.591
1765485814.5232189,99,14,10,10,13,3.7169342041015625,63.0,64.5,7.591
1765485814.7242239,99,14,10,10,13,3.7169342041015625,63.0,64.5,7.591
1765485814.9251525,99,62,26,36,29,3.7169036865234375,63.5,65.0,8.16
1765485815.1262352,99,62,26,36,29,3.7169036865234375,63.5,65.0,8.16
1765485815.3271909,99,22,19,14,18,3.717376708984375,63.5,64.5,7.324
1765485815.528252,99,22,19,14,18,3.717376708984375,63.5,64.5,7.324
1765485815.7292647,99,22,19,14,18,3.717376708984375,63.5,64.5,7.324
1765485815.9304256,99,26,28,20,54,3.7185287475585938,63.5,65.0,8.424
1765485816.1315198,99,26,28,20,54,3.7185287475585938,63.5,65.0,8.424
1765485816.3327575,99,26,28,20,54,3.7185287475585938,63.5,65.0,8.424
1765485816.5337114,99,21,14,14,17,3.7180709838867188,63.5,64.5,7.324
1765485816.734812,99,21,14,14,17,3.7180709838867188,63.5,64.5,7.324
1765485816.935882,99,29,28,35,50,3.7181015014648438,63.0,64.5,7.816
1765485817.1369882,99,29,28,35,50,3.7181015014648438,63.0,64.5,7.816
1765485817.3379183,99,29,28,35,50,3.7181015014648438,63.0,64.5,7.816
1765485817.5388741,99,16,28,16,29,3.7186317443847656,63.5,64.5,7.737
1765485817.739843,99,16,28,16,29,3.7186317443847656,63.5,64.5,7.737
1765485817.941187,99,18,18,46,17,3.718647003173828,63.0,65.0,7.697
1765485818.1422193,99,18,18,46,17,3.718647003173828,63.0,65.0,7.697
1765485818.3432698,99,18,18,46,17,3.718647003173828,63.0,65.0,7.697
1765485818.5444353,98,28,14,25,16,3.7188987731933594,63.5,64.5,7.205
1765485818.7455351,98,28,14,25,16,3.7188987731933594,63.5,64.5,7.205
1765485818.9466386,99,32,37,42,30,3.7193374633789062,63.0,65.0,7.658
1765485819.1475868,99,32,37,42,30,3.7193374633789062,63.0,65.0,7.658
1765485819.3487551,99,32,37,42,30,3.7193374633789062,63.0,65.0,7.658
1765485819.549756,99,38,12,19,17,3.7202720642089844,63.5,64.5,8.121
1765485819.7506757,99,38,12,19,17,3.7202720642089844,63.5,64.5,8.121
1765485819.9517536,99,25,19,34,23,3.7197532653808594,63.5,65.0,7.591
1765485820.1527567,99,25,19,34,23,3.7197532653808594,63.5,65.0,7.591
1765485820.3537943,99,25,19,34,23,3.7197532653808594,63.5,65.0,7.591
1765485820.5548499,99,19,23,37,18,3.719512939453125,63.5,64.5,7.737
1765485820.7557783,99,19,23,37,18,3.719512939453125,63.5,64.5,7.737
1765485820.9569004,99,36,25,22,33,3.7207412719726562,63.5,65.0,7.284
1765485821.1578045,99,36,25,22,33,3.7207412719726562,63.5,65.0,7.284
1765485821.3589168,99,36,25,22,33,3.7207412719726562,63.5,65.0,7.284
1765485821.560095,99,42,9,16,11,3.721221923828125,64.0,65.0,7.923
1765485821.7611547,99,42,9,16,11,3.721221923828125,64.0,65.0,7.923
1765485821.9622722,99,22,41,25,23,3.7205657958984375,63.0,64.5,7.125
1765485822.163292,99,22,41,25,23,3.7205657958984375,63.0,64.5,7.125
1765485822.3643804,99,22,41,25,23,3.7205657958984375,63.0,64.5,7.125
1765485822.565525,99,27,45,21,22,3.721160888671875,63.5,64.5,7.471
1765485822.766564,99,27,45,21,22,3.721160888671875,63.5,64.5,7.471
1765485822.9677942,99,22,32,29,22,3.7222747802734375,63.0,65.5,7.63
1765485823.1689074,99,22,32,29,22,3.7222747802734375,63.0,65.5,7.63
1765485823.369855,99,22,32,29,22,3.7222747802734375,63.0,65.5,7.63
1765485823.5723732,99,14,13,12,40,3.7214813232421875,64.0,64.5,7.658
1765485823.773323,99,14,13,12,40,3.7214813232421875,64.0,64.5,7.658
1765485823.974223,0,28,33,39,22,3.719585418701172,62.5,63.5,4.919
1765485824.1752098,0,28,33,39,22,3.719585418701172,62.5,63.5,4.919
1765485824.376333,0,28,33,39,22,3.719585418701172,62.5,63.5,4.919
1765485824.5774384,99,30,56,21,20,3.7200279235839844,63.5,64.5,7.511
1765485824.7785442,99,30,56,21,20,3.7200279235839844,63.5,64.5,7.511
1765485824.979591,95,8,13,8,15,3.7215843200683594,64.0,65.0,7.125
1765485825.1807747,95,8,13,8,15,3.7215843200683594,64.0,65.0,7.125
1765485825.3820333,95,8,13,8,15,3.7215843200683594,64.0,65.0,7.125
1765485825.5830474,99,32,31,62,25,3.7200889587402344,63.5,64.0,7.205
1765485825.7842336,99,32,31,62,25,3.7200889587402344,63.5,64.0,7.205
1765485825.9851596,99,32,31,62,25,3.7200889587402344,63.5,64.0,7.205
1765485826.1861248,99,19,17,17,21,3.7207794189453125,63.5,64.5,6.778
1765485826.38708,99,19,17,17,21,3.7207794189453125,63.5,64.5,6.778
1765485826.588042,99,64,36,28,29,3.7210540771484375,63.5,64.5,7.737
1765485826.7890592,99,64,36,28,29,3.7210540771484375,63.5,64.5,7.737
1765485826.990009,99,64,36,28,29,3.7210540771484375,63.5,64.5,7.737
1765485827.1913147,99,14,9,10,7,3.721477508544922,63.5,64.5,7.205
1765485827.3925655,99,14,9,10,7,3.721477508544922,63.5,64.5,7.205
1765485827.593524,99,34,67,26,31,3.721405029296875,63.5,64.5,7.896
1765485827.7946808,99,34,67,26,31,3.721405029296875,63.5,64.5,7.896
1765485827.9957657,99,34,67,26,31,3.721405029296875,63.5,64.5,7.896
1765485828.1967578,99,21,12,13,21,3.721698760986328,63.5,64.5,6.937
1765485828.3979082,99,21,12,13,21,3.721698760986328,63.5,64.5,6.937
1765485828.5992286,99,32,58,34,33,3.722240447998047,64.0,65.0,8.529
1765485828.800269,99,32,58,34,33,3.722240447998047,64.0,65.0,8.529
1765485829.0012865,99,32,58,34,33,3.722240447998047,64.0,65.0,8.529
1765485829.202864,99,12,8,4,8,3.7208023071289062,63.5,64.0,6.937
1765485829.4039915,99,12,8,4,8,3.7208023071289062,63.5,64.0,6.937
1765485829.6050925,99,32,30,62,34,3.721599578857422,63.5,64.5,7.591
1765485829.8061793,99,32,30,62,34,3.721599578857422,63.5,64.5,7.591
1765485830.007199,99,32,30,62,34,3.721599578857422,63.5,64.5,7.591
1765485830.2082691,99,25,17,10,19,3.721416473388672,63.5,64.5,7.057
1765485830.4094343,99,25,17,10,19,3.721416473388672,63.5,64.5,7.057
1765485830.6104748,99,25,30,58,28,3.7219200134277344,64.0,65.0,8.608
1765485830.8114338,99,25,30,58,28,3.7219200134277344,64.0,65.0,8.608
1765485831.0125885,99,25,30,58,28,3.7219200134277344,64.0,65.0,8.608
1765485831.2136393,99,17,12,8,12,3.7215194702148438,63.5,64.5,7.284
1765485831.4146433,99,17,12,8,12,3.7215194702148438,63.5,64.5,7.284
1765485831.6158054,99,54,40,30,32,3.7209014892578125,64.0,65.0,7.856
1765485831.8169882,99,54,40,30,32,3.7209014892578125,64.0,65.0,7.856
1765485832.017973,99,54,40,30,32,3.7209014892578125,64.0,65.0,7.856
1765485832.2190034,99,14,19,21,10,3.7212867736816406,63.5,64.5,7.404
1765485832.4199724,99,14,19,21,10,3.7212867736816406,63.5,64.5,7.404
1765485832.6209805,99,21,64,22,19,3.7215194702148438,63.5,64.5,7.816
1765485832.8221607,99,21,64,22,19,3.7215194702148438,63.5,64.5,7.816
1765485833.0231955,99,21,64,22,19,3.7215194702148438,63.5,64.5,7.816
1765485833.2242432,99,19,15,17,15,3.721759796142578,63.5,64.0,7.017
1765485833.4254007,99,19,15,17,15,3.721759796142578,63.5,64.0,7.017
1765485833.6264153,99,36,40,27,60,3.7214889526367188,64.0,64.5,7.856
1765485833.8275,99,36,40,27,60,3.7214889526367188,64.0,64.5,7.856
1765485834.0289955,99,36,40,27,60,3.7214889526367188,64.0,64.5,7.856
1765485834.2301328,99,17,16,15,17,3.7222442626953125,63.5,65.0,7.896
1765485834.4311502,99,17,16,15,17,3.7222442626953125,63.5,65.0,7.896
1765485834.6324131,99,18,62,20,23,3.7213096618652344,63.5,64.5,7.63
1765485834.8334959,99,18,62,20,23,3.7213096618652344,63.5,64.5,7.63
1765485835.0345926,99,18,62,20,23,3.7213096618652344,63.5,64.5,7.63
1765485835.2364757,99,14,10,12,18,3.7213211059570312,64.0,64.0,6.829
1765485835.4375973,99,14,10,12,18,3.7213211059570312,64.0,64.0,6.829
1765485835.6385274,99,29,32,33,60,3.721118927001953,64.0,64.5,7.591
1765485835.8405926,99,29,32,33,60,3.721118927001953,64.0,64.5,7.591
1765485836.0417104,99,29,32,33,60,3.721118927001953,64.0,64.5,7.591
1765485836.2427635,99,14,10,10,11,3.7221221923828125,63.5,64.5,7.324
1765485836.4440856,99,14,10,10,11,3.7221221923828125,63.5,64.5,7.324
1765485836.6450136,99,31,20,24,68,3.721569061279297,64.0,65.0,7.67
1765485836.8461285,99,31,20,24,68,3.721569061279297,64.0,65.0,7.67
1765485837.0474265,99,31,20,24,68,3.721569061279297,64.0,65.0,7.67
1765485837.2484772,99,14,17,22,17,3.721405029296875,64.0,64.5,6.818
1765485837.4495256,99,14,17,22,17,3.721405029296875,64.0,64.5,6.818
1765485837.6506855,99,14,17,22,17,3.721405029296875,64.0,64.5,6.818
1765485837.8517916,99,28,63,35,34,3.721538543701172,64.0,65.5,8.2
1765485838.0528908,99,28,63,35,34,3.721538543701172,64.0,65.5,8.2
1765485838.254251,99,6,6,2,6,3.721508026123047,63.5,64.5,6.709
1765485838.4552896,99,6,6,2,6,3.721508026123047,63.5,64.5,6.709
1765485838.656298,99,6,6,2,6,3.721508026123047,63.5,64.5,6.709
1765485838.8573637,99,36,65,39,28,3.7215843200683594,63.5,64.5,7.471
1765485839.0584834,99,36,65,39,28,3.7215843200683594,63.5,64.5,7.471
1765485839.2595553,99,20,12,17,14,3.7215232849121094,64.0,65.0,6.897
1765485839.460606,99,20,12,17,14,3.7215232849121094,64.0,65.0,6.897
1765485839.661582,99,20,12,17,14,3.7215232849121094,64.0,65.0,6.897
1765485839.8624868,99,31,26,35,61,3.7223854064941406,64.5,65.5,8.345
1765485840.0636141,99,31,26,35,61,3.7223854064941406,64.5,65.5,8.345
1765485840.2645807,99,18,12,15,10,3.7217941284179688,64.0,64.5,6.897
1765485840.465701,99,18,12,15,10,3.7217941284179688,64.0,64.5,6.897
1765485840.6665998,99,18,12,15,10,3.7217941284179688,64.0,64.5,6.897
1765485840.8676524,99,56,40,45,32,3.721599578857422,64.0,65.0,7.777
1765485841.0688207,99,56,40,45,32,3.721599578857422,64.0,65.0,7.777
1765485841.269839,99,14,14,14,14,3.721935272216797,64.0,65.0,7.125
1765485841.4708722,99,14,14,14,14,3.721935272216797,64.0,65.0,7.125
1765485841.6720352,99,14,14,14,14,3.721935272216797,64.0,65.0,7.125
1765485841.8732624,99,58,40,19,17,3.722248077392578,64.0,65.5,7.923
1765485842.0744395,99,58,40,19,17,3.722248077392578,64.0,65.5,7.923
1765485842.2754922,99,18,14,16,15,3.7218170166015625,64.0,64.5,6.778
1765485842.476767,99,18,14,16,15,3.7218170166015625,64.0,64.5,6.778
1765485842.6782084,99,18,14,16,15,3.7218170166015625,64.0,64.5,6.778
1765485842.8791952,99,41,35,66,40,3.7220306396484375,63.5,65.0,7.896
1765485843.0805516,99,41,35,66,40,3.7220306396484375,63.5,65.0,7.896
1765485843.2815006,99,25,15,17,18,3.7226524353027344,64.0,65.0,7.896
1765485843.4826376,99,25,15,17,18,3.7226524353027344,64.0,65.0,7.896
1765485843.6837234,99,25,15,17,18,3.7226524353027344,64.0,65.0,7.896
1765485843.8848743,99,23,18,20,56,3.721912384033203,64.0,64.5,7.777
1765485844.0858717,99,23,18,20,56,3.721912384033203,64.0,64.5,7.777
1765485844.2871106,99,10,12,26,17,3.722442626953125,64.0,65.0,7.324
1765485844.488484,99,10,12,26,17,3.722442626953125,64.0,65.0,7.324
1765485844.6895359,99,10,12,26,17,3.722442626953125,64.0,65.0,7.324
1765485844.890661,99,38,56,45,29,3.722003936767578,64.5,65.0,8.16
1765485845.0917568,99,38,56,45,29,3.722003936767578,64.5,65.0,8.16
1765485845.292902,99,17,12,15,15,3.7228164672851562,64.5,65.0,8.002
1765485845.4939017,99,17,12,15,15,3.7228164672851562,64.5,65.0,8.002
1765485845.6948895,99,17,12,15,15,3.7228164672851562,64.5,65.0,8.002
1765485845.895875,99,27,24,20,62,3.7223854064941406,64.5,64.5,7.883
1765485846.0971024,99,27,24,20,62,3.7223854064941406,64.5,64.5,7.883
1765485846.29802,99,18,20,23,14,3.7222671508789062,64.0,64.5,7.591
1765485846.498992,99,18,20,23,14,3.7222671508789062,64.0,64.5,7.591
1765485846.7109787,99,18,20,23,14,3.7222671508789062,64.0,64.5,7.591
1765485846.9120722,99,34,32,58,38,3.721843719482422,64.5,65.0,8.385
1765485847.1131637,99,34,32,58,38,3.721843719482422,64.5,65.0,8.385
1765485847.3140857,99,12,8,8,11,3.7222900390625,64.5,65.0,7.896
1765485847.5151742,99,12,8,8,11,3.7222900390625,64.5,65.0,7.896
1765485847.7163448,99,12,8,8,11,3.7222900390625,64.5,65.0,7.896
1765485847.917326,99,32,27,44,47,3.7223777770996094,64.5,65.0,8.042
1765485848.1185448,99,32,27,44,47,3.7223777770996094,64.5,65.0,8.042
1765485848.3195612,99,32,27,44,47,3.7223777770996094,64.5,65.0,8.042
1765485848.520592,99,20,19,24,14,3.722259521484375,64.0,65.5,7.923
1765485848.7216384,99,20,19,24,14,3.722259521484375,64.0,65.5,7.923
1765485848.9225712,99,85,46,56,41,3.722076416015625,64.0,66.5,9.431
1765485849.1237338,99,85,46,56,41,3.722076416015625,64.0,66.5,9.431
1765485849.3246784,99,85,46,56,41,3.722076416015625,64.0,66.5,9.431
1765485849.5256596,99,27,22,29,25,3.722003936767578,64.0,65.0,7.432
1765485849.7265787,99,27,22,29,25,3.722003936767578,64.0,65.0,7.432
1765485849.927507,98,28,29,70,28,3.723369598388672,65.0,66.0,8.081
1765485850.1286328,98,28,29,70,28,3.723369598388672,65.0,66.0,8.081
1765485850.3298168,98,28,29,70,28,3.723369598388672,65.0,66.0,8.081
1765485850.5322125,99,22,17,15,26,3.7232666015625,64.0,65.0,7.697
1765485850.7333655,99,22,17,15,26,3.7232666015625,64.0,65.0,7.697
1765485850.9342558,99,22,54,23,26,3.7236862182617188,64.0,65.0,8.45
1765485851.1354146,99,22,54,23,26,3.7236862182617188,64.0,65.0,8.45
1765485851.3365693,99,22,54,23,26,3.7236862182617188,64.0,65.0,8.45
1765485851.5376697,99,16,13,12,15,3.723247528076172,64.5,65.0,7.511
1765485851.7387648,99,16,13,12,15,3.723247528076172,64.5,65.0,7.511
1765485851.939738,99,28,64,28,34,3.723896026611328,64.5,65.0,8.042
1765485852.1408176,99,28,64,28,34,3.723896026611328,64.5,65.0,8.042
1765485852.3417435,99,28,64,28,34,3.723896026611328,64.5,65.0,8.042
1765485852.5426521,99,25,23,27,20,3.723987579345703,64.0,65.0,7.618
1765485852.743775,99,25,23,27,20,3.723987579345703,64.0,65.0,7.618
1765485852.94493,99,23,22,46,22,3.724353790283203,64.0,66.0,8.081
1765485853.1458776,99,23,22,46,22,3.724353790283203,64.0,66.0,8.081
1765485853.3469353,99,23,22,46,22,3.724353790283203,64.0,66.0,8.081
1765485853.5478795,99,25,18,18,17,3.7247543334960938,64.0,65.0,7.284
1765485853.7524319,99,25,18,18,17,3.7247543334960938,64.0,65.0,7.284
1765485853.953536,99,27,30,47,28,3.7255401611328125,64.0,65.5,7.618
1765485854.1545947,99,27,30,47,28,3.7255401611328125,64.0,65.5,7.618
1765485854.3557167,99,27,30,47,28,3.7255401611328125,64.0,65.5,7.618
1765485854.5567126,99,19,19,26,22,3.726123809814453,64.5,65.5,7.964
1765485854.757696,99,19,19,26,22,3.726123809814453,64.5,65.5,7.964
1765485854.9587119,99,22,25,23,47,3.7252349853515625,64.0,65.5,7.859
1765485855.1596434,99,22,25,23,47,3.7252349853515625,64.0,65.5,7.859
1765485855.3605926,99,22,25,23,47,3.7252349853515625,64.0,65.5,7.859
1765485855.561565,99,26,19,20,33,3.7266921997070312,64.0,65.0,7.832
1765485855.7625504,99,26,19,20,33,3.7266921997070312,64.0,65.0,7.832
1765485855.9635026,99,30,40,26,26,3.729633331298828,64.0,64.5,6.802
1765485856.164608,99,30,40,26,26,3.729633331298828,64.0,64.5,6.802
1765485856.3656344,99,30,40,26,26,3.729633331298828,64.0,64.5,6.802
1765485856.5667276,99,22,22,14,36,3.730682373046875,64.0,65.0,7.963
1765485856.7693264,99,22,22,14,36,3.730682373046875,64.0,65.0,7.963
1765485856.9703977,99,27,36,27,25,3.730091094970703,63.5,65.5,7.269
1765485857.1717749,99,27,36,27,25,3.730091094970703,63.5,65.5,7.269
1765485857.3731823,99,27,36,27,25,3.730091094970703,63.5,65.5,7.269
1765485857.5742424,99,24,50,22,16,3.730682373046875,64.5,65.0,7.611
1765485857.7752268,99,24,50,22,16,3.730682373046875,64.5,65.0,7.611
1765485857.9764223,99,24,50,22,16,3.730682373046875,64.5,65.0,7.611
1765485858.177368,95,33,26,32,21,3.7318382263183594,63.5,66.0,7.191
1765485858.3782184,95,33,26,32,21,3.7318382263183594,63.5,66.0,7.191
1765485858.579703,99,17,17,17,44,3.7307167053222656,64.5,65.0,7.637
1765485858.7804985,99,17,17,17,44,3.7307167053222656,64.5,65.0,7.637
1765485858.981637,99,17,17,17,44,3.7307167053222656,64.5,65.0,7.637
1765485859.1828253,99,28,34,26,20,3.731189727783203,63.5,66.0,7.402
1765485859.3837662,99,28,34,26,20,3.731189727783203,63.5,66.0,7.402
1765485859.5847697,99,43,54,18,51,3.7289505004882812,64.5,65.5,8.668
1765485859.7858026,99,43,54,18,51,3.7289505004882812,64.5,65.5,8.668
1765485859.9872394,99,43,54,18,51,3.7289505004882812,64.5,65.5,8.668
1765485860.188432,99,22,44,33,28,3.726062774658203,64.0,65.5,7.808
1765485860.389491,99,22,44,33,28,3.726062774658203,64.0,65.5,7.808
1765485860.5907028,99,22,19,20,40,3.725971221923828,64.5,65.5,7.729
1765485860.7921896,99,22,19,20,40,3.725971221923828,64.5,65.5,7.729
1765485860.9933026,99,22,19,20,40,3.725971221923828,64.5,65.5,7.729
1765485861.1943028,99,27,25,34,34,3.7255821228027344,64.0,65.5,7.625
1765485861.3953063,99,27,25,34,34,3.7255821228027344,64.0,65.5,7.625
1765485861.5963953,99,54,22,14,19,3.7262916564941406,64.5,65.5,7.82
1765485861.7972562,99,54,22,14,19,3.7262916564941406,64.5,65.5,7.82
1765485861.998337,99,54,22,14,19,3.7262916564941406,64.5,65.5,7.82
1765485862.1993139,99,21,28,17,18,3.7264938354492188,64.0,66.5,7.664
1765485862.4005895,99,21,28,17,18,3.7264938354492188,64.0,66.5,7.664
1765485862.6015263,99,25,28,26,26,3.7258262634277344,64.5,65.0,7.493
1765485862.8026147,99,25,28,26,26,3.7258262634277344,64.5,65.0,7.493
1765485863.0039964,99,25,28,26,26,3.7258262634277344,64.5,65.0,7.493
1765485863.2050931,99,25,43,20,26,3.7261505126953125,64.0,65.0,7.493
1765485863.406209,99,25,43,20,26,3.7261505126953125,64.0,65.0,7.493
1765485863.6071572,99,17,16,28,50,3.7262954711914062,64.5,65.5,8.237
1765485863.808068,99,17,16,28,50,3.7262954711914062,64.5,65.5,8.237
1765485864.0090032,99,17,16,28,50,3.7262954711914062,64.5,65.5,8.237
1765485864.2103899,99,14,18,20,22,3.7259979248046875,64.0,66.5,7.269
1765485864.4115028,99,14,18,20,22,3.7259979248046875,64.0,66.5,7.269
1765485864.612653,99,31,22,46,25,3.726604461669922,64.5,65.0,7.584
1765485864.8137388,99,31,22,46,25,3.726604461669922,64.5,65.0,7.584
1765485865.0146813,99,31,22,46,25,3.726604461669922,64.5,65.0,7.584
1765485865.2157745,19,22,26,25,24,3.7269935607910156,63.5,66.0,5.991
1765485865.4168546,19,22,26,25,24,3.7269935607910156,63.5,66.0,5.991
1765485865.6179118,99,28,14,53,17,3.7278175354003906,65.0,66.0,7.951
1765485865.8189929,99,28,14,53,17,3.7278175354003906,65.0,66.0,7.951
1765485866.020124,99,28,14,53,17,3.7278175354003906,65.0,66.0,7.951
1765485866.2212946,0,18,17,12,14,3.7271080017089844,64.0,64.5,5.351
1765485866.4223692,0,18,17,12,14,3.7271080017089844,64.0,64.5,5.351
1765485866.623467,0,18,17,12,14,3.7271080017089844,64.0,64.5,5.351
1765485866.824597,99,32,44,23,27,3.7278709411621094,64.5,65.5,7.068
1765485867.0260508,99,32,44,23,27,3.7278709411621094,64.5,65.5,7.068
1765485867.227203,87,22,22,14,30,3.7275619506835938,64.5,65.0,5.821
1765485867.4282086,87,22,22,14,30,3.7275619506835938,64.5,65.0,5.821
1765485867.629222,87,22,22,14,30,3.7275619506835938,64.5,65.0,5.821
1765485867.8302937,99,20,21,55,22,3.728973388671875,64.5,65.0,7.819
1765485868.0312443,99,20,21,55,22,3.728973388671875,64.5,65.0,7.819
1765485868.232283,99,19,16,6,22,3.7280654907226562,64.0,65.0,6.467
1765485868.4333389,99,19,16,6,22,3.7280654907226562,64.0,65.0,6.467
1765485868.6343312,99,19,16,6,22,3.7280654907226562,64.0,65.0,6.467
1765485868.8353963,99,29,34,54,29,3.7286300659179688,64.5,65.0,7.305
1765485869.0364609,99,29,34,54,29,3.7286300659179688,64.5,65.0,7.305
1765485869.238782,99,14,24,23,17,3.729503631591797,64.0,65.5,6.961
1765485869.4397733,99,14,24,23,17,3.729503631591797,64.0,65.5,6.961
1765485869.6409345,99,14,24,23,17,3.729503631591797,64.0,65.5,6.961
1765485869.8419855,99,17,55,19,21,3.7294273376464844,65.0,65.0,7.147
1765485870.0431063,99,17,55,19,21,3.7294273376464844,65.0,65.0,7.147
1765485870.2442195,99,26,14,17,12,3.72930908203125,64.0,65.5,5.931
1765485870.445334,99,26,14,17,12,3.72930908203125,64.0,65.5,5.931
1765485870.6462343,99,26,14,17,12,3.72930908203125,64.0,65.5,5.931
1765485870.8472624,99,32,24,50,39,3.7299537658691406,64.5,65.5,7.068
1765485871.0482244,99,32,24,50,39,3.7299537658691406,64.5,65.5,7.068
1765485871.2494488,40,17,12,13,15,3.7307662963867188,63.5,65.5,6.09
1765485871.4505477,40,17,12,13,15,3.7307662963867188,63.5,65.5,6.09
1765485871.651582,40,17,12,13,15,3.7307662963867188,63.5,65.5,6.09
1765485871.8528101,99,26,29,29,57,3.7302627563476562,65.0,65.0,7.04
1765485872.05399,99,26,29,29,57,3.7302627563476562,65.0,65.0,7.04
1765485872.2551193,99,17,10,14,12,3.730731964111328,64.0,65.0,5.4
1765485872.4563103,99,17,10,14,12,3.730731964111328,64.0,65.0,5.4
1765485872.657152,99,17,10,14,12,3.730731964111328,64.0,65.0,5.4
1765485872.8581092,99,29,31,37,63,3.731151580810547,65.0,65.0,7.859
1765485873.0591826,99,29,31,37,63,3.731151580810547,65.0,65.0,7.859
1765485873.2604296,99,8,11,7,4,3.731121063232422,64.0,65.0,5.931
1765485873.4614887,99,8,11,7,4,3.731121063232422,64.0,65.0,5.931
1765485873.6624582,99,8,11,7,4,3.731121063232422,64.0,65.0,5.931
1765485873.863533,99,34,32,60,33,3.7314414978027344,64.5,65.5,7.596
1765485874.0647407,99,34,32,60,33,3.7314414978027344,64.5,65.5,7.596
1765485874.2656698,99,24,16,19,16,3.7314720153808594,64.5,65.0,6.655
1765485874.4667616,99,24,16,19,16,3.7314720153808594,64.5,65.0,6.655
1765485874.667747,99,24,16,19,16,3.7314720153808594,64.5,65.0,6.655
1765485874.86885,99,36,24,65,27,3.7335243225097656,65.0,66.5,8.342
1765485875.0698516,99,36,24,65,27,3.7335243225097656,65.0,66.5,8.342
1765485875.270771,99,12,9,9,6,3.7334938049316406,65.0,65.0,6.774
1765485875.4721298,99,12,9,9,6,3.7334938049316406,65.0,65.0,6.774
1765485875.6733088,99,12,9,9,6,3.7334938049316406,65.0,65.0,6.774
1765485875.874201,99,59,32,33,37,3.7342681884765625,65.0,65.5,7.832
1765485876.0753045,99,59,32,33,37,3.7342681884765625,65.0,65.5,7.832
1765485876.277688,99,16,16,14,10,3.7346229553222656,64.5,65.0,7.0
1765485876.4786005,99,16,16,14,10,3.7346229553222656,64.5,65.0,7.0
1765485876.679594,99,16,16,14,10,3.7346229553222656,64.5,65.0,7.0
1765485876.8806114,99,28,18,30,58,3.734813690185547,65.0,66.0,8.381
1765485877.0817223,99,28,18,30,58,3.734813690185547,65.0,66.0,8.381
1765485877.2830343,99,28,18,30,58,3.734813690185547,65.0,66.0,8.381
1765485877.484052,99,16,13,14,11,3.734973907470703,64.5,65.0,7.0
1765485877.6854396,99,16,13,14,11,3.734973907470703,64.5,65.0,7.0
1765485877.8863754,99,32,64,32,32,3.7353248596191406,64.5,66.0,8.46
1765485878.087496,99,32,64,32,32,3.7353248596191406,64.5,66.0,8.46
1765485878.2886581,99,32,64,32,32,3.7353248596191406,64.5,66.0,8.46
1765485878.4896214,99,16,12,14,16,3.735248565673828,65.0,65.5,8.016
1765485878.6907942,99,16,12,14,16,3.735248565673828,65.0,65.5,8.016
1765485878.891899,99,20,24,16,54,3.7356796264648438,65.0,65.5,8.094
1765485879.093002,99,20,24,16,54,3.7356796264648438,65.0,65.5,8.094
1765485879.2940464,99,20,24,16,54,3.7356796264648438,65.0,65.5,8.094
1765485879.4950628,99,24,19,20,16,3.7361488342285156,64.5,65.5,7.911
1765485879.6965976,99,24,19,20,16,3.7361488342285156,64.5,65.5,7.911
1765485879.8976378,98,38,29,48,45,3.7363662719726562,65.0,65.5,8.016
1765485880.0986009,98,38,29,48,45,3.7363662719726562,65.0,65.5,8.016
1765485880.299749,98,38,29,48,45,3.7363662719726562,65.0,65.5,8.016
1765485880.5007658,99,15,17,18,12,3.737194061279297,65.0,65.5,8.317
1765485880.7029772,99,15,17,18,12,3.737194061279297,65.0,65.5,8.317
1765485880.9040225,99,56,23,25,26,3.736553192138672,64.5,66.0,7.753
1765485881.1049678,99,56,23,25,26,3.736553192138672,64.5,66.0,7.753
1765485881.3059945,99,56,23,25,26,3.736553192138672,64.5,66.0,7.753
1765485881.5069034,98,32,28,24,20,3.7366104125976562,65.0,65.5,7.423
1765485881.7081234,98,32,28,24,20,3.7366104125976562,65.0,65.5,7.423
1765485881.9091063,99,34,51,20,31,3.7375717163085938,65.0,66.0,8.173
1765485882.1102133,99,34,51,20,31,3.7375717163085938,65.0,66.0,8.173
1765485882.3113372,99,34,51,20,31,3.7375717163085938,65.0,66.0,8.173
1765485882.5124862,98,8,27,19,10,3.7384109497070312,65.0,66.5,8.016
1765485882.713539,98,8,27,19,10,3.7384109497070312,65.0,66.5,8.016
1765485882.914693,99,30,21,39,21,3.737781524658203,65.0,66.0,7.608
1765485883.1158826,99,30,21,39,21,3.737781524658203,65.0,66.0,7.608
1765485883.3171747,99,30,21,39,21,3.737781524658203,65.0,66.0,7.608
1765485883.5182436,99,20,40,21,20,3.7388343811035156,65.0,65.5,7.463
1765485883.7191463,99,20,40,21,20,3.7388343811035156,65.0,65.5,7.463
1765485883.9204135,99,33,30,22,38,3.7397384643554688,64.5,65.5,8.212
1765485884.1214447,99,33,30,22,38,3.7397384643554688,64.5,65.5,8.212
1765485884.3225946,99,33,30,22,38,3.7397384643554688,64.5,65.5,8.212
1765485884.5235584,99,36,20,17,15,3.7312469482421875,65.0,65.5,7.805
1765485884.72454,99,36,20,17,15,3.7312469482421875,65.0,65.5,7.805
1765485884.9256566,99,28,30,32,33,3.7314720153808594,64.5,65.5,7.305
1765485885.1266494,99,28,30,32,33,3.7314720153808594,64.5,65.5,7.305
1765485885.3277245,99,28,30,32,33,3.7314720153808594,64.5,65.5,7.305
1765485885.528849,99,23,24,30,46,3.7318267822265625,65.0,65.5,7.753
1765485885.7298274,99,23,24,30,46,3.7318267822265625,65.0,65.5,7.753
1765485885.9310505,99,27,25,14,22,3.7327003479003906,64.5,66.0,6.961
1765485886.13223,99,27,25,14,22,3.7327003479003906,64.5,66.0,6.961
1765485886.3331354,99,27,25,14,22,3.7327003479003906,64.5,66.0,6.961
1765485886.5343528,99,16,17,12,47,3.7320022583007812,65.0,66.0,7.648
1765485886.7352798,99,16,17,12,47,3.7320022583007812,65.0,66.0,7.648
1765485886.9362376,84,29,29,27,28,3.732410430908203,64.0,66.5,6.893
1765485887.1373246,84,29,29,27,28,3.732410430908203,64.0,66.5,6.893
1765485887.3382468,84,29,29,27,28,3.732410430908203,64.0,66.5,6.893
1765485887.5390737,99,24,54,16,19,3.732799530029297,65.0,65.5,7.95
1765485887.7401235,99,24,54,16,19,3.732799530029297,65.0,65.5,7.95
1765485887.9524286,99,24,54,16,19,3.732799530029297,65.0,65.5,7.95
1765485888.1534662,81,22,22,19,15,3.7331390380859375,65.0,67.0,7.04
1765485888.3543265,81,22,22,19,15,3.7331390380859375,65.0,67.0,7.04
1765485888.5553672,99,28,42,16,29,3.7327651977539062,65.0,66.0,7.608
1765485888.756487,99,28,42,16,29,3.7327651977539062,65.0,66.0,7.608
1765485888.9576726,99,28,42,16,29,3.7327651977539062,65.0,66.0,7.608
1765485889.1585958,99,27,30,26,18,3.7329635620117188,64.5,67.0,6.774
1765485889.3596165,99,27,30,26,18,3.7329635620117188,64.5,67.0,6.774
1765485889.5605972,99,18,48,18,16,3.7344703674316406,65.0,65.5,8.173
1765485889.7615252,99,18,48,18,16,3.7344703674316406,65.0,65.5,8.173
1765485889.9654636,99,18,48,18,16,3.7344703674316406,65.0,65.5,8.173
1765485890.1665683,81,14,10,20,18,3.7338523864746094,64.0,67.0,6.249
1765485890.3678682,81,14,10,20,18,3.7338523864746094,64.0,67.0,6.249
1765485890.5690734,99,38,36,31,24,3.733997344970703,64.5,65.5,7.04
1765485890.7701464,99,38,36,31,24,3.733997344970703,64.5,65.5,7.04
1765485890.9710872,99,38,36,31,24,3.733997344970703,64.5,65.5,7.04
1765485891.172234,30,23,24,26,18,3.734294891357422,64.5,65.5,5.44
1765485891.3731875,30,23,24,26,18,3.734294891357422,64.5,65.5,5.44
1765485891.574572,99,22,20,54,14,3.7353553771972656,65.0,66.0,7.569
1765485891.7756739,99,22,20,54,14,3.7353553771972656,65.0,66.0,7.569
1765485891.9765227,99,22,20,54,14,3.7353553771972656,65.0,66.0,7.569
1765485892.177858,99,16,25,16,14,3.7349700927734375,64.5,65.0,5.861
1765485892.37897,99,16,25,16,14,3.7349700927734375,64.5,65.0,5.861
1765485892.5800016,99,29,24,30,56,3.735057830810547,65.0,65.5,7.238
1765485892.7810578,99,29,24,30,56,3.735057830810547,65.0,65.5,7.238
1765485892.9824104,99,29,24,30,56,3.735057830810547,65.0,65.5,7.238
1765485893.1836088,99,26,28,24,23,3.7355422973632812,64.5,65.5,6.813
1765485893.3846586,99,26,28,24,23,3.7355422973632812,64.5,65.5,6.813
1765485893.5858092,99,26,57,18,19,3.7355918884277344,65.0,65.5,7.344
1765485893.7870212,99,26,57,18,19,3.7355918884277344,65.0,65.5,7.344
1765485893.9881053,99,26,57,18,19,3.7355918884277344,65.0,65.5,7.344
1765485894.1892643,99,16,15,25,13,3.735973358154297,64.5,65.5,6.329
1765485894.3902876,99,16,15,25,13,3.735973358154297,64.5,65.5,6.329
1765485894.5914254,99,28,66,29,25,3.7360305786132812,65.0,65.5,7.277
1765485894.7924974,99,28,66,29,25,3.7360305786132812,65.0,65.5,7.277
1765485894.9935338,99,28,66,29,25,3.7360305786132812,65.0,65.5,7.277
1765485895.1945562,49,18,20,19,12,3.736896514892578,64.0,66.0,6.279
1765485895.395578,49,18,20,19,12,3.736896514892578,64.0,66.0,6.279
1765485895.5966413,99,26,61,21,21,3.7368202209472656,64.5,65.5,7.569
1765485895.7979324,99,26,61,21,21,3.7368202209472656,64.5,65.5,7.569
1765485895.9992607,99,26,61,21,21,3.7368202209472656,64.5,65.5,7.569
1765485896.2003787,99,19,19,15,13,3.7374114990234375,64.5,65.0,5.67
1765485896.401373,99,19,19,15,13,3.7374114990234375,64.5,65.0,5.67
1765485896.6022935,99,41,32,32,58,3.7379150390625,65.0,66.0,7.793
1765485896.8033874,99,41,32,32,58,3.7379150390625,65.0,66.0,7.793
1765485897.0045393,99,41,32,32,58,3.7379150390625,65.0,66.0,7.793
1765485897.2056518,98,14,8,9,10,3.7385520935058594,65.0,65.5,6.893
1765485897.4067547,98,14,8,9,10,3.7385520935058594,65.0,65.5,6.893
1765485897.6075993,99,27,64,25,30,3.738506317138672,65.0,65.5,7.344
1765485897.8086991,99,27,64,25,30,3.738506317138672,65.0,65.5,7.344
1765485898.0097103,99,27,64,25,30,3.738506317138672,65.0,65.5,7.344
1765485898.2107358,99,14,10,25,18,3.7383766174316406,65.0,65.0,6.626
1765485898.4120288,99,14,10,25,18,3.7383766174316406,65.0,65.0,6.626
1765485898.6129673,99,33,19,30,71,3.7380752563476562,65.0,66.0,8.395
1765485898.8141077,99,33,19,30,71,3.7380752563476562,65.0,66.0,8.395
1765485899.0150352,99,33,19,30,71,3.7380752563476562,65.0,66.0,8.395
1765485899.2160804,99,10,4,2,0,3.73785400390625,65.0,65.5,6.438
1765485899.4171216,99,10,4,2,0,3.73785400390625,65.0,65.5,6.438
1765485899.6182292,99,10,4,2,0,3.73785400390625,65.0,65.5,6.438
1765485899.8194952,99,48,34,42,39,3.738269805908203,65.0,65.5,7.317
1765485900.0207841,99,48,34,42,39,3.738269805908203,65.0,65.5,7.317
1765485900.221837,99,14,24,26,14,3.738269805908203,65.0,65.5,6.972
1765485900.422901,99,14,24,26,14,3.738269805908203,65.0,65.5,6.972
1765485900.6239843,99,14,24,26,14,3.738269805908203,65.0,65.5,6.972
1765485900.8250716,99,28,68,33,20,3.7387466430664062,65.0,66.5,8.212
1765485901.0261755,99,28,68,33,20,3.7387466430664062,65.0,66.5,8.212
1765485901.2271938,96,12,8,8,10,3.7381515502929688,64.5,65.5,6.785
1765485901.4283335,96,12,8,8,10,3.7381515502929688,64.5,65.5,6.785
1765485901.6294448,96,12,8,8,10,3.7381515502929688,64.5,65.5,6.785
1765485901.8304563,99,25,42,34,55,3.7377090454101562,65.5,65.5,7.198
1765485902.0314708,99,25,42,34,55,3.7377090454101562,65.5,65.5,7.198
1765485902.2324266,92,20,21,15,17,3.7379150390625,65.0,65.5,7.091
1765485902.4335093,92,20,21,15,17,3.7379150390625,65.0,65.5,7.091
1765485902.6344502,92,20,21,15,17,3.7379150390625,65.0,65.5,7.091
1765485902.835542,99,22,26,60,28,3.738819122314453,65.0,65.5,7.845
1765485903.0366766,99,22,26,60,28,3.738819122314453,65.0,65.5,7.845
1765485903.2376287,99,14,16,8,17,3.7381134033203125,64.5,65.5,6.438
1765485903.4387097,99,14,16,8,17,3.7381134033203125,64.5,65.5,6.438
1765485903.639689,99,14,16,8,17,3.7381134033203125,64.5,65.5,6.438
1765485903.8407884,99,39,30,32,62,3.73779296875,65.5,66.0,7.396
1765485904.0418942,99,39,30,32,62,3.73779296875,65.5,66.0,7.396
1765485904.2429247,99,22,17,15,12,3.7391395568847656,65.0,66.0,7.687
1765485904.4441888,99,22,17,15,12,3.7391395568847656,65.0,66.0,7.687
1765485904.6451023,99,22,17,15,12,3.7391395568847656,65.0,66.0,7.687
1765485904.8462467,99,23,58,26,26,3.7379074096679688,65.0,65.5,7.317
1765485905.0476706,99,23,58,26,26,3.7379074096679688,65.0,65.5,7.317
1765485905.2490242,94,16,14,15,16,3.7380599975585938,64.5,65.5,6.597
1765485905.4500618,94,16,14,15,16,3.7380599975585938,64.5,65.5,6.597
1765485905.6510823,94,16,14,15,16,3.7380599975585938,64.5,65.5,6.597
1765485905.8522062,99,36,68,31,24,3.7380638122558594,65.0,66.5,7.95
1765485906.0533586,99,36,68,31,24,3.7380638122558594,65.0,66.5,7.95
1765485906.254492,94,8,7,16,8,3.7387733459472656,65.0,66.5,7.317
1765485906.4555967,94,8,7,16,8,3.7387733459472656,65.0,66.5,7.317
1765485906.656858,94,8,7,16,8,3.7387733459472656,65.0,66.5,7.317
1765485906.8580744,99,66,22,25,33,3.73779296875,65.0,66.0,7.423
1765485907.059262,99,66,22,25,33,3.73779296875,65.0,66.0,7.423
1765485907.260354,99,16,17,14,19,3.73779296875,65.0,65.5,6.824
1765485907.4656968,99,16,17,14,19,3.73779296875,65.0,65.5,6.824
1765485907.6667426,99,16,17,14,19,3.73779296875,65.0,65.5,6.824
1765485907.8677542,99,35,65,29,27,3.7373619079589844,65.5,66.0,7.845
1765485908.0690186,99,35,65,29,27,3.7373619079589844,65.5,66.0,7.845
1765485908.2700236,99,8,4,8,9,3.737598419189453,65.0,65.5,6.676
1765485908.470989,99,8,4,8,9,3.737598419189453,65.0,65.5,6.676
1765485908.6722898,99,8,4,8,9,3.737598419189453,65.0,65.5,6.676
1765485908.8733525,99,56,43,30,24,3.7376747131347656,65.5,66.0,7.727
1765485909.0745764,99,56,43,30,24,3.7376747131347656,65.5,66.0,7.727
1765485909.2756183,99,21,12,14,17,3.73785400390625,65.0,65.5,6.705
1765485909.4767902,99,21,12,14,17,3.73785400390625,65.0,65.5,6.705
1765485909.67807,99,21,12,14,17,3.73785400390625,65.0,65.5,6.705
1765485909.8790944,99,32,25,66,23,3.73876953125,65.5,66.5,8.252
1765485910.0801635,99,32,25,66,23,3.73876953125,65.5,66.5,8.252
1765485910.281162,99,16,8,13,9,3.7381210327148438,65.0,65.5,6.944
1765485910.4824123,99,16,8,13,9,3.7381210327148438,65.0,65.5,6.944
1765485910.6834903,99,16,8,13,9,3.7381210327148438,65.0,65.5,6.944
1765485910.8844981,99,42,31,58,36,3.7378158569335938,65.5,66.0,7.423
1765485911.0857067,99,42,31,58,36,3.7378158569335938,65.5,66.0,7.423
1765485911.2865846,99,18,9,20,16,3.7382583618164062,65.0,66.0,7.012
1765485911.4875855,99,18,9,20,16,3.7382583618164062,65.0,66.0,7.012
1765485911.6886451,99,18,9,20,16,3.7382583618164062,65.0,66.0,7.012
1765485911.8895345,99,30,67,16,18,3.738971710205078,65.5,66.5,7.95
1765485912.090695,99,30,67,16,18,3.738971710205078,65.5,66.5,7.95
1765485912.2915702,99,30,67,16,18,3.738971710205078,65.5,66.5,7.95
1765485912.4940765,99,17,17,14,12,3.7383155822753906,65.0,66.0,6.716
1765485912.6951838,99,17,17,14,12,3.7383155822753906,65.0,66.0,6.716
1765485912.8962991,99,36,46,44,44,3.738880157470703,65.5,66.5,8.068
1765485913.0974643,99,36,46,44,44,3.738880157470703,65.5,66.5,8.068
1765485913.2984352,99,36,46,44,44,3.738880157470703,65.5,66.5,8.068
1765485913.499381,98,21,19,17,16,3.7401657104492188,65.5,66.0,7.805
1765485913.7004888,98,21,19,17,16,3.7401657104492188,65.5,66.0,7.805
1765485913.9014192,99,16,56,18,26,3.739459991455078,65.5,66.0,7.727
1765485914.1025472,99,16,56,18,26,3.739459991455078,65.5,66.0,7.727
1765485914.3035095,99,16,56,18,26,3.739459991455078,65.5,66.0,7.727
1765485914.504433,99,23,12,23,21,3.7400550842285156,65.0,66.0,7.051
1765485914.7055714,99,23,12,23,21,3.7400550842285156,65.0,66.0,7.051
1765485914.9065194,99,42,28,50,38,3.7399635314941406,65.5,66.0,8.147
1765485915.1076264,99,42,28,50,38,3.7399635314941406,65.5,66.0,8.147
1765485915.3087723,99,42,28,50,38,3.7399635314941406,65.5,66.0,8.147
1765485915.5096962,99,18,22,18,16,3.7410049438476562,65.5,66.5,8.33
1765485915.7106647,99,18,22,18,16,3.7410049438476562,65.5,66.5,8.33
1765485915.916402,99,20,22,27,59,3.7406005859375,65.5,66.5,8.029
1765485916.1174583,99,20,22,27,59,3.7406005859375,65.5,66.5,8.029
1765485916.3186398,99,20,22,27,59,3.7406005859375,65.5,66.5,8.029
1765485916.5197594,99,18,16,15,23,3.740955352783203,65.0,66.0,7.739
1765485916.721029,99,18,16,15,23,3.740955352783203,65.0,66.0,7.739
1765485916.9219544,98,37,37,55,29,3.741241455078125,65.0,67.0,8.656
1765485917.12298,98,37,37,55,29,3.741241455078125,65.0,67.0,8.656
1765485917.3241646,98,37,37,55,29,3.741241455078125,65.0,67.0,8.656
1765485917.525274,99,8,8,13,11,3.741710662841797,65.5,66.0,7.924
1765485917.7264822,99,8,8,13,11,3.741710662841797,65.5,66.0,7.924
1765485917.9274526,98,27,28,28,64,3.7413063049316406,65.5,66.5,8.068
1765485918.128761,98,27,28,28,64,3.7413063049316406,65.5,66.5,8.068
1765485918.329764,98,27,28,28,64,3.7413063049316406,65.5,66.5,8.068
1765485918.5307965,99,19,27,19,10,3.7417640686035156,65.0,66.0,7.542
1765485918.7321703,99,19,27,19,10,3.7417640686035156,65.0,66.0,7.542
1765485918.9471529,99,27,41,26,48,3.743000030517578,65.0,66.5,8.67
1765485919.148271,99,27,41,26,48,3.743000030517578,65.0,66.5,8.67
1765485919.3494284,99,27,41,26,48,3.743000030517578,65.0,66.5,8.67
1765485919.5504382,99,21,12,29,12,3.734588623046875,65.5,66.0,7.779
1765485919.7513936,99,21,12,29,12,3.734588623046875,65.5,66.0,7.779
1765485919.952826,99,29,33,32,70,3.735107421875,65.5,66.0,7.884
1765485920.1539783,99,29,33,32,70,3.735107421875,65.5,66.0,7.884
1765485920.3551009,99,29,33,32,70,3.735107421875,65.5,66.0,7.884
1765485920.556244,99,25,78,20,20,3.7285728454589844,65.5,66.0,8.409
1765485920.758279,99,25,78,20,20,3.7285728454589844,65.5,66.0,8.409
1765485920.9595726,99,47,16,30,25,3.73150634765625,65.5,66.5,8.186
1765485921.1605287,99,47,16,30,25,3.73150634765625,65.5,66.5,8.186
1765485921.361484,99,47,16,30,25,3.73150634765625,65.5,66.5,8.186
1765485921.5624218,99,17,12,12,24,3.7313270568847656,65.5,66.0,7.621
1765485921.7632897,99,17,12,12,24,3.7313270568847656,65.5,66.0,7.621
1765485921.964475,99,50,28,28,28,3.7308197021484375,65.0,66.0,7.805
1765485922.1655753,99,50,28,28,28,3.7308197021484375,65.0,66.0,7.805
1765485922.3666804,99,50,28,28,28,3.7308197021484375,65.0,66.0,7.805
1765485922.5678527,99,22,32,25,12,3.7317352294921875,65.5,65.5,7.739
1765485922.7688005,99,22,32,25,12,3.7317352294921875,65.5,65.5,7.739
1765485922.9699874,99,14,19,16,42,3.732433319091797,65.5,66.0,7.66
1765485923.170893,99,14,19,16,42,3.732433319091797,65.5,66.0,7.66
1765485923.3718352,99,14,19,16,42,3.732433319091797,65.5,66.0,7.66
1765485923.573,98,28,23,21,26,3.7324447631835938,65.5,66.5,7.739
1765485923.7740617,98,28,23,21,26,3.7324447631835938,65.5,66.5,7.739
1765485923.975235,99,45,25,38,19,3.7319869995117188,65.5,66.0,7.727
1765485924.1763444,99,45,25,38,19,3.7319869995117188,65.5,66.0,7.727
1765485924.3774238,99,45,25,38,19,3.7319869995117188,65.5,66.0,7.727
1765485924.578702,98,36,14,19,20,3.7326698303222656,65.5,66.0,8.147
1765485924.7796898,98,36,14,19,20,3.7326698303222656,65.5,66.0,8.147
1765485924.9807885,98,36,14,19,20,3.7326698303222656,65.5,66.0,8.147
1765485925.1818328,99,24,22,29,36,3.7323875427246094,65.5,66.0,7.727
1765485925.3827908,99,24,22,29,36,3.7323875427246094,65.5,66.0,7.727
1765485925.5840774,99,22,20,18,30,3.732269287109375,65.5,66.0,7.317
1765485925.7854085,99,22,20,18,30,3.732269287109375,65.5,66.0,7.317
1765485925.9864748,99,22,20,18,30,3.732269287109375,65.5,66.0,7.317
1765485926.1873882,99,32,32,42,35,3.7318267822265625,65.5,67.0,8.068
1765485926.3884397,99,32,32,42,35,3.7318267822265625,65.5,67.0,8.068
1765485926.5896559,99,12,16,33,15,3.7326583862304688,65.0,66.5,8.029
1765485926.7908478,99,12,16,33,15,3.7326583862304688,65.0,66.5,8.029
1765485926.9921134,99,12,16,33,15,3.7326583862304688,65.0,66.5,8.029
1765485927.193091,99,26,23,44,25,3.7326126098632812,65.5,67.0,7.727
1765485927.3941138,99,26,23,44,25,3.7326126098632812,65.5,67.0,7.727
1765485927.5951946,98,22,38,20,20,3.7326087951660156,65.0,66.5,7.435
1765485927.7962434,98,22,38,20,20,3.7326087951660156,65.0,66.5,7.435
1765485927.9973958,98,22,38,20,20,3.7326087951660156,65.0,66.5,7.435
1765485928.1984491,99,28,37,39,21,3.7331161499023438,65.5,66.5,8.252
1765485928.3994718,99,28,37,39,21,3.7331161499023438,65.5,66.5,8.252
1765485928.6005676,99,12,12,29,12,3.7319869995117188,65.5,66.5,7.502
1765485928.8016512,99,12,12,29,12,3.7319869995117188,65.5,66.5,7.502
1765485929.0027654,99,12,12,29,12,3.7319869995117188,65.5,66.5,7.502
1765485929.2040656,99,27,25,44,33,3.733173370361328,65.5,67.0,7.766
1765485929.4051347,99,27,25,44,33,3.733173370361328,65.5,67.0,7.766
1765485929.6064427,99,25,21,36,19,3.7332839965820312,65.5,66.5,7.542
1765485929.807339,99,25,21,36,19,3.7332839965820312,65.5,66.5,7.542
1765485930.0086944,99,25,21,36,19,3.7332839965820312,65.5,66.5,7.542
1765485930.2115312,99,28,25,29,35,3.7334365844726562,65.0,66.5,8.591
1765485930.4125388,99,28,25,29,35,3.7334365844726562,65.0,66.5,8.591
1765485930.6137886,99,33,17,16,14,3.7330169677734375,65.5,66.5,7.475
1765485930.8147662,99,33,17,16,14,3.7330169677734375,65.5,66.5,7.475
1765485931.0157344,99,33,17,16,14,3.7330169677734375,65.5,66.5,7.475
1765485931.2178853,99,50,68,56,27,3.727397918701172,65.5,66.5,7.99
1765485931.4189532,99,50,68,56,27,3.727397918701172,65.5,66.5,7.99
1765485931.62018,99,16,46,18,18,3.729259490966797,66.0,66.5,8.147
1765485931.8212113,99,16,46,18,18,3.729259490966797,66.0,66.5,8.147
1765485932.022173,99,16,46,18,18,3.729259490966797,66.0,66.5,8.147
1765485932.2232656,99,25,21,24,28,3.7294082641601562,65.0,67.0,8.173
1765485932.4242916,99,25,21,24,28,3.7294082641601562,65.0,67.0,8.173
1765485932.6252236,99,34,20,16,32,3.728771209716797,65.5,66.5,7.7
1765485932.8262792,99,34,20,16,32,3.728771209716797,65.5,66.5,7.7
1765485933.027415,99,34,20,16,32,3.728771209716797,65.5,66.5,7.7
1765485933.2284122,99,32,36,30,30,3.7292137145996094,65.0,67.0,8.068
1765485933.4294307,99,32,36,30,30,3.7292137145996094,65.0,67.0,8.068
1765485933.630646,99,20,42,17,20,3.7299270629882812,65.5,66.5,8.474
1765485933.831872,99,20,42,17,20,3.7299270629882812,65.5,66.5,8.474
1765485934.0331895,99,20,42,17,20,3.7299270629882812,65.5,66.5,8.474
1765485934.234309,99,26,14,18,30,3.7289466857910156,65.5,66.5,7.911
1765485934.4353445,99,26,14,18,30,3.7289466857910156,65.5,66.5,7.911
1765485934.6364398,99,26,21,22,34,3.7287979125976562,65.5,66.0,7.963
1765485934.8375096,99,26,21,22,34,3.7287979125976562,65.5,66.0,7.963
1765485935.0386415,99,26,21,22,34,3.7287979125976562,65.5,66.0,7.963
1765485935.2397604,99,41,25,28,18,3.7290191650390625,65.5,67.0,7.872
1765485935.4408793,99,41,25,28,18,3.7290191650390625,65.5,67.0,7.872
1765485935.641905,99,41,17,16,21,3.730010986328125,65.5,66.0,8.434
1765485935.843022,99,41,17,16,21,3.730010986328125,65.5,66.0,8.434
1765485936.0446749,99,41,17,16,21,3.730010986328125,65.5,66.0,8.434
1765485936.245838,99,23,17,29,33,3.7291030883789062,65.5,66.5,7.95
1765485936.4468286,99,23,17,29,33,3.7291030883789062,65.5,66.5,7.95
1765485936.6480482,99,23,17,29,33,3.7291030883789062,65.5,66.5,7.95
1765485936.8491082,99,22,22,15,40,3.7294692993164062,66.0,66.0,7.766
1765485937.0500813,99,22,22,15,40,3.7294692993164062,66.0,66.0,7.766
1765485937.2511284,99,39,27,32,28,3.7299423217773438,65.5,66.5,8.291
1765485937.452096,99,39,27,32,28,3.7299423217773438,65.5,66.5,8.291
1765485937.6531026,99,39,27,32,28,3.7299423217773438,65.5,66.5,8.291
1765485937.8540926,99,12,15,14,32,3.729290008544922,65.5,66.5,8.068
1765485938.055137,99,12,15,14,32,3.729290008544922,65.5,66.5,8.068
1765485938.2562253,99,40,26,26,23,3.7291221618652344,65.5,66.5,7.7
1765485938.4614077,99,40,26,26,23,3.7291221618652344,65.5,66.5,7.7
1765485938.6623087,99,40,26,26,23,3.7291221618652344,65.5,66.5,7.7
1765485938.8633165,99,18,41,22,22,3.7297630310058594,65.5,66.0,7.911
1765485939.0643406,99,18,41,22,22,3.7297630310058594,65.5,66.0,7.911
1765485939.265453,99,32,30,22,26,3.7297744750976562,65.5,66.5,8.212
1765485939.4667742,99,32,30,22,26,3.7297744750976562,65.5,66.5,8.212
1765485939.6682014,99,32,30,22,26,3.7297744750976562,65.5,66.5,8.212
1765485939.8693163,99,12,33,22,26,3.7296676635742188,65.5,66.5,8.186
1765485940.0702758,99,12,33,22,26,3.7296676635742188,65.5,66.5,8.186
1765485940.2713957,99,49,17,26,27,3.729724884033203,65.5,67.0,7.805
1765485940.472548,99,49,17,26,27,3.729724884033203,65.5,67.0,7.805
1765485940.673526,99,49,17,26,27,3.729724884033203,65.5,67.0,7.805
1765485940.8747733,99,47,19,27,16,3.729766845703125,66.0,66.5,8.173
1765485941.0757215,99,47,19,27,16,3.729766845703125,66.0,66.5,8.173
1765485941.2766356,99,26,22,22,25,3.7299461364746094,65.5,67.0,8.134
1765485941.4778402,99,26,22,22,25,3.7299461364746094,65.5,67.0,8.134
1765485941.6788118,99,26,22,22,25,3.7299461364746094,65.5,67.0,8.134
1765485941.8797996,99,32,26,20,18,3.729686737060547,66.0,66.5,7.845
1765485942.0808613,99,32,26,20,18,3.729686737060547,66.0,66.5,7.845
1765485942.2819324,99,22,32,48,32,3.7295684814453125,65.5,66.5,7.924
1765485942.4830163,99,22,32,48,32,3.7295684814453125,65.5,66.5,7.924
1765485942.6842413,99,22,32,48,32,3.7295684814453125,65.5,66.5,7.924
1765485942.8854637,99,22,21,42,23,3.7299728393554688,66.0,66.5,8.734
1765485943.0863976,99,22,21,42,23,3.7299728393554688,66.0,66.5,8.734
1765485943.2875822,99,16,15,22,27,3.729644775390625,65.5,67.5,7.845
1765485943.4885068,99,16,15,22,27,3.729644775390625,65.5,67.5,7.845
1765485943.689545,99,16,15,22,27,3.729644775390625,65.5,67.5,7.845
1765485943.8906984,99,30,26,18,32,3.7297210693359375,66.0,66.0,7.805
1765485944.0917814,99,30,26,18,32,3.7297210693359375,66.0,66.0,7.805
1765485944.2929628,99,35,24,28,40,3.730255126953125,65.5,67.0,7.766
1765485944.4939907,99,35,24,28,40,3.730255126953125,65.5,67.0,7.766
1765485944.6950502,99,35,24,28,40,3.730255126953125,65.5,67.0,7.766
1765485944.8963165,99,14,12,40,19,3.7307891845703125,66.0,66.5,8.252
1765485945.0974033,99,14,12,40,19,3.7307891845703125,66.0,66.5,8.252
1765485945.2985237,99,31,20,23,38,3.730316162109375,66.0,67.0,8.029
1765485945.4997873,99,31,20,23,38,3.730316162109375,66.0,67.0,8.029
1765485945.7008872,99,31,20,23,38,3.730316162109375,66.0,67.0,8.029
1765485945.901972,99,25,26,26,16,3.7300758361816406,66.0,66.5,7.542
1765485946.1029067,99,25,26,26,16,3.7300758361816406,66.0,66.5,7.542
1765485946.3044646,99,40,19,28,33,3.729534149169922,65.5,67.5,7.845
1765485946.5120282,99,40,19,28,33,3.729534149169922,65.5,67.5,7.845
1765485946.7130427,99,40,19,28,33,3.729534149169922,65.5,67.5,7.845
1765485946.9141974,99,14,19,36,15,3.7305221557617188,66.0,66.5,7.99
1765485947.115317,99,14,19,36,15,3.7305221557617188,66.0,66.5,7.99
1765485947.3171659,99,14,19,36,15,3.7305221557617188,66.0,66.5,7.99
1765485947.5185125,99,25,20,32,32,3.72991943359375,66.0,67.5,7.648
1765485947.719597,99,25,20,32,32,3.72991943359375,66.0,67.5,7.648
1765485947.9206152,99,21,20,18,38,3.7304229736328125,66.0,66.0,7.687
1765485948.1216269,99,21,20,18,38,3.7304229736328125,66.0,66.0,7.687
1765485948.3228695,99,21,20,18,38,3.7304229736328125,66.0,66.0,7.687
1765485948.5240884,99,28,22,33,24,3.730274200439453,66.0,67.5,8.029
1765485948.7249997,99,28,22,33,24,3.730274200439453,66.0,67.5,8.029
1765485948.9261367,98,20,17,10,38,3.730022430419922,66.0,67.0,7.766
1765485949.127018,98,20,17,10,38,3.730022430419922,66.0,67.0,7.766
1765485949.3280356,98,20,17,10,38,3.730022430419922,66.0,67.0,7.766
1765485949.5290494,99,28,24,27,36,3.730365753173828,66.0,67.0,7.581
1765485949.7299612,99,28,24,27,36,3.730365753173828,66.0,67.0,7.581
1765485949.9307988,99,21,23,22,47,3.730335235595703,66.0,67.0,7.66
1765485950.1317222,99,21,23,22,47,3.730335235595703,66.0,67.0,7.66
1765485950.332947,99,21,23,22,47,3.730335235595703,66.0,67.0,7.66
1765485950.5342197,99,25,27,26,26,3.7305526733398438,65.5,67.5,7.95
1765485950.7352402,99,25,27,26,26,3.7305526733398438,65.5,67.5,7.95
1765485950.9362233,99,20,37,16,16,3.7300643920898438,66.0,66.0,7.435
1765485951.137204,99,20,37,16,16,3.7300643920898438,66.0,66.0,7.435
1765485951.3383229,99,20,37,16,16,3.7300643920898438,66.0,66.0,7.435
1765485951.5394933,99,29,25,31,40,3.7301101684570312,65.5,66.5,7.317
1765485951.7406423,99,29,25,31,40,3.7301101684570312,65.5,66.5,7.317
1765485951.941617,99,20,24,25,48,3.730571746826172,66.0,67.0,8.042
1765485952.1425354,99,20,24,25,48,3.730571746826172,66.0,67.0,8.042
1765485952.3436592,99,20,24,25,48,3.730571746826172,66.0,67.0,8.042
1765485952.544829,99,28,22,13,28,3.7303237915039062,65.5,67.0,7.687
1765485952.745842,99,28,22,13,28,3.7303237915039062,65.5,67.0,7.687
1765485952.9468653,99,32,31,30,24,3.730693817138672,66.0,66.5,7.542
1765485953.1481495,99,32,31,30,24,3.730693817138672,66.0,66.5,7.542
1765485953.3492932,99,32,31,30,24,3.730693817138672,66.0,66.5,7.542
1765485953.550234,99,30,30,31,26,3.7306747436523438,65.5,67.5,7.542
1765485953.7511995,99,30,30,31,26,3.7306747436523438,65.5,67.5,7.542
1765485953.952375,99,14,23,50,16,3.7312850952148438,66.0,66.5,8.226
1765485954.1534228,99,14,23,50,16,3.7312850952148438,66.0,66.5,8.226
1765485954.354583,99,14,23,50,16,3.7312850952148438,66.0,66.5,8.226
1765485954.5556862,99,28,16,16,25,3.7306175231933594,66.0,67.0,7.463
1765485954.7566981,99,28,16,16,25,3.7306175231933594,66.0,67.0,7.463
1765485954.9576287,98,40,23,26,22,3.7297706604003906,66.0,66.5,7.502
1765485955.1585264,98,40,23,26,22,3.7297706604003906,66.0,66.5,7.502
1765485955.3595104,98,40,23,26,22,3.7297706604003906,66.0,66.5,7.502
1765485955.5606313,99,26,23,26,30,3.7301406860351562,65.5,68.5,6.824
1765485955.7618914,99,26,23,26,30,3.7301406860351562,65.5,68.5,6.824
1765485955.962949,99,25,20,48,25,3.7314491271972656,66.5,67.0,8.212
1765485956.163868,99,25,20,48,25,3.7314491271972656,66.5,67.0,8.212
1765485956.3650331,99,25,20,48,25,3.7314491271972656,66.5,67.0,8.212
1765485956.5664167,43,23,24,27,22,3.7307357788085938,65.5,66.5,6.597
1765485956.767414,43,23,24,27,22,3.7307357788085938,65.5,66.5,6.597
1765485956.9684315,43,23,24,27,22,3.7307357788085938,65.5,66.5,6.597
1765485957.169625,99,26,34,42,27,3.73052978515625,66.0,66.5,7.356
1765485957.370674,99,26,34,42,27,3.73052978515625,66.0,66.5,7.356
1765485957.5717921,7,27,25,28,28,3.730876922607422,65.5,67.0,6.785
1765485957.7728527,7,27,25,28,28,3.730876922607422,65.5,67.0,6.785
1765485957.9738584,7,27,25,28,28,3.730876922607422,65.5,67.0,6.785
1765485958.175043,99,24,20,10,46,3.7310256958007812,66.0,66.0,7.17
1765485958.3761804,99,24,20,10,46,3.7310256958007812,66.0,66.0,7.17
1765485958.5772228,27,32,20,18,19,3.7306060791015625,65.5,66.5,6.249
1765485958.7783391,27,32,20,18,19,3.7306060791015625,65.5,66.5,6.249
1765485958.9793677,27,32,20,18,19,3.7306060791015625,65.5,66.5,6.249
1765485959.1805139,99,28,26,25,55,3.730968475341797,66.5,66.5,7.277
1765485959.3814402,99,28,26,25,55,3.730968475341797,66.5,66.5,7.277
1765485959.5825932,2,26,25,20,18,3.7312698364257812,65.5,67.5,6.785
1765485959.7838485,2,26,25,20,18,3.7312698364257812,65.5,67.5,6.785
1765485959.9849343,2,26,25,20,18,3.7312698364257812,65.5,67.5,6.785
1765485960.1859303,99,24,20,25,44,3.7308692932128906,66.0,66.5,7.091
1765485960.3868904,99,24,20,25,44,3.7308692932128906,66.0,66.5,7.091
1765485960.588174,46,30,20,24,30,3.7307472229003906,65.5,66.5,6.289
1765485960.789272,46,30,20,24,30,3.7307472229003906,65.5,66.5,6.289
1765485960.9905052,46,30,20,24,30,3.7307472229003906,65.5,66.5,6.289
1765485961.1914992,99,21,22,26,59,3.7310791015625,66.0,66.5,7.356
1765485961.3924441,99,21,22,26,59,3.7310791015625,66.0,66.5,7.356
1765485961.5946822,9,25,17,17,15,3.731647491455078,65.0,67.0,6.289
1765485961.795733,9,25,17,17,15,3.731647491455078,65.0,67.0,6.289
1765485961.9966812,9,25,17,17,15,3.731647491455078,65.0,67.0,6.289
1765485962.1977565,99,50,24,28,28,3.7306251525878906,66.0,66.5,7.17
1765485962.398716,99,50,24,28,28,3.7306251525878906,66.0,66.5,7.17
1765485962.5999782,31,28,39,24,29,3.7307968139648438,65.5,66.5,5.72
1765485962.800993,31,28,39,24,29,3.7307968139648438,65.5,66.5,5.72
1765485963.0019672,31,28,39,24,29,3.7307968139648438,65.5,66.5,5.72
1765485963.2029006,99,26,28,59,32,3.7305335998535156,66.0,67.5,8.226
1765485963.4038773,99,26,28,59,32,3.7305335998535156,66.0,67.5,8.226
1765485963.6052258,0,10,10,16,6,3.7304458618164062,65.5,67.0,5.71
1765485963.8063455,0,10,10,16,6,3.7304458618164062,65.5,67.0,5.71
1765485964.0077357,0,10,10,16,6,3.7304458618164062,65.5,67.0,5.71
1765485964.2088513,99,35,32,29,53,3.73065185546875,66.0,66.5,7.102
1765485964.4101665,99,35,32,29,53,3.73065185546875,66.0,66.5,7.102
1765485964.611178,0,23,26,25,18,3.7307395935058594,66.0,66.5,5.95
1765485964.812297,0,23,26,25,18,3.7307395935058594,66.0,66.5,5.95
1765485965.0134187,0,23,26,25,18,3.7307395935058594,66.0,66.5,5.95
1765485965.2144861,99,25,54,20,27,3.7318572998046875,66.5,67.0,7.739
1765485965.4154754,99,25,54,20,27,3.7318572998046875,66.5,67.0,7.739
1765485965.6164527,62,16,18,12,10,3.731151580810547,66.0,66.0,5.528
1765485965.817515,62,16,18,12,10,3.731151580810547,66.0,66.0,5.528
1765485966.0184653,62,16,18,12,10,3.731151580810547,66.0,66.0,5.528
1765485966.2196038,99,22,38,45,42,3.7313308715820312,66.5,66.5,7.554
1765485966.4208872,99,22,38,45,42,3.7313308715820312,66.5,66.5,7.554
1765485966.6218352,99,29,14,19,16,3.7316665649414062,65.5,66.5,6.448
1765485966.822802,99,29,14,19,16,3.7316665649414062,65.5,66.5,6.448
1765485967.0240722,99,29,14,19,16,3.7316665649414062,65.5,66.5,6.448
1765485967.2251976,99,21,15,58,14,3.732219696044922,66.0,66.5,7.66
1765485967.4262009,99,21,15,58,14,3.732219696044922,66.0,66.5,7.66
1765485967.6272135,99,21,15,58,14,3.732219696044922,66.0,66.5,7.66
1765485967.828276,99,26,14,17,14,3.73223876953125,65.5,66.5,6.18
1765485968.0292757,99,26,14,17,14,3.73223876953125,65.5,66.5,6.18
1765485968.2302122,99,29,22,33,54,3.732269287109375,66.0,66.5,7.249
1765485968.4313765,99,29,22,33,54,3.732269287109375,66.0,66.5,7.249
1765485968.6326256,99,29,22,33,54,3.732269287109375,66.0,66.5,7.249
1765485968.833896,23,21,22,18,14,3.7332916259765625,65.5,67.0,6.03
1765485969.0348747,23,21,22,18,14,3.7332916259765625,65.5,67.0,6.03
1765485969.236133,99,23,56,19,16,3.7321510314941406,66.0,66.5,7.051
1765485969.437234,99,23,56,19,16,3.7321510314941406,66.0,66.5,7.051
1765485969.638472,99,23,56,19,16,3.7321510314941406,66.0,66.5,7.051
1765485969.8395925,60,23,14,25,17,3.732330322265625,65.5,66.0,5.79
1765485970.040631,60,23,14,25,17,3.732330322265625,65.5,66.0,5.79
1765485970.241658,99,31,27,63,28,3.7320632934570312,66.0,66.5,7.289
1765485970.442762,99,31,27,63,28,3.7320632934570312,66.0,66.5,7.289
1765485970.6436965,99,31,27,63,28,3.7320632934570312,66.0,66.5,7.289
1765485970.8447711,25,17,10,10,14,3.732757568359375,65.5,67.0,5.76
1765485971.0458689,25,17,10,10,14,3.732757568359375,65.5,67.0,5.76
1765485971.2469013,99,30,25,57,27,3.7320899963378906,66.0,67.0,7.17
1765485971.4478748,99,30,25,57,27,3.7320899963378906,66.0,67.0,7.17
1765485971.648909,99,30,25,57,27,3.7320899963378906,66.0,67.0,7.17
1765485971.8500996,81,22,18,27,12,3.732341766357422,65.5,66.0,5.408
1765485972.0513833,81,22,18,27,12,3.732341766357422,65.5,66.0,5.408
1765485972.252403,99,49,43,34,27,3.7323150634765625,66.0,67.5,7.924
1765485972.4533632,99,49,43,34,27,3.7323150634765625,66.0,67.5,7.924
1765485972.6542904,99,49,43,34,27,3.7323150634765625,66.0,67.5,7.924
1765485972.8555255,57,8,9,10,4,3.7317543029785156,66.0,66.5,5.328
1765485973.0566916,57,8,9,10,4,3.7317543029785156,66.0,66.5,5.328
1765485973.257617,99,36,34,60,30,3.7322959899902344,66.0,67.0,7.396
1765485973.4587793,99,36,34,60,30,3.7322959899902344,66.0,67.0,7.396
1765485973.6611462,99,36,34,60,30,3.7322959899902344,66.0,67.0,7.396
1765485973.8621743,99,23,15,25,17,3.7327957153320312,66.5,67.0,5.99
1765485974.063198,99,23,15,25,17,3.7327957153320312,66.5,67.0,5.99
1765485974.2642102,99,30,28,57,31,3.733489990234375,66.5,67.5,8.186
1765485974.4651082,99,30,28,57,31,3.733489990234375,66.5,67.5,8.186
1765485974.6661453,99,30,28,57,31,3.733489990234375,66.5,67.5,8.186
1765485974.8675425,99,15,11,6,6,3.7322845458984375,66.0,66.0,5.64
1765485975.0686677,99,15,11,6,6,3.7322845458984375,66.0,66.0,5.64
1765485975.269645,99,29,44,37,56,3.7323036193847656,66.5,67.0,7.581
1765485975.4707649,99,29,44,37,56,3.7323036193847656,66.5,67.0,7.581
1765485975.671733,99,29,44,37,56,3.7323036193847656,66.5,67.0,7.581
1765485975.8731267,99,28,14,19,14,3.732463836669922,66.0,66.0,6.14
1765485976.0742562,99,28,14,19,14,3.732463836669922,66.0,66.0,6.14
1765485976.275396,99,22,24,62,29,3.733203887939453,66.5,67.0,8.042
1765485976.4764252,99,22,24,62,29,3.733203887939453,66.5,67.0,8.042
1765485976.67764,99,22,24,62,29,3.733203887939453,66.5,67.0,8.042
1765485976.8786812,95,17,12,10,8,3.732250213623047,66.0,66.5,6.22
1765485977.079816,95,17,12,10,8,3.732250213623047,66.0,66.5,6.22
1765485977.281177,99,60,41,31,35,3.7326927185058594,66.0,67.0,7.502
1765485977.482315,99,60,41,31,35,3.7326927185058594,66.0,67.0,7.502
1765485977.6834664,99,60,41,31,35,3.7326927185058594,66.0,67.0,7.502
1765485977.884765,99,23,14,20,19,3.7327232360839844,66.5,67.0,7.66
1765485978.0857024,99,23,14,20,19,3.7327232360839844,66.5,67.0,7.66
1765485978.286598,99,64,23,14,16,3.7324562072753906,66.5,67.0,7.818
1765485978.487796,99,64,23,14,16,3.7324562072753906,66.5,67.0,7.818
1765485978.688877,99,64,23,14,16,3.7324562072753906,66.5,67.0,7.818
1765485978.8898442,99,21,17,12,18,3.7328262329101562,66.0,67.0,7.238
1765485979.091013,99,21,17,12,18,3.7328262329101562,66.0,67.0,7.238
1765485979.2918906,99,21,17,12,18,3.7328262329101562,66.0,67.0,7.238
1765485979.4929483,99,24,31,47,46,3.7327651977539062,66.5,66.5,7.727
1765485979.6940725,99,24,31,47,46,3.7327651977539062,66.5,66.5,7.727
1765485979.8952587,99,13,16,17,11,3.733612060546875,66.5,67.5,7.805
1765485980.0962846,99,13,16,17,11,3.733612060546875,66.5,67.5,7.805
1765485980.2971675,99,13,16,17,11,3.733612060546875,66.5,67.5,7.805
1765485980.4982822,99,32,57,22,24,3.7329139709472656,66.5,67.5,7.963
1765485980.6993487,99,32,57,22,24,3.7329139709472656,66.5,67.5,7.963
1765485980.9003968,99,16,21,18,14,3.7327957153320312,66.0,66.5,7.289
1765485981.1016517,99,16,21,18,14,3.7327957153320312,66.0,66.5,7.289
1765485981.3026228,99,16,21,18,14,3.7327957153320312,66.0,66.5,7.289
1765485981.5036533,99,36,29,30,60,3.7326736450195312,66.5,67.0,8.186
1765485981.7047367,99,36,29,30,60,3.7326736450195312,66.5,67.0,8.186
1765485981.9058926,99,11,13,10,10,3.7333106994628906,66.0,66.5,7.435
1765485982.106962,99,11,13,10,10,3.7333106994628906,66.0,66.5,7.435
1765485982.308016,99,11,13,10,10,3.7333106994628906,66.0,66.5,7.435
1765485982.5090773,99,28,25,30,71,3.732990264892578,66.5,67.0,7.7
1765485982.7102108,99,28,25,30,71,3.732990264892578,66.5,67.0,7.7
1765485982.9111915,99,20,22,24,18,3.7327003479003906,66.5,66.5,7.249
1765485983.1121273,99,20,22,24,18,3.7327003479003906,66.5,66.5,7.249
1765485983.3145561,99,20,22,24,18,3.7327003479003906,66.5,66.5,7.249
1765485983.5156372,99,26,33,56,33,3.7337722778320312,66.5,67.5,8.851
1765485983.7168741,99,26,33,56,33,3.7337722778320312,66.5,67.5,8.851
1765485983.9179807,98,26,18,19,15,3.7337646484375,66.5,66.5,7.396
1765485984.1193104,98,26,18,19,15,3.7337646484375,66.5,66.5,7.396
1765485984.3203506,98,26,18,19,15,3.7337646484375,66.5,66.5,7.396
1765485984.521226,99,37,67,35,44,3.735626220703125,66.5,67.0,7.779
1765485984.7222521,99,37,67,35,44,3.735626220703125,66.5,67.0,7.779
1765485984.9231825,98,24,21,19,17,3.7360076904296875,66.5,66.5,7.17
1765485985.1245766,98,24,21,19,17,3.7360076904296875,66.5,66.5,7.17
1765485985.3258996,98,24,21,19,17,3.7360076904296875,66.5,66.5,7.17
1765485985.5267727,98,19,18,66,28,3.7360382080078125,66.5,67.5,8.591
1765485985.7277606,98,19,18,66,28,3.7360382080078125,66.5,67.5,8.591
1765485985.928849,98,19,13,10,15,3.7351150512695312,66.0,66.5,7.17
1765485986.1298304,98,19,13,10,15,3.7351150512695312,66.0,66.5,7.17
1765485986.3308058,98,19,13,10,15,3.7351150512695312,66.0,66.5,7.17
1765485986.5318239,99,34,57,32,43,3.7357940673828125,66.0,67.5,8.265
1765485986.733132,99,34,57,32,43,3.7357940673828125,66.0,67.5,8.265
1765485986.9346905,99,24,16,17,17,3.73541259765625,66.5,67.0,7.924
1765485987.1362119,99,24,16,17,17,3.73541259765625,66.5,67.0,7.924
1765485987.3372478,99,24,16,17,17,3.73541259765625,66.5,67.0,7.924
1765485987.5384195,99,20,28,20,60,3.7358741760253906,66.5,67.0,8.147
1765485987.7393727,99,20,28,20,60,3.7358741760253906,66.5,67.0,8.147
1765485987.940523,99,14,21,21,12,3.7357559204101562,66.0,66.5,7.356
1765485988.1425018,99,14,21,21,12,3.7357559204101562,66.0,66.5,7.356
1765485988.343565,99,14,21,21,12,3.7357559204101562,66.0,66.5,7.356
1765485988.5446575,99,39,46,31,48,3.7362899780273438,66.5,67.0,8.186
1765485988.745847,99,39,46,31,48,3.7362899780273438,66.5,67.0,8.186
1765485988.9467783,99,22,12,14,14,3.736766815185547,66.5,67.0,8.448
1765485989.1477652,99,22,12,14,14,3.736766815185547,66.5,67.0,8.448
1765485989.3487234,99,22,12,14,14,3.736766815185547,66.5,67.0,8.448
1765485989.5498004,99,18,16,14,62,3.736125946044922,66.0,67.0,8.37
1765485989.7510705,99,18,16,14,62,3.736125946044922,66.0,67.0,8.37
1765485989.9519799,99,24,15,14,16,3.73699951171875,66.0,67.0,7.66
1765485990.1528718,99,24,15,14,16,3.73699951171875,66.0,67.0,7.66
1765485990.3539255,99,24,15,14,16,3.73699951171875,66.0,67.0,7.66
1765485990.555108,98,27,32,56,34,3.7370033264160156,66.5,67.5,8.33
1765485990.7561486,98,27,32,56,34,3.7370033264160156,66.5,67.5,8.33
1765485990.9571328,98,27,32,56,34,3.7370033264160156,66.5,67.5,8.33
1765485991.1580787,99,16,10,13,15,3.737529754638672,66.5,67.5,8.226
1765485991.3592248,99,16,10,13,15,3.737529754638672,66.5,67.5,8.226
1765485991.5602393,98,68,23,27,23,3.73736572265625,66.0,68.0,8.186
1765485991.7612402,98,68,23,27,23,3.73736572265625,66.0,68.0,8.186
1765485991.9623775,98,68,23,27,23,3.73736572265625,66.0,68.0,8.186
1765485992.1636627,99,16,17,20,54,3.7359046936035156,66.5,67.5,8.527
1765485992.3646564,99,16,17,20,54,3.7359046936035156,66.5,67.5,8.527
1765485992.5659103,99,41,48,46,53,3.734302520751953,66.5,67.5,8.891
1765485992.7671604,99,41,48,46,53,3.734302520751953,66.5,67.5,8.891
1765485992.9684045,99,41,48,46,53,3.734302520751953,66.5,67.5,8.891
1765485993.169391,99,15,12,8,16,3.7335739135742188,66.5,67.0,7.289
1765485993.3704233,99,15,12,8,16,3.7335739135742188,66.5,67.0,7.289
1765485993.5718346,99,27,22,65,26,3.7336463928222656,66.5,67.5,8.003
1765485993.773085,99,27,22,65,26,3.7336463928222656,66.5,67.5,8.003
1765485993.9741642,99,27,22,65,26,3.7336463928222656,66.5,67.5,8.003
1765485994.1752734,99,16,23,24,20,3.7340774536132812,66.5,67.0,7.739
1765485994.376682,99,16,23,24,20,3.7340774536132812,66.5,67.0,7.739
1765485994.5778654,99,26,23,46,28,3.7361297607421875,66.5,68.0,8.409
1765485994.779098,99,26,23,46,28,3.7361297607421875,66.5,68.0,8.409
1765485994.981439,99,26,23,46,28,3.7361297607421875,66.5,68.0,8.409
1765485995.1825223,99,14,25,22,14,3.7363853454589844,66.5,67.0,7.845
1765485995.383544,99,14,25,22,14,3.7363853454589844,66.5,67.0,7.845
1765485995.5848436,99,29,28,20,52,3.737018585205078,66.5,67.5,8.003
1765485995.786161,99,29,28,20,52,3.737018585205078,66.5,67.5,8.003
1765485995.9872444,99,29,28,20,52,3.737018585205078,66.5,67.5,8.003
1765485996.1884215,99,21,18,22,33,3.736663818359375,66.5,67.0,7.66
1765485996.3893712,99,21,18,22,33,3.736663818359375,66.5,67.0,7.66
1765485996.5907598,99,27,21,27,38,3.7374496459960938,66.5,67.0,7.99
1765485996.7917192,99,27,21,27,38,3.7374496459960938,66.5,67.0,7.99
1765485996.9927132,99,27,21,27,38,3.7374496459960938,66.5,67.0,7.99
1765485997.1937604,98,22,14,18,22,3.7371864318847656,66.0,67.0,7.368
1765485997.3947835,98,22,14,18,22,3.7371864318847656,66.0,67.0,7.368
1765485997.5958924,99,25,28,31,45,3.7371368408203125,66.0,67.0,7.779
1765485997.7969055,99,25,28,31,45,3.7371368408203125,66.0,67.0,7.779
1765485997.997992,99,25,28,31,45,3.7371368408203125,66.0,67.0,7.779
1765485998.1991515,99,25,19,14,35,3.73858642578125,67.0,68.0,8.448
1765485998.400167,99,25,19,14,35,3.73858642578125,67.0,68.0,8.448
1765485998.6018877,99,19,31,21,12,3.7379188537597656,66.0,67.0,7.739
1765485998.8040519,99,19,31,21,12,3.7379188537597656,66.0,67.0,7.739
1765485999.005017,99,19,31,21,12,3.7379188537597656,66.0,67.0,7.739
1765485999.2062337,99,29,25,22,23,3.738006591796875,66.5,67.5,7.766
1765485999.4071958,99,29,25,22,23,3.738006591796875,66.5,67.5,7.766
1765485999.608424,99,28,28,31,38,3.738330841064453,66.0,67.5,7.277
1765485999.809575,99,28,28,31,38,3.738330841064453,66.0,67.5,7.277
1765486000.0105631,99,28,28,31,38,3.738330841064453,66.0,67.5,7.277
1765486000.211537,99,16,45,17,14,3.7398834228515625,66.5,68.0,8.108
1765486000.4125397,99,16,45,17,14,3.7398834228515625,66.5,68.0,8.108
1765486000.6137419,99,24,22,32,22,3.7389793395996094,66.0,68.0,6.785
1765486000.8148067,99,24,22,32,22,3.7389793395996094,66.0,68.0,6.785
1765486001.0157075,99,24,22,32,22,3.7389793395996094,66.0,68.0,6.785
1765486001.216828,99,23,18,47,18,3.7396163940429688,66.5,67.0,7.7
1765486001.4178197,99,23,18,47,18,3.7396163940429688,66.5,67.0,7.7
1765486001.6190236,99,23,18,47,18,3.7396163940429688,66.5,67.0,7.7
1765486001.8200927,89,24,29,20,28,3.7400779724121094,66.0,68.5,7.091
1765486002.0210242,89,24,29,20,28,3.7400779724121094,66.0,68.5,7.091
1765486002.2223244,99,47,14,10,7,3.7399139404296875,66.5,67.5,7.621
1765486002.423389,99,47,14,10,7,3.7399139404296875,66.5,67.5,7.621
1765486002.6248631,99,47,14,10,7,3.7399139404296875,66.5,67.5,7.621
1765486002.826021,99,26,53,32,25,3.735424041748047,66.0,67.5,7.012
1765486003.027031,99,26,53,32,25,3.735424041748047,66.0,67.5,7.012
1765486003.2282126,99,53,24,22,23,3.738903045654297,66.5,67.0,7.66
1765486003.4292424,99,53,24,22,23,3.738903045654297,66.5,67.0,7.66
1765486003.6302278,99,53,24,22,23,3.738903045654297,66.5,67.0,7.66
1765486003.8312786,42,22,20,19,24,3.7398681640625,66.0,68.0,6.637
1765486004.0323572,42,22,20,19,24,3.7398681640625,66.0,68.0,6.637
1765486004.2333477,99,50,19,16,16,3.7390975952148438,66.5,67.0,7.317
1765486004.434292,99,50,19,16,16,3.7390975952148438,66.5,67.0,7.317
1765486004.6352282,99,50,19,16,16,3.7390975952148438,66.5,67.0,7.317
1765486004.836344,69,22,30,25,29,3.739166259765625,66.0,67.5,6.716
1765486005.0374699,69,22,30,25,29,3.739166259765625,66.0,67.5,6.716
1765486005.2385926,99,28,24,54,21,3.739330291748047,66.5,67.0,7.554
1765486005.4394953,99,28,24,54,21,3.739330291748047,66.5,67.0,7.554
1765486005.6404645,99,28,24,54,21,3.739330291748047,66.5,67.0,7.554
1765486005.8415935,99,28,25,28,14,3.7397003173828125,66.0,68.5,7.13
1765486006.0427377,99,28,25,28,14,3.7397003173828125,66.0,68.5,7.13
1765486006.24374,99,45,26,20,22,3.7392196655273438,66.5,67.5,7.542
1765486006.4448297,99,45,26,20,22,3.7392196655273438,66.5,67.5,7.542
1765486006.6458344,99,45,26,20,22,3.7392196655273438,66.5,67.5,7.542
1765486006.8468938,96,33,24,30,23,3.739635467529297,66.0,67.5,6.785
1765486007.048044,96,33,24,30,23,3.739635467529297,66.0,67.5,6.785
1765486007.2490857,99,26,52,25,20,3.739177703857422,66.5,67.0,7.884
1765486007.4500785,99,26,52,25,20,3.739177703857422,66.5,67.0,7.884
1765486007.6510572,99,26,52,25,20,3.739177703857422,66.5,67.0,7.884
1765486007.8520133,47,15,21,15,14,3.7392578125,66.0,67.5,6.289
1765486008.0529723,47,15,21,15,14,3.7392578125,66.0,67.5,6.289
1765486008.2539175,99,27,38,41,32,3.738941192626953,66.5,67.5,7.396
1765486008.4551044,99,27,38,41,32,3.738941192626953,66.5,67.5,7.396
1765486008.6561673,99,27,38,41,32,3.738941192626953,66.5,67.5,7.396
1765486008.8572392,48,22,24,23,14,3.7396240234375,66.5,67.0,6.329
1765486009.0581,48,22,24,23,14,3.7396240234375,66.5,67.0,6.329
1765486009.259468,48,22,24,23,14,3.7396240234375,66.5,67.0,6.329
1765486009.46067,99,30,24,26,54,3.740528106689453,66.5,67.5,8.029
1765486009.6616657,99,30,24,26,54,3.740528106689453,66.5,67.5,8.029
1765486009.8627849,0,19,11,18,19,3.7393836975097656,66.0,67.0,6.06
1765486010.0636854,0,19,11,18,19,3.7393836975097656,66.0,67.0,6.06
1765486010.2647777,0,19,11,18,19,3.7393836975097656,66.0,67.0,6.06
1765486010.4659264,99,28,25,30,50,3.739471435546875,66.5,67.0,7.17
1765486010.6668885,99,28,25,30,50,3.739471435546875,66.5,67.0,7.17
1765486010.868144,0,29,27,23,20,3.739391326904297,66.0,67.0,5.6
1765486011.0692673,0,29,27,23,20,3.739391326904297,66.0,67.0,5.6
1765486011.2705607,0,29,27,23,20,3.739391326904297,66.0,67.0,5.6
1765486011.4716105,99,59,20,18,27,3.7406082153320312,66.5,67.5,7.924
1765486011.6726155,99,59,20,18,27,3.7406082153320312,66.5,67.5,7.924
1765486011.8737226,23,16,12,16,18,3.7400588989257812,66.0,66.5,5.408
1765486012.074826,23,16,12,16,18,3.7400588989257812,66.0,66.5,5.408
1765486012.2757895,23,16,12,16,18,3.7400588989257812,66.0,66.5,5.408
1765486012.4767766,99,28,25,41,39,3.7401161193847656,66.5,67.0,7.17
1765486012.678071,99,28,25,41,39,3.7401161193847656,66.5,67.0,7.17
1765486012.8794298,99,21,25,16,18,3.7404212951660156,66.5,67.5,7.317
1765486013.0806074,99,21,25,16,18,3.7404212951660156,66.5,67.5,7.317
1765486013.2816,99,21,25,16,18,3.7404212951660156,66.5,67.5,7.317
1765486013.4827447,99,18,53,12,21,3.7413673400878906,66.5,67.0,7.289
1765486013.683852,99,18,53,12,21,3.7413673400878906,66.5,67.0,7.289
1765486013.885156,99,20,28,15,19,3.7404022216796875,66.0,67.5,6.369
1765486014.086265,99,20,28,15,19,3.7404022216796875,66.0,67.5,6.369
1765486014.287275,99,20,28,15,19,3.7404022216796875,66.0,67.5,6.369
1765486014.4884098,99,24,28,36,62,3.741443634033203,67.0,67.5,7.396
1765486014.6895177,99,24,28,36,62,3.741443634033203,67.0,67.5,7.396
1765486014.890653,86,16,14,17,14,3.7423858642578125,66.0,68.5,6.249
1765486015.0917192,86,16,14,17,14,3.7423858642578125,66.0,68.5,6.249
1765486015.2928848,86,16,14,17,14,3.7423858642578125,66.0,68.5,6.249
1765486015.494056,99,32,30,67,25,3.741863250732422,67.0,67.5,7.66
1765486015.6954057,99,32,30,67,25,3.741863250732422,67.0,67.5,7.66
1765486015.8966475,99,25,18,36,18,3.7375411987304688,66.0,67.0,5.72
1765486016.0977743,99,25,18,36,18,3.7375411987304688,66.0,67.0,5.72
1765486016.2990115,99,25,18,36,18,3.7375411987304688,66.0,67.0,5.72
1765486016.5001864,99,25,28,43,58,3.737274169921875,66.5,67.5,7.739
1765486016.701328,99,25,28,43,58,3.737274169921875,66.5,67.5,7.739
1765486016.9024596,99,27,18,19,19,3.738414764404297,66.0,67.0,6.14
1765486017.1035528,99,27,18,19,19,3.738414764404297,66.0,67.0,6.14
1765486017.3044844,99,27,18,19,19,3.738414764404297,66.0,67.0,6.14
1765486017.5055428,99,64,28,28,22,3.7374839782714844,66.5,67.5,7.328
1765486017.7082958,99,64,28,28,22,3.7374839782714844,66.5,67.5,7.328
1765486017.9092767,99,46,40,49,46,3.7382240295410156,66.5,67.0,6.329
1765486018.110482,99,46,40,49,46,3.7382240295410156,66.5,67.0,6.329
1765486018.3116887,99,46,40,49,46,3.7382240295410156,66.5,67.0,6.329
1765486018.5127332,99,32,31,65,36,3.7381057739257812,67.0,68.0,8.566
1765486018.713687,99,32,31,65,36,3.7381057739257812,67.0,68.0,8.566
1765486018.919427,94,12,17,10,14,3.7376174926757812,66.5,67.5,6.637
1765486019.125156,94,12,17,10,14,3.7376174926757812,66.5,67.5,6.637
1765486019.3262064,94,12,17,10,14,3.7376174926757812,66.5,67.5,6.637
1765486019.5271034,99,40,36,70,33,3.7383193969726562,67.0,67.5,7.7
1765486019.7282305,99,40,36,70,33,3.7383193969726562,67.0,67.5,7.7
1765486019.9291794,99,22,18,21,18,3.7383651733398438,66.5,67.0,6.944
1765486020.1301975,99,22,18,21,18,3.7383651733398438,66.5,67.0,6.944
1765486020.3313324,99,22,18,21,18,3.7383651733398438,66.5,67.0,6.944
1765486020.532301,99,33,18,31,66,3.7392196655273438,67.0,68.0,8.291
1765486020.7334325,99,33,18,31,66,3.7392196655273438,67.0,68.0,8.291
1765486020.9343271,99,33,18,31,66,3.7392196655273438,67.0,68.0,8.291
1765486021.135514,99,12,6,10,12,3.738006591796875,66.5,67.0,6.756
1765486021.3366277,99,12,6,10,12,3.738006591796875,66.5,67.0,6.756
1765486021.5377076,99,35,51,46,35,3.7381248474121094,66.5,68.0,7.739
1765486021.7388754,99,35,51,46,35,3.7381248474121094,66.5,68.0,7.739
1765486021.9400465,99,35,51,46,35,3.7381248474121094,66.5,68.0,7.739
1765486022.1410096,99,18,14,26,10,3.7388076782226562,66.5,67.5,7.356
1765486022.3421037,99,18,14,26,10,3.7388076782226562,66.5,67.5,7.356
1765486022.5431383,99,27,31,57,28,3.7388343811035156,67.0,68.0,8.448
1765486022.7443018,99,27,31,57,28,3.7388343811035156,67.0,68.0,8.448
1765486022.9453945,99,27,31,57,28,3.7388343811035156,67.0,68.0,8.448
1765486023.146349,99,25,10,11,13,3.738525390625,66.5,67.5,6.864
1765486023.350208,99,25,10,11,13,3.738525390625,66.5,67.5,6.864
1765486023.5512028,99,34,46,56,29,3.7387046813964844,66.5,67.5,7.924
1765486023.7521868,99,34,46,56,29,3.7387046813964844,66.5,67.5,7.924
1765486023.9532473,99,34,46,56,29,3.7387046813964844,66.5,67.5,7.924
1765486024.154158,98,20,19,14,19,3.7397422790527344,66.5,68.0,7.845
1765486024.355068,98,20,19,14,19,3.7397422790527344,66.5,68.0,7.845
1765486024.5564048,99,20,16,20,62,3.7387847900390625,66.5,67.5,7.7
1765486024.7576191,99,20,16,20,62,3.7387847900390625,66.5,67.5,7.7
1765486024.958744,99,20,16,20,62,3.7387847900390625,66.5,67.5,7.7
1765486025.1597073,99,18,16,10,21,3.7388534545898438,67.0,67.0,7.091
1765486025.3608036,99,18,16,10,21,3.7388534545898438,67.0,67.0,7.091
1765486025.5619621,99,30,41,57,34,3.7395362854003906,67.0,67.5,8.068
1765486025.7630026,99,30,41,57,34,3.7395362854003906,67.0,67.5,8.068
1765486025.9647114,99,30,41,57,34,3.7395362854003906,67.0,67.5,8.068
1765486026.1657226,99,14,12,8,14,3.7399978637695312,67.0,67.5,8.265
1765486026.3668122,99,14,12,8,14,3.7399978637695312,67.0,67.5,8.265
1765486026.5678368,99,27,24,67,21,3.7392807006835938,67.0,67.5,8.186
1765486026.7690742,99,27,24,67,21,3.7392807006835938,67.0,67.5,8.186
1765486026.970217,99,27,24,67,21,3.7392807006835938,67.0,67.5,8.186
1765486027.1712208,99,21,16,14,21,3.7397422790527344,66.5,67.0,7.396
1765486027.3722475,99,21,16,14,21,3.7397422790527344,66.5,67.0,7.396
1765486027.5731912,99,37,60,37,30,3.74017333984375,67.0,68.0,8.709
1765486027.7743819,99,37,60,37,30,3.74017333984375,67.0,68.0,8.709
1765486027.9755583,99,37,60,37,30,3.74017333984375,67.0,68.0,8.709
1765486028.176702,99,13,4,11,8,3.7395668029785156,67.0,67.5,7.593
1765486028.3881545,99,13,4,11,8,3.7395668029785156,67.0,67.5,7.593
1765486028.5892987,98,33,73,29,25,3.7398681640625,66.5,67.5,8.068
1765486028.7903948,98,33,73,29,25,3.7398681640625,66.5,67.5,8.068
1765486028.991356,98,33,73,29,25,3.7398681640625,66.5,67.5,8.068
1765486029.1924357,99,18,18,23,18,3.7407264709472656,67.0,67.5,7.805
1765486029.393509,99,18,18,23,18,3.7407264709472656,67.0,67.5,7.805
1765486029.5946102,99,25,24,52,22,3.7420883178710938,67.0,68.5,8.631
1765486029.7955222,99,25,24,52,22,3.7420883178710938,67.0,68.5,8.631
1765486029.9964335,99,25,24,52,22,3.7420883178710938,67.0,68.5,8.631
1765486030.1973195,99,20,12,8,15,3.7410202026367188,66.5,67.5,7.249
1765486030.39829,99,20,12,8,15,3.7410202026367188,66.5,67.5,7.249
1765486030.5993874,99,31,33,60,22,3.741168975830078,66.5,68.5,7.963
1765486030.800486,99,31,33,60,22,3.741168975830078,66.5,68.5,7.963
1765486031.0014997,99,31,33,60,22,3.741168975830078,66.5,68.5,7.963
1765486031.2025425,98,27,25,21,18,3.74176025390625,67.0,67.5,7.621
1765486031.4037392,98,27,25,21,18,3.74176025390625,67.0,67.5,7.621
1765486031.604651,99,18,48,19,25,3.742572784423828,67.0,68.0,8.33
1765486031.8056705,99,18,48,19,25,3.742572784423828,67.0,68.0,8.33
1765486032.0066385,99,18,48,19,25,3.742572784423828,67.0,68.0,8.33
1765486032.2078185,98,21,21,17,16,3.741436004638672,67.0,67.5,7.356
1765486032.4091566,98,21,21,17,16,3.741436004638672,67.0,67.5,7.356
1765486032.6101968,98,21,21,17,16,3.741436004638672,67.0,67.5,7.356
1765486032.8112817,99,28,59,32,34,3.7416839599609375,66.5,67.0,8.003
1765486033.012504,99,28,59,32,34,3.7416839599609375,66.5,67.0,8.003
1765486033.2136252,99,20,20,31,8,3.7422637939453125,67.0,68.0,8.344
1765486033.4150825,99,20,20,31,8,3.7422637939453125,67.0,68.0,8.344
1765486033.616234,99,20,20,31,8,3.7422637939453125,67.0,68.0,8.344
1765486033.817142,99,20,18,28,40,3.7422561645507812,66.5,67.5,7.884
1765486034.0181048,99,20,18,28,40,3.7422561645507812,66.5,67.5,7.884
1765486034.2192194,99,20,29,20,28,3.7427978515625,67.0,67.5,7.7
1765486034.4203115,99,20,29,20,28,3.7427978515625,67.0,67.5,7.7
1765486034.6214356,99,20,29,20,28,3.7427978515625,67.0,67.5,7.7
1765486034.8227274,99,28,26,32,44,3.743755340576172,66.5,67.5,7.845
1765486035.0238671,99,28,26,32,44,3.743755340576172,66.5,67.5,7.845
1765486035.2249281,99,17,38,16,18,3.7434768676757812,67.0,68.0,8.344
1765486035.4260707,99,17,38,16,18,3.7434768676757812,67.0,68.0,8.344
1765486035.6272438,99,17,38,16,18,3.7434768676757812,67.0,68.0,8.344
1765486035.8284752,99,44,22,23,23,3.7431488037109375,66.5,68.0,7.845
1765486036.0294013,99,44,22,23,23,3.7431488037109375,66.5,68.0,7.845
1765486036.2304711,99,38,22,14,17,3.7433433532714844,67.0,67.5,8.068
1765486036.43145,99,38,22,14,17,3.7433433532714844,67.0,67.5,8.068
1765486036.6327467,99,38,22,14,17,3.7433433532714844,67.0,67.5,8.068
1765486036.833843,99,28,37,32,34,3.7438392639160156,67.0,68.5,8.265
1765486037.035031,99,28,37,32,34,3.7438392639160156,67.0,68.5,8.265
1765486037.2360418,99,12,33,14,10,3.743824005126953,67.0,67.5,8.304
1765486037.4369235,99,12,33,14,10,3.743824005126953,67.0,67.5,8.304
1765486037.6378596,99,12,33,14,10,3.743824005126953,67.0,67.5,8.304
1765486037.8388987,99,26,30,35,32,3.7439308166503906,67.0,68.5,8.003
1765486038.039848,99,26,30,35,32,3.7439308166503906,67.0,68.5,8.003
1765486038.2408972,99,25,16,37,18,3.744110107421875,67.0,68.0,7.7
1765486038.4417849,99,25,16,37,18,3.744110107421875,67.0,68.0,7.7
1765486038.6432018,99,25,16,37,18,3.744110107421875,67.0,68.0,7.7
1765486038.8445055,99,33,24,32,37,3.7441635131835938,66.5,68.5,8.409
1765486039.045516,99,33,24,32,37,3.7441635131835938,66.5,68.5,8.409
1765486039.2465012,99,18,16,14,33,3.7436180114746094,67.0,68.0,8.042
1765486039.4475517,99,18,16,14,33,3.7436180114746094,67.0,68.0,8.042
1765486039.648675,99,18,16,14,33,3.7436180114746094,67.0,68.0,8.042
1765486039.8497336,99,44,32,33,18,3.7438926696777344,66.5,68.0,8.003
1765486040.0508044,99,44,32,33,18,3.7438926696777344,66.5,68.0,8.003
1765486040.2519748,99,26,36,14,28,3.744190216064453,67.0,68.0,7.779
1765486040.4531903,99,26,36,14,28,3.744190216064453,67.0,68.0,7.779
1765486040.6541488,99,26,36,14,28,3.744190216064453,67.0,68.0,7.779
1765486040.8552456,99,25,20,32,22,3.745136260986328,66.5,68.0,7.317
1765486041.056197,99,25,20,32,22,3.745136260986328,66.5,68.0,7.317
1765486041.257256,99,22,23,38,21,3.744274139404297,67.0,68.0,7.818
1765486041.458338,99,22,23,38,21,3.744274139404297,67.0,68.0,7.818
1765486041.6593826,99,22,23,38,21,3.744274139404297,67.0,68.0,7.818
1765486041.860584,99,22,28,33,27,3.7448081970214844,66.5,68.5,7.581
1765486042.061874,99,22,28,33,27,3.7448081970214844,66.5,68.5,7.581
1765486042.2628758,99,53,18,25,23,3.745311737060547,67.0,68.5,8.226
1765486042.4638565,99,53,18,25,23,3.745311737060547,67.0,68.5,8.226
1765486042.6648703,99,53,18,25,23,3.745311737060547,67.0,68.5,8.226
1765486042.8660653,99,22,23,21,20,3.745372772216797,66.5,68.5,7.396
1765486043.067304,99,22,23,21,20,3.745372772216797,66.5,68.5,7.396
1765486043.2682896,99,22,23,21,20,3.745372772216797,66.5,68.5,7.396
1765486043.4692774,99,34,27,30,20,3.745269775390625,67.0,68.0,7.475
1765486043.670336,99,34,27,30,20,3.745269775390625,67.0,68.0,7.475
1765486043.871483,99,31,28,31,27,3.7455406188964844,66.5,68.0,7.091
1765486044.0723855,99,31,28,31,27,3.7455406188964844,66.5,68.0,7.091
1765486044.2734668,99,31,28,31,27,3.7455406188964844,66.5,68.0,7.091
1765486044.474561,99,54,23,20,22,3.747241973876953,67.0,68.5,8.631
1765486044.6755447,99,54,23,20,22,3.747241973876953,67.0,68.5,8.631
1765486044.8767776,99,20,17,21,20,3.746013641357422,66.5,67.5,7.396
1765486045.0776556,99,20,17,21,20,3.746013641357422,66.5,67.5,7.396
1765486045.2787938,99,20,17,21,20,3.746013641357422,66.5,67.5,7.396
1765486045.4800732,99,40,26,22,33,3.7462501525878906,67.0,68.0,7.66
1765486045.6826975,99,40,26,22,33,3.7462501525878906,67.0,68.0,7.66
1765486045.883804,4,26,32,26,20,3.746753692626953,66.5,68.5,6.528
1765486046.0853252,4,26,32,26,20,3.746753692626953,66.5,68.5,6.528
1765486046.2864423,4,26,32,26,20,3.746753692626953,66.5,68.5,6.528
1765486046.4874306,99,18,19,47,17,3.7477760314941406,67.0,68.0,7.924
1765486046.6884117,99,18,19,47,17,3.7477760314941406,67.0,68.0,7.924
1765486046.8895895,0,20,16,18,22,3.747161865234375,66.0,67.5,5.448
1765486047.090621,0,20,16,18,22,3.747161865234375,66.0,67.5,5.448
1765486047.2914982,0,20,16,18,22,3.747161865234375,66.0,67.5,5.448
1765486047.4924679,99,30,27,22,50,3.7472686767578125,67.0,67.5,7.13
1765486047.6934059,99,30,27,22,50,3.7472686767578125,67.0,67.5,7.13
1765486047.8950832,99,27,25,19,20,3.7477264404296875,66.5,68.0,6.835
1765486048.0961208,99,27,25,19,20,3.7477264404296875,66.5,68.0,6.835
1765486048.2971492,99,27,25,19,20,3.7477264404296875,66.5,68.0,6.835
1765486048.4982321,99,24,18,53,17,3.7483901977539062,66.5,67.5,7.249
1765486048.6991599,99,24,18,53,17,3.7483901977539062,66.5,67.5,7.249
1765486048.9001665,99,25,16,19,20,3.7476768493652344,66.5,67.5,6.448
1765486049.1013467,99,25,16,19,20,3.7476768493652344,66.5,67.5,6.448
1765486049.3023195,99,25,16,19,20,3.7476768493652344,66.5,67.5,6.448
1765486049.503278,99,64,25,28,25,3.748279571533203,66.5,68.0,7.396
1765486049.7043016,99,64,25,28,25,3.748279571533203,66.5,68.0,7.396
1765486049.9052687,99,17,16,18,18,3.748828887939453,66.0,68.5,6.369
1765486050.106569,99,17,16,18,18,3.748828887939453,66.0,68.5,6.369
1765486050.3076408,99,17,16,18,18,3.748828887939453,66.0,68.5,6.369
1765486050.5089297,99,21,59,21,18,3.748455047607422,66.5,67.5,7.063
1765486050.7099411,99,21,59,21,18,3.748455047607422,66.5,67.5,7.063
1765486050.9108508,71,20,25,16,20,3.7485580444335938,66.5,67.5,5.75
1765486051.1119788,71,20,25,16,20,3.7485580444335938,66.5,67.5,5.75
1765486051.3129551,71,20,25,16,20,3.7485580444335938,66.5,67.5,5.75
1765486051.5139525,99,34,60,37,30,3.7495460510253906,67.0,68.0,7.514
1765486051.715037,99,34,60,37,30,3.7495460510253906,67.0,68.0,7.514
1765486051.916467,99,10,10,14,6,3.7501678466796875,66.5,67.5,5.83
1765486052.117643,99,10,10,14,6,3.7501678466796875,66.5,67.5,5.83
1765486052.318565,99,10,10,14,6,3.7501678466796875,66.5,67.5,5.83
1765486052.519629,99,32,60,31,29,3.749217987060547,67.0,68.0,7.17
1765486052.72073,99,32,60,31,29,3.749217987060547,67.0,68.0,7.17
1765486052.9218786,99,22,16,17,16,3.7494468688964844,67.0,67.5,5.528
1765486053.1228206,99,22,16,17,16,3.7494468688964844,67.0,67.5,5.528
1765486053.3238485,99,22,16,17,16,3.7494468688964844,67.0,67.5,5.528
1765486053.52492,99,31,29,59,35,3.7492942810058594,67.0,68.5,8.487
1765486053.7260196,99,31,29,59,35,3.7492942810058594,67.0,68.5,8.487
1765486053.9269454,99,31,29,59,35,3.7492942810058594,67.0,68.5,8.487
1765486054.128083,99,8,7,7,2,3.749164581298828,67.0,67.5,5.68
1765486054.3291454,99,8,7,7,2,3.749164581298828,67.0,67.5,5.68
1765486054.53036,99,52,32,32,59,3.7375640869140625,67.0,68.0,7.621
1765486054.7314677,99,52,32,32,59,3.7375640869140625,67.0,68.0,7.621
1765486054.9326699,99,52,32,32,59,3.7375640869140625,67.0,68.0,7.621
1765486055.133799,99,21,20,18,24,3.737712860107422,67.0,67.5,7.249
1765486055.3348682,99,21,20,18,24,3.737712860107422,67.0,67.5,7.249
1765486055.5359488,99,26,68,25,25,3.738697052001953,67.0,68.0,8.409
1765486055.7370071,99,26,68,25,25,3.738697052001953,67.0,68.0,8.409
1765486055.9379447,99,26,68,25,25,3.738697052001953,67.0,68.0,8.409
1765486056.1391814,99,12,6,15,13,3.7378158569335938,67.0,67.5,6.864
1765486056.3403187,99,12,6,15,13,3.7378158569335938,67.0,67.5,6.864
1765486056.5412686,99,28,42,30,62,3.738067626953125,67.0,68.0,8.226
1765486056.7424815,99,28,42,30,62,3.738067626953125,67.0,68.0,8.226
1765486056.9435048,99,28,42,30,62,3.738067626953125,67.0,68.0,8.226
1765486057.144486,99,14,17,19,17,3.7384986877441406,66.5,68.0,7.435
1765486057.3453906,99,14,17,19,17,3.7384986877441406,66.5,68.0,7.435
1765486057.5462897,99,19,21,20,62,3.7386627197265625,67.0,68.0,7.845
1765486057.7473066,99,19,21,20,62,3.7386627197265625,67.0,68.0,7.845
1765486057.9483998,99,19,21,20,62,3.7386627197265625,67.0,68.0,7.845
1765486058.1493504,99,19,16,15,17,3.738037109375,67.0,68.0,7.249
1765486058.3504298,99,19,16,15,17,3.738037109375,67.0,68.0,7.249
1765486058.5513098,99,30,25,31,62,3.739185333251953,67.0,68.0,8.487
1765486058.7525246,99,30,25,31,62,3.739185333251953,67.0,68.0,8.487
1765486058.9536555,99,30,25,31,62,3.739185333251953,67.0,68.0,8.487
1765486059.154669,99,16,15,16,14,3.740314483642578,67.5,68.5,8.409
1765486059.356036,99,16,15,16,14,3.740314483642578,67.5,68.5,8.409
1765486059.5656679,99,22,59,28,16,3.739978790283203,67.0,67.5,7.924
1765486059.766584,99,22,59,28,16,3.739978790283203,67.0,67.5,7.924
1765486059.967652,99,22,59,28,16,3.739978790283203,67.0,67.5,7.924
1765486060.168533,99,16,20,25,14,3.7405662536621094,67.0,68.0,7.542
1765486060.3695767,99,16,20,25,14,3.7405662536621094,67.0,68.0,7.542
1765486060.5705936,99,35,38,30,49,3.741161346435547,67.0,68.5,8.37
1765486060.7715628,99,35,38,30,49,3.741161346435547,67.0,68.5,8.37
1765486060.9727962,99,35,38,30,49,3.741161346435547,67.0,68.5,8.37
1765486061.1738122,99,10,14,16,19,3.7419586181640625,67.5,68.5,7.924
1765486061.3748384,99,10,14,16,19,3.7419586181640625,67.5,68.5,7.924
1765486061.5759742,99,27,54,20,28,3.74127197265625,67.0,68.0,7.924
1765486061.776912,99,27,54,20,28,3.74127197265625,67.0,68.0,7.924
1765486061.9778888,99,27,54,20,28,3.74127197265625,67.0,68.0,7.924
1765486062.1789494,98,20,24,26,12,3.7417755126953125,67.0,67.5,7.317
1765486062.3800976,98,20,24,26,12,3.7417755126953125,67.0,67.5,7.317
1765486062.581119,99,34,35,28,36,3.7433319091796875,67.0,68.5,8.265
1765486062.7820082,99,34,35,28,36,3.7433319091796875,67.0,68.5,8.265
1765486062.9828756,99,34,35,28,36,3.7433319091796875,67.0,68.5,8.265
1765486063.183852,99,12,18,16,12,3.743549346923828,67.0,68.0,7.621
1765486063.3851376,99,12,18,16,12,3.743549346923828,67.0,68.0,7.621
1765486063.5915642,99,50,50,39,28,3.7416152954101562,67.0,69.0,8.591
1765486063.7926369,99,50,50,39,28,3.7416152954101562,67.0,69.0,8.591
1765486063.9936798,99,50,50,39,28,3.7416152954101562,67.0,69.0,8.591
1765486064.1948302,99,42,46,25,18,3.7376785278320312,67.0,68.5,7.818
1765486064.3959973,99,42,46,25,18,3.7376785278320312,67.0,68.5,7.818
1765486064.6013834,99,26,37,26,38,3.7379188537597656,67.0,68.5,8.448
1765486064.8024511,99,26,37,26,38,3.7379188537597656,67.0,68.5,8.448
1765486065.003666,99,26,37,26,38,3.7379188537597656,67.0,68.5,8.448
1765486065.204728,99,14,20,19,19,3.7374534606933594,67.0,68.0,7.7
1765486065.405681,99,14,20,19,19,3.7374534606933594,67.0,68.0,7.7
1765486065.6065917,99,14,20,19,19,3.7374534606933594,67.0,68.0,7.7
1765486065.807528,99,38,40,45,27,3.738658905029297,67.0,68.5,8.304
1765486066.0086334,99,38,40,45,27,3.738658905029297,67.0,68.5,8.304
1765486066.2095654,99,28,23,30,22,3.7384490966796875,67.5,68.0,8.003
1765486066.410517,99,28,23,30,22,3.7384490966796875,67.5,68.0,8.003
1765486066.6115437,99,28,23,30,22,3.7384490966796875,67.5,68.0,8.003
1765486066.8125145,99,28,22,27,33,3.7390289306640625,67.0,69.0,8.409
1765486067.013419,99,28,22,27,33,3.7390289306640625,67.0,69.0,8.409
1765486067.2146332,99,28,19,26,19,3.739215850830078,67.0,68.0,7.581
1765486067.4157512,99,28,19,26,19,3.739215850830078,67.0,68.0,7.581
1765486067.616821,99,28,19,26,19,3.739215850830078,67.0,68.0,7.581
1765486067.8179307,99,22,25,29,46,3.7385482788085938,66.5,68.0,7.328
1765486068.0189686,99,22,25,29,46,3.7385482788085938,66.5,68.0,7.328
1765486068.2199037,99,19,18,20,42,3.7394943237304688,67.0,68.5,8.787
1765486068.420894,99,19,18,20,42,3.7394943237304688,67.0,68.5,8.787
1765486068.6218438,99,19,18,20,42,3.7394943237304688,67.0,68.5,8.787
1765486068.8228774,99,14,21,15,31,3.7397003173828125,66.5,68.0,7.21
1765486069.0237446,99,14,21,15,31,3.7397003173828125,66.5,68.0,7.21
1765486069.224615,99,20,38,25,26,3.7398643493652344,67.0,68.5,7.66
1765486069.42559,99,20,38,25,26,3.7398643493652344,67.0,68.5,7.66
1765486069.6266305,99,20,38,25,26,3.7398643493652344,67.0,68.5,7.66
1765486069.827648,99,30,37,32,26,3.739696502685547,67.0,68.5,7.66
1765486070.0284588,99,30,37,32,26,3.739696502685547,67.0,68.5,7.66
1765486070.229555,99,15,38,20,12,3.740886688232422,67.5,69.5,8.448
1765486070.4311128,99,15,38,20,12,3.740886688232422,67.5,69.5,8.448
1765486070.632481,99,15,38,20,12,3.740886688232422,67.5,69.5,8.448
1765486070.8336334,99,30,18,26,27,3.7402725219726562,67.0,68.0,7.249
1765486071.0348208,99,30,18,26,27,3.7402725219726562,67.0,68.0,7.249
1765486071.2358563,99,26,17,38,22,3.740345001220703,67.5,68.5,7.7
1765486071.4368534,99,26,17,38,22,3.740345001220703,67.5,68.5,7.7
1765486071.6378798,99,26,17,38,22,3.740345001220703,67.5,68.5,7.7
1765486071.838842,99,25,34,30,25,3.7411460876464844,67.0,69.0,7.621
1765486072.039693,99,25,34,30,25,3.7411460876464844,67.0,69.0,7.621
1765486072.2405472,99,14,11,42,6,3.7412338256835938,67.0,68.0,8.003
1765486072.44152,99,14,11,42,6,3.7412338256835938,67.0,68.0,8.003
1765486072.6424098,99,14,11,42,6,3.7412338256835938,67.0,68.0,8.003
1765486072.8434753,99,25,24,28,30,3.74151611328125,66.5,69.0,6.864
1765486073.0445497,99,25,24,28,30,3.74151611328125,66.5,69.0,6.864
1765486073.2455635,99,16,19,54,22,3.741718292236328,67.0,68.5,8.003
1765486073.4465125,99,16,19,54,22,3.741718292236328,67.0,68.5,8.003
1765486073.647517,99,16,19,54,22,3.741718292236328,67.0,68.5,8.003
1765486073.8486576,2,25,21,32,20,3.7427139282226562,67.0,68.5,6.448
1765486074.0495732,2,25,21,32,20,3.7427139282226562,67.0,68.5,6.448
1765486074.2505622,99,22,46,10,18,3.7403221130371094,67.5,68.0,7.182
1765486074.451757,99,22,46,10,18,3.7403221130371094,67.5,68.0,7.182
1765486074.65261,99,22,46,10,18,3.7403221130371094,67.5,68.0,7.182
1765486074.8537197,0,16,25,23,24,3.742839813232422,67.0,67.5,5.408
1765486075.0552075,0,16,25,23,24,3.742839813232422,67.0,67.5,5.408
1765486075.2562222,99,29,24,29,67,3.7435760498046875,67.5,68.5,7.779
1765486075.457134,99,29,24,29,67,3.7435760498046875,67.5,68.5,7.779
1765486075.6579983,99,29,24,29,67,3.7435760498046875,67.5,68.5,7.779
1765486075.8589382,99,18,12,20,11,3.7437362670898438,66.5,68.5,6.944
1765486076.0601392,99,18,12,20,11,3.7437362670898438,66.5,68.5,6.944
1765486076.2610278,99,18,12,20,11,3.7437362670898438,66.5,68.5,6.944
1765486076.4620862,99,57,28,22,28,3.7436904907226562,67.5,68.0,7.435
1765486076.6631904,99,57,28,22,28,3.7436904907226562,67.5,68.0,7.435
1765486076.8644724,32,19,24,17,20,3.743671417236328,66.0,68.0,5.99
1765486077.0730608,32,19,24,17,20,3.743671417236328,66.0,68.0,5.99
1765486077.2740738,32,19,24,17,20,3.743671417236328,66.0,68.0,5.99
1765486077.4751377,99,24,68,27,24,3.7443695068359375,67.5,68.5,7.7
1765486077.6761887,99,24,68,27,24,3.7443695068359375,67.5,68.5,7.7
1765486077.877585,26,12,10,11,10,3.7440757751464844,66.5,68.0,5.76
1765486078.078683,26,12,10,11,10,3.7440757751464844,66.5,68.0,5.76
1765486078.2798529,26,12,10,11,10,3.7440757751464844,66.5,68.0,5.76
1765486078.4810946,99,32,60,30,36,3.7449913024902344,67.0,68.5,7.091
1765486078.6820486,99,32,60,30,36,3.7449913024902344,67.0,68.5,7.091
1765486078.8828907,28,25,15,20,17,3.7447242736816406,67.0,68.0,5.368
1765486079.084261,28,25,15,20,17,3.7447242736816406,67.0,68.0,5.368
1765486079.285253,28,25,15,20,17,3.7447242736816406,67.0,68.0,5.368
1765486079.486496,99,30,30,30,70,3.7472686767578125,67.5,68.5,8.121
1765486079.6875126,99,30,30,30,70,3.7472686767578125,67.5,68.5,8.121
1765486079.8884733,99,10,7,12,13,3.74676513671875,67.0,68.5,5.88
1765486080.0917025,99,10,7,12,13,3.74676513671875,67.0,68.5,5.88
1765486080.292613,99,10,7,12,13,3.74676513671875,67.0,68.5,5.88
1765486080.4936283,99,34,34,30,70,3.7484169006347656,67.5,68.5,7.554
1765486080.694767,99,34,34,30,70,3.7484169006347656,67.5,68.5,7.554
1765486080.8956811,99,25,12,22,16,3.748729705810547,67.0,68.0,7.13
1765486081.0967734,99,25,12,22,16,3.748729705810547,67.0,68.0,7.13
1765486081.2979226,99,25,12,22,16,3.748729705810547,67.0,68.0,7.13
1765486081.4989,99,29,60,25,18,3.7497940063476562,68.0,69.0,8.527
1765486081.699884,99,29,60,25,18,3.7497940063476562,68.0,69.0,8.527
1765486081.900821,99,22,19,8,12,3.7490386962890625,67.0,68.5,7.182
1765486082.1018183,99,22,19,8,12,3.7490386962890625,67.0,68.5,7.182
1765486082.3028631,99,22,19,8,12,3.7490386962890625,67.0,68.5,7.182
1765486082.5040522,99,58,46,36,49,3.7493896484375,67.5,68.5,8.042
1765486082.705139,99,58,46,36,49,3.7493896484375,67.5,68.5,8.042
1765486082.9061,99,24,23,29,24,3.7497901916503906,67.5,68.5,7.884
1765486083.1072063,99,24,23,29,24,3.7497901916503906,67.5,68.5,7.884
1765486083.3083565,99,24,23,29,24,3.7497901916503906,67.5,68.5,7.884
1765486083.5094912,99,18,54,22,22,3.749713897705078,67.5,69.0,8.108
1765486083.7105844,99,18,54,22,22,3.749713897705078,67.5,69.0,8.108
1765486083.9115324,99,16,14,18,16,3.7501869201660156,67.0,68.5,7.21
1765486084.1171637,99,16,14,18,16,3.7501869201660156,67.0,68.5,7.21
1765486084.3181007,99,16,14,18,16,3.7501869201660156,67.0,68.5,7.21
1765486084.519047,99,33,37,41,62,3.7501983642578125,67.5,68.5,8.16
1765486084.7201986,99,33,37,41,62,3.7501983642578125,67.5,68.5,8.16
1765486084.9212108,99,8,18,18,15,3.751697540283203,67.5,68.5,8.487
1765486085.1284974,99,8,18,18,15,3.751697540283203,67.5,68.5,8.487
1765486085.329435,99,8,18,18,15,3.751697540283203,67.5,68.5,8.487
1765486085.5305963,98,15,60,30,19,3.7512435913085938,67.5,68.5,8.16
1765486085.7317774,98,15,60,30,19,3.7512435913085938,67.5,68.5,8.16
1765486085.9328787,99,20,19,16,22,3.7521324157714844,67.5,68.0,7.633
1765486086.1337948,99,20,19,16,22,3.7521324157714844,67.5,68.0,7.633
1765486086.3349304,99,20,19,16,22,3.7521324157714844,67.5,68.0,7.633
1765486086.5358949,99,36,34,48,35,3.7519989013671875,67.5,69.0,8.645
1765486086.7370825,99,36,34,48,35,3.7519989013671875,67.5,69.0,8.645
1765486086.938159,99,36,34,48,35,3.7519989013671875,67.5,69.0,8.645
1765486087.1393,99,17,11,13,6,3.752826690673828,67.5,68.5,7.475
1765486087.3403401,99,17,11,13,6,3.752826690673828,67.5,68.5,7.475
1765486087.5414062,99,56,22,15,27,3.753021240234375,67.5,68.5,7.739
1765486087.742192,99,56,22,15,27,3.753021240234375,67.5,68.5,7.739
1765486087.9431906,99,56,22,15,27,3.753021240234375,67.5,68.5,7.739
1765486088.1441221,99,28,20,22,16,3.7537574768066406,67.5,68.5,8.042
1765486088.345626,99,28,20,22,16,3.7537574768066406,67.5,68.5,8.042
1765486088.5467331,99,29,28,23,34,3.754840850830078,67.5,68.5,8.186
1765486088.7478974,99,29,28,23,34,3.754840850830078,67.5,68.5,8.186
1765486088.948901,99,29,28,23,34,3.754840850830078,67.5,68.5,8.186
1765486089.1503544,98,29,15,17,12,3.7540321350097656,67.5,68.5,7.593
1765486089.3518643,98,29,15,17,12,3.7540321350097656,67.5,68.5,7.593
1765486089.5550177,99,30,28,31,41,3.7547035217285156,67.5,68.5,7.937
1765486089.7565272,99,30,28,31,41,3.7547035217285156,67.5,68.5,7.937
1765486089.9577045,99,30,28,31,41,3.7547035217285156,67.5,68.5,7.937
1765486090.1587799,99,26,29,18,39,3.752635955810547,68.0,68.5,8.042
1765486090.3601034,99,26,29,18,39,3.752635955810547,68.0,68.5,8.042
1765486090.5613189,99,30,30,37,25,3.7528533935546875,67.5,69.0,8.265
1765486090.7622995,99,30,30,37,25,3.7528533935546875,67.5,69.0,8.265
1765486090.9633613,99,30,30,37,25,3.7528533935546875,67.5,69.0,8.265
1765486091.1645412,99,30,16,16,14,3.752391815185547,67.5,68.5,7.712
1765486091.3657522,99,30,16,16,14,3.752391815185547,67.5,68.5,7.712
1765486091.5670154,99,35,34,32,29,3.7523880004882812,67.0,68.5,7.739
1765486091.76816,99,35,34,32,29,3.7523880004882812,67.0,68.5,7.739
1765486091.969227,99,35,34,32,29,3.7523880004882812,67.0,68.5,7.739
1765486092.1703014,99,22,21,42,19,3.7527427673339844,67.5,68.5,8.265
1765486092.3714054,99,22,21,42,19,3.7527427673339844,67.5,68.5,8.265
1765486092.5732787,99,25,21,30,18,3.754077911376953,67.0,69.0,7.963
1765486092.7743073,99,25,21,30,18,3.754077911376953,67.0,69.0,7.963
1765486092.975231,99,25,21,30,18,3.754077911376953,67.0,69.0,7.963
1765486093.1774375,99,21,22,26,28,3.7541542053222656,67.5,68.0,8.042
1765486093.3784423,99,21,22,26,28,3.7541542053222656,67.5,68.0,8.042
1765486093.5793335,99,26,40,33,30,3.754192352294922,67.0,68.5,7.779
1765486093.7802656,99,26,40,33,30,3.754192352294922,67.0,68.5,7.779
1765486093.981244,99,26,40,33,30,3.754192352294922,67.0,68.5,7.779
1765486094.1823285,99,18,26,36,19,3.755176544189453,67.5,68.5,8.645
1765486094.3835087,99,18,26,36,19,3.755176544189453,67.5,68.5,8.645
1765486094.5845704,99,31,18,25,19,3.7548294067382812,67.0,68.5,7.475
1765486094.7854629,99,31,18,25,19,3.7548294067382812,67.0,68.5,7.475
1765486094.9864562,99,31,18,25,19,3.7548294067382812,67.0,68.5,7.475
1765486095.1875658,99,30,23,39,19,3.7547569274902344,67.5,68.5,7.739
1765486095.388586,99,30,23,39,19,3.7547569274902344,67.5,68.5,7.739
1765486095.5897634,99,35,35,26,30,3.7555999755859375,67.0,68.5,7.063
1765486095.7908473,99,35,35,26,30,3.7555999755859375,67.0,68.5,7.063
1765486095.9926205,99,35,35,26,30,3.7555999755859375,67.0,68.5,7.063
1765486096.193602,99,26,40,16,15,3.755939483642578,67.5,69.0,8.605
1765486096.3944755,99,26,40,16,15,3.755939483642578,67.5,69.0,8.605
1765486096.5956259,99,19,23,32,26,3.7556304931640625,67.5,68.5,7.593
1765486096.7966967,99,19,23,32,26,3.7556304931640625,67.5,68.5,7.593
1765486096.9976327,99,19,23,32,26,3.7556304931640625,67.5,68.5,7.593
1765486097.1988888,99,30,24,44,18,3.7553482055664062,68.0,69.0,7.593
1765486097.400075,99,30,24,44,18,3.7553482055664062,68.0,69.0,7.593
1765486097.601081,99,30,24,44,18,3.7553482055664062,68.0,69.0,7.593
1765486097.8022673,99,25,31,25,30,3.7558326721191406,67.0,69.0,7.475
1765486098.003356,99,25,31,25,30,3.7558326721191406,67.0,69.0,7.475
1765486098.2051132,99,9,10,10,38,3.755584716796875,67.5,69.0,7.779
1765486098.407273,99,9,10,10,38,3.755584716796875,67.5,69.0,7.779
1765486098.6085734,99,9,10,10,38,3.755584716796875,67.5,69.0,7.779
1765486098.8097098,99,29,30,24,33,3.755718231201172,67.0,69.0,7.514
1765486099.015597,99,29,30,24,33,3.755718231201172,67.0,69.0,7.514
1765486099.2165737,99,23,22,50,20,3.7559852600097656,68.0,68.5,7.673
1765486099.4175627,99,23,22,50,20,3.7559852600097656,68.0,68.5,7.673
1765486099.6188219,99,23,22,50,20,3.7559852600097656,68.0,68.5,7.673
1765486099.8198538,99,25,17,25,26,3.756458282470703,67.5,69.0,7.937
1765486100.0208638,99,25,17,25,26,3.756458282470703,67.5,69.0,7.937
1765486100.223265,99,17,14,16,35,3.7557716369628906,68.0,68.5,7.514
1765486100.4257164,99,17,14,16,35,3.7557716369628906,68.0,68.5,7.514
1765486100.6267216,99,17,14,16,35,3.7557716369628906,68.0,68.5,7.514
1765486100.827831,99,39,34,28,22,3.7558135986328125,67.5,69.0,7.514
1765486101.0289721,99,39,34,28,22,3.7558135986328125,67.5,69.0,7.514
1765486101.2300398,99,57,16,20,21,3.755859375,68.0,68.5,7.897
1765486101.4310768,99,57,16,20,21,3.755859375,68.0,68.5,7.897
1765486101.6323044,99,57,16,20,21,3.755859375,68.0,68.5,7.897
1765486101.8334732,99,19,25,20,23,3.756134033203125,67.5,69.0,7.779
1765486102.0345573,99,19,25,20,23,3.756134033203125,67.5,69.0,7.779
1765486102.2356327,99,29,25,18,39,3.755390167236328,68.0,69.0,7.554
1765486102.4366252,99,29,25,18,39,3.755390167236328,68.0,69.0,7.554
1765486102.6377075,99,29,25,18,39,3.755390167236328,68.0,69.0,7.554
1765486102.8389115,99,27,27,24,36,3.7557334899902344,67.5,69.5,7.633
1765486103.0400927,99,27,27,24,36,3.7557334899902344,67.5,69.5,7.633
1765486103.2411656,99,22,18,18,48,3.7560195922851562,68.0,68.5,7.897
1765486103.442284,99,22,18,18,48,3.7560195922851562,68.0,68.5,7.897
1765486103.643521,99,22,18,18,48,3.7560195922851562,68.0,68.5,7.897
1765486103.8445408,59,25,25,18,25,3.7563400268554688,66.5,68.5,6.676
1765486104.0454242,59,25,25,18,25,3.7563400268554688,66.5,68.5,6.676
1765486104.2469332,99,38,24,26,17,3.7557296752929688,68.0,68.5,7.593
1765486104.4481473,99,38,24,26,17,3.7557296752929688,68.0,68.5,7.593
1765486104.649191,99,38,24,26,17,3.7557296752929688,68.0,68.5,7.593
1765486104.8502233,86,27,26,26,21,3.7557907104492188,67.0,69.0,7.13
1765486105.0511613,86,27,26,26,21,3.7557907104492188,67.0,69.0,7.13
1765486105.2523131,86,27,26,26,21,3.7557907104492188,67.0,69.0,7.13
1765486105.4535775,99,58,24,26,18,3.7569313049316406,68.0,69.0,8.487
1765486105.6548855,99,58,24,26,18,3.7569313049316406,68.0,69.0,8.487
1765486105.856102,99,16,14,18,28,3.7562179565429688,67.0,68.5,7.435
1765486106.0571675,99,16,14,18,28,3.7562179565429688,67.0,68.5,7.435
1765486106.2583365,99,16,14,18,28,3.7562179565429688,67.0,68.5,7.435
1765486106.45954,99,27,32,26,38,3.756031036376953,68.0,68.5,7.673
1765486106.662628,99,27,32,26,38,3.756031036376953,68.0,68.5,7.673
1765486106.8636532,99,22,22,28,36,3.7562713623046875,67.0,69.0,7.475
1765486107.0645723,99,22,22,28,36,3.7562713623046875,67.0,69.0,7.475
1765486107.2659547,99,22,22,28,36,3.7562713623046875,67.0,69.0,7.475
1765486107.4671047,99,21,23,16,49,3.756683349609375,68.0,69.5,8.748
1765486107.6682346,99,21,23,16,49,3.756683349609375,68.0,69.5,8.748
1765486107.8694658,99,22,26,26,20,3.756072998046875,67.0,69.0,7.554
1765486108.0704777,99,22,26,26,20,3.756072998046875,67.0,69.0,7.554
1765486108.2716346,99,22,26,26,20,3.756072998046875,67.0,69.0,7.554
1765486108.4730098,99,47,18,20,30,3.755634307861328,67.5,68.5,7.752
1765486108.6740448,99,47,18,20,30,3.755634307861328,67.5,68.5,7.752
1765486108.8750718,99,27,33,23,26,3.7561492919921875,67.5,69.0,7.621
1765486109.0763044,99,27,33,23,26,3.7561492919921875,67.5,69.0,7.621
1765486109.2774208,99,27,33,23,26,3.7561492919921875,67.5,69.0,7.621
1765486109.4785662,99,8,43,17,10,3.7566680908203125,68.0,69.0,7.712
1765486109.6794674,99,8,43,17,10,3.7566680908203125,68.0,69.0,7.712
1765486109.8804836,99,24,33,26,26,3.7565040588378906,67.0,69.0,7.356
1765486110.0824695,99,24,33,26,26,3.7565040588378906,67.0,69.0,7.356
1765486110.283527,99,24,33,26,26,3.7565040588378906,67.0,69.0,7.356
1765486110.4849641,99,25,20,20,56,3.7563247680664062,68.0,69.0,7.937
1765486110.6859314,99,25,20,20,56,3.7563247680664062,68.0,69.0,7.937
1765486110.8871913,99,19,21,22,27,3.756580352783203,67.0,69.0,7.673
1765486111.088364,99,19,21,22,27,3.756580352783203,67.0,69.0,7.673
1765486111.2893035,99,19,21,22,27,3.756580352783203,67.0,69.0,7.673
1765486111.4902756,99,16,19,42,15,3.7561721801757812,68.0,69.0,7.7
1765486111.6911502,99,16,19,42,15,3.7561721801757812,68.0,69.0,7.7
1765486111.8926835,99,25,34,30,20,3.756023406982422,67.5,69.0,7.368
1765486112.0988503,99,25,34,30,20,3.756023406982422,67.5,69.0,7.368
1765486112.3000162,99,25,34,30,20,3.756023406982422,67.5,69.0,7.368
1765486112.5011134,99,27,54,25,32,3.7555503845214844,68.0,69.0,8.279
1765486112.7020092,99,27,54,25,32,3.7555503845214844,68.0,69.0,8.279
1765486112.9033246,99,16,14,20,25,3.7563209533691406,67.5,69.0,7.7
1765486113.1045685,99,16,14,20,25,3.7563209533691406,67.5,69.0,7.7
1765486113.3054523,99,16,14,20,25,3.7563209533691406,67.5,69.0,7.7
1765486113.506358,99,22,25,40,26,3.7563743591308594,68.0,69.0,7.739
1765486113.707288,99,22,25,40,26,3.7563743591308594,68.0,69.0,7.739
1765486113.9084597,99,22,25,40,26,3.7563743591308594,68.0,69.0,7.739
1765486114.1094224,99,34,22,24,20,3.7559852600097656,67.5,69.0,7.554
1765486114.3104188,99,34,22,24,20,3.7559852600097656,67.5,69.0,7.554
1765486114.5113602,99,51,12,26,20,3.755542755126953,67.5,69.0,8.2
1765486114.712298,99,51,12,26,20,3.755542755126953,67.5,69.0,8.2
1765486114.9138422,99,51,12,26,20,3.755542755126953,67.5,69.0,8.2
1765486115.1147711,99,19,28,16,15,3.7556915283203125,67.5,68.5,7.633
1765486115.3156304,99,19,28,16,15,3.7556915283203125,67.5,68.5,7.633
1765486115.5166342,99,20,34,30,17,3.755542755126953,67.5,68.5,7.514
1765486115.717807,99,20,34,30,17,3.755542755126953,67.5,68.5,7.514
1765486115.9188771,99,20,34,30,17,3.755542755126953,67.5,68.5,7.514
1765486116.119997,99,35,24,39,21,3.7561492919921875,67.5,69.0,7.7
1765486116.3210418,99,35,24,39,21,3.7561492919921875,67.5,69.0,7.7
1765486116.5220137,99,18,17,48,16,3.757354736328125,68.0,69.5,8.448
1765486116.7230835,99,18,17,48,16,3.757354736328125,68.0,69.5,8.448
1765486116.9248912,99,18,17,48,16,3.757354736328125,68.0,69.5,8.448
1765486117.1259801,99,23,27,24,22,3.756214141845703,67.5,69.0,7.937
1765486117.3270106,99,23,27,24,22,3.756214141845703,67.5,69.0,7.937
1765486117.5281816,99,26,38,20,24,3.7558860778808594,68.0,68.5,7.514
1765486117.7293863,99,26,38,20,24,3.7558860778808594,68.0,68.5,7.514
1765486117.9305277,99,26,38,20,24,3.7558860778808594,68.0,68.5,7.514
1765486118.1318698,68,26,26,23,31,3.755828857421875,67.0,69.5,5.8
1765486118.3330913,68,26,26,23,31,3.755828857421875,67.0,69.5,5.8
1765486118.5343168,99,18,13,51,17,3.7571144104003906,68.0,69.0,8.265
1765486118.7354522,99,18,13,51,17,3.7571144104003906,68.0,69.0,8.265
1765486118.9364645,99,18,13,51,17,3.7571144104003906,68.0,69.0,8.265
1765486119.1374176,0,22,14,12,16,3.7567138671875,66.5,68.0,5.056
1765486119.3383803,0,22,14,12,16,3.7567138671875,66.5,68.0,5.056
1765486119.539431,99,56,25,28,19,3.756755828857422,67.5,68.5,7.261
1765486119.7406502,99,56,25,28,19,3.756755828857422,67.5,68.5,7.261
1765486119.9416475,99,56,25,28,19,3.756755828857422,67.5,68.5,7.261
1765486120.1426485,99,25,22,21,27,3.756938934326172,67.5,69.0,7.475
1765486120.3437138,99,25,22,21,27,3.756938934326172,67.5,69.0,7.475
1765486120.5446675,99,20,17,30,46,3.7587547302246094,68.0,68.5,7.142
1765486120.7457774,99,20,17,30,46,3.7587547302246094,68.0,68.5,7.142
1765486120.946894,99,20,17,30,46,3.7587547302246094,68.0,68.5,7.142
1765486121.148141,68,25,10,24,12,3.758026123046875,67.5,68.5,5.408
1765486121.3491137,68,25,10,24,12,3.758026123046875,67.5,68.5,5.408
1765486121.5501175,99,31,38,47,45,3.7580032348632812,68.0,68.5,7.633
1765486121.751247,99,31,38,47,45,3.7580032348632812,68.0,68.5,7.633
1765486121.952512,99,31,38,47,45,3.7580032348632812,68.0,68.5,7.633
1765486122.1535976,91,10,8,16,17,3.7591590881347656,68.0,68.5,6.716
1765486122.3550174,91,10,8,16,17,3.7591590881347656,68.0,68.5,6.716
1765486122.5561264,99,26,32,20,70,3.7589073181152344,68.0,68.5,7.514
1765486122.7570817,99,26,32,20,70,3.7589073181152344,68.0,68.5,7.514
1765486122.9581156,99,26,32,20,70,3.7589073181152344,68.0,68.5,7.514
1765486123.1591127,94,21,12,24,18,3.7595291137695312,68.0,68.5,6.259
1765486123.3602521,94,21,12,24,18,3.7595291137695312,68.0,68.5,6.259
1765486123.561401,94,21,12,24,18,3.7595291137695312,68.0,68.5,6.259
1765486123.762629,99,38,60,52,48,3.749256134033203,68.5,69.0,8.016
1765486123.9637487,99,38,60,52,48,3.749256134033203,68.5,69.0,8.016
1765486124.1646829,99,11,11,13,6,3.749462127685547,68.0,68.5,7.21
1765486124.3656487,99,11,11,13,6,3.749462127685547,68.0,68.5,7.21
1765486124.5665047,99,11,11,13,6,3.749462127685547,68.0,68.5,7.21
1765486124.7676525,99,42,25,71,31,3.751758575439453,68.0,68.5,8.265
1765486124.9688013,99,42,25,71,31,3.751758575439453,68.0,68.5,8.265
1765486125.1700006,99,17,15,20,10,3.7530593872070312,67.5,68.5,6.994
1765486125.371442,99,17,15,20,10,3.7530593872070312,67.5,68.5,6.994
1765486125.5725174,99,17,15,20,10,3.7530593872070312,67.5,68.5,6.994
1765486125.7734036,99,29,28,62,37,3.7541656494140625,68.0,69.0,8.723
1765486125.9743927,99,29,28,62,37,3.7541656494140625,68.0,69.0,8.723
1765486126.1752706,99,12,10,16,16,3.753528594970703,67.5,68.5,7.249
1765486126.3763812,99,12,10,16,16,3.753528594970703,67.5,68.5,7.249
1765486126.5774493,99,12,10,16,16,3.753528594970703,67.5,68.5,7.249
1765486126.7783165,99,67,35,34,27,3.7536163330078125,68.0,69.0,8.2
1765486126.9791975,99,67,35,34,27,3.7536163330078125,68.0,69.0,8.2
1765486127.1800456,99,19,13,16,18,3.7540206909179688,68.0,68.5,7.487
1765486127.3811066,99,19,13,16,18,3.7540206909179688,68.0,68.5,7.487
1765486127.5821643,99,19,13,16,18,3.7540206909179688,68.0,68.5,7.487
1765486127.7834225,99,27,20,28,62,3.7546157836914062,68.0,69.5,8.866
1765486127.9845417,99,27,20,28,62,3.7546157836914062,68.0,69.5,8.866
1765486128.1857362,99,14,13,13,13,3.7541275024414062,68.0,68.5,7.858
1765486128.386977,99,14,13,13,13,3.7541275024414062,68.0,68.5,7.858
1765486128.5882094,99,14,13,13,13,3.7541275024414062,68.0,68.5,7.858
1765486128.789406,99,34,28,66,26,3.754314422607422,68.5,68.5,8.016
1765486128.990489,99,34,28,66,26,3.754314422607422,68.5,68.5,8.016
1765486129.1915433,99,14,19,19,22,3.7549400329589844,68.0,69.0,8.2
1765486129.3925142,99,14,19,19,22,3.7549400329589844,68.0,69.0,8.2
1765486129.5935767,99,14,19,19,22,3.7549400329589844,68.0,69.0,8.2
1765486129.7945416,99,18,67,25,18,3.754810333251953,67.5,69.0,8.527
1765486129.9954743,99,18,67,25,18,3.754810333251953,67.5,69.0,8.527
1765486130.1964018,99,18,14,17,12,3.7554283142089844,68.0,68.5,7.633
1765486130.3972623,99,18,14,17,12,3.7554283142089844,68.0,68.5,7.633
1765486130.5982833,99,18,14,17,12,3.7554283142089844,68.0,68.5,7.633
1765486130.7997444,99,32,38,27,56,3.7554664611816406,68.0,69.0,8.304
1765486131.0005858,99,32,38,27,56,3.7554664611816406,68.0,69.0,8.304
1765486131.2014842,99,21,18,19,23,3.756519317626953,68.0,69.0,8.226
1765486131.4024217,99,21,18,19,23,3.756519317626953,68.0,69.0,8.226
1765486131.6035862,99,21,18,19,23,3.756519317626953,68.0,69.0,8.226
1765486131.8045819,99,26,20,54,17,3.7557716369628906,68.0,69.5,8.147
1765486132.0059528,99,26,20,54,17,3.7557716369628906,68.0,69.5,8.147
1765486132.207151,99,16,20,16,20,3.7557334899902344,68.0,68.5,7.249
1765486132.4081511,99,16,20,16,20,3.7557334899902344,68.0,68.5,7.249
1765486132.609112,99,16,20,16,20,3.7557334899902344,68.0,68.5,7.249
1765486132.810024,99,34,43,36,42,3.7557029724121094,68.0,69.5,8.423
1765486133.0109239,99,34,43,36,42,3.7557029724121094,68.0,69.5,8.423
1765486133.212335,99,15,13,23,15,3.7565650939941406,68.0,69.0,7.858
1765486133.4137619,99,15,13,23,15,3.7565650939941406,68.0,69.0,7.858
1765486133.6149435,99,15,13,23,15,3.7565650939941406,68.0,69.0,7.858
1765486133.816007,99,25,61,20,28,3.7551116943359375,68.0,68.5,8.265
1765486134.016976,99,25,61,20,28,3.7551116943359375,68.0,68.5,8.265
1765486134.2182398,99,25,61,20,28,3.7551116943359375,68.0,68.5,8.265
1765486134.4195755,99,26,18,23,19,3.7554931640625,68.0,68.5,7.475
1765486134.62058,99,26,18,23,19,3.7554931640625,68.0,68.5,7.475
1765486134.8214731,99,29,22,42,49,3.755939483642578,68.0,69.5,8.566
1765486135.0241532,99,29,22,42,49,3.755939483642578,68.0,69.5,8.566
1765486135.2258985,99,29,22,42,49,3.755939483642578,68.0,69.5,8.566
1765486135.4270139,99,32,11,18,6,3.753589630126953,68.0,69.5,8.527
1765486135.6283398,99,32,11,18,6,3.753589630126953,68.0,69.5,8.527
1765486135.829246,98,47,81,31,38,3.748363494873047,68.0,69.0,8.2
1765486136.0302763,98,47,81,31,38,3.748363494873047,68.0,69.0,8.2
1765486136.2314286,98,47,81,31,38,3.748363494873047,68.0,69.0,8.2
1765486136.4326317,99,24,16,17,17,3.749309539794922,68.0,69.0,7.884
1765486136.6338599,99,24,16,17,17,3.749309539794922,68.0,69.0,7.884
1765486136.8347945,98,21,26,32,50,3.7508583068847656,68.0,69.5,8.605
1765486137.0358548,98,21,26,32,50,3.7508583068847656,68.0,69.5,8.605
1765486137.2370875,98,21,26,32,50,3.7508583068847656,68.0,69.5,8.605
1765486137.4380941,99,17,6,12,10,3.7498435974121094,68.0,68.5,7.633
1765486137.6390617,99,17,6,12,10,3.7498435974121094,68.0,68.5,7.633
1765486137.8406956,99,28,29,64,30,3.7496337890625,68.0,70.0,8.081
1765486138.0417457,99,28,29,64,30,3.7496337890625,68.0,70.0,8.081
1765486138.2427654,99,28,29,64,30,3.7496337890625,68.0,70.0,8.081
1765486138.4436634,99,24,18,16,18,3.7498931884765625,68.0,69.0,7.7
1765486138.6447682,99,24,18,16,18,3.7498931884765625,68.0,69.0,7.7
1765486138.845848,99,22,25,54,20,3.7504119873046875,68.0,70.0,8.605
1765486139.0469303,99,22,25,54,20,3.7504119873046875,68.0,70.0,8.605
1765486139.2480047,99,22,25,54,20,3.7504119873046875,68.0,70.0,8.605
1765486139.4491167,99,21,17,17,15,3.7502479553222656,68.0,69.0,7.435
1765486139.6504347,99,21,17,17,15,3.7502479553222656,68.0,69.0,7.435
1765486139.851463,99,33,60,26,38,3.7501869201660156,68.0,69.0,8.265
1765486140.0524616,99,33,60,26,38,3.7501869201660156,68.0,69.0,8.265
1765486140.2535706,99,33,60,26,38,3.7501869201660156,68.0,69.0,8.265
1765486140.4544497,99,26,18,18,25,3.7502479553222656,67.5,69.5,8.265
1765486140.6555955,99,26,18,18,25,3.7502479553222656,67.5,69.5,8.265
1765486140.856601,99,25,24,19,48,3.7503662109375,68.0,69.0,8.383
1765486141.0574625,99,25,24,19,48,3.7503662109375,68.0,69.0,8.383
1765486141.2583396,99,25,24,19,48,3.7503662109375,68.0,69.0,8.383
1765486141.4592657,99,22,18,16,18,3.7506027221679688,68.0,68.5,7.142
1765486141.6603894,99,22,18,16,18,3.7506027221679688,68.0,68.5,7.142
1765486141.8614466,99,50,30,25,38,3.75018310546875,68.0,69.0,8.304
1765486142.0624504,99,50,30,25,38,3.75018310546875,68.0,69.0,8.304
1765486142.2636619,99,50,30,25,38,3.75018310546875,68.0,69.0,8.304
1765486142.464715,99,18,18,25,15,3.7512588500976562,68.0,69.5,8.265
1765486142.6659007,99,18,18,25,15,3.7512588500976562,68.0,69.5,8.265
1765486142.866927,99,24,30,24,64,3.750133514404297,68.0,69.0,8.121
1765486143.0680583,99,24,30,24,64,3.750133514404297,68.0,69.0,8.121
1765486143.269176,99,24,30,24,64,3.750133514404297,68.0,69.0,8.121
1765486143.4701538,99,20,16,27,18,3.7505531311035156,68.0,69.0,7.289
1765486143.6713142,99,20,16,27,18,3.7505531311035156,68.0,69.0,7.289
1765486143.8723092,99,29,41,38,35,3.7513275146484375,68.0,69.5,8.605
1765486144.0732703,99,29,41,38,35,3.7513275146484375,68.0,69.5,8.605
1765486144.2743561,99,29,41,38,35,3.7513275146484375,68.0,69.5,8.605
1765486144.4754062,98,13,13,18,12,3.75042724609375,68.0,69.0,7.673
1765486144.676414,98,13,13,18,12,3.75042724609375,68.0,69.0,7.673
1765486144.8775086,99,26,61,25,34,3.7505035400390625,68.0,69.0,8.121
1765486145.078432,99,26,61,25,34,3.7505035400390625,68.0,69.0,8.121
1765486145.2794867,99,26,61,25,34,3.7505035400390625,68.0,69.0,8.121
1765486145.4807425,98,24,28,20,20,3.7505416870117188,68.0,69.0,7.779
1765486145.6823535,98,24,28,20,20,3.7505416870117188,68.0,69.0,7.779
1765486145.8834116,98,24,28,20,20,3.7505416870117188,68.0,69.0,7.779
1765486146.0846558,99,53,31,46,30,3.7497291564941406,68.0,69.5,8.487
1765486146.2858756,99,53,31,46,30,3.7497291564941406,68.0,69.5,8.487
1765486146.4869964,99,22,19,16,14,3.749134063720703,68.0,68.5,7.328
1765486146.6880767,99,22,19,16,14,3.749134063720703,68.0,68.5,7.328
1765486146.8943148,99,22,19,16,14,3.749134063720703,68.0,68.5,7.328
1765486147.0953767,99,34,27,52,32,3.74969482421875,68.0,69.5,7.897
1765486147.2964454,99,34,27,52,32,3.74969482421875,68.0,69.5,7.897
1765486147.4974856,99,21,27,28,17,3.7501487731933594,68.0,69.0,8.003
1765486147.6985753,99,21,27,28,17,3.7501487731933594,68.0,69.0,8.003
1765486147.8996623,99,21,27,28,17,3.7501487731933594,68.0,69.0,8.003
1765486148.100622,99,44,18,15,25,3.7504920959472656,68.0,69.0,8.344
1765486148.3016815,99,44,18,15,25,3.7504920959472656,68.0,69.0,8.344
1765486148.5028322,99,22,18,18,12,3.749713897705078,68.5,69.0,7.897
1765486148.7040622,99,22,18,18,12,3.749713897705078,68.5,69.0,7.897
1765486148.9052615,99,22,18,18,12,3.749713897705078,68.5,69.0,7.897
1765486149.1063015,99,50,30,24,28,3.7495079040527344,68.0,69.0,7.976
1765486149.3074229,99,50,30,24,28,3.7495079040527344,68.0,69.0,7.976
1765486149.5086262,99,16,16,32,19,3.7499237060546875,68.0,69.0,8.383
1765486149.7095652,99,16,16,32,19,3.7499237060546875,68.0,69.0,8.383
1765486149.9107203,99,16,16,32,19,3.7499237060546875,68.0,69.0,8.383
1765486150.1116626,99,44,16,22,10,3.7509841918945312,68.0,69.0,7.976
1765486150.3126702,99,44,16,22,10,3.7509841918945312,68.0,69.0,7.976
1765486150.5137613,99,30,20,24,22,3.7503013610839844,68.0,69.0,7.514
1765486150.714696,99,30,20,24,22,3.7503013610839844,68.0,69.0,7.514
1765486150.9158618,99,30,20,24,22,3.7503013610839844,68.0,69.0,7.514
1765486151.1170259,99,25,51,31,32,3.7502708435058594,68.0,69.0,7.818
1765486151.318274,99,25,51,31,32,3.7502708435058594,68.0,69.0,7.818
1765486151.5192492,98,14,37,20,19,3.750682830810547,68.5,69.5,8.383
1765486151.7202275,98,14,37,20,19,3.750682830810547,68.5,69.5,8.383
1765486151.9213283,98,14,37,20,19,3.750682830810547,68.5,69.5,8.383
1765486152.1224577,99,16,36,21,24,3.7507400512695312,68.0,69.0,7.818
1765486152.3233457,99,16,36,21,24,3.7507400512695312,68.0,69.0,7.818
1765486152.5244672,99,23,36,24,16,3.7515869140625,68.0,69.0,7.633
1765486152.7253933,99,23,36,24,16,3.7515869140625,68.0,69.0,7.633
1765486152.9269307,99,23,36,24,16,3.7515869140625,68.0,69.0,7.633
1765486153.1283956,99,28,28,34,38,3.7522659301757812,68.0,69.5,7.976
1765486153.3294241,99,28,28,34,38,3.7522659301757812,68.0,69.5,7.976
1765486153.5305667,99,15,14,15,38,3.7528114318847656,68.5,69.0,8.344
1765486153.73179,99,15,14,15,38,3.7528114318847656,68.5,69.0,8.344
1765486153.9340289,99,15,14,15,38,3.7528114318847656,68.5,69.0,8.344
1765486154.135335,99,36,26,32,22,3.7532424926757812,67.5,69.0,7.554
1765486154.3364413,99,36,26,32,22,3.7532424926757812,67.5,69.0,7.554
1765486154.53753,99,50,20,22,12,3.752338409423828,68.5,69.0,7.937
1765486154.7386007,99,50,20,22,12,3.752338409423828,68.5,69.0,7.937
1765486154.939667,99,50,20,22,12,3.752338409423828,68.5,69.0,7.937
1765486155.1407695,99,29,30,32,21,3.754169464111328,68.0,70.0,8.081
1765486155.3417633,99,29,30,32,21,3.754169464111328,68.0,70.0,8.081
1765486155.5429232,99,16,13,16,36,3.7535133361816406,68.0,69.0,7.818
1765486155.7440276,99,16,13,16,36,3.7535133361816406,68.0,69.0,7.818
1765486155.9469228,99,16,13,16,36,3.7535133361816406,68.0,69.0,7.818
1765486156.1481366,99,38,37,29,36,3.753917694091797,68.0,69.0,7.897
1765486156.3494494,99,38,37,29,36,3.753917694091797,68.0,69.0,7.897
1765486156.5503833,99,21,16,43,22,3.7530288696289062,68.0,69.5,7.858
1765486156.7514539,99,21,16,43,22,3.7530288696289062,68.0,69.5,7.858
1765486156.952506,99,21,16,43,22,3.7530288696289062,68.0,69.5,7.858
1765486157.1534858,99,23,22,31,18,3.75384521484375,68.0,69.5,7.937
1765486157.354501,99,23,22,31,18,3.75384521484375,68.0,69.5,7.937
1765486157.5555058,99,23,22,31,18,3.75384521484375,68.0,69.5,7.937
1765486157.7567527,99,20,38,21,14,3.753711700439453,68.5,69.0,7.475
1765486157.9576988,99,20,38,21,14,3.753711700439453,68.5,69.0,7.475
1765486158.1586382,99,28,34,28,31,3.7538604736328125,68.0,70.0,7.7
1765486158.3597896,99,28,34,28,31,3.7538604736328125,68.0,70.0,7.7
1765486158.560895,99,28,34,28,31,3.7538604736328125,68.0,70.0,7.7
1765486158.7620249,98,25,23,48,15,3.754150390625,68.5,69.5,7.858
1765486158.962998,98,25,23,48,15,3.754150390625,68.5,69.5,7.858
1765486159.1642482,99,18,16,20,24,3.754222869873047,68.0,70.0,7.818
1765486159.3652594,99,18,16,20,24,3.754222869873047,68.0,70.0,7.818
1765486159.5663931,99,18,16,20,24,3.754222869873047,68.0,70.0,7.818
1765486159.7674787,99,19,18,34,28,3.754291534423828,68.5,69.5,7.514
1765486159.968621,99,19,18,34,28,3.754291534423828,68.5,69.5,7.514
1765486160.169536,99,32,29,35,32,3.7540969848632812,68.0,70.0,7.66
1765486160.3704515,99,32,29,35,32,3.7540969848632812,68.0,70.0,7.66
1765486160.5715172,99,32,29,35,32,3.7540969848632812,68.0,70.0,7.66
1765486160.7726924,99,50,16,14,12,3.7542343139648438,68.5,69.5,8.344
1765486160.9737368,99,50,16,14,12,3.7542343139648438,68.5,69.5,8.344
1765486161.174871,99,36,18,15,15,3.7530670166015625,67.5,69.5,7.818
1765486161.375804,99,36,18,15,15,3.7530670166015625,67.5,69.5,7.818
1765486161.5767639,99,36,18,15,15,3.7530670166015625,67.5,69.5,7.818
1765486161.777969,99,23,22,30,40,3.7537269592285156,68.5,69.0,7.673
1765486161.979028,99,23,22,30,40,3.7537269592285156,68.5,69.0,7.673
1765486162.1802037,99,26,32,31,30,3.7534828186035156,68.0,69.5,8.081
1765486162.3812387,99,26,32,31,30,3.7534828186035156,68.0,69.5,8.081
1765486162.5823567,99,26,32,31,30,3.7534828186035156,68.0,69.5,8.081
1765486162.7834973,99,14,45,12,16,3.754047393798828,68.5,69.5,8.2
1765486162.9848957,99,14,45,12,16,3.754047393798828,68.5,69.5,8.2
1765486163.1860554,99,25,30,22,27,3.7533187866210938,68.0,70.0,7.779
1765486163.3870206,99,25,30,22,27,3.7533187866210938,68.0,70.0,7.779
1765486163.5882044,99,25,30,22,27,3.7533187866210938,68.0,70.0,7.779
1765486163.789309,99,18,29,46,17,3.7536048889160156,68.0,69.5,7.818
1765486163.990334,99,18,29,46,17,3.7536048889160156,68.0,69.5,7.818
1765486164.1912997,99,24,32,27,25,3.7536239624023438,68.0,70.5,8.003
1765486164.392301,99,24,32,27,25,3.7536239624023438,68.0,70.5,8.003
1765486164.5933166,99,24,32,27,25,3.7536239624023438,68.0,70.5,8.003
1765486164.7946181,99,13,13,12,39,3.7536888122558594,68.0,69.5,7.554
1765486164.9956412,99,13,13,12,39,3.7536888122558594,68.0,69.5,7.554
1765486165.1968899,99,26,31,30,27,3.7535247802734375,67.5,69.5,7.514
1765486165.397966,99,26,31,30,27,3.7535247802734375,67.5,69.5,7.514
1765486165.598862,99,26,31,30,27,3.7535247802734375,67.5,69.5,7.514
1765486165.7999046,99,21,52,20,25,3.7540855407714844,68.5,69.5,7.739
1765486166.0008204,99,21,52,20,25,3.7540855407714844,68.5,69.5,7.739
1765486166.201876,99,21,52,20,25,3.7540855407714844,68.5,69.5,7.739
1765486166.4029958,99,26,20,19,22,3.7540969848632812,67.0,70.5,7.396
1765486166.6038766,99,26,20,19,22,3.7540969848632812,67.0,70.5,7.396
1765486166.8049922,99,20,38,15,23,3.7532958984375,68.5,69.5,7.897
1765486167.0060062,99,20,38,15,23,3.7532958984375,68.5,69.5,7.897
1765486167.207166,99,20,38,15,23,3.7532958984375,68.5,69.5,7.897
1765486167.408313,99,26,25,24,33,3.7534751892089844,68.0,69.5,7.514
1765486167.6094954,99,26,25,24,33,3.7534751892089844,68.0,69.5,7.514
1765486167.8106246,99,22,52,22,18,3.7535324096679688,68.0,69.5,7.897
1765486168.0117168,99,22,52,22,18,3.7535324096679688,68.0,69.5,7.897
1765486168.2151442,99,22,52,22,18,3.7535324096679688,68.0,69.5,7.897
1765486168.4165306,80,20,19,23,22,3.7541275024414062,68.5,70.0,7.396
1765486168.6176264,80,20,19,23,22,3.7541275024414062,68.5,70.0,7.396
1765486168.8186305,99,44,26,19,21,3.752948760986328,68.0,69.5,7.897
1765486169.0197241,99,44,26,19,21,3.752948760986328,68.0,69.5,7.897
1765486169.2207174,99,44,26,19,21,3.752948760986328,68.0,69.5,7.897
1765486169.4217956,99,30,33,26,27,3.7541770935058594,68.0,70.0,7.633
1765486169.623022,99,30,33,26,27,3.7541770935058594,68.0,70.0,7.633
1765486169.824045,99,21,42,18,37,3.7537193298339844,68.5,69.5,8.304
1765486170.0250676,99,21,42,18,37,3.7537193298339844,68.5,69.5,8.304
1765486170.2263894,99,21,42,18,37,3.7537193298339844,68.5,69.5,8.304
1765486170.4274006,99,23,12,14,26,3.7536888122558594,68.0,69.5,7.673
1765486170.6284165,99,23,12,14,26,3.7536888122558594,68.0,69.5,7.673
1765486170.8296392,99,20,20,29,38,3.752948760986328,68.5,69.5,7.554
1765486171.0306907,99,20,20,29,38,3.752948760986328,68.5,69.5,7.554
1765486171.2316983,99,20,20,29,38,3.752948760986328,68.5,69.5,7.554
1765486171.4326377,99,29,28,19,34,3.7539405822753906,68.0,69.5,7.739
1765486171.6336725,99,29,28,19,34,3.7539405822753906,68.0,69.5,7.739
1765486171.8348303,99,14,47,19,16,3.7548446655273438,68.5,69.5,8.383
1765486172.0357819,99,14,47,19,16,3.7548446655273438,68.5,69.5,8.383
1765486172.2367446,99,14,47,19,16,3.7548446655273438,68.5,69.5,8.383
1765486172.437964,99,30,23,14,24,3.7542953491210938,68.0,70.0,7.673
1765486172.6389067,99,30,23,14,24,3.7542953491210938,68.0,70.0,7.673
1765486172.8398056,99,22,18,40,24,3.7532882690429688,68.0,69.5,7.581
1765486173.0407481,99,22,18,40,24,3.7532882690429688,68.0,69.5,7.581
1765486173.2416973,99,22,18,40,24,3.7532882690429688,68.0,69.5,7.581
1765486173.4430966,99,35,26,24,26,3.75372314453125,68.0,69.5,7.963
1765486173.6444511,99,35,26,24,26,3.75372314453125,68.0,69.5,7.963
1765486173.8455732,99,47,13,12,15,3.7537384033203125,68.5,69.0,8.081
1765486174.0466335,99,47,13,12,15,3.7537384033203125,68.5,69.0,8.081
1765486174.2475939,99,47,13,12,15,3.7537384033203125,68.5,69.0,8.081
1765486174.4485888,99,27,21,25,35,3.7535133361816406,68.0,70.0,7.818
1765486174.6495278,99,27,21,25,35,3.7535133361816406,68.0,70.0,7.818
1765486174.8506489,99,27,21,25,35,3.7535133361816406,68.0,70.0,7.818
1765486175.0517683,99,16,48,20,16,3.7540626525878906,68.5,69.5,7.739
1765486175.2528286,99,16,48,20,16,3.7540626525878906,68.5,69.5,7.739
1765486175.4537947,99,35,23,28,32,3.7535743713378906,67.5,70.0,8.003
1765486175.6546674,99,35,23,28,32,3.7535743713378906,67.5,70.0,8.003
1765486175.8557966,99,35,23,28,32,3.7535743713378906,67.5,70.0,8.003
1765486176.0570235,99,12,15,15,39,3.7532501220703125,68.5,69.5,7.66
1765486176.258013,99,12,15,15,39,3.7532501220703125,68.5,69.5,7.66
1765486176.4590967,99,34,30,36,22,3.7537841796875,67.5,70.5,7.779
1765486176.6600823,99,34,30,36,22,3.7537841796875,67.5,70.5,7.779
1765486176.8609884,99,34,30,36,22,3.7537841796875,67.5,70.5,7.779
1765486177.0621355,99,14,21,48,22,3.7539596557617188,68.5,69.5,7.554
1765486177.2631912,99,14,21,48,22,3.7539596557617188,68.5,69.5,7.554
1765486177.4644997,99,30,20,27,27,3.754322052001953,68.0,70.0,7.937
1765486177.6657152,99,30,20,27,27,3.754322052001953,68.0,70.0,7.937
1765486177.8668685,99,30,20,27,27,3.754322052001953,68.0,70.0,7.937
1765486178.0682304,99,21,41,20,15,3.7534446716308594,68.5,69.5,7.66
1765486178.2691746,99,21,41,20,15,3.7534446716308594,68.5,69.5,7.66
1765486178.4702783,99,34,27,24,25,3.7537994384765625,68.0,70.0,7.554
1765486178.6715274,99,34,27,24,25,3.7537994384765625,68.0,70.0,7.554
1765486178.8725417,99,34,27,24,25,3.7537994384765625,68.0,70.0,7.554
1765486179.073627,99,24,48,23,18,3.7544631958007812,68.5,69.5,7.712
1765486179.2745225,99,24,48,23,18,3.7544631958007812,68.5,69.5,7.712
1765486179.4757075,99,21,25,22,22,3.7539634704589844,68.0,69.5,7.858
1765486179.6767826,99,21,25,22,22,3.7539634704589844,68.0,69.5,7.858
1765486179.8781264,99,21,25,22,22,3.7539634704589844,68.0,69.5,7.858
1765486180.0791748,99,25,41,19,26,3.753917694091797,68.5,69.5,7.673
1765486180.2800438,99,25,41,19,26,3.753917694091797,68.5,69.5,7.673
1765486180.481138,99,31,28,27,40,3.7530860900878906,68.5,70.0,7.673
1765486180.6822963,99,31,28,27,40,3.7530860900878906,68.5,70.0,7.673
1765486180.88325,99,31,28,27,40,3.7530860900878906,68.5,70.0,7.673
1765486181.0846188,99,20,18,53,21,3.753326416015625,69.0,69.5,8.304
1765486181.2854602,99,20,18,53,21,3.753326416015625,69.0,69.5,8.304
1765486181.4873245,99,20,18,53,21,3.753326416015625,69.0,69.5,8.304
1765486181.68845,99,19,20,10,16,3.7537994384765625,67.5,70.5,7.435
1765486181.8893194,99,19,20,10,16,3.7537994384765625,67.5,70.5,7.435
1765486182.0904126,99,34,36,28,28,3.7535629272460938,68.5,69.0,7.7
1765486182.2915697,99,34,36,28,28,3.7535629272460938,68.5,69.0,7.7
1765486182.4926665,99,34,36,28,28,3.7535629272460938,68.5,69.0,7.7
1765486182.6937668,99,28,25,23,24,3.7536048889160156,68.0,69.0,7.673
1765486182.894679,99,28,25,23,24,3.7536048889160156,68.0,69.0,7.673
1765486183.09559,99,26,44,10,12,3.7542762756347656,68.5,69.5,8.462
1765486183.2965183,99,26,44,10,12,3.7542762756347656,68.5,69.5,8.462
1765486183.4975157,99,26,44,10,12,3.7542762756347656,68.5,69.5,8.462
1765486183.6986735,99,23,25,16,26,3.7541770935058594,68.0,70.5,7.633
1765486183.899676,99,23,25,16,26,3.7541770935058594,68.0,70.5,7.633
1765486184.1008048,99,22,21,29,46,3.7538223266601562,68.5,69.0,7.739
1765486184.3016298,99,22,21,29,46,3.7538223266601562,68.5,69.0,7.739
1765486184.5051498,99,22,21,29,46,3.7538223266601562,68.5,69.0,7.739
1765486184.7090507,99,28,30,31,23,3.7539825439453125,68.0,71.0,7.712
1765486184.910146,99,28,30,31,23,3.7539825439453125,68.0,71.0,7.712
1765486185.1112828,99,18,45,10,10,3.754558563232422,68.5,69.5,8.2
1765486185.3123038,99,18,45,10,10,3.754558563232422,68.5,69.5,8.2
1765486185.5208318,99,18,45,10,10,3.754558563232422,68.5,69.5,8.2
1765486185.7221384,16,19,16,38,22,3.7541465759277344,67.0,70.0,5.6
1765486185.9231844,16,19,16,38,22,3.7541465759277344,67.0,70.0,5.6
1765486186.1242585,99,26,28,54,26,3.7545013427734375,68.5,69.0,7.328
1765486186.3252747,99,26,28,54,26,3.7545013427734375,68.5,69.0,7.328
1765486186.5261986,99,26,28,54,26,3.7545013427734375,68.5,69.0,7.328
1765486186.7271454,0,26,20,21,28,3.755451202392578,67.5,69.5,6.19
1765486186.9282265,0,26,20,21,28,3.755451202392578,67.5,69.5,6.19
1765486187.1294234,99,19,48,20,13,3.7547454833984375,68.5,69.0,7.142
1765486187.3305187,99,19,48,20,13,3.7547454833984375,68.5,69.0,7.142
1765486187.531468,99,19,48,20,13,3.7547454833984375,68.5,69.0,7.142
1765486187.7349513,2,25,15,19,25,3.7556228637695312,67.5,69.0,5.608
1765486187.9358559,2,25,15,19,25,3.7556228637695312,67.5,69.0,5.608
1765486188.1369364,99,63,23,30,26,3.75579833984375,68.5,69.5,7.328
1765486188.3380296,99,63,23,30,26,3.75579833984375,68.5,69.5,7.328
1765486188.5390685,99,63,23,30,26,3.75579833984375,68.5,69.5,7.328
1765486188.7405071,99,16,14,17,21,3.7569236755371094,68.0,69.5,7.408
1765486188.9415288,99,16,14,17,21,3.7569236755371094,68.0,69.5,7.408
1765486189.1425066,99,58,22,22,26,3.756298065185547,68.5,69.5,7.593
1765486189.3435876,99,58,22,22,26,3.756298065185547,68.5,69.5,7.593
1765486189.5446525,99,58,22,22,26,3.756298065185547,68.5,69.5,7.593
1765486189.7457817,99,23,19,23,23,3.756214141845703,68.0,69.0,6.528
1765486189.946887,99,23,19,23,23,3.756214141845703,68.0,69.0,6.528
1765486190.1477985,99,27,20,30,63,3.757984161376953,68.5,69.5,7.447
1765486190.3488493,99,27,20,30,63,3.757984161376953,68.5,69.5,7.447
1765486190.5497253,99,27,20,30,63,3.757984161376953,68.5,69.5,7.447
1765486190.7507758,78,13,10,16,11,3.7583961486816406,68.0,69.0,5.6
1765486190.9518185,78,13,10,16,11,3.7583961486816406,68.0,69.0,5.6
1765486191.1529355,99,30,28,28,56,3.758068084716797,68.5,69.0,7.301
1765486191.353978,99,30,28,28,56,3.758068084716797,68.5,69.0,7.301
1765486191.554948,99,30,28,28,56,3.758068084716797,68.5,69.0,7.301
1765486191.7558963,99,18,17,18,20,3.7582740783691406,68.0,68.5,5.72
1765486191.9568255,99,18,17,18,20,3.7582740783691406,68.0,68.5,5.72
1765486192.1576765,99,29,32,31,74,3.7600936889648438,69.0,70.0,8.304
1765486192.3586144,99,29,32,31,74,3.7600936889648438,69.0,70.0,8.304
1765486192.559525,99,29,32,31,74,3.7600936889648438,69.0,70.0,8.304
1765486192.7610276,90,9,9,7,6,3.7591896057128906,68.0,69.0,6.647
1765486192.9620824,90,9,9,7,6,3.7591896057128906,68.0,69.0,6.647
1765486193.1630056,99,66,32,34,32,3.759368896484375,68.5,69.5,7.7
1765486193.3640866,99,66,32,34,32,3.759368896484375,68.5,69.5,7.7
1765486193.5652778,99,66,32,34,32,3.759368896484375,68.5,69.5,7.7
1765486193.766313,99,20,16,16,10,3.7595748901367188,68.5,69.5,7.063
1765486193.9672804,99,20,16,16,10,3.7595748901367188,68.5,69.5,7.063
1765486194.1683364,99,20,16,16,10,3.7595748901367188,68.5,69.5,7.063
1765486194.3693628,99,23,24,67,19,3.76080322265625,68.5,69.5,8.383
1765486194.5704257,99,23,24,67,19,3.76080322265625,68.5,69.5,8.383
1765486194.771655,99,12,8,11,15,3.759868621826172,68.5,69.0,7.142
1765486194.9728565,99,12,8,11,15,3.759868621826172,68.5,69.0,7.142
1765486195.1737702,99,12,8,11,15,3.759868621826172,68.5,69.0,7.142
1765486195.3747072,99,28,32,32,58,3.7595748901367188,68.5,69.5,7.554
1765486195.5758226,99,28,32,32,58,3.7595748901367188,68.5,69.5,7.554
1765486195.7768898,99,12,23,19,18,3.759929656982422,68.5,69.5,7.633
1765486195.977904,99,12,23,19,18,3.759929656982422,68.5,69.5,7.633
1765486196.179025,99,12,23,19,18,3.759929656982422,68.5,69.5,7.633
1765486196.379975,99,22,67,13,23,3.7605819702148438,68.5,70.0,8.527
1765486196.5809674,99,22,67,13,23,3.7605819702148438,68.5,70.0,8.527
1765486196.7818365,99,22,16,16,15,3.7609329223632812,68.5,69.5,7.633
1765486196.9842806,99,22,16,16,15,3.7609329223632812,68.5,69.5,7.633
1765486197.1853487,99,22,16,16,15,3.7609329223632812,68.5,69.5,7.633
1765486197.3864837,99,35,31,58,38,3.760639190673828,68.5,69.5,8.383
1765486197.587619,99,35,31,58,38,3.760639190673828,68.5,69.5,8.383
1765486197.788723,99,17,16,17,16,3.7621231079101562,69.0,69.5,8.763
1765486197.9900217,99,17,16,17,16,3.7621231079101562,69.0,69.5,8.763
1765486198.191166,99,17,16,17,16,3.7621231079101562,69.0,69.5,8.763
1765486198.3923314,99,26,26,22,53,3.761005401611328,68.5,70.0,7.963
1765486198.5934212,99,26,26,22,53,3.761005401611328,68.5,70.0,7.963
1765486198.794532,99,21,20,18,19,3.7613296508789062,69.0,69.5,7.779
1765486198.9965715,99,21,20,18,19,3.7613296508789062,69.0,69.5,7.779
1765486199.1975615,99,21,20,18,19,3.7613296508789062,69.0,69.5,7.779
1765486199.398556,98,29,37,38,50,3.762298583984375,69.0,70.0,8.566
1765486199.5994613,98,29,37,38,50,3.762298583984375,69.0,70.0,8.566
1765486199.8005235,99,17,8,16,4,3.7625350952148438,68.5,69.5,8.042
1765486200.0024924,99,17,8,16,4,3.7625350952148438,68.5,69.5,8.042
1765486200.2034373,99,17,8,16,4,3.7625350952148438,68.5,69.5,8.042
1765486200.4049838,99,26,37,60,40,3.761859893798828,69.0,70.5,8.304
1765486200.606283,99,26,37,60,40,3.761859893798828,69.0,70.5,8.304
1765486200.8073463,99,20,26,16,19,3.7623062133789062,68.5,69.0,7.514
1765486201.0085855,99,20,26,16,19,3.7623062133789062,68.5,69.0,7.514
1765486201.2097774,99,20,26,16,19,3.7623062133789062,68.5,69.0,7.514
1765486201.4107552,99,41,26,44,42,3.7629127502441406,68.5,70.0,8.812
1765486201.6118228,99,41,26,44,42,3.7629127502441406,68.5,70.0,8.812
1765486201.8130407,99,13,14,8,11,3.762420654296875,68.5,69.0,7.182
1765486202.0141048,99,13,14,8,11,3.762420654296875,68.5,69.0,7.182
1765486202.2151256,99,13,14,8,11,3.762420654296875,68.5,69.0,7.182
1765486202.4161625,99,30,26,38,60,3.762981414794922,68.5,70.5,8.448
1765486202.6172793,99,30,26,38,60,3.762981414794922,68.5,70.5,8.448
1765486202.818527,99,20,25,19,22,3.7630348205566406,69.0,69.0,7.328
1765486203.019507,99,20,25,19,22,3.7630348205566406,69.0,69.0,7.328
1765486203.2207575,99,20,25,19,22,3.7630348205566406,69.0,69.0,7.328
1765486203.4219255,99,29,35,33,27,3.763874053955078,68.5,69.5,8.487
1765486203.6230123,99,29,35,33,27,3.763874053955078,68.5,69.5,8.487
1765486203.8240752,99,14,23,12,19,3.7632980346679688,68.5,69.5,7.858
1765486204.0277386,99,14,23,12,19,3.7632980346679688,68.5,69.5,7.858
1765486204.2315674,99,14,23,12,19,3.7632980346679688,68.5,69.5,7.858
1765486204.4328272,99,28,29,54,23,3.763355255126953,68.5,70.5,8.042
1765486204.6337466,99,28,29,54,23,3.763355255126953,68.5,70.5,8.042
1765486204.8349214,99,28,29,54,23,3.763355255126953,68.5,70.5,8.042
1765486205.035819,99,24,38,29,26,3.7593307495117188,69.0,69.5,8.851
1765486205.236866,99,24,38,29,26,3.7593307495117188,69.0,69.5,8.851
1765486205.4379065,99,23,23,47,18,3.759105682373047,68.5,70.0,8.304
1765486205.6389506,99,23,23,47,18,3.759105682373047,68.5,70.0,8.304
1765486205.839873,99,23,23,47,18,3.759105682373047,68.5,70.0,8.304
1765486206.0409021,99,18,17,16,27,3.7583961486816406,68.5,69.5,8.003
1765486206.2419581,99,18,17,16,27,3.7583961486816406,68.5,69.5,8.003
1765486206.4429162,99,27,45,25,29,3.7590408325195312,68.5,69.5,7.924
1765486206.6440241,99,27,45,25,29,3.7590408325195312,68.5,69.5,7.924
1765486206.8453846,99,27,45,25,29,3.7590408325195312,68.5,69.5,7.924
1765486207.04693,99,23,24,40,18,3.7599105834960938,69.0,70.5,8.773
1765486207.2482543,99,23,24,40,18,3.7599105834960938,69.0,70.5,8.773
1765486207.4494221,99,30,18,78,19,3.7510719299316406,68.5,70.5,7.845
1765486207.6505089,99,30,18,78,19,3.7510719299316406,68.5,70.5,7.845
1765486207.8517237,99,30,18,78,19,3.7510719299316406,68.5,70.5,7.845
1765486208.0528338,98,29,20,37,24,3.7523269653320312,68.5,70.0,7.766
1765486208.259214,98,29,20,37,24,3.7523269653320312,68.5,70.0,7.766
1765486208.4604206,99,33,30,38,39,3.7521209716796875,68.5,70.0,8.108
1765486208.6615493,99,33,30,38,39,3.7521209716796875,68.5,70.0,8.108
1765486208.863412,99,33,30,38,39,3.7521209716796875,68.5,70.0,8.108
1765486209.0645225,98,19,12,20,36,3.7533798217773438,68.5,70.5,8.448
1765486209.2656605,98,19,12,20,36,3.7533798217773438,68.5,70.5,8.448
1765486209.4667165,99,40,20,26,28,3.752349853515625,68.5,69.5,7.963
1765486209.6677444,99,40,20,26,28,3.752349853515625,68.5,69.5,7.963
1765486209.8689694,99,40,20,26,28,3.752349853515625,68.5,69.5,7.963
1765486210.0699835,99,23,32,19,24,3.7523269653320312,68.5,69.5,7.621
1765486210.2710087,99,23,32,19,24,3.7523269653320312,68.5,69.5,7.621
1765486210.4722645,99,36,33,33,34,3.753070831298828,68.5,70.0,8.409
1765486210.6732128,99,36,33,33,34,3.753070831298828,68.5,70.0,8.409
1765486210.8743668,99,36,33,33,34,3.753070831298828,68.5,70.0,8.409
1765486211.0753295,98,34,14,15,11,3.75299072265625,68.5,69.5,7.924
1765486211.2762766,98,34,14,15,11,3.75299072265625,68.5,69.5,7.924
1765486211.477521,99,28,27,42,28,3.752361297607422,68.5,70.5,7.884
1765486211.6785405,99,28,27,42,28,3.752361297607422,68.5,70.5,7.884
1765486211.8797245,99,28,27,42,28,3.752361297607422,68.5,70.5,7.884
1765486212.0806303,98,38,16,20,16,3.7527198791503906,68.5,69.5,7.581
1765486212.2815444,98,38,16,20,16,3.7527198791503906,68.5,69.5,7.581
1765486212.4826806,99,31,22,39,29,3.7534027099609375,68.5,70.5,8.566
1765486212.6837826,99,31,22,39,29,3.7534027099609375,68.5,70.5,8.566
1765486212.8849413,99,31,22,39,29,3.7534027099609375,68.5,70.5,8.566
1765486213.0862582,98,30,12,8,13,3.752391815185547,68.5,69.5,7.475
1765486213.287471,98,30,12,8,13,3.752391815185547,68.5,69.5,7.475
1765486213.4886305,99,48,30,33,24,3.7526893615722656,68.5,69.5,7.818
1765486213.689707,99,48,30,33,24,3.7526893615722656,68.5,69.5,7.818
1765486213.8908365,99,48,30,33,24,3.7526893615722656,68.5,69.5,7.818
1765486214.0919895,98,45,20,19,18,3.7528076171875,68.5,69.5,7.779
1765486214.2929857,98,45,20,19,18,3.7528076171875,68.5,69.5,7.779
1765486214.494245,99,28,22,38,23,3.7528648376464844,68.0,70.0,8.304
1765486214.6951773,99,28,22,38,23,3.7528648376464844,68.0,70.0,8.304
1765486214.896475,99,28,22,38,23,3.7528648376464844,68.0,70.0,8.304
1765486215.0975158,98,20,22,29,16,3.7525100708007812,68.5,69.0,7.633
1765486215.29861,98,20,22,29,16,3.7525100708007812,68.5,69.0,7.633
1765486215.4996145,99,26,27,28,50,3.7527122497558594,68.5,69.5,8.042
1765486215.7006104,99,26,27,28,50,3.7527122497558594,68.5,69.5,8.042
1765486215.9016976,99,26,27,28,50,3.7527122497558594,68.5,69.5,8.042
1765486216.102848,99,24,25,26,45,3.752941131591797,69.0,70.5,8.709
1765486216.3044317,99,24,25,26,45,3.752941131591797,69.0,70.5,8.709
1765486216.5056598,99,24,25,26,45,3.752941131591797,69.0,70.5,8.709
1765486216.706569,99,20,32,24,16,3.752777099609375,68.0,69.0,7.884
1765486216.9076457,99,20,32,24,16,3.752777099609375,68.0,69.0,7.884
1765486217.1088407,99,26,21,14,34,3.7529449462890625,68.5,69.5,7.963
1765486217.3097842,99,26,21,14,34,3.7529449462890625,68.5,69.5,7.963
1765486217.511007,99,26,21,14,34,3.7529449462890625,68.5,69.5,7.963
1765486217.7170274,99,32,48,42,46,3.750812530517578,68.5,70.5,8.709
1765486217.9181468,99,32,48,42,46,3.750812530517578,68.5,70.5,8.709
1765486218.1192122,99,20,38,42,21,3.74896240234375,69.0,70.5,8.67
1765486218.3202689,99,20,38,42,21,3.74896240234375,69.0,70.5,8.67
1765486218.521359,99,20,38,42,21,3.74896240234375,69.0,70.5,8.67
1765486218.7224407,99,22,18,21,38,3.7486114501953125,68.5,69.5,8.108
1765486218.9234269,99,22,18,21,38,3.7486114501953125,68.5,69.5,8.108
1765486219.1244612,99,18,30,20,30,3.7484169006347656,68.5,69.5,8.147
1765486219.3253963,99,18,30,20,30,3.7484169006347656,68.5,69.5,8.147
1765486219.526501,99,18,30,20,30,3.7484169006347656,68.5,69.5,8.147
1765486219.7275982,99,30,34,35,35,3.748138427734375,68.0,70.5,8.265
1765486219.9285967,99,30,34,35,35,3.748138427734375,68.0,70.5,8.265
1765486220.1295679,99,16,17,35,14,3.749011993408203,68.5,69.5,8.566
1765486220.3304687,99,16,17,35,14,3.749011993408203,68.5,69.5,8.566
1765486220.531612,99,16,17,35,14,3.749011993408203,68.5,69.5,8.566
1765486220.7327008,99,26,22,43,22,3.748493194580078,68.5,70.0,8.003
1765486220.9337296,99,26,22,43,22,3.748493194580078,68.5,70.0,8.003
1765486221.1347032,98,18,20,21,35,3.7484817504882812,68.5,69.5,7.7
1765486221.335594,98,18,20,21,35,3.7484817504882812,68.5,69.5,7.7
1765486221.537472,98,18,20,21,35,3.7484817504882812,68.5,69.5,7.7
1765486221.738777,99,26,34,33,31,3.749256134033203,68.5,70.0,8.409
1765486221.9397712,99,26,34,33,31,3.749256134033203,68.5,70.0,8.409
1765486222.140712,99,15,29,13,12,3.748249053955078,68.5,69.5,7.858
1765486222.3415961,99,15,29,13,12,3.748249053955078,68.5,69.5,7.858
1765486222.5426593,99,15,29,13,12,3.748249053955078,68.5,69.5,7.858
1765486222.743668,99,24,34,23,37,3.7489662170410156,68.5,70.0,7.858
1765486222.9445424,99,24,34,23,37,3.7489662170410156,68.5,70.0,7.858
1765486223.1456218,99,22,44,16,20,3.7488632202148438,69.0,70.0,8.16
1765486223.3466434,99,22,44,16,20,3.7488632202148438,69.0,70.0,8.16
1765486223.5481462,99,22,44,16,20,3.7488632202148438,69.0,70.0,8.16
1765486223.7492967,99,26,26,21,30,3.749828338623047,68.5,70.5,8.081
1765486223.9503422,99,26,26,21,30,3.749828338623047,68.5,70.5,8.081
1765486224.1513886,99,18,32,15,16,3.7495765686035156,68.5,70.0,8.003
1765486224.3525639,99,18,32,15,16,3.7495765686035156,68.5,70.0,8.003
1765486224.55409,99,18,32,15,16,3.7495765686035156,68.5,70.0,8.003
1765486224.7552295,99,27,28,45,26,3.7495460510253906,68.5,70.5,7.818
1765486224.956609,99,27,28,45,26,3.7495460510253906,68.5,70.5,7.818
1765486225.1576405,99,25,22,42,22,3.749958038330078,69.0,69.5,8.344
1765486225.3586698,99,25,22,42,22,3.749958038330078,69.0,69.5,8.344
1765486225.5597687,99,25,22,42,22,3.749958038330078,69.0,69.5,8.344
1765486225.7612762,99,20,19,37,25,3.75054931640625,69.0,70.0,8.081
1765486225.9623785,99,20,19,37,25,3.75054931640625,69.0,70.0,8.081
1765486226.1633787,99,21,26,29,25,3.7498397827148438,69.0,69.5,7.963
1765486226.364606,99,21,26,29,25,3.7498397827148438,69.0,69.5,7.963
1765486226.5655892,99,21,26,29,25,3.7498397827148438,69.0,69.5,7.963
1765486226.7666616,99,41,28,18,36,3.7493629455566406,68.5,70.5,7.924
1765486226.9675522,99,41,28,18,36,3.7493629455566406,68.5,70.5,7.924
1765486227.1686013,99,41,28,18,36,3.7493629455566406,68.5,70.5,7.924
1765486227.3695776,99,16,13,17,46,3.751026153564453,69.0,70.5,8.448
1765486227.5705976,99,16,13,17,46,3.751026153564453,69.0,70.5,8.448
1765486227.7716222,99,32,22,14,21,3.7499771118164062,68.5,69.5,7.554
1765486227.9731474,99,32,22,14,21,3.7499771118164062,68.5,69.5,7.554
1765486228.1744907,99,32,22,14,21,3.7499771118164062,68.5,69.5,7.554
1765486228.3757124,99,38,22,25,15,3.7499122619628906,69.0,69.5,7.673
1765486228.5766525,99,38,22,25,15,3.7499122619628906,69.0,69.5,7.673
1765486228.7777112,13,26,40,20,28,3.750213623046875,68.0,70.0,5.76
1765486228.9787235,13,26,40,20,28,3.750213623046875,68.0,70.0,5.76
1765486229.179781,13,26,40,20,28,3.750213623046875,68.0,70.0,5.76
1765486229.381191,99,16,51,15,18,3.7514190673828125,68.5,70.0,7.884
1765486229.5821698,99,16,51,15,18,3.7514190673828125,68.5,70.0,7.884
1765486229.7830915,16,14,17,12,29,3.7508277893066406,68.0,69.0,6.22
1765486229.9843168,16,14,17,12,29,3.7508277893066406,68.0,69.0,6.22
1765486230.1853912,16,14,17,12,29,3.7508277893066406,68.0,69.0,6.22
1765486230.3865492,99,37,26,32,46,3.7507095336914062,69.0,69.5,7.289
1765486230.5875702,99,37,26,32,46,3.7507095336914062,69.0,69.5,7.289
1765486230.7885652,0,20,20,16,20,3.75103759765625,68.5,69.0,6.11
1765486230.989563,0,20,20,16,20,3.75103759765625,68.5,69.0,6.11
1765486231.1905422,0,20,20,16,20,3.75103759765625,68.5,69.0,6.11
1765486231.3915176,99,16,52,10,20,3.7513046264648438,69.0,69.5,7.739
1765486231.5925913,99,16,52,10,20,3.7513046264648438,69.0,69.5,7.739
1765486231.7936823,99,20,18,12,19,3.7515830993652344,68.5,69.0,6.488
1765486231.9948502,99,20,18,12,19,3.7515830993652344,68.5,69.0,6.488
1765486232.1958225,99,20,18,12,19,3.7515830993652344,68.5,69.0,6.488
1765486232.3970919,99,35,32,29,55,3.7515602111816406,68.5,69.0,7.328
1765486232.5983887,99,35,32,29,55,3.7515602111816406,68.5,69.0,7.328
1765486232.7995489,99,21,25,12,16,3.752788543701172,68.5,70.0,7.356
1765486233.0008316,99,21,25,12,16,3.752788543701172,68.5,70.0,7.356
1765486233.2018096,99,21,25,12,16,3.752788543701172,68.5,70.0,7.356
1765486233.4029615,99,16,16,18,56,3.7523574829101562,69.0,69.5,7.487
1765486233.6041958,99,16,16,18,56,3.7523574829101562,69.0,69.5,7.487
1765486233.8055012,99,20,21,14,20,3.752330780029297,68.5,69.5,6.488
1765486234.0066295,99,20,21,14,20,3.752330780029297,68.5,69.5,6.488
1765486234.208007,99,20,21,14,20,3.752330780029297,68.5,69.5,6.488
1765486234.4090328,99,30,27,27,58,3.752063751220703,69.0,69.5,7.818
1765486234.609973,99,30,27,27,58,3.752063751220703,69.0,69.5,7.818
1765486234.8109524,99,10,19,14,8,3.7527732849121094,68.5,69.5,6.448
1765486235.0121129,99,10,19,14,8,3.7527732849121094,68.5,69.5,6.448
1765486235.2131538,99,10,19,14,8,3.7527732849121094,68.5,69.5,6.448
1765486235.4142501,99,36,24,50,36,3.752246856689453,68.5,69.5,7.249
1765486235.6153,99,36,24,50,36,3.752246856689453,68.5,69.5,7.249
1765486235.8165047,42,20,22,20,20,3.75244140625,68.5,69.0,5.8
1765486236.0175989,42,20,22,20,20,3.75244140625,68.5,69.0,5.8
1765486236.218659,42,20,22,20,20,3.75244140625,68.5,69.0,5.8
1765486236.4196045,99,31,66,25,31,3.7523651123046875,68.5,70.0,8.147
1765486236.620537,99,31,66,25,31,3.7523651123046875,68.5,70.0,8.147
1765486236.821614,68,12,4,12,8,3.7521438598632812,68.0,69.5,5.83
1765486237.0227132,68,12,4,12,8,3.7521438598632812,68.0,69.5,5.83
1765486237.2236228,68,12,4,12,8,3.7521438598632812,68.0,69.5,5.83
1765486237.4248412,99,34,54,32,35,3.752368927001953,68.5,69.5,7.21
1765486237.626059,99,34,54,32,35,3.752368927001953,68.5,69.5,7.21
1765486237.8276327,99,34,54,32,35,3.752368927001953,68.5,69.5,7.21
1765486238.0286882,44,20,17,20,12,3.7521591186523438,68.0,69.0,5.72
1765486238.2297285,44,20,17,20,12,3.7521591186523438,68.0,69.0,5.72
1765486238.4308748,99,57,26,22,36,3.7530899047851562,69.0,70.0,8.003
1765486238.6321483,99,57,26,22,36,3.7530899047851562,69.0,70.0,8.003
1765486238.8331378,99,57,26,22,36,3.7530899047851562,69.0,70.0,8.003
1765486239.0344198,28,18,15,8,16,3.7518692016601562,68.0,69.0,5.87
1765486239.2354002,28,18,15,8,16,3.7518692016601562,68.0,69.0,5.87
1765486239.4363642,99,50,28,24,44,3.7519187927246094,68.5,69.5,7.102
1765486239.6374886,99,50,28,24,44,3.7519187927246094,68.5,69.5,7.102
1765486239.8384688,99,50,28,24,44,3.7519187927246094,68.5,69.5,7.102
1765486240.0396976,0,16,18,25,16,3.7526779174804688,68.0,69.0,6.03
1765486240.2406366,0,16,18,25,16,3.7526779174804688,68.0,69.0,6.03
1765486240.4417837,99,28,21,60,21,3.752704620361328,68.5,70.0,7.554
1765486240.6429586,99,28,21,60,21,3.752704620361328,68.5,70.0,7.554
1765486240.844064,99,28,21,60,21,3.752704620361328,68.5,70.0,7.554
1765486241.0450933,16,14,17,17,14,3.7522430419921875,68.0,69.0,5.72
1765486241.2463973,16,14,17,17,14,3.7522430419921875,68.0,69.0,5.72
1765486241.447419,99,48,45,32,30,3.7518882751464844,69.0,69.5,7.368
1765486241.6485696,99,48,45,32,30,3.7518882751464844,69.0,69.5,7.368
1765486241.8495202,99,48,45,32,30,3.7518882751464844,69.0,69.5,7.368
1765486242.0505214,10,15,16,14,18,3.7524490356445312,68.0,70.0,6.299
1765486242.251514,10,15,16,14,18,3.7524490356445312,68.0,70.0,6.299
1765486242.452606,99,26,22,54,25,3.751941680908203,68.5,69.5,7.142
1765486242.653795,99,26,22,54,25,3.751941680908203,68.5,69.5,7.142
1765486242.8546824,99,26,22,54,25,3.751941680908203,68.5,69.5,7.142
1765486243.0557675,39,20,12,20,23,3.752117156982422,68.0,69.5,5.72
1765486243.256848,39,20,12,20,23,3.752117156982422,68.0,69.5,5.72
1765486243.4579961,99,31,33,38,57,3.7521133422851562,69.0,70.0,7.368
1765486243.6589873,99,31,33,38,57,3.7521133422851562,69.0,70.0,7.368
1765486243.8602188,99,31,33,38,57,3.7521133422851562,69.0,70.0,7.368
1765486244.0612977,59,16,12,10,8,3.7526626586914062,68.0,69.5,5.91
1765486244.2623606,59,16,12,10,8,3.7526626586914062,68.0,69.5,5.91
1765486244.4633493,99,28,22,27,60,3.751667022705078,69.0,70.0,7.368
1765486244.664567,99,28,22,27,60,3.751667022705078,69.0,70.0,7.368
1765486244.865463,99,28,22,27,60,3.751667022705078,69.0,70.0,7.368
1765486245.06652,77,18,21,16,14,3.7518157958984375,68.0,69.0,5.448
1765486245.2675815,77,18,21,16,14,3.7518157958984375,68.0,69.0,5.448
1765486245.4684513,99,58,27,29,35,3.7522659301757812,69.0,70.0,7.593
1765486245.669424,99,58,27,29,35,3.7522659301757812,69.0,70.0,7.593
1765486245.870463,99,58,27,29,35,3.7522659301757812,69.0,70.0,7.593
1765486246.0715528,65,11,11,11,11,3.7523841857910156,68.0,69.0,5.72
1765486246.2725928,65,11,11,11,11,3.7523841857910156,68.0,69.0,5.72
1765486246.4735239,99,42,64,35,26,3.752025604248047,68.5,69.5,7.487
1765486246.6745815,99,42,64,35,26,3.752025604248047,68.5,69.5,7.487
1765486246.875568,99,42,64,35,26,3.752025604248047,68.5,69.5,7.487
1765486247.0767767,99,23,19,12,15,3.7521286010742188,68.5,69.0,5.84
1765486247.2778935,99,23,19,12,15,3.7521286010742188,68.5,69.0,5.84
1765486247.478961,99,33,65,28,26,3.7529640197753906,69.0,70.5,8.226
1765486247.6801457,99,33,65,28,26,3.7529640197753906,69.0,70.5,8.226
1765486247.8812673,99,33,65,28,26,3.7529640197753906,69.0,70.5,8.226
1765486248.083789,99,6,11,9,10,3.7523727416992188,68.5,69.0,5.92
1765486248.2849743,99,6,11,9,10,3.7523727416992188,68.5,69.0,5.92
1765486248.4859226,99,32,64,28,35,3.7518997192382812,68.5,69.5,7.447
1765486248.6868985,99,32,64,28,35,3.7518997192382812,68.5,69.5,7.447
1765486248.8880486,99,32,64,28,35,3.7518997192382812,68.5,69.5,7.447
1765486249.089141,99,16,14,22,14,3.7523880004882812,68.5,69.0,5.95
1765486249.2902062,99,16,14,22,14,3.7523880004882812,68.5,69.0,5.95
1765486249.4914467,99,16,14,22,14,3.7523880004882812,68.5,69.0,5.95
1765486249.6924303,99,20,30,58,20,3.7527236938476562,69.0,70.5,8.081
1765486249.8933668,99,20,30,58,20,3.7527236938476562,69.0,70.5,8.081
1765486250.0943682,99,17,10,10,15,3.7521324157714844,69.0,69.5,5.87
1765486250.295507,99,17,10,10,15,3.7521324157714844,69.0,69.5,5.87
1765486250.4965348,99,17,10,10,15,3.7521324157714844,69.0,69.5,5.87
1765486250.6977882,99,42,49,29,37,3.7516860961914062,69.0,70.0,7.514
1765486250.89879,99,42,49,29,37,3.7516860961914062,69.0,70.0,7.514
1765486251.0997107,99,20,15,20,12,3.752277374267578,68.5,69.5,6.647
1765486251.3083334,99,20,15,20,12,3.752277374267578,68.5,69.5,6.647
1765486251.509489,99,20,15,20,12,3.752277374267578,68.5,69.5,6.647
1765486251.7105513,99,23,20,60,16,3.7520408630371094,68.5,69.5,7.487
1765486251.911592,99,23,20,60,16,3.7520408630371094,68.5,69.5,7.487
1765486252.1125338,99,19,12,14,18,3.7523956298828125,68.5,69.0,5.84
1765486252.313497,99,19,12,14,18,3.7523956298828125,68.5,69.0,5.84
1765486252.5145898,99,19,12,14,18,3.7523956298828125,68.5,69.0,5.84
1765486252.7158322,99,64,35,37,31,3.7525672912597656,69.0,70.0,7.897
1765486252.9170716,99,64,35,37,31,3.7525672912597656,69.0,70.0,7.897
1765486253.1181679,99,16,8,13,8,3.753143310546875,68.5,70.0,6.448
1765486253.3192303,99,16,8,13,8,3.753143310546875,68.5,70.0,6.448
1765486253.5203187,99,16,8,13,8,3.753143310546875,68.5,70.0,6.448
1765486253.7216249,99,22,26,64,28,3.752025604248047,69.0,69.5,7.593
1765486253.9230003,99,22,26,64,28,3.752025604248047,69.0,69.5,7.593
1765486254.1239662,97,21,17,20,14,3.752185821533203,68.5,69.5,6.259
1765486254.3251224,97,21,17,20,14,3.752185821533203,68.5,69.5,6.259
1765486254.5260653,97,21,17,20,14,3.752185821533203,68.5,69.5,6.259
1765486254.7271078,99,33,66,34,32,3.75238037109375,69.0,70.0,7.858
1765486254.92829,99,33,66,34,32,3.75238037109375,69.0,70.0,7.858
1765486255.1292644,99,8,13,8,9,3.752838134765625,68.5,69.5,7.328
1765486255.3301857,99,8,13,8,9,3.752838134765625,68.5,69.5,7.328
1765486255.5312057,99,8,13,8,9,3.752838134765625,68.5,69.5,7.328
1765486255.732289,99,30,69,22,30,3.7527999877929688,69.0,70.0,8.186
1765486255.933359,99,30,69,22,30,3.7527999877929688,69.0,70.0,8.186
1765486256.1342506,99,10,15,14,18,3.7528305053710938,68.5,69.5,7.063
1765486256.3354049,99,10,15,14,18,3.7528305053710938,68.5,69.5,7.063
1765486256.5367672,99,10,15,14,18,3.7528305053710938,68.5,69.5,7.063
1765486256.7377713,99,30,33,68,28,3.754047393798828,69.0,70.5,8.723
1765486256.9387624,99,30,33,68,28,3.754047393798828,69.0,70.5,8.723
1765486257.1397064,99,12,8,11,2,3.7530517578125,69.0,69.5,7.142
1765486257.3410425,99,12,8,11,2,3.7530517578125,69.0,69.5,7.142
1765486257.5420446,99,12,8,11,2,3.7530517578125,69.0,69.5,7.142
1765486257.743026,99,60,32,28,34,3.7533721923828125,69.0,70.0,7.779
1765486257.9446833,99,60,32,28,34,3.7533721923828125,69.0,70.0,7.779
1765486258.1458383,98,10,18,24,14,3.753253936767578,69.0,69.5,7.249
1765486258.3468044,98,10,18,24,14,3.753253936767578,69.0,69.5,7.249
1765486258.5478716,98,10,18,24,14,3.753253936767578,69.0,69.5,7.249
1765486258.7491117,99,26,30,24,67,3.7542724609375,69.0,70.5,8.827
1765486258.9501953,99,26,30,24,67,3.7542724609375,69.0,70.5,8.827
1765486259.1511352,99,12,12,16,13,3.7540359497070312,69.0,70.0,7.21
1765486259.3523269,99,12,12,16,13,3.7540359497070312,69.0,70.0,7.21
1765486259.553504,99,12,12,16,13,3.7540359497070312,69.0,70.0,7.21
1765486259.7545679,98,28,31,61,35,3.7539138793945312,69.0,70.0,7.976
1765486259.9556615,98,28,31,61,35,3.7539138793945312,69.0,70.0,7.976
1765486260.156545,99,26,22,22,20,3.7540359497070312,69.0,70.0,7.897
1765486260.3576875,99,26,22,22,20,3.7540359497070312,69.0,70.0,7.897
1765486260.5587509,99,26,22,22,20,3.7540359497070312,69.0,70.0,7.897
1765486260.7601461,99,19,20,19,64,3.7540245056152344,69.0,69.5,7.963
1765486260.9612062,99,19,20,19,64,3.7540245056152344,69.0,69.5,7.963
1765486261.1622186,99,19,20,19,64,3.7540245056152344,69.0,69.5,7.963
1765486261.3632405,99,19,19,16,16,3.7545394897460938,69.0,69.5,7.328
1765486261.5642803,99,19,19,16,16,3.7545394897460938,69.0,69.5,7.328
1765486261.7651553,99,41,35,60,28,3.754131317138672,69.5,70.0,8.33
1765486261.9662256,99,41,35,60,28,3.754131317138672,69.5,70.0,8.33
1765486262.167221,99,41,35,60,28,3.754131317138672,69.5,70.0,8.33
1765486262.3682072,99,12,14,20,18,3.755229949951172,69.0,70.5,8.121
1765486262.5693076,99,12,14,20,18,3.755229949951172,69.0,70.5,8.121
1765486262.7705836,99,40,34,21,56,3.754364013671875,69.5,70.0,7.897
1765486262.9717207,99,40,34,21,56,3.754364013671875,69.5,70.0,7.897
1765486263.1729238,99,40,34,21,56,3.754364013671875,69.5,70.0,7.897
1765486263.3739405,99,18,15,15,24,3.754650115966797,69.0,70.5,7.7
1765486263.575053,99,18,15,15,24,3.754650115966797,69.0,70.5,7.7
1765486263.7761025,99,28,41,54,35,3.754138946533203,69.0,70.5,8.226
1765486263.9773574,99,28,41,54,35,3.754138946533203,69.0,70.5,8.226
1765486264.1784987,99,28,41,54,35,3.754138946533203,69.0,70.5,8.226
1765486264.3794262,99,12,16,12,12,3.755176544189453,69.0,70.0,8.003
1765486264.580498,99,12,16,12,12,3.755176544189453,69.0,70.0,8.003
1765486264.781697,99,31,25,27,59,3.7543601989746094,69.0,70.5,8.279
1765486264.9827998,99,31,25,27,59,3.7543601989746094,69.0,70.5,8.279
1765486265.1837237,99,31,25,27,59,3.7543601989746094,69.0,70.5,8.279
1765486265.3847551,99,19,20,15,20,3.7547454833984375,69.5,70.0,7.435
1765486265.5857143,99,19,20,15,20,3.7547454833984375,69.5,70.0,7.435
1765486265.7866747,99,38,45,29,40,3.7551498413085938,69.5,70.5,8.67
1765486265.9876542,99,38,45,29,40,3.7551498413085938,69.5,70.5,8.67
1765486266.1888263,99,38,45,29,40,3.7551498413085938,69.5,70.5,8.67
1765486266.389903,99,8,15,4,8,3.75469970703125,69.0,69.5,7.673
1765486266.5910347,99,8,15,4,8,3.75469970703125,69.0,69.5,7.673
1765486266.792069,99,30,34,66,24,3.754596710205078,69.5,69.5,8.016
1765486266.9931161,99,30,34,66,24,3.754596710205078,69.5,69.5,8.016
1765486267.194336,99,30,34,66,24,3.754596710205078,69.5,69.5,8.016
1765486267.395447,99,22,19,19,20,3.7543601989746094,69.0,69.5,7.554
1765486267.5966182,99,22,19,19,20,3.7543601989746094,69.0,69.5,7.554
1765486267.7975442,99,30,44,28,44,3.7552452087402344,69.0,70.5,8.827
1765486267.9986417,99,30,44,28,44,3.7552452087402344,69.0,70.5,8.827
1765486268.1997406,99,30,44,28,44,3.7552452087402344,69.0,70.5,8.827
1765486268.4007642,99,17,11,13,10,3.7541465759277344,69.0,70.0,7.633
1765486268.601711,99,17,11,13,10,3.7541465759277344,69.0,70.0,7.633
1765486268.8031337,99,69,32,25,27,3.754486083984375,69.0,70.0,8.265
1765486269.0042515,99,69,32,25,27,3.754486083984375,69.0,70.0,8.265
1765486269.2054224,99,69,32,25,27,3.754486083984375,69.0,70.0,8.265
1765486269.4063892,99,13,14,16,21,3.7546043395996094,69.0,70.0,8.304
1765486269.607428,99,13,14,16,21,3.7546043395996094,69.0,70.0,8.304
1765486269.8086145,99,27,26,19,58,3.7553443908691406,69.0,70.5,8.645
1765486270.0099053,99,27,26,19,58,3.7553443908691406,69.0,70.5,8.645
1765486270.211058,99,27,26,19,58,3.7553443908691406,69.0,70.5,8.645
1765486270.4121022,99,14,17,16,17,3.7546768188476562,69.0,70.0,7.435
1765486270.613344,99,14,17,16,17,3.7546768188476562,69.0,70.0,7.435
1765486270.8142943,99,38,32,61,28,3.7541580200195312,69.5,70.0,8.081
1765486271.0152602,99,38,32,61,28,3.7541580200195312,69.5,70.0,8.081
1765486271.216359,99,38,32,61,28,3.7541580200195312,69.5,70.0,8.081
1765486271.417319,99,24,17,24,18,3.7548255920410156,69.5,70.5,8.487
1765486271.6183984,99,24,17,24,18,3.7548255920410156,69.5,70.5,8.487
1765486271.819502,99,24,17,24,18,3.7548255920410156,69.5,70.5,8.487
1765486272.0204206,99,29,21,60,28,3.7543678283691406,69.0,70.5,7.897
1765486272.2214346,99,29,21,60,28,3.7543678283691406,69.0,70.5,7.897
1765486272.4223113,99,24,17,8,20,3.754486083984375,69.5,69.5,7.514
1765486272.6236262,99,24,17,8,20,3.754486083984375,69.5,69.5,7.514
1765486272.82472,99,24,17,8,20,3.754486083984375,69.5,69.5,7.514
1765486273.025634,99,57,30,30,37,3.754474639892578,69.5,70.0,8.003
1765486273.2266183,99,57,30,30,37,3.754474639892578,69.5,70.0,8.003
1765486273.427518,99,15,21,8,10,3.755229949951172,69.5,70.0,8.16
1765486273.628699,99,15,21,8,10,3.755229949951172,69.5,70.0,8.16
1765486273.830063,99,15,21,8,10,3.755229949951172,69.5,70.0,8.16
1765486274.0310454,99,60,22,27,25,3.754474639892578,69.5,70.5,8.16
1765486274.232069,99,60,22,27,25,3.754474639892578,69.5,70.5,8.16
1765486274.4330862,99,24,20,20,13,3.7545623779296875,69.5,70.0,7.447
1765486274.6342475,99,24,20,20,13,3.7545623779296875,69.5,70.0,7.447
1765486274.8354023,99,24,20,20,13,3.7545623779296875,69.5,70.0,7.447
1765486275.0364344,99,60,27,34,33,3.7550201416015625,69.0,70.5,8.748
1765486275.2375026,99,60,27,34,33,3.7550201416015625,69.0,70.5,8.748
1765486275.438484,99,10,10,6,8,3.755023956298828,69.5,69.5,7.514
1765486275.639496,99,10,10,6,8,3.755023956298828,69.5,69.5,7.514
1765486275.8406503,99,10,10,6,8,3.755023956298828,69.5,69.5,7.514
1765486276.0416844,99,26,31,70,26,3.7549209594726562,69.0,70.0,8.003
1765486276.242738,99,26,31,70,26,3.7549209594726562,69.0,70.0,8.003
1765486276.4437919,99,20,28,23,14,3.7548294067382812,69.0,70.5,7.396
1765486276.644872,99,20,28,23,14,3.7548294067382812,69.0,70.5,7.396
1765486276.84593,99,20,28,23,14,3.7548294067382812,69.0,70.5,7.396
1765486277.0470119,99,29,56,30,36,3.755481719970703,69.0,71.0,8.591
1765486277.2481647,99,29,56,30,36,3.755481719970703,69.0,71.0,8.591
1765486277.449502,99,10,10,11,6,3.7552146911621094,69.0,70.0,7.633
1765486277.6507664,99,10,10,11,6,3.7552146911621094,69.0,70.0,7.633
1765486277.8517418,99,10,10,11,6,3.7552146911621094,69.0,70.0,7.633
1765486278.052788,99,63,25,33,29,3.7546768188476562,69.0,70.0,7.963
1765486278.253991,99,63,25,33,29,3.7546768188476562,69.0,70.0,7.963
1765486278.455007,99,18,28,10,17,3.7552032470703125,69.5,70.0,7.897
1765486278.6559908,99,18,28,10,17,3.7552032470703125,69.5,70.0,7.897
1765486278.857172,99,18,28,10,17,3.7552032470703125,69.5,70.0,7.897
1765486279.0581024,99,27,60,69,29,3.7517776489257812,69.5,70.5,8.787
1765486279.2591496,99,27,60,69,29,3.7517776489257812,69.5,70.5,8.787
1765486279.4603329,99,16,16,15,14,3.750812530517578,69.0,69.5,7.21
1765486279.6614463,99,16,16,15,14,3.750812530517578,69.0,69.5,7.21
1765486279.8625793,99,16,16,15,14,3.750812530517578,69.0,69.5,7.21
1765486280.063628,99,29,32,48,32,3.7511749267578125,69.0,71.0,7.963
1765486280.2645888,99,29,32,48,32,3.7511749267578125,69.0,71.0,7.963
1765486280.4656048,98,21,32,12,14,3.751514434814453,69.5,70.5,8.042
1765486280.6690433,98,21,32,12,14,3.751514434814453,69.5,70.5,8.042
1765486280.8701496,98,21,32,12,14,3.751514434814453,69.5,70.5,8.042
1765486281.0712118,98,23,43,25,19,3.7514114379882812,69.0,70.0,8.003
1765486281.2723463,98,23,43,25,19,3.7514114379882812,69.0,70.0,8.003
1765486281.4732177,98,22,21,24,18,3.751293182373047,69.5,69.5,7.317
1765486281.6741898,98,22,21,24,18,3.751293182373047,69.5,69.5,7.317
1765486281.8753314,98,22,21,24,18,3.751293182373047,69.5,69.5,7.317
1765486282.076684,99,34,30,51,32,3.7513389587402344,69.5,71.0,7.897
1765486282.2776356,99,34,30,51,32,3.7513389587402344,69.5,71.0,7.897
1765486282.4785557,99,34,30,51,32,3.7513389587402344,69.5,71.0,7.897
1765486282.6794493,99,16,17,28,18,3.752361297607422,69.5,71.0,8.566
1765486282.8806129,99,16,17,28,18,3.752361297607422,69.5,71.0,8.566
1765486283.0876641,98,56,20,16,23,3.751373291015625,69.5,70.5,7.818
1765486283.2889419,98,56,20,16,23,3.751373291015625,69.5,70.5,7.818
1765486283.4899843,98,56,20,16,23,3.751373291015625,69.5,70.5,7.818
1765486283.6908948,99,30,19,21,18,3.751697540283203,69.5,70.0,7.673
1765486283.8920414,99,30,19,21,18,3.751697540283203,69.5,70.0,7.673
1765486284.0931408,99,40,38,52,40,3.751758575439453,69.5,70.5,8.383
1765486284.2940333,99,40,38,52,40,3.751758575439453,69.5,70.5,8.383
1765486284.4961169,99,40,38,52,40,3.751758575439453,69.5,70.5,8.383
1765486284.6971395,99,15,11,25,15,3.7520751953125,69.5,71.0,8.265
1765486284.8982143,99,15,11,25,15,3.7520751953125,69.5,71.0,8.265
1765486285.0992494,99,23,24,25,48,3.7516746520996094,69.5,70.5,7.858
1765486285.300432,99,23,24,25,48,3.7516746520996094,69.5,70.5,7.858
1765486285.5015194,99,23,24,25,48,3.7516746520996094,69.5,70.5,7.858
1765486285.7023876,98,20,18,22,24,3.7518043518066406,69.5,70.0,7.554
1765486285.9035666,98,20,18,22,24,3.7518043518066406,69.5,70.0,7.554
1765486286.1045394,99,41,32,28,23,3.7524681091308594,69.5,70.5,8.423
1765486286.3054056,99,41,32,28,23,3.7524681091308594,69.5,70.5,8.423
1765486286.5062826,99,41,32,28,23,3.7524681091308594,69.5,70.5,8.423
1765486286.7072966,98,24,10,10,20,3.751178741455078,69.5,70.0,7.542
1765486286.908572,98,24,10,10,20,3.751178741455078,69.5,70.0,7.542
1765486287.1097932,99,28,57,30,14,3.751811981201172,69.5,70.0,7.963
1765486287.3108637,99,28,57,30,14,3.751811981201172,69.5,70.0,7.963
1765486287.5119054,99,28,57,30,14,3.751811981201172,69.5,70.0,7.963
1765486287.712951,99,23,26,16,26,3.751922607421875,69.5,70.0,7.475
1765486287.9140325,99,23,26,16,26,3.751922607421875,69.5,70.0,7.475
1765486288.115191,99,30,22,33,40,3.7520484924316406,69.5,71.5,8.631
1765486288.3164506,99,30,22,33,40,3.7520484924316406,69.5,71.5,8.631
1765486288.5174844,99,30,22,33,40,3.7520484924316406,69.5,71.5,8.631
1765486288.7187152,98,15,18,12,20,3.7510986328125,69.5,70.0,7.435
1765486288.9201746,98,15,18,12,20,3.7510986328125,69.5,70.0,7.435
1765486289.1214352,99,43,30,30,62,3.74871826171875,69.0,70.5,8.304
1765486289.3225195,99,43,30,30,62,3.74871826171875,69.0,70.5,8.304
1765486289.5235898,99,43,30,30,62,3.74871826171875,69.0,70.5,8.304
1765486289.724568,98,21,18,21,24,3.751007080078125,69.5,70.0,8.003
1765486289.9256353,98,21,18,21,24,3.751007080078125,69.5,70.0,8.003
1765486290.126759,99,19,16,22,52,3.7510948181152344,69.0,71.5,8.304
1765486290.3278284,99,19,16,22,52,3.7510948181152344,69.0,71.5,8.304
1765486290.5289662,99,19,16,22,52,3.7510948181152344,69.0,71.5,8.304
1765486290.7299867,98,20,19,19,22,3.7506752014160156,69.5,70.0,7.487
1765486290.933949,98,20,19,19,22,3.7506752014160156,69.5,70.0,7.487
1765486291.1349797,99,56,29,33,32,3.7507781982421875,69.0,70.5,8.16
1765486291.336084,99,56,29,33,32,3.7507781982421875,69.0,70.5,8.16
1765486291.5372262,99,56,29,33,32,3.7507781982421875,69.0,70.5,8.16
1765486291.7383137,98,16,22,15,18,3.7519683837890625,69.5,70.5,8.003
1765486291.939452,98,16,22,15,18,3.7519683837890625,69.5,70.5,8.003
1765486292.1406162,99,29,12,17,48,3.7510948181152344,69.5,70.5,8.003
1765486292.341652,99,29,12,17,48,3.7510948181152344,69.5,70.5,8.003
1765486292.5426526,99,29,12,17,48,3.7510948181152344,69.5,70.5,8.003
1765486292.7436059,98,31,18,14,30,3.7511558532714844,69.5,70.5,7.435
1765486292.9446666,98,31,18,14,30,3.7511558532714844,69.5,70.5,7.435
1765486293.1457715,99,32,44,40,31,3.7509803771972656,69.5,70.0,8.121
1765486293.3467708,99,32,44,40,31,3.7509803771972656,69.5,70.0,8.121
1765486293.547769,99,32,44,40,31,3.7509803771972656,69.5,70.0,8.121
1765486293.7488735,99,13,14,16,24,3.7515907287597656,69.5,70.5,8.304
1765486293.9498754,99,13,14,16,24,3.7515907287597656,69.5,70.5,8.304
1765486294.1509442,99,13,14,16,24,3.7515907287597656,69.5,70.5,8.304
1765486294.3522198,99,52,25,20,28,3.7508926391601562,69.0,70.5,8.042
1765486294.553118,99,52,25,20,28,3.7508926391601562,69.0,70.5,8.042
1765486294.7540991,99,35,24,22,6,3.750835418701172,69.5,70.0,7.924
1765486294.9550633,99,35,24,22,6,3.750835418701172,69.5,70.0,7.924
1765486295.1564257,99,35,24,22,6,3.750835418701172,69.5,70.0,7.924
1765486295.3574162,99,44,21,28,31,3.751605987548828,69.5,70.5,8.566
1765486295.558414,99,44,21,28,31,3.751605987548828,69.5,70.5,8.566
1765486295.7597358,99,13,12,27,10,3.7510414123535156,69.5,70.5,7.818
1765486295.960776,99,13,12,27,10,3.7510414123535156,69.5,70.5,7.818
1765486296.1619418,99,13,12,27,10,3.7510414123535156,69.5,70.5,7.818
1765486296.3628998,99,20,33,46,29,3.7509803771972656,69.0,71.0,8.042
1765486296.5638866,99,20,33,46,29,3.7509803771972656,69.0,71.0,8.042
1765486296.7650504,99,22,23,31,18,3.750865936279297,69.5,70.5,7.514
1765486296.9661143,99,22,23,31,18,3.750865936279297,69.5,70.5,7.514
1765486297.1673553,99,22,23,31,18,3.750865936279297,69.5,70.5,7.514
1765486297.3684177,99,26,29,44,25,3.7509498596191406,69.5,71.0,8.527
1765486297.569331,99,26,29,44,25,3.7509498596191406,69.5,71.0,8.527
1765486297.7704039,99,23,15,14,26,3.7508316040039062,69.5,70.5,7.673
1765486297.9714193,99,23,15,14,26,3.7508316040039062,69.5,70.5,7.673
1765486298.1726348,99,23,15,14,26,3.7508316040039062,69.5,70.5,7.673
1765486298.3735743,99,27,45,33,27,3.7510299682617188,69.5,70.5,7.858
1765486298.5745268,99,27,45,33,27,3.7510299682617188,69.5,70.5,7.858
1765486298.775452,98,25,37,18,16,3.751384735107422,69.5,70.5,8.003
1765486298.9764345,98,25,37,18,16,3.751384735107422,69.5,70.5,8.003
1765486299.1775415,98,25,37,18,16,3.751384735107422,69.5,70.5,8.003
1765486299.3785715,99,27,22,39,18,3.7517662048339844,69.5,71.0,8.344
1765486299.5794828,99,27,22,39,18,3.7517662048339844,69.5,71.0,8.344
1765486299.7803946,99,19,23,22,14,3.7509002685546875,69.5,70.0,7.542
1765486299.9812732,99,19,23,22,14,3.7509002685546875,69.5,70.0,7.542
1765486300.1823363,99,19,23,22,14,3.7509002685546875,69.5,70.0,7.542
1765486300.383404,99,30,56,28,30,3.750926971435547,69.5,70.0,7.963
1765486300.5843496,99,30,56,28,30,3.750926971435547,69.5,70.0,7.963
1765486300.7853694,98,20,24,35,20,3.751178741455078,69.5,70.5,8.16
1765486300.9862955,98,20,24,35,20,3.751178741455078,69.5,70.5,8.16
1765486301.1873927,98,20,24,35,20,3.751178741455078,69.5,70.5,8.16
1765486301.3885238,99,19,23,32,19,3.7508087158203125,69.5,71.0,8.003
1765486301.58935,99,19,23,32,19,3.7508087158203125,69.5,71.0,8.003
1765486301.7902918,99,18,32,26,22,3.7508811950683594,69.5,70.0,7.593
1765486301.9912813,99,18,32,26,22,3.7508811950683594,69.5,70.0,7.593
1765486302.1924818,99,18,32,26,22,3.7508811950683594,69.5,70.0,7.593
1765486302.3936272,99,29,40,31,30,3.7512969970703125,69.5,70.0,7.818
1765486302.5947585,99,29,40,31,30,3.7512969970703125,69.5,70.0,7.818
1765486302.7961,99,29,40,31,30,3.7512969970703125,69.5,70.0,7.818
1765486302.9972732,99,14,38,10,14,3.7523765563964844,69.5,70.5,8.566
1765486303.1982703,99,14,38,10,14,3.7523765563964844,69.5,70.5,8.566
1765486303.399505,99,25,36,21,22,3.7517623901367188,69.0,70.5,7.554
1765486303.6003897,99,25,36,21,22,3.7517623901367188,69.0,70.5,7.554
1765486303.801391,99,25,36,21,22,3.7517623901367188,69.0,70.5,7.554
1765486304.002285,99,26,40,26,19,3.7521896362304688,70.0,70.5,8.042
1765486304.2032533,99,26,40,26,19,3.7521896362304688,70.0,70.5,8.042
1765486304.4043484,99,28,36,33,32,3.752796173095703,69.5,71.0,7.779
1765486304.6054146,99,28,36,33,32,3.752796173095703,69.5,71.0,7.779
1765486304.806447,99,28,36,33,32,3.752796173095703,69.5,71.0,7.779
1765486305.0073586,99,17,37,12,8,3.7533302307128906,69.5,71.0,8.2
1765486305.2085388,99,17,37,12,8,3.7533302307128906,69.5,71.0,8.2
1765486305.409626,99,28,30,33,22,3.7526779174804688,69.0,70.5,7.475
1765486305.6105244,99,28,30,33,22,3.7526779174804688,69.0,70.5,7.475
1765486305.8116958,99,28,30,33,22,3.7526779174804688,69.0,70.5,7.475
1765486306.0128946,99,25,17,46,21,3.7532882690429688,69.5,70.5,7.712
1765486306.214007,99,25,17,46,21,3.7532882690429688,69.5,70.5,7.712
1765486306.414981,98,22,27,26,34,3.75433349609375,68.5,71.5,7.542
1765486306.6160977,98,22,27,26,34,3.75433349609375,68.5,71.5,7.542
1765486306.8171632,98,22,27,26,34,3.75433349609375,68.5,71.5,7.542
1765486307.0184283,99,42,8,15,8,3.7535743713378906,69.5,70.5,7.66
1765486307.219425,99,42,8,15,8,3.7535743713378906,69.5,70.5,7.66
1765486307.4205835,38,30,25,25,22,3.753711700439453,68.5,71.5,6.448
1765486307.6217864,38,30,25,25,22,3.753711700439453,68.5,71.5,6.448
1765486307.8227715,38,30,25,25,22,3.753711700439453,68.5,71.5,6.448
1765486308.0238848,99,24,21,27,56,3.7544517517089844,69.5,70.0,7.408
1765486308.224986,99,24,21,27,56,3.7544517517089844,69.5,70.0,7.408
1765486308.4260015,0,23,18,14,24,3.7551345825195312,69.0,71.0,5.99
1765486308.627224,0,23,18,14,24,3.7551345825195312,69.0,71.0,5.99
1765486308.8282957,0,23,18,14,24,3.7551345825195312,69.0,71.0,5.99
1765486309.0294485,99,20,26,51,18,3.7546310424804688,69.5,70.5,7.249
1765486309.230842,99,20,26,51,18,3.7546310424804688,69.5,70.5,7.249
1765486309.4346747,99,23,19,13,22,3.7549095153808594,69.0,70.0,6.568
1765486309.636053,99,23,19,13,22,3.7549095153808594,69.0,70.0,6.568
1765486309.8369713,99,23,19,13,22,3.7549095153808594,69.0,70.0,6.568
1765486310.038102,99,28,27,24,62,3.7555618286132812,69.5,70.5,7.66
1765486310.2391493,99,28,27,24,62,3.7555618286132812,69.5,70.5,7.66
1765486310.4402041,99,14,13,11,9,3.756122589111328,69.0,70.0,7.063
1765486310.6413057,99,14,13,11,9,3.756122589111328,69.0,70.0,7.063
1765486310.8422422,99,14,13,11,9,3.756122589111328,69.0,70.0,7.063
1765486311.0432868,99,32,55,26,21,3.756267547607422,69.5,70.5,7.368
1765486311.2444453,99,32,55,26,21,3.756267547607422,69.5,70.5,7.368
1765486311.4455748,99,22,17,18,18,3.7571487426757812,69.5,70.0,6.528
1765486311.6465538,99,22,17,18,18,3.7571487426757812,69.5,70.0,6.528
1765486311.8475735,99,22,17,18,18,3.7571487426757812,69.5,70.0,6.528
1765486312.0486526,99,17,28,26,69,3.7585678100585938,69.5,70.5,8.147
1765486312.2496397,99,17,28,26,69,3.7585678100585938,69.5,70.5,8.147
1765486312.4506094,99,17,28,26,69,3.7585678100585938,69.5,70.5,8.147
1765486312.6516953,99,8,11,4,18,3.7582054138183594,69.0,70.0,6.14
1765486312.8526368,99,8,11,4,18,3.7582054138183594,69.0,70.0,6.14
1765486313.053643,99,61,29,29,32,3.7582321166992188,69.5,70.0,7.475
1765486313.2547164,99,61,29,29,32,3.7582321166992188,69.5,70.0,7.475
1765486313.4557517,99,61,29,29,32,3.7582321166992188,69.5,70.0,7.475
1765486313.6570733,44,22,17,22,14,3.7589988708496094,69.0,70.0,5.87
1765486313.8581173,44,22,17,22,14,3.7589988708496094,69.0,70.0,5.87
1765486314.059183,99,60,22,24,24,3.7597312927246094,69.5,70.5,7.858
1765486314.2604573,99,60,22,24,24,3.7597312927246094,69.5,70.5,7.858
1765486314.4613729,99,60,22,24,24,3.7597312927246094,69.5,70.5,7.858
1765486314.662568,0,15,17,15,13,3.759136199951172,68.5,70.0,5.368
1765486314.8635106,0,15,17,15,13,3.759136199951172,68.5,70.0,5.368
1765486315.0645394,99,50,42,27,36,3.758800506591797,70.0,70.5,7.475
1765486315.265472,99,50,42,27,36,3.758800506591797,70.0,70.5,7.475
1765486315.466253,99,50,42,27,36,3.758800506591797,70.0,70.5,7.475
1765486315.6672432,99,19,19,18,18,3.7595787048339844,69.5,70.0,6.339
1765486315.8683696,99,19,19,18,18,3.7595787048339844,69.5,70.0,6.339
1765486316.069297,99,64,25,18,21,3.7602005004882812,69.5,70.5,7.739
1765486316.27038,99,64,25,18,21,3.7602005004882812,69.5,70.5,7.739
1765486316.4712281,99,64,25,18,21,3.7602005004882812,69.5,70.5,7.739
1765486316.672663,94,21,12,11,15,3.7601470947265625,69.5,69.5,6.259
1765486316.8767738,94,21,12,11,15,3.7601470947265625,69.5,69.5,6.259
1765486317.0778422,99,59,62,39,62,3.7632789611816406,70.0,71.5,9.086
1765486317.2791398,99,59,62,39,62,3.7632789611816406,70.0,71.5,9.086
1765486317.4802473,99,59,62,39,62,3.7632789611816406,70.0,71.5,9.086
1765486317.681192,99,41,18,52,46,3.762279510498047,69.5,70.5,8.003
1765486317.8821895,99,41,18,52,46,3.762279510498047,69.5,70.5,8.003
1765486318.0832956,99,33,34,65,42,3.76104736328125,69.5,71.5,8.344
1765486318.2845604,99,33,34,65,42,3.76104736328125,69.5,71.5,8.344
1765486318.4855793,99,33,34,65,42,3.76104736328125,69.5,71.5,8.344
1765486318.6865733,98,21,23,23,14,3.7613983154296875,69.5,70.5,7.514
1765486318.887721,98,21,23,23,14,3.7613983154296875,69.5,70.5,7.514
1765486319.0888414,99,43,40,46,42,3.7626190185546875,69.5,71.5,9.267
1765486319.2898262,99,43,40,46,42,3.7626190185546875,69.5,71.5,9.267
1765486319.4910715,99,43,40,46,42,3.7626190185546875,69.5,71.5,9.267
1765486319.692197,99,22,16,17,24,3.762676239013672,69.5,71.0,8.566
1765486319.8931234,99,22,16,17,24,3.762676239013672,69.5,71.0,8.566
1765486320.0944552,99,50,38,50,38,3.7622604370117188,69.5,71.5,9.204
1765486320.2954369,99,50,38,50,38,3.7622604370117188,69.5,71.5,9.204
1765486320.4964936,99,50,38,50,38,3.7622604370117188,69.5,71.5,9.204
1765486320.6977704,99,31,25,21,22,3.762645721435547,69.5,70.5,7.779
1765486320.8986974,99,31,25,21,22,3.762645721435547,69.5,70.5,7.779
1765486321.1017835,99,36,37,38,42,3.7632522583007812,69.5,71.5,8.709
1765486321.3026898,99,36,37,38,42,3.7632522583007812,69.5,71.5,8.709
1765486321.5035694,99,36,37,38,42,3.7632522583007812,69.5,71.5,8.709
1765486321.7047756,99,20,13,17,28,3.7630844116210938,70.0,70.5,7.633
1765486321.9057794,99,20,13,17,28,3.7630844116210938,70.0,70.5,7.633
1765486322.106903,99,47,37,46,28,3.763378143310547,69.5,71.0,8.042
1765486322.3078582,99,47,37,46,28,3.763378143310547,69.5,71.0,8.042
1765486322.50897,99,47,37,46,28,3.763378143310547,69.5,71.0,8.042
1765486322.7101128,99,48,31,29,23,3.7634658813476562,70.0,71.0,8.2
1765486322.9111898,99,48,31,29,23,3.7634658813476562,70.0,71.0,8.2
1765486323.1128006,99,48,31,29,23,3.7634658813476562,70.0,71.0,8.2
1765486323.313949,99,34,28,26,30,3.764751434326172,69.5,71.0,7.739
1765486323.514841,99,34,28,26,30,3.764751434326172,69.5,71.0,7.739
1765486323.715899,98,22,20,25,38,3.7637557983398438,69.5,70.5,7.593
1765486323.918025,98,22,20,25,38,3.7637557983398438,69.5,70.5,7.593
1765486324.1189852,98,22,20,25,38,3.7637557983398438,69.5,70.5,7.593
1765486324.320257,97,32,32,28,44,3.764293670654297,69.0,71.0,6.983
1765486324.5214088,97,32,32,28,44,3.764293670654297,69.0,71.0,6.983
1765486324.722579,99,53,26,21,16,3.7644577026367188,70.0,70.5,8.121
1765486324.9237254,99,53,26,21,16,3.7644577026367188,70.0,70.5,8.121
1765486325.124764,99,53,26,21,16,3.7644577026367188,70.0,70.5,8.121
1765486325.3259294,84,21,23,33,30,3.765064239501953,69.5,70.5,7.17
1765486325.5270162,84,21,23,33,30,3.765064239501953,69.5,70.5,7.17
1765486325.7284167,99,28,39,42,26,3.764751434326172,69.5,70.5,7.593
1765486325.9296162,99,28,39,42,26,3.764751434326172,69.5,70.5,7.593
1765486326.1307263,99,28,39,42,26,3.764751434326172,69.5,70.5,7.593
1765486326.331792,8,31,38,28,33,3.764781951904297,69.0,70.5,6.459
1765486326.5331938,8,31,38,28,33,3.764781951904297,69.0,70.5,6.459
1765486326.7342196,99,22,16,58,18,3.765522003173828,70.0,71.0,8.081
1765486326.9384863,99,22,16,58,18,3.765522003173828,70.0,71.0,8.081
1765486327.139546,99,22,16,58,18,3.765522003173828,70.0,71.0,8.081
1765486327.3406713,0,22,26,19,15,3.764423370361328,68.5,70.0,5.528
1765486327.541889,0,22,26,19,15,3.764423370361328,68.5,70.0,5.528
1765486327.742975,99,30,38,35,40,3.7657852172851562,69.5,70.5,7.249
1765486327.9447534,99,30,38,35,40,3.7657852172851562,69.5,70.5,7.249
1765486328.145647,99,30,38,35,40,3.7657852172851562,69.5,70.5,7.249
1765486328.346581,40,38,26,22,27,3.7657852172851562,69.0,70.0,6.15
1765486328.547463,40,38,26,22,27,3.7657852172851562,69.0,70.0,6.15
1765486328.7487764,99,64,21,16,20,3.7667198181152344,70.0,70.5,8.042
1765486328.950038,99,64,21,16,20,3.7667198181152344,70.0,70.5,8.042
1765486329.1511083,99,64,21,16,20,3.7667198181152344,70.0,70.5,8.042
1765486329.3522174,99,24,26,14,14,3.7661972045898438,69.5,70.0,6.409
1765486329.5532908,99,24,26,14,14,3.7661972045898438,69.5,70.0,6.409
1765486329.7542524,99,40,47,29,30,3.7662353515625,70.0,70.5,7.328
1765486329.955251,99,40,47,29,30,3.7662353515625,70.0,70.5,7.328
1765486330.1561756,99,40,47,29,30,3.7662353515625,70.0,70.5,7.328
1765486330.3595686,97,21,18,26,26,3.76629638671875,70.0,70.5,6.488
1765486330.5606828,97,21,18,26,26,3.76629638671875,70.0,70.5,6.488
1765486330.76178,99,21,31,56,14,3.7661170959472656,70.0,70.5,7.633
1765486330.9627967,99,21,31,56,14,3.7661170959472656,70.0,70.5,7.633
1765486331.163715,99,21,31,56,14,3.7661170959472656,70.0,70.5,7.633
1765486331.364803,99,33,16,26,21,3.7672119140625,69.5,70.0,6.716
1765486331.565897,99,33,16,26,21,3.7672119140625,69.5,70.0,6.716
1765486331.7669854,99,40,58,36,35,3.7672653198242188,69.5,70.5,7.673
1765486331.9681075,99,40,58,36,35,3.7672653198242188,69.5,70.5,7.673
1765486332.1690526,99,40,58,36,35,3.7672653198242188,69.5,70.5,7.673
1765486332.3699882,99,22,20,20,23,3.7685203552246094,70.0,70.5,7.779
1765486332.5710747,99,22,20,20,23,3.7685203552246094,70.0,70.5,7.779
1765486332.7720435,99,26,27,26,60,3.7677459716796875,70.0,70.5,7.621
1765486332.973093,99,26,27,26,60,3.7677459716796875,70.0,70.5,7.621
1765486333.1741123,99,26,27,26,60,3.7677459716796875,70.0,70.5,7.621
1765486333.375045,99,19,22,35,23,3.7680625915527344,69.5,70.5,7.142
1765486333.5763342,99,19,22,35,23,3.7680625915527344,69.5,70.5,7.142
1765486333.7773337,99,31,36,38,65,3.7683448791503906,70.0,71.0,8.042
1765486333.9783416,99,31,36,38,65,3.7683448791503906,70.0,71.0,8.042
1765486334.179408,99,31,36,38,65,3.7683448791503906,70.0,71.0,8.042
1765486334.380595,99,31,14,14,16,3.7695350646972656,70.0,71.0,7.818
1765486334.5817766,99,31,14,14,16,3.7695350646972656,70.0,71.0,7.818
1765486334.7826126,99,35,32,70,30,3.7679786682128906,70.0,70.5,8.265
1765486334.983781,99,35,32,70,30,3.7679786682128906,70.0,70.5,8.265
1765486335.1851394,99,35,32,70,30,3.7679786682128906,70.0,70.5,8.265
1765486335.3861728,98,22,35,16,22,3.762004852294922,70.0,70.5,7.514
1765486335.587134,98,22,35,16,22,3.762004852294922,70.0,70.5,7.514
1765486335.7882166,98,22,35,16,22,3.762004852294922,70.0,70.5,7.514
1765486335.9892302,99,43,30,30,53,3.762035369873047,70.0,71.5,8.748
1765486336.1904125,99,43,30,30,53,3.762035369873047,70.0,71.5,8.748
1765486336.3913326,99,16,18,23,17,3.762165069580078,70.0,71.0,8.042
1765486336.5925481,99,16,18,23,17,3.762165069580078,70.0,71.0,8.042
1765486336.7936602,99,16,18,23,17,3.762165069580078,70.0,71.0,8.042
1765486336.9946268,99,31,30,73,32,3.7624053955078125,70.0,71.0,8.344
1765486337.1957734,99,31,30,73,32,3.7624053955078125,70.0,71.0,8.344
1765486337.3967488,99,18,28,18,25,3.7631797790527344,69.5,70.5,7.514
1765486337.5978189,99,18,28,18,25,3.7631797790527344,69.5,70.5,7.514
1765486337.7988548,99,18,28,18,25,3.7631797790527344,69.5,70.5,7.514
1765486337.9998167,99,44,32,38,23,3.7640113830566406,70.0,71.5,8.827
1765486338.2008302,99,44,32,38,23,3.7640113830566406,70.0,71.5,8.827
1765486338.4017892,99,16,17,15,27,3.7625885009765625,70.0,70.5,7.818
1765486338.6068838,99,16,17,15,27,3.7625885009765625,70.0,70.5,7.818
1765486338.8079627,99,16,17,15,27,3.7625885009765625,70.0,70.5,7.818
1765486339.0089488,99,26,24,28,75,3.7634735107421875,69.5,71.5,8.265
1765486339.2100754,99,26,24,28,75,3.7634735107421875,69.5,71.5,8.265
1765486339.4111502,99,35,21,25,18,3.7638092041015625,69.5,71.0,8.16
1765486339.613778,99,35,21,25,18,3.7638092041015625,69.5,71.0,8.16
1765486339.8149955,99,35,21,25,18,3.7638092041015625,69.5,71.0,8.16
1765486340.0162652,98,30,49,16,28,3.7644004821777344,69.5,71.5,8.605
1765486340.217281,98,30,49,16,28,3.7644004821777344,69.5,71.5,8.605
1765486340.4183514,99,25,26,22,23,3.7644805908203125,70.0,70.5,7.924
1765486340.6194298,99,25,26,22,23,3.7644805908203125,70.0,70.5,7.924
1765486340.8205488,99,25,26,22,23,3.7644805908203125,70.0,70.5,7.924
1765486341.0214355,99,28,57,26,20,3.7646865844726562,69.5,70.5,7.963
1765486341.2224753,99,28,57,26,20,3.7646865844726562,69.5,70.5,7.963
1765486341.423704,98,26,26,28,29,3.7652359008789062,70.0,71.0,8.304
1765486341.6247866,98,26,26,28,29,3.7652359008789062,70.0,71.0,8.304
1765486341.8258824,98,26,26,28,29,3.7652359008789062,70.0,71.0,8.304
1765486342.027274,99,35,39,16,14,3.764659881591797,69.5,70.5,8.003
1765486342.2291982,99,35,39,16,14,3.764659881591797,69.5,70.5,8.003
1765486342.43049,99,32,22,20,25,3.7649993896484375,70.0,71.0,7.739
1765486342.6313984,99,32,22,20,25,3.7649993896484375,70.0,71.0,7.739
1765486342.832328,99,32,22,20,25,3.7649993896484375,70.0,71.0,7.739
1765486343.0345547,99,28,36,33,46,3.765777587890625,69.5,70.5,7.514
1765486343.235619,99,28,36,33,46,3.765777587890625,69.5,70.5,7.514
1765486343.4366808,99,20,44,16,31,3.7666397094726562,70.0,71.5,8.709
1765486343.6377575,99,20,44,16,31,3.7666397094726562,70.0,71.5,8.709
1765486343.838993,99,20,44,16,31,3.7666397094726562,70.0,71.5,8.709
1765486344.0404003,99,20,20,37,22,3.7654266357421875,69.0,71.0,7.633
1765486344.2414072,99,20,20,37,22,3.7654266357421875,69.0,71.0,7.633
1765486344.4424958,99,36,24,39,48,3.76593017578125,70.0,71.0,7.633
1765486344.6435356,99,36,24,39,48,3.76593017578125,70.0,71.0,7.633
1765486344.8446672,99,36,24,39,48,3.76593017578125,70.0,71.0,7.633
1765486345.0462635,99,36,30,26,30,3.76654052734375,69.5,71.5,8.042
1765486345.2473032,99,36,30,26,30,3.76654052734375,69.5,71.5,8.042
1765486345.448602,99,44,17,24,10,3.7665481567382812,69.5,70.5,7.858
1765486345.6496365,99,44,17,24,10,3.7665481567382812,69.5,70.5,7.858
1765486345.8506463,99,44,17,24,10,3.7665481567382812,69.5,70.5,7.858
1765486346.051754,99,30,25,24,34,3.766368865966797,69.0,71.5,7.289
1765486346.2528834,99,30,25,24,34,3.766368865966797,69.0,71.5,7.289
1765486346.4537747,99,36,23,28,50,3.766735076904297,69.5,70.5,7.7
1765486346.6549158,99,36,23,28,50,3.766735076904297,69.5,70.5,7.7
1765486346.8559978,99,36,23,28,50,3.766735076904297,69.5,70.5,7.7
1765486347.0570912,0,23,26,24,23,3.768115997314453,69.0,71.0,6.07
1765486347.2581532,0,23,26,24,23,3.768115997314453,69.0,71.0,6.07
1765486347.4594042,0,23,26,24,23,3.768115997314453,69.0,71.0,6.07
1765486347.6607306,99,36,52,24,28,3.7669334411621094,69.5,70.0,7.249
1765486347.861817,99,36,52,24,28,3.7669334411621094,69.5,70.0,7.249
1765486348.0629132,99,26,26,24,23,3.7675094604492188,69.5,71.0,6.608
1765486348.2641456,99,26,26,24,23,3.7675094604492188,69.5,71.0,6.608
1765486348.4650226,99,26,26,24,23,3.7675094604492188,69.5,71.0,6.608
1765486348.6660032,99,35,61,27,30,3.7681045532226562,69.5,70.5,7.7
1765486348.866958,99,35,61,27,30,3.7681045532226562,69.5,70.5,7.7
1765486349.0681195,99,10,18,18,10,3.7685317993164062,69.5,71.0,7.593
1765486349.2691877,99,10,18,18,10,3.7685317993164062,69.5,71.0,7.593
1765486349.4702067,99,10,18,18,10,3.7685317993164062,69.5,71.0,7.593
1765486349.6712987,99,50,34,30,28,3.768310546875,70.0,70.5,7.368
1765486349.872582,99,50,34,30,28,3.768310546875,70.0,70.5,7.368
1765486350.0737655,99,20,22,23,22,3.7683944702148438,69.0,70.5,6.676
1765486350.2749062,99,20,22,23,22,3.7683944702148438,69.0,70.5,6.676
1765486350.4761846,99,20,22,23,22,3.7683944702148438,69.0,70.5,6.676
1765486350.677293,99,70,30,34,80,3.7635574340820312,70.0,71.5,9.047
1765486350.8782165,99,70,30,34,80,3.7635574340820312,70.0,71.5,9.047
1765486351.0794404,99,13,23,8,15,3.764484405517578,69.5,70.5,6.994
1765486351.2805173,99,13,23,8,15,3.764484405517578,69.5,70.5,6.994
1765486351.4815109,99,13,23,8,15,3.764484405517578,69.5,70.5,6.994
1765486351.682479,99,54,38,40,28,3.765003204345703,69.5,70.5,7.633
1765486351.883508,99,54,38,40,28,3.765003204345703,69.5,70.5,7.633
1765486352.0845516,99,25,18,26,22,3.765972137451172,69.5,70.5,6.955
1765486352.2855816,99,25,18,26,22,3.765972137451172,69.5,70.5,6.955
1765486352.4866436,99,25,18,26,22,3.765972137451172,69.5,70.5,6.955
1765486352.687604,99,20,27,68,34,3.7670364379882812,70.0,71.0,8.448
1765486352.888677,99,20,27,68,34,3.7670364379882812,70.0,71.0,8.448
1765486353.0901885,99,16,14,27,15,3.7664718627929688,69.5,70.5,6.528
1765486353.291321,99,16,14,27,15,3.7664718627929688,69.5,70.5,6.528
1765486353.4923978,99,16,14,27,15,3.7664718627929688,69.5,70.5,6.528
1765486353.6934938,99,29,46,41,38,3.7658958435058594,69.5,70.5,7.328
1765486353.8945992,99,29,46,41,38,3.7658958435058594,69.5,70.5,7.328
1765486354.095666,19,16,22,22,22,3.76617431640625,70.0,70.0,6.448
1765486354.2966783,19,16,22,22,22,3.76617431640625,70.0,70.0,6.448
1765486354.4976726,19,16,22,22,22,3.76617431640625,70.0,70.0,6.448
1765486354.6987998,99,20,10,16,62,3.7679061889648438,70.0,71.0,7.633
1765486354.8998404,99,20,10,16,62,3.7679061889648438,70.0,71.0,7.633
1765486355.1007335,99,18,10,25,10,3.767536163330078,69.5,70.0,5.568
1765486355.3019753,99,18,10,25,10,3.767536163330078,69.5,70.0,5.568
1765486355.5029426,99,18,10,25,10,3.767536163330078,69.5,70.0,5.568
1765486355.704156,99,41,51,33,30,3.7681045532226562,70.0,70.5,7.289
1765486355.9051912,99,41,51,33,30,3.7681045532226562,70.0,70.5,7.289
1765486356.1061788,96,17,12,21,25,3.7685928344726562,70.0,71.0,6.756
1765486356.3073666,96,17,12,21,25,3.7685928344726562,70.0,71.0,6.756
1765486356.5086768,96,17,12,21,25,3.7685928344726562,70.0,71.0,6.756
1765486356.7098086,99,22,12,57,12,3.767749786376953,69.5,70.5,7.328
1765486356.9108164,99,22,12,57,12,3.767749786376953,69.5,70.5,7.328
1765486357.1142666,90,12,21,16,12,3.7688140869140625,70.0,70.0,6.299
1765486357.315311,90,12,21,16,12,3.7688140869140625,70.0,70.0,6.299
1765486357.5162752,90,12,21,16,12,3.7688140869140625,70.0,70.0,6.299
1765486357.7171838,99,27,63,22,22,3.7692413330078125,70.0,70.5,7.593
1765486357.9181051,99,27,63,22,22,3.7692413330078125,70.0,70.5,7.593
1765486358.1191666,99,27,63,22,22,3.7692413330078125,70.0,70.5,7.593
1765486358.320297,99,14,10,18,26,3.7699012756347656,69.5,71.0,7.818
1765486358.5212348,99,14,10,18,26,3.7699012756347656,69.5,71.0,7.818
1765486358.7222583,99,21,58,16,18,3.7694053649902344,70.5,70.5,7.673
1765486358.9233701,99,21,58,16,18,3.7694053649902344,70.5,70.5,7.673
1765486359.124435,99,21,58,16,18,3.7694053649902344,70.5,70.5,7.673
1765486359.3254507,99,18,16,19,14,3.7701034545898438,70.0,70.5,7.182
1765486359.5265915,99,18,16,19,14,3.7701034545898438,70.0,70.5,7.182
1765486359.7275538,99,30,47,32,23,3.7699050903320312,70.0,71.0,8.003
1765486359.9286802,99,30,47,32,23,3.7699050903320312,70.0,71.0,8.003
1765486360.129763,99,30,47,32,23,3.7699050903320312,70.0,71.0,8.003
1765486360.3307047,99,11,8,14,9,3.7702903747558594,69.5,70.5,7.408
1765486360.5375648,99,11,8,14,9,3.7702903747558594,69.5,70.5,7.408
1765486360.7385008,99,33,38,72,45,3.7682266235351562,70.0,71.5,8.645
1765486360.9396126,99,33,38,72,45,3.7682266235351562,70.0,71.5,8.645
1765486361.1408143,99,33,38,72,45,3.7682266235351562,70.0,71.5,8.645
1765486361.3417227,99,79,50,39,45,3.7654075622558594,70.0,70.5,8.003
1765486361.5426462,99,79,50,39,45,3.7654075622558594,70.0,70.5,8.003
1765486361.7436337,99,26,18,24,54,3.7667274475097656,69.5,71.0,8.226
1765486361.9446015,99,26,18,24,54,3.7667274475097656,69.5,71.0,8.226
1765486362.1458414,99,26,18,24,54,3.7667274475097656,69.5,71.0,8.226
1765486362.3469868,99,26,25,18,33,3.7658615112304688,70.0,71.0,8.383
1765486362.5481563,99,26,25,18,33,3.7658615112304688,70.0,71.0,8.383
1765486362.7494829,99,46,47,52,64,3.7662353515625,69.5,71.0,8.16
1765486362.9508038,99,46,47,52,64,3.7662353515625,69.5,71.0,8.16
1765486363.151978,99,46,47,52,64,3.7662353515625,69.5,71.0,8.16
1765486363.3531358,99,45,46,52,52,3.766857147216797,70.5,71.0,8.866
1765486363.5540926,99,45,46,52,52,3.766857147216797,70.5,71.0,8.866
1765486363.7550032,99,22,18,28,21,3.767688751220703,70.0,71.5,8.121
1765486363.95595,99,22,18,28,21,3.767688751220703,70.0,71.5,8.121
1765486364.157004,99,22,18,28,21,3.767688751220703,70.0,71.5,8.121
1765486364.3581147,99,29,30,37,26,3.7672348022460938,69.5,70.5,8.16
1765486364.5590096,99,29,30,37,26,3.7672348022460938,69.5,70.5,8.16
1765486364.760169,99,35,29,36,20,3.7674179077148438,69.5,71.5,7.7
1765486364.961205,99,35,29,36,20,3.7674179077148438,69.5,71.5,7.7
1765486365.1623073,99,35,29,36,20,3.7674179077148438,69.5,71.5,7.7
1765486365.3634455,99,21,18,48,32,3.7671775817871094,70.0,71.5,8.684
1765486365.5645173,99,21,18,48,32,3.7671775817871094,70.0,71.5,8.684
1765486365.7659671,99,32,18,15,22,3.7683753967285156,70.0,71.5,8.16
1765486365.9669032,99,32,18,15,22,3.7683753967285156,70.0,71.5,8.16
1765486366.1680048,99,32,18,15,22,3.7683753967285156,70.0,71.5,8.16
1765486366.3690658,99,22,33,34,37,3.767864227294922,70.0,70.5,8.042
1765486366.5701685,99,22,33,34,37,3.767864227294922,70.0,70.5,8.042
1765486366.7716234,99,29,48,36,44,3.765514373779297,69.5,71.0,7.7
1765486366.9729173,99,29,48,36,44,3.765514373779297,69.5,71.0,7.7
1765486367.1741006,99,29,48,36,44,3.765514373779297,69.5,71.0,7.7
1765486367.375299,99,34,37,62,30,3.7674331665039062,70.0,72.0,9.189
1765486367.5764282,99,34,37,62,30,3.7674331665039062,70.0,72.0,9.189
1765486367.7870789,99,45,40,30,32,3.767047882080078,69.5,71.0,7.408
1765486367.990152,99,45,40,30,32,3.767047882080078,69.5,71.0,7.408
1765486368.1918302,99,45,40,30,32,3.767047882080078,69.5,71.0,7.408
1765486368.3936682,99,36,47,51,57,3.7674026489257812,70.0,71.0,8.16
1765486368.5977645,99,36,47,51,57,3.7674026489257812,70.0,71.0,8.16
1765486368.8048623,42,46,42,48,44,3.767658233642578,69.5,71.5,6.994
1765486369.010182,42,46,42,48,44,3.767658233642578,69.5,71.5,6.994
1765486369.213702,42,46,42,48,44,3.767658233642578,69.5,71.5,6.994
1765486369.4148235,99,47,43,47,56,3.768627166748047,70.0,71.5,8.304
1765486369.6158152,99,47,43,47,56,3.768627166748047,70.0,71.5,8.304
1765486369.8172953,0,40,35,40,34,3.7677841186523438,69.5,71.0,6.11
1765486370.0201533,0,40,35,40,34,3.7677841186523438,69.5,71.0,6.11
1765486370.229947,0,40,35,40,34,3.7677841186523438,69.5,71.0,6.11
1765486370.431242,99,62,56,55,76,3.768321990966797,70.0,71.0,8.16
1765486370.632596,99,62,56,55,76,3.768321990966797,70.0,71.0,8.16
1765486370.8401668,99,34,36,35,40,3.769214630126953,69.5,71.0,7.963
1765486371.0412745,99,34,36,35,40,3.769214630126953,69.5,71.0,7.963
1765486371.242222,99,34,36,35,40,3.769214630126953,69.5,71.0,7.963
1765486371.4435544,99,64,26,28,30,3.769878387451172,69.5,71.0,7.976
1765486371.6450188,99,64,26,28,30,3.769878387451172,69.5,71.0,7.976
1765486371.8459973,99,64,26,28,30,3.769878387451172,69.5,71.0,7.976
1765486372.0471516,99,35,39,28,35,3.7691802978515625,69.5,70.5,6.955
1765486372.248177,99,35,39,28,35,3.7691802978515625,69.5,70.5,6.955
1765486372.4490736,99,70,53,74,58,3.769390106201172,70.0,71.0,7.963
1765486372.6504836,99,70,53,74,58,3.769390106201172,70.0,71.0,7.963
1765486372.8526812,99,70,53,74,58,3.769390106201172,70.0,71.0,7.963
1765486373.0538394,20,33,30,36,39,3.7703094482421875,69.0,71.5,6.15
1765486373.2551596,20,33,30,36,39,3.7703094482421875,69.0,71.5,6.15
1765486373.4562452,99,57,66,50,55,3.76959228515625,69.5,71.0,7.937
1765486373.657564,99,57,66,50,55,3.76959228515625,69.5,71.0,7.937
1765486373.8613737,99,57,66,50,55,3.76959228515625,69.5,71.0,7.937
1765486374.068062,90,27,30,39,35,3.770172119140625,69.5,70.5,6.983
1765486374.2692218,90,27,30,39,35,3.770172119140625,69.5,70.5,6.983
1765486374.4701595,99,64,71,65,60,3.7704505920410156,70.0,71.0,8.239
1765486374.6712015,99,64,71,65,60,3.7704505920410156,70.0,71.0,8.239
1765486374.8723648,99,64,71,65,60,3.7704505920410156,70.0,71.0,8.239
1765486375.0743203,99,19,10,16,13,3.7709693908691406,69.5,71.0,7.447
1765486375.2754285,99,19,10,16,13,3.7709693908691406,69.5,71.0,7.447
1765486375.4766228,99,40,32,30,68,3.769977569580078,70.0,71.5,8.239
1765486375.6776135,99,40,32,30,68,3.769977569580078,70.0,71.5,8.239
1765486375.8787894,99,40,32,30,68,3.769977569580078,70.0,71.5,8.239
1765486376.079796,99,26,24,19,19,3.7707443237304688,69.5,70.5,7.182
1765486376.2810113,99,26,24,19,19,3.7707443237304688,69.5,70.5,7.182
1765486376.482059,99,30,31,31,73,3.772258758544922,70.0,71.5,9.126
1765486376.6830587,99,30,31,31,73,3.772258758544922,70.0,71.5,9.126
1765486376.8844867,99,30,31,31,73,3.772258758544922,70.0,71.5,9.126
1765486377.0856273,98,30,24,26,28,3.77020263671875,70.0,71.5,8.042
1765486377.2869267,98,30,24,26,28,3.77020263671875,70.0,71.5,8.042
1765486377.48829,98,65,64,83,57,3.7717971801757812,70.0,71.5,8.748
1765486377.6893644,98,65,64,83,57,3.7717971801757812,70.0,71.5,8.748
1765486377.8905427,98,65,64,83,57,3.7717971801757812,70.0,71.5,8.748
1765486378.0914817,99,31,29,30,38,3.7718582153320312,70.0,71.0,8.423
1765486378.2928221,99,31,29,30,38,3.7718582153320312,70.0,71.0,8.423
1765486378.4939144,99,54,53,50,66,3.7720909118652344,70.0,71.5,9.008
1765486378.695071,99,54,53,50,66,3.7720909118652344,70.0,71.5,9.008
1765486378.8961298,99,54,53,50,66,3.7720909118652344,70.0,71.5,9.008
1765486379.0971103,99,30,37,32,28,3.7721595764160156,70.0,71.0,7.779
1765486379.2982018,99,30,37,32,28,3.7721595764160156,70.0,71.0,7.779
1765486379.4991605,99,58,50,52,78,3.772327423095703,70.0,71.0,8.121
1765486379.7003477,99,58,50,52,78,3.772327423095703,70.0,71.0,8.121
1765486379.9014099,99,58,50,52,78,3.772327423095703,70.0,71.0,8.121
1765486380.1023424,98,30,19,25,22,3.772563934326172,69.5,71.0,7.858
1765486380.3034525,98,30,19,25,22,3.772563934326172,69.5,71.0,7.858
1765486380.5046654,99,30,31,55,43,3.7730979919433594,70.0,71.5,8.709
1765486380.7058706,99,30,31,55,43,3.7730979919433594,70.0,71.5,8.709
1765486380.9121983,99,30,31,55,43,3.7730979919433594,70.0,71.5,8.709
1765486381.113242,98,23,20,18,20,3.773242950439453,70.0,71.0,7.475
1765486381.3207812,98,23,20,18,20,3.773242950439453,70.0,71.0,7.475
1765486381.521848,99,43,38,56,30,3.773040771484375,70.0,72.0,7.924
1765486381.7231808,99,43,38,56,30,3.773040771484375,70.0,72.0,7.924
1765486381.9243937,99,43,38,56,30,3.773040771484375,70.0,72.0,7.924
1765486382.1254232,99,24,21,29,23,3.7740631103515625,70.0,71.0,8.684
1765486382.3267758,99,24,21,29,23,3.7740631103515625,70.0,71.0,8.684
1765486382.5277746,99,28,21,54,31,3.7731475830078125,70.0,72.0,8.121
1765486382.7288368,99,28,21,54,31,3.7731475830078125,70.0,72.0,8.121
1765486382.9300377,99,28,21,54,31,3.7731475830078125,70.0,72.0,8.121
1765486383.1311584,99,26,26,28,23,3.77362060546875,70.0,71.0,8.383
1765486383.3322003,99,26,26,28,23,3.77362060546875,70.0,71.0,8.383
1765486383.533192,99,31,36,33,46,3.7734832763671875,70.0,71.0,8.186
1765486383.7340906,99,31,36,33,46,3.7734832763671875,70.0,71.0,8.186
1765486383.935278,99,31,36,33,46,3.7734832763671875,70.0,71.0,8.186
1765486384.1364913,98,32,17,14,20,3.7741355895996094,70.0,72.0,8.566
1765486384.3374512,98,32,17,14,20,3.7741355895996094,70.0,72.0,8.566
1765486384.5385711,98,32,17,14,20,3.7741355895996094,70.0,72.0,8.566
1765486384.7398221,99,44,28,24,20,3.7737350463867188,69.5,71.0,7.779
1765486384.9411416,99,44,28,24,20,3.7737350463867188,69.5,71.0,7.779
1765486385.1422107,99,55,21,23,25,3.774578094482422,70.0,71.5,8.787
1765486385.3431244,99,55,21,23,25,3.774578094482422,70.0,71.5,8.787
1765486385.5442178,99,55,21,23,25,3.774578094482422,70.0,71.5,8.787
1765486385.7453473,99,30,32,32,32,3.774829864501953,70.0,71.5,8.16
1765486385.9462664,99,30,32,32,32,3.774829864501953,70.0,71.5,8.16
1765486386.1473022,99,37,10,20,14,3.7749366760253906,70.5,71.5,8.487
1765486386.3483274,99,37,10,20,14,3.7749366760253906,70.5,71.5,8.487
1765486386.549403,99,37,10,20,14,3.7749366760253906,70.5,71.5,8.487
1765486386.7505167,99,27,28,28,32,3.7670059204101562,69.5,72.0,7.063
1765486386.9518497,99,27,28,28,32,3.7670059204101562,69.5,72.0,7.063
1765486387.1533678,99,32,28,65,34,3.776683807373047,70.5,72.5,9.189
1765486387.354456,99,32,28,65,34,3.776683807373047,70.5,72.5,9.189
1765486387.5555048,99,32,28,65,34,3.776683807373047,70.5,72.5,9.189
1765486387.7567425,0,43,36,48,39,3.7775802612304688,69.5,71.5,6.299
1765486387.9578917,0,43,36,48,39,3.7775802612304688,69.5,71.5,6.299
1765486388.1592162,99,56,41,48,40,3.7765579223632812,70.5,71.5,8.566
1765486388.3603652,99,56,41,48,40,3.7765579223632812,70.5,71.5,8.566
1765486388.561288,99,56,41,48,40,3.7765579223632812,70.5,71.5,8.566
1765486388.7623863,97,41,52,36,42,3.776927947998047,70.0,71.0,6.608
1765486388.9632936,97,41,52,36,42,3.776927947998047,70.0,71.0,6.608
1765486389.1642962,99,44,65,53,40,3.77642822265625,70.5,71.0,7.858
1765486389.3654277,99,44,65,53,40,3.77642822265625,70.5,71.0,7.858
1765486389.5665247,99,44,65,53,40,3.77642822265625,70.5,71.0,7.858
1765486389.7676432,91,14,20,19,12,3.7768516540527344,70.0,71.0,6.796
1765486389.9686656,91,14,20,19,12,3.7768516540527344,70.0,71.0,6.796
1765486390.1696117,99,32,64,35,36,3.7771148681640625,70.0,71.5,7.858
1765486390.370685,99,32,64,35,36,3.7771148681640625,70.0,71.5,7.858
1765486390.5715277,99,32,64,35,36,3.7771148681640625,70.0,71.5,7.858
1765486390.7727404,80,15,26,12,13,3.7778854370117188,69.5,70.5,6.03
1765486390.9741237,80,15,26,12,13,3.7778854370117188,69.5,70.5,6.03
1765486391.1750913,99,25,73,35,25,3.7775039672851562,70.5,71.5,8.645
1765486391.3762364,99,25,73,35,25,3.7775039672851562,70.5,71.5,8.645
1765486391.5770817,99,25,73,35,25,3.7775039672851562,70.5,71.5,8.645
1765486391.777994,99,12,9,12,11,3.7773094177246094,70.0,71.0,6.289
1765486391.9790688,99,12,9,12,11,3.7773094177246094,70.0,71.0,6.289
1765486392.1802773,99,32,32,63,38,3.777782440185547,70.5,71.0,7.633
1765486392.3836608,99,32,32,63,38,3.777782440185547,70.5,71.0,7.633
1765486392.5845616,99,32,32,63,38,3.777782440185547,70.5,71.0,7.633
1765486392.7858083,73,23,22,23,26,3.778430938720703,69.5,70.5,5.528
1765486392.9870589,73,23,22,23,26,3.778430938720703,69.5,70.5,5.528
1765486393.1887765,73,23,22,23,26,3.778430938720703,69.5,70.5,5.528
1765486393.3900135,99,29,38,22,68,3.7791824340820312,70.0,71.5,8.383
1765486393.59093,99,29,38,22,68,3.7791824340820312,70.0,71.5,8.383
1765486393.7918947,84,12,6,6,10,3.7786941528320312,69.5,70.0,5.568
1765486393.9933326,84,12,6,6,10,3.7786941528320312,69.5,70.0,5.568
1765486394.1943593,84,12,6,6,10,3.7786941528320312,69.5,70.0,5.568
1765486394.395466,99,38,60,40,38,3.7789154052734375,70.5,71.0,7.487
1765486394.596517,99,38,60,40,38,3.7789154052734375,70.5,71.0,7.487
1765486394.7988963,99,27,12,18,15,3.7791366577148438,70.0,70.5,6.07
1765486395.000119,99,27,12,18,15,3.7791366577148438,70.0,70.5,6.07
1765486395.2015622,99,27,12,18,15,3.7791366577148438,70.0,70.5,6.07
1765486395.4026701,99,37,34,42,62,3.7722091674804688,70.0,71.5,8.605
1765486395.6038146,99,37,34,42,62,3.7722091674804688,70.0,71.5,8.605
1765486395.8048203,98,10,15,14,12,3.7715225219726562,70.0,70.5,7.182
1765486396.0059948,98,10,15,14,12,3.7715225219726562,70.0,70.5,7.182
1765486396.2071557,98,10,15,14,12,3.7715225219726562,70.0,70.5,7.182
1765486396.4082146,99,37,55,42,42,3.7721939086914062,70.5,71.0,8.042
1765486396.609354,99,37,55,42,42,3.7721939086914062,70.5,71.0,8.042
1765486396.8103309,99,31,28,13,16,3.7626991271972656,70.0,71.5,8.2
1765486397.011518,99,31,28,13,16,3.7626991271972656,70.0,71.5,8.2
1765486397.2127645,99,31,28,13,16,3.7626991271972656,70.0,71.5,8.2
1765486397.4137383,99,46,42,46,65,3.771892547607422,70.0,71.5,8.969
1765486397.614822,99,46,42,46,65,3.771892547607422,70.0,71.5,8.969
1765486397.8160324,99,45,38,38,36,3.773040771484375,70.0,71.5,8.042
1765486398.01701,99,45,38,38,36,3.773040771484375,70.0,71.5,8.042
1765486398.2183516,99,45,38,38,36,3.773040771484375,70.0,71.5,8.042
1765486398.4200711,99,60,63,62,68,3.7739791870117188,70.0,73.0,9.424
1765486398.6219318,99,60,63,62,68,3.7739791870117188,70.0,73.0,9.424
1765486398.8228853,99,31,36,32,40,3.7742347717285156,70.5,72.0,8.462
1765486399.0238345,99,31,36,32,40,3.7742347717285156,70.5,72.0,8.462
1765486399.2250216,99,31,36,32,40,3.7742347717285156,70.5,72.0,8.462
1765486399.425959,99,62,28,15,35,3.7730331420898438,70.0,71.5,8.265
1765486399.62699,99,62,28,15,35,3.7730331420898438,70.0,71.5,8.265
1765486399.828457,98,22,25,22,32,3.774425506591797,70.0,71.0,7.408
1765486400.0295799,98,22,25,22,32,3.774425506591797,70.0,71.0,7.408
1765486400.2307465,98,22,25,22,32,3.774425506591797,70.0,71.0,7.408
1765486400.431817,99,48,40,33,55,3.7743492126464844,70.0,71.5,8.684
1765486400.6330082,99,48,40,33,55,3.7743492126464844,70.0,71.5,8.684
1765486400.8341517,98,16,16,11,12,3.775104522705078,70.0,71.5,8.003
1765486401.0352168,98,16,16,11,12,3.775104522705078,70.0,71.5,8.003
1765486401.2425714,98,16,16,11,12,3.775104522705078,70.0,71.5,8.003
1765486401.4437737,99,42,19,46,47,3.7744522094726562,70.5,71.5,8.042
1765486401.644834,99,42,19,46,47,3.7744522094726562,70.5,71.5,8.042
1765486401.8458478,99,22,36,19,23,3.7750625610351562,70.0,70.5,7.554
1765486402.0467622,99,22,36,19,23,3.7750625610351562,70.0,70.5,7.554
1765486402.2479033,99,22,36,19,23,3.7750625610351562,70.0,70.5,7.554
1765486402.4491026,99,40,39,27,35,3.775726318359375,70.5,72.0,8.527
1765486402.650035,99,40,39,27,35,3.775726318359375,70.5,72.0,8.527
1765486402.851008,98,34,10,17,20,3.77459716796875,70.0,71.0,7.593
1765486403.0520365,98,34,10,17,20,3.77459716796875,70.0,71.0,7.593
1765486403.2531824,98,34,10,17,20,3.77459716796875,70.0,71.0,7.593
1765486403.4543083,99,35,65,22,30,3.7749252319335938,70.0,71.0,8.16
1765486403.6552002,99,35,65,22,30,3.7749252319335938,70.0,71.0,8.16
1765486403.8561454,99,36,21,24,16,3.7749404907226562,70.0,71.0,7.673
1765486404.0570598,99,36,21,24,16,3.7749404907226562,70.0,71.0,7.673
1765486404.2578437,99,36,21,24,16,3.7749404907226562,70.0,71.0,7.673
1765486404.4588957,99,32,52,30,31,3.7752685546875,70.5,71.5,8.709
1765486404.660133,99,32,52,30,31,3.7752685546875,70.5,71.5,8.709
1765486404.8612452,99,32,52,30,31,3.7752685546875,70.5,71.5,8.709
1765486405.0625603,98,23,25,17,10,3.775135040283203,70.0,71.0,7.475
1765486405.2649145,98,23,25,17,10,3.775135040283203,70.0,71.0,7.475
1765486405.466194,99,28,35,37,48,3.7743301391601562,70.0,71.0,8.081
1765486405.667221,99,28,35,37,48,3.7743301391601562,70.0,71.0,8.081
1765486405.868251,99,28,35,37,48,3.7743301391601562,70.0,71.0,8.081
1765486406.0696638,99,18,41,16,18,3.7752914428710938,70.5,71.5,8.2
1765486406.2710104,99,18,41,16,18,3.7752914428710938,70.5,71.5,8.2
1765486406.4722772,99,23,39,36,16,3.775218963623047,70.0,71.0,8.2
1765486406.6734195,99,23,39,36,16,3.775218963623047,70.0,71.0,8.2
1765486406.8746204,99,23,39,36,16,3.775218963623047,70.0,71.0,8.2
1765486407.0758533,99,30,36,22,39,3.7764511108398438,70.5,71.0,8.003
1765486407.2785165,99,30,36,22,39,3.7764511108398438,70.5,71.0,8.003
1765486407.4796524,99,71,59,63,60,3.7773056030273438,70.5,72.5,8.984
1765486407.681091,99,71,59,63,60,3.7773056030273438,70.5,72.5,8.984
1765486407.882103,99,71,59,63,60,3.7773056030273438,70.5,72.5,8.984
1765486408.0830603,98,38,38,49,36,3.778148651123047,70.5,72.5,8.944
1765486408.2840436,98,38,38,49,36,3.778148651123047,70.5,72.5,8.944
1765486408.4852426,99,29,45,37,43,3.7775726318359375,70.0,71.5,8.042
1765486408.68634,99,29,45,37,43,3.7775726318359375,70.0,71.5,8.042
1765486408.88742,99,29,45,37,43,3.7775726318359375,70.0,71.5,8.042
1765486409.088814,99,25,22,24,41,3.7775840759277344,70.5,71.5,8.134
1765486409.2898743,99,25,22,24,41,3.7775840759277344,70.5,71.5,8.134
1765486409.4910228,99,31,40,43,41,3.777984619140625,70.5,72.0,8.344
1765486409.6924062,99,31,40,43,41,3.777984619140625,70.5,72.0,8.344
1765486409.893514,99,31,40,43,41,3.777984619140625,70.5,72.0,8.344
1765486410.0946808,99,17,35,14,15,3.77850341796875,70.5,71.5,8.645
1765486410.295858,99,17,35,14,15,3.77850341796875,70.5,71.5,8.645
1765486410.4970224,73,36,29,36,31,3.7854385375976562,69.0,72.0,6.03
1765486410.6982436,73,36,29,36,31,3.7854385375976562,69.0,72.0,6.03
1765486410.8991847,73,36,29,36,31,3.7854385375976562,69.0,72.0,6.03
1765486411.1002245,99,46,32,38,33,3.780139923095703,70.5,71.0,7.673
1765486411.3011339,99,46,32,38,33,3.780139923095703,70.5,71.0,7.673
1765486411.5023122,69,29,24,39,24,3.779865264892578,70.0,71.0,6.796
1765486411.7034805,69,29,24,39,24,3.779865264892578,70.0,71.0,6.796
1765486411.9045675,69,29,24,39,24,3.779865264892578,70.0,71.0,6.796
1765486412.1055365,99,32,17,58,19,3.79095458984375,70.0,71.0,7.673
1765486412.3066158,99,32,17,58,19,3.79095458984375,70.0,71.0,7.673
1765486412.5075536,99,18,30,24,28,3.7913055419921875,70.0,71.0,7.301
1765486412.7087986,99,18,30,24,28,3.7913055419921875,70.0,71.0,7.301
1765486412.9098523,99,18,30,24,28,3.7913055419921875,70.0,71.0,7.301
1765486413.110855,99,39,38,29,56,3.7911148071289062,70.5,71.5,8.16
1765486413.3118937,99,39,38,29,56,3.7911148071289062,70.5,71.5,8.16
1765486413.5130563,98,30,18,21,14,3.7923927307128906,70.5,71.5,7.897
1765486413.7140586,98,30,18,21,14,3.7923927307128906,70.5,71.5,7.897
1765486413.9151297,98,30,18,21,14,3.7923927307128906,70.5,71.5,7.897
1765486414.116301,99,25,26,55,25,3.7915420532226562,70.5,71.0,7.791
1765486414.317429,99,25,26,55,25,3.7915420532226562,70.5,71.0,7.791
1765486414.5191073,98,23,20,17,14,3.791156768798828,70.5,71.0,7.21
1765486414.720253,98,23,20,17,14,3.791156768798828,70.5,71.0,7.21
1765486414.9213905,98,23,20,17,14,3.791156768798828,70.5,71.0,7.21
1765486415.122305,99,46,33,29,43,3.791393280029297,71.0,71.0,8.2
1765486415.3233843,99,46,33,29,43,3.791393280029297,71.0,71.0,8.2
1765486415.5245123,99,46,33,29,43,3.791393280029297,71.0,71.0,8.2
1765486415.730763,98,23,15,18,15,3.7919921875,70.5,71.5,7.633
1765486415.9331827,98,23,15,18,15,3.7919921875,70.5,71.5,7.633
1765486416.1342552,99,30,64,34,30,3.7914390563964844,70.5,71.0,8.16
1765486416.335177,99,30,64,34,30,3.7914390563964844,70.5,71.0,8.16
1765486416.5363069,99,30,64,34,30,3.7914390563964844,70.5,71.0,8.16
1765486416.7428539,99,30,16,20,16,3.791553497314453,70.5,71.0,7.063
1765486416.9441576,99,30,16,20,16,3.791553497314453,70.5,71.0,7.063
1765486417.1477075,99,32,42,27,63,3.7914352416992188,71.0,72.5,9.165
1765486417.3488615,99,32,42,27,63,3.7914352416992188,71.0,72.5,9.165
1765486417.5498486,99,32,42,27,63,3.7914352416992188,71.0,72.5,9.165
1765486417.752876,98,14,12,10,8,3.7911834716796875,70.0,71.0,7.21
1765486417.9539835,98,14,12,10,8,3.7911834716796875,70.0,71.0,7.21
1765486418.1552925,99,26,25,69,32,3.7917709350585938,70.5,71.5,8.383
1765486418.3563864,99,26,25,69,32,3.7917709350585938,70.5,71.5,8.383
1765486418.5575037,99,26,25,69,32,3.7917709350585938,70.5,71.5,8.383
1765486418.7586489,98,23,17,19,28,3.7920074462890625,70.5,71.0,7.21
1765486418.9597323,98,23,17,19,28,3.7920074462890625,70.5,71.0,7.21
1765486419.1615577,99,27,28,73,25,3.792407989501953,70.5,72.0,9.204
1765486419.362501,99,27,28,73,25,3.792407989501953,70.5,72.0,9.204
1765486419.5635505,99,27,28,73,25,3.792407989501953,70.5,72.0,9.204
1765486419.7648084,99,26,21,10,12,3.791767120361328,70.5,71.0,7.487
1765486419.965871,99,26,21,10,12,3.791767120361328,70.5,71.0,7.487
1765486420.1669405,99,44,30,56,39,3.7919921875,70.5,71.5,8.527
1765486420.36827,99,44,30,56,39,3.7919921875,70.5,71.5,8.527
1765486420.569317,99,44,30,56,39,3.7919921875,70.5,71.5,8.527
1765486420.7705712,99,26,14,21,17,3.7920989990234375,71.0,71.5,7.593
1765486420.9716618,99,26,14,21,17,3.7920989990234375,71.0,71.5,7.593
1765486421.172628,99,62,32,18,14,3.7919654846191406,70.5,72.0,8.763
1765486421.3736966,99,62,32,18,14,3.7919654846191406,70.5,72.0,8.763
1765486421.5747917,99,62,32,18,14,3.7919654846191406,70.5,72.0,8.763
1765486421.7764382,99,18,17,24,10,3.7922134399414062,70.5,71.0,7.142
1765486421.9835427,99,18,17,24,10,3.7922134399414062,70.5,71.0,7.142
1765486422.1846514,99,69,51,73,52,3.7894020080566406,71.0,73.0,9.525
1765486422.385743,99,69,51,73,52,3.7894020080566406,71.0,73.0,9.525
1765486422.5867298,99,69,51,73,52,3.7894020080566406,71.0,73.0,9.525
1765486422.7876515,99,28,12,24,16,3.7881202697753906,70.5,72.0,8.121
1765486422.9887824,99,28,12,24,16,3.7881202697753906,70.5,72.0,8.121
1765486423.189888,99,20,67,20,30,3.787952423095703,71.0,72.0,8.645
1765486423.3909621,99,20,67,20,30,3.787952423095703,71.0,72.0,8.645
1765486423.5918434,99,20,67,20,30,3.787952423095703,71.0,72.0,8.645
1765486423.7928407,99,20,19,12,16,3.7881851196289062,70.0,71.0,7.249
1765486423.9939764,99,20,19,12,16,3.7881851196289062,70.0,71.0,7.249
1765486424.1950674,99,34,46,49,58,3.788715362548828,70.5,71.5,8.787
1765486424.3962126,99,34,46,49,58,3.788715362548828,70.5,71.5,8.787
1765486424.5973194,99,34,46,49,58,3.788715362548828,70.5,71.5,8.787
1765486424.7983067,98,15,10,15,12,3.7889556884765625,70.5,72.0,7.739
1765486424.9994133,98,15,10,15,12,3.7889556884765625,70.5,72.0,7.739
1765486425.2004092,99,50,56,22,28,3.7884063720703125,71.0,71.5,8.239
1765486425.401499,99,50,56,22,28,3.7884063720703125,71.0,71.5,8.239
1765486425.602734,99,50,56,22,28,3.7884063720703125,71.0,71.5,8.239
1765486425.8037508,99,19,19,16,15,3.7892227172851562,70.5,71.5,7.408
1765486426.0048838,99,19,19,16,15,3.7892227172851562,70.5,71.5,7.408
1765486426.2061257,99,41,34,56,42,3.78997802734375,71.0,72.5,9.126
1765486426.4070873,99,41,34,56,42,3.78997802734375,71.0,72.5,9.126
1765486426.6083488,99,41,34,56,42,3.78997802734375,71.0,72.5,9.126
1765486426.809303,99,20,10,10,23,3.7894554138183594,71.0,71.0,7.976
1765486427.0102787,99,20,10,10,23,3.7894554138183594,71.0,71.0,7.976
1765486427.2111304,98,42,71,27,35,3.7898941040039062,70.5,71.5,8.501
1765486427.4122622,98,42,71,27,35,3.7898941040039062,70.5,71.5,8.501
1765486427.6132362,98,42,71,27,35,3.7898941040039062,70.5,71.5,8.501
1765486427.8142736,99,19,16,14,27,3.790294647216797,71.0,71.0,7.739
1765486428.0153155,99,19,16,14,27,3.790294647216797,71.0,71.0,7.739
1765486428.2166426,99,19,16,14,27,3.790294647216797,71.0,71.0,7.739
1765486428.4176946,99,36,38,55,26,3.7915077209472656,71.0,72.5,8.723
1765486428.6187522,99,36,38,55,26,3.7915077209472656,71.0,72.5,8.723
1765486428.819801,99,10,11,14,11,3.7903518676757812,70.5,71.0,7.368
1765486429.0210054,99,10,11,14,11,3.7903518676757812,70.5,71.0,7.368
1765486429.222004,99,10,11,14,11,3.7903518676757812,70.5,71.0,7.368
1765486429.422966,99,36,38,63,38,3.7909927368164062,70.5,72.5,8.645
1765486429.6241047,99,36,38,63,38,3.7909927368164062,70.5,72.5,8.645
1765486429.8251257,99,18,19,17,32,3.7911224365234375,71.0,71.5,7.368
1765486430.0262394,99,18,19,17,32,3.7911224365234375,71.0,71.5,7.368
1765486430.2274132,99,18,19,17,32,3.7911224365234375,71.0,71.5,7.368
1765486430.4284651,99,31,52,31,31,3.791595458984375,70.5,72.0,8.684
1765486430.6295211,99,31,52,31,31,3.791595458984375,70.5,72.0,8.684
1765486430.8305664,99,20,21,17,24,3.7914047241210938,70.5,71.0,7.368
1765486431.0314798,99,20,21,17,24,3.7914047241210938,70.5,71.0,7.368
1765486431.2325706,99,20,21,17,24,3.7914047241210938,70.5,71.0,7.368
1765486431.4337394,99,41,60,36,26,3.7919654846191406,70.5,71.5,8.121
1765486431.634694,99,41,60,36,26,3.7919654846191406,70.5,71.5,8.121
1765486431.8357506,99,23,22,23,20,3.7919158935546875,71.0,72.0,8.16
1765486432.0369987,99,23,22,23,20,3.7919158935546875,71.0,72.0,8.16
1765486432.238203,99,23,22,23,20,3.7919158935546875,71.0,72.0,8.16
1765486432.4391131,99,50,43,24,23,3.791706085205078,71.0,71.5,8.462
1765486432.640117,99,50,43,24,23,3.791706085205078,71.0,71.5,8.462
1765486432.8411665,99,24,18,30,22,3.7927703857421875,71.0,71.0,7.566
1765486433.0421786,99,24,18,30,22,3.7927703857421875,71.0,71.0,7.566
1765486433.2468681,99,24,18,30,22,3.7927703857421875,71.0,71.0,7.566
1765486433.448654,99,52,44,56,51,3.77069091796875,70.5,73.5,9.463
1765486433.6496322,99,52,44,56,51,3.77069091796875,70.5,73.5,9.463
1765486433.850724,99,14,18,20,28,3.7713394165039062,70.5,72.0,8.239
1765486434.051687,99,14,18,20,28,3.7713394165039062,70.5,72.0,8.239
1765486434.252795,99,14,18,20,28,3.7713394165039062,70.5,72.0,8.239
1765486434.453842,99,27,26,51,26,3.77093505859375,70.5,71.5,7.976
1765486434.6546962,99,27,26,51,26,3.77093505859375,70.5,71.5,7.976
1765486434.85574,98,14,18,37,21,3.7712364196777344,71.0,71.0,7.673
1765486435.0564656,98,14,18,37,21,3.7712364196777344,71.0,71.0,7.673
1765486435.2591105,98,14,18,37,21,3.7712364196777344,71.0,71.0,7.673
1765486435.4603348,99,39,31,44,40,3.7716751098632812,70.5,71.5,8.016
1765486435.6613712,99,39,31,44,40,3.7716751098632812,70.5,71.5,8.016
1765486435.8624444,99,18,15,40,14,3.772045135498047,70.5,71.0,8.121
1765486436.063566,99,18,15,40,14,3.772045135498047,70.5,71.0,8.121
1765486436.264553,99,18,15,40,14,3.772045135498047,70.5,71.0,8.121
1765486436.4655588,99,39,29,36,29,3.7719078063964844,70.5,72.5,7.66
1765486436.6665697,99,39,29,36,29,3.7719078063964844,70.5,72.5,7.66
1765486436.8679013,99,39,29,36,29,3.7719078063964844,70.5,72.5,7.66
1765486437.0690563,99,16,14,43,23,3.7722625732421875,71.0,71.5,7.897
1765486437.2700303,99,16,14,43,23,3.7722625732421875,71.0,71.5,7.897
1765486437.4711256,99,35,32,31,40,3.7728538513183594,70.5,71.5,7.897
1765486437.6722329,99,35,32,31,40,3.7728538513183594,70.5,71.5,7.897
1765486437.8731728,99,35,32,31,40,3.7728538513183594,70.5,71.5,7.897
1765486438.0742223,99,14,14,36,14,3.772491455078125,70.5,71.5,7.673
1765486438.2754488,99,14,14,36,14,3.772491455078125,70.5,71.5,7.673
1765486438.4764528,99,34,35,42,36,3.7726669311523438,70.5,72.5,7.712
1765486438.677421,99,34,35,42,36,3.7726669311523438,70.5,72.5,7.712
1765486438.878508,99,34,35,42,36,3.7726669311523438,70.5,72.5,7.712
1765486439.0795264,99,52,12,21,20,3.7728500366210938,70.5,71.5,7.712
1765486439.2805517,99,52,12,21,20,3.7728500366210938,70.5,71.5,7.712
1765486439.481722,99,34,45,27,24,3.7733688354492188,70.5,73.0,7.963
1765486439.6826422,99,34,45,27,24,3.7733688354492188,70.5,73.0,7.963
1765486439.8841846,99,34,45,27,24,3.7733688354492188,70.5,73.0,7.963
1765486440.0854108,99,34,21,17,22,3.772613525390625,70.5,71.5,7.963
1765486440.286454,99,34,21,17,22,3.772613525390625,70.5,71.5,7.963
1765486440.487819,81,34,35,37,48,3.7735633850097656,69.5,72.0,6.22
1765486440.689567,81,34,35,37,48,3.7735633850097656,69.5,72.0,6.22
1765486440.89059,81,34,35,37,48,3.7735633850097656,69.5,72.0,6.22
1765486441.0916255,99,22,52,23,25,3.7743186950683594,71.0,71.5,7.593
1765486441.292525,99,22,52,23,25,3.7743186950683594,71.0,71.5,7.593
1765486441.4937308,0,30,20,12,26,3.7751388549804688,70.0,71.5,5.99
1765486441.6951087,0,30,20,12,26,3.7751388549804688,70.0,71.5,5.99
1765486441.8960593,0,30,20,12,26,3.7751388549804688,70.0,71.5,5.99
1765486442.0971308,99,22,50,25,23,3.7744102478027344,71.0,71.5,7.289
1765486442.2981446,99,22,50,25,23,3.7744102478027344,71.0,71.5,7.289
1765486442.50036,0,25,20,37,31,3.774402618408203,70.0,71.5,6.339
1765486442.7014587,0,25,20,37,31,3.774402618408203,70.0,71.5,6.339
1765486442.902885,0,25,20,37,31,3.774402618408203,70.0,71.5,6.339
1765486443.1039586,99,28,56,18,27,3.7751083374023438,71.0,71.5,8.081
1765486443.3050697,99,28,56,18,27,3.7751083374023438,71.0,71.5,8.081
1765486443.506598,99,28,56,18,27,3.7751083374023438,71.0,71.5,8.081
1765486443.707671,0,17,19,21,20,3.7747154235839844,70.0,71.5,6.15
1765486443.9086657,0,17,19,21,20,3.7747154235839844,70.0,71.5,6.15
1765486444.1097155,99,29,38,36,27,3.7753982543945312,70.5,71.0,7.328
1765486444.3106675,99,29,38,36,27,3.7753982543945312,70.5,71.0,7.328
1765486444.5120325,99,29,38,36,27,3.7753982543945312,70.5,71.0,7.328
1765486444.7130935,0,28,30,37,25,3.7762985229492188,70.0,71.0,5.377
1765486444.913993,0,28,30,37,25,3.7762985229492188,70.0,71.0,5.377
1765486445.116481,99,56,26,36,18,3.778369903564453,70.5,71.5,8.121
1765486445.3176837,99,56,26,36,18,3.778369903564453,70.5,71.5,8.121
1765486445.518704,99,56,26,36,18,3.778369903564453,70.5,71.5,8.121
1765486445.7196898,7,27,15,20,16,3.778106689453125,70.0,71.0,4.983
1765486445.9208057,7,27,15,20,16,3.778106689453125,70.0,71.0,4.983
1765486446.121901,99,34,63,30,32,3.778423309326172,71.0,71.5,7.527
1765486446.3229914,99,34,63,30,32,3.778423309326172,71.0,71.5,7.527
1765486446.5240712,99,34,63,30,32,3.778423309326172,71.0,71.5,7.527
1765486446.7252107,99,22,28,22,22,3.779052734375,70.5,71.5,7.182
1765486446.9261565,99,22,28,22,22,3.779052734375,70.5,71.5,7.182
1765486447.1272848,99,24,24,68,19,3.7797508239746094,70.5,72.0,8.344
1765486447.3288357,99,24,24,68,19,3.7797508239746094,70.5,72.0,8.344
1765486447.5298524,99,24,24,68,19,3.7797508239746094,70.5,72.0,8.344
1765486447.7310877,99,18,18,12,26,3.779132843017578,70.5,72.0,7.063
1765486447.932099,99,18,18,12,26,3.779132843017578,70.5,72.0,7.063
1765486448.1330476,99,32,30,57,35,3.7789878845214844,70.5,71.5,7.779
1765486448.3341,99,32,30,57,35,3.7789878845214844,70.5,71.5,7.779
1765486448.5354834,99,32,30,57,35,3.7789878845214844,70.5,71.5,7.779
1765486448.7365365,99,23,29,27,18,3.7796554565429688,71.0,72.5,8.304
1765486448.9375546,99,23,29,27,18,3.7796554565429688,71.0,72.5,8.304
1765486449.138836,99,19,12,20,54,3.779285430908203,71.0,71.5,7.779
1765486449.340125,99,19,12,20,54,3.779285430908203,71.0,71.5,7.779
1765486449.541243,99,19,12,20,54,3.779285430908203,71.0,71.5,7.779
1765486449.7421565,99,28,22,31,32,3.7784805297851562,70.5,71.5,7.249
1765486449.9450366,99,28,22,31,32,3.7784805297851562,70.5,71.5,7.249
1765486450.1463501,99,33,27,41,61,3.7798004150390625,71.0,72.5,8.605
1765486450.3472924,99,33,27,41,61,3.7798004150390625,71.0,72.5,8.605
1765486450.5482845,99,33,27,41,61,3.7798004150390625,71.0,72.5,8.605
1765486450.7493887,98,17,18,26,13,3.780689239501953,71.0,71.5,7.858
1765486450.9503975,98,17,18,26,13,3.780689239501953,71.0,71.5,7.858
1765486451.1512957,99,25,19,66,22,3.7801551818847656,71.0,71.5,8.383
1765486451.3524904,99,25,19,66,22,3.7801551818847656,71.0,71.5,8.383
1765486451.5535858,99,25,19,66,22,3.7801551818847656,71.0,71.5,8.383
1765486451.754646,99,24,26,17,22,3.7803115844726562,71.0,71.5,7.633
1765486451.955688,99,24,26,17,22,3.7803115844726562,71.0,71.5,7.633
1765486452.1568816,99,38,40,57,36,3.7807884216308594,71.0,72.5,9.267
1765486452.3579462,99,38,40,57,36,3.7807884216308594,71.0,72.5,9.267
1765486452.5590603,99,38,40,57,36,3.7807884216308594,71.0,72.5,9.267
1765486452.7601151,99,20,19,16,12,3.7811965942382812,71.0,72.0,7.897
1765486452.9612055,99,20,19,16,12,3.7811965942382812,71.0,72.0,7.897
1765486453.1621304,99,36,67,30,28,3.7806129455566406,71.0,72.5,8.827
1765486453.363126,99,36,67,30,28,3.7806129455566406,71.0,72.5,8.827
1765486453.5642498,99,36,67,30,28,3.7806129455566406,71.0,72.5,8.827
1765486453.7651587,99,23,14,22,24,3.7810325622558594,70.5,72.0,7.818
1765486453.9663286,99,23,14,22,24,3.7810325622558594,70.5,72.0,7.818
1765486454.1675434,99,23,14,22,24,3.7810325622558594,70.5,72.0,7.818
1765486454.3684835,98,30,48,57,30,3.7818641662597656,71.0,72.5,9.047
1765486454.5694613,98,30,48,57,30,3.7818641662597656,71.0,72.5,9.047
1765486454.7705793,99,14,14,14,13,3.7815780639648438,70.5,72.0,7.937
1765486454.9716117,99,14,14,14,13,3.7815780639648438,70.5,72.0,7.937
1765486455.1726065,99,14,14,14,13,3.7815780639648438,70.5,72.0,7.937
1765486455.3736346,98,31,22,66,39,3.7813377380371094,71.0,73.0,8.748
1765486455.5746238,98,31,22,66,39,3.7813377380371094,71.0,73.0,8.748
1765486455.7761855,99,19,19,25,20,3.781391143798828,70.5,71.5,7.818
1765486455.9773803,99,19,19,25,20,3.781391143798828,70.5,71.5,7.818
1765486456.1790893,99,19,19,25,20,3.781391143798828,70.5,71.5,7.818
1765486456.3801246,99,32,36,32,50,3.7828025817871094,71.0,72.5,9.282
1765486456.581102,99,32,36,32,50,3.7828025817871094,71.0,72.5,9.282
1765486456.7820852,99,26,17,23,20,3.7829208374023438,71.0,71.5,7.328
1765486456.982961,99,26,17,23,20,3.7829208374023438,71.0,71.5,7.328
1765486457.184212,99,26,17,23,20,3.7829208374023438,71.0,71.5,7.328
1765486457.3853292,99,36,63,50,34,3.782947540283203,71.0,72.0,8.383
1765486457.5866854,99,36,63,50,34,3.782947540283203,71.0,72.0,8.383
1765486457.787813,98,17,28,22,18,3.7833900451660156,71.0,71.5,7.937
1765486457.9887784,98,17,28,22,18,3.7833900451660156,71.0,71.5,7.937
1765486458.1898024,98,17,28,22,18,3.7833900451660156,71.0,71.5,7.937
1765486458.3906777,99,33,27,52,23,3.7834625244140625,71.0,73.0,8.462
1765486458.5917747,99,33,27,52,23,3.7834625244140625,71.0,73.0,8.462
1765486458.7938373,98,18,27,25,22,3.783679962158203,70.5,71.5,7.475
1765486458.9949207,98,18,27,25,22,3.783679962158203,70.5,71.5,7.475
1765486459.196188,98,18,27,25,22,3.783679962158203,70.5,71.5,7.475
1765486459.3970995,99,50,38,38,46,3.7835731506347656,71.0,72.0,8.541
1765486459.5980997,99,50,38,38,46,3.7835731506347656,71.0,72.0,8.541
1765486459.7994392,98,27,30,22,22,3.7844772338867188,71.0,72.5,8.487
1765486460.0006566,98,27,30,22,22,3.7844772338867188,71.0,72.5,8.487
1765486460.2017932,98,27,30,22,22,3.7844772338867188,71.0,72.5,8.487
1765486460.4027865,99,35,21,55,29,3.784282684326172,71.0,72.5,8.344
1765486460.603774,99,35,21,55,29,3.784282684326172,71.0,72.5,8.344
1765486460.804986,98,22,20,25,30,3.7844200134277344,71.0,71.5,7.527
1765486461.0061512,98,22,20,25,30,3.7844200134277344,71.0,71.5,7.527
1765486461.2071369,98,22,20,25,30,3.7844200134277344,71.0,71.5,7.527
1765486461.4084132,99,47,46,42,36,3.78424072265625,71.0,72.5,8.501
1765486461.609474,99,47,46,42,36,3.78424072265625,71.0,72.5,8.501
1765486461.8106663,99,16,12,20,15,3.7854843139648438,70.5,72.0,8.2
1765486462.0117278,99,16,12,20,15,3.7854843139648438,70.5,72.0,8.2
1765486462.2130358,99,16,12,20,15,3.7854843139648438,70.5,72.0,8.2
1765486462.4142416,99,44,37,46,38,3.7844772338867188,70.5,73.0,8.984
1765486462.6152215,99,44,37,46,38,3.7844772338867188,70.5,73.0,8.984
1765486462.8163888,99,29,25,21,38,3.784687042236328,71.0,72.0,8.081
1765486463.0172641,99,29,25,21,38,3.784687042236328,71.0,72.0,8.081
1765486463.2186012,99,29,25,21,38,3.784687042236328,71.0,72.0,8.081
1765486463.4196787,99,34,34,36,35,3.785358428955078,71.0,72.5,8.787
1765486463.6206827,99,34,34,36,35,3.785358428955078,71.0,72.5,8.787
1765486463.8217473,99,34,34,36,35,3.785358428955078,71.0,72.5,8.787
1765486464.0227354,99,14,16,22,23,3.784381866455078,70.5,71.5,7.514
1765486464.223794,99,14,16,22,23,3.784381866455078,70.5,71.5,7.514
1765486464.4249632,99,38,50,28,36,3.784465789794922,71.0,72.0,8.121
1765486464.626007,99,38,50,28,36,3.784465789794922,71.0,72.0,8.121
1765486464.8270442,99,38,50,28,36,3.784465789794922,71.0,72.0,8.121
1765486465.0282,99,20,24,40,22,3.785205841064453,71.0,72.0,7.937
1765486465.229907,99,20,24,40,22,3.785205841064453,71.0,72.0,7.937
1765486465.4315832,99,34,32,29,26,3.7859268188476562,70.5,72.5,8.121
1765486465.6327782,99,34,32,29,26,3.7859268188476562,70.5,72.5,8.121
1765486465.8339558,99,34,32,29,26,3.7859268188476562,70.5,72.5,8.121
1765486466.0351708,99,24,18,23,36,3.7850799560546875,70.5,72.0,7.858
1765486466.2362554,99,24,18,23,36,3.7850799560546875,70.5,72.0,7.858
1765486466.4373229,99,40,25,39,36,3.7859115600585938,71.0,73.0,7.937
1765486466.6383557,99,40,25,39,36,3.7859115600585938,71.0,73.0,7.937
1765486466.8393931,99,40,25,39,36,3.7859115600585938,71.0,73.0,7.937
1765486467.0405328,99,18,16,42,14,3.7863540649414062,71.0,72.0,7.897
1765486467.2415318,99,18,16,42,14,3.7863540649414062,71.0,72.0,7.897
1765486467.4427288,99,24,28,41,24,3.786651611328125,70.5,73.0,7.976
1765486467.6436565,99,24,28,41,24,3.786651611328125,70.5,73.0,7.976
1765486467.8446903,99,24,28,41,24,3.786651611328125,70.5,73.0,7.976
1765486468.04579,99,19,29,27,40,3.7859878540039062,71.0,72.0,7.712
1765486468.2468102,99,19,29,27,40,3.7859878540039062,71.0,72.0,7.712
1765486468.4481363,0,33,29,41,45,3.778484344482422,70.0,71.5,5.337
1765486468.6492288,0,33,29,41,45,3.778484344482422,70.0,71.5,5.337
1765486468.8502157,0,33,29,41,45,3.778484344482422,70.0,71.5,5.337
1765486469.0511715,99,16,21,17,66,3.778942108154297,71.0,72.0,8.121
1765486469.2523236,99,16,21,17,66,3.778942108154297,71.0,72.0,8.121
1765486469.453565,87,18,36,14,22,3.778766632080078,70.5,71.5,6.727
1765486469.654567,87,18,36,14,22,3.778766632080078,70.5,71.5,6.727
1765486469.8558385,87,18,36,14,22,3.778766632080078,70.5,71.5,6.727
1765486470.056936,99,42,46,34,25,3.7796974182128906,71.0,71.5,7.712
1765486470.258041,99,42,46,34,25,3.7796974182128906,71.0,71.5,7.712
1765486470.4603248,99,31,22,37,24,3.7799148559570312,70.5,72.0,6.608
1765486470.6612685,99,31,22,37,24,3.7799148559570312,70.5,72.0,6.608
1765486470.862502,99,31,22,37,24,3.7799148559570312,70.5,72.0,6.608
1765486471.0643184,99,27,62,24,22,3.7807769775390625,71.0,72.5,8.16
1765486471.2654076,99,27,62,24,22,3.7807769775390625,71.0,72.5,8.16
1765486471.4662256,0,12,19,23,24,3.780078887939453,70.5,71.5,5.8
1765486471.6676462,0,12,19,23,24,3.780078887939453,70.5,71.5,5.8
1765486471.8735962,0,12,19,23,24,3.780078887939453,70.5,71.5,5.8
1765486472.0747738,99,34,34,51,29,3.780048370361328,71.0,71.5,7.328
1765486472.2758436,99,34,34,51,29,3.780048370361328,71.0,71.5,7.328
1765486472.4770594,0,27,30,33,26,3.7803268432617188,70.5,71.5,6.11
1765486472.678196,0,27,30,33,26,3.7803268432617188,70.5,71.5,6.11
1765486472.879145,0,27,30,33,26,3.7803268432617188,70.5,71.5,6.11
1765486473.0815952,99,61,23,20,21,3.780872344970703,71.0,72.5,7.858
1765486473.282653,99,61,23,20,21,3.780872344970703,71.0,72.5,7.858
1765486473.484146,75,27,21,19,16,3.7805137634277344,70.5,71.5,5.528
1765486473.6854136,75,27,21,19,16,3.7805137634277344,70.5,71.5,5.528
1765486473.886583,75,27,21,19,16,3.7805137634277344,70.5,71.5,5.528
1765486474.087581,99,56,42,40,29,3.7799224853515625,71.0,72.0,7.447
1765486474.288697,99,56,42,40,29,3.7799224853515625,71.0,72.0,7.447
1765486474.4897947,80,21,26,27,20,3.781177520751953,70.5,72.0,6.687
1765486474.690868,80,21,26,27,20,3.781177520751953,70.5,72.0,6.687
1765486474.8921943,80,21,26,27,20,3.781177520751953,70.5,72.0,6.687
1765486475.0935524,99,26,14,20,56,3.7804298400878906,71.0,72.0,7.566
1765486475.294769,99,26,14,20,56,3.7804298400878906,71.0,72.0,7.566
1765486475.49603,99,25,23,19,27,3.7813453674316406,71.0,71.5,6.19
1765486475.6970952,99,25,23,19,27,3.7813453674316406,71.0,71.5,6.19
1765486475.8983197,99,25,23,19,27,3.7813453674316406,71.0,71.5,6.19
1765486476.0995061,99,39,61,37,29,3.781536102294922,71.0,72.0,7.673
1765486476.3005636,99,39,61,37,29,3.781536102294922,71.0,72.0,7.673
1765486476.501542,99,39,61,37,29,3.781536102294922,71.0,72.0,7.673
1765486476.7026818,90,18,20,16,18,3.7823104858398438,71.0,72.5,7.527
1765486476.9036486,90,18,20,16,18,3.7823104858398438,71.0,72.5,7.527
1765486477.1045835,99,32,25,62,27,3.781566619873047,71.0,72.0,7.779
1765486477.3055658,99,32,25,62,27,3.781566619873047,71.0,72.0,7.779
1765486477.5064385,99,32,25,62,27,3.781566619873047,71.0,72.0,7.779
1765486477.7073302,99,29,23,24,20,3.7813758850097656,70.5,72.0,6.796
1765486477.9085047,99,29,23,24,20,3.7813758850097656,70.5,72.0,6.796
1765486478.1095047,99,30,29,64,29,3.7817611694335938,71.0,72.5,8.383
1765486478.3105907,99,30,29,64,29,3.7817611694335938,71.0,72.5,8.383
1765486478.5121126,99,30,29,64,29,3.7817611694335938,71.0,72.5,8.383
1765486478.7132995,99,20,12,16,12,3.781513214111328,71.0,72.0,7.249
1765486478.9142907,99,20,12,16,12,3.781513214111328,71.0,72.0,7.249
1765486479.1154304,99,28,20,37,68,3.7814598083496094,71.0,72.0,7.673
1765486479.3164692,99,28,20,37,68,3.7814598083496094,71.0,72.0,7.673
1765486479.5174868,99,28,20,37,68,3.7814598083496094,71.0,72.0,7.673
1765486479.7186785,99,30,29,26,34,3.7820472717285156,71.0,72.0,7.408
1765486479.9197474,99,30,29,26,34,3.7820472717285156,71.0,72.0,7.408
1765486480.120679,99,29,24,32,62,3.782604217529297,71.0,72.5,8.905
1765486480.3216565,99,29,24,32,62,3.782604217529297,71.0,72.5,8.905
1765486480.5225832,99,29,24,32,62,3.782604217529297,71.0,72.5,8.905
1765486480.7235177,98,12,18,6,22,3.7819252014160156,71.0,71.5,7.21
1765486480.9246113,98,12,18,6,22,3.7819252014160156,71.0,71.5,7.21
1765486481.125575,99,32,36,35,66,3.781719207763672,71.5,72.0,8.304
1765486481.3268714,99,32,36,35,66,3.781719207763672,71.5,72.0,8.304
1765486481.5277948,99,32,36,35,66,3.781719207763672,71.5,72.0,8.304
1765486481.728751,98,21,21,28,18,3.7819290161132812,71.0,71.5,7.408
1765486481.929771,98,21,21,28,18,3.7819290161132812,71.0,71.5,7.408
1765486482.1308098,99,28,25,26,63,3.7828598022460938,71.0,72.5,8.684
1765486482.3320444,99,28,25,26,63,3.7828598022460938,71.0,72.5,8.684
1765486482.5332112,99,28,25,26,63,3.7828598022460938,71.0,72.5,8.684
1765486482.734125,98,20,23,26,24,3.7821578979492188,71.0,72.0,7.368
1765486482.9352715,98,20,23,26,24,3.7821578979492188,71.0,72.0,7.368
1765486483.1363862,99,41,32,30,51,3.781536102294922,71.0,72.0,8.357
1765486483.3375854,99,41,32,30,51,3.781536102294922,71.0,72.0,8.357
1765486483.5386884,99,41,32,30,51,3.781536102294922,71.0,72.0,8.357
1765486483.7397735,99,26,20,22,27,3.7828826904296875,71.0,72.5,7.976
1765486483.9417396,99,26,20,22,27,3.7828826904296875,71.0,72.5,7.976
1765486484.1429086,99,23,26,21,58,3.7819137573242188,71.0,72.0,8.279
1765486484.3439653,99,23,26,21,58,3.7819137573242188,71.0,72.0,8.279
1765486484.544971,99,23,26,21,58,3.7819137573242188,71.0,72.0,8.279
1765486484.746028,99,25,22,30,20,3.7820053100585938,71.0,72.0,7.289
1765486484.9475734,99,25,22,30,20,3.7820053100585938,71.0,72.0,7.289
1765486485.148551,99,46,23,36,51,3.782123565673828,71.0,72.0,8.2
1765486485.349791,99,46,23,36,51,3.782123565673828,71.0,72.0,8.2
1765486485.550873,99,46,23,36,51,3.782123565673828,71.0,72.0,8.2
1765486485.7518265,98,15,26,18,19,3.7829666137695312,71.0,72.0,8.042
1765486485.9529529,98,15,26,18,19,3.7829666137695312,71.0,72.0,8.042
1765486486.153899,99,29,22,20,60,3.7821922302246094,71.0,72.0,8.081
1765486486.3549044,99,29,22,20,60,3.7821922302246094,71.0,72.0,8.081
1765486486.5561354,99,29,22,20,60,3.7821922302246094,71.0,72.0,8.081
1765486486.7572753,98,25,26,24,22,3.7824935913085938,71.0,73.0,7.633
1765486486.958655,98,25,26,24,22,3.7824935913085938,71.0,73.0,7.633
1765486487.1595955,99,38,34,62,40,3.7821388244628906,71.5,72.5,8.698
1765486487.360817,99,38,34,62,40,3.7821388244628906,71.5,72.5,8.698
1765486487.5619595,99,38,34,62,40,3.7821388244628906,71.5,72.5,8.698
1765486487.7631035,98,12,14,16,12,3.782745361328125,71.0,72.0,7.527
1765486487.9643736,98,12,14,16,12,3.782745361328125,71.0,72.0,7.527
1765486488.165371,98,12,14,16,12,3.782745361328125,71.0,72.0,7.527
1765486488.3665917,99,30,62,30,26,3.7823562622070312,71.0,71.5,8.042
1765486488.5677595,99,30,62,30,26,3.7823562622070312,71.0,71.5,8.042
1765486488.7688565,98,20,20,24,24,3.7827301025390625,71.0,71.5,7.182
1765486488.9699514,98,20,20,24,24,3.7827301025390625,71.0,71.5,7.182
1765486489.1709466,98,20,20,24,24,3.7827301025390625,71.0,71.5,7.182
1765486489.372325,99,30,62,36,22,3.7831573486328125,71.0,72.5,9.204
1765486489.5734346,99,30,62,36,22,3.7831573486328125,71.0,72.5,9.204
1765486489.7752256,99,14,28,13,8,3.7826080322265625,71.0,72.0,7.249
1765486489.9763267,99,14,28,13,8,3.7826080322265625,71.0,72.0,7.249
1765486490.1772556,99,14,28,13,8,3.7826080322265625,71.0,72.0,7.249
1765486490.3783846,99,40,65,33,35,3.7823562622070312,71.5,72.5,8.58
1765486490.5796194,99,40,65,33,35,3.7823562622070312,71.5,72.5,8.58
1765486490.7805834,98,27,16,23,14,3.7823715209960938,71.5,72.0,7.408
1765486490.9816794,98,27,16,23,14,3.7823715209960938,71.5,72.0,7.408
1765486491.1828518,98,27,16,23,14,3.7823715209960938,71.5,72.0,7.408
1765486491.3837802,99,20,22,74,24,3.7830047607421875,71.5,73.5,9.165
1765486491.5847797,99,20,22,74,24,3.7830047607421875,71.5,73.5,9.165
1765486491.7857053,98,16,18,16,19,3.7822647094726562,71.0,72.0,7.102
1765486491.9870539,98,16,18,16,19,3.7822647094726562,71.0,72.0,7.102
1765486492.18833,98,16,18,16,19,3.7822647094726562,71.0,72.0,7.102
1765486492.3892817,99,66,31,45,40,3.781982421875,71.5,72.5,8.944
1765486492.590335,99,66,31,45,40,3.781982421875,71.5,72.5,8.944
1765486492.7912123,98,25,21,14,16,3.7822494506835938,71.0,72.5,7.858
1765486492.992213,98,25,21,14,16,3.7822494506835938,71.0,72.5,7.858
1765486493.193281,98,25,21,14,16,3.7822494506835938,71.0,72.5,7.858
1765486493.3942268,99,27,24,58,30,3.7820396423339844,71.5,72.5,8.566
1765486493.5951984,99,27,24,58,30,3.7820396423339844,71.5,72.5,8.566
1765486493.7961254,98,21,19,16,23,3.782451629638672,71.0,72.0,7.221
1765486493.9972744,98,21,19,16,23,3.782451629638672,71.0,72.0,7.221
1765486494.198386,98,21,19,16,23,3.782451629638672,71.0,72.0,7.221
1765486494.3994396,99,66,29,37,53,3.781768798828125,71.5,72.0,9.023
1765486494.6014922,99,66,29,37,53,3.781768798828125,71.5,72.0,9.023
1765486494.802619,99,12,14,22,18,3.7830581665039062,71.5,72.0,8.016
1765486495.003744,99,12,14,22,18,3.7830581665039062,71.5,72.0,8.016
1765486495.204817,99,12,14,22,18,3.7830581665039062,71.5,72.0,8.016
1765486495.4058425,98,35,23,34,62,3.782520294189453,71.5,72.0,8.645
1765486495.6068878,98,35,23,34,62,3.782520294189453,71.5,72.0,8.645
1765486495.8078418,99,14,22,20,21,3.7819747924804688,71.5,71.5,7.673
1765486496.009036,99,14,22,20,21,3.7819747924804688,71.5,71.5,7.673
1765486496.2101476,99,14,22,20,21,3.7819747924804688,71.5,71.5,7.673
1765486496.4113793,99,54,50,38,47,3.7814254760742188,71.5,72.5,8.763
1765486496.6123893,99,54,50,38,47,3.7814254760742188,71.5,72.5,8.763
1765486496.8133845,99,14,6,12,12,3.7825927734375,71.0,72.5,7.897
1765486497.0146487,99,14,6,12,12,3.7825927734375,71.0,72.5,7.897
1765486497.2158508,99,14,6,12,12,3.7825927734375,71.0,72.5,7.897
1765486497.416903,99,36,31,57,42,3.7820892333984375,71.0,72.5,8.566
1765486497.6180031,99,36,31,57,42,3.7820892333984375,71.0,72.5,8.566
1765486497.8191004,99,36,31,57,42,3.7820892333984375,71.0,72.5,8.566
1765486498.0204568,99,24,17,18,14,3.782238006591797,71.0,72.0,7.34
1765486498.2216475,99,24,17,18,14,3.782238006591797,71.0,72.0,7.34
1765486498.4226146,99,41,56,40,39,3.783405303955078,71.0,73.5,9.204
1765486498.6236956,99,41,56,40,39,3.783405303955078,71.0,73.5,9.204
1765486498.8247225,99,41,56,40,39,3.783405303955078,71.0,73.5,9.204
1765486499.0257719,99,15,13,11,10,3.782428741455078,70.5,72.0,7.249
1765486499.227736,99,15,13,11,10,3.782428741455078,70.5,72.0,7.249
1765486499.4285805,99,40,45,42,57,3.7818832397460938,71.0,72.5,8.318
1765486499.6313317,99,40,45,42,57,3.7818832397460938,71.0,72.5,8.318
1765486499.8324003,99,40,45,42,57,3.7818832397460938,71.0,72.5,8.318
1765486500.0333803,99,21,20,19,17,3.7824134826660156,71.5,72.0,7.408
1765486500.2344332,99,21,20,19,17,3.7824134826660156,71.5,72.0,7.408
1765486500.4355004,98,45,31,46,57,3.7826461791992188,71.0,72.5,9.126
1765486500.6367242,98,45,31,46,57,3.7826461791992188,71.0,72.5,9.126
1765486500.8378444,98,45,31,46,57,3.7826461791992188,71.0,72.5,9.126
1765486501.0388875,99,14,8,12,10,3.782440185546875,71.0,72.0,7.408
1765486501.2398436,99,14,8,12,10,3.782440185546875,71.0,72.0,7.408
1765486501.4408479,99,63,37,38,37,3.783008575439453,71.0,72.5,7.976
1765486501.6419945,99,63,37,38,37,3.783008575439453,71.0,72.5,7.976
1765486501.842932,99,63,37,38,37,3.783008575439453,71.0,72.5,7.976
1765486502.044219,99,18,16,18,16,3.7828941345214844,71.0,72.0,7.791
1765486502.245352,99,18,16,18,16,3.7828941345214844,71.0,72.0,7.791
1765486502.4462972,99,33,16,22,61,3.783405303955078,71.0,73.5,8.723
1765486502.6472406,99,33,16,22,61,3.783405303955078,71.0,73.5,8.723
1765486502.8483386,99,33,16,22,61,3.783405303955078,71.0,73.5,8.723
1765486503.0495079,99,19,12,18,10,3.7826499938964844,71.0,72.0,7.368
1765486503.250676,99,19,12,18,10,3.7826499938964844,71.0,72.0,7.368
1765486503.4516413,99,34,42,28,59,3.7825279235839844,71.0,73.0,8.265
1765486503.653005,99,34,42,28,59,3.7825279235839844,71.0,73.0,8.265
1765486503.8541994,99,34,42,28,59,3.7825279235839844,71.0,73.0,8.265
1765486504.0553467,99,14,8,15,17,3.7835235595703125,71.0,72.5,8.16
1765486504.256605,99,14,8,15,17,3.7835235595703125,71.0,72.5,8.16
1765486504.45758,99,28,21,58,20,3.7829971313476562,71.0,72.5,8.081
1765486504.6586454,99,28,21,58,20,3.7829971313476562,71.0,72.5,8.081
1765486504.859752,99,28,21,58,20,3.7829971313476562,71.0,72.5,8.081
1765486505.0606687,99,20,16,2,13,3.7831153869628906,71.0,72.0,7.527
1765486505.261822,99,20,16,2,13,3.7831153869628906,71.0,72.0,7.527
1765486505.4628859,99,36,53,40,30,3.78277587890625,71.0,72.0,8.2
1765486505.6638696,99,36,53,40,30,3.78277587890625,71.0,72.0,8.2
1765486505.8650372,99,36,53,40,30,3.78277587890625,71.0,72.0,8.2
1765486506.0659938,99,13,12,9,7,3.783283233642578,71.0,72.5,8.095
1765486506.2672637,99,13,12,9,7,3.783283233642578,71.0,72.5,8.095
1765486506.468175,99,32,22,64,14,3.782642364501953,71.0,72.0,8.2
1765486506.6693387,99,32,22,64,14,3.782642364501953,71.0,72.0,8.2
1765486506.8704333,99,32,22,64,14,3.782642364501953,71.0,72.0,8.2
1765486507.0716121,99,14,12,9,18,3.7823944091796875,71.0,72.0,7.182
1765486507.27313,99,14,12,9,18,3.7823944091796875,71.0,72.0,7.182
1765486507.474634,99,37,42,47,35,3.7821311950683594,71.0,72.5,8.541
1765486507.675595,99,37,42,47,35,3.7821311950683594,71.0,72.5,8.541
1765486507.8767035,99,37,42,47,35,3.7821311950683594,71.0,72.5,8.541
1765486508.0776978,99,0,9,2,3,3.7825241088867188,71.0,72.0,7.328
1765486508.2788603,99,0,9,2,3,3.7825241088867188,71.0,72.0,7.328
1765486508.4798586,99,0,9,2,3,3.7825241088867188,71.0,72.0,7.328
1765486508.6809986,98,28,71,28,32,3.782634735107422,71.0,72.5,8.16
1765486508.8820696,98,28,71,28,32,3.782634735107422,71.0,72.5,8.16
1765486509.0830128,99,12,15,16,8,3.7832260131835938,71.0,72.0,7.21
1765486509.2840571,99,12,15,16,8,3.7832260131835938,71.0,72.0,7.21
1765486509.4850748,99,12,15,16,8,3.7832260131835938,71.0,72.0,7.21
1765486509.6860435,99,52,26,18,59,3.783050537109375,71.0,73.0,8.763
1765486509.8869991,99,52,26,18,59,3.783050537109375,71.0,73.0,8.763
1765486510.087886,98,9,8,5,7,3.782764434814453,71.0,71.5,7.063
1765486510.2891028,98,9,8,5,7,3.782764434814453,71.0,71.5,7.063
1765486510.4901,98,9,8,5,7,3.782764434814453,71.0,71.5,7.063
1765486510.6910355,99,36,60,28,32,3.7826271057128906,71.0,72.0,8.121
1765486510.8922548,99,36,60,28,32,3.7826271057128906,71.0,72.0,8.121
1765486511.0931902,99,14,12,17,15,3.782939910888672,71.0,72.0,7.368
1765486511.2943738,99,14,12,17,15,3.782939910888672,71.0,72.0,7.368
1765486511.4954548,99,14,12,17,15,3.782939910888672,71.0,72.0,7.368
1765486511.6964724,99,54,32,22,16,3.7838821411132812,71.5,72.5,8.684
1765486511.8975246,99,54,32,22,16,3.7838821411132812,71.5,72.5,8.684
1765486512.0984616,99,8,12,9,6,3.7831459045410156,71.0,71.5,7.249
1765486512.2995937,99,8,12,9,6,3.7831459045410156,71.0,71.5,7.249
1765486512.500729,99,8,12,9,6,3.7831459045410156,71.0,71.5,7.249
1765486512.701602,99,34,50,54,52,3.783222198486328,71.0,72.5,8.279
1765486512.9026031,99,34,50,54,52,3.783222198486328,71.0,72.5,8.279
1765486513.1034365,99,19,14,14,13,3.7829017639160156,71.0,72.0,8.055
1765486513.304441,99,19,14,14,13,3.7829017639160156,71.0,72.0,8.055
1765486513.5053973,99,19,14,14,13,3.7829017639160156,71.0,72.0,8.055
1765486513.7063591,99,56,35,28,23,3.7823944091796875,71.5,72.0,8.042
1765486513.9073627,99,56,35,28,23,3.7823944091796875,71.5,72.0,8.042
1765486514.1083279,99,13,12,13,12,3.782581329345703,71.0,72.0,7.368
1765486514.3097236,99,13,12,13,12,3.782581329345703,71.0,72.0,7.368
1765486514.5110981,99,13,12,13,12,3.782581329345703,71.0,72.0,7.368
1765486514.7120886,99,34,70,37,26,3.7823753356933594,71.5,72.0,8.318
1765486514.9132643,99,34,70,37,26,3.7823753356933594,71.5,72.0,8.318
1765486515.1144223,99,10,8,8,11,3.7837486267089844,71.5,72.5,8.501
1765486515.3153477,99,10,8,8,11,3.7837486267089844,71.5,72.5,8.501
1765486515.5164547,99,10,8,8,11,3.7837486267089844,71.5,72.5,8.501
1765486515.7174876,98,36,18,17,68,3.7834129333496094,71.5,72.5,8.2
1765486515.9185162,98,36,18,17,68,3.7834129333496094,71.5,72.5,8.2
1765486516.1193838,99,16,13,11,15,3.784008026123047,71.5,72.0,7.633
1765486516.320304,99,16,13,11,15,3.784008026123047,71.5,72.0,7.633
1765486516.5213544,99,16,13,11,15,3.784008026123047,71.5,72.0,7.633
1765486516.7224178,99,58,44,39,25,3.7836990356445312,71.5,73.5,8.723
1765486516.9235187,99,58,44,39,25,3.7836990356445312,71.5,73.5,8.723
1765486517.1247551,99,10,6,10,13,3.7844200134277344,71.0,72.0,7.976
1765486517.325791,99,10,6,10,13,3.7844200134277344,71.0,72.0,7.976
1765486517.5268118,99,10,6,10,13,3.7844200134277344,71.0,72.0,7.976
1765486517.727818,98,34,28,62,27,3.7837677001953125,71.5,73.0,8.344
1765486517.9289777,98,34,28,62,27,3.7837677001953125,71.5,73.0,8.344
1765486518.1299613,99,15,8,15,6,3.7838134765625,71.0,72.0,7.7
1765486518.3310165,99,15,8,15,6,3.7838134765625,71.0,72.0,7.7
1765486518.5322652,99,15,8,15,6,3.7838134765625,71.0,72.0,7.7
1765486518.7332819,98,31,58,29,41,3.7845611572265625,71.5,72.5,8.905
1765486518.9342597,98,31,58,29,41,3.7845611572265625,71.5,72.5,8.905
1765486519.135118,99,8,7,7,2,3.7835693359375,71.0,72.0,7.818
1765486519.3364344,99,8,7,7,2,3.7835693359375,71.0,72.0,7.818
1765486519.5374858,99,8,7,7,2,3.7835693359375,71.0,72.0,7.818
1765486519.738503,98,37,36,26,76,3.7833175659179688,71.0,73.0,8.501
1765486519.939649,98,37,36,26,76,3.7833175659179688,71.0,73.0,8.501
1765486520.1405602,98,37,36,26,76,3.7833175659179688,71.0,73.0,8.501
1765486520.3414392,99,13,12,13,15,3.78350830078125,71.0,72.0,7.976
1765486520.5423975,99,13,12,13,15,3.78350830078125,71.0,72.0,7.976
1765486520.7433095,99,26,63,24,18,3.7838058471679688,71.0,72.5,8.763
1765486520.9444544,99,26,63,24,18,3.7838058471679688,71.0,72.5,8.763
1765486521.1454031,99,26,63,24,18,3.7838058471679688,71.0,72.5,8.763
1765486521.3464448,99,13,7,2,9,3.783405303955078,71.0,72.5,7.937
1765486521.547783,99,13,7,2,9,3.783405303955078,71.0,72.5,7.937
1765486521.7488747,99,63,64,55,48,3.7835350036621094,71.0,73.0,8.462
1765486521.949832,99,63,64,55,48,3.7835350036621094,71.0,73.0,8.462
1765486522.1508389,99,63,64,55,48,3.7835350036621094,71.0,73.0,8.462
1765486522.3518918,99,14,10,32,17,3.7834930419921875,71.0,72.5,8.501
1765486522.5531003,99,14,10,32,17,3.7834930419921875,71.0,72.5,8.501
1765486522.7541766,99,26,17,20,58,3.7476539611816406,71.0,72.5,7.858
1765486522.955269,99,26,17,20,58,3.7476539611816406,71.0,72.5,7.858
1765486523.1563768,99,26,17,20,58,3.7476539611816406,71.0,72.5,7.858
1765486523.3573205,98,25,16,23,28,3.7481002807617188,71.5,72.0,7.791
1765486523.5583344,98,25,16,23,28,3.7481002807617188,71.5,72.0,7.791
1765486523.7594097,99,45,24,60,26,3.748279571533203,71.0,73.0,7.897
1765486523.9604688,99,45,24,60,26,3.748279571533203,71.0,73.0,7.897
1765486524.1616125,99,45,24,60,26,3.748279571533203,71.0,73.0,7.897
1765486524.362638,99,14,13,31,14,3.749004364013672,71.5,72.5,8.265
1765486524.5636716,99,14,13,31,14,3.749004364013672,71.5,72.5,8.265
1765486524.7646422,99,14,12,20,48,3.74786376953125,71.0,72.0,7.976
1765486524.9657917,99,14,12,20,48,3.74786376953125,71.0,72.0,7.976
1765486525.1666524,99,14,12,20,48,3.74786376953125,71.0,72.0,7.976
1765486525.3678038,99,26,25,30,21,3.743091583251953,71.5,72.0,7.673
1765486525.5689096,99,26,25,30,21,3.743091583251953,71.5,72.0,7.673
1765486525.7699609,99,57,47,58,49,3.7448577880859375,71.5,72.5,8.684
1765486525.9711905,99,57,47,58,49,3.7448577880859375,71.5,72.5,8.684
1765486526.1722205,99,57,47,58,49,3.7448577880859375,71.5,72.5,8.684
1765486526.3730054,99,42,16,19,16,3.7453651428222656,71.5,73.0,8.383
1765486526.5739777,99,42,16,19,16,3.7453651428222656,71.5,73.0,8.383
1765486526.7748456,99,24,24,53,26,3.7447967529296875,71.0,73.0,7.858
1765486526.9757998,99,24,24,53,26,3.7447967529296875,71.0,73.0,7.858
1765486527.1767592,99,24,24,53,26,3.7447967529296875,71.0,73.0,7.858
1765486527.3778613,99,21,14,36,24,3.744800567626953,71.0,72.5,8.121
1765486527.5789542,99,21,14,36,24,3.744800567626953,71.0,72.5,8.121
1765486527.7802577,99,32,26,31,32,3.746013641357422,71.0,73.0,8.541
1765486527.981159,99,32,26,31,32,3.746013641357422,71.0,73.0,8.541
1765486528.182138,99,32,26,31,32,3.746013641357422,71.0,73.0,8.541
1765486528.3832886,99,12,7,6,26,3.745349884033203,71.0,72.0,7.937
1765486528.5843816,99,12,7,6,26,3.745349884033203,71.0,72.0,7.937
1765486528.7854528,99,24,38,24,39,3.745391845703125,71.0,72.0,7.858
1765486528.9864225,99,24,38,24,39,3.745391845703125,71.0,72.0,7.858
1765486529.1874845,99,24,38,24,39,3.745391845703125,71.0,72.0,7.858
1765486529.3886306,99,24,39,15,14,3.7455101013183594,71.0,72.0,8.423
1765486529.5899668,99,24,39,15,14,3.7455101013183594,71.0,72.0,8.423
1765486529.792754,99,24,39,15,14,3.7455101013183594,71.0,72.0,8.423
1765486529.9938939,99,53,26,24,32,3.7510948181152344,71.0,72.5,8.684
1765486530.195021,99,53,26,24,32,3.7510948181152344,71.0,72.5,8.684
1765486530.39627,99,57,20,38,52,3.76544189453125,71.5,73.0,9.243
1765486530.597281,99,57,20,38,52,3.76544189453125,71.5,73.0,9.243
1765486530.8007941,99,57,20,38,52,3.76544189453125,71.5,73.0,9.243
1765486531.002441,0,87,51,44,47,3.798076629638672,70.5,73.0,5.408
1765486531.2040217,0,87,51,44,47,3.798076629638672,70.5,73.0,5.408
1765486531.4048505,0,87,51,44,47,3.798076629638672,70.5,73.0,5.408
1765486531.6060257,0,87,51,44,47,3.798076629638672,70.5,73.0,5.408
1765486531.806976,0,87,51,44,47,3.798076629638672,70.5,73.0,5.408
1765486532.0078888,0,87,51,44,47,3.798076629638672,70.5,73.0,5.408
1765486532.211044,0,87,51,44,47,3.798076629638672,70.5,73.0,5.408
1765486532.4121244,0,87,51,44,47,3.798076629638672,70.5,73.0,5.408
1765486532.6131709,0,87,51,44,47,3.798076629638672,70.5,73.0,5.408
1765486532.8140767,0,87,51,44,47,3.798076629638672,70.5,73.0,5.408
1765486533.014997,0,87,51,44,47,3.798076629638672,70.5,73.0,5.408
1765486533.2160888,0,87,51,44,47,3.798076629638672,70.5,73.0,5.408
1765486533.4175634,99,82,60,86,30,3.8077011108398438,71.5,72.5,8.723
1765486533.6186757,99,65,61,56,51,3.7482643127441406,71.5,73.5,9.642
1765486533.8201644,99,65,61,56,51,3.7482643127441406,71.5,73.5,9.642
1765486534.0211847,99,24,20,31,29,3.7564849853515625,71.5,74.0,9.165
1765486534.2222512,99,24,20,31,29,3.7564849853515625,71.5,74.0,9.165
1765486534.4233785,99,53,64,56,66,3.7471160888671875,71.0,72.0,8.081
1765486534.6244981,99,53,64,56,66,3.7471160888671875,71.0,72.0,8.081
1765486534.8254864,99,53,64,56,66,3.7471160888671875,71.0,72.0,8.081
1765486535.0266514,99,25,49,36,42,3.7402305603027344,71.5,72.5,9.023
1765486536.2248826,0,27,21,20,20,3.7392539978027344,69.5,71.5,4.515
1765486536.4262593,99,54,50,69,60,3.731647491455078,71.5,73.0,10.194
1765486536.6272697,99,54,50,69,60,3.731647491455078,71.5,73.0,10.194
1765486536.8283243,99,54,50,69,60,3.731647491455078,71.5,73.0,10.194
1765486537.030305,99,34,26,47,40,3.6994476318359375,72.0,73.0,9.502
1765486537.2313242,99,34,26,47,40,3.6994476318359375,72.0,73.0,9.502
1765486537.4371045,99,34,26,47,40,3.6994476318359375,72.0,73.0,9.502
1765486537.6409612,64,77,63,64,86,3.7028274536132812,71.0,73.0,8.081
1765486537.8424299,64,77,63,64,86,3.7028274536132812,71.0,73.0,8.081
1765486538.04431,64,77,63,64,86,3.7028274536132812,71.0,73.0,8.081
1765486538.3116865,98,100,98,98,100,3.697612762451172,72.0,74.0,10.704
1765486538.5136921,4,94,92,98,90,3.6563682556152344,71.0,73.0,6.994
1765486538.7150848,4,94,92,98,90,3.6563682556152344,71.0,73.0,6.994
1765486538.9162152,4,94,92,98,90,3.6563682556152344,71.0,73.0,6.994
1765486539.1174557,99,65,72,48,65,3.6668167114257812,71.5,72.5,8.042
1765486539.3185778,99,65,72,48,65,3.6668167114257812,71.5,72.5,8.042
1765486539.5197031,0,57,51,64,86,3.681529998779297,71.0,73.5,6.528
1765486539.7209454,0,57,51,64,86,3.681529998779297,71.0,73.5,6.528
1765486539.9221127,0,57,51,64,86,3.681529998779297,71.0,73.5,6.528
1765486540.1232934,99,82,67,72,76,3.680023193359375,72.0,74.0,9.267
1765486540.3245878,99,82,67,72,76,3.680023193359375,72.0,74.0,9.267
1765486540.5255766,99,44,58,35,26,3.684539794921875,71.5,74.0,7.963
1765486540.7273946,99,44,58,35,26,3.684539794921875,71.5,74.0,7.963
1765486540.9289083,99,44,58,35,26,3.684539794921875,71.5,74.0,7.963
1765486541.1300917,99,91,75,60,82,3.6805953979492188,72.0,73.5,9.782
1765486541.3312747,99,91,75,60,82,3.6805953979492188,72.0,73.5,9.782
1765486541.5326006,99,67,50,50,66,3.6755409240722656,72.0,72.5,8.186
1765486541.733612,99,67,50,50,66,3.6755409240722656,72.0,72.5,8.186
1765486541.934858,99,67,50,50,66,3.6755409240722656,72.0,72.5,8.186
1765486542.1358666,98,61,58,50,42,3.690258026123047,72.0,73.0,9.291
1765486542.3369026,98,61,58,50,42,3.690258026123047,72.0,73.0,9.291
1765486542.5380545,98,61,58,50,42,3.690258026123047,72.0,73.0,9.291
1765486542.7391121,99,37,36,54,41,3.691387176513672,72.0,73.0,9.486
1765486542.9401243,99,37,36,54,41,3.691387176513672,72.0,73.0,9.486
1765486543.1419756,99,40,50,49,42,3.6909027099609375,71.0,73.0,8.226
1765486543.3431501,99,40,50,49,42,3.6909027099609375,71.0,73.0,8.226
1765486543.5443292,99,40,50,49,42,3.6909027099609375,71.0,73.0,8.226
1765486543.7457325,99,62,78,56,49,3.691852569580078,71.5,73.0,9.228
1765486543.9466825,99,62,78,56,49,3.691852569580078,71.5,73.0,9.228
1765486544.1480398,0,46,40,55,55,3.6848602294921875,70.0,73.0,5.84
1765486544.3493605,0,46,40,55,55,3.6848602294921875,70.0,73.0,5.84
1765486544.5502808,0,46,40,55,55,3.6848602294921875,70.0,73.0,5.84
1765486544.7512093,99,48,53,46,64,3.6839065551757812,71.5,72.5,8.265
1765486544.9564495,99,48,53,46,64,3.6839065551757812,71.5,72.5,8.265
1765486545.1575186,99,58,57,56,50,3.6858749389648438,71.0,73.0,7.66
1765486545.358682,99,58,57,56,50,3.6858749389648438,71.0,73.0,7.66
1765486545.5597138,99,58,57,56,50,3.6858749389648438,71.0,73.0,7.66
1765486545.763738,99,80,86,84,79,3.6833038330078125,72.0,73.5,8.905
1765486545.9649167,99,80,86,84,79,3.6833038330078125,72.0,73.5,8.905
1765486546.166077,99,37,40,29,32,3.6844215393066406,71.5,72.5,7.858
1765486546.3672805,99,37,40,29,32,3.6844215393066406,71.5,72.5,7.858
1765486546.568464,99,37,40,29,32,3.6844215393066406,71.5,72.5,7.858
1765486546.7695587,99,46,66,34,46,3.6839599609375,71.5,72.5,7.858
1765486546.9707232,99,46,66,34,46,3.6839599609375,71.5,72.5,7.858
1765486547.1717532,99,33,34,32,21,3.685588836669922,71.5,72.5,7.289
1765486547.3729925,99,33,34,32,21,3.685588836669922,71.5,72.5,7.289
1765486547.5749018,99,33,34,32,21,3.685588836669922,71.5,72.5,7.289
1765486547.7758808,99,58,64,45,49,3.6777076721191406,72.0,73.0,9.345
1765486547.9769523,99,58,64,45,49,3.6777076721191406,72.0,73.0,9.345
1765486548.1778617,99,53,19,24,12,3.6729888916015625,71.5,73.0,8.383
1765486548.3790805,99,53,19,24,12,3.6729888916015625,71.5,73.0,8.383
1765486548.5801682,99,53,19,24,12,3.6729888916015625,71.5,73.0,8.383
1765486548.7811818,99,69,72,69,83,3.673583984375,72.0,74.0,10.039
1765486548.9822648,99,69,72,69,83,3.673583984375,72.0,74.0,10.039
1765486549.1831756,99,20,18,14,16,3.6743011474609375,71.5,72.5,7.633
1765486549.3841512,99,20,18,14,16,3.6743011474609375,71.5,72.5,7.633
1765486549.5851889,99,20,18,14,16,3.6743011474609375,71.5,72.5,7.633
1765486549.7868378,99,48,42,34,62,3.67596435546875,71.5,73.0,8.905
1765486549.9880614,99,48,42,34,62,3.67596435546875,71.5,73.0,8.905
1765486550.189066,99,10,8,8,12,3.6746444702148438,71.5,72.5,7.818
1765486550.3900592,99,10,8,8,12,3.6746444702148438,71.5,72.5,7.818
1765486550.5910954,99,10,8,8,12,3.6746444702148438,71.5,72.5,7.818
1765486550.7920086,99,40,49,30,60,3.675506591796875,71.5,72.5,8.37
1765486550.993096,99,40,49,30,60,3.675506591796875,71.5,72.5,8.37
1765486551.1944184,99,23,12,16,19,3.675914764404297,71.5,72.5,7.779
1765486551.3957305,99,23,12,16,19,3.675914764404297,71.5,72.5,7.779
1765486551.5968723,99,23,12,16,19,3.675914764404297,71.5,72.5,7.779
1765486551.7978897,99,35,50,27,29,3.6771926879882812,71.5,73.0,8.527
1765486551.9989972,99,35,50,27,29,3.6771926879882812,71.5,73.0,8.527
1765486552.2000623,99,35,50,27,29,3.6771926879882812,71.5,73.0,8.527
1765486552.4013422,98,25,23,23,23,3.675273895263672,71.5,72.0,7.475
1765486552.6022348,98,25,23,23,23,3.675273895263672,71.5,72.0,7.475
1765486552.8032627,99,33,40,67,37,3.6753005981445312,71.5,73.5,8.226
1765486553.0042999,99,33,40,67,37,3.6753005981445312,71.5,73.5,8.226
1765486553.2053535,99,33,40,67,37,3.6753005981445312,71.5,73.5,8.226
1765486553.4065251,99,36,14,18,23,3.6760520935058594,71.5,73.0,8.67
1765486553.6078618,99,36,14,18,23,3.6760520935058594,71.5,73.0,8.67
1765486553.809118,99,48,38,28,30,3.6753807067871094,71.5,72.5,7.924
1765486554.0101476,99,48,38,28,30,3.6753807067871094,71.5,72.5,7.924
1765486554.2111406,99,48,38,28,30,3.6753807067871094,71.5,72.5,7.924
1765486554.4122388,99,28,17,31,22,3.6759109497070312,72.0,72.5,7.739
1765486554.6135964,99,28,17,31,22,3.6759109497070312,72.0,72.5,7.739
1765486554.8146467,99,40,34,34,44,3.678539276123047,71.5,72.5,7.924
1765486555.015621,99,40,34,34,44,3.678539276123047,71.5,72.5,7.924
1765486555.2166562,99,40,34,34,44,3.678539276123047,71.5,72.5,7.924
1765486555.4179296,99,26,14,21,34,3.6798324584960938,71.5,73.0,8.605
1765486555.6192737,99,26,14,21,34,3.6798324584960938,71.5,73.0,8.605
1765486555.8203475,99,46,34,28,37,3.6760330200195312,71.0,73.0,7.7
1765486556.0212536,99,46,34,28,37,3.6760330200195312,71.0,73.0,7.7
1765486556.222697,99,46,34,28,37,3.6760330200195312,71.0,73.0,7.7
1765486556.423804,99,52,20,21,28,3.676433563232422,71.5,73.0,8.265
1765486556.62533,99,52,20,21,28,3.676433563232422,71.5,73.0,8.265
1765486556.8265076,99,39,30,42,32,3.6766624450683594,71.5,73.0,7.633
1765486557.027563,99,39,30,42,32,3.6766624450683594,71.5,73.0,7.633
1765486557.2289999,99,39,30,42,32,3.6766624450683594,71.5,73.0,7.633
1765486557.4300869,99,26,9,13,19,3.676769256591797,72.0,72.0,8.042
1765486557.6310828,99,26,9,13,19,3.676769256591797,72.0,72.0,8.042
1765486557.8322375,99,34,33,35,42,3.6765289306640625,71.5,72.5,7.818
1765486558.0333302,99,34,33,35,42,3.6765289306640625,71.5,72.5,7.818
1765486558.2342715,99,34,33,35,42,3.6765289306640625,71.5,72.5,7.818
1765486558.4353063,99,21,44,23,18,3.676971435546875,71.5,72.5,7.858
1765486558.6366587,99,21,44,23,18,3.676971435546875,71.5,72.5,7.858
1765486558.8378465,99,38,33,33,30,3.6778411865234375,71.0,73.0,7.818
1765486559.038953,99,38,33,33,30,3.6778411865234375,71.0,73.0,7.818
1765486559.239848,99,38,33,33,30,3.6778411865234375,71.0,73.0,7.818
1765486559.4410355,99,18,46,19,14,3.6772689819335938,71.5,73.0,8.226
1765486559.641983,99,18,46,19,14,3.6772689819335938,71.5,73.0,8.226
1765486559.843121,99,42,36,34,32,3.6777992248535156,71.5,74.0,7.7
1765486560.0442705,99,42,36,34,32,3.6777992248535156,71.5,74.0,7.7
1765486560.2451882,99,42,36,34,32,3.6777992248535156,71.5,74.0,7.7
1765486560.4462392,99,30,62,28,30,3.6755599975585938,71.5,72.5,8.944
1765486560.6471741,99,30,62,28,30,3.6755599975585938,71.5,72.5,8.944
1765486560.8481963,99,30,62,28,30,3.6755599975585938,71.5,72.5,8.944
1765486561.0492728,99,31,28,29,36,3.6762962341308594,71.5,73.5,7.739
1765486561.2502737,99,31,28,29,36,3.6762962341308594,71.5,73.5,7.739
1765486561.4513674,99,39,27,24,24,3.675434112548828,71.5,72.5,8.186
1765486561.6524208,99,39,27,24,24,3.675434112548828,71.5,72.5,8.186
1765486561.8536859,99,39,27,24,24,3.675434112548828,71.5,72.5,8.186
1765486562.0546844,19,37,28,30,28,3.67578125,71.0,74.0,6.488
1765486562.2558408,19,37,28,30,28,3.67578125,71.0,74.0,6.488
1765486562.4568636,99,29,25,60,22,3.6763877868652344,71.5,72.5,8.265
1765486562.6579392,99,29,25,60,22,3.6763877868652344,71.5,72.5,8.265
1765486562.8588772,99,29,25,60,22,3.6763877868652344,71.5,72.5,8.265
1765486563.060183,0,19,21,28,20,3.6768341064453125,71.5,73.0,5.8
1765486563.261254,0,19,21,28,20,3.6768341064453125,71.5,73.0,5.8
1765486563.4623513,99,27,33,41,54,3.676464080810547,72.0,73.5,8.121
1765486563.6636465,99,27,33,41,54,3.676464080810547,72.0,73.5,8.121
1765486563.8646061,99,27,33,41,54,3.676464080810547,72.0,73.5,8.121
1765486564.065617,18,26,16,17,25,3.676494598388672,71.5,72.0,5.64
1765486564.2667742,18,26,16,17,25,3.676494598388672,71.5,72.0,5.64
1765486564.467795,99,35,36,24,65,3.6775741577148438,71.5,73.5,8.787
1765486564.668914,99,35,36,24,65,3.6775741577148438,71.5,73.5,8.787
1765486564.8700006,99,35,36,24,65,3.6775741577148438,71.5,73.5,8.787
1765486565.0711052,99,10,12,19,12,3.6774215698242188,71.5,72.0,6.19
1765486565.2720697,99,10,12,19,12,3.6774215698242188,71.5,72.0,6.19
1765486565.4730747,99,38,31,52,43,3.6772613525390625,71.5,73.0,8.081
1765486565.674196,99,38,31,52,43,3.6772613525390625,71.5,73.0,8.081
1765486565.875193,99,38,31,52,43,3.6772613525390625,71.5,73.0,8.081
1765486566.0763571,99,18,16,25,26,3.6776809692382812,71.0,72.0,6.796
1765486566.2774525,99,18,16,25,26,3.6776809692382812,71.0,72.0,6.796
1765486566.4784079,99,74,26,22,18,3.6784896850585938,71.5,73.0,8.723
1765486566.6795495,99,74,26,22,18,3.6784896850585938,71.5,73.0,8.723
1765486566.880482,99,74,26,22,18,3.6784896850585938,71.5,73.0,8.723
1765486567.0816505,99,20,17,21,12,3.6778106689453125,71.0,72.5,6.915
1765486567.2826514,99,20,17,21,12,3.6778106689453125,71.0,72.5,6.915
1765486567.483582,99,31,53,38,47,3.678485870361328,71.5,72.5,7.7
1765486567.6846287,99,31,53,38,47,3.678485870361328,71.5,72.5,7.7
1765486567.885605,99,31,53,38,47,3.678485870361328,71.5,72.5,7.7
1765486568.0865738,26,16,25,29,12,3.6788864135742188,71.0,72.5,6.419
1765486568.287664,26,16,25,29,12,3.6788864135742188,71.0,72.5,6.419
1765486568.4886086,99,32,60,16,20,3.6792526245117188,71.5,73.0,7.712
1765486568.6896415,99,32,60,16,20,3.6792526245117188,71.5,73.0,7.712
1765486568.890684,99,32,60,16,20,3.6792526245117188,71.5,73.0,7.712
1765486569.0918124,99,23,17,18,19,3.679412841796875,70.5,72.0,5.64
1765486569.2932358,99,23,17,18,19,3.679412841796875,70.5,72.0,5.64
1765486569.4941957,99,44,59,40,54,3.679698944091797,71.5,72.5,7.858
1765486569.695242,99,44,59,40,54,3.679698944091797,71.5,72.5,7.858
1765486569.8962483,99,44,59,40,54,3.679698944091797,71.5,72.5,7.858
1765486570.0972714,99,18,21,21,19,3.680145263671875,71.0,72.5,6.488
1765486570.2983875,99,18,21,21,19,3.680145263671875,71.0,72.5,6.488
1765486570.4995708,99,42,54,28,28,3.6797256469726562,71.5,72.5,7.924
1765486570.700686,99,42,54,28,28,3.6797256469726562,71.5,72.5,7.924
1765486570.901684,99,42,54,28,28,3.6797256469726562,71.5,72.5,7.924
1765486571.102665,99,25,19,15,10,3.680217742919922,71.0,72.0,6.07
1765486571.3041673,99,25,19,15,10,3.680217742919922,71.0,72.0,6.07
1765486571.5051866,99,25,19,15,10,3.680217742919922,71.0,72.0,6.07
1765486571.7062588,99,39,44,75,33,3.6802635192871094,71.5,72.5,8.226
1765486571.9072459,99,39,44,75,33,3.6802635192871094,71.5,72.5,8.226
1765486572.1082919,93,20,14,6,14,3.681110382080078,71.0,72.0,7.142
1765486572.3092763,93,20,14,6,14,3.681110382080078,71.0,72.0,7.142
1765486572.5102863,93,20,14,6,14,3.681110382080078,71.0,72.0,7.142
1765486572.7114172,99,26,56,44,36,3.6804580688476562,71.5,72.5,7.791
1765486572.9125366,99,26,56,44,36,3.6804580688476562,71.5,72.5,7.791
1765486573.1135192,99,19,17,20,17,3.6805343627929688,71.5,72.0,7.023
1765486573.3146744,99,19,17,20,17,3.6805343627929688,71.5,72.0,7.023
1765486573.5156643,99,19,17,20,17,3.6805343627929688,71.5,72.0,7.023
1765486573.7167253,99,41,44,58,43,3.681537628173828,71.5,72.5,8.866
1765486573.9179425,99,41,44,58,43,3.681537628173828,71.5,72.5,8.866
1765486574.1189764,99,15,8,6,7,3.6809539794921875,71.5,72.5,7.063
1765486574.3200858,99,15,8,6,7,3.6809539794921875,71.5,72.5,7.063
1765486574.5211444,99,15,8,6,7,3.6809539794921875,71.5,72.5,7.063
1765486574.7221048,99,41,33,40,69,3.6822280883789062,71.5,73.0,8.423
1765486574.9231956,99,41,33,40,69,3.6822280883789062,71.5,73.0,8.423
1765486575.1241422,98,18,16,19,21,3.6826019287109375,71.5,72.5,7.328
1765486575.32505,98,18,16,19,21,3.6826019287109375,71.5,72.5,7.328
1765486575.5261967,98,18,16,19,21,3.6826019287109375,71.5,72.5,7.328
1765486575.7273054,99,42,33,24,64,3.6846237182617188,71.5,73.5,9.126
1765486575.9284153,99,42,33,24,64,3.6846237182617188,71.5,73.5,9.126
1765486576.1294746,99,12,12,12,9,3.6840896606445312,71.5,72.5,7.593
1765486576.3306315,99,12,12,12,9,3.6840896606445312,71.5,72.5,7.593
1765486576.5318713,99,12,12,12,9,3.6840896606445312,71.5,72.5,7.593
1765486576.7330902,99,50,67,36,46,3.6842994689941406,71.5,72.5,8.541
1765486576.9340749,99,50,67,36,46,3.6842994689941406,71.5,72.5,8.541
1765486577.1351054,99,22,18,26,16,3.6845130920410156,71.5,73.0,8.748
1765486577.3387773,99,22,18,26,16,3.6845130920410156,71.5,73.0,8.748
1765486577.5403786,99,22,18,26,16,3.6845130920410156,71.5,73.0,8.748
1765486577.7415004,98,38,30,62,34,3.684925079345703,71.5,73.5,8.905
1765486577.9424493,98,38,30,62,34,3.684925079345703,71.5,73.5,8.905
1765486578.143417,99,22,18,16,20,3.6801414489746094,71.5,72.5,7.712
1765486578.3444397,99,22,18,16,20,3.6801414489746094,71.5,72.5,7.712
1765486578.5458946,99,22,18,16,20,3.6801414489746094,71.5,72.5,7.712
1765486578.7468808,99,64,36,40,48,3.679962158203125,71.5,73.0,8.37
1765486578.9482408,99,64,36,40,48,3.679962158203125,71.5,73.0,8.37
1765486579.1493678,99,23,16,17,16,3.680896759033203,71.5,73.0,8.566
1765486579.352699,99,23,16,17,16,3.680896759033203,71.5,73.0,8.566
1765486579.553867,99,23,16,17,16,3.680896759033203,71.5,73.0,8.566
1765486579.754834,99,24,16,69,30,3.6805191040039062,71.5,73.5,8.344
1765486579.9558454,99,24,16,69,30,3.6805191040039062,71.5,73.5,8.344
1765486580.156994,99,24,23,19,17,3.6808204650878906,71.0,72.5,7.21
1765486580.3589563,99,24,23,19,17,3.6808204650878906,71.0,72.5,7.21
1765486580.560504,99,24,23,19,17,3.6808204650878906,71.0,72.5,7.21
1765486580.761451,99,41,48,53,39,3.6809043884277344,71.5,73.0,8.566
1765486580.9624536,99,41,48,53,39,3.6809043884277344,71.5,73.0,8.566
1765486581.1635947,98,17,16,10,19,3.68218994140625,71.5,73.0,8.16
1765486581.3645027,98,17,16,10,19,3.68218994140625,71.5,73.0,8.16
1765486581.5655944,98,17,16,10,19,3.68218994140625,71.5,73.0,8.16
1765486581.7666423,99,34,20,51,34,3.6816139221191406,71.5,73.0,7.976
1765486581.9675004,99,34,20,51,34,3.6816139221191406,71.5,73.0,7.976
1765486582.168608,99,20,18,29,14,3.6818504333496094,71.5,72.0,7.739
1765486582.3696628,99,20,18,29,14,3.6818504333496094,71.5,72.0,7.739
1765486582.5707335,99,20,18,29,14,3.6818504333496094,71.5,72.0,7.739
1765486582.7719,99,37,37,43,41,3.6828460693359375,71.5,73.0,8.763
1765486582.9730847,99,37,37,43,41,3.6828460693359375,71.5,73.0,8.763
1765486583.1745024,99,37,37,43,41,3.6828460693359375,71.5,73.0,8.763
1765486583.3755143,98,26,35,34,20,3.6720962524414062,72.0,74.0,9.047
1765486583.5765605,98,26,35,34,20,3.6720962524414062,72.0,74.0,9.047
1765486583.7775753,99,73,63,72,76,3.6695899963378906,71.5,74.5,8.93
1765486583.981469,99,73,63,72,76,3.6695899963378906,71.5,74.5,8.93
1765486584.18258,99,73,63,72,76,3.6695899963378906,71.5,74.5,8.93
1765486584.3837366,99,53,61,41,58,3.6681900024414062,72.0,73.5,8.827
1765486584.5845315,99,53,61,41,58,3.6681900024414062,72.0,73.5,8.827
1765486584.78557,99,54,50,54,45,3.6584930419921875,72.0,73.5,8.304
1765486584.986642,99,54,50,54,45,3.6584930419921875,72.0,73.5,8.304
1765486585.1876743,99,54,50,54,45,3.6584930419921875,72.0,73.5,8.304
1765486585.3886836,99,41,16,20,20,3.654460906982422,72.0,72.5,7.712
1765486585.5896935,99,41,16,20,20,3.654460906982422,72.0,72.5,7.712
1765486585.790774,99,26,38,43,50,3.6546058654785156,71.5,73.0,7.673
1765486585.9921799,99,26,38,43,50,3.6546058654785156,71.5,73.0,7.673
1765486586.1934588,99,26,38,43,50,3.6546058654785156,71.5,73.0,7.673
1765486586.3946335,99,20,18,26,55,3.6555099487304688,72.0,73.0,8.055
1765486586.5956388,99,20,18,26,55,3.6555099487304688,72.0,73.0,8.055
1765486586.7969801,59,42,24,39,28,3.656402587890625,71.0,73.0,6.983
1765486586.9981534,59,42,24,39,28,3.656402587890625,71.0,73.0,6.983
1765486587.1992102,59,42,24,39,28,3.656402587890625,71.0,73.0,6.983
1765486587.400509,99,43,23,26,19,3.6558380126953125,72.0,73.0,8.042
1765486587.6014476,99,43,23,26,19,3.6558380126953125,72.0,73.0,8.042
1765486587.8028688,99,29,36,24,40,3.6559982299804688,71.0,73.5,6.756
1765486588.00389,99,29,36,24,40,3.6559982299804688,71.0,73.5,6.756
1765486588.2050483,99,29,36,24,40,3.6559982299804688,71.0,73.5,6.756
1765486588.4085402,99,20,20,57,19,3.6558685302734375,72.0,72.5,7.963
1765486588.609431,99,20,20,57,19,3.6558685302734375,72.0,72.5,7.963
1765486588.810451,99,34,20,20,18,3.6563873291015625,71.0,73.0,6.904
1765486589.0116808,99,34,20,20,18,3.6563873291015625,71.0,73.0,6.904
1765486589.212666,99,34,20,20,18,3.6563873291015625,71.0,73.0,6.904
1765486589.4135568,99,35,30,20,47,3.6561050415039062,72.0,73.0,8.501
1765486589.6145692,99,35,30,20,47,3.6561050415039062,72.0,73.0,8.501
1765486589.815764,99,35,30,20,47,3.6561050415039062,72.0,73.0,8.501
1765486590.0170867,97,35,36,28,33,3.656352996826172,71.0,74.0,7.13
1765486590.218074,97,35,36,28,33,3.656352996826172,71.0,74.0,7.13
1765486590.4190972,99,25,51,22,22,3.65777587890625,72.0,73.0,8.487
1765486590.6205356,99,25,51,22,22,3.65777587890625,72.0,73.0,8.487
1765486590.8220499,99,25,51,22,22,3.65777587890625,72.0,73.0,8.487
1765486591.0232372,96,26,15,14,24,3.656871795654297,70.5,74.0,6.904
1765486591.2243078,96,26,15,14,24,3.656871795654297,70.5,74.0,6.904
1765486591.425388,99,49,28,22,26,3.6570816040039062,71.5,72.5,7.739
1765486591.6266332,99,49,28,22,26,3.6570816040039062,71.5,72.5,7.739
1765486591.8280184,99,49,28,22,26,3.6570816040039062,71.5,72.5,7.739
1765486592.0290492,74,34,29,26,25,3.657123565673828,71.0,72.0,6.488
1765486592.230016,74,34,29,26,25,3.657123565673828,71.0,72.0,6.488
1765486592.431291,99,56,21,20,19,3.657947540283203,72.0,73.5,8.684
1765486592.6323774,99,56,21,20,19,3.657947540283203,72.0,73.5,8.684
1765486592.83337,99,56,21,20,19,3.657947540283203,72.0,73.5,8.684
1765486593.0345829,28,29,27,28,37,3.6576919555664062,71.0,74.0,6.608
1765486593.2356248,28,29,27,28,37,3.6576919555664062,71.0,74.0,6.608
1765486593.4366925,99,39,34,38,25,3.657825469970703,72.0,72.5,7.858
1765486593.637654,99,39,34,38,25,3.657825469970703,72.0,72.5,7.858
1765486593.8385565,99,39,34,38,25,3.657825469970703,72.0,72.5,7.858
1765486594.0397952,0,25,32,24,32,3.6580772399902344,71.0,73.0,6.528
1765486594.240881,0,25,32,24,32,3.6580772399902344,71.0,73.0,6.528
1765486594.4419842,99,21,18,16,58,3.6585159301757812,71.5,73.0,8.16
1765486594.6429617,99,21,18,16,58,3.6585159301757812,71.5,73.0,8.16
1765486594.8440747,99,21,18,16,58,3.6585159301757812,71.5,73.0,8.16
1765486595.0449886,0,24,25,16,20,3.6578636169433594,71.0,72.0,5.68
1765486595.2458842,0,24,25,16,20,3.6578636169433594,71.0,72.0,5.68
1765486595.446976,99,31,37,36,66,3.6554527282714844,72.0,73.5,8.304
1765486595.648202,99,31,37,36,66,3.6554527282714844,72.0,73.5,8.304
1765486595.8492124,99,31,37,36,66,3.6554527282714844,72.0,73.5,8.304
1765486596.050391,99,24,16,18,16,3.65631103515625,71.5,73.5,7.593
1765486596.2514586,99,24,16,18,16,3.65631103515625,71.5,73.5,7.593
1765486596.4525323,99,24,16,18,16,3.65631103515625,71.5,73.5,7.593
1765486596.65363,99,36,42,67,44,3.6623497009277344,72.0,73.0,8.423
1765486596.8546002,99,36,42,67,44,3.6623497009277344,72.0,73.0,8.423
1765486597.0555274,99,28,20,19,17,3.6617164611816406,71.0,72.5,6.19
1765486597.256713,99,28,20,19,17,3.6617164611816406,71.0,72.5,6.19
1765486597.458085,99,53,36,46,44,3.6619338989257812,71.5,73.5,9.126
1765486597.903698,99,53,36,46,44,3.6619338989257812,71.5,73.5,9.126
1765486598.1046202,99,18,14,15,15,3.663177490234375,71.5,72.5,7.897
1765486598.305679,99,18,14,15,15,3.663177490234375,71.5,72.5,7.897
1765486598.506873,99,30,35,28,56,3.6627159118652344,72.0,73.0,8.501
1765486598.7078376,99,30,35,28,56,3.6627159118652344,72.0,73.0,8.501
1765486598.9091096,99,30,35,28,56,3.6627159118652344,72.0,73.0,8.501
1765486599.1101613,98,23,23,22,20,3.6633262634277344,72.0,72.5,7.779
1765486599.311118,98,23,23,22,20,3.6633262634277344,72.0,72.5,7.779
1765486599.512419,99,41,34,28,53,3.6646347045898438,72.0,73.5,8.827
1765486599.713351,99,41,34,28,53,3.6646347045898438,72.0,73.5,8.827
1765486599.9144213,99,41,34,28,53,3.6646347045898438,72.0,73.5,8.827
1765486600.1155424,99,16,12,16,25,3.6644439697265625,71.5,72.5,7.514
1765486600.3165793,99,16,12,16,25,3.6644439697265625,71.5,72.5,7.514
1765486600.5176852,99,36,35,46,44,3.6639938354492188,72.0,74.0,9.086
1765486600.7187717,99,36,35,46,44,3.6639938354492188,72.0,74.0,9.086
1765486600.9196897,99,36,35,46,44,3.6639938354492188,72.0,74.0,9.086
1765486601.1205196,98,34,24,16,21,3.6640548706054688,72.0,72.5,7.7
1765486601.3214662,98,34,24,16,21,3.6640548706054688,72.0,72.5,7.7
1765486601.5225537,99,26,37,34,28,3.6651039123535156,72.0,73.5,8.827
1765486601.72354,99,26,37,34,28,3.6651039123535156,72.0,73.5,8.827
1765486601.9245543,99,26,37,34,28,3.6651039123535156,72.0,73.5,8.827
1765486602.1258059,99,26,22,34,19,3.663707733154297,72.0,73.0,8.055
1765486602.3267856,99,26,22,34,19,3.663707733154297,72.0,73.0,8.055
1765486602.5277758,99,39,31,30,46,3.6638145446777344,72.0,74.0,7.937
1765486602.7289505,99,39,31,30,46,3.6638145446777344,72.0,74.0,7.937
1765486602.929857,99,39,31,30,46,3.6638145446777344,72.0,74.0,7.937
1765486603.1310112,99,17,21,18,38,3.6644058227539062,72.0,73.0,8.121
1765486603.3320057,99,17,21,18,38,3.6644058227539062,72.0,73.0,8.121
1765486603.5331328,99,17,21,18,38,3.6644058227539062,72.0,73.0,8.121
1765486603.7342057,99,32,30,20,33,3.6646499633789062,71.5,73.5,8.121
1765486603.935171,99,32,30,20,33,3.6646499633789062,71.5,73.5,8.121
1765486604.1361802,99,26,22,28,32,3.664234161376953,72.0,72.5,7.712
1765486604.3371623,99,26,22,28,32,3.664234161376953,72.0,72.5,7.712
1765486604.5383985,99,26,22,28,32,3.664234161376953,72.0,72.5,7.712
1765486604.7394094,99,36,30,38,43,3.6648025512695312,71.5,73.5,7.976
1765486604.940528,99,36,30,38,43,3.6648025512695312,71.5,73.5,7.976
1765486605.1414242,99,25,14,52,18,3.6644439697265625,72.0,73.5,8.383
1765486605.34249,99,25,14,52,18,3.6644439697265625,72.0,73.5,8.383
1765486605.5453496,99,25,14,52,18,3.6644439697265625,72.0,73.5,8.383
1765486605.7465568,99,24,33,18,26,3.6645736694335938,71.0,74.0,7.249
1765486605.947622,99,24,33,18,26,3.6645736694335938,71.0,74.0,7.249
1765486606.1487498,99,44,24,25,34,3.664783477783203,71.5,72.5,7.976
1765486606.3499503,99,44,24,25,34,3.664783477783203,71.5,72.5,7.976
1765486606.5513005,99,44,24,25,34,3.664783477783203,71.5,72.5,7.976
1765486606.7540314,0,34,67,38,28,3.66119384765625,71.0,73.5,6.727
1765486606.9550054,0,34,67,38,28,3.66119384765625,71.0,73.5,6.727
1765486607.1561034,99,36,16,52,22,3.6628456115722656,72.0,73.5,8.605
1765486607.3571048,99,36,16,52,22,3.6628456115722656,72.0,73.5,8.605
1765486607.5580337,99,36,16,52,22,3.6628456115722656,72.0,73.5,8.605
1765486607.7590551,99,32,25,19,32,3.6621780395507812,71.5,73.5,6.915
1765486607.9600763,99,32,25,19,32,3.6621780395507812,71.5,73.5,6.915
1765486608.1610413,99,28,26,33,50,3.662372589111328,72.0,73.0,7.7
1765486608.361995,99,28,26,33,50,3.662372589111328,72.0,73.0,7.7
1765486608.5629718,99,28,26,33,50,3.662372589111328,72.0,73.0,7.7
1765486608.7640967,27,33,35,34,23,3.6625289916992188,71.0,73.0,7.182
1765486608.9651096,27,33,35,34,23,3.6625289916992188,71.0,73.0,7.182
1765486609.1663408,99,20,19,19,49,3.6630172729492188,72.0,72.5,8.016
1765486609.3673348,99,20,19,19,49,3.6630172729492188,72.0,72.5,8.016
1765486609.5683494,99,20,19,19,49,3.6630172729492188,72.0,72.5,8.016
1765486609.7697809,57,38,22,29,35,3.662464141845703,71.0,73.0,6.955
1765486609.9707909,57,38,22,29,35,3.662464141845703,71.0,73.0,6.955
1765486610.171897,99,28,52,31,20,3.6622886657714844,72.0,73.0,7.554
1765486610.3731422,99,28,52,31,20,3.6622886657714844,72.0,73.0,7.554
1765486610.5741842,99,28,52,31,20,3.6622886657714844,72.0,73.0,7.554
1765486610.775323,28,42,30,27,25,3.6628952026367188,71.0,73.5,7.249
1765486610.9765425,28,42,30,27,25,3.6628952026367188,71.0,73.5,7.249
1765486611.1787682,99,18,18,45,16,3.662109375,71.5,73.0,7.818
1765486611.3798146,99,18,18,45,16,3.662109375,71.5,73.0,7.818
1765486611.5810895,99,18,18,45,16,3.662109375,71.5,73.0,7.818
1765486611.7822804,99,28,32,38,26,3.6626739501953125,71.0,73.5,7.102
1765486611.983289,99,28,32,38,26,3.6626739501953125,71.0,73.5,7.102
1765486612.1845248,99,20,26,36,40,3.6626739501953125,72.0,73.0,7.818
1765486612.3854883,99,20,26,36,40,3.6626739501953125,72.0,73.0,7.818
1765486612.5870645,99,20,26,36,40,3.6626739501953125,72.0,73.0,7.818
1765486612.788536,3,34,30,31,30,3.6630172729492188,71.0,73.5,7.142
1765486612.98942,3,34,30,31,30,3.6630172729492188,71.0,73.5,7.142
1765486613.1904407,3,34,30,31,30,3.6630172729492188,71.0,73.5,7.142
1765486613.3916578,99,25,12,22,45,3.6626434326171875,71.5,72.5,7.712
1765486613.5925686,99,25,12,22,45,3.6626434326171875,71.5,72.5,7.712
1765486613.7936106,99,32,30,34,38,3.6626663208007812,71.5,73.5,7.17
1765486613.9945767,99,32,30,34,38,3.6626663208007812,71.5,73.5,7.17
1765486614.1965215,99,32,30,34,38,3.6626663208007812,71.5,73.5,7.17
1765486614.3976672,99,23,19,57,18,3.6628990173339844,71.5,73.0,8.081
1765486614.598704,99,23,19,57,18,3.6628990173339844,71.5,73.0,8.081
1765486614.799704,85,30,22,27,19,3.662883758544922,71.0,73.5,6.864
1765486615.0009623,85,30,22,27,19,3.662883758544922,71.0,73.5,6.864
1765486615.2020352,85,30,22,27,19,3.662883758544922,71.0,73.5,6.864
1765486615.4032137,99,43,31,20,30,3.6616668701171875,71.5,73.0,7.7
1765486615.604199,99,43,31,20,30,3.6616668701171875,71.5,73.0,7.7
1765486615.8050919,83,29,37,30,27,3.662425994873047,71.0,73.5,6.875
1765486616.0060687,83,29,37,30,27,3.662425994873047,71.0,73.5,6.875
1765486616.2072692,83,29,37,30,27,3.662425994873047,71.0,73.5,6.875
1765486616.4086046,99,25,58,16,23,3.6629409790039062,72.0,73.0,8.423
1765486616.6095057,99,25,58,16,23,3.6629409790039062,72.0,73.0,8.423
1765486616.8107476,99,38,16,33,18,3.661029815673828,71.5,74.0,7.7
1765486617.0117762,99,38,16,33,18,3.661029815673828,71.5,74.0,7.7
1765486617.213024,99,38,16,33,18,3.661029815673828,71.5,74.0,7.7
1765486617.414059,99,57,46,52,39,3.6553993225097656,71.5,73.0,7.66
1765486617.614935,99,57,46,52,39,3.6553993225097656,71.5,73.0,7.66
1765486617.8161943,94,34,22,21,39,3.6581192016601562,71.0,73.0,6.756
1765486618.0174065,94,34,22,21,39,3.6581192016601562,71.0,73.0,6.756
1765486618.218365,94,34,22,21,39,3.6581192016601562,71.0,73.0,6.756
1765486618.4195433,99,18,27,22,51,3.6589584350585938,72.0,73.5,8.304
1765486618.6205323,99,18,27,22,51,3.6589584350585938,72.0,73.5,8.304
1765486618.8215017,70,26,23,22,20,3.6584701538085938,71.0,73.0,6.459
1765486619.022648,70,26,23,22,20,3.6584701538085938,71.0,73.0,6.459
1765486619.2236857,70,26,23,22,20,3.6584701538085938,71.0,73.0,6.459
1765486619.4247396,99,31,49,34,32,3.658428192138672,71.5,74.0,7.818
1765486619.6257756,99,31,49,34,32,3.658428192138672,71.5,74.0,7.818
1765486619.8269188,99,27,35,28,20,3.658191680908203,71.0,73.5,6.608
1765486620.0285318,99,27,35,28,20,3.658191680908203,71.0,73.5,6.608
1765486620.2295835,99,27,35,28,20,3.658191680908203,71.0,73.5,6.608
1765486620.432203,99,25,25,54,21,3.6584510803222656,72.0,73.0,7.818
1765486620.6332572,99,25,25,54,21,3.6584510803222656,72.0,73.0,7.818
1765486620.8343692,30,28,26,34,34,3.658203125,71.0,73.0,6.18
1765486621.0355463,30,28,26,34,34,3.658203125,71.0,73.0,6.18
1765486621.2390935,30,28,26,34,34,3.658203125,71.0,73.0,6.18
1765486621.440063,99,26,27,28,54,3.65875244140625,72.0,73.0,7.328
1765486621.6410837,99,26,27,28,54,3.65875244140625,72.0,73.0,7.328
1765486621.848597,99,26,27,28,54,3.65875244140625,72.0,73.0,7.328
1765486622.0497093,47,35,30,20,18,3.6590003967285156,71.5,73.0,7.063
1765486622.2506797,47,35,30,20,18,3.6590003967285156,71.5,73.0,7.063
1765486622.4516761,99,18,20,51,28,3.6587181091308594,71.5,73.0,7.221
1765486622.6526144,99,18,20,51,28,3.6587181091308594,71.5,73.0,7.221
1765486622.8540034,99,18,20,51,28,3.6587181091308594,71.5,73.0,7.221
1765486623.055178,99,28,28,37,27,3.658832550048828,71.0,73.0,6.379
1765486623.2562191,99,28,28,37,27,3.658832550048828,71.0,73.0,6.379
1765486623.457176,99,31,60,30,26,3.6587982177734375,72.0,73.0,7.673
1765486623.658194,99,31,60,30,26,3.6587982177734375,72.0,73.0,7.673
1765486623.8591902,99,31,60,30,26,3.6587982177734375,72.0,73.0,7.673
1765486624.0603535,91,19,20,27,22,3.6596832275390625,71.5,73.5,7.102
1765486624.261332,91,19,20,27,22,3.6596832275390625,71.5,73.5,7.102
1765486624.4624557,99,23,23,49,22,3.658557891845703,72.0,73.0,7.368
1765486624.6634514,99,23,23,49,22,3.658557891845703,72.0,73.0,7.368
1765486624.8644876,99,23,23,49,22,3.658557891845703,72.0,73.0,7.368
1765486625.0655675,99,22,38,22,25,3.6590347290039062,71.5,73.0,6.379
1765486625.2668793,99,22,38,22,25,3.6590347290039062,71.5,73.0,6.379
1765486625.4678817,99,32,57,32,18,3.6594161987304688,72.0,73.5,8.016
1765486625.6689856,99,32,57,32,18,3.6594161987304688,72.0,73.5,8.016
1765486625.8700159,99,32,57,32,18,3.6594161987304688,72.0,73.5,8.016
1765486626.0709918,12,20,18,26,15,3.659442901611328,71.0,72.5,6.339
1765486626.272044,12,20,18,26,15,3.659442901611328,71.0,72.5,6.339
1765486626.473168,99,44,46,30,32,3.6587295532226562,72.0,73.0,7.937
1765486626.674252,99,44,46,30,32,3.6587295532226562,72.0,73.0,7.937
1765486626.8752108,99,44,46,30,32,3.6587295532226562,72.0,73.0,7.937
1765486627.076234,2,23,25,18,32,3.6589698791503906,71.0,73.0,6.18
1765486627.2772243,2,23,25,18,32,3.6589698791503906,71.0,73.0,6.18
1765486627.4780917,99,28,34,31,60,3.659576416015625,72.0,74.0,8.748
1765486627.679205,99,28,34,31,60,3.659576416015625,72.0,74.0,8.748
1765486627.8802295,99,28,34,31,60,3.659576416015625,72.0,74.0,8.748
1765486628.081771,5,19,16,8,22,3.6589088439941406,71.5,73.0,6.259
1765486628.2826943,5,19,16,8,22,3.6589088439941406,71.5,73.0,6.259
1765486628.4836366,99,39,30,26,48,3.659107208251953,72.0,73.0,8.16
1765486628.684779,99,39,30,26,48,3.659107208251953,72.0,73.0,8.16
1765486628.8857658,99,39,30,26,48,3.659107208251953,72.0,73.0,8.16
1765486629.0869064,65,26,27,29,22,3.659088134765625,71.0,73.0,6.299
1765486629.2878916,65,26,27,29,22,3.659088134765625,71.0,73.0,6.299
1765486629.4890916,99,35,32,57,27,3.659626007080078,72.0,74.0,8.866
1765486629.6901886,99,35,32,57,27,3.659626007080078,72.0,74.0,8.866
1765486629.891264,99,35,32,57,27,3.659626007080078,72.0,74.0,8.866
1765486630.0928426,23,24,10,17,22,3.6590805053710938,71.5,72.5,5.88
1765486630.2942884,23,24,10,17,22,3.6590805053710938,71.5,72.5,5.88
1765486630.4955623,23,24,10,17,22,3.6590805053710938,71.5,72.5,5.88
1765486630.6967123,99,38,33,51,32,3.6594161987304688,72.0,73.0,7.7
1765486630.897653,99,38,33,51,32,3.6594161987304688,72.0,73.0,7.7
1765486631.099012,78,21,28,20,22,3.6592063903808594,72.0,73.0,6.796
1765486631.3001723,78,21,28,20,22,3.6592063903808594,72.0,73.0,6.796
1765486631.5011888,78,21,28,20,22,3.6592063903808594,72.0,73.0,6.796
1765486631.70214,99,21,29,21,52,3.6592979431152344,72.0,73.0,7.779
1765486631.9034057,99,21,29,21,52,3.6592979431152344,72.0,73.0,7.779
1765486632.1045601,56,25,18,28,24,3.658954620361328,72.0,73.0,6.07
1765486632.3055303,56,25,18,28,24,3.658954620361328,72.0,73.0,6.07
1765486632.5064235,56,25,18,28,24,3.658954620361328,72.0,73.0,6.07
1765486632.7075884,99,50,38,32,65,3.6588592529296875,72.0,73.0,8.016
1765486632.9085011,99,50,38,32,65,3.6588592529296875,72.0,73.0,8.016
1765486633.109698,75,18,19,20,26,3.6600418090820312,71.5,74.0,7.063
1765486633.3108726,75,18,19,20,26,3.6600418090820312,71.5,74.0,7.063
1765486633.5117927,75,18,19,20,26,3.6600418090820312,71.5,74.0,7.063
1765486633.712714,99,20,28,62,26,3.659210205078125,72.0,73.0,7.487
1765486633.9137032,99,20,28,62,26,3.659210205078125,72.0,73.0,7.487
1765486634.1147418,86,21,34,22,19,3.6590614318847656,71.5,73.0,6.15
1765486634.315896,86,21,34,22,19,3.6590614318847656,71.5,73.0,6.15
1765486634.5169804,86,21,34,22,19,3.6590614318847656,71.5,73.0,6.15
1765486634.718036,99,35,31,35,65,3.659069061279297,72.0,73.0,8.042
1765486634.918965,99,35,31,35,65,3.659069061279297,72.0,73.0,8.042
1765486635.1202028,75,12,17,15,10,3.659748077392578,71.5,73.0,6.459
1765486635.3212025,75,12,17,15,10,3.659748077392578,71.5,73.0,6.459
1765486635.5222552,75,12,17,15,10,3.659748077392578,71.5,73.0,6.459
1765486635.7248628,99,30,36,33,56,3.6597061157226562,72.0,73.5,7.673
1765486635.9259014,99,30,36,33,56,3.6597061157226562,72.0,73.5,7.673
1765486636.1268566,99,16,30,16,15,3.6597023010253906,71.5,73.0,6.647
1765486636.3282013,99,16,30,16,15,3.6597023010253906,71.5,73.0,6.647
1765486636.5292277,99,16,30,16,15,3.6597023010253906,71.5,73.0,6.647
1765486636.73041,99,26,69,34,28,3.660350799560547,72.0,73.5,8.527
1765486636.9313092,99,26,69,34,28,3.660350799560547,72.0,73.5,8.527
1765486637.132297,99,17,10,2,11,3.6599464416503906,71.5,73.0,6.568
1765486637.3335865,99,17,10,2,11,3.6599464416503906,71.5,73.0,6.568
1765486637.53474,99,17,10,2,11,3.6599464416503906,71.5,73.0,6.568
1765486637.7358494,99,41,34,60,48,3.6593170166015625,72.0,73.0,7.514
1765486637.9376357,99,41,34,60,48,3.6593170166015625,72.0,73.0,7.514
1765486638.138818,62,21,17,28,19,3.659698486328125,71.0,72.5,6.11
1765486638.3398178,62,21,17,28,19,3.659698486328125,71.0,72.5,6.11
1765486638.541026,62,21,17,28,19,3.659698486328125,71.0,72.5,6.11
1765486638.7420912,99,32,28,34,64,3.6611671447753906,72.0,73.5,8.501
1765486638.943081,99,32,28,34,64,3.6611671447753906,72.0,73.5,8.501
1765486639.144413,99,32,28,34,64,3.6611671447753906,72.0,73.5,8.501
1765486639.3453207,99,15,11,8,14,3.6601905822753906,71.5,72.5,6.18
1765486639.546225,99,15,11,8,14,3.6601905822753906,71.5,72.5,6.18
1765486639.747231,99,58,57,36,48,3.6597137451171875,72.0,73.0,7.593
1765486639.9483757,99,58,57,36,48,3.6597137451171875,72.0,73.0,7.593
1765486640.1493385,99,58,57,36,48,3.6597137451171875,72.0,73.0,7.593
1765486640.3504407,13,24,25,20,15,3.6605377197265625,71.5,73.0,6.448
1765486640.5513525,13,24,25,20,15,3.6605377197265625,71.5,73.0,6.448
1765486640.7525234,99,60,25,24,43,3.6604461669921875,72.0,73.5,8.265
1765486640.9536462,99,60,25,24,43,3.6604461669921875,72.0,73.5,8.265
1765486641.1549158,99,60,25,24,43,3.6604461669921875,72.0,73.5,8.265
1765486641.3561864,20,18,15,18,12,3.660297393798828,71.5,72.5,6.03
1765486641.5571113,20,18,15,18,12,3.660297393798828,71.5,72.5,6.03
1765486641.7581928,99,40,43,60,44,3.6605072021484375,72.0,73.0,7.593
1765486641.9593284,99,40,43,60,44,3.6605072021484375,72.0,73.0,7.593
1765486642.1603303,99,40,43,60,44,3.6605072021484375,72.0,73.0,7.593
1765486642.3612711,33,20,16,16,14,3.6611595153808594,71.5,74.0,6.14
1765486642.5627432,33,20,16,16,14,3.6611595153808594,71.5,74.0,6.14
1765486642.7638373,99,41,41,58,26,3.6600570678710938,72.0,73.0,7.487
1765486642.9665275,99,41,41,58,26,3.6600570678710938,72.0,73.0,7.487
1765486643.1675575,99,41,41,58,26,3.6600570678710938,72.0,73.0,7.487
1765486643.3686767,99,18,12,18,22,3.6606216430664062,72.0,72.5,5.649
1765486643.5697994,99,18,12,18,22,3.6606216430664062,72.0,72.5,5.649
1765486643.77071,99,42,48,40,51,3.6612319946289062,72.0,73.0,7.976
1765486643.9718363,99,42,48,40,51,3.6612319946289062,72.0,73.0,7.976
1765486644.172843,99,42,48,40,51,3.6612319946289062,72.0,73.0,7.976
1765486644.3740792,99,8,20,12,15,3.6618690490722656,71.5,73.5,7.447
1765486644.5752182,99,8,20,12,15,3.6618690490722656,71.5,73.5,7.447
1765486644.7763343,99,27,49,27,66,3.6617355346679688,72.0,73.5,7.712
1765486644.9773455,99,27,49,27,66,3.6617355346679688,72.0,73.5,7.712
1765486645.1787481,99,27,49,27,66,3.6617355346679688,72.0,73.5,7.712
1765486645.3801398,99,16,10,21,19,3.661540985107422,72.0,73.0,7.142
1765486645.5814042,99,16,10,21,19,3.661540985107422,72.0,73.0,7.142
1765486645.7825708,99,33,42,44,62,3.6623458862304688,72.5,73.0,8.383
1765486645.9835165,99,33,42,44,62,3.6623458862304688,72.5,73.0,8.383
1765486646.1845703,99,33,42,44,62,3.6623458862304688,72.5,73.0,8.383
1765486646.3855903,99,8,9,8,9,3.6620521545410156,72.0,73.0,7.182
1765486646.5866613,99,8,9,8,9,3.6620521545410156,72.0,73.0,7.182
1765486646.7875881,99,38,47,67,37,3.6616973876953125,72.0,73.5,8.121
1765486646.9886785,99,38,47,67,37,3.6616973876953125,72.0,73.5,8.121
1765486647.189684,99,38,47,67,37,3.6616973876953125,72.0,73.5,8.121
1765486647.3906348,99,16,14,16,22,3.662670135498047,72.0,73.0,7.633
1765486647.5917141,99,16,14,16,22,3.662670135498047,72.0,73.0,7.633
1765486647.792653,99,38,43,39,58,3.6640167236328125,72.0,73.5,8.984
1765486647.9937346,99,38,43,39,58,3.6640167236328125,72.0,73.5,8.984
1765486648.1948485,99,38,43,39,58,3.6640167236328125,72.0,73.5,8.984
1765486648.396045,99,11,12,10,10,3.6632347106933594,72.0,73.0,7.447
1765486648.5969918,99,11,12,10,10,3.6632347106933594,72.0,73.0,7.447
1765486648.7979298,99,40,32,44,75,3.6636085510253906,72.0,73.5,8.501
1765486648.9989564,99,40,32,44,75,3.6636085510253906,72.0,73.5,8.501
1765486649.2002947,99,40,32,44,75,3.6636085510253906,72.0,73.5,8.501
1765486649.40128,99,23,22,26,16,3.663604736328125,72.0,73.5,8.787
1765486649.6024554,99,23,22,26,16,3.663604736328125,72.0,73.5,8.787
1765486649.8035982,99,36,32,65,38,3.6649208068847656,72.0,74.5,8.723
1765486650.0045202,99,36,32,65,38,3.6649208068847656,72.0,74.5,8.723
1765486650.2055955,99,36,32,65,38,3.6649208068847656,72.0,74.5,8.723
1765486650.4071755,99,19,17,18,12,3.6642799377441406,72.0,73.0,7.554
1765486650.6083395,99,19,17,18,12,3.6642799377441406,72.0,73.0,7.554
1765486650.8094528,99,42,34,43,58,3.664989471435547,72.0,73.5,8.2
1765486651.0108612,99,42,34,43,58,3.664989471435547,72.0,73.5,8.2
1765486651.212056,99,42,34,43,58,3.664989471435547,72.0,73.5,8.2
1765486651.413074,98,22,18,28,18,3.6651229858398438,72.0,74.0,8.423
1765486651.6148062,98,22,18,28,18,3.6651229858398438,72.0,74.0,8.423
1765486651.816114,98,22,18,28,18,3.6651229858398438,72.0,74.0,8.423
1765486652.0172713,99,22,20,18,61,3.664886474609375,72.0,73.5,8.2
1765486652.2184172,99,22,20,18,61,3.664886474609375,72.0,73.5,8.2
1765486652.41941,98,21,21,19,18,3.665386199951172,72.0,73.5,7.593
1765486652.620374,98,21,21,19,18,3.665386199951172,72.0,73.5,7.593
1765486652.8215795,98,21,21,19,18,3.665386199951172,72.0,73.5,7.593
1765486653.0226626,99,42,29,53,42,3.6656112670898438,71.5,73.5,7.858
1765486653.223841,99,42,29,53,42,3.6656112670898438,71.5,73.5,7.858
1765486653.4251447,98,19,20,26,32,3.6665687561035156,72.0,74.0,8.487
1765486653.6261861,98,19,20,26,32,3.6665687561035156,72.0,74.0,8.487
1765486653.827232,98,19,20,26,32,3.6665687561035156,72.0,74.0,8.487
1765486654.0285041,99,23,36,37,30,3.6654396057128906,71.5,73.0,8.003
1765486654.229588,99,23,36,37,30,3.6654396057128906,71.5,73.0,8.003
1765486654.4307377,99,24,44,20,16,3.6645736694335938,72.0,73.0,8.003
1765486654.6325908,99,24,44,20,16,3.6645736694335938,72.0,73.0,8.003
1765486654.8336794,99,24,44,20,16,3.6645736694335938,72.0,73.0,8.003
1765486655.034922,99,44,34,33,38,3.6659317016601562,71.5,73.5,7.858
1765486655.236142,99,44,34,33,38,3.6659317016601562,71.5,73.5,7.858
1765486655.43719,99,20,13,15,40,3.66668701171875,72.0,73.5,8.265
1765486655.6381118,99,20,13,15,40,3.66668701171875,72.0,73.5,8.265
1765486655.839155,99,20,13,15,40,3.66668701171875,72.0,73.5,8.265
1765486656.040303,99,41,20,36,34,3.666168212890625,72.0,73.5,7.818
1765486656.2411876,99,41,20,36,34,3.666168212890625,72.0,73.5,7.818
1765486656.4421227,99,12,46,16,21,3.6668777465820312,72.0,73.0,7.712
1765486656.6431348,99,12,46,16,21,3.6668777465820312,72.0,73.0,7.712
1765486656.8507166,99,12,46,16,21,3.6668777465820312,72.0,73.0,7.712
1765486657.0518086,99,32,38,34,32,3.6681060791015625,71.5,74.0,8.016
1765486657.253237,99,32,38,34,32,3.6681060791015625,71.5,74.0,8.016
1765486657.4543638,99,10,39,16,18,3.6671142578125,72.0,73.5,7.858
1765486657.655255,99,10,39,16,18,3.6671142578125,72.0,73.5,7.858
1765486657.8565655,99,10,39,16,18,3.6671142578125,72.0,73.5,7.858
1765486658.0575461,99,31,43,32,31,3.6671981811523438,71.5,74.5,7.593
1765486658.258577,99,31,43,32,31,3.6671981811523438,71.5,74.5,7.593
1765486658.4595566,99,22,22,52,17,3.667583465576172,72.0,73.5,8.042
1765486658.660682,99,22,22,52,17,3.667583465576172,72.0,73.5,8.042
1765486658.8628871,99,22,22,52,17,3.667583465576172,72.0,73.5,8.042
1765486659.0640976,99,39,24,27,16,3.6683731079101562,71.5,73.5,7.7
1765486659.265125,99,39,24,27,16,3.6683731079101562,71.5,73.5,7.7
1765486659.466072,99,44,16,29,21,3.6677513122558594,72.0,73.0,7.897
1765486659.6670158,99,44,16,29,21,3.6677513122558594,72.0,73.0,7.897
1765486659.8680549,99,44,16,29,21,3.6677513122558594,72.0,73.0,7.897
