ts,gpu,cpu1,cpu2,cpu3,cpu4,ram,temp_gpu,temp_cpu,power
1765483986.1122367,0,14,25,38,17,3.7863807678222656,60.5,62.0,2.985
1765483986.313571,0,14,25,38,17,3.7863807678222656,60.5,62.0,2.985
1765483986.5169106,0,14,25,38,17,3.7863807678222656,60.5,62.0,2.985
1765483986.7184315,99,71,56,58,57,3.730224609375,37.5,39.0,7.507
1765483986.9195855,99,71,56,58,57,3.730224609375,37.5,39.0,7.507
1765483987.1207237,99,71,56,58,57,3.730224609375,37.5,39.0,7.507
1765483987.3225582,99,56,71,51,60,3.728687286376953,38.0,39.0,8.808
1765483987.5242682,99,56,71,51,60,3.728687286376953,38.0,39.0,8.808
1765483987.7282786,99,34,26,38,37,3.718414306640625,37.5,38.0,7.2
1765483987.929775,99,34,26,38,37,3.718414306640625,37.5,38.0,7.2
1765483988.1313305,99,34,26,38,37,3.718414306640625,37.5,38.0,7.2
1765483988.3325624,99,48,19,21,16,3.71563720703125,38.0,38.0,8.014
1765483988.534435,99,48,19,21,16,3.71563720703125,38.0,38.0,8.014
1765483988.7355802,70,29,19,27,23,3.715240478515625,37.5,38.5,6.189
1765483988.9364922,70,29,19,27,23,3.715240478515625,37.5,38.5,6.189
1765483989.138893,70,29,19,27,23,3.715240478515625,37.5,38.5,6.189
1765483989.342082,99,39,19,14,21,3.715526580810547,38.0,38.0,7.507
1765483989.543523,99,39,19,14,21,3.715526580810547,38.0,38.0,7.507
1765483989.7447686,99,43,26,20,26,3.71722412109375,38.0,39.0,7.468
1765483989.9485056,99,43,26,20,26,3.71722412109375,38.0,39.0,7.468
1765483990.1531827,99,43,26,20,26,3.71722412109375,38.0,39.0,7.468
1765483990.354664,99,22,14,19,20,3.7162933349609375,37.5,37.5,7.547
1765483990.5569022,99,22,14,19,20,3.7162933349609375,37.5,37.5,7.547
1765483990.758254,99,20,30,34,47,3.717578887939453,37.5,37.5,7.011
1765483990.9593499,99,20,30,34,47,3.717578887939453,37.5,37.5,7.011
1765483991.16077,99,20,30,34,47,3.717578887939453,37.5,37.5,7.011
1765483991.362184,99,18,21,17,19,3.7120285034179688,38.0,37.5,7.44
1765483991.5635924,99,18,21,17,19,3.7120285034179688,38.0,37.5,7.44
1765483991.764986,99,18,21,17,19,3.7120285034179688,38.0,37.5,7.44
1765483991.966407,99,27,44,29,20,3.7133750915527344,38.0,38.5,7.934
1765483992.169341,99,27,44,29,20,3.7133750915527344,38.0,38.5,7.934
1765483992.37066,99,23,22,17,15,3.7123680114746094,38.0,38.0,6.971
1765483992.5717032,99,23,22,17,15,3.7123680114746094,38.0,38.0,6.971
1765483992.7727768,99,23,22,17,15,3.7123680114746094,38.0,38.0,6.971
1765483992.97556,99,20,48,25,34,3.7129592895507812,38.0,38.0,7.4
1765483993.1772447,99,20,48,25,34,3.7129592895507812,38.0,38.0,7.4
1765483993.3785236,99,20,22,22,23,3.7127227783203125,38.0,38.0,6.971
1765483993.5797799,99,20,22,22,23,3.7127227783203125,38.0,38.0,6.971
1765483993.78111,99,20,22,22,23,3.7127227783203125,38.0,38.0,6.971
1765483993.9828775,99,39,14,14,27,3.7130661010742188,38.0,38.0,8.014
1765483994.1864154,99,39,14,14,27,3.7130661010742188,38.0,38.0,8.014
1765483994.3880498,27,21,20,23,20,3.7129173278808594,38.0,37.5,4.78
1765483994.589241,27,21,20,23,20,3.7129173278808594,38.0,37.5,4.78
1765483994.7915118,27,21,20,23,20,3.7129173278808594,38.0,37.5,4.78
1765483994.9943407,99,25,22,31,53,3.7129135131835938,38.5,38.0,7.854
1765483995.195988,99,25,22,31,53,3.7129135131835938,38.5,38.0,7.854
1765483995.3971462,99,20,18,22,28,3.7138900756835938,38.0,39.0,6.189
1765483995.5984192,99,20,18,22,28,3.7138900756835938,38.0,39.0,6.189
1765483995.8016012,99,20,18,22,28,3.7138900756835938,38.0,39.0,6.189
1765483996.0036292,99,39,14,11,19,3.7127342224121094,38.5,38.0,7.2
1765483996.2068245,99,39,14,11,19,3.7127342224121094,38.5,38.0,7.2
1765483996.4091926,99,20,30,34,16,3.712665557861328,38.0,38.5,6.5
1765483996.6110187,99,20,30,34,16,3.712665557861328,38.0,38.5,6.5
1765483996.8126717,99,20,30,34,16,3.712665557861328,38.0,38.5,6.5
1765483997.0157197,99,32,24,16,39,3.7126617431640625,38.5,38.0,7.507
1765483997.2170265,99,32,24,16,39,3.7126617431640625,38.5,38.0,7.507
1765483997.4181414,99,27,24,27,25,3.7140121459960938,38.0,38.5,7.934
1765483997.62015,99,27,24,27,25,3.7140121459960938,38.0,38.5,7.934
1765483997.8231378,99,27,24,27,25,3.7140121459960938,38.0,38.5,7.934
1765483998.0246964,99,17,17,38,10,3.7124710083007812,38.5,38.5,7.04
1765483998.2256846,99,17,17,38,10,3.7124710083007812,38.5,38.5,7.04
1765483998.4267771,99,16,26,20,33,3.712757110595703,38.5,38.5,6.902
1765483998.6293375,99,16,26,20,33,3.712757110595703,38.5,38.5,6.902
1765483998.8310852,99,16,26,20,33,3.712757110595703,38.5,38.5,6.902
1765483999.0337105,99,25,47,22,12,3.7129478454589844,38.5,38.5,8.319
1765483999.236466,99,25,47,22,12,3.7129478454589844,38.5,38.5,8.319
1765483999.438765,47,21,21,28,25,3.7131919860839844,38.0,39.5,6.118
1765483999.6406133,47,21,21,28,25,3.7131919860839844,38.0,39.5,6.118
1765483999.84323,47,21,21,28,25,3.7131919860839844,38.0,39.5,6.118
1765484000.0450647,99,24,22,36,26,3.7126922607421875,38.5,39.0,7.747
1765484000.2463255,99,24,22,36,26,3.7126922607421875,38.5,39.0,7.747
1765484000.4474235,99,36,29,25,34,3.7126312255859375,38.5,39.5,6.58
1765484000.6497974,99,36,29,25,34,3.7126312255859375,38.5,39.5,6.58
1765484000.8515153,99,36,29,25,34,3.7126312255859375,38.5,39.5,6.58
1765484001.0536141,99,31,19,26,6,3.7137107849121094,38.5,39.5,7.934
1765484001.2621272,99,31,19,26,6,3.7137107849121094,38.5,39.5,7.934
1765484001.4643798,99,16,14,42,12,3.712963104248047,38.5,38.5,7.12
1765484001.6657481,99,16,14,42,12,3.712963104248047,38.5,38.5,7.12
1765484001.8690798,99,16,14,42,12,3.712963104248047,38.5,38.5,7.12
1765484002.07173,99,28,16,22,25,3.7130699157714844,39.0,38.5,7.627
1765484002.2728753,99,28,16,22,25,3.7130699157714844,39.0,38.5,7.627
1765484002.4738352,99,28,24,22,44,3.7129058837890625,39.0,39.5,7.428
1765484002.6765578,99,28,24,22,44,3.7129058837890625,39.0,39.5,7.428
1765484002.878236,99,28,24,22,44,3.7129058837890625,39.0,39.5,7.428
1765484003.0792475,99,19,16,15,16,3.713836669921875,39.0,39.0,7.787
1765484003.2803428,99,19,16,15,16,3.713836669921875,39.0,39.0,7.787
1765484003.481472,99,19,16,15,16,3.713836669921875,39.0,39.0,7.787
1765484003.6827862,99,23,52,30,29,3.7134170532226562,39.0,39.0,8.12
1765484003.8848715,99,23,52,30,29,3.7134170532226562,39.0,39.0,8.12
1765484004.0866134,99,21,23,22,16,3.7134666442871094,39.0,39.0,6.58
1765484004.288041,99,21,23,22,16,3.7134666442871094,39.0,39.0,6.58
1765484004.4892704,99,21,23,22,16,3.7134666442871094,39.0,39.0,6.58
1765484004.6921964,99,31,24,28,57,3.712848663330078,39.5,39.5,8.346
1765484004.8956926,99,31,24,28,57,3.712848663330078,39.5,39.5,8.346
1765484005.0971274,0,14,16,20,12,3.713603973388672,38.5,40.0,5.29
1765484005.2983572,0,14,16,20,12,3.713603973388672,38.5,40.0,5.29
1765484005.5003266,0,14,16,20,12,3.713603973388672,38.5,40.0,5.29
1765484005.7020578,99,44,27,24,21,3.7126121520996094,38.5,39.0,7.627
1765484005.903612,99,44,27,24,21,3.7126121520996094,38.5,39.0,7.627
1765484006.1052969,99,28,31,18,23,3.713329315185547,38.5,40.0,5.837
1765484006.3066628,99,28,31,18,23,3.713329315185547,38.5,40.0,5.837
1765484006.5078294,99,28,31,18,23,3.713329315185547,38.5,40.0,5.837
1765484006.7106583,99,21,14,41,15,3.7133140563964844,39.0,39.5,7.854
1765484006.9129744,99,21,14,41,15,3.7133140563964844,39.0,39.5,7.854
1765484007.114461,99,10,33,11,4,3.7130775451660156,39.0,39.0,7.12
1765484007.3155875,99,10,33,11,4,3.7130775451660156,39.0,39.0,7.12
1765484007.518659,99,10,33,11,4,3.7130775451660156,39.0,39.0,7.12
1765484007.7215998,99,20,26,16,44,3.7126197814941406,39.0,39.0,7.011
1765484007.9235976,99,20,26,16,44,3.7126197814941406,39.0,39.0,7.011
1765484008.1247802,99,30,22,32,18,3.712635040283203,39.0,39.0,7.32
1765484008.3279243,99,30,22,32,18,3.712635040283203,39.0,39.0,7.32
1765484008.5293927,99,30,22,32,18,3.712635040283203,39.0,39.0,7.32
1765484008.7312388,99,20,22,41,20,3.713489532470703,39.0,39.0,8.001
1765484008.932479,99,20,22,41,20,3.713489532470703,39.0,39.0,8.001
1765484009.1337776,99,29,14,10,16,3.7128982543945312,39.0,39.0,6.741
1765484009.3349648,99,29,14,10,16,3.7128982543945312,39.0,39.0,6.741
1765484009.5387778,99,29,14,10,16,3.7128982543945312,39.0,39.0,6.741
1765484009.743623,99,28,27,24,44,3.713001251220703,39.5,39.0,7.894
1765484009.945376,99,28,27,24,44,3.713001251220703,39.5,39.0,7.894
1765484010.1465452,0,21,28,30,24,3.7137222290039062,39.0,39.0,5.532
1765484010.3490214,0,21,28,30,24,3.7137222290039062,39.0,39.0,5.532
1765484010.552598,0,21,28,30,24,3.7137222290039062,39.0,39.0,5.532
1765484010.7546794,99,15,34,18,14,3.714508056640625,40.0,39.0,8.081
1765484010.9578676,99,15,34,18,14,3.714508056640625,40.0,39.0,8.081
1765484011.1596239,99,34,18,28,25,3.7147560119628906,39.0,40.0,6.43
1765484011.3653615,99,34,18,28,25,3.7147560119628906,39.0,40.0,6.43
1765484011.5681815,99,34,18,28,25,3.7147560119628906,39.0,40.0,6.43
1765484011.7745702,99,36,23,16,14,3.715435028076172,39.5,39.0,7.28
1765484011.9759624,99,36,23,16,14,3.715435028076172,39.5,39.0,7.28
1765484012.1772654,99,25,36,33,29,3.7163963317871094,39.5,40.0,7.934
1765484012.3805666,99,25,36,33,29,3.7163963317871094,39.5,40.0,7.934
1765484012.5839808,99,25,36,33,29,3.7163963317871094,39.5,40.0,7.934
1765484012.7852807,99,20,29,16,12,3.7160987854003906,40.0,39.0,7.667
1765484012.9871924,99,20,29,16,12,3.7160987854003906,40.0,39.0,7.667
1765484013.1882405,99,54,27,23,20,3.7158737182617188,39.5,40.0,7.468
1765484013.3895254,99,54,27,23,20,3.7158737182617188,39.5,40.0,7.468
1765484013.5910344,99,54,27,23,20,3.7158737182617188,39.5,40.0,7.468
1765484013.7922554,99,16,23,10,21,3.7159957885742188,40.0,39.5,7.36
1765484013.9942818,99,16,23,10,21,3.7159957885742188,40.0,39.5,7.36
1765484014.195553,99,16,23,10,21,3.7159957885742188,40.0,39.5,7.36
1765484014.397407,99,19,36,24,43,3.718006134033203,39.0,40.5,8.12
1765484014.6026976,99,19,36,24,43,3.718006134033203,39.0,40.5,8.12
1765484014.80397,99,26,17,12,17,3.7167510986328125,40.0,39.5,6.661
1765484015.0051239,99,26,17,12,17,3.7167510986328125,40.0,39.5,6.661
1765484015.2069516,99,26,17,12,17,3.7167510986328125,40.0,39.5,6.661
1765484015.4108255,99,22,28,48,24,3.7168846130371094,39.5,39.5,7.587
1765484015.6123705,99,22,28,48,24,3.7168846130371094,39.5,39.5,7.587
1765484015.8141081,41,30,22,23,16,3.71734619140625,39.5,40.0,5.411
1765484016.0152476,41,30,22,23,16,3.71734619140625,39.5,40.0,5.411
1765484016.2165692,41,30,22,23,16,3.71734619140625,39.5,40.0,5.411
1765484016.4194074,99,25,16,45,18,3.7183685302734375,40.0,39.5,8.094
1765484016.6240935,99,25,16,45,18,3.7183685302734375,40.0,39.5,8.094
1765484016.8260639,99,24,25,19,25,3.7185134887695312,39.0,40.5,5.096
1765484017.0272582,99,24,25,19,25,3.7185134887695312,39.0,40.5,5.096
1765484017.2289262,99,24,25,19,25,3.7185134887695312,39.0,40.5,5.096
1765484017.4318774,99,26,18,29,43,3.7190322875976562,40.0,39.5,7.32
1765484017.6335626,99,26,18,29,43,3.7190322875976562,40.0,39.5,7.32
1765484017.8347914,99,22,40,24,22,3.7199668884277344,40.0,40.5,6.741
1765484018.035933,99,22,40,24,22,3.7199668884277344,40.0,40.5,6.741
1765484018.2385747,99,22,40,24,22,3.7199668884277344,40.0,40.5,6.741
1765484018.4404826,99,38,13,10,15,3.7194175720214844,40.5,40.0,7.4
1765484018.6444216,99,38,13,10,15,3.7194175720214844,40.5,40.0,7.4
1765484018.8466032,99,20,30,18,15,3.719226837158203,39.5,40.0,7.091
1765484019.047997,99,20,30,18,15,3.719226837158203,39.5,40.0,7.091
1765484019.2502854,99,20,30,18,15,3.719226837158203,39.5,40.0,7.091
1765484019.4537017,99,26,17,26,45,3.7184410095214844,40.0,40.0,7.051
1765484019.6552474,99,26,17,26,45,3.7184410095214844,40.0,40.0,7.051
1765484019.8563044,99,25,24,30,20,3.7193870544433594,40.0,41.0,7.814
1765484020.0575464,99,25,24,30,20,3.7193870544433594,40.0,41.0,7.814
1765484020.262688,99,25,24,30,20,3.7193870544433594,40.0,41.0,7.814
1765484020.4643643,99,19,10,8,35,3.71820068359375,40.5,40.0,7.587
1765484020.6654022,99,19,10,8,35,3.71820068359375,40.5,40.0,7.587
1765484020.8668458,99,28,28,23,18,3.718341827392578,40.0,39.5,5.927
1765484021.068365,99,28,28,23,18,3.718341827392578,40.0,39.5,5.927
1765484021.2698576,99,28,28,23,18,3.718341827392578,40.0,39.5,5.927
1765484021.4727092,99,22,42,22,27,3.7182846069335938,40.0,40.0,7.974
1765484021.6753595,99,22,42,22,27,3.7182846069335938,40.0,40.0,7.974
1765484021.8763978,99,23,28,20,16,3.7190818786621094,39.5,41.0,6.85
1765484022.0778067,99,23,28,20,16,3.7190818786621094,39.5,41.0,6.85
1765484022.280829,99,23,28,20,16,3.7190818786621094,39.5,41.0,6.85
1765484022.4824817,99,21,23,32,21,3.7188339233398438,40.0,40.0,7.547
1765484022.6835234,99,21,23,32,21,3.7188339233398438,40.0,40.0,7.547
1765484022.884732,99,21,23,32,21,3.7188339233398438,40.0,40.0,7.547
1765484023.0870557,99,26,36,34,24,3.718616485595703,40.0,41.0,6.85
1765484023.2884803,99,26,36,34,24,3.718616485595703,40.0,41.0,6.85
1765484023.4906604,99,26,27,22,20,3.718585968017578,40.5,40.0,7.894
1765484023.692294,99,26,27,22,20,3.718585968017578,40.5,40.0,7.894
1765484023.893958,99,26,27,22,20,3.718585968017578,40.5,40.0,7.894
1765484024.095215,0,21,25,19,26,3.727924346923828,38.5,42.0,3.942
1765484024.2983232,0,21,25,19,26,3.727924346923828,38.5,42.0,3.942
1765484024.5013804,99,23,38,22,27,3.7275314331054688,40.5,40.0,7.814
1765484024.703053,99,23,38,22,27,3.7275314331054688,40.5,40.0,7.814
1765484024.9060013,99,23,38,22,27,3.7275314331054688,40.5,40.0,7.814
1765484025.107562,1,26,36,26,26,3.727874755859375,39.5,40.5,5.725
1765484025.309169,1,26,36,26,26,3.727874755859375,39.5,40.5,5.725
1765484025.510444,99,20,22,17,39,3.7289276123046875,41.0,40.5,8.2
1765484025.7124498,99,20,22,17,39,3.7289276123046875,41.0,40.5,8.2
1765484025.913363,99,20,22,17,39,3.7289276123046875,41.0,40.5,8.2
1765484026.1146224,99,24,24,12,33,3.727935791015625,40.0,40.5,6.58
1765484026.3176258,99,24,24,12,33,3.727935791015625,40.0,40.5,6.58
1765484026.520011,99,22,26,18,24,3.7276992797851562,40.5,40.5,7.32
1765484026.7214293,99,22,26,18,24,3.7276992797851562,40.5,40.5,7.32
1765484026.922753,99,22,26,18,24,3.7276992797851562,40.5,40.5,7.32
1765484027.1252444,99,21,46,28,24,3.7280845642089844,40.5,41.0,7.24
1765484027.328486,99,21,46,28,24,3.7280845642089844,40.5,41.0,7.24
1765484027.529974,99,20,19,12,21,3.7289199829101562,41.0,40.5,8.054
1765484027.7315302,99,20,19,12,21,3.7289199829101562,41.0,40.5,8.054
1765484027.932647,99,20,19,12,21,3.7289199829101562,41.0,40.5,8.054
1765484028.1341558,99,20,40,24,17,3.728046417236328,40.5,41.0,7.44
1765484028.337552,99,20,40,24,17,3.728046417236328,40.5,41.0,7.44
1765484028.538994,99,24,15,20,21,3.7280197143554688,40.5,40.5,6.971
1765484028.741606,99,24,15,20,21,3.7280197143554688,40.5,40.5,6.971
1765484028.9433107,99,24,15,20,21,3.7280197143554688,40.5,40.5,6.971
1765484029.1471183,99,29,42,46,32,3.7281646728515625,41.0,42.5,8.544
1765484029.3502812,99,29,42,46,32,3.7281646728515625,41.0,42.5,8.544
1765484029.551643,99,16,16,12,8,3.7283401489257812,40.5,40.5,6.661
1765484029.7528064,99,16,16,12,8,3.7283401489257812,40.5,40.5,6.661
1765484029.9548225,99,16,16,12,8,3.7283401489257812,40.5,40.5,6.661
1765484030.1574996,99,25,32,23,44,3.727924346923828,41.0,41.0,7.627
1765484030.3594303,99,25,32,23,44,3.727924346923828,41.0,41.0,7.627
1765484030.5605073,0,20,26,20,22,3.7282676696777344,40.5,40.5,4.942
1765484030.7614994,0,20,26,20,22,3.7282676696777344,40.5,40.5,4.942
1765484030.9629896,0,20,26,20,22,3.7282676696777344,40.5,40.5,4.942
1765484031.1662204,99,25,50,17,19,3.729034423828125,41.5,41.5,8.425
1765484031.370439,99,25,50,17,19,3.729034423828125,41.5,41.5,8.425
1765484031.5716991,99,18,22,16,8,3.728160858154297,40.5,41.0,5.29
1765484031.7726562,99,18,22,16,8,3.728160858154297,40.5,41.0,5.29
1765484031.9745572,99,18,22,16,8,3.728160858154297,40.5,41.0,5.29
1765484032.1774843,99,32,22,42,17,3.728130340576172,41.0,41.0,7.24
1765484032.3795433,99,32,22,42,17,3.728130340576172,41.0,41.0,7.24
1765484032.580661,99,22,27,37,19,3.7276954650878906,40.5,41.5,7.011
1765484032.7821562,99,22,27,37,19,3.7276954650878906,40.5,41.5,7.011
1765484032.9833016,99,22,27,37,19,3.7276954650878906,40.5,41.5,7.011
1765484033.1847842,99,16,46,10,13,3.7293663024902344,41.0,41.0,7.587
1765484033.3879442,99,16,46,10,13,3.7293663024902344,41.0,41.0,7.587
1765484033.5893116,99,16,46,10,13,3.7293663024902344,41.0,41.0,7.587
1765484033.7906275,99,18,32,14,16,3.7289047241210938,41.0,41.5,7.547
1765484033.9920423,99,18,32,14,16,3.7289047241210938,41.0,41.5,7.547
1765484034.1952424,99,31,23,21,45,3.728923797607422,41.0,41.0,7.051
1765484034.3965201,99,31,23,21,45,3.728923797607422,41.0,41.0,7.051
1765484034.5974803,99,31,23,21,45,3.728923797607422,41.0,41.0,7.051
1765484034.7986016,99,30,37,26,28,3.7288780212402344,41.0,41.5,7.934
1765484034.9998002,99,30,37,26,28,3.7288780212402344,41.0,41.5,7.934
1765484035.2010593,99,37,34,32,45,3.7267494201660156,41.5,41.0,8.014
1765484035.4025967,99,37,34,32,45,3.7267494201660156,41.5,41.0,8.014
1765484035.604099,99,37,34,32,45,3.7267494201660156,41.5,41.0,8.014
1765484035.805482,77,25,19,32,18,3.7268218994140625,41.0,41.0,5.411
1765484036.0068293,77,25,19,32,18,3.7268218994140625,41.0,41.0,5.411
1765484036.209469,99,23,23,40,22,3.7266578674316406,41.5,41.0,7.587
1765484036.4111083,99,23,23,40,22,3.7266578674316406,41.5,41.0,7.587
1765484036.612637,99,23,23,40,22,3.7266578674316406,41.5,41.0,7.587
1765484036.8137765,97,22,32,28,31,3.7274093627929688,41.0,42.0,7.011
1765484037.017392,97,22,32,28,31,3.7274093627929688,41.0,42.0,7.011
1765484037.2192755,99,18,16,34,13,3.7267723083496094,41.5,41.0,7.32
1765484037.4208746,99,18,16,34,13,3.7267723083496094,41.5,41.0,7.32
1765484037.622106,99,18,16,34,13,3.7267723083496094,41.5,41.0,7.32
1765484037.8237863,99,28,39,18,34,3.7270660400390625,41.0,41.5,7.091
1765484038.0251727,99,28,39,18,34,3.7270660400390625,41.0,41.5,7.091
1765484038.2275107,99,25,27,19,8,3.7271194458007812,41.5,41.5,7.667
1765484038.4289758,99,25,27,19,8,3.7271194458007812,41.5,41.5,7.667
1765484038.630391,99,25,27,19,8,3.7271194458007812,41.5,41.5,7.667
1765484038.8316307,99,19,38,32,26,3.7274932861328125,41.0,42.0,7.747
1765484039.0347378,99,19,38,32,26,3.7274932861328125,41.0,42.0,7.747
1765484039.2370894,99,23,25,17,20,3.727062225341797,41.5,41.5,7.28
1765484039.4387228,99,23,25,17,20,3.727062225341797,41.5,41.5,7.28
1765484039.6398087,99,23,25,17,20,3.727062225341797,41.5,41.5,7.28
1765484039.8430724,99,23,24,51,24,3.7274932861328125,41.0,41.5,7.08
1765484040.0447333,99,23,24,51,24,3.7274932861328125,41.0,41.5,7.08
1765484040.2462904,99,27,27,19,21,3.72723388671875,41.5,41.0,7.28
1765484040.447922,99,27,27,19,21,3.72723388671875,41.5,41.0,7.28
1765484040.6492586,99,27,27,19,21,3.72723388671875,41.5,41.0,7.28
1765484040.8503664,99,22,50,14,17,3.727855682373047,41.5,41.0,7.775
1765484041.053171,99,22,50,14,17,3.727855682373047,41.5,41.0,7.775
1765484041.2542312,99,22,18,16,22,3.72723388671875,41.0,41.0,5.765
1765484041.4553082,99,22,18,16,22,3.72723388671875,41.0,41.0,5.765
1765484041.6566503,99,22,18,16,22,3.72723388671875,41.0,41.0,5.765
1765484041.8598516,99,47,22,30,33,3.7269515991210938,42.0,41.5,7.747
1765484042.0627599,99,47,22,30,33,3.7269515991210938,42.0,41.5,7.747
1765484042.2641618,99,47,22,30,33,3.7269515991210938,42.0,41.5,7.747
1765484042.4665692,77,22,24,18,30,3.7279510498046875,41.0,42.0,5.957
1765484042.6695762,77,22,24,18,30,3.7279510498046875,41.0,42.0,5.957
1765484042.8714058,99,26,10,36,17,3.7273292541503906,41.5,41.5,7.051
1765484043.0744686,99,26,10,36,17,3.7273292541503906,41.5,41.5,7.051
1765484043.2761822,99,26,10,36,17,3.7273292541503906,41.5,41.5,7.051
1765484043.4772844,99,26,32,22,16,3.7274322509765625,41.5,41.5,6.47
1765484043.6785758,99,26,32,22,16,3.7274322509765625,41.5,41.5,6.47
1765484043.8806832,99,54,24,26,25,3.723876953125,41.5,41.5,7.934
1765484044.0839145,99,54,24,26,25,3.723876953125,41.5,41.5,7.934
1765484044.2852516,99,54,24,26,25,3.723876953125,41.5,41.5,7.934
1765484044.4865816,99,20,28,52,29,3.7243499755859375,41.5,42.5,8.28
1765484044.687638,99,20,28,52,29,3.7243499755859375,41.5,42.5,8.28
1765484044.8902297,99,26,57,31,46,3.718700408935547,42.0,41.5,6.931
1765484045.0916507,99,26,57,31,46,3.718700408935547,42.0,41.5,6.931
1765484045.2931476,99,26,57,31,46,3.718700408935547,42.0,41.5,6.931
1765484045.4944777,99,26,30,22,18,3.722484588623047,41.5,41.5,6.971
1765484045.6957111,99,26,30,22,18,3.722484588623047,41.5,41.5,6.971
1765484045.8978193,99,22,46,12,22,3.723491668701172,42.0,42.0,8.014
1765484046.1011224,99,22,46,12,22,3.723491668701172,42.0,42.0,8.014
1765484046.3026085,99,22,46,12,22,3.723491668701172,42.0,42.0,8.014
1765484046.5037062,99,25,22,13,6,3.7238426208496094,41.5,41.5,6.971
1765484046.706587,99,25,22,13,6,3.7238426208496094,41.5,41.5,6.971
1765484046.9097142,99,33,26,14,40,3.7227020263671875,42.0,41.5,7.814
1765484047.1113694,99,33,26,14,40,3.7227020263671875,42.0,41.5,7.814
1765484047.3135474,99,33,26,14,40,3.7227020263671875,42.0,41.5,7.814
1765484047.5148933,0,25,32,24,25,3.723308563232422,41.0,42.0,4.658
1765484047.7158144,0,25,32,24,25,3.723308563232422,41.0,42.0,4.658
1765484047.9168615,0,38,28,21,17,3.7362442016601562,40.5,42.5,3.021
1765484048.1187172,0,38,28,21,17,3.7362442016601562,40.5,42.5,3.021
1765484048.32169,0,38,28,21,17,3.7362442016601562,40.5,42.5,3.021
1765484048.5250607,0,38,28,21,17,3.7362442016601562,40.5,42.5,3.021
1765484048.7261674,99,11,45,38,11,3.737438201904297,41.5,41.5,7.32
1765484048.927719,99,22,22,19,35,3.7376976013183594,41.5,42.0,6.781
1765484049.1292276,99,22,22,19,35,3.7376976013183594,41.5,42.0,6.781
1765484049.330725,99,22,22,19,35,3.7376976013183594,41.5,42.0,6.781
1765484049.5336478,99,21,25,27,45,3.6996116638183594,42.0,42.0,7.428
1765484049.7389553,99,21,25,27,45,3.6996116638183594,42.0,42.0,7.428
1765484049.940291,99,19,22,22,26,3.7003326416015625,42.0,43.0,7.747
1765484050.141347,99,19,22,22,26,3.7003326416015625,42.0,43.0,7.747
1765484050.3441138,99,19,22,22,26,3.7003326416015625,42.0,43.0,7.747
1765484050.5456994,99,19,16,42,20,3.7021026611328125,42.0,42.0,7.011
1765484050.7465086,99,19,16,42,20,3.7021026611328125,42.0,42.0,7.011
1765484050.9474936,99,27,24,25,24,3.7029457092285156,42.0,42.0,6.741
1765484051.1498327,99,27,24,25,24,3.7029457092285156,42.0,42.0,6.741
1765484051.351492,99,27,24,25,24,3.7029457092285156,42.0,42.0,6.741
1765484051.5546653,99,22,23,20,44,3.7040252685546875,42.0,42.5,8.041
1765484051.7562172,99,22,23,20,44,3.7040252685546875,42.0,42.5,8.041
1765484051.9591105,99,22,23,20,44,3.7040252685546875,42.0,42.5,8.041
1765484052.1605153,97,15,22,23,15,3.704273223876953,42.0,42.0,6.741
1765484052.3634307,97,15,22,23,15,3.704273223876953,42.0,42.0,6.741
1765484052.56665,99,25,23,25,46,3.7030868530273438,42.5,42.5,7.547
1765484052.7683587,99,25,23,25,46,3.7030868530273438,42.5,42.5,7.547
1765484052.9695244,99,25,23,25,46,3.7030868530273438,42.5,42.5,7.547
1765484053.1723623,99,28,28,25,36,3.7037010192871094,42.0,42.5,6.199
1765484053.3744159,99,28,28,25,36,3.7037010192871094,42.0,42.5,6.199
1765484053.5758214,99,21,18,35,16,3.7047805786132812,42.5,42.0,8.014
1765484053.7783356,99,21,18,35,16,3.7047805786132812,42.5,42.0,8.014
1765484053.979598,99,21,18,35,16,3.7047805786132812,42.5,42.0,8.014
1765484054.1805968,99,31,20,10,24,3.703449249267578,42.0,43.0,6.971
1765484054.3834639,99,31,20,10,24,3.703449249267578,42.0,43.0,6.971
1765484054.5866296,99,35,23,24,18,3.70355224609375,42.5,42.5,7.468
1765484054.7882729,99,35,23,24,18,3.70355224609375,42.5,42.5,7.468
1765484054.989471,99,35,23,24,18,3.70355224609375,42.5,42.5,7.468
1765484055.192397,99,22,52,28,20,3.703540802001953,42.5,43.0,7.587
1765484055.3961868,99,22,52,28,20,3.703540802001953,42.5,43.0,7.587
1765484055.597475,99,21,20,16,16,3.7045021057128906,42.5,42.0,7.587
1765484055.8003078,99,21,20,16,16,3.7045021057128906,42.5,42.0,7.587
1765484056.0036795,99,21,20,16,16,3.7045021057128906,42.5,42.0,7.587
1765484056.2057676,99,20,14,26,42,3.703540802001953,42.0,43.0,7.171
1765484056.4079216,99,20,14,26,42,3.703540802001953,42.0,43.0,7.171
1765484056.6090534,99,22,21,19,18,3.7038497924804688,42.5,42.0,6.821
1765484056.8102512,99,22,21,19,18,3.7038497924804688,42.5,42.0,6.821
1765484057.011348,99,22,21,19,18,3.7038497924804688,42.5,42.0,6.821
1765484057.215274,99,24,43,48,18,3.7036705017089844,42.5,43.0,7.735
1765484057.419641,99,24,43,48,18,3.7036705017089844,42.5,43.0,7.735
1765484057.6212454,99,19,18,8,10,3.7044105529785156,42.5,42.0,6.931
1765484057.8228571,99,19,18,8,10,3.7044105529785156,42.5,42.0,6.931
1765484058.0255396,99,19,18,8,10,3.7044105529785156,42.5,42.0,6.931
1765484058.2276688,99,21,22,18,56,3.7043838500976562,42.5,42.0,7.4
1765484058.4291553,99,21,22,18,56,3.7043838500976562,42.5,42.0,7.4
1765484058.6303146,99,18,26,23,18,3.7041168212890625,42.0,42.0,5.258
1765484058.8313606,99,18,26,23,18,3.7041168212890625,42.0,42.0,5.258
1765484059.0324867,99,18,26,23,18,3.7041168212890625,42.0,42.0,5.258
1765484059.234641,99,34,49,31,20,3.7056427001953125,42.5,43.0,8.28
1765484059.4392583,99,34,49,31,20,3.7056427001953125,42.5,43.0,8.28
1765484059.6408331,99,23,6,9,10,3.70501708984375,42.5,42.5,6.078
1765484059.842515,99,23,6,9,10,3.70501708984375,42.5,42.5,6.078
1765484060.0435777,99,23,6,9,10,3.70501708984375,42.5,42.5,6.078
1765484060.2456827,99,20,54,23,25,3.705474853515625,42.5,42.5,7.4
1765484060.4468248,99,20,54,23,25,3.705474853515625,42.5,42.5,7.4
1765484060.6477828,99,25,22,19,17,3.7063636779785156,42.5,43.0,6.36
1765484060.850171,99,25,22,19,17,3.7063636779785156,42.5,43.0,6.36
1765484061.05143,99,25,22,19,17,3.7063636779785156,42.5,43.0,6.36
1765484061.252745,99,19,23,47,18,3.7084197998046875,43.0,42.5,8.319
1765484061.4550438,99,19,23,47,18,3.7084197998046875,43.0,42.5,8.319
1765484061.6572402,0,26,12,18,15,3.7073402404785156,42.0,42.5,4.503
1765484061.8583133,0,26,12,18,15,3.7073402404785156,42.0,42.5,4.503
1765484062.0595713,0,26,12,18,15,3.7073402404785156,42.0,42.5,4.503
1765484062.2612476,99,22,38,22,23,3.7077560424804688,43.0,42.5,7.707
1765484062.4629107,99,22,38,22,23,3.7077560424804688,43.0,42.5,7.707
1765484062.663921,99,22,38,22,23,3.7077560424804688,43.0,42.5,7.707
1765484062.8651884,99,31,21,36,20,3.7078094482421875,42.5,43.5,6.46
1765484063.066874,99,31,21,36,20,3.7078094482421875,42.5,43.5,6.46
1765484063.2680564,99,14,37,14,15,3.7087326049804688,43.0,43.0,7.667
1765484063.4709694,99,14,37,14,15,3.7087326049804688,43.0,43.0,7.667
1765484063.6723883,99,14,37,14,15,3.7087326049804688,43.0,43.0,7.667
1765484063.873532,99,22,22,34,32,3.7080955505371094,42.5,43.0,6.43
1765484064.0747714,99,22,22,34,32,3.7080955505371094,42.5,43.0,6.43
1765484064.2773685,99,41,25,25,27,3.7078285217285156,42.5,42.5,7.32
1765484064.480471,99,41,25,25,27,3.7078285217285156,42.5,42.5,7.32
1765484064.681995,99,41,25,25,27,3.7078285217285156,42.5,42.5,7.32
1765484064.8831732,99,21,27,33,30,3.708667755126953,43.0,43.5,7.587
1765484065.0849102,99,21,27,33,30,3.708667755126953,43.0,43.5,7.587
1765484065.2862985,99,10,16,35,9,3.7077369689941406,43.0,42.5,7.28
1765484065.4898229,99,10,16,35,9,3.7077369689941406,43.0,42.5,7.28
1765484065.691602,99,10,16,35,9,3.7077369689941406,43.0,42.5,7.28
1765484065.8928154,99,18,37,22,21,3.7085647583007812,43.0,43.0,7.011
1765484066.0940342,99,18,37,22,21,3.7085647583007812,43.0,43.0,7.011
1765484066.295927,99,18,41,27,21,3.7086830139160156,43.0,43.0,7.131
1765484066.4990373,99,18,41,27,21,3.7086830139160156,43.0,43.0,7.131
1765484066.7004948,99,18,41,27,21,3.7086830139160156,43.0,43.0,7.131
1765484066.9020355,99,24,22,20,28,3.7096595764160156,43.0,43.5,7.814
1765484067.1048517,99,24,22,20,28,3.7096595764160156,43.0,43.5,7.814
1765484067.3075235,99,14,19,36,12,3.7089195251464844,43.5,43.0,7.547
1765484067.5087128,99,14,19,36,12,3.7089195251464844,43.5,43.0,7.547
1765484067.710704,99,14,19,36,12,3.7089195251464844,43.5,43.0,7.547
1765484067.9129953,65,22,27,18,25,3.7095565795898438,43.0,42.5,5.806
1765484068.114799,65,22,27,18,25,3.7095565795898438,43.0,42.5,5.806
1765484068.3169367,99,23,15,44,14,3.7097396850585938,43.5,43.0,8.094
1765484068.5182683,99,23,15,44,14,3.7097396850585938,43.5,43.0,8.094
1765484068.7194247,99,23,15,44,14,3.7097396850585938,43.5,43.0,8.094
1765484068.9206007,0,28,16,18,17,3.7133636474609375,42.5,43.5,5.371
1765484069.1234708,0,28,16,18,17,3.7133636474609375,42.5,43.5,5.371
1765484069.3255193,99,39,23,14,22,3.713287353515625,43.5,43.0,7.627
1765484069.5265403,99,39,23,14,22,3.713287353515625,43.5,43.0,7.627
1765484069.7286544,99,39,23,14,22,3.713287353515625,43.5,43.0,7.627
1765484069.9301195,0,22,24,29,40,3.7137908935546875,42.5,43.5,5.411
1765484070.1313825,0,22,24,29,40,3.7137908935546875,42.5,43.5,5.411
1765484070.33238,99,14,36,20,19,3.7144546508789062,43.5,43.0,8.24
1765484070.5333452,99,14,36,20,19,3.7144546508789062,43.5,43.0,8.24
1765484070.7355685,99,14,36,20,19,3.7144546508789062,43.5,43.0,8.24
1765484070.9371471,99,21,21,22,12,3.7140235900878906,42.5,43.5,6.118
1765484071.1393542,99,21,21,22,12,3.7140235900878906,42.5,43.5,6.118
1765484071.3407903,99,21,21,22,12,3.7140235900878906,42.5,43.5,6.118
1765484071.5418725,99,22,22,31,24,3.7145843505859375,43.5,43.0,7.36
1765484071.7431808,99,22,22,31,24,3.7145843505859375,43.5,43.0,7.36
1765484071.9443917,99,28,18,46,26,3.7148208618164062,43.5,43.5,6.931
1765484072.1469111,99,28,18,46,26,3.7148208618164062,43.5,43.5,6.931
1765484072.348198,99,28,18,46,26,3.7148208618164062,43.5,43.5,6.931
1765484072.5493286,99,18,23,32,10,3.7163772583007812,43.5,43.0,8.014
1765484072.7503312,99,18,23,32,10,3.7163772583007812,43.5,43.0,8.014
1765484072.951471,99,20,18,16,46,3.7159500122070312,43.0,43.5,7.16
1765484073.1534646,99,20,18,16,46,3.7159500122070312,43.0,43.5,7.16
1765484073.3562992,99,20,18,16,46,3.7159500122070312,43.0,43.5,7.16
1765484073.5584707,99,26,17,16,23,3.716289520263672,43.5,43.0,7.735
1765484073.760063,99,26,17,16,23,3.716289520263672,43.5,43.0,7.735
1765484073.9614618,99,30,29,48,32,3.7161331176757812,43.5,43.5,7.827
1765484074.1632922,99,30,29,48,32,3.7161331176757812,43.5,43.5,7.827
1765484074.364792,99,30,29,48,32,3.7161331176757812,43.5,43.5,7.827
1765484074.5665107,99,22,18,17,10,3.716991424560547,43.5,43.5,7.4
1765484074.7677946,99,22,18,17,10,3.716991424560547,43.5,43.5,7.4
1765484074.9698572,99,21,23,27,45,3.71697998046875,43.0,43.5,7.28
1765484075.1714299,99,21,23,27,45,3.71697998046875,43.0,43.5,7.28
1765484075.374407,99,21,23,27,45,3.71697998046875,43.0,43.5,7.28
1765484075.5761988,99,24,22,24,12,3.71783447265625,43.5,43.5,6.511
1765484075.777282,99,24,22,24,12,3.71783447265625,43.5,43.5,6.511
1765484075.9783595,99,53,39,23,22,3.719005584716797,43.5,44.0,8.465
1765484076.1808922,99,53,39,23,22,3.719005584716797,43.5,44.0,8.465
1765484076.3840103,99,53,39,23,22,3.719005584716797,43.5,44.0,8.465
1765484076.5856686,99,18,13,12,8,3.7184410095214844,43.5,43.5,4.901
1765484076.7867906,99,18,13,12,8,3.7184410095214844,43.5,43.5,4.901
1765484076.988461,99,23,45,25,18,3.7183494567871094,44.0,43.5,7.707
1765484077.1897244,99,23,45,25,18,3.7183494567871094,44.0,43.5,7.707
1765484077.391696,99,23,45,25,18,3.7183494567871094,44.0,43.5,7.707
1765484077.593732,77,25,28,22,26,3.7184371948242188,43.0,45.0,5.411
1765484077.7951367,77,25,28,22,26,3.7184371948242188,43.0,45.0,5.411
1765484077.9962308,99,17,45,16,10,3.719501495361328,43.5,43.5,7.587
1765484078.198909,99,17,45,16,10,3.719501495361328,43.5,43.5,7.587
1765484078.4007728,99,17,45,16,10,3.719501495361328,43.5,43.5,7.587
1765484078.6017132,99,20,22,17,21,3.7186431884765625,43.5,44.0,6.159
1765484078.8075671,99,20,22,17,21,3.7186431884765625,43.5,44.0,6.159
1765484079.0088806,99,24,42,18,20,3.7188453674316406,44.0,43.5,7.36
1765484079.2117522,99,24,42,18,20,3.7188453674316406,44.0,43.5,7.36
1765484079.4132361,99,24,42,18,20,3.7188453674316406,44.0,43.5,7.36
1765484079.6145265,99,30,16,30,28,3.7187271118164062,44.0,44.0,7.32
1765484079.8159435,99,30,16,30,28,3.7187271118164062,44.0,44.0,7.32
1765484080.0174034,99,17,36,13,13,3.7192459106445312,44.0,43.5,7.468
1765484080.2196884,99,17,36,13,13,3.7192459106445312,44.0,43.5,7.468
1765484080.4216943,99,17,36,13,13,3.7192459106445312,44.0,43.5,7.468
1765484080.62267,99,21,19,19,28,3.71875,43.5,43.5,6.821
1765484080.8237615,99,21,19,19,28,3.71875,43.5,43.5,6.821
1765484081.025171,99,21,19,19,28,3.71875,43.5,43.5,6.821
1765484081.2281656,99,48,23,16,28,3.7189559936523438,44.0,43.5,7.627
1765484081.4296393,99,48,23,16,28,3.7189559936523438,44.0,43.5,7.627
1765484081.6308265,99,32,19,24,27,3.7187423706054688,44.0,44.0,6.591
1765484081.8333216,99,32,19,24,27,3.7187423706054688,44.0,44.0,6.591
1765484082.0352407,99,32,19,24,27,3.7187423706054688,44.0,44.0,6.591
1765484082.2367203,99,20,12,16,36,3.718860626220703,44.0,44.0,7.667
1765484082.4389346,99,20,12,16,36,3.718860626220703,44.0,44.0,7.667
1765484082.6401186,99,35,18,30,16,3.7187538146972656,43.0,45.0,6.35
1765484082.8413355,99,35,18,30,16,3.7187538146972656,43.0,45.0,6.35
1765484083.0440032,99,35,18,30,16,3.7187538146972656,43.0,45.0,6.35
1765484083.245497,99,17,14,30,25,3.7192726135253906,44.5,44.0,7.627
1765484083.4467008,99,17,14,30,25,3.7192726135253906,44.5,44.0,7.627
1765484083.6479986,99,32,30,22,30,3.7194480895996094,44.0,45.0,7.775
1765484083.8516066,99,32,30,22,30,3.7194480895996094,44.0,45.0,7.775
1765484084.0569499,99,32,30,22,30,3.7194480895996094,44.0,45.0,7.775
1765484084.2594225,99,29,12,17,27,3.7186012268066406,44.0,43.5,7.587
1765484084.46131,99,29,12,17,27,3.7186012268066406,44.0,43.5,7.587
1765484084.662724,99,31,42,34,26,3.718799591064453,44.0,44.0,7.091
1765484084.8636186,99,31,42,34,26,3.718799591064453,44.0,44.0,7.091
1765484085.0648487,99,31,42,34,26,3.718799591064453,44.0,44.0,7.091
1765484085.2664824,99,24,25,18,20,3.719745635986328,44.0,44.0,7.974
1765484085.4677308,99,24,25,18,20,3.719745635986328,44.0,44.0,7.974
1765484085.6688688,99,20,18,48,18,3.7202987670898438,44.5,44.5,7.894
1765484085.8720822,99,20,18,48,18,3.7202987670898438,44.5,44.5,7.894
1765484086.0753677,99,20,18,48,18,3.7202987670898438,44.5,44.5,7.894
1765484086.2769334,99,22,14,19,18,3.7194557189941406,44.0,44.0,6.931
1765484086.4782293,99,22,14,19,18,3.7194557189941406,44.0,44.0,6.931
1765484086.6800988,99,28,29,18,48,3.7196273803710938,44.5,44.0,7.28
1765484086.8831685,99,28,29,18,48,3.7196273803710938,44.5,44.0,7.28
1765484087.0847223,99,28,29,18,48,3.7196273803710938,44.5,44.0,7.28
1765484087.2858362,99,24,25,30,21,3.720855712890625,44.5,44.0,7.051
1765484087.4869926,99,24,25,30,21,3.720855712890625,44.5,44.0,7.051
1765484087.6881187,99,20,26,18,31,3.720470428466797,44.0,44.0,7.547
1765484087.8903432,99,20,26,18,31,3.720470428466797,44.0,44.0,7.547
1765484088.0932395,99,20,26,18,31,3.720470428466797,44.0,44.0,7.547
1765484088.2946446,99,24,10,19,19,3.720489501953125,44.0,44.0,5.613
1765484088.495791,99,24,10,19,19,3.720489501953125,44.0,44.0,5.613
1765484088.696713,99,33,30,23,48,3.720653533935547,44.5,44.5,7.787
1765484088.8997226,99,33,30,23,48,3.720653533935547,44.5,44.5,7.787
1765484089.1013186,99,33,30,23,48,3.720653533935547,44.5,44.5,7.787
1765484089.3024895,0,22,28,23,22,3.721385955810547,44.0,44.0,5.33
1765484089.503672,0,22,28,23,22,3.721385955810547,44.0,44.0,5.33
1765484089.7048087,0,22,28,23,22,3.721385955810547,44.0,44.0,5.33
1765484089.9060884,99,21,26,10,37,3.7206192016601562,44.0,44.0,7.707
1765484090.110464,99,21,26,10,37,3.7206192016601562,44.0,44.0,7.707
1765484090.3125558,99,25,32,19,19,3.721221923828125,43.5,44.5,5.564
1765484090.5138216,99,25,32,19,19,3.721221923828125,43.5,44.5,5.564
1765484090.7157693,99,25,32,19,19,3.721221923828125,43.5,44.5,5.564
1765484090.9199042,99,24,27,48,18,3.721118927001953,44.5,44.0,7.4
1765484091.1221077,99,24,27,48,18,3.721118927001953,44.5,44.0,7.4
1765484091.323221,99,34,26,26,19,3.722309112548828,44.5,45.0,7.547
1765484091.5254037,99,34,26,26,19,3.722309112548828,44.5,45.0,7.547
1765484091.7283862,99,34,26,26,19,3.722309112548828,44.5,45.0,7.547
1765484091.929939,99,20,19,12,36,3.721935272216797,44.5,44.0,7.131
1765484092.1309092,99,20,19,12,36,3.721935272216797,44.5,44.0,7.131
1765484092.3328052,99,18,34,23,20,3.7224273681640625,44.0,45.0,7.171
1765484092.5346797,99,18,34,23,20,3.7224273681640625,44.0,45.0,7.171
1765484092.7367532,99,18,34,23,20,3.7224273681640625,44.0,45.0,7.171
1765484092.9401557,99,22,15,22,44,3.722442626953125,44.5,44.5,7.854
1765484093.1415257,99,22,15,22,44,3.722442626953125,44.5,44.5,7.854
1765484093.3425415,99,18,15,16,28,3.7229461669921875,44.0,44.5,7.28
1765484093.5444224,99,18,15,16,28,3.7229461669921875,44.0,44.5,7.28
1765484093.745634,99,18,15,16,28,3.7229461669921875,44.0,44.5,7.28
1765484093.947251,99,27,25,16,44,3.722503662109375,44.5,44.5,7.52
1765484094.1487353,99,27,25,16,44,3.722503662109375,44.5,44.5,7.52
1765484094.3497276,99,29,32,18,14,3.7225303649902344,44.5,44.5,7.211
1765484094.551977,99,29,32,18,14,3.7225303649902344,44.5,44.5,7.211
1765484094.753153,99,29,32,18,14,3.7225303649902344,44.5,44.5,7.211
1765484094.9556065,99,22,18,12,46,3.722728729248047,44.5,44.5,8.16
1765484095.1569316,99,22,18,12,46,3.722728729248047,44.5,44.5,8.16
1765484095.3589869,99,32,15,30,27,3.721050262451172,44.5,45.0,7.627
1765484095.5600195,99,32,15,30,27,3.721050262451172,44.5,45.0,7.627
1765484095.7629375,99,32,15,30,27,3.721050262451172,44.5,45.0,7.627
1765484095.9664066,99,48,29,27,20,3.7215805053710938,45.0,44.5,7.854
1765484096.1676304,99,48,29,27,20,3.7215805053710938,45.0,44.5,7.854
1765484096.3687837,95,25,32,30,20,3.721935272216797,44.5,44.0,5.765
1765484096.5709338,95,25,32,30,20,3.721935272216797,44.5,44.0,5.765
1765484096.7725897,95,25,32,30,20,3.721935272216797,44.5,44.0,5.765
1765484096.9741478,99,21,22,17,36,3.722278594970703,44.5,44.5,8.081
1765484097.1753957,99,21,22,17,36,3.722278594970703,44.5,44.5,8.081
1765484097.376432,99,19,33,12,22,3.7220382690429688,44.5,44.5,6.621
1765484097.5776331,99,19,33,12,22,3.7220382690429688,44.5,44.5,6.621
1765484097.7804863,99,19,33,12,22,3.7220382690429688,44.5,44.5,6.621
1765484097.982874,99,26,18,18,31,3.7220993041992188,44.5,44.5,7.28
1765484098.1842878,99,26,18,18,31,3.7220993041992188,44.5,44.5,7.28
1765484098.385634,99,30,40,28,29,3.722637176513672,44.5,45.0,7.854
1765484098.5883436,99,30,40,28,29,3.722637176513672,44.5,45.0,7.854
1765484098.7918336,99,30,40,28,29,3.722637176513672,44.5,45.0,7.854
1765484098.9931936,99,21,16,21,18,3.7219085693359375,45.0,44.5,7.775
1765484099.195324,99,21,16,21,18,3.7219085693359375,45.0,44.5,7.775
1765484099.396517,99,26,35,45,16,3.7215538024902344,45.0,45.0,7.428
1765484099.5975895,99,26,35,45,16,3.7215538024902344,45.0,45.0,7.428
1765484099.7996838,99,26,35,45,16,3.7215538024902344,45.0,45.0,7.428
1765484100.0010664,99,21,23,16,18,3.721790313720703,45.0,44.5,7.051
1765484100.2023265,99,21,23,16,18,3.721790313720703,45.0,44.5,7.051
1765484100.403444,99,21,23,16,18,3.721790313720703,45.0,44.5,7.051
1765484100.606963,99,34,30,35,40,3.722248077392578,45.0,45.5,8.399
1765484100.8104384,99,34,30,35,40,3.722248077392578,45.0,45.5,8.399
1765484101.0119333,99,23,10,17,15,3.7217369079589844,44.5,45.0,6.621
1765484101.213031,99,23,10,17,15,3.7217369079589844,44.5,45.0,6.621
1765484101.4160788,99,23,10,17,15,3.7217369079589844,44.5,45.0,6.621
1765484101.6221383,99,20,28,25,53,3.722026824951172,45.0,45.0,7.707
1765484101.8234713,99,20,28,25,53,3.722026824951172,45.0,45.0,7.707
1765484102.0251977,99,27,25,31,20,3.7220115661621094,44.5,45.0,5.765
1765484102.2269225,99,27,25,31,20,3.7220115661621094,44.5,45.0,5.765
1765484102.428127,99,27,25,31,20,3.7220115661621094,44.5,45.0,5.765
1765484102.6303978,99,18,42,18,13,3.722942352294922,45.0,45.0,7.775
1765484102.8334906,99,18,42,18,13,3.722942352294922,45.0,45.0,7.775
1765484103.0361483,99,20,29,10,15,3.721935272216797,45.0,45.5,6.621
1765484103.2373996,99,20,29,10,15,3.721935272216797,45.0,45.5,6.621
1765484103.4399004,99,20,29,10,15,3.721935272216797,45.0,45.5,6.621
1765484103.6432853,99,33,44,25,23,3.7220382690429688,45.0,45.0,7.44
1765484103.8445454,99,33,44,25,23,3.7220382690429688,45.0,45.0,7.44
1765484104.0456865,99,25,30,30,25,3.7219390869140625,45.0,45.5,7.934
1765484104.2486942,99,25,30,30,25,3.7219390869140625,45.0,45.5,7.934
1765484104.4503424,99,25,30,30,25,3.7219390869140625,45.0,45.5,7.934
1765484104.6516838,99,26,10,10,38,3.722431182861328,45.5,45.0,7.547
1765484104.8528268,99,26,10,10,38,3.722431182861328,45.5,45.0,7.547
1765484105.0545762,99,20,23,19,25,3.722400665283203,45.0,45.0,6.891
1765484105.2557735,99,20,23,19,25,3.722400665283203,45.0,45.0,6.891
1765484105.45874,99,20,23,19,25,3.722400665283203,45.0,45.0,6.891
1765484105.6618211,99,38,33,36,16,3.7223854064941406,45.5,45.0,7.707
1765484105.8634214,99,38,33,36,16,3.7223854064941406,45.5,45.0,7.707
1765484106.0648565,90,33,18,27,14,3.7228012084960938,45.0,45.0,6.35
1765484106.267387,90,33,18,27,14,3.7228012084960938,45.0,45.0,6.35
1765484106.4715266,90,33,18,27,14,3.7228012084960938,45.0,45.0,6.35
1765484106.6730542,99,18,12,16,32,3.722484588623047,45.0,45.0,7.934
1765484106.8747747,99,18,12,16,32,3.722484588623047,45.0,45.0,7.934
1765484107.0759168,86,24,16,36,23,3.7227516174316406,44.5,45.5,5.806
1765484107.2769868,86,24,16,36,23,3.7227516174316406,44.5,45.5,5.806
1765484107.4785905,86,24,16,36,23,3.7227516174316406,44.5,45.5,5.806
1765484107.6816697,99,17,39,19,14,3.72271728515625,45.5,45.0,7.747
1765484107.884127,99,17,39,19,14,3.72271728515625,45.5,45.0,7.747
1765484108.0853384,99,17,38,24,25,3.72332763671875,45.0,45.5,7.547
1765484108.287092,99,17,38,24,25,3.72332763671875,45.0,45.5,7.547
1765484108.489739,99,17,38,24,25,3.72332763671875,45.0,45.5,7.547
1765484108.6913931,99,26,16,18,35,3.722362518310547,45.5,45.0,7.667
1765484108.8929346,99,26,16,18,35,3.722362518310547,45.5,45.0,7.667
1765484109.0942109,99,26,16,18,35,3.722362518310547,45.5,45.0,7.667
1765484109.2968605,99,26,49,26,24,3.723236083984375,45.0,45.5,7.12
1765484109.4986372,99,26,49,26,24,3.723236083984375,45.0,45.5,7.12
1765484109.7004478,99,20,25,22,24,3.723125457763672,46.0,45.0,8.12
1765484109.903659,99,20,25,22,24,3.723125457763672,46.0,45.0,8.12
1765484110.1052022,99,20,25,22,24,3.723125457763672,46.0,45.0,8.12
1765484110.3073478,99,17,16,29,35,3.724353790283203,45.0,46.0,7.735
1765484110.5105295,99,17,16,29,35,3.724353790283203,45.0,46.0,7.735
1765484110.711833,99,25,12,16,18,3.7237892150878906,45.5,45.5,7.011
1765484110.9127722,99,25,12,16,18,3.7237892150878906,45.5,45.5,7.011
1765484111.113836,99,25,12,16,18,3.7237892150878906,45.5,45.5,7.011
1765484111.318791,99,32,28,41,14,3.7239837646484375,45.5,45.5,7.428
1765484111.5205703,99,32,28,41,14,3.7239837646484375,45.5,45.5,7.428
1765484111.7218072,99,20,30,16,16,3.7244606018066406,45.0,45.5,7.051
1765484111.9231055,99,20,30,16,16,3.7244606018066406,45.0,45.5,7.051
1765484112.1257956,99,20,30,16,16,3.7244606018066406,45.0,45.5,7.051
1765484112.3278167,99,19,16,16,49,3.7238540649414062,45.5,45.5,7.507
1765484112.5325956,99,19,16,16,49,3.7238540649414062,45.5,45.5,7.507
1765484112.7342632,99,23,19,18,23,3.7243728637695312,45.0,45.5,5.411
1765484112.9376483,99,23,19,18,23,3.7243728637695312,45.0,45.5,5.411
1765484113.1387517,99,23,19,18,23,3.7243728637695312,45.0,45.5,5.411
1765484113.3412428,99,29,49,31,33,3.725147247314453,45.5,45.5,8.054
1765484113.5441973,99,29,49,31,33,3.725147247314453,45.5,45.5,8.054
1765484113.7456532,0,22,22,18,16,3.7254295349121094,44.5,45.0,5.33
1765484113.9466007,0,22,22,18,16,3.7254295349121094,44.5,45.0,5.33
1765484114.148702,0,22,22,18,16,3.7254295349121094,44.5,45.0,5.33
1765484114.3503292,99,18,49,19,13,3.725116729736328,46.0,45.5,7.667
1765484114.5533051,99,18,49,19,13,3.725116729736328,46.0,45.5,7.667
1765484114.7547603,99,25,24,34,22,3.7248878479003906,45.5,46.0,5.564
1765484114.955956,99,25,24,34,22,3.7248878479003906,45.5,46.0,5.564
1765484115.1570277,99,25,24,34,22,3.7248878479003906,45.5,46.0,5.564
1765484115.360222,99,27,20,40,25,3.7243270874023438,46.0,45.5,7.507
1765484115.5666356,99,27,20,40,25,3.7243270874023438,46.0,45.5,7.507
1765484115.7682865,99,25,18,29,21,3.725067138671875,45.5,46.0,7.12
1765484115.969459,99,25,18,29,21,3.725067138671875,45.5,46.0,7.12
1765484116.1722176,99,25,18,29,21,3.725067138671875,45.5,46.0,7.12
1765484116.3743458,99,20,21,13,37,3.7247238159179688,46.0,45.5,7.24
1765484116.5756354,99,20,21,13,37,3.7247238159179688,46.0,45.5,7.24
1765484116.7774537,99,24,31,18,17,3.7251243591308594,45.5,45.5,7.2
1765484116.9796333,99,24,31,18,17,3.7251243591308594,45.5,45.5,7.2
1765484117.1811318,99,24,31,18,17,3.7251243591308594,45.5,45.5,7.2
1765484117.3832185,99,20,26,40,19,3.7253761291503906,46.0,45.5,7.587
1765484117.5843413,99,20,26,40,19,3.7253761291503906,46.0,45.5,7.587
1765484117.7850833,99,14,20,13,12,3.725006103515625,45.5,45.5,6.85
1765484117.9862075,99,14,20,13,12,3.725006103515625,45.5,45.5,6.85
1765484118.1895347,99,14,20,13,12,3.725006103515625,45.5,45.5,6.85
1765484118.3928797,99,33,23,44,24,3.7249603271484375,46.5,46.0,7.735
1765484118.5944972,99,33,23,44,24,3.7249603271484375,46.5,46.0,7.735
1765484118.7970836,1,15,32,27,21,3.7253150939941406,45.5,46.0,5.483
1765484118.9987812,1,15,32,27,21,3.7253150939941406,45.5,46.0,5.483
1765484119.2000847,1,15,32,27,21,3.7253150939941406,45.5,46.0,5.483
1765484119.4016445,99,20,16,14,34,3.725933074951172,46.5,46.0,8.24
1765484119.6035268,99,20,16,14,34,3.725933074951172,46.5,46.0,8.24
1765484119.804997,99,20,16,14,34,3.725933074951172,46.5,46.0,8.24
1765484120.0062177,99,20,14,28,28,3.7251663208007812,45.5,46.0,6.511
1765484120.2090733,99,20,14,28,28,3.7251663208007812,45.5,46.0,6.511
1765484120.412625,99,26,22,14,32,3.724712371826172,46.0,45.5,7.36
1765484120.614292,99,26,22,14,32,3.724712371826172,46.0,45.5,7.36
1765484120.8153698,99,26,22,14,32,3.724712371826172,46.0,45.5,7.36
1765484121.018043,99,40,19,34,23,3.724639892578125,46.0,47.0,7.667
1765484121.220954,99,40,19,34,23,3.724639892578125,46.0,47.0,7.667
1765484121.4224906,99,22,15,21,22,3.72509765625,46.5,45.5,8.041
1765484121.6241515,99,22,15,21,22,3.72509765625,46.5,45.5,8.041
1765484121.8258493,99,22,15,21,22,3.72509765625,46.5,45.5,8.041
1765484122.0269837,99,32,26,46,14,3.7251052856445312,46.0,46.5,7.44
1765484122.2287776,99,32,26,46,14,3.7251052856445312,46.0,46.5,7.44
1765484122.430019,99,18,26,16,18,3.7251205444335938,46.0,46.0,7.051
1765484122.6331215,99,18,26,16,18,3.7251205444335938,46.0,46.0,7.051
1765484122.835177,99,18,26,16,18,3.7251205444335938,46.0,46.0,7.051
1765484123.038533,99,34,48,23,30,3.7265548706054688,46.0,47.0,8.439
1765484123.243531,99,34,48,23,30,3.7265548706054688,46.0,47.0,8.439
1765484123.4449484,99,17,20,9,6,3.7252540588378906,46.0,46.0,6.58
1765484123.6468267,99,17,20,9,6,3.7252540588378906,46.0,46.0,6.58
1765484123.8480122,99,17,20,9,6,3.7252540588378906,46.0,46.0,6.58
1765484124.0510693,99,21,56,33,28,3.7251853942871094,46.5,46.0,7.775
1765484124.2531161,99,21,56,33,28,3.7251853942871094,46.5,46.0,7.775
1765484124.454305,99,26,22,20,19,3.724872589111328,46.5,46.0,6.701
1765484124.655377,99,26,22,20,19,3.724872589111328,46.5,46.0,6.701
1765484124.856595,99,26,22,20,19,3.724872589111328,46.5,46.0,6.701
1765484125.0590453,99,24,49,16,18,3.7252349853515625,46.5,46.5,8.465
1765484125.2645438,99,24,49,16,18,3.7252349853515625,46.5,46.5,8.465
1765484125.4664888,0,14,19,13,14,3.7251129150390625,46.0,45.5,4.739
1765484125.667562,0,14,19,13,14,3.7251129150390625,46.0,45.5,4.739
1765484125.8706603,0,14,19,13,14,3.7251129150390625,46.0,45.5,4.739
1765484126.073633,99,24,28,19,42,3.7251129150390625,46.5,46.0,7.587
1765484126.2755852,99,24,28,19,42,3.7251129150390625,46.5,46.0,7.587
1765484126.4766212,36,26,30,20,26,3.7257347106933594,46.0,46.5,5.644
1765484126.6776366,36,26,30,20,26,3.7257347106933594,46.0,46.5,5.644
1765484126.879444,36,26,30,20,26,3.7257347106933594,46.0,46.5,5.644
1765484127.0808635,99,16,20,15,34,3.726593017578125,46.5,46.5,7.775
1765484127.2841072,99,16,20,15,34,3.726593017578125,46.5,46.5,7.775
1765484127.485591,99,22,18,14,34,3.7264137268066406,45.5,46.5,5.806
1765484127.6866987,99,22,18,14,34,3.7264137268066406,45.5,46.5,5.806
1765484127.888367,99,22,18,14,34,3.7264137268066406,45.5,46.5,5.806
1765484128.093717,99,42,24,28,23,3.7260894775390625,46.5,46.0,7.28
1765484128.2956967,99,42,24,28,23,3.7260894775390625,46.5,46.0,7.28
1765484128.496743,99,27,22,31,28,3.727245330810547,46.0,47.0,7.16
1765484128.6978385,99,27,22,31,28,3.727245330810547,46.0,47.0,7.16
1765484128.901132,99,27,22,31,28,3.727245330810547,46.0,47.0,7.16
1765484129.1027875,99,17,15,36,10,3.7266921997070312,46.5,46.5,7.28
1765484129.3056214,99,17,15,36,10,3.7266921997070312,46.5,46.5,7.28
1765484129.5080183,99,16,34,19,23,3.7266464233398438,46.0,46.5,7.051
1765484129.7091994,99,16,34,19,23,3.7266464233398438,46.0,46.5,7.051
1765484129.910565,99,16,34,19,23,3.7266464233398438,46.0,46.5,7.051
1765484130.1132312,99,24,18,48,12,3.7272109985351562,46.5,46.0,7.24
1765484130.319267,99,24,18,48,12,3.7272109985351562,46.5,46.0,7.24
1765484130.5206451,99,29,20,22,32,3.727508544921875,46.5,46.5,7.667
1765484130.721772,99,29,20,22,32,3.727508544921875,46.5,46.5,7.667
1765484130.9243968,99,29,20,22,32,3.727508544921875,46.5,46.5,7.667
1765484131.1263385,99,16,18,36,17,3.7271080017089844,46.5,46.5,7.627
1765484131.3274348,99,16,18,36,17,3.7271080017089844,46.5,46.5,7.627
1765484131.528874,99,16,18,36,17,3.7271080017089844,46.5,46.5,7.627
1765484131.731385,88,25,24,21,30,3.7270774841308594,46.0,46.0,6.199
1765484131.9326763,88,25,24,21,30,3.7270774841308594,46.0,46.0,6.199
1765484132.1356761,99,22,23,19,43,3.7268905639648438,47.0,46.5,8.094
1765484132.3371558,99,22,23,19,43,3.7268905639648438,47.0,46.5,8.094
1765484132.5390263,99,22,23,19,43,3.7268905639648438,47.0,46.5,8.094
1765484132.7401953,97,18,16,34,19,3.7272720336914062,46.5,47.5,6.46
1765484132.943486,97,18,16,34,19,3.7272720336914062,46.5,47.5,6.46
1765484133.14684,99,18,40,22,26,3.726634979248047,46.5,46.5,7.627
1765484133.348346,99,18,40,22,26,3.726634979248047,46.5,46.5,7.627
1765484133.549502,99,18,40,22,26,3.726634979248047,46.5,46.5,7.627
1765484133.7512782,99,32,43,26,25,3.7271881103515625,46.0,47.0,7.32
1765484133.9526393,99,32,43,26,25,3.7271881103515625,46.0,47.0,7.32
1765484134.1543906,99,17,27,17,18,3.7276268005371094,46.5,46.5,8.081
1765484134.3565602,99,17,27,17,18,3.7276268005371094,46.5,46.5,8.081
1765484134.558287,99,17,27,17,18,3.7276268005371094,46.5,46.5,8.081
1765484134.7594051,99,17,47,11,25,3.726673126220703,46.5,47.0,7.507
1765484134.96231,99,17,47,11,25,3.726673126220703,46.5,47.0,7.507
1765484135.1643448,99,25,17,17,21,3.727519989013672,46.5,46.5,7.28
1765484135.3660274,99,25,17,17,21,3.727519989013672,46.5,46.5,7.28
1765484135.5671186,99,25,17,17,21,3.727519989013672,46.5,46.5,7.28
1765484135.7696714,99,24,36,44,20,3.727222442626953,46.5,46.5,7.587
1765484135.9728246,99,24,36,44,20,3.727222442626953,46.5,46.5,7.587
1765484136.1742413,99,20,22,6,15,3.727771759033203,46.5,46.5,7.131
1765484136.376362,99,20,22,6,15,3.727771759033203,46.5,46.5,7.131
1765484136.5783024,99,20,22,6,15,3.727771759033203,46.5,46.5,7.131
1765484136.7793179,99,21,27,38,25,3.7273406982421875,46.5,46.5,7.747
1765484136.9813998,99,21,27,38,25,3.7273406982421875,46.5,46.5,7.747
1765484137.1827865,79,24,22,26,21,3.7274322509765625,46.5,46.5,4.942
1765484137.3837788,79,24,22,26,21,3.7274322509765625,46.5,46.5,4.942
1765484137.5847888,79,24,22,26,21,3.7274322509765625,46.5,46.5,4.942
1765484137.787798,99,24,36,25,41,3.727550506591797,46.5,47.0,8.24
1765484137.9911995,99,24,36,25,41,3.727550506591797,46.5,47.0,8.24
1765484138.1926823,41,20,16,23,18,3.7282333374023438,46.0,47.5,5.29
1765484138.3946886,41,20,16,23,18,3.7282333374023438,46.0,47.5,5.29
1765484138.5961084,41,20,16,23,18,3.7282333374023438,46.0,47.5,5.29
1765484138.798126,99,46,23,14,13,3.7278709411621094,46.5,46.5,7.36
1765484138.9992685,99,46,23,14,13,3.7278709411621094,46.5,46.5,7.36
1765484139.200229,99,35,19,20,20,3.727508544921875,46.0,47.0,6.189
1765484139.4014044,99,35,19,20,20,3.727508544921875,46.0,47.0,6.189
1765484139.6027877,99,35,19,20,20,3.727508544921875,46.0,47.0,6.189
1765484139.8054295,99,21,48,16,21,3.7275543212890625,47.0,47.0,7.894
1765484140.0091379,99,21,48,16,21,3.7275543212890625,47.0,47.0,7.894
1765484140.2107406,99,21,48,16,21,3.7275543212890625,47.0,47.0,7.894
1765484140.411772,99,24,20,11,13,3.7276573181152344,46.5,46.5,7.28
1765484140.6190531,99,24,20,11,13,3.7276573181152344,46.5,46.5,7.28
1765484140.822504,99,19,45,23,25,3.727611541748047,46.5,46.5,7.131
1765484141.0239224,99,19,45,23,25,3.727611541748047,46.5,46.5,7.131
1765484141.2252474,99,19,45,23,25,3.727611541748047,46.5,46.5,7.131
1765484141.427596,99,25,20,37,17,3.727428436279297,46.5,47.0,6.891
1765484141.6290133,99,25,20,37,17,3.727428436279297,46.5,47.0,6.891
1765484141.8304722,99,22,18,16,42,3.728404998779297,47.0,46.5,8.041
1765484142.031511,99,22,18,16,42,3.728404998779297,47.0,46.5,8.041
1765484142.2335033,99,22,18,16,42,3.728404998779297,47.0,46.5,8.041
1765484142.4351535,99,19,18,26,13,3.7280616760253906,47.0,46.5,6.701
1765484142.637725,99,19,18,26,13,3.7280616760253906,47.0,46.5,6.701
1765484142.8404434,99,42,28,32,28,3.728717803955078,47.0,47.0,8.054
1765484143.0420432,99,42,28,32,28,3.728717803955078,47.0,47.0,8.054
1765484143.243235,99,42,28,32,28,3.728717803955078,47.0,47.0,8.054
1765484143.4442232,1,20,30,22,34,3.7286338806152344,46.0,46.5,5.249
1765484143.6473114,1,20,30,22,34,3.7286338806152344,46.0,46.5,5.249
1765484143.8489366,99,16,40,10,14,3.729717254638672,47.5,47.5,8.2
1765484144.0501463,99,16,40,10,14,3.729717254638672,47.5,47.5,8.2
1765484144.251095,99,16,40,10,14,3.729717254638672,47.5,47.5,8.2
1765484144.452246,98,16,27,26,19,3.7289886474609375,46.5,47.0,5.998
1765484144.6546159,98,16,27,26,19,3.7289886474609375,46.5,47.0,5.998
1765484144.8568268,99,24,23,33,16,3.729572296142578,47.0,47.0,7.627
1765484145.058569,99,24,23,33,16,3.729572296142578,47.0,47.0,7.627
1765484145.2598736,99,24,23,33,16,3.729572296142578,47.0,47.0,7.627
1765484145.462156,99,23,34,20,40,3.7301597595214844,47.0,48.0,7.2
1765484145.664517,99,23,34,20,40,3.7301597595214844,47.0,48.0,7.2
1765484145.8660908,99,10,12,23,23,3.7300262451171875,47.0,46.5,7.468
1765484146.0675328,99,10,12,23,23,3.7300262451171875,47.0,46.5,7.468
1765484146.2686508,99,10,12,23,23,3.7300262451171875,47.0,46.5,7.468
1765484146.4703455,99,18,20,42,35,3.729816436767578,47.0,47.0,7.24
1765484146.672104,99,18,20,42,35,3.729816436767578,47.0,47.0,7.24
1765484146.8737636,99,18,29,24,8,3.7298355102539062,47.0,47.0,7.747
1765484147.0751412,99,18,29,24,8,3.7298355102539062,47.0,47.0,7.747
1765484147.2762003,99,18,29,24,8,3.7298355102539062,47.0,47.0,7.747
1765484147.477498,99,38,21,42,20,3.731029510498047,47.0,47.5,8.2
1765484147.6805441,99,38,21,42,20,3.731029510498047,47.0,47.5,8.2
1765484147.8821652,99,18,19,16,15,3.72998046875,47.0,47.0,7.051
1765484148.0830843,99,18,19,16,15,3.72998046875,47.0,47.0,7.051
1765484148.2842176,99,18,19,16,15,3.72998046875,47.0,47.0,7.051
1765484148.4870684,99,29,34,18,41,3.7296981811523438,47.0,47.0,7.28
1765484148.6886742,99,29,34,18,41,3.7296981811523438,47.0,47.0,7.28
1765484148.8899994,99,29,34,18,41,3.7296981811523438,47.0,47.0,7.28
1765484149.0920684,99,29,16,17,14,3.7302894592285156,47.5,47.0,6.861
1765484149.293617,99,29,16,17,14,3.7302894592285156,47.5,47.0,6.861
1765484149.4946837,99,22,30,38,21,3.73187255859375,47.5,47.5,8.001
1765484149.6972387,99,22,30,38,21,3.73187255859375,47.5,47.5,8.001
1765484149.8991325,99,22,30,38,21,3.73187255859375,47.5,47.5,8.001
1765484150.1003404,99,16,15,19,12,3.73040771484375,47.0,47.0,6.32
1765484150.3013508,99,16,15,19,12,3.73040771484375,47.0,47.0,6.32
1765484150.503539,99,26,18,44,22,3.7313499450683594,47.5,47.0,7.48
1765484150.7063334,99,26,18,44,22,3.7313499450683594,47.5,47.0,7.48
1765484150.9105392,99,26,18,44,22,3.7313499450683594,47.5,47.0,7.48
1765484151.1128163,84,27,28,17,16,3.731342315673828,46.5,47.5,5.886
1765484151.3142836,84,27,28,17,16,3.731342315673828,46.5,47.5,5.886
1765484151.5154371,99,12,44,19,11,3.7321853637695312,47.0,47.0,7.974
1765484151.7185142,99,12,44,19,11,3.7321853637695312,47.0,47.0,7.974
1765484151.921375,99,12,44,19,11,3.7321853637695312,47.0,47.0,7.974
1765484152.1228504,30,27,16,17,14,3.732128143310547,47.0,46.5,4.658
1765484152.3243036,30,27,16,17,14,3.732128143310547,47.0,46.5,4.658
1765484152.5265198,99,24,52,18,18,3.731964111328125,47.5,47.5,7.814
1765484152.729613,99,24,52,18,18,3.731964111328125,47.5,47.5,7.814
1765484152.9312124,99,24,52,18,18,3.731964111328125,47.5,47.5,7.814
1765484153.1327567,40,18,24,26,14,3.7327957153320312,46.5,48.5,5.725
1765484153.334147,40,18,24,26,14,3.7327957153320312,46.5,48.5,5.725
1765484153.5352826,99,19,42,9,14,3.7325096130371094,47.5,47.0,7.747
1765484153.7369745,99,19,42,9,14,3.7325096130371094,47.5,47.0,7.747
1765484153.9381092,99,19,42,9,14,3.7325096130371094,47.5,47.0,7.747
1765484154.1402326,99,28,24,20,25,3.733013153076172,47.0,48.0,5.957
1765484154.3416662,99,28,24,20,25,3.733013153076172,47.0,48.0,5.957
1765484154.5431442,99,26,26,41,30,3.7335243225097656,47.5,47.5,7.787
1765484154.7464063,99,26,26,41,30,3.7335243225097656,47.5,47.5,7.787
1765484154.947754,99,26,26,41,30,3.7335243225097656,47.5,47.5,7.787
1765484155.149068,99,20,20,30,20,3.734100341796875,47.0,48.0,6.46
1765484155.3526464,99,20,20,30,20,3.734100341796875,47.0,48.0,6.46
1765484155.55433,99,23,16,37,17,3.733448028564453,47.5,47.0,7.2
1765484155.755621,99,23,16,37,17,3.733448028564453,47.5,47.0,7.2
1765484155.9571152,99,23,16,37,17,3.733448028564453,47.5,47.0,7.2
1765484156.1600063,99,25,36,23,14,3.7337608337402344,47.0,48.0,6.269
1765484156.361503,99,25,36,23,14,3.7337608337402344,47.0,48.0,6.269
1765484156.5626128,99,25,36,23,14,3.7337608337402344,47.0,48.0,6.269
1765484156.76533,99,22,19,20,45,3.734771728515625,47.5,47.5,7.468
1765484156.9665816,99,22,19,20,45,3.734771728515625,47.5,47.5,7.468
1765484157.168964,99,22,16,14,23,3.735321044921875,47.0,48.0,7.507
1765484157.3702254,99,22,16,14,23,3.735321044921875,47.0,48.0,7.507
1765484157.5714276,99,22,16,14,23,3.735321044921875,47.0,48.0,7.507
1765484157.7727833,99,21,16,37,17,3.7347373962402344,47.5,47.0,7.4
1765484157.9737234,99,21,16,37,17,3.7347373962402344,47.5,47.0,7.4
1765484158.176109,99,27,28,20,26,3.734851837158203,47.5,47.5,7.32
1765484158.377249,99,27,28,20,26,3.734851837158203,47.5,47.5,7.32
1765484158.5783858,99,27,28,20,26,3.734851837158203,47.5,47.5,7.32
1765484158.7803981,99,26,41,23,10,3.7363433837890625,48.0,48.0,7.587
1765484158.9817457,99,26,41,23,10,3.7363433837890625,48.0,48.0,7.587
1765484159.1830633,99,18,12,26,15,3.7354698181152344,47.5,47.5,7.171
1765484159.384183,99,18,12,26,15,3.7354698181152344,47.5,47.5,7.171
1765484159.5889497,99,18,12,26,15,3.7354698181152344,47.5,47.5,7.171
1765484159.7925918,99,26,26,24,45,3.7352218627929688,47.5,47.5,7.667
1765484159.9941578,99,26,26,24,45,3.7352218627929688,47.5,47.5,7.667
1765484160.195249,99,24,32,22,30,3.7350997924804688,47.0,47.5,6.902
1765484160.3969896,99,24,32,22,30,3.7350997924804688,47.0,47.5,6.902
1765484160.5986488,99,24,32,22,30,3.7350997924804688,47.0,47.5,6.902
1765484160.8005855,99,20,23,44,16,3.7360763549804688,48.0,47.5,8.346
1765484161.0024018,99,20,23,44,16,3.7360763549804688,48.0,47.5,8.346
1765484161.203399,31,20,30,14,14,3.7355117797851562,47.0,48.0,5.564
1765484161.4044101,31,20,30,14,14,3.7355117797851562,47.0,48.0,5.564
1765484161.607153,31,20,30,14,14,3.7355117797851562,47.0,48.0,5.564
1765484161.8105917,99,40,31,22,22,3.7352218627929688,47.5,48.0,7.894
1765484162.0123568,99,40,31,22,22,3.7352218627929688,47.5,48.0,7.894
1765484162.2135718,99,40,38,20,24,3.7352676391601562,47.5,49.0,7.4
1765484162.4164083,99,40,38,20,24,3.7352676391601562,47.5,49.0,7.4
1765484162.6195447,99,40,38,20,24,3.7352676391601562,47.5,49.0,7.4
1765484162.820725,99,22,12,12,22,3.7357139587402344,47.5,48.0,7.894
1765484163.0240889,99,22,12,12,22,3.7357139587402344,47.5,48.0,7.894
1765484163.2257886,99,23,20,27,39,3.735698699951172,48.0,47.5,7.2
1765484163.4274046,99,23,20,27,39,3.735698699951172,48.0,47.5,7.2
1765484163.6304588,99,23,20,27,39,3.735698699951172,48.0,47.5,7.2
1765484163.8317404,99,26,22,21,21,3.735675811767578,48.0,47.5,7.627
1765484164.033015,99,26,22,21,21,3.735675811767578,48.0,47.5,7.627
1765484164.2348266,99,22,37,42,25,3.7377166748046875,47.5,48.5,8.12
1765484164.4376118,99,22,37,42,25,3.7377166748046875,47.5,48.5,8.12
1765484164.643007,99,22,37,42,25,3.7377166748046875,47.5,48.5,8.12
1765484164.844364,99,21,10,26,16,3.7367286682128906,48.0,48.0,7.051
1765484165.04552,99,21,10,26,16,3.7367286682128906,48.0,48.0,7.051
1765484165.2469943,99,26,27,50,40,3.736328125,47.5,48.0,7.587
1765484165.44821,99,26,27,50,40,3.736328125,47.5,48.0,7.587
1765484165.649589,99,26,27,50,40,3.736328125,47.5,48.0,7.587
1765484165.850721,99,24,16,21,14,3.736431121826172,47.5,48.0,6.661
1765484166.051842,99,24,16,21,14,3.736431121826172,47.5,48.0,6.661
1765484166.252843,99,24,16,21,14,3.736431121826172,47.5,48.0,6.661
1765484166.4574912,99,20,24,52,18,3.7369041442871094,48.0,48.0,8.28
1765484166.6610913,99,20,24,52,18,3.7369041442871094,48.0,48.0,8.28
1765484166.8627348,16,24,18,16,17,3.7368698120117188,47.5,48.5,4.861
1765484167.0639424,16,24,18,16,17,3.7368698120117188,47.5,48.5,4.861
1765484167.2650895,16,24,18,16,17,3.7368698120117188,47.5,48.5,4.861
1765484167.4679353,99,46,24,22,12,3.736713409423828,48.0,48.0,7.36
1765484167.669413,99,46,24,22,12,3.736713409423828,48.0,48.0,7.36
1765484167.8714647,99,25,20,30,19,3.7369613647460938,47.5,48.0,6.269
1765484168.0744443,99,25,20,30,19,3.7369613647460938,47.5,48.0,6.269
1765484168.2757628,99,25,20,30,19,3.7369613647460938,47.5,48.0,6.269
1765484168.4775877,99,23,10,32,14,3.7368087768554688,48.0,48.0,7.627
1765484168.6784935,99,23,10,32,14,3.7368087768554688,48.0,48.0,7.627
1765484168.8805566,99,27,35,12,14,3.7369117736816406,47.5,48.5,6.741
1765484169.0825317,99,27,35,12,14,3.7369117736816406,47.5,48.5,6.741
1765484169.2853258,99,27,35,12,14,3.7369117736816406,47.5,48.5,6.741
1765484169.491017,99,30,22,42,23,3.7365798950195312,48.0,48.0,7.4
1765484169.692374,99,30,22,42,23,3.7365798950195312,48.0,48.0,7.4
1765484169.893416,99,26,28,33,23,3.7367897033691406,48.0,48.5,8.094
1765484170.0946887,99,26,28,33,23,3.7367897033691406,48.0,48.5,8.094
1765484170.2975488,99,26,28,33,23,3.7367897033691406,48.0,48.5,8.094
1765484170.4998887,99,17,31,9,9,3.737316131591797,48.0,47.5,7.2
1765484170.7009954,99,17,31,9,9,3.737316131591797,48.0,47.5,7.2
1765484170.9021559,99,24,24,10,33,3.7362213134765625,48.0,48.0,6.971
1765484171.1034436,99,24,24,10,33,3.7362213134765625,48.0,48.0,6.971
1765484171.3064024,99,24,24,10,33,3.7362213134765625,48.0,48.0,6.971
1765484171.5157132,99,24,18,19,43,3.7369308471679688,48.5,48.0,8.041
1765484171.7172709,99,24,18,19,43,3.7369308471679688,48.5,48.0,8.041
1765484171.9191034,12,21,34,26,16,3.737274169921875,47.5,48.5,6.5
1765484172.120919,12,21,34,26,16,3.737274169921875,47.5,48.5,6.5
1765484172.3263881,12,21,34,26,16,3.737274169921875,47.5,48.5,6.5
1765484172.528402,99,36,12,17,10,3.7365684509277344,48.5,48.0,7.894
1765484172.7297714,99,36,12,17,10,3.7365684509277344,48.5,48.0,7.894
1765484172.9310327,99,29,26,32,34,3.7364501953125,48.0,48.0,6.701
1765484173.1325643,99,29,26,32,34,3.7364501953125,48.0,48.0,6.701
1765484173.3341422,99,29,26,32,34,3.7364501953125,48.0,48.0,6.701
1765484173.53688,99,20,18,22,39,3.737060546875,48.5,48.5,7.775
1765484173.739416,99,20,18,22,39,3.737060546875,48.5,48.5,7.775
1765484173.9408455,99,24,42,14,27,3.7370147705078125,48.0,48.5,7.747
1765484174.143203,99,24,42,14,27,3.7370147705078125,48.0,48.5,7.747
1765484174.346347,99,24,42,14,27,3.7370147705078125,48.0,48.5,7.747
1765484174.5473752,99,20,22,16,28,3.736804962158203,48.0,48.0,7.707
1765484174.7483838,99,20,22,16,28,3.736804962158203,48.0,48.0,7.707
1765484174.9501948,99,30,24,48,28,3.7365684509277344,48.5,48.5,7.667
1765484175.155132,99,30,24,48,28,3.7365684509277344,48.5,48.5,7.667
1765484175.356783,99,30,24,48,28,3.7365684509277344,48.5,48.5,7.667
1765484175.5581553,99,22,24,24,19,3.7372665405273438,48.5,48.0,8.014
1765484175.75953,99,22,24,24,19,3.7372665405273438,48.5,48.0,8.014
1765484175.960744,99,40,18,28,15,3.736480712890625,48.5,48.5,7.44
1765484176.1624737,99,40,18,28,15,3.736480712890625,48.5,48.5,7.44
1765484176.3653378,99,40,18,28,15,3.736480712890625,48.5,48.5,7.44
1765484176.566797,99,23,20,14,20,3.7365684509277344,48.5,48.5,7.051
1765484176.76789,99,23,20,14,20,3.7365684509277344,48.5,48.5,7.051
1765484176.9691432,99,23,20,14,20,3.7365684509277344,48.5,48.5,7.051
1765484177.1721103,99,29,33,50,18,3.736949920654297,48.5,48.5,7.707
1765484177.3736444,99,29,33,50,18,3.736949920654297,48.5,48.5,7.707
1765484177.5748122,99,21,18,10,14,3.7380714416503906,48.5,48.5,6.971
1765484177.7759366,99,21,18,10,14,3.7380714416503906,48.5,48.5,6.971
1765484177.9770718,99,21,18,10,14,3.7380714416503906,48.5,48.5,6.971
1765484178.1785853,99,24,23,45,24,3.737407684326172,48.5,48.0,7.587
1765484178.3813958,99,24,23,45,24,3.737407684326172,48.5,48.0,7.587
1765484178.583892,99,22,25,18,18,3.7377586364746094,48.0,48.0,5.451
1765484178.7851408,99,22,25,18,18,3.7377586364746094,48.0,48.0,5.451
1765484178.9865804,99,22,25,18,18,3.7377586364746094,48.0,48.0,5.451
1765484179.1893165,99,32,32,49,34,3.7382774353027344,48.5,49.0,8.12
1765484179.3949301,99,32,32,49,34,3.7382774353027344,48.5,49.0,8.12
1765484179.5963748,52,24,23,20,16,3.7392730712890625,48.0,50.5,5.685
1765484179.797413,52,24,23,20,16,3.7392730712890625,48.0,50.5,5.685
1765484179.9995263,52,24,23,20,16,3.7392730712890625,48.0,50.5,5.685
1765484180.201056,99,24,44,21,17,3.7391357421875,48.5,48.5,7.827
1765484180.4031422,99,24,44,21,17,3.7391357421875,48.5,48.5,7.827
1765484180.605038,99,23,16,30,25,3.7397804260253906,47.5,48.5,5.837
1765484180.8064349,99,23,16,30,25,3.7397804260253906,47.5,48.5,5.837
1765484181.0073757,99,23,16,30,25,3.7397804260253906,47.5,48.5,5.837
1765484181.2094643,99,22,25,20,44,3.7399559020996094,48.5,48.5,7.747
1765484181.412454,99,22,25,20,44,3.7399559020996094,48.5,48.5,7.747
1765484181.613808,99,16,26,24,4,3.7397193908691406,48.5,48.5,6.46
1765484181.8149898,99,16,26,24,4,3.7397193908691406,48.5,48.5,6.46
1765484182.017769,99,16,26,24,4,3.7397193908691406,48.5,48.5,6.46
1765484182.220999,99,32,22,35,17,3.740245819091797,48.5,48.5,7.468
1765484182.422516,99,32,22,35,17,3.740245819091797,48.5,48.5,7.468
1765484182.6239984,99,22,30,18,29,3.7404518127441406,48.5,48.5,7.28
1765484182.8251686,99,22,30,18,29,3.7404518127441406,48.5,48.5,7.28
1765484183.026449,99,22,30,18,29,3.7404518127441406,48.5,48.5,7.28
1765484183.2286932,99,20,38,26,16,3.7414817810058594,49.0,48.5,7.547
1765484183.4298143,99,20,38,26,16,3.7414817810058594,49.0,48.5,7.547
1765484183.6315322,99,20,13,25,16,3.740753173828125,48.5,48.5,7.091
1765484183.832798,99,20,13,25,16,3.740753173828125,48.5,48.5,7.091
1765484184.0346692,99,20,13,25,16,3.740753173828125,48.5,48.5,7.091
1765484184.2364938,99,44,32,54,38,3.741962432861328,49.5,48.5,7.4
1765484184.4376886,99,44,32,54,38,3.741962432861328,49.5,48.5,7.4
1765484184.6386914,99,27,25,18,31,3.7414932250976562,49.0,48.5,7.4
1765484184.840569,99,27,25,18,31,3.7414932250976562,49.0,48.5,7.4
1765484185.041757,99,27,25,18,31,3.7414932250976562,49.0,48.5,7.4
1765484185.243032,99,20,18,25,43,3.7436294555664062,49.0,49.0,8.385
1765484185.4442306,99,20,18,25,43,3.7436294555664062,49.0,49.0,8.385
1765484185.645269,99,20,18,25,43,3.7436294555664062,49.0,49.0,8.385
1765484185.8465986,94,24,20,27,14,3.7415504455566406,48.5,48.5,6.511
1765484186.0493915,94,24,20,27,14,3.7415504455566406,48.5,48.5,6.511
1765484186.2531745,99,26,15,23,46,3.742076873779297,49.0,48.5,7.787
1765484186.4546304,99,26,15,23,46,3.742076873779297,49.0,48.5,7.787
1765484186.6561782,99,26,15,23,46,3.742076873779297,49.0,48.5,7.787
1765484186.857652,99,35,26,18,28,3.742481231689453,48.5,49.5,7.16
1765484187.060808,99,35,26,18,28,3.742481231689453,48.5,49.5,7.16
1765484187.2626655,99,29,10,17,11,3.742626190185547,49.5,49.0,7.587
1765484187.464056,99,29,10,17,11,3.742626190185547,49.5,49.0,7.587
1765484187.6656454,99,29,10,17,11,3.742626190185547,49.5,49.0,7.587
1765484187.8664773,99,28,25,34,31,3.7423057556152344,49.0,49.5,7.36
1765484188.0675106,99,28,25,34,31,3.7423057556152344,49.0,49.5,7.36
1765484188.2704647,99,22,19,18,25,3.7424240112304688,49.5,48.5,7.894
1765484188.4723823,99,22,19,18,25,3.7424240112304688,49.5,48.5,7.894
1765484188.6735818,99,22,19,18,25,3.7424240112304688,49.5,48.5,7.894
1765484188.875686,99,24,35,21,34,3.743152618408203,49.0,49.5,8.094
1765484189.07716,99,24,35,21,34,3.743152618408203,49.0,49.5,8.094
1765484189.2782192,99,32,32,23,24,3.7417335510253906,49.5,49.0,7.747
1765484189.479489,99,32,32,23,24,3.7417335510253906,49.5,49.0,7.747
1765484189.6808033,99,32,32,23,24,3.7417335510253906,49.5,49.0,7.747
1765484189.8837135,99,46,28,25,28,3.742198944091797,49.0,50.0,7.428
1765484190.0852542,99,46,28,25,28,3.742198944091797,49.0,50.0,7.428
1765484190.2864664,99,24,24,24,18,3.742198944091797,49.0,49.0,7.171
1765484190.4874558,99,24,24,24,18,3.742198944091797,49.0,49.0,7.171
1765484190.6885176,99,24,24,24,18,3.742198944091797,49.0,49.0,7.171
1765484190.8902986,99,29,18,34,21,3.742931365966797,49.5,49.0,8.28
1765484191.0929768,99,29,18,34,21,3.742931365966797,49.5,49.0,8.28
1765484191.2944944,99,20,20,12,16,3.7419586181640625,49.0,48.5,4.942
1765484191.4960728,99,20,20,12,16,3.7419586181640625,49.0,48.5,4.942
1765484191.6973712,99,20,20,12,16,3.7419586181640625,49.0,48.5,4.942
1765484191.9002063,99,43,26,19,29,3.7422943115234375,49.5,49.0,7.974
1765484192.1020355,99,43,26,19,29,3.7422943115234375,49.5,49.0,7.974
1765484192.303263,2,32,22,20,23,3.7431602478027344,48.0,49.5,5.877
1765484192.5042894,2,32,22,20,23,3.7431602478027344,48.0,49.5,5.877
1765484192.707668,2,32,22,20,23,3.7431602478027344,48.0,49.5,5.877
1765484192.9092278,99,12,12,11,44,3.7423477172851562,49.0,49.0,7.44
1765484193.1112852,99,12,12,11,44,3.7423477172851562,49.0,49.0,7.44
1765484193.3126662,99,20,32,21,17,3.7426109313964844,48.5,49.5,6.118
1765484193.5138826,99,20,32,21,17,3.7426109313964844,48.5,49.5,6.118
1765484193.7150216,99,20,32,21,17,3.7426109313964844,48.5,49.5,6.118
1765484193.9193182,99,22,42,28,20,3.7421531677246094,49.5,49.0,7.44
1765484194.1224473,99,22,42,28,20,3.7421531677246094,49.5,49.0,7.44
1765484194.323999,99,36,28,17,18,3.743030548095703,49.0,50.0,7.627
1765484194.5250974,99,36,28,17,18,3.743030548095703,49.0,50.0,7.627
1765484194.728066,99,36,28,17,18,3.743030548095703,49.0,50.0,7.627
1765484194.929596,99,16,37,8,13,3.74176025390625,49.5,48.5,7.24
1765484195.131586,99,16,37,8,13,3.74176025390625,49.5,48.5,7.24
1765484195.3327641,99,30,21,23,19,3.7421302795410156,49.0,49.0,7.24
1765484195.5341415,99,30,21,23,19,3.7421302795410156,49.0,49.0,7.24
1765484195.7352788,99,30,21,23,19,3.7421302795410156,49.0,49.0,7.24
1765484195.9383566,99,22,23,36,20,3.742382049560547,49.5,49.5,7.934
1765484196.1398683,99,22,23,36,20,3.742382049560547,49.5,49.5,7.934
1765484196.3408036,99,22,23,36,20,3.742382049560547,49.5,49.5,7.934
1765484196.5418556,99,16,21,12,23,3.7426376342773438,49.0,49.5,7.28
1765484196.7444239,99,16,21,12,23,3.7426376342773438,49.0,49.5,7.28
1765484196.9478245,99,23,45,25,20,3.741840362548828,49.5,49.0,7.854
1765484197.14933,99,23,45,25,20,3.741840362548828,49.5,49.0,7.854
1765484197.3509917,99,23,45,25,20,3.741840362548828,49.5,49.0,7.854
1765484197.5535111,0,20,26,40,16,3.7424850463867188,48.5,49.0,5.604
1765484197.7554543,0,20,26,40,16,3.7424850463867188,48.5,49.0,5.604
1765484197.9572036,99,23,17,18,38,3.7427215576171875,49.5,49.5,8.544
1765484198.1584253,99,23,17,18,38,3.7427215576171875,49.5,49.5,8.544
1765484198.359682,99,23,17,18,38,3.7427215576171875,49.5,49.5,8.544
1765484198.5607355,99,30,22,15,10,3.7423667907714844,48.5,50.0,6.701
1765484198.7637053,99,30,22,15,10,3.7423667907714844,48.5,50.0,6.701
1765484198.9668388,99,37,22,24,21,3.7426795959472656,49.5,49.0,7.36
1765484199.1682644,99,37,22,24,21,3.7426795959472656,49.5,49.0,7.36
1765484199.3694036,99,37,22,24,21,3.7426795959472656,49.5,49.0,7.36
1765484199.5713818,99,19,46,25,30,3.7418861389160156,49.0,49.5,7.547
1765484199.772761,99,19,46,25,30,3.7418861389160156,49.0,49.5,7.547
1765484199.9743779,99,15,26,13,15,3.7428627014160156,49.5,49.5,8.385
1765484200.1761491,99,15,26,13,15,3.7428627014160156,49.5,49.5,8.385
1765484200.3776307,99,15,26,13,15,3.7428627014160156,49.5,49.5,8.385
1765484200.578852,99,19,40,19,21,3.742328643798828,49.5,49.5,7.507
1765484200.78149,99,19,40,19,21,3.742328643798828,49.5,49.5,7.507
1765484200.9844806,99,22,24,18,18,3.7426109313964844,49.5,49.5,7.36
1765484201.1861906,99,22,24,18,18,3.7426109313964844,49.5,49.5,7.36
1765484201.3873713,99,22,24,18,18,3.7426109313964844,49.5,49.5,7.36
1765484201.5904973,99,56,19,32,20,3.7436904907226562,49.0,50.0,7.814
1765484201.793409,99,56,19,32,20,3.7436904907226562,49.0,50.0,7.814
1765484201.994526,99,12,22,10,12,3.7442092895507812,49.5,49.0,7.547
1765484202.1962748,99,12,22,10,12,3.7442092895507812,49.5,49.0,7.547
1765484202.3975801,99,12,22,10,12,3.7442092895507812,49.5,49.0,7.547
1765484202.5985992,99,50,25,14,21,3.7436294555664062,49.5,49.0,7.4
1765484202.8002357,99,50,25,14,21,3.7436294555664062,49.5,49.0,7.4
1765484203.0022085,99,22,16,21,18,3.7439651489257812,49.5,49.0,7.051
1765484203.2051141,99,22,16,21,18,3.7439651489257812,49.5,49.0,7.051
1765484203.4067204,99,22,16,21,18,3.7439651489257812,49.5,49.0,7.051
1765484203.6086314,99,24,41,32,31,3.7484779357910156,49.5,50.0,7.894
1765484203.8120441,99,24,41,32,31,3.7484779357910156,49.5,50.0,7.894
1765484204.013301,99,19,18,15,21,3.7479171752929688,49.5,49.0,7.28
1765484204.214439,99,19,18,15,21,3.7479171752929688,49.5,49.0,7.28
1765484204.415642,99,19,18,15,21,3.7479171752929688,49.5,49.0,7.28
1765484204.6194408,99,33,26,45,22,3.7478294372558594,49.5,49.0,7.507
1765484204.8213694,99,33,26,45,22,3.7478294372558594,49.5,49.0,7.507
1765484205.022531,99,25,24,18,14,3.7481536865234375,49.5,49.5,6.821
1765484205.2246177,99,25,24,18,14,3.7481536865234375,49.5,49.5,6.821
1765484205.4258368,99,25,24,18,14,3.7481536865234375,49.5,49.5,6.821
1765484205.6278403,99,25,57,18,25,3.7423057556152344,49.5,50.0,8.848
1765484205.8291385,99,25,57,18,25,3.7423057556152344,49.5,50.0,8.848
1765484206.03019,94,21,26,22,23,3.740459442138672,49.0,51.0,6.078
1765484206.2311454,94,21,26,22,23,3.740459442138672,49.0,51.0,6.078
1765484206.4321566,94,21,26,22,23,3.740459442138672,49.0,51.0,6.078
1765484206.6332102,99,50,63,35,54,3.741668701171875,50.0,50.0,8.703
1765484206.834497,99,50,63,35,54,3.741668701171875,50.0,50.0,8.703
1765484207.035606,99,50,63,35,54,3.741668701171875,50.0,50.0,8.703
1765484207.2365735,3,42,18,30,21,3.7351036071777344,49.0,51.0,5.765
1765484207.4378645,3,42,18,30,21,3.7351036071777344,49.0,51.0,5.765
1765484207.6392243,99,18,6,35,18,3.736125946044922,49.5,49.5,7.894
1765484207.842251,99,18,6,35,18,3.736125946044922,49.5,49.5,7.894
1765484208.0433238,99,18,6,35,18,3.736125946044922,49.5,49.5,7.894
1765484208.244518,99,22,17,17,28,3.7357521057128906,49.0,49.0,6.078
1765484208.4464118,99,22,17,17,28,3.7357521057128906,49.0,49.0,6.078
1765484208.649351,99,19,24,40,25,3.735485076904297,50.0,49.5,7.4
1765484208.8526824,99,19,24,40,25,3.735485076904297,50.0,49.5,7.4
1765484209.0547736,99,19,24,40,25,3.735485076904297,50.0,49.5,7.4
1765484209.2558172,99,38,27,20,20,3.73675537109375,50.0,50.5,7.667
1765484209.4591715,99,38,27,20,20,3.73675537109375,50.0,50.5,7.667
1765484209.6607134,99,16,14,33,12,3.7365455627441406,49.5,49.5,7.507
1765484209.8638713,99,16,14,33,12,3.7365455627441406,49.5,49.5,7.507
1765484210.065337,99,16,14,33,12,3.7365455627441406,49.5,49.5,7.507
1765484210.266597,99,22,28,18,14,3.736591339111328,49.5,49.5,7.32
1765484210.4676516,99,22,28,18,14,3.736591339111328,49.5,49.5,7.32
1765484210.6697807,99,37,38,16,24,3.736927032470703,50.0,49.5,7.24
1765484210.874387,99,37,38,16,24,3.736927032470703,50.0,49.5,7.24
1765484211.0756795,99,37,38,16,24,3.736927032470703,50.0,49.5,7.24
1765484211.2768435,99,24,22,35,12,3.737682342529297,50.0,50.0,8.12
1765484211.4787548,99,24,22,35,12,3.737682342529297,50.0,50.0,8.12
1765484211.6806386,99,20,16,35,11,3.7371253967285156,50.0,49.5,7.667
1765484211.8821151,99,20,16,35,11,3.7371253967285156,50.0,49.5,7.667
1765484212.0840297,99,20,16,35,11,3.7371253967285156,50.0,49.5,7.667
1765484212.285463,99,25,21,18,32,3.737659454345703,49.5,49.5,6.931
1765484212.486681,99,25,21,18,32,3.737659454345703,49.5,49.5,6.931
1765484212.688341,99,21,49,17,10,3.7376480102539062,50.0,50.0,8.094
1765484212.8897388,99,21,49,17,10,3.7376480102539062,50.0,50.0,8.094
1765484213.090838,99,21,49,17,10,3.7376480102539062,50.0,50.0,8.094
1765484213.291941,4,18,20,19,28,3.738536834716797,49.0,50.5,5.725
1765484213.4945588,4,18,20,19,28,3.738536834716797,49.0,50.5,5.725
1765484213.6960433,99,21,16,31,41,3.73779296875,50.0,49.5,8.014
1765484213.897242,99,21,16,31,41,3.73779296875,50.0,49.5,8.014
1765484214.0988142,99,21,16,31,41,3.73779296875,50.0,49.5,8.014
1765484214.3001037,99,40,41,32,29,3.737957000732422,49.5,51.0,6.58
1765484214.501209,99,40,41,32,29,3.737957000732422,49.5,51.0,6.58
1765484214.7024577,99,42,19,15,14,3.738872528076172,50.0,50.0,8.24
1765484214.903455,99,42,19,15,14,3.738872528076172,50.0,50.0,8.24
1765484215.1043584,99,42,19,15,14,3.738872528076172,50.0,50.0,8.24
1765484215.3053675,99,27,8,35,15,3.7394065856933594,50.0,50.0,6.781
1765484215.5082355,99,27,8,35,15,3.7394065856933594,50.0,50.0,6.781
1765484215.7098398,99,27,8,35,15,3.7394065856933594,50.0,50.0,6.781
1765484215.9111257,99,20,23,27,24,3.7394943237304688,50.5,49.5,7.468
1765484216.1124299,99,20,23,27,24,3.7394943237304688,50.5,49.5,7.468
1765484216.314551,99,32,29,30,42,3.739227294921875,50.0,49.5,7.36
1765484216.5174692,99,32,29,30,42,3.739227294921875,50.0,49.5,7.36
1765484216.718717,99,32,29,30,42,3.739227294921875,50.0,49.5,7.36
1765484216.920008,99,16,27,21,16,3.7403602600097656,50.5,50.0,8.28
1765484217.1209815,99,16,27,21,16,3.7403602600097656,50.5,50.0,8.28
1765484217.322343,99,17,47,14,26,3.739116668701172,50.0,50.5,7.468
1765484217.5245552,99,17,47,14,26,3.739116668701172,50.0,50.5,7.468
1765484217.7279356,99,17,47,14,26,3.739116668701172,50.0,50.5,7.468
1765484217.930535,99,24,27,20,14,3.7396202087402344,50.5,49.5,7.2
1765484218.1318796,99,24,27,20,14,3.7396202087402344,50.5,49.5,7.2
1765484218.3332481,99,27,37,31,43,3.739940643310547,50.5,50.5,7.974
1765484218.5362403,99,27,37,31,43,3.739940643310547,50.5,50.5,7.974
1765484218.737861,99,27,37,31,43,3.739940643310547,50.5,50.5,7.974
1765484218.9391203,99,20,14,19,8,3.7405471801757812,50.0,50.0,7.2
1765484219.1402223,99,20,14,19,8,3.7405471801757812,50.0,50.0,7.2
1765484219.342462,99,34,17,34,31,3.74017333984375,50.0,50.0,7.44
1765484219.5442035,99,34,17,34,31,3.74017333984375,50.0,50.0,7.44
1765484219.7473884,99,34,17,34,31,3.74017333984375,50.0,50.0,7.44
1765484219.9495783,99,29,23,17,14,3.7409133911132812,50.0,49.5,6.741
1765484220.150751,99,29,23,17,14,3.7409133911132812,50.0,49.5,6.741
1765484220.3519104,99,25,34,37,52,3.7409210205078125,50.5,50.5,8.584
1765484220.5550418,99,25,34,37,52,3.7409210205078125,50.5,50.5,8.584
1765484220.7578247,99,25,34,37,52,3.7409210205078125,50.5,50.5,8.584
1765484220.9593089,66,21,16,21,8,3.7408180236816406,50.0,49.5,5.339
1765484221.1608312,66,21,16,21,8,3.7408180236816406,50.0,49.5,5.339
1765484221.3627744,99,42,25,30,27,3.7404022216796875,50.5,50.0,7.854
1765484221.5641656,99,42,25,30,27,3.7404022216796875,50.5,50.0,7.854
1765484221.76622,99,42,25,30,27,3.7404022216796875,50.5,50.0,7.854
1765484221.9677145,0,32,26,23,14,3.741230010986328,50.0,50.0,4.982
1765484222.1690867,0,32,26,23,14,3.741230010986328,50.0,50.0,4.982
1765484222.3702407,99,14,26,16,46,3.7428321838378906,50.5,50.5,8.584
1765484222.573173,99,14,26,16,46,3.7428321838378906,50.5,50.5,8.584
1765484222.776796,99,14,26,16,46,3.7428321838378906,50.5,50.5,8.584
1765484222.9782887,14,18,14,18,21,3.7415237426757812,49.5,50.0,5.015
1765484223.1803167,14,18,14,18,21,3.7415237426757812,49.5,50.0,5.015
1765484223.38248,99,23,23,20,44,3.7420387268066406,50.0,51.0,7.547
1765484223.584496,99,23,23,20,44,3.7420387268066406,50.0,51.0,7.547
1765484223.7856445,99,23,23,20,44,3.7420387268066406,50.0,51.0,7.547
1765484223.9885085,99,24,23,26,32,3.7418899536132812,50.0,50.5,6.31
1765484224.1905184,99,24,23,26,32,3.7418899536132812,50.0,50.5,6.31
1765484224.3915722,99,20,26,17,41,3.7428245544433594,50.5,50.0,7.747
1765484224.5935378,99,20,26,17,41,3.7428245544433594,50.5,50.0,7.747
1765484224.7949007,99,20,26,17,41,3.7428245544433594,50.5,50.0,7.747
1765484224.9959142,99,18,20,22,22,3.742206573486328,50.0,50.0,6.39
1765484225.1972156,99,18,20,22,22,3.742206573486328,50.0,50.0,6.39
1765484225.3983262,99,18,20,22,22,3.742206573486328,50.0,50.0,6.39
1765484225.600989,99,25,25,40,30,3.7422027587890625,50.5,50.0,7.388
1765484225.8025906,99,25,25,40,30,3.7422027587890625,50.5,50.0,7.388
1765484226.0035381,99,30,32,30,24,3.7428321838378906,50.0,51.0,7.814
1765484226.2069783,99,30,32,30,24,3.7428321838378906,50.0,51.0,7.814
1765484226.4081225,99,30,32,30,24,3.7428321838378906,50.0,51.0,7.814
1765484226.6095006,99,14,22,29,10,3.742462158203125,50.5,50.0,7.24
1765484226.8106675,99,14,22,29,10,3.742462158203125,50.5,50.0,7.24
1765484227.0124521,99,24,18,16,34,3.7418975830078125,50.0,50.0,7.28
1765484227.2135592,99,24,18,16,34,3.7418975830078125,50.0,50.0,7.28
1765484227.4149473,99,24,18,16,34,3.7418975830078125,50.0,50.0,7.28
1765484227.6177857,99,19,25,16,42,3.7424240112304688,50.5,50.0,7.667
1765484227.8194451,99,19,25,16,42,3.7424240112304688,50.5,50.0,7.667
1765484228.020562,99,23,14,27,35,3.742809295654297,50.0,50.5,7.507
1765484228.2234352,99,23,14,27,35,3.742809295654297,50.0,50.5,7.507
1765484228.4306529,99,23,14,27,35,3.742809295654297,50.0,50.5,7.507
1765484228.6333947,99,14,19,18,40,3.7423057556152344,50.5,50.5,7.974
1765484228.8356643,99,14,19,18,40,3.7423057556152344,50.5,50.5,7.974
1765484229.0371394,1,24,33,35,16,3.7424240112304688,50.0,50.0,5.411
1765484229.2385983,1,24,33,35,16,3.7424240112304688,50.0,50.0,5.411
1765484229.4401088,1,24,33,35,16,3.7424240112304688,50.0,50.0,5.411
1765484229.644635,99,25,21,39,24,3.7426490783691406,51.0,50.5,8.2
1765484229.8475575,99,25,21,39,24,3.7426490783691406,51.0,50.5,8.2
1765484230.0494137,99,18,29,33,18,3.7432861328125,50.5,51.0,7.28
1765484230.251309,99,18,29,33,18,3.7432861328125,50.5,51.0,7.28
1765484230.4545045,99,18,29,33,18,3.7432861328125,50.5,51.0,7.28
1765484230.6564915,99,39,29,14,20,3.742328643798828,50.5,50.0,7.48
1765484230.85824,99,39,29,14,20,3.742328643798828,50.5,50.0,7.48
1765484231.0599878,99,27,26,52,23,3.7421226501464844,50.5,51.0,7.44
1765484231.263512,99,27,26,52,23,3.7421226501464844,50.5,51.0,7.44
1765484231.4651272,99,27,26,52,23,3.7421226501464844,50.5,51.0,7.44
1765484231.6664166,99,18,25,24,23,3.7424240112304688,50.5,50.5,8.359
1765484231.8675313,99,18,25,24,23,3.7424240112304688,50.5,50.5,8.359
1765484232.068656,99,27,36,15,22,3.74298095703125,50.5,51.0,7.854
1765484232.2719407,99,27,36,15,22,3.74298095703125,50.5,51.0,7.854
1765484232.4759755,99,27,36,15,22,3.74298095703125,50.5,51.0,7.854
1765484232.677473,99,22,16,18,16,3.7422409057617188,51.0,50.5,7.051
1765484232.8786736,99,22,16,18,16,3.7422409057617188,51.0,50.5,7.051
1765484233.0798297,99,35,44,21,27,3.7421226501464844,50.5,50.5,7.667
1765484233.2839684,99,35,44,21,27,3.7421226501464844,50.5,50.5,7.667
1765484233.4853072,99,35,44,21,27,3.7421226501464844,50.5,50.5,7.667
1765484233.6864288,99,21,10,18,12,3.742938995361328,50.5,50.5,7.131
1765484233.8875413,99,21,10,18,12,3.742938995361328,50.5,50.5,7.131
1765484234.0891473,99,28,14,38,14,3.742645263671875,51.0,50.0,7.707
1765484234.2906358,99,28,14,38,14,3.742645263671875,51.0,50.0,7.707
1765484234.4936042,99,28,14,38,14,3.742645263671875,51.0,50.0,7.707
1765484234.6964061,1,25,24,26,23,3.742595672607422,50.0,51.5,5.015
1765484234.897718,1,25,24,26,23,3.742595672607422,50.0,51.5,5.015
1765484235.0985317,99,20,27,46,26,3.7424774169921875,50.5,50.5,7.827
1765484235.3012834,99,20,27,46,26,3.7424774169921875,50.5,50.5,7.827
1765484235.5032048,99,20,27,46,26,3.7424774169921875,50.5,50.5,7.827
1765484235.7044008,99,27,25,18,23,3.7428932189941406,50.0,51.0,6.741
1765484235.9055765,99,27,25,18,23,3.7428932189941406,50.0,51.0,6.741
1765484236.1067185,99,27,25,18,23,3.7428932189941406,50.0,51.0,6.741
1765484236.3079457,99,25,13,34,17,3.7427024841308594,50.5,50.5,7.32
1765484236.5089765,99,25,13,34,17,3.7427024841308594,50.5,50.5,7.32
1765484236.7106082,99,23,34,17,14,3.7428245544433594,50.5,50.5,7.24
1765484236.9118326,99,23,34,17,14,3.7428245544433594,50.5,50.5,7.24
1765484237.1132312,99,23,34,17,14,3.7428245544433594,50.5,50.5,7.24
1765484237.3162785,99,46,22,12,16,3.7425880432128906,50.5,50.5,7.587
1765484237.5183182,99,46,22,12,16,3.7425880432128906,50.5,50.5,7.587
1765484237.7194295,99,12,21,24,14,3.7427520751953125,50.5,50.5,7.627
1765484237.9205773,99,12,21,24,14,3.7427520751953125,50.5,50.5,7.627
1765484238.125487,99,12,21,24,14,3.7427520751953125,50.5,50.5,7.627
1765484238.3281534,99,20,30,10,37,3.74273681640625,51.0,51.5,7.627
1765484238.529187,99,20,30,10,37,3.74273681640625,51.0,51.5,7.627
1765484238.7305162,99,28,24,23,18,3.7428245544433594,50.5,50.5,7.171
1765484238.933127,99,28,24,23,18,3.7428245544433594,50.5,50.5,7.171
1765484239.1348548,99,28,24,23,18,3.7428245544433594,50.5,50.5,7.171
1765484239.3376994,99,24,24,48,15,3.743694305419922,51.0,51.5,8.624
1765484239.5404553,99,24,24,48,15,3.743694305419922,51.0,51.5,8.624
1765484239.741881,49,19,17,28,15,3.742969512939453,50.5,50.5,5.258
1765484239.9435432,49,19,17,28,15,3.742969512939453,50.5,50.5,5.258
1765484240.1467524,49,19,17,28,15,3.742969512939453,50.5,50.5,5.258
1765484240.349857,99,22,32,25,44,3.7430343627929688,50.5,51.0,7.707
1765484240.5516663,99,22,32,25,44,3.7430343627929688,50.5,51.0,7.707
1765484240.7527735,0,28,31,24,32,3.7436790466308594,49.5,50.5,4.658
1765484240.9543967,0,28,31,24,32,3.7436790466308594,49.5,50.5,4.658
1765484241.155738,0,28,31,24,32,3.7436790466308594,49.5,50.5,4.658
1765484241.358264,99,13,20,20,33,3.74530029296875,50.5,51.5,8.306
1765484241.5598218,99,13,20,20,33,3.74530029296875,50.5,51.5,8.306
1765484241.7610435,0,24,21,26,16,3.744159698486328,50.0,50.0,4.975
1765484241.9623945,0,24,21,26,16,3.744159698486328,50.0,50.0,4.975
1765484242.1651213,0,24,21,26,16,3.744159698486328,50.0,50.0,4.975
1765484242.3686664,99,20,26,39,21,3.7446670532226562,51.0,51.0,8.054
1765484242.5701377,99,20,26,39,21,3.7446670532226562,51.0,51.0,8.054
1765484242.7714548,99,32,36,22,26,3.744731903076172,50.5,51.0,6.81
1765484242.9744465,99,32,36,22,26,3.744731903076172,50.5,51.0,6.81
1765484243.1781948,99,32,36,22,26,3.744731903076172,50.5,51.0,6.81
1765484243.3792515,99,18,30,13,17,3.7449989318847656,51.0,51.0,7.627
1765484243.5813127,99,18,30,13,17,3.7449989318847656,51.0,51.0,7.627
1765484243.7827845,99,42,16,18,32,3.7452354431152344,50.5,51.5,7.131
1765484243.984425,99,42,16,18,32,3.7452354431152344,50.5,51.5,7.131
1765484244.185852,99,42,16,18,32,3.7452354431152344,50.5,51.5,7.131
1765484244.3869088,99,32,30,16,17,3.7460289001464844,51.0,51.0,7.934
1765484244.5894475,99,32,30,16,17,3.7460289001464844,51.0,51.0,7.934
1765484244.7913928,99,27,22,50,22,3.746429443359375,51.0,51.5,8.054
1765484244.9925134,99,27,22,50,22,3.746429443359375,51.0,51.5,8.054
1765484245.1944094,99,27,22,50,22,3.746429443359375,51.0,51.5,8.054
1765484245.3955054,99,30,12,32,18,3.7378616333007812,51.0,51.0,7.894
1765484245.5972939,99,30,12,32,18,3.7378616333007812,51.0,51.0,7.894
1765484245.798858,99,30,24,54,25,3.738109588623047,51.0,50.5,7.4
1765484246.0015788,99,30,24,54,25,3.738109588623047,51.0,50.5,7.4
1765484246.211491,99,30,24,54,25,3.738109588623047,51.0,50.5,7.4
1765484246.4126089,99,24,29,18,26,3.738231658935547,51.5,51.0,7.547
1765484246.613782,99,24,29,18,26,3.738231658935547,51.5,51.0,7.547
1765484246.8163328,99,42,27,16,16,3.73956298828125,51.0,51.5,8.16
1765484247.0190833,99,42,27,16,16,3.73956298828125,51.0,51.5,8.16
1765484247.2243404,99,42,27,16,16,3.73956298828125,51.0,51.5,8.16
1765484247.4260845,99,18,19,12,14,3.7380943298339844,50.5,51.0,6.701
1765484247.62709,99,18,19,12,14,3.7380943298339844,50.5,51.0,6.701
1765484247.8281715,99,18,19,12,14,3.7380943298339844,50.5,51.0,6.701
1765484248.0311465,99,45,21,27,28,3.7388534545898438,51.5,51.0,7.894
1765484248.232685,99,45,21,27,28,3.7388534545898438,51.5,51.0,7.894
1765484248.4343696,39,24,18,25,25,3.7391891479492188,51.0,51.0,5.604
1765484248.6355681,39,24,18,25,25,3.7391891479492188,51.0,51.0,5.604
1765484248.8365874,39,24,18,25,25,3.7391891479492188,51.0,51.0,5.604
1765484249.038351,99,18,11,36,17,3.7396926879882812,51.5,51.0,7.894
1765484249.2410185,99,18,11,36,17,3.7396926879882812,51.5,51.0,7.894
1765484249.4442046,99,22,22,28,26,3.7388038635253906,50.5,51.0,6.159
1765484249.645873,99,22,22,28,26,3.7388038635253906,50.5,51.0,6.159
1765484249.8477206,99,22,22,28,26,3.7388038635253906,50.5,51.0,6.159
1765484250.050921,99,48,23,23,23,3.7385406494140625,51.0,51.0,7.52
1765484250.2522125,99,48,23,23,23,3.7385406494140625,51.0,51.0,7.52
1765484250.4538362,99,24,26,27,23,3.7396011352539062,51.0,51.5,7.707
1765484250.6569703,99,24,26,27,23,3.7396011352539062,51.0,51.5,7.707
1765484250.8602922,99,24,26,27,23,3.7396011352539062,51.0,51.5,7.707
1765484251.0620532,99,16,17,30,15,3.7386436462402344,51.5,51.0,7.4
1765484251.2632077,99,16,17,30,15,3.7386436462402344,51.5,51.0,7.4
1765484251.4642138,99,25,32,25,18,3.7386703491210938,51.0,51.0,7.44
1765484251.6653473,99,25,32,25,18,3.7386703491210938,51.0,51.0,7.44
1765484251.8676562,99,25,32,25,18,3.7386703491210938,51.0,51.0,7.44
1765484252.0710368,99,23,44,22,20,3.739013671875,51.5,51.0,7.667
1765484252.2724423,99,23,44,22,20,3.739013671875,51.5,51.0,7.667
1765484252.4740365,99,27,27,13,17,3.739604949951172,51.0,51.0,7.547
1765484252.675781,99,27,27,13,17,3.739604949951172,51.0,51.0,7.547
1765484252.87856,99,27,27,13,17,3.739604949951172,51.0,51.0,7.547
1765484253.080122,99,40,12,21,21,3.7387924194335938,51.5,51.0,8.094
1765484253.2811887,99,40,12,21,21,3.7387924194335938,51.5,51.0,8.094
1765484253.4823992,0,25,35,23,29,3.7393798828125,50.5,51.0,5.371
1765484253.6852858,0,25,35,23,29,3.7393798828125,50.5,51.0,5.371
1765484253.8870633,0,25,35,23,29,3.7393798828125,50.5,51.0,5.371
1765484254.0902224,99,23,26,38,18,3.7388954162597656,51.5,51.5,8.425
1765484254.293153,99,23,26,38,18,3.7388954162597656,51.5,51.5,8.425
1765484254.4946895,99,25,18,22,34,3.7394256591796875,51.0,52.0,7.2
1765484254.6961744,99,25,18,22,34,3.7394256591796875,51.0,52.0,7.2
1765484254.8992124,99,25,18,22,34,3.7394256591796875,51.0,52.0,7.2
1765484255.1026495,99,29,27,38,18,3.738994598388672,51.5,51.0,7.48
1765484255.3040664,99,29,27,38,18,3.738994598388672,51.5,51.0,7.48
1765484255.5052233,99,41,25,31,24,3.7389183044433594,51.0,52.0,7.4
1765484255.7082136,99,41,25,31,24,3.7389183044433594,51.0,52.0,7.4
1765484255.9099405,99,41,25,31,24,3.7389183044433594,51.0,52.0,7.4
1765484256.1108947,99,28,16,19,18,3.739837646484375,51.5,51.5,8.319
1765484256.312804,99,28,16,19,18,3.739837646484375,51.5,51.5,8.319
1765484256.5144217,99,18,28,18,35,3.738872528076172,51.5,51.0,7.587
1765484256.7157393,99,18,28,18,35,3.738872528076172,51.5,51.0,7.587
1765484256.9187095,99,18,28,18,35,3.738872528076172,51.5,51.0,7.587
1765484257.1200287,99,16,12,14,23,3.7386016845703125,51.5,51.0,7.44
1765484257.3210807,99,16,12,14,23,3.7386016845703125,51.5,51.0,7.44
1765484257.5221097,99,28,36,42,24,3.7389678955078125,51.5,51.5,7.775
1765484257.724844,99,28,36,42,24,3.7389678955078125,51.5,51.5,7.775
1765484257.926657,99,28,36,42,24,3.7389678955078125,51.5,51.5,7.775
1765484258.1277688,99,18,21,19,17,3.739471435546875,51.5,51.0,7.2
1765484258.328886,99,18,21,19,17,3.739471435546875,51.5,51.0,7.2
1765484258.5305128,99,18,21,19,17,3.739471435546875,51.5,51.0,7.2
1765484258.731694,99,18,26,43,17,3.7391014099121094,51.5,51.0,7.547
1765484258.9346337,99,18,26,43,17,3.7391014099121094,51.5,51.0,7.547
1765484259.13605,99,23,22,14,25,3.7389869689941406,51.0,51.0,5.451
1765484259.3372037,99,23,22,14,25,3.7389869689941406,51.0,51.0,5.451
1765484259.5383155,99,23,22,14,25,3.7389869689941406,51.0,51.0,5.451
1765484259.7408478,99,33,28,50,29,3.7390899658203125,51.5,52.0,8.544
1765484259.943782,99,33,28,50,29,3.7390899658203125,51.5,52.0,8.544
1765484260.145299,0,21,25,14,10,3.7395172119140625,50.5,52.5,5.023
1765484260.346669,0,21,25,14,10,3.7395172119140625,50.5,52.5,5.023
1765484260.5495489,0,21,25,14,10,3.7395172119140625,50.5,52.5,5.023
1765484260.7516491,99,24,25,41,20,3.7387428283691406,51.5,52.5,7.48
1765484260.9528568,99,24,25,41,20,3.7387428283691406,51.5,52.5,7.48
1765484261.1552103,99,20,22,29,29,3.739349365234375,51.0,52.0,6.701
1765484261.3565624,99,20,22,29,29,3.739349365234375,51.0,52.0,6.701
1765484261.5575578,99,20,22,29,29,3.739349365234375,51.0,52.0,6.701
1765484261.7631772,99,20,19,45,18,3.7400588989257812,52.0,51.5,8.081
1765484261.9645226,99,20,19,45,18,3.7400588989257812,52.0,51.5,8.081
1765484262.1657906,99,16,18,10,33,3.7388877868652344,51.0,51.5,7.011
1765484262.3671222,99,16,18,10,33,3.7388877868652344,51.0,51.5,7.011
1765484262.5698385,99,16,18,10,33,3.7388877868652344,51.0,51.5,7.011
1765484262.7734687,99,30,28,44,21,3.7386131286621094,52.0,51.5,7.24
1765484262.97529,99,30,28,44,21,3.7386131286621094,52.0,51.5,7.24
1765484263.1766024,99,22,30,24,22,3.73895263671875,51.5,51.5,7.28
1765484263.3798826,99,22,30,24,22,3.73895263671875,51.5,51.5,7.28
1765484263.5816066,99,22,30,24,22,3.73895263671875,51.5,51.5,7.28
1765484263.783934,99,18,18,40,16,3.7397499084472656,51.5,52.0,8.16
1765484263.9852366,99,18,18,40,16,3.7397499084472656,51.5,52.0,8.16
1765484264.1863744,99,16,18,14,31,3.7388877868652344,51.5,51.0,6.31
1765484264.3874528,99,16,18,14,31,3.7388877868652344,51.5,51.0,6.31
1765484264.5906386,99,16,18,14,31,3.7388877868652344,51.5,51.0,6.31
1765484264.794172,99,22,48,18,19,3.738994598388672,51.5,51.5,7.814
1765484264.9956925,99,22,48,18,19,3.738994598388672,51.5,51.5,7.814
1765484265.196837,87,35,27,25,23,3.7388763427734375,51.0,52.5,6.891
1765484265.3997405,87,35,27,25,23,3.7388763427734375,51.0,52.5,6.891
1765484265.602962,87,35,27,25,23,3.7388763427734375,51.0,52.5,6.891
1765484265.8045154,99,14,20,13,27,3.739513397216797,51.5,51.5,7.894
1765484266.0063148,99,14,20,13,27,3.739513397216797,51.5,51.5,7.894
1765484266.2074318,99,27,35,24,23,3.7390823364257812,51.5,52.0,6.931
1765484266.4084723,99,27,35,24,23,3.7390823364257812,51.5,52.0,6.931
1765484266.6106865,99,27,35,24,23,3.7390823364257812,51.5,52.0,6.931
1765484266.8127558,99,26,24,28,13,3.738677978515625,51.5,51.5,7.735
1765484267.0153263,99,26,24,28,13,3.738677978515625,51.5,51.5,7.735
1765484267.2169795,99,36,34,22,25,3.7391014099121094,51.5,52.0,7.894
1765484267.4194772,99,36,34,22,25,3.7391014099121094,51.5,52.0,7.894
1765484267.6228604,99,36,34,22,25,3.7391014099121094,51.5,52.0,7.894
1765484267.8242824,99,22,26,8,14,3.7386512756347656,52.0,51.5,7.667
1765484268.0253472,99,22,26,8,14,3.7386512756347656,52.0,51.5,7.667
1765484268.2264674,99,26,48,26,26,3.7388038635253906,51.5,52.0,7.667
1765484268.428462,99,26,48,26,26,3.7388038635253906,51.5,52.0,7.667
1765484268.6301796,99,26,48,26,26,3.7388038635253906,51.5,52.0,7.667
1765484268.8312502,99,25,22,14,14,3.738941192626953,52.0,51.5,7.4
1765484269.0325952,99,25,22,14,14,3.738941192626953,52.0,51.5,7.4
1765484269.2336597,99,25,22,14,14,3.738941192626953,52.0,51.5,7.4
1765484269.436513,99,14,35,18,38,3.7395477294921875,52.0,52.0,8.465
1765484269.6396818,99,14,35,18,38,3.7395477294921875,52.0,52.0,8.465
1765484269.8410587,99,23,16,18,12,3.7387351989746094,51.5,51.0,5.613
1765484270.0423386,99,23,16,18,12,3.7387351989746094,51.5,51.0,5.613
1765484270.2439506,99,23,16,18,12,3.7387351989746094,51.5,51.0,5.613
1765484270.4470162,99,48,35,21,12,3.738910675048828,52.0,52.0,7.627
1765484270.6486971,99,48,35,21,12,3.738910675048828,52.0,52.0,7.627
1765484270.849713,91,20,20,20,21,3.7390594482421875,51.5,52.0,6.038
1765484271.051104,91,20,20,20,21,3.7390594482421875,51.5,52.0,6.038
1765484271.2522411,91,20,20,20,21,3.7390594482421875,51.5,52.0,6.038
1765484271.4536777,99,12,21,23,36,3.7397804260253906,52.0,51.5,8.054
1765484271.6564946,99,12,21,23,36,3.7397804260253906,52.0,51.5,8.054
1765484271.8577003,80,19,22,19,15,3.738780975341797,51.5,51.5,4.982
1765484272.0590336,80,19,22,19,15,3.738780975341797,51.5,51.5,4.982
1765484272.2606754,80,19,22,19,15,3.738780975341797,51.5,51.5,4.982
1765484272.4634507,99,42,40,22,22,3.7392539978027344,52.5,52.0,7.934
1765484272.6650512,99,42,40,22,22,3.7392539978027344,52.5,52.0,7.934
1765484272.8660626,44,26,26,19,19,3.740337371826172,51.5,52.5,6.35
1765484273.0670786,44,26,26,19,19,3.740337371826172,51.5,52.5,6.35
1765484273.269606,44,26,26,19,19,3.740337371826172,51.5,52.5,6.35
1765484273.4713306,99,21,40,15,15,3.739727020263672,51.5,52.0,7.48
1765484273.6744056,99,21,40,15,15,3.739727020263672,51.5,52.0,7.48
1765484273.876301,99,24,25,21,29,3.7401962280273438,51.5,52.0,6.159
1765484274.0785587,99,24,25,21,29,3.7401962280273438,51.5,52.0,6.159
1765484274.2795756,99,24,25,21,29,3.7401962280273438,51.5,52.0,6.159
1765484274.4824538,99,43,46,32,37,3.738800048828125,52.5,52.0,8.319
1765484274.6854339,99,43,46,32,37,3.738800048828125,52.5,52.0,8.319
1765484274.8875577,99,22,36,24,23,3.7396278381347656,51.5,52.5,7.04
1765484275.0887809,99,22,36,24,23,3.7396278381347656,51.5,52.5,7.04
1765484275.2918165,99,22,36,24,23,3.7396278381347656,51.5,52.5,7.04
1765484275.4933228,99,39,13,19,15,3.7388534545898438,52.0,52.0,7.507
1765484275.6951036,99,39,13,19,15,3.7388534545898438,52.0,52.0,7.507
1765484275.8963828,99,33,23,19,23,3.7389907836914062,52.0,52.0,7.32
1765484276.0975268,99,33,23,19,23,3.7389907836914062,52.0,52.0,7.32
1765484276.2986007,99,33,23,19,23,3.7389907836914062,52.0,52.0,7.32
1765484276.5014362,99,24,16,40,24,3.7395477294921875,52.5,52.0,7.4
1765484276.703301,99,24,16,40,24,3.7395477294921875,52.5,52.0,7.4
1765484276.904437,99,18,16,25,20,3.739948272705078,52.0,51.5,7.4
1765484277.1057174,99,18,16,25,20,3.739948272705078,52.0,51.5,7.4
1765484277.3085194,99,18,16,25,20,3.739948272705078,52.0,51.5,7.4
1765484277.5118563,99,26,26,24,34,3.7394447326660156,52.0,52.0,7.627
1765484277.7132266,99,26,26,24,34,3.7394447326660156,52.0,52.0,7.627
1765484277.914581,99,26,26,24,34,3.7394447326660156,52.0,52.0,7.627
1765484278.1158547,99,22,28,21,27,3.7399215698242188,51.5,52.0,7.051
1765484278.316877,99,22,28,21,27,3.7399215698242188,51.5,52.0,7.051
1765484278.5187192,99,20,21,46,21,3.7409591674804688,52.5,52.0,8.689
1765484278.7199774,99,20,21,46,21,3.7409591674804688,52.5,52.0,8.689
1765484278.9209983,99,20,21,46,21,3.7409591674804688,52.5,52.0,8.689
1765484279.122244,1,12,32,11,15,3.7397727966308594,51.5,52.0,5.837
1765484279.3250978,1,12,32,11,15,3.7397727966308594,51.5,52.0,5.837
1765484279.52827,99,31,23,42,22,3.739665985107422,52.5,52.0,8.014
1765484279.7297451,99,31,23,42,22,3.739665985107422,52.5,52.0,8.014
1765484279.9310832,99,31,23,42,22,3.739665985107422,52.5,52.0,8.014
1765484280.1322863,99,28,40,23,30,3.7399978637695312,52.0,52.0,7.011
1765484280.3347096,99,28,40,23,30,3.7399978637695312,52.0,52.0,7.011
1765484280.5363338,99,23,35,20,14,3.7402305603027344,52.5,52.0,7.854
1765484280.7374659,99,23,35,20,14,3.7402305603027344,52.5,52.0,7.854
1765484280.9386537,99,23,35,20,14,3.7402305603027344,52.5,52.0,7.854
1765484281.1397438,99,47,18,19,14,3.7397117614746094,52.0,53.0,7.44
1765484281.3430545,99,47,18,19,14,3.7397117614746094,52.0,53.0,7.44
1765484281.5454502,99,27,25,16,25,3.739917755126953,52.5,52.0,7.814
1765484281.7467206,99,27,25,16,25,3.739917755126953,52.5,52.0,7.814
1765484281.9481215,99,27,25,16,25,3.739917755126953,52.5,52.0,7.814
1765484282.1514633,99,26,34,28,42,3.7396812438964844,52.0,52.5,8.041
1765484282.3550758,99,26,34,28,42,3.7396812438964844,52.0,52.5,8.041
1765484282.5565226,99,14,15,10,14,3.7400131225585938,52.0,52.0,7.547
1765484282.7587364,99,14,15,10,14,3.7400131225585938,52.0,52.0,7.547
1765484282.960282,99,14,15,10,14,3.7400131225585938,52.0,52.0,7.547
1765484283.16159,99,49,24,21,28,3.73980712890625,52.0,52.5,7.507
1765484283.363226,99,49,24,21,28,3.73980712890625,52.0,52.5,7.507
1765484283.5653684,99,18,24,15,21,3.739910125732422,52.0,52.0,7.2
1765484283.7675436,99,18,24,15,21,3.739910125732422,52.0,52.0,7.2
1765484283.968958,99,18,24,15,21,3.739910125732422,52.0,52.0,7.2
1765484284.1712117,99,25,23,45,40,3.740680694580078,52.5,53.0,8.624
1765484284.3731697,99,25,23,45,40,3.740680694580078,52.5,53.0,8.624
1765484284.5743706,99,27,13,6,13,3.7397918701171875,52.0,52.5,6.85
1765484284.7761972,99,27,13,6,13,3.7397918701171875,52.0,52.5,6.85
1765484284.978256,99,27,13,6,13,3.7397918701171875,52.0,52.5,6.85
1765484285.1797035,99,31,22,39,25,3.7400131225585938,52.5,52.5,7.854
1765484285.3810563,99,31,22,39,25,3.7400131225585938,52.5,52.5,7.854
1765484285.5822508,6,30,31,18,18,3.7397613525390625,51.5,52.0,5.136
1765484285.783546,6,30,31,18,18,3.7397613525390625,51.5,52.0,5.136
1765484285.9848044,6,30,31,18,18,3.7397613525390625,51.5,52.0,5.136
1765484286.187237,99,22,45,18,10,3.741107940673828,52.5,53.0,8.28
1765484286.3905833,99,22,45,18,10,3.741107940673828,52.5,53.0,8.28
1765484286.5923512,99,16,16,27,15,3.740306854248047,52.0,52.5,6.189
1765484286.793814,99,16,16,27,15,3.740306854248047,52.0,52.5,6.189
1765484286.9958413,99,16,16,27,15,3.740306854248047,52.0,52.5,6.189
1765484287.198918,99,26,25,47,22,3.740367889404297,52.5,52.5,7.36
1765484287.400532,99,26,25,47,22,3.740367889404297,52.5,52.5,7.36
1765484287.6014698,99,26,25,47,22,3.740367889404297,52.5,52.5,7.36
1765484287.8025427,99,34,22,30,21,3.740325927734375,52.5,52.5,7.894
1765484288.0056849,99,34,22,30,21,3.740325927734375,52.5,52.5,7.894
1765484288.2076395,99,17,36,12,12,3.740680694580078,52.5,52.5,7.507
1765484288.4116147,99,17,36,12,12,3.740680694580078,52.5,52.5,7.507
1765484288.6130433,99,17,36,12,12,3.740680694580078,52.5,52.5,7.507
1765484288.8148727,99,20,22,24,22,3.7404136657714844,52.0,52.5,7.36
1765484289.016581,99,20,22,24,22,3.7404136657714844,52.0,52.5,7.36
1765484289.2195346,99,23,26,43,24,3.7405471801757812,52.5,52.5,7.775
1765484289.421489,99,23,26,43,24,3.7405471801757812,52.5,52.5,7.775
1765484289.6225712,99,23,26,43,24,3.7405471801757812,52.5,52.5,7.775
1765484289.8236365,99,28,28,19,20,3.739898681640625,52.5,52.5,7.627
1765484290.026456,99,28,28,19,20,3.739898681640625,52.5,52.5,7.627
1765484290.227842,99,42,14,9,13,3.740001678466797,52.5,52.5,7.974
1765484290.4288914,99,42,14,9,13,3.740001678466797,52.5,52.5,7.974
1765484290.6300983,99,42,14,9,13,3.740001678466797,52.5,52.5,7.974
1765484290.8331947,71,25,26,35,22,3.7397193908691406,52.0,52.5,6.028
1765484291.0347095,71,25,26,35,22,3.7397193908691406,52.0,52.5,6.028
1765484291.2366974,99,12,26,17,28,3.7397193908691406,53.0,52.5,7.854
1765484291.4379911,99,12,26,17,28,3.7397193908691406,53.0,52.5,7.854
1765484291.639288,99,12,26,17,28,3.7397193908691406,53.0,52.5,7.854
1765484291.8408058,99,25,29,31,16,3.741455078125,52.5,53.0,7.814
1765484292.0428982,99,25,29,31,16,3.741455078125,52.5,53.0,7.814
1765484292.2450082,99,22,20,30,18,3.7408065795898438,52.5,52.5,7.787
1765484292.4463415,99,22,20,30,18,3.7408065795898438,52.5,52.5,7.787
1765484292.6474488,99,22,20,30,18,3.7408065795898438,52.5,52.5,7.787
1765484292.8503065,99,29,36,26,42,3.7403106689453125,52.5,52.5,7.587
1765484293.052354,99,29,36,26,42,3.7403106689453125,52.5,52.5,7.587
1765484293.2544322,99,24,20,26,16,3.7407760620117188,52.5,52.5,7.894
1765484293.4560146,99,24,20,26,16,3.7407760620117188,52.5,52.5,7.894
1765484293.6573124,99,24,20,26,16,3.7407760620117188,52.5,52.5,7.894
1765484293.858687,99,28,19,38,14,3.7414398193359375,52.5,53.0,8.16
1765484294.0629582,99,28,19,38,14,3.7414398193359375,52.5,53.0,8.16
1765484294.264913,99,23,26,13,19,3.7406578063964844,52.5,52.5,7.2
1765484294.466256,99,23,26,13,19,3.7406578063964844,52.5,52.5,7.2
1765484294.6675153,99,23,26,13,19,3.7406578063964844,52.5,52.5,7.2
1765484294.8705013,99,26,16,23,52,3.7401123046875,53.0,52.5,7.707
1765484295.0717604,99,26,16,23,52,3.7401123046875,53.0,52.5,7.707
1765484295.2728305,32,24,15,20,25,3.741546630859375,52.5,52.5,6.007
1765484295.4751306,32,24,15,20,25,3.741546630859375,52.5,52.5,6.007
1765484295.676446,32,24,15,20,25,3.741546630859375,52.5,52.5,6.007
1765484295.8775582,99,14,36,28,15,3.7403182983398438,53.0,52.5,7.974
1765484296.0804882,99,14,36,28,15,3.7403182983398438,53.0,52.5,7.974
1765484296.2820191,99,14,36,28,15,3.7403182983398438,53.0,52.5,7.974
1765484296.4829862,53,28,20,29,15,3.7404212951660156,52.0,53.0,5.096
1765484296.6840873,53,28,20,29,15,3.7404212951660156,52.0,53.0,5.096
1765484296.887532,99,20,40,37,20,3.740528106689453,53.0,52.5,7.974
1765484297.0910501,99,20,40,37,20,3.740528106689453,53.0,52.5,7.974
1765484297.2925398,99,20,40,37,20,3.740528106689453,53.0,52.5,7.974
1765484297.4936805,99,24,21,18,26,3.7417984008789062,51.5,53.0,6.239
1765484297.6954308,99,24,21,18,26,3.7417984008789062,51.5,53.0,6.239
1765484297.89696,99,23,34,15,20,3.7410430908203125,52.5,52.5,7.32
1765484298.0984802,99,23,34,15,20,3.7410430908203125,52.5,52.5,7.32
1765484298.2997704,99,23,34,15,20,3.7410430908203125,52.5,52.5,7.32
1765484298.5007627,99,27,32,16,18,3.7410049438476562,52.0,53.5,6.47
1765484298.7020323,99,27,32,16,18,3.7410049438476562,52.0,53.5,6.47
1765484298.904067,99,30,42,19,18,3.7410011291503906,52.5,53.0,7.667
1765484299.1073022,99,30,42,19,18,3.7410011291503906,52.5,53.0,7.667
1765484299.3087366,99,30,42,19,18,3.7410011291503906,52.5,53.0,7.667
1765484299.5100498,99,24,30,14,22,3.7419052124023438,52.5,53.0,7.854
1765484299.7121058,99,24,30,14,22,3.7419052124023438,52.5,53.0,7.854
1765484299.915054,99,19,38,17,18,3.7411651611328125,52.5,53.0,7.28
1765484300.116642,99,19,38,17,18,3.7411651611328125,52.5,53.0,7.28
1765484300.318009,99,19,38,17,18,3.7411651611328125,52.5,53.0,7.28
1765484300.5191581,99,35,21,22,24,3.7415924072265625,53.0,52.5,7.36
1765484300.7202091,99,35,21,22,24,3.7415924072265625,53.0,52.5,7.36
1765484300.9216857,99,25,50,17,22,3.7425155639648438,52.5,52.5,8.2
1765484301.1246064,99,25,50,17,22,3.7425155639648438,52.5,52.5,8.2
1765484301.3281186,99,25,50,17,22,3.7425155639648438,52.5,52.5,8.2
1765484301.529511,99,20,11,11,22,3.7419776916503906,52.5,52.5,6.971
1765484301.7314937,99,20,11,11,22,3.7419776916503906,52.5,52.5,6.971
1765484301.9337778,99,30,24,18,42,3.741504669189453,53.0,52.5,8.12
1765484302.1352499,99,30,24,18,42,3.741504669189453,53.0,52.5,8.12
1765484302.3365715,99,30,24,18,42,3.741504669189453,53.0,52.5,8.12
1765484302.5380094,45,32,30,26,24,3.742095947265625,52.0,53.5,5.917
1765484302.7412515,45,32,30,26,24,3.742095947265625,52.0,53.5,5.917
1765484302.94282,99,14,24,19,34,3.7427215576171875,53.0,53.0,8.465
1765484303.143873,99,14,24,19,34,3.7427215576171875,53.0,53.0,8.465
1765484303.3449218,99,14,24,19,34,3.7427215576171875,53.0,53.0,8.465
1765484303.54628,99,18,30,25,17,3.7418251037597656,52.5,53.0,6.741
1765484303.7482035,99,18,30,25,17,3.7418251037597656,52.5,53.0,6.741
1765484303.9503815,99,23,20,34,18,3.7422027587890625,53.0,52.5,7.428
1765484304.151516,99,23,20,34,18,3.7422027587890625,53.0,52.5,7.428
1765484304.3526947,99,23,20,34,18,3.7422027587890625,53.0,52.5,7.428
1765484304.55406,99,28,41,32,28,3.7424697875976562,53.0,53.5,7.627
1765484304.7569964,99,28,41,32,28,3.7424697875976562,53.0,53.5,7.627
1765484304.9584475,99,19,18,26,15,3.7431182861328125,53.0,53.0,8.24
1765484305.1601434,99,19,18,26,15,3.7431182861328125,53.0,53.0,8.24
1765484305.3613153,99,19,18,26,15,3.7431182861328125,53.0,53.0,8.24
1765484305.563179,99,47,19,26,18,3.7428817749023438,53.0,53.0,7.587
1765484305.7651174,99,47,19,26,18,3.7428817749023438,53.0,53.0,7.587
1765484305.966352,99,47,19,26,18,3.7428817749023438,53.0,53.0,7.587
1765484306.1687968,99,20,14,20,17,3.742664337158203,53.0,52.5,7.2
1765484306.3699965,99,20,14,20,17,3.742664337158203,53.0,52.5,7.2
1765484306.5711756,99,46,38,27,30,3.7433090209960938,53.0,54.0,8.385
1765484306.774547,99,46,38,27,30,3.7433090209960938,53.0,54.0,8.385
1765484306.9765544,99,46,38,27,30,3.7433090209960938,53.0,54.0,8.385
1765484307.1776438,99,18,8,10,16,3.7428359985351562,53.0,52.5,6.821
1765484307.3786645,99,18,8,10,16,3.7428359985351562,53.0,52.5,6.821
1765484307.58136,99,20,51,18,28,3.7422866821289062,53.0,52.5,7.894
1765484307.7830184,99,20,51,18,28,3.7422866821289062,53.0,52.5,7.894
1765484307.9844995,99,20,51,18,28,3.7422866821289062,53.0,52.5,7.894
1765484308.1863155,59,28,19,22,25,3.743000030517578,53.0,53.0,5.217
1765484308.3877656,59,28,19,22,25,3.743000030517578,53.0,53.0,5.217
1765484308.5892782,99,15,21,52,18,3.7433433532714844,53.5,53.0,8.505
1765484308.7949073,99,15,21,52,18,3.7433433532714844,53.5,53.0,8.505
1765484308.9965017,99,15,21,52,18,3.7433433532714844,53.5,53.0,8.505
1765484309.1974247,99,22,21,17,12,3.7420997619628906,52.5,53.0,6.038
1765484309.3987,99,22,21,17,12,3.7420997619628906,52.5,53.0,6.038
1765484309.601569,99,29,21,44,19,3.7417831420898438,53.0,52.5,7.4
1765484309.8030643,99,29,21,44,19,3.7417831420898438,53.0,52.5,7.4
1765484310.004331,99,29,21,44,19,3.7417831420898438,53.0,52.5,7.4
1765484310.2060382,99,36,22,26,22,3.7423782348632812,52.5,53.5,7.011
1765484310.407501,99,36,22,26,22,3.7423782348632812,52.5,53.5,7.011
1765484310.6087096,99,14,44,10,11,3.7424659729003906,53.0,53.0,8.014
1765484310.8116696,99,14,44,10,11,3.7424659729003906,53.0,53.0,8.014
1765484311.014535,99,14,44,10,11,3.7424659729003906,53.0,53.0,8.014
1765484311.2161648,99,22,14,28,12,3.742046356201172,53.0,53.0,7.4
1765484311.4172506,99,22,14,28,12,3.742046356201172,53.0,53.0,7.4
1765484311.6188831,99,27,47,19,20,3.7428436279296875,53.0,52.5,7.28
1765484311.8218565,99,27,47,19,20,3.7428436279296875,53.0,52.5,7.28
1765484312.0234962,99,27,47,19,20,3.7428436279296875,53.0,52.5,7.28
1765484312.2246788,99,30,25,26,29,3.7421646118164062,53.0,53.0,7.707
1765484312.428064,99,30,25,26,29,3.7421646118164062,53.0,53.0,7.707
1765484312.629538,99,18,12,34,12,3.742267608642578,53.5,53.0,7.814
1765484312.83146,99,18,12,34,12,3.742267608642578,53.5,53.0,7.814
1765484313.0330544,99,18,12,34,12,3.742267608642578,53.5,53.0,7.814
1765484313.2347085,99,20,26,16,22,3.742565155029297,52.5,52.5,6.038
1765484313.4362304,99,20,26,16,22,3.742565155029297,52.5,52.5,6.038
1765484313.6375728,99,20,26,16,22,3.742565155029297,52.5,52.5,6.038
1765484313.8405204,99,20,23,22,39,3.7429542541503906,53.5,53.0,8.014
1765484314.0421329,99,20,23,22,39,3.7429542541503906,53.5,53.0,8.014
1765484314.24329,19,26,30,37,21,3.743732452392578,52.0,54.0,6.159
1765484314.44669,19,26,30,37,21,3.743732452392578,52.0,54.0,6.159
1765484314.648938,19,26,30,37,21,3.743732452392578,52.0,54.0,6.159
1765484314.8501415,99,24,13,30,19,3.743244171142578,53.5,53.0,7.894
1765484315.052053,99,24,13,30,19,3.743244171142578,53.5,53.0,7.894
1765484315.2533834,99,23,44,26,21,3.74365234375,52.5,53.5,6.741
1765484315.4547038,99,23,44,26,21,3.74365234375,52.5,53.5,6.741
1765484315.656339,99,23,44,26,21,3.74365234375,52.5,53.5,6.741
1765484315.8573883,99,24,17,22,30,3.7433929443359375,53.0,53.0,7.667
1765484316.0599446,99,24,17,22,30,3.7433929443359375,53.0,53.0,7.667
1765484316.2613556,99,27,35,22,22,3.7444725036621094,53.0,54.0,7.547
1765484316.4649434,99,27,35,22,22,3.7444725036621094,53.0,54.0,7.547
1765484316.6703584,99,27,35,22,22,3.7444725036621094,53.0,54.0,7.547
1765484316.8719304,99,20,19,27,14,3.7437095642089844,53.0,53.0,7.775
1765484317.0730958,99,20,19,27,14,3.7437095642089844,53.0,53.0,7.775
1765484317.274251,99,22,48,28,26,3.7439308166503906,53.0,53.5,7.36
1765484317.4771018,99,22,48,28,26,3.7439308166503906,53.0,53.5,7.36
1765484317.679141,99,22,48,28,26,3.7439308166503906,53.0,53.5,7.36
1765484317.8803978,99,22,23,24,18,3.744953155517578,53.0,53.0,8.054
1765484318.0815191,99,22,23,24,18,3.744953155517578,53.0,53.0,8.054
1765484318.2828002,99,19,43,22,18,3.7453956604003906,53.0,53.5,7.974
1765484318.4861488,99,19,43,22,18,3.7453956604003906,53.0,53.5,7.974
1765484318.6893737,99,19,43,22,18,3.7453956604003906,53.0,53.5,7.974
1765484318.8913343,99,22,14,21,12,3.7453575134277344,53.0,53.0,7.2
1765484319.0926917,99,22,14,21,12,3.7453575134277344,53.0,53.0,7.2
1765484319.2942734,99,50,25,24,24,3.7454872131347656,53.5,53.5,7.775
1765484319.4989588,99,50,25,24,24,3.7454872131347656,53.5,53.5,7.775
1765484319.7004714,99,50,25,24,24,3.7454872131347656,53.5,53.5,7.775
1765484319.9018233,99,25,26,19,23,3.7458152770996094,53.5,53.0,7.28
1765484320.1030397,99,25,26,19,23,3.7458152770996094,53.5,53.0,7.28
1765484320.3047156,99,18,19,50,15,3.745502471923828,53.5,53.5,7.32
1765484320.5061212,99,18,19,50,15,3.745502471923828,53.5,53.5,7.32
1765484320.7115626,99,18,19,50,15,3.745502471923828,53.5,53.5,7.32
1765484320.9129345,99,30,18,21,22,3.738842010498047,53.0,53.0,7.131
1765484321.114476,99,30,18,21,22,3.738842010498047,53.0,53.0,7.131
1765484321.3157048,99,26,20,43,48,3.7396697998046875,53.5,53.5,7.775
1765484321.5184228,99,26,20,43,48,3.7396697998046875,53.5,53.5,7.775
1765484321.719889,99,26,20,43,48,3.7396697998046875,53.5,53.5,7.775
1765484321.9211442,99,24,23,15,8,3.7406654357910156,53.5,53.5,7.707
1765484322.1224904,99,24,23,15,8,3.7406654357910156,53.5,53.5,7.707
1765484322.3236158,99,23,17,48,24,3.7396697998046875,53.5,53.5,7.547
1765484322.5247717,99,23,17,48,24,3.7396697998046875,53.5,53.5,7.547
1765484322.7279203,99,23,17,48,24,3.7396697998046875,53.5,53.5,7.547
1765484322.9301393,99,27,23,12,21,3.740375518798828,53.5,53.0,6.741
1765484323.131409,99,27,23,12,21,3.740375518798828,53.5,53.0,6.741
1765484323.3324835,99,27,23,12,21,3.740375518798828,53.5,53.0,6.741
1765484323.5351055,99,30,55,28,34,3.7400588989257812,53.5,54.0,8.385
1765484323.7394714,99,30,55,28,34,3.7400588989257812,53.5,54.0,8.385
1765484323.9423544,99,23,14,13,10,3.7409019470214844,53.0,53.5,6.159
1765484324.143418,99,23,14,13,10,3.7409019470214844,53.0,53.5,6.159
1765484324.3451304,99,23,14,13,10,3.7409019470214844,53.0,53.5,6.159
1765484324.5467122,99,50,21,20,24,3.7408485412597656,53.5,53.5,7.974
1765484324.7485676,99,50,21,20,24,3.7408485412597656,53.5,53.5,7.974
1765484324.9502184,99,25,23,23,28,3.7412185668945312,52.5,53.5,5.532
1765484325.151351,99,25,23,23,28,3.7412185668945312,52.5,53.5,5.532
1765484325.3524792,99,25,23,23,28,3.7412185668945312,52.5,53.5,5.532
1765484325.5554554,99,26,44,28,25,3.74151611328125,54.0,53.5,8.054
1765484325.7587333,99,26,44,28,25,3.74151611328125,54.0,53.5,8.054
1765484325.9602292,99,27,14,16,8,3.7416763305664062,53.0,54.0,6.189
1765484326.161417,99,27,14,16,8,3.7416763305664062,53.0,54.0,6.189
1765484326.3647575,99,27,14,16,8,3.7416763305664062,53.0,54.0,6.189
1765484326.5682497,99,19,20,16,47,3.7417945861816406,54.0,53.0,7.4
1765484326.769802,99,19,20,16,47,3.7417945861816406,54.0,53.0,7.4
1765484326.9711542,99,24,24,32,25,3.742046356201172,53.5,53.5,7.44
1765484327.1722977,99,24,24,32,25,3.742046356201172,53.5,53.5,7.44
1765484327.3736238,99,24,24,32,25,3.742046356201172,53.5,53.5,7.44
1765484327.5756748,99,23,44,16,17,3.743377685546875,54.0,53.5,8.094
1765484327.779252,99,23,44,16,17,3.743377685546875,54.0,53.5,8.094
1765484327.9809747,99,13,16,26,14,3.7426414489746094,53.5,53.0,7.428
1765484328.183427,99,13,16,26,14,3.7426414489746094,53.5,53.0,7.428
1765484328.38667,99,13,16,26,14,3.7426414489746094,53.5,53.0,7.428
1765484328.5895274,99,29,28,33,35,3.7427330017089844,54.0,53.0,7.2
1765484328.7911189,99,29,28,33,35,3.7427330017089844,54.0,53.0,7.2
1765484328.992474,99,28,34,21,21,3.743030548095703,54.0,54.0,7.735
1765484329.1954844,99,28,34,21,21,3.743030548095703,54.0,54.0,7.735
1765484329.3974001,99,28,34,21,21,3.743030548095703,54.0,54.0,7.735
1765484329.5994165,99,19,18,14,36,3.744281768798828,53.5,53.5,7.934
1765484329.8003614,99,19,18,14,36,3.744281768798828,53.5,53.5,7.934
1765484330.0014505,99,26,20,27,11,3.7436790466308594,53.5,53.0,7.171
1765484330.2027938,99,26,20,27,11,3.7436790466308594,53.5,53.0,7.171
1765484330.4057367,99,26,20,27,11,3.7436790466308594,53.5,53.0,7.171
1765484330.608978,99,28,28,25,41,3.743804931640625,54.0,53.5,7.775
1765484330.8104923,99,28,28,25,41,3.743804931640625,54.0,53.5,7.775
1765484331.0118275,99,28,28,25,41,3.743804931640625,54.0,53.5,7.775
1765484331.2129414,49,31,20,22,21,3.744159698486328,53.5,53.5,6.43
1765484331.4185328,49,31,20,22,21,3.744159698486328,53.5,53.5,6.43
1765484331.6200783,99,36,10,12,17,3.7440414428710938,54.0,53.5,8.014
1765484331.8223588,99,36,10,12,17,3.7440414428710938,54.0,53.5,8.014
1765484332.0233743,99,36,10,12,17,3.7440414428710938,54.0,53.5,8.014
1765484332.224514,99,28,35,18,31,3.74432373046875,53.0,54.0,6.821
1765484332.426375,99,28,35,18,31,3.74432373046875,53.0,54.0,6.821
1765484332.6282942,99,27,28,16,8,3.7440528869628906,54.0,53.5,7.587
1765484332.8295777,99,27,28,16,8,3.7440528869628906,54.0,53.5,7.587
1765484333.030879,99,27,28,16,8,3.7440528869628906,54.0,53.5,7.587
1765484333.232307,99,24,44,24,23,3.744548797607422,54.0,54.5,8.054
1765484333.435369,99,24,44,24,23,3.744548797607422,54.0,54.5,8.054
1765484333.6367698,99,28,27,17,10,3.7434844970703125,54.0,53.5,7.747
1765484333.8383374,99,28,27,17,10,3.7434844970703125,54.0,53.5,7.747
1765484334.0396104,99,28,27,17,10,3.7434844970703125,54.0,53.5,7.747
1765484334.2427897,99,22,48,32,28,3.7439727783203125,54.0,54.0,7.707
1765484334.4457772,99,22,48,32,28,3.7439727783203125,54.0,54.0,7.707
1765484334.646835,99,22,19,29,20,3.74420166015625,54.0,53.5,7.468
1765484334.8489244,99,22,19,29,20,3.74420166015625,54.0,53.5,7.468
1765484335.0503747,99,22,19,29,20,3.74420166015625,54.0,53.5,7.468
1765484335.2521868,99,51,12,16,19,3.7452049255371094,54.0,54.0,8.465
1765484335.4552603,99,51,12,16,19,3.7452049255371094,54.0,54.0,8.465
1765484335.6568758,99,16,19,17,10,3.7437095642089844,54.0,53.5,6.048
1765484335.8580155,99,16,19,17,10,3.7437095642089844,54.0,53.5,6.048
1765484336.059538,99,16,19,17,10,3.7437095642089844,54.0,53.5,6.048
1765484336.2638445,99,25,30,28,44,3.743915557861328,54.0,54.0,7.974
1765484336.4654949,99,25,30,28,44,3.743915557861328,54.0,54.0,7.974
1765484336.6666896,59,30,25,18,29,3.7451438903808594,53.0,55.0,5.917
1765484336.867855,59,30,25,18,29,3.7451438903808594,53.0,55.0,5.917
1765484337.0696728,59,30,25,18,29,3.7451438903808594,53.0,55.0,5.917
1765484337.2712765,99,16,39,15,16,3.744640350341797,54.0,54.0,7.587
1765484337.4742467,99,16,39,15,16,3.744640350341797,54.0,54.0,7.587
1765484337.6756036,99,39,12,14,17,3.744243621826172,53.5,54.0,6.58
1765484337.877021,99,39,12,14,17,3.744243621826172,53.5,54.0,6.58
1765484338.0785508,99,39,12,14,17,3.744243621826172,53.5,54.0,6.58
1765484338.2812657,99,27,27,25,47,3.7445831298828125,54.0,54.0,7.547
1765484338.4868886,99,27,27,25,47,3.7445831298828125,54.0,54.0,7.547
1765484338.6884983,99,29,25,29,12,3.745616912841797,54.0,54.5,8.16
1765484338.8896468,99,29,25,29,12,3.745616912841797,54.0,54.5,8.16
1765484339.0924256,99,29,25,29,12,3.745616912841797,54.0,54.5,8.16
1765484339.2941911,99,16,15,35,14,3.7443313598632812,54.0,54.0,7.2
1765484339.496457,99,16,15,35,14,3.7443313598632812,54.0,54.0,7.2
1765484339.6979887,99,35,17,21,23,3.744709014892578,54.0,53.5,7.36
1765484339.9000766,99,35,17,21,23,3.744709014892578,54.0,53.5,7.36
1765484340.1013622,99,35,17,21,23,3.744709014892578,54.0,53.5,7.36
1765484340.3047056,99,24,23,18,44,3.7446746826171875,54.5,54.0,8.094
1765484340.5063589,99,24,23,18,44,3.7446746826171875,54.5,54.0,8.094
1765484340.7121422,99,24,23,18,44,3.7446746826171875,54.5,54.0,8.094
1765484340.913199,99,16,21,20,32,3.745594024658203,54.0,54.0,7.507
1765484341.116862,99,16,21,20,32,3.745594024658203,54.0,54.0,7.507
1765484341.3186758,99,25,20,27,41,3.744853973388672,54.5,54.0,7.974
1765484341.5198457,99,25,20,27,41,3.744853973388672,54.5,54.0,7.974
1765484341.7292936,99,25,20,27,41,3.744853973388672,54.5,54.0,7.974
1765484341.9312098,0,23,32,35,24,3.744525909423828,53.5,53.5,4.901
1765484342.1326725,0,23,32,35,24,3.744525909423828,53.5,53.5,4.901
1765484342.335038,99,20,26,18,40,3.746002197265625,54.0,54.5,8.505
1765484342.5370867,99,20,26,18,40,3.746002197265625,54.0,54.5,8.505
1765484342.7394946,99,20,26,18,40,3.746002197265625,54.0,54.5,8.505
1765484342.9406197,62,22,21,22,21,3.7457656860351562,53.0,55.0,6.39
1765484343.1435883,62,22,21,22,21,3.7457656860351562,53.0,55.0,6.39
1765484343.3466144,99,25,28,38,23,3.7454681396484375,54.5,54.0,7.775
1765484343.5480292,99,25,28,38,23,3.7454681396484375,54.5,54.0,7.775
1765484343.7490342,99,25,28,38,23,3.7454681396484375,54.5,54.0,7.775
1765484343.9513335,99,26,44,22,29,3.745899200439453,54.0,54.5,6.891
1765484344.1527724,99,26,44,22,29,3.745899200439453,54.0,54.5,6.891
1765484344.3542576,99,27,28,14,13,3.7466812133789062,54.5,54.0,8.24
1765484344.5556555,99,27,28,14,13,3.7466812133789062,54.5,54.0,8.24
1765484344.7568521,99,27,28,14,13,3.7466812133789062,54.5,54.0,8.24
1765484344.9578712,99,20,12,14,53,3.746044158935547,54.0,54.0,7.48
1765484345.1591263,99,20,12,14,53,3.746044158935547,54.0,54.0,7.48
1765484345.36106,99,28,17,14,19,3.746288299560547,54.5,54.0,7.974
1765484345.5623415,99,28,17,14,19,3.746288299560547,54.5,54.0,7.974
1765484345.7634528,99,28,17,14,19,3.746288299560547,54.5,54.0,7.974
1765484345.9654577,99,47,27,21,36,3.746673583984375,54.0,55.0,7.894
1765484346.168319,99,47,27,21,36,3.746673583984375,54.0,55.0,7.894
1765484346.3696156,99,13,17,16,10,3.7473678588867188,54.5,54.5,7.747
1765484346.5725284,99,13,17,16,10,3.7473678588867188,54.5,54.5,7.747
1765484346.7763162,99,13,17,16,10,3.7473678588867188,54.5,54.5,7.747
1765484346.9781852,99,23,20,23,46,3.747142791748047,54.0,54.0,7.36
1765484347.1805265,99,23,20,23,46,3.747142791748047,54.0,54.0,7.36
1765484347.3818312,99,18,24,16,18,3.7472305297851562,54.5,54.0,6.821
1765484347.5837686,99,18,24,16,18,3.7472305297851562,54.5,54.0,6.821
1765484347.785132,99,18,24,16,18,3.7472305297851562,54.5,54.0,6.821
1765484347.988267,99,33,48,18,33,3.7473487854003906,54.5,55.0,8.505
1765484348.194576,99,33,48,18,33,3.7473487854003906,54.5,55.0,8.505
1765484348.3959045,99,20,12,19,16,3.747600555419922,54.0,53.5,6.861
1765484348.5971,99,20,12,19,16,3.747600555419922,54.0,53.5,6.861
1765484348.800257,99,20,12,19,16,3.747600555419922,54.0,53.5,6.861
1765484349.0036354,99,50,21,27,16,3.7475738525390625,54.0,54.0,7.894
1765484349.205415,99,50,21,27,16,3.7475738525390625,54.0,54.0,7.894
1765484349.4065878,44,24,24,14,24,3.7480545043945312,53.5,54.0,5.136
1765484349.608237,44,24,24,14,24,3.7480545043945312,53.5,54.0,5.136
1765484349.809689,44,24,24,14,24,3.7480545043945312,53.5,54.0,5.136
1765484350.0115373,99,25,31,25,40,3.749408721923828,54.5,54.5,8.584
1765484350.2147925,99,25,31,25,40,3.749408721923828,54.5,54.5,8.584
1765484350.4162977,0,20,12,10,12,3.7486343383789062,53.5,54.0,5.056
1765484350.6188471,0,20,12,10,12,3.7486343383789062,53.5,54.0,5.056
1765484350.8207223,0,20,12,10,12,3.7486343383789062,53.5,54.0,5.056
1765484351.0241032,99,28,26,44,12,3.748310089111328,54.5,54.0,7.547
1765484351.2258215,99,28,26,44,12,3.748310089111328,54.5,54.0,7.547
1765484351.42703,99,35,20,20,31,3.7487411499023438,53.5,55.0,6.199
1765484351.6280434,99,35,20,20,31,3.7487411499023438,53.5,55.0,6.199
1765484351.8302693,99,35,20,20,31,3.7487411499023438,53.5,55.0,6.199
1765484352.0318477,99,36,21,14,12,3.7489166259765625,54.0,54.0,7.894
1765484352.23495,99,36,21,14,12,3.7489166259765625,54.0,54.0,7.894
1765484352.4372444,99,16,14,30,16,3.748516082763672,54.5,54.0,6.891
1765484352.6384542,99,16,14,30,16,3.748516082763672,54.5,54.0,6.891
1765484352.8399394,99,16,14,30,16,3.748516082763672,54.5,54.0,6.891
1765484353.0429707,99,32,26,43,26,3.748443603515625,54.0,54.0,7.4
1765484353.244434,99,32,26,43,26,3.748443603515625,54.0,54.0,7.4
1765484353.4453816,99,32,26,43,26,3.748443603515625,54.0,54.0,7.4
1765484353.6464076,99,21,26,18,31,3.7484130859375,54.0,54.5,7.894
1765484353.8488107,99,21,26,18,31,3.7484130859375,54.0,54.5,7.894
1765484354.0506375,99,14,16,10,36,3.7486953735351562,54.0,54.0,7.854
1765484354.251644,99,14,16,10,36,3.7486953735351562,54.0,54.0,7.854
1765484354.4532142,99,14,16,10,36,3.7486953735351562,54.0,54.0,7.854
1765484354.6546607,99,19,29,22,26,3.7486343383789062,54.5,54.0,7.051
1765484354.8568912,99,19,29,22,26,3.7486343383789062,54.5,54.0,7.051
1765484355.059422,99,21,40,22,14,3.7482757568359375,54.5,54.5,8.2
1765484355.260645,99,21,40,22,14,3.7482757568359375,54.5,54.5,8.2
1765484355.4617112,99,21,40,22,14,3.7482757568359375,54.5,54.5,8.2
1765484355.6645746,0,23,32,23,20,3.7491607666015625,53.5,54.5,6.661
1765484355.867585,0,23,32,23,20,3.7491607666015625,53.5,54.5,6.661
1765484356.0694788,99,19,19,34,20,3.7486572265625,54.5,54.5,8.014
1765484356.2706275,99,19,19,34,20,3.7486572265625,54.5,54.5,8.014
1765484356.4717178,99,19,19,34,20,3.7486572265625,54.5,54.5,8.014
1765484356.6730962,99,34,25,36,24,3.7483901977539062,54.0,55.0,6.891
1765484356.8744574,99,34,25,36,24,3.7483901977539062,54.0,55.0,6.891
1765484357.0765092,99,36,17,19,15,3.7484664916992188,54.5,54.5,7.627
1765484357.2778049,99,36,17,19,15,3.7484664916992188,54.5,54.5,7.627
1765484357.4791403,99,36,17,19,15,3.7484664916992188,54.5,54.5,7.627
1765484357.680342,99,32,18,34,20,3.7493667602539062,54.0,55.0,8.014
1765484357.8825467,99,32,18,34,20,3.7493667602539062,54.0,55.0,8.014
1765484358.0847812,99,30,18,24,15,3.7485084533691406,54.5,54.5,7.854
1765484358.2861965,99,30,18,24,15,3.7485084533691406,54.5,54.5,7.854
1765484358.4873784,99,30,18,24,15,3.7485084533691406,54.5,54.5,7.854
1765484358.6901429,99,27,22,52,30,3.748790740966797,54.5,54.5,7.775
1765484358.8919845,99,27,22,52,30,3.748790740966797,54.5,54.5,7.775
1765484359.0937297,99,26,23,24,16,3.7488479614257812,54.5,54.5,7.974
1765484359.2958124,99,26,23,24,16,3.7488479614257812,54.5,54.5,7.974
1765484359.4971488,99,26,23,24,16,3.7488479614257812,54.5,54.5,7.974
1765484359.6983135,99,34,16,28,19,3.7489356994628906,54.5,55.0,7.934
1765484359.9010599,99,34,16,28,19,3.7489356994628906,54.5,55.0,7.934
1765484360.1034071,99,20,18,11,13,3.7487716674804688,54.5,54.0,7.131
1765484360.3046987,99,20,18,11,13,3.7487716674804688,54.5,54.0,7.131
1765484360.50604,99,20,18,11,13,3.7487716674804688,54.5,54.0,7.131
1765484360.7080863,99,42,24,22,30,3.7490158081054688,55.0,54.5,7.775
1765484360.9112096,99,42,24,22,30,3.7490158081054688,55.0,54.5,7.775
1765484361.1125026,99,26,19,25,18,3.7499008178710938,54.5,54.0,6.35
1765484361.3145692,99,26,19,25,18,3.7499008178710938,54.5,54.0,6.35
1765484361.51627,99,26,19,25,18,3.7499008178710938,54.5,54.0,6.35
1765484361.7173412,99,18,19,38,23,3.7492027282714844,54.5,54.5,7.894
1765484361.9203985,99,18,19,38,23,3.7492027282714844,54.5,54.5,7.894
1765484362.1221204,99,18,19,38,23,3.7492027282714844,54.5,54.5,7.894
1765484362.3232262,0,20,28,18,28,3.7492332458496094,54.0,55.5,5.096
1765484362.524384,0,20,28,18,28,3.7492332458496094,54.0,55.5,5.096
1765484362.726617,99,46,32,22,22,3.7493515014648438,54.5,54.5,7.814
1765484362.93075,99,46,32,22,22,3.7493515014648438,54.5,54.5,7.814
1765484363.1322787,99,46,32,22,22,3.7493515014648438,54.5,54.5,7.814
1765484363.3335032,99,20,25,22,19,3.749603271484375,54.0,55.0,6.931
1765484363.5354235,99,20,25,22,19,3.749603271484375,54.0,55.0,6.931
1765484363.736718,99,20,19,32,15,3.7491111755371094,54.5,54.5,7.468
1765484363.9380429,99,20,19,32,15,3.7491111755371094,54.5,54.5,7.468
1765484364.1391268,99,20,19,32,15,3.7491111755371094,54.5,54.5,7.468
1765484364.3402736,99,32,20,25,17,3.7491836547851562,54.5,54.0,7.24
1765484364.541405,99,32,20,25,17,3.7491836547851562,54.5,54.0,7.24
1765484364.7435281,99,31,26,42,25,3.7498207092285156,54.5,54.5,7.854
1765484364.9457948,99,31,26,42,25,3.7498207092285156,54.5,54.5,7.854
1765484365.1474035,99,31,26,42,25,3.7498207092285156,54.5,54.5,7.854
1765484365.3484936,99,20,26,14,16,3.750518798828125,54.5,55.5,7.934
1765484365.550262,99,20,26,14,16,3.750518798828125,54.5,55.5,7.934
1765484365.7537055,99,40,17,16,16,3.7503585815429688,55.0,54.5,7.4
1765484365.9552,99,40,17,16,16,3.7503585815429688,55.0,54.5,7.4
1765484366.1562893,99,40,17,16,16,3.7503585815429688,55.0,54.5,7.4
1765484366.3574052,99,30,28,24,30,3.7430572509765625,54.5,54.5,7.747
1765484366.5588384,99,30,28,24,30,3.7430572509765625,54.5,54.5,7.747
1765484366.760206,99,16,21,18,44,3.7444801330566406,54.5,54.5,7.814
1765484366.9632435,99,16,21,18,44,3.7444801330566406,54.5,54.5,7.814
1765484367.164843,99,16,21,18,44,3.7444801330566406,54.5,54.5,7.814
1765484367.3660276,99,14,15,8,24,3.7434616088867188,54.5,54.5,7.16
1765484367.5675576,99,14,15,8,24,3.7434616088867188,54.5,54.5,7.16
1765484367.769691,99,22,41,29,27,3.7435302734375,54.5,54.5,7.814
1765484367.971601,99,22,41,29,27,3.7435302734375,54.5,54.5,7.814
1765484368.172764,99,22,41,29,27,3.7435302734375,54.5,54.5,7.814
1765484368.3737912,99,37,25,18,20,3.743572235107422,54.5,54.5,7.091
1765484368.5756552,99,37,25,18,20,3.743572235107422,54.5,54.5,7.091
1765484368.7768686,99,20,42,14,16,3.7450523376464844,55.0,54.5,8.544
1765484368.9786835,99,20,42,14,16,3.7450523376464844,55.0,54.5,8.544
1765484369.1810358,99,20,42,14,16,3.7450523376464844,55.0,54.5,8.544
1765484369.382533,0,20,20,18,26,3.744518280029297,54.0,54.5,5.411
1765484369.584069,0,20,20,18,26,3.744518280029297,54.0,54.5,5.411
1765484369.788259,0,20,20,18,26,3.744518280029297,54.0,54.5,5.411
1765484369.9896123,99,29,28,21,41,3.7445335388183594,55.0,54.5,7.934
1765484370.1907203,99,29,28,21,41,3.7445335388183594,55.0,54.5,7.934
1765484370.3917763,99,32,27,34,28,3.7446250915527344,54.5,55.5,6.46
1765484370.5960658,99,32,27,34,28,3.7446250915527344,54.5,55.5,6.46
1765484370.7978146,99,32,27,34,28,3.7446250915527344,54.5,55.5,6.46
1765484370.9990432,99,12,30,6,13,3.745807647705078,55.0,54.5,8.16
1765484371.2005165,99,12,30,6,13,3.745807647705078,55.0,54.5,8.16
1765484371.401718,99,20,20,34,26,3.7448577880859375,54.5,55.0,7.091
1765484371.6027503,99,20,20,34,26,3.7448577880859375,54.5,55.0,7.091
1765484371.804459,99,20,20,34,26,3.7448577880859375,54.5,55.0,7.091
1765484372.0054426,99,25,14,29,18,3.745288848876953,55.0,55.0,7.775
1765484372.207093,99,25,14,29,18,3.745288848876953,55.0,55.0,7.775
1765484372.40835,99,38,38,24,27,3.7459678649902344,55.0,55.5,8.2
1765484372.6110938,99,38,38,24,27,3.7459678649902344,55.0,55.5,8.2
1765484372.815718,99,38,38,24,27,3.7459678649902344,55.0,55.5,8.2
1765484373.0174341,99,22,15,16,15,3.745716094970703,55.0,54.5,7.587
1765484373.21892,99,22,15,16,15,3.745716094970703,55.0,54.5,7.587
1765484373.4216034,99,25,40,24,48,3.7454490661621094,55.0,55.0,7.707
1765484373.623522,99,25,40,24,48,3.7454490661621094,55.0,55.0,7.707
1765484373.8256612,99,25,40,24,48,3.7454490661621094,55.0,55.0,7.707
1765484374.0271983,99,20,27,26,15,3.7453384399414062,55.0,54.5,7.36
1765484374.228447,99,20,27,26,15,3.7453384399414062,55.0,54.5,7.36
1765484374.4294531,99,16,37,43,16,3.7466354370117188,54.5,55.5,8.584
1765484374.6322262,99,16,37,43,16,3.7466354370117188,54.5,55.5,8.584
1765484374.8354096,99,16,37,43,16,3.7466354370117188,54.5,55.5,8.584
1765484375.0369053,99,25,18,10,16,3.745494842529297,54.5,54.5,6.159
1765484375.2384052,99,25,18,10,16,3.745494842529297,54.5,54.5,6.159
1765484375.4402204,99,28,24,41,21,3.7450942993164062,54.5,54.5,7.974
1765484375.643687,99,28,24,41,21,3.7450942993164062,54.5,54.5,7.974
1765484375.844949,99,28,24,41,21,3.7450942993164062,54.5,54.5,7.974
1765484376.0479221,33,25,30,25,23,3.7454299926757812,54.0,55.5,6.038
1765484376.2514505,33,25,30,25,23,3.7454299926757812,54.0,55.5,6.038
1765484376.4529123,99,42,18,14,15,3.7462425231933594,55.0,55.0,7.974
1765484376.6562243,99,42,18,14,15,3.7462425231933594,55.0,55.0,7.974
1765484376.8576078,99,42,18,14,15,3.7462425231933594,55.0,55.0,7.974
1765484377.0586264,99,18,36,10,10,3.745464324951172,54.5,55.0,6.58
1765484377.259683,99,18,36,10,10,3.745464324951172,54.5,55.0,6.58
1765484377.4613636,99,50,14,22,30,3.7453536987304688,55.0,55.0,7.707
1765484377.6648219,99,50,14,22,30,3.7453536987304688,55.0,55.0,7.707
1765484377.8669362,99,50,14,22,30,3.7453536987304688,55.0,55.0,7.707
1765484378.0680625,99,26,35,23,26,3.745502471923828,54.5,55.5,8.24
1765484378.2695782,99,26,35,23,26,3.745502471923828,54.5,55.5,8.24
1765484378.4706366,99,10,8,32,8,3.7461814880371094,55.0,54.5,7.16
1765484378.6719143,99,10,8,32,8,3.7461814880371094,55.0,54.5,7.16
1765484378.8730025,99,10,8,32,8,3.7461814880371094,55.0,54.5,7.16
1765484379.0741498,99,30,29,25,16,3.7456092834472656,55.0,55.0,7.36
1765484379.2754636,99,30,29,25,16,3.7456092834472656,55.0,55.0,7.36
1765484379.476644,99,30,29,25,16,3.7456092834472656,55.0,55.0,7.36
1765484379.679696,99,26,42,16,23,3.7454452514648438,55.0,55.0,7.894
1765484379.880915,99,26,42,16,23,3.7454452514648438,55.0,55.0,7.894
1765484380.0821645,99,18,29,14,20,3.7465057373046875,54.5,55.0,7.4
1765484380.2846303,99,18,29,14,20,3.7465057373046875,54.5,55.0,7.4
1765484380.4864948,99,18,29,14,20,3.7465057373046875,54.5,55.0,7.4
1765484380.6878223,99,16,23,38,13,3.746623992919922,54.5,55.0,8.081
1765484380.8890119,99,16,23,38,13,3.746623992919922,54.5,55.0,8.081
1765484381.0904133,43,27,26,22,24,3.7465476989746094,54.0,54.5,5.492
1765484381.2915218,43,27,26,22,24,3.7465476989746094,54.0,54.5,5.492
1765484381.4931507,43,27,26,22,24,3.7465476989746094,54.0,54.5,5.492
1765484381.6964774,99,25,26,38,23,3.7466506958007812,55.0,55.0,8.346
1765484381.8985374,99,25,26,38,23,3.7466506958007812,55.0,55.0,8.346
1765484382.1001208,99,26,22,8,32,3.747142791748047,54.5,55.5,7.051
1765484382.302875,99,26,22,8,32,3.747142791748047,54.5,55.5,7.051
1765484382.5050666,99,26,22,8,32,3.747142791748047,54.5,55.5,7.051
1765484382.706244,99,22,32,19,27,3.746753692626953,55.0,55.0,7.627
1765484382.9077659,99,22,32,19,27,3.746753692626953,55.0,55.0,7.627
1765484383.1091313,99,41,22,22,42,3.7465972900390625,54.5,55.0,7.32
1765484383.3120146,99,41,22,22,42,3.7465972900390625,54.5,55.0,7.32
1765484383.5138175,99,41,22,22,42,3.7465972900390625,54.5,55.0,7.32
1765484383.7153447,99,17,18,23,25,3.7475051879882812,55.0,55.0,8.319
1765484383.9167266,99,17,18,23,25,3.7475051879882812,55.0,55.0,8.319
1765484384.1183066,99,14,16,33,35,3.7463150024414062,54.5,54.5,7.468
1765484384.3205888,99,14,16,33,35,3.7463150024414062,54.5,54.5,7.468
1765484384.5232885,99,14,16,33,35,3.7463150024414062,54.5,54.5,7.468
1765484384.7246315,99,22,27,22,14,3.7466392517089844,55.0,55.0,7.667
1765484384.9260304,99,22,27,22,14,3.7466392517089844,55.0,55.0,7.667
1765484385.1271868,99,23,36,25,40,3.7466278076171875,55.0,55.0,7.507
1765484385.3305411,99,23,36,25,40,3.7466278076171875,55.0,55.0,7.507
1765484385.532045,99,23,36,25,40,3.7466278076171875,55.0,55.0,7.507
1765484385.7336369,99,17,14,19,18,3.747455596923828,55.0,55.0,7.707
1765484385.9349418,99,17,14,19,18,3.747455596923828,55.0,55.0,7.707
1765484386.1364958,99,38,16,24,13,3.7466087341308594,55.0,55.0,7.787
1765484386.33778,99,38,16,24,13,3.7466087341308594,55.0,55.0,7.787
1765484386.5407472,99,38,16,24,13,3.7466087341308594,55.0,55.0,7.787
1765484386.7424955,99,24,26,19,14,3.7465744018554688,55.0,54.5,5.725
1765484386.9437673,99,24,26,19,14,3.7465744018554688,55.0,54.5,5.725
1765484387.144771,99,29,26,54,31,3.7468719482421875,55.5,55.0,8.399
1765484387.347573,99,29,26,54,31,3.7468719482421875,55.5,55.0,8.399
1765484387.5501251,99,29,26,54,31,3.7468719482421875,55.5,55.0,8.399
1765484387.7512596,0,20,20,22,11,3.7476844787597656,54.5,56.0,5.33
1765484387.9522653,0,20,20,22,11,3.7476844787597656,54.5,56.0,5.33
1765484388.1531923,0,20,20,22,11,3.7476844787597656,54.5,56.0,5.33
1765484388.3549902,99,22,21,46,18,3.7468109130859375,55.0,55.0,7.627
1765484388.5568733,99,22,21,46,18,3.7468109130859375,55.0,55.0,7.627
1765484388.7590249,99,36,25,22,27,3.7467117309570312,54.5,55.5,6.159
1765484388.960307,99,36,25,22,27,3.7467117309570312,54.5,55.5,6.159
1765484389.161354,99,36,25,22,27,3.7467117309570312,54.5,55.5,6.159
1765484389.3641255,99,22,43,17,18,3.746662139892578,55.0,55.5,7.974
1765484389.5653841,99,22,43,17,18,3.746662139892578,55.0,55.5,7.974
1765484389.766363,99,12,16,22,12,3.7467803955078125,55.0,55.0,7.32
1765484389.968313,99,12,16,22,12,3.7467803955078125,55.0,55.0,7.32
1765484390.170788,99,12,16,22,12,3.7467803955078125,55.0,55.0,7.32
1765484390.3721,99,28,24,34,22,3.7467384338378906,55.0,55.0,7.24
1765484390.5730917,99,28,24,34,22,3.7467384338378906,55.0,55.0,7.24
1765484390.7743757,99,15,26,25,30,3.746692657470703,55.0,55.0,7.32
1765484390.9775453,99,15,26,25,30,3.746692657470703,55.0,55.0,7.32
1765484391.1796372,99,15,26,25,30,3.746692657470703,55.0,55.0,7.32
1765484391.3828843,99,24,14,24,42,3.7473716735839844,55.5,55.0,8.346
1765484391.5847154,99,24,14,24,42,3.7473716735839844,55.5,55.0,8.346
1765484391.7861507,99,19,17,26,14,3.7467613220214844,55.0,55.0,6.821
1765484391.987196,99,19,17,26,14,3.7467613220214844,55.0,55.0,6.821
1765484392.1902733,99,19,17,26,14,3.7467613220214844,55.0,55.0,6.821
1765484392.3930235,99,34,30,24,46,3.7461509704589844,55.5,55.0,8.094
1765484392.594643,99,34,30,24,46,3.7461509704589844,55.5,55.0,8.094
1765484392.795806,8,21,33,27,28,3.7466697692871094,55.0,54.5,5.725
1765484392.9977705,8,21,33,27,28,3.7466697692871094,55.0,54.5,5.725
1765484393.1994843,8,21,33,27,28,3.7466697692871094,55.0,54.5,5.725
1765484393.4010158,99,18,37,15,13,3.747020721435547,55.5,55.0,8.544
1765484393.6040735,99,18,37,15,13,3.747020721435547,55.5,55.0,8.544
1765484393.805627,99,18,29,30,22,3.7467117309570312,54.5,55.0,6.821
1765484394.006686,99,18,29,30,22,3.7467117309570312,54.5,55.0,6.821
1765484394.2087135,99,18,29,30,22,3.7467117309570312,54.5,55.0,6.821
1765484394.4111388,99,16,36,12,21,3.746501922607422,55.5,55.0,7.48
1765484394.612183,99,16,36,12,21,3.746501922607422,55.5,55.0,7.48
1765484394.8132865,99,50,41,30,27,3.7467308044433594,55.5,56.5,8.16
1765484395.016059,99,50,41,30,27,3.7467308044433594,55.5,56.5,8.16
1765484395.2193701,99,50,41,30,27,3.7467308044433594,55.5,56.5,8.16
1765484395.4208615,99,26,14,9,13,3.7461776733398438,55.5,55.0,7.974
1765484395.6225624,99,26,14,9,13,3.7461776733398438,55.5,55.0,7.974
1765484395.8236394,99,36,25,45,16,3.746784210205078,55.5,55.0,7.627
1765484396.0252798,99,36,25,45,16,3.746784210205078,55.5,55.0,7.627
1765484396.2274423,99,36,25,45,16,3.746784210205078,55.5,55.0,7.627
1765484396.4286268,99,29,20,12,18,3.7465972900390625,55.5,55.0,7.24
1765484396.6298773,99,29,20,12,18,3.7465972900390625,55.5,55.0,7.24
1765484396.8309755,99,38,38,32,17,3.7491416931152344,55.0,56.0,7.707
1765484397.0338657,99,38,38,32,17,3.7491416931152344,55.0,56.0,7.707
1765484397.2370112,99,38,38,32,17,3.7491416931152344,55.0,56.0,7.707
1765484397.4383366,99,20,19,14,17,3.7477798461914062,55.0,55.0,7.667
1765484397.640488,99,20,19,14,17,3.7477798461914062,55.0,55.0,7.667
1765484397.8420558,99,20,19,14,17,3.7477798461914062,55.0,55.0,7.667
1765484398.0449133,99,26,22,25,53,3.74798583984375,55.0,56.5,7.48
1765484398.2465694,99,26,22,25,53,3.74798583984375,55.0,56.5,7.48
1765484398.4475565,99,20,19,28,14,3.7488441467285156,55.5,55.5,7.587
1765484398.6506062,99,20,19,28,14,3.7488441467285156,55.5,55.5,7.587
1765484398.8522594,99,20,19,28,14,3.7488441467285156,55.5,55.5,7.587
1765484399.054565,99,21,49,30,16,3.7501792907714844,55.5,56.0,8.319
1765484399.2577426,99,21,49,30,16,3.7501792907714844,55.5,56.0,8.319
1765484399.4593866,99,21,12,21,17,3.7484893798828125,55.5,55.0,7.171
1765484399.6604574,99,21,12,21,17,3.7484893798828125,55.5,55.0,7.171
1765484399.8633533,99,21,12,21,17,3.7484893798828125,55.5,55.0,7.171
1765484400.065113,99,26,23,33,39,3.74896240234375,55.5,55.5,7.667
1765484400.2665644,99,26,23,33,39,3.74896240234375,55.5,55.5,7.667
1765484400.468079,99,25,24,24,26,3.7493324279785156,55.0,55.5,6.35
1765484400.6691768,99,25,24,24,26,3.7493324279785156,55.0,55.5,6.35
1765484400.870708,99,25,24,24,26,3.7493324279785156,55.0,55.5,6.35
1765484401.072028,99,12,18,45,17,3.749835968017578,55.5,55.5,8.28
1765484401.275053,99,12,18,45,17,3.749835968017578,55.5,55.5,8.28
1765484401.4764862,44,21,20,21,23,3.7494354248046875,54.5,55.5,5.492
1765484401.6776712,44,21,20,21,23,3.7494354248046875,54.5,55.5,5.492
1765484401.8800428,44,21,20,21,23,3.7494354248046875,54.5,55.5,5.492
1765484402.0854168,99,28,44,27,30,3.7495384216308594,55.5,55.5,7.507
1765484402.2875433,99,28,44,27,30,3.7495384216308594,55.5,55.5,7.507
1765484402.4886723,99,32,22,19,23,3.750049591064453,55.0,56.5,7.735
1765484402.6898057,99,32,22,19,23,3.750049591064453,55.0,56.5,7.735
1765484402.8932726,99,32,22,19,23,3.750049591064453,55.0,56.5,7.735
1765484403.0947552,99,37,15,20,17,3.749340057373047,56.0,55.0,7.587
1765484403.2963517,99,37,15,20,17,3.749340057373047,56.0,55.0,7.587
1765484403.4988022,99,24,32,19,13,3.7499008178710938,55.5,55.5,7.4
1765484403.7001133,99,24,32,19,13,3.7499008178710938,55.5,55.5,7.4
1765484403.9024038,99,24,32,19,13,3.7499008178710938,55.5,55.5,7.4
1765484404.1052136,99,18,24,45,17,3.7490806579589844,55.5,55.5,7.627
1765484404.3066223,99,18,24,45,17,3.7490806579589844,55.5,55.5,7.627
1765484404.5076544,99,22,14,28,28,3.749591827392578,55.5,56.0,8.081
1765484404.7087836,99,22,14,28,28,3.749591827392578,55.5,56.0,8.081
1765484404.912208,99,22,14,28,28,3.749591827392578,55.5,56.0,8.081
1765484405.1137733,99,45,17,14,16,3.7491912841796875,55.5,55.5,8.12
1765484405.3152618,99,45,17,14,16,3.7491912841796875,55.5,55.5,8.12
1765484405.5166726,0,17,22,20,42,3.749561309814453,55.5,55.5,5.249
1765484405.7189114,0,17,22,20,42,3.749561309814453,55.5,55.5,5.249
1765484405.92081,0,17,22,20,42,3.749561309814453,55.5,55.5,5.249
1765484406.1242046,99,26,43,17,22,3.749237060546875,55.5,55.5,8.544
1765484406.3257346,99,26,43,17,22,3.749237060546875,55.5,55.5,8.544
1765484406.526975,99,20,32,19,17,3.7496414184570312,55.0,55.5,7.011
1765484406.7283688,99,20,32,19,17,3.7496414184570312,55.0,55.5,7.011
1765484406.9318516,99,20,32,19,17,3.7496414184570312,55.0,55.5,7.011
1765484407.135652,99,35,16,31,17,3.7492408752441406,55.5,55.0,7.547
1765484407.3372695,99,35,16,31,17,3.7492408752441406,55.5,55.0,7.547
1765484407.5388286,99,35,16,31,17,3.7492408752441406,55.5,55.0,7.547
1765484407.7411737,99,37,31,29,30,3.7494163513183594,55.5,56.5,7.587
1765484407.942803,99,37,31,29,30,3.7494163513183594,55.5,56.5,7.587
1765484408.1443193,99,21,28,20,10,3.749950408935547,56.0,55.5,8.28
1765484408.346333,99,21,28,20,10,3.749950408935547,56.0,55.5,8.28
1765484408.547401,99,21,28,20,10,3.749950408935547,56.0,55.5,8.28
1765484408.748552,99,40,28,13,15,3.749767303466797,55.5,56.0,7.667
1765484408.952195,99,40,28,13,15,3.749767303466797,55.5,56.0,7.667
1765484409.1536286,99,20,28,10,14,3.7496566772460938,55.5,55.5,7.4
1765484409.3549578,99,20,28,10,14,3.7496566772460938,55.5,55.5,7.4
1765484409.5559847,99,20,28,10,14,3.7496566772460938,55.5,55.5,7.4
1765484409.7589493,99,32,46,33,25,3.7489852905273438,56.0,56.5,8.081
1765484409.9609764,99,32,46,33,25,3.7489852905273438,56.0,56.5,8.081
1765484410.1622639,99,12,20,10,21,3.75030517578125,55.5,55.5,7.28
1765484410.363635,99,12,20,10,21,3.75030517578125,55.5,55.5,7.28
1765484410.5663495,99,12,20,10,21,3.75030517578125,55.5,55.5,7.28
1765484410.7675328,99,24,19,16,49,3.7492942810058594,56.0,55.5,7.934
1765484410.9712205,99,24,19,16,49,3.7492942810058594,56.0,55.5,7.934
1765484411.1726303,0,18,28,22,18,3.7492332458496094,55.0,55.5,4.739
1765484411.3737361,0,18,28,22,18,3.7492332458496094,55.0,55.5,4.739
1765484411.5749474,0,18,28,22,18,3.7492332458496094,55.0,55.5,4.739
1765484411.777788,99,33,32,20,39,3.749225616455078,56.0,56.0,8.425
1765484411.981242,99,33,32,20,39,3.749225616455078,56.0,56.0,8.425
1765484412.1827128,34,17,28,12,15,3.749908447265625,55.0,57.0,5.765
1765484412.3838239,34,17,28,12,15,3.749908447265625,55.0,57.0,5.765
1765484412.5868566,34,17,28,12,15,3.749908447265625,55.0,57.0,5.765
1765484412.7885265,99,27,21,44,21,3.7489013671875,55.5,55.5,7.48
1765484412.989735,99,27,21,44,21,3.7489013671875,55.5,55.5,7.48
1765484413.1909351,99,23,33,21,22,3.749614715576172,55.5,56.5,6.31
1765484413.3920882,99,23,33,21,22,3.749614715576172,55.5,56.5,6.31
1765484413.593135,99,23,33,21,22,3.749614715576172,55.5,56.5,6.31
1765484413.794959,99,15,47,14,23,3.7496986389160156,56.0,56.0,8.12
1765484413.997026,99,15,47,14,23,3.7496986389160156,56.0,56.0,8.12
1765484414.1986272,99,33,8,9,10,3.749359130859375,56.0,56.0,7.36
1765484414.3997908,99,33,8,9,10,3.749359130859375,56.0,56.0,7.36
1765484414.6031563,99,33,8,9,10,3.749359130859375,56.0,56.0,7.36
1765484414.8082814,99,26,16,30,42,3.7494773864746094,56.0,56.0,7.32
1765484415.0096152,99,26,16,30,42,3.7494773864746094,56.0,56.0,7.32
1765484415.211238,99,29,23,24,29,3.749217987060547,56.0,55.5,7.587
1765484415.4124362,99,29,23,24,29,3.749217987060547,56.0,55.5,7.587
1765484415.6135898,99,29,23,24,29,3.749217987060547,56.0,55.5,7.587
1765484415.8150783,99,42,14,18,14,3.7504005432128906,55.5,55.5,8.041
1765484416.0161314,99,42,14,18,14,3.7504005432128906,55.5,55.5,8.041
1765484416.2175972,99,42,14,18,14,3.7504005432128906,55.5,55.5,8.041
1765484416.4190423,99,18,21,11,28,3.749897003173828,55.5,55.5,7.171
1765484416.6217868,99,18,21,11,28,3.749897003173828,55.5,55.5,7.171
1765484416.8249197,99,25,24,32,43,3.74957275390625,56.0,56.0,7.934
1765484417.026321,99,25,24,32,43,3.74957275390625,56.0,56.0,7.934
1765484417.2274058,99,25,24,32,43,3.74957275390625,56.0,56.0,7.934
1765484417.4308136,99,28,37,24,19,3.7499542236328125,55.5,55.5,6.861
1765484417.6337962,99,28,37,24,19,3.7499542236328125,55.5,55.5,6.861
1765484417.8354554,99,16,18,16,38,3.7506675720214844,56.0,56.0,8.505
1765484418.0365567,99,16,18,16,38,3.7506675720214844,56.0,56.0,8.505
1765484418.2395885,99,16,18,16,38,3.7506675720214844,56.0,56.0,8.505
1765484418.440731,43,17,37,12,14,3.75042724609375,55.5,55.5,5.177
1765484418.642557,43,17,37,12,14,3.75042724609375,55.5,55.5,5.177
1765484418.8454618,99,43,16,27,17,3.750782012939453,56.5,55.5,7.854
1765484419.0474818,99,43,16,27,17,3.750782012939453,56.5,55.5,7.854
1765484419.249175,99,43,16,27,17,3.750782012939453,56.5,55.5,7.854
1765484419.450674,99,25,22,35,29,3.7516098022460938,55.5,56.5,7.388
1765484419.6526616,99,25,22,35,29,3.7516098022460938,55.5,56.5,7.388
1765484419.8542287,99,18,12,30,10,3.7504119873046875,56.0,56.0,7.787
1765484420.0554702,99,18,12,30,10,3.7504119873046875,56.0,56.0,7.787
1765484420.256641,99,18,12,30,10,3.7504119873046875,56.0,56.0,7.787
1765484420.4583008,99,25,32,36,23,3.7505416870117188,55.0,56.0,6.781
1765484420.6596212,99,25,32,36,23,3.7505416870117188,55.0,56.0,6.781
1765484420.8618321,99,26,26,14,25,3.751251220703125,56.0,56.0,7.747
1765484421.0631716,99,26,26,14,25,3.751251220703125,56.0,56.0,7.747
1765484421.2643278,99,26,26,14,25,3.751251220703125,56.0,56.0,7.747
1765484421.4655483,99,30,42,18,20,3.7520103454589844,56.0,56.5,8.014
1765484421.6698148,99,30,42,18,20,3.7520103454589844,56.0,56.5,8.014
1765484421.8721995,99,22,14,23,12,3.7518043518066406,56.0,55.5,7.934
1765484422.0732698,99,22,14,23,12,3.7518043518066406,56.0,55.5,7.934
1765484422.2744446,99,22,14,23,12,3.7518043518066406,56.0,55.5,7.934
1765484422.4767392,99,24,47,18,33,3.751598358154297,56.0,56.5,7.667
1765484422.6782396,99,24,47,18,33,3.751598358154297,56.0,56.5,7.667
1765484422.879551,99,29,17,21,19,3.7513961791992188,56.0,56.0,7.587
1765484423.0809956,99,29,17,21,19,3.7513961791992188,56.0,56.0,7.587
1765484423.2822917,99,29,17,21,19,3.7513961791992188,56.0,56.0,7.587
1765484423.4834533,99,12,28,42,12,3.7521591186523438,56.0,56.5,8.014
1765484423.686157,99,12,28,42,12,3.7521591186523438,56.0,56.5,8.014
1765484423.8876996,99,24,12,20,20,3.7513198852539062,55.5,55.5,7.091
1765484424.0891886,99,24,12,20,20,3.7513198852539062,55.5,55.5,7.091
1765484424.2904978,99,24,12,20,20,3.7513198852539062,55.5,55.5,7.091
1765484424.4932435,99,29,27,39,26,3.7516860961914062,56.0,56.0,7.707
1765484424.6951268,99,29,27,39,26,3.7516860961914062,56.0,56.0,7.707
1765484424.8960543,99,29,27,39,26,3.7516860961914062,56.0,56.0,7.707
1765484425.0981889,99,28,18,24,24,3.752277374267578,56.0,56.0,6.269
1765484425.2996147,99,28,18,24,24,3.752277374267578,56.0,56.0,6.269
1765484425.5009449,99,14,12,49,13,3.7507705688476562,56.0,56.0,7.934
1765484425.7040405,99,14,12,49,13,3.7507705688476562,56.0,56.0,7.934
1765484425.9054859,99,14,12,49,13,3.7507705688476562,56.0,56.0,7.934
1765484426.1064835,0,25,21,22,27,3.75152587890625,55.0,57.0,4.942
1765484426.3075387,0,25,21,22,27,3.75152587890625,55.0,57.0,4.942
1765484426.509336,99,27,30,23,54,3.7512054443359375,56.0,56.0,8.014
1765484426.7124293,99,27,30,23,54,3.7512054443359375,56.0,56.0,8.014
1765484426.9140775,99,27,30,23,54,3.7512054443359375,56.0,56.0,8.014
1765484427.1157525,99,26,24,29,18,3.7516822814941406,55.5,57.0,6.58
1765484427.3187366,99,26,24,29,18,3.7516822814941406,55.5,57.0,6.58
1765484427.5201945,99,27,16,35,13,3.7510757446289062,56.0,56.0,7.44
1765484427.7215908,99,27,16,35,13,3.7510757446289062,56.0,56.0,7.44
1765484427.9226813,99,27,16,35,13,3.7510757446289062,56.0,56.0,7.44
1765484428.123759,99,26,27,26,18,3.752025604248047,56.0,56.0,7.24
1765484428.325051,99,26,27,26,18,3.752025604248047,56.0,56.0,7.24
1765484428.5270932,99,18,23,38,19,3.7514915466308594,56.5,56.0,7.587
1765484428.7290576,99,18,23,38,19,3.7514915466308594,56.5,56.0,7.587
1765484428.9304476,99,18,23,38,19,3.7514915466308594,56.5,56.0,7.587
1765484429.1316152,99,28,13,26,17,3.7522315979003906,56.0,56.0,7.974
1765484429.334627,99,28,13,26,17,3.7522315979003906,56.0,56.0,7.974
1765484429.5369744,99,24,19,23,35,3.7516822814941406,56.0,56.0,7.814
1765484429.7382767,99,24,19,23,35,3.7516822814941406,56.0,56.0,7.814
1765484429.9398768,99,24,19,23,35,3.7516822814941406,56.0,56.0,7.814
1765484430.1411533,99,29,25,27,24,3.751678466796875,55.5,55.5,6.712
1765484430.3424187,99,29,25,27,24,3.751678466796875,55.5,55.5,6.712
1765484430.5436578,99,18,44,25,16,3.7528610229492188,56.5,56.5,8.439
1765484430.7465017,99,18,44,25,16,3.7528610229492188,56.5,56.5,8.439
1765484430.9495695,99,18,44,25,16,3.7528610229492188,56.5,56.5,8.439
1765484431.151564,0,20,16,32,17,3.7522354125976562,55.5,56.0,4.625
1765484431.3536468,0,20,16,32,17,3.7522354125976562,55.5,56.0,4.625
1765484431.5557015,99,48,25,20,23,3.7520408630371094,56.5,56.0,7.894
1765484431.7571676,99,48,25,20,23,3.7520408630371094,56.5,56.0,7.894
1765484431.959143,99,48,25,20,23,3.7520408630371094,56.5,56.0,7.894
1765484432.1607568,0,29,24,20,30,3.7525367736816406,55.5,55.5,5.136
1765484432.36477,0,29,24,20,30,3.7525367736816406,55.5,55.5,5.136
1765484432.5662284,99,24,19,20,34,3.7533798217773438,56.0,56.5,8.664
1765484432.7671232,99,24,19,20,34,3.7533798217773438,56.0,56.5,8.664
1765484432.9706929,99,24,19,20,34,3.7533798217773438,56.0,56.5,8.664
1765484433.1725106,99,20,18,28,16,3.752819061279297,55.5,55.5,6.891
1765484433.3747675,99,20,18,28,16,3.752819061279297,55.5,55.5,6.891
1765484433.576348,99,20,18,28,16,3.752819061279297,55.5,55.5,6.891
1765484433.7773738,99,20,21,28,20,3.7529067993164062,56.5,56.0,7.48
1765484433.9790516,99,20,21,28,20,3.7529067993164062,56.5,56.0,7.48
1765484434.181058,99,22,35,34,22,3.753528594970703,56.0,56.5,7.627
1765484434.3840082,99,22,35,34,22,3.753528594970703,56.0,56.5,7.627
1765484434.585639,99,22,35,34,22,3.753528594970703,56.0,56.5,7.627
1765484434.787253,99,18,18,24,18,3.754150390625,56.5,56.5,8.425
1765484434.9884236,99,18,18,24,18,3.754150390625,56.5,56.5,8.425
1765484435.1900802,99,15,43,18,32,3.753559112548828,56.0,56.5,7.747
1765484435.3912053,99,15,43,18,32,3.753559112548828,56.0,56.5,7.747
1765484435.5924172,99,15,43,18,32,3.753559112548828,56.0,56.5,7.747
1765484435.7936745,99,20,22,14,14,3.7536773681640625,56.5,56.0,7.24
1765484435.9948876,99,20,22,14,14,3.7536773681640625,56.5,56.0,7.24
1765484436.196239,99,26,42,24,48,3.7539138793945312,56.0,56.5,8.65
1765484436.3992715,99,26,42,24,48,3.7539138793945312,56.0,56.5,8.65
1765484436.6017034,99,26,42,24,48,3.7539138793945312,56.0,56.5,8.65
1765484436.803171,99,14,14,21,11,3.752979278564453,56.0,56.0,6.821
1765484437.004364,99,14,14,21,11,3.752979278564453,56.0,56.0,6.821
1765484437.2077012,99,31,28,38,23,3.753337860107422,56.5,56.5,7.934
1765484437.40965,99,31,28,38,23,3.753337860107422,56.5,56.5,7.934
1765484437.6108243,99,31,28,38,23,3.753337860107422,56.5,56.5,7.934
1765484437.81422,5,24,28,24,24,3.7531776428222656,55.5,56.0,5.056
1765484438.015522,5,24,28,24,24,3.7531776428222656,55.5,56.0,5.056
1765484438.216625,99,22,19,16,47,3.7538909912109375,56.5,56.5,8.385
1765484438.4193385,99,22,19,16,47,3.7538909912109375,56.5,56.5,8.385
1765484438.6206162,99,22,19,16,47,3.7538909912109375,56.5,56.5,8.385
1765484438.821481,99,20,14,16,30,3.753559112548828,56.0,57.0,5.917
1765484439.0226457,99,20,14,16,30,3.753559112548828,56.0,57.0,5.917
1765484439.2246885,99,47,18,20,18,3.753192901611328,56.5,56.0,7.48
1765484439.4262512,99,47,18,20,18,3.753192901611328,56.5,56.0,7.48
1765484439.6274192,99,47,18,20,18,3.753192901611328,56.5,56.0,7.48
1765484439.8287482,99,36,26,30,18,3.7529983520507812,56.5,56.5,7.627
1765484440.0304034,99,36,26,30,18,3.7529983520507812,56.5,56.5,7.627
1765484440.2315252,99,41,14,13,15,3.7538719177246094,56.5,56.5,7.827
1765484440.4347067,99,41,14,13,15,3.7538719177246094,56.5,56.5,7.827
1765484440.635989,99,41,14,13,15,3.7538719177246094,56.5,56.5,7.827
1765484440.8370469,99,14,26,23,15,3.753368377685547,56.0,56.5,7.547
1765484441.0381827,99,14,26,23,15,3.753368377685547,56.0,56.5,7.547
1765484441.2395046,99,24,40,20,25,3.753192901611328,56.5,56.5,7.775
1765484441.4427032,99,24,40,20,25,3.753192901611328,56.5,56.5,7.775
1765484441.6443725,99,24,40,20,25,3.753192901611328,56.5,56.5,7.775
1765484441.845537,99,29,23,28,24,3.7534141540527344,56.5,56.5,7.827
1765484442.0488527,99,29,23,28,24,3.7534141540527344,56.5,56.5,7.827
1765484442.2501187,99,14,36,13,15,3.7532501220703125,57.0,56.5,8.12
1765484442.4515824,99,14,36,13,15,3.7532501220703125,57.0,56.5,8.12
1765484442.6533058,99,14,36,13,15,3.7532501220703125,57.0,56.5,8.12
1765484442.8548083,0,29,23,20,22,3.7535171508789062,56.0,56.0,5.217
1765484443.0560076,0,29,23,20,22,3.7535171508789062,56.0,56.0,5.217
1765484443.2574937,0,29,23,20,22,3.7535171508789062,56.0,56.0,5.217
1765484443.458668,99,18,22,22,41,3.753326416015625,56.5,56.0,8.081
1765484443.6599228,99,18,22,22,41,3.753326416015625,56.5,56.0,8.081
1765484443.8611932,99,20,30,44,22,3.75390625,56.5,57.0,7.667
1765484444.064078,99,20,30,44,22,3.75390625,56.5,57.0,7.667
1765484444.2665296,99,20,30,44,22,3.75390625,56.5,57.0,7.667
1765484444.4679432,99,20,24,16,12,3.753681182861328,56.5,56.5,7.587
1765484444.6689703,99,20,24,16,12,3.753681182861328,56.5,56.5,7.587
1765484444.8701646,99,28,44,22,31,3.7537155151367188,56.0,57.0,7.707
1765484445.071512,99,28,44,22,31,3.7537155151367188,56.0,57.0,7.707
1765484445.2732716,99,28,44,22,31,3.7537155151367188,56.0,57.0,7.707
1765484445.4746602,99,31,21,20,16,3.7538070678710938,56.5,56.5,8.28
1765484445.675774,99,31,21,20,16,3.7538070678710938,56.5,56.5,8.28
1765484445.877037,99,18,38,32,17,3.753589630126953,56.5,57.0,8.319
1765484446.0797918,99,18,38,32,17,3.753589630126953,56.5,57.0,8.319
1765484446.2825572,99,18,38,32,17,3.753589630126953,56.5,57.0,8.319
1765484446.484073,99,18,15,24,16,3.746826171875,56.5,56.0,7.32
1765484446.6852493,99,18,15,24,16,3.746826171875,56.5,56.0,7.32
1765484446.887286,99,28,18,32,43,3.7466354370117188,56.5,56.5,7.854
1765484447.091484,99,28,18,32,43,3.7466354370117188,56.5,56.5,7.854
1765484447.293372,99,28,18,32,43,3.7466354370117188,56.5,56.5,7.854
1765484447.4947665,99,28,26,20,19,3.747802734375,56.5,56.5,6.35
1765484447.695938,99,28,26,20,19,3.747802734375,56.5,56.5,6.35
1765484447.8974972,99,28,16,16,35,3.747150421142578,56.5,56.5,8.24
1765484448.099614,99,28,16,16,35,3.747150421142578,56.5,56.5,8.24
1765484448.3030481,99,28,16,16,35,3.747150421142578,56.5,56.5,8.24
1765484448.5051422,0,20,27,18,17,3.74658203125,55.5,56.5,4.861
1765484448.7067564,0,20,27,18,17,3.74658203125,55.5,56.5,4.861
1765484448.9083323,99,34,19,39,31,3.7464523315429688,56.5,56.5,7.587
1765484449.1130505,99,34,19,39,31,3.7464523315429688,56.5,56.5,7.587
1765484449.3145602,99,34,19,39,31,3.7464523315429688,56.5,56.5,7.587
1765484449.5155277,99,24,22,32,28,3.747844696044922,56.5,57.0,7.24
1765484449.7166355,99,24,22,32,28,3.747844696044922,56.5,57.0,7.24
1765484449.9181113,99,43,15,13,13,3.7468338012695312,56.5,56.5,7.667
1765484450.1194918,99,43,15,13,13,3.7468338012695312,56.5,56.5,7.667
1765484450.3206306,99,43,15,13,13,3.7468338012695312,56.5,56.5,7.667
1765484450.522723,99,26,18,24,37,3.7467002868652344,56.5,56.5,7.4
1765484450.7239983,99,26,18,24,37,3.7467002868652344,56.5,56.5,7.4
1765484450.9255013,99,26,18,24,37,3.7467002868652344,56.5,56.5,7.4
1765484451.1285233,99,42,23,20,15,3.7468795776367188,56.5,56.5,7.507
1765484451.3298178,99,42,23,20,15,3.7468795776367188,56.5,56.5,7.507
1765484451.5310285,99,26,23,14,16,3.7476348876953125,56.5,57.0,7.667
1765484451.7330842,99,26,23,14,16,3.7476348876953125,56.5,57.0,7.667
1765484451.9345934,99,26,23,14,16,3.7476348876953125,56.5,57.0,7.667
1765484452.136031,99,25,18,24,39,3.746776580810547,56.5,56.5,8.014
1765484452.337738,99,25,18,24,39,3.746776580810547,56.5,56.5,8.014
1765484452.5388963,99,25,20,25,38,3.7467002868652344,56.5,56.0,5.967
1765484452.7398958,99,25,20,25,38,3.7467002868652344,56.5,56.0,5.967
1765484452.941014,99,25,20,25,38,3.7467002868652344,56.5,56.0,5.967
1765484453.1441038,99,46,20,18,18,3.7467994689941406,57.0,57.0,8.465
1765484453.3465536,99,46,20,18,18,3.7467994689941406,57.0,57.0,8.465
1765484453.5479355,53,18,24,32,15,3.7472381591796875,56.0,57.5,6.54
1765484453.7497392,53,18,24,32,15,3.7472381591796875,56.0,57.5,6.54
1765484453.9555807,53,18,24,32,15,3.7472381591796875,56.0,57.5,6.54
1765484454.1569517,99,31,36,16,25,3.7466506958007812,56.5,56.5,7.854
1765484454.358767,99,31,36,16,25,3.7466506958007812,56.5,56.5,7.854
1765484454.5600362,99,28,26,26,42,3.746795654296875,55.5,56.5,5.725
1765484454.7613926,99,28,26,26,42,3.746795654296875,55.5,56.5,5.725
1765484454.9627025,99,28,26,26,42,3.746795654296875,55.5,56.5,5.725
1765484455.1649451,99,20,20,34,20,3.7485084533691406,57.0,57.0,8.465
1765484455.366973,99,20,20,34,20,3.7485084533691406,57.0,57.0,8.465
1765484455.568235,99,12,34,25,10,3.7471580505371094,56.5,56.5,6.971
1765484455.7698174,99,12,34,25,10,3.7471580505371094,56.5,56.5,6.971
1765484455.973098,99,12,34,25,10,3.7471580505371094,56.5,56.5,6.971
1765484456.17448,99,20,28,16,26,3.7471046447753906,56.5,56.5,7.627
1765484456.3758664,99,20,28,16,26,3.7471046447753906,56.5,56.5,7.627
1765484456.5777397,99,25,28,45,28,3.7473793029785156,56.5,57.0,7.747
1765484456.7805958,99,25,28,45,28,3.7473793029785156,56.5,57.0,7.747
1765484456.9823797,99,25,28,45,28,3.7473793029785156,56.5,57.0,7.747
1765484457.1835692,99,10,23,20,12,3.7483863830566406,56.5,57.0,8.505
1765484457.384707,99,10,23,20,12,3.7483863830566406,56.5,57.0,8.505
1765484457.5857732,99,20,41,16,30,3.7472763061523438,56.5,56.5,7.707
1765484457.787142,99,20,41,16,30,3.7472763061523438,56.5,56.5,7.707
1765484457.9904525,99,20,41,16,30,3.7472763061523438,56.5,56.5,7.707
1765484458.1919568,99,16,24,21,15,3.7475318908691406,56.5,56.5,7.36
1765484458.393075,99,16,24,21,15,3.7475318908691406,56.5,56.5,7.36
1765484458.5941262,99,42,47,27,22,3.747638702392578,56.5,57.5,8.729
1765484458.7975357,99,42,47,27,22,3.747638702392578,56.5,57.5,8.729
1765484459.0030932,99,42,47,27,22,3.747638702392578,56.5,57.5,8.729
1765484459.2052498,99,12,16,11,9,3.7480545043945312,56.5,56.5,6.971
1765484459.4065113,99,12,16,11,9,3.7480545043945312,56.5,56.5,6.971
1765484459.6081011,99,35,26,20,43,3.7475433349609375,57.0,56.5,7.934
1765484459.809684,99,35,26,20,43,3.7475433349609375,57.0,56.5,7.934
1765484460.0111578,99,35,26,20,43,3.7475433349609375,57.0,56.5,7.934
1765484460.2124019,5,28,20,21,27,3.7473526000976562,56.5,56.5,5.532
1765484460.413595,5,28,20,21,27,3.7473526000976562,56.5,56.5,5.532
1765484460.614498,99,21,29,40,27,3.7483596801757812,57.0,57.0,8.689
1765484460.8165393,99,21,29,40,27,3.7483596801757812,57.0,57.0,8.689
1765484461.0205681,99,21,29,40,27,3.7483596801757812,57.0,57.0,8.689
1765484461.2220027,45,18,23,10,20,3.7477073669433594,55.5,57.0,5.765
1765484461.4231663,45,18,23,10,20,3.7477073669433594,55.5,57.0,5.765
1765484461.6243474,45,18,23,10,20,3.7477073669433594,55.5,57.0,5.765
1765484461.8261847,99,21,45,18,25,3.7477073669433594,56.5,57.0,7.507
1765484462.027135,99,21,45,18,25,3.7477073669433594,56.5,57.0,7.507
1765484462.2297034,99,32,20,22,22,3.7477798461914062,56.5,57.0,7.16
1765484462.432811,99,32,20,22,22,3.7477798461914062,56.5,57.0,7.16
1765484462.6343102,99,32,20,22,22,3.7477798461914062,56.5,57.0,7.16
1765484462.8365066,99,19,21,12,37,3.7487106323242188,56.5,57.0,8.16
1765484463.037796,99,19,21,12,37,3.7487106323242188,56.5,57.0,8.16
1765484463.2388678,99,30,20,17,18,3.747333526611328,56.5,56.5,7.547
1765484463.4400163,99,30,20,17,18,3.747333526611328,56.5,56.5,7.547
1765484463.6426182,99,30,20,17,18,3.747333526611328,56.5,56.5,7.547
1765484463.8458335,99,49,26,24,31,3.7472305297851562,57.0,57.0,7.4
1765484464.0475445,99,49,26,24,31,3.7472305297851562,57.0,57.0,7.4
1765484464.2485945,99,28,30,24,20,3.7475051879882812,57.0,57.0,7.707
1765484464.4497044,99,28,30,24,20,3.7475051879882812,57.0,57.0,7.707
1765484464.6508934,99,28,30,24,20,3.7475051879882812,57.0,57.0,7.707
1765484464.8522356,99,16,18,19,34,3.7478713989257812,57.0,56.5,8.16
1765484465.0536053,99,16,18,19,34,3.7478713989257812,57.0,56.5,8.16
1765484465.254795,69,25,31,17,18,3.747589111328125,57.0,56.5,6.31
1765484465.456049,69,25,31,17,18,3.747589111328125,57.0,56.5,6.31
1765484465.658809,69,25,31,17,18,3.747589111328125,57.0,56.5,6.31
1765484465.862311,99,25,41,19,23,3.7476959228515625,57.0,57.0,7.974
1765484466.0638063,99,25,41,19,23,3.7476959228515625,57.0,57.0,7.974
1765484466.2649724,99,37,30,22,23,3.7486114501953125,56.5,57.0,7.627
1765484466.4671826,99,37,30,22,23,3.7486114501953125,56.5,57.0,7.627
1765484466.6706564,99,37,30,22,23,3.7486114501953125,56.5,57.0,7.627
1765484466.8721292,99,10,18,15,28,3.7475624084472656,57.0,56.5,7.547
1765484467.0742412,99,10,18,15,28,3.7475624084472656,57.0,56.5,7.547
1765484467.2757342,99,23,22,21,54,3.7477035522460938,57.0,56.5,7.627
1765484467.476913,99,23,22,21,54,3.7477035522460938,57.0,56.5,7.627
1765484467.678551,99,23,22,21,54,3.7477035522460938,57.0,56.5,7.627
1765484467.8796623,99,14,20,21,27,3.7476158142089844,57.0,57.0,8.2
1765484468.0806723,99,14,20,21,27,3.7476158142089844,57.0,57.0,8.2
1765484468.281749,99,40,20,29,23,3.748676300048828,57.0,57.5,8.359
1765484468.4849632,99,40,20,29,23,3.748676300048828,57.0,57.5,8.359
1765484468.6884463,99,40,20,29,23,3.748676300048828,57.0,57.5,8.359
1765484468.890124,99,25,25,15,14,3.7471771240234375,57.0,56.5,7.24
1765484469.0915656,99,25,25,15,14,3.7471771240234375,57.0,56.5,7.24
1765484469.2930274,99,26,28,46,18,3.7475738525390625,57.0,57.0,7.747
1765484469.4976609,99,26,28,46,18,3.7475738525390625,57.0,57.0,7.747
1765484469.6997364,99,26,28,46,18,3.7475738525390625,57.0,57.0,7.747
1765484469.9007778,99,24,22,19,22,3.748210906982422,57.0,57.0,7.36
1765484470.1020947,99,24,22,19,22,3.748210906982422,57.0,57.0,7.36
1765484470.3031368,99,39,17,20,23,3.748310089111328,57.0,57.5,8.2
1765484470.50547,99,39,17,20,23,3.748310089111328,57.0,57.5,8.2
1765484470.7109878,99,39,17,20,23,3.748310089111328,57.0,57.5,8.2
1765484470.9131508,3,27,25,16,14,3.7475242614746094,56.5,56.5,4.942
1765484471.114863,3,27,25,16,14,3.7475242614746094,56.5,56.5,4.942
1765484471.3165486,99,32,42,27,24,3.7478065490722656,57.0,57.0,8.081
1765484471.5195072,99,32,42,27,24,3.7478065490722656,57.0,57.0,8.081
1765484471.7209237,99,32,42,27,24,3.7478065490722656,57.0,57.0,8.081
1765484471.9224234,99,21,25,27,23,3.749065399169922,56.5,57.0,6.54
1765484472.1235209,99,21,25,27,23,3.749065399169922,56.5,57.0,6.54
1765484472.324782,99,21,25,27,23,3.749065399169922,56.5,57.0,6.54
1765484472.5259912,99,12,20,15,34,3.7480430603027344,57.0,57.0,7.428
1765484472.726991,99,12,20,15,34,3.7480430603027344,57.0,57.0,7.428
1765484472.9289038,99,20,20,18,36,3.7483253479003906,56.5,57.0,7.011
1765484473.1304388,99,20,20,18,36,3.7483253479003906,56.5,57.0,7.011
1765484473.3320599,99,20,20,18,36,3.7483253479003906,56.5,57.0,7.011
1765484473.5363128,99,23,44,18,30,3.7483978271484375,57.0,57.0,7.814
1765484473.7376747,99,23,44,18,30,3.7483978271484375,57.0,57.0,7.814
1765484473.9386203,99,35,24,23,12,3.7497901916503906,56.5,57.5,8.319
1765484474.1397781,99,35,24,23,12,3.7497901916503906,56.5,57.5,8.319
1765484474.3432753,99,35,24,23,12,3.7497901916503906,56.5,57.5,8.319
1765484474.5450184,99,17,18,31,15,3.748149871826172,57.0,57.0,7.24
1765484474.7462833,99,17,18,31,15,3.748149871826172,57.0,57.0,7.24
1765484474.9473772,99,34,24,25,18,3.7488632202148438,57.0,57.0,7.32
1765484475.1490211,99,34,24,25,18,3.7488632202148438,57.0,57.0,7.32
1765484475.350452,99,34,24,25,18,3.7488632202148438,57.0,57.0,7.32
1765484475.5533016,99,20,22,18,42,3.7486724853515625,57.5,57.0,8.319
1765484475.7546723,99,20,22,18,42,3.7486724853515625,57.5,57.0,8.319
1765484475.9567955,99,12,22,20,12,3.7497940063476562,56.5,57.5,6.902
1765484476.1589646,99,12,22,20,12,3.7497940063476562,56.5,57.5,6.902
1765484476.3616915,99,12,22,20,12,3.7497940063476562,56.5,57.5,6.902
1765484476.5633829,99,22,21,29,45,3.7488555908203125,57.0,57.0,7.974
1765484476.7644947,99,22,21,29,45,3.7488555908203125,57.0,57.0,7.974
1765484476.9656386,99,25,37,24,30,3.7488555908203125,56.5,58.0,6.931
1765484477.1685245,99,25,37,24,30,3.7488555908203125,56.5,58.0,6.931
1765484477.37055,99,25,37,24,30,3.7488555908203125,56.5,58.0,6.931
1765484477.5726554,99,27,17,8,33,3.7495689392089844,57.5,57.5,8.24
1765484477.7753158,99,27,17,8,33,3.7495689392089844,57.5,57.5,8.24
1765484477.9766634,99,32,19,25,16,3.748870849609375,56.5,58.0,7.468
1765484478.1783938,99,32,19,25,16,3.748870849609375,56.5,58.0,7.468
1765484478.3811326,99,32,19,25,16,3.748870849609375,56.5,58.0,7.468
1765484478.5824752,99,26,17,25,24,3.7488861083984375,57.0,57.0,7.934
1765484478.7836685,99,26,17,25,24,3.7488861083984375,57.0,57.0,7.934
1765484478.986163,99,52,37,22,33,3.7496337890625,57.5,58.0,7.934
1765484479.1888192,99,52,37,22,33,3.7496337890625,57.5,58.0,7.934
1765484479.390504,99,52,37,22,33,3.7496337890625,57.5,58.0,7.934
1765484479.5915825,99,12,18,17,11,3.7502670288085938,57.0,57.5,8.041
1765484479.7926629,99,12,18,17,11,3.7502670288085938,57.0,57.5,8.041
1765484479.9942741,99,28,17,43,17,3.7492904663085938,57.5,57.5,7.747
1765484480.1955595,99,28,17,43,17,3.7492904663085938,57.5,57.5,7.747
1765484480.3985946,99,28,17,43,17,3.7492904663085938,57.5,57.5,7.747
1765484480.600708,99,22,18,19,21,3.7493667602539062,57.0,57.0,6.902
1765484480.802015,99,22,18,19,21,3.7493667602539062,57.0,57.0,6.902
1765484481.0029922,99,38,39,33,30,3.7493934631347656,57.5,57.5,8.743
1765484481.2060869,99,38,39,33,30,3.7493934631347656,57.5,57.5,8.743
1765484481.4090312,99,38,39,33,30,3.7493934631347656,57.5,57.5,8.743
1765484481.6104474,76,21,19,13,15,3.7501487731933594,56.5,57.5,5.572
1765484481.8115554,76,21,19,13,15,3.7501487731933594,56.5,57.5,5.572
1765484482.012859,76,21,19,13,15,3.7501487731933594,56.5,57.5,5.572
1765484482.2142947,99,30,18,40,28,3.749439239501953,57.5,57.0,8.094
1765484482.4161658,99,30,18,40,28,3.749439239501953,57.5,57.0,8.094
1765484482.6183896,99,22,22,32,22,3.74957275390625,56.5,57.5,5.998
1765484482.8196073,99,22,22,32,22,3.74957275390625,56.5,57.5,5.998
1765484483.0208547,99,22,22,32,22,3.74957275390625,56.5,57.5,5.998
1765484483.2241633,99,19,24,20,45,3.7505455017089844,57.5,57.5,8.081
1765484483.4271016,99,19,24,20,45,3.7505455017089844,57.5,57.5,8.081
1765484483.6285255,99,14,14,20,9,3.749286651611328,57.0,57.0,6.741
1765484483.8295124,99,14,14,20,9,3.749286651611328,57.0,57.0,6.741
1765484484.0324943,99,14,14,20,9,3.749286651611328,57.0,57.0,6.741
1765484484.2357764,99,22,48,18,21,3.749713897705078,57.0,57.5,7.468
1765484484.4371955,99,22,48,18,21,3.749713897705078,57.0,57.5,7.468
1765484484.638294,99,25,26,37,22,3.7490882873535156,57.0,58.0,8.319
1765484484.839658,99,25,26,37,22,3.7490882873535156,57.0,58.0,8.319
1765484485.041065,99,25,26,37,22,3.7490882873535156,57.0,58.0,8.319
1765484485.2432394,99,25,33,43,29,3.7504653930664062,57.5,57.0,8.2
1765484485.4452217,99,25,33,43,29,3.7504653930664062,57.5,57.0,8.2
1765484485.6465707,99,18,22,23,17,3.7493553161621094,57.0,57.0,7.051
1765484485.8476496,99,18,22,23,17,3.7493553161621094,57.0,57.0,7.051
1765484486.0505946,99,18,22,23,17,3.7493553161621094,57.0,57.0,7.051
1765484486.253728,99,28,24,47,19,3.7489395141601562,57.5,57.0,8.16
1765484486.4553783,99,28,24,47,19,3.7489395141601562,57.5,57.0,8.16
1765484486.6564286,67,27,44,22,22,3.7491912841796875,57.0,57.5,7.051
1765484486.8598437,67,27,44,22,22,3.7491912841796875,57.0,57.5,7.051
1765484487.0618331,67,27,44,22,22,3.7491912841796875,57.0,57.5,7.051
1765484487.2633085,99,30,28,12,11,3.7497215270996094,57.5,57.5,8.24
1765484487.4650228,99,30,28,12,11,3.7497215270996094,57.5,57.5,8.24
1765484487.6665208,99,21,47,22,12,3.749370574951172,57.0,57.5,7.468
1765484487.8677394,99,21,47,22,12,3.749370574951172,57.0,57.5,7.468
1765484488.0702834,99,21,47,22,12,3.749370574951172,57.0,57.5,7.468
1765484488.2718384,99,19,28,18,23,3.749225616455078,57.5,57.5,8.014
1765484488.472937,99,19,28,18,23,3.749225616455078,57.5,57.5,8.014
1765484488.6743002,99,27,26,48,22,3.7501564025878906,57.5,58.0,8.346
1765484488.8768013,99,27,26,48,22,3.7501564025878906,57.5,58.0,8.346
1765484489.079849,99,27,26,48,22,3.7501564025878906,57.5,58.0,8.346
1765484489.2812145,99,19,18,18,12,3.750091552734375,57.5,57.5,7.44
1765484489.482336,99,19,18,18,12,3.750091552734375,57.5,57.5,7.44
1765484489.6834953,99,19,18,18,12,3.750091552734375,57.5,57.5,7.44
1765484489.884721,99,43,30,34,23,3.749378204345703,57.5,57.5,7.695
1765484490.0860665,99,43,30,34,23,3.749378204345703,57.5,57.5,7.695
1765484490.287574,99,21,16,25,19,3.7489013671875,57.5,57.0,7.011
1765484490.488574,99,21,16,25,19,3.7489013671875,57.5,57.0,7.011
1765484490.6896286,99,21,16,25,19,3.7489013671875,57.5,57.0,7.011
1765484490.8926651,99,27,44,27,21,3.750102996826172,57.5,57.5,8.65
1765484491.0960846,99,27,44,27,21,3.750102996826172,57.5,57.5,8.65
1765484491.297961,0,30,16,15,23,3.7492752075195312,56.5,58.5,5.096
1765484491.499134,0,30,16,15,23,3.7492752075195312,56.5,58.5,5.096
1765484491.7012582,0,30,16,15,23,3.7492752075195312,56.5,58.5,5.096
1765484491.9041631,99,24,26,42,19,3.7493324279785156,57.5,57.5,7.667
1765484492.1057591,99,24,26,42,19,3.7493324279785156,57.5,57.5,7.667
1765484492.3071327,99,26,22,37,29,3.7491073608398438,57.0,57.5,6.701
1765484492.508311,99,26,22,37,29,3.7491073608398438,57.0,57.5,6.701
1765484492.7097545,99,26,22,37,29,3.7491073608398438,57.0,57.5,6.701
1765484492.911677,99,20,13,12,36,3.749622344970703,57.5,57.5,7.894
1765484493.115174,99,20,13,12,36,3.749622344970703,57.5,57.5,7.894
1765484493.3174863,99,22,20,17,26,3.7488365173339844,57.0,57.5,7.051
1765484493.518855,99,22,20,17,26,3.7488365173339844,57.0,57.5,7.051
1765484493.72079,99,22,20,17,26,3.7488365173339844,57.0,57.5,7.051
1765484493.92407,99,42,26,34,21,3.7487335205078125,57.0,57.5,7.747
1765484494.1254559,99,42,26,34,21,3.7487335205078125,57.0,57.5,7.747
1765484494.3269136,99,24,27,29,24,3.7496337890625,57.5,57.5,8.385
1765484494.5281136,99,24,27,29,24,3.7496337890625,57.5,57.5,8.385
1765484494.731331,99,24,27,29,24,3.7496337890625,57.5,57.5,8.385
1765484494.9330864,99,20,34,11,17,3.7488365173339844,57.0,57.5,7.587
1765484495.1342025,99,20,34,11,17,3.7488365173339844,57.0,57.5,7.587
1765484495.335209,99,22,20,20,34,3.7489585876464844,57.5,57.0,7.12
1765484495.5363271,99,22,20,20,34,3.7489585876464844,57.5,57.0,7.12
1765484495.7385666,99,22,20,20,34,3.7489585876464844,57.5,57.0,7.12
1765484495.941093,99,23,46,20,18,3.748889923095703,57.5,57.5,8.24
1765484496.1435263,99,23,46,20,18,3.748889923095703,57.5,57.5,8.24
1765484496.34507,84,23,24,42,20,3.7494773864746094,56.5,58.5,6.741
1765484496.547155,84,23,24,42,20,3.7494773864746094,56.5,58.5,6.741
1765484496.751381,84,23,24,42,20,3.7494773864746094,56.5,58.5,6.741
1765484496.9529486,99,16,19,36,12,3.748798370361328,57.5,57.5,7.854
1765484497.1549044,99,16,19,36,12,3.748798370361328,57.5,57.5,7.854
1765484497.3565629,99,28,25,32,36,3.7493133544921875,57.0,57.5,7.091
1765484497.5598278,99,28,25,32,36,3.7493133544921875,57.0,57.5,7.091
1765484497.761424,99,28,25,32,36,3.7493133544921875,57.0,57.5,7.091
1765484497.9635286,99,26,20,18,31,3.749256134033203,57.5,57.5,7.934
1765484498.1653974,99,26,20,18,31,3.749256134033203,57.5,57.5,7.934
1765484498.3667827,99,26,20,18,31,3.749256134033203,57.5,57.5,7.934
1765484498.5686827,99,38,18,19,26,3.749713897705078,57.0,58.0,8.12
1765484498.774155,99,38,18,19,26,3.749713897705078,57.0,58.0,8.12
1765484498.9756541,99,27,23,19,26,3.7489585876464844,57.5,57.5,8.081
1765484499.1769218,99,27,23,19,26,3.7489585876464844,57.5,57.5,8.081
1765484499.3779984,99,27,23,19,26,3.7489585876464844,57.5,57.5,8.081
1765484499.5807052,99,52,27,24,24,3.7488365173339844,57.5,57.5,7.747
1765484499.7825232,99,52,27,24,24,3.7488365173339844,57.5,57.5,7.747
1765484499.9835608,99,20,24,23,17,3.7500839233398438,58.0,57.5,7.894
1765484500.1858773,99,20,24,23,17,3.7500839233398438,58.0,57.5,7.894
1765484500.387284,99,20,24,23,17,3.7500839233398438,58.0,57.5,7.894
1765484500.5886488,99,43,21,22,14,3.749584197998047,57.5,57.5,8.081
1765484500.7915487,99,43,21,22,14,3.749584197998047,57.5,57.5,8.081
1765484500.9930186,99,21,20,16,20,3.7489471435546875,57.5,57.5,6.861
1765484501.1943436,99,21,20,16,20,3.7489471435546875,57.5,57.5,6.861
1765484501.3955722,99,21,20,16,20,3.7489471435546875,57.5,57.5,6.861
1765484501.598719,99,34,51,23,22,3.748889923095703,57.5,57.5,8.2
1765484501.8003676,99,34,51,23,22,3.748889923095703,57.5,57.5,8.2
1765484502.001546,0,27,18,18,20,3.749927520751953,57.0,58.5,5.604
1765484502.202689,0,27,18,18,20,3.749927520751953,57.0,58.5,5.604
1765484502.4058776,0,27,18,18,20,3.749927520751953,57.0,58.5,5.604
1765484502.607658,99,24,14,34,17,3.7488250732421875,57.5,57.5,7.747
1765484502.810762,99,24,14,34,17,3.7488250732421875,57.5,57.5,7.747
1765484503.0128596,99,21,22,34,25,3.748821258544922,57.0,57.5,6.199
1765484503.2143447,99,21,22,34,25,3.748821258544922,57.0,57.5,6.199
1765484503.4156435,99,21,22,34,25,3.748821258544922,57.0,57.5,6.199
1765484503.6204042,99,22,32,40,19,3.7485427856445312,57.5,57.5,7.747
1765484503.8247278,99,22,32,40,19,3.7485427856445312,57.5,57.5,7.747
1765484504.0265763,99,28,31,22,24,3.749969482421875,57.5,58.5,7.627
1765484504.2276857,99,28,31,22,24,3.749969482421875,57.5,58.5,7.627
1765484504.4308548,99,28,31,22,24,3.749969482421875,57.5,58.5,7.627
1765484504.6326413,99,44,12,15,18,3.7490577697753906,58.0,57.5,7.707
1765484504.8347101,99,44,12,15,18,3.7490577697753906,58.0,57.5,7.707
1765484505.0369406,99,20,27,27,25,3.748931884765625,57.5,57.5,7.468
1765484505.240361,99,20,27,27,25,3.748931884765625,57.5,57.5,7.468
1765484505.4417825,99,20,27,27,25,3.748931884765625,57.5,57.5,7.468
1765484505.6450708,99,15,45,20,22,3.7491989135742188,58.0,58.0,7.974
1765484505.8465135,99,15,45,20,22,3.7491989135742188,58.0,58.0,7.974
1765484506.0477042,99,17,28,8,11,3.7494544982910156,58.0,58.0,7.547
1765484506.2489245,99,17,28,8,11,3.7494544982910156,58.0,58.0,7.547
1765484506.4518743,99,17,28,8,11,3.7494544982910156,58.0,58.0,7.547
1765484506.6552703,99,39,22,28,20,3.7486953735351562,58.0,58.0,8.24
1765484506.856746,99,39,22,28,20,3.7486953735351562,58.0,58.0,8.24
1765484507.0579953,72,24,31,33,21,3.7490386962890625,57.5,57.5,5.685
1765484507.259564,72,24,31,33,21,3.7490386962890625,57.5,57.5,5.685
1765484507.4612446,72,24,31,33,21,3.7490386962890625,57.5,57.5,5.685
1765484507.6636055,99,42,14,14,12,3.7499961853027344,58.0,58.0,8.689
1765484507.8648667,99,42,14,14,12,3.7499961853027344,58.0,58.0,8.689
1765484508.0668795,99,42,14,14,12,3.7499961853027344,58.0,58.0,8.689
1765484508.2679482,0,20,25,17,16,3.7491226196289062,57.0,57.5,4.422
1765484508.471338,0,20,25,17,16,3.7491226196289062,57.0,57.5,4.422
1765484508.6742275,99,25,20,25,42,3.7499237060546875,58.0,57.5,8.014
1765484508.8755608,99,25,20,25,42,3.7499237060546875,58.0,57.5,8.014
1765484509.0765493,99,25,20,25,42,3.7499237060546875,58.0,57.5,8.014
1765484509.278805,99,36,31,25,18,3.749481201171875,57.0,58.5,7.16
1765484509.4803739,99,36,31,25,18,3.749481201171875,57.0,58.5,7.16
1765484509.6815884,99,16,16,12,30,3.7503814697265625,57.5,58.0,8.359
1765484509.8825855,99,16,16,12,30,3.7503814697265625,57.5,58.0,8.359
1765484510.083803,99,16,16,12,30,3.7503814697265625,57.5,58.0,8.359
1765484510.2848353,99,34,30,18,14,3.7496299743652344,57.5,58.5,7.428
1765484510.487877,99,34,30,18,14,3.7496299743652344,57.5,58.5,7.428
1765484510.6904194,99,26,25,20,10,3.7498130798339844,57.5,57.5,7.894
1765484510.8922906,99,26,25,20,10,3.7498130798339844,57.5,57.5,7.894
1765484511.0934553,99,26,25,20,10,3.7498130798339844,57.5,57.5,7.894
1765484511.29559,99,33,39,40,21,3.7493858337402344,57.5,58.5,8.2
1765484511.4988449,99,33,39,40,21,3.7493858337402344,57.5,58.5,8.2
1765484511.7001584,99,14,23,15,11,3.7497825622558594,57.5,58.5,7.854
1765484511.9016063,99,14,23,15,11,3.7497825622558594,57.5,58.5,7.854
1765484512.1029694,99,14,23,15,11,3.7497825622558594,57.5,58.5,7.854
1765484512.3047588,99,65,26,35,29,3.7467117309570312,58.0,59.0,8.848
1765484512.5062027,99,65,26,35,29,3.7467117309570312,58.0,59.0,8.848
1765484512.7072089,99,23,28,25,19,3.746356964111328,57.5,57.5,7.747
1765484512.9098668,99,23,28,25,19,3.746356964111328,57.5,57.5,7.747
1765484513.1116216,99,23,28,25,19,3.746356964111328,57.5,57.5,7.747
1765484513.3137586,99,30,32,50,28,3.7464981079101562,57.5,58.5,9.032
1765484513.5192218,99,30,32,50,28,3.7464981079101562,57.5,58.5,9.032
1765484513.7205896,99,14,12,8,10,3.7458152770996094,57.0,57.5,5.725
1765484513.9220452,99,14,12,8,10,3.7458152770996094,57.0,57.5,5.725
1765484514.124006,99,14,12,8,10,3.7458152770996094,57.0,57.5,5.725
1765484514.3275158,99,25,32,29,43,3.745635986328125,57.5,57.5,8.014
1765484514.529183,99,25,32,29,43,3.745635986328125,57.5,57.5,8.014
1765484514.7303944,0,26,26,24,23,3.746063232421875,57.0,59.0,5.644
1765484514.9316385,0,26,26,24,23,3.746063232421875,57.0,59.0,5.644
1765484515.1329572,0,26,26,24,23,3.746063232421875,57.0,59.0,5.644
1765484515.3348327,99,25,40,20,14,3.746868133544922,58.0,58.0,8.16
1765484515.538799,99,25,40,20,14,3.746868133544922,58.0,58.0,8.16
1765484515.7400484,99,33,22,30,19,3.7452850341796875,57.0,59.0,6.31
1765484515.944258,99,33,22,30,19,3.7452850341796875,57.0,59.0,6.31
1765484516.1464412,99,33,22,30,19,3.7452850341796875,57.0,59.0,6.31
1765484516.349094,99,41,58,33,42,3.7388381958007812,57.5,57.5,7.627
1765484516.5509706,99,41,58,33,42,3.7388381958007812,57.5,57.5,7.627
1765484516.7522779,99,22,36,18,32,3.7398300170898438,57.5,58.5,7.547
1765484516.953401,99,22,36,18,32,3.7398300170898438,57.5,58.5,7.547
1765484517.1563737,99,22,36,18,32,3.7398300170898438,57.5,58.5,7.547
1765484517.358309,99,12,15,12,36,3.7406845092773438,57.5,58.0,8.014
1765484517.560922,99,12,15,12,36,3.7406845092773438,57.5,58.0,8.014
1765484517.7622674,99,26,14,24,16,3.740020751953125,57.5,57.5,7.4
1765484517.9634502,99,26,14,24,16,3.740020751953125,57.5,57.5,7.4
1765484518.1649902,99,26,14,24,16,3.740020751953125,57.5,57.5,7.4
1765484518.367912,99,50,24,25,21,3.7400169372558594,57.5,57.5,7.428
1765484518.5704556,99,50,24,25,21,3.7400169372558594,57.5,57.5,7.428
1765484518.7716098,99,50,24,25,21,3.7400169372558594,57.5,57.5,7.428
1765484518.9736128,99,24,24,31,32,3.7403564453125,58.0,58.5,8.319
1765484519.1758685,99,24,24,31,32,3.7403564453125,58.0,58.5,8.319
1765484519.3771794,99,14,10,31,14,3.739910125732422,58.0,58.0,7.934
1765484519.578201,99,14,10,31,14,3.739910125732422,58.0,58.0,7.934
1765484519.780921,99,14,10,31,14,3.739910125732422,58.0,58.0,7.934
1765484519.9843943,99,23,30,25,20,3.7396697998046875,57.5,57.5,6.781
1765484520.1864781,99,23,30,25,20,3.7396697998046875,57.5,57.5,6.781
1765484520.3883011,99,18,42,18,20,3.7401046752929688,58.0,58.0,8.094
1765484520.589462,99,18,42,18,20,3.7401046752929688,58.0,58.0,8.094
1765484520.7909448,99,18,42,18,20,3.7401046752929688,58.0,58.0,8.094
1765484520.9926972,99,33,29,25,24,3.7405662536621094,57.5,59.0,7.667
1765484521.1977606,99,33,29,25,24,3.7405662536621094,57.5,59.0,7.667
1765484521.3996234,99,20,24,36,18,3.7397689819335938,58.0,58.0,7.775
1765484521.6006694,99,20,24,36,18,3.7397689819335938,58.0,58.0,7.775
1765484521.8016913,99,20,24,36,18,3.7397689819335938,58.0,58.0,7.775
1765484522.0031152,99,40,26,25,37,3.7404556274414062,57.5,58.5,7.4
1765484522.2045321,99,40,26,25,37,3.7404556274414062,57.5,58.5,7.4
1765484522.4062765,99,35,14,22,22,3.7398109436035156,58.0,58.0,8.319
1765484522.6075144,99,35,14,22,22,3.7398109436035156,58.0,58.0,8.319
1765484522.8086946,99,35,14,22,22,3.7398109436035156,58.0,58.0,8.319
1765484523.0098484,99,20,24,22,34,3.740520477294922,57.5,58.5,7.814
1765484523.2157273,99,20,24,22,34,3.740520477294922,57.5,58.5,7.814
1765484523.418779,99,25,19,19,21,3.740001678466797,58.0,58.0,7.667
1765484523.620027,99,25,19,19,21,3.740001678466797,58.0,58.0,7.667
1765484523.821223,99,25,19,19,21,3.740001678466797,58.0,58.0,7.667
1765484524.0242543,99,48,24,20,30,3.7399444580078125,57.5,58.0,7.775
1765484524.2262344,99,48,24,20,30,3.7399444580078125,57.5,58.0,7.775
1765484524.4272604,99,14,14,28,24,3.740978240966797,57.5,58.0,7.934
1765484524.630527,99,14,14,28,24,3.740978240966797,57.5,58.0,7.934
1765484524.8317263,99,14,14,28,24,3.740978240966797,57.5,58.0,7.934
1765484525.033327,99,40,27,18,15,3.7406082153320312,58.0,58.0,7.934
1765484525.2356596,99,40,27,18,15,3.7406082153320312,58.0,58.0,7.934
1765484525.4367988,99,22,27,20,28,3.740001678466797,57.5,57.5,6.007
1765484525.6378393,99,22,27,20,28,3.740001678466797,57.5,57.5,6.007
1765484525.8391938,99,22,27,20,28,3.740001678466797,57.5,57.5,6.007
1765484526.0411599,99,25,26,50,37,3.7394180297851562,58.0,58.5,8.319
1765484526.244179,99,25,26,50,37,3.7394180297851562,58.0,58.5,8.319
1765484526.4458146,70,18,28,19,16,3.7406158447265625,57.5,58.5,6.189
1765484526.648162,70,18,28,19,16,3.7406158447265625,57.5,58.5,6.189
1765484526.849637,70,18,28,19,16,3.7406158447265625,57.5,58.5,6.189
1765484527.0518,99,20,25,43,8,3.74017333984375,58.0,58.0,7.507
1765484527.2537088,99,20,25,43,8,3.74017333984375,58.0,58.0,7.507
1765484527.455081,99,20,25,43,8,3.74017333984375,58.0,58.0,7.507
1765484527.6561606,99,34,22,20,26,3.739990234375,57.5,58.5,6.85
1765484527.8572261,99,34,22,20,26,3.739990234375,57.5,58.5,6.85
1765484528.0592875,99,46,15,22,18,3.739795684814453,58.0,58.0,7.814
1765484528.2632785,99,46,15,22,18,3.739795684814453,58.0,58.0,7.814
1765484528.4647477,99,46,15,22,18,3.739795684814453,58.0,58.0,7.814
1765484528.6655705,99,32,15,23,16,3.740772247314453,57.5,58.5,7.894
1765484528.867337,99,32,15,23,16,3.740772247314453,57.5,58.5,7.894
1765484529.069392,99,23,14,36,16,3.7401351928710938,58.0,58.0,7.667
1765484529.2707632,99,23,14,36,16,3.7401351928710938,58.0,58.0,7.667
1765484529.4741962,99,23,14,36,16,3.7401351928710938,58.0,58.0,7.667
1765484529.6753094,99,34,20,17,18,3.7405929565429688,58.0,58.0,7.667
1765484529.8767097,99,34,20,17,18,3.7405929565429688,58.0,58.0,7.667
1765484530.0790827,99,14,27,46,14,3.741283416748047,58.0,58.5,8.16
1765484530.2837145,99,14,27,46,14,3.741283416748047,58.0,58.5,8.16
1765484530.4853768,99,14,27,46,14,3.741283416748047,58.0,58.5,8.16
1765484530.6867836,99,24,12,17,8,3.7406044006347656,58.0,58.0,7.547
1765484530.889604,99,24,12,17,8,3.7406044006347656,58.0,58.0,7.547
1765484531.0923936,99,28,44,22,23,3.7410354614257812,58.0,58.5,7.974
1765484531.2939782,99,28,44,22,23,3.7410354614257812,58.0,58.5,7.974
1765484531.4958918,99,28,44,22,23,3.7410354614257812,58.0,58.5,7.974
1765484531.6983912,99,32,20,25,29,3.7412490844726562,58.0,58.0,7.28
1765484531.900352,99,32,20,25,29,3.7412490844726562,58.0,58.0,7.28
1765484532.1016834,99,21,18,14,42,3.742534637451172,58.5,58.5,8.624
1765484532.3024905,99,21,18,14,42,3.742534637451172,58.5,58.5,8.624
1765484532.505283,99,21,18,14,42,3.742534637451172,58.5,58.5,8.624
1765484532.7067306,0,20,25,20,21,3.7431983947753906,57.5,57.5,5.613
1765484532.90867,0,20,25,20,21,3.7431983947753906,57.5,57.5,5.613
1765484533.1108584,99,30,30,20,42,3.7430381774902344,58.5,58.5,7.974
1765484533.311996,99,30,30,20,42,3.7430381774902344,58.5,58.5,7.974
1765484533.5133748,99,30,30,20,42,3.7430381774902344,58.5,58.5,7.974
1765484533.7145863,22,27,34,27,28,3.7434730529785156,57.0,58.5,5.998
1765484533.9172099,22,27,34,27,28,3.7434730529785156,57.0,58.5,5.998
1765484534.118998,99,20,35,12,11,3.744525909423828,58.5,58.0,8.584
1765484534.3200603,99,20,35,12,11,3.744525909423828,58.5,58.0,8.584
1765484534.521043,99,20,35,12,11,3.744525909423828,58.5,58.0,8.584
1765484534.7223566,99,24,33,31,19,3.7440223693847656,58.0,58.5,7.16
1765484534.923953,99,24,33,31,19,3.7440223693847656,58.0,58.5,7.16
1765484535.125401,99,16,31,18,13,3.7441444396972656,58.0,58.5,7.747
1765484535.326486,99,16,31,18,13,3.7441444396972656,58.0,58.5,7.747
1765484535.5277288,99,16,31,18,13,3.7441444396972656,58.0,58.5,7.747
1765484535.7292833,99,44,29,24,27,3.7450027465820312,58.0,59.0,8.081
1765484535.934783,99,44,29,24,27,3.7450027465820312,58.0,59.0,8.081
1765484536.1361282,99,26,19,16,15,3.744304656982422,58.0,58.0,7.735
1765484536.337224,99,26,19,16,15,3.744304656982422,58.0,58.0,7.735
1765484536.5382888,99,26,19,16,15,3.744304656982422,58.0,58.0,7.735
1765484536.7402468,99,32,48,18,20,3.744415283203125,58.0,58.5,7.507
1765484536.941593,99,32,48,18,20,3.744415283203125,58.0,58.5,7.507
1765484537.142655,99,32,48,18,20,3.744415283203125,58.0,58.5,7.507
1765484537.3442247,99,26,16,17,12,3.7442550659179688,58.0,58.0,7.32
1765484537.5454466,99,26,16,17,12,3.7442550659179688,58.0,58.0,7.32
1765484537.7470737,99,16,32,44,24,3.7450218200683594,58.0,59.0,8.664
1765484537.9503767,99,16,32,44,24,3.7450218200683594,58.0,59.0,8.664
1765484538.1519113,99,16,32,44,24,3.7450218200683594,58.0,59.0,8.664
1765484538.3529458,99,24,13,11,8,3.744220733642578,58.0,58.0,5.967
1765484538.554241,99,24,13,11,8,3.744220733642578,58.0,58.0,5.967
1765484538.757017,99,33,23,47,19,3.7437286376953125,58.5,58.0,7.934
1765484538.9587693,99,33,23,47,19,3.7437286376953125,58.5,58.0,7.934
1765484539.160329,99,33,23,47,19,3.7437286376953125,58.5,58.0,7.934
1765484539.361778,25,29,21,20,29,3.7441635131835938,58.0,59.0,6.199
1765484539.563544,25,29,21,20,29,3.7441635131835938,58.0,59.0,6.199
1765484539.7648304,99,12,43,8,15,3.744884490966797,58.0,59.0,7.934
1765484539.9677773,99,12,43,8,15,3.744884490966797,58.0,59.0,7.934
1765484540.169276,99,12,43,8,15,3.744884490966797,58.0,59.0,7.934
1765484540.3705971,99,26,18,17,25,3.744129180908203,57.5,58.0,6.229
1765484540.5717354,99,26,18,17,25,3.744129180908203,57.5,58.0,6.229
1765484540.7747643,99,48,21,18,28,3.74383544921875,58.5,58.5,7.735
1765484540.9784465,99,48,21,18,28,3.74383544921875,58.5,58.5,7.735
1765484541.179947,99,48,21,18,28,3.74383544921875,58.5,58.5,7.735
1765484541.3810065,99,23,24,30,30,3.745098114013672,58.5,59.0,8.425
1765484541.583966,99,23,24,30,30,3.745098114013672,58.5,59.0,8.425
1765484541.7863772,99,14,14,34,16,3.7445068359375,59.0,58.5,7.24
1765484541.9884627,99,14,14,34,16,3.7445068359375,59.0,58.5,7.24
1765484542.190043,99,14,14,34,16,3.7445068359375,59.0,58.5,7.24
1765484542.3912258,99,22,30,10,19,3.7443161010742188,58.5,58.0,7.4
1765484542.5923984,99,22,30,10,19,3.7443161010742188,58.5,58.0,7.4
1765484542.7941008,99,22,18,42,20,3.744537353515625,58.5,58.5,7.934
1765484542.9972286,99,22,18,42,20,3.744537353515625,58.5,58.5,7.934
1765484543.1987488,99,22,18,42,20,3.744537353515625,58.5,58.5,7.934
1765484543.399816,99,32,27,21,12,3.7452926635742188,58.0,58.5,7.547
1765484543.6028984,99,32,27,21,12,3.7452926635742188,58.0,58.5,7.547
1765484543.8047302,99,21,37,13,12,3.744476318359375,58.5,58.5,8.094
1765484544.0057762,99,21,37,13,12,3.744476318359375,58.5,58.5,8.094
1765484544.2086916,99,21,37,13,12,3.744476318359375,58.5,58.5,8.094
1765484544.410482,4,25,34,20,30,3.7443580627441406,57.5,58.5,6.078
1765484544.611966,4,25,34,20,30,3.7443580627441406,57.5,58.5,6.078
1765484544.8130538,99,21,39,22,14,3.744152069091797,58.5,58.5,8.359
1765484545.0140622,99,21,39,22,14,3.744152069091797,58.5,58.5,8.359
1765484545.2154138,99,21,39,22,14,3.744152069091797,58.5,58.5,8.359
1765484545.416672,99,27,26,37,29,3.7452354431152344,58.0,59.0,7.428
1765484545.6186514,99,27,26,37,29,3.7452354431152344,58.0,59.0,7.428
1765484545.819995,99,27,26,37,29,3.7452354431152344,58.0,59.0,7.428
1765484546.021051,99,35,31,26,34,3.7443695068359375,58.5,58.5,7.547
1765484546.222143,99,35,31,26,34,3.7443695068359375,58.5,58.5,7.547
1765484546.4242396,99,28,25,38,28,3.7445716857910156,58.0,59.0,7.735
1765484546.6264327,99,28,25,38,28,3.7445716857910156,58.0,59.0,7.735
1765484546.8277073,99,28,25,38,28,3.7445716857910156,58.0,59.0,7.735
1765484547.0291848,99,25,22,24,22,3.745136260986328,58.5,58.5,8.425
1765484547.2303727,99,25,22,24,22,3.745136260986328,58.5,58.5,8.425
1765484547.4314897,99,10,28,13,43,3.7445755004882812,58.5,59.0,8.041
1765484547.634234,99,10,28,13,43,3.7445755004882812,58.5,59.0,8.041
1765484547.8392243,99,10,28,13,43,3.7445755004882812,58.5,59.0,8.041
1765484548.0407207,99,27,18,18,14,3.744548797607422,59.0,58.5,7.36
1765484548.241813,99,27,18,18,14,3.744548797607422,59.0,58.5,7.36
1765484548.4434385,99,22,34,42,23,3.7445602416992188,58.5,58.5,7.775
1765484548.6458747,99,22,34,42,23,3.7445602416992188,58.5,58.5,7.775
1765484548.848014,99,22,34,42,23,3.7445602416992188,58.5,58.5,7.775
1765484549.0497644,99,20,24,21,12,3.7446823120117188,59.0,58.5,7.36
1765484549.2510266,99,20,24,21,12,3.7446823120117188,59.0,58.5,7.36
1765484549.4522412,99,12,44,18,12,3.7439651489257812,58.5,58.5,8.054
1765484549.6547432,99,12,44,18,12,3.7439651489257812,58.5,58.5,8.054
1765484549.8566434,99,12,44,18,12,3.7439651489257812,58.5,58.5,8.054
1765484550.0594888,0,22,29,20,17,3.744293212890625,58.0,58.0,5.249
1765484550.2609966,0,22,29,20,17,3.744293212890625,58.0,58.0,5.249
1765484550.4627962,99,25,50,34,21,3.7438697814941406,59.0,59.0,8.094
1765484550.665411,99,25,50,34,21,3.7438697814941406,59.0,59.0,8.094
1765484550.867625,99,25,50,34,21,3.7438697814941406,59.0,59.0,8.094
1765484551.0687082,99,22,20,20,18,3.7443275451660156,58.0,59.0,6.931
1765484551.2701657,99,22,20,20,18,3.7443275451660156,58.0,59.0,6.931
1765484551.4719872,99,17,40,15,16,3.7443199157714844,58.5,58.5,7.468
1765484551.6734238,99,17,40,15,16,3.7443199157714844,58.5,58.5,7.468
1765484551.8745198,99,17,40,15,16,3.7443199157714844,58.5,58.5,7.468
1765484552.0758977,99,27,20,28,22,3.7443199157714844,58.0,58.5,7.4
1765484552.2771418,99,27,20,28,22,3.7443199157714844,58.0,58.5,7.4
1765484552.478668,99,46,19,22,18,3.7444419860839844,58.5,58.5,7.787
1765484552.681309,99,46,19,22,18,3.7444419860839844,58.5,58.5,7.787
1765484552.882879,99,46,19,22,18,3.7444419860839844,58.5,58.5,7.787
1765484553.0841165,99,10,30,10,13,3.744903564453125,58.0,58.0,7.695
1765484553.2854683,99,10,30,10,13,3.744903564453125,58.0,58.0,7.695
1765484553.4866695,99,10,30,10,13,3.744903564453125,58.0,58.0,7.695
1765484553.6878164,99,41,30,19,21,3.7445449829101562,58.5,58.5,7.894
1765484553.8890545,99,41,30,19,21,3.7445449829101562,58.5,58.5,7.894
1765484554.0901535,99,26,35,17,12,3.744476318359375,58.5,58.0,6.861
1765484554.2925882,99,26,35,17,12,3.744476318359375,58.5,58.0,6.861
1765484554.4939973,99,26,35,17,12,3.744476318359375,58.5,58.0,6.861
1765484554.6965985,99,36,28,18,25,3.745166778564453,59.0,59.0,9.19
1765484554.8989246,99,36,28,18,25,3.745166778564453,59.0,59.0,9.19
1765484555.1002622,0,21,30,13,10,3.7439651489257812,57.5,58.0,5.33
1765484555.3023627,0,21,30,13,10,3.7439651489257812,57.5,58.0,5.33
1765484555.5045867,0,21,30,13,10,3.7439651489257812,57.5,58.0,5.33
1765484555.7074237,99,35,27,14,36,3.7447738647460938,59.0,58.5,8.2
1765484555.9087868,99,35,27,14,36,3.7447738647460938,59.0,58.5,8.2
1765484556.1101036,10,26,30,40,21,3.7451019287109375,58.0,58.5,5.725
1765484556.312841,10,26,30,40,21,3.7451019287109375,58.0,58.5,5.725
1765484556.5143697,10,26,30,40,21,3.7451019287109375,58.0,58.5,5.725
1765484556.717029,99,27,20,17,15,3.7458229064941406,59.0,59.0,8.808
1765484556.9195566,99,27,20,17,15,3.7458229064941406,59.0,59.0,8.808
1765484557.120918,99,31,24,16,16,3.7454833984375,58.0,59.0,7.051
1765484557.3224478,99,31,24,16,16,3.7454833984375,58.0,59.0,7.051
1765484557.5250726,99,31,24,16,16,3.7454833984375,58.0,59.0,7.051
1765484557.726517,99,29,16,21,18,3.74493408203125,59.0,58.5,7.627
1765484557.927739,99,29,16,21,18,3.74493408203125,59.0,58.5,7.627
1765484558.1292706,99,26,28,28,40,3.745403289794922,59.0,59.0,7.854
1765484558.3319087,99,26,28,28,40,3.745403289794922,59.0,59.0,7.854
1765484558.5337574,99,26,28,28,40,3.745403289794922,59.0,59.0,7.854
1765484558.734966,99,16,14,8,25,3.745758056640625,59.0,59.0,8.319
1765484558.938205,99,16,14,8,25,3.745758056640625,59.0,59.0,8.319
1765484559.139546,99,20,26,46,26,3.7460250854492188,58.5,59.0,7.44
1765484559.3406758,99,20,26,46,26,3.7460250854492188,58.5,59.0,7.44
1765484559.5438395,99,20,26,46,26,3.7460250854492188,58.5,59.0,7.44
1765484559.7452362,99,19,25,14,14,3.746307373046875,59.0,58.5,7.974
1765484559.946254,99,19,25,14,14,3.746307373046875,59.0,58.5,7.974
1765484560.1472776,99,24,22,44,36,3.747325897216797,58.5,59.0,8.28
1765484560.3504026,99,24,22,44,36,3.747325897216797,58.5,59.0,8.28
1765484560.5537636,99,24,22,44,36,3.747325897216797,58.5,59.0,8.28
1765484560.7559485,99,23,21,10,20,3.746654510498047,58.5,58.5,7.36
1765484560.9571326,99,23,21,10,20,3.746654510498047,58.5,58.5,7.36
1765484561.1585393,99,24,40,24,30,3.7469215393066406,58.5,58.5,7.775
1765484561.3596613,99,24,40,24,30,3.7469215393066406,58.5,58.5,7.775
1765484561.5611293,99,24,40,24,30,3.7469215393066406,58.5,58.5,7.775
1765484561.7623694,99,27,16,18,22,3.747264862060547,58.5,58.5,7.091
1765484561.9633794,99,27,16,18,22,3.747264862060547,58.5,58.5,7.091
1765484562.1645386,99,42,23,34,21,3.7485885620117188,58.5,59.0,8.703
1765484562.3666785,99,42,23,34,21,3.7485885620117188,58.5,59.0,8.703
1765484562.5696259,99,42,23,34,21,3.7485885620117188,58.5,59.0,8.703
1765484562.7712219,99,14,18,8,12,3.747943878173828,58.0,58.5,5.886
1765484562.9724233,99,14,18,8,12,3.747943878173828,58.0,58.5,5.886
1765484563.173685,99,14,18,8,12,3.747943878173828,58.0,58.5,5.886
1765484563.3765059,99,35,25,19,44,3.7479896545410156,59.0,59.0,8.094
1765484563.5783598,99,35,25,19,44,3.7479896545410156,59.0,59.0,8.094
1765484563.780749,60,29,25,14,29,3.7480735778808594,58.0,59.0,6.58
1765484563.9824195,60,29,25,14,29,3.7480735778808594,58.0,59.0,6.58
1765484564.1834557,60,29,25,14,29,3.7480735778808594,58.0,59.0,6.58
1765484564.3854568,99,32,19,12,22,3.7487564086914062,59.0,59.0,7.894
1765484564.5883179,99,32,19,12,22,3.7487564086914062,59.0,59.0,7.894
1765484564.7909207,99,30,20,17,10,3.7482528686523438,58.0,59.0,6.58
1765484564.9922407,99,30,20,17,10,3.7482528686523438,58.0,59.0,6.58
1765484565.1944911,99,30,20,17,10,3.7482528686523438,58.0,59.0,6.58
1765484565.397565,99,22,50,24,23,3.7479400634765625,58.5,58.5,7.627
1765484565.5991757,99,22,50,24,23,3.7479400634765625,58.5,58.5,7.627
1765484565.8004544,99,22,34,24,22,3.7487869262695312,59.0,59.5,8.319
1765484566.0018194,99,22,34,24,22,3.7487869262695312,59.0,59.5,8.319
1765484566.2070737,99,22,34,24,22,3.7487869262695312,59.0,59.5,8.319
1765484566.4091096,99,18,10,17,38,3.7479591369628906,59.0,59.0,7.28
1765484566.6102614,99,18,10,17,38,3.7479591369628906,59.0,59.0,7.28
1765484566.8118267,99,30,24,23,16,3.748016357421875,59.0,58.5,7.2
1765484567.0129695,99,30,24,23,16,3.748016357421875,59.0,58.5,7.2
1765484567.215822,99,30,24,23,16,3.748016357421875,59.0,58.5,7.2
1765484567.4197,99,50,18,16,19,3.74835205078125,59.5,59.0,8.054
1765484567.6211836,99,50,18,16,19,3.74835205078125,59.5,59.0,8.054
1765484567.822279,99,16,30,24,24,3.7487640380859375,59.0,58.5,7.44
1765484568.0257971,99,16,30,24,24,3.7487640380859375,59.0,58.5,7.44
1765484568.2293065,99,16,30,24,24,3.7487640380859375,59.0,58.5,7.44
1765484568.430852,99,19,36,19,16,3.7479324340820312,59.0,59.0,8.12
1765484568.6319692,99,19,36,19,16,3.7479324340820312,59.0,59.0,8.12
1765484568.8331137,12,31,36,20,25,3.7479782104492188,58.0,59.0,6.109
1765484569.0362232,12,31,36,20,25,3.7479782104492188,58.0,59.0,6.109
1765484569.2379565,12,31,36,20,25,3.7479782104492188,58.0,59.0,6.109
1765484569.4407656,99,24,19,38,21,3.7482223510742188,59.0,59.0,8.2
1765484569.642749,99,24,19,38,21,3.7482223510742188,59.0,59.0,8.2
1765484569.8438914,99,20,32,15,33,3.7486953735351562,59.0,59.0,7.707
1765484570.0461588,99,20,32,15,33,3.7486953735351562,59.0,59.0,7.707
1765484570.2489564,99,20,32,15,33,3.7486953735351562,59.0,59.0,7.707
1765484570.450572,99,27,22,32,22,3.7481613159179688,59.0,58.5,7.814
1765484570.6517413,99,27,22,32,22,3.7481613159179688,59.0,58.5,7.814
1765484570.8528316,99,29,47,16,28,3.748432159423828,59.0,59.5,7.814
1765484571.0550733,99,29,47,16,28,3.748432159423828,59.0,59.5,7.814
1765484571.2564852,99,29,47,16,28,3.748432159423828,59.0,59.5,7.814
1765484571.4576359,99,21,17,16,18,3.7489166259765625,59.0,59.0,8.2
1765484571.6585524,99,21,17,16,18,3.7489166259765625,59.0,59.0,8.2
1765484571.8596408,99,21,17,16,18,3.7489166259765625,59.0,59.0,8.2
1765484572.061439,99,33,44,25,23,3.74853515625,59.0,59.0,8.081
1765484572.2664688,99,33,44,25,23,3.74853515625,59.0,59.0,8.081
1765484572.4692073,99,25,19,19,25,3.748504638671875,59.0,58.5,6.971
1765484572.6704185,99,25,19,19,25,3.748504638671875,59.0,58.5,6.971
1765484572.8714728,99,25,19,19,25,3.748504638671875,59.0,58.5,6.971
1765484573.0756755,99,38,20,46,27,3.7484092712402344,59.0,59.0,8.28
1765484573.2771828,99,38,20,46,27,3.7484092712402344,59.0,59.0,8.28
1765484573.4783227,0,23,18,18,26,3.7492446899414062,58.5,58.5,5.644
1765484573.6794446,0,23,18,18,26,3.7492446899414062,58.5,58.5,5.644
1765484573.8813183,0,23,18,18,26,3.7492446899414062,58.5,58.5,5.644
1765484574.0829391,99,45,18,20,14,3.7482681274414062,59.0,59.0,7.974
1765484574.2850583,99,45,18,20,14,3.7482681274414062,59.0,59.0,7.974
1765484574.4871745,99,22,15,31,21,3.748149871826172,58.5,59.0,5.957
1765484574.688775,99,22,15,31,21,3.748149871826172,58.5,59.0,5.957
1765484574.890383,99,22,15,31,21,3.748149871826172,58.5,59.0,5.957
1765484575.091644,99,20,27,41,36,3.7484970092773438,59.0,58.5,7.894
1765484575.2943704,99,20,27,41,36,3.7484970092773438,59.0,58.5,7.894
1765484575.495674,99,18,30,24,14,3.7489013671875,59.0,59.0,7.695
1765484575.6967268,99,18,30,24,14,3.7489013671875,59.0,59.0,7.695
1765484575.8997204,99,18,30,24,14,3.7489013671875,59.0,59.0,7.695
1765484576.1013007,99,20,16,15,35,3.748382568359375,59.0,59.0,7.627
1765484576.3023322,99,20,16,15,35,3.748382568359375,59.0,59.0,7.627
1765484576.5037189,99,22,26,20,22,3.748088836669922,58.5,59.0,7.587
1765484576.7050617,99,22,26,20,22,3.748088836669922,58.5,59.0,7.587
1765484576.9064488,99,22,26,20,22,3.748088836669922,58.5,59.0,7.587
1765484577.1094646,99,23,47,23,16,3.7481613159179688,59.0,59.0,8.385
1765484577.3113933,99,23,47,23,16,3.7481613159179688,59.0,59.0,8.385
1765484577.5127966,99,13,20,19,13,3.7477989196777344,59.0,58.5,7.2
1765484577.7138152,99,13,20,19,13,3.7477989196777344,59.0,58.5,7.2
1765484577.91673,99,13,20,19,13,3.7477989196777344,59.0,58.5,7.2
1765484578.120647,99,28,23,31,43,3.747974395751953,59.5,58.5,8.28
1765484578.3221354,99,28,23,31,43,3.747974395751953,59.5,58.5,8.28
1765484578.5231805,0,31,34,33,20,3.7481117248535156,58.0,58.5,5.604
1765484578.7251027,0,31,34,33,20,3.7481117248535156,58.0,58.5,5.604
1765484578.926817,0,31,34,33,20,3.7481117248535156,58.0,58.5,5.604
1765484579.1285946,99,12,35,12,12,3.748760223388672,59.5,59.0,8.769
1765484579.3309357,99,12,35,12,12,3.748760223388672,59.5,59.0,8.769
1765484579.5322201,99,22,14,26,23,3.7481307983398438,58.0,59.5,6.5
1765484579.7331712,99,22,14,26,23,3.7481307983398438,58.0,59.5,6.5
1765484579.936333,99,22,14,26,23,3.7481307983398438,58.0,59.5,6.5
1765484580.139235,99,27,22,37,21,3.748249053955078,59.0,59.0,7.814
1765484580.3406048,99,27,22,37,21,3.748249053955078,59.0,59.0,7.814
1765484580.5416756,99,46,40,20,20,3.7487525939941406,59.0,60.0,7.894
1765484580.744778,99,46,40,20,20,3.7487525939941406,59.0,60.0,7.894
1765484580.94741,99,46,40,20,20,3.7487525939941406,59.0,60.0,7.894
1765484581.1492805,99,16,23,16,26,3.7493972778320312,59.0,59.0,8.61
1765484581.3523817,99,16,23,16,26,3.7493972778320312,59.0,59.0,8.61
1765484581.5546489,99,45,16,29,23,3.74859619140625,59.0,59.5,7.854
1765484581.75575,99,45,16,29,23,3.74859619140625,59.0,59.5,7.854
1765484581.9575255,99,45,16,29,23,3.74859619140625,59.0,59.5,7.854
1765484582.1588044,99,26,19,14,19,3.7485389709472656,59.0,59.0,7.547
1765484582.3597147,99,26,19,14,19,3.7485389709472656,59.0,59.0,7.547
1765484582.5611322,99,26,19,14,19,3.7485389709472656,59.0,59.0,7.547
1765484582.764292,99,67,32,22,28,3.7485008239746094,59.0,59.5,8.729
1765484582.9676158,99,67,32,22,28,3.7485008239746094,59.0,59.5,8.729
1765484583.1689682,99,12,14,16,15,3.748485565185547,59.0,59.0,7.011
1765484583.3704088,99,12,14,16,15,3.748485565185547,59.0,59.0,7.011
1765484583.5721536,99,12,14,16,15,3.748485565185547,59.0,59.0,7.011
1765484583.7735188,99,24,51,22,20,3.7487220764160156,59.5,59.0,8.041
1765484583.97484,99,24,51,22,20,3.7487220764160156,59.5,59.0,8.041
1765484584.1758084,44,24,24,19,20,3.7487106323242188,58.5,59.0,5.298
1765484584.376876,44,24,24,19,20,3.7487106323242188,58.5,59.0,5.298
1765484584.5780623,44,24,24,19,20,3.7487106323242188,58.5,59.0,5.298
1765484584.781254,99,18,31,22,55,3.749492645263672,59.5,60.0,8.967
1765484584.9846795,99,18,31,22,55,3.749492645263672,59.5,60.0,8.967
1765484585.1863058,37,21,16,10,16,3.7485008239746094,58.0,59.0,5.33
1765484585.3874068,37,21,16,10,16,3.7485008239746094,58.0,59.0,5.33
1765484585.58921,37,21,16,10,16,3.7485008239746094,58.0,59.0,5.33
1765484585.7921374,99,25,42,20,21,3.748699188232422,59.0,59.0,7.547
1765484585.993694,99,25,42,20,21,3.748699188232422,59.0,59.0,7.547
1765484586.1951463,99,22,20,27,27,3.7490577697753906,58.5,59.0,6.891
1765484586.3965015,99,22,20,27,27,3.7490577697753906,58.5,59.0,6.891
1765484586.597648,99,22,20,27,27,3.7490577697753906,58.5,59.0,6.891
1765484586.799505,99,16,14,12,34,3.749492645263672,59.0,59.5,8.24
1765484587.0013344,99,16,14,12,34,3.749492645263672,59.0,59.5,8.24
1765484587.2038236,99,19,23,26,22,3.748577117919922,59.0,59.0,7.547
1765484587.4052489,99,19,23,26,22,3.748577117919922,59.0,59.0,7.547
1765484587.6082406,99,19,23,26,22,3.748577117919922,59.0,59.0,7.547
1765484587.8115473,99,32,28,24,44,3.7494049072265625,59.0,59.5,7.547
1765484588.0128903,99,32,28,24,44,3.7494049072265625,59.0,59.5,7.547
1765484588.214186,99,33,21,16,29,3.7487106323242188,58.5,59.5,8.28
1765484588.4154112,99,33,21,16,29,3.7487106323242188,58.5,59.5,8.28
1765484588.6187737,99,33,21,16,29,3.7487106323242188,58.5,59.5,8.28
1765484588.8204947,99,17,12,32,10,3.7494354248046875,59.0,59.0,7.44
1765484589.0213945,99,17,12,32,10,3.7494354248046875,59.0,59.0,7.44
1765484589.222797,99,29,26,14,21,3.7499542236328125,59.0,59.0,7.428
1765484589.4244096,99,29,26,14,21,3.7499542236328125,59.0,59.0,7.428
1765484589.626404,99,29,26,14,21,3.7499542236328125,59.0,59.0,7.428
1765484589.8293931,99,47,21,24,16,3.7496414184570312,59.0,59.0,8.054
1765484590.0313163,99,47,21,24,16,3.7496414184570312,59.0,59.0,8.054
1765484590.2322414,99,35,26,23,38,3.750560760498047,59.0,59.5,8.16
1765484590.4345286,99,35,26,23,38,3.750560760498047,59.0,59.5,8.16
1765484590.6372826,99,35,26,23,38,3.750560760498047,59.0,59.5,8.16
1765484590.838679,99,10,14,19,36,3.7498931884765625,59.5,59.0,8.28
1765484591.039716,99,10,14,19,36,3.7498931884765625,59.5,59.0,8.28
1765484591.2413056,99,10,14,19,36,3.7498931884765625,59.5,59.0,8.28
1765484591.4441657,0,21,41,18,21,3.7501296997070312,58.5,58.5,5.015
1765484591.6458695,0,21,41,18,21,3.7501296997070312,58.5,58.5,5.015
1765484591.8487158,99,26,21,23,41,3.750873565673828,59.5,59.5,8.385
1765484592.0501323,99,26,21,23,41,3.750873565673828,59.5,59.5,8.385
1765484592.2512352,99,26,21,23,41,3.750873565673828,59.5,59.5,8.385
1765484592.4528084,99,44,20,18,16,3.75189208984375,58.0,60.0,7.24
1765484592.6558414,99,44,20,18,16,3.75189208984375,58.0,60.0,7.24
1765484592.8585088,99,27,24,16,26,3.7510452270507812,59.0,59.5,7.627
1765484593.0596755,99,27,24,16,26,3.7510452270507812,59.0,59.5,7.627
1765484593.260758,99,27,24,16,26,3.7510452270507812,59.0,59.5,7.627
1765484593.4634223,99,31,27,45,25,3.7513084411621094,59.0,59.5,7.28
1765484593.6652303,99,31,27,45,25,3.7513084411621094,59.0,59.5,7.28
1765484593.867468,99,21,25,20,30,3.7517242431640625,59.0,59.5,8.425
1765484594.069018,99,21,25,20,30,3.7517242431640625,59.0,59.5,8.425
1765484594.270419,99,21,25,20,30,3.7517242431640625,59.0,59.5,8.425
1765484594.4714437,99,29,30,12,12,3.7526702880859375,58.5,60.0,7.775
1765484594.6742728,99,29,30,12,12,3.7526702880859375,58.5,60.0,7.775
1765484594.877033,99,24,26,16,14,3.7523155212402344,59.0,59.0,8.054
1765484595.0784607,99,24,26,16,14,3.7523155212402344,59.0,59.0,8.054
1765484595.2796361,99,24,26,16,14,3.7523155212402344,59.0,59.0,8.054
1765484595.4814866,99,22,44,26,29,3.7523651123046875,59.0,59.5,7.775
1765484595.682579,99,22,44,26,29,3.7523651123046875,59.0,59.5,7.775
1765484595.8835,99,21,18,16,16,3.753459930419922,59.5,59.0,7.814
1765484596.0863116,99,21,18,16,16,3.753459930419922,59.5,59.0,7.814
1765484596.288467,99,21,18,16,16,3.753459930419922,59.5,59.0,7.814
1765484596.4900725,99,19,19,36,29,3.7527198791503906,59.0,59.5,7.735
1765484596.6928887,99,19,19,36,29,3.7527198791503906,59.0,59.5,7.735
1765484596.8944511,99,21,20,19,26,3.7533416748046875,59.0,59.0,6.781
1765484597.0954885,99,21,20,19,26,3.7533416748046875,59.0,59.0,6.781
1765484597.2965324,99,21,20,19,26,3.7533416748046875,59.0,59.0,6.781
1765484597.4995785,99,39,33,45,26,3.754119873046875,59.5,59.5,8.505
1765484597.7027209,99,39,33,45,26,3.754119873046875,59.5,59.5,8.505
1765484597.9039853,5,26,16,10,17,3.75469970703125,59.0,59.5,5.725
1765484598.1049776,5,26,16,10,17,3.75469970703125,59.0,59.5,5.725
1765484598.306176,5,26,16,10,17,3.75469970703125,59.0,59.5,5.725
1765484598.5075083,99,40,18,22,15,3.7543106079101562,59.5,59.0,8.041
1765484598.7093832,99,40,18,22,15,3.7543106079101562,59.5,59.0,8.041
1765484598.9106238,29,18,28,19,19,3.7547836303710938,58.5,59.0,4.942
1765484599.1118164,29,18,28,19,19,3.7547836303710938,58.5,59.0,4.942
1765484599.3129056,29,18,28,19,19,3.7547836303710938,58.5,59.0,4.942
1765484599.515748,99,35,23,42,29,3.754650115966797,59.5,59.5,8.584
1765484599.719182,99,35,23,42,29,3.754650115966797,59.5,59.5,8.584
1765484599.9205313,99,35,23,42,29,3.754650115966797,59.5,59.5,8.584
1765484600.1217551,60,16,18,16,15,3.7550201416015625,58.0,60.0,6.038
1765484600.323385,60,16,18,16,15,3.7550201416015625,58.0,60.0,6.038
1765484600.5267866,99,46,23,22,25,3.7545433044433594,59.0,59.0,7.587
1765484600.728438,99,46,23,22,25,3.7545433044433594,59.0,59.0,7.587
1765484600.9307806,99,46,23,22,25,3.7545433044433594,59.0,59.0,7.587
1765484601.1320267,99,22,24,17,26,3.7546539306640625,59.0,59.0,7.2
1765484601.3332257,99,22,24,17,26,3.7546539306640625,59.0,59.0,7.2
1765484601.5351264,99,18,47,18,16,3.7555923461914062,59.0,59.0,8.24
1765484601.7378528,99,18,47,18,16,3.7555923461914062,59.0,59.0,8.24
1765484601.940106,99,18,47,18,16,3.7555923461914062,59.0,59.0,8.24
1765484602.1413646,99,19,16,20,11,3.75469970703125,59.0,59.0,7.507
1765484602.3433878,99,19,16,20,11,3.75469970703125,59.0,59.0,7.507
1765484602.5456395,99,42,30,21,20,3.7542991638183594,59.5,59.0,7.934
1765484602.7471828,99,42,30,21,20,3.7542991638183594,59.5,59.0,7.934
1765484602.9490752,99,42,30,21,20,3.7542991638183594,59.5,59.0,7.934
1765484603.151456,99,26,28,25,25,3.7546730041503906,59.0,59.0,7.2
1765484603.3547125,99,26,28,25,25,3.7546730041503906,59.0,59.0,7.2
1765484603.5564632,99,18,35,16,12,3.755096435546875,59.5,59.5,8.624
1765484603.7577708,99,18,35,16,12,3.755096435546875,59.5,59.5,8.624
1765484603.9590032,99,18,35,16,12,3.755096435546875,59.5,59.5,8.624
1765484604.1601326,0,23,29,14,18,3.7550506591796875,58.5,60.0,5.877
1765484604.3629007,0,23,29,14,18,3.7550506591796875,58.5,60.0,5.877
1765484604.565126,99,31,26,19,32,3.754413604736328,59.5,59.5,8.2
1765484604.7667305,99,31,26,19,32,3.754413604736328,59.5,59.5,8.2
1765484604.96788,99,31,26,19,32,3.754413604736328,59.5,59.5,8.2
1765484605.1689553,99,25,23,39,24,3.7548294067382812,59.0,60.0,7.587
1765484605.3711345,99,25,23,39,24,3.7548294067382812,59.0,60.0,7.587
1765484605.5726151,99,33,14,16,12,3.7551116943359375,59.0,59.5,7.934
1765484605.7738833,99,33,14,16,12,3.7551116943359375,59.0,59.5,7.934
1765484605.9752142,99,33,14,16,12,3.7551116943359375,59.0,59.5,7.934
1765484606.1767383,99,42,16,23,32,3.7550201416015625,59.0,60.5,7.547
1765484606.3782992,99,42,16,23,32,3.7550201416015625,59.0,60.5,7.547
1765484606.579831,99,28,19,21,20,3.754619598388672,59.5,59.0,8.094
1765484606.781077,99,28,19,21,20,3.754619598388672,59.5,59.0,8.094
1765484606.9824383,99,28,19,21,20,3.754619598388672,59.5,59.0,8.094
1765484607.1836095,99,26,45,34,30,3.7557106018066406,59.5,60.0,8.505
1765484607.3852854,99,26,45,34,30,3.7557106018066406,59.5,60.0,8.505
1765484607.5865316,99,12,16,20,12,3.755115509033203,59.5,59.0,7.28
1765484607.7875211,99,12,16,20,12,3.755115509033203,59.5,59.0,7.28
1765484607.9886792,99,12,16,20,12,3.755115509033203,59.5,59.0,7.28
1765484608.1916173,99,22,52,25,25,3.7547760009765625,59.0,59.0,7.854
1765484608.3932798,99,22,52,25,25,3.7547760009765625,59.0,59.0,7.854
1765484608.5942857,99,22,52,25,25,3.7547760009765625,59.0,59.0,7.854
1765484608.7968829,99,22,16,23,11,3.7550430297851562,59.0,59.0,7.011
1765484608.9984143,99,22,16,23,11,3.7550430297851562,59.0,59.0,7.011
1765484609.2001157,99,40,18,28,21,3.7556838989257812,59.5,59.5,8.808
1765484609.4030485,99,40,18,28,21,3.7556838989257812,59.5,59.5,8.808
1765484609.6045854,99,40,18,28,21,3.7556838989257812,59.5,59.5,8.808
1765484609.8055515,3,23,16,17,21,3.7551116943359375,58.5,59.0,4.982
1765484610.0076215,3,23,16,17,21,3.7551116943359375,58.5,59.0,4.982
1765484610.210475,99,30,28,18,39,3.7544326782226562,59.5,59.0,7.814
1765484610.411729,99,30,28,18,39,3.7544326782226562,59.5,59.0,7.814
1765484610.6128461,99,30,28,18,39,3.7544326782226562,59.5,59.0,7.814
1765484610.8142908,99,24,20,32,22,3.7551918029785156,59.0,60.5,6.39
1765484611.015739,99,24,20,32,22,3.7551918029785156,59.0,60.5,6.39
1765484611.2170768,99,16,14,35,16,3.755382537841797,59.5,59.5,7.894
1765484611.4194202,99,16,14,35,16,3.755382537841797,59.5,59.5,7.894
1765484611.6213875,99,16,14,35,16,3.755382537841797,59.5,59.5,7.894
1765484611.8226283,99,23,27,26,16,3.7546730041503906,59.0,59.5,7.2
1765484612.024021,99,23,27,26,16,3.7546730041503906,59.0,59.5,7.2
1765484612.2269113,99,21,36,21,38,3.7550010681152344,59.5,59.5,7.747
1765484612.4301696,99,21,36,21,38,3.7550010681152344,59.5,59.5,7.747
1765484612.6316261,99,21,36,21,38,3.7550010681152344,59.5,59.5,7.747
1765484612.832821,99,27,34,24,20,3.755207061767578,59.5,60.0,8.359
1765484613.0350566,99,27,34,24,20,3.755207061767578,59.5,60.0,8.359
1765484613.2365155,99,15,32,9,13,3.754749298095703,59.5,59.5,7.507
1765484613.438403,99,15,32,9,13,3.754749298095703,59.5,59.5,7.507
1765484613.6399565,99,15,32,9,13,3.754749298095703,59.5,59.5,7.507
1765484613.8410635,99,18,32,25,19,3.7546768188476562,59.5,59.5,7.24
1765484614.0424292,99,18,32,25,19,3.7546768188476562,59.5,59.5,7.24
1765484614.2442179,99,20,41,14,24,3.754863739013672,59.5,59.5,8.346
1765484614.44582,99,20,41,14,24,3.754863739013672,59.5,59.5,8.346
1765484614.6475868,99,20,41,14,24,3.754863739013672,59.5,59.5,8.346
1765484614.8487844,58,24,18,36,16,3.75482177734375,59.0,60.0,6.891
1765484615.052006,58,24,18,36,16,3.75482177734375,59.0,60.0,6.891
1765484615.2536128,99,25,20,33,22,3.7543869018554688,59.5,59.5,7.934
1765484615.4547641,99,25,20,33,22,3.7543869018554688,59.5,59.5,7.934
1765484615.6561973,99,25,20,33,22,3.7543869018554688,59.5,59.5,7.934
1765484615.8582344,71,29,41,13,24,3.7547874450683594,58.5,60.5,5.957
1765484616.0597374,71,29,41,13,24,3.7547874450683594,58.5,60.5,5.957
1765484616.2613533,71,29,41,13,24,3.7547874450683594,58.5,60.5,5.957
1765484616.4624734,99,24,22,34,16,3.7555618286132812,59.5,59.5,8.2
1765484616.6638684,99,24,22,34,16,3.7555618286132812,59.5,59.5,8.2
1765484616.8653598,99,30,26,26,18,3.7562294006347656,58.5,60.5,7.24
1765484617.067471,99,30,26,26,18,3.7562294006347656,58.5,60.5,7.24
1765484617.2695215,99,30,26,26,18,3.7562294006347656,58.5,60.5,7.24
1765484617.4706051,99,26,38,26,16,3.7486190795898438,59.5,59.5,7.667
1765484617.6716669,99,26,38,26,16,3.7486190795898438,59.5,59.5,7.667
1765484617.8728821,99,24,49,33,23,3.748485565185547,59.0,59.5,7.775
1765484618.0758119,99,24,49,33,23,3.748485565185547,59.0,59.5,7.775
1765484618.2776659,99,24,49,33,23,3.748485565185547,59.0,59.5,7.775
1765484618.4793143,99,20,24,19,22,3.7494468688964844,59.5,59.5,8.584
1765484618.6808586,99,20,24,19,22,3.7494468688964844,59.5,59.5,8.584
1765484618.88211,99,33,23,20,20,3.7490501403808594,59.5,60.0,7.854
1765484619.084709,99,33,23,20,20,3.7490501403808594,59.5,60.0,7.854
1765484619.2872398,99,33,23,20,20,3.7490501403808594,59.5,60.0,7.854
1765484619.4895632,99,20,21,12,22,3.7490921020507812,59.5,59.5,7.627
1765484619.6911407,99,20,21,12,22,3.7490921020507812,59.5,59.5,7.627
1765484619.8927116,99,23,50,18,29,3.7496871948242188,59.5,60.0,7.627
1765484620.0985508,99,23,50,18,29,3.7496871948242188,59.5,60.0,7.627
1765484620.2999377,99,23,50,18,29,3.7496871948242188,59.5,60.0,7.627
1765484620.5017462,99,16,13,14,18,3.7503204345703125,59.5,60.0,7.814
1765484620.7031794,99,16,13,14,18,3.7503204345703125,59.5,60.0,7.814
1765484620.904118,99,21,17,18,45,3.7498321533203125,59.5,59.5,7.894
1765484621.1053827,99,21,17,18,45,3.7498321533203125,59.5,59.5,7.894
1765484621.307872,99,21,17,18,45,3.7498321533203125,59.5,59.5,7.894
1765484621.5102022,99,29,25,22,21,3.7493209838867188,59.0,59.0,5.967
1765484621.7119322,99,29,25,22,21,3.7493209838867188,59.0,59.0,5.967
1765484621.9134135,99,30,29,31,57,3.749248504638672,59.5,59.5,8.465
1765484622.117241,99,30,29,31,57,3.749248504638672,59.5,59.5,8.465
1765484622.3186355,99,30,29,31,57,3.749248504638672,59.5,59.5,8.465
1765484622.5198412,0,24,20,16,15,3.7499008178710938,59.0,60.0,5.604
1765484622.7209725,0,24,20,16,15,3.7499008178710938,59.0,60.0,5.604
1765484622.9227352,99,23,27,42,12,3.748699188232422,60.0,59.5,7.747
1765484623.1240714,99,23,27,42,12,3.748699188232422,60.0,59.5,7.747
1765484623.3249886,99,23,27,42,12,3.748699188232422,60.0,59.5,7.747
1765484623.5278153,99,22,25,20,33,3.7497901916503906,59.0,59.5,6.35
1765484623.729377,99,22,25,20,33,3.7497901916503906,59.0,59.5,6.35
1765484623.9309447,99,24,22,14,40,3.750102996826172,59.5,59.5,8.16
1765484624.135213,99,24,22,14,40,3.750102996826172,59.5,59.5,8.16
1765484624.3363729,99,24,22,14,40,3.750102996826172,59.5,59.5,8.16
1765484624.5376084,99,13,12,18,25,3.7497024536132812,59.5,59.5,7.36
1765484624.739761,99,13,12,18,25,3.7497024536132812,59.5,59.5,7.36
1765484624.9409406,99,33,23,43,12,3.7493934631347656,59.5,59.5,7.36
1765484625.1425703,99,33,23,43,12,3.7493934631347656,59.5,59.5,7.36
1765484625.3439314,99,33,23,43,12,3.7493934631347656,59.5,59.5,7.36
1765484625.5451639,99,26,28,33,19,3.7492752075195312,59.5,59.5,7.507
1765484625.7479393,99,26,28,33,19,3.7492752075195312,59.5,59.5,7.507
1765484625.9492934,99,26,28,33,19,3.7492752075195312,59.5,59.5,7.507
1765484626.152235,99,17,26,35,17,3.750102996826172,59.5,59.5,8.584
1765484626.3544707,99,17,26,35,17,3.750102996826172,59.5,59.5,8.584
1765484626.5557315,99,20,17,23,12,3.749553680419922,59.5,59.5,6.971
1765484626.7570279,99,20,17,23,12,3.749553680419922,59.5,59.5,6.971
1765484626.9585185,99,20,17,23,12,3.749553680419922,59.5,59.5,6.971
1765484627.161112,99,22,28,28,40,3.7498626708984375,60.0,60.0,8.2
1765484627.3626642,99,22,28,28,40,3.7498626708984375,60.0,60.0,8.2
1765484627.5637176,25,29,27,18,38,3.749725341796875,59.0,59.5,6.269
1765484627.766524,25,29,27,18,38,3.749725341796875,59.0,59.5,6.269
1765484627.967989,25,29,27,18,38,3.749725341796875,59.0,59.5,6.269
1765484628.1703026,99,34,16,15,14,3.7500762939453125,59.5,60.0,8.729
1765484628.3725593,99,34,16,15,14,3.7500762939453125,59.5,60.0,8.729
1765484628.5741878,99,34,18,17,17,3.7496604919433594,59.0,60.5,7.051
1765484628.7752352,99,34,18,17,17,3.7496604919433594,59.0,60.5,7.051
1765484628.9778006,99,34,18,17,17,3.7496604919433594,59.0,60.5,7.051
1765484629.1793995,99,34,23,17,14,3.7495040893554688,59.5,59.5,7.735
1765484629.3803465,99,34,23,17,14,3.7495040893554688,59.5,59.5,7.735
1765484629.5813682,99,28,43,39,25,3.7493972778320312,59.5,60.5,8.16
1765484629.7843626,99,28,43,39,25,3.7493972778320312,59.5,60.5,8.16
1765484629.9906101,99,28,43,39,25,3.7493972778320312,59.5,60.5,8.16
1765484630.192087,99,14,19,12,14,3.7495460510253906,59.5,59.5,7.854
1765484630.3934464,99,14,19,12,14,3.7495460510253906,59.5,59.5,7.854
1765484630.5948505,99,22,42,30,26,3.750133514404297,59.5,60.0,7.775
1765484630.7961156,99,22,42,30,26,3.750133514404297,59.5,60.0,7.775
1765484630.99892,99,22,42,30,26,3.750133514404297,59.5,60.0,7.775
1765484631.200406,99,22,27,22,21,3.7501983642578125,59.5,59.5,7.468
1765484631.4017062,99,22,27,22,21,3.7501983642578125,59.5,59.5,7.468
1765484631.6028526,99,24,27,42,31,3.751117706298828,59.5,60.5,8.769
1765484631.8062937,99,24,27,42,31,3.751117706298828,59.5,60.5,8.769
1765484632.01022,99,24,27,42,31,3.751117706298828,59.5,60.5,8.769
1765484632.211482,99,16,22,0,14,3.7501869201660156,59.0,59.0,5.846
1765484632.4129229,99,16,22,0,14,3.7501869201660156,59.0,59.0,5.846
1765484632.6149817,99,34,22,46,25,3.7502899169921875,59.5,59.5,8.16
1765484632.8163514,99,34,22,46,25,3.7502899169921875,59.5,59.5,8.16
1765484633.0174694,99,34,22,46,25,3.7502899169921875,59.5,59.5,8.16
1765484633.2189775,32,32,24,26,19,3.750202178955078,59.0,60.0,5.917
1765484633.4200385,32,32,24,26,19,3.750202178955078,59.0,60.0,5.917
1765484633.6210978,99,40,18,13,14,3.750720977783203,59.5,59.5,7.934
1765484633.8245373,99,40,18,13,14,3.750720977783203,59.5,59.5,7.934
1765484634.0258257,99,40,18,13,14,3.750720977783203,59.5,59.5,7.934
1765484634.227081,99,16,18,34,16,3.749786376953125,59.5,60.0,6.47
1765484634.4282362,99,16,18,34,16,3.749786376953125,59.5,60.0,6.47
1765484634.6290443,99,50,25,24,15,3.7494125366210938,59.5,59.5,7.894
1765484634.832013,99,50,25,24,15,3.7494125366210938,59.5,59.5,7.894
1765484635.033456,99,50,25,24,15,3.7494125366210938,59.5,59.5,7.894
1765484635.234533,99,36,34,20,14,3.7505645751953125,59.5,60.0,8.584
1765484635.4360018,99,36,34,20,14,3.7505645751953125,59.5,60.0,8.584
1765484635.6369271,99,36,34,20,14,3.7505645751953125,59.5,60.0,8.584
1765484635.8387015,99,10,21,41,13,3.7506027221679688,60.0,60.0,7.707
1765484636.0399601,99,10,21,41,13,3.7506027221679688,60.0,60.0,7.707
1765484636.2416267,99,31,25,12,16,3.7506027221679688,59.5,59.5,7.32
1765484636.4427147,99,31,25,12,16,3.7506027221679688,59.5,59.5,7.32
1765484636.6439426,99,31,25,12,16,3.7506027221679688,59.5,59.5,7.32
1765484636.8491995,99,20,18,46,21,3.750652313232422,59.5,60.0,7.627
1765484637.0519931,99,20,18,46,21,3.750652313232422,59.5,60.0,7.627
1765484637.2530482,99,29,20,21,30,3.7514076232910156,59.5,60.0,8.014
1765484637.4559524,99,29,20,21,30,3.7514076232910156,59.5,60.0,8.014
1765484637.6597412,99,29,20,21,30,3.7514076232910156,59.5,60.0,8.014
1765484637.8609698,99,18,14,15,38,3.7504653930664062,60.0,60.0,8.24
1765484638.0623333,99,18,14,15,38,3.7504653930664062,60.0,60.0,8.24
1765484638.2638874,9,16,36,20,23,3.7506141662597656,59.0,59.5,5.765
1765484638.4652073,9,16,36,20,23,3.7506141662597656,59.0,59.5,5.765
1765484638.6675029,9,16,36,20,23,3.7506141662597656,59.0,59.5,5.765
1765484638.870548,99,20,36,21,19,3.7509994506835938,60.0,60.0,8.425
1765484639.0733905,99,20,36,21,19,3.7509994506835938,60.0,60.0,8.425
1765484639.2754004,99,20,30,18,28,3.7512054443359375,59.5,60.0,7.587
1765484639.4772902,99,20,30,18,28,3.7512054443359375,59.5,60.0,7.587
1765484639.6801083,99,20,30,18,28,3.7512054443359375,59.5,60.0,7.587
1765484639.8814461,99,18,34,21,18,3.7499771118164062,59.5,60.0,7.627
1765484640.0828896,99,18,34,21,18,3.7499771118164062,59.5,60.0,7.627
1765484640.2841272,99,29,42,31,25,3.75079345703125,59.5,60.0,7.707
1765484640.487119,99,29,42,31,25,3.75079345703125,59.5,60.0,7.707
1765484640.68874,99,29,42,31,25,3.75079345703125,59.5,60.0,7.707
1765484640.890292,99,27,26,22,24,3.75128173828125,59.5,60.0,8.624
1765484641.0915744,99,27,26,22,24,3.75128173828125,59.5,60.0,8.624
1765484641.2931092,99,25,46,12,13,3.7501564025878906,59.5,60.0,8.081
1765484641.495501,99,25,46,12,13,3.7501564025878906,59.5,60.0,8.081
1765484641.6989317,99,25,46,12,13,3.7501564025878906,59.5,60.0,8.081
1765484641.9004953,99,22,16,21,8,3.750110626220703,59.5,60.0,7.36
1765484642.1021905,99,22,16,21,8,3.750110626220703,59.5,60.0,7.36
1765484642.303565,99,56,22,20,24,3.7499847412109375,60.0,60.5,8.094
1765484642.5064828,99,56,22,20,24,3.7499847412109375,60.0,60.5,8.094
1765484642.7079344,99,56,22,20,24,3.7499847412109375,60.0,60.5,8.094
1765484642.9095666,99,19,23,18,18,3.751026153564453,59.5,60.5,6.821
1765484643.110831,99,19,23,18,18,3.751026153564453,59.5,60.5,6.821
1765484643.3123543,99,23,39,15,25,3.7508087158203125,60.0,60.0,8.081
1765484643.5140822,99,23,39,15,25,3.7508087158203125,60.0,60.0,8.081
1765484643.7170265,99,23,39,15,25,3.7508087158203125,60.0,60.0,8.081
1765484643.918936,0,23,20,16,26,3.7505722045898438,59.5,60.0,5.258
1765484644.1202328,0,23,20,16,26,3.7505722045898438,59.5,60.0,5.258
1765484644.3214247,99,35,52,16,22,3.7503318786621094,60.0,60.0,8.041
1765484644.5231547,99,35,52,16,22,3.7503318786621094,60.0,60.0,8.041
1765484644.7249966,99,35,52,16,22,3.7503318786621094,60.0,60.0,8.041
1765484644.9263213,99,29,22,26,18,3.7512664794921875,59.0,60.5,6.58
1765484645.1284764,99,29,22,26,18,3.7512664794921875,59.0,60.5,6.58
1765484645.3303418,99,29,22,26,18,3.7512664794921875,59.0,60.5,6.58
1765484645.5316396,99,22,18,43,13,3.7503318786621094,60.0,60.0,7.547
1765484645.732749,99,22,18,43,13,3.7503318786621094,60.0,60.0,7.547
1765484645.9343445,99,21,36,18,23,3.750568389892578,59.5,60.0,7.627
1765484646.1355672,99,21,36,18,23,3.750568389892578,59.5,60.0,7.627
1765484646.3369532,99,21,36,18,23,3.750568389892578,59.5,60.0,7.627
1765484646.5383096,99,27,20,38,19,3.7500381469726562,60.0,60.5,7.814
1765484646.7393522,99,27,20,38,19,3.7500381469726562,60.0,60.5,7.814
1765484646.940707,99,34,26,17,10,3.7505836486816406,59.5,60.0,7.814
1765484647.1428304,99,34,26,17,10,3.7505836486816406,59.5,60.0,7.814
1765484647.346649,99,34,26,17,10,3.7505836486816406,59.5,60.0,7.814
1765484647.548696,99,25,22,39,26,3.750438690185547,60.0,60.5,7.974
1765484647.749869,99,25,22,39,26,3.750438690185547,60.0,60.5,7.974
1765484647.9511228,99,23,28,30,22,3.750469207763672,59.5,60.0,6.942
1765484648.1546555,99,23,28,30,22,3.750469207763672,59.5,60.0,6.942
1765484648.356412,99,23,28,30,22,3.750469207763672,59.5,60.0,6.942
1765484648.5595899,99,25,16,44,18,3.7507362365722656,60.0,60.5,8.584
1765484648.7612555,99,25,16,44,18,3.7507362365722656,60.0,60.5,8.584
1765484648.9626393,48,32,19,17,17,3.750335693359375,59.0,61.0,5.957
1765484649.163914,48,32,19,17,17,3.750335693359375,59.0,61.0,5.957
1765484649.3663728,48,32,19,17,17,3.750335693359375,59.0,61.0,5.957
1765484649.569883,99,39,14,32,24,3.750202178955078,60.0,60.5,8.12
1765484649.771362,99,39,14,32,24,3.750202178955078,60.0,60.5,8.12
1765484649.972558,99,32,29,26,30,3.7499656677246094,60.0,60.5,7.627
1765484650.173729,99,32,29,26,30,3.7499656677246094,60.0,60.5,7.627
1765484650.3752036,99,32,29,26,30,3.7499656677246094,60.0,60.5,7.627
1765484650.5761943,99,14,22,15,24,3.7507972717285156,60.0,60.0,8.346
1765484650.7790563,99,14,22,15,24,3.7507972717285156,60.0,60.0,8.346
1765484650.9804747,99,40,26,18,21,3.749969482421875,59.5,61.0,7.468
1765484651.1815054,99,40,26,18,21,3.749969482421875,59.5,61.0,7.468
1765484651.384412,99,40,26,18,21,3.749969482421875,59.5,61.0,7.468
1765484651.5858529,99,24,21,19,16,3.7503204345703125,60.0,60.0,8.014
1765484651.7872102,99,24,21,19,16,3.7503204345703125,60.0,60.0,8.014
1765484651.988282,99,43,32,32,31,3.7504615783691406,60.0,61.0,8.729
1765484652.190517,99,43,32,32,31,3.7504615783691406,60.0,61.0,8.729
1765484652.3934162,99,43,32,32,31,3.7504615783691406,60.0,61.0,8.729
1765484652.5951877,99,17,17,14,15,3.750164031982422,59.5,60.5,7.747
1765484652.7963555,99,17,17,14,15,3.750164031982422,59.5,60.5,7.747
1765484652.9977665,99,32,22,45,21,3.7501792907714844,59.5,60.5,7.854
1765484653.1992204,99,32,22,45,21,3.7501792907714844,59.5,60.5,7.854
1765484653.402551,99,32,22,45,21,3.7501792907714844,59.5,60.5,7.854
1765484653.6047487,99,28,16,17,19,3.750823974609375,60.0,60.0,6.861
1765484653.8062232,99,28,16,17,19,3.750823974609375,60.0,60.0,6.861
1765484654.007291,99,28,25,52,22,3.750812530517578,60.0,60.5,8.888
1765484654.210287,99,28,25,52,22,3.750812530517578,60.0,60.5,8.888
1765484654.4134429,99,28,25,52,22,3.750812530517578,60.0,60.5,8.888
1765484654.6152604,0,24,21,10,12,3.750202178955078,59.0,60.0,4.975
1765484654.8163693,0,24,21,10,12,3.750202178955078,59.0,60.0,4.975
1765484655.0175457,0,24,21,10,12,3.750202178955078,59.0,60.0,4.975
1765484655.2204564,99,28,40,25,16,3.750415802001953,60.0,60.5,7.814
1765484655.4223104,99,28,40,25,16,3.750415802001953,60.0,60.5,7.814
1765484655.623838,99,34,22,28,26,3.7498626708984375,59.5,60.5,6.58
1765484655.8253376,99,34,22,28,26,3.7498626708984375,59.5,60.5,6.58
1765484656.026566,99,34,22,28,26,3.7498626708984375,59.5,60.5,6.58
1765484656.2286832,99,16,14,38,18,3.750499725341797,60.5,60.5,8.081
1765484656.4298441,99,16,14,38,18,3.750499725341797,60.5,60.5,8.081
1765484656.6313915,99,22,22,24,17,3.750438690185547,60.0,60.0,7.12
1765484656.8329093,99,22,22,24,17,3.750438690185547,60.0,60.0,7.12
1765484657.035934,99,22,22,24,17,3.750438690185547,60.0,60.0,7.12
1765484657.2393947,99,32,30,30,35,3.750324249267578,60.0,60.5,7.547
1765484657.4409168,99,32,30,30,35,3.750324249267578,60.0,60.5,7.547
1765484657.642147,99,32,30,20,22,3.7501487731933594,60.0,60.5,8.12
1765484657.843428,99,32,30,20,22,3.7501487731933594,60.0,60.5,8.12
1765484658.0447798,99,32,30,20,22,3.7501487731933594,60.0,60.5,8.12
1765484658.2464354,99,42,15,11,6,3.751171112060547,60.0,60.5,8.24
1765484658.447516,99,42,15,11,6,3.751171112060547,60.0,60.5,8.24
1765484658.6486814,99,18,22,24,18,3.7506637573242188,60.0,60.0,7.131
1765484658.8501415,99,18,22,24,18,3.7506637573242188,60.0,60.0,7.131
1765484659.053855,99,18,22,24,18,3.7506637573242188,60.0,60.0,7.131
1765484659.2568555,99,22,39,26,25,3.7505340576171875,60.0,60.5,8.2
1765484659.4584284,99,22,39,26,25,3.7505340576171875,60.0,60.5,8.2
1765484659.6595814,24,18,32,26,22,3.751556396484375,60.0,60.5,6.078
1765484659.8617854,24,18,32,26,22,3.751556396484375,60.0,60.5,6.078
1765484660.0650482,24,18,32,26,22,3.751556396484375,60.0,60.5,6.078
1765484660.2667427,99,21,15,33,10,3.7509422302246094,60.0,60.5,8.2
1765484660.4679747,99,21,15,33,10,3.7509422302246094,60.0,60.5,8.2
1765484660.6692698,99,37,26,30,16,3.7514190673828125,59.0,60.0,6.58
1765484660.8704126,99,37,26,30,16,3.7514190673828125,59.0,60.0,6.58
1765484661.072035,99,37,26,30,16,3.7514190673828125,59.0,60.0,6.58
1765484661.2752516,99,34,14,16,21,3.7521095275878906,60.0,60.5,7.854
1765484661.4772778,99,34,14,16,21,3.7521095275878906,60.0,60.5,7.854
1765484661.6786187,99,22,35,30,20,3.7527427673339844,60.0,61.0,7.735
1765484661.8803344,99,22,35,30,20,3.7527427673339844,60.0,61.0,7.735
1765484662.083526,99,22,35,30,20,3.7527427673339844,60.0,61.0,7.735
1765484662.2850347,99,16,30,12,15,3.7520904541015625,60.0,60.5,8.001
1765484662.486472,99,16,30,12,15,3.7520904541015625,60.0,60.5,8.001
1765484662.6876667,99,16,30,12,15,3.7520904541015625,60.0,60.5,8.001
1765484662.8907232,99,19,20,28,52,3.7519874572753906,60.0,60.0,7.735
1765484663.0923228,99,19,20,28,52,3.7519874572753906,60.0,60.0,7.735
1765484663.293376,99,23,21,13,21,3.751842498779297,60.0,60.5,7.974
1765484663.4962933,99,23,21,13,21,3.751842498779297,60.0,60.5,7.974
1765484663.6975026,99,23,21,13,21,3.751842498779297,60.0,60.5,7.974
1765484663.899513,99,41,20,30,17,3.752666473388672,60.0,61.0,8.425
1765484664.1029522,99,41,20,30,17,3.752666473388672,60.0,61.0,8.425
1765484664.3043606,99,18,22,14,14,3.752338409423828,60.0,60.0,7.36
1765484664.5058632,99,18,22,14,14,3.752338409423828,60.0,60.0,7.36
1765484664.7087886,99,18,22,14,14,3.752338409423828,60.0,60.0,7.36
1765484664.9121215,99,34,28,22,42,3.7519683837890625,60.0,60.5,8.16
1765484665.113746,99,34,28,22,42,3.7519683837890625,60.0,60.5,8.16
1765484665.314936,39,20,15,30,20,3.752399444580078,60.0,61.0,6.078
1765484665.516248,39,20,15,30,20,3.752399444580078,60.0,61.0,6.078
1765484665.7181442,39,20,15,30,20,3.752399444580078,60.0,61.0,6.078
1765484665.9193318,99,49,24,14,22,3.7518844604492188,60.5,60.5,8.2
1765484666.12217,99,49,24,14,22,3.7518844604492188,60.5,60.5,8.2
1765484666.324143,99,23,30,19,16,3.751781463623047,59.5,60.5,6.078
1765484666.5255115,99,23,30,19,16,3.751781463623047,59.5,60.5,6.078
1765484666.726646,99,23,30,19,16,3.751781463623047,59.5,60.5,6.078
1765484666.9293234,99,41,27,29,22,3.7522964477539062,60.0,60.0,7.707
1765484667.1325667,99,41,27,29,22,3.7522964477539062,60.0,60.0,7.707
1765484667.334234,99,29,22,26,19,3.752532958984375,59.5,61.0,7.775
1765484667.5353377,99,29,22,26,19,3.752532958984375,59.5,61.0,7.775
1765484667.7382052,99,29,22,26,19,3.752532958984375,59.5,61.0,7.775
1765484667.939533,99,36,14,11,10,3.7522048950195312,60.0,60.5,7.814
1765484668.1421509,99,36,14,11,10,3.7522048950195312,60.0,60.5,7.814
1765484668.3439405,99,35,21,18,18,3.7525634765625,60.0,60.5,7.547
1765484668.5453522,99,35,21,18,18,3.7525634765625,60.0,60.5,7.547
1765484668.7470086,99,35,21,18,18,3.7525634765625,60.0,60.5,7.547
1765484668.9498458,99,23,44,20,16,3.751861572265625,60.0,60.5,7.775
1765484669.1512733,99,23,44,20,16,3.751861572265625,60.0,60.5,7.775
1765484669.352236,99,17,31,27,19,3.7528343200683594,60.0,61.0,7.894
1765484669.5547283,99,17,31,27,19,3.7528343200683594,60.0,61.0,7.894
1765484669.7576628,99,17,31,27,19,3.7528343200683594,60.0,61.0,7.894
1765484669.9595134,99,21,23,22,39,3.7519760131835938,60.5,60.5,8.12
1765484670.160668,99,21,23,22,39,3.7519760131835938,60.5,60.5,8.12
1765484670.3620627,99,21,23,22,39,3.7519760131835938,60.5,60.5,8.12
1765484670.5669045,5,24,32,22,18,3.751819610595703,59.5,60.0,5.604
1765484670.7682903,5,24,32,22,18,3.751819610595703,59.5,60.0,5.604
1765484670.9707742,99,20,42,17,24,3.7526626586914062,60.0,60.5,8.65
1765484671.1730542,99,20,42,17,24,3.7526626586914062,60.0,60.5,8.65
1765484671.3745034,99,20,42,17,24,3.7526626586914062,60.0,60.5,8.65
1765484671.5756316,99,14,32,25,13,3.7523193359375,60.0,61.0,7.091
1765484671.7793818,99,14,32,25,13,3.7523193359375,60.0,61.0,7.091
1765484671.982875,99,26,25,21,32,3.752288818359375,60.0,60.5,7.707
1765484672.184417,99,26,25,21,32,3.752288818359375,60.0,60.5,7.707
1765484672.3855712,99,26,25,21,32,3.752288818359375,60.0,60.5,7.707
1765484672.5883107,99,27,27,34,34,3.7524070739746094,60.0,60.0,7.587
1765484672.7898493,99,27,27,34,34,3.7524070739746094,60.0,60.0,7.587
1765484672.991248,99,21,33,17,14,3.7527999877929688,60.0,60.5,8.505
1765484673.1929672,99,21,33,17,14,3.7527999877929688,60.0,60.5,8.505
1765484673.3945017,99,21,33,17,14,3.7527999877929688,60.0,60.5,8.505
1765484673.5957122,99,53,17,12,10,3.7522811889648438,60.0,61.5,7.775
1765484673.7983806,99,53,17,12,10,3.7522811889648438,60.0,61.5,7.775
1765484673.9994662,99,27,14,18,13,3.7520065307617188,60.5,60.5,7.707
1765484674.2006328,99,27,14,18,13,3.7520065307617188,60.5,60.5,7.707
1765484674.4021988,99,27,14,18,13,3.7520065307617188,60.5,60.5,7.707
1765484674.6047442,99,25,35,19,46,3.752208709716797,60.0,60.5,8.319
1765484674.8080287,99,25,35,19,46,3.752208709716797,60.0,60.5,8.319
1765484675.0095158,99,18,25,16,10,3.7530174255371094,60.0,60.5,7.587
1765484675.210495,99,18,25,16,10,3.7530174255371094,60.0,60.5,7.587
1765484675.4118629,99,18,25,16,10,3.7530174255371094,60.0,60.5,7.587
1765484675.6129506,99,53,21,18,12,3.7520408630371094,60.0,60.5,7.974
1765484675.8160348,99,53,21,18,12,3.7520408630371094,60.0,60.5,7.974
1765484676.017444,99,20,20,14,18,3.7521629333496094,60.0,60.0,5.886
1765484676.2191513,99,20,20,14,18,3.7521629333496094,60.0,60.0,5.886
1765484676.4202971,99,20,20,14,18,3.7521629333496094,60.0,60.0,5.886
1765484676.6232345,99,27,28,33,46,3.7522048950195312,60.0,61.0,8.928
1765484676.8265257,99,27,28,33,46,3.7522048950195312,60.0,61.0,8.928
1765484677.027889,0,18,20,18,10,3.7524871826171875,59.0,61.0,5.096
1765484677.2289836,0,18,20,18,10,3.7524871826171875,59.0,61.0,5.096
1765484677.4313278,0,18,20,18,10,3.7524871826171875,59.0,61.0,5.096
1765484677.6345224,99,21,44,22,18,3.751567840576172,60.0,60.5,7.735
1765484677.836172,99,21,44,22,18,3.751567840576172,60.0,60.5,7.735
1765484678.0373104,99,28,24,31,14,3.752166748046875,59.5,60.5,6.5
1765484678.2386281,99,28,24,31,14,3.752166748046875,59.5,60.5,6.5
1765484678.4400532,99,28,24,31,14,3.752166748046875,59.5,60.5,6.5
1765484678.6425233,99,22,21,39,15,3.7530250549316406,60.0,60.5,8.2
1765484678.8454287,99,22,21,39,15,3.7530250549316406,60.0,60.5,8.2
1765484679.047816,99,12,18,21,17,3.7519149780273438,60.0,60.5,7.32
1765484679.249185,99,12,18,21,17,3.7519149780273438,60.0,60.5,7.32
1765484679.452807,99,12,18,21,17,3.7519149780273438,60.0,60.5,7.32
1765484679.6567056,99,25,30,22,45,3.7523460388183594,60.0,60.5,7.4
1765484679.8581624,99,25,30,22,45,3.7523460388183594,60.0,60.5,7.4
1765484680.0594025,99,27,32,21,32,3.7527198791503906,60.5,60.5,7.854
1765484680.2605956,99,27,32,21,32,3.7527198791503906,60.5,60.5,7.854
1765484680.4621649,99,27,32,21,32,3.7527198791503906,60.5,60.5,7.854
1765484680.6634858,99,16,38,15,10,3.7535171508789062,60.5,60.5,8.465
1765484680.8645835,99,16,38,15,10,3.7535171508789062,60.5,60.5,8.465
1765484681.0657754,99,16,38,15,10,3.7535171508789062,60.5,60.5,8.465
1765484681.2669718,99,23,20,28,12,3.7524986267089844,60.0,60.5,7.091
1765484681.4707632,99,23,20,28,12,3.7524986267089844,60.0,60.5,7.091
1765484681.6725655,99,23,32,40,20,3.752971649169922,60.5,61.0,8.16
1765484681.8738568,99,23,32,40,20,3.752971649169922,60.5,61.0,8.16
1765484682.075283,99,23,32,40,20,3.752971649169922,60.5,61.0,8.16
1765484682.277573,74,26,30,30,26,3.753314971923828,60.0,61.0,7.171
1765484682.4833894,74,26,30,30,26,3.753314971923828,60.0,61.0,7.171
1765484682.685352,99,12,19,10,33,3.753326416015625,60.5,60.5,8.081
1765484682.8868902,99,12,19,10,33,3.753326416015625,60.5,60.5,8.081
1765484683.0880878,99,12,19,10,33,3.753326416015625,60.5,60.5,8.081
1765484683.2896376,99,35,18,23,34,3.7528343200683594,60.0,61.0,7.428
1765484683.490909,99,35,18,23,34,3.7528343200683594,60.0,61.0,7.428
1765484683.6929188,99,33,23,20,15,3.752410888671875,60.5,60.5,8.014
1765484683.8958795,99,33,23,20,15,3.752410888671875,60.5,60.5,8.014
1765484684.0975583,99,33,23,20,15,3.752410888671875,60.5,60.5,8.014
1765484684.2992077,99,25,22,52,30,3.7531471252441406,60.5,61.5,8.346
1765484684.5010843,99,25,22,52,30,3.7531471252441406,60.5,61.5,8.346
1765484684.7023008,99,20,26,15,10,3.752880096435547,60.5,60.5,7.747
1765484684.9035096,99,20,26,15,10,3.752880096435547,60.5,60.5,7.747
1765484685.104623,99,20,26,15,10,3.752880096435547,60.5,60.5,7.747
1765484685.3074794,99,41,30,24,31,3.7529258728027344,60.0,61.5,7.36
1765484685.50911,99,41,30,24,31,3.7529258728027344,60.0,61.5,7.36
1765484685.7110891,99,18,26,18,16,3.7534141540527344,60.0,61.0,8.28
1765484685.9128509,99,18,26,18,16,3.7534141540527344,60.0,61.0,8.28
1765484686.1142054,99,18,26,18,16,3.7534141540527344,60.0,61.0,8.28
1765484686.3156078,99,47,22,28,14,3.753650665283203,59.5,61.0,8.385
1765484686.5187285,99,47,22,28,14,3.753650665283203,59.5,61.0,8.385
1765484686.7208312,99,19,24,17,20,3.753398895263672,60.5,60.5,7.36
1765484686.9223096,99,19,24,17,20,3.753398895263672,60.5,60.5,7.36
1765484687.1233978,99,19,24,17,20,3.753398895263672,60.5,60.5,7.36
1765484687.326296,99,36,41,26,24,3.7533416748046875,60.0,61.0,7.735
1765484687.5276456,99,36,41,26,24,3.7533416748046875,60.0,61.0,7.735
1765484687.728567,99,13,20,18,23,3.7538719177246094,60.5,61.0,7.627
1765484687.9315252,99,13,20,18,23,3.7538719177246094,60.5,61.0,7.627
1765484688.1343722,99,13,20,18,23,3.7538719177246094,60.5,61.0,7.627
1765484688.3357837,99,20,20,14,50,3.7544631958007812,60.0,61.0,8.2
1765484688.538696,99,20,20,14,50,3.7544631958007812,60.0,61.0,8.2
1765484688.7401624,99,18,14,21,25,3.754241943359375,60.0,60.5,6.701
1765484688.941322,99,18,14,21,25,3.754241943359375,60.0,60.5,6.701
1765484689.1433973,99,18,14,21,25,3.754241943359375,60.0,60.5,6.701
1765484689.3463979,99,25,31,50,35,3.7541732788085938,60.5,61.0,8.2
1765484689.5492337,99,25,31,50,35,3.7541732788085938,60.5,61.0,8.2
1765484689.7507546,0,27,24,24,26,3.7550315856933594,59.5,61.5,5.917
1765484689.9518201,0,27,24,24,26,3.7550315856933594,59.5,61.5,5.917
1765484690.1544433,0,27,24,24,26,3.7550315856933594,59.5,61.5,5.917
1765484690.3558426,99,20,17,47,17,3.7538909912109375,60.0,61.0,7.934
1765484690.5590985,99,20,17,47,17,3.7538909912109375,60.0,61.0,7.934
1765484690.7604477,99,20,17,47,17,3.7538909912109375,60.0,61.0,7.934
1765484690.9616117,99,19,24,33,16,3.7548980712890625,60.0,61.0,6.118
1765484691.1626208,99,19,24,33,16,3.7548980712890625,60.0,61.0,6.118
1765484691.3653796,99,28,48,11,26,3.7550735473632812,60.5,61.0,7.854
1765484691.569085,99,28,48,11,26,3.7550735473632812,60.5,61.0,7.854
1765484691.771119,99,28,48,11,26,3.7550735473632812,60.5,61.0,7.854
1765484691.9723227,99,28,20,23,24,3.755992889404297,59.5,61.0,6.891
1765484692.1751714,99,28,20,23,24,3.755992889404297,59.5,61.0,6.891
1765484692.3771555,99,20,11,36,23,3.75531005859375,60.0,60.5,7.775
1765484692.5783975,99,20,11,36,23,3.75531005859375,60.0,60.5,7.775
1765484692.7794356,99,20,11,36,23,3.75531005859375,60.0,60.5,7.775
1765484692.9806173,99,25,29,14,22,3.7556076049804688,60.0,60.5,7.747
1765484693.1817422,99,25,29,14,22,3.7556076049804688,60.0,60.5,7.747
1765484693.3836727,99,44,19,16,22,3.7553367614746094,60.5,61.0,7.667
1765484693.5866585,99,44,19,16,22,3.7553367614746094,60.5,61.0,7.667
1765484693.788015,99,44,19,16,22,3.7553367614746094,60.5,61.0,7.667
1765484693.9889832,99,24,18,10,28,3.7558517456054688,60.0,61.0,7.735
1765484694.1918736,99,24,18,10,28,3.7558517456054688,60.0,61.0,7.735
1765484694.3945057,99,23,20,40,19,3.7554168701171875,60.5,61.0,7.934
1765484694.5957937,99,23,20,40,19,3.7554168701171875,60.5,61.0,7.934
1765484694.797829,99,23,20,40,19,3.7554168701171875,60.5,61.0,7.934
1765484695.0001564,99,27,27,19,35,3.7557106018066406,60.0,60.5,6.781
1765484695.201747,99,27,27,19,35,3.7557106018066406,60.0,60.5,6.781
1765484695.4031146,99,25,21,43,19,3.7563552856445312,61.0,61.0,8.584
1765484695.6041927,99,25,21,43,19,3.7563552856445312,61.0,61.0,8.584
1765484695.8051906,99,25,21,43,19,3.7563552856445312,61.0,61.0,8.584
1765484696.0064316,64,22,34,18,12,3.755908966064453,59.5,61.0,6.47
1765484696.2097926,64,22,34,18,12,3.755908966064453,59.5,61.0,6.47
1765484696.412288,99,40,20,16,27,3.755401611328125,60.5,61.0,7.974
1765484696.6136827,99,40,20,16,27,3.755401611328125,60.5,61.0,7.974
1765484696.8148556,99,40,20,16,27,3.755401611328125,60.5,61.0,7.974
1765484697.0161877,99,36,21,32,28,3.754985809326172,60.0,61.0,7.587
1765484697.2186785,99,36,21,32,28,3.754985809326172,60.0,61.0,7.587
1765484697.4200606,99,16,28,14,18,3.7560653686523438,60.5,61.0,8.28
1765484697.6221097,99,16,28,14,18,3.7560653686523438,60.5,61.0,8.28
1765484697.8235545,99,16,28,14,18,3.7560653686523438,60.5,61.0,8.28
1765484698.0249627,99,18,38,29,21,3.755176544189453,60.5,60.5,7.507
1765484698.2271419,99,18,38,29,21,3.755176544189453,60.5,60.5,7.507
1765484698.4289315,99,22,18,16,19,3.7555160522460938,60.5,60.5,8.014
1765484698.630877,99,22,18,16,19,3.7555160522460938,60.5,60.5,8.014
1765484698.8326495,99,22,18,16,19,3.7555160522460938,60.5,60.5,8.014
1765484699.034842,99,28,26,57,28,3.755786895751953,60.5,61.5,8.689
1765484699.2376223,99,28,26,57,28,3.755786895751953,60.5,61.5,8.689
1765484699.4393275,99,16,12,13,27,3.755786895751953,60.5,60.5,7.695
1765484699.6404262,99,16,12,13,27,3.755786895751953,60.5,60.5,7.695
1765484699.841583,99,16,12,13,27,3.755786895751953,60.5,60.5,7.695
1765484700.042882,99,42,23,31,22,3.755046844482422,60.5,60.5,7.854
1765484700.2441847,99,42,23,31,22,3.755046844482422,60.5,60.5,7.854
1765484700.4453657,99,42,23,31,22,3.755046844482422,60.5,60.5,7.854
1765484700.6476288,99,23,24,21,22,3.755786895751953,60.5,60.5,7.091
1765484700.8492339,99,23,24,21,22,3.755786895751953,60.5,60.5,7.091
1765484701.0510888,99,20,29,60,18,3.7564964294433594,60.5,61.5,8.992
1765484701.254267,99,20,29,60,18,3.7564964294433594,60.5,61.5,8.992
1765484701.4552946,99,20,29,60,18,3.7564964294433594,60.5,61.5,8.992
1765484701.6564305,53,16,23,8,12,3.7561111450195312,59.5,60.5,5.177
1765484701.8587034,53,16,23,8,12,3.7561111450195312,59.5,60.5,5.177
1765484702.0611815,99,34,32,18,44,3.754974365234375,60.5,61.5,8.12
1765484702.2626338,99,34,32,18,44,3.754974365234375,60.5,61.5,8.12
1765484702.466701,99,34,32,18,44,3.754974365234375,60.5,61.5,8.12
1765484702.6677623,99,35,20,18,20,3.755756378173828,60.0,61.5,6.159
1765484702.869185,99,35,20,18,20,3.755756378173828,60.0,61.5,6.159
1765484703.0706093,99,42,12,22,12,3.7558326721191406,60.5,61.0,8.054
1765484703.2734025,99,42,12,22,12,3.7558326721191406,60.5,61.0,8.054
1765484703.4760084,99,42,12,22,12,3.7558326721191406,60.5,61.0,8.054
1765484703.6770952,99,18,20,16,30,3.7554092407226562,60.0,61.0,7.011
1765484703.878958,99,18,20,16,30,3.7554092407226562,60.0,61.0,7.011
1765484704.081863,99,20,46,24,27,3.7555465698242188,60.5,60.5,7.814
1765484704.2838314,99,20,46,24,27,3.7555465698242188,60.5,60.5,7.814
1765484704.4848948,99,20,46,24,27,3.7555465698242188,60.5,60.5,7.814
1765484704.6861677,99,31,27,34,29,3.7550735473632812,60.5,61.0,8.24
1765484704.8881643,99,31,27,34,29,3.7550735473632812,60.5,61.0,8.24
1765484705.0896177,99,15,31,19,8,3.755931854248047,60.5,61.0,7.775
1765484705.2922766,99,15,31,19,8,3.755931854248047,60.5,61.0,7.775
1765484705.4940813,99,15,31,19,8,3.755931854248047,60.5,61.0,7.775
1765484705.695401,99,31,25,13,30,3.7561111450195312,60.5,60.5,7.28
1765484705.896853,99,31,25,13,30,3.7561111450195312,60.5,60.5,7.28
1765484706.0991929,99,24,42,22,20,3.7558631896972656,61.0,61.5,8.041
1765484706.3025815,99,24,42,22,20,3.7558631896972656,61.0,61.5,8.041
1765484706.5038497,99,24,42,22,20,3.7558631896972656,61.0,61.5,8.041
1765484706.7056615,71,25,17,33,18,3.756183624267578,60.0,61.0,6.861
1765484706.9086888,71,25,17,33,18,3.756183624267578,60.0,61.0,6.861
1765484707.1102188,99,19,17,32,15,3.7560653686523438,60.5,61.0,8.24
1765484707.3112335,99,19,17,32,15,3.7560653686523438,60.5,61.0,8.24
1765484707.5122654,99,19,17,32,15,3.7560653686523438,60.5,61.0,8.24
1765484707.7145572,99,28,32,38,22,3.75537109375,60.0,61.0,7.08
1765484707.915894,99,28,32,38,22,3.75537109375,60.0,61.0,7.08
1765484708.1174152,99,19,19,33,12,3.7558441162109375,60.5,61.5,7.814
1765484708.3195693,99,19,19,33,12,3.7558441162109375,60.5,61.5,7.814
1765484708.5226207,99,19,19,33,12,3.7558441162109375,60.5,61.5,7.814
1765484708.7237856,99,18,28,28,28,3.7562713623046875,60.5,61.5,8.24
1765484708.927036,99,18,28,28,28,3.7562713623046875,60.5,61.5,8.24
1765484709.1291249,99,18,20,19,25,3.755413055419922,61.0,61.5,8.12
1765484709.3306537,99,18,20,19,25,3.755413055419922,61.0,61.5,8.12
1765484709.5318496,99,18,20,19,25,3.755413055419922,61.0,61.5,8.12
1765484709.7337687,99,25,26,51,24,3.7555160522460938,60.5,61.0,7.775
1765484709.9355052,99,25,26,51,24,3.7555160522460938,60.5,61.0,7.775
1765484710.1366582,99,25,26,51,24,3.7555160522460938,60.5,61.0,7.775
1765484710.338967,99,26,18,18,20,3.7560577392578125,60.5,61.0,7.775
1765484710.5403583,99,26,18,18,20,3.7560577392578125,60.5,61.0,7.775
1765484710.7413988,99,38,18,18,26,3.7570037841796875,60.5,61.5,8.16
1765484710.9444337,99,38,18,18,26,3.7570037841796875,60.5,61.5,8.16
1765484711.1461449,99,38,18,18,26,3.7570037841796875,60.5,61.5,8.16
1765484711.3473396,99,17,23,17,19,3.7557754516601562,60.5,60.5,7.051
1765484711.548462,99,17,23,17,19,3.7557754516601562,60.5,60.5,7.051
1765484711.7507086,99,27,43,19,31,3.756114959716797,60.5,61.0,8.2
1765484711.953035,99,27,43,19,31,3.756114959716797,60.5,61.0,8.2
1765484712.1542869,99,27,43,19,31,3.756114959716797,60.5,61.0,8.2
1765484712.3559127,0,24,19,21,18,3.7563858032226562,59.5,60.5,5.765
1765484712.5574536,0,24,19,21,18,3.7563858032226562,59.5,60.5,5.765
1765484712.758582,99,19,27,14,50,3.7559967041015625,60.5,61.5,8.24
1765484712.9614334,99,19,27,14,50,3.7559967041015625,60.5,61.5,8.24
1765484713.163449,99,19,27,14,50,3.7559967041015625,60.5,61.5,8.24
1765484713.3650148,99,36,22,19,14,3.755687713623047,60.0,61.0,6.31
1765484713.5666494,99,36,22,19,14,3.755687713623047,60.0,61.0,6.31
1765484713.768685,99,48,19,18,27,3.7557373046875,60.5,61.0,7.814
1765484713.971829,99,48,19,18,27,3.7557373046875,60.5,61.0,7.814
1765484714.1733346,99,48,19,18,27,3.7557373046875,60.5,61.0,7.814
1765484714.3745868,99,23,29,20,29,3.7569808959960938,60.5,61.5,7.775
1765484714.576719,99,23,29,20,29,3.7569808959960938,60.5,61.5,7.775
1765484714.778796,99,18,21,37,11,3.7559738159179688,60.5,61.0,7.775
1765484714.9807057,99,18,21,37,11,3.7559738159179688,60.5,61.0,7.775
1765484715.181837,99,18,21,37,11,3.7559738159179688,60.5,61.0,7.775
1765484715.3829908,99,34,23,20,17,3.7565650939941406,60.5,61.0,7.547
1765484715.584462,99,34,23,20,17,3.7565650939941406,60.5,61.0,7.547
1765484715.7862928,99,22,40,19,18,3.756328582763672,60.5,61.0,7.707
1765484715.9890857,99,22,40,19,18,3.756328582763672,60.5,61.0,7.707
1765484716.1907973,99,22,40,19,18,3.756328582763672,60.5,61.0,7.707
1765484716.3919644,99,20,12,27,20,3.7569503784179688,60.5,61.0,7.667
1765484716.5946271,99,20,12,27,20,3.7569503784179688,60.5,61.0,7.667
1765484716.7972574,99,24,49,14,14,3.7577476501464844,60.5,61.0,8.054
1765484716.9992108,99,24,49,14,14,3.7577476501464844,60.5,61.0,8.054
1765484717.2006102,99,24,49,14,14,3.7577476501464844,60.5,61.0,8.054
1765484717.4018424,99,28,22,26,20,3.7578506469726562,60.5,60.5,7.131
1765484717.6030369,99,28,22,26,20,3.7578506469726562,60.5,60.5,7.131
1765484717.804105,99,28,22,26,20,3.7578506469726562,60.5,60.5,7.131
1765484718.0071285,99,26,45,18,18,3.7586402893066406,61.0,61.5,8.769
1765484718.2096822,99,26,45,18,18,3.7586402893066406,61.0,61.5,8.769
1765484718.411534,0,32,21,8,13,3.758106231689453,60.0,61.5,5.725
1765484718.6137435,0,32,21,8,13,3.758106231689453,60.0,61.5,5.725
1765484718.815679,0,32,21,8,13,3.758106231689453,60.0,61.5,5.725
1765484719.0167131,99,26,28,38,14,3.7577056884765625,61.0,61.0,8.24
1765484719.218014,99,26,28,38,14,3.7577056884765625,61.0,61.0,8.24
1765484719.4192126,99,27,28,30,40,3.757831573486328,60.5,61.5,7.24
1765484719.6222882,99,27,28,30,40,3.757831573486328,60.5,61.5,7.24
1765484719.8238068,99,27,28,30,40,3.757831573486328,60.5,61.5,7.24
1765484720.0248759,99,32,20,19,10,3.758068084716797,61.0,61.0,8.2
1765484720.226225,99,32,20,19,10,3.758068084716797,61.0,61.0,8.2
1765484720.427368,99,16,18,25,32,3.757831573486328,60.5,61.0,7.735
1765484720.6292748,99,16,18,25,32,3.757831573486328,60.5,61.0,7.735
1765484720.8321838,99,16,18,25,32,3.757831573486328,60.5,61.0,7.735
1765484721.0336049,99,22,21,18,22,3.7580413818359375,60.5,61.0,8.16
1765484721.2366128,99,22,21,18,22,3.7580413818359375,60.5,61.0,8.16
1765484721.4377446,99,23,50,35,28,3.7575759887695312,60.5,61.0,8.319
1765484721.6406314,99,23,50,35,28,3.7575759887695312,60.5,61.0,8.319
1765484721.8422143,99,23,50,35,28,3.7575759887695312,60.5,61.0,8.319
1765484722.0435529,99,17,19,14,17,3.758228302001953,60.5,61.0,7.827
1765484722.2448082,99,17,19,14,17,3.758228302001953,60.5,61.0,7.827
1765484722.4470565,99,18,28,16,50,3.7579421997070312,60.5,61.0,7.854
1765484722.6485431,99,18,28,16,50,3.7579421997070312,60.5,61.0,7.854
1765484722.85149,99,18,28,16,50,3.7579421997070312,60.5,61.0,7.854
1765484723.054865,99,31,20,18,28,3.7582130432128906,61.0,61.0,6.971
1765484723.2564747,99,31,20,18,28,3.7582130432128906,61.0,61.0,6.971
1765484723.4579568,99,30,52,36,20,3.7576980590820312,61.0,61.5,8.992
1765484723.6608372,99,30,52,36,20,3.7576980590820312,61.0,61.5,8.992
1765484723.863935,99,30,52,36,20,3.7576980590820312,61.0,61.5,8.992
1765484724.0653815,0,20,16,12,14,3.7576065063476562,60.5,61.0,5.29
1765484724.266697,0,20,16,12,14,3.7576065063476562,60.5,61.0,5.29
1765484724.4692717,99,23,27,44,23,3.758167266845703,60.5,61.0,7.854
1765484724.6707454,99,23,27,44,23,3.758167266845703,60.5,61.0,7.854
1765484724.871915,99,23,27,44,23,3.758167266845703,60.5,61.0,7.854
1765484725.073171,99,24,20,26,34,3.7580795288085938,60.0,61.5,6.701
1765484725.2761903,99,24,20,26,34,3.7580795288085938,60.0,61.5,6.701
1765484725.4775288,99,18,20,39,21,3.758403778076172,61.0,61.5,8.28
1765484725.680174,99,18,20,39,21,3.758403778076172,61.0,61.5,8.28
1765484725.881668,99,18,20,39,21,3.758403778076172,61.0,61.5,8.28
1765484726.082812,99,25,30,18,18,3.758136749267578,61.0,61.0,7.468
1765484726.2838657,99,25,30,18,18,3.758136749267578,61.0,61.0,7.468
1765484726.4851696,99,30,39,21,14,3.7576866149902344,61.0,61.0,7.707
1765484726.6883328,99,30,39,21,14,3.7576866149902344,61.0,61.0,7.707
1765484726.8901992,99,30,39,21,14,3.7576866149902344,61.0,61.0,7.707
1765484727.0914357,99,31,22,27,26,3.7581634521484375,61.0,61.0,7.934
1765484727.2930417,99,31,22,27,26,3.7581634521484375,61.0,61.0,7.934
1765484727.494491,99,38,10,18,14,3.7592697143554688,61.0,61.5,7.894
1765484727.6970904,99,38,10,18,14,3.7592697143554688,61.0,61.5,7.894
1765484727.8995273,99,38,10,18,14,3.7592697143554688,61.0,61.5,7.894
1765484728.100827,99,22,21,14,29,3.7586326599121094,61.0,61.0,7.36
1765484728.3019874,99,22,21,14,29,3.7586326599121094,61.0,61.0,7.36
1765484728.5031629,99,22,21,14,29,3.7586326599121094,61.0,61.0,7.36
1765484728.7060466,99,32,24,46,23,3.759326934814453,61.0,61.5,8.054
1765484728.9072962,99,32,24,46,23,3.759326934814453,61.0,61.5,8.054
1765484729.108441,99,29,32,25,22,3.7594032287597656,61.0,61.0,7.627
1765484729.3113887,99,29,32,25,22,3.7594032287597656,61.0,61.0,7.627
1765484729.5130343,99,29,32,25,22,3.7594032287597656,61.0,61.0,7.627
1765484729.7144873,99,16,20,32,14,3.7595977783203125,61.0,61.5,8.359
1765484729.9173222,99,16,20,32,14,3.7595977783203125,61.0,61.5,8.359
1765484730.1188633,32,24,31,30,19,3.7595672607421875,60.5,61.0,6.149
1765484730.3200374,32,24,31,30,19,3.7595672607421875,60.5,61.0,6.149
1765484730.52322,32,24,31,30,19,3.7595672607421875,60.5,61.0,6.149
1765484730.7249706,99,23,35,17,19,3.7599258422851562,61.0,61.0,8.081
1765484730.9262776,99,23,35,17,19,3.7599258422851562,61.0,61.0,8.081
1765484731.1273675,97,25,26,36,18,3.7691802978515625,60.5,61.5,6.81
1765484731.3292675,97,25,26,36,18,3.7691802978515625,60.5,61.5,6.81
1765484731.5347486,97,25,26,36,18,3.7691802978515625,60.5,61.5,6.81
1765484731.7360256,99,19,12,18,26,3.7686119079589844,61.5,61.0,7.827
1765484731.937342,99,19,12,18,26,3.7686119079589844,61.5,61.0,7.827
1765484732.1387007,0,29,33,22,29,3.7733421325683594,60.0,61.0,3.942
1765484732.3402364,0,29,33,22,29,3.7733421325683594,60.0,61.0,3.942
1765484732.54181,0,29,33,22,29,3.7733421325683594,60.0,61.0,3.942
1765484732.7447314,99,21,23,36,47,3.7659149169921875,61.5,61.5,8.425
1765484732.9466438,99,21,23,36,47,3.7659149169921875,61.5,61.5,8.425
1765484733.1478677,99,18,19,30,17,3.7668380737304688,61.0,61.0,7.627
1765484733.349151,99,18,19,30,17,3.7668380737304688,61.0,61.0,7.627
1765484733.552214,99,18,19,30,17,3.7668380737304688,61.0,61.0,7.627
1765484733.7542973,99,42,18,18,16,3.7661285400390625,61.0,61.5,8.24
1765484733.9555383,99,42,18,18,16,3.7661285400390625,61.0,61.5,8.24
1765484734.1566312,0,30,28,34,26,3.7662200927734375,59.5,61.0,5.33
1765484734.3598886,0,30,28,34,26,3.7662200927734375,59.5,61.0,5.33
1765484734.5615325,0,30,28,34,26,3.7662200927734375,59.5,61.0,5.33
1765484734.7637181,99,28,21,22,36,3.7673721313476562,61.0,61.5,8.873
1765484734.9661522,99,28,21,22,36,3.7673721313476562,61.0,61.5,8.873
1765484735.1674092,92,27,14,32,14,3.7675933837890625,60.5,62.0,6.661
1765484735.3687508,92,27,14,32,14,3.7675933837890625,60.5,62.0,6.661
1765484735.5719151,92,27,14,32,14,3.7675933837890625,60.5,62.0,6.661
1765484735.7754936,99,23,19,40,26,3.7676963806152344,61.5,61.5,8.014
1765484735.9769988,99,23,19,40,26,3.7676963806152344,61.5,61.5,8.014
1765484736.1780927,99,44,33,31,24,3.767742156982422,60.5,62.0,7.051
1765484736.3799872,99,44,33,31,24,3.767742156982422,60.5,62.0,7.051
1765484736.5815225,99,44,33,31,24,3.767742156982422,60.5,62.0,7.051
1765484736.7830765,99,26,16,22,13,3.7690467834472656,61.0,61.5,8.359
1765484736.9847915,99,26,16,22,13,3.7690467834472656,61.0,61.5,8.359
1765484737.1863425,99,24,18,28,30,3.7679672241210938,60.5,61.0,7.667
1765484737.387434,99,24,18,28,30,3.7679672241210938,60.5,61.0,7.667
1765484737.5925817,99,24,18,28,30,3.7679672241210938,60.5,61.0,7.667
1765484737.7944374,99,18,17,20,22,3.7680511474609375,61.0,61.5,8.12
1765484737.995725,99,18,17,20,22,3.7680511474609375,61.0,61.5,8.12
1765484738.19692,99,18,17,20,22,3.7680511474609375,61.0,61.5,8.12
1765484738.399128,99,28,22,50,28,3.769115447998047,61.0,62.0,8.041
1765484738.6022403,99,28,22,50,28,3.769115447998047,61.0,62.0,8.041
1765484738.809365,99,18,20,14,17,3.769145965576172,61.0,61.5,8.12
1765484739.01083,99,18,20,14,17,3.769145965576172,61.0,61.5,8.12
1765484739.2121143,99,18,20,14,17,3.769145965576172,61.0,61.5,8.12
1765484739.4131804,99,28,26,39,15,3.7688522338867188,61.0,61.5,7.747
1765484739.6154404,99,28,26,39,15,3.7688522338867188,61.0,61.5,7.747
1765484739.8170133,99,25,18,27,16,3.768280029296875,61.0,61.0,7.36
1765484740.018968,99,25,18,27,16,3.768280029296875,61.0,61.0,7.36
1765484740.2201798,99,25,18,27,16,3.768280029296875,61.0,61.0,7.36
1765484740.423252,99,37,41,26,41,3.7686119079589844,61.0,62.5,9.007
1765484740.629187,99,37,41,26,41,3.7686119079589844,61.0,62.5,9.007
1765484740.8313286,99,16,10,10,10,3.7684783935546875,61.0,61.5,6.199
1765484741.0324824,99,16,10,10,10,3.7684783935546875,61.0,61.5,6.199
1765484741.2352052,99,16,10,10,10,3.7684783935546875,61.0,61.5,6.199
1765484741.4365437,99,22,25,28,52,3.7679824829101562,61.0,61.5,8.24
1765484741.6383228,99,22,25,28,52,3.7679824829101562,61.0,61.5,8.24
1765484741.8398376,0,22,19,24,30,3.768890380859375,60.0,62.0,5.177
1765484742.0410306,0,22,19,24,30,3.768890380859375,60.0,62.0,5.177
1765484742.2421036,0,22,19,24,30,3.768890380859375,60.0,62.0,5.177
1765484742.444107,99,42,17,23,24,3.7694778442382812,61.0,62.5,8.65
1765484742.646972,99,42,17,23,24,3.7694778442382812,61.0,62.5,8.65
1765484742.8486109,99,30,14,12,6,3.7685317993164062,60.5,62.0,6.39
1765484743.0497105,99,30,14,12,6,3.7685317993164062,60.5,62.0,6.39
1765484743.2519596,99,30,14,12,6,3.7685317993164062,60.5,62.0,6.39
1765484743.4554894,99,27,42,19,19,3.7687034606933594,61.0,61.0,7.695
1765484743.6569366,99,27,42,19,19,3.7687034606933594,61.0,61.0,7.695
1765484743.8585808,99,26,20,30,29,3.7689208984375,61.0,61.5,7.894
1765484744.0600362,99,26,20,30,29,3.7689208984375,61.0,61.5,7.894
1765484744.2611816,99,26,20,30,29,3.7689208984375,61.0,61.5,7.894
1765484744.4629657,99,18,16,16,35,3.769214630126953,61.0,61.5,8.001
1765484744.664263,99,18,16,16,35,3.769214630126953,61.0,61.5,8.001
1765484744.8660662,99,15,30,16,20,3.7686691284179688,61.0,61.0,7.627
1765484745.0677054,99,15,30,16,20,3.7686691284179688,61.0,61.0,7.627
1765484745.2705915,99,15,30,16,20,3.7686691284179688,61.0,61.0,7.627
1765484745.473772,99,30,19,48,23,3.7688140869140625,61.0,61.0,7.547
1765484745.6756437,99,30,19,48,23,3.7688140869140625,61.0,61.0,7.547
1765484745.8766217,99,27,25,34,29,3.768756866455078,61.5,61.5,7.974
1765484746.0777833,99,27,25,34,29,3.768756866455078,61.5,61.5,7.974
1765484746.281404,99,27,25,34,29,3.768756866455078,61.5,61.5,7.974
1765484746.4829397,99,17,14,33,14,3.7690811157226562,61.0,61.5,8.12
1765484746.6838791,99,17,14,33,14,3.7690811157226562,61.0,61.5,8.12
1765484746.8851752,99,22,25,28,19,3.7693023681640625,61.0,61.0,6.631
1765484747.0865123,99,22,25,28,19,3.7693023681640625,61.0,61.0,6.631
1765484747.2892654,99,22,25,28,19,3.7693023681640625,61.0,61.0,6.631
1765484747.4923563,99,18,42,22,16,3.7690811157226562,61.5,61.5,8.2
1765484747.6936748,99,18,42,22,16,3.7690811157226562,61.5,61.5,8.2
1765484747.8948932,99,18,42,22,16,3.7690811157226562,61.5,61.5,8.2
1765484748.0965986,49,26,20,22,33,3.769378662109375,60.5,61.5,7.2
1765484748.2995522,49,26,20,22,33,3.769378662109375,60.5,61.5,7.2
1765484748.5011153,99,12,30,10,9,3.7691993713378906,61.5,61.5,7.974
1765484748.702712,99,12,30,10,9,3.7691993713378906,61.5,61.5,7.974
1765484748.9038618,99,12,30,10,9,3.7691993713378906,61.5,61.5,7.974
1765484749.1067271,99,23,45,18,37,3.768993377685547,61.0,61.5,7.44
1765484749.308376,99,23,45,18,37,3.768993377685547,61.0,61.5,7.44
1765484749.5106192,99,30,18,16,21,3.7690467834472656,61.0,61.5,8.081
1765484749.7124085,99,30,18,16,21,3.7690467834472656,61.0,61.5,8.081
1765484749.9140122,99,30,18,16,21,3.7690467834472656,61.0,61.5,8.081
1765484750.1154625,99,39,38,16,15,3.7693252563476562,61.0,62.0,8.2
1765484750.3193016,99,39,38,16,15,3.7693252563476562,61.0,62.0,8.2
1765484750.5216942,99,18,29,12,12,3.7689552307128906,61.5,61.0,8.12
1765484750.7231379,99,18,29,12,12,3.7689552307128906,61.5,61.0,8.12
1765484750.9241996,99,18,29,12,12,3.7689552307128906,61.5,61.0,8.12
1765484751.1270728,99,47,27,20,32,3.769268035888672,61.0,61.5,7.854
1765484751.3284488,99,47,27,20,32,3.769268035888672,61.0,61.5,7.854
1765484751.5293775,99,21,23,16,20,3.7697830200195312,61.0,61.0,7.775
1765484751.7323449,99,21,23,16,20,3.7697830200195312,61.0,61.0,7.775
1765484751.9338639,99,21,23,16,20,3.7697830200195312,61.0,61.0,7.775
1765484752.1354768,99,13,37,32,12,3.77032470703125,61.0,62.0,8.359
1765484752.3410864,99,13,37,32,12,3.77032470703125,61.0,62.0,8.359
1765484752.5432968,99,12,13,23,21,3.7698936462402344,61.0,61.0,6.931
1765484752.7444618,99,12,13,23,21,3.7698936462402344,61.0,61.0,6.931
1765484752.9465404,99,12,13,23,21,3.7698936462402344,61.0,61.0,6.931
1765484753.1509151,99,32,20,52,22,3.769702911376953,61.5,61.5,8.28
1765484753.352778,99,32,20,52,22,3.769702911376953,61.5,61.5,8.28
1765484753.5538082,0,24,25,16,26,3.7701148986816406,60.5,62.0,6.229
1765484753.7552323,0,24,25,16,26,3.7701148986816406,60.5,62.0,6.229
1765484753.9575133,0,24,25,16,26,3.7701148986816406,60.5,62.0,6.229
1765484754.159323,99,41,14,17,12,3.7697486877441406,61.5,61.0,7.667
1765484754.3622615,99,41,14,17,12,3.7697486877441406,61.5,61.0,7.667
1765484754.563809,99,34,25,23,12,3.7695579528808594,61.0,61.5,6.631
1765484754.7650864,99,34,25,23,12,3.7695579528808594,61.0,61.5,6.631
1765484754.9667194,99,34,25,23,12,3.7695579528808594,61.0,61.5,6.631
1765484755.1704924,99,16,34,37,22,3.769886016845703,61.0,61.5,7.894
1765484755.3727713,99,16,34,37,22,3.769886016845703,61.0,61.5,7.894
1765484755.5741625,99,33,22,24,26,3.7711219787597656,61.0,62.5,8.65
1765484755.7753,99,33,22,24,26,3.7711219787597656,61.0,62.5,8.65
1765484755.978302,99,33,22,24,26,3.7711219787597656,61.0,62.5,8.65
1765484756.180179,99,17,41,14,12,3.7700157165527344,61.0,61.5,7.44
1765484756.3817627,99,17,41,14,12,3.7700157165527344,61.0,61.5,7.44
1765484756.583183,99,17,41,14,12,3.7700157165527344,61.0,61.5,7.44
1765484756.7851627,99,24,28,18,28,3.7701873779296875,61.0,61.0,7.44
1765484756.9866035,99,24,28,18,28,3.7701873779296875,61.0,61.0,7.44
1765484757.1891596,99,26,42,19,17,3.770336151123047,61.5,61.5,8.319
1765484757.390684,99,26,42,19,17,3.770336151123047,61.5,61.5,8.319
1765484757.5917585,99,26,42,19,17,3.770336151123047,61.5,61.5,8.319
1765484757.7935312,99,10,16,20,27,3.7704849243164062,61.5,61.5,7.44
1765484757.9961302,99,10,16,20,27,3.7704849243164062,61.5,61.5,7.44
1765484758.1993525,99,24,25,20,43,3.770305633544922,61.5,61.5,8.2
1765484758.400902,99,24,25,20,43,3.770305633544922,61.5,61.5,8.2
1765484758.6025407,99,24,25,20,43,3.770305633544922,61.5,61.5,8.2
1765484758.8037975,88,40,23,28,20,3.770751953125,60.5,61.5,6.39
1765484759.0050828,88,40,23,28,20,3.770751953125,60.5,61.5,6.39
1765484759.2068694,99,36,24,21,16,3.7710609436035156,61.5,62.0,8.584
1765484759.4084175,99,36,24,21,16,3.7710609436035156,61.5,62.0,8.584
1765484759.6095648,99,36,24,21,16,3.7710609436035156,61.5,62.0,8.584
1765484759.8106956,99,21,22,24,16,3.7704238891601562,61.0,61.5,7.051
1765484760.0121865,99,21,22,24,16,3.7704238891601562,61.0,61.5,7.051
1765484760.2144294,99,34,19,27,20,3.770111083984375,61.5,61.5,7.894
1765484760.4157164,99,34,19,27,20,3.770111083984375,61.5,61.5,7.894
1765484760.6167843,99,34,19,27,20,3.770111083984375,61.5,61.5,7.894
1765484760.8195248,99,24,34,46,24,3.770122528076172,61.5,62.5,7.775
1765484761.0228643,99,24,34,46,24,3.770122528076172,61.5,62.5,7.775
1765484761.224267,99,25,19,21,23,3.771026611328125,61.5,62.5,8.505
1765484761.4261377,99,25,19,21,23,3.771026611328125,61.5,62.5,8.505
1765484761.6273696,99,25,19,21,23,3.771026611328125,61.5,62.5,8.505
1765484761.8286898,99,28,45,19,15,3.770416259765625,61.0,62.0,7.894
1765484762.0310266,99,28,45,19,15,3.770416259765625,61.0,62.0,7.894
1765484762.2345586,99,16,18,19,28,3.769683837890625,61.5,61.5,7.32
1765484762.4374547,99,16,18,19,28,3.769683837890625,61.5,61.5,7.32
1765484762.6393898,99,16,18,19,28,3.769683837890625,61.5,61.5,7.32
1765484762.8427174,99,28,37,42,26,3.7703628540039062,61.5,62.0,8.61
1765484763.0462656,99,28,37,42,26,3.7703628540039062,61.5,62.0,8.61
1765484763.2475965,85,16,18,21,12,3.7710227966308594,61.0,61.5,6.31
1765484763.4485373,85,16,18,21,12,3.7710227966308594,61.0,61.5,6.31
1765484763.6499794,85,16,18,21,12,3.7710227966308594,61.0,61.5,6.31
1765484763.8509686,99,27,28,45,14,3.7706527709960938,61.0,62.0,7.974
1765484764.052262,99,27,28,45,14,3.7706527709960938,61.0,62.0,7.974
1765484764.2535126,99,23,12,21,21,3.770862579345703,61.5,61.5,5.532
1765484764.455042,99,23,12,21,21,3.770862579345703,61.5,61.5,5.532
1765484764.6569057,99,23,12,21,21,3.770862579345703,61.5,61.5,5.532
1765484764.8595083,99,56,38,24,18,3.7708969116210938,61.5,62.5,9.111
1765484765.0630596,99,56,38,24,18,3.7708969116210938,61.5,62.5,9.111
1765484765.2644994,0,17,19,15,12,3.7709121704101562,60.5,61.5,4.82
1765484765.4655454,0,17,19,15,12,3.7709121704101562,60.5,61.5,4.82
1765484765.6682415,0,17,19,15,12,3.7709121704101562,60.5,61.5,4.82
1765484765.8715742,99,21,25,25,45,3.7700538635253906,61.5,62.0,8.16
1765484766.0734062,99,21,25,25,45,3.7700538635253906,61.5,62.0,8.16
1765484766.2744327,99,14,38,18,18,3.770172119140625,60.5,62.5,6.31
1765484766.4754746,99,14,38,18,18,3.770172119140625,60.5,62.5,6.31
1765484766.6765814,99,14,38,18,18,3.770172119140625,60.5,62.5,6.31
1765484766.8780758,99,41,15,21,10,3.77105712890625,61.5,62.0,8.2
1765484767.0811722,99,41,15,21,10,3.77105712890625,61.5,62.0,8.2
1765484767.2827256,99,41,15,21,10,3.77105712890625,61.5,62.0,8.2
1765484767.4839425,99,18,17,19,26,3.77099609375,61.0,61.5,7.16
1765484767.6852717,99,18,17,19,26,3.77099609375,61.0,61.5,7.16
1765484767.888013,99,47,20,26,20,3.7706146240234375,61.5,61.5,7.587
1765484768.0895936,99,47,20,26,20,3.7706146240234375,61.5,61.5,7.587
1765484768.2907603,99,47,20,26,20,3.7706146240234375,61.5,61.5,7.587
1765484768.4918275,99,29,24,18,36,3.7707748413085938,61.5,62.0,8.16
1765484768.6959496,99,29,24,18,36,3.7707748413085938,61.5,62.0,8.16
1765484768.897512,99,21,33,17,17,3.7712783813476562,61.5,61.5,8.385
1765484769.1005726,99,21,33,17,17,3.7712783813476562,61.5,61.5,8.385
1765484769.303109,99,21,33,17,17,3.7712783813476562,61.5,61.5,8.385
1765484769.504431,99,33,17,16,15,3.7708778381347656,61.5,61.5,7.28
1765484769.7072418,99,33,17,16,15,3.7708778381347656,61.5,61.5,7.28
1765484769.9090393,99,21,24,34,28,3.7708969116210938,62.0,62.0,8.399
1765484770.1108944,99,21,24,34,28,3.7708969116210938,62.0,62.0,8.399
1765484770.311882,99,21,24,34,28,3.7708969116210938,62.0,62.0,8.399
1765484770.5142167,31,34,30,24,35,3.770771026611328,61.5,62.0,6.891
1765484770.7191706,31,34,30,24,35,3.770771026611328,61.5,62.0,6.891
1765484770.9206886,99,22,18,33,12,3.7705459594726562,62.0,61.5,8.28
1765484771.121723,99,22,18,33,12,3.7705459594726562,62.0,61.5,8.28
1765484771.3229744,99,22,18,33,12,3.7705459594726562,62.0,61.5,8.28
1765484771.525068,99,24,36,23,35,3.7709884643554688,61.0,61.5,7.16
1765484771.726488,99,24,36,23,35,3.7709884643554688,61.0,61.5,7.16
1765484771.9280417,99,20,29,23,21,3.7708053588867188,61.0,61.5,7.974
1765484772.129235,99,20,29,23,21,3.7708053588867188,61.0,61.5,7.974
1765484772.3304453,99,20,29,23,21,3.7708053588867188,61.0,61.5,7.974
1765484772.5319278,99,36,22,20,32,3.7713775634765625,61.5,62.0,8.24
1765484772.735272,99,36,22,20,32,3.7713775634765625,61.5,62.0,8.24
1765484772.9373941,99,12,26,17,13,3.7711715698242188,62.0,61.5,8.054
1765484773.1385295,99,12,26,17,13,3.7711715698242188,62.0,61.5,8.054
1765484773.339728,99,12,26,17,13,3.7711715698242188,62.0,61.5,8.054
1765484773.54279,99,32,22,32,46,3.7708702087402344,61.5,61.5,7.854
1765484773.7446027,99,32,22,32,46,3.7708702087402344,61.5,61.5,7.854
1765484773.9456997,99,26,16,13,21,3.771167755126953,61.5,61.5,7.667
1765484774.1474137,99,26,16,13,21,3.771167755126953,61.5,61.5,7.667
1765484774.3490412,99,26,16,13,21,3.771167755126953,61.5,61.5,7.667
1765484774.550192,99,20,24,50,13,3.7715072631835938,61.5,62.0,8.544
1765484774.7530081,99,20,24,50,13,3.7715072631835938,61.5,62.0,8.544
1765484774.9544158,99,20,24,50,13,3.7715072631835938,61.5,62.0,8.544
1765484775.1556282,99,20,18,15,10,3.7709312438964844,61.0,61.0,6.861
1765484775.3584003,99,20,18,15,10,3.7709312438964844,61.0,61.0,6.861
1765484775.5611806,99,31,29,42,20,3.770977020263672,62.0,62.0,8.16
1765484775.7628548,99,31,29,42,20,3.770977020263672,62.0,62.0,8.16
1765484775.9639337,99,31,29,42,20,3.770977020263672,62.0,62.0,8.16
1765484776.164986,0,26,26,30,22,3.7717056274414062,60.5,62.5,5.886
1765484776.367804,0,26,26,30,22,3.7717056274414062,60.5,62.5,5.886
1765484776.5692542,99,18,18,37,12,3.7709922790527344,61.5,61.5,7.735
1765484776.7720017,99,18,18,37,12,3.7709922790527344,61.5,61.5,7.735
1765484776.9734485,99,18,18,37,12,3.7709922790527344,61.5,61.5,7.735
1765484777.174802,99,23,30,22,22,3.7712631225585938,61.0,62.0,6.781
1765484777.3761482,99,23,30,22,22,3.7712631225585938,61.0,62.0,6.781
1765484777.5789723,99,17,27,44,25,3.7708053588867188,61.5,62.0,7.707
1765484777.7830343,99,17,27,44,25,3.7708053588867188,61.5,62.0,7.707
1765484777.984426,99,17,27,44,25,3.7708053588867188,61.5,62.0,7.707
1765484778.1855924,99,28,30,37,23,3.7712745666503906,61.5,62.5,8.28
1765484778.388346,99,28,30,37,23,3.7712745666503906,61.5,62.5,8.28
1765484778.5897763,99,25,37,7,13,3.770854949951172,61.0,61.5,7.44
1765484778.7915745,99,25,37,7,13,3.770854949951172,61.0,61.5,7.44
1765484778.993242,99,25,37,7,13,3.770854949951172,61.0,61.5,7.44
1765484779.1945515,99,26,18,36,15,3.7706947326660156,61.5,61.5,7.4
1765484779.3956916,99,26,18,36,15,3.7706947326660156,61.5,61.5,7.4
1765484779.5977533,99,14,45,18,16,3.7708663940429688,62.0,62.0,8.28
1765484779.799599,99,14,45,18,16,3.7708663940429688,62.0,62.0,8.28
1765484780.0007384,99,14,45,18,16,3.7708663940429688,62.0,62.0,8.28
1765484780.2021024,99,23,22,13,22,3.771728515625,60.5,61.5,6.891
1765484780.4048645,99,23,22,13,22,3.771728515625,60.5,61.5,6.891
1765484780.6070116,99,24,41,20,23,3.770618438720703,62.0,61.5,8.24
1765484780.8082316,99,24,41,20,23,3.770618438720703,62.0,61.5,8.24
1765484781.0093205,99,24,41,20,23,3.770618438720703,62.0,61.5,8.24
1765484781.210619,99,27,42,20,30,3.7709884643554688,61.0,62.0,6.971
1765484781.411891,99,27,42,20,30,3.7709884643554688,61.0,62.0,6.971
1765484781.6133118,99,22,37,12,18,3.7710494995117188,62.0,62.0,8.319
1765484781.8145716,99,22,37,12,18,3.7710494995117188,62.0,62.0,8.319
1765484782.016254,99,22,37,12,18,3.7710494995117188,62.0,62.0,8.319
1765484782.21739,99,22,40,19,13,3.7709617614746094,61.5,62.0,7.974
1765484782.420326,99,22,40,19,13,3.7709617614746094,61.5,62.0,7.974
1765484782.6223173,99,32,16,20,25,3.7708053588867188,62.0,62.0,8.081
1765484782.8234558,99,32,16,20,25,3.7708053588867188,62.0,62.0,8.081
1765484783.0246098,99,32,16,20,25,3.7708053588867188,62.0,62.0,8.081
1765484783.2265825,99,27,59,20,21,3.7708969116210938,61.5,62.0,7.934
1765484783.4290068,99,27,59,20,21,3.7708969116210938,61.5,62.0,7.934
1765484783.6303227,99,27,59,20,21,3.7708969116210938,61.5,62.0,7.934
1765484783.8317175,99,20,22,16,18,3.7713470458984375,62.0,62.5,8.2
1765484784.0328388,99,20,22,16,18,3.7713470458984375,62.0,62.5,8.2
1765484784.2338805,99,20,26,33,13,3.7706336975097656,62.0,62.0,7.934
1765484784.4360404,99,20,26,33,13,3.7706336975097656,62.0,62.0,7.934
1765484784.6375396,99,20,26,33,13,3.7706336975097656,62.0,62.0,7.934
1765484784.8392131,99,21,20,19,25,3.7711105346679688,61.5,62.0,7.091
1765484785.040579,99,21,20,19,25,3.7711105346679688,61.5,62.0,7.091
1765484785.242697,99,24,34,40,39,3.77105712890625,62.0,62.0,8.544
1765484785.445699,99,24,34,40,39,3.77105712890625,62.0,62.0,8.544
1765484785.6473298,99,24,34,40,39,3.77105712890625,62.0,62.0,8.544
1765484785.8489916,32,28,25,26,16,3.771686553955078,61.0,63.0,6.35
1765484786.0503309,32,28,25,26,16,3.771686553955078,61.0,63.0,6.35
1765484786.252313,99,24,17,50,24,3.771190643310547,61.5,62.0,8.081
1765484786.453774,99,24,17,50,24,3.771190643310547,61.5,62.0,8.081
1765484786.654969,99,24,17,50,24,3.771190643310547,61.5,62.0,8.081
1765484786.855939,99,23,25,21,14,3.771038055419922,61.0,62.0,6.118
1765484787.0569408,99,23,25,21,14,3.771038055419922,61.0,62.0,6.118
1765484787.2591162,99,20,27,14,40,3.7711410522460938,62.0,62.0,8.014
1765484787.4623082,99,20,27,14,40,3.7711410522460938,62.0,62.0,8.014
1765484787.663784,99,20,27,14,40,3.7711410522460938,62.0,62.0,8.014
1765484787.8652334,99,28,19,10,8,3.7715301513671875,61.0,62.0,7.2
1765484788.066734,99,28,19,10,8,3.7715301513671875,61.0,62.0,7.2
1765484788.2688274,99,18,14,39,21,3.7715187072753906,61.5,62.0,7.787
1765484788.4703119,99,18,14,39,21,3.7715187072753906,61.5,62.0,7.787
1765484788.6714652,99,18,14,39,21,3.7715187072753906,61.5,62.0,7.787
1765484788.8727365,99,24,30,31,22,3.7711563110351562,61.5,62.0,7.627
1765484789.0742764,99,24,30,31,22,3.7711563110351562,61.5,62.0,7.627
1765484789.2754853,99,24,18,14,39,3.7717933654785156,62.0,62.5,8.24
1765484789.4772506,99,24,18,14,39,3.7717933654785156,62.0,62.5,8.24
1765484789.6786053,99,24,18,14,39,3.7717933654785156,62.0,62.5,8.24
1765484789.8801827,99,30,24,12,13,3.7708740234375,61.5,62.0,7.4
1765484790.0823119,99,30,24,12,13,3.7708740234375,61.5,62.0,7.4
1765484790.2840765,99,28,29,45,24,3.7706451416015625,61.5,62.5,8.306
1765484790.4852712,99,28,29,45,24,3.7706451416015625,61.5,62.5,8.306
1765484790.6863205,99,28,29,45,24,3.7706451416015625,61.5,62.5,8.306
1765484790.8873174,0,25,33,28,26,3.7712249755859375,61.5,62.0,5.806
1765484791.0903604,0,25,33,28,26,3.7712249755859375,61.5,62.0,5.806
1765484791.2919269,99,14,18,34,24,3.771575927734375,62.0,62.5,8.544
1765484791.4929836,99,14,18,34,24,3.771575927734375,62.0,62.5,8.544
1765484791.6951025,99,14,18,34,24,3.771575927734375,62.0,62.5,8.544
1765484791.8966732,99,24,31,16,19,3.7709884643554688,61.0,62.0,7.08
1765484792.0983558,99,24,31,16,19,3.7709884643554688,61.0,62.0,7.08
1765484792.299909,99,24,31,16,19,3.7709884643554688,61.0,62.0,7.08
1765484792.5010064,99,40,22,17,10,3.7711143493652344,62.0,62.0,7.707
1765484792.7022355,99,40,22,17,10,3.7711143493652344,62.0,62.0,7.707
1765484792.9032636,99,35,33,37,26,3.771045684814453,61.5,62.5,8.319
1765484793.1047015,99,35,33,37,26,3.771045684814453,61.5,62.5,8.319
1765484793.3062654,99,35,33,37,26,3.771045684814453,61.5,62.5,8.319
1765484793.507322,99,24,14,18,12,3.7713775634765625,62.0,62.5,8.425
1765484793.7085388,99,24,14,18,12,3.7713775634765625,62.0,62.5,8.425
1765484793.9105084,99,20,20,30,43,3.7712440490722656,61.5,62.5,7.894
1765484794.111891,99,20,20,30,43,3.7712440490722656,61.5,62.5,7.894
1765484794.3149269,99,20,20,30,43,3.7712440490722656,61.5,62.5,7.894
1765484794.5164225,99,22,24,12,18,3.7711105346679688,62.0,62.5,7.547
1765484794.7183034,99,22,24,12,18,3.7711105346679688,62.0,62.5,7.547
1765484794.91942,99,29,28,56,24,3.7716217041015625,61.5,63.0,8.888
1765484795.1226883,99,29,28,56,24,3.7716217041015625,61.5,63.0,8.888
1765484795.3275328,99,29,28,56,24,3.7716217041015625,61.5,63.0,8.888
1765484795.5290048,99,14,14,14,17,3.771221160888672,61.5,62.0,7.011
1765484795.730251,99,14,14,14,17,3.771221160888672,61.5,62.0,7.011
1765484795.9320016,99,24,28,50,23,3.7706298828125,62.0,62.5,8.094
1765484796.1332743,99,24,28,50,23,3.7706298828125,62.0,62.5,8.094
1765484796.3351603,99,24,28,50,23,3.7706298828125,62.0,62.5,8.094
1765484796.53837,99,25,23,23,24,3.770721435546875,61.5,62.0,5.806
1765484796.73989,99,25,23,23,24,3.770721435546875,61.5,62.0,5.806
1765484796.9409568,99,21,27,38,26,3.7716827392578125,62.0,62.0,8.61
1765484797.143875,99,21,27,38,26,3.7716827392578125,62.0,62.0,8.61
1765484797.3477755,99,21,27,38,26,3.7716827392578125,62.0,62.0,8.61
1765484797.549045,5,20,17,9,23,3.7704200744628906,60.5,61.5,5.532
1765484797.7508454,5,20,17,9,23,3.7704200744628906,60.5,61.5,5.532
1765484797.9525132,99,28,23,20,43,3.770538330078125,61.5,62.0,7.667
1765484798.1554213,99,28,23,20,43,3.770538330078125,61.5,62.0,7.667
1765484798.3564954,99,28,23,20,43,3.770538330078125,61.5,62.0,7.667
1765484798.5584428,99,35,26,22,36,3.77166748046875,61.0,62.5,7.16
1765484798.7596602,99,35,26,22,36,3.77166748046875,61.0,62.5,7.16
1765484798.9608057,99,10,40,16,12,3.7719039916992188,62.0,62.5,8.001
1765484799.163761,99,10,40,16,12,3.7719039916992188,62.0,62.5,8.001
1765484799.3652167,99,10,40,16,12,3.7719039916992188,62.0,62.5,8.001
1765484799.5668497,99,26,16,21,16,3.7716026306152344,62.0,62.0,7.587
1765484799.767933,99,26,16,21,16,3.7716026306152344,62.0,62.0,7.587
1765484799.969017,99,25,22,43,26,3.77105712890625,62.0,61.5,7.547
1765484800.1720142,99,25,22,43,26,3.77105712890625,62.0,61.5,7.547
1765484800.373482,99,25,22,43,26,3.77105712890625,62.0,61.5,7.547
1765484800.5745473,99,25,33,28,27,3.772472381591797,62.0,62.0,8.465
1765484800.777319,99,25,33,28,27,3.772472381591797,62.0,62.0,8.465
1765484800.9789457,99,25,33,28,27,3.772472381591797,62.0,62.0,8.465
1765484801.1801164,99,17,14,36,17,3.771495819091797,62.0,62.5,7.775
1765484801.3813899,99,17,14,36,17,3.771495819091797,62.0,62.5,7.775
1765484801.5826862,99,21,29,14,18,3.770763397216797,62.0,62.0,7.32
1765484801.7838976,99,21,29,14,18,3.770763397216797,62.0,62.0,7.32
1765484801.9854338,99,21,29,14,18,3.770763397216797,62.0,62.0,7.32
1765484802.188428,99,27,41,19,19,3.771015167236328,62.0,62.5,8.465
1765484802.3900647,99,27,41,19,19,3.771015167236328,62.0,62.5,8.465
1765484802.5914695,23,21,23,23,34,3.7710037231445312,61.5,62.0,6.661
1765484802.7936976,23,21,23,23,34,3.7710037231445312,61.5,62.0,6.661
1765484802.997073,23,21,23,23,34,3.7710037231445312,61.5,62.0,6.661
1765484803.198705,99,22,16,39,16,3.7706336975097656,62.0,62.5,8.359
1765484803.4007769,99,22,16,39,16,3.7706336975097656,62.0,62.5,8.359
1765484803.6022215,99,35,30,32,27,3.770671844482422,61.0,62.5,7.28
1765484803.8032327,99,35,30,32,27,3.770671844482422,61.0,62.5,7.28
1765484804.0046365,99,35,30,32,27,3.770671844482422,61.0,62.5,7.28
1765484804.205747,99,32,18,21,26,3.771221160888672,62.0,62.0,8.12
1765484804.4085073,99,32,18,21,26,3.771221160888672,62.0,62.0,8.12
1765484804.610563,99,18,16,32,34,3.771472930908203,62.0,63.0,8.014
1765484804.8132188,99,18,16,32,34,3.771472930908203,62.0,63.0,8.014
1765484805.016324,99,18,16,32,34,3.771472930908203,62.0,63.0,8.014
1765484805.2178063,99,23,25,22,16,3.770893096923828,62.0,62.5,8.081
1765484805.4190593,99,23,25,22,16,3.770893096923828,62.0,62.5,8.081
1765484805.6203861,99,38,54,39,28,3.770549774169922,62.0,63.0,8.769
1765484805.824427,99,38,54,39,28,3.770549774169922,62.0,63.0,8.769
1765484806.026731,99,38,54,39,28,3.770549774169922,62.0,63.0,8.769
1765484806.2279077,99,22,18,18,14,3.771411895751953,62.0,62.5,7.934
1765484806.4290137,99,22,18,18,14,3.771411895751953,62.0,62.5,7.934
1765484806.6301208,99,14,17,50,17,3.7714691162109375,62.0,62.0,8.041
1765484806.8321886,99,14,17,50,17,3.7714691162109375,62.0,62.0,8.041
1765484807.0350947,99,14,17,50,17,3.7714691162109375,62.0,62.0,8.041
1765484807.2367034,99,23,20,23,19,3.7708168029785156,62.0,61.5,5.998
1765484807.4377692,99,23,20,23,19,3.7708168029785156,62.0,61.5,5.998
1765484807.6388986,99,24,38,28,47,3.7711715698242188,62.0,62.5,8.346
1765484807.8432398,99,24,38,28,47,3.7711715698242188,62.0,62.5,8.346
1765484808.0448165,99,24,38,28,47,3.7711715698242188,62.0,62.5,8.346
1765484808.24618,35,27,12,24,20,3.7717208862304688,61.0,62.5,5.957
1765484808.447223,35,27,12,24,20,3.7717208862304688,61.0,62.5,5.957
1765484808.6489725,35,27,12,24,20,3.7717208862304688,61.0,62.5,5.957
1765484808.8503568,99,42,17,19,12,3.771209716796875,62.0,62.5,7.667
1765484809.0515263,99,42,17,19,12,3.771209716796875,62.0,62.5,7.667
1765484809.2544084,99,27,25,29,28,3.7711219787597656,61.5,62.0,6.58
1765484809.4558098,99,27,25,29,28,3.7711219787597656,61.5,62.0,6.58
1765484809.657079,99,27,25,29,28,3.7711219787597656,61.5,62.0,6.58
1765484809.8614516,99,25,18,42,20,3.7711639404296875,62.5,62.5,7.934
1765484810.0630646,99,25,18,42,20,3.7711639404296875,62.5,62.5,7.934
1765484810.2649288,99,26,16,18,16,3.772052764892578,62.0,62.5,8.359
1765484810.4678018,99,26,16,18,16,3.772052764892578,62.0,62.5,8.359
1765484810.6696832,99,26,16,18,16,3.772052764892578,62.0,62.5,8.359
1765484810.8709016,99,19,20,19,39,3.7712478637695312,62.0,62.0,7.507
1765484811.0723028,99,19,20,19,39,3.7712478637695312,62.0,62.0,7.507
1765484811.2734773,99,24,23,14,31,3.7711944580078125,62.0,61.5,7.4
1765484811.475665,99,24,23,14,31,3.7711944580078125,62.0,61.5,7.4
1765484811.6771226,99,24,23,14,31,3.7711944580078125,62.0,61.5,7.4
1765484811.8804789,99,47,18,24,12,3.772045135498047,62.0,63.0,8.664
1765484812.082228,99,47,18,24,12,3.772045135498047,62.0,63.0,8.664
1765484812.2835813,36,12,22,23,15,3.771270751953125,62.0,62.0,6.078
1765484812.4847965,36,12,22,23,15,3.771270751953125,62.0,62.0,6.078
1765484812.6890264,36,12,22,23,15,3.771270751953125,62.0,62.0,6.078
1765484812.8918016,99,38,31,23,19,3.7713584899902344,62.0,62.0,8.12
1765484813.093169,99,38,31,23,19,3.7713584899902344,62.0,62.0,8.12
1765484813.2942832,99,41,29,18,30,3.771312713623047,61.0,62.5,6.85
1765484813.4976745,99,41,29,18,30,3.771312713623047,61.0,62.5,6.85
1765484813.6993988,99,41,29,18,30,3.771312713623047,61.0,62.5,6.85
1765484813.9034853,99,32,17,19,16,3.7717742919921875,62.0,62.5,8.505
1765484814.105431,99,32,17,19,16,3.7717742919921875,62.0,62.5,8.505
1765484814.306668,99,20,14,34,28,3.7709503173828125,61.5,63.0,7.428
1765484814.5082219,99,20,14,34,28,3.7709503173828125,61.5,63.0,7.428
1765484814.7111192,99,20,14,34,28,3.7709503173828125,61.5,63.0,7.428
1765484814.912433,99,22,16,34,18,3.771442413330078,62.0,62.0,7.974
1765484815.1134043,99,22,16,34,18,3.771442413330078,62.0,62.0,7.974
1765484815.3147104,99,33,28,35,22,3.77117919921875,62.0,63.0,7.934
1765484815.5172818,99,33,28,35,22,3.77117919921875,62.0,63.0,7.934
1765484815.7188456,99,33,28,35,22,3.77117919921875,62.0,63.0,7.934
1765484815.9251533,99,20,24,14,19,3.772125244140625,62.5,63.0,8.888
1765484816.1267538,99,20,24,14,19,3.772125244140625,62.5,63.0,8.888
1765484816.32806,99,14,47,20,26,3.77093505859375,61.5,62.0,7.934
1765484816.5294607,99,14,47,20,26,3.77093505859375,61.5,62.0,7.934
1765484816.7323527,99,14,47,20,26,3.77093505859375,61.5,62.0,7.934
1765484816.933839,99,20,25,13,18,3.7713356018066406,62.0,62.0,7.44
1765484817.135147,99,20,25,13,18,3.7713356018066406,62.0,62.0,7.44
1765484817.3362048,99,37,24,46,27,3.7716026306152344,62.5,63.0,8.967
1765484817.5390356,99,37,24,46,27,3.7716026306152344,62.5,63.0,8.967
1765484817.7416701,99,37,24,46,27,3.7716026306152344,62.5,63.0,8.967
1765484817.9439113,99,17,19,11,7,3.771381378173828,61.5,62.0,5.846
1765484818.1450317,99,17,19,11,7,3.771381378173828,61.5,62.0,5.846
1765484818.3461003,99,47,19,26,22,3.771167755126953,62.0,62.0,8.2
1765484818.547324,99,47,19,26,22,3.771167755126953,62.0,62.0,8.2
1765484818.74873,99,47,19,26,22,3.771167755126953,62.0,62.0,8.2
1765484818.9506345,40,22,28,18,32,3.7712326049804688,61.0,62.0,5.846
1765484819.1518896,40,22,28,18,32,3.7712326049804688,61.0,62.0,5.846
1765484819.3528192,99,16,22,46,18,3.7722740173339844,62.5,63.0,8.465
1765484819.55587,99,16,22,46,18,3.7722740173339844,62.5,63.0,8.465
1765484819.7585983,99,16,22,46,18,3.7722740173339844,62.5,63.0,8.465
1765484819.9599352,99,19,16,12,25,3.7714004516601562,61.5,62.0,6.661
1765484820.1612403,99,19,16,12,25,3.7714004516601562,61.5,62.0,6.661
1765484820.3624382,99,19,16,12,25,3.7714004516601562,61.5,62.0,6.661
1765484820.5666902,99,29,34,25,42,3.7714004516601562,62.0,62.5,8.12
1765484820.7681332,99,29,34,25,42,3.7714004516601562,62.0,62.5,8.12
1765484820.9742386,99,21,27,25,22,3.7714805603027344,62.0,62.5,7.814
1765484821.1753724,99,21,27,25,22,3.7714805603027344,62.0,62.5,7.814
1765484821.3765035,99,21,27,25,22,3.7714805603027344,62.0,62.5,7.814
1765484821.5797098,99,19,38,10,15,3.771556854248047,62.5,62.5,8.054
1765484821.7811372,99,19,38,10,15,3.771556854248047,62.5,62.5,8.054
1765484821.9824052,99,18,29,18,12,3.7711563110351562,62.0,62.5,7.667
1765484822.183618,99,18,29,18,12,3.7711563110351562,62.0,62.5,7.667
1765484822.3860807,99,18,29,18,12,3.7711563110351562,62.0,62.5,7.667
1765484822.5897872,99,44,28,18,21,3.7709197998046875,62.5,62.5,8.041
1765484822.7915366,99,44,28,18,21,3.7709197998046875,62.5,62.5,8.041
1765484822.992728,99,22,21,26,26,3.770915985107422,62.0,62.5,7.667
1765484823.195271,99,22,21,26,26,3.770915985107422,62.0,62.5,7.667
1765484823.398543,99,22,21,26,26,3.770915985107422,62.0,62.5,7.667
1765484823.5999498,99,41,18,16,14,3.770832061767578,62.5,62.0,8.28
1765484823.8013866,99,41,18,16,14,3.770832061767578,62.5,62.0,8.28
1765484824.0025678,99,32,30,21,24,3.771038055419922,62.0,62.5,6.269
1765484824.2036803,99,32,30,21,24,3.771038055419922,62.0,62.5,6.269
1765484824.4048867,99,32,30,21,24,3.771038055419922,62.0,62.5,6.269
1765484824.6077275,99,34,38,12,12,3.7713241577148438,62.5,63.0,8.584
1765484824.8095706,99,34,38,12,12,3.7713241577148438,62.5,63.0,8.584
1765484825.0108204,99,40,27,26,20,3.771381378173828,62.5,63.0,8.24
1765484825.2135577,99,40,27,26,20,3.771381378173828,62.5,63.0,8.24
1765484825.419263,99,40,27,26,20,3.771381378173828,62.5,63.0,8.24
1765484825.620667,99,28,22,15,12,3.7703285217285156,62.0,62.5,8.081
1765484825.8216166,99,28,22,15,12,3.7703285217285156,62.0,62.5,8.081
1765484826.0226955,99,30,22,52,20,3.7712745666503906,62.5,63.0,8.014
1765484826.223754,99,30,22,52,20,3.7712745666503906,62.5,63.0,8.014
1765484826.4248295,99,30,22,52,20,3.7712745666503906,62.5,63.0,8.014
1765484826.6260157,99,29,27,24,17,3.7712783813476562,62.5,62.5,8.319
1765484826.8271496,99,29,27,24,17,3.7712783813476562,62.5,62.5,8.319
1765484827.0286095,99,15,30,38,20,3.7715797424316406,62.0,63.0,8.385
1765484827.231538,99,15,30,38,20,3.7715797424316406,62.0,63.0,8.385
1765484827.43628,99,15,30,38,20,3.7715797424316406,62.0,63.0,8.385
1765484827.6376698,99,16,16,15,11,3.771137237548828,62.0,62.0,7.211
1765484827.838766,99,16,16,15,11,3.771137237548828,62.0,62.0,7.211
1765484828.0399199,99,22,33,17,43,3.7713356018066406,62.5,62.5,8.2
1765484828.2437031,99,22,33,17,43,3.7713356018066406,62.5,62.5,8.2
1765484828.445676,99,22,33,17,43,3.7713356018066406,62.5,62.5,8.2
1765484828.6470454,6,28,33,21,18,3.772136688232422,62.0,63.0,5.998
1765484828.8481948,6,28,33,21,18,3.772136688232422,62.0,63.0,5.998
1765484829.0495858,99,10,44,8,15,3.771099090576172,62.5,62.5,8.133
1765484829.251591,99,10,44,8,15,3.771099090576172,62.5,62.5,8.133
1765484829.4557803,99,10,44,8,15,3.771099090576172,62.5,62.5,8.133
1765484829.6589355,99,16,28,23,20,3.7711868286132812,61.0,63.0,5.846
1765484829.8605726,99,16,28,23,20,3.7711868286132812,61.0,63.0,5.846
1765484830.061644,99,51,24,26,19,3.7714385986328125,62.5,62.0,8.2
1765484830.2644727,99,51,24,26,19,3.7714385986328125,62.5,62.0,8.2
1765484830.4660208,99,51,24,26,19,3.7714385986328125,62.5,62.0,8.2
1765484830.6673357,61,17,23,30,19,3.7729034423828125,61.0,64.0,5.998
1765484830.868572,61,17,23,30,19,3.7729034423828125,61.0,64.0,5.998
1765484831.069666,61,17,23,30,19,3.7729034423828125,61.0,64.0,5.998
1765484831.2710888,99,41,18,16,17,3.7724151611328125,62.0,62.0,7.547
1765484831.4730904,99,41,18,16,17,3.7724151611328125,62.0,62.0,7.547
1765484831.6752958,99,30,20,20,20,3.7721328735351562,62.0,62.0,6.31
1765484831.8766584,99,30,20,20,20,3.7721328735351562,62.0,62.0,6.31
1765484832.0782607,99,30,20,20,20,3.7721328735351562,62.0,62.0,6.31
1765484832.281095,99,22,23,20,42,3.7719497680664062,62.5,62.5,7.854
1765484832.4825902,99,22,23,20,42,3.7719497680664062,62.5,62.5,7.854
1765484832.6835322,99,22,22,25,17,3.7734298706054688,62.0,62.5,8.24
1765484832.8849738,99,22,22,25,17,3.7734298706054688,62.0,62.5,8.24
1765484833.0881684,99,22,22,25,17,3.7734298706054688,62.0,62.5,8.24
1765484833.2901337,99,18,25,6,34,3.7724685668945312,62.5,62.0,7.468
1765484833.4911969,99,18,25,6,34,3.7724685668945312,62.5,62.0,7.468
1765484833.6922758,99,24,25,25,28,3.7720069885253906,62.0,62.5,7.468
1765484833.8943706,99,24,25,25,28,3.7720069885253906,62.0,62.5,7.468
1765484834.096055,99,24,25,25,28,3.7720069885253906,62.0,62.5,7.468
1765484834.299295,99,18,48,21,22,3.7726287841796875,63.0,62.5,8.65
1765484834.5022788,99,18,48,21,22,3.7726287841796875,63.0,62.5,8.65
1765484834.7034314,12,26,21,10,15,3.772052764892578,62.0,61.5,6.078
1765484834.905041,12,26,21,10,15,3.772052764892578,62.0,61.5,6.078
1765484835.1083302,12,26,21,10,15,3.772052764892578,62.0,61.5,6.078
1765484835.311257,99,40,28,25,22,3.7721595764160156,62.5,62.5,8.2
1765484835.512703,99,40,28,25,22,3.7721595764160156,62.5,62.5,8.2
1765484835.7142718,99,30,30,28,32,3.7723617553710938,62.0,62.5,7.051
1765484835.9173732,99,30,30,28,32,3.7723617553710938,62.0,62.5,7.051
1765484836.118978,99,30,30,28,32,3.7723617553710938,62.0,62.5,7.051
1765484836.3211532,99,20,18,18,30,3.7728805541992188,62.5,62.5,8.346
1765484836.5231588,99,20,18,18,30,3.7728805541992188,62.5,62.5,8.346
1765484836.724885,99,20,18,18,30,3.7728805541992188,62.5,62.5,8.346
1765484836.950937,0,23,33,37,19,3.7817840576171875,61.0,63.5,5.056
1765484837.1537573,0,23,33,37,19,3.7817840576171875,61.0,63.5,5.056
1765484837.356884,99,23,42,35,28,3.763103485107422,62.5,63.0,8.319
1765484837.5584483,99,23,42,35,28,3.763103485107422,62.5,63.0,8.319
1765484837.7596288,0,28,27,23,28,3.7271499633789062,61.0,62.5,5.492
1765484837.962465,0,28,27,23,28,3.7271499633789062,61.0,62.5,5.492
1765484838.164544,0,28,27,23,28,3.7271499633789062,61.0,62.5,5.492
1765484838.3662503,99,16,33,12,17,3.728466033935547,62.0,62.5,8.729
1765484838.5678558,99,16,33,12,17,3.728466033935547,62.0,62.5,8.729
1765484838.7693522,99,41,18,21,24,3.7290573120117188,62.0,62.5,7.091
1765484838.9706256,99,41,18,21,24,3.7290573120117188,62.0,62.5,7.091
1765484839.1736643,99,41,18,21,24,3.7290573120117188,62.0,62.5,7.091
1765484839.3771167,99,29,21,21,20,3.7293472290039062,62.0,62.5,7.707
1765484839.57903,99,29,21,21,20,3.7293472290039062,62.0,62.5,7.707
1765484839.7801561,99,38,26,28,36,3.730194091796875,62.0,63.0,8.425
1765484839.9834778,99,38,26,28,36,3.730194091796875,62.0,63.0,8.425
1765484840.1857944,99,38,26,28,36,3.730194091796875,62.0,63.0,8.425
1765484840.387095,99,25,19,12,19,3.7304420471191406,62.0,62.5,8.385
1765484840.5890832,99,25,19,12,19,3.7304420471191406,62.0,62.5,8.385
1765484840.7905412,99,50,18,24,25,3.7303237915039062,62.0,63.0,7.894
1765484840.9918513,99,50,18,24,25,3.7303237915039062,62.0,63.0,7.894
1765484841.1942294,99,50,18,24,25,3.7303237915039062,62.0,63.0,7.894
1765484841.3952734,99,20,21,18,21,3.7306480407714844,62.5,62.5,7.747
1765484841.5962312,99,20,21,18,21,3.7306480407714844,62.5,62.5,7.747
1765484841.7972856,99,20,21,18,21,3.7306480407714844,62.5,62.5,7.747
1765484842.000288,99,28,33,44,28,3.7314491271972656,62.5,63.5,8.689
1765484842.2048867,99,28,33,44,28,3.7314491271972656,62.5,63.5,8.689
1765484842.406634,99,12,18,17,14,3.7306442260742188,62.5,62.0,7.131
1765484842.6077044,99,12,18,17,14,3.7306442260742188,62.5,62.0,7.131
1765484842.808788,99,12,18,17,14,3.7306442260742188,62.5,62.0,7.131
1765484843.0120327,99,22,48,22,28,3.7304725646972656,62.5,63.0,8.041
1765484843.2141495,99,22,48,22,28,3.7304725646972656,62.5,63.0,8.041
1765484843.4155533,99,29,24,20,19,3.7306747436523438,62.0,62.5,5.927
1765484843.6168413,99,29,24,20,19,3.7306747436523438,62.0,62.5,5.927
1765484843.8181286,99,29,24,20,19,3.7306747436523438,62.0,62.5,5.927
1765484844.0201538,99,20,18,45,21,3.7314453125,62.5,62.5,8.808
1765484844.2230866,99,20,18,45,21,3.7314453125,62.5,62.5,8.808
1765484844.424628,0,24,20,18,8,3.7301712036132812,61.5,63.0,5.096
1765484844.6256883,0,24,20,18,8,3.7301712036132812,61.5,63.0,5.096
1765484844.8282974,0,24,20,18,8,3.7301712036132812,61.5,63.0,5.096
1765484845.0314426,99,26,42,25,19,3.7308197021484375,62.5,62.5,8.094
1765484845.2333133,99,26,42,25,19,3.7308197021484375,62.5,62.5,8.094
1765484845.434552,99,22,35,27,22,3.7308006286621094,61.5,63.0,6.621
1765484845.6355257,99,22,35,27,22,3.7308006286621094,61.5,63.0,6.621
1765484845.8365967,99,22,35,27,22,3.7308006286621094,61.5,63.0,6.621
1765484846.0383842,99,26,50,22,48,3.7749176025390625,62.0,63.0,8.624
1765484846.2413516,99,26,50,22,48,3.7749176025390625,62.0,63.0,8.624
1765484846.442542,99,22,15,17,10,3.7746353149414062,62.0,62.5,7.011
1765484846.6436129,99,22,15,17,10,3.7746353149414062,62.0,62.5,7.011
1765484846.845881,99,22,15,17,10,3.7746353149414062,62.0,62.5,7.011
1765484847.04914,99,26,22,37,45,3.7232093811035156,62.0,62.5,7.974
1765484847.250771,99,26,22,37,45,3.7232093811035156,62.0,62.5,7.974
1765484847.451854,99,18,28,14,20,3.7238807678222656,62.5,62.5,7.707
1765484847.6529038,99,18,28,14,20,3.7238807678222656,62.5,62.5,7.707
1765484847.8541896,99,18,28,14,20,3.7238807678222656,62.5,62.5,7.707
1765484848.0556588,99,19,21,20,35,3.7230072021484375,62.5,62.5,8.2
1765484848.258799,99,19,21,20,35,3.7230072021484375,62.5,62.5,8.2
1765484848.4603062,0,21,28,23,20,3.7233619689941406,62.0,62.5,5.056
1765484848.6616905,0,21,28,23,20,3.7233619689941406,62.0,62.5,5.056
1765484848.8632028,0,21,28,23,20,3.7233619689941406,62.0,62.5,5.056
1765484849.0664208,99,30,50,21,31,3.7229232788085938,62.5,62.5,8.465
1765484849.2694733,99,30,50,21,31,3.7229232788085938,62.5,62.5,8.465
1765484849.471218,99,18,20,25,14,3.724353790283203,61.5,63.0,6.81
1765484849.673059,99,18,20,25,14,3.724353790283203,61.5,63.0,6.81
1765484849.874825,99,18,20,25,14,3.724353790283203,61.5,63.0,6.81
1765484850.0764754,99,20,45,39,25,3.722766876220703,62.0,62.5,7.695
1765484850.2783146,99,20,45,39,25,3.722766876220703,62.0,62.5,7.695
1765484850.4798245,99,30,21,36,21,3.723400115966797,62.0,62.5,7.428
1765484850.6813264,99,30,21,36,21,3.723400115966797,62.0,62.5,7.428
1765484850.8828022,99,30,21,36,21,3.723400115966797,62.0,62.5,7.428
1765484851.084839,99,22,18,18,40,3.7233123779296875,62.5,63.0,8.014
1765484851.2873344,99,22,18,18,40,3.7233123779296875,62.5,63.0,8.014
1765484851.4886942,99,30,16,13,21,3.723766326904297,62.5,63.0,8.014
1765484851.6898103,99,30,16,13,21,3.723766326904297,62.5,63.0,8.014
1765484851.8926547,99,30,16,13,21,3.723766326904297,62.5,63.0,8.014
1765484852.0961874,99,40,19,24,19,3.7227745056152344,62.5,63.0,8.12
1765484852.2974117,99,40,19,24,19,3.7227745056152344,62.5,63.0,8.12
1765484852.4984403,99,40,19,24,19,3.7227745056152344,62.5,63.0,8.12
1765484852.6995862,99,26,24,25,32,3.7233848571777344,62.0,63.0,6.741
1765484852.9009435,99,26,24,25,32,3.7233848571777344,62.0,63.0,6.741
1765484853.1027668,99,25,40,16,12,3.7243919372558594,62.5,63.0,8.703
1765484853.3043387,99,25,40,16,12,3.7243919372558594,62.5,63.0,8.703
1765484853.5059881,99,25,40,16,12,3.7243919372558594,62.5,63.0,8.703
1765484853.7071652,1,22,18,20,21,3.725597381591797,61.5,63.0,5.877
1765484853.9103053,1,22,18,20,21,3.725597381591797,61.5,63.0,5.877
1765484854.1135356,99,42,29,16,26,3.725658416748047,63.0,63.0,8.24
1765484854.3157969,99,42,29,16,26,3.725658416748047,63.0,63.0,8.24
1765484854.5168505,99,42,29,16,26,3.725658416748047,63.0,63.0,8.24
1765484854.7184665,99,36,42,33,16,3.726543426513672,62.0,62.5,7.587
1765484854.9214668,99,36,42,33,16,3.726543426513672,62.0,62.5,7.587
1765484855.1234133,99,18,29,26,13,3.7284774780273438,62.5,63.0,8.306
1765484855.3254502,99,18,29,26,13,3.7284774780273438,62.5,63.0,8.306
1765484855.5267649,99,18,29,26,13,3.7284774780273438,62.5,63.0,8.306
1765484855.7279415,99,14,41,18,26,3.7272491455078125,62.0,62.5,7.747
1765484855.930301,99,14,41,18,26,3.7272491455078125,62.0,62.5,7.747
1765484856.1327658,99,24,28,13,19,3.727252960205078,62.5,63.0,8.2
1765484856.3342562,99,24,28,13,19,3.727252960205078,62.5,63.0,8.2
1765484856.5355375,99,24,28,13,19,3.727252960205078,62.5,63.0,8.2
1765484856.7371817,99,28,44,29,35,3.726818084716797,62.5,63.0,8.584
1765484856.9400733,99,28,44,29,35,3.726818084716797,62.5,63.0,8.584
1765484857.1413598,99,12,19,12,16,3.7275123596191406,62.5,63.0,7.735
1765484857.3433864,99,12,19,12,16,3.7275123596191406,62.5,63.0,7.735
1765484857.5467563,99,12,19,12,16,3.7275123596191406,62.5,63.0,7.735
1765484857.7484083,99,30,29,21,45,3.7270050048828125,62.5,63.0,7.854
1765484857.9497387,99,30,29,21,45,3.7270050048828125,62.5,63.0,7.854
1765484858.15079,99,20,26,17,17,3.7273178100585938,62.0,62.5,7.011
1765484858.3517077,99,20,26,17,17,3.7273178100585938,62.0,62.5,7.011
1765484858.5530412,99,20,26,17,17,3.7273178100585938,62.0,62.5,7.011
1765484858.7552116,99,16,26,31,52,3.7278213500976562,63.0,63.0,8.967
1765484858.957268,99,16,26,31,52,3.7278213500976562,63.0,63.0,8.967
1765484859.158616,13,10,21,15,16,3.72705078125,61.5,62.5,4.942
1765484859.3599463,13,10,21,15,16,3.72705078125,61.5,62.5,4.942
1765484859.5624826,13,10,21,15,16,3.72705078125,61.5,62.5,4.942
1765484859.765127,99,24,28,47,22,3.727123260498047,62.5,63.0,7.894
1765484859.966594,99,24,28,47,22,3.727123260498047,62.5,63.0,7.894
1765484860.1676247,99,29,28,20,21,3.7270355224609375,62.0,63.0,6.85
1765484860.3687298,99,29,28,20,21,3.7270355224609375,62.0,63.0,6.85
1765484860.570133,99,29,28,20,21,3.7270355224609375,62.0,63.0,6.85
1765484860.7717812,99,19,16,36,20,3.7280426025390625,62.5,63.0,8.041
1765484860.9749298,99,19,16,36,20,3.7280426025390625,62.5,63.0,8.041
1765484861.176436,99,19,16,28,15,3.7274169921875,62.5,62.5,7.36
1765484861.3780026,99,19,16,28,15,3.7274169921875,62.5,62.5,7.36
1765484861.5797274,99,19,16,28,15,3.7274169921875,62.5,62.5,7.36
1765484861.782825,99,29,29,24,29,3.7274169921875,62.5,62.5,7.507
1765484861.9842415,99,29,29,24,29,3.7274169921875,62.5,62.5,7.507
1765484862.1854928,99,29,29,24,29,3.7274169921875,62.5,62.5,7.507
1765484862.3866858,99,30,24,24,27,3.72735595703125,62.5,62.5,8.054
1765484862.5891683,99,30,24,24,27,3.72735595703125,62.5,62.5,8.054
1765484862.7907262,99,22,18,36,13,3.7277297973632812,62.5,63.0,8.306
1765484862.9917822,99,22,18,36,13,3.7277297973632812,62.5,63.0,8.306
1765484863.1927793,99,22,18,36,13,3.7277297973632812,62.5,63.0,8.306
1765484863.3938367,99,18,34,14,17,3.7273712158203125,62.0,62.0,7.011
1765484863.5957215,99,18,34,14,17,3.7273712158203125,62.0,62.0,7.011
1765484863.798836,99,19,44,10,23,3.7279739379882812,62.5,63.0,8.12
1765484864.000196,99,19,44,10,23,3.7279739379882812,62.5,63.0,8.12
1765484864.2015834,99,19,44,10,23,3.7279739379882812,62.5,63.0,8.12
1765484864.4040687,99,25,40,23,22,3.7291412353515625,62.0,63.5,7.627
1765484864.607005,99,25,40,23,22,3.7291412353515625,62.0,63.5,7.627
1765484864.8085954,99,17,20,11,28,3.728771209716797,62.5,62.5,7.894
1765484865.0098636,99,17,20,11,28,3.728771209716797,62.5,62.5,7.894
1765484865.2111404,99,17,20,11,28,3.728771209716797,62.5,62.5,7.894
1765484865.4145162,99,29,26,19,40,3.728778839111328,62.0,62.5,7.627
1765484865.6161406,99,29,26,19,40,3.728778839111328,62.0,62.5,7.627
1765484865.8177848,99,22,18,17,28,3.7288055419921875,63.0,62.5,8.16
1765484866.0193968,99,22,18,17,28,3.7288055419921875,63.0,62.5,8.16
1765484866.220784,99,22,18,17,28,3.7288055419921875,63.0,62.5,8.16
1765484866.4220142,99,24,35,42,22,3.7322235107421875,62.5,63.5,8.081
1765484866.6245854,99,24,35,42,22,3.7322235107421875,62.5,63.5,8.081
1765484866.8271375,99,21,28,20,17,3.731273651123047,62.5,63.5,7.854
1765484867.0284135,99,21,28,20,17,3.731273651123047,62.5,63.5,7.854
1765484867.2295883,99,21,28,20,17,3.731273651123047,62.5,63.5,7.854
1765484867.4320273,99,41,32,25,30,3.732086181640625,62.5,62.5,7.854
1765484867.633597,99,41,32,25,30,3.732086181640625,62.5,62.5,7.854
1765484867.8350322,99,21,20,18,16,3.7321014404296875,62.5,63.0,7.894
1765484868.0371206,99,21,20,18,16,3.7321014404296875,62.5,63.0,7.894
1765484868.2386892,99,21,20,18,16,3.7321014404296875,62.5,63.0,7.894
1765484868.4398856,99,17,52,18,14,3.7330894470214844,62.5,63.0,8.465
1765484868.6427271,99,17,52,18,14,3.7330894470214844,62.5,63.0,8.465
1765484868.8440769,99,20,23,14,10,3.73211669921875,62.5,62.5,6.821
1765484869.045019,99,20,23,14,10,3.73211669921875,62.5,62.5,6.821
1765484869.246186,99,20,23,14,10,3.73211669921875,62.5,62.5,6.821
1765484869.4487588,99,23,46,27,34,3.7321090698242188,63.0,63.0,8.385
1765484869.6512291,99,23,46,27,34,3.7321090698242188,63.0,63.0,8.385
1765484869.8524458,5,17,10,25,31,3.7330322265625,61.5,63.5,5.685
1765484870.0536308,5,17,10,25,31,3.7330322265625,61.5,63.5,5.685
1765484870.255331,5,17,10,25,31,3.7330322265625,61.5,63.5,5.685
1765484870.456602,99,17,35,14,21,3.7326126098632812,62.5,63.0,7.894
1765484870.6595716,99,17,35,14,21,3.7326126098632812,62.5,63.0,7.894
1765484870.860909,99,17,35,14,21,3.7326126098632812,62.5,63.0,7.894
1765484871.0621998,99,34,22,22,22,3.7323036193847656,62.5,63.0,6.35
1765484871.2631724,99,34,22,22,22,3.7323036193847656,62.5,63.0,6.35
1765484871.4653428,99,26,36,18,39,3.732341766357422,63.0,63.0,7.814
1765484871.6707578,99,26,36,18,39,3.732341766357422,63.0,63.0,7.814
1765484871.8721082,99,26,36,18,39,3.732341766357422,63.0,63.0,7.814
1765484872.0732036,99,22,22,36,18,3.7337799072265625,62.5,63.5,7.775
1765484872.275574,99,22,22,36,18,3.7337799072265625,62.5,63.5,7.775
1765484872.4770288,99,15,40,10,12,3.732341766357422,62.5,63.0,7.775
1765484872.678711,99,15,40,10,12,3.732341766357422,62.5,63.0,7.775
1765484872.881598,99,15,40,10,12,3.732341766357422,62.5,63.0,7.775
1765484873.0830328,99,25,25,25,25,3.7321243286132812,62.5,63.0,7.747
1765484873.284224,99,25,25,25,25,3.7321243286132812,62.5,63.0,7.747
1765484873.486981,99,18,40,18,25,3.7324066162109375,62.5,63.0,8.12
1765484873.68974,99,18,40,18,25,3.7324066162109375,62.5,63.0,8.12
1765484873.8916209,99,18,40,18,25,3.7324066162109375,62.5,63.0,8.12
1765484874.0927556,99,28,20,11,14,3.733264923095703,62.0,63.5,7.707
1765484874.2957482,99,28,20,11,14,3.733264923095703,62.0,63.5,7.707
1765484874.4992337,99,16,45,22,18,3.7318687438964844,63.0,63.0,8.346
1765484874.7005298,99,16,45,22,18,3.7318687438964844,63.0,63.0,8.346
1765484874.9022603,99,16,45,22,18,3.7318687438964844,63.0,63.0,8.346
1765484875.1035836,2,25,33,26,25,3.7319869995117188,62.0,63.0,5.837
1765484875.30471,2,25,33,26,25,3.7319869995117188,62.0,63.0,5.837
1765484875.5062068,99,42,16,12,27,3.7331809997558594,63.0,63.0,8.848
1765484875.707344,99,42,16,12,27,3.7331809997558594,63.0,63.0,8.848
1765484875.9085512,99,42,16,12,27,3.7331809997558594,63.0,63.0,8.848
1765484876.1096919,99,32,16,27,14,3.7323989868164062,62.5,63.5,7.667
1765484876.3124764,99,32,16,27,14,3.7323989868164062,62.5,63.5,7.667
1765484876.5150642,99,38,24,21,25,3.7323379516601562,63.0,63.0,7.775
1765484876.7162583,99,38,24,21,25,3.7323379516601562,63.0,63.0,7.775
1765484876.9173439,99,38,24,21,25,3.7323379516601562,63.0,63.0,7.775
1765484877.119076,99,25,28,24,35,3.732341766357422,62.5,63.0,7.934
1765484877.3236938,99,25,28,24,35,3.732341766357422,62.5,63.0,7.934
1765484877.5251625,99,16,16,25,20,3.7333450317382812,62.5,63.5,8.729
1765484877.7282917,99,16,16,25,20,3.7333450317382812,62.5,63.5,8.729
1765484877.9301584,99,16,16,25,20,3.7333450317382812,62.5,63.5,8.729
1765484878.1313984,99,43,19,22,26,3.7324180603027344,62.5,63.5,7.894
1765484878.3334105,99,43,19,22,26,3.7324180603027344,62.5,63.5,7.894
1765484878.5352285,99,24,16,12,22,3.7323837280273438,62.5,63.0,7.4
1765484878.738331,99,24,16,12,22,3.7323837280273438,62.5,63.0,7.4
1765484878.9396234,99,24,16,12,22,3.7323837280273438,62.5,63.0,7.4
1765484879.141615,99,51,27,29,38,3.7321739196777344,62.5,63.5,8.769
1765484879.3447757,99,51,27,29,38,3.7321739196777344,62.5,63.5,8.769
1765484879.5461044,99,19,19,12,12,3.732990264892578,62.0,63.0,6.931
1765484879.7476923,99,19,19,12,12,3.732990264892578,62.0,63.0,6.931
1765484879.9508238,99,19,19,12,12,3.732990264892578,62.0,63.0,6.931
1765484880.1530917,99,48,14,26,26,3.7320709228515625,63.0,63.5,8.425
1765484880.3544102,99,48,14,26,26,3.7320709228515625,63.0,63.5,8.425
1765484880.5558572,46,21,21,23,23,3.732128143310547,62.0,63.5,5.532
1765484880.7574062,46,21,21,23,23,3.732128143310547,62.0,63.5,5.532
1765484880.958672,46,21,21,23,23,3.732128143310547,62.0,63.5,5.532
1765484881.1607933,99,44,33,18,20,3.7323646545410156,63.0,63.5,8.65
1765484881.3634634,99,44,33,18,20,3.7323646545410156,63.0,63.5,8.65
1765484881.5655372,99,20,14,21,15,3.7319793701171875,62.0,63.5,6.47
1765484881.7665708,99,20,14,21,15,3.7319793701171875,62.0,63.5,6.47
1765484881.9686353,99,20,14,21,15,3.7319793701171875,62.0,63.5,6.47
1765484882.1718652,99,32,22,38,20,3.73236083984375,62.5,63.0,7.667
1765484882.373327,99,32,22,38,20,3.73236083984375,62.5,63.0,7.667
1765484882.5744033,99,32,22,38,20,3.73236083984375,62.5,63.0,7.667
1765484882.77558,99,23,29,20,24,3.732341766357422,62.5,63.0,7.707
1765484882.9769173,99,23,29,20,24,3.732341766357422,62.5,63.0,7.707
1765484883.1782653,99,36,21,15,20,3.7332611083984375,62.5,63.0,8.16
1765484883.380261,99,36,21,15,20,3.7332611083984375,62.5,63.0,8.16
1765484883.5822108,99,36,21,15,20,3.7332611083984375,62.5,63.0,8.16
1765484883.7836382,99,26,12,22,8,3.7320899963378906,63.0,63.5,7.587
1765484883.986348,99,26,12,22,8,3.7320899963378906,63.0,63.5,7.587
1765484884.1893537,99,28,29,45,22,3.7320480346679688,62.5,63.0,7.974
1765484884.3911004,99,28,29,45,22,3.7320480346679688,62.5,63.0,7.974
1765484884.5923514,99,28,29,45,22,3.7320480346679688,62.5,63.0,7.974
1765484884.7936068,99,28,33,26,26,3.732105255126953,62.5,63.0,7.814
1765484884.996244,99,28,33,26,26,3.732105255126953,62.5,63.0,7.814
1765484885.1982274,99,36,16,10,9,3.7329483032226562,63.0,63.0,8.505
1765484885.3993082,99,36,16,10,9,3.7329483032226562,63.0,63.0,8.505
1765484885.6028612,99,36,16,10,9,3.7329483032226562,63.0,63.0,8.505
1765484885.8046362,50,22,37,18,16,3.732402801513672,62.5,63.0,5.998
1765484886.006677,50,22,37,18,16,3.732402801513672,62.5,63.0,5.998
1765484886.2095988,99,20,43,14,22,3.732593536376953,63.0,63.0,8.2
1765484886.4115112,99,20,43,14,22,3.732593536376953,63.0,63.0,8.2
1765484886.6124804,99,20,43,14,22,3.732593536376953,63.0,63.0,8.2
1765484886.8135524,82,29,28,31,26,3.7332420349121094,62.0,63.0,7.428
1765484887.0173922,82,29,28,31,26,3.7332420349121094,62.0,63.0,7.428
1765484887.2192812,99,18,30,13,10,3.7325592041015625,63.0,63.0,8.014
1765484887.420392,99,18,30,13,10,3.7325592041015625,63.0,63.0,8.014
1765484887.621518,99,18,30,13,10,3.7325592041015625,63.0,63.0,8.014
1765484887.822946,99,27,36,30,25,3.7325439453125,62.5,63.0,7.36
1765484888.0244706,99,27,36,30,25,3.7325439453125,62.5,63.0,7.36
1765484888.2264078,99,16,29,18,23,3.732471466064453,63.0,63.0,8.041
1765484888.4276905,99,16,29,18,23,3.732471466064453,63.0,63.0,8.041
1765484888.628892,99,16,29,18,23,3.732471466064453,63.0,63.0,8.041
1765484888.8299854,99,25,38,28,14,3.7332916259765625,62.5,64.0,8.2
1765484889.0325773,99,25,38,28,14,3.7332916259765625,62.5,64.0,8.2
1765484889.2346072,99,20,29,13,25,3.7326011657714844,63.0,63.0,8.12
1765484889.4360502,99,20,29,13,25,3.7326011657714844,63.0,63.0,8.12
1765484889.637257,99,20,29,13,25,3.7326011657714844,63.0,63.0,8.12
1765484889.8409047,99,29,26,48,31,3.7325096130371094,63.0,63.5,7.894
1765484890.0426593,99,29,26,48,31,3.7325096130371094,63.0,63.5,7.894
1765484890.2438037,99,26,25,21,27,3.732624053955078,63.0,63.5,8.2
1765484890.4449139,99,26,25,21,27,3.732624053955078,63.0,63.5,8.2
1765484890.6464832,99,26,25,21,27,3.732624053955078,63.0,63.5,8.2
1765484890.8475516,99,17,29,37,10,3.733600616455078,63.0,64.0,8.465
1765484891.049296,99,17,29,37,10,3.733600616455078,63.0,64.0,8.465
1765484891.2506714,99,17,29,37,10,3.733600616455078,63.0,64.0,8.465
1765484891.451861,99,25,23,16,32,3.732666015625,62.5,63.0,7.131
1765484891.6529155,99,25,23,16,32,3.732666015625,62.5,63.0,7.131
1765484891.8553069,99,26,26,56,23,3.7326622009277344,62.5,63.5,8.2
1765484892.0589314,99,26,26,56,23,3.7326622009277344,62.5,63.5,8.2
1765484892.2600389,99,26,26,56,23,3.7326622009277344,62.5,63.5,8.2
1765484892.463264,0,24,28,22,16,3.733531951904297,62.0,63.0,6.078
1765484892.6658547,0,24,28,22,16,3.733531951904297,62.0,63.0,6.078
1765484892.867085,99,18,16,37,18,3.732097625732422,63.0,63.0,8.12
1765484893.0691586,99,18,16,37,18,3.732097625732422,63.0,63.0,8.12
1765484893.270592,99,18,16,37,18,3.732097625732422,63.0,63.0,8.12
1765484893.4717643,99,32,26,18,23,3.7325592041015625,62.0,63.5,6.31
1765484893.6728008,99,32,26,18,23,3.7325592041015625,62.0,63.5,6.31
1765484893.8749607,99,20,49,26,24,3.7327232360839844,63.0,63.0,7.894
1765484894.0793138,99,20,49,26,24,3.7327232360839844,63.0,63.0,7.894
1765484894.280724,99,20,49,26,24,3.7327232360839844,63.0,63.0,7.894
1765484894.4817917,99,30,28,25,29,3.7333717346191406,62.5,63.5,8.16
1765484894.6836085,99,30,28,25,29,3.7333717346191406,62.5,63.5,8.16
1765484894.885035,99,18,32,14,18,3.7325286865234375,62.5,63.5,7.747
1765484895.0863638,99,18,32,14,18,3.7325286865234375,62.5,63.5,7.747
1765484895.2875004,99,18,32,14,18,3.7325286865234375,62.5,63.5,7.747
1765484895.48871,99,30,22,12,22,3.732555389404297,62.5,63.0,7.667
1765484895.6897721,99,30,22,12,22,3.732555389404297,62.5,63.0,7.667
1765484895.8916438,99,20,18,43,20,3.732898712158203,63.0,63.0,7.854
1765484896.097467,99,20,18,43,20,3.732898712158203,63.0,63.0,7.854
1765484896.300219,99,20,18,43,20,3.732898712158203,63.0,63.0,7.854
1765484896.501417,99,25,24,20,16,3.7333717346191406,63.0,63.0,7.934
1765484896.7034552,99,25,24,20,16,3.7333717346191406,63.0,63.0,7.934
1765484896.9064171,99,47,14,17,25,3.7322311401367188,63.0,63.5,8.306
1765484897.1091287,99,47,14,17,25,3.7322311401367188,63.0,63.5,8.306
1765484897.311279,99,47,14,17,25,3.7322311401367188,63.0,63.5,8.306
1765484897.5133424,12,28,30,29,32,3.7326698303222656,62.5,63.0,5.572
1765484897.7147841,12,28,30,29,32,3.7326698303222656,62.5,63.0,5.572
1765484897.9159586,99,15,20,29,39,3.7335128784179688,63.0,63.0,8.65
1765484898.1168864,99,15,20,29,39,3.7335128784179688,63.0,63.0,8.65
1765484898.3200474,99,15,20,29,39,3.7335128784179688,63.0,63.0,8.65
1765484898.5215838,99,22,32,11,18,3.732715606689453,62.0,63.5,6.971
1765484898.7242258,99,22,32,11,18,3.732715606689453,62.0,63.5,6.971
1765484898.9261053,99,22,32,11,18,3.732715606689453,62.0,63.5,6.971
1765484899.1274195,99,29,22,34,18,3.7320632934570312,62.5,63.0,7.974
1765484899.3285673,99,29,22,34,18,3.7320632934570312,62.5,63.0,7.974
1765484899.5296328,99,44,29,30,18,3.7325515747070312,62.5,63.5,7.507
1765484899.7351952,99,44,29,30,18,3.7325515747070312,62.5,63.5,7.507
1765484899.93666,99,44,29,30,18,3.7325515747070312,62.5,63.5,7.507
1765484900.138057,99,32,19,16,11,3.7335433959960938,63.0,63.0,8.385
1765484900.3397918,99,32,19,16,11,3.7335433959960938,63.0,63.0,8.385
1765484900.5410821,99,40,18,33,12,3.7325515747070312,62.5,64.0,7.667
1765484900.7431154,99,40,18,33,12,3.7325515747070312,62.5,64.0,7.667
1765484900.9451358,99,40,18,33,12,3.7325515747070312,62.5,64.0,7.667
1765484901.1462808,99,22,16,17,20,3.7325592041015625,63.0,63.0,8.16
1765484901.3474188,99,22,16,17,20,3.7325592041015625,63.0,63.0,8.16
1765484901.5494814,99,23,32,54,26,3.732635498046875,63.0,64.0,8.505
1765484901.7523377,99,23,32,54,26,3.732635498046875,63.0,64.0,8.505
1765484901.9540439,99,23,32,54,26,3.732635498046875,63.0,64.0,8.505
1765484902.155134,99,17,16,11,13,3.7339820861816406,62.5,63.0,7.894
1765484902.3563473,99,17,16,11,13,3.7339820861816406,62.5,63.0,7.894
1765484902.5584142,99,27,12,18,50,3.733226776123047,62.5,63.0,7.854
1765484902.759882,99,27,12,18,50,3.733226776123047,62.5,63.0,7.854
1765484902.9615147,99,27,12,18,50,3.733226776123047,62.5,63.0,7.854
1765484903.1643548,99,22,28,19,18,3.7330398559570312,62.5,63.0,6.942
1765484903.3657095,99,22,28,19,18,3.7330398559570312,62.5,63.0,6.942
1765484903.5669577,99,50,31,27,31,3.7333450317382812,63.0,63.5,8.953
1765484903.7694983,99,50,31,27,31,3.7333450317382812,63.0,63.5,8.953
1765484903.972477,99,50,31,27,31,3.7333450317382812,63.0,63.5,8.953
1765484904.173771,0,21,14,14,17,3.7339820861816406,62.0,64.0,5.177
1765484904.3750162,0,21,14,14,17,3.7339820861816406,62.0,64.0,5.177
1765484904.576844,99,43,27,22,17,3.733226776123047,62.5,63.5,8.054
1765484904.778558,99,43,27,22,17,3.733226776123047,62.5,63.5,8.054
1765484904.9796844,99,43,27,22,17,3.733226776123047,62.5,63.5,8.054
1765484905.1818173,99,39,25,21,18,3.7334976196289062,62.0,63.5,6.46
1765484905.3834019,99,39,25,21,18,3.7334976196289062,62.0,63.5,6.46
1765484905.5845428,99,14,48,22,16,3.745502471923828,63.0,63.5,8.465
1765484905.787688,99,14,48,22,16,3.745502471923828,63.0,63.5,8.465
1765484905.9890823,99,14,48,22,16,3.745502471923828,63.0,63.5,8.465
1765484906.1902485,99,28,25,19,11,3.7441673278808594,62.0,63.5,6.269
1765484906.392337,99,28,25,19,11,3.7441673278808594,62.0,63.5,6.269
1765484906.593746,99,16,43,21,27,3.7445526123046875,63.0,63.5,7.707
1765484906.7954314,99,16,43,21,27,3.7445526123046875,63.0,63.5,7.707
1765484906.9969873,99,16,43,21,27,3.7445526123046875,63.0,63.5,7.707
1765484907.198183,99,27,33,20,31,3.7444686889648438,62.5,63.5,7.627
1765484907.3992753,99,27,33,20,31,3.7444686889648438,62.5,63.5,7.627
1765484907.6004043,99,14,40,14,13,3.745525360107422,63.0,63.5,8.359
1765484907.8034437,99,14,40,14,13,3.745525360107422,63.0,63.5,8.359
1765484908.0049748,99,14,40,14,13,3.745525360107422,63.0,63.5,8.359
1765484908.2063158,99,29,17,12,21,3.744426727294922,62.5,63.5,7.775
1765484908.4074035,99,29,17,12,21,3.744426727294922,62.5,63.5,7.775
1765484908.6085079,99,29,17,12,21,3.744426727294922,62.5,63.5,7.775
1765484908.8103538,99,28,45,25,32,3.7446441650390625,63.0,63.0,7.547
1765484909.011595,99,28,45,25,32,3.7446441650390625,63.0,63.0,7.547
1765484909.2127755,99,22,27,26,31,3.7444915771484375,63.0,63.5,8.054
1765484909.4148655,99,22,27,26,31,3.7444915771484375,63.0,63.5,8.054
1765484909.6160944,99,22,27,26,31,3.7444915771484375,63.0,63.5,8.054
1765484909.81753,99,42,12,12,9,3.7449493408203125,63.0,63.0,8.346
1765484910.019039,99,42,12,12,9,3.7449493408203125,63.0,63.0,8.346
1765484910.2203085,99,35,14,22,15,3.7449188232421875,62.5,63.0,7.32
1765484910.4215562,99,35,14,22,15,3.7449188232421875,62.5,63.0,7.32
1765484910.6245766,99,35,14,22,15,3.7449188232421875,62.5,63.0,7.32
1765484910.8279073,99,24,18,41,12,3.7449951171875,63.0,63.5,8.425
1765484911.0295987,99,24,18,41,12,3.7449951171875,63.0,63.5,8.425
1765484911.2307322,62,27,27,26,22,3.746013641357422,62.0,64.0,7.16
1765484911.4336383,62,27,27,26,22,3.746013641357422,62.0,64.0,7.16
1765484911.6364424,62,27,27,26,22,3.746013641357422,62.0,64.0,7.16
1765484911.8379784,99,21,22,29,13,3.7447357177734375,63.0,63.5,8.16
1765484912.0406158,99,21,22,29,13,3.7447357177734375,63.0,63.5,8.16
1765484912.2424884,99,32,26,42,24,3.745044708251953,62.5,63.5,7.428
1765484912.4439,99,32,26,42,24,3.745044708251953,62.5,63.5,7.428
1765484912.6453447,99,32,26,42,24,3.745044708251953,62.5,63.5,7.428
1765484912.8464758,99,14,16,25,26,3.744731903076172,63.0,63.0,8.12
1765484913.050212,99,14,16,25,26,3.744731903076172,63.0,63.0,8.12
1765484913.2515998,99,21,27,21,47,3.7454566955566406,62.5,63.5,8.2
1765484913.4548697,99,21,27,21,47,3.7454566955566406,62.5,63.5,8.2
1765484913.6592355,99,21,27,21,47,3.7454566955566406,62.5,63.5,8.2
1765484913.8607185,99,23,16,14,24,3.744609832763672,63.0,63.0,8.133
1765484914.061869,99,23,16,14,24,3.744609832763672,63.0,63.0,8.133
1765484914.2630177,99,26,24,18,58,3.7447433471679688,62.5,63.5,7.894
1765484914.4667873,99,26,24,18,58,3.7447433471679688,62.5,63.5,7.894
1765484914.6683471,99,26,24,18,58,3.7447433471679688,62.5,63.5,7.894
1765484914.869457,99,23,26,27,20,3.7450790405273438,63.0,63.5,8.054
1765484915.0707748,99,23,26,27,20,3.7450790405273438,63.0,63.5,8.054
1765484915.271953,99,38,10,15,26,3.745128631591797,62.5,63.5,8.319
1765484915.473093,99,38,10,15,26,3.745128631591797,62.5,63.5,8.319
1765484915.674584,99,38,10,15,26,3.745128631591797,62.5,63.5,8.319
1765484915.875813,99,14,65,14,15,3.7359275817871094,62.5,63.0,7.091
1765484916.0770056,99,14,65,14,15,3.7359275817871094,62.5,63.0,7.091
1765484916.2785904,99,38,28,44,24,3.7379379272460938,63.0,63.5,8.346
1765484916.4817998,99,38,28,44,24,3.7379379272460938,63.0,63.5,8.346
1765484916.6842775,99,38,28,44,24,3.7379379272460938,63.0,63.5,8.346
1765484916.8858438,0,26,21,24,24,3.739391326904297,62.5,64.0,6.149
1765484917.0872104,0,26,21,24,24,3.739391326904297,62.5,64.0,6.149
1765484917.288185,0,26,21,24,24,3.739391326904297,62.5,64.0,6.149
1765484917.48936,99,45,18,11,20,3.7384071350097656,63.0,63.0,7.747
1765484917.6913233,99,45,18,11,20,3.7384071350097656,63.0,63.0,7.747
1765484917.8946414,99,17,23,27,19,3.7382278442382812,62.5,63.5,6.781
1765484918.096232,99,17,23,27,19,3.7382278442382812,62.5,63.5,6.781
1765484918.2974358,99,17,23,27,19,3.7382278442382812,62.5,63.5,6.781
1765484918.500014,99,29,20,42,19,3.7384033203125,63.0,63.5,7.974
1765484918.7014945,99,29,20,42,19,3.7384033203125,63.0,63.5,7.974
1765484918.9025354,99,23,26,22,16,3.7392044067382812,63.0,64.0,8.385
1765484919.1037178,99,23,26,22,16,3.7392044067382812,63.0,64.0,8.385
1765484919.3058712,99,23,26,22,16,3.7392044067382812,63.0,64.0,8.385
1765484919.5077991,99,33,19,13,12,3.7381629943847656,63.0,63.5,7.428
1765484919.7091386,99,33,19,13,12,3.7381629943847656,63.0,63.5,7.428
1765484919.9102688,99,25,14,36,18,3.7382965087890625,62.5,63.5,7.36
1765484920.11143,99,25,14,36,18,3.7382965087890625,62.5,63.5,7.36
1765484920.3127077,99,25,14,36,18,3.7382965087890625,62.5,63.5,7.36
1765484920.5147164,99,26,26,14,46,3.738506317138672,63.0,63.5,8.624
1765484920.7159696,99,26,26,14,46,3.738506317138672,63.0,63.5,8.624
1765484920.9171855,75,28,17,13,15,3.7390213012695312,62.5,64.5,6.661
1765484921.1184158,75,28,17,13,15,3.7390213012695312,62.5,64.5,6.661
1765484921.3215957,75,28,17,13,15,3.7390213012695312,62.5,64.5,6.661
1765484921.5239947,99,25,42,20,22,3.7380447387695312,63.0,63.5,8.24
1765484921.7251613,99,25,42,20,22,3.7380447387695312,63.0,63.5,8.24
1765484921.9267192,99,22,27,35,33,3.738433837890625,62.0,63.0,7.011
1765484922.1294441,99,22,27,35,33,3.738433837890625,62.0,63.0,7.011
1765484922.3373327,99,22,27,35,33,3.738433837890625,62.0,63.0,7.011
1765484922.5393472,99,26,24,21,26,3.739124298095703,63.0,64.0,8.399
1765484922.7414691,99,26,24,21,26,3.739124298095703,63.0,64.0,8.399
1765484922.943334,99,16,30,33,10,3.7382659912109375,62.5,64.0,7.814
1765484923.1450539,99,16,30,33,10,3.7382659912109375,62.5,64.0,7.814
1765484923.348144,99,16,30,33,10,3.7382659912109375,62.5,64.0,7.814
1765484923.5494018,99,23,20,26,16,3.7382736206054688,63.0,64.0,8.2
1765484923.7505493,99,23,20,26,16,3.7382736206054688,63.0,64.0,8.2
1765484923.9515688,99,44,35,17,24,3.7382431030273438,63.0,63.5,7.934
1765484924.1543877,99,44,35,17,24,3.7382431030273438,63.0,63.5,7.934
1765484924.355834,99,44,35,17,24,3.7382431030273438,63.0,63.5,7.934
1765484924.5570097,99,26,16,22,16,3.7393569946289062,63.0,64.0,8.054
1765484924.7585683,99,26,16,22,16,3.7393569946289062,63.0,64.0,8.054
1765484924.9599793,99,40,24,26,15,3.7384719848632812,63.0,63.5,7.894
1765484925.161463,99,40,24,26,15,3.7384719848632812,63.0,63.5,7.894
1765484925.364669,99,40,24,26,15,3.7384719848632812,63.0,63.5,7.894
1765484925.5660834,99,17,21,25,18,3.7381553649902344,62.5,63.0,7.131
1765484925.7672873,99,17,21,25,18,3.7381553649902344,62.5,63.0,7.131
1765484925.9684353,99,50,24,37,28,3.7378463745117188,63.0,64.0,8.848
1765484926.1711411,99,50,24,37,28,3.7378463745117188,63.0,64.0,8.848
1765484926.3741868,99,50,24,37,28,3.7378463745117188,63.0,64.0,8.848
1765484926.5755615,19,26,21,14,13,3.7391929626464844,62.0,63.5,5.725
1765484926.77676,19,26,21,14,13,3.7391929626464844,62.0,63.5,5.725
1765484926.9782217,19,26,21,14,13,3.7391929626464844,62.0,63.5,5.725
1765484927.17945,99,25,21,18,40,3.738323211669922,63.0,63.5,8.094
1765484927.3813193,99,25,21,18,40,3.738323211669922,63.0,63.5,8.094
1765484927.5829403,99,20,20,21,32,3.7381515502929688,62.5,63.0,6.47
1765484927.7842703,99,20,20,21,32,3.7381515502929688,62.5,63.0,6.47
1765484927.9858367,99,20,20,21,32,3.7381515502929688,62.5,63.0,6.47
1765484928.188705,99,24,18,25,38,3.7384185791015625,63.0,64.0,8.385
1765484928.3905947,99,24,18,25,38,3.7384185791015625,63.0,64.0,8.385
1765484928.5918252,99,16,14,22,9,3.7377090454101562,62.5,63.0,7.4
1765484928.7929947,99,16,14,22,9,3.7377090454101562,62.5,63.0,7.4
1765484928.9960802,99,16,14,22,9,3.7377090454101562,62.5,63.0,7.4
1765484929.199339,99,28,22,45,20,3.738079071044922,63.0,63.0,7.627
1765484929.400934,99,28,22,45,20,3.738079071044922,63.0,63.0,7.627
1765484929.6021063,99,39,28,28,18,3.7380332946777344,63.0,63.5,7.707
1765484929.803227,99,39,28,28,18,3.7380332946777344,63.0,63.5,7.707
1765484930.004344,99,39,28,28,18,3.7380332946777344,63.0,63.5,7.707
1765484930.2068095,99,14,38,16,16,3.739337921142578,63.0,64.0,8.544
1765484930.4083252,99,14,38,16,16,3.739337921142578,63.0,64.0,8.544
1765484930.6100314,99,17,22,13,22,3.738269805908203,63.0,63.5,7.36
1765484930.81106,99,17,22,13,22,3.738269805908203,63.0,63.5,7.36
1765484931.013753,99,17,22,13,22,3.738269805908203,63.0,63.5,7.36
1765484931.2173254,99,32,44,20,23,3.7382278442382812,63.0,64.0,8.465
1765484931.4186318,99,32,44,20,23,3.7382278442382812,63.0,64.0,8.465
1765484931.619755,0,29,34,24,22,3.7381668090820312,62.5,63.0,5.957
1765484931.82164,0,29,34,24,22,3.7381668090820312,62.5,63.0,5.957
1765484932.023575,0,29,34,24,22,3.7381668090820312,62.5,63.0,5.957
1765484932.2248278,99,17,16,34,21,3.739307403564453,63.0,64.0,8.769
1765484932.426148,99,17,16,34,21,3.739307403564453,63.0,64.0,8.769
1765484932.6274068,99,18,42,19,17,3.738269805908203,62.5,63.5,7.171
1765484932.828705,99,18,42,19,17,3.738269805908203,62.5,63.5,7.171
1765484933.0317996,99,18,42,19,17,3.738269805908203,62.5,63.5,7.171
1765484933.2350655,99,27,35,17,14,3.7384033203125,63.0,63.5,7.775
1765484933.4365227,99,27,35,17,14,3.7384033203125,63.0,63.5,7.775
1765484933.6377752,99,27,36,24,46,3.7385025024414062,63.0,64.0,8.544
1765484933.84102,99,27,36,24,46,3.7385025024414062,63.0,64.0,8.544
1765484934.0446384,99,27,36,24,46,3.7385025024414062,63.0,64.0,8.544
1765484934.2460208,99,10,21,10,22,3.7380294799804688,63.0,63.5,8.28
1765484934.4488523,99,10,21,10,22,3.7380294799804688,63.0,63.5,8.28
1765484934.6499517,99,43,28,25,29,3.7380027770996094,63.0,63.5,7.974
1765484934.8513205,99,43,28,25,29,3.7380027770996094,63.0,63.5,7.974
1765484935.0526419,99,43,28,25,29,3.7380027770996094,63.0,63.5,7.974
1765484935.2540748,99,19,26,15,21,3.7383880615234375,63.0,63.5,7.627
1765484935.4550705,99,19,26,15,21,3.7383880615234375,63.0,63.5,7.627
1765484935.656154,99,19,26,15,21,3.7383880615234375,63.0,63.5,7.627
1765484935.859705,99,28,39,18,35,3.73876953125,63.0,64.0,9.007
1765484936.061034,99,28,39,18,35,3.73876953125,63.0,64.0,9.007
1765484936.2623665,99,14,12,14,19,3.738178253173828,63.0,63.5,7.28
1765484936.4636421,99,14,12,14,19,3.738178253173828,63.0,63.5,7.28
1765484936.6654727,99,14,12,14,19,3.738178253173828,63.0,63.5,7.28
1765484936.8703709,99,24,25,54,28,3.7382240295410156,63.0,63.5,8.24
1765484937.071949,99,24,25,54,28,3.7382240295410156,63.0,63.5,8.24
1765484937.2730637,34,23,27,20,23,3.7382965087890625,62.5,63.5,5.806
1765484937.474258,34,23,27,20,23,3.7382965087890625,62.5,63.5,5.806
1765484937.6757324,34,23,27,20,23,3.7382965087890625,62.5,63.5,5.806
1765484937.8781872,99,39,28,10,19,3.739124298095703,63.0,64.0,8.689
1765484938.0813153,99,39,28,10,19,3.739124298095703,63.0,64.0,8.689
1765484938.2829967,96,21,24,19,17,3.7381019592285156,62.5,63.5,5.806
1765484938.4841325,96,21,24,19,17,3.7381019592285156,62.5,63.5,5.806
1765484938.6861818,96,21,24,19,17,3.7381019592285156,62.5,63.5,5.806
1765484938.8890529,99,26,46,31,31,3.7383384704589844,63.5,63.5,7.814
1765484939.0907488,99,26,46,31,31,3.7383384704589844,63.5,63.5,7.814
1765484939.2917347,99,29,36,24,23,3.7384986877441406,62.5,64.0,7.775
1765484939.4927852,99,29,36,24,23,3.7384986877441406,62.5,64.0,7.775
1765484939.695824,99,29,36,24,23,3.7384986877441406,62.5,64.0,7.775
1765484939.897549,99,14,12,32,12,3.738292694091797,63.0,63.5,7.894
1765484940.0986822,99,14,12,32,12,3.738292694091797,63.0,63.5,7.894
1765484940.3006117,99,31,22,26,23,3.7384986877441406,63.0,64.0,7.707
1765484940.502125,99,31,22,26,23,3.7384986877441406,63.0,64.0,7.707
1765484940.7041419,99,31,22,26,23,3.7384986877441406,63.0,64.0,7.707
1765484940.9074814,99,46,23,27,21,3.73809814453125,63.0,63.5,7.627
1765484941.1092114,99,46,23,27,21,3.73809814453125,63.0,63.5,7.627
1765484941.3102717,99,25,20,21,34,3.7392959594726562,63.5,64.0,8.12
1765484941.5114613,99,25,20,21,34,3.7392959594726562,63.5,64.0,8.12
1765484941.714407,99,25,20,21,34,3.7392959594726562,63.5,64.0,8.12
1765484941.916084,99,18,39,13,8,3.738555908203125,63.0,63.5,8.12
1765484942.1172235,99,18,39,13,8,3.738555908203125,63.0,63.5,8.12
1765484942.3200264,52,22,22,23,37,3.7383766174316406,62.5,63.0,5.877
1765484942.5216382,52,22,22,23,37,3.7383766174316406,62.5,63.0,5.877
1765484942.7254221,52,22,22,23,37,3.7383766174316406,62.5,63.0,5.877
1765484942.9285736,99,42,19,16,22,3.738147735595703,63.5,63.5,8.319
1765484943.1307368,99,42,19,16,22,3.738147735595703,63.5,63.5,8.319
1765484943.3328738,99,30,27,8,24,3.7388877868652344,63.0,64.5,7.627
1765484943.5346432,99,30,27,8,24,3.7388877868652344,63.0,64.5,7.627
1765484943.737467,99,30,27,8,24,3.7388877868652344,63.0,64.5,7.627
1765484943.9391513,99,25,23,35,18,3.7382431030273438,63.0,63.5,7.854
1765484944.1404567,99,25,23,35,18,3.7382431030273438,63.0,63.5,7.854
1765484944.3417184,99,25,23,35,18,3.7382431030273438,63.0,63.5,7.854
1765484944.5439978,99,28,26,27,27,3.738250732421875,63.0,64.0,7.16
1765484944.745596,99,28,26,27,27,3.738250732421875,63.0,64.0,7.16
1765484944.9478703,99,26,32,33,16,3.739452362060547,63.5,64.0,8.28
1765484945.1506214,99,26,32,33,16,3.739452362060547,63.5,64.0,8.28
1765484945.3535626,99,26,32,33,16,3.739452362060547,63.5,64.0,8.28
1765484945.5549161,99,22,14,28,27,3.7386512756347656,63.0,64.0,8.081
1765484945.7576554,99,22,14,28,27,3.7386512756347656,63.0,64.0,8.081
1765484945.9597886,99,23,19,28,16,3.7386817932128906,63.5,63.5,8.16
1765484946.1612504,99,23,19,28,16,3.7386817932128906,63.5,63.5,8.16
1765484946.3626668,99,23,19,28,16,3.7386817932128906,63.5,63.5,8.16
1765484946.565534,99,22,31,18,50,3.7384796142578125,63.0,63.5,7.894
1765484946.7673948,99,22,31,18,50,3.7384796142578125,63.0,63.5,7.894
1765484946.9684942,99,22,24,19,14,3.739429473876953,63.0,63.5,7.934
1765484947.1703475,99,22,24,19,14,3.739429473876953,63.0,63.5,7.934
1765484947.371543,99,22,24,19,14,3.739429473876953,63.0,63.5,7.934
1765484947.5727944,99,44,14,14,24,3.7384796142578125,63.0,63.5,7.934
1765484947.775846,99,44,14,14,24,3.7384796142578125,63.0,63.5,7.934
1765484947.9772973,99,22,24,24,18,3.738239288330078,63.0,63.5,6.861
1765484948.1786163,99,22,24,24,18,3.738239288330078,63.0,63.5,6.861
1765484948.3798537,99,22,24,24,18,3.738239288330078,63.0,63.5,6.861
1765484948.5828905,99,32,34,29,47,3.7380752563476562,63.5,64.0,8.584
1765484948.7871091,99,32,34,29,47,3.7380752563476562,63.5,64.0,8.584
1765484948.9885578,2,19,25,20,21,3.739360809326172,62.5,65.0,5.685
1765484949.189782,2,19,25,20,21,3.739360809326172,62.5,65.0,5.685
1765484949.3917494,2,19,25,20,21,3.739360809326172,62.5,65.0,5.685
1765484949.593246,99,40,16,20,20,3.738353729248047,63.5,64.0,7.854
1765484949.7948444,99,40,16,20,20,3.738353729248047,63.5,64.0,7.854
1765484949.9961028,99,24,38,12,20,3.738452911376953,63.0,64.0,6.43
1765484950.1974316,99,24,38,12,20,3.738452911376953,63.0,64.0,6.43
1765484950.3984451,99,24,38,12,20,3.738452911376953,63.0,64.0,6.43
1765484950.600617,99,22,40,21,31,3.738483428955078,63.5,63.5,8.041
1765484950.802976,99,22,40,21,31,3.738483428955078,63.5,63.5,8.041
1765484951.0042605,99,28,22,12,6,3.7393531799316406,63.0,63.5,7.974
1765484951.2052505,99,28,22,12,6,3.7393531799316406,63.0,63.5,7.974
1765484951.4083667,99,28,22,12,6,3.7393531799316406,63.0,63.5,7.974
1765484951.6116278,99,25,22,39,14,3.7384605407714844,63.5,63.5,7.428
1765484951.8129253,99,25,22,39,14,3.7384605407714844,63.5,63.5,7.428
1765484952.0144773,99,28,30,18,21,3.7385215759277344,63.0,63.5,7.735
1765484952.2155974,99,28,30,18,21,3.7385215759277344,63.0,63.5,7.735
1765484952.4169712,99,28,30,18,21,3.7385215759277344,63.0,63.5,7.735
1765484952.6193783,99,50,20,14,16,3.7399253845214844,63.0,64.0,8.664
1765484952.8206315,99,50,20,14,16,3.7399253845214844,63.0,64.0,8.664
1765484953.0217638,99,18,26,12,13,3.7386398315429688,63.0,63.5,7.32
1765484953.222782,99,18,26,12,13,3.7386398315429688,63.0,63.5,7.32
1765484953.425721,99,18,26,12,13,3.7386398315429688,63.0,63.5,7.32
1765484953.6281877,99,33,28,25,44,3.7381324768066406,63.5,63.5,8.399
1765484953.8293815,99,33,28,25,44,3.7381324768066406,63.5,63.5,8.399
1765484954.030639,99,33,28,25,44,3.7381324768066406,63.5,63.5,8.399
1765484954.2331617,97,19,30,35,34,3.738372802734375,63.0,63.5,6.58
1765484954.4360182,97,19,30,35,34,3.738372802734375,63.0,63.5,6.58
1765484954.637699,99,25,12,36,14,3.7391395568847656,63.5,64.5,8.624
1765484954.8389533,99,25,12,36,14,3.7391395568847656,63.5,64.5,8.624
1765484955.04005,99,25,12,36,14,3.7391395568847656,63.5,64.5,8.624
1765484955.2411418,99,18,47,19,17,3.7385635375976562,63.0,63.5,7.28
1765484955.444032,99,18,47,19,17,3.7385635375976562,63.0,63.5,7.28
1765484955.647578,99,23,28,10,19,3.7385177612304688,63.5,64.0,8.014
1765484955.8496192,99,23,28,10,19,3.7385177612304688,63.5,64.0,8.014
1765484956.0515523,99,23,28,10,19,3.7385177612304688,63.5,64.0,8.014
1765484956.2534838,99,38,37,29,26,3.738269805908203,63.5,64.0,8.2
1765484956.4585915,99,38,37,29,26,3.738269805908203,63.5,64.0,8.2
1765484956.6598694,99,14,28,10,8,3.7387733459472656,63.5,64.5,8.2
1765484956.861797,99,14,28,10,8,3.7387733459472656,63.5,64.5,8.2
1765484957.0635448,99,14,28,10,8,3.7387733459472656,63.5,64.5,8.2
1765484957.2646363,99,16,48,26,22,3.7386398315429688,63.0,64.0,7.934
1765484957.466403,99,16,48,26,22,3.7386398315429688,63.0,64.0,7.934
1765484957.667468,99,20,18,15,20,3.7387161254882812,63.5,63.5,7.48
1765484957.8693426,99,20,18,15,20,3.7387161254882812,63.5,63.5,7.48
1765484958.0706565,99,20,18,15,20,3.7387161254882812,63.5,63.5,7.48
1765484958.2730765,99,25,52,19,33,3.7391738891601562,63.5,64.0,8.913
1765484958.4763217,99,25,52,19,33,3.7391738891601562,63.5,64.0,8.913
1765484958.6780183,99,21,16,17,13,3.7385940551757812,63.0,63.5,6.971
1765484958.8789918,99,21,16,17,13,3.7385940551757812,63.0,63.5,6.971
1765484959.0802112,99,21,16,17,13,3.7385940551757812,63.0,63.5,6.971
1765484959.2825549,99,26,54,22,20,3.7381820678710938,63.5,64.0,8.28
1765484959.4843779,99,26,54,22,20,3.7381820678710938,63.5,64.0,8.28
1765484959.6854594,3,28,18,17,24,3.7387046813964844,62.5,63.5,5.451
1765484959.8873003,3,28,18,17,24,3.7387046813964844,62.5,63.5,5.451
1765484960.0886054,3,28,18,17,24,3.7387046813964844,62.5,63.5,5.451
1765484960.2902145,99,22,16,20,40,3.7392234802246094,63.5,64.5,8.505
1765484960.4950554,99,22,16,20,40,3.7392234802246094,63.5,64.5,8.505
1765484960.6964984,99,18,28,18,12,3.7383651733398438,62.5,64.0,6.229
1765484960.8976533,99,18,28,18,12,3.7383651733398438,62.5,64.0,6.229
1765484961.0991642,99,18,28,18,12,3.7383651733398438,62.5,64.0,6.229
1765484961.3026052,99,44,24,22,28,3.7383689880371094,63.5,63.5,7.707
1765484961.5042665,99,44,24,22,28,3.7383689880371094,63.5,63.5,7.707
1765484961.70544,99,26,26,30,27,3.738513946533203,63.5,64.5,8.24
1765484961.9068859,99,26,26,30,27,3.738513946533203,63.5,64.5,8.24
1765484962.1097825,99,26,26,30,27,3.738513946533203,63.5,64.5,8.24
1765484962.311543,99,8,8,36,15,3.739238739013672,63.5,63.5,8.041
1765484962.5146444,99,8,8,36,15,3.739238739013672,63.5,63.5,8.041
1765484962.7164326,99,25,20,16,25,3.7387351989746094,63.5,63.5,7.775
1765484962.9180152,99,25,20,16,25,3.7387351989746094,63.5,63.5,7.775
1765484963.1202407,99,25,20,16,25,3.7387351989746094,63.5,63.5,7.775
1765484963.3235447,99,28,20,21,43,3.7388229370117188,63.5,64.0,8.001
1765484963.5248313,99,28,20,21,43,3.7388229370117188,63.5,64.0,8.001
1765484963.7260292,99,28,20,21,43,3.7388229370117188,63.5,64.0,8.001
1765484963.927246,99,25,32,28,22,3.739776611328125,63.5,64.0,8.12
1765484964.1315262,99,25,32,28,22,3.739776611328125,63.5,64.0,8.12
1765484964.3332057,99,10,15,17,34,3.7385826110839844,63.0,64.0,8.425
1765484964.5342972,99,10,15,17,34,3.7385826110839844,63.0,64.0,8.425
1765484964.7354817,99,10,15,17,34,3.7385826110839844,63.0,64.0,8.425
1765484964.9375188,54,30,38,22,27,3.7388458251953125,62.5,64.0,6.118
1765484965.138967,54,30,38,22,27,3.7388458251953125,62.5,64.0,6.118
1765484965.3416002,99,24,21,19,40,3.7386398315429688,63.5,64.0,8.359
1765484965.5435088,99,24,21,19,40,3.7386398315429688,63.5,64.0,8.359
