ts,gpu,cpu1,cpu2,cpu3,cpu4,ram,temp_gpu,temp_cpu,power
1765484595.1553473,0,24,27,23,17,3.598857879638672,68.0,69.5,2.69
1765484595.356689,0,24,27,23,17,3.598857879638672,68.0,69.5,2.69
1765484595.5580943,0,24,27,23,17,3.598857879638672,68.0,69.5,2.69
1765484595.7658873,99,48,55,72,44,3.62432861328125,42.5,44.0,9.013
1765484595.967498,99,48,55,72,44,3.62432861328125,42.5,44.0,9.013
1765484596.1686451,99,48,55,72,44,3.62432861328125,42.5,44.0,9.013
1765484596.369765,99,89,86,74,72,3.62158203125,42.5,43.5,9.013
1765484596.5708156,99,89,86,74,72,3.62158203125,42.5,43.5,9.013
1765484596.7721193,98,26,26,34,34,3.623279571533203,42.0,43.0,6.857
1765484596.9730566,98,26,26,34,34,3.623279571533203,42.0,43.0,6.857
1765484597.1742246,98,26,26,34,34,3.623279571533203,42.0,43.0,6.857
1765484597.375776,99,26,36,50,16,3.6234130859375,42.5,43.0,9.077
1765484597.5771773,99,26,36,50,16,3.6234130859375,42.5,43.0,9.077
1765484597.7784154,99,52,58,62,69,3.6154403686523438,42.5,42.5,9.052
1765484597.9794974,99,52,58,62,69,3.6154403686523438,42.5,42.5,9.052
1765484598.1813233,99,52,58,62,69,3.6154403686523438,42.5,42.5,9.052
1765484598.3837726,99,37,28,25,18,3.6190338134765625,42.0,43.0,7.312
1765484598.5849624,99,37,28,25,18,3.6190338134765625,42.0,43.0,7.312
1765484598.7860675,99,68,38,40,34,3.629547119140625,42.5,43.0,8.187
1765484598.9872513,99,68,38,40,34,3.629547119140625,42.5,43.0,8.187
1765484599.1917987,99,68,38,40,34,3.629547119140625,42.5,43.0,8.187
1765484599.3928397,99,25,36,27,31,3.6287384033203125,42.5,42.5,7.804
1765484599.5962572,99,25,36,27,31,3.6287384033203125,42.5,42.5,7.804
1765484599.7972493,99,20,24,20,21,3.62939453125,42.5,42.5,7.618
1765484600.0022035,99,20,24,20,21,3.62939453125,42.5,42.5,7.618
1765484600.2031646,99,20,24,20,21,3.62939453125,42.5,42.5,7.618
1765484600.4044526,99,46,56,64,51,3.63134765625,43.0,44.5,8.791
1765484600.6054826,99,46,56,64,51,3.63134765625,43.0,44.5,8.791
1765484600.8069558,99,55,50,47,39,3.6370849609375,42.5,43.5,7.843
1765484601.0080776,99,55,50,47,39,3.6370849609375,42.5,43.5,7.843
1765484601.209108,99,55,50,47,39,3.6370849609375,42.5,43.5,7.843
1765484601.4101415,99,37,22,18,20,3.6369056701660156,42.5,43.0,7.312
1765484601.6116073,99,37,22,18,20,3.6369056701660156,42.5,43.0,7.312
1765484601.81261,99,44,24,24,24,3.6364097595214844,43.0,42.5,7.843
1765484602.01355,99,44,24,24,24,3.6364097595214844,43.0,42.5,7.843
1765484602.214514,99,44,24,24,24,3.6364097595214844,43.0,42.5,7.843
1765484602.4156353,99,12,17,17,19,3.6369056701660156,42.0,43.5,7.046
1765484602.6168249,99,12,17,17,19,3.6369056701660156,42.0,43.5,7.046
1765484602.8178906,99,13,15,8,28,3.6368026733398438,43.0,43.0,7.843
1765484603.0187511,99,13,15,8,28,3.6368026733398438,43.0,43.0,7.843
1765484603.219895,99,13,15,8,28,3.6368026733398438,43.0,43.0,7.843
1765484603.4209547,99,52,22,30,28,3.63702392578125,42.5,43.0,7.883
1765484603.6220906,99,52,22,30,28,3.63702392578125,42.5,43.0,7.883
1765484603.823318,99,52,22,30,28,3.63702392578125,42.5,43.0,7.883
1765484604.024552,99,22,30,20,16,3.6398048400878906,42.5,43.5,7.273
1765484604.2258735,99,22,30,20,16,3.6398048400878906,42.5,43.5,7.273
1765484604.4270113,99,57,25,26,28,3.6405868530273438,43.0,43.5,8.489
1765484604.6280951,99,57,25,26,28,3.6405868530273438,43.0,43.5,8.489
1765484604.8292341,99,57,25,26,28,3.6405868530273438,43.0,43.5,8.489
1765484605.030515,99,20,34,29,18,3.6401824951171875,42.5,43.0,6.738
1765484605.2317126,99,20,34,29,18,3.6401824951171875,42.5,43.0,6.738
1765484605.4328237,99,16,20,14,38,3.641010284423828,43.5,43.0,7.312
1765484605.6346648,99,16,20,14,38,3.641010284423828,43.5,43.0,7.312
1765484605.8357215,99,16,20,14,38,3.641010284423828,43.5,43.0,7.312
1765484606.036839,99,56,24,37,42,3.6344757080078125,43.5,44.0,8.752
1765484606.2381775,99,56,24,37,42,3.6344757080078125,43.5,44.0,8.752
1765484606.4392455,99,24,18,24,22,3.64215087890625,43.0,44.0,6.4
1765484606.6403425,99,24,18,24,22,3.64215087890625,43.0,44.0,6.4
1765484606.8416169,99,24,18,24,22,3.64215087890625,43.0,44.0,6.4
1765484607.0429718,99,46,46,63,46,3.6414794921875,43.5,43.5,8.187
1765484607.244309,99,46,46,63,46,3.6414794921875,43.5,43.5,8.187
1765484607.4455874,99,44,44,48,42,3.64227294921875,43.0,44.5,7.923
1765484607.6466656,99,44,44,48,42,3.64227294921875,43.0,44.5,7.923
1765484607.847737,99,44,44,48,42,3.64227294921875,43.0,44.5,7.923
1765484608.0553749,99,46,49,51,41,3.6428565979003906,44.0,44.0,8.555
1765484608.2568,99,46,49,51,41,3.6428565979003906,44.0,44.0,8.555
1765484608.4577866,99,36,34,42,53,3.641742706298828,43.5,43.5,7.843
1765484608.6588461,99,36,34,42,53,3.641742706298828,43.5,43.5,7.843
1765484608.8598866,99,36,34,42,53,3.641742706298828,43.5,43.5,7.843
1765484609.0611086,29,23,20,22,32,3.6426315307617188,43.0,43.5,6.36
1765484609.26207,29,23,20,22,32,3.6426315307617188,43.0,43.5,6.36
1765484609.4631805,99,25,25,29,40,3.642650604248047,43.5,43.5,8.002
1765484609.6641204,99,25,25,29,40,3.642650604248047,43.5,43.5,8.002
1765484609.8654857,99,25,25,29,40,3.642650604248047,43.5,43.5,8.002
1765484610.066555,99,35,26,28,42,3.645702362060547,43.5,44.0,8.45
1765484610.2676857,99,35,26,28,42,3.645702362060547,43.5,44.0,8.45
1765484610.4686925,99,19,14,12,19,3.6449851989746094,43.5,43.0,6.009
1765484610.6699967,99,19,14,12,19,3.6449851989746094,43.5,43.0,6.009
1765484610.8709307,99,19,14,12,19,3.6449851989746094,43.5,43.0,6.009
1765484611.0721493,99,36,58,39,34,3.645618438720703,44.0,43.5,7.697
1765484611.2732947,99,36,58,39,34,3.645618438720703,44.0,43.5,7.697
1765484611.474341,99,36,26,26,34,3.6460800170898438,43.5,44.0,7.962
1765484611.6753619,99,36,26,26,34,3.6460800170898438,43.5,44.0,7.962
1765484611.877111,99,36,26,26,34,3.6460800170898438,43.5,44.0,7.962
1765484612.0782847,99,28,10,17,11,3.6462860107421875,44.0,43.0,8.187
1765484612.2794828,99,28,10,17,11,3.6462860107421875,44.0,43.0,8.187
1765484612.4808276,99,23,25,26,47,3.6459732055664062,44.0,43.5,7.273
1765484612.6820633,99,23,25,26,47,3.6459732055664062,44.0,43.5,7.273
1765484612.8833592,99,23,25,26,47,3.6459732055664062,44.0,43.5,7.273
1765484613.0849073,0,30,18,26,20,3.6464767456054688,43.5,44.0,6.089
1765484613.286241,0,30,18,26,20,3.6464767456054688,43.5,44.0,6.089
1765484613.4872808,99,25,28,45,27,3.647350311279297,44.5,44.0,8.895
1765484613.6883261,99,25,28,45,27,3.647350311279297,44.5,44.0,8.895
1765484613.889377,99,25,28,45,27,3.647350311279297,44.5,44.0,8.895
1765484614.0905657,99,23,21,16,40,3.6466217041015625,44.0,44.0,7.804
1765484614.2916324,99,23,21,16,40,3.6466217041015625,44.0,44.0,7.804
1765484614.49373,99,23,21,16,40,3.6466217041015625,44.0,44.0,7.804
1765484614.7006798,15,18,21,23,17,3.647418975830078,44.0,43.5,5.385
1765484614.9016082,15,18,21,23,17,3.647418975830078,44.0,43.5,5.385
1765484615.102704,99,32,24,52,28,3.6482887268066406,44.5,44.5,8.002
1765484615.3038259,99,32,24,52,28,3.6482887268066406,44.5,44.5,8.002
1765484615.5051243,99,32,24,52,28,3.6482887268066406,44.5,44.5,8.002
1765484615.7063363,99,42,25,23,23,3.649250030517578,44.0,44.5,8.108
1765484615.9074838,99,42,25,23,23,3.649250030517578,44.0,44.5,8.108
1765484616.1085098,99,40,28,30,20,3.647472381591797,44.0,44.5,7.432
1765484616.3115828,99,40,28,30,20,3.647472381591797,44.0,44.5,7.432
1765484616.512623,99,40,28,30,20,3.647472381591797,44.0,44.5,7.432
1765484616.713617,99,72,60,61,58,3.6495018005371094,44.5,44.5,8.331
1765484616.914782,99,72,60,61,58,3.6495018005371094,44.5,44.5,8.331
1765484617.1180708,99,38,43,34,42,3.6506996154785156,44.0,45.0,7.233
1765484617.3193903,99,38,43,34,42,3.6506996154785156,44.0,45.0,7.233
1765484617.5206997,99,38,43,34,42,3.6506996154785156,44.0,45.0,7.233
1765484617.7218573,99,30,44,29,28,3.650299072265625,44.5,44.0,7.843
1765484617.9229712,99,30,44,29,28,3.650299072265625,44.5,44.0,7.843
1765484618.1240382,99,31,26,25,54,3.6505966186523438,44.5,44.0,7.923
1765484618.3251843,99,31,26,25,54,3.6505966186523438,44.5,44.0,7.923
1765484618.5263407,99,31,26,25,54,3.6505966186523438,44.5,44.0,7.923
1765484618.7274606,31,29,25,14,22,3.6514549255371094,44.0,45.0,6.589
1765484618.9285893,31,29,25,14,22,3.6514549255371094,44.0,45.0,6.589
1765484619.1296403,99,50,27,18,32,3.655719757080078,45.0,45.0,9.352
1765484619.3306067,99,50,27,18,32,3.655719757080078,45.0,45.0,9.352
1765484619.532192,99,50,27,18,32,3.655719757080078,45.0,45.0,9.352
1765484619.7332509,99,23,18,23,48,3.6553688049316406,44.5,44.5,7.777
1765484619.9343722,99,23,18,23,48,3.6553688049316406,44.5,44.5,7.777
1765484620.1353269,99,21,21,21,18,3.6557998657226562,44.5,44.0,6.738
1765484620.336673,99,21,21,21,18,3.6557998657226562,44.5,44.0,6.738
1765484620.5376368,99,21,21,21,18,3.6557998657226562,44.5,44.0,6.738
1765484620.7387438,99,34,23,28,44,3.6563339233398438,45.0,44.5,7.843
1765484620.9396684,99,34,23,28,44,3.6563339233398438,45.0,44.5,7.843
1765484621.1408064,99,14,44,24,25,3.6565704345703125,44.5,44.5,8.068
1765484621.3417938,99,14,44,24,25,3.6565704345703125,44.5,44.5,8.068
1765484621.54285,99,14,44,24,25,3.6565704345703125,44.5,44.5,8.068
1765484621.7439616,99,23,20,21,21,3.656200408935547,44.5,44.5,7.352
1765484621.9451895,99,23,20,21,21,3.656200408935547,44.5,44.5,7.352
1765484622.146354,99,31,33,32,46,3.656269073486328,45.0,44.5,7.658
1765484622.3475254,99,31,33,32,46,3.656269073486328,45.0,44.5,7.658
1765484622.5489407,99,31,33,32,46,3.656269073486328,45.0,44.5,7.658
1765484622.750387,99,28,30,30,26,3.6575546264648438,44.5,46.5,7.923
1765484622.951604,99,28,30,30,26,3.6575546264648438,44.5,46.5,7.923
1765484623.1526084,99,30,10,8,13,3.65679931640625,45.0,44.5,7.578
1765484623.353899,99,30,10,8,13,3.65679931640625,45.0,44.5,7.578
1765484623.5550432,99,30,10,8,13,3.65679931640625,45.0,44.5,7.578
1765484623.7562892,99,32,26,48,22,3.6569786071777344,45.0,45.0,8.068
1765484623.9573488,99,32,26,48,22,3.6569786071777344,45.0,45.0,8.068
1765484624.158514,99,19,17,19,20,3.6568260192871094,44.5,44.5,6.32
1765484624.3596404,99,19,17,19,20,3.6568260192871094,44.5,44.5,6.32
1765484624.560724,99,19,17,19,20,3.6568260192871094,44.5,44.5,6.32
1765484624.7617664,99,24,23,44,23,3.657573699951172,45.0,45.0,8.41
1765484624.9629579,99,24,23,44,23,3.657573699951172,45.0,45.0,8.41
1765484625.1642787,99,23,22,19,46,3.657421112060547,45.0,45.0,7.697
1765484625.3654206,99,23,22,19,46,3.657421112060547,45.0,45.0,7.697
1765484625.5665283,99,23,22,19,46,3.657421112060547,45.0,45.0,7.697
1765484625.7675512,99,18,18,30,14,3.65069580078125,44.5,44.5,6.509
1765484625.969323,99,18,18,30,14,3.65069580078125,44.5,44.5,6.509
1765484626.1703207,99,18,18,30,14,3.65069580078125,44.5,44.5,6.509
1765484626.3715518,99,53,61,54,75,3.6653823852539062,45.0,46.0,8.791
1765484626.5735776,99,53,61,54,75,3.6653823852539062,45.0,46.0,8.791
1765484626.7751298,0,37,36,38,37,3.66619873046875,44.5,46.0,5.497
1765484626.9769173,0,37,36,38,37,3.66619873046875,44.5,46.0,5.497
1765484627.1780033,0,37,36,38,37,3.66619873046875,44.5,46.0,5.497
1765484627.3789997,99,49,58,52,50,3.6593589782714844,45.5,45.5,8.108
1765484627.5804932,99,49,58,52,50,3.6593589782714844,45.5,45.5,8.108
1765484627.7815757,99,30,35,46,29,3.6595687866210938,45.5,45.0,7.923
1765484627.9827058,99,30,35,46,29,3.6595687866210938,45.5,45.0,7.923
1765484628.183684,99,30,35,46,29,3.6595687866210938,45.5,45.0,7.923
1765484628.3847017,87,27,18,21,16,3.6602783203125,45.0,45.0,6.32
1765484628.5857415,87,27,18,21,16,3.6602783203125,45.0,45.0,6.32
1765484628.7868748,99,20,19,17,39,3.659832000732422,45.5,46.0,7.962
1765484628.9878225,99,20,19,17,39,3.659832000732422,45.5,46.0,7.962
1765484629.1893666,99,20,19,17,39,3.659832000732422,45.5,46.0,7.962
1765484629.3905728,99,25,33,40,44,3.6602516174316406,45.0,45.5,7.843
1765484629.5916889,99,25,33,40,44,3.6602516174316406,45.0,45.5,7.843
1765484629.7926412,99,23,20,18,16,3.660694122314453,45.5,45.5,7.499
1765484629.994017,99,23,20,18,16,3.660694122314453,45.5,45.5,7.499
1765484630.1951668,99,23,20,18,16,3.660694122314453,45.5,45.5,7.499
1765484630.396387,99,30,44,30,25,3.661907196044922,45.5,45.0,8.108
1765484630.5972536,99,30,44,30,25,3.661907196044922,45.5,45.0,8.108
1765484630.798407,99,18,17,32,20,3.661334991455078,45.0,46.0,7.392
1765484630.9993575,99,18,17,32,20,3.661334991455078,45.0,46.0,7.392
1765484631.200426,99,18,17,32,20,3.661334991455078,45.0,46.0,7.392
1765484631.4014738,99,32,23,18,11,3.661235809326172,45.5,45.0,7.511
1765484631.602513,99,32,23,18,11,3.661235809326172,45.5,45.0,7.511
1765484631.8035672,99,34,26,33,56,3.6607894897460938,45.5,46.0,8.45
1765484632.0046513,99,34,26,33,56,3.6607894897460938,45.5,46.0,8.45
1765484632.205517,99,34,26,33,56,3.6607894897460938,45.5,46.0,8.45
1765484632.406654,99,19,15,14,19,3.662120819091797,45.5,45.5,6.549
1765484632.6080332,99,19,15,14,19,3.662120819091797,45.5,45.5,6.549
1765484632.8092647,99,31,30,27,46,3.6614418029785156,46.0,45.0,7.804
1765484633.0102773,99,31,30,27,46,3.6614418029785156,46.0,45.0,7.804
1765484633.2113159,99,31,30,27,46,3.6614418029785156,46.0,45.0,7.804
1765484633.4124029,99,30,28,37,52,3.6612930297851562,45.5,45.5,7.923
1765484633.6134973,99,30,28,37,52,3.6612930297851562,45.5,45.5,7.923
1765484633.814499,99,14,19,16,12,3.662250518798828,45.5,45.5,6.966
1765484634.0155776,99,14,19,16,12,3.662250518798828,45.5,45.5,6.966
1765484634.2166114,99,14,19,16,12,3.662250518798828,45.5,45.5,6.966
1765484634.4176602,99,23,22,20,40,3.661529541015625,46.0,45.0,8.068
1765484634.618954,99,23,22,20,40,3.661529541015625,46.0,45.0,8.068
1765484634.8201628,99,23,22,20,40,3.661529541015625,46.0,45.0,8.068
1765484635.0214968,99,22,29,55,26,3.664173126220703,46.0,46.0,7.843
1765484635.222552,99,22,29,55,26,3.664173126220703,46.0,46.0,7.843
1765484635.42385,99,19,22,20,20,3.664836883544922,46.0,45.5,7.499
1765484635.6251583,99,19,22,20,20,3.664836883544922,46.0,45.5,7.499
1765484635.8263247,99,19,22,20,20,3.664836883544922,46.0,45.5,7.499
1765484636.0273886,99,23,21,40,28,3.6656837463378906,46.5,46.0,8.147
1765484636.228493,99,23,21,40,28,3.6656837463378906,46.5,46.0,8.147
1765484636.4295003,99,19,22,24,28,3.6644821166992188,45.5,47.0,7.392
1765484636.63054,99,19,22,24,28,3.6644821166992188,45.5,47.0,7.392
1765484636.8317044,99,19,22,24,28,3.6644821166992188,45.5,47.0,7.392
1765484637.0329447,99,36,20,24,20,3.6650733947753906,46.0,45.5,7.499
1765484637.2340105,99,36,20,24,20,3.6650733947753906,46.0,45.5,7.499
1765484637.4349551,99,43,27,48,32,3.66522216796875,46.5,46.0,8.83
1765484637.6361911,99,43,27,48,32,3.66522216796875,46.5,46.0,8.83
1765484637.8374016,99,43,27,48,32,3.66522216796875,46.5,46.0,8.83
1765484638.0388014,99,13,14,11,15,3.6648635864257812,46.0,45.5,6.629
1765484638.2397425,99,13,14,11,15,3.6648635864257812,46.0,45.5,6.629
1765484638.440817,99,49,30,27,36,3.664581298828125,46.5,46.0,8.002
1765484638.6417758,99,49,30,27,36,3.664581298828125,46.5,46.0,8.002
1765484638.8428626,99,49,30,27,36,3.664581298828125,46.5,46.0,8.002
1765484639.044081,99,50,26,31,34,3.6653213500976562,46.0,46.5,7.962
1765484639.245207,99,50,26,31,34,3.6653213500976562,46.0,46.5,7.962
1765484639.4462745,99,14,18,14,16,3.66607666015625,46.0,46.0,7.392
1765484639.647542,99,14,18,14,16,3.66607666015625,46.0,46.0,7.392
1765484639.8485007,99,14,18,14,16,3.66607666015625,46.0,46.0,7.392
1765484640.0498135,99,21,21,47,20,3.6653060913085938,46.5,46.0,7.352
1765484640.2511535,99,21,21,47,20,3.6653060913085938,46.5,46.0,7.352
1765484640.45245,99,37,33,46,30,3.66778564453125,46.0,46.5,7.962
1765484640.6535187,99,37,33,46,30,3.66778564453125,46.0,46.5,7.962
1765484640.854554,99,37,33,46,30,3.66778564453125,46.0,46.5,7.962
1765484641.055597,99,22,32,24,30,3.663543701171875,46.5,46.0,7.923
1765484641.2567184,99,22,32,24,30,3.663543701171875,46.5,46.0,7.923
1765484641.45768,99,25,20,45,23,3.6640243530273438,46.5,46.0,8.108
1765484641.6587973,99,25,20,45,23,3.6640243530273438,46.5,46.0,8.108
1765484641.8597333,99,25,20,45,23,3.6640243530273438,46.5,46.0,8.108
1765484642.0606165,99,22,21,28,18,3.6632919311523438,46.0,46.5,7.392
1765484642.2616482,99,22,21,28,18,3.6632919311523438,46.0,46.5,7.392
1765484642.4627106,99,26,14,37,13,3.663715362548828,46.5,46.0,7.499
1765484642.6640596,99,26,14,37,13,3.663715362548828,46.5,46.0,7.499
1765484642.86525,99,26,14,37,13,3.663715362548828,46.5,46.0,7.499
1765484643.0663943,99,43,40,28,25,3.663372039794922,46.5,46.5,8.752
1765484643.2674708,99,43,40,28,25,3.663372039794922,46.5,46.5,8.752
1765484643.4747522,99,12,19,9,10,3.664459228515625,46.0,46.5,6.549
1765484643.6763635,99,12,19,9,10,3.664459228515625,46.0,46.5,6.549
1765484643.8774695,99,12,19,9,10,3.664459228515625,46.0,46.5,6.549
1765484644.0784526,99,36,50,32,34,3.6638641357421875,46.0,47.0,8.41
1765484644.279715,99,36,50,32,34,3.6638641357421875,46.0,47.0,8.41
1765484644.480848,99,28,48,26,26,3.6640892028808594,46.5,46.5,7.883
1765484644.682004,99,28,48,26,26,3.6640892028808594,46.5,46.5,7.883
1765484644.8832335,99,28,48,26,26,3.6640892028808594,46.5,46.5,7.883
1765484645.0843544,99,18,13,15,10,3.6648597717285156,46.5,46.5,7.511
1765484645.2853131,99,18,13,15,10,3.6648597717285156,46.5,46.5,7.511
1765484645.486351,99,18,13,15,10,3.6648597717285156,46.5,46.5,7.511
1765484645.6894834,0,30,84,26,33,3.6808700561523438,44.5,46.5,3.489
1765484645.8905144,0,30,84,26,33,3.6808700561523438,44.5,46.5,3.489
1765484646.0917249,99,50,44,19,34,3.684192657470703,47.0,46.5,7.816
1765484646.2927046,99,50,44,19,34,3.684192657470703,47.0,46.5,7.816
1765484646.4938116,99,50,44,19,34,3.684192657470703,47.0,46.5,7.816
1765484646.6956356,99,38,38,32,40,3.647533416748047,46.5,47.5,8.187
1765484646.8969426,99,38,38,32,40,3.647533416748047,46.5,47.5,8.187
1765484647.0978725,99,24,12,15,12,3.647491455078125,46.5,47.0,8.042
1765484647.2992623,99,24,12,15,12,3.647491455078125,46.5,47.0,8.042
1765484647.5005753,99,24,12,15,12,3.647491455078125,46.5,47.0,8.042
1765484647.7017958,99,28,21,30,49,3.6541213989257812,46.5,46.5,8.187
1765484647.902881,99,28,21,30,49,3.6541213989257812,46.5,46.5,8.187
1765484648.1039872,85,34,24,16,23,3.6553115844726562,46.0,47.0,6.24
1765484648.305081,85,34,24,16,23,3.6553115844726562,46.0,47.0,6.24
1765484648.5090547,85,34,24,16,23,3.6553115844726562,46.0,47.0,6.24
1765484648.7100587,99,34,35,44,22,3.656230926513672,47.0,48.0,8.895
1765484648.9113817,99,34,35,44,22,3.656230926513672,47.0,48.0,8.895
1765484649.1128528,99,16,37,17,15,3.655414581298828,47.0,47.0,7.658
1765484649.3140333,99,16,37,17,15,3.655414581298828,47.0,47.0,7.658
1765484649.5151465,99,16,37,17,15,3.655414581298828,47.0,47.0,7.658
1765484649.7165961,99,17,21,25,28,3.6551437377929688,46.5,46.5,7.165
1765484649.9178326,99,17,21,25,28,3.6551437377929688,46.5,46.5,7.165
1765484650.118959,99,33,58,32,25,3.6559219360351562,47.0,47.0,7.816
1765484650.320145,99,33,58,32,25,3.6559219360351562,47.0,47.0,7.816
1765484650.5214484,99,33,58,32,25,3.6559219360351562,47.0,47.0,7.816
1765484650.722465,99,18,27,41,20,3.656707763671875,46.5,47.5,8.371
1765484650.923625,99,18,27,41,20,3.656707763671875,46.5,47.5,8.371
1765484651.1246343,99,21,30,18,14,3.656097412109375,47.0,47.0,7.697
1765484651.3258567,99,21,30,18,14,3.656097412109375,47.0,47.0,7.697
1765484651.526816,99,21,30,18,14,3.656097412109375,47.0,47.0,7.697
1765484651.7280009,99,32,40,40,32,3.656352996826172,47.0,47.0,7.551
1765484651.9290295,99,32,40,40,32,3.656352996826172,47.0,47.0,7.551
1765484652.13019,75,24,29,26,14,3.6562347412109375,47.0,47.0,6.129
1765484652.3313541,75,24,29,26,14,3.6562347412109375,47.0,47.0,6.129
1765484652.5324771,75,24,29,26,14,3.6562347412109375,47.0,47.0,6.129
1765484652.733401,99,39,19,21,23,3.6569061279296875,47.0,47.0,8.371
1765484652.9345944,99,39,19,21,23,3.6569061279296875,47.0,47.0,8.371
1765484653.1356285,99,28,18,26,46,3.6567726135253906,47.0,47.0,7.618
1765484653.336738,99,28,18,26,46,3.6567726135253906,47.0,47.0,7.618
1765484653.5377345,99,28,18,26,46,3.6567726135253906,47.0,47.0,7.618
1765484653.7391977,99,19,19,16,20,3.657665252685547,47.0,47.0,6.738
1765484653.940414,99,19,19,16,20,3.657665252685547,47.0,47.0,6.738
1765484654.1414247,99,28,22,32,56,3.658092498779297,47.0,47.5,8.331
1765484654.342417,99,28,22,32,56,3.658092498779297,47.0,47.5,8.331
1765484654.5437493,99,28,22,32,56,3.658092498779297,47.0,47.5,8.331
1765484654.7450728,99,21,16,33,17,3.657672882080078,47.0,48.0,7.618
1765484654.9462435,99,21,16,33,17,3.657672882080078,47.0,48.0,7.618
1765484655.147417,99,12,22,24,21,3.658740997314453,47.0,47.0,7.804
1765484655.3488026,99,12,22,24,21,3.658740997314453,47.0,47.0,7.804
1765484655.549913,99,12,22,24,21,3.658740997314453,47.0,47.0,7.804
1765484655.750983,99,48,38,50,35,3.6581764221191406,47.0,47.5,8.147
1765484655.9520965,99,48,38,50,35,3.6581764221191406,47.0,47.5,8.147
1765484656.1565797,99,48,38,50,35,3.6581764221191406,47.0,47.5,8.147
1765484656.3576713,0,14,25,18,11,3.6594161987304688,47.0,48.0,5.658
1765484656.558828,0,14,25,18,11,3.6594161987304688,47.0,48.0,5.658
1765484656.7600968,99,30,25,26,36,3.6588478088378906,47.5,47.0,7.883
1765484656.9616811,99,30,25,26,36,3.6588478088378906,47.5,47.0,7.883
1765484657.162611,99,59,32,28,23,3.6592330932617188,47.5,48.0,7.883
1765484657.363708,99,59,32,28,23,3.6592330932617188,47.5,48.0,7.883
1765484657.5649326,99,59,32,28,23,3.6592330932617188,47.5,48.0,7.883
1765484657.7671227,99,18,16,20,18,3.6598587036132812,47.5,47.5,7.165
1765484657.9681668,99,18,16,20,18,3.6598587036132812,47.5,47.5,7.165
1765484658.1692464,99,18,16,20,18,3.6598587036132812,47.5,47.5,7.165
1765484658.3703535,99,16,30,16,36,3.6600685119628906,47.5,47.0,7.312
1765484658.5727608,99,16,30,16,36,3.6600685119628906,47.5,47.0,7.312
1765484658.773856,99,31,45,27,23,3.6600799560546875,47.5,47.5,7.511
1765484658.9749675,99,31,45,27,23,3.6600799560546875,47.5,47.5,7.511
1765484659.1763058,99,31,45,27,23,3.6600799560546875,47.5,47.5,7.511
1765484659.3773239,99,25,25,23,17,3.6608619689941406,47.5,47.5,7.923
1765484659.5784295,99,25,25,23,17,3.6608619689941406,47.5,47.5,7.923
1765484659.779493,99,27,21,26,50,3.662017822265625,47.5,47.5,8.042
1765484659.9806774,99,27,21,26,50,3.662017822265625,47.5,47.5,8.042
1765484660.1819022,99,27,21,26,50,3.662017822265625,47.5,47.5,8.042
1765484660.3831925,0,12,17,12,20,3.66143798828125,47.0,47.5,5.577
1765484660.5842643,0,12,17,12,20,3.66143798828125,47.0,47.5,5.577
1765484660.7853904,99,27,32,49,28,3.6617355346679688,47.5,48.0,8.345
1765484660.9863772,99,27,32,49,28,3.6617355346679688,47.5,48.0,8.345
1765484661.1874304,99,27,32,49,28,3.6617355346679688,47.5,48.0,8.345
1765484661.3885615,99,44,35,34,35,3.6622390747070312,48.0,48.0,8.647
1765484661.5896437,99,44,35,34,35,3.6622390747070312,48.0,48.0,8.647
1765484661.791522,99,14,11,10,17,3.6632041931152344,47.5,48.0,6.589
1765484661.9926338,99,14,11,10,17,3.6632041931152344,47.5,48.0,6.589
1765484662.1935935,99,14,11,10,17,3.6632041931152344,47.5,48.0,6.589
1765484662.394909,99,28,22,38,27,3.662384033203125,47.5,48.0,7.539
1765484662.5959308,99,28,22,38,27,3.662384033203125,47.5,48.0,7.539
1765484662.7969863,99,30,36,29,37,3.664447784423828,47.5,48.0,7.816
1765484662.998092,99,30,36,29,37,3.664447784423828,47.5,48.0,7.816
1765484663.199337,99,30,36,29,37,3.664447784423828,47.5,48.0,7.816
1765484663.4003549,99,17,25,23,20,3.6655426025390625,48.0,48.5,8.633
1765484663.6015177,99,17,25,23,20,3.6655426025390625,48.0,48.5,8.633
1765484663.8028324,99,36,20,24,13,3.6653060913085938,47.5,48.0,7.618
1765484664.0039952,99,36,20,24,13,3.6653060913085938,47.5,48.0,7.618
1765484664.2052681,99,36,20,24,13,3.6653060913085938,47.5,48.0,7.618
1765484664.4063916,58,22,24,28,22,3.666522979736328,47.5,48.0,5.858
1765484664.6074874,58,22,24,28,22,3.666522979736328,47.5,48.0,5.858
1765484664.808755,99,44,21,20,30,3.666889190673828,48.0,48.0,7.962
1765484665.009899,99,44,21,20,30,3.666889190673828,48.0,48.0,7.962
1765484665.211128,99,44,21,20,30,3.666889190673828,48.0,48.0,7.962
1765484665.4125578,99,34,27,42,26,3.6678199768066406,48.0,48.5,8.608
1765484665.6136582,99,34,27,42,26,3.6678199768066406,48.0,48.5,8.608
1765484665.8146584,99,14,10,13,17,3.6670150756835938,47.5,47.5,6.089
1765484666.0158885,99,14,10,13,17,3.6670150756835938,47.5,47.5,6.089
1765484666.2172334,99,14,10,13,17,3.6670150756835938,47.5,47.5,6.089
1765484666.4183671,99,40,34,56,33,3.6668434143066406,48.0,48.0,7.618
1765484666.6198707,99,40,34,56,33,3.6668434143066406,48.0,48.0,7.618
1765484666.8210616,99,31,36,31,39,3.6680564880371094,48.0,49.0,8.029
1765484667.0220096,99,31,36,31,39,3.6680564880371094,48.0,49.0,8.029
1765484667.22308,99,31,36,31,39,3.6680564880371094,48.0,49.0,8.029
1765484667.4241025,99,22,32,15,19,3.6687049865722656,48.0,48.5,8.331
1765484667.62514,99,22,32,15,19,3.6687049865722656,48.0,48.5,8.331
1765484667.826132,99,22,32,15,19,3.6687049865722656,48.0,48.5,8.331
1765484668.0273688,99,30,49,26,30,3.6680831909179688,48.5,48.0,7.843
1765484668.2283978,99,30,49,26,30,3.6680831909179688,48.5,48.0,7.843
1765484668.4294875,87,24,23,24,16,3.6685752868652344,48.0,48.5,6.169
1765484668.6305099,87,24,23,24,16,3.6685752868652344,48.0,48.5,6.169
1765484668.8320944,87,24,23,24,16,3.6685752868652344,48.0,48.5,6.169
1765484669.0331056,99,24,37,44,27,3.6700706481933594,48.0,48.5,8.83
1765484669.2341938,99,24,37,44,27,3.6700706481933594,48.0,48.5,8.83
1765484669.4352775,99,39,21,21,18,3.6701087951660156,48.0,48.0,7.658
1765484669.6364017,99,39,21,21,18,3.6701087951660156,48.0,48.0,7.658
1765484669.8374953,99,39,21,21,18,3.6701087951660156,48.0,48.0,7.658
1765484670.0386655,99,21,23,16,14,3.6709060668945312,48.0,48.0,7.245
1765484670.2398584,99,21,23,16,14,3.6709060668945312,48.0,48.0,7.245
1765484670.441079,99,35,39,37,50,3.671405792236328,48.0,48.5,7.962
1765484670.6420453,99,35,39,37,50,3.671405792236328,48.0,48.5,7.962
1765484670.8447297,99,35,39,37,50,3.671405792236328,48.0,48.5,7.962
1765484671.046134,99,23,21,22,20,3.6724166870117188,48.0,49.0,7.432
1765484671.2472444,99,23,21,22,20,3.6724166870117188,48.0,49.0,7.432
1765484671.4484446,99,20,20,26,22,3.6719932556152344,48.5,48.0,7.499
1765484671.6496918,99,20,20,26,22,3.6719932556152344,48.5,48.0,7.499
1765484671.8507764,99,20,20,26,22,3.6719932556152344,48.5,48.0,7.499
1765484672.0522423,99,34,50,31,22,3.671131134033203,48.5,48.5,7.923
1765484672.253342,99,34,50,31,22,3.671131134033203,48.5,48.5,7.923
1765484672.4553804,99,26,20,26,22,3.6717300415039062,48.0,48.0,6.709
1765484672.656871,99,26,20,26,22,3.6717300415039062,48.0,48.0,6.709
1765484672.857988,99,26,20,26,22,3.6717300415039062,48.0,48.0,6.709
1765484673.0589776,99,18,16,18,38,3.6721878051757812,49.0,48.5,8.41
1765484673.26127,99,18,16,18,38,3.6721878051757812,49.0,48.5,8.41
1765484673.4623063,99,25,26,20,44,3.6718978881835938,48.5,48.5,7.658
1765484673.6635036,99,25,26,20,44,3.6718978881835938,48.5,48.5,7.658
1765484673.8647497,99,25,26,20,44,3.6718978881835938,48.5,48.5,7.658
1765484674.0660393,99,14,18,22,16,3.672016143798828,48.5,48.5,6.818
1765484674.267115,99,14,18,22,16,3.672016143798828,48.5,48.5,6.818
1765484674.468307,99,26,27,46,40,3.6728897094726562,49.0,49.5,8.673
1765484674.6696744,99,26,27,46,40,3.6728897094726562,49.0,49.5,8.673
1765484674.8707047,99,26,27,46,40,3.6728897094726562,49.0,49.5,8.673
1765484675.0718322,99,22,32,20,17,3.6721343994140625,48.5,48.5,7.432
1765484675.2729712,99,22,32,20,17,3.6721343994140625,48.5,48.5,7.432
1765484675.4740117,99,29,26,14,18,3.672607421875,49.0,48.5,7.737
1765484675.6751645,99,29,26,14,18,3.672607421875,49.0,48.5,7.737
1765484675.876392,99,29,26,14,18,3.672607421875,49.0,48.5,7.737
1765484676.0775516,99,31,50,28,33,3.6725196838378906,48.5,49.0,7.658
1765484676.2785656,99,31,50,28,33,3.6725196838378906,48.5,49.0,7.658
1765484676.4797966,99,31,50,28,33,3.6725196838378906,48.5,49.0,7.658
1765484676.6810205,99,26,26,21,21,3.6732101440429688,48.5,49.5,7.312
1765484676.8822274,99,26,26,21,21,3.6732101440429688,48.5,49.5,7.312
1765484677.0833566,99,28,32,15,19,3.6724510192871094,49.5,48.5,7.511
1765484677.2846925,99,28,32,15,19,3.6724510192871094,49.5,48.5,7.511
1765484677.4855967,99,28,32,15,19,3.6724510192871094,49.5,48.5,7.511
1765484677.6869266,99,52,32,28,32,3.6729583740234375,49.0,48.5,8.147
1765484677.8882382,99,52,32,28,32,3.6729583740234375,49.0,48.5,8.147
1765484678.0893524,99,16,19,23,25,3.6727218627929688,48.5,49.0,6.818
1765484678.2903802,99,16,19,23,25,3.6727218627929688,48.5,49.0,6.818
1765484678.4921532,99,16,19,23,25,3.6727218627929688,48.5,49.0,6.818
1765484678.693562,99,37,17,17,16,3.673137664794922,49.0,49.0,8.385
1765484678.8947182,99,37,17,17,16,3.673137664794922,49.0,49.0,8.385
1765484679.0958624,99,29,28,25,55,3.6733131408691406,49.0,49.0,7.843
1765484679.2970195,99,29,28,25,55,3.6733131408691406,49.0,49.0,7.843
1765484679.4980052,99,29,28,25,55,3.6733131408691406,49.0,49.0,7.843
1765484679.699177,99,22,37,16,13,3.673419952392578,49.0,48.5,6.937
1765484679.9001596,99,22,37,16,13,3.673419952392578,49.0,48.5,6.937
1765484680.1013827,99,30,27,29,48,3.674175262451172,49.0,49.5,8.305
1765484680.3024542,99,30,27,29,48,3.674175262451172,49.0,49.5,8.305
1765484680.5038245,99,30,27,29,48,3.674175262451172,49.0,49.5,8.305
1765484680.705079,99,31,17,20,33,3.673084259033203,49.0,49.5,8.042
1765484680.9068987,99,31,17,20,33,3.673084259033203,49.0,49.5,8.042
1765484681.1078312,99,14,16,18,22,3.6732559204101562,49.5,49.0,7.658
1765484681.3089693,99,14,16,18,22,3.6732559204101562,49.5,49.0,7.658
1765484681.5098896,99,14,16,18,22,3.6732559204101562,49.5,49.0,7.658
1765484681.710965,99,31,50,40,32,3.6736488342285156,49.5,49.0,7.923
1765484681.9122782,99,31,50,40,32,3.6736488342285156,49.5,49.0,7.923
1765484682.1137595,99,23,26,16,20,3.6741905212402344,49.0,49.5,7.499
1765484682.3149107,99,23,26,16,20,3.6741905212402344,49.0,49.5,7.499
1765484682.5160582,99,23,26,16,20,3.6741905212402344,49.0,49.5,7.499
1765484682.7172744,99,22,28,28,28,3.6737899780273438,49.5,49.0,7.697
1765484682.91883,99,22,28,28,28,3.6737899780273438,49.5,49.0,7.697
1765484683.1203828,99,37,23,50,25,3.673969268798828,49.5,49.0,7.962
1765484683.321551,99,37,23,50,25,3.673969268798828,49.5,49.0,7.962
1765484683.5226123,99,37,23,50,25,3.673969268798828,49.5,49.0,7.962
1765484683.7236314,15,19,26,17,26,3.673786163330078,49.0,49.0,6.549
1765484683.9246707,15,19,26,17,26,3.673786163330078,49.0,49.0,6.549
1765484684.1258168,99,26,14,18,40,3.673725128173828,49.5,49.5,8.41
1765484684.326742,99,26,14,18,40,3.673725128173828,49.5,49.5,8.41
1765484684.5278897,99,26,14,18,40,3.673725128173828,49.5,49.5,8.41
1765484684.7289908,99,50,30,28,25,3.6744956970214844,49.0,49.5,7.658
1765484684.9301438,99,50,30,28,25,3.6744956970214844,49.0,49.5,7.658
1765484685.1314263,99,21,12,24,15,3.6747779846191406,49.5,49.5,7.432
1765484685.3326554,99,21,12,24,15,3.6747779846191406,49.5,49.5,7.432
1765484685.533634,99,21,12,24,15,3.6747779846191406,49.5,49.5,7.432
1765484685.734872,99,28,19,18,51,3.675701141357422,49.5,50.0,8.345
1765484685.9361265,99,28,19,18,51,3.675701141357422,49.5,50.0,8.345
1765484686.1373363,99,24,20,22,29,3.674945831298828,49.5,50.0,7.923
1765484686.3383477,99,24,20,22,29,3.674945831298828,49.5,50.0,7.923
1765484686.5394511,99,24,20,22,29,3.674945831298828,49.5,50.0,7.923
1765484686.740507,99,25,18,20,33,3.674816131591797,49.5,49.5,7.658
1765484686.9418705,99,25,18,20,33,3.674816131591797,49.5,49.5,7.658
1765484687.1428716,99,25,18,20,33,3.674816131591797,49.5,49.5,7.658
1765484687.3439028,99,25,34,55,22,3.6756973266601562,49.5,49.5,8.45
1765484687.545043,99,25,34,55,22,3.6756973266601562,49.5,49.5,8.45
1765484687.746197,96,14,13,10,21,3.6759414672851562,49.0,50.0,6.937
1765484687.9472113,96,14,13,10,21,3.6759414672851562,49.0,50.0,6.937
1765484688.1483343,96,14,13,10,21,3.6759414672851562,49.0,50.0,6.937
1765484688.3498316,99,45,27,28,26,3.675994873046875,50.0,50.0,8.266
1765484688.5510151,99,45,27,28,26,3.675994873046875,50.0,50.0,8.266
1765484688.752118,99,30,35,27,50,3.6757545471191406,49.5,50.0,8.147
1765484688.953409,99,30,35,27,50,3.6757545471191406,49.5,50.0,8.147
1765484689.155369,99,30,35,27,50,3.6757545471191406,49.5,50.0,8.147
1765484689.3566306,99,14,19,20,10,3.6770591735839844,49.5,50.0,7.816
1765484689.5575984,99,14,19,20,10,3.6770591735839844,49.5,50.0,7.816
1765484689.758657,99,20,27,37,21,3.6765480041503906,50.0,49.5,7.539
1765484689.9595723,99,20,27,37,21,3.6765480041503906,50.0,49.5,7.539
1765484690.1607292,99,20,27,37,21,3.6765480041503906,50.0,49.5,7.539
1765484690.3616529,99,24,32,36,32,3.6761703491210938,49.5,50.0,7.923
1765484690.5627341,99,24,32,36,32,3.6761703491210938,49.5,50.0,7.923
1765484690.7640264,99,18,17,24,24,3.6767005920410156,50.0,50.0,7.962
1765484690.965144,99,18,17,24,24,3.6767005920410156,50.0,50.0,7.962
1765484691.1661592,99,18,17,24,24,3.6767005920410156,50.0,50.0,7.962
1765484691.367171,99,28,32,48,28,3.6777420043945312,50.0,51.0,8.45
1765484691.5682275,99,28,32,48,28,3.6777420043945312,50.0,51.0,8.45
1765484691.769282,0,16,20,16,18,3.676685333251953,49.5,50.5,5.112
1765484691.9702942,0,16,20,16,18,3.676685333251953,49.5,50.5,5.112
1765484692.171357,0,16,20,16,18,3.676685333251953,49.5,50.5,5.112
1765484692.372944,99,22,18,33,42,3.672809600830078,50.0,50.5,8.529
1765484692.574177,99,22,18,33,42,3.672809600830078,50.0,50.5,8.529
1765484692.775107,99,33,43,54,37,3.6737518310546875,50.0,50.5,8.87
1765484692.9763577,99,33,43,54,37,3.6737518310546875,50.0,50.5,8.87
1765484693.1777472,99,33,43,54,37,3.6737518310546875,50.0,50.5,8.87
1765484693.378987,99,17,8,8,15,3.67333984375,50.0,49.5,6.818
1765484693.5804234,99,17,8,8,15,3.67333984375,50.0,49.5,6.818
1765484693.7815268,99,32,25,44,41,3.673755645751953,50.0,50.0,7.578
1765484693.9827192,99,32,25,44,41,3.673755645751953,50.0,50.0,7.578
1765484694.184062,99,32,25,44,41,3.673755645751953,50.0,50.0,7.578
1765484694.3853292,99,27,41,25,24,3.6736793518066406,50.0,50.0,7.883
1765484694.5866272,99,27,41,25,24,3.6736793518066406,50.0,50.0,7.883
1765484694.7877157,99,16,21,18,21,3.674365997314453,50.5,50.5,8.791
1765484694.9888494,99,16,21,18,21,3.674365997314453,50.5,50.5,8.791
1765484695.1898887,99,16,21,18,21,3.674365997314453,50.5,50.5,8.791
1765484695.3911133,99,23,21,26,42,3.674243927001953,50.0,50.0,8.081
1765484695.592269,99,23,21,26,42,3.674243927001953,50.0,50.0,8.081
1765484695.7933402,37,30,18,25,22,3.674053192138672,49.5,51.0,6.429
1765484695.9947627,37,30,18,25,22,3.674053192138672,49.5,51.0,6.429
1765484696.1961007,37,30,18,25,22,3.674053192138672,49.5,51.0,6.429
1765484696.3971272,99,28,16,37,22,3.6747779846191406,50.5,50.5,8.081
1765484696.598206,99,28,16,37,22,3.6747779846191406,50.5,50.5,8.081
1765484696.79921,99,20,27,24,42,3.676036834716797,50.5,50.5,8.608
1765484697.0004697,99,20,27,24,42,3.676036834716797,50.5,50.5,8.608
1765484697.2015305,99,20,27,24,42,3.676036834716797,50.5,50.5,8.608
1765484697.4027038,31,14,17,14,15,3.6749496459960938,50.0,50.0,5.466
1765484697.6040964,31,14,17,14,15,3.6749496459960938,50.0,50.0,5.466
1765484697.807153,99,35,30,36,46,3.6761207580566406,50.5,50.0,8.042
1765484698.008342,99,35,30,36,46,3.6761207580566406,50.5,50.0,8.042
1765484698.2097425,99,35,30,36,46,3.6761207580566406,50.5,50.0,8.042
1765484698.41077,99,28,42,39,26,3.6761436462402344,50.0,50.5,8.385
1765484698.611839,99,28,42,39,26,3.6761436462402344,50.0,50.5,8.385
1765484698.8130739,99,28,42,39,26,3.6761436462402344,50.0,50.5,8.385
1765484699.0177329,99,17,16,18,10,3.6758766174316406,50.0,50.5,7.471
1765484699.2187529,99,17,16,18,10,3.6758766174316406,50.0,50.5,7.471
1765484699.4200363,99,49,22,30,28,3.6761550903320312,50.0,50.5,7.658
1765484699.6212826,99,49,22,30,28,3.6761550903320312,50.0,50.5,7.658
1765484699.8224652,99,49,22,30,28,3.6761550903320312,50.0,50.5,7.658
1765484700.0236256,99,24,44,28,30,3.6755332946777344,50.0,51.0,7.856
1765484700.2248378,99,24,44,28,30,3.6755332946777344,50.0,51.0,7.856
1765484700.4262626,99,27,37,22,14,3.6765289306640625,50.5,50.5,8.673
1765484700.627498,99,27,37,22,14,3.6765289306640625,50.5,50.5,8.673
1765484700.8284414,99,27,37,22,14,3.6765289306640625,50.5,50.5,8.673
1765484701.0295513,99,20,27,16,40,3.6757888793945312,50.5,50.5,7.658
1765484701.2306573,99,20,27,16,40,3.6757888793945312,50.5,50.5,7.658
1765484701.4323263,60,20,32,22,23,3.67608642578125,50.0,50.5,6.32
1765484701.6349351,60,20,32,22,23,3.67608642578125,50.0,50.5,6.32
1765484701.8361015,60,20,32,22,23,3.67608642578125,50.0,50.5,6.32
1765484702.0370188,99,37,33,28,23,3.675617218017578,50.5,50.5,8.41
1765484702.2380497,99,37,33,28,23,3.675617218017578,50.5,50.5,8.41
1765484702.439335,99,29,20,14,44,3.676525115966797,50.5,51.0,8.726
1765484702.640568,99,29,20,14,44,3.676525115966797,50.5,51.0,8.726
1765484702.8415377,99,29,20,14,44,3.676525115966797,50.5,51.0,8.726
1765484703.042618,23,15,18,15,14,3.6761398315429688,50.5,50.0,5.466
1765484703.2442026,23,15,18,15,14,3.6761398315429688,50.5,50.0,5.466
1765484703.4449737,99,42,38,31,30,3.6756629943847656,50.5,50.5,7.923
1765484703.6458783,99,42,38,31,30,3.6756629943847656,50.5,50.5,7.923
1765484703.848083,99,42,38,31,30,3.6756629943847656,50.5,50.5,7.923
1765484704.04909,99,26,26,38,44,3.6764793395996094,50.5,51.5,8.385
1765484704.2500656,99,26,26,38,44,3.6764793395996094,50.5,51.5,8.385
1765484704.4511037,99,15,14,13,15,3.6759567260742188,50.5,50.5,7.205
1765484704.6523945,99,15,14,13,15,3.6759567260742188,50.5,50.5,7.205
1765484704.8534224,99,15,14,13,15,3.6759567260742188,50.5,50.5,7.205
1765484705.0544646,99,38,36,47,29,3.675586700439453,51.0,51.0,7.737
1765484705.2558188,99,38,36,47,29,3.675586700439453,51.0,51.0,7.737
1765484705.4569983,99,25,38,34,26,3.675739288330078,51.0,51.5,8.266
1765484705.657965,99,25,38,34,26,3.675739288330078,51.0,51.5,8.266
1765484705.8593202,99,25,38,34,26,3.675739288330078,51.0,51.5,8.266
1765484706.0604782,99,21,24,13,10,3.6768836975097656,50.5,51.5,8.608
1765484706.2615643,99,21,24,13,10,3.6768836975097656,50.5,51.5,8.608
1765484706.4625225,99,23,24,41,26,3.676006317138672,50.5,51.0,7.962
1765484706.6635623,99,23,24,41,26,3.676006317138672,50.5,51.0,7.962
1765484706.8654726,99,23,24,41,26,3.676006317138672,50.5,51.0,7.962
1765484707.0665011,9,24,22,18,27,3.6762123107910156,50.5,51.0,6.32
1765484707.2676747,9,24,22,18,27,3.6762123107910156,50.5,51.0,6.32
1765484707.4686794,99,36,40,26,33,3.6763572692871094,51.5,51.5,8.909
1765484707.6697567,99,36,40,26,33,3.6763572692871094,51.5,51.5,8.909
1765484707.8707771,99,36,40,26,33,3.6763572692871094,51.5,51.5,8.909
1765484708.0717285,99,24,20,24,37,3.6766433715820312,51.0,51.5,8.45
1765484708.2727299,99,24,20,24,37,3.6766433715820312,51.0,51.5,8.45
1765484708.4741647,61,16,21,20,18,3.6761245727539062,51.0,50.5,5.617
1765484708.6753669,61,16,21,20,18,3.6761245727539062,51.0,50.5,5.617
1765484708.8764005,61,16,21,20,18,3.6761245727539062,51.0,50.5,5.617
1765484709.0775237,99,35,56,27,28,3.6759490966796875,51.0,51.0,8.147
1765484709.278517,99,35,56,27,28,3.6759490966796875,51.0,51.0,8.147
1765484709.4797068,99,35,56,27,28,3.6759490966796875,51.0,51.0,8.147
1765484709.6880069,99,36,39,34,38,3.67742919921875,51.0,51.5,8.647
1765484709.889149,99,36,39,34,38,3.67742919921875,51.0,51.5,8.647
1765484710.090521,99,19,15,17,12,3.676055908203125,51.0,51.0,7.165
1765484710.2917018,99,19,15,17,12,3.676055908203125,51.0,51.0,7.165
1765484710.4926207,99,19,15,17,12,3.676055908203125,51.0,51.0,7.165
1765484710.6938212,99,25,54,30,38,3.6756439208984375,51.0,51.0,7.511
1765484710.8948648,99,25,54,30,38,3.6756439208984375,51.0,51.0,7.511
1765484711.096044,99,31,32,42,27,3.6761207580566406,51.0,52.0,8.042
1765484711.2971382,99,31,32,42,27,3.6761207580566406,51.0,52.0,8.042
1765484711.4983892,99,31,32,42,27,3.6761207580566406,51.0,52.0,8.042
1765484711.700053,99,17,22,18,18,3.6768722534179688,51.5,51.0,8.712
1765484711.901181,99,17,22,18,18,3.6768722534179688,51.5,51.0,8.712
1765484712.1022646,99,26,26,20,46,3.6759071350097656,51.0,51.0,7.511
1765484712.303416,99,26,26,20,46,3.6759071350097656,51.0,51.0,7.511
1765484712.5047727,99,26,26,20,46,3.6759071350097656,51.0,51.0,7.511
1765484712.7060893,99,31,20,28,28,3.6762657165527344,50.5,51.0,7.165
1765484712.9072502,99,31,20,28,28,3.6762657165527344,50.5,51.0,7.165
1765484713.108427,99,27,30,36,25,3.6763458251953125,51.5,51.5,8.305
1765484713.3095925,99,27,30,36,25,3.6763458251953125,51.5,51.5,8.305
1765484713.5107062,99,27,30,36,25,3.6763458251953125,51.5,51.5,8.305
1765484713.7117956,99,14,16,24,39,3.676464080810547,51.5,51.0,8.385
1765484713.912872,99,14,16,24,39,3.676464080810547,51.5,51.0,8.385
1765484714.1138563,99,18,14,22,15,3.676025390625,51.0,51.5,6.549
1765484714.3148992,99,18,14,22,15,3.676025390625,51.0,51.5,6.549
1765484714.5160315,99,18,14,22,15,3.676025390625,51.0,51.5,6.549
1765484714.7171369,99,26,34,27,42,3.6761398315429688,51.5,51.5,8.345
1765484714.918556,99,26,34,27,42,3.6761398315429688,51.5,51.5,8.345
1765484715.1196084,99,37,26,47,28,3.6765899658203125,51.5,52.0,8.712
1765484715.3206744,99,37,26,47,28,3.6765899658203125,51.5,52.0,8.712
1765484715.5217693,99,37,26,47,28,3.6765899658203125,51.5,52.0,8.712
1765484715.7250574,99,14,8,13,11,3.67633056640625,51.0,51.0,6.897
1765484715.9262574,99,14,8,13,11,3.67633056640625,51.0,51.0,6.897
1765484716.1274757,99,40,54,37,30,3.6761741638183594,51.5,51.0,7.511
1765484716.3286026,99,40,54,37,30,3.6761741638183594,51.5,51.0,7.511
1765484716.5299792,99,40,54,37,30,3.6761741638183594,51.5,51.0,7.511
1765484716.7312684,99,32,38,30,28,3.6763076782226562,51.5,52.5,8.002
1765484716.932429,99,32,38,30,28,3.6763076782226562,51.5,52.5,8.002
1765484717.1346834,99,17,19,14,15,3.6770248413085938,51.5,51.5,8.45
1765484717.3358617,99,17,19,14,15,3.6770248413085938,51.5,51.5,8.45
1765484717.537125,99,17,19,14,15,3.6770248413085938,51.5,51.5,8.45
1765484717.7385693,99,22,49,21,19,3.6762351989746094,51.5,51.5,7.511
1765484717.9397032,99,22,49,21,19,3.6762351989746094,51.5,51.5,7.511
1765484718.1414034,77,24,28,26,30,3.676799774169922,50.5,51.5,6.698
1765484718.3430328,77,24,28,26,30,3.676799774169922,50.5,51.5,6.698
1765484718.544278,77,24,28,26,30,3.676799774169922,50.5,51.5,6.698
1765484718.7462118,99,21,21,38,24,3.677051544189453,51.5,52.0,8.266
1765484718.948866,99,21,21,38,24,3.677051544189453,51.5,52.0,8.266
1765484719.149877,99,24,14,19,45,3.6791038513183594,51.0,51.5,8.147
1765484719.3511848,99,24,14,19,45,3.6791038513183594,51.0,51.5,8.147
1765484719.552476,99,24,14,19,45,3.6791038513183594,51.0,51.5,8.147
1765484719.753583,12,22,19,26,25,3.676959991455078,51.0,52.5,5.698
1765484719.954662,12,22,19,26,25,3.676959991455078,51.0,52.5,5.698
1765484720.1557627,12,22,19,26,25,3.676959991455078,51.0,52.5,5.698
1765484720.3569467,99,31,48,29,29,3.6774940490722656,52.0,52.0,8.002
1765484720.5724924,99,31,48,29,29,3.6774940490722656,52.0,52.0,8.002
1765484720.7734337,99,34,38,27,33,3.678272247314453,52.0,52.0,8.529
1765484720.9752464,99,34,38,27,33,3.678272247314453,52.0,52.0,8.529
1765484721.1762552,99,21,12,13,21,3.677143096923828,52.0,51.5,7.312
1765484721.377527,99,21,12,13,21,3.677143096923828,52.0,51.5,7.312
1765484721.5785794,99,21,12,13,21,3.677143096923828,52.0,51.5,7.312
1765484721.7795143,99,46,32,40,28,3.6776161193847656,52.0,52.0,7.816
1765484721.9826803,99,46,32,40,28,3.6776161193847656,52.0,52.0,7.816
1765484722.1840384,99,46,32,40,28,3.6776161193847656,52.0,52.0,7.816
1765484722.384982,99,34,29,27,34,3.6777381896972656,51.5,53.0,7.856
1765484722.5860615,99,34,29,27,34,3.6777381896972656,51.5,53.0,7.856
1765484722.7876818,99,14,18,26,20,3.6781387329101562,52.0,52.0,8.147
1765484722.9887888,99,14,18,26,20,3.6781387329101562,52.0,52.0,8.147
1765484723.1901555,99,14,18,26,20,3.6781387329101562,52.0,52.0,8.147
1765484723.3912396,99,20,24,22,45,3.6783447265625,52.0,52.0,8.16
1765484723.592341,99,20,24,22,45,3.6783447265625,52.0,52.0,8.16
1765484723.793508,99,15,18,23,23,3.6782150268554688,51.5,52.0,6.049
1765484723.9944768,99,15,18,23,23,3.6782150268554688,51.5,52.0,6.049
1765484724.1954935,99,15,18,23,23,3.6782150268554688,51.5,52.0,6.049
1765484724.3966186,99,42,25,31,28,3.677410125732422,52.5,52.5,8.633
1765484724.598049,99,42,25,31,28,3.677410125732422,52.5,52.5,8.633
1765484724.7997959,99,39,18,12,26,3.6775436401367188,52.0,52.5,8.266
1765484725.0058331,99,39,18,12,26,3.6775436401367188,52.0,52.5,8.266
1765484725.2067769,99,39,18,12,26,3.6775436401367188,52.0,52.5,8.266
1765484725.4078774,99,18,16,17,13,3.678142547607422,51.5,52.0,6.549
1765484725.6090121,99,18,16,17,13,3.678142547607422,51.5,52.0,6.549
1765484725.810171,99,50,33,26,29,3.6777610778808594,52.5,52.0,7.923
1765484726.0116446,99,50,33,26,29,3.6777610778808594,52.5,52.0,7.923
1765484726.2128513,99,50,33,26,29,3.6777610778808594,52.5,52.0,7.923
1765484726.4139075,99,33,23,38,24,3.6781463623046875,52.0,52.5,8.45
1765484726.6149957,99,33,23,38,24,3.6781463623046875,52.0,52.5,8.45
1765484726.8160703,99,22,16,10,16,3.6774749755859375,52.5,52.0,7.392
1765484727.0172548,99,22,16,10,16,3.6774749755859375,52.5,52.0,7.392
1765484727.2182045,99,22,16,10,16,3.6774749755859375,52.5,52.0,7.392
1765484727.4196048,99,36,45,37,40,3.677886962890625,52.0,52.0,8.002
1765484727.6204927,99,36,45,37,40,3.677886962890625,52.0,52.0,8.002
1765484727.821579,99,28,23,27,33,3.6780471801757812,52.5,53.5,7.856
1765484728.0226262,99,28,23,27,33,3.6780471801757812,52.5,53.5,7.856
1765484728.2240617,99,28,23,27,33,3.6780471801757812,52.5,53.5,7.856
1765484728.425087,99,10,10,30,15,3.6785202026367188,52.5,53.5,8.042
1765484728.626269,99,10,10,30,15,3.6785202026367188,52.5,53.5,8.042
1765484728.8278675,99,25,30,24,51,3.6778526306152344,52.5,52.5,8.042
1765484729.0291646,99,25,30,24,51,3.6778526306152344,52.5,52.5,8.042
1765484729.230347,99,25,30,24,51,3.6778526306152344,52.5,52.5,8.042
1765484729.4314442,99,18,20,16,28,3.6778526306152344,52.0,52.0,6.778
1765484729.6325228,99,18,20,16,28,3.6778526306152344,52.0,52.0,6.778
1765484729.8334672,99,32,28,30,39,3.6783599853515625,52.5,53.0,8.909
1765484730.0344992,99,32,28,30,39,3.6783599853515625,52.5,53.0,8.909
1765484730.2356184,99,32,28,30,39,3.6783599853515625,52.5,53.0,8.909
1765484730.4373105,99,44,16,16,25,3.6776771545410156,52.5,52.5,7.962
1765484730.6383739,99,44,16,16,25,3.6776771545410156,52.5,52.5,7.962
1765484730.839517,99,20,27,20,18,3.6776275634765625,52.5,52.0,6.778
1765484731.041037,99,20,27,20,18,3.6776275634765625,52.5,52.0,6.778
1765484731.2422023,99,20,27,20,18,3.6776275634765625,52.5,52.0,6.778
1765484731.4433045,99,29,30,42,31,3.6780242919921875,52.5,52.5,8.002
1765484731.6443446,99,29,30,42,31,3.6780242919921875,52.5,52.5,8.002
1765484731.8454998,99,26,31,28,26,3.6783523559570312,52.5,53.0,8.489
1765484732.0464804,99,26,31,28,26,3.6783523559570312,52.5,53.0,8.489
1765484732.247659,99,26,31,28,26,3.6783523559570312,52.5,53.0,8.489
1765484732.4485438,99,16,21,17,22,3.6779937744140625,52.5,53.0,7.737
1765484732.6496534,99,16,21,17,22,3.6779937744140625,52.5,53.0,7.737
1765484732.8505757,99,40,46,38,28,3.6774139404296875,52.5,52.5,7.856
1765484733.051648,99,40,46,38,28,3.6774139404296875,52.5,52.5,7.856
1765484733.252602,99,40,46,38,28,3.6774139404296875,52.5,52.5,7.856
1765484733.4536698,99,30,30,26,28,3.677906036376953,52.5,53.5,8.266
1765484733.6547697,99,30,30,26,28,3.677906036376953,52.5,53.5,8.266
1765484733.8559895,99,30,30,26,28,3.677906036376953,52.5,53.5,8.266
1765484734.0571644,99,17,10,10,22,3.6779823303222656,53.0,52.5,8.187
1765484734.2582972,99,17,10,10,22,3.6779823303222656,53.0,52.5,8.187
1765484734.459432,99,28,30,26,48,3.6776390075683594,52.5,53.5,7.618
1765484734.6607394,99,28,30,26,48,3.6776390075683594,52.5,53.5,7.618
1765484734.8689177,99,28,30,26,48,3.6776390075683594,52.5,53.5,7.618
1765484735.0700715,47,19,23,23,27,3.6777877807617188,52.5,52.5,6.4
1765484735.2712522,47,19,23,23,27,3.6777877807617188,52.5,52.5,6.4
1765484735.4724226,99,28,27,41,22,3.6786270141601562,53.0,53.0,9.092
1765484735.6734836,99,28,27,41,22,3.6786270141601562,53.0,53.0,9.092
1765484735.874576,99,28,27,41,22,3.6786270141601562,53.0,53.0,9.092
1765484736.07577,99,20,18,45,12,3.6785202026367188,52.5,53.0,8.042
1765484736.2771642,99,20,18,45,12,3.6785202026367188,52.5,53.0,8.042
1765484736.4783874,36,16,18,27,20,3.677867889404297,52.0,52.0,5.929
1765484736.6794705,36,16,18,27,20,3.677867889404297,52.0,52.0,5.929
1765484736.8806024,36,16,18,27,20,3.677867889404297,52.0,52.0,5.929
1765484737.0815814,99,27,33,26,46,3.6781349182128906,53.0,53.0,8.305
1765484737.282703,99,27,33,26,46,3.6781349182128906,53.0,53.0,8.305
1765484737.4838078,99,32,28,32,26,3.678936004638672,52.5,53.0,8.529
1765484737.6849725,99,32,28,32,26,3.678936004638672,52.5,53.0,8.529
1765484737.8860626,99,32,28,32,26,3.678936004638672,52.5,53.0,8.529
1765484738.087326,99,18,19,12,16,3.6787872314453125,52.5,53.0,7.312
1765484738.2886899,99,18,19,12,16,3.6787872314453125,52.5,53.0,7.312
1765484738.4898696,99,33,31,55,39,3.6784133911132812,53.0,53.0,7.843
1765484738.6909742,99,33,31,55,39,3.6784133911132812,53.0,53.0,7.843
1765484738.8923383,99,33,31,55,39,3.6784133911132812,53.0,53.0,7.843
1765484739.0934567,99,29,28,28,31,3.6788864135742188,53.0,53.5,8.647
1765484739.2945879,99,29,28,28,31,3.6788864135742188,53.0,53.5,8.647
1765484739.4956386,99,20,16,23,10,3.6789474487304688,53.0,53.0,8.042
1765484739.6969383,99,20,16,23,10,3.6789474487304688,53.0,53.0,8.042
1765484739.8980203,99,20,16,23,10,3.6789474487304688,53.0,53.0,8.042
1765484740.0991037,99,42,38,51,34,3.678813934326172,53.0,53.0,7.816
1765484740.3002899,99,42,38,51,34,3.678813934326172,53.0,53.0,7.816
1765484740.5014117,92,24,20,22,35,3.6788978576660156,52.5,53.5,6.818
1765484740.702526,92,24,20,22,35,3.6788978576660156,52.5,53.5,6.818
1765484740.9037557,92,24,20,22,35,3.6788978576660156,52.5,53.5,6.818
1765484741.1052785,99,36,16,25,18,3.6790199279785156,53.0,53.0,8.633
1765484741.3063688,99,36,16,25,18,3.6790199279785156,53.0,53.0,8.633
1765484741.5072062,99,26,44,21,16,3.6791305541992188,53.0,53.5,8.081
1765484741.7083275,99,26,44,21,16,3.6791305541992188,53.0,53.5,8.081
1765484741.909264,99,26,44,21,16,3.6791305541992188,53.0,53.5,8.081
1765484742.1102512,70,25,24,24,20,3.6790237426757812,52.5,53.5,6.698
1765484742.3113816,70,25,24,24,20,3.6790237426757812,52.5,53.5,6.698
1765484742.5125453,99,23,29,27,47,3.6791419982910156,53.0,53.5,8.568
1765484742.7134914,99,23,29,27,47,3.6791419982910156,53.0,53.5,8.568
1765484742.9145217,99,23,29,27,47,3.6791419982910156,53.0,53.5,8.568
1765484743.1157916,99,20,40,30,24,3.679615020751953,53.0,53.5,8.608
1765484743.317198,99,20,40,30,24,3.679615020751953,53.0,53.5,8.608
1765484743.5180929,99,12,12,12,14,3.679065704345703,53.0,53.0,7.085
1765484743.719083,99,12,12,12,14,3.679065704345703,53.0,53.0,7.085
1765484743.9201488,99,12,12,12,14,3.679065704345703,53.0,53.0,7.085
1765484744.1211293,99,38,42,38,32,3.678295135498047,53.0,53.5,7.816
1765484744.3222055,99,38,42,38,32,3.678295135498047,53.0,53.5,7.816
1765484744.5234182,99,38,42,38,32,3.678295135498047,53.0,53.5,7.816
1765484744.7248414,99,30,31,26,36,3.6791954040527344,53.0,54.0,8.489
1765484744.925949,99,30,31,26,36,3.6791954040527344,53.0,54.0,8.489
1765484745.1271389,99,14,17,13,18,3.6785888671875,53.5,53.0,7.658
1765484745.3282788,99,14,17,13,18,3.6785888671875,53.5,53.0,7.658
1765484745.5292888,99,14,17,13,18,3.6785888671875,53.5,53.0,7.658
1765484745.7303815,99,50,35,40,34,3.678325653076172,53.0,53.5,8.042
1765484745.9316015,99,50,35,40,34,3.678325653076172,53.0,53.5,8.042
1765484746.1328063,99,26,35,29,24,3.678821563720703,53.0,54.0,7.962
1765484746.333792,99,26,35,29,24,3.678821563720703,53.0,54.0,7.962
1765484746.5349474,99,26,35,29,24,3.678821563720703,53.0,54.0,7.962
1765484746.736062,99,21,21,24,14,3.6801109313964844,53.5,54.0,8.41
1765484746.9371202,99,21,21,24,14,3.6801109313964844,53.5,54.0,8.41
1765484747.1381993,99,28,20,27,35,3.6792373657226562,53.0,53.5,7.883
1765484747.3395581,99,28,20,27,35,3.6792373657226562,53.0,53.5,7.883
1765484747.5405583,99,28,20,27,35,3.6792373657226562,53.0,53.5,7.883
1765484747.741488,32,22,31,21,14,3.6791763305664062,52.5,53.0,6.049
1765484747.942544,32,22,31,21,14,3.6791763305664062,52.5,53.0,6.049
1765484748.1436903,99,33,32,22,43,3.678966522216797,53.5,53.5,8.345
1765484748.3445075,99,33,32,22,43,3.678966522216797,53.5,53.5,8.345
1765484748.545676,99,33,32,22,43,3.678966522216797,53.5,53.5,8.345
1765484748.746728,99,18,40,21,26,3.6793174743652344,53.5,54.0,8.489
1765484748.947828,99,18,40,21,26,3.6793174743652344,53.5,54.0,8.489
1765484749.1488965,99,18,16,15,17,3.6789512634277344,53.0,53.5,6.169
1765484749.3501117,99,18,16,15,17,3.6789512634277344,53.0,53.5,6.169
1765484749.551264,99,18,16,15,17,3.6789512634277344,53.0,53.5,6.169
1765484749.7524922,99,34,52,32,36,3.678699493408203,53.5,54.0,8.2
1765484749.9535434,99,34,52,32,36,3.678699493408203,53.5,54.0,8.2
1765484750.1547613,99,31,22,35,35,3.6798553466796875,53.5,54.0,8.647
1765484750.3560705,99,31,22,35,35,3.6798553466796875,53.5,54.0,8.647
1765484750.5571878,99,31,22,35,35,3.6798553466796875,53.5,54.0,8.647
1765484750.7582564,99,24,11,14,16,3.6789283752441406,53.5,53.5,7.511
1765484750.959324,99,24,11,14,16,3.6789283752441406,53.5,53.5,7.511
1765484751.1603913,99,30,56,42,30,3.6791725158691406,54.0,53.5,7.923
1765484751.3615258,99,30,56,42,30,3.6791725158691406,54.0,53.5,7.923
1765484751.5625412,99,30,56,42,30,3.6791725158691406,54.0,53.5,7.923
1765484751.7636752,99,29,22,26,38,3.6796340942382812,53.5,54.5,7.697
1765484751.9648094,99,29,22,26,38,3.6796340942382812,53.5,54.5,7.697
1765484752.1659992,99,16,13,15,27,3.679443359375,53.5,54.0,8.147
1765484752.3695674,99,16,13,15,27,3.679443359375,53.5,54.0,8.147
1765484752.5706222,99,16,13,15,27,3.679443359375,53.5,54.0,8.147
1765484752.7718136,99,22,45,25,28,3.6786575317382812,53.5,53.5,8.068
1765484752.9731295,99,22,45,25,28,3.6786575317382812,53.5,53.5,8.068
1765484753.1745102,99,21,27,16,24,3.6790428161621094,53.0,53.5,6.818
1765484753.3761597,99,21,27,16,24,3.6790428161621094,53.0,53.5,6.818
1765484753.577367,99,21,27,16,24,3.6790428161621094,53.0,53.5,6.818
1765484753.7784717,99,24,28,32,44,3.6790122985839844,54.0,54.0,8.45
1765484753.9795585,99,24,28,32,44,3.6790122985839844,54.0,54.0,8.45
1765484754.1813996,99,26,36,12,24,3.6795883178710938,53.5,53.5,8.147
1765484754.3823764,99,26,36,12,24,3.6795883178710938,53.5,53.5,8.147
1765484754.5837429,99,26,36,12,24,3.6795883178710938,53.5,53.5,8.147
1765484754.7856688,99,19,18,18,12,3.679424285888672,54.0,54.0,6.829
1765484754.9868162,99,19,18,18,12,3.679424285888672,54.0,54.0,6.829
1765484755.188073,99,40,27,26,53,3.679290771484375,54.0,54.0,7.923
1765484755.389016,99,40,27,26,53,3.679290771484375,54.0,54.0,7.923
1765484755.590274,99,40,27,26,53,3.679290771484375,54.0,54.0,7.923
1765484755.791641,99,28,33,36,26,3.6798095703125,54.0,54.5,8.45
1765484755.992799,99,28,33,36,26,3.6798095703125,54.0,54.5,8.45
1765484756.1937985,99,28,33,36,26,3.6798095703125,54.0,54.5,8.45
1765484756.3952086,99,18,20,23,16,3.6796035766601562,54.0,54.0,7.471
1765484756.5965261,99,18,20,23,16,3.6796035766601562,54.0,54.0,7.471
1765484756.7976491,99,36,30,50,35,3.679729461669922,54.5,54.0,7.777
1765484756.9987113,99,36,30,50,35,3.679729461669922,54.5,54.0,7.777
1765484757.2011647,99,36,30,50,35,3.679729461669922,54.5,54.0,7.777
1765484757.402179,99,27,28,31,34,3.679920196533203,54.0,55.0,7.962
1765484757.6032643,99,27,28,31,34,3.679920196533203,54.0,55.0,7.962
1765484757.8044193,99,16,13,28,19,3.680377960205078,54.0,54.5,8.187
1765484758.0055473,99,16,13,28,19,3.680377960205078,54.0,54.5,8.187
1765484758.2068193,99,16,13,28,19,3.680377960205078,54.0,54.5,8.187
1765484758.4077678,99,31,48,25,18,3.679889678955078,54.0,54.0,8.187
1765484758.608845,99,31,48,25,18,3.679889678955078,54.0,54.0,8.187
1765484758.8101075,99,20,26,25,18,3.6794586181640625,53.5,54.0,6.48
1765484759.0111053,99,20,26,25,18,3.6794586181640625,53.5,54.0,6.48
1765484759.2122538,99,20,26,25,18,3.6794586181640625,53.5,54.0,6.48
1765484759.4133024,99,31,25,52,26,3.6796531677246094,54.5,54.5,8.83
1765484759.614497,99,31,25,52,26,3.6796531677246094,54.5,54.5,8.83
1765484759.8155608,99,16,42,14,22,3.67938232421875,54.0,54.5,8.002
1765484760.016879,99,16,42,14,22,3.67938232421875,54.0,54.5,8.002
1765484760.2179508,99,16,42,14,22,3.67938232421875,54.0,54.5,8.002
1765484760.4193413,99,22,21,21,25,3.6793746948242188,54.0,54.0,6.48
1765484760.6209996,99,22,21,21,25,3.6793746948242188,54.0,54.0,6.48
1765484760.8222544,99,30,26,26,56,3.6794662475585938,54.5,54.5,8.042
1765484761.0233395,99,30,26,26,56,3.6794662475585938,54.5,54.5,8.042
1765484761.224571,99,30,26,26,56,3.6794662475585938,54.5,54.5,8.042
1765484761.426001,99,30,31,25,28,3.6798858642578125,54.5,55.0,8.647
1765484761.6271574,99,30,31,25,28,3.6798858642578125,54.5,55.0,8.647
1765484761.8281717,99,20,17,15,14,3.679485321044922,54.0,54.0,7.352
1765484762.029477,99,20,17,15,14,3.679485321044922,54.0,54.0,7.352
1765484762.2304583,99,20,17,15,14,3.679485321044922,54.0,54.0,7.352
1765484762.4318724,99,38,36,54,36,3.6791610717773438,54.5,54.5,8.121
1765484762.6328628,99,38,36,54,36,3.6791610717773438,54.5,54.5,8.121
1765484762.8342073,99,28,20,36,32,3.679309844970703,54.0,56.0,8.121
1765484763.035147,99,28,20,36,32,3.679309844970703,54.0,56.0,8.121
1765484763.2362266,99,28,20,36,32,3.679309844970703,54.0,56.0,8.121
1765484763.437272,99,11,11,6,26,3.6797027587890625,54.5,54.5,8.042
1765484763.6383684,99,11,11,6,26,3.6797027587890625,54.5,54.5,8.042
1765484763.839422,99,28,22,24,54,3.6795082092285156,54.5,54.0,7.816
1765484764.0406935,99,28,22,24,54,3.6795082092285156,54.5,54.0,7.816
1765484764.241598,99,28,22,24,54,3.6795082092285156,54.5,54.0,7.816
1765484764.4426978,99,26,26,22,19,3.67962646484375,54.0,54.0,6.629
1765484764.6440203,99,26,26,22,19,3.67962646484375,54.0,54.0,6.629
1765484764.8451283,99,26,20,48,30,3.6801910400390625,55.0,55.0,9.092
1765484765.0460293,99,26,20,48,30,3.6801910400390625,55.0,55.0,9.092
1765484765.2471595,99,26,20,48,30,3.6801910400390625,55.0,55.0,9.092
1765484765.4483223,99,16,14,36,17,3.679309844970703,54.5,54.0,7.962
1765484765.6496882,99,16,14,36,17,3.679309844970703,54.5,54.0,7.962
1765484765.8508039,99,26,20,18,19,3.6793899536132812,54.5,54.5,6.669
1765484766.0523024,99,26,20,18,19,3.6793899536132812,54.5,54.5,6.669
1765484766.2533028,99,26,20,18,19,3.6793899536132812,54.5,54.5,6.669
1765484766.454425,99,32,28,56,32,3.679798126220703,54.5,54.5,8.226
1765484766.6553948,99,32,28,56,32,3.679798126220703,54.5,54.5,8.226
1765484766.856677,99,32,28,56,32,3.679798126220703,54.5,54.5,8.226
1765484767.0577016,99,26,17,28,34,3.680225372314453,54.5,55.0,8.45
1765484767.2614312,99,26,17,28,34,3.680225372314453,54.5,55.0,8.45
1765484767.463857,99,26,30,22,20,3.6793174743652344,54.5,54.5,7.777
1765484767.665427,99,26,30,22,20,3.6793174743652344,54.5,54.5,7.777
1765484767.8671443,99,54,40,33,44,3.6789207458496094,54.5,54.5,8.081
1765484768.0683908,99,54,40,33,44,3.6789207458496094,54.5,54.5,8.081
1765484768.2694676,99,54,40,33,44,3.6789207458496094,54.5,54.5,8.081
1765484768.4706378,99,32,22,30,25,3.6798095703125,54.5,56.0,8.108
1765484768.6716514,99,32,22,30,25,3.6798095703125,54.5,56.0,8.108
1765484768.872796,99,32,22,30,25,3.6798095703125,54.5,56.0,8.108
1765484769.0740664,99,16,30,12,11,3.6796035766601562,55.0,54.5,8.108
1765484769.2752059,99,16,30,12,11,3.6796035766601562,55.0,54.5,8.108
1765484769.476228,99,47,27,26,28,3.6792831420898438,55.0,54.5,7.923
1765484769.6773186,99,47,27,26,28,3.6792831420898438,55.0,54.5,7.923
1765484769.8782563,99,47,27,26,28,3.6792831420898438,55.0,54.5,7.923
1765484770.079397,42,32,25,24,26,3.679553985595703,54.5,54.5,6.089
1765484770.2805092,42,32,25,24,26,3.679553985595703,54.5,54.5,6.089
1765484770.4817395,99,44,22,28,25,3.680248260498047,55.0,55.0,8.934
1765484770.682827,99,44,22,28,25,3.680248260498047,55.0,55.0,8.934
1765484770.8838575,99,44,22,28,25,3.680248260498047,55.0,55.0,8.934
1765484771.0851092,99,25,21,19,42,3.67913818359375,55.0,55.0,8.226
1765484771.286248,99,25,21,19,42,3.67913818359375,55.0,55.0,8.226
1765484771.4872658,45,18,18,23,19,3.67913818359375,54.5,54.5,5.858
1765484771.6886847,45,18,18,23,19,3.67913818359375,54.5,54.5,5.858
1765484771.8896878,45,18,18,23,19,3.67913818359375,54.5,54.5,5.858
1765484772.0908127,99,34,34,50,26,3.6796417236328125,55.5,54.5,8.385
1765484772.2918842,99,34,34,50,26,3.6796417236328125,55.5,54.5,8.385
1765484772.4933228,99,24,22,34,36,3.6814231872558594,55.0,55.0,8.424
1765484772.6944084,99,24,22,34,36,3.6814231872558594,55.0,55.0,8.424
1765484772.8954258,99,24,22,34,36,3.6814231872558594,55.0,55.0,8.424
1765484773.0967805,99,26,20,17,14,3.6810226440429688,55.0,54.5,7.777
1765484773.2979124,99,26,20,17,14,3.6810226440429688,55.0,54.5,7.777
1765484773.4989655,99,36,32,47,34,3.6810531616210938,55.0,55.0,7.816
1765484773.7002056,99,36,32,47,34,3.6810531616210938,55.0,55.0,7.816
1765484773.9012718,99,36,32,47,34,3.6810531616210938,55.0,55.0,7.816
1765484774.1023703,99,27,34,35,27,3.680908203125,54.5,55.5,8.266
1765484774.3034658,99,27,34,35,27,3.680908203125,54.5,55.5,8.266
1765484774.5049624,99,8,10,9,23,3.681049346923828,55.0,54.5,7.962
1765484774.7060149,99,8,10,9,23,3.681049346923828,55.0,54.5,7.962
1765484774.907266,99,8,10,9,23,3.681049346923828,55.0,54.5,7.962
1765484775.108529,99,31,49,26,28,3.6810951232910156,55.5,55.0,7.923
1765484775.3096387,99,31,49,26,28,3.6810951232910156,55.5,55.0,7.923
1765484775.5107856,89,22,23,22,26,3.681529998779297,54.5,54.5,6.589
1765484775.7124321,89,22,23,22,26,3.681529998779297,54.5,54.5,6.589
1765484775.9135003,89,22,23,22,26,3.681529998779297,54.5,54.5,6.589
1765484776.1144912,99,30,43,30,20,3.6818275451660156,55.5,55.0,8.909
1765484776.3156114,99,30,43,30,20,3.6818275451660156,55.5,55.0,8.909
1765484776.5167296,99,30,43,30,20,3.6818275451660156,55.5,55.0,8.909
1765484776.717859,99,28,16,37,18,3.6816482543945312,55.0,54.5,7.962
1765484776.9190476,99,28,16,37,18,3.6816482543945312,55.0,54.5,7.962
1765484777.120351,99,18,18,18,19,3.6817283630371094,54.5,54.5,6.629
1765484777.3215582,99,18,18,18,19,3.6817283630371094,54.5,54.5,6.629
1765484777.5237398,99,18,18,18,19,3.6817283630371094,54.5,54.5,6.629
1765484777.7248507,99,35,31,31,47,3.6815223693847656,55.5,55.0,8.345
1765484777.92588,99,35,31,31,47,3.6815223693847656,55.5,55.0,8.345
1765484778.1270938,99,24,23,34,18,3.682025909423828,55.5,55.0,8.371
1765484778.328252,99,24,23,34,18,3.682025909423828,55.5,55.0,8.371
1765484778.529369,99,24,23,34,18,3.682025909423828,55.5,55.0,8.371
1765484778.733045,99,22,16,27,16,3.681354522705078,55.5,55.0,7.737
1765484778.9340854,99,22,16,27,16,3.681354522705078,55.5,55.0,7.737
1765484779.1351852,99,34,32,44,44,3.680927276611328,55.5,55.0,7.962
1765484779.3364706,99,34,32,44,44,3.680927276611328,55.5,55.0,7.962
1765484779.5375948,99,34,32,44,44,3.680927276611328,55.5,55.0,7.962
1765484779.7390783,99,30,26,28,31,3.681354522705078,55.0,56.5,8.187
1765484779.9402032,99,30,26,28,31,3.681354522705078,55.0,56.5,8.187
1765484780.1412382,99,31,15,13,17,3.6811294555664062,55.0,55.0,7.843
1765484780.3425333,99,31,15,13,17,3.6811294555664062,55.0,55.0,7.843
1765484780.5436864,99,31,15,13,17,3.6811294555664062,55.0,55.0,7.843
1765484780.7448013,99,28,29,45,30,3.6811752319335938,55.0,55.5,8.108
1765484780.9458482,99,28,29,45,30,3.6811752319335938,55.0,55.5,8.108
1765484781.1470826,95,25,18,27,23,3.681079864501953,55.5,55.0,6.36
1765484781.348182,95,25,18,27,23,3.681079864501953,55.5,55.0,6.36
1765484781.5494325,95,25,18,27,23,3.681079864501953,55.5,55.0,6.36
1765484781.7505143,99,30,23,40,19,3.6821250915527344,55.5,56.0,8.673
1765484781.951679,99,30,23,40,19,3.6821250915527344,55.5,56.0,8.673
1765484782.1526394,99,43,21,19,26,3.6815032958984375,55.5,55.5,8.042
1765484782.3536167,99,43,21,19,26,3.6815032958984375,55.5,55.5,8.042
1765484782.554581,99,43,21,19,26,3.6815032958984375,55.5,55.5,8.042
1765484782.7556722,99,25,20,12,19,3.681049346923828,55.0,55.0,6.28
1765484782.9566665,99,25,20,12,19,3.681049346923828,55.0,55.0,6.28
1765484783.1579454,99,28,29,55,30,3.6815834045410156,55.5,55.5,8.41
1765484783.359239,99,28,29,55,30,3.6815834045410156,55.5,55.5,8.41
1765484783.5651758,99,28,29,55,30,3.6815834045410156,55.5,55.5,8.41
1765484783.7661917,99,34,18,25,46,3.6737747192382812,55.0,56.0,8.529
1765484783.967458,99,34,18,25,46,3.6737747192382812,55.0,56.0,8.529
1765484784.1690512,99,17,23,14,18,3.6732940673828125,55.0,55.0,7.697
1765484784.3702452,99,17,23,14,18,3.6732940673828125,55.0,55.0,7.697
1765484784.5714831,99,17,23,14,18,3.6732940673828125,55.0,55.0,7.697
1765484784.7726688,99,45,41,40,38,3.672821044921875,55.5,55.5,8.081
1765484784.9736784,99,45,41,40,38,3.672821044921875,55.5,55.5,8.081
1765484785.1783402,99,45,41,40,38,3.672821044921875,55.5,55.5,8.081
1765484785.3794546,99,31,27,29,30,3.673015594482422,55.0,56.5,8.16
1765484785.5806112,99,31,27,29,30,3.673015594482422,55.0,56.5,8.16
1765484785.781759,99,10,21,14,9,3.67242431640625,55.5,55.5,7.883
1765484785.983202,99,10,21,14,9,3.67242431640625,55.5,55.5,7.883
1765484786.1846187,99,10,21,14,9,3.67242431640625,55.5,55.5,7.883
1765484786.3859153,99,37,27,21,52,3.672405242919922,55.5,56.0,7.697
1765484786.5868902,99,37,27,21,52,3.672405242919922,55.5,56.0,7.697
1765484786.788143,26,26,30,17,32,3.6735267639160156,55.5,55.5,6.349
1765484786.9894745,26,26,30,17,32,3.6735267639160156,55.5,55.5,6.349
1765484787.1907756,26,26,30,17,32,3.6735267639160156,55.5,55.5,6.349
1765484787.391859,99,19,43,20,25,3.6739158630371094,56.0,56.0,8.895
1765484787.5931416,99,19,43,20,25,3.6739158630371094,56.0,56.0,8.895
1765484787.794512,99,48,16,21,22,3.6733016967773438,55.5,56.0,8.187
1765484787.9957707,99,48,16,21,22,3.6733016967773438,55.5,56.0,8.187
1765484788.1971369,99,48,16,21,22,3.6733016967773438,55.5,56.0,8.187
1765484788.3983777,29,23,17,18,22,3.6737937927246094,55.0,56.0,5.778
1765484788.5995739,29,23,17,18,22,3.6737937927246094,55.0,56.0,5.778
1765484788.800641,99,52,29,27,28,3.6734580993652344,56.0,56.0,8.608
1765484789.0020125,99,52,29,27,28,3.6734580993652344,56.0,56.0,8.608
1765484789.203219,99,52,29,27,28,3.6734580993652344,56.0,56.0,8.608
1765484789.4043758,99,45,19,20,24,3.6742782592773438,55.5,56.0,8.266
1765484789.6056159,99,45,19,20,24,3.6742782592773438,55.5,56.0,8.266
1765484789.8067565,99,17,14,19,12,3.673412322998047,55.5,55.5,7.312
1765484790.0080845,99,17,14,19,12,3.673412322998047,55.5,55.5,7.312
1765484790.2093382,99,17,14,19,12,3.673412322998047,55.5,55.5,7.312
1765484790.410494,99,34,36,42,49,3.673309326171875,56.5,56.0,7.578
1765484790.6116946,99,34,36,42,49,3.673309326171875,56.5,56.0,7.578
1765484790.8127944,99,28,24,30,38,3.6734085083007812,56.0,56.5,8.45
1765484791.013985,99,28,24,30,38,3.6734085083007812,56.0,56.5,8.45
1765484791.2152147,99,28,24,30,38,3.6734085083007812,56.0,56.5,8.45
1765484791.4164135,99,14,28,12,14,3.6727523803710938,55.5,56.0,8.147
1765484791.617625,99,14,28,12,14,3.6727523803710938,55.5,56.0,8.147
1765484791.8186202,99,38,46,31,25,3.673053741455078,56.0,56.0,7.843
1765484792.0198529,99,38,46,31,25,3.673053741455078,56.0,56.0,7.843
1765484792.2211177,99,38,46,31,25,3.673053741455078,56.0,56.0,7.843
1765484792.4222462,99,25,28,18,33,3.6724815368652344,55.0,57.0,7.273
1765484792.623322,99,25,28,18,33,3.6724815368652344,55.0,57.0,7.273
1765484792.8248107,99,37,22,21,21,3.673919677734375,56.0,56.5,8.752
1765484793.0259717,99,37,22,21,21,3.673919677734375,56.0,56.5,8.752
1765484793.2270696,99,37,22,21,21,3.673919677734375,56.0,56.5,8.752
1765484793.4282997,99,33,25,28,49,3.6725234985351562,56.0,56.0,8.345
1765484793.6294906,99,33,25,28,49,3.6725234985351562,56.0,56.0,8.345
1765484793.8308768,99,23,20,19,28,3.6725540161132812,55.5,56.0,6.429
1765484794.0321715,99,23,20,19,28,3.6725540161132812,55.5,56.0,6.429
1765484794.233308,99,23,20,19,28,3.6725540161132812,55.5,56.0,6.429
1765484794.4346268,99,38,46,25,17,3.6728172302246094,56.0,56.0,8.791
1765484794.637963,99,38,46,25,17,3.6728172302246094,56.0,56.0,8.791
1765484794.839498,99,46,42,38,51,3.6728439331054688,56.0,57.0,9.313
1765484795.0407653,99,46,42,38,51,3.6728439331054688,56.0,57.0,9.313
1765484795.242003,99,46,42,38,51,3.6728439331054688,56.0,57.0,9.313
1765484795.443281,99,37,26,31,39,3.6697769165039062,56.0,56.5,8.002
1765484795.6445196,99,37,26,31,39,3.6697769165039062,56.0,56.5,8.002
1765484795.845856,99,48,48,35,48,3.670398712158203,56.0,56.0,7.658
1765484796.0470603,99,48,48,35,48,3.670398712158203,56.0,56.0,7.658
1765484796.2483454,99,48,48,35,48,3.670398712158203,56.0,56.0,7.658
1765484796.4498348,99,31,26,37,31,3.6708297729492188,56.0,56.5,8.385
1765484796.6509748,99,31,26,37,31,3.6708297729492188,56.0,56.5,8.385
1765484796.852698,99,16,19,21,12,3.6702232360839844,56.5,56.5,8.266
1765484797.056209,99,16,19,21,12,3.6702232360839844,56.5,56.5,8.266
1765484797.257426,99,16,19,21,12,3.6702232360839844,56.5,56.5,8.266
1765484797.4617198,99,36,31,27,45,3.6700363159179688,56.5,56.0,7.658
1765484797.6629274,99,36,31,27,45,3.6700363159179688,56.5,56.0,7.658
1765484797.8649447,99,36,31,27,45,3.6700363159179688,56.5,56.0,7.658
1765484798.0667942,99,31,26,20,24,3.669849395751953,55.5,56.5,7.352
1765484798.2682137,99,31,26,20,24,3.669849395751953,55.5,56.5,7.352
1765484798.4692886,99,38,26,18,18,3.671062469482422,56.5,56.5,8.83
1765484798.6704483,99,38,26,18,18,3.671062469482422,56.5,56.5,8.83
1765484798.8715634,99,38,26,18,18,3.671062469482422,56.5,56.5,8.83
1765484799.0728827,99,22,16,40,26,3.670642852783203,56.5,56.5,8.187
1765484799.2739913,99,22,16,40,26,3.670642852783203,56.5,56.5,8.187
1765484799.4756112,23,21,22,25,14,3.6704978942871094,56.0,56.5,6.389
1765484799.6765044,23,21,22,25,14,3.6704978942871094,56.0,56.5,6.389
1765484799.8776622,23,21,22,25,14,3.6704978942871094,56.0,56.5,6.389
1765484800.0789258,99,34,37,52,34,3.6711349487304688,57.0,57.0,9.17
1765484800.2802885,99,34,37,52,34,3.6711349487304688,57.0,57.0,9.17
1765484800.4813387,99,19,16,23,37,3.67022705078125,56.0,56.5,8.002
1765484800.682485,99,19,16,23,37,3.67022705078125,56.0,56.5,8.002
1765484800.883556,99,19,16,23,37,3.67022705078125,56.0,56.5,8.002
1765484801.0847235,99,22,18,18,20,3.6704635620117188,56.5,56.0,7.097
1765484801.2858353,99,22,18,18,20,3.6704635620117188,56.5,56.0,7.097
1765484801.4869318,99,50,34,34,22,3.6702842712402344,56.5,56.5,7.618
1765484801.6880815,99,50,34,34,22,3.6702842712402344,56.5,56.5,7.618
1765484801.889691,99,50,34,34,22,3.6702842712402344,56.5,56.5,7.618
1765484802.0911558,99,27,34,30,23,3.6709251403808594,56.5,57.0,8.266
1765484802.2923927,99,27,34,30,23,3.6709251403808594,56.5,57.0,8.266
1765484802.4935617,99,24,20,25,12,3.6704940795898438,57.0,56.5,7.962
1765484802.6946182,99,24,20,25,12,3.6704940795898438,57.0,56.5,7.962
1765484802.8960502,99,24,20,25,12,3.6704940795898438,57.0,56.5,7.962
1765484803.097267,99,30,47,33,27,3.670856475830078,56.5,57.0,8.608
1765484803.2984512,99,30,47,33,27,3.670856475830078,56.5,57.0,8.608
1765484803.4997666,99,25,17,22,12,3.6712875366210938,56.0,57.0,6.738
1765484803.7011101,99,25,17,22,12,3.6712875366210938,56.0,57.0,6.738
1765484803.90228,99,25,17,22,12,3.6712875366210938,56.0,57.0,6.738
1765484804.1034863,99,45,14,14,22,3.672069549560547,57.0,57.0,8.83
1765484804.3048077,99,45,14,14,22,3.672069549560547,57.0,57.0,8.83
1765484804.5059361,99,26,30,51,23,3.6710472106933594,56.5,56.5,7.962
1765484804.707337,99,26,30,51,23,3.6710472106933594,56.5,56.5,7.962
1765484804.9084642,99,26,30,51,23,3.6710472106933594,56.5,56.5,7.962
1765484805.10976,99,23,20,20,16,3.671314239501953,56.5,56.5,7.205
1765484805.3112047,99,23,20,20,16,3.671314239501953,56.5,56.5,7.205
1765484805.5125606,99,42,32,38,22,3.671459197998047,56.5,57.5,8.568
1765484805.7137167,99,42,32,38,22,3.671459197998047,56.5,57.5,8.568
1765484805.9149125,99,42,32,38,22,3.671459197998047,56.5,57.5,8.568
1765484806.1161592,99,34,18,25,19,3.671192169189453,56.5,57.0,7.883
1765484806.3173966,99,34,18,25,19,3.671192169189453,56.5,57.0,7.883
1765484806.5184922,99,27,22,19,24,3.6711273193359375,57.0,57.0,8.424
1765484806.7208996,99,27,22,19,24,3.6711273193359375,57.0,57.0,8.424
1765484806.9220262,99,27,22,19,24,3.6711273193359375,57.0,57.0,8.424
1765484807.1233306,99,45,28,40,32,3.6711273193359375,57.0,57.0,8.108
1765484807.3245354,99,45,28,40,32,3.6711273193359375,57.0,57.0,8.108
1765484807.5260448,99,21,18,26,22,3.67138671875,56.5,57.0,7.432
1765484807.7329378,99,21,18,26,22,3.67138671875,56.5,57.0,7.432
1765484807.9340088,99,21,18,26,22,3.67138671875,56.5,57.0,7.432
1765484808.1356642,99,20,35,19,19,3.6710472106933594,57.0,56.5,8.042
1765484808.3371034,99,20,35,19,19,3.6710472106933594,57.0,56.5,8.042
1765484808.538223,99,28,51,30,32,3.6710662841796875,57.0,57.0,8.187
1765484808.7393694,99,28,51,30,32,3.6710662841796875,57.0,57.0,8.187
1765484808.9411445,99,28,51,30,32,3.6710662841796875,57.0,57.0,8.187
1765484809.1425319,36,20,14,23,30,3.6715354919433594,56.5,56.5,6.169
1765484809.3435442,36,20,14,23,30,3.6715354919433594,56.5,56.5,6.169
1765484809.5447056,99,20,16,23,41,3.6718902587890625,57.0,57.0,8.647
1765484809.746564,99,20,16,23,41,3.6718902587890625,57.0,57.0,8.647
1765484809.947613,99,20,16,23,41,3.6718902587890625,57.0,57.0,8.647
1765484810.1486254,99,47,25,25,27,3.6720542907714844,56.5,57.0,7.816
1765484810.3497837,99,47,25,25,27,3.6720542907714844,56.5,57.0,7.816
1765484810.5507808,99,21,10,18,16,3.6720352172851562,57.0,56.5,7.591
1765484810.7528687,99,21,10,18,16,3.6720352172851562,57.0,56.5,7.591
1765484810.9541605,99,21,10,18,16,3.6720352172851562,57.0,56.5,7.591
1765484811.1553495,99,27,22,52,29,3.6730117797851562,57.0,57.5,8.345
1765484811.3563838,99,27,22,52,29,3.6730117797851562,57.0,57.5,8.345
1765484811.5576408,99,27,22,52,29,3.6730117797851562,57.0,57.5,8.345
1765484811.758853,99,38,20,18,18,3.671764373779297,57.0,57.5,8.002
1765484811.960224,99,38,20,18,18,3.671764373779297,57.0,57.5,8.002
1765484812.1613536,99,23,23,19,25,3.6720352172851562,57.0,57.0,8.226
1765484812.362613,99,23,23,19,25,3.6720352172851562,57.0,57.0,8.226
1765484812.5635262,99,23,23,19,25,3.6720352172851562,57.0,57.0,8.226
1765484812.7647448,99,42,42,32,33,3.6715736389160156,57.0,57.0,8.226
1765484812.9657183,99,42,42,32,33,3.6715736389160156,57.0,57.0,8.226
1765484813.1669176,99,17,23,22,21,3.67254638671875,56.5,57.0,7.618
1765484813.3684695,99,17,23,22,21,3.67254638671875,56.5,57.0,7.618
1765484813.5696917,99,17,23,22,21,3.67254638671875,56.5,57.0,7.618
1765484813.7711122,99,26,36,30,22,3.6718215942382812,57.0,57.0,8.042
1765484813.972244,99,26,36,30,22,3.6718215942382812,57.0,57.0,8.042
1765484814.173618,99,26,26,53,34,3.6719398498535156,57.0,57.5,8.568
1765484814.3759758,99,26,26,53,34,3.6719398498535156,57.0,57.5,8.568
1765484814.5769522,99,26,26,53,34,3.6719398498535156,57.0,57.5,8.568
1765484814.7779825,18,14,23,20,25,3.6719436645507812,56.5,57.0,6.28
1765484814.9791315,18,14,23,20,25,3.6719436645507812,56.5,57.0,6.28
1765484815.1803563,99,19,24,37,21,3.6725311279296875,57.0,57.0,8.266
1765484815.3815346,99,19,24,37,21,3.6725311279296875,57.0,57.0,8.266
1765484815.58273,99,19,24,37,21,3.6725311279296875,57.0,57.0,8.266
1765484815.7840655,99,50,29,25,32,3.6727142333984375,57.0,58.0,8.147
1765484815.9852228,99,50,29,25,32,3.6727142333984375,57.0,58.0,8.147
1765484816.1862693,99,17,19,16,20,3.6730422973632812,57.0,57.0,7.471
1765484816.3875062,99,17,19,16,20,3.6730422973632812,57.0,57.0,7.471
1765484816.5888171,99,17,19,16,20,3.6730422973632812,57.0,57.0,7.471
1765484816.7900214,99,33,24,33,42,3.673870086669922,57.5,57.5,8.647
1765484816.9910507,99,33,24,33,42,3.673870086669922,57.5,57.5,8.647
1765484817.1924117,99,18,10,20,27,3.6733322143554688,57.0,58.5,7.697
1765484817.3936594,99,18,10,20,27,3.6733322143554688,57.0,58.5,7.697
1765484817.5948977,99,18,10,20,27,3.6733322143554688,57.0,58.5,7.697
1765484817.7960823,99,19,18,16,34,3.67333984375,57.0,57.0,7.737
1765484817.9973223,99,19,18,16,34,3.67333984375,57.0,57.0,7.737
1765484818.1984932,99,30,40,46,36,3.6731834411621094,57.0,57.5,8.791
1765484818.3996472,99,30,40,46,36,3.6731834411621094,57.0,57.5,8.791
1765484818.6005728,99,30,40,46,36,3.6731834411621094,57.0,57.5,8.791
1765484818.8018095,70,19,19,13,14,3.673248291015625,56.5,57.5,6.937
1765484819.0028458,70,19,19,13,14,3.673248291015625,56.5,57.5,6.937
1765484819.2040753,99,23,26,24,42,3.6737937927246094,57.5,57.5,8.424
1765484819.4051025,99,23,26,24,42,3.6737937927246094,57.5,57.5,8.424
1765484819.6062417,99,23,26,24,42,3.6737937927246094,57.5,57.5,8.424
1765484819.8072712,99,36,30,24,50,3.6736602783203125,57.5,57.0,8.147
1765484820.008616,99,36,30,24,50,3.6736602783203125,57.5,57.0,8.147
1765484820.21039,99,18,20,19,18,3.6742591857910156,57.5,57.5,7.737
1765484820.4114761,99,18,20,19,18,3.6742591857910156,57.5,57.5,7.737
1765484820.6127875,99,18,20,19,18,3.6742591857910156,57.5,57.5,7.737
1765484820.8144443,99,16,25,21,47,3.6735763549804688,57.5,57.0,7.737
1765484821.0156562,99,16,25,21,47,3.6735763549804688,57.5,57.0,7.737
1765484821.2169156,99,28,28,43,22,3.674083709716797,57.0,57.5,7.962
1765484821.4182343,99,28,28,43,22,3.674083709716797,57.0,57.5,7.962
1765484821.6193652,99,28,28,43,22,3.674083709716797,57.0,57.5,7.962
1765484821.820917,99,18,23,18,21,3.67431640625,57.5,57.5,8.345
1765484822.0221941,99,18,23,18,21,3.67431640625,57.5,57.5,8.345
1765484822.2234757,99,28,24,42,36,3.674327850341797,57.5,58.0,8.633
1765484822.4246297,99,28,24,42,36,3.674327850341797,57.5,58.0,8.633
1765484822.6260316,99,28,24,42,36,3.674327850341797,57.5,58.0,8.633
1765484822.8328724,99,17,24,22,14,3.674236297607422,56.5,57.5,6.966
1765484823.0341876,99,17,24,22,14,3.674236297607422,56.5,57.5,6.966
1765484823.2354662,99,17,24,22,14,3.674236297607422,56.5,57.5,6.966
1765484823.4367805,99,42,28,19,29,3.6744041442871094,57.5,57.5,8.226
1765484823.6384046,99,42,28,19,29,3.6744041442871094,57.5,57.5,8.226
1765484823.8396525,99,28,36,22,48,3.6744041442871094,57.5,58.5,9.052
1765484824.0406868,99,28,36,22,48,3.6744041442871094,57.5,58.5,9.052
1765484824.243401,99,28,36,22,48,3.6744041442871094,57.5,58.5,9.052
1765484824.4446602,63,15,16,13,10,3.67462158203125,57.0,57.5,6.658
1765484824.6457183,63,15,16,13,10,3.67462158203125,57.0,57.5,6.658
1765484824.8468354,99,29,34,26,40,3.6739845275878906,57.5,58.0,8.568
1765484825.0479007,99,29,34,26,40,3.6739845275878906,57.5,58.0,8.568
1765484825.2491627,99,29,34,26,40,3.6739845275878906,57.5,58.0,8.568
1765484825.4501877,99,26,28,46,31,3.674236297607422,57.0,57.5,7.856
1765484825.6513126,99,26,28,46,31,3.674236297607422,57.0,57.5,7.856
1765484825.8524694,99,14,25,17,24,3.6751861572265625,57.5,58.0,8.16
1765484826.0535905,99,14,25,17,24,3.6751861572265625,57.5,58.0,8.16
1765484826.2547944,99,14,25,17,24,3.6751861572265625,57.5,58.0,8.16
1765484826.4562414,99,20,26,14,40,3.674571990966797,57.5,57.5,7.658
1765484826.6573462,99,20,26,14,40,3.674571990966797,57.5,57.5,7.658
1765484826.8585708,99,32,28,22,46,3.674427032470703,57.5,57.5,8.042
1765484827.0598125,99,32,28,22,46,3.674427032470703,57.5,57.5,8.042
1765484827.2611845,99,32,28,22,46,3.674427032470703,57.5,57.5,8.042
1765484827.4622922,99,14,30,18,30,3.6739540100097656,58.0,58.0,8.568
1765484827.6633608,99,14,30,18,30,3.6739540100097656,58.0,58.0,8.568
1765484827.8645668,99,32,24,46,24,3.6750526428222656,57.5,58.0,8.489
1765484828.065721,99,32,24,46,24,3.6750526428222656,57.5,58.0,8.489
1765484828.2669637,99,32,24,46,24,3.6750526428222656,57.5,58.0,8.489
1765484828.468317,99,28,16,18,27,3.6745452880859375,57.5,58.0,7.578
1765484828.6694431,99,28,16,18,27,3.6745452880859375,57.5,58.0,7.578
1765484828.8705914,99,40,17,20,23,3.674518585205078,57.5,58.0,7.737
1765484829.0718532,99,40,17,20,23,3.674518585205078,57.5,58.0,7.737
1765484829.2731051,99,40,17,20,23,3.674518585205078,57.5,58.0,7.737
1765484829.4742806,99,33,42,26,52,3.67413330078125,58.0,58.0,8.909
1765484829.6753294,99,33,42,26,52,3.67413330078125,58.0,58.0,8.909
1765484829.8766496,96,22,20,15,8,3.675304412841797,57.5,58.5,7.432
1765484830.0778313,96,22,20,15,8,3.675304412841797,57.5,58.5,7.432
1765484830.2791944,96,22,20,15,8,3.675304412841797,57.5,58.5,7.432
1765484830.4804356,99,42,36,32,25,3.674488067626953,58.0,58.0,8.385
1765484830.6815565,99,42,36,32,25,3.674488067626953,58.0,58.0,8.385
1765484830.8826146,99,30,32,52,26,3.674633026123047,58.0,58.0,8.266
1765484831.084164,99,30,32,52,26,3.674633026123047,58.0,58.0,8.266
1765484831.2855132,99,30,32,52,26,3.674633026123047,58.0,58.0,8.266
1765484831.48699,99,17,20,18,14,3.6753616333007812,58.0,58.0,7.777
1765484831.688378,99,17,20,18,14,3.6753616333007812,58.0,58.0,7.777
1765484831.8895,99,42,21,20,22,3.6746063232421875,57.5,58.0,7.618
1765484832.0906725,99,42,21,20,22,3.6746063232421875,57.5,58.0,7.618
1765484832.2918873,99,42,21,20,22,3.6746063232421875,57.5,58.0,7.618
1765484832.4931788,99,40,34,30,20,3.6743698120117188,57.5,58.5,7.843
1765484832.6944273,99,40,34,30,20,3.6743698120117188,57.5,58.5,7.843
1765484832.8954806,99,22,16,20,14,3.6746788024902344,58.0,58.5,8.489
1765484833.1007423,99,22,16,20,14,3.6746788024902344,58.0,58.5,8.489
1765484833.30192,99,22,16,20,14,3.6746788024902344,58.0,58.5,8.489
1765484833.5031102,99,32,24,44,18,3.6751937866210938,58.0,57.5,8.385
1765484833.704364,99,32,24,44,18,3.6751937866210938,58.0,57.5,8.385
1765484833.9055262,99,32,24,44,18,3.6751937866210938,58.0,57.5,8.385
1765484834.1065779,99,20,25,24,30,3.6745986938476562,57.5,58.0,7.883
1765484834.3077161,99,20,25,24,30,3.6745986938476562,57.5,58.0,7.883
1765484834.5090528,99,35,27,15,23,3.674713134765625,57.5,58.0,7.923
1765484834.7115414,99,35,27,15,23,3.674713134765625,57.5,58.0,7.923
1765484834.9124784,99,35,27,15,23,3.674713134765625,57.5,58.0,7.923
1765484835.1136143,99,40,41,33,29,3.674907684326172,58.0,59.0,8.791
1765484835.3147113,99,40,41,33,29,3.674907684326172,58.0,59.0,8.791
1765484835.5158157,99,13,8,20,8,3.6747589111328125,57.0,58.0,6.429
1765484835.7168124,99,13,8,20,8,3.6747589111328125,57.0,58.0,6.429
1765484835.9179072,99,13,8,20,8,3.6747589111328125,57.0,58.0,6.429
1765484836.119038,99,32,42,31,44,3.6744461059570312,58.0,58.0,8.345
1765484836.320288,99,32,42,31,44,3.6744461059570312,58.0,58.0,8.345
1765484836.5215461,99,29,26,36,42,3.674182891845703,58.0,58.0,8.187
1765484836.7226348,99,29,26,36,42,3.674182891845703,58.0,58.0,8.187
1765484836.9238086,99,29,26,36,42,3.674182891845703,58.0,58.0,8.187
1765484837.1251218,99,21,19,16,10,3.67529296875,57.5,58.0,7.63
1765484837.3261356,99,21,19,16,10,3.67529296875,57.5,58.0,7.63
1765484837.5271993,99,23,21,47,30,3.674713134765625,57.5,58.0,8.002
1765484837.7283661,99,23,21,47,30,3.674713134765625,57.5,58.0,8.002
1765484837.929422,99,23,21,47,30,3.674713134765625,57.5,58.0,8.002
1765484838.1304374,99,30,30,32,40,3.6746673583984375,58.0,58.0,7.843
1765484838.3315458,99,30,30,32,40,3.6746673583984375,58.0,58.0,7.843
1765484838.5327435,99,25,22,20,24,3.6749725341796875,58.0,58.0,8.345
1765484838.734263,99,25,22,20,24,3.6749725341796875,58.0,58.0,8.345
1765484838.9357595,99,25,22,20,24,3.6749725341796875,58.0,58.0,8.345
1765484839.1371737,99,22,24,26,42,3.675609588623047,58.0,58.5,8.45
1765484839.338342,99,22,24,26,42,3.675609588623047,58.0,58.5,8.45
1765484839.5398731,99,24,20,24,25,3.6752967834472656,57.5,59.0,7.392
1765484839.7413461,99,24,20,24,25,3.6752967834472656,57.5,59.0,7.392
1765484839.9425342,99,24,20,24,25,3.6752967834472656,57.5,59.0,7.392
1765484840.1436653,99,28,38,19,24,3.6752090454101562,58.0,58.0,8.081
1765484840.344995,99,28,38,19,24,3.6752090454101562,58.0,58.0,8.081
1765484840.546362,99,46,28,32,46,3.6754608154296875,58.0,58.5,9.092
1765484840.7476106,99,46,28,32,46,3.6754608154296875,58.0,58.5,9.092
1765484840.9486232,99,46,28,32,46,3.6754608154296875,58.0,58.5,9.092
1765484841.149787,94,10,12,4,8,3.6751785278320312,57.5,58.5,6.966
1765484841.350806,94,10,12,4,8,3.6751785278320312,57.5,58.5,6.966
1765484841.551899,99,26,49,27,38,3.6743507385253906,58.5,58.5,8.331
1765484841.7529778,99,26,49,27,38,3.6743507385253906,58.5,58.5,8.331
1765484841.9540362,99,26,49,27,38,3.6743507385253906,58.5,58.5,8.331
1765484842.1553977,99,36,28,32,54,3.6748428344726562,58.5,58.5,8.608
1765484842.3567252,99,36,28,32,54,3.6748428344726562,58.5,58.5,8.608
1765484842.5583947,99,14,14,12,17,3.6751174926757812,58.0,58.5,7.883
1765484842.759631,99,14,14,12,17,3.6751174926757812,58.0,58.5,7.883
1765484842.961012,99,14,14,12,17,3.6751174926757812,58.0,58.5,7.883
1765484843.1625044,99,46,23,22,28,3.6748809814453125,58.5,58.5,7.658
1765484843.3637247,99,46,23,22,28,3.6748809814453125,58.5,58.5,7.658
1765484843.564957,99,54,18,23,19,3.6751632690429688,58.5,58.5,7.883
1765484843.766073,99,54,18,23,19,3.6751632690429688,58.5,58.5,7.883
1765484843.9672353,99,54,18,23,19,3.6751632690429688,58.5,58.5,7.883
1765484844.1685932,99,23,22,13,19,3.6750526428222656,58.5,59.0,8.568
1765484844.3698418,99,23,22,13,19,3.6750526428222656,58.5,59.0,8.568
1765484844.5709732,99,30,24,20,39,3.6750526428222656,58.5,58.5,8.187
1765484844.772305,99,30,24,20,39,3.6750526428222656,58.5,58.5,8.187
1765484844.973748,99,30,24,20,39,3.6750526428222656,58.5,58.5,8.187
1765484845.1750705,99,31,20,32,20,3.674610137939453,58.0,58.5,7.471
1765484845.3763447,99,31,20,32,20,3.674610137939453,58.0,58.5,7.471
1765484845.577487,99,31,20,32,20,3.674610137939453,58.0,58.5,7.471
1765484845.778714,99,45,21,22,23,3.6747207641601562,58.5,59.0,8.187
1765484845.980027,99,45,21,22,23,3.6747207641601562,58.5,59.0,8.187
1765484846.1810262,99,28,24,51,28,3.6754417419433594,58.5,59.5,9.131
1765484846.3821774,99,28,24,51,28,3.6754417419433594,58.5,59.5,9.131
1765484846.5832314,99,28,24,51,28,3.6754417419433594,58.5,59.5,9.131
1765484846.784614,99,13,10,17,13,3.674907684326172,58.0,58.5,6.857
1765484846.985615,99,13,10,17,13,3.674907684326172,58.0,58.5,6.857
1765484847.186816,99,32,37,50,34,3.6743240356445312,58.5,58.5,8.673
1765484847.388007,99,32,37,50,34,3.6743240356445312,58.5,58.5,8.673
1765484847.589343,99,32,37,50,34,3.6743240356445312,58.5,58.5,8.673
1765484847.790378,99,42,25,37,34,3.6748275756835938,58.5,59.0,8.489
1765484847.9915593,99,42,25,37,34,3.6748275756835938,58.5,59.0,8.489
1765484848.1926556,99,14,17,17,16,3.6756858825683594,58.5,58.5,7.697
1765484848.393809,99,14,17,17,16,3.6756858825683594,58.5,58.5,7.697
1765484848.5948489,99,14,17,17,16,3.6756858825683594,58.5,58.5,7.697
1765484848.796205,99,30,23,42,28,3.6747970581054688,58.5,58.5,7.658
1765484848.9972055,99,30,23,42,28,3.6747970581054688,58.5,58.5,7.658
1765484849.1982887,99,27,27,33,42,3.67498779296875,58.5,58.5,8.042
1765484849.399415,99,27,27,33,42,3.67498779296875,58.5,58.5,8.042
1765484849.6006832,99,27,27,33,42,3.67498779296875,58.5,58.5,8.042
1765484849.8019261,99,24,16,28,21,3.674732208251953,59.0,59.0,8.87
1765484850.0030546,99,24,16,28,21,3.674732208251953,59.0,59.0,8.87
1765484850.2042806,99,28,16,22,33,3.6747169494628906,59.0,58.5,7.883
1765484850.4055078,99,28,16,22,33,3.6747169494628906,59.0,58.5,7.883
1765484850.6068509,99,28,16,22,33,3.6747169494628906,59.0,58.5,7.883
1765484850.8081439,99,24,24,32,23,3.6749954223632812,58.5,59.0,7.539
1765484851.0092058,99,24,24,32,23,3.6749954223632812,58.5,59.0,7.539
1765484851.2103345,99,27,24,20,34,3.6750564575195312,59.0,59.0,8.002
1765484851.4130402,99,27,24,20,34,3.6750564575195312,59.0,59.0,8.002
1765484851.6143394,99,27,24,20,34,3.6750564575195312,59.0,59.0,8.002
1765484851.8154547,99,28,20,46,26,3.6754417419433594,59.0,59.5,9.013
1765484852.0165567,99,28,20,46,26,3.6754417419433594,59.0,59.5,9.013
1765484852.2177303,78,17,18,17,16,3.6750259399414062,58.0,58.5,6.698
1765484852.418948,78,17,18,17,16,3.6750259399414062,58.0,58.5,6.698
1765484852.6203003,78,17,18,17,16,3.6750259399414062,58.0,58.5,6.698
1765484852.821472,99,26,32,50,21,3.6745834350585938,59.0,59.0,8.45
1765484853.0230596,99,26,32,50,21,3.6745834350585938,59.0,59.0,8.45
1765484853.22419,99,31,35,44,46,3.674579620361328,59.0,59.5,8.909
1765484853.425317,99,31,35,44,46,3.674579620361328,59.0,59.5,8.909
1765484853.6267083,99,31,35,44,46,3.674579620361328,59.0,59.5,8.909
1765484853.8282685,99,14,14,12,15,3.6764183044433594,59.0,59.5,7.737
1765484854.0375075,99,14,14,12,15,3.6764183044433594,59.0,59.5,7.737
1765484854.2386513,99,29,28,44,26,3.6748428344726562,59.0,59.0,7.737
1765484854.4398305,99,29,28,44,26,3.6748428344726562,59.0,59.0,7.737
1765484854.641009,99,29,28,44,26,3.6748428344726562,59.0,59.0,7.737
1765484854.8423584,99,44,24,32,24,3.6756668090820312,58.5,59.5,7.962
1765484855.0436628,99,44,24,32,24,3.6756668090820312,58.5,59.5,7.962
1765484855.2446392,99,18,14,22,19,3.675670623779297,59.0,59.5,8.791
1765484855.4458656,99,18,14,22,19,3.675670623779297,59.0,59.5,8.791
1765484855.6469045,99,18,14,22,19,3.675670623779297,59.0,59.5,8.791
1765484855.848136,99,25,20,24,31,3.6751937866210938,59.0,59.5,7.816
1765484856.049823,99,25,20,24,31,3.6751937866210938,59.0,59.5,7.816
1765484856.2513878,99,32,32,28,42,3.674957275390625,59.0,59.5,7.816
1765484856.4524584,99,32,32,28,42,3.674957275390625,59.0,59.5,7.816
1765484856.653713,99,32,32,28,42,3.674957275390625,59.0,59.5,7.816
1765484856.8548398,99,30,27,32,19,3.6750335693359375,59.5,59.0,7.962
1765484857.056184,99,30,27,32,19,3.6750335693359375,59.5,59.0,7.962
1765484857.2571743,99,21,27,52,25,3.676067352294922,59.0,60.0,9.028
1765484857.4582875,99,21,27,52,25,3.676067352294922,59.0,60.0,9.028
1765484857.6594074,99,21,27,52,25,3.676067352294922,59.0,60.0,9.028
1765484857.8610218,99,10,15,8,18,3.6753311157226562,58.0,59.0,6.937
1765484858.062505,99,10,15,8,18,3.6753311157226562,58.0,59.0,6.937
1765484858.2635894,99,10,15,8,18,3.6753311157226562,58.0,59.0,6.937
1765484858.4646063,99,28,34,47,33,3.675212860107422,59.0,59.5,8.647
1765484858.6659184,99,28,34,47,33,3.675212860107422,59.0,59.5,8.647
1765484858.8670716,99,33,47,30,35,3.6757431030273438,59.0,59.5,8.87
1765484859.072434,99,33,47,30,35,3.6757431030273438,59.0,59.5,8.87
1765484859.2734368,99,33,47,30,35,3.6757431030273438,59.0,59.5,8.87
1765484859.4745855,99,17,14,15,17,3.6762619018554688,59.0,59.0,7.432
1765484859.6756883,99,17,14,15,17,3.6762619018554688,59.0,59.0,7.432
1765484859.8768213,99,50,28,24,33,3.6760215759277344,59.0,59.5,7.816
1765484860.0778148,99,50,28,24,33,3.6760215759277344,59.0,59.5,7.816
1765484860.2790816,99,50,28,24,33,3.6760215759277344,59.0,59.5,7.816
1765484860.4804494,99,32,34,48,38,3.6759796142578125,59.5,60.5,8.266
1765484860.6817393,99,32,34,48,38,3.6759796142578125,59.5,60.5,8.266
1765484860.8827882,99,28,19,16,18,3.676647186279297,59.5,60.0,8.791
1765484861.084174,99,28,19,16,18,3.676647186279297,59.5,60.0,8.791
1765484861.2853196,99,28,19,16,18,3.676647186279297,59.5,60.0,8.791
1765484861.4865375,99,23,26,42,22,3.6756820678710938,59.0,59.5,8.16
1765484861.6876955,99,23,26,42,22,3.6756820678710938,59.0,59.5,8.16
1765484861.889008,99,34,27,24,32,3.6756324768066406,59.0,60.0,7.962
1765484862.0926516,99,34,27,24,32,3.6756324768066406,59.0,60.0,7.962
1765484862.2938793,99,34,27,24,32,3.6756324768066406,59.0,60.0,7.962
1765484862.4949632,99,21,32,18,20,3.6751441955566406,59.5,59.5,8.042
1765484862.6964345,99,21,32,18,20,3.6751441955566406,59.5,59.5,8.042
1765484862.8976395,99,44,27,21,26,3.6764907836914062,59.5,59.5,8.489
1765484863.0988348,99,44,27,21,26,3.6764907836914062,59.5,59.5,8.489
1765484863.3002656,99,44,27,21,26,3.6764907836914062,59.5,59.5,8.489
1765484863.5015247,0,16,14,24,17,3.6762161254882812,59.0,59.5,5.969
1765484863.702619,0,16,14,24,17,3.6762161254882812,59.0,59.5,5.969
1765484863.9037232,99,35,20,43,22,3.676616668701172,59.5,59.5,8.266
1765484864.105251,99,35,20,43,22,3.676616668701172,59.5,59.5,8.266
1765484864.30655,99,35,20,43,22,3.676616668701172,59.5,59.5,8.266
1765484864.5076106,99,34,38,51,29,3.676799774169922,59.5,60.5,9.013
1765484864.708777,99,34,38,51,29,3.676799774169922,59.5,60.5,9.013
1765484864.9108684,99,12,6,6,8,3.6766395568847656,59.0,59.0,6.2
1765484865.11221,99,12,6,6,8,3.6766395568847656,59.0,59.0,6.2
1765484865.313271,99,12,6,6,8,3.6766395568847656,59.0,59.0,6.2
1765484865.514413,99,48,43,33,33,3.6762351989746094,59.5,59.5,8.147
1765484865.7154782,99,48,43,33,33,3.6762351989746094,59.5,59.5,8.147
1765484865.9165947,99,34,32,48,20,3.6764678955078125,59.5,60.0,8.226
1765484866.1176627,99,34,32,48,20,3.6764678955078125,59.5,60.0,8.226
1765484866.319389,99,34,32,48,20,3.6764678955078125,59.5,60.0,8.226
1765484866.5206249,99,16,16,18,17,3.6776466369628906,59.5,60.5,8.687
1765484866.721693,99,16,16,18,17,3.6776466369628906,59.5,60.5,8.687
1765484866.9228723,99,25,20,21,37,3.67620849609375,59.5,59.5,8.002
1765484867.1242054,99,25,20,21,37,3.67620849609375,59.5,59.5,8.002
1765484867.3254037,99,25,20,21,37,3.67620849609375,59.5,59.5,8.002
1765484867.5273852,99,33,33,22,34,3.6766815185546875,59.0,59.5,7.618
1765484867.7285314,99,33,33,22,34,3.6766815185546875,59.0,59.5,7.618
1765484867.9295785,99,20,34,19,20,3.6763572692871094,59.5,59.5,8.042
1765484868.1306455,99,20,34,19,20,3.6763572692871094,59.5,59.5,8.042
1765484868.331762,99,20,34,19,20,3.6763572692871094,59.5,59.5,8.042
1765484868.533029,99,22,41,16,26,3.6769790649414062,60.0,60.0,8.687
1765484868.734404,99,22,41,16,26,3.6769790649414062,60.0,60.0,8.687
1765484868.9355583,99,17,17,12,19,3.676891326904297,58.5,59.5,6.818
1765484869.1367724,99,17,17,12,19,3.676891326904297,58.5,59.5,6.818
1765484869.3450456,99,17,17,12,19,3.676891326904297,58.5,59.5,6.818
1765484869.5462558,99,31,46,25,27,3.6763763427734375,59.5,59.5,8.41
1765484869.7478957,99,31,46,25,27,3.6763763427734375,59.5,59.5,8.41
1765484869.9520063,99,31,46,25,27,3.6763763427734375,59.5,59.5,8.41
1765484870.1533065,99,44,32,30,30,3.6773834228515625,59.5,60.0,9.013
1765484870.3544803,99,44,32,30,30,3.6773834228515625,59.5,60.0,9.013
1765484870.556379,99,15,13,17,11,3.6766929626464844,59.5,59.5,7.017
1765484870.7576935,99,15,13,17,11,3.6766929626464844,59.5,59.5,7.017
1765484870.958936,99,15,13,17,11,3.6766929626464844,59.5,59.5,7.017
1765484871.160242,99,36,29,28,46,3.6764373779296875,59.5,60.0,7.804
1765484871.3614495,99,36,29,28,46,3.6764373779296875,59.5,60.0,7.804
1765484871.5628154,99,44,24,39,27,3.676677703857422,59.5,60.5,8.147
1765484871.7640963,99,44,24,39,27,3.676677703857422,59.5,60.5,8.147
1765484871.9653945,99,44,24,39,27,3.676677703857422,59.5,60.5,8.147
1765484872.1667256,99,14,16,22,16,3.6774635314941406,60.0,60.5,8.608
1765484872.3678725,99,14,16,22,16,3.6774635314941406,60.0,60.5,8.608
1765484872.5694225,99,18,22,26,40,3.676677703857422,59.5,60.0,8.081
1765484872.7710736,99,18,22,26,40,3.676677703857422,59.5,60.0,8.081
1765484872.9722784,99,18,22,26,40,3.676677703857422,59.5,60.0,8.081
1765484873.173664,99,28,20,26,30,3.6768798828125,59.5,60.5,7.777
1765484873.3748615,99,28,20,26,30,3.6768798828125,59.5,60.5,7.777
1765484873.5760796,99,34,21,14,16,3.676654815673828,60.0,60.0,8.002
1765484873.7781668,99,34,21,14,16,3.676654815673828,60.0,60.0,8.002
1765484873.97935,99,34,21,14,16,3.676654815673828,60.0,60.0,8.002
1765484874.180611,99,22,25,26,41,3.6771163940429688,60.0,60.0,8.752
1765484874.3861582,99,22,25,26,41,3.6771163940429688,60.0,60.0,8.752
1765484874.592667,99,24,16,15,18,3.6765365600585938,59.5,60.0,7.006
1765484874.7940154,99,24,16,15,18,3.6765365600585938,59.5,60.0,7.006
1765484874.9951432,99,24,16,15,18,3.6765365600585938,59.5,60.0,7.006
1765484875.1964176,99,49,18,30,23,3.6767349243164062,60.0,60.0,8.266
1765484875.3987215,99,49,18,30,23,3.6767349243164062,60.0,60.0,8.266
1765484875.5998619,99,23,47,29,40,3.6775665283203125,60.0,60.5,9.131
1765484875.8010726,99,23,47,29,40,3.6775665283203125,60.0,60.5,9.131
1765484876.0025146,99,23,47,29,40,3.6775665283203125,60.0,60.5,9.131
1765484876.204309,99,15,12,14,17,3.6765594482421875,59.5,60.5,7.245
1765484876.4061203,99,15,12,14,17,3.6765594482421875,59.5,60.5,7.245
1765484876.6072085,99,48,34,28,39,3.6763343811035156,60.0,60.0,7.883
1765484876.8086584,99,48,34,28,39,3.6763343811035156,60.0,60.0,7.883
1765484877.0099654,99,48,34,28,39,3.6763343811035156,60.0,60.0,7.883
1765484877.2111423,99,28,45,34,24,3.676177978515625,59.5,60.5,8.266
1765484877.4123528,99,28,45,34,24,3.676177978515625,59.5,60.5,8.266
1765484877.613596,99,15,20,15,10,3.6770668029785156,60.0,60.5,8.712
1765484877.814924,99,15,20,15,10,3.6770668029785156,60.0,60.5,8.712
1765484878.0160136,99,15,20,15,10,3.6770668029785156,60.0,60.5,8.712
1765484878.2171164,99,41,18,14,28,3.6766014099121094,60.0,60.0,7.883
1765484878.4182937,99,41,18,14,28,3.6766014099121094,60.0,60.0,7.883
1765484878.6197975,99,36,26,33,24,3.6769065856933594,59.5,60.5,7.883
1765484878.8210595,99,36,26,33,24,3.6769065856933594,59.5,60.5,7.883
1765484879.0221722,99,36,26,33,24,3.6769065856933594,59.5,60.5,7.883
1765484879.2232955,99,27,25,24,30,3.6766586303710938,60.0,60.0,8.042
1765484879.424517,99,27,25,24,30,3.6766586303710938,60.0,60.0,8.042
1765484879.626048,99,24,23,16,43,3.6768226623535156,60.0,61.0,8.529
1765484879.8272119,99,24,23,16,43,3.6768226623535156,60.0,61.0,8.529
1765484880.028345,99,24,23,16,43,3.6768226623535156,60.0,61.0,8.529
1765484880.2294054,99,23,22,21,18,3.6765213012695312,59.5,60.0,6.818
1765484880.4304178,99,23,22,21,18,3.6765213012695312,59.5,60.0,6.818
1765484880.631433,99,26,50,34,26,3.6764564514160156,60.0,60.0,8.489
1765484880.8324962,99,26,50,34,26,3.6764564514160156,60.0,60.0,8.489
1765484881.0338156,99,26,50,34,26,3.6764564514160156,60.0,60.0,8.489
1765484881.2352328,99,42,25,18,42,3.677509307861328,60.0,60.5,9.013
1765484881.4370985,99,42,25,18,42,3.677509307861328,60.0,60.5,9.013
1765484881.6381848,99,15,10,17,10,3.6770172119140625,59.5,59.5,6.897
1765484881.839398,99,15,10,17,10,3.6770172119140625,59.5,59.5,6.897
1765484882.0407946,99,15,10,17,10,3.6770172119140625,59.5,59.5,6.897
1765484882.242038,99,36,47,38,36,3.676830291748047,60.0,60.5,7.962
1765484882.4430482,99,36,47,38,36,3.676830291748047,60.0,60.5,7.962
1765484882.6443932,99,36,47,38,36,3.676830291748047,60.0,60.5,7.962
1765484882.8454876,99,27,26,41,33,3.676586151123047,60.0,61.0,8.187
1765484883.0467513,99,27,26,41,33,3.676586151123047,60.0,61.0,8.187
1765484883.24778,99,16,21,17,10,3.6774864196777344,60.0,61.0,8.489
1765484883.4490952,99,16,21,17,10,3.6774864196777344,60.0,61.0,8.489
1765484883.6501665,99,16,21,17,10,3.6774864196777344,60.0,61.0,8.489
1765484883.851531,99,28,21,48,23,3.676921844482422,60.0,60.5,7.843
1765484884.0529416,99,28,21,48,23,3.676921844482422,60.0,60.5,7.843
1765484884.2540917,99,25,32,24,35,3.676715850830078,60.0,61.0,7.962
1765484884.4552624,99,25,32,24,35,3.676715850830078,60.0,61.0,7.962
1765484884.6566563,99,25,32,24,35,3.676715850830078,60.0,61.0,7.962
1765484884.858594,99,22,20,30,23,3.67669677734375,60.5,60.5,8.226
1765484885.0597966,99,22,20,30,23,3.67669677734375,60.5,60.5,8.226
1765484885.2608688,99,32,21,19,30,3.6767654418945312,60.5,60.5,8.385
1765484885.462101,99,32,21,19,30,3.6767654418945312,60.5,60.5,8.385
1765484885.6632733,99,32,21,19,30,3.6767654418945312,60.5,60.5,8.385
1765484885.8645937,96,25,23,25,15,3.67681884765625,59.5,60.5,6.977
1765484886.065777,96,25,23,25,15,3.67681884765625,59.5,60.5,6.977
1765484886.266952,99,25,26,40,30,3.6769065856933594,60.5,60.5,8.345
1765484886.468117,99,25,26,40,30,3.6769065856933594,60.5,60.5,8.345
1765484886.6692765,99,25,26,40,30,3.6769065856933594,60.5,60.5,8.345
1765484886.8704302,99,50,29,30,30,3.677398681640625,60.0,61.0,9.17
1765484887.0716808,99,50,29,30,30,3.677398681640625,60.0,61.0,9.17
1765484887.272936,99,12,15,13,12,3.6768646240234375,60.0,60.0,6.669
1765484887.47411,99,12,15,13,12,3.6768646240234375,60.0,60.0,6.669
1765484887.6752656,99,12,15,13,12,3.6768646240234375,60.0,60.0,6.669
1765484887.8765545,99,46,46,53,49,3.6766700744628906,60.5,60.5,8.068
1765484888.0776582,99,46,46,53,49,3.6766700744628906,60.5,60.5,8.068
1765484888.2788398,99,30,34,25,42,3.6772613525390625,60.5,60.5,8.489
1765484888.4800258,99,30,34,25,42,3.6772613525390625,60.5,60.5,8.489
1765484888.6813638,99,30,34,25,42,3.6772613525390625,60.5,60.5,8.489
1765484888.8823729,99,4,19,21,10,3.6773948669433594,60.5,61.0,8.673
1765484889.0834389,99,4,19,21,10,3.6773948669433594,60.5,61.0,8.673
1765484889.2846947,99,29,16,48,27,3.6772613525390625,60.5,60.5,7.737
1765484889.485933,99,29,16,48,27,3.6772613525390625,60.5,60.5,7.737
1765484889.6869335,99,29,16,48,27,3.6772613525390625,60.5,60.5,7.737
1765484889.888073,99,33,32,38,21,3.6681594848632812,60.0,62.0,7.551
1765484890.0892498,99,33,32,38,21,3.6681594848632812,60.0,62.0,7.551
1765484890.2904384,99,28,36,26,35,3.6683578491210938,60.5,61.0,8.726
1765484890.491484,99,28,36,26,35,3.6683578491210938,60.5,61.0,8.726
1765484890.692732,99,28,36,26,35,3.6683578491210938,60.5,61.0,8.726
1765484890.8937972,99,18,13,38,17,3.66961669921875,60.5,60.5,8.266
1765484891.095419,99,18,13,38,17,3.66961669921875,60.5,60.5,8.266
1765484891.2965918,0,24,10,28,16,3.6686973571777344,59.5,60.0,6.32
1765484891.4977474,0,24,10,28,16,3.6686973571777344,59.5,60.0,6.32
1765484891.6993153,0,24,10,28,16,3.6686973571777344,59.5,60.0,6.32
1765484891.900573,99,33,31,49,21,3.669567108154297,60.5,60.5,8.529
1765484892.102014,99,33,31,49,21,3.669567108154297,60.5,60.5,8.529
1765484892.3033092,99,33,31,49,21,3.669567108154297,60.5,60.5,8.529
1765484892.504529,99,33,45,22,26,3.6696548461914062,60.5,61.0,8.752
1765484892.7056935,99,33,45,22,26,3.6696548461914062,60.5,61.0,8.752
1765484892.9072523,99,14,14,14,13,3.669445037841797,60.0,60.5,7.324
1765484893.1085062,99,14,14,14,13,3.669445037841797,60.0,60.5,7.324
1765484893.3097904,99,14,14,14,13,3.669445037841797,60.0,60.5,7.324
1765484893.5111265,99,37,28,29,50,3.6690025329589844,60.5,60.5,7.962
1765484893.7130651,99,37,28,29,50,3.6690025329589844,60.5,60.5,7.962
1765484893.9143124,99,33,24,46,30,3.669048309326172,60.5,61.5,8.529
1765484894.1163242,99,33,24,46,30,3.669048309326172,60.5,61.5,8.529
1765484894.318851,99,33,24,46,30,3.669048309326172,60.5,61.5,8.529
1765484894.5201967,99,28,22,29,28,3.6722946166992188,61.0,61.5,8.83
1765484894.7216518,99,28,22,29,28,3.6722946166992188,61.0,61.5,8.83
1765484894.9229808,99,27,28,44,24,3.6717758178710938,60.5,60.5,7.816
1765484895.1247852,99,27,28,44,24,3.6717758178710938,60.5,60.5,7.816
1765484895.3276372,99,27,28,44,24,3.6717758178710938,60.5,60.5,7.816
1765484895.529007,98,21,28,14,27,3.6720352172851562,60.0,61.5,7.046
1765484895.7300768,98,21,28,14,27,3.6720352172851562,60.0,61.5,7.046
1765484895.9311774,99,23,20,21,37,3.6726417541503906,60.5,61.5,8.83
1765484896.1335354,99,23,20,21,37,3.6726417541503906,60.5,61.5,8.83
1765484896.3348968,99,23,20,21,37,3.6726417541503906,60.5,61.5,8.83
1765484896.5365303,99,21,22,42,16,3.6720924377441406,60.5,61.0,8.345
1765484896.7375386,99,21,22,42,16,3.6720924377441406,60.5,61.0,8.345
1765484896.9387584,0,16,26,21,19,3.6722679138183594,60.0,61.0,6.089
1765484897.1400347,0,16,26,21,19,3.6722679138183594,60.0,61.0,6.089
1765484897.3411741,0,16,26,21,19,3.6722679138183594,60.0,61.0,6.089
1765484897.5422583,99,30,47,22,22,3.6723899841308594,60.5,61.5,8.568
1765484897.7435982,99,30,47,22,22,3.6723899841308594,60.5,61.5,8.568
1765484897.9447005,99,24,35,44,25,3.672496795654297,60.5,61.5,8.83
1765484898.1458743,99,24,35,44,25,3.672496795654297,60.5,61.5,8.83
1765484898.3471065,99,24,35,44,25,3.672496795654297,60.5,61.5,8.83
1765484898.5486705,99,16,12,12,16,3.6724205017089844,60.5,61.0,7.364
1765484898.7500966,99,16,12,12,16,3.6724205017089844,60.5,61.0,7.364
1765484898.9513445,99,45,36,31,46,3.672168731689453,60.5,61.0,8.042
1765484899.1524944,99,45,36,31,46,3.672168731689453,60.5,61.0,8.042
1765484899.3572018,99,45,36,31,46,3.672168731689453,60.5,61.0,8.042
1765484899.558239,99,33,29,39,30,3.6721229553222656,60.5,61.0,8.647
1765484899.7594762,99,33,29,39,30,3.6721229553222656,60.5,61.0,8.647
1765484899.9608479,99,23,7,8,10,3.6724014282226562,60.5,61.0,8.752
1765484900.162019,99,23,7,8,10,3.6724014282226562,60.5,61.0,8.752
1765484900.3630126,99,23,7,8,10,3.6724014282226562,60.5,61.0,8.752
1765484900.5643795,99,30,28,26,48,3.6717910766601562,60.5,61.0,8.002
1765484900.7654743,99,30,28,26,48,3.6717910766601562,60.5,61.0,8.002
1765484900.966599,99,36,26,32,17,3.672260284423828,60.5,61.0,7.737
1765484901.1676955,99,36,26,32,17,3.672260284423828,60.5,61.0,7.737
1765484901.3687477,99,36,26,32,17,3.672260284423828,60.5,61.0,7.737
1765484901.5700455,99,40,18,24,25,3.6730918884277344,61.0,61.5,8.791
1765484901.7711606,99,40,18,24,25,3.6730918884277344,61.0,61.5,8.791
1765484901.9724822,99,19,20,24,42,3.672119140625,60.5,61.0,8.385
1765484902.173675,99,19,20,24,42,3.672119140625,60.5,61.0,8.385
1765484902.3746316,99,19,20,24,42,3.672119140625,60.5,61.0,8.385
1765484902.5758543,99,24,15,19,25,3.6721725463867188,60.5,61.0,6.897
1765484902.7771714,99,24,15,19,25,3.6721725463867188,60.5,61.0,6.897
1765484902.9782186,99,32,30,28,44,3.6726150512695312,61.0,61.5,8.791
1765484903.1793106,99,32,30,28,44,3.6726150512695312,61.0,61.5,8.791
1765484903.380695,99,32,30,28,44,3.6726150512695312,61.0,61.5,8.791
1765484903.582077,99,49,23,24,25,3.6733322143554688,61.0,61.5,8.87
1765484903.783562,99,49,23,24,25,3.6733322143554688,61.0,61.5,8.87
1765484903.9845965,99,14,12,10,15,3.672565460205078,60.5,61.0,7.085
1765484904.185813,99,14,12,10,15,3.672565460205078,60.5,61.0,7.085
1765484904.3870223,99,14,12,10,15,3.672565460205078,60.5,61.0,7.085
1765484904.5882676,99,38,40,48,39,3.6730308532714844,61.0,61.5,7.962
1765484904.7892644,99,38,40,48,39,3.6730308532714844,61.0,61.5,7.962
1765484904.9903498,99,38,40,48,39,3.6730308532714844,61.0,61.5,7.962
1765484905.1915038,99,38,31,33,27,3.6733779907226562,61.0,61.5,8.608
1765484905.392681,99,38,31,33,27,3.6733779907226562,61.0,61.5,8.608
1765484905.5938723,99,15,27,11,8,3.6739540100097656,61.0,61.5,8.45
1765484905.7950253,99,15,27,11,8,3.6739540100097656,61.0,61.5,8.45
1765484905.996144,99,15,27,11,8,3.6739540100097656,61.0,61.5,8.45
1765484906.1973097,99,33,20,46,29,3.6735496520996094,61.0,61.0,7.923
1765484906.3984504,99,33,20,46,29,3.6735496520996094,61.0,61.0,7.923
1765484906.5996478,0,25,22,28,18,3.6737899780273438,61.0,61.0,5.738
1765484906.8006678,0,25,22,28,18,3.6737899780273438,61.0,61.0,5.738
1765484907.001826,0,25,22,28,18,3.6737899780273438,61.0,61.0,5.738
1765484907.2029922,99,25,16,23,40,3.674579620361328,61.5,62.0,8.949
1765484907.4042542,99,25,16,23,40,3.674579620361328,61.5,62.0,8.949
1765484907.6053374,99,16,23,16,43,3.6738739013671875,61.0,61.5,8.147
1765484907.8063912,99,16,23,16,43,3.6738739013671875,61.0,61.5,8.147
1765484908.0077128,99,16,23,16,43,3.6738739013671875,61.0,61.5,8.147
1765484908.2092147,99,24,18,16,13,3.6744537353515625,60.5,62.0,7.017
1765484908.4107642,99,24,18,16,13,3.6744537353515625,60.5,62.0,7.017
1765484908.6120942,99,27,28,49,25,3.674823760986328,61.0,61.5,8.385
1765484908.8131623,99,27,28,49,25,3.674823760986328,61.0,61.5,8.385
1765484909.0143912,99,27,28,49,25,3.674823760986328,61.0,61.5,8.385
1765484909.2155323,99,26,26,40,23,3.6751937866210938,61.0,61.5,8.752
1765484909.4167001,99,26,26,40,23,3.6751937866210938,61.0,61.5,8.752
1765484909.617723,99,21,20,23,17,3.6747894287109375,61.0,61.0,7.63
1765484909.8192477,99,21,20,23,17,3.6747894287109375,61.0,61.0,7.63
1765484910.020465,99,21,20,23,17,3.6747894287109375,61.0,61.0,7.63
1765484910.2216592,99,26,41,40,44,3.6745147705078125,61.0,61.5,8.266
1765484910.422692,99,26,41,40,44,3.6745147705078125,61.0,61.5,8.266
1765484910.6238012,99,30,33,30,20,3.6752166748046875,60.5,62.0,8.305
1765484910.825228,99,30,33,30,20,3.6752166748046875,60.5,62.0,8.305
1765484911.026435,99,30,33,30,20,3.6752166748046875,60.5,62.0,8.305
1765484911.2274928,99,10,25,11,14,3.6746559143066406,60.5,61.5,7.962
1765484911.4286618,99,10,25,11,14,3.6746559143066406,60.5,61.5,7.962
1765484911.6297178,99,32,50,26,26,3.6749305725097656,61.5,61.5,8.042
1765484911.8308573,99,32,50,26,26,3.6749305725097656,61.5,61.5,8.042
1765484912.0320911,99,32,50,26,26,3.6749305725097656,61.5,61.5,8.042
1765484912.2333603,65,22,20,22,25,3.674724578857422,60.5,61.5,6.709
1765484912.434701,65,22,20,22,25,3.674724578857422,60.5,61.5,6.709
1765484912.635859,99,45,27,28,23,3.6753158569335938,61.0,62.5,9.17
1765484912.8370938,99,45,27,28,23,3.6753158569335938,61.0,62.5,9.17
1765484913.0382314,99,45,27,28,23,3.6753158569335938,61.0,62.5,9.17
1765484913.2394137,99,24,17,40,22,3.6749000549316406,61.0,61.0,8.266
1765484913.4406118,99,24,17,40,22,3.6749000549316406,61.0,61.0,8.266
1765484913.6417027,93,18,19,16,16,3.674663543701172,60.5,61.0,6.249
1765484913.842959,93,18,19,16,16,3.674663543701172,60.5,61.0,6.249
1765484914.0442722,93,18,19,16,16,3.674663543701172,60.5,61.0,6.249
1765484914.245404,99,31,28,33,50,3.6749000549316406,61.0,61.5,8.543
1765484914.4465625,99,31,28,33,50,3.6749000549316406,61.0,61.5,8.543
1765484914.6480901,99,31,28,33,50,3.6749000549316406,61.0,61.5,8.543
1765484914.8491435,99,46,20,16,14,3.6752586364746094,61.0,62.0,8.647
1765484915.0503688,99,46,20,16,14,3.6752586364746094,61.0,62.0,8.647
1765484915.251629,99,21,14,19,15,3.6748085021972656,61.0,61.5,7.67
1765484915.452729,99,21,14,19,15,3.6748085021972656,61.0,61.5,7.67
1765484915.653735,99,21,14,19,15,3.6748085021972656,61.0,61.5,7.67
1765484915.8548698,99,42,40,43,38,3.6745681762695312,61.0,62.0,7.962
1765484916.0559685,99,42,40,43,38,3.6745681762695312,61.0,62.0,7.962
1765484916.2571387,99,33,26,22,26,3.675426483154297,61.0,62.5,8.345
1765484916.45819,99,33,26,22,26,3.675426483154297,61.0,62.5,8.345
1765484916.6593323,99,33,26,22,26,3.675426483154297,61.0,62.5,8.345
1765484916.8606067,99,16,15,17,26,3.6749229431152344,61.0,61.5,8.002
1765484917.0617077,99,16,15,17,26,3.6749229431152344,61.0,61.5,8.002
1765484917.262755,99,36,32,28,44,3.674449920654297,61.5,62.0,8.529
1765484917.4640892,99,36,32,28,44,3.674449920654297,61.5,62.0,8.529
1765484917.6651287,99,36,32,28,44,3.674449920654297,61.5,62.0,8.529
1765484917.866345,99,20,14,25,23,3.674652099609375,60.5,61.5,6.857
1765484918.0673492,99,20,14,25,23,3.674652099609375,60.5,61.5,6.857
1765484918.2686188,99,28,24,45,20,3.6753501892089844,61.5,62.0,8.949
1765484918.4696996,99,28,24,45,20,3.6753501892089844,61.5,62.0,8.949
1765484918.6707637,99,28,24,45,20,3.6753501892089844,61.5,62.0,8.949
1765484918.8718524,99,30,30,45,21,3.6735687255859375,61.5,62.0,8.464
1765484919.0731745,99,30,30,45,21,3.6735687255859375,61.5,62.0,8.464
1765484919.2742372,99,26,29,24,14,3.6738052368164062,61.0,61.5,7.324
1765484919.4754343,99,26,29,24,14,3.6738052368164062,61.0,61.5,7.324
1765484919.6764643,99,26,29,24,14,3.6738052368164062,61.0,61.5,7.324
1765484919.8776207,99,32,28,48,28,3.6733016967773438,61.5,61.5,8.45
1765484920.078682,99,32,28,48,28,3.6733016967773438,61.5,61.5,8.45
1765484920.2802327,99,33,27,45,20,3.6740646362304688,61.5,62.0,8.687
1765484920.481335,99,33,27,45,20,3.6740646362304688,61.5,62.0,8.687
1765484920.6825423,99,33,27,45,20,3.6740646362304688,61.5,62.0,8.687
1765484920.8839045,99,23,18,14,23,3.673553466796875,61.0,61.5,8.002
1765484921.0853944,99,23,18,14,23,3.673553466796875,61.0,61.5,8.002
1765484921.286582,99,39,32,30,47,3.6734352111816406,61.5,61.5,8.042
1765484921.4878376,99,39,32,30,47,3.6734352111816406,61.5,61.5,8.042
1765484921.6891077,99,39,32,30,47,3.6734352111816406,61.5,61.5,8.042
1765484921.890317,99,26,25,27,22,3.6742401123046875,61.0,62.0,8.226
1765484922.0914726,99,26,25,27,22,3.6742401123046875,61.0,62.0,8.226
1765484922.2929997,99,14,17,24,13,3.6734886169433594,61.0,62.0,7.856
1765484922.4942958,99,14,17,24,13,3.6734886169433594,61.0,62.0,7.856
1765484922.695712,99,14,17,24,13,3.6734886169433594,61.0,62.0,7.856
1765484922.8972685,99,53,30,30,28,3.6732215881347656,61.5,62.0,8.345
1765484923.0985696,99,53,30,30,28,3.6732215881347656,61.5,62.0,8.345
1765484923.3001616,99,18,22,24,23,3.673309326171875,60.5,62.0,7.085
1765484923.5025506,99,18,22,24,23,3.673309326171875,60.5,62.0,7.085
1765484923.7038383,99,18,22,24,23,3.673309326171875,60.5,62.0,7.085
1765484923.9052305,99,23,25,26,40,3.6742172241210938,62.0,63.0,9.234
1765484924.1065054,99,23,25,26,40,3.6742172241210938,62.0,63.0,9.234
1765484924.3080673,99,22,21,25,43,3.6730690002441406,61.5,62.0,8.187
1765484924.5092523,99,22,21,25,43,3.6730690002441406,61.5,62.0,8.187
1765484924.710534,99,22,21,25,43,3.6730690002441406,61.5,62.0,8.187
1765484924.9116788,99,18,23,18,12,3.673187255859375,61.5,62.0,7.165
1765484925.1128218,99,18,23,18,12,3.673187255859375,61.5,62.0,7.165
1765484925.3141155,99,18,23,18,12,3.673187255859375,61.5,62.0,7.165
1765484925.5154226,99,50,18,33,25,3.673328399658203,62.0,62.5,8.226
1765484925.716656,99,50,18,33,25,3.673328399658203,62.0,62.5,8.226
1765484925.9181228,99,27,21,21,19,3.673595428466797,61.5,62.5,8.226
1765484926.1192477,99,27,21,21,19,3.673595428466797,61.5,62.5,8.226
1765484926.3205833,99,27,21,21,19,3.673595428466797,61.5,62.5,8.226
1765484926.5220442,99,33,20,19,28,3.6737937927246094,62.0,62.0,8.226
1765484926.7233126,99,33,20,19,28,3.6737937927246094,62.0,62.0,8.226
1765484926.9245274,99,27,48,32,26,3.6739463806152344,61.5,62.5,8.45
1765484927.1256845,99,27,48,32,26,3.6739463806152344,61.5,62.5,8.45
1765484927.3271604,99,27,48,32,26,3.6739463806152344,61.5,62.5,8.45
1765484927.5284772,18,16,16,16,26,3.6753616333007812,61.0,62.5,6.389
1765484927.7297482,18,16,16,16,26,3.6753616333007812,61.0,62.5,6.389
1765484927.9309537,99,26,22,26,32,3.674591064453125,62.0,62.0,8.385
1765484928.1321285,99,26,22,26,32,3.674591064453125,62.0,62.0,8.385
1765484928.3343055,99,26,22,26,32,3.674591064453125,62.0,62.0,8.385
1765484928.5354648,99,34,26,32,50,3.674915313720703,61.5,62.5,8.489
1765484928.7369564,99,34,26,32,50,3.674915313720703,61.5,62.5,8.489
1765484928.9381087,99,18,14,16,23,3.674640655517578,62.0,62.0,7.816
1765484929.1448789,99,18,14,16,23,3.674640655517578,62.0,62.0,7.816
1765484929.346101,99,18,14,16,23,3.674640655517578,62.0,62.0,7.816
1765484929.5473096,99,23,45,25,21,3.6759262084960938,61.5,62.5,8.489
1765484929.7485569,99,23,45,25,21,3.6759262084960938,61.5,62.5,8.489
1765484929.9496207,99,26,28,26,21,3.6751937866210938,61.5,62.5,8.081
1765484930.1507452,99,26,28,26,21,3.6751937866210938,61.5,62.5,8.081
1765484930.3518498,99,26,28,26,21,3.6751937866210938,61.5,62.5,8.081
1765484930.5532217,99,36,24,18,17,3.675457000732422,61.5,62.0,8.042
1765484930.7543461,99,36,24,18,17,3.675457000732422,61.5,62.0,8.042
1765484930.9554567,99,28,45,27,36,3.6762237548828125,62.0,62.5,9.273
1765484931.1566389,99,28,45,27,36,3.6762237548828125,62.0,62.5,9.273
1765484931.357703,99,28,45,27,36,3.6762237548828125,62.0,62.5,9.273
1765484931.5588975,91,10,8,17,7,3.675750732421875,61.5,61.5,6.589
1765484931.7599,91,10,8,17,7,3.675750732421875,61.5,61.5,6.589
1765484931.9611592,99,40,34,32,45,3.675098419189453,62.0,62.5,8.385
1765484932.1623962,99,40,34,32,45,3.675098419189453,62.0,62.5,8.385
1765484932.363724,99,40,34,32,45,3.675098419189453,62.0,62.5,8.385
1765484932.5648942,99,32,54,24,32,3.6756019592285156,62.0,62.0,8.647
1765484932.7660196,99,32,54,24,32,3.6756019592285156,62.0,62.0,8.647
1765484932.967174,99,17,15,17,16,3.6760330200195312,61.5,62.0,7.551
1765484933.1683583,99,17,15,17,16,3.6760330200195312,61.5,62.0,7.551
1765484933.3693366,99,17,15,17,16,3.6760330200195312,61.5,62.0,7.551
1765484933.57063,99,22,21,22,38,3.6748809814453125,61.5,62.0,8.187
1765484933.7717595,99,22,21,22,38,3.6748809814453125,61.5,62.0,8.187
1765484933.9729426,99,29,43,23,40,3.675140380859375,62.0,62.0,8.45
1765484934.1740816,99,29,43,23,40,3.675140380859375,62.0,62.0,8.45
1765484934.3753328,99,29,43,23,40,3.675140380859375,62.0,62.0,8.45
1765484934.5765865,99,18,21,21,25,3.6754188537597656,62.5,62.0,8.081
1765484934.7777753,99,18,21,21,25,3.6754188537597656,62.5,62.0,8.081
1765484934.9788828,99,22,32,38,18,3.6755638122558594,62.0,62.5,8.608
1765484935.180224,99,22,32,38,18,3.6755638122558594,62.0,62.5,8.608
1765484935.3819368,99,22,32,38,18,3.6755638122558594,62.0,62.5,8.608
1765484935.5831478,99,22,36,25,23,3.675189971923828,61.5,63.0,8.385
1765484935.784411,99,22,36,25,23,3.675189971923828,61.5,63.0,8.385
1765484935.9859443,99,30,18,20,15,3.675243377685547,62.0,62.0,8.121
1765484936.1895463,99,30,18,20,15,3.675243377685547,62.0,62.0,8.121
1765484936.390765,99,30,18,20,15,3.675243377685547,62.0,62.0,8.121
1765484936.5917802,99,28,32,55,26,3.676105499267578,62.0,63.0,8.529
1765484936.7930522,99,28,32,55,26,3.676105499267578,62.0,63.0,8.529
1765484936.9945016,98,12,27,10,15,3.6751251220703125,61.5,62.5,7.006
1765484937.1967876,98,12,27,10,15,3.6751251220703125,61.5,62.5,7.006
1765484937.3979468,98,12,27,10,15,3.6751251220703125,61.5,62.5,7.006
1765484937.5990677,99,39,37,25,32,3.675037384033203,62.5,63.0,8.687
1765484937.8013945,99,39,37,25,32,3.675037384033203,62.5,63.0,8.687
1765484938.0028403,99,28,37,42,39,3.675037384033203,62.5,62.5,8.83
1765484938.204158,99,28,37,42,39,3.675037384033203,62.5,62.5,8.83
1765484938.4054878,99,28,37,42,39,3.675037384033203,62.5,62.5,8.83
1765484938.6125736,0,18,15,14,14,3.675884246826172,61.5,63.0,6.32
1765484938.8136716,0,18,15,14,14,3.675884246826172,61.5,63.0,6.32
1765484939.0162156,0,18,15,14,14,3.675884246826172,61.5,63.0,6.32
1765484939.2175734,99,25,42,30,26,3.675121307373047,62.5,62.5,8.226
1765484939.418778,99,25,42,30,26,3.675121307373047,62.5,62.5,8.226
1765484939.6212838,99,28,50,32,30,3.6751556396484375,62.5,62.5,8.081
1765484939.822493,99,28,50,32,30,3.6751556396484375,62.5,62.5,8.081
1765484940.0236688,99,28,50,32,30,3.6751556396484375,62.5,62.5,8.081
1765484940.2249541,99,16,22,18,18,3.6757469177246094,62.0,62.5,8.16
1765484940.4259443,99,16,22,18,18,3.6757469177246094,62.0,62.5,8.16
1765484940.627036,99,20,29,33,40,3.6759109497070312,62.5,62.5,8.16
1765484940.8282425,99,20,29,33,40,3.6759109497070312,62.5,62.5,8.16
1765484941.029397,99,20,29,33,40,3.6759109497070312,62.5,62.5,8.16
1765484941.2305534,99,27,38,19,30,3.675586700439453,62.0,62.5,8.081
1765484941.4317224,99,27,38,19,30,3.675586700439453,62.0,62.5,8.081
1765484941.63283,99,22,24,22,18,3.6752586364746094,62.0,62.0,8.345
1765484941.8339782,99,22,24,22,18,3.6752586364746094,62.0,62.0,8.345
1765484942.035661,99,22,24,22,18,3.6752586364746094,62.0,62.0,8.345
1765484942.2368095,99,48,24,27,28,3.6759986877441406,62.0,62.5,8.949
1765484942.4379053,99,48,24,27,28,3.6759986877441406,62.0,62.5,8.949
1765484942.639148,99,28,25,16,18,3.6752548217773438,61.5,63.5,7.883
1765484942.8402638,99,28,25,16,18,3.6752548217773438,61.5,63.5,7.883
1765484943.0414479,99,28,25,16,18,3.6752548217773438,61.5,63.5,7.883
1765484943.2424781,99,38,24,26,31,3.6755828857421875,62.5,62.5,7.936
1765484943.4440973,99,38,24,26,31,3.6755828857421875,62.5,62.5,7.936
1765484943.6451368,99,56,25,34,40,3.6753768920898438,62.5,63.5,8.949
1765484943.8462918,99,56,25,34,40,3.6753768920898438,62.5,63.5,8.949
1765484944.0475655,99,56,25,34,40,3.6753768920898438,62.5,63.5,8.949
1765484944.2486577,99,12,20,16,12,3.6760292053222656,62.0,63.0,7.591
1765484944.4499443,99,12,20,16,12,3.6760292053222656,62.0,63.0,7.591
1765484944.6510699,99,26,38,28,24,3.6754913330078125,62.5,62.5,8.305
1765484944.8525162,99,26,38,28,24,3.6754913330078125,62.5,62.5,8.305
1765484945.0537918,99,26,38,28,24,3.6754913330078125,62.5,62.5,8.305
1765484945.2549314,99,29,48,26,39,3.6755218505859375,62.0,63.0,8.385
1765484945.456155,99,29,48,26,39,3.6755218505859375,62.0,63.0,8.385
1765484945.6573687,99,27,18,18,14,3.675251007080078,62.0,62.0,7.165
1765484945.8586261,99,27,18,18,14,3.675251007080078,62.0,62.0,7.165
1765484946.0597603,99,27,18,18,14,3.675251007080078,62.0,62.0,7.165
1765484946.2609584,99,30,38,20,20,3.6753082275390625,62.0,63.0,8.489
1765484946.461982,99,30,38,20,20,3.6753082275390625,62.0,63.0,8.489
1765484946.6631258,99,30,26,28,40,3.675445556640625,62.5,63.0,8.305
1765484946.864339,99,30,26,28,40,3.675445556640625,62.5,63.0,8.305
1765484947.0654356,99,30,26,28,40,3.675445556640625,62.5,63.0,8.305
1765484947.266561,99,20,17,20,20,3.675701141357422,62.5,62.5,8.081
1765484947.4682915,99,20,17,20,20,3.675701141357422,62.5,62.5,8.081
1765484947.6696627,99,34,49,40,25,3.6763534545898438,62.5,63.5,9.013
1765484947.8709133,99,34,49,40,25,3.6763534545898438,62.5,63.5,9.013
1765484948.0723517,99,34,49,40,25,3.6763534545898438,62.5,63.5,9.013
1765484948.2736294,99,27,21,20,14,3.6755104064941406,62.0,63.0,7.962
1765484948.4773734,99,27,21,20,14,3.6755104064941406,62.0,63.0,7.962
1765484948.6796615,99,27,21,20,14,3.6755104064941406,62.0,63.0,7.962
1765484948.8805993,99,33,22,34,20,3.6755943298339844,62.5,62.5,7.962
1765484949.0818791,99,33,22,34,20,3.6755943298339844,62.5,62.5,7.962
1765484949.2829285,99,37,42,40,30,3.675121307373047,63.0,63.0,8.752
1765484949.4841938,99,37,42,40,30,3.675121307373047,63.0,63.0,8.752
1765484949.6868997,99,37,42,40,30,3.675121307373047,63.0,63.0,8.752
1765484949.8884816,99,14,16,12,15,3.676055908203125,62.0,63.0,7.444
1765484950.0897226,99,14,16,12,15,3.676055908203125,62.0,63.0,7.444
1765484950.2909377,99,42,32,34,48,3.6754989624023438,63.0,63.5,8.949
1765484950.4923627,99,42,32,34,48,3.6754989624023438,63.0,63.5,8.949
1765484950.693629,99,42,32,34,48,3.6754989624023438,63.0,63.5,8.949
1765484950.8947535,99,39,26,22,43,3.6755142211914062,62.0,63.0,7.777
1765484951.0960233,99,39,26,22,43,3.6755142211914062,62.0,63.0,7.777
1765484951.2973273,99,22,18,27,10,3.6764297485351562,62.5,63.0,8.16
1765484951.498483,99,22,18,27,10,3.6764297485351562,62.5,63.0,8.16
1765484951.699604,99,22,18,27,10,3.6764297485351562,62.5,63.0,8.16
1765484951.900633,99,44,12,21,16,3.676471710205078,62.0,63.0,8.16
1765484952.1023068,99,44,12,21,16,3.676471710205078,62.0,63.0,8.16
1765484952.3034773,0,29,33,26,27,3.6764984130859375,61.5,63.5,5.216
1765484952.5045612,0,29,33,26,27,3.6764984130859375,61.5,63.5,5.216
1765484952.7056103,0,29,33,26,27,3.6764984130859375,61.5,63.5,5.216
1765484952.9066548,99,22,38,24,12,3.677001953125,63.0,63.0,8.45
1765484953.1077933,99,22,38,24,12,3.677001953125,63.0,63.0,8.45
1765484953.309002,99,26,27,30,47,3.677753448486328,62.5,63.5,9.052
1765484953.5101905,99,26,27,30,47,3.677753448486328,62.5,63.5,9.052
1765484953.7112234,99,26,27,30,47,3.677753448486328,62.5,63.5,9.052
1765484953.912619,99,12,14,10,8,3.6769676208496094,62.0,62.5,6.709
1765484954.113717,99,12,14,10,8,3.6769676208496094,62.0,62.5,6.709
1765484954.3147976,99,38,41,30,51,3.6769981384277344,62.5,63.0,8.266
1765484954.5163956,99,38,41,30,51,3.6769981384277344,62.5,63.0,8.266
1765484954.71777,99,38,41,30,51,3.6769981384277344,62.5,63.0,8.266
1765484954.9187694,99,28,24,22,46,3.6775588989257812,62.5,63.5,8.305
1765484955.1202822,99,28,24,22,46,3.6775588989257812,62.5,63.5,8.305
1765484955.3217173,99,12,14,15,23,3.6785659790039062,62.5,63.5,8.726
1765484955.5228543,99,12,14,15,23,3.6785659790039062,62.5,63.5,8.726
1765484955.7244813,99,12,14,15,23,3.6785659790039062,62.5,63.5,8.726
1765484955.925757,99,28,28,30,40,3.677978515625,62.5,63.0,7.923
1765484956.126843,99,28,28,30,40,3.677978515625,62.5,63.0,7.923
1765484956.3287327,12,27,21,20,24,3.678466796875,62.0,62.5,5.546
1765484956.5300486,12,27,21,20,24,3.678466796875,62.0,62.5,5.546
1765484956.7312608,12,27,21,20,24,3.678466796875,62.0,62.5,5.546
1765484956.93308,99,26,49,24,18,3.679107666015625,63.0,63.5,8.988
1765484957.1381888,99,26,49,24,18,3.679107666015625,63.0,63.5,8.988
1765484957.3394184,99,50,18,17,20,3.6785240173339844,63.0,63.5,8.424
1765484957.5406227,99,50,18,17,20,3.6785240173339844,63.0,63.5,8.424
1765484957.7417264,99,50,18,17,20,3.6785240173339844,63.0,63.5,8.424
1765484957.943006,99,21,14,13,17,3.6792640686035156,62.5,62.5,6.509
1765484958.144263,99,21,14,13,17,3.6792640686035156,62.5,62.5,6.509
1765484958.345365,99,31,37,53,30,3.6794700622558594,63.0,63.0,8.147
1765484958.5465465,99,31,37,53,30,3.6794700622558594,63.0,63.0,8.147
1765484958.7566087,99,31,37,53,30,3.6794700622558594,63.0,63.0,8.147
1765484958.9577367,99,38,26,22,25,3.67987060546875,62.5,63.5,8.41
1765484959.1589768,99,38,26,22,25,3.67987060546875,62.5,63.5,8.41
1765484959.360121,99,25,27,13,17,3.6792945861816406,63.0,63.5,8.266
1765484959.5614367,99,25,27,13,17,3.6792945861816406,63.0,63.5,8.266
1765484959.7629037,99,25,27,13,17,3.6792945861816406,63.0,63.5,8.266
1765484959.9641,99,32,33,36,43,3.6792144775390625,63.0,63.0,7.856
1765484960.165197,99,32,33,36,43,3.6792144775390625,63.0,63.0,7.856
1765484960.3668473,99,32,33,36,43,3.6792144775390625,63.0,63.0,7.856
1765484960.5681515,99,24,23,35,26,3.6794891357421875,62.5,63.5,7.392
1765484960.7695472,99,24,23,35,26,3.6794891357421875,62.5,63.5,7.392
1765484960.970849,99,16,17,28,14,3.6797256469726562,63.0,63.5,8.83
1765484961.172137,99,16,17,28,14,3.6797256469726562,63.0,63.5,8.83
1765484961.3732567,99,16,17,28,14,3.6797256469726562,63.0,63.5,8.83
1765484961.5745173,99,50,18,28,30,3.6796875,63.0,63.5,8.41
1765484961.7757063,99,50,18,28,30,3.6796875,63.0,63.5,8.41
1765484961.976974,13,18,21,26,22,3.6798858642578125,62.0,63.5,6.669
1765484962.1781194,13,18,21,26,22,3.6798858642578125,62.0,63.5,6.669
1765484962.379399,13,18,21,26,22,3.6798858642578125,62.0,63.5,6.669
1765484962.5807357,99,27,26,28,44,3.6808395385742188,63.5,64.0,9.313
1765484962.781945,99,27,26,28,44,3.6808395385742188,63.5,64.0,9.313
1765484962.9831538,99,27,14,17,39,3.6802520751953125,63.0,63.5,7.883
1765484963.1844027,99,27,14,17,39,3.6802520751953125,63.0,63.5,7.883
1765484963.385616,99,27,14,17,39,3.6802520751953125,63.0,63.5,7.883
1765484963.5868092,99,25,27,22,21,3.676422119140625,62.5,63.5,7.591
1765484963.7881231,99,25,27,22,21,3.676422119140625,62.5,63.5,7.591
1765484963.9893262,99,37,33,35,57,3.677001953125,63.0,63.5,8.187
1765484964.1904545,99,37,33,35,57,3.677001953125,63.0,63.5,8.187
1765484964.3916965,99,37,33,35,57,3.677001953125,63.0,63.5,8.187
1765484964.5934155,99,24,25,23,20,3.677898406982422,63.0,64.0,8.305
1765484964.7947268,99,24,25,23,20,3.677898406982422,63.0,64.0,8.305
1765484964.9960437,99,30,16,12,23,3.6772308349609375,63.0,63.5,8.081
1765484965.1973407,99,30,16,12,23,3.6772308349609375,63.0,63.5,8.081
1765484965.398789,99,30,16,12,23,3.6772308349609375,63.0,63.5,8.081
1765484965.6001937,99,30,33,54,27,3.67742919921875,63.0,63.5,8.345
1765484965.8013864,99,30,33,54,27,3.67742919921875,63.0,63.5,8.345
1765484966.002695,99,22,21,20,24,3.6779022216796875,62.5,63.5,7.432
1765484966.2038465,99,22,21,20,24,3.6779022216796875,62.5,63.5,7.432
1765484966.405185,99,22,21,20,24,3.6779022216796875,62.5,63.5,7.432
1765484966.6063209,99,18,23,32,25,3.6776657104492188,63.0,63.5,8.83
1765484966.8074243,99,18,23,32,25,3.6776657104492188,63.0,63.5,8.83
1765484967.0088701,99,40,28,28,21,3.6773948669433594,63.0,63.5,8.108
1765484967.2101438,99,40,28,28,21,3.6773948669433594,63.0,63.5,8.108
1765484967.4112751,99,40,28,28,21,3.6773948669433594,63.0,63.5,8.108
1765484967.621083,99,21,14,20,19,3.678363800048828,63.0,63.0,7.245
1765484967.822239,99,21,14,20,19,3.678363800048828,63.0,63.0,7.245
1765484968.023491,99,51,31,30,23,3.6792373657226562,63.5,64.0,9.052
1765484968.224797,99,51,31,30,23,3.6792373657226562,63.5,64.0,9.052
1765484968.4260685,99,51,31,30,23,3.6792373657226562,63.5,64.0,9.052
1765484968.6272368,99,36,17,18,16,3.678539276123047,63.0,63.5,8.108
1765484968.8284996,99,36,17,18,16,3.678539276123047,63.0,63.5,8.108
1765484969.0296755,99,21,32,14,21,3.6790695190429688,63.0,63.5,8.371
1765484969.2308779,99,21,32,14,21,3.6790695190429688,63.0,63.5,8.371
1765484969.4324336,99,21,32,14,21,3.6790695190429688,63.0,63.5,8.371
1765484969.6337492,99,38,50,35,28,3.6800193786621094,63.0,63.5,8.371
1765484969.8349652,99,38,50,35,28,3.6800193786621094,63.0,63.5,8.371
1765484970.0393088,0,24,17,12,15,3.6805992126464844,62.5,64.0,6.778
1765484970.2404373,0,24,17,12,15,3.6805992126464844,62.5,64.0,6.778
1765484970.441628,0,24,17,12,15,3.6805992126464844,62.5,64.0,6.778
1765484970.64279,99,32,26,28,36,3.6797828674316406,63.5,63.5,8.608
1765484970.8449144,99,32,26,28,36,3.6797828674316406,63.5,63.5,8.608
1765484971.0460045,99,50,28,27,34,3.679901123046875,63.0,64.0,8.568
1765484971.2472441,99,50,28,27,34,3.679901123046875,63.0,64.0,8.568
1765484971.4487383,99,50,28,27,34,3.679901123046875,63.0,64.0,8.568
1765484971.6502726,23,14,18,19,20,3.679889678955078,62.5,64.0,6.36
1765484971.8513725,23,14,18,19,20,3.679889678955078,62.5,64.0,6.36
1765484972.0526085,99,39,18,20,16,3.679840087890625,63.5,64.0,8.226
1765484972.254024,99,39,18,20,16,3.679840087890625,63.5,64.0,8.226
1765484972.4552832,99,39,18,20,16,3.679840087890625,63.5,64.0,8.226
1765484972.6563342,99,38,22,28,50,3.6798324584960938,63.0,63.5,8.371
1765484972.8575797,99,38,22,28,50,3.6798324584960938,63.0,63.5,8.371
1765484973.0588577,99,23,14,21,14,3.680572509765625,63.5,63.5,7.618
1765484973.2602885,99,23,14,21,14,3.680572509765625,63.5,63.5,7.618
1765484973.4614289,99,23,14,21,14,3.680572509765625,63.5,63.5,7.618
1765484973.66285,99,28,26,25,46,3.6812515258789062,63.5,64.5,8.791
1765484973.8640692,99,28,26,25,46,3.6812515258789062,63.5,64.5,8.791
1765484974.0655122,99,28,26,25,46,3.6812515258789062,63.5,64.5,8.791
1765484974.267222,99,21,32,26,24,3.680389404296875,63.0,64.0,8.529
1765484974.4686282,99,21,32,26,24,3.680389404296875,63.0,64.0,8.529
1765484974.669591,99,34,21,16,17,3.680103302001953,63.5,63.5,8.45
1765484974.8708534,99,34,21,16,17,3.680103302001953,63.5,63.5,8.45
1765484975.0720708,99,34,21,16,17,3.680103302001953,63.5,63.5,8.45
1765484975.2731438,99,27,54,26,32,3.6798858642578125,63.5,64.0,8.345
1765484975.4744022,99,27,54,26,32,3.6798858642578125,63.5,64.0,8.345
1765484975.6756742,35,19,20,20,21,3.680431365966797,62.5,64.0,6.897
1765484975.8768246,35,19,20,20,21,3.680431365966797,62.5,64.0,6.897
1765484976.0779994,35,19,20,20,21,3.680431365966797,62.5,64.0,6.897
1765484976.2799058,99,32,23,38,25,3.6802101135253906,63.5,64.0,8.305
1765484976.4811752,99,32,23,38,25,3.6802101135253906,63.5,64.0,8.305
1765484976.6822739,99,35,47,32,30,3.680316925048828,63.5,63.5,8.45
1765484976.8834224,99,35,47,32,30,3.680316925048828,63.5,63.5,8.45
1765484977.084519,99,35,47,32,30,3.680316925048828,63.5,63.5,8.45
1765484977.2856882,64,18,16,22,23,3.6811370849609375,63.5,64.5,6.44
1765484977.486722,64,18,16,22,23,3.6811370849609375,63.5,64.5,6.44
1765484977.6882575,99,14,16,20,40,3.6805763244628906,63.5,64.0,8.371
1765484977.8893602,99,14,16,20,40,3.6805763244628906,63.5,64.0,8.371
1765484978.0905643,99,14,16,20,40,3.6805763244628906,63.5,64.0,8.371
1765484978.2916303,99,31,30,24,45,3.680370330810547,63.0,64.0,8.226
1765484978.492805,99,31,30,24,45,3.680370330810547,63.0,64.0,8.226
1765484978.6937664,99,21,18,20,14,3.6805801391601562,63.0,63.5,7.804
1765484978.8952775,99,21,18,20,14,3.6805801391601562,63.0,63.5,7.804
1765484979.0976434,99,21,18,20,14,3.6805801391601562,63.0,63.5,7.804
1765484979.2988555,99,36,23,25,45,3.6808853149414062,63.5,64.0,8.608
1765484979.5001006,99,36,23,25,45,3.6808853149414062,63.5,64.0,8.608
1765484979.7020755,99,20,20,40,24,3.6802215576171875,63.0,64.5,8.45
1765484979.9032147,99,20,20,40,24,3.6802215576171875,63.0,64.5,8.45
1765484980.1045086,99,20,20,40,24,3.6802215576171875,63.0,64.5,8.45
1765484980.305644,99,20,26,30,20,3.680065155029297,63.5,64.0,8.568
1765484980.5068524,99,20,26,30,20,3.680065155029297,63.5,64.0,8.568
1765484980.7080986,99,31,36,36,47,3.68072509765625,63.5,63.5,8.266
1765484980.909419,99,31,36,36,47,3.68072509765625,63.5,63.5,8.266
1765484981.1106575,99,31,36,36,47,3.68072509765625,63.5,63.5,8.266
1765484981.3121762,99,26,13,18,14,3.6804885864257812,63.0,64.0,7.459
1765484981.5132136,99,26,13,18,14,3.6804885864257812,63.0,64.0,7.459
1765484981.714341,99,28,28,38,37,3.6805686950683594,63.5,64.0,8.41
1765484981.9156222,99,28,28,38,37,3.6805686950683594,63.5,64.0,8.41
1765484982.1168413,99,28,28,38,37,3.6805686950683594,63.5,64.0,8.41
1765484982.318136,99,49,37,53,30,3.679718017578125,63.5,64.5,9.116
1765484982.5193422,99,49,37,53,30,3.679718017578125,63.5,64.5,9.116
1765484982.7207112,0,28,20,30,26,3.681121826171875,63.0,64.0,6.778
1765484982.9220023,0,28,20,30,26,3.681121826171875,63.0,64.0,6.778
1765484983.1230624,0,28,20,30,26,3.681121826171875,63.0,64.0,6.778
1765484983.324433,99,46,20,14,18,3.6803207397460938,63.5,64.5,8.568
1765484983.5254955,99,46,20,14,18,3.6803207397460938,63.5,64.5,8.568
1765484983.7270014,99,57,32,33,23,3.680675506591797,63.5,64.5,8.266
1765484983.9284587,99,57,32,33,23,3.680675506591797,63.5,64.5,8.266
1765484984.1296782,99,57,32,33,23,3.680675506591797,63.5,64.5,8.266
1765484984.330797,99,24,16,22,21,3.680999755859375,63.5,64.0,8.081
1765484984.5320966,99,24,16,22,21,3.680999755859375,63.5,64.0,8.081
1765484984.7333846,99,24,16,22,21,3.680999755859375,63.5,64.0,8.081
1765484984.9346468,99,25,22,41,23,3.6817703247070312,63.5,64.5,8.41
1765484985.135743,99,25,22,41,23,3.6817703247070312,63.5,64.5,8.41
1765484985.3373747,99,26,31,18,28,3.6808509826660156,63.0,64.5,8.529
1765484985.5385892,99,26,31,18,28,3.6808509826660156,63.0,64.5,8.529
1765484985.7397661,99,26,31,18,28,3.6808509826660156,63.0,64.5,8.529
1765484985.9416294,99,31,19,17,19,3.6808815002441406,63.5,64.0,8.371
1765484986.142861,99,31,19,17,19,3.6808815002441406,63.5,64.0,8.371
1765484986.3440385,99,29,46,38,27,3.6812362670898438,63.5,64.0,8.41
1765484986.5454817,99,29,46,38,27,3.6812362670898438,63.5,64.0,8.41
1765484986.7466915,99,29,46,38,27,3.6812362670898438,63.5,64.0,8.41
1765484986.9478612,99,21,18,12,20,3.6810760498046875,63.5,64.5,8.002
1765484987.1491156,99,21,18,12,20,3.6810760498046875,63.5,64.5,8.002
1765484987.350439,99,37,23,22,20,3.6807632446289062,64.0,64.0,8.042
1765484987.553107,99,37,23,22,20,3.6807632446289062,64.0,64.0,8.042
1765484987.7546477,99,37,23,22,20,3.6807632446289062,64.0,64.0,8.042
1765484987.9560034,99,52,34,31,39,3.6806373596191406,64.0,64.5,8.633
1765484988.157256,99,52,34,31,39,3.6806373596191406,64.0,64.5,8.633
1765484988.3636882,0,18,25,16,22,3.681598663330078,63.0,64.0,6.658
1765484988.5648239,0,18,25,16,22,3.681598663330078,63.0,64.0,6.658
1765484988.7664835,0,18,25,16,22,3.681598663330078,63.0,64.0,6.658
1765484988.967765,99,20,22,41,22,3.6809425354003906,63.5,64.0,8.633
1765484989.1701138,99,20,22,41,22,3.6809425354003906,63.5,64.0,8.633
1765484989.3712885,99,50,22,27,20,3.681110382080078,63.5,64.0,8.029
1765484989.5725558,99,50,22,27,20,3.681110382080078,63.5,64.0,8.029
1765484989.7737312,99,50,22,27,20,3.681110382080078,63.5,64.0,8.029
1765484989.9752026,99,19,14,19,21,3.6809463500976562,63.5,64.0,7.816
1765484990.1768985,99,19,14,19,21,3.6809463500976562,63.5,64.0,7.816
1765484990.3783014,99,24,30,38,25,3.681610107421875,63.5,64.5,8.45
1765484990.5794425,99,24,30,38,25,3.681610107421875,63.5,64.5,8.45
1765484990.780788,99,24,30,38,25,3.681610107421875,63.5,64.5,8.45
1765484990.9822984,99,27,37,18,32,3.6808700561523438,63.0,65.0,8.41
1765484991.183725,99,27,37,18,32,3.6808700561523438,63.0,65.0,8.41
1765484991.385023,99,20,27,24,16,3.6808395385742188,64.0,64.0,8.41
1765484991.5862288,99,20,27,24,16,3.6808395385742188,64.0,64.0,8.41
1765484991.7875295,99,20,27,24,16,3.6808395385742188,64.0,64.0,8.41
1765484991.9886677,99,25,48,22,31,3.6808509826660156,64.0,64.5,8.83
1765484992.1897452,99,25,48,22,31,3.6808509826660156,64.0,64.5,8.83
1765484992.3911114,99,20,14,17,11,3.680248260498047,63.0,64.0,7.165
1765484992.5924568,99,20,14,17,11,3.680248260498047,63.0,64.0,7.165
1765484992.7936943,99,20,14,17,11,3.680248260498047,63.0,64.0,7.165
1765484992.994913,99,48,30,26,32,3.6809310913085938,63.5,64.5,8.385
1765484993.1964462,99,48,30,26,32,3.6809310913085938,63.5,64.5,8.385
1765484993.3975785,99,40,40,25,48,3.680805206298828,63.5,64.5,9.052
1765484993.5987177,99,40,40,25,48,3.680805206298828,63.5,64.5,9.052
1765484993.8003492,99,40,40,25,48,3.680805206298828,63.5,64.5,9.052
1765484994.0016067,14,17,14,19,15,3.6811599731445312,63.0,64.5,6.469
1765484994.2026322,14,17,14,19,15,3.6811599731445312,63.0,64.5,6.469
1765484994.403866,99,20,30,20,22,3.6802101135253906,63.5,64.5,8.266
1765484994.605483,99,20,30,20,22,3.6802101135253906,63.5,64.5,8.266
1765484994.8067296,99,20,30,20,22,3.6802101135253906,63.5,64.5,8.266
1765484995.0077095,99,38,28,30,42,3.679779052734375,63.5,64.5,8.45
1765484995.2086866,99,38,28,30,42,3.679779052734375,63.5,64.5,8.45
1765484995.4097679,99,38,28,30,42,3.679779052734375,63.5,64.5,8.45
1765484995.6112528,99,23,17,21,17,3.6805076599121094,63.5,64.5,7.923
1765484995.8125076,99,23,17,21,17,3.6805076599121094,63.5,64.5,7.923
1765484996.0137813,99,44,26,20,28,3.6811447143554688,63.5,64.5,8.305
1765484996.2148812,99,44,26,20,28,3.6811447143554688,63.5,64.5,8.305
1765484996.4162183,99,44,26,20,28,3.6811447143554688,63.5,64.5,8.305
1765484996.617509,99,28,28,27,36,3.6805648803710938,63.5,65.0,8.712
1765484996.8187373,99,28,28,27,36,3.6805648803710938,63.5,65.0,8.712
1765484997.019704,99,14,16,17,16,3.680286407470703,63.5,64.0,8.266
1765484997.220901,99,14,16,17,16,3.680286407470703,63.5,64.0,8.266
1765484997.4222536,99,14,16,17,16,3.680286407470703,63.5,64.0,8.266
1765484997.6234689,99,30,28,48,36,3.6806411743164062,64.0,64.5,8.712
1765484997.824548,99,30,28,48,36,3.6806411743164062,64.0,64.5,8.712
1765484998.0260913,95,14,17,12,20,3.6805992126464844,63.0,64.5,7.392
1765484998.2270904,95,14,17,12,20,3.6805992126464844,63.0,64.5,7.392
1765484998.4283006,95,14,17,12,20,3.6805992126464844,63.0,64.5,7.392
1765484998.6293879,99,18,33,34,19,3.680408477783203,63.5,64.0,8.266
1765484998.8306293,99,18,33,34,19,3.680408477783203,63.5,64.0,8.266
1765484999.0320113,99,36,36,35,48,3.680103302001953,64.0,64.5,8.83
1765484999.2331789,99,36,36,35,48,3.680103302001953,64.0,64.5,8.83
1765484999.4343448,99,36,36,35,48,3.680103302001953,64.0,64.5,8.83
1765484999.635583,55,19,17,16,16,3.681346893310547,63.0,64.5,6.778
1765484999.836928,55,19,17,16,16,3.681346893310547,63.0,64.5,6.778
1765485000.0381525,99,47,20,30,27,3.680828094482422,64.0,64.0,8.41
1765485000.2391498,99,47,20,30,27,3.680828094482422,64.0,64.0,8.41
1765485000.4404821,99,47,20,30,27,3.680828094482422,64.0,64.0,8.41
1765485000.64166,99,38,52,24,30,3.6809730529785156,63.5,64.5,8.371
1765485000.842817,99,38,52,24,30,3.6809730529785156,63.5,64.5,8.371
1765485001.0437658,99,20,18,20,10,3.6812362670898438,64.0,64.5,8.187
1765485001.2452645,99,20,18,20,10,3.6812362670898438,64.0,64.5,8.187
1765485001.4465716,99,20,18,20,10,3.6812362670898438,64.0,64.5,8.187
1765485001.6478016,99,38,24,23,24,3.681873321533203,64.0,64.5,8.331
1765485001.8491852,99,38,24,23,24,3.681873321533203,64.0,64.5,8.331
1765485002.0503001,99,37,25,24,34,3.681568145751953,63.5,65.0,8.331
1765485002.25147,99,37,25,24,34,3.681568145751953,63.5,65.0,8.331
1765485002.452648,99,37,25,24,34,3.681568145751953,63.5,65.0,8.331
1765485002.6537457,99,25,32,20,16,3.6817665100097656,64.0,64.5,8.305
1765485002.8548758,99,25,32,20,16,3.6817665100097656,64.0,64.5,8.305
1765485003.056172,99,21,40,30,22,3.6827735900878906,64.0,64.5,8.529
1765485003.2573197,99,21,40,30,22,3.6827735900878906,64.0,64.5,8.529
1765485003.458462,99,21,40,30,22,3.6827735900878906,64.0,64.5,8.529
1765485003.6597242,65,17,18,14,17,3.6821517944335938,63.5,64.5,6.618
1765485003.8608506,65,17,18,14,17,3.6821517944335938,63.5,64.5,6.618
1765485004.0619874,99,28,38,40,32,3.6817893981933594,64.0,64.5,8.568
1765485004.2632365,99,28,38,40,32,3.6817893981933594,64.0,64.5,8.568
1765485004.4645925,99,28,38,40,32,3.6817893981933594,64.0,64.5,8.568
1765485004.6657043,99,37,42,45,36,3.682086944580078,64.0,65.0,9.313
1765485004.8669455,99,37,42,45,36,3.682086944580078,64.0,65.0,9.313
1765485005.0680559,21,18,10,16,9,3.6827239990234375,63.5,65.0,6.32
1765485005.2691412,21,18,10,16,9,3.6827239990234375,63.5,65.0,6.32
1765485005.4701226,21,18,10,16,9,3.6827239990234375,63.5,65.0,6.32
1765485005.671295,99,27,28,41,30,3.681671142578125,64.0,64.5,8.41
1765485005.8725388,99,27,28,41,30,3.681671142578125,64.0,64.5,8.41
1765485006.0736244,99,27,31,29,52,3.6821441650390625,64.0,65.0,8.305
1765485006.2747078,99,27,31,29,52,3.6821441650390625,64.0,65.0,8.305
1765485006.4760725,99,27,31,29,52,3.6821441650390625,64.0,65.0,8.305
1765485006.6772726,99,17,17,22,21,3.681934356689453,64.0,65.0,8.226
1765485006.878429,99,17,17,22,21,3.681934356689453,64.0,65.0,8.226
1765485007.0797353,99,17,17,22,21,3.681934356689453,64.0,65.0,8.226
1765485007.2811303,99,28,27,18,34,3.6828231811523438,63.5,64.5,7.883
1765485007.4822876,99,28,27,18,34,3.6828231811523438,63.5,64.5,7.883
1765485007.683469,99,42,33,42,38,3.6814651489257812,63.5,65.0,8.83
1765485007.8847857,99,42,33,42,38,3.6814651489257812,63.5,65.0,8.83
1765485008.0858624,99,42,33,42,38,3.6814651489257812,63.5,65.0,8.83
1765485008.2894228,99,16,26,22,17,3.682086944580078,64.0,64.5,8.41
1765485008.4963796,99,16,26,22,17,3.682086944580078,64.0,64.5,8.41
1765485008.6975033,99,32,20,22,52,3.682384490966797,64.0,65.0,8.529
1765485008.8986485,99,32,20,22,52,3.682384490966797,64.0,65.0,8.529
1765485009.100223,99,32,20,22,52,3.682384490966797,64.0,65.0,8.529
1765485009.3014193,3,20,18,21,24,3.6814193725585938,63.5,64.5,6.897
1765485009.5026126,3,20,18,21,24,3.6814193725585938,63.5,64.5,6.897
1765485009.7038577,99,36,25,47,29,3.6840667724609375,64.5,65.0,8.489
1765485009.9112034,99,36,25,47,29,3.6840667724609375,64.5,65.0,8.489
1765485010.1129105,99,36,25,47,29,3.6840667724609375,64.5,65.0,8.489
1765485010.3140829,99,34,42,36,46,3.684185028076172,64.5,65.5,9.431
1765485010.5153193,99,34,42,36,46,3.684185028076172,64.5,65.5,9.431
1765485010.7169034,24,21,15,19,25,3.6846160888671875,63.5,65.0,6.509
1765485010.919066,24,21,15,19,25,3.6846160888671875,63.5,65.0,6.509
1765485011.1204042,24,21,15,19,25,3.6846160888671875,63.5,65.0,6.509
1765485011.3215466,99,34,34,58,28,3.6805381774902344,64.5,65.0,8.791
1765485011.5228176,99,34,34,58,28,3.6805381774902344,64.5,65.0,8.791
1765485011.7243946,99,30,22,30,42,3.6813621520996094,64.0,65.0,8.305
1765485011.9257042,99,30,22,30,42,3.6813621520996094,64.0,65.0,8.305
1765485012.1268892,99,30,22,30,42,3.6813621520996094,64.0,65.0,8.305
1765485012.3283188,99,16,16,16,14,3.6817474365234375,64.0,65.0,8.568
1765485012.5295026,99,16,16,16,14,3.6817474365234375,64.0,65.0,8.568
1765485012.7307842,99,43,25,18,23,3.6809921264648438,64.0,64.5,8.081
1765485012.9321682,99,43,25,18,23,3.6809921264648438,64.0,64.5,8.081
1765485013.133471,99,43,25,18,23,3.6809921264648438,64.0,64.5,8.081
1765485013.3345032,99,39,28,27,27,3.6810073852539062,64.0,65.0,8.45
1765485013.5357597,99,39,28,27,27,3.6810073852539062,64.0,65.0,8.45
1765485013.7374036,99,23,30,16,27,3.681396484375,64.0,64.5,8.489
1765485013.938549,99,23,30,16,27,3.681396484375,64.0,64.5,8.489
1765485014.1398056,99,23,30,16,27,3.681396484375,64.0,64.5,8.489
1765485014.3410437,99,46,20,23,30,3.68182373046875,64.0,65.5,8.87
1765485014.5421302,99,46,20,23,30,3.68182373046875,64.0,65.5,8.87
1765485014.7433522,68,16,17,16,23,3.680744171142578,63.5,65.0,6.818
1765485014.944501,68,16,17,16,23,3.680744171142578,63.5,65.0,6.818
1765485015.1456707,68,16,17,16,23,3.680744171142578,63.5,65.0,6.818
1765485015.3469143,99,29,44,25,23,3.6811141967773438,64.5,65.5,8.568
1765485015.5486534,99,29,44,25,23,3.6811141967773438,64.5,65.5,8.568
1765485015.7497392,99,38,34,33,47,3.681610107421875,64.0,65.5,9.509
1765485015.9508967,99,38,34,33,47,3.681610107421875,64.0,65.5,9.509
1765485016.152006,99,38,34,33,47,3.681610107421875,64.0,65.5,9.509
1765485016.3533914,48,15,12,17,11,3.681133270263672,63.5,64.5,5.658
1765485016.5548913,48,15,12,17,11,3.681133270263672,63.5,64.5,5.658
1765485016.756271,99,33,35,32,42,3.6805458068847656,64.5,65.5,8.45
1765485016.9574656,99,33,35,32,42,3.6805458068847656,64.5,65.5,8.45
1765485017.1588075,99,33,35,32,42,3.6805458068847656,64.5,65.5,8.45
1765485017.359995,99,47,43,56,57,3.6795196533203125,64.0,65.5,9.234
1765485017.561225,99,47,43,56,57,3.6795196533203125,64.0,65.5,9.234
1765485017.7626705,99,22,60,20,62,3.6807899475097656,65.0,66.0,8.752
1765485017.963848,99,22,60,20,62,3.6807899475097656,65.0,66.0,8.752
1765485018.1654358,99,22,60,20,62,3.6807899475097656,65.0,66.0,8.752
1765485018.3666992,99,42,17,25,22,3.6795120239257812,64.5,65.0,8.147
1765485018.5676503,99,42,17,25,22,3.6795120239257812,64.5,65.0,8.147
1765485018.7687387,99,30,30,29,38,3.6800880432128906,64.0,65.5,8.752
1765485018.9697742,99,30,30,29,38,3.6800880432128906,64.0,65.5,8.752
1765485019.171043,99,30,30,29,38,3.6800880432128906,64.0,65.5,8.752
1765485019.37223,99,31,25,20,18,3.6797142028808594,64.5,65.0,8.305
1765485019.573521,99,31,25,20,18,3.6797142028808594,64.5,65.0,8.305
1765485019.7747774,99,48,18,21,18,3.67987060546875,64.5,65.0,8.489
1765485019.976117,99,48,18,21,18,3.67987060546875,64.5,65.0,8.489
1765485020.177881,99,48,18,21,18,3.67987060546875,64.5,65.0,8.489
1765485020.379124,38,22,26,16,18,3.679546356201172,64.0,65.0,6.818
1765485020.5813704,38,22,26,16,18,3.679546356201172,64.0,65.0,6.818
1765485020.7828138,38,22,26,16,18,3.679546356201172,64.0,65.0,6.818
1765485020.9842324,99,25,39,25,25,3.6799888610839844,64.5,65.0,8.385
1765485021.1854508,99,25,39,25,25,3.6799888610839844,64.5,65.0,8.385
1765485021.3865867,99,48,21,40,39,3.680095672607422,65.0,65.5,9.431
1765485021.5878093,99,48,21,40,39,3.680095672607422,65.0,65.5,9.431
1765485021.7898424,99,48,21,40,39,3.680095672607422,65.0,65.5,9.431
1765485021.9910076,6,11,8,10,17,3.6795310974121094,64.0,64.5,5.929
1765485022.192165,6,11,8,10,17,3.6795310974121094,64.0,64.5,5.929
1765485022.3934546,99,47,30,34,35,3.6799240112304688,64.0,65.5,8.41
1765485022.5944545,99,47,30,34,35,3.6799240112304688,64.0,65.5,8.41
1765485022.7956688,99,47,30,34,35,3.6799240112304688,64.0,65.5,8.41
1765485022.997112,99,30,52,31,31,3.6796112060546875,64.5,65.0,8.41
1765485023.1987443,99,30,52,31,31,3.6796112060546875,64.5,65.0,8.41
1765485023.4001527,99,14,12,18,12,3.680614471435547,64.5,65.5,8.608
1765485023.6014674,99,14,12,18,12,3.680614471435547,64.5,65.5,8.608
1765485023.802683,99,14,12,18,12,3.680614471435547,64.5,65.5,8.608
1765485024.0042095,99,20,34,16,26,3.6800918579101562,65.0,65.0,8.147
1765485024.205225,99,20,34,16,26,3.6800918579101562,65.0,65.0,8.147
1765485024.4062562,99,47,24,26,27,3.679492950439453,64.0,65.0,8.45
1765485024.6074045,99,47,24,26,27,3.679492950439453,64.0,65.0,8.45
1765485024.8085046,99,47,24,26,27,3.679492950439453,64.0,65.0,8.45
1765485025.0095954,99,34,21,18,18,3.6799049377441406,64.5,65.5,8.41
1765485025.2107797,99,34,21,18,18,3.6799049377441406,64.5,65.5,8.41
1765485025.411822,99,21,16,18,42,3.6803627014160156,64.5,65.5,8.385
1765485025.6130798,99,21,16,18,42,3.6803627014160156,64.5,65.5,8.385
1765485025.814301,99,21,16,18,42,3.6803627014160156,64.5,65.5,8.385
1765485026.015572,16,16,14,19,24,3.6799049377441406,64.0,64.5,6.049
1765485026.2165678,16,16,14,19,24,3.6799049377441406,64.0,64.5,6.049
1765485026.417732,99,30,23,44,23,3.6798439025878906,65.0,65.0,8.489
1765485026.618852,99,30,23,44,23,3.6798439025878906,65.0,65.0,8.489
1765485026.8201616,99,30,23,44,23,3.6798439025878906,65.0,65.0,8.489
1765485027.0211642,99,33,33,42,38,3.680889129638672,64.5,66.0,9.391
1765485027.222376,99,33,33,42,38,3.680889129638672,64.5,66.0,9.391
1765485027.4236069,74,11,13,8,15,3.6809768676757812,64.0,65.0,5.898
1765485027.6246378,74,11,13,8,15,3.6809768676757812,64.0,65.0,5.898
1765485027.825605,74,11,13,8,15,3.6809768676757812,64.0,65.0,5.898
1765485028.0267599,99,50,30,34,32,3.679729461669922,65.0,65.5,8.385
1765485028.2280717,99,50,30,34,32,3.679729461669922,65.0,65.5,8.385
1765485028.429143,99,45,33,29,28,3.6799964904785156,64.5,65.5,8.371
1765485028.63012,99,45,33,29,28,3.6799964904785156,64.5,65.5,8.371
1765485028.8313239,99,45,33,29,28,3.6799964904785156,64.5,65.5,8.371
1765485029.0323727,99,17,16,14,14,3.681163787841797,64.5,66.0,8.345
1765485029.233368,99,17,16,14,14,3.681163787841797,64.5,66.0,8.345
1765485029.4344034,99,26,25,44,25,3.6803131103515625,64.5,65.5,8.345
1765485029.6356688,99,26,25,44,25,3.6803131103515625,64.5,65.5,8.345
1765485029.8368635,99,26,25,44,25,3.6803131103515625,64.5,65.5,8.345
1765485030.038079,99,37,27,22,37,3.6800613403320312,64.0,66.0,8.489
1765485030.2392008,99,37,27,22,37,3.6800613403320312,64.0,66.0,8.489
1765485030.440427,99,37,27,22,37,3.6800613403320312,64.0,66.0,8.489
1765485030.641504,99,16,17,35,16,3.679851531982422,65.0,65.5,8.45
1765485030.8425791,99,16,17,35,16,3.679851531982422,65.0,65.5,8.45
1765485031.0437627,99,22,45,18,20,3.6805496215820312,65.0,65.5,8.424
1765485031.2450566,99,22,45,18,20,3.6805496215820312,65.0,65.5,8.424
1765485031.446784,99,22,45,18,20,3.6805496215820312,65.0,65.5,8.424
1765485031.648186,36,26,20,18,16,3.680492401123047,64.0,65.5,6.509
1765485031.8493874,36,26,20,18,16,3.680492401123047,64.0,65.5,6.509
1765485032.0507104,99,44,25,24,16,3.6807289123535156,65.0,65.5,8.568
1765485032.2518528,99,44,25,24,16,3.6807289123535156,65.0,65.5,8.568
1765485032.4532647,99,44,25,24,16,3.6807289123535156,65.0,65.5,8.568
1765485032.65447,99,39,45,37,31,3.6811561584472656,64.5,65.5,9.313
1765485032.8556623,99,39,45,37,31,3.6811561584472656,64.5,65.5,9.313
1765485033.0568154,99,15,13,8,8,3.6810379028320312,64.5,64.5,6.629
1765485033.2581244,99,15,13,8,8,3.6810379028320312,64.5,64.5,6.629
1765485033.4594605,99,15,13,8,8,3.6810379028320312,64.5,64.5,6.629
1765485033.6607735,99,46,39,34,34,3.6803932189941406,65.0,65.5,8.226
1765485033.8621244,99,46,39,34,34,3.6803932189941406,65.0,65.5,8.226
1765485034.0635412,99,27,30,24,49,3.6813735961914062,65.0,65.0,8.121
1765485034.2649517,99,27,30,24,49,3.6813735961914062,65.0,65.0,8.121
1765485034.4661486,99,27,30,24,49,3.6813735961914062,65.0,65.0,8.121
1765485034.6673892,99,18,16,4,23,3.6821250915527344,65.0,65.5,9.352
1765485034.8685536,99,18,16,4,23,3.6821250915527344,65.0,65.5,9.352
1765485035.069604,99,28,16,22,40,3.6812782287597656,65.0,65.5,7.856
1765485035.2707763,99,28,16,22,40,3.6812782287597656,65.0,65.5,7.856
1765485035.4718802,99,28,16,22,40,3.6812782287597656,65.0,65.5,7.856
1765485035.6732938,74,22,26,27,23,3.681629180908203,64.0,65.5,6.857
1765485035.874496,74,22,26,27,23,3.681629180908203,64.0,65.5,6.857
1765485036.075718,99,28,21,40,25,3.6813926696777344,65.0,66.0,8.726
1765485036.2768667,99,28,21,40,25,3.6813926696777344,65.0,66.0,8.726
1765485036.4780562,99,28,21,40,25,3.6813926696777344,65.0,66.0,8.726
1765485036.67912,99,44,14,23,14,3.6820297241210938,64.5,65.5,8.712
1765485036.8804293,99,44,14,23,14,3.6820297241210938,64.5,65.5,8.712
1765485037.0815299,55,19,16,20,20,3.681774139404297,64.0,65.0,6.08
1765485037.2826924,55,19,16,20,20,3.681774139404297,64.0,65.0,6.08
1765485037.4837308,55,19,16,20,20,3.681774139404297,64.0,65.0,6.08
1765485037.6850414,99,31,32,29,50,3.6833114624023438,65.0,65.5,8.266
1765485037.8861258,99,31,32,29,50,3.6833114624023438,65.0,65.5,8.266
1765485038.087352,99,37,26,33,22,3.6841392517089844,64.5,66.0,8.568
1765485038.288402,99,37,26,33,22,3.6841392517089844,64.5,66.0,8.568
1765485038.489585,99,37,26,33,22,3.6841392517089844,64.5,66.0,8.568
1765485038.6907036,99,14,15,21,25,3.6832199096679688,65.0,65.5,8.002
1765485038.8918955,99,14,15,21,25,3.6832199096679688,65.0,65.5,8.002
1765485039.093049,99,26,28,56,34,3.683826446533203,65.0,65.5,8.266
1765485039.2942238,99,26,28,56,34,3.683826446533203,65.0,65.5,8.266
1765485039.495629,99,26,28,56,34,3.683826446533203,65.0,65.5,8.266
1765485039.696895,99,35,25,20,19,3.6837005615234375,64.5,65.5,7.392
1765485039.8980062,99,35,25,20,19,3.6837005615234375,64.5,65.5,7.392
1765485040.0990448,99,41,16,18,21,3.6844406127929688,65.0,66.5,8.949
1765485040.3001823,99,41,16,18,21,3.6844406127929688,65.0,66.5,8.949
1765485040.5013483,99,41,16,18,21,3.6844406127929688,65.0,66.5,8.949
1765485040.702545,99,52,26,28,33,3.6839981079101562,65.0,65.5,8.568
1765485040.903725,99,52,26,28,33,3.6839981079101562,65.0,65.5,8.568
1765485041.1050751,99,52,26,28,33,3.6839981079101562,65.0,65.5,8.568
1765485041.3062038,33,25,20,19,18,3.6842041015625,65.0,65.5,6.509
1765485041.507512,33,25,20,19,18,3.6842041015625,65.0,65.5,6.509
1765485041.7088013,99,28,26,26,42,3.6850051879882812,65.0,66.0,8.555
1765485041.910185,99,28,26,26,42,3.6850051879882812,65.0,66.0,8.555
1765485042.1112583,99,28,26,26,42,3.6850051879882812,65.0,66.0,8.555
1765485042.3123791,99,40,18,12,12,3.6852569580078125,64.5,65.5,8.081
1765485042.5135982,99,40,18,12,12,3.6852569580078125,64.5,65.5,8.081
1765485042.7146127,99,22,24,24,25,3.685138702392578,65.0,65.5,8.45
1765485042.9157946,99,22,24,24,25,3.685138702392578,65.0,65.5,8.45
1765485043.1170132,99,22,24,24,25,3.685138702392578,65.0,65.5,8.45
1765485043.3181603,99,45,22,35,37,3.6858901977539062,65.0,66.0,8.489
1765485043.5196235,99,45,22,35,37,3.6858901977539062,65.0,66.0,8.489
1765485043.720947,99,13,23,18,17,3.6864242553710938,65.0,66.0,7.737
1765485043.9222693,99,13,23,18,17,3.6864242553710938,65.0,66.0,7.737
1765485044.1234095,99,13,23,18,17,3.6864242553710938,65.0,66.0,7.737
1765485044.3249307,99,28,17,24,33,3.6863746643066406,65.0,66.0,8.608
1765485044.526328,99,28,17,24,33,3.6863746643066406,65.0,66.0,8.608
1765485044.7277825,99,36,26,32,52,3.6862564086914062,65.0,66.0,8.45
1765485044.9291403,99,36,26,32,52,3.6862564086914062,65.0,66.0,8.45
1765485045.130239,99,36,26,32,52,3.6862564086914062,65.0,66.0,8.45
1765485045.331321,99,26,22,19,16,3.6872825622558594,65.0,65.5,7.962
1765485045.5326154,99,26,22,19,16,3.6872825622558594,65.0,65.5,7.962
1765485045.733867,99,36,47,23,28,3.68780517578125,65.0,66.0,8.909
1765485045.9349046,99,36,47,23,28,3.68780517578125,65.0,66.0,8.909
1765485046.1362774,99,36,47,23,28,3.68780517578125,65.0,66.0,8.909
1765485046.33764,99,31,26,21,30,3.6871681213378906,65.0,66.0,7.962
1765485046.538791,99,31,26,21,30,3.6871681213378906,65.0,66.0,7.962
1765485046.7401993,99,35,21,18,18,3.687938690185547,65.0,66.0,8.081
1765485046.9415534,99,35,21,18,18,3.687938690185547,65.0,66.0,8.081
1765485047.1428506,99,35,21,18,18,3.687938690185547,65.0,66.0,8.081
1765485047.3441145,99,31,28,46,37,3.6890182495117188,65.5,67.0,9.21
1765485047.545305,99,31,28,46,37,3.6890182495117188,65.5,67.0,9.21
1765485047.7465005,99,10,11,13,14,3.6879959106445312,65.0,65.0,6.749
1765485047.947705,99,10,11,13,14,3.6879959106445312,65.0,65.0,6.749
1765485048.1488717,99,10,11,13,14,3.6879959106445312,65.0,65.0,6.749
1765485048.3498416,99,31,47,34,36,3.6883506774902344,65.5,66.5,8.687
1765485048.551043,99,31,47,34,36,3.6883506774902344,65.5,66.5,8.687
1765485048.7523851,99,39,29,29,44,3.6894302368164062,65.0,66.0,8.489
1765485048.9535656,99,39,29,29,44,3.6894302368164062,65.0,66.0,8.489
1765485049.1550584,99,39,29,29,44,3.6894302368164062,65.0,66.0,8.489
1765485049.3568013,99,26,18,23,14,3.690021514892578,65.0,66.0,8.608
1765485049.558104,99,26,18,23,14,3.690021514892578,65.0,66.0,8.608
1765485049.7592163,99,41,26,20,22,3.6889572143554688,65.0,66.0,8.042
1765485049.9606512,99,41,26,20,22,3.6889572143554688,65.0,66.0,8.042
1765485050.1618996,99,41,26,20,22,3.6889572143554688,65.0,66.0,8.042
1765485050.3631217,99,33,40,25,31,3.689105987548828,65.0,66.5,8.489
1765485050.5643857,99,33,40,25,31,3.689105987548828,65.0,66.5,8.489
1765485050.7654607,99,21,36,21,17,3.6894187927246094,65.5,66.0,8.673
1765485050.9666352,99,21,36,21,17,3.6894187927246094,65.5,66.0,8.673
1765485051.1677523,99,21,36,21,17,3.6894187927246094,65.5,66.0,8.673
1765485051.3690698,99,50,16,20,12,3.690052032470703,65.5,66.0,8.687
1765485051.5702784,99,50,16,20,12,3.690052032470703,65.5,66.0,8.687
1765485051.7726057,58,22,19,18,30,3.6896934509277344,64.5,65.5,6.669
1765485051.9739525,58,22,19,18,30,3.6896934509277344,64.5,65.5,6.669
1765485052.1751463,58,22,19,18,30,3.6896934509277344,64.5,65.5,6.669
1765485052.3763945,99,24,20,31,43,3.689502716064453,65.5,66.0,8.673
1765485052.5778153,99,24,20,31,43,3.689502716064453,65.5,66.0,8.673
1765485052.7792354,99,24,20,31,43,3.689502716064453,65.5,66.0,8.673
1765485052.9811895,99,30,29,51,34,3.6902694702148438,65.5,66.5,9.21
1765485053.1824348,99,30,29,51,34,3.6902694702148438,65.5,66.5,9.21
1765485053.3835666,99,10,15,8,12,3.6893959045410156,65.0,65.5,7.471
1765485053.5849404,99,10,15,8,12,3.6893959045410156,65.0,65.5,7.471
1765485053.7864773,99,10,15,8,12,3.6893959045410156,65.0,65.5,7.471
1765485053.9881535,99,52,64,38,52,3.6835556030273438,65.5,65.5,8.345
1765485054.1895497,99,52,64,38,52,3.6835556030273438,65.5,65.5,8.345
1765485054.390786,99,34,29,34,26,3.682849884033203,65.0,66.0,8.266
1765485054.5918713,99,34,29,34,26,3.682849884033203,65.0,66.0,8.266
1765485054.793152,99,34,29,34,26,3.682849884033203,65.0,66.0,8.266
1765485054.994773,99,19,15,18,14,3.6839027404785156,65.5,66.5,8.974
1765485055.196151,99,19,15,18,14,3.6839027404785156,65.5,66.5,8.974
1765485055.3973463,99,16,42,22,30,3.682849884033203,65.5,65.5,7.923
1765485055.5983658,99,16,42,22,30,3.682849884033203,65.5,65.5,7.923
1765485055.7997122,99,16,42,22,30,3.682849884033203,65.5,65.5,7.923
1765485056.0010056,99,40,23,32,26,3.6829071044921875,65.0,66.0,8.147
1765485056.2022986,99,40,23,32,26,3.6829071044921875,65.0,66.0,8.147
1765485056.4034603,99,27,26,18,34,3.6832046508789062,65.5,66.0,8.608
1765485056.6050336,99,27,26,18,34,3.6832046508789062,65.5,66.0,8.608
1765485056.8062737,99,27,26,18,34,3.6832046508789062,65.5,66.0,8.608
1765485057.0074356,99,23,34,20,18,3.6832656860351562,65.5,66.0,8.45
1765485057.2086024,99,23,34,20,18,3.6832656860351562,65.5,66.0,8.45
1765485057.4098454,99,23,23,16,24,3.6832046508789062,65.0,66.0,6.669
1765485057.6112201,99,23,23,16,24,3.6832046508789062,65.0,66.0,6.669
1765485057.8123305,99,23,23,16,24,3.6832046508789062,65.0,66.0,6.669
1765485058.0138304,99,48,30,30,22,3.683074951171875,66.0,66.0,8.647
1765485058.215204,99,48,30,30,22,3.683074951171875,66.0,66.0,8.647
1765485058.4162867,99,47,34,24,28,3.6837234497070312,65.5,66.0,9.21
1765485058.617345,99,47,34,24,28,3.6837234497070312,65.5,66.0,9.21
1765485058.81848,99,47,34,24,28,3.6837234497070312,65.5,66.0,9.21
1765485059.0209198,99,15,13,15,14,3.683086395263672,65.0,65.5,6.589
1765485059.2228863,99,15,13,15,14,3.683086395263672,65.0,65.5,6.589
1765485059.4240878,99,53,35,40,29,3.682842254638672,65.5,66.0,8.371
1765485059.6251743,99,53,35,40,29,3.682842254638672,65.5,66.0,8.371
1765485059.826626,99,53,35,40,29,3.682842254638672,65.5,66.0,8.371
1765485060.0281625,99,43,29,35,28,3.682788848876953,65.5,66.5,8.608
1765485060.229447,99,43,29,35,28,3.682788848876953,65.5,66.5,8.608
1765485060.430747,99,20,22,21,18,3.6834793090820312,66.0,66.5,8.568
1765485060.6319673,99,20,22,21,18,3.6834793090820312,66.0,66.5,8.568
1765485060.8330894,99,20,22,21,18,3.6834793090820312,66.0,66.5,8.568
1765485061.0343895,99,22,49,25,31,3.6826019287109375,65.5,66.5,8.568
1765485061.235345,99,22,49,25,31,3.6826019287109375,65.5,66.5,8.568
1765485061.436607,99,24,28,24,35,3.6830711364746094,65.5,66.5,8.266
1765485061.637867,99,24,28,24,35,3.6830711364746094,65.5,66.5,8.266
1765485061.839277,99,24,28,24,35,3.6830711364746094,65.5,66.5,8.266
1765485062.0404165,99,20,33,18,21,3.6833419799804688,66.0,66.5,8.791
1765485062.241664,99,20,33,18,21,3.6833419799804688,66.0,66.5,8.791
1765485062.4426787,99,20,38,16,24,3.6828346252441406,66.0,66.0,8.345
1765485062.6437473,99,20,38,16,24,3.6828346252441406,66.0,66.0,8.345
1765485062.8486385,99,20,38,16,24,3.6828346252441406,66.0,66.0,8.345
1765485063.0497775,99,27,22,17,23,3.683124542236328,65.0,66.0,6.36
1765485063.2509267,99,27,22,17,23,3.683124542236328,65.0,66.0,6.36
1765485063.452188,99,32,22,44,26,3.6830673217773438,66.0,66.0,8.529
1765485063.653334,99,32,22,44,26,3.6830673217773438,66.0,66.0,8.529
1765485063.8546448,99,32,22,44,26,3.6830673217773438,66.0,66.0,8.529
1765485064.0557501,99,22,28,26,53,3.6838531494140625,66.0,66.5,9.313
1765485064.2569742,99,22,28,26,53,3.6838531494140625,66.0,66.5,9.313
1765485064.4581747,54,20,8,15,13,3.6828269958496094,65.5,66.0,6.32
1765485064.659273,54,20,8,15,13,3.6828269958496094,65.5,66.0,6.32
1765485064.8604283,54,20,8,15,13,3.6828269958496094,65.5,66.0,6.32
1765485065.0617347,99,30,50,24,40,3.682952880859375,66.0,66.5,8.489
1765485065.2631376,99,30,50,24,40,3.682952880859375,66.0,66.5,8.489
1765485065.4648168,99,30,50,24,40,3.682952880859375,66.0,66.5,8.489
1765485065.665997,99,48,38,32,35,3.683208465576172,66.0,66.5,8.974
1765485065.8671765,99,48,38,32,35,3.683208465576172,66.0,66.5,8.974
1765485066.0684478,99,8,14,22,8,3.683856964111328,66.0,66.5,8.385
1765485066.2696528,99,8,14,22,8,3.683856964111328,66.0,66.5,8.385
1765485066.470674,99,8,14,22,8,3.683856964111328,66.0,66.5,8.385
1765485066.6717863,99,26,50,22,24,3.68304443359375,66.0,66.5,8.266
1765485066.8728828,99,26,50,22,24,3.68304443359375,66.0,66.5,8.266
1765485067.073991,99,40,34,28,26,3.683399200439453,66.0,66.5,8.489
1765485067.2749822,99,40,34,28,26,3.683399200439453,66.0,66.5,8.489
1765485067.476327,99,40,34,28,26,3.683399200439453,66.0,66.5,8.489
1765485067.6773355,99,25,33,24,20,3.68402099609375,66.0,67.0,9.431
1765485067.8784354,99,25,33,24,20,3.68402099609375,66.0,67.0,9.431
1765485068.0795646,99,35,20,18,32,3.6829261779785156,66.0,67.0,8.305
1765485068.28066,99,35,20,18,32,3.6829261779785156,66.0,67.0,8.305
1765485068.4817913,99,35,20,18,32,3.6829261779785156,66.0,67.0,8.305
1765485068.6828916,47,28,22,21,28,3.6830406188964844,65.5,66.5,6.926
1765485068.8841584,47,28,22,21,28,3.6830406188964844,65.5,66.5,6.926
1765485069.0853238,99,26,22,26,41,3.6829833984375,66.0,66.5,8.529
1765485069.2869923,99,26,22,26,41,3.6829833984375,66.0,66.5,8.529
1765485069.4885767,99,26,22,26,41,3.6829833984375,66.0,66.5,8.529
1765485069.6898456,99,28,24,22,42,3.6839599609375,66.0,67.0,9.352
1765485069.890982,99,28,24,22,42,3.6839599609375,66.0,67.0,9.352
1765485070.094648,32,21,6,18,14,3.682880401611328,65.0,65.5,6.009
1765485070.2963576,32,21,6,18,14,3.682880401611328,65.0,65.5,6.009
1765485070.4975245,32,21,6,18,14,3.682880401611328,65.0,65.5,6.009
1765485070.6987152,99,48,52,42,42,3.683361053466797,66.0,67.0,8.909
1765485070.8998992,99,48,52,42,42,3.683361053466797,66.0,67.0,8.909
1765485071.1010895,99,47,38,34,28,3.683483123779297,66.0,67.0,9.013
1765485071.302258,99,47,38,34,28,3.683483123779297,66.0,67.0,9.013
1765485071.5034466,99,47,38,34,28,3.683483123779297,66.0,67.0,9.013
1765485071.7048693,99,19,8,20,15,3.6837501525878906,66.0,66.0,8.002
1765485071.9061627,99,19,8,20,15,3.6837501525878906,66.0,66.0,8.002
1765485072.107414,99,51,35,24,32,3.683094024658203,66.0,66.5,7.962
1765485072.3087485,99,51,35,24,32,3.683094024658203,66.0,66.5,7.962
1765485072.5098782,99,51,35,24,32,3.683094024658203,66.0,66.5,7.962
1765485072.7110026,99,34,33,25,32,3.6832008361816406,66.0,67.0,8.87
1765485072.9123821,99,34,33,25,32,3.6832008361816406,66.0,67.0,8.87
1765485073.114639,99,19,22,15,29,3.684356689453125,66.0,67.0,8.949
1765485073.3172162,99,19,22,15,29,3.684356689453125,66.0,67.0,8.949
1765485073.5184448,99,19,22,15,29,3.684356689453125,66.0,67.0,8.949
1765485073.7202554,99,40,19,21,27,3.6831626892089844,66.0,66.5,7.962
1765485073.9214306,99,40,19,21,27,3.6831626892089844,66.0,66.5,7.962
1765485074.1227274,19,33,20,25,25,3.6832427978515625,65.5,67.0,6.926
1765485074.3244693,19,33,20,25,25,3.6832427978515625,65.5,67.0,6.926
1765485074.5257673,19,33,20,25,25,3.6832427978515625,65.5,67.0,6.926
1765485074.7269819,99,39,22,34,20,3.6833038330078125,66.0,66.5,8.87
1765485074.9284325,99,39,22,34,20,3.6833038330078125,66.0,66.5,8.87
1765485075.1296248,99,44,23,23,26,3.683940887451172,66.5,67.0,9.17
1765485075.3308792,99,44,23,23,26,3.683940887451172,66.5,67.0,9.17
1765485075.5329206,99,44,23,23,26,3.683940887451172,66.5,67.0,9.17
1765485075.7342505,0,16,6,15,20,3.6830101013183594,65.5,66.5,5.818
1765485075.9353573,0,16,6,15,20,3.6830101013183594,65.5,66.5,5.818
1765485076.1367188,0,16,6,15,20,3.6830101013183594,65.5,66.5,5.818
1765485076.337931,99,44,38,38,25,3.6829490661621094,66.5,66.5,8.385
1765485076.5397308,99,44,38,38,25,3.6829490661621094,66.5,66.5,8.385
1765485076.741462,99,35,46,33,32,3.6841468811035156,66.0,67.0,8.988
1765485076.9488335,99,35,46,33,32,3.6841468811035156,66.0,67.0,8.988
1765485077.1500688,99,35,46,33,32,3.6841468811035156,66.0,67.0,8.988
1765485077.3511946,99,17,11,15,11,3.6833763122558594,66.0,66.5,7.923
1765485077.5522609,99,17,11,15,11,3.6833763122558594,66.0,66.5,7.923
1765485077.7534802,99,32,28,48,30,3.6834259033203125,66.0,66.5,8.226
1765485077.9550238,99,32,28,48,30,3.6834259033203125,66.0,66.5,8.226
1765485078.1562488,99,32,28,48,30,3.6834259033203125,66.0,66.5,8.226
1765485078.3572228,99,27,31,23,36,3.683086395263672,66.0,67.0,8.608
1765485078.5584965,99,27,31,23,36,3.683086395263672,66.0,67.0,8.608
1765485078.7596085,99,28,25,21,21,3.684661865234375,66.5,67.5,9.17
1765485078.9607358,99,28,25,21,21,3.684661865234375,66.5,67.5,9.17
1765485079.162358,99,28,25,21,21,3.684661865234375,66.5,67.5,9.17
1765485079.363659,99,32,17,19,32,3.6833267211914062,66.5,66.5,8.305
1765485079.5648012,99,32,17,19,32,3.6833267211914062,66.5,66.5,8.305
1765485079.7659798,23,28,22,20,24,3.6835250854492188,65.5,66.5,6.738
1765485079.9672132,23,28,22,20,24,3.6835250854492188,65.5,66.5,6.738
1765485080.1684325,23,28,22,20,24,3.6835250854492188,65.5,66.5,6.738
1765485080.3694534,99,19,33,45,26,3.6838722229003906,66.5,67.0,8.87
1765485080.57083,99,19,33,45,26,3.6838722229003906,66.5,67.0,8.87
1765485080.7723832,99,18,43,22,22,3.684185028076172,66.5,67.5,9.352
1765485080.9734826,99,18,43,22,22,3.684185028076172,66.5,67.5,9.352
1765485081.1747074,99,18,43,22,22,3.684185028076172,66.5,67.5,9.352
1765485081.3760233,14,16,15,14,17,3.6836814880371094,66.0,66.5,6.089
1765485081.576965,14,16,15,14,17,3.6836814880371094,66.0,66.5,6.089
1765485081.7780735,99,33,50,28,31,3.6839332580566406,66.0,66.5,8.345
1765485081.9790418,99,33,50,28,31,3.6839332580566406,66.0,66.5,8.345
1765485082.18111,99,33,50,28,31,3.6839332580566406,66.0,66.5,8.345
1765485082.3821993,99,49,35,35,32,3.6840896606445312,66.0,67.5,9.273
1765485082.5836449,99,49,35,35,32,3.6840896606445312,66.0,67.5,9.273
1765485082.7845166,99,20,14,19,14,3.6847000122070312,66.0,66.5,7.962
1765485082.9856665,99,20,14,19,14,3.6847000122070312,66.0,66.5,7.962
1765485083.1866858,99,20,14,19,14,3.6847000122070312,66.0,66.5,7.962
1765485083.387819,99,32,32,34,45,3.683635711669922,66.0,67.0,8.226
1765485083.5889332,99,32,32,34,45,3.683635711669922,66.0,67.0,8.226
1765485083.7899642,99,36,20,24,38,3.6834182739257812,65.5,67.5,8.424
1765485083.991009,99,36,20,24,38,3.6834182739257812,65.5,67.5,8.424
1765485084.192231,99,36,20,24,38,3.6834182739257812,65.5,67.5,8.424
1765485084.3931708,99,12,8,16,25,3.68414306640625,66.0,67.5,8.909
1765485084.5944197,99,12,8,16,25,3.68414306640625,66.0,67.5,8.909
1765485084.7958715,99,24,46,21,16,3.683269500732422,66.0,66.5,8.081
1765485084.997186,99,24,46,21,16,3.683269500732422,66.0,66.5,8.081
1765485085.198222,99,24,46,21,16,3.683269500732422,66.0,66.5,8.081
1765485085.3995097,81,26,27,21,27,3.6832923889160156,65.5,66.5,6.48
1765485085.600885,81,26,27,21,27,3.6832923889160156,65.5,66.5,6.48
1765485085.8019676,99,47,22,28,27,3.68328857421875,66.5,67.5,8.909
1765485086.0032077,99,47,22,28,27,3.68328857421875,66.5,67.5,8.909
1765485086.204459,99,47,22,28,27,3.68328857421875,66.5,67.5,8.909
1765485086.4056945,99,47,14,18,22,3.6840858459472656,66.5,67.0,8.87
1765485086.606837,99,47,14,18,22,3.6840858459472656,66.5,67.0,8.87
1765485086.808213,99,18,17,6,12,3.6834182739257812,66.0,66.5,6.549
1765485087.009357,99,18,17,6,12,3.6834182739257812,66.0,66.5,6.549
1765485087.2104645,99,18,17,6,12,3.6834182739257812,66.0,66.5,6.549
1765485087.4116166,99,30,52,34,42,3.6834068298339844,66.0,66.5,8.331
1765485087.6129286,99,30,52,34,42,3.6834068298339844,66.0,66.5,8.331
1765485087.8149104,99,30,52,34,42,3.6834068298339844,66.0,66.5,8.331
1765485088.0161128,99,30,25,28,32,3.684326171875,66.0,67.0,8.909
1765485088.2172453,99,30,25,28,32,3.684326171875,66.0,67.0,8.909
1765485088.4185922,99,19,17,23,8,3.6839599609375,66.0,66.5,8.187
1765485088.6197684,99,19,17,23,8,3.6839599609375,66.0,66.5,8.187
1765485088.8210185,99,19,17,23,8,3.6839599609375,66.0,66.5,8.187
1765485089.0221884,99,46,32,32,33,3.683856964111328,66.0,67.0,8.331
1765485089.2236419,99,46,32,32,33,3.683856964111328,66.0,67.0,8.331
1765485089.424823,99,29,31,26,26,3.6845359802246094,65.5,67.0,8.147
1765485089.6259518,99,29,31,26,26,3.6845359802246094,65.5,67.0,8.147
1765485089.8282883,99,29,31,26,26,3.6845359802246094,65.5,67.0,8.147
1765485090.029492,99,14,14,16,30,3.6855735778808594,66.0,67.5,8.83
1765485090.2307022,99,14,14,16,30,3.6855735778808594,66.0,67.5,8.83
1765485090.431749,99,52,18,20,17,3.6846847534179688,66.5,67.0,8.568
1765485090.6330082,99,52,18,20,17,3.6846847534179688,66.5,67.0,8.568
1765485090.834141,99,52,18,20,17,3.6846847534179688,66.5,67.0,8.568
1765485091.0353694,79,20,25,25,18,3.6849136352539062,65.5,67.0,6.749
1765485091.236464,79,20,25,25,18,3.6849136352539062,65.5,67.0,6.749
1765485091.4377139,99,26,47,24,34,3.6847686767578125,66.5,67.0,9.052
1765485091.639508,99,26,47,24,34,3.6847686767578125,66.5,67.0,9.052
1765485091.8408937,99,26,47,24,34,3.6847686767578125,66.5,67.0,9.052
1765485092.0422912,99,22,12,24,39,3.6849594116210938,66.0,67.0,8.647
1765485092.245214,99,22,12,24,39,3.6849594116210938,66.0,67.0,8.647
1765485092.4466352,99,25,17,18,16,3.6849136352539062,66.0,66.5,6.29
1765485092.6481075,99,25,17,18,16,3.6849136352539062,66.0,66.5,6.29
1765485092.8493142,99,25,17,18,16,3.6849136352539062,66.0,66.5,6.29
1765485093.0505228,99,29,55,30,30,3.6844558715820312,66.0,67.0,8.489
1765485093.252861,99,29,55,30,30,3.6844558715820312,66.0,67.0,8.489
1765485093.4540398,99,27,36,29,33,3.685169219970703,66.0,67.5,8.934
1765485093.65516,99,27,36,29,33,3.685169219970703,66.0,67.5,8.934
1765485093.856472,99,27,36,29,33,3.685169219970703,66.0,67.5,8.934
1765485094.0579698,99,16,12,17,16,3.6845436096191406,66.5,67.0,7.737
1765485094.2591124,99,16,12,17,16,3.6845436096191406,66.5,67.0,7.737
1765485094.460369,99,47,30,35,43,3.6843605041503906,66.5,67.0,8.081
1765485094.6620064,99,47,30,35,43,3.6843605041503906,66.5,67.0,8.081
1765485094.865972,99,47,30,35,43,3.6843605041503906,66.5,67.0,8.081
1765485095.0673304,99,22,42,28,24,3.684337615966797,66.5,67.0,8.974
1765485095.2684836,99,22,42,28,24,3.684337615966797,66.5,67.0,8.974
1765485095.4695551,99,15,16,13,25,3.6851730346679688,66.5,67.5,9.013
1765485095.679792,99,15,16,13,25,3.6851730346679688,66.5,67.5,9.013
1765485095.8811119,99,15,16,13,25,3.6851730346679688,66.5,67.5,9.013
1765485096.082496,99,38,24,20,40,3.6846694946289062,66.5,67.0,7.962
1765485096.2836692,99,38,24,20,40,3.6846694946289062,66.5,67.0,7.962
1765485096.4849079,93,34,22,28,29,3.6844520568847656,65.5,67.0,7.658
1765485096.6889422,93,34,22,28,29,3.6844520568847656,65.5,67.0,7.658
1765485096.8901553,93,34,22,28,29,3.6844520568847656,65.5,67.0,7.658
1765485097.0916464,99,40,25,23,21,3.6845130920410156,66.5,67.5,8.83
1765485097.2936454,99,40,25,23,21,3.6845130920410156,66.5,67.5,8.83
1765485097.494791,99,26,17,20,37,3.6847610473632812,66.0,67.0,8.791
1765485097.6960409,99,26,17,20,37,3.6847610473632812,66.0,67.0,8.791
1765485097.8973951,99,26,17,20,37,3.6847610473632812,66.0,67.0,8.791
1765485098.0986335,99,20,21,18,26,3.6849517822265625,66.0,67.0,7.245
1765485098.2998116,99,20,21,18,26,3.6849517822265625,66.0,67.0,7.245
1765485098.5011187,99,46,24,28,20,3.6845932006835938,66.5,67.0,8.633
1765485098.702217,99,46,24,28,20,3.6845932006835938,66.5,67.0,8.633
1765485098.903453,99,46,24,28,20,3.6845932006835938,66.5,67.0,8.633
1765485099.1045184,99,36,34,32,43,3.6853866577148438,66.5,68.0,9.313
1765485099.3055835,99,36,34,32,43,3.6853866577148438,66.5,68.0,9.313
1765485099.506739,99,36,34,32,43,3.6853866577148438,66.5,68.0,9.313
1765485099.7078884,99,13,8,14,11,3.6848831176757812,66.0,67.0,7.364
1765485099.9096253,99,13,8,14,11,3.6848831176757812,66.0,67.0,7.364
1765485100.1108434,99,38,31,42,44,3.6851806640625,66.5,67.0,8.226
1765485100.3120186,99,38,31,42,44,3.6851806640625,66.5,67.0,8.226
1765485100.5131154,99,38,31,42,44,3.6851806640625,66.5,67.0,8.226
1765485100.7209954,99,30,36,32,36,3.6846771240234375,66.5,67.0,8.45
1765485100.9221933,99,30,36,32,36,3.6846771240234375,66.5,67.0,8.45
1765485101.12314,99,24,12,21,22,3.6860885620117188,66.5,67.5,8.974
1765485101.3244233,99,24,12,21,22,3.6860885620117188,66.5,67.5,8.974
1765485101.5254962,99,24,12,21,22,3.6860885620117188,66.5,67.5,8.974
1765485101.7268798,99,28,18,16,40,3.6851119995117188,66.5,67.0,7.936
1765485101.9282854,99,28,18,16,40,3.6851119995117188,66.5,67.0,7.936
1765485102.129455,99,32,19,27,37,3.6853981018066406,66.0,67.0,7.923
1765485102.3306153,99,32,19,27,37,3.6853981018066406,66.0,67.0,7.923
1765485102.5317187,99,32,19,27,37,3.6853981018066406,66.0,67.0,7.923
1765485102.733002,99,21,28,34,22,3.6857337951660156,66.5,67.0,8.909
1765485102.934528,99,21,28,34,22,3.6857337951660156,66.5,67.0,8.909
1765485103.1356876,99,20,22,16,37,3.68585205078125,66.5,67.0,8.712
1765485103.3367896,99,20,22,16,37,3.68585205078125,66.5,67.0,8.712
1765485103.5380065,99,20,22,16,37,3.68585205078125,66.5,67.0,8.712
1765485103.7391472,99,26,23,12,14,3.6851119995117188,65.5,67.0,7.125
1765485103.940205,99,26,23,12,14,3.6851119995117188,65.5,67.0,7.125
1765485104.1413913,99,53,15,28,30,3.6850509643554688,67.0,67.5,8.752
1765485104.3426182,99,53,15,28,30,3.6850509643554688,67.0,67.5,8.752
1765485104.543902,99,53,15,28,30,3.6850509643554688,67.0,67.5,8.752
1765485104.745083,99,41,26,37,29,3.6851425170898438,66.5,68.0,9.313
1765485104.9462404,99,41,26,37,29,3.6851425170898438,66.5,68.0,9.313
1765485105.147373,99,15,18,10,15,3.6848716735839844,66.0,67.0,7.511
1765485105.3488326,99,15,18,10,15,3.6848716735839844,66.0,67.0,7.511
1765485105.5498803,99,15,18,10,15,3.6848716735839844,66.0,67.0,7.511
1765485105.7510946,99,54,30,44,27,3.6850013732910156,66.5,67.0,8.226
1765485105.9529705,99,54,30,44,27,3.6850013732910156,66.5,67.0,8.226
1765485106.154347,99,38,35,34,34,3.6853866577148438,66.5,68.5,9.052
1765485106.3555703,99,38,35,34,34,3.6853866577148438,66.5,68.5,9.052
1765485106.5568492,99,38,35,34,34,3.6853866577148438,66.5,68.5,9.052
1765485106.7579625,99,19,11,9,17,3.686290740966797,66.5,67.5,8.371
1765485106.9591265,99,19,11,9,17,3.686290740966797,66.5,67.5,8.371
1765485107.1603627,99,27,50,26,28,3.6852989196777344,66.5,67.0,8.121
1765485107.3616474,99,27,50,26,28,3.6852989196777344,66.5,67.0,8.121
1765485107.562728,99,27,50,26,28,3.6852989196777344,66.5,67.0,8.121
1765485107.7641945,99,38,30,30,24,3.6852378845214844,66.5,68.0,8.345
1765485107.9654078,99,38,30,30,24,3.6852378845214844,66.5,68.0,8.345
1765485108.1664267,99,38,26,25,21,3.6857261657714844,66.5,68.0,9.013
1765485108.367865,99,38,26,25,21,3.6857261657714844,66.5,68.0,9.013
1765485108.5692518,99,38,26,25,21,3.6857261657714844,66.5,68.0,9.013
1765485108.77052,99,46,25,20,22,3.6853370666503906,66.5,67.0,8.187
1765485108.9722004,99,46,25,20,22,3.6853370666503906,66.5,67.0,8.187
1765485109.1742918,77,28,24,18,21,3.685131072998047,66.0,67.0,6.36
1765485109.3757095,77,28,24,18,21,3.685131072998047,66.0,67.0,6.36
1765485109.5768743,77,28,24,18,21,3.685131072998047,66.0,67.0,6.36
1765485109.7780447,99,48,21,30,34,3.6851882934570312,67.0,67.5,8.647
1765485109.979167,99,48,21,30,34,3.6851882934570312,67.0,67.5,8.647
1765485110.1813145,99,16,22,26,42,3.6861228942871094,66.5,67.5,9.17
1765485110.3823714,99,16,22,26,42,3.6861228942871094,66.5,67.5,9.17
1765485110.583526,99,16,22,26,42,3.6861228942871094,66.5,67.5,9.17
1765485110.7847545,99,17,10,11,14,3.6855125427246094,66.0,66.5,6.738
1765485110.9858177,99,17,10,11,14,3.6855125427246094,66.0,66.5,6.738
1765485111.1869159,99,17,10,11,14,3.6855125427246094,66.0,66.5,6.738
1765485111.3882697,99,44,37,31,51,3.6854591369628906,66.5,68.0,8.752
1765485111.5911698,99,44,37,31,51,3.6854591369628906,66.5,68.0,8.752
1765485111.792448,99,39,28,31,32,3.686138153076172,66.5,67.5,9.013
1765485111.993565,99,39,28,31,32,3.686138153076172,66.5,67.5,9.013
1765485112.1945922,99,39,28,31,32,3.686138153076172,66.5,67.5,9.013
1765485112.395872,99,20,9,10,16,3.686065673828125,67.0,67.5,8.266
1765485112.5971715,99,20,9,10,16,3.686065673828125,67.0,67.5,8.266
1765485112.7983012,99,24,42,29,25,3.685283660888672,66.5,67.5,8.187
1765485112.9994657,99,24,42,29,25,3.685283660888672,66.5,67.5,8.187
1765485113.200885,99,24,42,29,25,3.685283660888672,66.5,67.5,8.187
1765485113.402017,99,37,28,27,29,3.6855125427246094,66.5,68.0,8.266
1765485113.6032565,99,37,28,27,29,3.6855125427246094,66.5,68.0,8.266
1765485113.804557,99,22,26,20,32,3.6858901977539062,66.5,67.5,8.87
1765485114.0058508,99,22,26,20,32,3.6858901977539062,66.5,67.5,8.87
1765485114.206964,99,22,26,20,32,3.6858901977539062,66.5,67.5,8.87
1765485114.4082742,99,20,22,18,46,3.6854286193847656,67.0,67.5,8.568
1765485114.60947,99,20,22,18,46,3.6854286193847656,67.0,67.5,8.568
1765485114.8117993,34,20,17,22,16,3.68609619140625,66.0,67.0,6.589
1765485115.0129797,34,20,17,22,16,3.68609619140625,66.0,67.0,6.589
1765485115.214009,34,20,17,22,16,3.68609619140625,66.0,67.0,6.589
1765485115.4150631,99,22,28,42,22,3.686328887939453,67.0,67.5,8.687
1765485115.616458,99,22,28,42,22,3.686328887939453,67.0,67.5,8.687
1765485115.8175137,99,45,26,23,25,3.686229705810547,67.0,67.5,9.17
1765485116.0185835,99,45,26,23,25,3.686229705810547,67.0,67.5,9.17
1765485116.219734,99,45,26,23,25,3.686229705810547,67.0,67.5,9.17
1765485116.4210093,99,17,11,15,15,3.685649871826172,66.5,67.0,6.209
1765485116.6221547,99,17,11,15,15,3.685649871826172,66.5,67.0,6.209
1765485116.8235493,99,58,39,32,25,3.685192108154297,67.0,67.5,8.687
1765485117.0246887,99,58,39,32,25,3.685192108154297,67.0,67.5,8.687
1765485117.2277415,99,58,39,32,25,3.685192108154297,67.0,67.5,8.687
1765485117.4290197,99,40,32,32,34,3.6859703063964844,67.0,68.0,9.131
1765485117.6301517,99,40,32,32,34,3.6859703063964844,67.0,68.0,9.131
1765485117.8311777,99,18,9,10,14,3.685718536376953,67.0,67.5,7.816
1765485118.032526,99,18,9,10,14,3.685718536376953,67.0,67.5,7.816
1765485118.233705,99,18,9,10,14,3.685718536376953,67.0,67.5,7.816
1765485118.4348795,99,38,44,39,34,3.6854209899902344,67.0,67.5,8.529
1765485118.6366227,99,38,44,39,34,3.6854209899902344,67.0,67.5,8.529
1765485118.837811,99,32,36,32,23,3.6852493286132812,66.5,68.5,8.489
1765485119.0388877,99,32,36,32,23,3.6852493286132812,66.5,68.5,8.489
1765485119.2402282,99,32,36,32,23,3.6852493286132812,66.5,68.5,8.489
1765485119.4413736,99,16,34,10,20,3.685924530029297,67.0,68.0,9.092
1765485119.6424763,99,16,34,10,20,3.685924530029297,67.0,68.0,9.092
1765485119.8434308,99,25,40,30,14,3.6851844787597656,67.0,67.5,8.187
1765485120.0445652,99,25,40,30,14,3.6851844787597656,67.0,67.5,8.187
1765485120.2455626,99,25,40,30,14,3.6851844787597656,67.0,67.5,8.187
1765485120.4467678,22,18,23,33,24,3.6854820251464844,66.0,68.0,6.589
1765485120.6496668,22,18,23,33,24,3.6854820251464844,66.0,68.0,6.589
1765485120.8508022,99,28,37,45,32,3.6851119995117188,67.0,68.0,8.909
1765485121.0519006,99,28,37,45,32,3.6851119995117188,67.0,68.0,8.909
1765485121.2531478,99,28,37,45,32,3.6851119995117188,67.0,68.0,8.909
1765485121.454255,99,25,38,18,29,3.6856918334960938,67.0,68.5,9.092
1765485121.655409,99,25,38,18,29,3.6856918334960938,67.0,68.5,9.092
1765485121.8571897,92,15,13,17,18,3.6854095458984375,66.5,67.5,6.28
1765485122.0586824,92,15,13,17,18,3.6854095458984375,66.5,67.5,6.28
1765485122.2603407,92,15,13,17,18,3.6854095458984375,66.5,67.5,6.28
1765485122.4615343,99,30,50,38,34,3.685527801513672,67.0,68.0,8.988
1765485122.6626754,99,30,50,38,34,3.685527801513672,67.0,68.0,8.988
1765485122.8643909,99,30,50,38,34,3.685527801513672,67.0,68.0,8.988
1765485123.0654192,99,30,42,22,28,3.686199188232422,67.0,68.0,9.013
1765485123.2666543,99,30,42,22,28,3.686199188232422,67.0,68.0,9.013
1765485123.467856,99,14,15,19,12,3.6857643127441406,67.0,67.5,7.816
1765485123.6691597,99,14,15,19,12,3.6857643127441406,67.0,67.5,7.816
1765485123.8704667,99,14,15,19,12,3.6857643127441406,67.0,67.5,7.816
1765485124.0717587,99,44,35,28,35,3.6855087280273438,67.0,67.5,8.121
1765485124.272989,99,44,35,28,35,3.6855087280273438,67.0,67.5,8.121
1765485124.4742417,99,41,39,26,24,3.6856460571289062,67.0,68.5,8.568
1765485124.6752944,99,41,39,26,24,3.6856460571289062,67.0,68.5,8.568
1765485124.876566,99,41,39,26,24,3.6856460571289062,67.0,68.5,8.568
1765485125.077616,99,27,18,18,13,3.6862449645996094,67.0,68.0,8.909
1765485125.2788365,99,27,18,18,13,3.6862449645996094,67.0,68.0,8.909
1765485125.4802063,99,25,30,40,23,3.6856155395507812,67.5,68.0,8.752
1765485125.6813245,99,25,30,40,23,3.6856155395507812,67.5,68.0,8.752
1765485125.882425,99,25,30,40,23,3.6856155395507812,67.5,68.0,8.752
1765485126.0837023,99,14,26,12,16,3.685619354248047,66.5,67.0,6.48
1765485126.2848299,99,14,26,12,16,3.685619354248047,66.5,67.0,6.48
1765485126.4859867,99,48,34,30,24,3.6856307983398438,67.5,68.0,8.949
1765485126.6875663,99,48,34,30,24,3.6856307983398438,67.5,68.0,8.949
1765485126.8888192,99,48,34,30,24,3.6856307983398438,67.5,68.0,8.949
1765485127.0898328,99,23,16,47,23,3.686431884765625,67.5,68.0,8.791
1765485127.2909417,99,23,16,47,23,3.686431884765625,67.5,68.0,8.791
1765485127.4921827,99,16,28,23,18,3.685932159423828,67.0,68.0,7.658
1765485127.693441,99,16,28,23,18,3.685932159423828,67.0,68.0,7.658
1765485127.8944192,99,16,28,23,18,3.685932159423828,67.0,68.0,7.658
1765485128.0955489,99,35,54,42,30,3.685840606689453,67.0,68.0,8.121
1765485128.296562,99,35,54,42,30,3.685840606689453,67.0,68.0,8.121
1765485128.4977305,99,32,28,27,32,3.686389923095703,67.0,69.0,8.934
1765485128.699046,99,32,28,27,32,3.686389923095703,67.0,69.0,8.934
1765485128.9003367,99,32,28,27,32,3.686389923095703,67.0,69.0,8.934
1765485129.1013935,99,17,14,20,12,3.6862945556640625,67.0,68.0,8.41
1765485129.3025036,99,17,14,20,12,3.6862945556640625,67.0,68.0,8.41
1765485129.5036454,99,29,49,32,36,3.6860008239746094,67.0,68.0,8.345
1765485129.7048151,99,29,49,32,36,3.6860008239746094,67.0,68.0,8.345
1765485129.9058442,99,29,49,32,36,3.6860008239746094,67.0,68.0,8.345
1765485130.1068954,99,29,20,23,30,3.6865615844726562,66.5,68.0,7.896
1765485130.3080924,99,29,20,23,30,3.6865615844726562,66.5,68.0,7.896
1765485130.5092468,99,19,23,20,30,3.6869773864746094,67.5,68.5,9.052
1765485130.7103343,99,19,23,20,30,3.6869773864746094,67.5,68.5,9.052
1765485130.9114606,99,19,23,20,30,3.6869773864746094,67.5,68.5,9.052
1765485131.1127002,99,32,22,40,28,3.6862945556640625,67.0,68.0,8.529
1765485131.31388,99,32,22,40,28,3.6862945556640625,67.0,68.0,8.529
1765485131.5152345,99,18,28,23,14,3.6866531372070312,66.5,67.5,7.205
1765485131.7166386,99,18,28,23,14,3.6866531372070312,66.5,67.5,7.205
1765485131.917875,99,18,28,23,14,3.6866531372070312,66.5,67.5,7.205
1765485132.1189961,99,30,27,32,46,3.6863555908203125,67.5,68.5,9.352
1765485132.3202844,99,30,27,32,46,3.6863555908203125,67.5,68.5,9.352
1765485132.5216465,99,21,26,31,20,3.686626434326172,67.0,68.0,8.385
1765485132.7228606,99,21,26,31,20,3.686626434326172,67.0,68.0,8.385
1765485132.9241436,99,21,26,31,20,3.686626434326172,67.0,68.0,8.385
1765485133.1254022,99,18,16,10,15,3.6862640380859375,67.0,68.0,7.312
1765485133.326726,99,18,16,10,15,3.6862640380859375,67.0,68.0,7.312
1765485133.5277746,99,32,33,53,37,3.6862831115722656,67.5,68.5,8.673
1765485133.7290218,99,32,33,53,37,3.6862831115722656,67.5,68.5,8.673
1765485133.9303312,99,32,33,53,37,3.6862831115722656,67.5,68.5,8.673
1765485134.1316936,99,26,32,25,36,3.6868209838867188,67.0,68.5,8.934
1765485134.3331683,99,26,32,25,36,3.6868209838867188,67.0,68.5,8.934
1765485134.5343015,99,26,32,25,36,3.6868209838867188,67.0,68.5,8.934
1765485134.7355192,99,15,17,17,27,3.6861953735351562,67.0,68.0,7.923
1765485134.936646,99,15,17,17,27,3.6861953735351562,67.0,68.0,7.923
1765485135.1378317,99,37,46,41,35,3.6862945556640625,67.5,68.0,8.41
1765485135.3390477,99,37,46,41,35,3.6862945556640625,67.5,68.0,8.41
1765485135.5417743,99,37,46,41,35,3.6862945556640625,67.5,68.0,8.41
1765485135.7430165,99,34,30,26,25,3.686492919921875,67.0,69.0,8.41
1765485135.9442885,99,34,30,26,25,3.686492919921875,67.0,69.0,8.41
1765485136.1454964,99,30,12,12,16,3.6872177124023438,67.5,68.5,8.673
1765485136.3467314,99,30,12,12,16,3.6872177124023438,67.5,68.5,8.673
1765485136.5478299,99,30,12,12,16,3.6872177124023438,67.5,68.5,8.673
1765485136.749069,99,52,26,22,24,3.6861343383789062,67.5,68.5,8.45
1765485136.9506295,99,52,26,22,24,3.6861343383789062,67.5,68.5,8.45
1765485137.152006,37,18,21,28,21,3.6866226196289062,67.0,68.5,6.44
1765485137.353173,37,18,21,28,21,3.6866226196289062,67.0,68.5,6.44
1765485137.5543344,37,18,21,28,21,3.6866226196289062,67.0,68.5,6.44
1765485137.7554212,99,26,28,46,20,3.6864242553710938,67.5,68.5,9.092
1765485137.9565809,99,26,28,46,20,3.6864242553710938,67.5,68.5,9.092
1765485138.157749,99,39,16,17,23,3.686717987060547,67.5,68.5,8.687
1765485138.358925,99,39,16,17,23,3.686717987060547,67.5,68.5,8.687
1765485138.5599806,99,39,16,17,23,3.686717987060547,67.5,68.5,8.687
1765485138.761398,95,25,14,24,18,3.6863479614257812,67.0,67.5,6.2
1765485138.9624884,95,25,14,24,18,3.6863479614257812,67.0,67.5,6.2
1765485139.1636775,99,57,17,30,28,3.6866188049316406,67.5,68.5,8.647
1765485139.3647134,99,57,17,30,28,3.6866188049316406,67.5,68.5,8.647
1765485139.5659282,99,57,17,30,28,3.6866188049316406,67.5,68.5,8.647
1765485139.7671974,99,30,38,31,25,3.6868515014648438,68.0,68.5,9.013
1765485139.9685183,99,30,38,31,25,3.6868515014648438,68.0,68.5,9.013
1765485140.1696668,99,24,13,15,19,3.686450958251953,67.0,67.5,7.777
1765485140.370845,99,24,13,15,19,3.686450958251953,67.0,67.5,7.777
1765485140.57211,99,24,13,15,19,3.686450958251953,67.0,67.5,7.777
1765485140.773198,99,27,31,42,54,3.686573028564453,67.5,68.5,8.305
1765485140.974193,99,27,31,42,54,3.686573028564453,67.5,68.5,8.305
1765485141.1755023,99,24,33,32,33,3.686908721923828,67.0,69.0,8.529
1765485141.3765585,99,24,33,32,33,3.686908721923828,67.0,69.0,8.529
1765485141.5778124,99,24,33,32,33,3.686908721923828,67.0,69.0,8.529
1765485141.7790885,99,19,28,13,10,3.6870384216308594,67.5,68.5,8.791
1765485141.9804854,99,19,28,13,10,3.6870384216308594,67.5,68.5,8.791
1765485142.181604,99,24,28,19,52,3.6867599487304688,67.5,68.0,8.226
1765485142.3826294,99,24,28,19,52,3.6867599487304688,67.5,68.0,8.226
1765485142.5837018,99,24,28,19,52,3.6867599487304688,67.5,68.0,8.226
1765485142.7848496,99,18,17,26,19,3.6865692138671875,67.0,68.0,6.709
1765485142.986118,99,18,17,26,19,3.6865692138671875,67.0,68.0,6.709
1765485143.1873217,99,31,46,26,27,3.687469482421875,68.0,68.5,9.494
1765485143.3884969,99,31,46,26,27,3.687469482421875,68.0,68.5,9.494
1765485143.5895317,99,31,46,26,27,3.687469482421875,68.0,68.5,9.494
1765485143.790721,99,45,15,19,19,3.686614990234375,67.5,68.5,8.305
1765485143.991862,99,45,15,19,19,3.686614990234375,67.5,68.5,8.305
1765485144.1930153,99,18,23,12,18,3.686481475830078,67.0,68.0,6.629
1765485144.394227,99,18,23,12,18,3.686481475830078,67.0,68.0,6.629
1765485144.5953338,99,18,23,12,18,3.686481475830078,67.0,68.0,6.629
1765485144.796577,99,30,42,42,32,3.6867904663085938,67.5,68.5,8.83
1765485144.9980712,99,30,42,42,32,3.6867904663085938,67.5,68.5,8.83
1765485145.199408,99,30,42,42,32,3.6867904663085938,67.5,68.5,8.83
1765485145.400621,99,29,22,40,16,3.68701171875,68.0,69.0,9.013
1765485145.6018639,99,29,22,40,16,3.68701171875,68.0,69.0,9.013
1765485145.8030636,99,13,18,16,23,3.6863441467285156,68.0,68.0,7.896
1765485146.0044398,99,13,18,16,23,3.6863441467285156,68.0,68.0,7.896
1765485146.2054791,99,13,18,16,23,3.6863441467285156,68.0,68.0,7.896
1765485146.406624,99,33,38,41,36,3.686878204345703,67.5,68.0,8.305
1765485146.608132,99,33,38,41,36,3.686878204345703,67.5,68.0,8.305
1765485146.8093421,99,31,32,34,29,3.6867523193359375,67.5,69.0,8.712
1765485147.0104463,99,31,32,34,29,3.6867523193359375,67.5,69.0,8.712
1765485147.2118206,99,31,32,34,29,3.6867523193359375,67.5,69.0,8.712
1765485147.4130425,99,20,24,15,9,3.686725616455078,67.5,68.5,8.489
1765485147.618328,99,20,24,15,9,3.686725616455078,67.5,68.5,8.489
1765485147.819364,99,23,50,28,29,3.6866607666015625,68.0,68.5,8.608
1765485148.0206747,99,23,50,28,29,3.6866607666015625,68.0,68.5,8.608
1765485148.2218494,99,23,50,28,29,3.6866607666015625,68.0,68.5,8.608
1765485148.423085,99,19,25,19,17,3.6868247985839844,67.0,68.0,6.818
1765485148.6241605,99,19,25,19,17,3.6868247985839844,67.0,68.0,6.818
1765485148.825309,99,26,41,25,26,3.6882286071777344,68.0,69.0,9.47
1765485149.0264213,99,26,41,25,26,3.6882286071777344,68.0,69.0,9.47
1765485149.2276459,99,26,41,25,26,3.6882286071777344,68.0,69.0,9.47
1765485149.4285982,99,18,24,44,18,3.6870994567871094,67.5,68.5,8.45
1765485149.6298442,99,18,24,44,18,3.6870994567871094,67.5,68.5,8.45
1765485149.8309937,99,20,18,10,17,3.6874237060546875,67.5,68.0,7.284
1765485150.0323758,99,20,18,10,17,3.6874237060546875,67.5,68.0,7.284
1765485150.233443,99,20,18,10,17,3.6874237060546875,67.5,68.0,7.284
1765485150.4346006,99,29,23,39,52,3.6875953674316406,68.0,68.5,8.226
1765485150.63564,99,29,23,39,52,3.6875953674316406,68.0,68.5,8.226
1765485150.8368964,99,25,31,31,21,3.6886329650878906,67.5,69.0,8.909
1765485151.0381675,99,25,31,31,21,3.6886329650878906,67.5,69.0,8.909
1765485151.2394006,99,25,31,31,21,3.6886329650878906,67.5,69.0,8.909
1765485151.440738,99,15,17,18,29,3.6880645751953125,67.5,68.5,8.568
1765485151.641851,99,15,17,18,29,3.6880645751953125,67.5,68.5,8.568
1765485151.8429976,99,32,30,38,52,3.6879310607910156,68.0,68.5,8.068
1765485152.044226,99,32,30,38,52,3.6879310607910156,68.0,68.5,8.068
1765485152.2453597,99,32,30,38,52,3.6879310607910156,68.0,68.5,8.068
1765485152.4467838,17,26,19,31,23,3.6881675720214844,67.0,69.0,7.205
1765485152.648005,17,26,19,31,23,3.6881675720214844,67.0,69.0,7.205
1765485152.8493629,99,19,25,14,35,3.688182830810547,68.0,68.5,8.687
1765485153.0504148,99,19,25,14,35,3.688182830810547,68.0,68.5,8.687
1765485153.2516458,99,19,25,14,35,3.688182830810547,68.0,68.5,8.687
1765485153.452479,99,27,30,20,42,3.6883888244628906,67.5,69.0,8.45
1765485153.6537116,99,27,30,20,42,3.6883888244628906,67.5,69.0,8.45
1765485153.8547323,64,16,18,19,18,3.6882057189941406,67.0,68.5,6.2
1765485154.056029,64,16,18,19,18,3.6882057189941406,67.0,68.5,6.2
1765485154.2570677,64,16,18,19,18,3.6882057189941406,67.0,68.5,6.2
1765485154.4583032,99,30,31,48,20,3.6890487670898438,68.0,69.5,9.572
1765485154.6594422,99,30,31,48,20,3.6890487670898438,68.0,69.5,9.572
1765485154.8606663,99,20,27,38,20,3.6882896423339844,67.5,68.5,8.529
1765485155.0617905,99,20,27,38,20,3.6882896423339844,67.5,68.5,8.529
1765485155.2631338,99,20,27,38,20,3.6882896423339844,67.5,68.5,8.529
1765485155.4643767,99,17,26,14,12,3.688709259033203,68.0,68.5,7.883
1765485155.6662533,99,17,26,14,12,3.688709259033203,68.0,68.5,7.883
1765485155.8677528,99,26,34,49,21,3.6884613037109375,68.0,68.0,8.187
1765485156.0689654,99,26,34,49,21,3.6884613037109375,68.0,68.0,8.187
1765485156.2707245,99,26,34,49,21,3.6884613037109375,68.0,68.0,8.187
1765485156.4724545,99,26,38,21,21,3.688587188720703,67.5,69.5,8.87
1765485156.6736224,99,26,38,21,21,3.688587188720703,67.5,69.5,8.87
1765485156.8749619,99,20,26,24,21,3.6880226135253906,68.0,68.5,8.41
1765485157.0763881,99,20,26,24,21,3.6880226135253906,68.0,68.5,8.41
1765485157.2773917,99,20,26,24,21,3.6880226135253906,68.0,68.5,8.41
1765485157.478507,99,38,34,48,33,3.6882896423339844,68.0,68.5,8.147
1765485157.680246,99,38,34,48,33,3.6882896423339844,68.0,68.5,8.147
1765485157.8830545,99,38,34,48,33,3.6882896423339844,68.0,68.5,8.147
1765485158.0847769,81,24,29,21,30,3.6889686584472656,67.5,68.5,7.883
1765485158.2861156,81,24,29,21,30,3.6889686584472656,67.5,68.5,7.883
1765485158.4873788,99,14,10,33,16,3.6886825561523438,68.0,68.5,8.266
1765485158.6896486,99,14,10,33,16,3.6886825561523438,68.0,68.5,8.266
1765485158.8912594,99,14,10,33,16,3.6886825561523438,68.0,68.5,8.266
1765485159.0926883,99,30,39,44,27,3.6882362365722656,68.0,69.0,8.988
1765485159.2938068,99,30,39,44,27,3.6882362365722656,68.0,69.0,8.988
1765485159.4951358,99,18,25,20,16,3.6886253356933594,67.0,68.5,7.205
1765485159.6963372,99,18,25,20,16,3.6886253356933594,67.0,68.5,7.205
1765485159.897575,99,18,25,20,16,3.6886253356933594,67.0,68.5,7.205
1765485160.098673,99,24,26,38,29,3.688446044921875,68.5,69.0,9.47
1765485160.299801,99,24,26,38,29,3.688446044921875,68.5,69.0,9.47
1765485160.501229,99,32,38,25,23,3.687999725341797,68.0,68.5,8.41
1765485160.7025528,99,32,38,25,23,3.687999725341797,68.0,68.5,8.41
1765485160.9037168,99,32,38,25,23,3.687999725341797,68.0,68.5,8.41
1765485161.1053212,99,20,20,23,26,3.687938690185547,68.0,68.5,7.499
1765485161.3065848,99,20,20,23,26,3.687938690185547,68.0,68.5,7.499
1765485161.5078204,99,31,32,44,31,3.688190460205078,68.5,69.0,8.345
1765485161.709065,99,31,32,44,31,3.688190460205078,68.5,69.0,8.345
1765485161.9104428,99,31,32,44,31,3.688190460205078,68.5,69.0,8.345
1765485162.1116064,99,23,30,21,18,3.6887245178222656,68.0,69.5,8.949
1765485162.312857,99,23,30,21,18,3.6887245178222656,68.0,69.5,8.949
1765485162.5140784,99,23,24,17,24,3.6887664794921875,68.5,69.0,8.371
1765485162.7152712,99,23,24,17,24,3.6887664794921875,68.5,69.0,8.371
1765485162.9165914,99,23,24,17,24,3.6887664794921875,68.5,69.0,8.371
1765485163.117749,99,29,47,33,36,3.6889305114746094,68.0,69.0,8.529
1765485163.318912,99,29,47,33,36,3.6889305114746094,68.0,69.0,8.529
1765485163.5203001,87,19,29,25,19,3.6894989013671875,67.5,69.5,7.856
1765485163.7216322,87,19,29,25,19,3.6894989013671875,67.5,69.5,7.856
1765485163.9228504,87,19,29,25,19,3.6894989013671875,67.5,69.5,7.856
1765485164.1242642,99,34,19,19,14,3.6894073486328125,68.0,69.0,8.568
1765485164.325617,99,34,19,19,14,3.6894073486328125,68.0,69.0,8.568
1765485164.5267649,99,27,46,20,34,3.689350128173828,68.0,69.0,8.305
1765485164.727994,99,27,46,20,34,3.689350128173828,68.0,69.0,8.305
1765485164.9292724,99,27,46,20,34,3.689350128173828,68.0,69.0,8.305
1765485165.1304917,99,18,13,22,18,3.6896820068359375,68.0,68.5,7.392
1765485165.3318872,99,18,13,22,18,3.6896820068359375,68.0,68.5,7.392
1765485165.533241,99,27,48,28,24,3.690166473388672,68.0,69.5,9.352
1765485165.7344074,99,27,48,28,24,3.690166473388672,68.0,69.5,9.352
1765485165.9356055,99,27,48,28,24,3.690166473388672,68.0,69.5,9.352
1765485166.1367896,99,23,26,16,48,3.68939208984375,68.0,68.5,8.489
1765485166.3380408,99,23,26,16,48,3.68939208984375,68.0,68.5,8.489
1765485166.5390313,99,26,15,17,20,3.6895713806152344,68.0,69.0,8.16
1765485166.7405672,99,26,15,17,20,3.6895713806152344,68.0,69.0,8.16
1765485166.9417074,99,26,15,17,20,3.6895713806152344,68.0,69.0,8.16
1765485167.1428008,99,29,24,39,36,3.68939208984375,68.0,69.0,8.568
1765485167.3444622,99,29,24,39,36,3.68939208984375,68.0,69.0,8.568
1765485167.5458572,99,29,24,39,36,3.68939208984375,68.0,69.0,8.568
1765485167.7470112,99,23,26,28,26,3.6897811889648438,67.5,69.5,8.568
1765485167.9483323,99,23,26,28,26,3.6897811889648438,67.5,69.5,8.568
1765485168.149773,99,20,24,34,27,3.689586639404297,68.0,68.5,8.266
1765485168.3510804,99,20,24,34,27,3.689586639404297,68.0,68.5,8.266
1765485168.55231,99,20,24,34,27,3.689586639404297,68.0,68.5,8.266
1765485168.7534053,99,50,35,26,36,3.6892662048339844,68.0,69.0,8.41
1765485168.9546666,99,50,35,26,36,3.6892662048339844,68.0,69.0,8.41
1765485169.1558912,93,20,20,22,21,3.6902618408203125,67.5,69.5,7.352
1765485169.356942,93,20,20,22,21,3.6902618408203125,67.5,69.5,7.352
1765485169.5580587,93,20,20,22,21,3.6902618408203125,67.5,69.5,7.352
1765485169.7592218,99,41,25,20,14,3.6894874572753906,68.5,69.0,8.752
1765485169.9604263,99,41,25,20,14,3.6894874572753906,68.5,69.0,8.752
1765485170.1616807,99,26,50,28,23,3.6893386840820312,68.5,69.0,8.489
1765485170.362931,99,26,50,28,23,3.6893386840820312,68.5,69.0,8.489
1765485170.5638824,99,26,50,28,23,3.6893386840820312,68.5,69.0,8.489
1765485170.7651212,99,26,21,20,22,3.6898269653320312,67.5,68.5,6.28
1765485170.9666731,99,26,21,20,22,3.6898269653320312,67.5,68.5,6.28
1765485171.1681476,99,28,38,37,28,3.690204620361328,68.5,70.0,9.313
1765485171.3694513,99,28,38,37,28,3.690204620361328,68.5,70.0,9.313
1765485171.570506,99,28,38,37,28,3.690204620361328,68.5,70.0,9.313
1765485171.7715108,99,28,23,27,46,3.6891326904296875,68.0,69.0,8.529
1765485171.9726675,99,28,23,27,46,3.6891326904296875,68.0,69.0,8.529
1765485172.1738667,99,20,18,26,18,3.689868927001953,68.0,68.5,7.777
1765485172.375043,99,20,18,26,18,3.689868927001953,68.0,68.5,7.777
1765485172.5765867,99,20,18,26,18,3.689868927001953,68.0,68.5,7.777
1765485172.777826,99,27,33,52,32,3.689929962158203,68.5,69.5,8.909
1765485172.9791434,99,27,33,52,32,3.689929962158203,68.5,69.5,8.909
1765485173.180265,99,19,25,25,18,3.6895294189453125,68.0,69.5,8.87
1765485173.3814733,99,19,25,25,18,3.6895294189453125,68.0,69.5,8.87
1765485173.5829344,99,19,25,25,18,3.6895294189453125,68.0,69.5,8.87
1765485173.7842243,99,18,28,20,20,3.689563751220703,68.0,69.0,8.371
1765485173.9856558,99,18,28,20,20,3.689563751220703,68.0,69.0,8.371
1765485174.1867378,99,32,35,41,48,3.689655303955078,68.5,69.0,8.345
1765485174.3878706,99,32,35,41,48,3.689655303955078,68.5,69.0,8.345
1765485174.589269,99,32,35,41,48,3.689655303955078,68.5,69.0,8.345
1765485174.790354,88,25,23,25,29,3.690319061279297,68.5,69.5,7.816
1765485174.9914532,88,25,23,25,29,3.690319061279297,68.5,69.5,7.816
1765485175.1927211,88,25,23,25,29,3.690319061279297,68.5,69.5,7.816
1765485175.393816,99,33,22,12,19,3.6891136169433594,68.5,69.0,8.305
1765485175.595015,99,33,22,12,19,3.6891136169433594,68.5,69.0,8.305
1765485175.79616,99,28,30,27,42,3.689472198486328,68.5,69.0,8.568
1765485175.9974325,99,28,30,27,42,3.689472198486328,68.5,69.0,8.568
1765485176.1986856,99,28,30,27,42,3.689472198486328,68.5,69.0,8.568
1765485176.4018378,99,18,21,25,22,3.6897354125976562,68.0,69.0,7.165
1765485176.6030035,99,18,21,25,22,3.6897354125976562,68.0,69.0,7.165
1765485176.8043451,99,23,26,42,16,3.6900978088378906,68.5,70.0,9.47
1765485177.0053418,99,23,26,42,16,3.6900978088378906,68.5,70.0,9.47
1765485177.2066152,99,23,26,42,16,3.6900978088378906,68.5,70.0,9.47
1765485177.4078753,99,26,21,21,46,3.6895408630371094,68.0,69.5,8.345
1765485177.6092682,99,26,21,21,46,3.6895408630371094,68.0,69.5,8.345
1765485177.8104017,99,18,18,16,17,3.689319610595703,68.0,69.0,7.471
1765485178.0116167,99,18,18,16,17,3.689319610595703,68.0,69.0,7.471
1765485178.2130396,99,18,18,16,17,3.689319610595703,68.0,69.0,7.471
1765485178.4144177,99,26,37,30,52,3.6899681091308594,68.5,69.5,8.974
1765485178.6160629,99,26,37,30,52,3.6899681091308594,68.5,69.5,8.974
1765485178.8176637,99,14,19,38,14,3.690021514892578,68.5,69.5,8.608
1765485179.0189874,99,14,19,38,14,3.690021514892578,68.5,69.5,8.608
1765485179.2203693,99,14,19,38,14,3.690021514892578,68.5,69.5,8.608
1765485179.4216552,99,25,14,18,22,3.6895179748535156,68.5,69.0,8.081
1765485179.6228404,99,25,14,18,22,3.6895179748535156,68.5,69.0,8.081
1765485179.8240929,99,26,48,40,38,3.6899147033691406,68.5,69.5,8.529
1765485180.026846,99,26,48,40,38,3.6899147033691406,68.5,69.5,8.529
1765485180.2305448,99,26,48,40,38,3.6899147033691406,68.5,69.5,8.529
1765485180.4318204,99,37,24,26,28,3.6900901794433594,68.5,70.0,8.83
1765485180.633298,99,37,24,26,28,3.6900901794433594,68.5,70.0,8.83
1765485180.8345869,99,17,29,22,17,3.6891822814941406,68.5,69.0,8.385
1765485181.0385282,99,17,29,22,17,3.6891822814941406,68.5,69.0,8.385
1765485181.245835,99,17,29,22,17,3.6891822814941406,68.5,69.0,8.385
1765485181.447119,99,50,39,33,33,3.689067840576172,68.5,69.0,8.529
1765485181.6485748,99,50,39,33,33,3.689067840576172,68.5,69.0,8.529
1765485181.8500488,49,36,26,47,38,3.6794052124023438,68.0,69.0,7.511
1765485182.0512443,49,36,26,47,38,3.6794052124023438,68.0,69.0,7.511
1765485182.2526128,49,36,26,47,38,3.6794052124023438,68.0,69.0,7.511
1765485182.4537995,99,26,28,27,36,3.6783485412597656,69.0,70.0,9.431
1765485182.6549716,99,26,28,27,36,3.6783485412597656,69.0,70.0,9.431
1765485182.85601,99,17,23,28,47,3.6775474548339844,68.5,69.5,8.529
1765485183.0572276,99,17,23,28,47,3.6775474548339844,68.5,69.5,8.529
1765485183.2585702,99,17,23,28,47,3.6775474548339844,68.5,69.5,8.529
1765485183.4598377,41,20,24,21,16,3.6773719787597656,68.5,69.0,6.08
1765485183.661161,41,20,24,21,16,3.6773719787597656,68.5,69.0,6.08
1765485183.862349,99,30,27,51,27,3.6780738830566406,69.0,69.5,8.949
1765485184.0635533,99,30,27,51,27,3.6780738830566406,69.0,69.5,8.949
1765485184.264967,99,30,27,51,27,3.6780738830566406,69.0,69.5,8.949
1765485184.4663088,99,20,21,42,14,3.6775550842285156,68.5,70.0,8.791
1765485184.6675858,99,20,21,42,14,3.6775550842285156,68.5,70.0,8.791
1765485184.8688018,99,25,16,20,17,3.6778411865234375,68.5,69.0,8.081
1765485185.0729582,99,25,16,20,17,3.6778411865234375,68.5,69.0,8.081
1765485185.2741194,99,25,16,20,17,3.6778411865234375,68.5,69.0,8.081
1765485185.4753094,99,34,40,46,32,3.6782264709472656,68.5,69.5,8.45
1765485185.6765664,99,34,40,46,32,3.6782264709472656,68.5,69.5,8.45
1765485185.8778956,99,34,40,46,32,3.6782264709472656,68.5,69.5,8.45
1765485186.0789232,99,26,30,28,22,3.678497314453125,68.5,70.5,8.568
1765485186.2802002,99,26,30,28,22,3.678497314453125,68.5,70.5,8.568
1765485186.481714,99,18,15,25,24,3.6774253845214844,68.5,69.5,8.608
1765485186.6831534,99,18,15,25,24,3.6774253845214844,68.5,69.5,8.608
1765485186.884314,99,18,15,25,24,3.6774253845214844,68.5,69.5,8.608
1765485187.0854611,99,30,30,24,51,3.6781654357910156,68.5,69.5,8.042
1765485187.2866638,99,30,30,24,51,3.6781654357910156,68.5,69.5,8.042
1765485187.4879932,37,24,32,32,18,3.6779327392578125,68.5,69.0,7.046
1765485187.6891494,37,24,32,32,18,3.6779327392578125,68.5,69.0,7.046
1765485187.8904274,37,24,32,32,18,3.6779327392578125,68.5,69.0,7.046
1765485188.0915763,99,27,25,27,38,3.6784324645996094,69.0,70.0,9.533
1765485188.2931962,99,27,25,27,38,3.6784324645996094,69.0,70.0,9.533
1765485188.4943273,99,20,20,47,23,3.67816162109375,68.5,69.5,8.529
1765485188.6954424,99,20,20,47,23,3.67816162109375,68.5,69.5,8.529
1765485188.8965883,99,20,20,47,23,3.67816162109375,68.5,69.5,8.529
1765485189.0983152,82,25,22,21,23,3.678791046142578,67.5,69.0,5.969
1765485189.3077595,82,25,22,21,23,3.678791046142578,67.5,69.0,5.969
1765485189.5089095,99,25,33,24,53,3.6782875061035156,69.0,70.0,9.195
1765485189.7100477,99,25,33,24,53,3.6782875061035156,69.0,70.0,9.195
1765485189.9112551,99,25,33,24,53,3.6782875061035156,69.0,70.0,9.195
1765485190.1123235,99,23,17,12,41,3.6785964965820312,68.5,69.5,8.752
1765485190.3135276,99,23,17,12,41,3.6785964965820312,68.5,69.5,8.752
1765485190.5145237,99,14,18,18,19,3.6786537170410156,68.5,69.0,7.777
1765485190.715784,99,14,18,18,19,3.6786537170410156,68.5,69.0,7.777
1765485190.9171407,99,14,18,18,19,3.6786537170410156,68.5,69.0,7.777
1765485191.1182857,99,31,47,46,35,3.678356170654297,68.5,70.0,8.489
1765485191.3193328,99,31,47,46,35,3.678356170654297,68.5,70.0,8.489
1765485191.5205927,99,28,28,27,28,3.680492401123047,68.5,70.0,8.568
1765485191.7218397,99,28,28,27,28,3.680492401123047,68.5,70.0,8.568
1765485191.9229352,99,28,28,27,28,3.680492401123047,68.5,70.0,8.568
1765485192.124463,99,18,33,12,18,3.6801223754882812,68.5,69.5,8.226
1765485192.3255699,99,18,33,12,18,3.6801223754882812,68.5,69.5,8.226
1765485192.5266457,99,41,32,22,40,3.680145263671875,68.5,69.5,8.673
1765485192.7278292,99,41,32,22,40,3.680145263671875,68.5,69.5,8.673
1765485192.9289293,99,41,32,22,40,3.680145263671875,68.5,69.5,8.673
1765485193.1300762,99,17,17,19,20,3.6803627014160156,68.5,69.0,7.352
1765485193.3318622,99,17,17,19,20,3.6803627014160156,68.5,69.0,7.352
1765485193.5332704,99,22,22,41,23,3.680736541748047,69.0,70.0,9.352
1765485193.734283,99,22,22,41,23,3.680736541748047,69.0,70.0,9.352
1765485193.9355876,99,22,22,41,23,3.680736541748047,69.0,70.0,9.352
1765485194.136669,99,18,24,46,28,3.6799087524414062,68.5,69.5,8.489
1765485194.3378031,99,18,24,46,28,3.6799087524414062,68.5,69.5,8.489
1765485194.5388513,99,16,18,18,19,3.6798439025878906,68.5,69.0,7.511
1765485194.74007,99,16,18,18,19,3.6798439025878906,68.5,69.0,7.511
1765485194.9414644,99,16,18,18,19,3.6798439025878906,68.5,69.0,7.511
1765485195.14272,99,26,28,43,37,3.680583953857422,69.0,70.0,8.791
1765485195.344554,99,26,28,43,37,3.680583953857422,69.0,70.0,8.791
1765485195.5457962,99,26,28,43,37,3.680583953857422,69.0,70.0,8.791
1765485195.7471302,99,18,18,34,12,3.680225372314453,68.5,70.0,8.371
1765485195.948322,99,18,18,34,12,3.680225372314453,68.5,70.0,8.371
1765485196.1494133,99,22,26,15,16,3.680511474609375,69.0,69.5,8.687
1765485196.3506808,99,22,26,15,16,3.680511474609375,69.0,69.5,8.687
1765485196.55179,99,22,26,15,16,3.680511474609375,69.0,69.5,8.687
1765485196.7530174,99,46,30,38,37,3.6801986694335938,69.0,70.0,8.568
1765485196.954051,99,46,30,38,37,3.6801986694335938,69.0,70.0,8.568
1765485197.1553736,99,24,18,16,20,3.680644989013672,68.5,69.5,7.843
1765485197.3567572,99,24,18,16,20,3.680644989013672,68.5,69.5,7.843
1765485197.5579648,99,24,18,16,20,3.680644989013672,68.5,69.5,7.843
1765485197.7590525,99,20,20,36,23,3.6802215576171875,69.0,69.5,8.608
1765485197.9602292,99,20,20,36,23,3.6802215576171875,69.0,69.5,8.608
1765485198.1614387,99,49,32,36,23,3.680103302001953,69.0,69.5,8.568
1765485198.362639,99,49,32,36,23,3.680103302001953,69.0,69.5,8.568
1765485198.563891,99,49,32,36,23,3.680103302001953,69.0,69.5,8.568
1765485198.7651267,4,26,21,24,18,3.6803855895996094,68.5,69.5,6.629
1765485198.9662564,4,26,21,24,18,3.6803855895996094,68.5,69.5,6.629
1765485199.1676922,99,16,20,34,28,3.680644989013672,69.5,69.5,9.273
1765485199.3689995,99,16,20,34,28,3.680644989013672,69.5,69.5,9.273
1765485199.570248,99,16,20,34,28,3.680644989013672,69.5,69.5,9.273
1765485199.771314,99,25,19,32,44,3.6803932189941406,68.5,69.5,8.345
1765485199.9724972,99,25,19,32,44,3.6803932189941406,68.5,69.5,8.345
1765485200.1736214,99,16,17,22,14,3.6803970336914062,69.0,69.5,7.856
1765485200.3747685,99,16,17,22,14,3.6803970336914062,69.0,69.5,7.856
1765485200.5758398,99,16,17,22,14,3.6803970336914062,69.0,69.5,7.856
1765485200.7771056,99,28,33,30,52,3.681476593017578,69.0,70.0,8.83
1765485200.978292,99,28,33,30,52,3.681476593017578,69.0,70.0,8.83
1765485201.1794975,99,20,12,41,17,3.6803741455078125,69.0,70.5,8.45
1765485201.3805149,99,20,12,41,17,3.6803741455078125,69.0,70.5,8.45
1765485201.5816286,99,20,12,41,17,3.6803741455078125,69.0,70.5,8.45
1765485201.782764,99,16,20,25,24,3.6803054809570312,69.0,69.5,8.568
1765485201.9838567,99,16,20,25,24,3.6803054809570312,69.0,69.5,8.568
1765485202.1850739,99,35,46,39,34,3.6804428100585938,69.0,70.0,8.385
1765485202.3862922,99,35,46,39,34,3.6804428100585938,69.0,70.0,8.385
1765485202.5873878,99,35,46,39,34,3.6804428100585938,69.0,70.0,8.385
1765485202.788711,99,18,23,22,17,3.681011199951172,68.5,69.5,8.147
1765485202.9899507,99,18,23,22,17,3.681011199951172,68.5,69.5,8.147
1765485203.191153,99,23,24,27,36,3.679889678955078,69.0,69.5,8.305
1765485203.392235,99,23,24,27,36,3.679889678955078,69.0,69.5,8.305
1765485203.5933669,99,23,24,27,36,3.679889678955078,69.0,69.5,8.305
1765485203.7947028,99,30,33,52,26,3.682079315185547,69.0,69.5,8.529
1765485203.9961493,99,30,33,52,26,3.682079315185547,69.0,69.5,8.529
1765485204.1971855,99,21,18,10,16,3.6824188232421875,69.0,69.0,7.551
1765485204.3983464,99,21,18,10,16,3.6824188232421875,69.0,69.0,7.551
1765485204.5994916,99,21,18,10,16,3.6824188232421875,69.0,69.0,7.551
1765485204.8017435,99,22,49,23,24,3.68939208984375,68.5,70.5,8.687
1765485205.0029454,99,22,49,23,24,3.68939208984375,68.5,70.5,8.687
1765485205.2042167,99,22,49,23,24,3.68939208984375,68.5,70.5,8.687
1765485205.4054277,99,17,22,18,32,3.6887168884277344,68.0,69.5,7.737
1765485205.6066988,99,17,22,18,32,3.6887168884277344,68.0,69.5,7.737
1765485205.807847,99,23,16,26,38,3.688800811767578,69.0,69.5,8.424
1765485206.0091753,99,23,16,26,38,3.688800811767578,69.0,69.5,8.424
1765485206.2103724,99,23,16,26,38,3.688800811767578,69.0,69.5,8.424
1765485206.4116027,99,28,44,22,44,3.689838409423828,68.5,70.0,9.572
1765485206.6128223,99,28,44,22,44,3.689838409423828,68.5,70.0,9.572
1765485206.81408,71,16,13,9,14,3.6892433166503906,68.5,69.5,7.125
1765485207.0151973,71,16,13,9,14,3.6892433166503906,68.5,69.5,7.125
1765485207.2166274,71,16,13,9,14,3.6892433166503906,68.5,69.5,7.125
1765485207.4178004,99,39,36,32,38,3.6891098022460938,69.0,70.0,8.83
1765485207.619131,99,39,36,32,38,3.6891098022460938,69.0,70.0,8.83
1765485207.8204658,99,42,36,36,32,3.688739776611328,69.0,70.0,8.791
1765485208.0217257,99,42,36,36,32,3.688739776611328,69.0,70.0,8.791
1765485208.2230263,99,42,36,36,32,3.688739776611328,69.0,70.0,8.791
1765485208.4246392,99,21,14,11,17,3.6901321411132812,69.0,70.0,8.385
1765485208.6259658,99,21,14,11,17,3.6901321411132812,69.0,70.0,8.385
1765485208.8270721,99,38,23,24,34,3.688800811767578,69.0,70.0,7.962
1765485209.0289853,99,38,23,24,34,3.688800811767578,69.0,70.0,7.962
1765485209.230366,99,38,23,24,34,3.688800811767578,69.0,70.0,7.962
1765485209.4316514,99,28,35,39,25,3.689128875732422,68.5,70.0,8.529
1765485209.6373858,99,28,35,39,25,3.689128875732422,68.5,70.0,8.529
1765485209.8384666,99,27,20,16,22,3.6890525817871094,69.0,70.0,9.092
1765485210.0398822,99,27,20,16,22,3.6890525817871094,69.0,70.0,9.092
1765485210.2413595,99,27,20,16,22,3.6890525817871094,69.0,70.0,9.092
1765485210.4429114,99,16,20,44,16,3.6893386840820312,69.0,69.5,8.608
1765485210.6439514,99,16,20,44,16,3.6893386840820312,69.0,69.5,8.608
1765485210.8451655,99,28,26,28,26,3.68902587890625,68.5,70.0,8.042
1765485211.0464113,99,28,26,28,26,3.68902587890625,68.5,70.0,8.042
1765485211.2477586,99,28,26,28,26,3.68902587890625,68.5,70.0,8.042
1765485211.4488633,99,25,19,35,14,3.6885948181152344,69.0,69.5,8.305
1765485211.6502504,99,25,19,35,14,3.6885948181152344,69.0,69.5,8.305
1765485211.8529296,99,63,52,34,50,3.6904869079589844,69.0,71.0,10.088
1765485212.0542743,99,63,52,34,50,3.6904869079589844,69.0,71.0,10.088
1765485212.2552729,99,63,52,34,50,3.6904869079589844,69.0,71.0,10.088
1765485212.45797,99,20,31,30,14,3.6865463256835938,69.0,69.5,7.046
1765485212.6595242,99,20,31,30,14,3.6865463256835938,69.0,69.5,7.046
1765485212.8612804,99,36,54,30,37,3.687389373779297,69.0,70.5,9.092
1765485213.0624804,99,36,54,30,37,3.687389373779297,69.0,70.5,9.092
1765485213.2636507,99,36,54,30,37,3.687389373779297,69.0,70.5,9.092
1765485213.4650156,99,20,38,25,44,3.6878433227539062,69.0,70.0,8.791
1765485213.6662402,99,20,38,25,44,3.6878433227539062,69.0,70.0,8.791
1765485213.8672543,99,16,10,10,15,3.688690185546875,69.0,70.0,8.529
1765485214.0684557,99,16,10,10,15,3.688690185546875,69.0,70.0,8.529
1765485214.2698011,99,16,10,10,15,3.688690185546875,69.0,70.0,8.529
1765485214.4710739,99,20,31,49,25,3.688640594482422,69.0,70.0,8.266
1765485214.6724164,99,20,31,49,25,3.688640594482422,69.0,70.0,8.266
1765485214.8735745,99,30,42,33,25,3.6888351440429688,69.0,70.5,8.647
1765485215.074692,99,30,42,33,25,3.6888351440429688,69.0,70.5,8.647
1765485215.2760453,99,30,42,33,25,3.6888351440429688,69.0,70.5,8.647
1765485215.4774127,99,22,30,20,16,3.688457489013672,69.5,70.5,9.249
1765485215.678691,99,22,30,20,16,3.688457489013672,69.5,70.5,9.249
1765485215.8798392,99,40,26,16,18,3.6889610290527344,69.5,70.0,8.385
1765485216.0810926,99,40,26,16,18,3.6889610290527344,69.5,70.0,8.385
1765485216.282214,99,40,26,16,18,3.6889610290527344,69.5,70.0,8.385
1765485216.483429,99,24,22,29,28,3.6884536743164062,68.5,70.0,7.843
1765485216.684509,99,24,22,29,28,3.6884536743164062,68.5,70.0,7.843
1765485216.8855333,99,30,26,40,15,3.6887054443359375,69.5,70.5,8.529
1765485217.0865998,99,30,26,40,15,3.6887054443359375,69.5,70.5,8.529
1765485217.288032,99,30,26,40,15,3.6887054443359375,69.5,70.5,8.529
1765485217.489074,99,26,50,23,21,3.6889724731445312,69.0,70.5,9.651
1765485217.6904411,99,26,50,23,21,3.6889724731445312,69.0,70.5,9.651
1765485217.8924642,92,17,12,16,11,3.688098907470703,68.5,69.5,7.284
1765485218.0941336,92,17,12,16,11,3.688098907470703,68.5,69.5,7.284
1765485218.2953384,92,17,12,16,11,3.688098907470703,68.5,69.5,7.284
1765485218.496629,99,37,49,28,25,3.6878623962402344,69.5,70.5,8.687
1765485218.6981595,99,37,49,28,25,3.6878623962402344,69.5,70.5,8.687
1765485218.8998704,99,37,49,28,25,3.6878623962402344,69.5,70.5,8.687
1765485219.1012216,99,47,38,36,31,3.6879806518554688,69.5,70.5,9.572
1765485219.3023489,99,47,38,36,31,3.6879806518554688,69.5,70.5,9.572
1765485219.5034306,99,10,8,15,13,3.688732147216797,69.0,70.0,7.777
1765485219.7046096,99,10,8,15,13,3.688732147216797,69.0,70.0,7.777
1765485219.9087691,99,10,8,15,13,3.688732147216797,69.0,70.0,7.777
1765485220.11001,99,48,27,39,23,3.688671112060547,69.5,70.0,8.147
1765485220.3115685,99,48,27,39,23,3.688671112060547,69.5,70.0,8.147
1765485220.5128715,99,36,28,32,35,3.6876869201660156,69.0,70.5,8.529
1765485220.7141128,99,36,28,32,35,3.6876869201660156,69.0,70.5,8.529
1765485220.91544,99,36,28,32,35,3.6876869201660156,69.0,70.5,8.529
1765485221.116916,99,16,21,31,18,3.689441680908203,69.5,70.5,9.768
1765485221.318105,99,16,21,31,18,3.689441680908203,69.5,70.5,9.768
1765485221.5192904,99,16,22,21,42,3.6886940002441406,69.0,70.0,8.305
1765485221.7205243,99,16,22,21,42,3.6886940002441406,69.0,70.0,8.305
1765485221.921704,99,16,22,21,42,3.6886940002441406,69.0,70.0,8.305
1765485222.1229873,99,32,22,18,36,3.688518524169922,69.0,70.0,8.081
1765485222.324153,99,32,22,18,36,3.688518524169922,69.0,70.0,8.081
1765485222.5251267,99,23,19,20,32,3.687835693359375,69.5,70.0,8.266
1765485222.7264657,99,23,19,20,32,3.687835693359375,69.5,70.0,8.266
1765485222.9277563,99,23,19,20,32,3.687835693359375,69.5,70.0,8.266
1765485223.1290584,99,20,32,38,30,3.6891822814941406,69.5,70.5,9.273
1765485223.3381355,99,20,32,38,30,3.6891822814941406,69.5,70.5,9.273
1765485223.5398605,99,18,17,17,19,3.688983917236328,68.5,70.0,7.432
1765485223.7411382,99,18,17,17,19,3.688983917236328,68.5,70.0,7.432
1765485223.9422512,99,18,17,17,19,3.688983917236328,68.5,70.0,7.432
1765485224.1433294,99,50,26,22,42,3.689483642578125,69.5,70.5,8.45
1765485224.344681,99,50,26,22,42,3.689483642578125,69.5,70.5,8.45
1765485224.5459526,99,32,40,30,18,3.6897125244140625,69.0,70.5,8.83
1765485224.747066,99,32,40,30,18,3.6897125244140625,69.0,70.5,8.83
1765485224.9483862,99,32,40,30,18,3.6897125244140625,69.0,70.5,8.83
1765485225.1496954,99,11,13,5,19,3.6901817321777344,69.5,70.0,8.489
1765485225.3509285,99,11,13,5,19,3.6901817321777344,69.5,70.0,8.489
1765485225.5522041,99,28,25,51,27,3.6900634765625,69.0,70.0,8.147
1765485225.753605,99,28,25,51,27,3.6900634765625,69.0,70.0,8.147
1765485225.954931,99,28,25,51,27,3.6900634765625,69.0,70.0,8.147
1765485226.1565254,99,28,29,42,30,3.690326690673828,69.0,70.5,8.489
1765485226.36077,99,28,29,42,30,3.690326690673828,69.0,70.5,8.489
1765485226.5620518,99,22,21,17,29,3.6911888122558594,69.5,70.5,8.895
1765485226.7631555,99,22,21,17,29,3.6911888122558594,69.5,70.5,8.895
1765485226.9643235,99,22,21,17,29,3.6911888122558594,69.5,70.5,8.895
1765485227.1653967,99,19,23,38,22,3.690204620361328,69.0,70.0,8.345
1765485227.366409,99,19,23,38,22,3.690204620361328,69.0,70.0,8.345
1765485227.5676367,99,18,12,21,18,3.6911239624023438,69.0,69.5,6.937
1765485227.768747,99,18,12,21,18,3.6911239624023438,69.0,69.5,6.937
1765485227.9697785,99,18,12,21,18,3.6911239624023438,69.0,69.5,6.937
1765485228.1708896,99,36,50,30,25,3.6915855407714844,69.0,70.0,8.226
1765485228.3721237,99,36,50,30,25,3.6915855407714844,69.0,70.0,8.226
1765485228.5734606,99,22,30,26,28,3.6928977966308594,69.0,71.0,8.83
1765485228.7747483,99,22,30,26,28,3.6928977966308594,69.0,71.0,8.83
1765485228.9760005,99,22,30,26,28,3.6928977966308594,69.0,71.0,8.83
1765485229.17711,99,22,16,23,12,3.6924972534179688,69.0,70.5,8.489
1765485229.3783953,99,22,16,23,12,3.6924972534179688,69.0,70.5,8.489
1765485229.5794637,99,34,34,34,53,3.6925621032714844,69.5,70.5,8.608
1765485229.7806594,99,34,34,34,53,3.6925621032714844,69.5,70.5,8.608
1765485229.9817271,99,34,34,34,53,3.6925621032714844,69.5,70.5,8.608
1765485230.1827877,10,31,22,18,20,3.6932716369628906,68.5,70.5,6.209
1765485230.3839924,10,31,22,18,20,3.6932716369628906,68.5,70.5,6.209
1765485230.58511,99,14,12,46,8,3.6950912475585938,69.5,70.5,8.147
1765485230.7863257,99,14,12,46,8,3.6950912475585938,69.5,70.5,8.147
1765485230.9895449,99,14,12,46,8,3.6950912475585938,69.5,70.5,8.147
1765485231.1907876,99,35,33,28,38,3.6951217651367188,69.0,70.5,8.489
1765485231.392122,99,35,33,28,38,3.6951217651367188,69.0,70.5,8.489
1765485231.5932906,99,28,17,21,20,3.6956443786621094,69.5,70.5,8.608
1765485231.796756,99,28,17,21,20,3.6956443786621094,69.5,70.5,8.608
1765485231.9979389,99,28,17,21,20,3.6956443786621094,69.5,70.5,8.608
1765485232.1989555,99,26,18,47,27,3.6967849731445312,69.5,70.5,9.17
1765485232.4001644,99,26,18,47,27,3.6967849731445312,69.5,70.5,9.17
1765485232.6019313,99,26,18,47,27,3.6967849731445312,69.5,70.5,9.17
1765485232.8030784,99,12,8,12,16,3.6957740783691406,68.5,70.0,7.312
1765485233.00429,99,12,8,12,16,3.6957740783691406,68.5,70.0,7.312
1765485233.2054508,99,48,44,33,30,3.6963653564453125,69.5,70.5,8.909
1765485233.4065077,99,48,44,33,30,3.6963653564453125,69.5,70.5,8.909
1765485233.6076472,99,48,44,33,30,3.6963653564453125,69.5,70.5,8.909
1765485233.8087654,99,36,35,38,32,3.69708251953125,69.5,71.0,9.092
1765485234.0098767,99,36,35,38,32,3.69708251953125,69.5,71.0,9.092
1765485234.2109287,99,23,16,17,17,3.6977310180664062,69.5,70.5,8.489
1765485234.4122083,99,23,16,17,17,3.6977310180664062,69.5,70.5,8.489
1765485234.6131885,99,23,16,17,17,3.6977310180664062,69.5,70.5,8.489
1765485234.8144007,99,36,49,32,30,3.6966781616210938,69.5,70.0,8.226
1765485235.0153766,99,36,49,32,30,3.6966781616210938,69.5,70.0,8.226
1765485235.216554,99,21,27,48,20,3.6964378356933594,69.5,71.0,8.687
1765485235.4175775,99,21,27,48,20,3.6964378356933594,69.5,71.0,8.687
1765485235.6188338,99,21,27,48,20,3.6964378356933594,69.5,71.0,8.687
1765485235.8205607,99,18,26,22,29,3.6976966857910156,69.5,71.0,9.313
1765485236.0216799,99,18,26,22,29,3.6976966857910156,69.5,71.0,9.313
1765485236.222789,99,23,15,41,19,3.696491241455078,69.5,70.0,8.147
1765485236.424313,99,23,15,41,19,3.696491241455078,69.5,70.0,8.147
1765485236.6254804,99,23,15,41,19,3.696491241455078,69.5,70.0,8.147
1765485236.8266263,0,24,21,30,19,3.6967544555664062,69.0,70.5,6.669
1765485237.0282757,0,24,21,30,19,3.6967544555664062,69.0,70.5,6.669
1765485237.229721,99,27,28,40,27,3.696929931640625,69.5,70.5,8.83
1765485237.4309204,99,27,28,40,27,3.696929931640625,69.5,70.5,8.83
1765485237.6325507,99,27,28,40,27,3.696929931640625,69.5,70.5,8.83
1765485237.8335948,99,24,23,26,46,3.697490692138672,69.5,71.5,9.572
1765485238.0347614,99,24,23,26,46,3.697490692138672,69.5,71.5,9.572
1765485238.2360482,99,12,10,16,12,3.6970291137695312,69.0,70.0,6.089
1765485238.4372318,99,12,10,16,12,3.6970291137695312,69.0,70.0,6.089
1765485238.638313,99,12,10,16,12,3.6970291137695312,69.0,70.0,6.089
1765485238.8396196,99,44,36,32,20,3.6971817016601562,69.5,70.5,8.647
1765485239.0412626,99,44,36,32,20,3.6971817016601562,69.5,70.5,8.647
1765485239.2424672,99,33,42,34,37,3.6973609924316406,69.0,71.0,9.21
1765485239.443714,99,33,42,34,37,3.6973609924316406,69.0,71.0,9.21
1765485239.6449735,99,33,42,34,37,3.6973609924316406,69.0,71.0,9.21
1765485239.8462055,99,12,15,15,19,3.697154998779297,69.5,70.5,8.385
1765485240.04808,99,12,15,15,19,3.697154998779297,69.5,70.5,8.385
1765485240.2493172,99,51,29,33,31,3.6973114013671875,69.0,70.5,8.345
1765485240.4505086,99,51,29,33,31,3.6973114013671875,69.0,70.5,8.345
1765485240.652572,99,51,29,33,31,3.6973114013671875,69.0,70.5,8.345
1765485240.8538437,99,30,23,32,35,3.6971054077148438,69.5,70.5,8.529
1765485241.0549605,99,30,23,32,35,3.6971054077148438,69.5,70.5,8.529
1765485241.2563722,99,22,12,15,24,3.6979827880859375,69.5,70.5,9.013
1765485241.458258,99,22,12,15,24,3.6979827880859375,69.5,70.5,9.013
1765485241.6596394,99,22,12,15,24,3.6979827880859375,69.5,70.5,9.013
1765485241.8606482,99,19,18,24,41,3.6973037719726562,69.5,70.5,8.147
1765485242.0618074,99,19,18,24,41,3.6973037719726562,69.5,70.5,8.147
1765485242.2634099,40,20,25,24,23,3.6968307495117188,69.0,70.0,6.36
1765485242.4645967,40,20,25,24,23,3.6968307495117188,69.0,70.0,6.36
1765485242.6657782,40,20,25,24,23,3.6968307495117188,69.0,70.0,6.36
1765485242.8667936,99,28,50,31,28,3.69708251953125,69.5,71.0,9.052
1765485243.06864,99,28,50,31,28,3.69708251953125,69.5,71.0,9.052
1765485243.2698636,99,21,19,16,42,3.697673797607422,69.5,71.0,9.131
1765485243.4710355,99,21,19,16,42,3.697673797607422,69.5,71.0,9.131
1765485243.672342,99,21,19,16,42,3.697673797607422,69.5,71.0,9.131
1765485243.8736675,99,17,21,12,12,3.6970062255859375,69.0,70.0,6.28
1765485244.075054,99,17,21,12,12,3.6970062255859375,69.0,70.0,6.28
1765485244.2763922,99,17,21,12,12,3.6970062255859375,69.0,70.0,6.28
1765485244.4775944,99,40,29,45,43,3.6972732543945312,69.5,71.0,9.131
1765485244.6791701,99,40,29,45,43,3.6972732543945312,69.5,71.0,9.131
1765485244.8805735,99,24,29,33,38,3.6976585388183594,69.5,70.5,9.131
1765485245.0818505,99,24,29,33,38,3.6976585388183594,69.5,70.5,9.131
1765485245.2830005,99,24,29,33,38,3.6976585388183594,69.5,70.5,9.131
1765485245.4843054,99,12,15,17,18,3.696949005126953,69.5,70.5,8.042
1765485245.685398,99,12,15,17,18,3.696949005126953,69.5,70.5,8.042
1765485245.8866487,99,35,26,26,49,3.6972427368164062,69.5,70.5,8.608
1765485246.0882554,99,35,26,26,49,3.6972427368164062,69.5,70.5,8.608
1765485246.2894802,99,35,26,26,49,3.6972427368164062,69.5,70.5,8.608
1765485246.4905162,99,33,35,33,28,3.6971778869628906,69.0,71.0,8.568
1765485246.69164,99,33,35,33,28,3.6971778869628906,69.0,71.0,8.568
1765485246.8928792,99,25,28,10,17,3.6980056762695312,69.5,71.0,9.21
1765485247.0943892,99,25,28,10,17,3.6980056762695312,69.5,71.0,9.21
1765485247.2955058,99,25,28,10,17,3.6980056762695312,69.5,71.0,9.21
1765485247.4969306,99,22,20,36,46,3.6975021362304688,69.5,70.5,8.87
1765485247.6981146,99,22,20,36,46,3.6975021362304688,69.5,70.5,8.87
1765485247.8995817,34,26,26,28,25,3.697132110595703,69.0,70.0,6.818
1765485248.1012738,34,26,26,28,25,3.697132110595703,69.0,70.0,6.818
1765485248.3025868,34,26,26,28,25,3.697132110595703,69.0,70.0,6.818
1765485248.503767,99,28,31,45,22,3.697265625,69.5,70.5,9.092
1765485248.7050655,99,28,31,45,22,3.697265625,69.5,70.5,9.092
1765485248.9066942,99,26,31,12,35,3.697521209716797,69.5,71.0,9.131
1765485249.1080747,99,26,31,12,35,3.697521209716797,69.5,71.0,9.131
1765485249.3090496,99,26,31,12,35,3.697521209716797,69.5,71.0,9.131
1765485249.51113,22,16,20,18,16,3.697174072265625,69.0,70.0,6.32
1765485249.7134223,22,16,20,18,16,3.697174072265625,69.0,70.0,6.32
1765485249.9153504,99,50,74,46,56,3.7014808654785156,70.0,71.0,9.713
1765485250.1164455,99,50,74,46,56,3.7014808654785156,70.0,71.0,9.713
1765485250.317673,99,50,74,46,56,3.7014808654785156,70.0,71.0,9.713
1765485250.5189276,99,58,35,33,52,3.7006683349609375,69.5,71.0,9.313
1765485250.7201314,99,58,35,33,52,3.7006683349609375,69.5,71.0,9.313
1765485250.9212441,99,10,10,12,15,3.7002334594726562,69.5,70.5,8.187
1765485251.1229172,99,10,10,12,15,3.7002334594726562,69.5,70.5,8.187
1765485251.3241987,99,10,10,12,15,3.7002334594726562,69.5,70.5,8.187
1765485251.5253906,99,25,51,34,22,3.699920654296875,69.5,70.5,8.594
1765485251.7264483,99,25,51,34,22,3.699920654296875,69.5,70.5,8.594
1765485251.9276686,99,43,42,34,33,3.703075408935547,69.0,71.5,8.568
1765485252.129159,99,43,42,34,33,3.703075408935547,69.0,71.5,8.568
1765485252.3303964,99,43,42,34,33,3.703075408935547,69.0,71.5,8.568
1765485252.531528,99,46,51,34,37,3.6914634704589844,70.0,71.0,9.494
1765485252.7327514,99,46,51,34,37,3.6914634704589844,70.0,71.0,9.494
1765485252.9338186,99,48,21,32,53,3.6910934448242188,70.0,71.0,8.949
1765485253.1350324,99,48,21,32,53,3.6910934448242188,70.0,71.0,8.949
1765485253.3362954,99,48,21,32,53,3.6910934448242188,70.0,71.0,8.949
1765485253.5376134,23,20,25,21,23,3.691741943359375,69.0,70.5,6.857
1765485253.7388315,23,20,25,21,23,3.691741943359375,69.0,70.5,6.857
1765485253.9400856,99,36,33,31,53,3.691638946533203,70.0,71.5,9.831
1765485254.1410742,99,36,33,31,53,3.691638946533203,70.0,71.5,9.831
1765485254.3423216,99,36,33,31,53,3.691638946533203,70.0,71.5,9.831
1765485254.5435712,99,10,21,42,17,3.6917457580566406,69.5,71.0,8.909
1765485254.74484,99,10,21,42,17,3.6917457580566406,69.5,71.0,8.909
1765485254.9462893,99,26,12,25,24,3.6914901733398438,69.5,70.5,7.697
1765485255.1475885,99,26,12,25,24,3.6914901733398438,69.5,70.5,7.697
1765485255.3489916,99,26,12,25,24,3.6914901733398438,69.5,70.5,7.697
1765485255.5501685,99,28,28,52,43,3.691608428955078,69.5,70.5,8.081
1765485255.7512934,99,28,28,52,43,3.691608428955078,69.5,70.5,8.081
1765485255.952756,99,28,28,52,43,3.691608428955078,69.5,70.5,8.081
1765485256.1538515,99,47,40,29,26,3.6921768188476562,69.5,71.5,9.21
1765485256.3553526,99,47,40,29,26,3.6921768188476562,69.5,71.5,9.21
1765485256.5565095,99,14,28,16,15,3.6912841796875,69.5,70.5,8.712
1765485256.7577374,99,14,28,16,15,3.6912841796875,69.5,70.5,8.712
1765485256.958855,99,14,28,16,15,3.6912841796875,69.5,70.5,8.712
1765485257.1600904,99,53,31,40,57,3.6915512084960938,69.5,70.5,8.371
1765485257.3612146,99,53,31,40,57,3.6915512084960938,69.5,70.5,8.371
1765485257.5623033,85,22,33,29,37,3.692180633544922,69.5,71.0,7.843
1765485257.7638457,85,22,33,29,37,3.692180633544922,69.5,71.0,7.843
1765485257.9653387,85,22,33,29,37,3.692180633544922,69.5,71.0,7.843
1765485258.1663396,99,34,25,33,24,3.6930465698242188,70.5,71.5,9.47
1765485258.367311,99,34,25,33,24,3.6930465698242188,70.5,71.5,9.47
1765485258.5684106,99,25,46,16,13,3.691905975341797,69.5,71.0,8.529
1765485258.7694724,99,25,46,16,13,3.691905975341797,69.5,71.0,8.529
1765485258.970562,99,25,46,16,13,3.691905975341797,69.5,71.0,8.529
1765485259.1718628,99,35,22,17,31,3.6919212341308594,69.0,71.0,7.324
1765485259.373193,99,35,22,17,31,3.6919212341308594,69.0,71.0,7.324
1765485259.5744212,99,46,29,33,31,3.692150115966797,70.0,71.5,9.313
1765485259.7754838,99,46,29,33,31,3.692150115966797,70.0,71.5,9.313
1765485259.976556,99,46,29,33,31,3.692150115966797,70.0,71.5,9.313
1765485260.1776175,99,53,25,26,16,3.6926116943359375,70.0,71.0,8.974
1765485260.378829,99,53,25,26,16,3.6926116943359375,70.0,71.0,8.974
1765485260.5799904,99,24,19,18,25,3.6926498413085938,69.5,70.5,7.816
1765485260.7814877,99,24,19,18,25,3.6926498413085938,69.5,70.5,7.816
1765485260.9825997,99,24,19,18,25,3.6926498413085938,69.5,70.5,7.816
1765485261.1840637,99,40,48,44,48,3.6927413940429688,69.5,71.0,8.647
1765485261.3851316,99,40,48,44,48,3.6927413940429688,69.5,71.0,8.647
1765485261.5863373,99,31,28,27,26,3.694042205810547,69.5,71.5,8.594
1765485261.7877061,99,31,28,27,26,3.694042205810547,69.5,71.5,8.594
1765485261.9889596,99,31,28,27,26,3.694042205810547,69.5,71.5,8.594
1765485262.1899874,99,38,22,19,24,3.6931304931640625,70.0,71.0,8.424
1765485262.3910832,99,38,22,19,24,3.6931304931640625,70.0,71.0,8.424
1765485262.592195,99,31,27,25,54,3.693145751953125,70.0,71.0,8.464
1765485262.7934175,99,31,27,25,54,3.693145751953125,70.0,71.0,8.464
1765485262.9943943,99,31,27,25,54,3.693145751953125,70.0,71.0,8.464
1765485263.19546,99,39,23,26,21,3.693927764892578,69.5,71.0,7.444
1765485263.3965864,99,39,23,26,21,3.693927764892578,69.5,71.0,7.444
1765485263.598027,99,39,23,26,21,3.693927764892578,69.5,71.0,7.444
1765485263.7991793,99,25,17,41,19,3.695293426513672,70.0,71.0,9.21
1765485264.000343,99,25,17,41,19,3.695293426513672,70.0,71.0,9.21
1765485264.2018268,99,32,50,29,28,3.69427490234375,69.5,70.5,8.647
1765485264.4031525,99,32,50,29,28,3.69427490234375,69.5,70.5,8.647
1765485264.604229,99,32,50,29,28,3.69427490234375,69.5,70.5,8.647
1765485264.8057892,99,19,21,16,21,3.6944732666015625,70.0,70.5,7.165
1765485265.0070114,99,19,21,16,21,3.6944732666015625,70.0,70.5,7.165
1765485265.2081914,99,43,40,46,43,3.6944122314453125,70.0,71.0,8.974
1765485265.4091806,99,43,40,46,43,3.6944122314453125,70.0,71.0,8.974
1765485265.6104608,99,43,40,46,43,3.6944122314453125,70.0,71.0,8.974
1765485265.8118339,99,19,26,17,40,3.6942825317382812,70.0,71.5,8.647
1765485266.0131145,99,19,26,17,40,3.6942825317382812,70.0,71.5,8.647
1765485266.214349,99,32,22,17,25,3.6939849853515625,70.0,71.0,8.226
1765485266.4156315,99,32,22,17,25,3.6939849853515625,70.0,71.0,8.226
1765485266.6168199,99,32,22,17,25,3.6939849853515625,70.0,71.0,8.226
1765485266.8179674,99,47,48,28,24,3.6945838928222656,70.0,71.0,8.41
1765485267.0190191,99,47,48,28,24,3.6945838928222656,70.0,71.0,8.41
1765485267.2205036,99,28,36,30,40,3.6948928833007812,69.5,72.0,8.529
1765485267.4219012,99,28,36,30,40,3.6948928833007812,69.5,72.0,8.529
1765485267.623136,99,28,36,30,40,3.6948928833007812,69.5,72.0,8.529
1765485267.8242145,99,17,32,17,20,3.6944732666015625,70.0,71.0,8.147
1765485268.025279,99,17,32,17,20,3.6944732666015625,70.0,71.0,8.147
1765485268.2263877,99,31,48,43,51,3.6945877075195312,70.0,71.0,8.608
1765485268.4276316,99,31,48,43,51,3.6945877075195312,70.0,71.0,8.608
1765485268.629128,99,31,48,43,51,3.6945877075195312,70.0,71.0,8.608
1765485268.830484,99,25,21,26,17,3.6945571899414062,69.5,70.5,7.578
1765485269.0318704,99,25,21,26,17,3.6945571899414062,69.5,70.5,7.578
1765485269.2332814,99,34,48,22,38,3.6951026916503906,70.0,71.0,9.548
1765485269.4344623,99,34,48,22,38,3.6951026916503906,70.0,71.0,9.548
1765485269.635637,99,34,48,22,38,3.6951026916503906,70.0,71.0,9.548
1765485269.836655,99,28,14,23,44,3.6946182250976562,70.0,70.5,8.305
1765485270.03781,99,28,14,23,44,3.6946182250976562,70.0,70.5,8.305
1765485270.2392118,99,22,20,30,22,3.6945266723632812,69.5,70.5,7.551
1765485270.4403234,99,22,20,30,22,3.6945266723632812,69.5,70.5,7.551
1765485270.6414125,99,22,20,30,22,3.6945266723632812,69.5,70.5,7.551
1765485270.842498,99,28,26,25,57,3.6947479248046875,70.0,71.0,8.83
1765485271.0438101,99,28,26,25,57,3.6947479248046875,70.0,71.0,8.83
1765485271.2459102,99,23,48,22,20,3.6946144104003906,69.5,71.0,8.489
1765485271.446996,99,23,48,22,20,3.6946144104003906,69.5,71.0,8.489
1765485271.6481807,99,23,48,22,20,3.6946144104003906,69.5,71.0,8.489
1765485271.8494523,99,21,25,27,35,3.6945228576660156,70.0,71.0,8.266
1765485272.050651,99,21,25,27,35,3.6945228576660156,70.0,71.0,8.266
1765485272.2516348,99,48,27,50,35,3.6946334838867188,70.0,71.0,8.266
1765485272.4528267,99,48,27,50,35,3.6946334838867188,70.0,71.0,8.266
1765485272.654158,99,48,27,50,35,3.6946334838867188,70.0,71.0,8.266
1765485272.8579428,44,23,20,23,22,3.6956825256347656,69.0,71.5,7.125
1765485273.0591216,44,23,20,23,22,3.6956825256347656,69.0,71.5,7.125
1765485273.2602413,44,23,20,23,22,3.6956825256347656,69.0,71.5,7.125
1765485273.4613762,99,33,27,32,36,3.695178985595703,70.0,71.0,8.594
1765485273.6626139,99,33,27,32,36,3.695178985595703,70.0,71.0,8.594
1765485273.8640642,99,22,28,36,51,3.695343017578125,70.0,71.0,8.673
1765485274.0653286,99,22,28,36,51,3.695343017578125,70.0,71.0,8.673
1765485274.2663019,99,22,28,36,51,3.695343017578125,70.0,71.0,8.673
1765485274.4679914,99,18,19,22,16,3.6954879760742188,69.5,71.0,6.669
1765485274.6692598,99,18,19,22,16,3.6954879760742188,69.5,71.0,6.669
1765485274.8706121,99,32,26,38,26,3.6963768005371094,70.0,71.0,9.273
1765485275.0715973,99,32,26,38,26,3.6963768005371094,70.0,71.0,9.273
1765485275.2729695,99,32,26,38,26,3.6963768005371094,70.0,71.0,9.273
1765485275.4742267,99,31,24,39,49,3.6954879760742188,70.0,71.5,8.529
1765485275.6753664,99,31,24,39,49,3.6954879760742188,70.0,71.5,8.529
1765485275.8769388,99,16,22,20,26,3.6960525512695312,70.0,71.5,8.633
1765485276.0780685,99,16,22,20,26,3.6960525512695312,70.0,71.5,8.633
1765485276.279164,99,16,22,20,26,3.6960525512695312,70.0,71.5,8.633
1765485276.4804542,99,30,50,27,38,3.6962242126464844,70.5,71.0,8.752
1765485276.6816096,99,30,50,27,38,3.6962242126464844,70.5,71.0,8.752
1765485276.8829634,99,17,30,32,16,3.6960983276367188,69.5,71.5,8.568
1765485277.0841963,99,17,30,32,16,3.6960983276367188,69.5,71.5,8.568
1765485277.2853067,99,17,30,32,16,3.6960983276367188,69.5,71.5,8.568
1765485277.486494,99,31,35,38,31,3.696422576904297,70.5,71.5,8.949
1765485277.6881492,99,31,35,38,31,3.696422576904297,70.5,71.5,8.949
1765485277.8892632,99,46,48,34,54,3.6960983276367188,70.5,71.5,8.949
1765485278.0904653,99,46,48,34,54,3.6960983276367188,70.5,71.5,8.949
1765485278.2916963,99,46,48,34,54,3.6960983276367188,70.5,71.5,8.949
1765485278.492964,42,25,25,25,18,3.6968917846679688,69.5,71.0,7.046
1765485278.6940343,42,25,25,25,18,3.6968917846679688,69.5,71.0,7.046
1765485278.8952727,99,40,28,21,24,3.695972442626953,70.5,71.5,9.131
1765485279.0966709,99,40,28,21,24,3.695972442626953,70.5,71.5,9.131
1765485279.2977748,99,40,28,21,24,3.695972442626953,70.5,71.5,9.131
1765485279.4990497,99,29,30,50,25,3.6958961486816406,70.0,71.0,8.647
1765485279.7004075,99,29,30,50,25,3.6958961486816406,70.0,71.0,8.647
1765485279.901491,95,28,30,21,35,3.696331024169922,70.0,71.0,6.897
1765485280.1026547,95,28,30,21,35,3.696331024169922,70.0,71.0,6.897
1765485280.3043323,95,28,30,21,35,3.696331024169922,70.0,71.0,6.897
1765485280.5054607,99,24,25,26,44,3.6964073181152344,70.0,71.0,9.249
1765485280.7064981,99,24,25,26,44,3.6964073181152344,70.0,71.0,9.249
1765485280.9080818,99,24,25,26,44,3.6964073181152344,70.0,71.0,9.249
1765485281.1092186,99,36,28,27,48,3.696063995361328,70.0,71.5,8.83
1765485281.3103898,99,36,28,27,48,3.696063995361328,70.0,71.5,8.83
1765485281.5115993,99,29,22,22,19,3.6968650817871094,70.0,71.0,8.002
1765485281.7128778,99,29,22,22,19,3.6968650817871094,70.0,71.0,8.002
1765485281.9195857,99,34,48,30,43,3.6962814331054688,70.0,71.5,9.013
1765485282.1207473,99,34,48,30,43,3.6962814331054688,70.0,71.5,9.013
1765485282.3223414,99,34,48,30,43,3.6962814331054688,70.0,71.5,9.013
1765485282.528337,99,35,22,24,20,3.6964874267578125,70.0,71.0,8.647
1765485282.7295978,99,35,22,24,20,3.6964874267578125,70.0,71.0,8.647
1765485282.930894,99,35,22,24,20,3.6964874267578125,70.0,71.0,8.647
1765485283.132469,99,34,35,22,26,3.6966018676757812,70.0,71.5,8.934
1765485283.3345318,99,34,35,22,26,3.6966018676757812,70.0,71.5,8.934
1765485283.5356336,99,48,36,42,40,3.696666717529297,70.5,71.0,8.608
1765485283.7376206,99,48,36,42,40,3.696666717529297,70.5,71.0,8.608
1765485283.9398167,99,48,36,42,40,3.696666717529297,70.5,71.0,8.608
1765485284.1412582,99,22,25,17,28,3.6969337463378906,69.5,71.5,8.042
1765485284.3458254,99,22,25,17,28,3.6969337463378906,69.5,71.5,8.042
1765485284.5469284,99,25,37,25,22,3.6967086791992188,70.5,71.0,8.568
1765485284.7484615,99,25,37,25,22,3.6967086791992188,70.5,71.0,8.568
1765485284.957296,99,25,37,25,22,3.6967086791992188,70.5,71.0,8.568
1765485285.158453,99,38,37,34,56,3.6982192993164062,70.5,71.0,8.752
1765485285.3601992,99,38,37,34,56,3.6982192993164062,70.5,71.0,8.752
1765485285.5616007,99,22,23,18,19,3.6980552673339844,70.0,71.0,6.589
1765485285.7629516,99,22,23,18,19,3.6980552673339844,70.0,71.0,6.589
1765485285.964253,99,22,23,18,19,3.6980552673339844,70.0,71.0,6.589
1765485286.1657932,99,20,22,48,32,3.6984405517578125,70.5,71.5,9.352
1765485286.3680274,99,20,22,48,32,3.6984405517578125,70.5,71.5,9.352
1765485286.5691023,99,24,27,20,50,3.697978973388672,70.0,71.5,8.83
1765485286.7703414,99,24,27,20,50,3.697978973388672,70.0,71.5,8.83
1765485286.9717875,99,24,27,20,50,3.697978973388672,70.0,71.5,8.83
1765485287.1738746,99,26,25,23,26,3.6978759765625,70.5,71.5,8.424
1765485287.3752575,99,26,25,23,26,3.6978759765625,70.5,71.5,8.424
1765485287.576407,99,28,57,32,29,3.698505401611328,70.0,71.5,9.391
1765485287.7776558,99,28,57,32,29,3.698505401611328,70.0,71.5,9.391
1765485287.979342,99,28,57,32,29,3.698505401611328,70.0,71.5,9.391
1765485288.1805608,99,22,34,28,18,3.698028564453125,70.5,71.5,8.87
1765485288.3818035,99,22,34,28,18,3.698028564453125,70.5,71.5,8.87
1765485288.5830436,99,15,32,28,22,3.6982650756835938,70.0,71.0,8.345
1765485288.7848663,99,15,32,28,22,3.6982650756835938,70.0,71.0,8.345
1765485288.9860125,99,15,32,28,22,3.6982650756835938,70.0,71.0,8.345
1765485289.1872563,99,50,46,33,58,3.6984481811523438,70.5,71.5,8.934
1765485289.3884852,99,50,46,33,58,3.6984481811523438,70.5,71.5,8.934
1765485289.5899708,99,21,24,21,12,3.699138641357422,70.0,71.0,7.392
1765485289.7915196,99,21,24,21,12,3.699138641357422,70.0,71.0,7.392
1765485289.993,99,21,24,21,12,3.699138641357422,70.0,71.0,7.392
1765485290.1942117,99,28,26,41,35,3.6985015869140625,70.0,71.5,8.712
1765485290.3952723,99,28,26,41,35,3.6985015869140625,70.0,71.5,8.712
1765485290.59647,99,34,28,54,32,3.697193145751953,70.0,72.0,8.081
1765485290.7974632,99,34,28,54,32,3.697193145751953,70.0,72.0,8.081
1765485290.9987335,99,34,28,54,32,3.697193145751953,70.0,72.0,8.081
1765485291.2001822,99,19,26,32,28,3.6974143981933594,70.0,71.0,8.988
1765485291.4013507,99,19,26,32,28,3.6974143981933594,70.0,71.0,8.988
1765485291.6024485,99,16,30,46,23,3.6617431640625,70.0,71.5,8.791
1765485291.8036203,99,16,30,46,23,3.6617431640625,70.0,71.5,8.791
1765485292.0047636,99,16,30,46,23,3.6617431640625,70.0,71.5,8.791
1765485292.2064667,25,28,24,25,25,3.6609878540039062,70.0,71.5,7.233
1765485292.4075992,25,28,24,25,25,3.6609878540039062,70.0,71.5,7.233
1765485292.6085784,99,26,26,26,46,3.6610031127929688,70.5,71.5,9.052
1765485292.810046,99,26,26,26,46,3.6610031127929688,70.5,71.5,9.052
1765485293.0116725,99,26,26,26,46,3.6610031127929688,70.5,71.5,9.052
1765485293.2130115,99,30,42,40,53,3.662384033203125,70.5,71.5,9.611
1765485293.4142687,99,30,42,40,53,3.662384033203125,70.5,71.5,9.611
1765485293.615373,34,14,12,18,16,3.6616554260253906,69.5,70.5,5.969
1765485293.8167136,34,14,12,18,16,3.6616554260253906,69.5,70.5,5.969
1765485294.018171,34,14,12,18,16,3.6616554260253906,69.5,70.5,5.969
1765485294.2194543,99,42,47,48,46,3.6615333557128906,70.5,71.0,8.805
1765485294.4207919,99,42,47,48,46,3.6615333557128906,70.5,71.0,8.805
1765485294.624934,99,42,32,46,25,3.660968780517578,70.0,72.0,8.949
1765485294.8260431,99,42,32,46,25,3.660968780517578,70.0,72.0,8.949
1765485295.0273764,99,42,32,46,25,3.660968780517578,70.0,72.0,8.949
1765485295.2289226,99,12,20,27,21,3.6621971130371094,70.0,71.5,8.568
1765485295.4302227,99,12,20,27,21,3.6621971130371094,70.0,71.5,8.568
1765485295.631233,99,12,20,27,21,3.6621971130371094,70.0,71.5,8.568
1765485295.832565,99,23,25,24,44,3.661083221435547,70.0,71.5,8.45
1765485296.0336251,99,23,25,24,44,3.661083221435547,70.0,71.5,8.45
1765485296.234863,99,42,33,38,32,3.6614723205566406,70.5,72.0,8.489
1765485296.436146,99,42,33,38,32,3.6614723205566406,70.5,72.0,8.489
1765485296.6375864,99,42,33,38,32,3.6614723205566406,70.5,72.0,8.489
1765485296.8387856,99,20,36,25,16,3.661895751953125,71.0,71.5,8.791
1765485297.0401845,99,20,36,25,16,3.661895751953125,71.0,71.5,8.791
1765485297.2411754,99,36,31,50,30,3.6619033813476562,70.5,71.0,8.752
1765485297.4423556,99,36,31,50,30,3.6619033813476562,70.5,71.0,8.752
1765485297.6436677,99,36,31,50,30,3.6619033813476562,70.5,71.0,8.752
1765485297.8448734,87,34,25,28,30,3.663646697998047,70.0,71.0,6.868
1765485298.0459313,87,34,25,28,30,3.663646697998047,70.0,71.0,6.868
1765485298.2472086,99,34,58,28,65,3.7093658447265625,69.5,71.0,8.042
1765485298.448423,99,34,58,28,65,3.7093658447265625,69.5,71.0,8.042
1765485298.6496296,99,34,58,28,65,3.7093658447265625,69.5,71.0,8.042
1765485298.850735,99,21,30,26,20,3.71002197265625,70.5,71.5,9.533
1765485299.051882,99,21,30,26,20,3.71002197265625,70.5,71.5,9.533
1765485299.2530985,99,30,25,38,52,3.6563682556152344,70.5,71.5,9.052
1765485299.4544036,99,30,25,38,52,3.6563682556152344,70.5,71.5,9.052
1765485299.6555092,99,30,25,38,52,3.6563682556152344,70.5,71.5,9.052
1765485299.8574455,10,24,18,17,21,3.6565284729003906,70.0,70.5,6.549
1765485300.0586865,10,24,18,17,21,3.6565284729003906,70.0,70.5,6.549
1765485300.2598596,99,40,43,36,55,3.656055450439453,70.5,71.5,9.052
1765485300.4611704,99,40,43,36,55,3.656055450439453,70.5,71.5,9.052
1765485300.6624284,99,40,43,36,55,3.656055450439453,70.5,71.5,9.052
1765485300.864243,99,28,25,46,28,3.6574172973632812,70.5,72.0,9.273
1765485301.0657208,99,28,25,46,28,3.6574172973632812,70.5,72.0,9.273
1765485301.2669215,99,22,26,23,22,3.656841278076172,70.5,71.0,8.002
1765485301.4684398,99,22,26,23,22,3.656841278076172,70.5,71.0,8.002
1765485301.669502,99,22,26,23,22,3.656841278076172,70.5,71.0,8.002
1765485301.870682,99,39,40,34,45,3.656627655029297,70.5,71.5,8.16
1765485302.0723152,99,39,40,34,45,3.656627655029297,70.5,71.5,8.16
1765485302.2735014,99,36,43,31,48,3.6571006774902344,70.5,72.0,9.17
1765485302.4746168,99,36,43,31,48,3.6571006774902344,70.5,72.0,9.17
1765485302.675712,99,36,43,31,48,3.6571006774902344,70.5,72.0,9.17
1765485302.8771148,99,22,12,10,16,3.6563873291015625,70.5,71.5,8.647
1765485303.0783665,99,22,12,10,16,3.6563873291015625,70.5,71.5,8.647
1765485303.279542,99,36,50,27,34,3.656688690185547,70.5,71.0,8.002
1765485303.4807389,99,36,50,27,34,3.656688690185547,70.5,71.0,8.002
1765485303.681835,99,36,50,27,34,3.656688690185547,70.5,71.0,8.002
1765485303.8830187,8,20,31,23,22,3.6564712524414062,69.5,71.0,6.857
1765485304.0843146,8,20,31,23,22,3.6564712524414062,69.5,71.0,6.857
1765485304.2854917,99,37,30,38,47,3.657482147216797,71.0,72.5,9.752
1765485304.4869163,99,37,30,38,47,3.657482147216797,71.0,72.5,9.752
1765485304.6883247,99,37,30,38,47,3.657482147216797,71.0,72.5,9.752
1765485304.8895187,99,28,23,26,42,3.660411834716797,70.5,72.0,8.726
1765485305.0908427,99,28,23,26,42,3.660411834716797,70.5,72.0,8.726
1765485305.2921195,99,29,21,22,23,3.660778045654297,70.0,71.0,7.352
1765485305.4933243,99,29,21,22,23,3.660778045654297,70.0,71.0,7.352
1765485305.6946237,99,29,21,22,23,3.660778045654297,70.0,71.0,7.352
1765485305.8957407,99,45,31,35,34,3.6607208251953125,71.0,71.5,8.385
1765485306.0968697,99,45,31,35,34,3.6607208251953125,71.0,71.5,8.385
1765485306.2980852,99,45,31,35,34,3.6607208251953125,71.0,71.5,8.385
1765485306.4992447,99,21,32,32,31,3.6622161865234375,70.5,72.0,8.712
1765485306.7003317,99,21,32,32,31,3.6622161865234375,70.5,72.0,8.712
1765485306.9013433,99,23,21,20,28,3.6613540649414062,71.0,71.5,8.752
1765485307.1026301,99,23,21,20,28,3.6613540649414062,71.0,71.5,8.752
1765485307.3037832,99,23,21,20,28,3.6613540649414062,71.0,71.5,8.752
1765485307.5051892,99,37,45,50,41,3.6621246337890625,71.0,71.5,8.266
1765485307.7062857,99,37,45,50,41,3.6621246337890625,71.0,71.5,8.266
1765485307.9074898,57,32,28,27,28,3.6629562377929688,69.5,71.5,7.392
1765485308.1086075,57,32,28,27,28,3.6629562377929688,69.5,71.5,7.392
1765485308.3097682,57,32,28,27,28,3.6629562377929688,69.5,71.5,7.392
1765485308.5107968,99,22,30,31,26,3.6628265380859375,70.5,71.5,8.489
1765485308.7121656,99,22,30,31,26,3.6628265380859375,70.5,71.5,8.489
1765485308.913223,99,25,27,60,30,3.6629562377929688,70.5,71.5,8.687
1765485309.1145704,99,25,27,60,30,3.6629562377929688,70.5,71.5,8.687
1765485309.315655,99,25,27,60,30,3.6629562377929688,70.5,71.5,8.687
1765485309.5167682,20,26,25,26,22,3.6636199951171875,70.0,71.0,6.36
1765485309.7177737,20,26,25,26,22,3.6636199951171875,70.0,71.0,6.36
1765485309.919001,99,26,26,31,41,3.6638870239257812,71.0,72.0,9.752
1765485310.120127,99,26,26,31,41,3.6638870239257812,71.0,72.0,9.752
1765485310.3211365,99,26,26,31,41,3.6638870239257812,71.0,72.0,9.752
1765485310.5227022,99,28,22,30,48,3.6638832092285156,70.5,71.5,8.647
1765485310.7241967,99,28,22,30,48,3.6638832092285156,70.5,71.5,8.647
1765485310.9272544,99,22,19,22,14,3.6641769409179688,70.5,72.0,8.345
1765485311.1284142,99,22,19,22,14,3.6641769409179688,70.5,72.0,8.345
1765485311.3296404,99,22,19,22,14,3.6641769409179688,70.5,72.0,8.345
1765485311.530784,99,36,62,44,42,3.6638755798339844,70.5,72.5,9.17
1765485311.732061,99,36,62,44,42,3.6638755798339844,70.5,72.5,9.17
1765485311.9335067,99,20,27,26,22,3.664478302001953,70.0,72.0,9.234
1765485312.134644,99,20,27,26,22,3.664478302001953,70.0,72.0,9.234
1765485312.3358052,99,20,27,26,22,3.664478302001953,70.0,72.0,9.234
1765485312.5374975,99,38,23,18,26,3.663990020751953,71.0,71.5,8.45
1765485312.7389219,99,38,23,18,26,3.663990020751953,71.0,71.5,8.45
1765485312.9402237,99,40,31,45,54,3.664398193359375,71.0,73.0,9.092
1765485313.1414304,99,40,31,45,54,3.664398193359375,71.0,73.0,9.092
1765485313.3428211,99,40,31,45,54,3.664398193359375,71.0,73.0,9.092
1765485313.544225,82,22,26,22,29,3.665508270263672,70.0,72.0,7.085
1765485313.7455797,82,22,26,22,29,3.665508270263672,70.0,72.0,7.085
1765485313.9466956,99,27,25,41,18,3.6651077270507812,70.5,71.5,9.47
1765485314.147845,99,27,25,41,18,3.6651077270507812,70.5,71.5,9.47
1765485314.349151,99,27,25,41,18,3.6651077270507812,70.5,71.5,9.47
1765485314.559763,99,34,20,25,44,3.665782928466797,70.5,71.5,8.385
1765485314.7611113,99,34,20,25,44,3.665782928466797,70.5,71.5,8.385
1765485314.962507,99,18,23,18,33,3.666656494140625,70.5,71.5,8.121
1765485315.163731,99,18,23,18,33,3.666656494140625,70.5,71.5,8.121
1765485315.365722,99,18,23,18,33,3.666656494140625,70.5,71.5,8.121
1765485315.566995,99,40,30,29,46,3.6702804565429688,71.0,72.5,9.249
1765485315.7680519,99,40,30,29,46,3.6702804565429688,71.0,72.5,9.249
1765485315.969414,99,37,18,18,37,3.6694374084472656,70.5,72.5,8.791
1765485316.1707428,99,37,18,18,37,3.6694374084472656,70.5,72.5,8.791
1765485316.3720374,99,37,18,18,37,3.6694374084472656,70.5,72.5,8.791
1765485316.5730255,99,28,32,34,34,3.6697463989257812,70.5,71.0,8.305
1765485316.7743084,99,28,32,34,34,3.6697463989257812,70.5,71.0,8.305
1765485316.9753158,99,42,51,42,42,3.6705360412597656,71.0,73.0,10.167
1765485317.1763697,99,42,51,42,42,3.6705360412597656,71.0,73.0,10.167
1765485317.3774505,99,42,51,42,42,3.6705360412597656,71.0,73.0,10.167
1765485317.578726,99,12,16,14,12,3.6700592041015625,70.0,71.5,7.658
1765485317.7797527,99,12,16,14,12,3.6700592041015625,70.0,71.5,7.658
1765485317.9812188,99,12,16,14,12,3.6700592041015625,70.0,71.5,7.658
1765485318.1828074,99,38,41,32,52,3.670745849609375,71.0,72.0,8.988
1765485318.3842366,99,38,41,32,52,3.670745849609375,71.0,72.0,8.988
1765485318.585488,99,54,25,35,28,3.6709060668945312,70.5,71.5,8.752
1765485318.786668,99,54,25,35,28,3.6709060668945312,70.5,71.5,8.752
1765485318.9883595,99,54,25,35,28,3.6709060668945312,70.5,71.5,8.752
1765485319.1895103,99,24,21,16,21,3.6715011596679688,71.0,72.0,8.949
1765485319.3905404,99,24,21,16,21,3.6715011596679688,71.0,72.0,8.949
1765485319.5917048,99,28,30,45,18,3.6706809997558594,71.0,72.0,8.16
1765485319.7928889,99,28,30,45,18,3.6706809997558594,71.0,72.0,8.16
1765485319.994947,99,28,30,45,18,3.6706809997558594,71.0,72.0,8.16
1765485320.1962605,99,36,42,42,33,3.6705169677734375,70.5,71.5,8.949
1765485320.3974466,99,36,42,42,33,3.6705169677734375,70.5,71.5,8.949
1765485320.598592,99,17,32,16,22,3.6713409423828125,70.5,71.5,8.647
1765485320.800025,99,17,32,16,22,3.6713409423828125,70.5,71.5,8.647
1765485321.0011382,99,17,32,16,22,3.6713409423828125,70.5,71.5,8.647
1765485321.2026143,99,25,55,36,22,3.6718826293945312,71.0,72.0,9.092
1765485321.403846,99,25,55,36,22,3.6718826293945312,71.0,72.0,9.092
1765485321.605286,39,20,23,16,18,3.671215057373047,69.5,71.0,6.209
1765485321.8063898,39,20,23,16,18,3.671215057373047,69.5,71.0,6.209
1765485322.008194,39,20,23,16,18,3.671215057373047,69.5,71.0,6.209
1765485322.2098806,99,34,27,46,42,3.6720848083496094,71.0,72.0,9.013
1765485322.4112046,99,34,27,46,42,3.6720848083496094,71.0,72.0,9.013
1765485322.612406,99,32,32,46,36,3.6729583740234375,71.0,72.5,9.391
1765485322.8136008,99,32,32,46,36,3.6729583740234375,71.0,72.5,9.391
1765485323.0148923,99,32,32,46,36,3.6729583740234375,71.0,72.5,9.391
1765485323.2177956,99,24,15,14,14,3.6722755432128906,71.0,71.5,7.618
1765485323.4189117,99,24,15,14,14,3.6722755432128906,71.0,71.5,7.618
1765485323.6201744,99,49,31,30,33,3.6729469299316406,71.0,71.5,8.042
1765485323.8214045,99,49,31,30,33,3.6729469299316406,71.0,71.5,8.042
1765485324.02297,99,49,31,30,33,3.6729469299316406,71.0,71.5,8.042
1765485324.2242994,99,37,36,29,36,3.6730804443359375,70.0,72.0,7.777
1765485324.4254506,99,37,36,29,36,3.6730804443359375,70.0,72.0,7.777
1765485324.6264856,99,20,16,30,16,3.674518585205078,71.0,72.0,8.949
1765485324.8274672,99,20,16,30,16,3.674518585205078,71.0,72.0,8.949
1765485325.0286255,99,20,16,30,16,3.674518585205078,71.0,72.0,8.949
1765485325.2295883,99,21,55,32,26,3.6739463806152344,71.0,72.0,8.633
1765485325.430715,99,21,55,32,26,3.6739463806152344,71.0,72.0,8.633
1765485325.6317956,99,25,17,16,28,3.6745033264160156,70.5,71.5,7.205
1765485325.8330038,99,25,17,16,28,3.6745033264160156,70.5,71.5,7.205
1765485326.0339632,99,25,17,16,28,3.6745033264160156,70.5,71.5,7.205
1765485326.2352002,99,39,26,36,57,3.674652099609375,71.0,72.0,8.687
1765485326.436524,99,39,26,36,57,3.674652099609375,71.0,72.0,8.687
1765485326.6377754,99,24,28,22,49,3.674663543701172,70.5,72.5,8.934
1765485326.8388603,99,24,28,22,49,3.674663543701172,70.5,72.5,8.934
1765485327.0401795,99,24,28,22,49,3.674663543701172,70.5,72.5,8.934
1765485327.2412255,99,28,17,23,26,3.6744308471679688,71.0,72.0,8.529
1765485327.442526,99,28,17,23,26,3.6744308471679688,71.0,72.0,8.529
1765485327.6435647,99,46,37,50,41,3.6752548217773438,70.5,72.0,8.345
1765485327.8448908,99,46,37,50,41,3.6752548217773438,70.5,72.0,8.345
1765485328.0464585,99,46,37,50,41,3.6752548217773438,70.5,72.0,8.345
1765485328.2525194,91,21,38,27,29,3.6759719848632812,70.0,72.0,8.305
1765485328.4537141,91,21,38,27,29,3.6759719848632812,70.0,72.0,8.305
1765485328.6549523,99,27,20,34,16,3.675140380859375,71.0,71.5,8.726
1765485328.856049,99,27,20,34,16,3.675140380859375,71.0,71.5,8.726
1765485329.0571587,99,27,20,34,16,3.675140380859375,71.0,71.5,8.726
1765485329.2582903,99,48,37,57,41,3.675464630126953,71.0,72.0,8.934
1765485329.4597933,99,48,37,57,41,3.675464630126953,71.0,72.0,8.934
1765485329.661193,23,28,20,22,14,3.6758499145507812,70.0,71.5,6.738
1765485329.8624778,23,28,20,22,14,3.6758499145507812,70.0,71.5,6.738
1765485330.0635881,23,28,20,22,14,3.6758499145507812,70.0,71.5,6.738
1765485330.2647839,99,37,28,36,38,3.6773910522460938,71.0,72.5,9.391
1765485330.465909,99,37,28,36,38,3.6773910522460938,71.0,72.5,9.391
1765485330.6688323,99,37,28,36,38,3.6773910522460938,71.0,72.5,9.391
1765485330.869935,99,26,19,18,42,3.6763534545898438,70.5,72.0,8.489
1765485331.071069,99,26,19,18,42,3.6763534545898438,70.5,72.0,8.489
1765485331.2722447,99,27,32,25,20,3.6769752502441406,71.0,71.5,7.962
1765485331.4735017,99,27,32,25,20,3.6769752502441406,71.0,71.5,7.962
1765485331.6746404,99,27,32,25,20,3.6769752502441406,71.0,71.5,7.962
1765485331.8758101,99,32,27,34,53,3.6781578063964844,71.0,72.0,9.17
1765485332.0770226,99,32,27,34,53,3.6781578063964844,71.0,72.0,9.17
1765485332.2787123,99,18,16,39,21,3.6783218383789062,70.5,72.0,8.45
1765485332.4801395,99,18,16,39,21,3.6783218383789062,70.5,72.0,8.45
1765485332.6813831,99,18,16,39,21,3.6783218383789062,70.5,72.0,8.45
1765485332.8826578,99,32,31,37,17,3.6779823303222656,71.0,71.5,8.266
1765485333.0845358,99,32,31,37,17,3.6779823303222656,71.0,71.5,8.266
1765485333.2857113,99,40,52,32,34,3.678600311279297,71.0,72.0,8.87
1765485333.4868808,99,40,52,32,34,3.678600311279297,71.0,72.0,8.87
1765485333.6896858,99,40,52,32,34,3.678600311279297,71.0,72.0,8.87
1765485333.8908956,92,21,16,29,20,3.6797027587890625,70.0,72.0,8.042
1765485334.0920105,92,21,16,29,20,3.6797027587890625,70.0,72.0,8.042
1765485334.2931938,99,37,23,25,44,3.6788558959960938,71.0,72.0,8.752
1765485334.4942844,99,37,23,25,44,3.6788558959960938,71.0,72.0,8.752
1765485334.6954207,99,37,23,25,44,3.6788558959960938,71.0,72.0,8.752
1765485334.8965285,99,21,24,45,29,3.6788253784179688,71.0,71.5,8.41
1765485335.0976975,99,21,24,45,29,3.6788253784179688,71.0,71.5,8.41
1765485335.2988572,99,29,30,20,22,3.678936004638672,70.5,71.5,7.737
1765485335.5004416,99,29,30,20,22,3.678936004638672,70.5,71.5,7.737
1765485335.7015393,99,29,30,20,22,3.678936004638672,70.5,71.5,7.737
1765485335.902872,99,24,24,21,48,3.6790428161621094,71.0,73.0,9.013
1765485336.1040325,99,24,24,21,48,3.6790428161621094,71.0,73.0,9.013
1765485336.3055344,99,30,36,42,26,3.6787185668945312,71.0,72.5,8.424
1765485336.5066636,99,30,36,42,26,3.6787185668945312,71.0,72.5,8.424
1765485336.7078025,99,30,36,42,26,3.6787185668945312,71.0,72.5,8.424
1765485336.9100766,99,14,22,24,20,3.6798439025878906,71.0,72.0,8.673
1765485337.1118226,99,14,22,24,20,3.6798439025878906,71.0,72.0,8.673
1765485337.31358,99,36,46,41,50,3.6801071166992188,71.0,72.5,9.313
1765485337.5148182,99,36,46,41,50,3.6801071166992188,71.0,72.5,9.313
1765485337.7160661,99,36,46,41,50,3.6801071166992188,71.0,72.5,9.313
1765485337.9175131,45,30,15,21,18,3.680309295654297,70.5,71.5,5.929
1765485338.1187632,45,30,15,21,18,3.680309295654297,70.5,71.5,5.929
1765485338.3201783,99,38,42,47,42,3.680816650390625,71.0,72.5,8.87
1765485338.5213726,99,38,42,47,42,3.680816650390625,71.0,72.5,8.87
1765485338.7228289,99,38,42,47,42,3.680816650390625,71.0,72.5,8.87
1765485338.9251332,99,52,32,30,31,3.6809043884277344,71.0,71.5,8.712
1765485339.1264281,99,52,32,30,31,3.6809043884277344,71.0,71.5,8.712
1765485339.3284314,99,17,22,23,17,3.6822166442871094,71.0,72.5,8.568
1765485339.5295036,99,17,22,23,17,3.6822166442871094,71.0,72.5,8.568
1765485339.7306178,99,17,22,23,17,3.6822166442871094,71.0,72.5,8.568
1765485339.9318676,99,43,17,27,20,3.6812210083007812,71.0,71.5,8.121
1765485340.1329517,99,43,17,27,20,3.6812210083007812,71.0,71.5,8.121
1765485340.3342957,99,32,43,42,38,3.6816062927246094,71.0,73.0,8.791
1765485340.5357082,99,32,43,42,38,3.6816062927246094,71.0,73.0,8.791
1765485340.7369654,99,32,43,42,38,3.6816062927246094,71.0,73.0,8.791
1765485340.9387715,99,22,20,28,20,3.6818275451660156,71.0,72.5,8.909
1765485341.140377,99,22,20,28,20,3.6818275451660156,71.0,72.5,8.909
1765485341.3413262,99,22,20,28,20,3.6818275451660156,71.0,72.5,8.909
1765485341.5425763,99,29,32,50,49,3.6830101013183594,71.0,72.5,9.611
1765485341.744041,99,29,32,50,49,3.6830101013183594,71.0,72.5,9.611
1765485341.945649,42,23,16,21,15,3.6826095581054688,70.5,71.5,6.818
1765485342.1475794,42,23,16,21,15,3.6826095581054688,70.5,71.5,6.818
1765485342.3487356,42,23,16,21,15,3.6826095581054688,70.5,71.5,6.818
1765485342.5497136,99,46,49,42,38,3.68231201171875,71.0,72.5,9.092
1765485342.7509487,99,46,49,42,38,3.68231201171875,71.0,72.5,9.092
1765485342.9526975,99,37,48,31,32,3.6831016540527344,71.0,73.0,9.69
1765485343.1538277,99,37,48,31,32,3.6831016540527344,71.0,73.0,9.69
1765485343.3548648,99,37,48,31,32,3.6831016540527344,71.0,73.0,9.69
1765485343.5564153,99,14,24,16,12,3.6822433471679688,70.0,71.5,6.209
1765485343.7575085,99,14,24,16,12,3.6822433471679688,70.0,71.5,6.209
1765485343.9586787,99,32,50,29,36,3.682353973388672,71.0,72.5,8.752
1765485344.1596842,99,32,50,29,36,3.682353973388672,71.0,72.5,8.752
1765485344.3608763,99,32,50,29,36,3.682353973388672,71.0,72.5,8.752
1765485344.5619123,99,31,49,36,38,3.6822509765625,71.0,72.0,8.712
1765485344.7631695,99,31,49,36,38,3.6822509765625,71.0,72.0,8.712
1765485344.9642818,99,25,16,22,17,3.6832122802734375,71.0,72.5,8.752
1765485345.1654587,99,25,16,22,17,3.6832122802734375,71.0,72.5,8.752
1765485345.3669987,99,25,16,22,17,3.6832122802734375,71.0,72.5,8.752
1765485345.5690112,99,32,30,28,50,3.6819190979003906,71.0,72.5,8.568
1765485345.770027,99,32,30,28,50,3.6819190979003906,71.0,72.5,8.568
1765485345.9711776,99,30,30,37,30,3.6826248168945312,71.0,72.5,9.013
1765485346.1724596,99,30,30,37,30,3.6826248168945312,71.0,72.5,9.013
1765485346.37396,99,30,30,37,30,3.6826248168945312,71.0,72.5,9.013
1765485346.5750678,99,33,27,25,21,3.6822433471679688,71.0,72.0,8.687
1765485346.7768078,99,33,27,25,21,3.6822433471679688,71.0,72.0,8.687
1765485346.9779022,99,26,49,28,22,3.6831893920898438,71.5,73.0,9.131
1765485347.179025,99,26,49,28,22,3.6831893920898438,71.5,73.0,9.131
1765485347.3803444,99,26,49,28,22,3.6831893920898438,71.5,73.0,9.131
1765485347.5817509,0,24,33,24,33,3.6931991577148438,70.5,72.0,6.509
1765485347.7828348,0,24,33,24,33,3.6931991577148438,70.5,72.0,6.509
1765485347.983819,99,37,46,22,29,3.6942787170410156,71.5,72.5,9.391
1765485348.1848836,99,37,46,22,29,3.6942787170410156,71.5,72.5,9.391
1765485348.3872333,99,37,46,22,29,3.6942787170410156,71.5,72.5,9.391
1765485348.5888033,99,31,57,32,43,3.6946067810058594,71.5,73.0,9.391
1765485348.7899258,99,31,57,32,43,3.6946067810058594,71.5,73.0,9.391
1765485348.9909275,99,22,17,24,19,3.694316864013672,71.5,73.0,8.489
1765485349.1921906,99,22,17,24,19,3.694316864013672,71.5,73.0,8.489
1765485349.3933163,99,22,17,24,19,3.694316864013672,71.5,73.0,8.489
1765485349.5945435,99,42,47,32,40,3.694580078125,71.5,72.5,8.687
1765485349.7955213,99,42,47,32,40,3.694580078125,71.5,72.5,8.687
1765485349.9968128,99,42,47,32,40,3.694580078125,71.5,72.5,8.687
1765485350.198424,99,26,38,42,26,3.6942291259765625,71.0,73.0,9.092
1765485350.3998141,99,26,38,42,26,3.6942291259765625,71.0,73.0,9.092
1765485350.6009076,99,24,17,23,31,3.6951904296875,71.0,73.0,9.234
1765485350.8020506,99,24,17,23,31,3.6951904296875,71.0,73.0,9.234
1765485351.0031865,99,24,17,23,31,3.6951904296875,71.0,73.0,9.234
1765485351.2044227,99,27,29,43,29,3.694194793701172,71.5,72.5,8.974
1765485351.4054549,99,27,29,43,29,3.694194793701172,71.5,72.5,8.974
1765485351.6066024,57,25,32,14,18,3.6947593688964844,70.5,72.0,7.006
1765485351.8076189,57,25,32,14,18,3.6947593688964844,70.5,72.0,7.006
1765485352.0088382,57,25,32,14,18,3.6947593688964844,70.5,72.0,7.006
1765485352.2099006,99,36,34,28,47,3.694965362548828,71.5,73.0,9.611
1765485352.41112,99,36,34,28,47,3.694965362548828,71.5,73.0,9.611
1765485352.6128037,99,30,19,21,50,3.695178985595703,71.5,73.5,9.391
1765485352.8139968,99,30,19,21,50,3.695178985595703,71.5,73.5,9.391
1765485353.015022,99,30,19,21,50,3.695178985595703,71.5,73.5,9.391
1765485353.2163482,61,30,21,14,18,3.6948013305664062,71.0,72.0,6.469
1765485353.4177089,61,30,21,14,18,3.6948013305664062,71.0,72.0,6.469
1765485353.6188672,99,34,38,31,47,3.6946868896484375,71.5,72.5,8.608
1765485353.8202934,99,34,38,31,47,3.6946868896484375,71.5,72.5,8.608
1765485354.0241525,99,34,38,31,47,3.6946868896484375,71.5,72.5,8.608
1765485354.2252576,99,37,34,48,34,3.6952857971191406,71.5,73.5,9.69
1765485354.4263856,99,37,34,48,34,3.6952857971191406,71.5,73.5,9.69
1765485354.6275182,99,22,14,15,18,3.6941871643066406,71.0,72.0,7.856
1765485354.8286984,99,22,14,15,18,3.6941871643066406,71.0,72.0,7.856
1765485355.0298343,99,22,14,15,18,3.6941871643066406,71.0,72.0,7.856
1765485355.2309985,99,59,41,36,35,3.6951332092285156,71.5,73.0,8.726
1765485355.4325547,99,59,41,36,35,3.6951332092285156,71.5,73.0,8.726
1765485355.6336575,99,34,32,30,36,3.694751739501953,71.0,73.0,8.752
1765485355.8347297,99,34,32,30,36,3.694751739501953,71.0,73.0,8.752
1765485356.036107,99,34,32,30,36,3.694751739501953,71.0,73.0,8.752
1765485356.2373261,99,22,20,20,33,3.69586181640625,71.5,73.5,9.533
1765485356.4386687,99,22,20,20,33,3.69586181640625,71.5,73.5,9.533
1765485356.6400805,99,23,22,38,23,3.6948394775390625,71.5,72.0,8.16
1765485356.8411813,99,23,22,38,23,3.6948394775390625,71.5,72.0,8.16
1765485357.0422237,99,23,22,38,23,3.6948394775390625,71.5,72.0,8.16
1765485357.243274,22,26,24,35,30,3.6946754455566406,71.0,72.5,6.966
1765485357.4444888,22,26,24,35,30,3.6946754455566406,71.0,72.5,6.966
1765485357.6456218,99,34,42,28,26,3.6954917907714844,71.5,72.5,9.131
1765485357.846948,99,34,42,28,26,3.6954917907714844,71.5,72.5,9.131
1765485358.0483325,99,34,42,28,26,3.6954917907714844,71.5,72.5,9.131
1765485358.2495468,99,48,28,38,30,3.695770263671875,71.5,72.5,9.431
1765485358.450859,99,48,28,38,30,3.695770263671875,71.5,72.5,9.431
1765485358.6520662,98,17,19,21,24,3.6949234008789062,70.5,72.0,5.889
1765485358.853365,98,17,19,21,24,3.6949234008789062,70.5,72.0,5.889
1765485359.0544312,98,17,19,21,24,3.6949234008789062,70.5,72.0,5.889
1765485359.2557201,99,35,34,63,33,3.6949310302734375,72.0,72.5,8.909
1765485359.4569294,99,35,34,63,33,3.6949310302734375,72.0,72.5,8.909
1765485359.6584501,99,35,34,63,33,3.6949310302734375,72.0,72.5,8.909
1765485359.859846,99,38,46,36,22,3.6954612731933594,72.0,73.5,9.17
1765485360.0612614,99,38,46,36,22,3.6954612731933594,72.0,73.5,9.17
1765485360.2625682,99,27,22,32,24,3.6950759887695312,71.5,73.0,8.345
1765485360.4638505,99,27,22,32,24,3.6950759887695312,71.5,73.0,8.345
1765485360.6651764,99,64,39,39,40,3.694507598876953,71.5,72.5,8.529
1765485360.8664544,99,64,39,39,40,3.694507598876953,71.5,72.5,8.529
1765485361.0676825,99,64,39,39,40,3.694507598876953,71.5,72.5,8.529
1765485361.268975,99,33,36,37,34,3.6956863403320312,71.0,74.0,8.305
1765485361.4726512,99,33,36,37,34,3.6956863403320312,71.0,74.0,8.305
1765485361.6740239,99,33,36,37,34,3.6956863403320312,71.0,74.0,8.305
1765485361.8752284,99,22,21,19,34,3.6962203979492188,71.5,73.5,8.974
1765485362.0765035,99,22,21,19,34,3.6962203979492188,71.5,73.5,8.974
1765485362.2775557,99,22,32,30,46,3.6952857971191406,71.5,73.0,8.712
1765485362.4786694,99,22,32,30,46,3.6952857971191406,71.5,73.0,8.712
1765485362.6797745,99,22,32,30,46,3.6952857971191406,71.5,73.0,8.712
1765485362.8809826,99,22,18,22,22,3.6954689025878906,71.0,73.0,7.284
1765485363.0820332,99,22,18,22,22,3.6954689025878906,71.0,73.0,7.284
1765485363.2832005,99,34,30,54,40,3.695423126220703,72.0,73.0,9.729
1765485363.484336,99,34,30,54,40,3.695423126220703,72.0,73.0,9.729
1765485363.6852365,99,34,30,54,40,3.695423126220703,72.0,73.0,9.729
1765485363.886635,99,26,19,29,20,3.695415496826172,71.0,72.5,8.673
1765485364.087828,99,26,19,29,20,3.695415496826172,71.0,72.5,8.673
1765485364.2890353,99,24,24,28,22,3.6951370239257812,71.0,72.5,7.591
1765485364.4902053,99,24,24,28,22,3.6951370239257812,71.0,72.5,7.591
1765485364.6912935,99,24,24,28,22,3.6951370239257812,71.0,72.5,7.591
1765485364.8927488,99,32,30,52,24,3.6952972412109375,71.5,72.5,8.371
1765485365.0939012,99,32,30,52,24,3.6952972412109375,71.5,72.5,8.371
1765485365.2951624,99,36,29,41,35,3.6959495544433594,71.5,73.5,9.21
1765485365.4970155,99,36,29,41,35,3.6959495544433594,71.5,73.5,9.21
1765485365.698336,99,36,29,41,35,3.6959495544433594,71.5,73.5,9.21
1765485365.8994856,99,21,16,18,17,3.695404052734375,71.5,72.5,8.226
1765485366.1006594,99,21,16,18,17,3.695404052734375,71.5,72.5,8.226
1765485366.301863,99,44,54,34,52,3.695568084716797,71.5,73.0,8.529
1765485366.5030484,99,44,54,34,52,3.695568084716797,71.5,73.0,8.529
1765485366.7041748,99,44,54,34,52,3.695568084716797,71.5,73.0,8.529
1765485366.9052968,99,28,22,33,23,3.6952857971191406,71.5,73.0,8.147
1765485367.1065738,99,28,22,33,23,3.6952857971191406,71.5,73.0,8.147
1765485367.3087444,99,12,18,31,8,3.6957054138183594,71.5,73.0,8.83
1765485367.510023,99,12,18,31,8,3.6957054138183594,71.5,73.0,8.83
1765485367.7112749,99,12,18,31,8,3.6957054138183594,71.5,73.0,8.83
1765485367.9126282,99,26,42,34,32,3.6955337524414062,71.5,72.5,8.726
1765485368.1141763,99,26,42,34,32,3.6955337524414062,71.5,72.5,8.726
1765485368.3167796,99,33,31,25,27,3.695476531982422,71.0,72.5,7.352
1765485368.5180116,99,33,31,25,27,3.695476531982422,71.0,72.5,7.352
1765485368.719249,99,33,31,25,27,3.695476531982422,71.0,72.5,7.352
1765485368.9205227,99,46,27,25,24,3.6949005126953125,72.0,73.0,9.572
1765485369.1219032,99,46,27,25,24,3.6949005126953125,72.0,73.0,9.572
1765485369.3231785,99,30,35,47,27,3.6958389282226562,71.5,72.5,8.791
1765485369.5244431,99,30,35,47,27,3.6958389282226562,71.5,72.5,8.791
1765485369.72565,99,30,35,47,27,3.6958389282226562,71.5,72.5,8.791
1765485369.9276466,99,22,13,19,21,3.694835662841797,71.5,73.0,7.737
1765485370.1292076,99,22,13,19,21,3.694835662841797,71.5,73.0,7.737
1765485370.3303573,99,44,55,47,52,3.694568634033203,71.5,73.5,9.092
1765485370.5314875,99,44,55,47,52,3.694568634033203,71.5,73.5,9.092
1765485370.7328615,99,44,55,47,52,3.694568634033203,71.5,73.5,9.092
1765485370.9341333,99,25,22,22,31,3.695148468017578,71.5,73.5,8.934
1765485371.1354413,99,25,22,22,31,3.695148468017578,71.5,73.5,8.934
1765485371.336606,99,35,19,32,30,3.695018768310547,72.0,73.5,9.21
1765485371.5379612,99,35,19,32,30,3.695018768310547,72.0,73.5,9.21
1765485371.7395363,99,35,19,32,30,3.695018768310547,72.0,73.5,9.21
1765485371.9407635,99,30,38,36,49,3.694793701171875,72.0,73.0,8.464
1765485372.1420782,99,30,38,36,49,3.694793701171875,72.0,73.0,8.464
1765485372.3482711,99,30,38,36,49,3.694793701171875,72.0,73.0,8.464
1765485372.5494676,99,42,31,39,19,3.69488525390625,71.5,73.0,8.147
1765485372.7507408,99,42,31,39,19,3.69488525390625,71.5,73.0,8.147
1765485372.952095,99,17,33,18,21,3.695758819580078,71.5,73.0,9.21
1765485373.153549,99,17,33,18,21,3.695758819580078,71.5,73.0,9.21
1765485373.3548284,99,17,33,18,21,3.695758819580078,71.5,73.0,9.21
1765485373.556167,99,34,30,40,28,3.6951217651367188,71.5,72.5,8.687
1765485373.7574003,99,34,30,40,28,3.6951217651367188,71.5,72.5,8.687
1765485373.9587452,99,22,22,18,19,3.6945877075195312,71.0,73.0,7.352
1765485374.1601396,99,22,22,18,19,3.6945877075195312,71.0,73.0,7.352
1765485374.3612862,99,22,22,18,19,3.6945877075195312,71.0,73.0,7.352
1765485374.5624309,99,32,58,34,38,3.6950912475585938,72.0,74.0,9.87
1765485374.763561,99,32,58,34,38,3.6950912475585938,72.0,74.0,9.87
1765485374.9646928,99,14,14,12,45,3.694660186767578,71.5,73.0,8.568
1765485375.1658404,99,14,14,12,45,3.694660186767578,71.5,73.0,8.568
1765485375.3669796,99,14,14,12,45,3.694660186767578,71.5,73.0,8.568
1765485375.568945,99,31,28,22,22,3.6947784423828125,71.5,72.5,7.471
1765485375.7701552,99,31,28,22,22,3.6947784423828125,71.5,72.5,7.471
1765485375.9713407,99,23,37,33,48,3.69488525390625,72.0,73.0,8.371
1765485376.1725097,99,23,37,33,48,3.69488525390625,72.0,73.0,8.371
1765485376.3740215,99,23,37,33,48,3.69488525390625,72.0,73.0,8.371
1765485376.5801384,99,33,46,33,36,3.6950454711914062,72.0,73.5,9.17
1765485376.7812397,99,33,46,33,36,3.6950454711914062,72.0,73.5,9.17
1765485376.9822109,99,18,24,16,16,3.6946144104003906,72.0,73.0,8.305
1765485377.1834133,99,18,24,16,16,3.6946144104003906,72.0,73.0,8.305
1765485377.384605,99,18,24,16,16,3.6946144104003906,72.0,73.0,8.305
1765485377.58588,99,40,46,44,52,3.695117950439453,72.0,73.0,8.568
1765485377.786913,99,40,46,44,52,3.695117950439453,72.0,73.0,8.568
1765485377.988141,99,28,34,24,22,3.695209503173828,71.5,73.0,8.042
1765485378.189365,99,28,34,24,22,3.695209503173828,71.5,73.0,8.042
1765485378.3906343,99,28,34,24,22,3.695209503173828,71.5,73.0,8.042
1765485378.5916045,99,33,27,30,38,3.6952667236328125,72.0,73.0,8.909
1765485378.7927485,99,33,27,30,38,3.6952667236328125,72.0,73.0,8.909
1765485378.994053,99,26,54,26,29,3.694538116455078,72.0,73.0,8.752
1765485379.195328,99,26,54,26,29,3.694538116455078,72.0,73.0,8.752
1765485379.396406,99,26,54,26,29,3.694538116455078,72.0,73.0,8.752
1765485379.5974424,7,24,26,30,31,3.6952972412109375,71.0,72.5,6.778
1765485379.7987456,7,24,26,30,31,3.6952972412109375,71.0,72.5,6.778
1765485380.0001643,99,27,20,42,24,3.6955184936523438,72.0,73.0,9.909
1765485380.2017508,99,27,20,42,24,3.6955184936523438,72.0,73.0,9.909
1765485380.402859,99,27,20,42,24,3.6955184936523438,72.0,73.0,9.909
1765485380.6055415,99,35,50,25,26,3.6951255798339844,72.0,72.5,8.712
1765485380.8068554,99,35,50,25,26,3.6951255798339844,72.0,72.5,8.712
1765485381.0083997,99,15,22,15,31,3.6949195861816406,71.5,72.5,8.121
1765485381.2097154,99,15,22,15,31,3.6949195861816406,71.5,72.5,8.121
1765485381.4108663,99,15,22,15,31,3.6949195861816406,71.5,72.5,8.121
1765485381.6120636,99,38,50,42,52,3.6952743530273438,72.0,73.0,8.45
1765485381.8131068,99,38,50,42,52,3.6952743530273438,72.0,73.0,8.45
1765485382.0144272,99,24,27,32,28,3.6953506469726562,71.5,73.5,9.092
1765485382.2155726,99,24,27,32,28,3.6953506469726562,71.5,73.5,9.092
1765485382.4168627,99,24,27,32,28,3.6953506469726562,71.5,73.5,9.092
1765485382.6181524,99,22,24,29,24,3.694915771484375,71.5,72.5,8.568
1765485382.8197422,99,22,24,29,24,3.694915771484375,71.5,72.5,8.568
1765485383.0210392,99,36,53,32,51,3.694202423095703,71.5,73.0,8.87
1765485383.2223413,99,36,53,32,51,3.694202423095703,71.5,73.0,8.87
1765485383.424046,99,36,53,32,51,3.694202423095703,71.5,73.0,8.87
1765485383.625334,90,24,45,32,29,3.694599151611328,71.5,73.0,8.187
1765485383.8264334,90,24,45,32,29,3.694599151611328,71.5,73.0,8.187
1765485384.027506,90,24,45,32,29,3.694599151611328,71.5,73.0,8.187
1765485384.2285364,99,16,36,21,19,3.6952362060546875,72.0,74.0,9.509
1765485384.4299252,99,16,36,21,19,3.6952362060546875,72.0,74.0,9.509
1765485384.6312003,99,45,36,27,26,3.6949195861816406,71.5,73.0,8.752
1765485384.8324146,99,45,36,27,26,3.6949195861816406,71.5,73.0,8.752
1765485385.0364413,99,45,36,27,26,3.6949195861816406,71.5,73.0,8.752
1765485385.237645,65,26,26,30,22,3.6950340270996094,71.5,73.5,7.764
1765485385.4388194,65,26,26,30,22,3.6950340270996094,71.5,73.5,7.764
1765485385.6401012,99,27,30,42,29,3.6960525512695312,72.0,73.5,9.948
1765485385.841228,99,27,30,42,29,3.6960525512695312,72.0,73.5,9.948
1765485386.0423894,99,27,30,42,29,3.6960525512695312,72.0,73.5,9.948
1765485386.2434056,99,22,23,26,50,3.69482421875,72.0,73.0,9.352
1765485386.4446769,99,22,23,26,50,3.69482421875,72.0,73.0,9.352
1765485386.6456852,99,20,20,25,17,3.69482421875,71.5,72.5,7.511
1765485386.8468025,99,20,20,25,17,3.69482421875,71.5,72.5,7.511
1765485387.0482922,99,20,20,25,17,3.69482421875,71.5,72.5,7.511
1765485387.2494767,99,63,32,35,31,3.6950302124023438,72.0,73.5,8.791
1765485387.4507947,99,63,32,35,31,3.6950302124023438,72.0,73.5,8.791
1765485387.6522567,99,30,25,25,42,3.6955909729003906,71.5,73.5,9.131
1765485387.8533735,99,30,25,25,42,3.6955909729003906,71.5,73.5,9.131
1765485388.0545897,99,30,25,25,42,3.6955909729003906,71.5,73.5,9.131
1765485388.255825,99,24,32,18,32,3.694805145263672,72.0,73.0,8.712
1765485388.4570441,99,24,32,18,32,3.694805145263672,72.0,73.0,8.712
1765485388.6582272,99,44,31,47,33,3.694995880126953,72.0,73.0,8.305
1765485388.8594897,99,44,31,47,33,3.694995880126953,72.0,73.0,8.305
1765485389.0605478,99,44,31,47,33,3.694995880126953,72.0,73.0,8.305
1765485389.2617462,99,36,26,22,27,3.695537567138672,71.5,73.5,7.843
1765485389.4632318,99,36,26,22,27,3.695537567138672,71.5,73.5,7.843
1765485389.6646824,99,23,21,34,18,3.6946258544921875,72.0,73.5,8.87
1765485389.8657374,99,23,21,34,18,3.6946258544921875,72.0,73.5,8.87
1765485390.0668557,99,23,21,34,18,3.6946258544921875,72.0,73.5,8.87
1765485390.2680988,99,60,42,32,40,3.694652557373047,72.0,73.5,9.234
1765485390.4693332,99,60,42,32,40,3.694652557373047,72.0,73.5,9.234
1765485390.6704051,54,22,24,18,23,3.6943626403808594,71.0,73.0,6.249
1765485390.8715668,54,22,24,18,23,3.6943626403808594,71.0,73.0,6.249
1765485391.0727303,54,22,24,18,23,3.6943626403808594,71.0,73.0,6.249
1765485391.273997,99,32,24,57,18,3.6951675415039062,72.5,73.5,9.611
1765485391.4752302,99,32,24,57,18,3.6951675415039062,72.5,73.5,9.611
1765485391.6767468,99,46,22,24,20,3.6949691772460938,71.5,73.0,8.752
1765485391.8781717,99,46,22,24,20,3.6949691772460938,71.5,73.0,8.752
1765485392.0793285,99,46,22,24,20,3.6949691772460938,71.5,73.0,8.752
1765485392.2808273,99,19,16,20,33,3.6954421997070312,71.5,73.0,8.121
1765485392.4822385,99,19,16,20,33,3.6954421997070312,71.5,73.0,8.121
1765485392.6835752,99,45,30,44,42,3.6951560974121094,72.5,73.5,8.752
1765485392.88484,99,45,30,44,42,3.6951560974121094,72.5,73.5,8.752
1765485393.0864363,99,45,30,44,42,3.6951560974121094,72.5,73.5,8.752
1765485393.2876036,99,33,26,30,26,3.6952781677246094,71.5,73.5,9.17
1765485393.488789,99,33,26,30,26,3.6952781677246094,71.5,73.5,9.17
1765485393.6905746,99,17,16,29,19,3.6954345703125,71.5,73.0,8.529
1765485393.8921063,99,17,16,29,19,3.6954345703125,71.5,73.0,8.529
1765485394.0932424,99,17,16,29,19,3.6954345703125,71.5,73.0,8.529
1765485394.2944689,99,46,48,48,44,3.6947250366210938,72.0,73.5,8.791
1765485394.4956656,99,46,48,48,44,3.6947250366210938,72.0,73.5,8.791
1765485394.6968668,99,46,48,48,44,3.6947250366210938,72.0,73.5,8.791
1765485394.8982353,99,20,25,18,29,3.695667266845703,72.0,73.5,7.165
1765485395.0996172,99,20,25,18,29,3.695667266845703,72.0,73.5,7.165
1765485395.3008235,99,28,30,16,38,3.69464111328125,72.0,73.0,8.895
1765485395.5021148,99,28,30,16,38,3.69464111328125,72.0,73.0,8.895
1765485395.703239,99,28,30,16,38,3.69464111328125,72.0,73.0,8.895
1765485395.9044526,99,31,29,28,46,3.6948013305664062,72.0,73.5,8.608
1765485396.1056955,99,31,29,28,46,3.6948013305664062,72.0,73.5,8.608
1765485396.3068495,91,35,20,16,30,3.6948890686035156,71.5,72.5,6.749
1765485396.5082839,91,35,20,16,30,3.6948890686035156,71.5,72.5,6.749
1765485396.7102003,91,35,20,16,30,3.6948890686035156,71.5,72.5,6.749
1765485396.9115329,99,33,28,48,20,3.6957931518554688,72.0,73.5,9.831
